n,a,b,orientation,batch,samples,kind,k,count
144,12,0,first,0,2000,minus,49,1
144,12,0,first,0,2000,minus,55,1
144,12,0,first,0,2000,minus,56,1
144,12,0,first,0,2000,minus,57,1
144,12,0,first,0,2000,minus,58,5
144,12,0,first,0,2000,minus,59,4
144,12,0,first,0,2000,minus,60,3
144,12,0,first,0,2000,minus,61,5
144,12,0,first,0,2000,plus,61,1
144,12,0,first,0,2000,minus,62,2
144,12,0,first,0,2000,minus,63,8
144,12,0,first,0,2000,minus,64,5
144,12,0,first,0,2000,minus,65,16
144,12,0,first,0,2000,minus,66,11
144,12,0,first,0,2000,minus,67,24
144,12,0,first,0,2000,minus,68,24
144,12,0,first,0,2000,minus,69,22
144,12,0,first,0,2000,plus,69,3
144,12,0,first,0,2000,minus,70,21
144,12,0,first,0,2000,plus,70,3
144,12,0,first,0,2000,minus,71,35
144,12,0,first,0,2000,plus,71,1
144,12,0,first,0,2000,minus,72,44
144,12,0,first,0,2000,minus,73,52
144,12,0,first,0,2000,plus,73,6
144,12,0,first,0,2000,minus,74,59
144,12,0,first,0,2000,plus,74,5
144,12,0,first,0,2000,minus,75,58
144,12,0,first,0,2000,plus,75,6
144,12,0,first,0,2000,minus,76,99
144,12,0,first,0,2000,plus,76,11
144,12,0,first,0,2000,minus,77,90
144,12,0,first,0,2000,plus,77,14
144,12,0,first,0,2000,minus,78,102
144,12,0,first,0,2000,plus,78,18
144,12,0,first,0,2000,minus,79,125
144,12,0,first,0,2000,plus,79,28
144,12,0,first,0,2000,minus,80,105
144,12,0,first,0,2000,plus,80,33
144,12,0,first,0,2000,minus,81,114
144,12,0,first,0,2000,plus,81,39
144,12,0,first,0,2000,minus,82,103
144,12,0,first,0,2000,plus,82,59
144,12,0,first,0,2000,minus,83,91
144,12,0,first,0,2000,plus,83,74
144,12,0,first,0,2000,minus,84,87
144,12,0,first,0,2000,plus,84,68
144,12,0,first,0,2000,minus,85,93
144,12,0,first,0,2000,plus,85,81
144,12,0,first,0,2000,minus,86,106
144,12,0,first,0,2000,plus,86,97
144,12,0,first,0,2000,minus,87,92
144,12,0,first,0,2000,plus,87,103
144,12,0,first,0,2000,minus,88,90
144,12,0,first,0,2000,plus,88,129
144,12,0,first,0,2000,minus,89,78
144,12,0,first,0,2000,plus,89,116
144,12,0,first,0,2000,minus,90,44
144,12,0,first,0,2000,plus,90,137
144,12,0,first,0,2000,minus,91,45
144,12,0,first,0,2000,plus,91,136
144,12,0,first,0,2000,minus,92,37
144,12,0,first,0,2000,plus,92,128
144,12,0,first,0,2000,minus,93,23
144,12,0,first,0,2000,plus,93,86
144,12,0,first,0,2000,minus,94,19
144,12,0,first,0,2000,plus,94,128
144,12,0,first,0,2000,minus,95,15
144,12,0,first,0,2000,plus,95,75
144,12,0,first,0,2000,minus,96,16
144,12,0,first,0,2000,plus,96,76
144,12,0,first,0,2000,minus,97,8
144,12,0,first,0,2000,plus,97,63
144,12,0,first,0,2000,minus,98,6
144,12,0,first,0,2000,plus,98,48
144,12,0,first,0,2000,minus,99,4
144,12,0,first,0,2000,plus,99,51
144,12,0,first,0,2000,minus,100,1
144,12,0,first,0,2000,plus,100,30
144,12,0,first,0,2000,minus,101,2
144,12,0,first,0,2000,plus,101,35
144,12,0,first,0,2000,minus,102,1
144,12,0,first,0,2000,plus,102,28
144,12,0,first,0,2000,minus,103,1
144,12,0,first,0,2000,plus,103,15
144,12,0,first,0,2000,plus,104,22
144,12,0,first,0,2000,minus,105,1
144,12,0,first,0,2000,plus,105,10
144,12,0,first,0,2000,plus,106,9
144,12,0,first,0,2000,plus,107,7
144,12,0,first,0,2000,plus,108,4
144,12,0,first,0,2000,plus,109,3
144,12,0,first,0,2000,plus,110,4
144,12,0,first,0,2000,plus,111,1
144,12,0,first,0,2000,plus,112,3
144,12,0,first,0,2000,plus,113,1
144,12,0,first,0,2000,plus,114,1
144,12,0,first,0,2000,plus,115,3
144,12,0,first,0,2000,plus,118,1
144,9,0,second,0,2000,minus,41,1
144,9,0,second,0,2000,minus,43,1
144,9,0,second,0,2000,minus,44,1
144,9,0,second,0,2000,minus,45,2
144,9,0,second,0,2000,minus,48,1
144,9,0,second,0,2000,minus,51,3
144,9,0,second,0,2000,minus,52,2
144,9,0,second,0,2000,minus,53,3
144,9,0,second,0,2000,minus,54,2
144,9,0,second,0,2000,minus,55,2
144,9,0,second,0,2000,minus,56,5
144,9,0,second,0,2000,minus,57,4
144,9,0,second,0,2000,minus,58,6
144,9,0,second,0,2000,minus,59,8
144,9,0,second,0,2000,minus,60,13
144,9,0,second,0,2000,minus,61,14
144,9,0,second,0,2000,minus,62,15
144,9,0,second,0,2000,minus,63,16
144,9,0,second,0,2000,minus,64,17
144,9,0,second,0,2000,minus,65,28
144,9,0,second,0,2000,minus,66,29
144,9,0,second,0,2000,minus,67,24
144,9,0,second,0,2000,minus,68,29
144,9,0,second,0,2000,minus,69,34
144,9,0,second,0,2000,plus,69,1
144,9,0,second,0,2000,minus,70,45
144,9,0,second,0,2000,plus,70,2
144,9,0,second,0,2000,minus,71,53
144,9,0,second,0,2000,minus,72,60
144,9,0,second,0,2000,plus,72,3
144,9,0,second,0,2000,minus,73,58
144,9,0,second,0,2000,plus,73,3
144,9,0,second,0,2000,minus,74,71
144,9,0,second,0,2000,plus,74,7
144,9,0,second,0,2000,minus,75,94
144,9,0,second,0,2000,plus,75,6
144,9,0,second,0,2000,minus,76,82
144,9,0,second,0,2000,plus,76,10
144,9,0,second,0,2000,minus,77,88
144,9,0,second,0,2000,plus,77,14
144,9,0,second,0,2000,minus,78,100
144,9,0,second,0,2000,plus,78,14
144,9,0,second,0,2000,minus,79,98
144,9,0,second,0,2000,plus,79,17
144,9,0,second,0,2000,minus,80,88
144,9,0,second,0,2000,plus,80,26
144,9,0,second,0,2000,minus,81,100
144,9,0,second,0,2000,plus,81,40
144,9,0,second,0,2000,minus,82,107
144,9,0,second,0,2000,plus,82,49
144,9,0,second,0,2000,minus,83,96
144,9,0,second,0,2000,plus,83,40
144,9,0,second,0,2000,minus,84,89
144,9,0,second,0,2000,plus,84,76
144,9,0,second,0,2000,minus,85,81
144,9,0,second,0,2000,plus,85,96
144,9,0,second,0,2000,minus,86,76
144,9,0,second,0,2000,plus,86,87
144,9,0,second,0,2000,minus,87,73
144,9,0,second,0,2000,plus,87,85
144,9,0,second,0,2000,minus,88,59
144,9,0,second,0,2000,plus,88,100
144,9,0,second,0,2000,minus,89,58
144,9,0,second,0,2000,plus,89,90
144,9,0,second,0,2000,minus,90,38
144,9,0,second,0,2000,plus,90,114
144,9,0,second,0,2000,minus,91,32
144,9,0,second,0,2000,plus,91,96
144,9,0,second,0,2000,minus,92,32
144,9,0,second,0,2000,plus,92,108
144,9,0,second,0,2000,minus,93,16
144,9,0,second,0,2000,plus,93,111
144,9,0,second,0,2000,minus,94,16
144,9,0,second,0,2000,plus,94,96
144,9,0,second,0,2000,minus,95,8
144,9,0,second,0,2000,plus,95,99
144,9,0,second,0,2000,minus,96,7
144,9,0,second,0,2000,plus,96,75
144,9,0,second,0,2000,minus,97,5
144,9,0,second,0,2000,plus,97,65
144,9,0,second,0,2000,minus,98,6
144,9,0,second,0,2000,plus,98,53
144,9,0,second,0,2000,minus,99,2
144,9,0,second,0,2000,plus,99,66
144,9,0,second,0,2000,plus,100,52
144,9,0,second,0,2000,minus,101,1
144,9,0,second,0,2000,plus,101,39
144,9,0,second,0,2000,minus,102,1
144,9,0,second,0,2000,plus,102,45
144,9,0,second,0,2000,plus,103,30
144,9,0,second,0,2000,plus,104,28
144,9,0,second,0,2000,plus,105,30
144,9,0,second,0,2000,plus,106,19
144,9,0,second,0,2000,plus,107,15
144,9,0,second,0,2000,plus,108,14
144,9,0,second,0,2000,plus,109,17
144,9,0,second,0,2000,plus,110,19
144,9,0,second,0,2000,plus,111,8
144,9,0,second,0,2000,plus,112,10
144,9,0,second,0,2000,plus,113,6
144,9,0,second,0,2000,plus,114,6
144,9,0,second,0,2000,plus,115,4
144,9,0,second,0,2000,plus,116,4
144,9,0,second,0,2000,plus,117,2
144,9,0,second,0,2000,plus,118,1
144,9,0,second,0,2000,plus,120,2
144,12,0,first,1,2000,minus,50,1
144,12,0,first,1,2000,minus,55,1
144,12,0,first,1,2000,minus,56,4
144,12,0,first,1,2000,minus,57,1
144,12,0,first,1,2000,minus,58,1
144,12,0,first,1,2000,minus,59,4
144,12,0,first,1,2000,minus,60,3
144,12,0,first,1,2000,minus,61,5
144,12,0,first,1,2000,plus,61,1
144,12,0,first,1,2000,minus,62,4
144,12,0,first,1,2000,minus,63,4
144,12,0,first,1,2000,minus,64,14
144,12,0,first,1,2000,minus,65,9
144,12,0,first,1,2000,minus,66,14
144,12,0,first,1,2000,minus,67,18
144,12,0,first,1,2000,minus,68,11
144,12,0,first,1,2000,minus,69,31
144,12,0,first,1,2000,minus,70,31
144,12,0,first,1,2000,minus,71,36
144,12,0,first,1,2000,plus,71,1
144,12,0,first,1,2000,minus,72,40
144,12,0,first,1,2000,plus,72,2
144,12,0,first,1,2000,minus,73,53
144,12,0,first,1,2000,plus,73,7
144,12,0,first,1,2000,minus,74,64
144,12,0,first,1,2000,plus,74,5
144,12,0,first,1,2000,minus,75,70
144,12,0,first,1,2000,plus,75,8
144,12,0,first,1,2000,minus,76,87
144,12,0,first,1,2000,plus,76,18
144,12,0,first,1,2000,minus,77,87
144,12,0,first,1,2000,plus,77,26
144,12,0,first,1,2000,minus,78,102
144,12,0,first,1,2000,plus,78,19
144,12,0,first,1,2000,minus,79,107
144,12,0,first,1,2000,plus,79,28
144,12,0,first,1,2000,minus,80,114
144,12,0,first,1,2000,plus,80,38
144,12,0,first,1,2000,minus,81,131
144,12,0,first,1,2000,plus,81,42
144,12,0,first,1,2000,minus,82,97
144,12,0,first,1,2000,plus,82,51
144,12,0,first,1,2000,minus,83,101
144,12,0,first,1,2000,plus,83,52
144,12,0,first,1,2000,minus,84,105
144,12,0,first,1,2000,plus,84,85
144,12,0,first,1,2000,minus,85,94
144,12,0,first,1,2000,plus,85,76
144,12,0,first,1,2000,minus,86,106
144,12,0,first,1,2000,plus,86,100
144,12,0,first,1,2000,minus,87,75
144,12,0,first,1,2000,plus,87,103
144,12,0,first,1,2000,minus,88,64
144,12,0,first,1,2000,plus,88,108
144,12,0,first,1,2000,minus,89,75
144,12,0,first,1,2000,plus,89,135
144,12,0,first,1,2000,minus,90,53
144,12,0,first,1,2000,plus,90,149
144,12,0,first,1,2000,minus,91,48
144,12,0,first,1,2000,plus,91,112
144,12,0,first,1,2000,minus,92,36
144,12,0,first,1,2000,plus,92,101
144,12,0,first,1,2000,minus,93,28
144,12,0,first,1,2000,plus,93,106
144,12,0,first,1,2000,minus,94,23
144,12,0,first,1,2000,plus,94,98
144,12,0,first,1,2000,minus,95,14
144,12,0,first,1,2000,plus,95,92
144,12,0,first,1,2000,minus,96,15
144,12,0,first,1,2000,plus,96,76
144,12,0,first,1,2000,minus,97,5
144,12,0,first,1,2000,plus,97,70
144,12,0,first,1,2000,minus,98,5
144,12,0,first,1,2000,plus,98,52
144,12,0,first,1,2000,minus,99,3
144,12,0,first,1,2000,plus,99,43
144,12,0,first,1,2000,minus,100,3
144,12,0,first,1,2000,plus,100,44
144,12,0,first,1,2000,minus,101,2
144,12,0,first,1,2000,plus,101,30
144,12,0,first,1,2000,plus,102,22
144,12,0,first,1,2000,plus,103,19
144,12,0,first,1,2000,plus,104,14
144,12,0,first,1,2000,plus,105,24
144,12,0,first,1,2000,plus,106,14
144,12,0,first,1,2000,plus,107,6
144,12,0,first,1,2000,plus,108,3
144,12,0,first,1,2000,minus,109,1
144,12,0,first,1,2000,plus,109,6
144,12,0,first,1,2000,plus,110,6
144,12,0,first,1,2000,plus,111,3
144,12,0,first,1,2000,plus,112,1
144,12,0,first,1,2000,plus,113,2
144,12,0,first,1,2000,plus,115,1
144,12,0,first,1,2000,plus,117,1
144,9,0,second,1,2000,minus,43,2
144,9,0,second,1,2000,minus,44,1
144,9,0,second,1,2000,minus,46,1
144,9,0,second,1,2000,minus,48,1
144,9,0,second,1,2000,minus,50,1
144,9,0,second,1,2000,minus,51,2
144,9,0,second,1,2000,minus,52,3
144,9,0,second,1,2000,minus,53,1
144,9,0,second,1,2000,minus,55,9
144,9,0,second,1,2000,minus,56,6
144,9,0,second,1,2000,minus,57,6
144,9,0,second,1,2000,minus,58,8
144,9,0,second,1,2000,minus,59,3
144,9,0,second,1,2000,minus,60,13
144,9,0,second,1,2000,minus,61,11
144,9,0,second,1,2000,minus,62,12
144,9,0,second,1,2000,plus,62,1
144,9,0,second,1,2000,minus,63,11
144,9,0,second,1,2000,minus,64,23
144,9,0,second,1,2000,minus,65,19
144,9,0,second,1,2000,minus,66,30
144,9,0,second,1,2000,minus,67,27
144,9,0,second,1,2000,minus,68,28
144,9,0,second,1,2000,minus,69,33
144,9,0,second,1,2000,plus,69,1
144,9,0,second,1,2000,minus,70,39
144,9,0,second,1,2000,plus,70,2
144,9,0,second,1,2000,minus,71,41
144,9,0,second,1,2000,plus,71,1
144,9,0,second,1,2000,minus,72,57
144,9,0,second,1,2000,plus,72,2
144,9,0,second,1,2000,minus,73,78
144,9,0,second,1,2000,plus,73,3
144,9,0,second,1,2000,minus,74,65
144,9,0,second,1,2000,plus,74,4
144,9,0,second,1,2000,minus,75,75
144,9,0,second,1,2000,plus,75,6
144,9,0,second,1,2000,minus,76,81
144,9,0,second,1,2000,plus,76,12
144,9,0,second,1,2000,minus,77,73
144,9,0,second,1,2000,plus,77,13
144,9,0,second,1,2000,minus,78,84
144,9,0,second,1,2000,plus,78,12
144,9,0,second,1,2000,minus,79,104
144,9,0,second,1,2000,plus,79,17
144,9,0,second,1,2000,minus,80,104
144,9,0,second,1,2000,plus,80,31
144,9,0,second,1,2000,minus,81,92
144,9,0,second,1,2000,plus,81,29
144,9,0,second,1,2000,minus,82,99
144,9,0,second,1,2000,plus,82,43
144,9,0,second,1,2000,minus,83,109
144,9,0,second,1,2000,plus,83,55
144,9,0,second,1,2000,minus,84,101
144,9,0,second,1,2000,plus,84,66
144,9,0,second,1,2000,minus,85,83
144,9,0,second,1,2000,plus,85,76
144,9,0,second,1,2000,minus,86,86
144,9,0,second,1,2000,plus,86,91
144,9,0,second,1,2000,minus,87,73
144,9,0,second,1,2000,plus,87,93
144,9,0,second,1,2000,minus,88,60
144,9,0,second,1,2000,plus,88,87
144,9,0,second,1,2000,minus,89,58
144,9,0,second,1,2000,plus,89,94
144,9,0,second,1,2000,minus,90,43
144,9,0,second,1,2000,plus,90,130
144,9,0,second,1,2000,minus,91,40
144,9,0,second,1,2000,plus,91,110
144,9,0,second,1,2000,minus,92,31
144,9,0,second,1,2000,plus,92,106
144,9,0,second,1,2000,minus,93,25
144,9,0,second,1,2000,plus,93,88
144,9,0,second,1,2000,minus,94,15
144,9,0,second,1,2000,plus,94,88
144,9,0,second,1,2000,minus,95,11
144,9,0,second,1,2000,plus,95,85
144,9,0,second,1,2000,minus,96,7
144,9,0,second,1,2000,plus,96,89
144,9,0,second,1,2000,minus,97,6
144,9,0,second,1,2000,plus,97,72
144,9,0,second,1,2000,minus,98,2
144,9,0,second,1,2000,plus,98,71
144,9,0,second,1,2000,minus,99,6
144,9,0,second,1,2000,plus,99,60
144,9,0,second,1,2000,minus,100,1
144,9,0,second,1,2000,plus,100,62
144,9,0,second,1,2000,plus,101,49
144,9,0,second,1,2000,plus,102,30
144,9,0,second,1,2000,plus,103,41
144,9,0,second,1,2000,plus,104,33
144,9,0,second,1,2000,plus,105,25
144,9,0,second,1,2000,plus,106,19
144,9,0,second,1,2000,plus,107,19
144,9,0,second,1,2000,plus,108,14
144,9,0,second,1,2000,plus,109,16
144,9,0,second,1,2000,plus,110,12
144,9,0,second,1,2000,plus,111,8
144,9,0,second,1,2000,plus,112,13
144,9,0,second,1,2000,plus,113,5
144,9,0,second,1,2000,plus,114,4
144,9,0,second,1,2000,plus,115,3
144,9,0,second,1,2000,plus,116,3
144,9,0,second,1,2000,plus,117,3
144,9,0,second,1,2000,plus,118,2
144,9,0,second,1,2000,plus,119,1
144,12,0,first,2,2000,minus,51,1
144,12,0,first,2,2000,minus,53,1
144,12,0,first,2,2000,minus,54,1
144,12,0,first,2,2000,minus,56,1
144,12,0,first,2,2000,minus,57,2
144,12,0,first,2,2000,minus,58,2
144,12,0,first,2,2000,minus,59,2
144,12,0,first,2,2000,minus,60,5
144,12,0,first,2,2000,minus,61,7
144,12,0,first,2,2000,minus,62,8
144,12,0,first,2,2000,minus,63,8
144,12,0,first,2,2000,minus,64,5
144,12,0,first,2,2000,minus,65,5
144,12,0,first,2,2000,minus,66,13
144,12,0,first,2,2000,minus,67,19
144,12,0,first,2,2000,minus,68,20
144,12,0,first,2,2000,plus,68,1
144,12,0,first,2,2000,minus,69,28
144,12,0,first,2,2000,plus,69,5
144,12,0,first,2,2000,minus,70,30
144,12,0,first,2,2000,plus,70,1
144,12,0,first,2,2000,minus,71,38
144,12,0,first,2,2000,plus,71,1
144,12,0,first,2,2000,minus,72,40
144,12,0,first,2,2000,plus,72,6
144,12,0,first,2,2000,minus,73,61
144,12,0,first,2,2000,plus,73,5
144,12,0,first,2,2000,minus,74,64
144,12,0,first,2,2000,plus,74,5
144,12,0,first,2,2000,minus,75,66
144,12,0,first,2,2000,plus,75,10
144,12,0,first,2,2000,minus,76,91
144,12,0,first,2,2000,plus,76,15
144,12,0,first,2,2000,minus,77,103
144,12,0,first,2,2000,plus,77,13
144,12,0,first,2,2000,minus,78,85
144,12,0,first,2,2000,plus,78,22
144,12,0,first,2,2000,minus,79,98
144,12,0,first,2,2000,plus,79,20
144,12,0,first,2,2000,minus,80,82
144,12,0,first,2,2000,plus,80,33
144,12,0,first,2,2000,minus,81,110
144,12,0,first,2,2000,plus,81,52
144,12,0,first,2,2000,minus,82,97
144,12,0,first,2,2000,plus,82,49
144,12,0,first,2,2000,minus,83,133
144,12,0,first,2,2000,plus,83,59
144,12,0,first,2,2000,minus,84,97
144,12,0,first,2,2000,plus,84,89
144,12,0,first,2,2000,minus,85,100
144,12,0,first,2,2000,plus,85,72
144,12,0,first,2,2000,minus,86,91
144,12,0,first,2,2000,plus,86,110
144,12,0,first,2,2000,minus,87,88
144,12,0,first,2,2000,plus,87,106
144,12,0,first,2,2000,minus,88,77
144,12,0,first,2,2000,plus,88,112
144,12,0,first,2,2000,minus,89,61
144,12,0,first,2,2000,plus,89,114
144,12,0,first,2,2000,minus,90,77
144,12,0,first,2,2000,plus,90,115
144,12,0,first,2,2000,minus,91,41
144,12,0,first,2,2000,plus,91,116
144,12,0,first,2,2000,minus,92,34
144,12,0,first,2,2000,plus,92,114
144,12,0,first,2,2000,minus,93,29
144,12,0,first,2,2000,plus,93,116
144,12,0,first,2,2000,minus,94,25
144,12,0,first,2,2000,plus,94,94
144,12,0,first,2,2000,minus,95,13
144,12,0,first,2,2000,plus,95,96
144,12,0,first,2,2000,minus,96,6
144,12,0,first,2,2000,plus,96,79
144,12,0,first,2,2000,minus,97,11
144,12,0,first,2,2000,plus,97,72
144,12,0,first,2,2000,minus,98,11
144,12,0,first,2,2000,plus,98,58
144,12,0,first,2,2000,minus,99,4
144,12,0,first,2,2000,plus,99,55
144,12,0,first,2,2000,minus,100,4
144,12,0,first,2,2000,plus,100,38
144,12,0,first,2,2000,minus,101,2
144,12,0,first,2,2000,plus,101,26
144,12,0,first,2,2000,minus,102,2
144,12,0,first,2,2000,plus,102,25
144,12,0,first,2,2000,plus,103,19
144,12,0,first,2,2000,minus,104,1
144,12,0,first,2,2000,plus,104,17
144,12,0,first,2,2000,plus,105,11
144,12,0,first,2,2000,plus,106,17
144,12,0,first,2,2000,plus,107,10
144,12,0,first,2,2000,plus,108,7
144,12,0,first,2,2000,plus,109,3
144,12,0,first,2,2000,plus,110,2
144,12,0,first,2,2000,plus,111,1
144,12,0,first,2,2000,plus,112,3
144,12,0,first,2,2000,plus,113,1
144,12,0,first,2,2000,plus,114,2
144,12,0,first,2,2000,plus,117,1
144,12,0,first,2,2000,plus,118,1
144,12,0,first,2,2000,plus,120,1
144,9,0,second,2,2000,minus,48,1
144,9,0,second,2,2000,minus,50,2
144,9,0,second,2,2000,minus,52,3
144,9,0,second,2,2000,minus,54,3
144,9,0,second,2,2000,minus,55,3
144,9,0,second,2,2000,minus,56,7
144,9,0,second,2,2000,minus,57,7
144,9,0,second,2,2000,minus,58,5
144,9,0,second,2,2000,minus,59,7
144,9,0,second,2,2000,minus,60,5
144,9,0,second,2,2000,minus,61,18
144,9,0,second,2,2000,minus,62,12
144,9,0,second,2,2000,minus,63,19
144,9,0,second,2,2000,minus,64,16
144,9,0,second,2,2000,minus,65,19
144,9,0,second,2,2000,minus,66,38
144,9,0,second,2,2000,minus,67,39
144,9,0,second,2,2000,minus,68,35
144,9,0,second,2,2000,minus,69,43
144,9,0,second,2,2000,plus,69,1
144,9,0,second,2,2000,minus,70,36
144,9,0,second,2,2000,plus,70,1
144,9,0,second,2,2000,minus,71,50
144,9,0,second,2,2000,plus,71,2
144,9,0,second,2,2000,minus,72,56
144,9,0,second,2,2000,plus,72,5
144,9,0,second,2,2000,minus,73,64
144,9,0,second,2,2000,plus,73,4
144,9,0,second,2,2000,minus,74,60
144,9,0,second,2,2000,plus,74,1
144,9,0,second,2,2000,minus,75,73
144,9,0,second,2,2000,plus,75,6
144,9,0,second,2,2000,minus,76,83
144,9,0,second,2,2000,plus,76,8
144,9,0,second,2,2000,minus,77,83
144,9,0,second,2,2000,plus,77,13
144,9,0,second,2,2000,minus,78,93
144,9,0,second,2,2000,plus,78,12
144,9,0,second,2,2000,minus,79,88
144,9,0,second,2,2000,plus,79,25
144,9,0,second,2,2000,minus,80,72
144,9,0,second,2,2000,plus,80,25
144,9,0,second,2,2000,minus,81,118
144,9,0,second,2,2000,plus,81,38
144,9,0,second,2,2000,minus,82,104
144,9,0,second,2,2000,plus,82,31
144,9,0,second,2,2000,minus,83,98
144,9,0,second,2,2000,plus,83,47
144,9,0,second,2,2000,minus,84,84
144,9,0,second,2,2000,plus,84,59
144,9,0,second,2,2000,minus,85,74
144,9,0,second,2,2000,plus,85,87
144,9,0,second,2,2000,minus,86,81
144,9,0,second,2,2000,plus,86,76
144,9,0,second,2,2000,minus,87,87
144,9,0,second,2,2000,plus,87,84
144,9,0,second,2,2000,minus,88,62
144,9,0,second,2,2000,plus,88,88
144,9,0,second,2,2000,minus,89,45
144,9,0,second,2,2000,plus,89,84
144,9,0,second,2,2000,minus,90,65
144,9,0,second,2,2000,plus,90,85
144,9,0,second,2,2000,minus,91,34
144,9,0,second,2,2000,plus,91,114
144,9,0,second,2,2000,minus,92,29
144,9,0,second,2,2000,plus,92,102
144,9,0,second,2,2000,minus,93,19
144,9,0,second,2,2000,plus,93,109
144,9,0,second,2,2000,minus,94,24
144,9,0,second,2,2000,plus,94,91
144,9,0,second,2,2000,minus,95,15
144,9,0,second,2,2000,plus,95,100
144,9,0,second,2,2000,minus,96,9
144,9,0,second,2,2000,plus,96,85
144,9,0,second,2,2000,minus,97,2
144,9,0,second,2,2000,plus,97,86
144,9,0,second,2,2000,minus,98,6
144,9,0,second,2,2000,plus,98,89
144,9,0,second,2,2000,minus,99,3
144,9,0,second,2,2000,plus,99,65
144,9,0,second,2,2000,plus,100,50
144,9,0,second,2,2000,minus,101,1
144,9,0,second,2,2000,plus,101,50
144,9,0,second,2,2000,plus,102,49
144,9,0,second,2,2000,plus,103,39
144,9,0,second,2,2000,plus,104,37
144,9,0,second,2,2000,plus,105,24
144,9,0,second,2,2000,plus,106,24
144,9,0,second,2,2000,plus,107,21
144,9,0,second,2,2000,plus,108,22
144,9,0,second,2,2000,plus,109,12
144,9,0,second,2,2000,plus,110,10
144,9,0,second,2,2000,plus,111,7
144,9,0,second,2,2000,plus,112,6
144,9,0,second,2,2000,plus,113,5
144,9,0,second,2,2000,plus,114,4
144,9,0,second,2,2000,plus,115,5
144,9,0,second,2,2000,plus,116,5
144,9,0,second,2,2000,plus,119,2
144,9,0,second,2,2000,plus,120,3
144,9,0,second,2,2000,plus,121,1
144,9,0,second,2,2000,plus,127,1
144,12,0,first,3,2000,minus,49,1
144,12,0,first,3,2000,minus,54,1
144,12,0,first,3,2000,minus,55,1
144,12,0,first,3,2000,minus,56,3
144,12,0,first,3,2000,minus,57,4
144,12,0,first,3,2000,minus,58,4
144,12,0,first,3,2000,minus,59,6
144,12,0,first,3,2000,minus,60,4
144,12,0,first,3,2000,minus,61,4
144,12,0,first,3,2000,minus,62,7
144,12,0,first,3,2000,plus,62,1
144,12,0,first,3,2000,minus,63,5
144,12,0,first,3,2000,minus,64,11
144,12,0,first,3,2000,minus,65,13
144,12,0,first,3,2000,minus,66,17
144,12,0,first,3,2000,minus,67,24
144,12,0,first,3,2000,plus,67,1
144,12,0,first,3,2000,minus,68,18
144,12,0,first,3,2000,minus,69,23
144,12,0,first,3,2000,minus,70,24
144,12,0,first,3,2000,plus,70,1
144,12,0,first,3,2000,minus,71,31
144,12,0,first,3,2000,minus,72,46
144,12,0,first,3,2000,plus,72,1
144,12,0,first,3,2000,minus,73,51
144,12,0,first,3,2000,plus,73,6
144,12,0,first,3,2000,minus,74,51
144,12,0,first,3,2000,plus,74,6
144,12,0,first,3,2000,minus,75,80
144,12,0,first,3,2000,plus,75,11
144,12,0,first,3,2000,minus,76,76
144,12,0,first,3,2000,plus,76,13
144,12,0,first,3,2000,minus,77,77
144,12,0,first,3,2000,plus,77,24
144,12,0,first,3,2000,minus,78,94
144,12,0,first,3,2000,plus,78,18
144,12,0,first,3,2000,minus,79,93
144,12,0,first,3,2000,plus,79,36
144,12,0,first,3,2000,minus,80,111
144,12,0,first,3,2000,plus,80,32
144,12,0,first,3,2000,minus,81,130
144,12,0,first,3,2000,plus,81,40
144,12,0,first,3,2000,minus,82,118
144,12,0,first,3,2000,plus,82,55
144,12,0,first,3,2000,minus,83,106
144,12,0,first,3,2000,plus,83,60
144,12,0,first,3,2000,minus,84,121
144,12,0,first,3,2000,plus,84,79
144,12,0,first,3,2000,minus,85,106
144,12,0,first,3,2000,plus,85,99
144,12,0,first,3,2000,minus,86,87
144,12,0,first,3,2000,plus,86,103
144,12,0,first,3,2000,minus,87,84
144,12,0,first,3,2000,plus,87,106
144,12,0,first,3,2000,minus,88,70
144,12,0,first,3,2000,plus,88,113
144,12,0,first,3,2000,minus,89,62
144,12,0,first,3,2000,plus,89,117
144,12,0,first,3,2000,minus,90,51
144,12,0,first,3,2000,plus,90,100
144,12,0,first,3,2000,minus,91,49
144,12,0,first,3,2000,plus,91,124
144,12,0,first,3,2000,minus,92,28
144,12,0,first,3,2000,plus,92,102
144,12,0,first,3,2000,minus,93,29
144,12,0,first,3,2000,plus,93,113
144,12,0,first,3,2000,minus,94,23
144,12,0,first,3,2000,plus,94,92
144,12,0,first,3,2000,minus,95,11
144,12,0,first,3,2000,plus,95,92
144,12,0,first,3,2000,minus,96,14
144,12,0,first,3,2000,plus,96,72
144,12,0,first,3,2000,minus,97,8
144,12,0,first,3,2000,plus,97,76
144,12,0,first,3,2000,minus,98,7
144,12,0,first,3,2000,plus,98,49
144,12,0,first,3,2000,minus,99,5
144,12,0,first,3,2000,plus,99,67
144,12,0,first,3,2000,minus,100,5
144,12,0,first,3,2000,plus,100,44
144,12,0,first,3,2000,minus,101,2
144,12,0,first,3,2000,plus,101,29
144,12,0,first,3,2000,minus,102,2
144,12,0,first,3,2000,plus,102,22
144,12,0,first,3,2000,plus,103,19
144,12,0,first,3,2000,minus,104,2
144,12,0,first,3,2000,plus,104,16
144,12,0,first,3,2000,plus,105,13
144,12,0,first,3,2000,plus,106,15
144,12,0,first,3,2000,plus,107,10
144,12,0,first,3,2000,plus,108,5
144,12,0,first,3,2000,plus,109,5
144,12,0,first,3,2000,plus,110,7
144,12,0,first,3,2000,plus,111,2
144,12,0,first,3,2000,plus,112,2
144,12,0,first,3,2000,plus,113,2
144,9,0,second,3,2000,minus,33,1
144,9,0,second,3,2000,minus,37,1
144,9,0,second,3,2000,minus,42,1
144,9,0,second,3,2000,minus,45,1
144,9,0,second,3,2000,minus,46,1
144,9,0,second,3,2000,minus,49,1
144,9,0,second,3,2000,minus,50,2
144,9,0,second,3,2000,minus,51,1
144,9,0,second,3,2000,minus,52,7
144,9,0,second,3,2000,minus,53,1
144,9,0,second,3,2000,minus,54,9
144,9,0,second,3,2000,minus,55,3
144,9,0,second,3,2000,minus,56,5
144,9,0,second,3,2000,minus,57,9
144,9,0,second,3,2000,minus,58,2
144,9,0,second,3,2000,minus,59,12
144,9,0,second,3,2000,minus,60,13
144,9,0,second,3,2000,minus,61,6
144,9,0,second,3,2000,minus,62,20
144,9,0,second,3,2000,minus,63,16
144,9,0,second,3,2000,minus,64,22
144,9,0,second,3,2000,minus,65,22
144,9,0,second,3,2000,minus,66,27
144,9,0,second,3,2000,minus,67,36
144,9,0,second,3,2000,minus,68,33
144,9,0,second,3,2000,minus,69,51
144,9,0,second,3,2000,minus,70,44
144,9,0,second,3,2000,plus,70,1
144,9,0,second,3,2000,minus,71,63
144,9,0,second,3,2000,plus,71,4
144,9,0,second,3,2000,minus,72,56
144,9,0,second,3,2000,plus,72,4
144,9,0,second,3,2000,minus,73,73
144,9,0,second,3,2000,plus,73,2
144,9,0,second,3,2000,minus,74,58
144,9,0,second,3,2000,plus,74,4
144,9,0,second,3,2000,minus,75,72
144,9,0,second,3,2000,plus,75,5
144,9,0,second,3,2000,minus,76,82
144,9,0,second,3,2000,plus,76,8
144,9,0,second,3,2000,minus,77,98
144,9,0,second,3,2000,plus,77,13
144,9,0,second,3,2000,minus,78,97
144,9,0,second,3,2000,plus,78,11
144,9,0,second,3,2000,minus,79,88
144,9,0,second,3,2000,plus,79,22
144,9,0,second,3,2000,minus,80,102
144,9,0,second,3,2000,plus,80,33
144,9,0,second,3,2000,minus,81,86
144,9,0,second,3,2000,plus,81,26
144,9,0,second,3,2000,minus,82,101
144,9,0,second,3,2000,plus,82,42
144,9,0,second,3,2000,minus,83,88
144,9,0,second,3,2000,plus,83,51
144,9,0,second,3,2000,minus,84,86
144,9,0,second,3,2000,plus,84,57
144,9,0,second,3,2000,minus,85,94
144,9,0,second,3,2000,plus,85,59
144,9,0,second,3,2000,minus,86,80
144,9,0,second,3,2000,plus,86,80
144,9,0,second,3,2000,minus,87,69
144,9,0,second,3,2000,plus,87,95
144,9,0,second,3,2000,minus,88,50
144,9,0,second,3,2000,plus,88,104
144,9,0,second,3,2000,minus,89,60
144,9,0,second,3,2000,plus,89,121
144,9,0,second,3,2000,minus,90,38
144,9,0,second,3,2000,plus,90,94
144,9,0,second,3,2000,minus,91,27
144,9,0,second,3,2000,plus,91,98
144,9,0,second,3,2000,minus,92,17
144,9,0,second,3,2000,plus,92,104
144,9,0,second,3,2000,minus,93,21
144,9,0,second,3,2000,plus,93,100
144,9,0,second,3,2000,minus,94,9
144,9,0,second,3,2000,plus,94,90
144,9,0,second,3,2000,minus,95,12
144,9,0,second,3,2000,plus,95,93
144,9,0,second,3,2000,minus,96,8
144,9,0,second,3,2000,plus,96,93
144,9,0,second,3,2000,minus,97,7
144,9,0,second,3,2000,plus,97,62
144,9,0,second,3,2000,minus,98,3
144,9,0,second,3,2000,plus,98,75
144,9,0,second,3,2000,minus,99,3
144,9,0,second,3,2000,plus,99,69
144,9,0,second,3,2000,minus,100,2
144,9,0,second,3,2000,plus,100,64
144,9,0,second,3,2000,minus,101,1
144,9,0,second,3,2000,plus,101,69
144,9,0,second,3,2000,minus,102,2
144,9,0,second,3,2000,plus,102,37
144,9,0,second,3,2000,plus,103,43
144,9,0,second,3,2000,plus,104,26
144,9,0,second,3,2000,plus,105,20
144,9,0,second,3,2000,plus,106,24
144,9,0,second,3,2000,plus,107,22
144,9,0,second,3,2000,plus,108,18
144,9,0,second,3,2000,plus,109,14
144,9,0,second,3,2000,plus,110,11
144,9,0,second,3,2000,plus,111,12
144,9,0,second,3,2000,plus,112,5
144,9,0,second,3,2000,plus,113,5
144,9,0,second,3,2000,plus,114,1
144,9,0,second,3,2000,plus,115,2
144,9,0,second,3,2000,plus,116,3
144,9,0,second,3,2000,plus,118,1
144,9,0,second,3,2000,plus,119,2
144,9,0,second,3,2000,plus,124,1
144,12,0,first,4,2000,minus,54,2
144,12,0,first,4,2000,minus,55,1
144,12,0,first,4,2000,minus,57,1
144,12,0,first,4,2000,minus,58,2
144,12,0,first,4,2000,minus,59,2
144,12,0,first,4,2000,minus,60,1
144,12,0,first,4,2000,minus,61,3
144,12,0,first,4,2000,minus,62,9
144,12,0,first,4,2000,minus,63,7
144,12,0,first,4,2000,minus,64,7
144,12,0,first,4,2000,minus,65,6
144,12,0,first,4,2000,minus,66,18
144,12,0,first,4,2000,minus,67,21
144,12,0,first,4,2000,minus,68,26
144,12,0,first,4,2000,plus,68,1
144,12,0,first,4,2000,minus,69,22
144,12,0,first,4,2000,plus,69,1
144,12,0,first,4,2000,minus,70,20
144,12,0,first,4,2000,plus,70,1
144,12,0,first,4,2000,minus,71,35
144,12,0,first,4,2000,plus,71,1
144,12,0,first,4,2000,minus,72,52
144,12,0,first,4,2000,plus,72,3
144,12,0,first,4,2000,minus,73,64
144,12,0,first,4,2000,plus,73,6
144,12,0,first,4,2000,minus,74,67
144,12,0,first,4,2000,plus,74,8
144,12,0,first,4,2000,minus,75,64
144,12,0,first,4,2000,plus,75,7
144,12,0,first,4,2000,minus,76,81
144,12,0,first,4,2000,plus,76,11
144,12,0,first,4,2000,minus,77,78
144,12,0,first,4,2000,plus,77,13
144,12,0,first,4,2000,minus,78,108
144,12,0,first,4,2000,plus,78,15
144,12,0,first,4,2000,minus,79,97
144,12,0,first,4,2000,plus,79,26
144,12,0,first,4,2000,minus,80,116
144,12,0,first,4,2000,plus,80,32
144,12,0,first,4,2000,minus,81,119
144,12,0,first,4,2000,plus,81,47
144,12,0,first,4,2000,minus,82,104
144,12,0,first,4,2000,plus,82,58
144,12,0,first,4,2000,minus,83,118
144,12,0,first,4,2000,plus,83,52
144,12,0,first,4,2000,minus,84,100
144,12,0,first,4,2000,plus,84,85
144,12,0,first,4,2000,minus,85,103
144,12,0,first,4,2000,plus,85,85
144,12,0,first,4,2000,minus,86,92
144,12,0,first,4,2000,plus,86,111
144,12,0,first,4,2000,minus,87,111
144,12,0,first,4,2000,plus,87,112
144,12,0,first,4,2000,minus,88,79
144,12,0,first,4,2000,plus,88,148
144,12,0,first,4,2000,minus,89,52
144,12,0,first,4,2000,plus,89,102
144,12,0,first,4,2000,minus,90,51
144,12,0,first,4,2000,plus,90,131
144,12,0,first,4,2000,minus,91,51
144,12,0,first,4,2000,plus,91,125
144,12,0,first,4,2000,minus,92,22
144,12,0,first,4,2000,plus,92,117
144,12,0,first,4,2000,minus,93,28
144,12,0,first,4,2000,plus,93,93
144,12,0,first,4,2000,minus,94,17
144,12,0,first,4,2000,plus,94,84
144,12,0,first,4,2000,minus,95,15
144,12,0,first,4,2000,plus,95,87
144,12,0,first,4,2000,minus,96,7
144,12,0,first,4,2000,plus,96,79
144,12,0,first,4,2000,minus,97,5
144,12,0,first,4,2000,plus,97,69
144,12,0,first,4,2000,minus,98,2
144,12,0,first,4,2000,plus,98,51
144,12,0,first,4,2000,minus,99,6
144,12,0,first,4,2000,plus,99,45
144,12,0,first,4,2000,minus,100,2
144,12,0,first,4,2000,plus,100,46
144,12,0,first,4,2000,minus,101,2
144,12,0,first,4,2000,plus,101,27
144,12,0,first,4,2000,minus,102,1
144,12,0,first,4,2000,plus,102,34
144,12,0,first,4,2000,minus,103,3
144,12,0,first,4,2000,plus,103,23
144,12,0,first,4,2000,plus,104,14
144,12,0,first,4,2000,plus,105,12
144,12,0,first,4,2000,plus,106,13
144,12,0,first,4,2000,plus,107,9
144,12,0,first,4,2000,plus,108,9
144,12,0,first,4,2000,plus,109,3
144,12,0,first,4,2000,plus,110,2
144,12,0,first,4,2000,plus,112,1
144,12,0,first,4,2000,plus,118,1
144,9,0,second,4,2000,minus,44,1
144,9,0,second,4,2000,minus,45,1
144,9,0,second,4,2000,minus,46,1
144,9,0,second,4,2000,minus,48,2
144,9,0,second,4,2000,minus,49,3
144,9,0,second,4,2000,minus,50,1
144,9,0,second,4,2000,minus,51,2
144,9,0,second,4,2000,minus,52,2
144,9,0,second,4,2000,minus,53,3
144,9,0,second,4,2000,minus,54,4
144,9,0,second,4,2000,minus,55,7
144,9,0,second,4,2000,minus,56,6
144,9,0,second,4,2000,minus,57,5
144,9,0,second,4,2000,minus,58,7
144,9,0,second,4,2000,minus,59,5
144,9,0,second,4,2000,minus,60,16
144,9,0,second,4,2000,minus,61,8
144,9,0,second,4,2000,minus,62,16
144,9,0,second,4,2000,minus,63,14
144,9,0,second,4,2000,minus,64,30
144,9,0,second,4,2000,minus,65,33
144,9,0,second,4,2000,minus,66,34
144,9,0,second,4,2000,minus,67,35
144,9,0,second,4,2000,minus,68,40
144,9,0,second,4,2000,minus,69,30
144,9,0,second,4,2000,minus,70,52
144,9,0,second,4,2000,plus,70,1
144,9,0,second,4,2000,minus,71,39
144,9,0,second,4,2000,minus,72,60
144,9,0,second,4,2000,plus,72,3
144,9,0,second,4,2000,minus,73,61
144,9,0,second,4,2000,plus,73,2
144,9,0,second,4,2000,minus,74,59
144,9,0,second,4,2000,plus,74,2
144,9,0,second,4,2000,minus,75,69
144,9,0,second,4,2000,plus,75,4
144,9,0,second,4,2000,minus,76,81
144,9,0,second,4,2000,plus,76,4
144,9,0,second,4,2000,minus,77,93
144,9,0,second,4,2000,plus,77,5
144,9,0,second,4,2000,minus,78,91
144,9,0,second,4,2000,plus,78,18
144,9,0,second,4,2000,minus,79,106
144,9,0,second,4,2000,plus,79,19
144,9,0,second,4,2000,minus,80,115
144,9,0,second,4,2000,plus,80,30
144,9,0,second,4,2000,minus,81,91
144,9,0,second,4,2000,plus,81,31
144,9,0,second,4,2000,minus,82,99
144,9,0,second,4,2000,plus,82,44
144,9,0,second,4,2000,minus,83,84
144,9,0,second,4,2000,plus,83,59
144,9,0,second,4,2000,minus,84,90
144,9,0,second,4,2000,plus,84,60
144,9,0,second,4,2000,minus,85,90
144,9,0,second,4,2000,plus,85,79
144,9,0,second,4,2000,minus,86,79
144,9,0,second,4,2000,plus,86,82
144,9,0,second,4,2000,minus,87,49
144,9,0,second,4,2000,plus,87,95
144,9,0,second,4,2000,minus,88,59
144,9,0,second,4,2000,plus,88,94
144,9,0,second,4,2000,minus,89,57
144,9,0,second,4,2000,plus,89,110
144,9,0,second,4,2000,minus,90,52
144,9,0,second,4,2000,plus,90,118
144,9,0,second,4,2000,minus,91,37
144,9,0,second,4,2000,plus,91,107
144,9,0,second,4,2000,minus,92,24
144,9,0,second,4,2000,plus,92,99
144,9,0,second,4,2000,minus,93,16
144,9,0,second,4,2000,plus,93,103
144,9,0,second,4,2000,minus,94,13
144,9,0,second,4,2000,plus,94,102
144,9,0,second,4,2000,minus,95,13
144,9,0,second,4,2000,plus,95,88
144,9,0,second,4,2000,minus,96,6
144,9,0,second,4,2000,plus,96,90
144,9,0,second,4,2000,minus,97,6
144,9,0,second,4,2000,plus,97,82
144,9,0,second,4,2000,minus,98,1
144,9,0,second,4,2000,plus,98,62
144,9,0,second,4,2000,minus,99,2
144,9,0,second,4,2000,plus,99,67
144,9,0,second,4,2000,plus,100,45
144,9,0,second,4,2000,plus,101,39
144,9,0,second,4,2000,plus,102,49
144,9,0,second,4,2000,plus,103,33
144,9,0,second,4,2000,plus,104,26
144,9,0,second,4,2000,plus,105,34
144,9,0,second,4,2000,plus,106,25
144,9,0,second,4,2000,plus,107,19
144,9,0,second,4,2000,plus,108,8
144,9,0,second,4,2000,plus,109,14
144,9,0,second,4,2000,plus,110,13
144,9,0,second,4,2000,plus,111,8
144,9,0,second,4,2000,plus,112,10
144,9,0,second,4,2000,plus,113,4
144,9,0,second,4,2000,plus,114,5
144,9,0,second,4,2000,plus,115,2
144,9,0,second,4,2000,plus,116,4
144,9,0,second,4,2000,plus,117,1
144,9,0,second,4,2000,plus,119,1
144,12,0,first,5,2000,minus,48,1
144,12,0,first,5,2000,minus,52,1
144,12,0,first,5,2000,minus,55,1
144,12,0,first,5,2000,minus,56,3
144,12,0,first,5,2000,minus,57,1
144,12,0,first,5,2000,minus,58,1
144,12,0,first,5,2000,minus,59,4
144,12,0,first,5,2000,minus,60,2
144,12,0,first,5,2000,minus,61,2
144,12,0,first,5,2000,minus,62,4
144,12,0,first,5,2000,minus,63,6
144,12,0,first,5,2000,minus,64,11
144,12,0,first,5,2000,minus,65,4
144,12,0,first,5,2000,minus,66,6
144,12,0,first,5,2000,minus,67,12
144,12,0,first,5,2000,plus,67,1
144,12,0,first,5,2000,minus,68,18
144,12,0,first,5,2000,minus,69,29
144,12,0,first,5,2000,plus,69,2
144,12,0,first,5,2000,minus,70,38
144,12,0,first,5,2000,plus,70,3
144,12,0,first,5,2000,minus,71,40
144,12,0,first,5,2000,plus,71,3
144,12,0,first,5,2000,minus,72,35
144,12,0,first,5,2000,plus,72,4
144,12,0,first,5,2000,minus,73,66
144,12,0,first,5,2000,plus,73,7
144,12,0,first,5,2000,minus,74,60
144,12,0,first,5,2000,plus,74,3
144,12,0,first,5,2000,minus,75,62
144,12,0,first,5,2000,plus,75,9
144,12,0,first,5,2000,minus,76,74
144,12,0,first,5,2000,plus,76,12
144,12,0,first,5,2000,minus,77,77
144,12,0,first,5,2000,plus,77,17
144,12,0,first,5,2000,minus,78,92
144,12,0,first,5,2000,plus,78,27
144,12,0,first,5,2000,minus,79,115
144,12,0,first,5,2000,plus,79,18
144,12,0,first,5,2000,minus,80,104
144,12,0,first,5,2000,plus,80,42
144,12,0,first,5,2000,minus,81,113
144,12,0,first,5,2000,plus,81,49
144,12,0,first,5,2000,minus,82,119
144,12,0,first,5,2000,plus,82,52
144,12,0,first,5,2000,minus,83,94
144,12,0,first,5,2000,plus,83,80
144,12,0,first,5,2000,minus,84,135
144,12,0,first,5,2000,plus,84,75
144,12,0,first,5,2000,minus,85,96
144,12,0,first,5,2000,plus,85,86
144,12,0,first,5,2000,minus,86,100
144,12,0,first,5,2000,plus,86,118
144,12,0,first,5,2000,minus,87,89
144,12,0,first,5,2000,plus,87,108
144,12,0,first,5,2000,minus,88,84
144,12,0,first,5,2000,plus,88,109
144,12,0,first,5,2000,minus,89,66
144,12,0,first,5,2000,plus,89,114
144,12,0,first,5,2000,minus,90,61
144,12,0,first,5,2000,plus,90,115
144,12,0,first,5,2000,minus,91,42
144,12,0,first,5,2000,plus,91,109
144,12,0,first,5,2000,minus,92,45
144,12,0,first,5,2000,plus,92,102
144,12,0,first,5,2000,minus,93,28
144,12,0,first,5,2000,plus,93,102
144,12,0,first,5,2000,minus,94,18
144,12,0,first,5,2000,plus,94,89
144,12,0,first,5,2000,minus,95,9
144,12,0,first,5,2000,plus,95,87
144,12,0,first,5,2000,minus,96,12
144,12,0,first,5,2000,plus,96,72
144,12,0,first,5,2000,minus,97,5
144,12,0,first,5,2000,plus,97,89
144,12,0,first,5,2000,minus,98,7
144,12,0,first,5,2000,plus,98,56
144,12,0,first,5,2000,minus,99,2
144,12,0,first,5,2000,plus,99,46
144,12,0,first,5,2000,minus,100,1
144,12,0,first,5,2000,plus,100,48
144,12,0,first,5,2000,minus,101,2
144,12,0,first,5,2000,plus,101,25
144,12,0,first,5,2000,minus,102,2
144,12,0,first,5,2000,plus,102,27
144,12,0,first,5,2000,plus,103,15
144,12,0,first,5,2000,plus,104,23
144,12,0,first,5,2000,plus,105,17
144,12,0,first,5,2000,minus,106,1
144,12,0,first,5,2000,plus,106,10
144,12,0,first,5,2000,plus,107,9
144,12,0,first,5,2000,plus,108,4
144,12,0,first,5,2000,plus,109,6
144,12,0,first,5,2000,plus,110,2
144,12,0,first,5,2000,plus,111,4
144,12,0,first,5,2000,plus,112,2
144,12,0,first,5,2000,plus,113,1
144,12,0,first,5,2000,plus,122,1
144,9,0,second,5,2000,minus,45,1
144,9,0,second,5,2000,minus,46,1
144,9,0,second,5,2000,minus,48,2
144,9,0,second,5,2000,minus,49,2
144,9,0,second,5,2000,minus,50,2
144,9,0,second,5,2000,minus,51,4
144,9,0,second,5,2000,minus,53,4
144,9,0,second,5,2000,minus,54,4
144,9,0,second,5,2000,minus,55,3
144,9,0,second,5,2000,minus,56,5
144,9,0,second,5,2000,minus,57,6
144,9,0,second,5,2000,minus,58,5
144,9,0,second,5,2000,minus,59,11
144,9,0,second,5,2000,minus,60,6
144,9,0,second,5,2000,minus,61,11
144,9,0,second,5,2000,minus,62,11
144,9,0,second,5,2000,minus,63,10
144,9,0,second,5,2000,minus,64,20
144,9,0,second,5,2000,minus,65,15
144,9,0,second,5,2000,minus,66,32
144,9,0,second,5,2000,plus,66,1
144,9,0,second,5,2000,minus,67,26
144,9,0,second,5,2000,plus,67,1
144,9,0,second,5,2000,minus,68,35
144,9,0,second,5,2000,minus,69,31
144,9,0,second,5,2000,minus,70,42
144,9,0,second,5,2000,minus,71,56
144,9,0,second,5,2000,plus,71,2
144,9,0,second,5,2000,minus,72,55
144,9,0,second,5,2000,plus,72,1
144,9,0,second,5,2000,minus,73,56
144,9,0,second,5,2000,plus,73,4
144,9,0,second,5,2000,minus,74,79
144,9,0,second,5,2000,plus,74,7
144,9,0,second,5,2000,minus,75,90
144,9,0,second,5,2000,plus,75,2
144,9,0,second,5,2000,minus,76,101
144,9,0,second,5,2000,plus,76,10
144,9,0,second,5,2000,minus,77,106
144,9,0,second,5,2000,plus,77,18
144,9,0,second,5,2000,minus,78,90
144,9,0,second,5,2000,plus,78,23
144,9,0,second,5,2000,minus,79,96
144,9,0,second,5,2000,plus,79,26
144,9,0,second,5,2000,minus,80,103
144,9,0,second,5,2000,plus,80,22
144,9,0,second,5,2000,minus,81,91
144,9,0,second,5,2000,plus,81,38
144,9,0,second,5,2000,minus,82,94
144,9,0,second,5,2000,plus,82,48
144,9,0,second,5,2000,minus,83,80
144,9,0,second,5,2000,plus,83,53
144,9,0,second,5,2000,minus,84,66
144,9,0,second,5,2000,plus,84,80
144,9,0,second,5,2000,minus,85,93
144,9,0,second,5,2000,plus,85,72
144,9,0,second,5,2000,minus,86,83
144,9,0,second,5,2000,plus,86,67
144,9,0,second,5,2000,minus,87,68
144,9,0,second,5,2000,plus,87,88
144,9,0,second,5,2000,minus,88,57
144,9,0,second,5,2000,plus,88,73
144,9,0,second,5,2000,minus,89,67
144,9,0,second,5,2000,plus,89,99
144,9,0,second,5,2000,minus,90,40
144,9,0,second,5,2000,plus,90,102
144,9,0,second,5,2000,minus,91,45
144,9,0,second,5,2000,plus,91,106
144,9,0,second,5,2000,minus,92,26
144,9,0,second,5,2000,plus,92,95
144,9,0,second,5,2000,minus,93,22
144,9,0,second,5,2000,plus,93,110
144,9,0,second,5,2000,minus,94,17
144,9,0,second,5,2000,plus,94,101
144,9,0,second,5,2000,minus,95,14
144,9,0,second,5,2000,plus,95,81
144,9,0,second,5,2000,minus,96,4
144,9,0,second,5,2000,plus,96,95
144,9,0,second,5,2000,minus,97,2
144,9,0,second,5,2000,plus,97,81
144,9,0,second,5,2000,minus,98,5
144,9,0,second,5,2000,plus,98,71
144,9,0,second,5,2000,minus,99,2
144,9,0,second,5,2000,plus,99,69
144,9,0,second,5,2000,minus,100,1
144,9,0,second,5,2000,plus,100,55
144,9,0,second,5,2000,minus,101,1
144,9,0,second,5,2000,plus,101,52
144,9,0,second,5,2000,plus,102,42
144,9,0,second,5,2000,plus,103,35
144,9,0,second,5,2000,plus,104,26
144,9,0,second,5,2000,minus,105,1
144,9,0,second,5,2000,plus,105,25
144,9,0,second,5,2000,plus,106,24
144,9,0,second,5,2000,plus,107,20
144,9,0,second,5,2000,plus,108,8
144,9,0,second,5,2000,plus,109,8
144,9,0,second,5,2000,plus,110,12
144,9,0,second,5,2000,plus,111,14
144,9,0,second,5,2000,plus,112,10
144,9,0,second,5,2000,plus,113,6
144,9,0,second,5,2000,plus,114,2
144,9,0,second,5,2000,plus,115,4
144,9,0,second,5,2000,plus,116,3
144,9,0,second,5,2000,plus,117,4
144,9,0,second,5,2000,plus,120,1
144,9,0,second,5,2000,plus,121,1
144,9,0,second,5,2000,plus,122,1
144,9,0,second,5,2000,plus,124,1
144,12,0,first,6,2000,minus,49,1
144,12,0,first,6,2000,minus,52,1
144,12,0,first,6,2000,minus,55,2
144,12,0,first,6,2000,minus,58,5
144,12,0,first,6,2000,minus,59,2
144,12,0,first,6,2000,minus,60,3
144,12,0,first,6,2000,minus,61,7
144,12,0,first,6,2000,minus,62,5
144,12,0,first,6,2000,minus,63,5
144,12,0,first,6,2000,minus,64,8
144,12,0,first,6,2000,minus,65,7
144,12,0,first,6,2000,minus,66,14
144,12,0,first,6,2000,minus,67,17
144,12,0,first,6,2000,minus,68,32
144,12,0,first,6,2000,plus,68,1
144,12,0,first,6,2000,minus,69,26
144,12,0,first,6,2000,plus,69,1
144,12,0,first,6,2000,minus,70,27
144,12,0,first,6,2000,plus,70,2
144,12,0,first,6,2000,minus,71,40
144,12,0,first,6,2000,plus,71,3
144,12,0,first,6,2000,minus,72,51
144,12,0,first,6,2000,plus,72,2
144,12,0,first,6,2000,minus,73,57
144,12,0,first,6,2000,plus,73,2
144,12,0,first,6,2000,minus,74,71
144,12,0,first,6,2000,plus,74,2
144,12,0,first,6,2000,minus,75,86
144,12,0,first,6,2000,plus,75,14
144,12,0,first,6,2000,minus,76,69
144,12,0,first,6,2000,plus,76,14
144,12,0,first,6,2000,minus,77,78
144,12,0,first,6,2000,plus,77,18
144,12,0,first,6,2000,minus,78,86
144,12,0,first,6,2000,plus,78,16
144,12,0,first,6,2000,minus,79,105
144,12,0,first,6,2000,plus,79,37
144,12,0,first,6,2000,minus,80,137
144,12,0,first,6,2000,plus,80,31
144,12,0,first,6,2000,minus,81,114
144,12,0,first,6,2000,plus,81,42
144,12,0,first,6,2000,minus,82,116
144,12,0,first,6,2000,plus,82,62
144,12,0,first,6,2000,minus,83,113
144,12,0,first,6,2000,plus,83,68
144,12,0,first,6,2000,minus,84,97
144,12,0,first,6,2000,plus,84,79
144,12,0,first,6,2000,minus,85,105
144,12,0,first,6,2000,plus,85,85
144,12,0,first,6,2000,minus,86,95
144,12,0,first,6,2000,plus,86,104
144,12,0,first,6,2000,minus,87,65
144,12,0,first,6,2000,plus,87,116
144,12,0,first,6,2000,minus,88,74
144,12,0,first,6,2000,plus,88,107
144,12,0,first,6,2000,minus,89,56
144,12,0,first,6,2000,plus,89,98
144,12,0,first,6,2000,minus,90,50
144,12,0,first,6,2000,plus,90,125
144,12,0,first,6,2000,minus,91,37
144,12,0,first,6,2000,plus,91,107
144,12,0,first,6,2000,minus,92,28
144,12,0,first,6,2000,plus,92,117
144,12,0,first,6,2000,minus,93,28
144,12,0,first,6,2000,plus,93,103
144,12,0,first,6,2000,minus,94,22
144,12,0,first,6,2000,plus,94,101
144,12,0,first,6,2000,minus,95,17
144,12,0,first,6,2000,plus,95,91
144,12,0,first,6,2000,minus,96,15
144,12,0,first,6,2000,plus,96,73
144,12,0,first,6,2000,minus,97,12
144,12,0,first,6,2000,plus,97,72
144,12,0,first,6,2000,minus,98,5
144,12,0,first,6,2000,plus,98,64
144,12,0,first,6,2000,minus,99,1
144,12,0,first,6,2000,plus,99,45
144,12,0,first,6,2000,minus,100,3
144,12,0,first,6,2000,plus,100,46
144,12,0,first,6,2000,minus,101,2
144,12,0,first,6,2000,plus,101,31
144,12,0,first,6,2000,minus,102,1
144,12,0,first,6,2000,plus,102,28
144,12,0,first,6,2000,minus,103,1
144,12,0,first,6,2000,plus,103,26
144,12,0,first,6,2000,minus,104,1
144,12,0,first,6,2000,plus,104,15
144,12,0,first,6,2000,plus,105,15
144,12,0,first,6,2000,plus,106,10
144,12,0,first,6,2000,plus,107,11
144,12,0,first,6,2000,plus,108,6
144,12,0,first,6,2000,plus,109,6
144,12,0,first,6,2000,plus,110,1
144,12,0,first,6,2000,plus,111,2
144,12,0,first,6,2000,plus,112,1
144,9,0,second,6,2000,minus,41,1
144,9,0,second,6,2000,minus,46,2
144,9,0,second,6,2000,minus,47,1
144,9,0,second,6,2000,minus,49,2
144,9,0,second,6,2000,minus,50,1
144,9,0,second,6,2000,minus,51,2
144,9,0,second,6,2000,minus,52,4
144,9,0,second,6,2000,minus,53,2
144,9,0,second,6,2000,minus,54,4
144,9,0,second,6,2000,minus,55,2
144,9,0,second,6,2000,minus,56,6
144,9,0,second,6,2000,minus,57,5
144,9,0,second,6,2000,minus,58,9
144,9,0,second,6,2000,minus,59,9
144,9,0,second,6,2000,minus,60,15
144,9,0,second,6,2000,minus,61,9
144,9,0,second,6,2000,minus,62,15
144,9,0,second,6,2000,minus,63,13
144,9,0,second,6,2000,minus,64,18
144,9,0,second,6,2000,minus,65,18
144,9,0,second,6,2000,minus,66,25
144,9,0,second,6,2000,minus,67,39
144,9,0,second,6,2000,plus,67,1
144,9,0,second,6,2000,minus,68,27
144,9,0,second,6,2000,minus,69,39
144,9,0,second,6,2000,plus,69,1
144,9,0,second,6,2000,minus,70,41
144,9,0,second,6,2000,minus,71,58
144,9,0,second,6,2000,plus,71,3
144,9,0,second,6,2000,minus,72,52
144,9,0,second,6,2000,plus,72,1
144,9,0,second,6,2000,minus,73,69
144,9,0,second,6,2000,plus,73,1
144,9,0,second,6,2000,minus,74,80
144,9,0,second,6,2000,plus,74,5
144,9,0,second,6,2000,minus,75,78
144,9,0,second,6,2000,plus,75,7
144,9,0,second,6,2000,minus,76,80
144,9,0,second,6,2000,plus,76,9
144,9,0,second,6,2000,minus,77,86
144,9,0,second,6,2000,plus,77,14
144,9,0,second,6,2000,minus,78,81
144,9,0,second,6,2000,plus,78,16
144,9,0,second,6,2000,minus,79,106
144,9,0,second,6,2000,plus,79,27
144,9,0,second,6,2000,minus,80,90
144,9,0,second,6,2000,plus,80,31
144,9,0,second,6,2000,minus,81,94
144,9,0,second,6,2000,plus,81,34
144,9,0,second,6,2000,minus,82,82
144,9,0,second,6,2000,plus,82,44
144,9,0,second,6,2000,minus,83,83
144,9,0,second,6,2000,plus,83,46
144,9,0,second,6,2000,minus,84,100
144,9,0,second,6,2000,plus,84,49
144,9,0,second,6,2000,minus,85,96
144,9,0,second,6,2000,plus,85,65
144,9,0,second,6,2000,minus,86,72
144,9,0,second,6,2000,plus,86,77
144,9,0,second,6,2000,minus,87,75
144,9,0,second,6,2000,plus,87,78
144,9,0,second,6,2000,minus,88,68
144,9,0,second,6,2000,plus,88,93
144,9,0,second,6,2000,minus,89,59
144,9,0,second,6,2000,plus,89,102
144,9,0,second,6,2000,minus,90,48
144,9,0,second,6,2000,plus,90,104
144,9,0,second,6,2000,minus,91,47
144,9,0,second,6,2000,plus,91,106
144,9,0,second,6,2000,minus,92,31
144,9,0,second,6,2000,plus,92,111
144,9,0,second,6,2000,minus,93,17
144,9,0,second,6,2000,plus,93,97
144,9,0,second,6,2000,minus,94,17
144,9,0,second,6,2000,plus,94,114
144,9,0,second,6,2000,minus,95,3
144,9,0,second,6,2000,plus,95,83
144,9,0,second,6,2000,minus,96,6
144,9,0,second,6,2000,plus,96,92
144,9,0,second,6,2000,minus,97,1
144,9,0,second,6,2000,plus,97,80
144,9,0,second,6,2000,minus,98,1
144,9,0,second,6,2000,plus,98,56
144,9,0,second,6,2000,minus,99,6
144,9,0,second,6,2000,plus,99,77
144,9,0,second,6,2000,minus,100,4
144,9,0,second,6,2000,plus,100,54
144,9,0,second,6,2000,minus,101,1
144,9,0,second,6,2000,plus,101,54
144,9,0,second,6,2000,plus,102,45
144,9,0,second,6,2000,plus,103,43
144,9,0,second,6,2000,plus,104,26
144,9,0,second,6,2000,plus,105,28
144,9,0,second,6,2000,plus,106,26
144,9,0,second,6,2000,plus,107,20
144,9,0,second,6,2000,plus,108,14
144,9,0,second,6,2000,plus,109,16
144,9,0,second,6,2000,plus,110,8
144,9,0,second,6,2000,plus,111,12
144,9,0,second,6,2000,plus,112,8
144,9,0,second,6,2000,plus,113,4
144,9,0,second,6,2000,plus,114,2
144,9,0,second,6,2000,plus,115,5
144,9,0,second,6,2000,plus,116,3
144,9,0,second,6,2000,plus,117,1
144,9,0,second,6,2000,plus,118,1
144,9,0,second,6,2000,plus,120,2
144,9,0,second,6,2000,plus,121,2
144,9,0,second,6,2000,plus,122,1
144,9,0,second,6,2000,plus,124,1
144,12,0,first,7,2000,minus,47,1
144,12,0,first,7,2000,minus,54,1
144,12,0,first,7,2000,minus,57,1
144,12,0,first,7,2000,minus,58,3
144,12,0,first,7,2000,minus,59,7
144,12,0,first,7,2000,minus,60,5
144,12,0,first,7,2000,minus,61,2
144,12,0,first,7,2000,minus,62,2
144,12,0,first,7,2000,minus,63,8
144,12,0,first,7,2000,minus,64,8
144,12,0,first,7,2000,minus,65,5
144,12,0,first,7,2000,plus,65,1
144,12,0,first,7,2000,minus,66,14
144,12,0,first,7,2000,minus,67,17
144,12,0,first,7,2000,minus,68,25
144,12,0,first,7,2000,plus,68,1
144,12,0,first,7,2000,minus,69,30
144,12,0,first,7,2000,plus,69,1
144,12,0,first,7,2000,minus,70,29
144,12,0,first,7,2000,minus,71,34
144,12,0,first,7,2000,plus,71,3
144,12,0,first,7,2000,minus,72,39
144,12,0,first,7,2000,plus,72,4
144,12,0,first,7,2000,minus,73,63
144,12,0,first,7,2000,plus,73,1
144,12,0,first,7,2000,minus,74,61
144,12,0,first,7,2000,plus,74,6
144,12,0,first,7,2000,minus,75,70
144,12,0,first,7,2000,plus,75,8
144,12,0,first,7,2000,minus,76,63
144,12,0,first,7,2000,plus,76,13
144,12,0,first,7,2000,minus,77,81
144,12,0,first,7,2000,plus,77,14
144,12,0,first,7,2000,minus,78,88
144,12,0,first,7,2000,plus,78,25
144,12,0,first,7,2000,minus,79,104
144,12,0,first,7,2000,plus,79,35
144,12,0,first,7,2000,minus,80,124
144,12,0,first,7,2000,plus,80,38
144,12,0,first,7,2000,minus,81,86
144,12,0,first,7,2000,plus,81,49
144,12,0,first,7,2000,minus,82,114
144,12,0,first,7,2000,plus,82,54
144,12,0,first,7,2000,minus,83,88
144,12,0,first,7,2000,plus,83,66
144,12,0,first,7,2000,minus,84,104
144,12,0,first,7,2000,plus,84,82
144,12,0,first,7,2000,minus,85,103
144,12,0,first,7,2000,plus,85,84
144,12,0,first,7,2000,minus,86,110
144,12,0,first,7,2000,plus,86,90
144,12,0,first,7,2000,minus,87,108
144,12,0,first,7,2000,plus,87,121
144,12,0,first,7,2000,minus,88,101
144,12,0,first,7,2000,plus,88,104
144,12,0,first,7,2000,minus,89,68
144,12,0,first,7,2000,plus,89,109
144,12,0,first,7,2000,minus,90,49
144,12,0,first,7,2000,plus,90,121
144,12,0,first,7,2000,minus,91,42
144,12,0,first,7,2000,plus,91,106
144,12,0,first,7,2000,minus,92,38
144,12,0,first,7,2000,plus,92,115
144,12,0,first,7,2000,minus,93,36
144,12,0,first,7,2000,plus,93,101
144,12,0,first,7,2000,minus,94,20
144,12,0,first,7,2000,plus,94,83
144,12,0,first,7,2000,minus,95,11
144,12,0,first,7,2000,plus,95,88
144,12,0,first,7,2000,minus,96,17
144,12,0,first,7,2000,plus,96,81
144,12,0,first,7,2000,minus,97,8
144,12,0,first,7,2000,plus,97,65
144,12,0,first,7,2000,minus,98,6
144,12,0,first,7,2000,plus,98,65
144,12,0,first,7,2000,plus,99,47
144,12,0,first,7,2000,minus,100,4
144,12,0,first,7,2000,plus,100,47
144,12,0,first,7,2000,minus,101,1
144,12,0,first,7,2000,plus,101,31
144,12,0,first,7,2000,minus,102,1
144,12,0,first,7,2000,plus,102,35
144,12,0,first,7,2000,plus,103,33
144,12,0,first,7,2000,plus,104,17
144,12,0,first,7,2000,plus,105,16
144,12,0,first,7,2000,plus,106,9
144,12,0,first,7,2000,plus,107,5
144,12,0,first,7,2000,plus,108,12
144,12,0,first,7,2000,plus,109,4
144,12,0,first,7,2000,plus,110,3
144,12,0,first,7,2000,plus,111,2
144,12,0,first,7,2000,plus,112,2
144,12,0,first,7,2000,plus,113,2
144,12,0,first,7,2000,plus,118,1
144,9,0,second,7,2000,minus,46,1
144,9,0,second,7,2000,minus,47,2
144,9,0,second,7,2000,minus,48,2
144,9,0,second,7,2000,minus,50,2
144,9,0,second,7,2000,minus,51,2
144,9,0,second,7,2000,minus,52,2
144,9,0,second,7,2000,minus,53,4
144,9,0,second,7,2000,minus,54,5
144,9,0,second,7,2000,minus,55,7
144,9,0,second,7,2000,minus,56,6
144,9,0,second,7,2000,minus,57,4
144,9,0,second,7,2000,minus,58,7
144,9,0,second,7,2000,minus,59,8
144,9,0,second,7,2000,minus,60,9
144,9,0,second,7,2000,minus,61,16
144,9,0,second,7,2000,minus,62,14
144,9,0,second,7,2000,minus,63,15
144,9,0,second,7,2000,minus,64,21
144,9,0,second,7,2000,plus,64,1
144,9,0,second,7,2000,minus,65,28
144,9,0,second,7,2000,minus,66,25
144,9,0,second,7,2000,minus,67,32
144,9,0,second,7,2000,minus,68,38
144,9,0,second,7,2000,minus,69,45
144,9,0,second,7,2000,minus,70,53
144,9,0,second,7,2000,plus,70,5
144,9,0,second,7,2000,minus,71,51
144,9,0,second,7,2000,plus,71,3
144,9,0,second,7,2000,minus,72,52
144,9,0,second,7,2000,plus,72,5
144,9,0,second,7,2000,minus,73,51
144,9,0,second,7,2000,plus,73,1
144,9,0,second,7,2000,minus,74,81
144,9,0,second,7,2000,plus,74,2
144,9,0,second,7,2000,minus,75,54
144,9,0,second,7,2000,plus,75,6
144,9,0,second,7,2000,minus,76,92
144,9,0,second,7,2000,plus,76,8
144,9,0,second,7,2000,minus,77,82
144,9,0,second,7,2000,plus,77,14
144,9,0,second,7,2000,minus,78,76
144,9,0,second,7,2000,plus,78,12
144,9,0,second,7,2000,minus,79,94
144,9,0,second,7,2000,plus,79,26
144,9,0,second,7,2000,minus,80,111
144,9,0,second,7,2000,plus,80,29
144,9,0,second,7,2000,minus,81,92
144,9,0,second,7,2000,plus,81,35
144,9,0,second,7,2000,minus,82,106
144,9,0,second,7,2000,plus,82,40
144,9,0,second,7,2000,minus,83,98
144,9,0,second,7,2000,plus,83,46
144,9,0,second,7,2000,minus,84,106
144,9,0,second,7,2000,plus,84,60
144,9,0,second,7,2000,minus,85,89
144,9,0,second,7,2000,plus,85,73
144,9,0,second,7,2000,minus,86,86
144,9,0,second,7,2000,plus,86,82
144,9,0,second,7,2000,minus,87,77
144,9,0,second,7,2000,plus,87,92
144,9,0,second,7,2000,minus,88,65
144,9,0,second,7,2000,plus,88,107
144,9,0,second,7,2000,minus,89,43
144,9,0,second,7,2000,plus,89,102
144,9,0,second,7,2000,minus,90,35
144,9,0,second,7,2000,plus,90,94
144,9,0,second,7,2000,minus,91,23
144,9,0,second,7,2000,plus,91,116
144,9,0,second,7,2000,minus,92,23
144,9,0,second,7,2000,plus,92,120
144,9,0,second,7,2000,minus,93,28
144,9,0,second,7,2000,plus,93,103
144,9,0,second,7,2000,minus,94,12
144,9,0,second,7,2000,plus,94,111
144,9,0,second,7,2000,minus,95,9
144,9,0,second,7,2000,plus,95,72
144,9,0,second,7,2000,minus,96,5
144,9,0,second,7,2000,plus,96,93
144,9,0,second,7,2000,minus,97,6
144,9,0,second,7,2000,plus,97,86
144,9,0,second,7,2000,minus,98,2
144,9,0,second,7,2000,plus,98,60
144,9,0,second,7,2000,minus,99,2
144,9,0,second,7,2000,plus,99,57
144,9,0,second,7,2000,plus,100,68
144,9,0,second,7,2000,minus,101,1
144,9,0,second,7,2000,plus,101,47
144,9,0,second,7,2000,plus,102,37
144,9,0,second,7,2000,plus,103,28
144,9,0,second,7,2000,plus,104,22
144,9,0,second,7,2000,plus,105,28
144,9,0,second,7,2000,plus,106,23
144,9,0,second,7,2000,plus,107,17
144,9,0,second,7,2000,plus,108,14
144,9,0,second,7,2000,plus,109,8
144,9,0,second,7,2000,plus,110,8
144,9,0,second,7,2000,plus,111,15
144,9,0,second,7,2000,plus,112,5
144,9,0,second,7,2000,plus,113,5
144,9,0,second,7,2000,plus,114,2
144,9,0,second,7,2000,plus,115,3
144,9,0,second,7,2000,plus,117,3
144,9,0,second,7,2000,plus,119,4
144,9,0,second,7,2000,plus,120,2
144,12,0,first,8,2000,minus,51,1
144,12,0,first,8,2000,minus,52,1
144,12,0,first,8,2000,minus,56,1
144,12,0,first,8,2000,minus,57,2
144,12,0,first,8,2000,minus,58,1
144,12,0,first,8,2000,minus,59,4
144,12,0,first,8,2000,minus,60,3
144,12,0,first,8,2000,minus,61,5
144,12,0,first,8,2000,plus,61,1
144,12,0,first,8,2000,minus,62,5
144,12,0,first,8,2000,minus,63,8
144,12,0,first,8,2000,minus,64,7
144,12,0,first,8,2000,minus,65,9
144,12,0,first,8,2000,minus,66,14
144,12,0,first,8,2000,plus,66,1
144,12,0,first,8,2000,minus,67,15
144,12,0,first,8,2000,plus,67,1
144,12,0,first,8,2000,minus,68,22
144,12,0,first,8,2000,minus,69,28
144,12,0,first,8,2000,plus,69,1
144,12,0,first,8,2000,minus,70,35
144,12,0,first,8,2000,plus,70,2
144,12,0,first,8,2000,minus,71,34
144,12,0,first,8,2000,plus,71,2
144,12,0,first,8,2000,minus,72,38
144,12,0,first,8,2000,plus,72,4
144,12,0,first,8,2000,minus,73,50
144,12,0,first,8,2000,plus,73,4
144,12,0,first,8,2000,minus,74,61
144,12,0,first,8,2000,plus,74,3
144,12,0,first,8,2000,minus,75,66
144,12,0,first,8,2000,plus,75,10
144,12,0,first,8,2000,minus,76,87
144,12,0,first,8,2000,plus,76,14
144,12,0,first,8,2000,minus,77,94
144,12,0,first,8,2000,plus,77,12
144,12,0,first,8,2000,minus,78,98
144,12,0,first,8,2000,plus,78,21
144,12,0,first,8,2000,minus,79,97
144,12,0,first,8,2000,plus,79,31
144,12,0,first,8,2000,minus,80,105
144,12,0,first,8,2000,plus,80,37
144,12,0,first,8,2000,minus,81,105
144,12,0,first,8,2000,plus,81,44
144,12,0,first,8,2000,minus,82,111
144,12,0,first,8,2000,plus,82,53
144,12,0,first,8,2000,minus,83,111
144,12,0,first,8,2000,plus,83,54
144,12,0,first,8,2000,minus,84,112
144,12,0,first,8,2000,plus,84,86
144,12,0,first,8,2000,minus,85,86
144,12,0,first,8,2000,plus,85,84
144,12,0,first,8,2000,minus,86,114
144,12,0,first,8,2000,plus,86,94
144,12,0,first,8,2000,minus,87,92
144,12,0,first,8,2000,plus,87,93
144,12,0,first,8,2000,minus,88,73
144,12,0,first,8,2000,plus,88,125
144,12,0,first,8,2000,minus,89,66
144,12,0,first,8,2000,plus,89,114
144,12,0,first,8,2000,minus,90,52
144,12,0,first,8,2000,plus,90,111
144,12,0,first,8,2000,minus,91,55
144,12,0,first,8,2000,plus,91,106
144,12,0,first,8,2000,minus,92,36
144,12,0,first,8,2000,plus,92,116
144,12,0,first,8,2000,minus,93,27
144,12,0,first,8,2000,plus,93,126
144,12,0,first,8,2000,minus,94,25
144,12,0,first,8,2000,plus,94,110
144,12,0,first,8,2000,minus,95,12
144,12,0,first,8,2000,plus,95,93
144,12,0,first,8,2000,minus,96,6
144,12,0,first,8,2000,plus,96,79
144,12,0,first,8,2000,minus,97,5
144,12,0,first,8,2000,plus,97,74
144,12,0,first,8,2000,minus,98,6
144,12,0,first,8,2000,plus,98,60
144,12,0,first,8,2000,minus,99,4
144,12,0,first,8,2000,plus,99,52
144,12,0,first,8,2000,minus,100,7
144,12,0,first,8,2000,plus,100,31
144,12,0,first,8,2000,minus,101,3
144,12,0,first,8,2000,plus,101,30
144,12,0,first,8,2000,minus,102,1
144,12,0,first,8,2000,plus,102,36
144,12,0,first,8,2000,plus,103,21
144,12,0,first,8,2000,plus,104,13
144,12,0,first,8,2000,plus,105,18
144,12,0,first,8,2000,plus,106,12
144,12,0,first,8,2000,plus,107,4
144,12,0,first,8,2000,plus,108,6
144,12,0,first,8,2000,plus,109,4
144,12,0,first,8,2000,plus,110,3
144,12,0,first,8,2000,plus,111,1
144,12,0,first,8,2000,plus,112,1
144,12,0,first,8,2000,plus,113,1
144,12,0,first,8,2000,plus,114,1
144,9,0,second,8,2000,minus,44,1
144,9,0,second,8,2000,minus,46,1
144,9,0,second,8,2000,minus,49,1
144,9,0,second,8,2000,minus,50,4
144,9,0,second,8,2000,minus,51,4
144,9,0,second,8,2000,minus,52,1
144,9,0,second,8,2000,minus,53,4
144,9,0,second,8,2000,minus,54,1
144,9,0,second,8,2000,minus,55,6
144,9,0,second,8,2000,minus,56,6
144,9,0,second,8,2000,minus,57,5
144,9,0,second,8,2000,minus,58,12
144,9,0,second,8,2000,minus,59,13
144,9,0,second,8,2000,minus,60,15
144,9,0,second,8,2000,minus,61,15
144,9,0,second,8,2000,minus,62,11
144,9,0,second,8,2000,minus,63,22
144,9,0,second,8,2000,minus,64,21
144,9,0,second,8,2000,minus,65,24
144,9,0,second,8,2000,minus,66,26
144,9,0,second,8,2000,minus,67,25
144,9,0,second,8,2000,minus,68,34
144,9,0,second,8,2000,minus,69,45
144,9,0,second,8,2000,minus,70,43
144,9,0,second,8,2000,plus,70,1
144,9,0,second,8,2000,minus,71,53
144,9,0,second,8,2000,plus,71,2
144,9,0,second,8,2000,minus,72,47
144,9,0,second,8,2000,plus,72,2
144,9,0,second,8,2000,minus,73,81
144,9,0,second,8,2000,minus,74,82
144,9,0,second,8,2000,plus,74,8
144,9,0,second,8,2000,minus,75,65
144,9,0,second,8,2000,plus,75,12
144,9,0,second,8,2000,minus,76,88
144,9,0,second,8,2000,plus,76,12
144,9,0,second,8,2000,minus,77,77
144,9,0,second,8,2000,plus,77,10
144,9,0,second,8,2000,minus,78,89
144,9,0,second,8,2000,plus,78,11
144,9,0,second,8,2000,minus,79,91
144,9,0,second,8,2000,plus,79,19
144,9,0,second,8,2000,minus,80,125
144,9,0,second,8,2000,plus,80,31
144,9,0,second,8,2000,minus,81,92
144,9,0,second,8,2000,plus,81,41
144,9,0,second,8,2000,minus,82,101
144,9,0,second,8,2000,plus,82,53
144,9,0,second,8,2000,minus,83,79
144,9,0,second,8,2000,plus,83,70
144,9,0,second,8,2000,minus,84,99
144,9,0,second,8,2000,plus,84,61
144,9,0,second,8,2000,minus,85,72
144,9,0,second,8,2000,plus,85,66
144,9,0,second,8,2000,minus,86,70
144,9,0,second,8,2000,plus,86,73
144,9,0,second,8,2000,minus,87,75
144,9,0,second,8,2000,plus,87,92
144,9,0,second,8,2000,minus,88,52
144,9,0,second,8,2000,plus,88,106
144,9,0,second,8,2000,minus,89,47
144,9,0,second,8,2000,plus,89,116
144,9,0,second,8,2000,minus,90,58
144,9,0,second,8,2000,plus,90,114
144,9,0,second,8,2000,minus,91,36
144,9,0,second,8,2000,plus,91,95
144,9,0,second,8,2000,minus,92,21
144,9,0,second,8,2000,plus,92,106
144,9,0,second,8,2000,minus,93,19
144,9,0,second,8,2000,plus,93,96
144,9,0,second,8,2000,minus,94,13
144,9,0,second,8,2000,plus,94,90
144,9,0,second,8,2000,minus,95,11
144,9,0,second,8,2000,plus,95,75
144,9,0,second,8,2000,minus,96,6
144,9,0,second,8,2000,plus,96,96
144,9,0,second,8,2000,minus,97,3
144,9,0,second,8,2000,plus,97,68
144,9,0,second,8,2000,minus,98,1
144,9,0,second,8,2000,plus,98,67
144,9,0,second,8,2000,plus,99,62
144,9,0,second,8,2000,minus,100,3
144,9,0,second,8,2000,plus,100,43
144,9,0,second,8,2000,minus,101,2
144,9,0,second,8,2000,plus,101,52
144,9,0,second,8,2000,minus,102,2
144,9,0,second,8,2000,plus,102,44
144,9,0,second,8,2000,plus,103,40
144,9,0,second,8,2000,plus,104,36
144,9,0,second,8,2000,plus,105,20
144,9,0,second,8,2000,plus,106,19
144,9,0,second,8,2000,plus,107,22
144,9,0,second,8,2000,plus,108,10
144,9,0,second,8,2000,plus,109,16
144,9,0,second,8,2000,plus,110,13
144,9,0,second,8,2000,plus,111,8
144,9,0,second,8,2000,plus,112,6
144,9,0,second,8,2000,plus,113,6
144,9,0,second,8,2000,plus,114,5
144,9,0,second,8,2000,plus,115,3
144,9,0,second,8,2000,plus,118,1
144,9,0,second,8,2000,plus,122,1
144,12,0,first,9,2000,minus,51,1
144,12,0,first,9,2000,minus,53,1
144,12,0,first,9,2000,minus,54,1
144,12,0,first,9,2000,minus,57,1
144,12,0,first,9,2000,minus,58,1
144,12,0,first,9,2000,minus,59,2
144,12,0,first,9,2000,minus,60,3
144,12,0,first,9,2000,minus,61,2
144,12,0,first,9,2000,minus,62,8
144,12,0,first,9,2000,minus,63,7
144,12,0,first,9,2000,minus,64,12
144,12,0,first,9,2000,minus,65,14
144,12,0,first,9,2000,minus,66,16
144,12,0,first,9,2000,minus,67,19
144,12,0,first,9,2000,plus,67,1
144,12,0,first,9,2000,minus,68,23
144,12,0,first,9,2000,minus,69,20
144,12,0,first,9,2000,minus,70,34
144,12,0,first,9,2000,minus,71,36
144,12,0,first,9,2000,plus,71,1
144,12,0,first,9,2000,minus,72,49
144,12,0,first,9,2000,plus,72,3
144,12,0,first,9,2000,minus,73,49
144,12,0,first,9,2000,plus,73,6
144,12,0,first,9,2000,minus,74,66
144,12,0,first,9,2000,plus,74,5
144,12,0,first,9,2000,minus,75,97
144,12,0,first,9,2000,plus,75,9
144,12,0,first,9,2000,minus,76,77
144,12,0,first,9,2000,plus,76,12
144,12,0,first,9,2000,minus,77,92
144,12,0,first,9,2000,plus,77,22
144,12,0,first,9,2000,minus,78,100
144,12,0,first,9,2000,plus,78,25
144,12,0,first,9,2000,minus,79,91
144,12,0,first,9,2000,plus,79,28
144,12,0,first,9,2000,minus,80,90
144,12,0,first,9,2000,plus,80,37
144,12,0,first,9,2000,minus,81,97
144,12,0,first,9,2000,plus,81,61
144,12,0,first,9,2000,minus,82,120
144,12,0,first,9,2000,plus,82,46
144,12,0,first,9,2000,minus,83,112
144,12,0,first,9,2000,plus,83,67
144,12,0,first,9,2000,minus,84,90
144,12,0,first,9,2000,plus,84,68
144,12,0,first,9,2000,minus,85,97
144,12,0,first,9,2000,plus,85,78
144,12,0,first,9,2000,minus,86,96
144,12,0,first,9,2000,plus,86,113
144,12,0,first,9,2000,minus,87,100
144,12,0,first,9,2000,plus,87,100
144,12,0,first,9,2000,minus,88,66
144,12,0,first,9,2000,plus,88,117
144,12,0,first,9,2000,minus,89,65
144,12,0,first,9,2000,plus,89,115
144,12,0,first,9,2000,minus,90,55
144,12,0,first,9,2000,plus,90,108
144,12,0,first,9,2000,minus,91,53
144,12,0,first,9,2000,plus,91,112
144,12,0,first,9,2000,minus,92,39
144,12,0,first,9,2000,plus,92,107
144,12,0,first,9,2000,minus,93,28
144,12,0,first,9,2000,plus,93,103
144,12,0,first,9,2000,minus,94,27
144,12,0,first,9,2000,plus,94,104
144,12,0,first,9,2000,minus,95,20
144,12,0,first,9,2000,plus,95,97
144,12,0,first,9,2000,minus,96,11
144,12,0,first,9,2000,plus,96,80
144,12,0,first,9,2000,minus,97,4
144,12,0,first,9,2000,plus,97,65
144,12,0,first,9,2000,minus,98,2
144,12,0,first,9,2000,plus,98,66
144,12,0,first,9,2000,minus,99,1
144,12,0,first,9,2000,plus,99,48
144,12,0,first,9,2000,minus,100,2
144,12,0,first,9,2000,plus,100,52
144,12,0,first,9,2000,minus,101,2
144,12,0,first,9,2000,plus,101,30
144,12,0,first,9,2000,plus,102,29
144,12,0,first,9,2000,plus,103,29
144,12,0,first,9,2000,minus,104,1
144,12,0,first,9,2000,plus,104,15
144,12,0,first,9,2000,plus,105,9
144,12,0,first,9,2000,plus,106,14
144,12,0,first,9,2000,plus,107,8
144,12,0,first,9,2000,plus,108,3
144,12,0,first,9,2000,plus,109,2
144,12,0,first,9,2000,plus,110,2
144,12,0,first,9,2000,plus,111,1
144,12,0,first,9,2000,plus,112,1
144,12,0,first,9,2000,plus,114,1
144,9,0,second,9,2000,minus,44,1
144,9,0,second,9,2000,minus,46,1
144,9,0,second,9,2000,minus,47,1
144,9,0,second,9,2000,minus,48,1
144,9,0,second,9,2000,minus,49,2
144,9,0,second,9,2000,minus,50,1
144,9,0,second,9,2000,minus,51,2
144,9,0,second,9,2000,minus,52,3
144,9,0,second,9,2000,minus,53,3
144,9,0,second,9,2000,minus,54,1
144,9,0,second,9,2000,minus,55,5
144,9,0,second,9,2000,minus,56,5
144,9,0,second,9,2000,minus,57,5
144,9,0,second,9,2000,minus,58,6
144,9,0,second,9,2000,minus,59,9
144,9,0,second,9,2000,minus,60,6
144,9,0,second,9,2000,minus,61,11
144,9,0,second,9,2000,minus,62,13
144,9,0,second,9,2000,minus,63,15
144,9,0,second,9,2000,minus,64,25
144,9,0,second,9,2000,minus,65,17
144,9,0,second,9,2000,minus,66,29
144,9,0,second,9,2000,minus,67,29
144,9,0,second,9,2000,minus,68,43
144,9,0,second,9,2000,minus,69,42
144,9,0,second,9,2000,minus,70,34
144,9,0,second,9,2000,plus,70,2
144,9,0,second,9,2000,minus,71,62
144,9,0,second,9,2000,plus,71,1
144,9,0,second,9,2000,minus,72,54
144,9,0,second,9,2000,plus,72,1
144,9,0,second,9,2000,minus,73,53
144,9,0,second,9,2000,plus,73,3
144,9,0,second,9,2000,minus,74,68
144,9,0,second,9,2000,plus,74,1
144,9,0,second,9,2000,minus,75,78
144,9,0,second,9,2000,plus,75,3
144,9,0,second,9,2000,minus,76,77
144,9,0,second,9,2000,plus,76,14
144,9,0,second,9,2000,minus,77,94
144,9,0,second,9,2000,plus,77,12
144,9,0,second,9,2000,minus,78,78
144,9,0,second,9,2000,plus,78,12
144,9,0,second,9,2000,minus,79,102
144,9,0,second,9,2000,plus,79,23
144,9,0,second,9,2000,minus,80,88
144,9,0,second,9,2000,plus,80,30
144,9,0,second,9,2000,minus,81,106
144,9,0,second,9,2000,plus,81,40
144,9,0,second,9,2000,minus,82,91
144,9,0,second,9,2000,plus,82,45
144,9,0,second,9,2000,minus,83,101
144,9,0,second,9,2000,plus,83,58
144,9,0,second,9,2000,minus,84,111
144,9,0,second,9,2000,plus,84,51
144,9,0,second,9,2000,minus,85,83
144,9,0,second,9,2000,plus,85,62
144,9,0,second,9,2000,minus,86,82
144,9,0,second,9,2000,plus,86,70
144,9,0,second,9,2000,minus,87,76
144,9,0,second,9,2000,plus,87,93
144,9,0,second,9,2000,minus,88,65
144,9,0,second,9,2000,plus,88,95
144,9,0,second,9,2000,minus,89,52
144,9,0,second,9,2000,plus,89,100
144,9,0,second,9,2000,minus,90,36
144,9,0,second,9,2000,plus,90,103
144,9,0,second,9,2000,minus,91,38
144,9,0,second,9,2000,plus,91,88
144,9,0,second,9,2000,minus,92,27
144,9,0,second,9,2000,plus,92,120
144,9,0,second,9,2000,minus,93,26
144,9,0,second,9,2000,plus,93,115
144,9,0,second,9,2000,minus,94,17
144,9,0,second,9,2000,plus,94,91
144,9,0,second,9,2000,minus,95,8
144,9,0,second,9,2000,plus,95,92
144,9,0,second,9,2000,minus,96,6
144,9,0,second,9,2000,plus,96,93
144,9,0,second,9,2000,minus,97,2
144,9,0,second,9,2000,plus,97,77
144,9,0,second,9,2000,minus,98,1
144,9,0,second,9,2000,plus,98,75
144,9,0,second,9,2000,minus,99,2
144,9,0,second,9,2000,plus,99,54
144,9,0,second,9,2000,minus,100,3
144,9,0,second,9,2000,plus,100,66
144,9,0,second,9,2000,minus,101,3
144,9,0,second,9,2000,plus,101,63
144,9,0,second,9,2000,plus,102,34
144,9,0,second,9,2000,plus,103,37
144,9,0,second,9,2000,plus,104,24
144,9,0,second,9,2000,plus,105,32
144,9,0,second,9,2000,plus,106,22
144,9,0,second,9,2000,plus,107,11
144,9,0,second,9,2000,plus,108,20
144,9,0,second,9,2000,plus,109,16
144,9,0,second,9,2000,plus,110,8
144,9,0,second,9,2000,plus,111,12
144,9,0,second,9,2000,plus,112,9
144,9,0,second,9,2000,plus,113,5
144,9,0,second,9,2000,plus,114,5
144,9,0,second,9,2000,plus,115,5
144,9,0,second,9,2000,plus,116,4
144,9,0,second,9,2000,plus,117,1
144,9,0,second,9,2000,plus,118,1
144,9,0,second,9,2000,plus,120,1
144,12,0,first,10,2000,minus,45,1
144,12,0,first,10,2000,minus,53,1
144,12,0,first,10,2000,minus,55,1
144,12,0,first,10,2000,minus,56,1
144,12,0,first,10,2000,minus,57,1
144,12,0,first,10,2000,minus,58,1
144,12,0,first,10,2000,minus,59,4
144,12,0,first,10,2000,minus,60,2
144,12,0,first,10,2000,minus,61,2
144,12,0,first,10,2000,minus,62,3
144,12,0,first,10,2000,minus,63,6
144,12,0,first,10,2000,minus,64,12
144,12,0,first,10,2000,minus,65,17
144,12,0,first,10,2000,minus,66,14
144,12,0,first,10,2000,minus,67,22
144,12,0,first,10,2000,plus,67,1
144,12,0,first,10,2000,minus,68,21
144,12,0,first,10,2000,plus,68,1
144,12,0,first,10,2000,minus,69,30
144,12,0,first,10,2000,minus,70,25
144,12,0,first,10,2000,plus,70,2
144,12,0,first,10,2000,minus,71,42
144,12,0,first,10,2000,plus,71,1
144,12,0,first,10,2000,minus,72,46
144,12,0,first,10,2000,plus,72,2
144,12,0,first,10,2000,minus,73,50
144,12,0,first,10,2000,plus,73,4
144,12,0,first,10,2000,minus,74,63
144,12,0,first,10,2000,plus,74,7
144,12,0,first,10,2000,minus,75,61
144,12,0,first,10,2000,plus,75,7
144,12,0,first,10,2000,minus,76,73
144,12,0,first,10,2000,plus,76,10
144,12,0,first,10,2000,minus,77,84
144,12,0,first,10,2000,plus,77,11
144,12,0,first,10,2000,minus,78,82
144,12,0,first,10,2000,plus,78,24
144,12,0,first,10,2000,minus,79,93
144,12,0,first,10,2000,plus,79,34
144,12,0,first,10,2000,minus,80,89
144,12,0,first,10,2000,plus,80,35
144,12,0,first,10,2000,minus,81,126
144,12,0,first,10,2000,plus,81,30
144,12,0,first,10,2000,minus,82,117
144,12,0,first,10,2000,plus,82,49
144,12,0,first,10,2000,minus,83,122
144,12,0,first,10,2000,plus,83,65
144,12,0,first,10,2000,minus,84,106
144,12,0,first,10,2000,plus,84,80
144,12,0,first,10,2000,minus,85,108
144,12,0,first,10,2000,plus,85,90
144,12,0,first,10,2000,minus,86,101
144,12,0,first,10,2000,plus,86,84
144,12,0,first,10,2000,minus,87,89
144,12,0,first,10,2000,plus,87,101
144,12,0,first,10,2000,minus,88,88
144,12,0,first,10,2000,plus,88,119
144,12,0,first,10,2000,minus,89,78
144,12,0,first,10,2000,plus,89,118
144,12,0,first,10,2000,minus,90,65
144,12,0,first,10,2000,plus,90,125
144,12,0,first,10,2000,minus,91,35
144,12,0,first,10,2000,plus,91,125
144,12,0,first,10,2000,minus,92,31
144,12,0,first,10,2000,plus,92,132
144,12,0,first,10,2000,minus,93,30
144,12,0,first,10,2000,plus,93,122
144,12,0,first,10,2000,minus,94,16
144,12,0,first,10,2000,plus,94,105
144,12,0,first,10,2000,minus,95,13
144,12,0,first,10,2000,plus,95,85
144,12,0,first,10,2000,minus,96,9
144,12,0,first,10,2000,plus,96,78
144,12,0,first,10,2000,minus,97,6
144,12,0,first,10,2000,plus,97,61
144,12,0,first,10,2000,minus,98,1
144,12,0,first,10,2000,plus,98,52
144,12,0,first,10,2000,minus,99,6
144,12,0,first,10,2000,plus,99,53
144,12,0,first,10,2000,minus,100,3
144,12,0,first,10,2000,plus,100,46
144,12,0,first,10,2000,minus,101,2
144,12,0,first,10,2000,plus,101,32
144,12,0,first,10,2000,minus,102,1
144,12,0,first,10,2000,plus,102,20
144,12,0,first,10,2000,plus,103,18
144,12,0,first,10,2000,plus,104,18
144,12,0,first,10,2000,plus,105,9
144,12,0,first,10,2000,plus,106,15
144,12,0,first,10,2000,plus,107,5
144,12,0,first,10,2000,plus,108,8
144,12,0,first,10,2000,plus,109,4
144,12,0,first,10,2000,plus,110,3
144,12,0,first,10,2000,plus,111,2
144,12,0,first,10,2000,plus,112,1
144,12,0,first,10,2000,plus,113,1
144,12,0,first,10,2000,plus,115,2
144,12,0,first,10,2000,plus,116,1
144,12,0,first,10,2000,plus,117,1
144,12,0,first,10,2000,plus,118,1
144,9,0,second,10,2000,minus,38,2
144,9,0,second,10,2000,minus,43,1
144,9,0,second,10,2000,minus,46,1
144,9,0,second,10,2000,minus,47,4
144,9,0,second,10,2000,minus,49,1
144,9,0,second,10,2000,minus,51,3
144,9,0,second,10,2000,minus,52,1
144,9,0,second,10,2000,minus,53,1
144,9,0,second,10,2000,minus,54,6
144,9,0,second,10,2000,minus,55,3
144,9,0,second,10,2000,minus,56,3
144,9,0,second,10,2000,minus,57,7
144,9,0,second,10,2000,minus,58,6
144,9,0,second,10,2000,minus,59,5
144,9,0,second,10,2000,minus,60,8
144,9,0,second,10,2000,minus,61,10
144,9,0,second,10,2000,minus,62,10
144,9,0,second,10,2000,minus,63,10
144,9,0,second,10,2000,minus,64,14
144,9,0,second,10,2000,minus,65,22
144,9,0,second,10,2000,minus,66,25
144,9,0,second,10,2000,minus,67,26
144,9,0,second,10,2000,minus,68,31
144,9,0,second,10,2000,minus,69,40
144,9,0,second,10,2000,minus,70,35
144,9,0,second,10,2000,minus,71,58
144,9,0,second,10,2000,plus,71,2
144,9,0,second,10,2000,minus,72,58
144,9,0,second,10,2000,plus,72,2
144,9,0,second,10,2000,minus,73,51
144,9,0,second,10,2000,plus,73,1
144,9,0,second,10,2000,minus,74,72
144,9,0,second,10,2000,plus,74,6
144,9,0,second,10,2000,minus,75,68
144,9,0,second,10,2000,plus,75,9
144,9,0,second,10,2000,minus,76,78
144,9,0,second,10,2000,plus,76,9
144,9,0,second,10,2000,minus,77,83
144,9,0,second,10,2000,plus,77,12
144,9,0,second,10,2000,minus,78,93
144,9,0,second,10,2000,plus,78,14
144,9,0,second,10,2000,minus,79,109
144,9,0,second,10,2000,plus,79,24
144,9,0,second,10,2000,minus,80,96
144,9,0,second,10,2000,plus,80,26
144,9,0,second,10,2000,minus,81,102
144,9,0,second,10,2000,plus,81,31
144,9,0,second,10,2000,minus,82,117
144,9,0,second,10,2000,plus,82,47
144,9,0,second,10,2000,minus,83,87
144,9,0,second,10,2000,plus,83,52
144,9,0,second,10,2000,minus,84,102
144,9,0,second,10,2000,plus,84,52
144,9,0,second,10,2000,minus,85,74
144,9,0,second,10,2000,plus,85,75
144,9,0,second,10,2000,minus,86,97
144,9,0,second,10,2000,plus,86,99
144,9,0,second,10,2000,minus,87,73
144,9,0,second,10,2000,plus,87,82
144,9,0,second,10,2000,minus,88,55
144,9,0,second,10,2000,plus,88,105
144,9,0,second,10,2000,minus,89,62
144,9,0,second,10,2000,plus,89,79
144,9,0,second,10,2000,minus,90,37
144,9,0,second,10,2000,plus,90,106
144,9,0,second,10,2000,minus,91,43
144,9,0,second,10,2000,plus,91,108
144,9,0,second,10,2000,minus,92,28
144,9,0,second,10,2000,plus,92,104
144,9,0,second,10,2000,minus,93,19
144,9,0,second,10,2000,plus,93,120
144,9,0,second,10,2000,minus,94,16
144,9,0,second,10,2000,plus,94,91
144,9,0,second,10,2000,minus,95,17
144,9,0,second,10,2000,plus,95,88
144,9,0,second,10,2000,minus,96,11
144,9,0,second,10,2000,plus,96,94
144,9,0,second,10,2000,minus,97,6
144,9,0,second,10,2000,plus,97,78
144,9,0,second,10,2000,minus,98,5
144,9,0,second,10,2000,plus,98,66
144,9,0,second,10,2000,minus,99,4
144,9,0,second,10,2000,plus,99,62
144,9,0,second,10,2000,minus,100,3
144,9,0,second,10,2000,plus,100,53
144,9,0,second,10,2000,minus,101,1
144,9,0,second,10,2000,plus,101,46
144,9,0,second,10,2000,plus,102,34
144,9,0,second,10,2000,plus,103,31
144,9,0,second,10,2000,plus,104,30
144,9,0,second,10,2000,plus,105,28
144,9,0,second,10,2000,plus,106,27
144,9,0,second,10,2000,plus,107,23
144,9,0,second,10,2000,plus,108,12
144,9,0,second,10,2000,plus,109,16
144,9,0,second,10,2000,plus,110,22
144,9,0,second,10,2000,plus,111,5
144,9,0,second,10,2000,plus,112,9
144,9,0,second,10,2000,plus,113,7
144,9,0,second,10,2000,plus,114,4
144,9,0,second,10,2000,plus,115,5
144,9,0,second,10,2000,plus,116,1
144,9,0,second,10,2000,plus,117,2
144,9,0,second,10,2000,plus,126,1
144,12,0,first,11,2000,minus,50,1
144,12,0,first,11,2000,minus,52,1
144,12,0,first,11,2000,minus,53,1
144,12,0,first,11,2000,minus,54,1
144,12,0,first,11,2000,minus,55,1
144,12,0,first,11,2000,minus,56,1
144,12,0,first,11,2000,minus,57,4
144,12,0,first,11,2000,minus,58,1
144,12,0,first,11,2000,minus,60,3
144,12,0,first,11,2000,minus,61,4
144,12,0,first,11,2000,minus,62,5
144,12,0,first,11,2000,minus,63,8
144,12,0,first,11,2000,minus,64,12
144,12,0,first,11,2000,minus,65,12
144,12,0,first,11,2000,minus,66,13
144,12,0,first,11,2000,plus,66,1
144,12,0,first,11,2000,minus,67,18
144,12,0,first,11,2000,minus,68,15
144,12,0,first,11,2000,plus,68,1
144,12,0,first,11,2000,minus,69,32
144,12,0,first,11,2000,minus,70,36
144,12,0,first,11,2000,plus,70,2
144,12,0,first,11,2000,minus,71,45
144,12,0,first,11,2000,plus,71,3
144,12,0,first,11,2000,minus,72,46
144,12,0,first,11,2000,plus,72,5
144,12,0,first,11,2000,minus,73,44
144,12,0,first,11,2000,plus,73,5
144,12,0,first,11,2000,minus,74,70
144,12,0,first,11,2000,plus,74,9
144,12,0,first,11,2000,minus,75,64
144,12,0,first,11,2000,plus,75,10
144,12,0,first,11,2000,minus,76,69
144,12,0,first,11,2000,plus,76,15
144,12,0,first,11,2000,minus,77,87
144,12,0,first,11,2000,plus,77,15
144,12,0,first,11,2000,minus,78,93
144,12,0,first,11,2000,plus,78,24
144,12,0,first,11,2000,minus,79,102
144,12,0,first,11,2000,plus,79,30
144,12,0,first,11,2000,minus,80,101
144,12,0,first,11,2000,plus,80,31
144,12,0,first,11,2000,minus,81,135
144,12,0,first,11,2000,plus,81,45
144,12,0,first,11,2000,minus,82,112
144,12,0,first,11,2000,plus,82,61
144,12,0,first,11,2000,minus,83,113
144,12,0,first,11,2000,plus,83,49
144,12,0,first,11,2000,minus,84,98
144,12,0,first,11,2000,plus,84,81
144,12,0,first,11,2000,minus,85,85
144,12,0,first,11,2000,plus,85,94
144,12,0,first,11,2000,minus,86,95
144,12,0,first,11,2000,plus,86,102
144,12,0,first,11,2000,minus,87,90
144,12,0,first,11,2000,plus,87,92
144,12,0,first,11,2000,minus,88,77
144,12,0,first,11,2000,plus,88,113
144,12,0,first,11,2000,minus,89,64
144,12,0,first,11,2000,plus,89,122
144,12,0,first,11,2000,minus,90,56
144,12,0,first,11,2000,plus,90,118
144,12,0,first,11,2000,minus,91,44
144,12,0,first,11,2000,plus,91,120
144,12,0,first,11,2000,minus,92,33
144,12,0,first,11,2000,plus,92,112
144,12,0,first,11,2000,minus,93,28
144,12,0,first,11,2000,plus,93,95
144,12,0,first,11,2000,minus,94,24
144,12,0,first,11,2000,plus,94,93
144,12,0,first,11,2000,minus,95,15
144,12,0,first,11,2000,plus,95,86
144,12,0,first,11,2000,minus,96,12
144,12,0,first,11,2000,plus,96,74
144,12,0,first,11,2000,minus,97,12
144,12,0,first,11,2000,plus,97,66
144,12,0,first,11,2000,minus,98,6
144,12,0,first,11,2000,plus,98,68
144,12,0,first,11,2000,minus,99,2
144,12,0,first,11,2000,plus,99,48
144,12,0,first,11,2000,minus,100,4
144,12,0,first,11,2000,plus,100,39
144,12,0,first,11,2000,minus,101,2
144,12,0,first,11,2000,plus,101,35
144,12,0,first,11,2000,minus,102,1
144,12,0,first,11,2000,plus,102,35
144,12,0,first,11,2000,plus,103,22
144,12,0,first,11,2000,minus,104,2
144,12,0,first,11,2000,plus,104,20
144,12,0,first,11,2000,plus,105,22
144,12,0,first,11,2000,plus,106,13
144,12,0,first,11,2000,plus,107,5
144,12,0,first,11,2000,plus,108,4
144,12,0,first,11,2000,plus,109,2
144,12,0,first,11,2000,plus,110,7
144,12,0,first,11,2000,plus,111,2
144,12,0,first,11,2000,plus,112,2
144,12,0,first,11,2000,plus,113,1
144,12,0,first,11,2000,plus,115,1
144,9,0,second,11,2000,minus,45,1
144,9,0,second,11,2000,minus,48,1
144,9,0,second,11,2000,minus,49,1
144,9,0,second,11,2000,minus,51,2
144,9,0,second,11,2000,minus,52,2
144,9,0,second,11,2000,minus,53,2
144,9,0,second,11,2000,minus,54,2
144,9,0,second,11,2000,minus,55,5
144,9,0,second,11,2000,minus,56,5
144,9,0,second,11,2000,minus,57,8
144,9,0,second,11,2000,minus,58,2
144,9,0,second,11,2000,minus,59,12
144,9,0,second,11,2000,minus,60,13
144,9,0,second,11,2000,minus,61,12
144,9,0,second,11,2000,minus,62,16
144,9,0,second,11,2000,minus,63,11
144,9,0,second,11,2000,minus,64,19
144,9,0,second,11,2000,minus,65,26
144,9,0,second,11,2000,minus,66,40
144,9,0,second,11,2000,plus,66,1
144,9,0,second,11,2000,minus,67,32
144,9,0,second,11,2000,minus,68,37
144,9,0,second,11,2000,minus,69,32
144,9,0,second,11,2000,minus,70,43
144,9,0,second,11,2000,plus,70,2
144,9,0,second,11,2000,minus,71,53
144,9,0,second,11,2000,plus,71,1
144,9,0,second,11,2000,minus,72,69
144,9,0,second,11,2000,minus,73,79
144,9,0,second,11,2000,plus,73,3
144,9,0,second,11,2000,minus,74,70
144,9,0,second,11,2000,plus,74,3
144,9,0,second,11,2000,minus,75,76
144,9,0,second,11,2000,plus,75,5
144,9,0,second,11,2000,minus,76,65
144,9,0,second,11,2000,plus,76,12
144,9,0,second,11,2000,minus,77,93
144,9,0,second,11,2000,plus,77,16
144,9,0,second,11,2000,minus,78,98
144,9,0,second,11,2000,plus,78,16
144,9,0,second,11,2000,minus,79,77
144,9,0,second,11,2000,plus,79,17
144,9,0,second,11,2000,minus,80,118
144,9,0,second,11,2000,plus,80,30
144,9,0,second,11,2000,minus,81,102
144,9,0,second,11,2000,plus,81,30
144,9,0,second,11,2000,minus,82,116
144,9,0,second,11,2000,plus,82,52
144,9,0,second,11,2000,minus,83,103
144,9,0,second,11,2000,plus,83,62
144,9,0,second,11,2000,minus,84,85
144,9,0,second,11,2000,plus,84,63
144,9,0,second,11,2000,minus,85,81
144,9,0,second,11,2000,plus,85,96
144,9,0,second,11,2000,minus,86,61
144,9,0,second,11,2000,plus,86,87
144,9,0,second,11,2000,minus,87,57
144,9,0,second,11,2000,plus,87,88
144,9,0,second,11,2000,minus,88,59
144,9,0,second,11,2000,plus,88,88
144,9,0,second,11,2000,minus,89,48
144,9,0,second,11,2000,plus,89,90
144,9,0,second,11,2000,minus,90,36
144,9,0,second,11,2000,plus,90,98
144,9,0,second,11,2000,minus,91,33
144,9,0,second,11,2000,plus,91,107
144,9,0,second,11,2000,minus,92,26
144,9,0,second,11,2000,plus,92,100
144,9,0,second,11,2000,minus,93,17
144,9,0,second,11,2000,plus,93,92
144,9,0,second,11,2000,minus,94,17
144,9,0,second,11,2000,plus,94,103
144,9,0,second,11,2000,minus,95,11
144,9,0,second,11,2000,plus,95,95
144,9,0,second,11,2000,minus,96,12
144,9,0,second,11,2000,plus,96,76
144,9,0,second,11,2000,minus,97,5
144,9,0,second,11,2000,plus,97,80
144,9,0,second,11,2000,minus,98,4
144,9,0,second,11,2000,plus,98,71
144,9,0,second,11,2000,minus,99,1
144,9,0,second,11,2000,plus,99,58
144,9,0,second,11,2000,plus,100,62
144,9,0,second,11,2000,plus,101,54
144,9,0,second,11,2000,minus,102,2
144,9,0,second,11,2000,plus,102,49
144,9,0,second,11,2000,minus,103,2
144,9,0,second,11,2000,plus,103,33
144,9,0,second,11,2000,plus,104,27
144,9,0,second,11,2000,plus,105,16
144,9,0,second,11,2000,plus,106,26
144,9,0,second,11,2000,plus,107,18
144,9,0,second,11,2000,plus,108,9
144,9,0,second,11,2000,plus,109,13
144,9,0,second,11,2000,plus,110,15
144,9,0,second,11,2000,plus,111,10
144,9,0,second,11,2000,plus,112,3
144,9,0,second,11,2000,plus,113,6
144,9,0,second,11,2000,plus,114,4
144,9,0,second,11,2000,plus,115,4
144,9,0,second,11,2000,plus,116,2
144,9,0,second,11,2000,plus,118,2
144,9,0,second,11,2000,plus,120,1
144,9,0,second,11,2000,plus,121,1
144,9,0,second,11,2000,plus,122,1
144,9,0,second,11,2000,plus,123,1
144,9,0,second,11,2000,plus,126,1
144,12,0,first,12,2000,minus,54,2
144,12,0,first,12,2000,minus,55,2
144,12,0,first,12,2000,minus,56,1
144,12,0,first,12,2000,minus,57,5
144,12,0,first,12,2000,minus,58,2
144,12,0,first,12,2000,minus,59,3
144,12,0,first,12,2000,minus,60,2
144,12,0,first,12,2000,minus,61,5
144,12,0,first,12,2000,minus,62,3
144,12,0,first,12,2000,minus,63,4
144,12,0,first,12,2000,minus,64,10
144,12,0,first,12,2000,minus,65,13
144,12,0,first,12,2000,plus,65,1
144,12,0,first,12,2000,minus,66,16
144,12,0,first,12,2000,minus,67,20
144,12,0,first,12,2000,minus,68,15
144,12,0,first,12,2000,minus,69,26
144,12,0,first,12,2000,plus,69,1
144,12,0,first,12,2000,minus,70,32
144,12,0,first,12,2000,minus,71,30
144,12,0,first,12,2000,plus,71,2
144,12,0,first,12,2000,minus,72,39
144,12,0,first,12,2000,plus,72,2
144,12,0,first,12,2000,minus,73,56
144,12,0,first,12,2000,plus,73,3
144,12,0,first,12,2000,minus,74,76
144,12,0,first,12,2000,plus,74,4
144,12,0,first,12,2000,minus,75,72
144,12,0,first,12,2000,plus,75,10
144,12,0,first,12,2000,minus,76,79
144,12,0,first,12,2000,plus,76,14
144,12,0,first,12,2000,minus,77,80
144,12,0,first,12,2000,plus,77,17
144,12,0,first,12,2000,minus,78,91
144,12,0,first,12,2000,plus,78,19
144,12,0,first,12,2000,minus,79,96
144,12,0,first,12,2000,plus,79,18
144,12,0,first,12,2000,minus,80,114
144,12,0,first,12,2000,plus,80,35
144,12,0,first,12,2000,minus,81,113
144,12,0,first,12,2000,plus,81,48
144,12,0,first,12,2000,minus,82,114
144,12,0,first,12,2000,plus,82,58
144,12,0,first,12,2000,minus,83,125
144,12,0,first,12,2000,plus,83,59
144,12,0,first,12,2000,minus,84,100
144,12,0,first,12,2000,plus,84,78
144,12,0,first,12,2000,minus,85,109
144,12,0,first,12,2000,plus,85,102
144,12,0,first,12,2000,minus,86,88
144,12,0,first,12,2000,plus,86,99
144,12,0,first,12,2000,minus,87,94
144,12,0,first,12,2000,plus,87,93
144,12,0,first,12,2000,minus,88,80
144,12,0,first,12,2000,plus,88,110
144,12,0,first,12,2000,minus,89,67
144,12,0,first,12,2000,plus,89,105
144,12,0,first,12,2000,minus,90,54
144,12,0,first,12,2000,plus,90,122
144,12,0,first,12,2000,minus,91,39
144,12,0,first,12,2000,plus,91,119
144,12,0,first,12,2000,minus,92,26
144,12,0,first,12,2000,plus,92,118
144,12,0,first,12,2000,minus,93,23
144,12,0,first,12,2000,plus,93,102
144,12,0,first,12,2000,minus,94,15
144,12,0,first,12,2000,plus,94,93
144,12,0,first,12,2000,minus,95,14
144,12,0,first,12,2000,plus,95,83
144,12,0,first,12,2000,minus,96,17
144,12,0,first,12,2000,plus,96,82
144,12,0,first,12,2000,minus,97,12
144,12,0,first,12,2000,plus,97,79
144,12,0,first,12,2000,minus,98,4
144,12,0,first,12,2000,plus,98,57
144,12,0,first,12,2000,minus,99,3
144,12,0,first,12,2000,plus,99,55
144,12,0,first,12,2000,minus,100,3
144,12,0,first,12,2000,plus,100,53
144,12,0,first,12,2000,minus,101,4
144,12,0,first,12,2000,plus,101,34
144,12,0,first,12,2000,plus,102,25
144,12,0,first,12,2000,plus,103,26
144,12,0,first,12,2000,minus,104,2
144,12,0,first,12,2000,plus,104,26
144,12,0,first,12,2000,plus,105,15
144,12,0,first,12,2000,plus,106,12
144,12,0,first,12,2000,plus,107,8
144,12,0,first,12,2000,plus,108,4
144,12,0,first,12,2000,plus,109,4
144,12,0,first,12,2000,plus,110,1
144,12,0,first,12,2000,plus,111,2
144,12,0,first,12,2000,plus,112,1
144,12,0,first,12,2000,plus,114,1
144,9,0,second,12,2000,minus,43,1
144,9,0,second,12,2000,minus,44,1
144,9,0,second,12,2000,minus,46,2
144,9,0,second,12,2000,minus,47,1
144,9,0,second,12,2000,minus,48,3
144,9,0,second,12,2000,minus,49,1
144,9,0,second,12,2000,minus,50,1
144,9,0,second,12,2000,minus,51,1
144,9,0,second,12,2000,minus,52,4
144,9,0,second,12,2000,minus,53,2
144,9,0,second,12,2000,minus,54,6
144,9,0,second,12,2000,minus,55,3
144,9,0,second,12,2000,minus,56,4
144,9,0,second,12,2000,minus,57,7
144,9,0,second,12,2000,minus,58,7
144,9,0,second,12,2000,minus,59,11
144,9,0,second,12,2000,minus,60,8
144,9,0,second,12,2000,minus,61,7
144,9,0,second,12,2000,minus,62,13
144,9,0,second,12,2000,minus,63,19
144,9,0,second,12,2000,minus,64,23
144,9,0,second,12,2000,minus,65,15
144,9,0,second,12,2000,plus,65,1
144,9,0,second,12,2000,minus,66,24
144,9,0,second,12,2000,plus,66,1
144,9,0,second,12,2000,minus,67,30
144,9,0,second,12,2000,minus,68,36
144,9,0,second,12,2000,minus,69,48
144,9,0,second,12,2000,minus,70,31
144,9,0,second,12,2000,plus,70,1
144,9,0,second,12,2000,minus,71,57
144,9,0,second,12,2000,minus,72,52
144,9,0,second,12,2000,plus,72,3
144,9,0,second,12,2000,minus,73,62
144,9,0,second,12,2000,plus,73,4
144,9,0,second,12,2000,minus,74,85
144,9,0,second,12,2000,plus,74,1
144,9,0,second,12,2000,minus,75,82
144,9,0,second,12,2000,plus,75,6
144,9,0,second,12,2000,minus,76,96
144,9,0,second,12,2000,plus,76,10
144,9,0,second,12,2000,minus,77,86
144,9,0,second,12,2000,plus,77,9
144,9,0,second,12,2000,minus,78,80
144,9,0,second,12,2000,plus,78,18
144,9,0,second,12,2000,minus,79,101
144,9,0,second,12,2000,plus,79,21
144,9,0,second,12,2000,minus,80,96
144,9,0,second,12,2000,plus,80,22
144,9,0,second,12,2000,minus,81,104
144,9,0,second,12,2000,plus,81,29
144,9,0,second,12,2000,minus,82,102
144,9,0,second,12,2000,plus,82,48
144,9,0,second,12,2000,minus,83,108
144,9,0,second,12,2000,plus,83,50
144,9,0,second,12,2000,minus,84,84
144,9,0,second,12,2000,plus,84,58
144,9,0,second,12,2000,minus,85,83
144,9,0,second,12,2000,plus,85,77
144,9,0,second,12,2000,minus,86,77
144,9,0,second,12,2000,plus,86,88
144,9,0,second,12,2000,minus,87,65
144,9,0,second,12,2000,plus,87,73
144,9,0,second,12,2000,minus,88,50
144,9,0,second,12,2000,plus,88,90
144,9,0,second,12,2000,minus,89,48
144,9,0,second,12,2000,plus,89,107
144,9,0,second,12,2000,minus,90,49
144,9,0,second,12,2000,plus,90,82
144,9,0,second,12,2000,minus,91,38
144,9,0,second,12,2000,plus,91,112
144,9,0,second,12,2000,minus,92,21
144,9,0,second,12,2000,plus,92,107
144,9,0,second,12,2000,minus,93,17
144,9,0,second,12,2000,plus,93,102
144,9,0,second,12,2000,minus,94,9
144,9,0,second,12,2000,plus,94,110
144,9,0,second,12,2000,minus,95,14
144,9,0,second,12,2000,plus,95,97
144,9,0,second,12,2000,minus,96,6
144,9,0,second,12,2000,plus,96,74
144,9,0,second,12,2000,minus,97,9
144,9,0,second,12,2000,plus,97,91
144,9,0,second,12,2000,minus,98,3
144,9,0,second,12,2000,plus,98,64
144,9,0,second,12,2000,minus,99,1
144,9,0,second,12,2000,plus,99,72
144,9,0,second,12,2000,minus,100,2
144,9,0,second,12,2000,plus,100,56
144,9,0,second,12,2000,plus,101,47
144,9,0,second,12,2000,minus,102,1
144,9,0,second,12,2000,plus,102,46
144,9,0,second,12,2000,minus,103,2
144,9,0,second,12,2000,plus,103,37
144,9,0,second,12,2000,plus,104,37
144,9,0,second,12,2000,plus,105,24
144,9,0,second,12,2000,minus,106,1
144,9,0,second,12,2000,plus,106,31
144,9,0,second,12,2000,plus,107,20
144,9,0,second,12,2000,plus,108,26
144,9,0,second,12,2000,plus,109,12
144,9,0,second,12,2000,plus,110,11
144,9,0,second,12,2000,plus,111,8
144,9,0,second,12,2000,plus,112,5
144,9,0,second,12,2000,plus,113,3
144,9,0,second,12,2000,plus,114,2
144,9,0,second,12,2000,plus,115,4
144,9,0,second,12,2000,plus,116,1
144,9,0,second,12,2000,plus,117,1
144,9,0,second,12,2000,plus,118,1
144,12,0,first,13,2000,minus,52,2
144,12,0,first,13,2000,minus,53,2
144,12,0,first,13,2000,minus,54,2
144,12,0,first,13,2000,minus,55,2
144,12,0,first,13,2000,minus,56,1
144,12,0,first,13,2000,minus,59,1
144,12,0,first,13,2000,minus,60,4
144,12,0,first,13,2000,minus,61,1
144,12,0,first,13,2000,minus,62,5
144,12,0,first,13,2000,minus,63,5
144,12,0,first,13,2000,minus,64,12
144,12,0,first,13,2000,plus,64,1
144,12,0,first,13,2000,minus,65,12
144,12,0,first,13,2000,minus,66,16
144,12,0,first,13,2000,plus,66,1
144,12,0,first,13,2000,minus,67,17
144,12,0,first,13,2000,minus,68,28
144,12,0,first,13,2000,minus,69,22
144,12,0,first,13,2000,plus,69,2
144,12,0,first,13,2000,minus,70,37
144,12,0,first,13,2000,plus,70,2
144,12,0,first,13,2000,minus,71,40
144,12,0,first,13,2000,plus,71,3
144,12,0,first,13,2000,minus,72,38
144,12,0,first,13,2000,plus,72,4
144,12,0,first,13,2000,minus,73,54
144,12,0,first,13,2000,plus,73,1
144,12,0,first,13,2000,minus,74,63
144,12,0,first,13,2000,plus,74,8
144,12,0,first,13,2000,minus,75,73
144,12,0,first,13,2000,plus,75,8
144,12,0,first,13,2000,minus,76,74
144,12,0,first,13,2000,plus,76,17
144,12,0,first,13,2000,minus,77,88
144,12,0,first,13,2000,plus,77,30
144,12,0,first,13,2000,minus,78,85
144,12,0,first,13,2000,plus,78,27
144,12,0,first,13,2000,minus,79,102
144,12,0,first,13,2000,plus,79,33
144,12,0,first,13,2000,minus,80,91
144,12,0,first,13,2000,plus,80,21
144,12,0,first,13,2000,minus,81,115
144,12,0,first,13,2000,plus,81,42
144,12,0,first,13,2000,minus,82,118
144,12,0,first,13,2000,plus,82,50
144,12,0,first,13,2000,minus,83,115
144,12,0,first,13,2000,plus,83,63
144,12,0,first,13,2000,minus,84,90
144,12,0,first,13,2000,plus,84,81
144,12,0,first,13,2000,minus,85,95
144,12,0,first,13,2000,plus,85,85
144,12,0,first,13,2000,minus,86,99
144,12,0,first,13,2000,plus,86,107
144,12,0,first,13,2000,minus,87,93
144,12,0,first,13,2000,plus,87,104
144,12,0,first,13,2000,minus,88,82
144,12,0,first,13,2000,plus,88,107
144,12,0,first,13,2000,minus,89,75
144,12,0,first,13,2000,plus,89,137
144,12,0,first,13,2000,minus,90,61
144,12,0,first,13,2000,plus,90,108
144,12,0,first,13,2000,minus,91,45
144,12,0,first,13,2000,plus,91,111
144,12,0,first,13,2000,minus,92,31
144,12,0,first,13,2000,plus,92,113
144,12,0,first,13,2000,minus,93,27
144,12,0,first,13,2000,plus,93,106
144,12,0,first,13,2000,minus,94,23
144,12,0,first,13,2000,plus,94,103
144,12,0,first,13,2000,minus,95,12
144,12,0,first,13,2000,plus,95,88
144,12,0,first,13,2000,minus,96,11
144,12,0,first,13,2000,plus,96,72
144,12,0,first,13,2000,minus,97,11
144,12,0,first,13,2000,plus,97,58
144,12,0,first,13,2000,minus,98,8
144,12,0,first,13,2000,plus,98,71
144,12,0,first,13,2000,minus,99,1
144,12,0,first,13,2000,plus,99,46
144,12,0,first,13,2000,minus,100,4
144,12,0,first,13,2000,plus,100,44
144,12,0,first,13,2000,minus,101,1
144,12,0,first,13,2000,plus,101,39
144,12,0,first,13,2000,minus,102,3
144,12,0,first,13,2000,plus,102,22
144,12,0,first,13,2000,minus,103,2
144,12,0,first,13,2000,plus,103,19
144,12,0,first,13,2000,minus,104,1
144,12,0,first,13,2000,plus,104,15
144,12,0,first,13,2000,plus,105,11
144,12,0,first,13,2000,plus,106,12
144,12,0,first,13,2000,plus,107,9
144,12,0,first,13,2000,plus,108,5
144,12,0,first,13,2000,plus,109,3
144,12,0,first,13,2000,plus,110,3
144,12,0,first,13,2000,plus,111,3
144,12,0,first,13,2000,plus,112,2
144,12,0,first,13,2000,plus,113,1
144,12,0,first,13,2000,plus,114,1
144,12,0,first,13,2000,plus,118,1
144,9,0,second,13,2000,minus,43,1
144,9,0,second,13,2000,minus,44,1
144,9,0,second,13,2000,minus,48,1
144,9,0,second,13,2000,minus,49,2
144,9,0,second,13,2000,minus,50,1
144,9,0,second,13,2000,minus,52,1
144,9,0,second,13,2000,minus,53,3
144,9,0,second,13,2000,minus,54,5
144,9,0,second,13,2000,minus,55,1
144,9,0,second,13,2000,minus,56,5
144,9,0,second,13,2000,minus,57,10
144,9,0,second,13,2000,minus,58,10
144,9,0,second,13,2000,minus,59,14
144,9,0,second,13,2000,minus,60,9
144,9,0,second,13,2000,minus,61,9
144,9,0,second,13,2000,minus,62,10
144,9,0,second,13,2000,minus,63,17
144,9,0,second,13,2000,minus,64,11
144,9,0,second,13,2000,plus,64,1
144,9,0,second,13,2000,minus,65,24
144,9,0,second,13,2000,minus,66,28
144,9,0,second,13,2000,minus,67,37
144,9,0,second,13,2000,minus,68,32
144,9,0,second,13,2000,minus,69,43
144,9,0,second,13,2000,minus,70,38
144,9,0,second,13,2000,minus,71,39
144,9,0,second,13,2000,plus,71,2
144,9,0,second,13,2000,minus,72,52
144,9,0,second,13,2000,minus,73,53
144,9,0,second,13,2000,plus,73,2
144,9,0,second,13,2000,minus,74,71
144,9,0,second,13,2000,plus,74,3
144,9,0,second,13,2000,minus,75,74
144,9,0,second,13,2000,plus,75,5
144,9,0,second,13,2000,minus,76,86
144,9,0,second,13,2000,plus,76,9
144,9,0,second,13,2000,minus,77,86
144,9,0,second,13,2000,plus,77,16
144,9,0,second,13,2000,minus,78,107
144,9,0,second,13,2000,plus,78,15
144,9,0,second,13,2000,minus,79,101
144,9,0,second,13,2000,plus,79,29
144,9,0,second,13,2000,minus,80,85
144,9,0,second,13,2000,plus,80,26
144,9,0,second,13,2000,minus,81,105
144,9,0,second,13,2000,plus,81,29
144,9,0,second,13,2000,minus,82,99
144,9,0,second,13,2000,plus,82,45
144,9,0,second,13,2000,minus,83,105
144,9,0,second,13,2000,plus,83,43
144,9,0,second,13,2000,minus,84,93
144,9,0,second,13,2000,plus,84,56
144,9,0,second,13,2000,minus,85,100
144,9,0,second,13,2000,plus,85,79
144,9,0,second,13,2000,minus,86,84
144,9,0,second,13,2000,plus,86,78
144,9,0,second,13,2000,minus,87,71
144,9,0,second,13,2000,plus,87,91
144,9,0,second,13,2000,minus,88,62
144,9,0,second,13,2000,plus,88,113
144,9,0,second,13,2000,minus,89,59
144,9,0,second,13,2000,plus,89,95
144,9,0,second,13,2000,minus,90,35
144,9,0,second,13,2000,plus,90,117
144,9,0,second,13,2000,minus,91,29
144,9,0,second,13,2000,plus,91,93
144,9,0,second,13,2000,minus,92,30
144,9,0,second,13,2000,plus,92,103
144,9,0,second,13,2000,minus,93,23
144,9,0,second,13,2000,plus,93,86
144,9,0,second,13,2000,minus,94,9
144,9,0,second,13,2000,plus,94,109
144,9,0,second,13,2000,minus,95,12
144,9,0,second,13,2000,plus,95,89
144,9,0,second,13,2000,minus,96,7
144,9,0,second,13,2000,plus,96,81
144,9,0,second,13,2000,minus,97,2
144,9,0,second,13,2000,plus,97,73
144,9,0,second,13,2000,minus,98,4
144,9,0,second,13,2000,plus,98,77
144,9,0,second,13,2000,minus,99,2
144,9,0,second,13,2000,plus,99,66
144,9,0,second,13,2000,plus,100,59
144,9,0,second,13,2000,minus,101,1
144,9,0,second,13,2000,plus,101,44
144,9,0,second,13,2000,plus,102,41
144,9,0,second,13,2000,minus,103,1
144,9,0,second,13,2000,plus,103,35
144,9,0,second,13,2000,plus,104,29
144,9,0,second,13,2000,plus,105,40
144,9,0,second,13,2000,plus,106,23
144,9,0,second,13,2000,plus,107,23
144,9,0,second,13,2000,plus,108,14
144,9,0,second,13,2000,plus,109,10
144,9,0,second,13,2000,plus,110,12
144,9,0,second,13,2000,plus,111,7
144,9,0,second,13,2000,plus,112,7
144,9,0,second,13,2000,plus,113,6
144,9,0,second,13,2000,plus,114,2
144,9,0,second,13,2000,plus,115,6
144,9,0,second,13,2000,plus,116,3
144,9,0,second,13,2000,plus,117,1
144,9,0,second,13,2000,plus,118,1
144,9,0,second,13,2000,plus,119,4
144,9,0,second,13,2000,plus,121,1
144,9,0,second,13,2000,plus,122,1
144,12,0,first,14,2000,minus,49,1
144,12,0,first,14,2000,minus,51,1
144,12,0,first,14,2000,minus,53,1
144,12,0,first,14,2000,minus,54,1
144,12,0,first,14,2000,minus,56,1
144,12,0,first,14,2000,minus,57,3
144,12,0,first,14,2000,minus,59,2
144,12,0,first,14,2000,minus,60,4
144,12,0,first,14,2000,minus,61,3
144,12,0,first,14,2000,minus,62,8
144,12,0,first,14,2000,plus,62,1
144,12,0,first,14,2000,minus,63,6
144,12,0,first,14,2000,minus,64,10
144,12,0,first,14,2000,minus,65,8
144,12,0,first,14,2000,minus,66,10
144,12,0,first,14,2000,minus,67,16
144,12,0,first,14,2000,minus,68,21
144,12,0,first,14,2000,plus,68,1
144,12,0,first,14,2000,minus,69,26
144,12,0,first,14,2000,minus,70,34
144,12,0,first,14,2000,plus,70,2
144,12,0,first,14,2000,minus,71,26
144,12,0,first,14,2000,minus,72,35
144,12,0,first,14,2000,plus,72,3
144,12,0,first,14,2000,minus,73,41
144,12,0,first,14,2000,plus,73,4
144,12,0,first,14,2000,minus,74,57
144,12,0,first,14,2000,plus,74,5
144,12,0,first,14,2000,minus,75,75
144,12,0,first,14,2000,plus,75,4
144,12,0,first,14,2000,minus,76,72
144,12,0,first,14,2000,plus,76,9
144,12,0,first,14,2000,minus,77,70
144,12,0,first,14,2000,plus,77,18
144,12,0,first,14,2000,minus,78,93
144,12,0,first,14,2000,plus,78,28
144,12,0,first,14,2000,minus,79,100
144,12,0,first,14,2000,plus,79,21
144,12,0,first,14,2000,minus,80,131
144,12,0,first,14,2000,plus,80,35
144,12,0,first,14,2000,minus,81,117
144,12,0,first,14,2000,plus,81,40
144,12,0,first,14,2000,minus,82,106
144,12,0,first,14,2000,plus,82,45
144,12,0,first,14,2000,minus,83,125
144,12,0,first,14,2000,plus,83,54
144,12,0,first,14,2000,minus,84,107
144,12,0,first,14,2000,plus,84,77
144,12,0,first,14,2000,minus,85,128
144,12,0,first,14,2000,plus,85,97
144,12,0,first,14,2000,minus,86,85
144,12,0,first,14,2000,plus,86,105
144,12,0,first,14,2000,minus,87,84
144,12,0,first,14,2000,plus,87,97
144,12,0,first,14,2000,minus,88,61
144,12,0,first,14,2000,plus,88,114
144,12,0,first,14,2000,minus,89,74
144,12,0,first,14,2000,plus,89,103
144,12,0,first,14,2000,minus,90,61
144,12,0,first,14,2000,plus,90,123
144,12,0,first,14,2000,minus,91,45
144,12,0,first,14,2000,plus,91,122
144,12,0,first,14,2000,minus,92,40
144,12,0,first,14,2000,plus,92,114
144,12,0,first,14,2000,minus,93,21
144,12,0,first,14,2000,plus,93,106
144,12,0,first,14,2000,minus,94,27
144,12,0,first,14,2000,plus,94,104
144,12,0,first,14,2000,minus,95,15
144,12,0,first,14,2000,plus,95,92
144,12,0,first,14,2000,minus,96,15
144,12,0,first,14,2000,plus,96,77
144,12,0,first,14,2000,minus,97,6
144,12,0,first,14,2000,plus,97,61
144,12,0,first,14,2000,minus,98,9
144,12,0,first,14,2000,plus,98,55
144,12,0,first,14,2000,minus,99,6
144,12,0,first,14,2000,plus,99,48
144,12,0,first,14,2000,minus,100,1
144,12,0,first,14,2000,plus,100,33
144,12,0,first,14,2000,minus,101,4
144,12,0,first,14,2000,plus,101,33
144,12,0,first,14,2000,minus,102,2
144,12,0,first,14,2000,plus,102,31
144,12,0,first,14,2000,plus,103,32
144,12,0,first,14,2000,minus,104,4
144,12,0,first,14,2000,plus,104,32
144,12,0,first,14,2000,minus,105,1
144,12,0,first,14,2000,plus,105,22
144,12,0,first,14,2000,plus,106,16
144,12,0,first,14,2000,plus,107,10
144,12,0,first,14,2000,plus,108,8
144,12,0,first,14,2000,plus,109,8
144,12,0,first,14,2000,plus,110,2
144,12,0,first,14,2000,plus,111,3
144,12,0,first,14,2000,plus,112,3
144,12,0,first,14,2000,plus,116,2
144,9,0,second,14,2000,minus,43,1
144,9,0,second,14,2000,minus,44,1
144,9,0,second,14,2000,minus,46,1
144,9,0,second,14,2000,minus,47,2
144,9,0,second,14,2000,minus,48,1
144,9,0,second,14,2000,minus,50,2
144,9,0,second,14,2000,minus,51,1
144,9,0,second,14,2000,minus,52,3
144,9,0,second,14,2000,minus,53,3
144,9,0,second,14,2000,minus,54,1
144,9,0,second,14,2000,minus,55,5
144,9,0,second,14,2000,minus,56,7
144,9,0,second,14,2000,minus,57,9
144,9,0,second,14,2000,minus,58,6
144,9,0,second,14,2000,minus,59,4
144,9,0,second,14,2000,minus,60,10
144,9,0,second,14,2000,minus,61,11
144,9,0,second,14,2000,minus,62,14
144,9,0,second,14,2000,minus,63,12
144,9,0,second,14,2000,minus,64,17
144,9,0,second,14,2000,minus,65,21
144,9,0,second,14,2000,minus,66,18
144,9,0,second,14,2000,minus,67,33
144,9,0,second,14,2000,minus,68,27
144,9,0,second,14,2000,minus,69,42
144,9,0,second,14,2000,minus,70,41
144,9,0,second,14,2000,plus,70,1
144,9,0,second,14,2000,minus,71,52
144,9,0,second,14,2000,minus,72,61
144,9,0,second,14,2000,plus,72,2
144,9,0,second,14,2000,minus,73,55
144,9,0,second,14,2000,plus,73,2
144,9,0,second,14,2000,minus,74,59
144,9,0,second,14,2000,plus,74,3
144,9,0,second,14,2000,minus,75,70
144,9,0,second,14,2000,plus,75,4
144,9,0,second,14,2000,minus,76,77
144,9,0,second,14,2000,plus,76,13
144,9,0,second,14,2000,minus,77,103
144,9,0,second,14,2000,plus,77,12
144,9,0,second,14,2000,minus,78,104
144,9,0,second,14,2000,plus,78,18
144,9,0,second,14,2000,minus,79,103
144,9,0,second,14,2000,plus,79,20
144,9,0,second,14,2000,minus,80,123
144,9,0,second,14,2000,plus,80,38
144,9,0,second,14,2000,minus,81,104
144,9,0,second,14,2000,plus,81,29
144,9,0,second,14,2000,minus,82,105
144,9,0,second,14,2000,plus,82,39
144,9,0,second,14,2000,minus,83,91
144,9,0,second,14,2000,plus,83,48
144,9,0,second,14,2000,minus,84,86
144,9,0,second,14,2000,plus,84,56
144,9,0,second,14,2000,minus,85,80
144,9,0,second,14,2000,plus,85,75
144,9,0,second,14,2000,minus,86,94
144,9,0,second,14,2000,plus,86,74
144,9,0,second,14,2000,minus,87,74
144,9,0,second,14,2000,plus,87,90
144,9,0,second,14,2000,minus,88,55
144,9,0,second,14,2000,plus,88,102
144,9,0,second,14,2000,minus,89,51
144,9,0,second,14,2000,plus,89,111
144,9,0,second,14,2000,minus,90,29
144,9,0,second,14,2000,plus,90,111
144,9,0,second,14,2000,minus,91,33
144,9,0,second,14,2000,plus,91,98
144,9,0,second,14,2000,minus,92,23
144,9,0,second,14,2000,plus,92,97
144,9,0,second,14,2000,minus,93,13
144,9,0,second,14,2000,plus,93,108
144,9,0,second,14,2000,minus,94,18
144,9,0,second,14,2000,plus,94,75
144,9,0,second,14,2000,minus,95,14
144,9,0,second,14,2000,plus,95,102
144,9,0,second,14,2000,minus,96,12
144,9,0,second,14,2000,plus,96,91
144,9,0,second,14,2000,minus,97,10
144,9,0,second,14,2000,plus,97,74
144,9,0,second,14,2000,minus,98,1
144,9,0,second,14,2000,plus,98,76
144,9,0,second,14,2000,plus,99,71
144,9,0,second,14,2000,minus,100,4
144,9,0,second,14,2000,plus,100,51
144,9,0,second,14,2000,minus,101,1
144,9,0,second,14,2000,plus,101,49
144,9,0,second,14,2000,minus,102,2
144,9,0,second,14,2000,plus,102,47
144,9,0,second,14,2000,plus,103,40
144,9,0,second,14,2000,plus,104,31
144,9,0,second,14,2000,plus,105,32
144,9,0,second,14,2000,plus,106,18
144,9,0,second,14,2000,plus,107,19
144,9,0,second,14,2000,plus,108,15
144,9,0,second,14,2000,plus,109,13
144,9,0,second,14,2000,plus,110,16
144,9,0,second,14,2000,plus,111,4
144,9,0,second,14,2000,plus,112,3
144,9,0,second,14,2000,plus,113,3
144,9,0,second,14,2000,plus,114,4
144,9,0,second,14,2000,plus,115,4
144,9,0,second,14,2000,plus,116,1
144,9,0,second,14,2000,plus,117,5
144,9,0,second,14,2000,plus,118,3
144,9,0,second,14,2000,plus,119,1
144,9,0,second,14,2000,plus,120,1
144,12,0,first,15,2000,minus,54,1
144,12,0,first,15,2000,minus,56,2
144,12,0,first,15,2000,minus,58,2
144,12,0,first,15,2000,minus,59,4
144,12,0,first,15,2000,minus,60,6
144,12,0,first,15,2000,minus,61,5
144,12,0,first,15,2000,minus,62,8
144,12,0,first,15,2000,minus,63,4
144,12,0,first,15,2000,plus,63,1
144,12,0,first,15,2000,minus,64,9
144,12,0,first,15,2000,minus,65,11
144,12,0,first,15,2000,minus,66,15
144,12,0,first,15,2000,minus,67,14
144,12,0,first,15,2000,minus,68,26
144,12,0,first,15,2000,minus,69,26
144,12,0,first,15,2000,plus,69,3
144,12,0,first,15,2000,minus,70,40
144,12,0,first,15,2000,plus,70,1
144,12,0,first,15,2000,minus,71,24
144,12,0,first,15,2000,plus,71,4
144,12,0,first,15,2000,minus,72,39
144,12,0,first,15,2000,plus,72,5
144,12,0,first,15,2000,minus,73,67
144,12,0,first,15,2000,plus,73,5
144,12,0,first,15,2000,minus,74,58
144,12,0,first,15,2000,plus,74,8
144,12,0,first,15,2000,minus,75,71
144,12,0,first,15,2000,plus,75,9
144,12,0,first,15,2000,minus,76,70
144,12,0,first,15,2000,plus,76,17
144,12,0,first,15,2000,minus,77,90
144,12,0,first,15,2000,plus,77,11
144,12,0,first,15,2000,minus,78,104
144,12,0,first,15,2000,plus,78,21
144,12,0,first,15,2000,minus,79,101
144,12,0,first,15,2000,plus,79,33
144,12,0,first,15,2000,minus,80,103
144,12,0,first,15,2000,plus,80,30
144,12,0,first,15,2000,minus,81,112
144,12,0,first,15,2000,plus,81,50
144,12,0,first,15,2000,minus,82,113
144,12,0,first,15,2000,plus,82,66
144,12,0,first,15,2000,minus,83,128
144,12,0,first,15,2000,plus,83,70
144,12,0,first,15,2000,minus,84,97
144,12,0,first,15,2000,plus,84,78
144,12,0,first,15,2000,minus,85,92
144,12,0,first,15,2000,plus,85,81
144,12,0,first,15,2000,minus,86,111
144,12,0,first,15,2000,plus,86,94
144,12,0,first,15,2000,minus,87,84
144,12,0,first,15,2000,plus,87,123
144,12,0,first,15,2000,minus,88,77
144,12,0,first,15,2000,plus,88,120
144,12,0,first,15,2000,minus,89,68
144,12,0,first,15,2000,plus,89,114
144,12,0,first,15,2000,minus,90,51
144,12,0,first,15,2000,plus,90,121
144,12,0,first,15,2000,minus,91,27
144,12,0,first,15,2000,plus,91,113
144,12,0,first,15,2000,minus,92,44
144,12,0,first,15,2000,plus,92,105
144,12,0,first,15,2000,minus,93,24
144,12,0,first,15,2000,plus,93,106
144,12,0,first,15,2000,minus,94,19
144,12,0,first,15,2000,plus,94,107
144,12,0,first,15,2000,minus,95,23
144,12,0,first,15,2000,plus,95,85
144,12,0,first,15,2000,minus,96,11
144,12,0,first,15,2000,plus,96,82
144,12,0,first,15,2000,minus,97,9
144,12,0,first,15,2000,plus,97,70
144,12,0,first,15,2000,minus,98,4
144,12,0,first,15,2000,plus,98,55
144,12,0,first,15,2000,minus,99,3
144,12,0,first,15,2000,plus,99,34
144,12,0,first,15,2000,minus,100,2
144,12,0,first,15,2000,plus,100,41
144,12,0,first,15,2000,plus,101,33
144,12,0,first,15,2000,plus,102,25
144,12,0,first,15,2000,plus,103,26
144,12,0,first,15,2000,minus,104,1
144,12,0,first,15,2000,plus,104,14
144,12,0,first,15,2000,plus,105,10
144,12,0,first,15,2000,plus,106,11
144,12,0,first,15,2000,plus,107,5
144,12,0,first,15,2000,plus,108,3
144,12,0,first,15,2000,plus,109,4
144,12,0,first,15,2000,plus,110,2
144,12,0,first,15,2000,plus,111,2
144,12,0,first,15,2000,plus,113,2
144,9,0,second,15,2000,minus,42,1
144,9,0,second,15,2000,minus,43,1
144,9,0,second,15,2000,minus,48,4
144,9,0,second,15,2000,minus,49,1
144,9,0,second,15,2000,minus,50,4
144,9,0,second,15,2000,minus,52,3
144,9,0,second,15,2000,minus,53,1
144,9,0,second,15,2000,minus,54,3
144,9,0,second,15,2000,minus,55,5
144,9,0,second,15,2000,minus,56,8
144,9,0,second,15,2000,minus,57,5
144,9,0,second,15,2000,minus,58,5
144,9,0,second,15,2000,minus,59,9
144,9,0,second,15,2000,minus,60,8
144,9,0,second,15,2000,minus,61,8
144,9,0,second,15,2000,minus,62,20
144,9,0,second,15,2000,minus,63,22
144,9,0,second,15,2000,minus,64,23
144,9,0,second,15,2000,minus,65,28
144,9,0,second,15,2000,minus,66,23
144,9,0,second,15,2000,plus,66,1
144,9,0,second,15,2000,minus,67,29
144,9,0,second,15,2000,minus,68,38
144,9,0,second,15,2000,plus,68,1
144,9,0,second,15,2000,minus,69,38
144,9,0,second,15,2000,minus,70,55
144,9,0,second,15,2000,plus,70,2
144,9,0,second,15,2000,minus,71,42
144,9,0,second,15,2000,plus,71,1
144,9,0,second,15,2000,minus,72,65
144,9,0,second,15,2000,plus,72,2
144,9,0,second,15,2000,minus,73,67
144,9,0,second,15,2000,plus,73,7
144,9,0,second,15,2000,minus,74,59
144,9,0,second,15,2000,plus,74,3
144,9,0,second,15,2000,minus,75,78
144,9,0,second,15,2000,plus,75,12
144,9,0,second,15,2000,minus,76,86
144,9,0,second,15,2000,plus,76,8
144,9,0,second,15,2000,minus,77,87
144,9,0,second,15,2000,plus,77,10
144,9,0,second,15,2000,minus,78,97
144,9,0,second,15,2000,plus,78,18
144,9,0,second,15,2000,minus,79,88
144,9,0,second,15,2000,plus,79,18
144,9,0,second,15,2000,minus,80,117
144,9,0,second,15,2000,plus,80,24
144,9,0,second,15,2000,minus,81,94
144,9,0,second,15,2000,plus,81,38
144,9,0,second,15,2000,minus,82,88
144,9,0,second,15,2000,plus,82,35
144,9,0,second,15,2000,minus,83,84
144,9,0,second,15,2000,plus,83,51
144,9,0,second,15,2000,minus,84,102
144,9,0,second,15,2000,plus,84,48
144,9,0,second,15,2000,minus,85,87
144,9,0,second,15,2000,plus,85,62
144,9,0,second,15,2000,minus,86,76
144,9,0,second,15,2000,plus,86,79
144,9,0,second,15,2000,minus,87,65
144,9,0,second,15,2000,plus,87,87
144,9,0,second,15,2000,minus,88,52
144,9,0,second,15,2000,plus,88,85
144,9,0,second,15,2000,minus,89,61
144,9,0,second,15,2000,plus,89,125
144,9,0,second,15,2000,minus,90,34
144,9,0,second,15,2000,plus,90,91
144,9,0,second,15,2000,minus,91,40
144,9,0,second,15,2000,plus,91,114
144,9,0,second,15,2000,minus,92,33
144,9,0,second,15,2000,plus,92,118
144,9,0,second,15,2000,minus,93,20
144,9,0,second,15,2000,plus,93,109
144,9,0,second,15,2000,minus,94,14
144,9,0,second,15,2000,plus,94,95
144,9,0,second,15,2000,minus,95,7
144,9,0,second,15,2000,plus,95,90
144,9,0,second,15,2000,minus,96,6
144,9,0,second,15,2000,plus,96,80
144,9,0,second,15,2000,minus,97,2
144,9,0,second,15,2000,plus,97,72
144,9,0,second,15,2000,minus,98,2
144,9,0,second,15,2000,plus,98,59
144,9,0,second,15,2000,minus,99,5
144,9,0,second,15,2000,plus,99,81
144,9,0,second,15,2000,plus,100,61
144,9,0,second,15,2000,plus,101,46
144,9,0,second,15,2000,plus,102,42
144,9,0,second,15,2000,plus,103,36
144,9,0,second,15,2000,plus,104,37
144,9,0,second,15,2000,plus,105,34
144,9,0,second,15,2000,plus,106,29
144,9,0,second,15,2000,plus,107,20
144,9,0,second,15,2000,plus,108,13
144,9,0,second,15,2000,plus,109,14
144,9,0,second,15,2000,plus,110,8
144,9,0,second,15,2000,plus,111,6
144,9,0,second,15,2000,plus,112,5
144,9,0,second,15,2000,plus,113,7
144,9,0,second,15,2000,plus,114,8
144,9,0,second,15,2000,plus,115,3
144,9,0,second,15,2000,plus,116,3
144,9,0,second,15,2000,plus,117,1
144,9,0,second,15,2000,plus,118,1
144,12,0,first,16,2000,minus,50,1
144,12,0,first,16,2000,minus,52,1
144,12,0,first,16,2000,minus,54,1
144,12,0,first,16,2000,minus,55,2
144,12,0,first,16,2000,minus,56,1
144,12,0,first,16,2000,minus,57,2
144,12,0,first,16,2000,minus,58,3
144,12,0,first,16,2000,minus,59,4
144,12,0,first,16,2000,minus,60,2
144,12,0,first,16,2000,minus,61,2
144,12,0,first,16,2000,minus,62,6
144,12,0,first,16,2000,minus,63,12
144,12,0,first,16,2000,minus,64,7
144,12,0,first,16,2000,minus,65,7
144,12,0,first,16,2000,minus,66,11
144,12,0,first,16,2000,plus,66,1
144,12,0,first,16,2000,minus,67,26
144,12,0,first,16,2000,minus,68,25
144,12,0,first,16,2000,minus,69,33
144,12,0,first,16,2000,plus,69,2
144,12,0,first,16,2000,minus,70,22
144,12,0,first,16,2000,minus,71,48
144,12,0,first,16,2000,plus,71,1
144,12,0,first,16,2000,minus,72,34
144,12,0,first,16,2000,plus,72,3
144,12,0,first,16,2000,minus,73,47
144,12,0,first,16,2000,plus,73,4
144,12,0,first,16,2000,minus,74,59
144,12,0,first,16,2000,plus,74,5
144,12,0,first,16,2000,minus,75,57
144,12,0,first,16,2000,plus,75,8
144,12,0,first,16,2000,minus,76,71
144,12,0,first,16,2000,plus,76,8
144,12,0,first,16,2000,minus,77,87
144,12,0,first,16,2000,plus,77,18
144,12,0,first,16,2000,minus,78,106
144,12,0,first,16,2000,plus,78,25
144,12,0,first,16,2000,minus,79,96
144,12,0,first,16,2000,plus,79,30
144,12,0,first,16,2000,minus,80,107
144,12,0,first,16,2000,plus,80,30
144,12,0,first,16,2000,minus,81,132
144,12,0,first,16,2000,plus,81,54
144,12,0,first,16,2000,minus,82,119
144,12,0,first,16,2000,plus,82,56
144,12,0,first,16,2000,minus,83,105
144,12,0,first,16,2000,plus,83,66
144,12,0,first,16,2000,minus,84,116
144,12,0,first,16,2000,plus,84,79
144,12,0,first,16,2000,minus,85,97
144,12,0,first,16,2000,plus,85,71
144,12,0,first,16,2000,minus,86,105
144,12,0,first,16,2000,plus,86,115
144,12,0,first,16,2000,minus,87,94
144,12,0,first,16,2000,plus,87,113
144,12,0,first,16,2000,minus,88,81
144,12,0,first,16,2000,plus,88,94
144,12,0,first,16,2000,minus,89,62
144,12,0,first,16,2000,plus,89,105
144,12,0,first,16,2000,minus,90,39
144,12,0,first,16,2000,plus,90,109
144,12,0,first,16,2000,minus,91,39
144,12,0,first,16,2000,plus,91,133
144,12,0,first,16,2000,minus,92,37
144,12,0,first,16,2000,plus,92,133
144,12,0,first,16,2000,minus,93,20
144,12,0,first,16,2000,plus,93,116
144,12,0,first,16,2000,minus,94,27
144,12,0,first,16,2000,plus,94,105
144,12,0,first,16,2000,minus,95,11
144,12,0,first,16,2000,plus,95,90
144,12,0,first,16,2000,minus,96,10
144,12,0,first,16,2000,plus,96,73
144,12,0,first,16,2000,minus,97,4
144,12,0,first,16,2000,plus,97,62
144,12,0,first,16,2000,minus,98,7
144,12,0,first,16,2000,plus,98,66
144,12,0,first,16,2000,minus,99,4
144,12,0,first,16,2000,plus,99,39
144,12,0,first,16,2000,minus,100,2
144,12,0,first,16,2000,plus,100,37
144,12,0,first,16,2000,minus,101,6
144,12,0,first,16,2000,plus,101,35
144,12,0,first,16,2000,minus,102,1
144,12,0,first,16,2000,plus,102,25
144,12,0,first,16,2000,minus,103,1
144,12,0,first,16,2000,plus,103,18
144,12,0,first,16,2000,plus,104,26
144,12,0,first,16,2000,plus,105,9
144,12,0,first,16,2000,plus,106,10
144,12,0,first,16,2000,minus,107,1
144,12,0,first,16,2000,plus,107,5
144,12,0,first,16,2000,plus,108,10
144,12,0,first,16,2000,plus,109,5
144,12,0,first,16,2000,plus,110,3
144,12,0,first,16,2000,plus,112,2
144,12,0,first,16,2000,plus,114,1
144,9,0,second,16,2000,minus,43,1
144,9,0,second,16,2000,minus,46,1
144,9,0,second,16,2000,minus,49,4
144,9,0,second,16,2000,minus,50,1
144,9,0,second,16,2000,minus,51,3
144,9,0,second,16,2000,minus,52,3
144,9,0,second,16,2000,minus,53,5
144,9,0,second,16,2000,minus,54,2
144,9,0,second,16,2000,minus,55,4
144,9,0,second,16,2000,minus,56,5
144,9,0,second,16,2000,minus,57,5
144,9,0,second,16,2000,minus,58,7
144,9,0,second,16,2000,plus,58,1
144,9,0,second,16,2000,minus,59,13
144,9,0,second,16,2000,minus,60,10
144,9,0,second,16,2000,minus,61,13
144,9,0,second,16,2000,minus,62,16
144,9,0,second,16,2000,minus,63,20
144,9,0,second,16,2000,minus,64,22
144,9,0,second,16,2000,minus,65,23
144,9,0,second,16,2000,minus,66,23
144,9,0,second,16,2000,minus,67,38
144,9,0,second,16,2000,minus,68,27
144,9,0,second,16,2000,plus,68,1
144,9,0,second,16,2000,minus,69,35
144,9,0,second,16,2000,minus,70,43
144,9,0,second,16,2000,plus,70,1
144,9,0,second,16,2000,minus,71,51
144,9,0,second,16,2000,plus,71,2
144,9,0,second,16,2000,minus,72,59
144,9,0,second,16,2000,minus,73,60
144,9,0,second,16,2000,minus,74,61
144,9,0,second,16,2000,plus,74,3
144,9,0,second,16,2000,minus,75,85
144,9,0,second,16,2000,plus,75,2
144,9,0,second,16,2000,minus,76,78
144,9,0,second,16,2000,plus,76,4
144,9,0,second,16,2000,minus,77,85
144,9,0,second,16,2000,plus,77,12
144,9,0,second,16,2000,minus,78,79
144,9,0,second,16,2000,plus,78,8
144,9,0,second,16,2000,minus,79,115
144,9,0,second,16,2000,plus,79,16
144,9,0,second,16,2000,minus,80,92
144,9,0,second,16,2000,plus,80,31
144,9,0,second,16,2000,minus,81,112
144,9,0,second,16,2000,plus,81,34
144,9,0,second,16,2000,minus,82,87
144,9,0,second,16,2000,plus,82,47
144,9,0,second,16,2000,minus,83,102
144,9,0,second,16,2000,plus,83,50
144,9,0,second,16,2000,minus,84,92
144,9,0,second,16,2000,plus,84,60
144,9,0,second,16,2000,minus,85,93
144,9,0,second,16,2000,plus,85,80
144,9,0,second,16,2000,minus,86,76
144,9,0,second,16,2000,plus,86,78
144,9,0,second,16,2000,minus,87,61
144,9,0,second,16,2000,plus,87,77
144,9,0,second,16,2000,minus,88,63
144,9,0,second,16,2000,plus,88,89
144,9,0,second,16,2000,minus,89,51
144,9,0,second,16,2000,plus,89,109
144,9,0,second,16,2000,minus,90,43
144,9,0,second,16,2000,plus,90,106
144,9,0,second,16,2000,minus,91,36
144,9,0,second,16,2000,plus,91,101
144,9,0,second,16,2000,minus,92,28
144,9,0,second,16,2000,plus,92,106
144,9,0,second,16,2000,minus,93,17
144,9,0,second,16,2000,plus,93,113
144,9,0,second,16,2000,minus,94,14
144,9,0,second,16,2000,plus,94,102
144,9,0,second,16,2000,minus,95,17
144,9,0,second,16,2000,plus,95,87
144,9,0,second,16,2000,minus,96,6
144,9,0,second,16,2000,plus,96,96
144,9,0,second,16,2000,minus,97,4
144,9,0,second,16,2000,plus,97,86
144,9,0,second,16,2000,minus,98,1
144,9,0,second,16,2000,plus,98,63
144,9,0,second,16,2000,minus,99,3
144,9,0,second,16,2000,plus,99,74
144,9,0,second,16,2000,minus,100,1
144,9,0,second,16,2000,plus,100,56
144,9,0,second,16,2000,minus,101,4
144,9,0,second,16,2000,plus,101,55
144,9,0,second,16,2000,plus,102,49
144,9,0,second,16,2000,plus,103,38
144,9,0,second,16,2000,plus,104,31
144,9,0,second,16,2000,plus,105,30
144,9,0,second,16,2000,plus,106,22
144,9,0,second,16,2000,plus,107,20
144,9,0,second,16,2000,plus,108,15
144,9,0,second,16,2000,plus,109,12
144,9,0,second,16,2000,plus,110,5
144,9,0,second,16,2000,plus,111,3
144,9,0,second,16,2000,plus,112,2
144,9,0,second,16,2000,plus,113,4
144,9,0,second,16,2000,plus,114,2
144,9,0,second,16,2000,plus,115,6
144,9,0,second,16,2000,plus,117,2
144,9,0,second,16,2000,plus,118,5
144,9,0,second,16,2000,plus,119,2
144,9,0,second,16,2000,plus,121,2
144,12,0,first,17,2000,minus,50,1
144,12,0,first,17,2000,minus,52,2
144,12,0,first,17,2000,minus,54,1
144,12,0,first,17,2000,minus,57,3
144,12,0,first,17,2000,minus,58,4
144,12,0,first,17,2000,minus,59,4
144,12,0,first,17,2000,minus,60,5
144,12,0,first,17,2000,minus,61,5
144,12,0,first,17,2000,minus,62,6
144,12,0,first,17,2000,minus,63,4
144,12,0,first,17,2000,minus,64,11
144,12,0,first,17,2000,minus,65,11
144,12,0,first,17,2000,plus,65,1
144,12,0,first,17,2000,minus,66,18
144,12,0,first,17,2000,minus,67,20
144,12,0,first,17,2000,minus,68,21
144,12,0,first,17,2000,minus,69,30
144,12,0,first,17,2000,plus,69,1
144,12,0,first,17,2000,minus,70,33
144,12,0,first,17,2000,minus,71,33
144,12,0,first,17,2000,plus,71,4
144,12,0,first,17,2000,minus,72,50
144,12,0,first,17,2000,plus,72,5
144,12,0,first,17,2000,minus,73,55
144,12,0,first,17,2000,plus,73,6
144,12,0,first,17,2000,minus,74,56
144,12,0,first,17,2000,plus,74,4
144,12,0,first,17,2000,minus,75,64
144,12,0,first,17,2000,plus,75,8
144,12,0,first,17,2000,minus,76,74
144,12,0,first,17,2000,plus,76,8
144,12,0,first,17,2000,minus,77,92
144,12,0,first,17,2000,plus,77,12
144,12,0,first,17,2000,minus,78,100
144,12,0,first,17,2000,plus,78,22
144,12,0,first,17,2000,minus,79,85
144,12,0,first,17,2000,plus,79,28
144,12,0,first,17,2000,minus,80,101
144,12,0,first,17,2000,plus,80,33
144,12,0,first,17,2000,minus,81,119
144,12,0,first,17,2000,plus,81,40
144,12,0,first,17,2000,minus,82,104
144,12,0,first,17,2000,plus,82,45
144,12,0,first,17,2000,minus,83,117
144,12,0,first,17,2000,plus,83,60
144,12,0,first,17,2000,minus,84,117
144,12,0,first,17,2000,plus,84,85
144,12,0,first,17,2000,minus,85,104
144,12,0,first,17,2000,plus,85,89
144,12,0,first,17,2000,minus,86,89
144,12,0,first,17,2000,plus,86,99
144,12,0,first,17,2000,minus,87,99
144,12,0,first,17,2000,plus,87,118
144,12,0,first,17,2000,minus,88,72
144,12,0,first,17,2000,plus,88,124
144,12,0,first,17,2000,minus,89,71
144,12,0,first,17,2000,plus,89,117
144,12,0,first,17,2000,minus,90,52
144,12,0,first,17,2000,plus,90,116
144,12,0,first,17,2000,minus,91,43
144,12,0,first,17,2000,plus,91,106
144,12,0,first,17,2000,minus,92,40
144,12,0,first,17,2000,plus,92,109
144,12,0,first,17,2000,minus,93,23
144,12,0,first,17,2000,plus,93,114
144,12,0,first,17,2000,minus,94,17
144,12,0,first,17,2000,plus,94,112
144,12,0,first,17,2000,minus,95,11
144,12,0,first,17,2000,plus,95,94
144,12,0,first,17,2000,minus,96,19
144,12,0,first,17,2000,plus,96,94
144,12,0,first,17,2000,minus,97,6
144,12,0,first,17,2000,plus,97,53
144,12,0,first,17,2000,minus,98,1
144,12,0,first,17,2000,plus,98,73
144,12,0,first,17,2000,minus,99,4
144,12,0,first,17,2000,plus,99,32
144,12,0,first,17,2000,plus,100,50
144,12,0,first,17,2000,minus,101,1
144,12,0,first,17,2000,plus,101,38
144,12,0,first,17,2000,minus,102,1
144,12,0,first,17,2000,plus,102,24
144,12,0,first,17,2000,minus,103,1
144,12,0,first,17,2000,plus,103,14
144,12,0,first,17,2000,plus,104,11
144,12,0,first,17,2000,plus,105,12
144,12,0,first,17,2000,plus,106,11
144,12,0,first,17,2000,plus,107,7
144,12,0,first,17,2000,plus,108,5
144,12,0,first,17,2000,plus,109,5
144,12,0,first,17,2000,plus,110,2
144,12,0,first,17,2000,plus,112,4
144,12,0,first,17,2000,plus,113,2
144,12,0,first,17,2000,plus,114,3
144,9,0,second,17,2000,minus,34,1
144,9,0,second,17,2000,minus,35,1
144,9,0,second,17,2000,minus,44,1
144,9,0,second,17,2000,minus,46,1
144,9,0,second,17,2000,minus,47,1
144,9,0,second,17,2000,minus,48,1
144,9,0,second,17,2000,minus,49,1
144,9,0,second,17,2000,minus,50,1
144,9,0,second,17,2000,minus,51,6
144,9,0,second,17,2000,minus,52,2
144,9,0,second,17,2000,minus,53,2
144,9,0,second,17,2000,minus,54,4
144,9,0,second,17,2000,minus,55,1
144,9,0,second,17,2000,minus,56,7
144,9,0,second,17,2000,minus,57,3
144,9,0,second,17,2000,minus,58,8
144,9,0,second,17,2000,minus,59,6
144,9,0,second,17,2000,minus,60,13
144,9,0,second,17,2000,minus,61,18
144,9,0,second,17,2000,minus,62,12
144,9,0,second,17,2000,minus,63,15
144,9,0,second,17,2000,minus,64,10
144,9,0,second,17,2000,minus,65,26
144,9,0,second,17,2000,minus,66,33
144,9,0,second,17,2000,minus,67,34
144,9,0,second,17,2000,minus,68,34
144,9,0,second,17,2000,minus,69,39
144,9,0,second,17,2000,minus,70,42
144,9,0,second,17,2000,plus,70,1
144,9,0,second,17,2000,minus,71,42
144,9,0,second,17,2000,plus,71,1
144,9,0,second,17,2000,minus,72,40
144,9,0,second,17,2000,plus,72,5
144,9,0,second,17,2000,minus,73,89
144,9,0,second,17,2000,plus,73,4
144,9,0,second,17,2000,minus,74,83
144,9,0,second,17,2000,plus,74,4
144,9,0,second,17,2000,minus,75,82
144,9,0,second,17,2000,plus,75,1
144,9,0,second,17,2000,minus,76,81
144,9,0,second,17,2000,plus,76,9
144,9,0,second,17,2000,minus,77,79
144,9,0,second,17,2000,plus,77,16
144,9,0,second,17,2000,minus,78,101
144,9,0,second,17,2000,plus,78,10
144,9,0,second,17,2000,minus,79,99
144,9,0,second,17,2000,plus,79,25
144,9,0,second,17,2000,minus,80,88
144,9,0,second,17,2000,plus,80,22
144,9,0,second,17,2000,minus,81,100
144,9,0,second,17,2000,plus,81,37
144,9,0,second,17,2000,minus,82,95
144,9,0,second,17,2000,plus,82,48
144,9,0,second,17,2000,minus,83,103
144,9,0,second,17,2000,plus,83,50
144,9,0,second,17,2000,minus,84,89
144,9,0,second,17,2000,plus,84,50
144,9,0,second,17,2000,minus,85,89
144,9,0,second,17,2000,plus,85,59
144,9,0,second,17,2000,minus,86,77
144,9,0,second,17,2000,plus,86,71
144,9,0,second,17,2000,minus,87,49
144,9,0,second,17,2000,plus,87,102
144,9,0,second,17,2000,minus,88,55
144,9,0,second,17,2000,plus,88,114
144,9,0,second,17,2000,minus,89,42
144,9,0,second,17,2000,plus,89,98
144,9,0,second,17,2000,minus,90,38
144,9,0,second,17,2000,plus,90,101
144,9,0,second,17,2000,minus,91,40
144,9,0,second,17,2000,plus,91,108
144,9,0,second,17,2000,minus,92,29
144,9,0,second,17,2000,plus,92,93
144,9,0,second,17,2000,minus,93,25
144,9,0,second,17,2000,plus,93,93
144,9,0,second,17,2000,minus,94,24
144,9,0,second,17,2000,plus,94,84
144,9,0,second,17,2000,minus,95,12
144,9,0,second,17,2000,plus,95,90
144,9,0,second,17,2000,minus,96,7
144,9,0,second,17,2000,plus,96,95
144,9,0,second,17,2000,minus,97,5
144,9,0,second,17,2000,plus,97,82
144,9,0,second,17,2000,minus,98,7
144,9,0,second,17,2000,plus,98,67
144,9,0,second,17,2000,plus,99,73
144,9,0,second,17,2000,minus,100,2
144,9,0,second,17,2000,plus,100,58
144,9,0,second,17,2000,minus,101,3
144,9,0,second,17,2000,plus,101,52
144,9,0,second,17,2000,minus,102,1
144,9,0,second,17,2000,plus,102,55
144,9,0,second,17,2000,minus,103,1
144,9,0,second,17,2000,plus,103,36
144,9,0,second,17,2000,plus,104,33
144,9,0,second,17,2000,plus,105,36
144,9,0,second,17,2000,plus,106,24
144,9,0,second,17,2000,plus,107,14
144,9,0,second,17,2000,plus,108,19
144,9,0,second,17,2000,plus,109,16
144,9,0,second,17,2000,plus,110,12
144,9,0,second,17,2000,plus,111,11
144,9,0,second,17,2000,plus,112,4
144,9,0,second,17,2000,plus,113,5
144,9,0,second,17,2000,plus,114,3
144,9,0,second,17,2000,plus,115,2
144,9,0,second,17,2000,plus,116,2
144,9,0,second,17,2000,plus,117,2
144,9,0,second,17,2000,plus,119,1
144,9,0,second,17,2000,plus,121,1
144,9,0,second,17,2000,plus,124,1
144,12,0,first,18,2000,minus,51,1
144,12,0,first,18,2000,minus,54,1
144,12,0,first,18,2000,minus,55,2
144,12,0,first,18,2000,minus,56,1
144,12,0,first,18,2000,minus,57,3
144,12,0,first,18,2000,minus,58,2
144,12,0,first,18,2000,minus,59,6
144,12,0,first,18,2000,minus,60,3
144,12,0,first,18,2000,minus,61,8
144,12,0,first,18,2000,minus,62,7
144,12,0,first,18,2000,plus,62,1
144,12,0,first,18,2000,minus,63,10
144,12,0,first,18,2000,plus,63,1
144,12,0,first,18,2000,minus,64,10
144,12,0,first,18,2000,plus,64,1
144,12,0,first,18,2000,minus,65,13
144,12,0,first,18,2000,plus,65,1
144,12,0,first,18,2000,minus,66,11
144,12,0,first,18,2000,minus,67,24
144,12,0,first,18,2000,minus,68,25
144,12,0,first,18,2000,plus,68,1
144,12,0,first,18,2000,minus,69,33
144,12,0,first,18,2000,plus,69,2
144,12,0,first,18,2000,minus,70,35
144,12,0,first,18,2000,plus,70,2
144,12,0,first,18,2000,minus,71,47
144,12,0,first,18,2000,plus,71,1
144,12,0,first,18,2000,minus,72,39
144,12,0,first,18,2000,plus,72,3
144,12,0,first,18,2000,minus,73,55
144,12,0,first,18,2000,plus,73,5
144,12,0,first,18,2000,minus,74,70
144,12,0,first,18,2000,plus,74,11
144,12,0,first,18,2000,minus,75,72
144,12,0,first,18,2000,plus,75,11
144,12,0,first,18,2000,minus,76,57
144,12,0,first,18,2000,plus,76,19
144,12,0,first,18,2000,minus,77,74
144,12,0,first,18,2000,plus,77,22
144,12,0,first,18,2000,minus,78,94
144,12,0,first,18,2000,plus,78,24
144,12,0,first,18,2000,minus,79,101
144,12,0,first,18,2000,plus,79,23
144,12,0,first,18,2000,minus,80,104
144,12,0,first,18,2000,plus,80,39
144,12,0,first,18,2000,minus,81,114
144,12,0,first,18,2000,plus,81,46
144,12,0,first,18,2000,minus,82,105
144,12,0,first,18,2000,plus,82,44
144,12,0,first,18,2000,minus,83,117
144,12,0,first,18,2000,plus,83,76
144,12,0,first,18,2000,minus,84,113
144,12,0,first,18,2000,plus,84,77
144,12,0,first,18,2000,minus,85,95
144,12,0,first,18,2000,plus,85,96
144,12,0,first,18,2000,minus,86,92
144,12,0,first,18,2000,plus,86,86
144,12,0,first,18,2000,minus,87,94
144,12,0,first,18,2000,plus,87,105
144,12,0,first,18,2000,minus,88,75
144,12,0,first,18,2000,plus,88,100
144,12,0,first,18,2000,minus,89,57
144,12,0,first,18,2000,plus,89,110
144,12,0,first,18,2000,minus,90,54
144,12,0,first,18,2000,plus,90,126
144,12,0,first,18,2000,minus,91,53
144,12,0,first,18,2000,plus,91,105
144,12,0,first,18,2000,minus,92,35
144,12,0,first,18,2000,plus,92,118
144,12,0,first,18,2000,minus,93,20
144,12,0,first,18,2000,plus,93,104
144,12,0,first,18,2000,minus,94,24
144,12,0,first,18,2000,plus,94,97
144,12,0,first,18,2000,minus,95,12
144,12,0,first,18,2000,plus,95,82
144,12,0,first,18,2000,minus,96,10
144,12,0,first,18,2000,plus,96,75
144,12,0,first,18,2000,minus,97,7
144,12,0,first,18,2000,plus,97,71
144,12,0,first,18,2000,minus,98,5
144,12,0,first,18,2000,plus,98,71
144,12,0,first,18,2000,minus,99,5
144,12,0,first,18,2000,plus,99,47
144,12,0,first,18,2000,minus,100,3
144,12,0,first,18,2000,plus,100,43
144,12,0,first,18,2000,plus,101,40
144,12,0,first,18,2000,plus,102,32
144,12,0,first,18,2000,minus,103,2
144,12,0,first,18,2000,plus,103,20
144,12,0,first,18,2000,plus,104,18
144,12,0,first,18,2000,plus,105,12
144,12,0,first,18,2000,plus,106,10
144,12,0,first,18,2000,plus,107,4
144,12,0,first,18,2000,plus,108,2
144,12,0,first,18,2000,plus,109,6
144,12,0,first,18,2000,plus,110,3
144,12,0,first,18,2000,plus,111,1
144,12,0,first,18,2000,plus,112,1
144,12,0,first,18,2000,plus,113,1
144,12,0,first,18,2000,plus,114,1
144,12,0,first,18,2000,plus,115,3
144,9,0,second,18,2000,minus,39,1
144,9,0,second,18,2000,minus,45,1
144,9,0,second,18,2000,minus,48,2
144,9,0,second,18,2000,minus,49,1
144,9,0,second,18,2000,minus,51,2
144,9,0,second,18,2000,minus,52,2
144,9,0,second,18,2000,minus,53,5
144,9,0,second,18,2000,minus,54,5
144,9,0,second,18,2000,minus,55,4
144,9,0,second,18,2000,minus,56,4
144,9,0,second,18,2000,minus,57,2
144,9,0,second,18,2000,minus,58,3
144,9,0,second,18,2000,minus,59,7
144,9,0,second,18,2000,minus,60,9
144,9,0,second,18,2000,minus,61,13
144,9,0,second,18,2000,minus,62,16
144,9,0,second,18,2000,minus,63,14
144,9,0,second,18,2000,minus,64,16
144,9,0,second,18,2000,minus,65,22
144,9,0,second,18,2000,plus,65,1
144,9,0,second,18,2000,minus,66,24
144,9,0,second,18,2000,minus,67,22
144,9,0,second,18,2000,minus,68,33
144,9,0,second,18,2000,minus,69,52
144,9,0,second,18,2000,minus,70,32
144,9,0,second,18,2000,minus,71,42
144,9,0,second,18,2000,plus,71,1
144,9,0,second,18,2000,minus,72,65
144,9,0,second,18,2000,plus,72,2
144,9,0,second,18,2000,minus,73,68
144,9,0,second,18,2000,plus,73,1
144,9,0,second,18,2000,minus,74,89
144,9,0,second,18,2000,plus,74,3
144,9,0,second,18,2000,minus,75,56
144,9,0,second,18,2000,plus,75,3
144,9,0,second,18,2000,minus,76,84
144,9,0,second,18,2000,plus,76,6
144,9,0,second,18,2000,minus,77,84
144,9,0,second,18,2000,plus,77,9
144,9,0,second,18,2000,minus,78,100
144,9,0,second,18,2000,plus,78,8
144,9,0,second,18,2000,minus,79,110
144,9,0,second,18,2000,plus,79,21
144,9,0,second,18,2000,minus,80,105
144,9,0,second,18,2000,plus,80,39
144,9,0,second,18,2000,minus,81,89
144,9,0,second,18,2000,plus,81,37
144,9,0,second,18,2000,minus,82,103
144,9,0,second,18,2000,plus,82,46
144,9,0,second,18,2000,minus,83,85
144,9,0,second,18,2000,plus,83,51
144,9,0,second,18,2000,minus,84,105
144,9,0,second,18,2000,plus,84,62
144,9,0,second,18,2000,minus,85,85
144,9,0,second,18,2000,plus,85,69
144,9,0,second,18,2000,minus,86,83
144,9,0,second,18,2000,plus,86,85
144,9,0,second,18,2000,minus,87,71
144,9,0,second,18,2000,plus,87,94
144,9,0,second,18,2000,minus,88,68
144,9,0,second,18,2000,plus,88,109
144,9,0,second,18,2000,minus,89,41
144,9,0,second,18,2000,plus,89,100
144,9,0,second,18,2000,minus,90,43
144,9,0,second,18,2000,plus,90,95
144,9,0,second,18,2000,minus,91,45
144,9,0,second,18,2000,plus,91,113
144,9,0,second,18,2000,minus,92,31
144,9,0,second,18,2000,plus,92,130
144,9,0,second,18,2000,minus,93,20
144,9,0,second,18,2000,plus,93,96
144,9,0,second,18,2000,minus,94,6
144,9,0,second,18,2000,plus,94,86
144,9,0,second,18,2000,minus,95,12
144,9,0,second,18,2000,plus,95,85
144,9,0,second,18,2000,minus,96,4
144,9,0,second,18,2000,plus,96,79
144,9,0,second,18,2000,minus,97,7
144,9,0,second,18,2000,plus,97,71
144,9,0,second,18,2000,minus,98,2
144,9,0,second,18,2000,plus,98,75
144,9,0,second,18,2000,minus,99,3
144,9,0,second,18,2000,plus,99,65
144,9,0,second,18,2000,minus,100,1
144,9,0,second,18,2000,plus,100,49
144,9,0,second,18,2000,plus,101,59
144,9,0,second,18,2000,plus,102,43
144,9,0,second,18,2000,plus,103,33
144,9,0,second,18,2000,plus,104,38
144,9,0,second,18,2000,plus,105,24
144,9,0,second,18,2000,minus,106,1
144,9,0,second,18,2000,plus,106,18
144,9,0,second,18,2000,plus,107,16
144,9,0,second,18,2000,plus,108,14
144,9,0,second,18,2000,plus,109,13
144,9,0,second,18,2000,plus,110,9
144,9,0,second,18,2000,plus,111,18
144,9,0,second,18,2000,plus,112,6
144,9,0,second,18,2000,plus,113,6
144,9,0,second,18,2000,plus,114,4
144,9,0,second,18,2000,plus,115,1
144,9,0,second,18,2000,plus,116,3
144,9,0,second,18,2000,plus,117,1
144,9,0,second,18,2000,plus,118,1
144,9,0,second,18,2000,plus,120,1
144,9,0,second,18,2000,plus,122,1
144,12,0,first,19,2000,minus,51,1
144,12,0,first,19,2000,minus,53,1
144,12,0,first,19,2000,minus,55,1
144,12,0,first,19,2000,minus,57,4
144,12,0,first,19,2000,minus,58,4
144,12,0,first,19,2000,minus,60,4
144,12,0,first,19,2000,minus,61,7
144,12,0,first,19,2000,minus,62,7
144,12,0,first,19,2000,minus,63,10
144,12,0,first,19,2000,minus,64,4
144,12,0,first,19,2000,minus,65,7
144,12,0,first,19,2000,minus,66,8
144,12,0,first,19,2000,minus,67,16
144,12,0,first,19,2000,minus,68,24
144,12,0,first,19,2000,minus,69,37
144,12,0,first,19,2000,plus,69,3
144,12,0,first,19,2000,minus,70,31
144,12,0,first,19,2000,plus,70,2
144,12,0,first,19,2000,minus,71,31
144,12,0,first,19,2000,plus,71,1
144,12,0,first,19,2000,minus,72,45
144,12,0,first,19,2000,plus,72,1
144,12,0,first,19,2000,minus,73,42
144,12,0,first,19,2000,plus,73,3
144,12,0,first,19,2000,minus,74,62
144,12,0,first,19,2000,plus,74,4
144,12,0,first,19,2000,minus,75,63
144,12,0,first,19,2000,plus,75,9
144,12,0,first,19,2000,minus,76,90
144,12,0,first,19,2000,plus,76,14
144,12,0,first,19,2000,minus,77,99
144,12,0,first,19,2000,plus,77,14
144,12,0,first,19,2000,minus,78,101
144,12,0,first,19,2000,plus,78,21
144,12,0,first,19,2000,minus,79,114
144,12,0,first,19,2000,plus,79,23
144,12,0,first,19,2000,minus,80,112
144,12,0,first,19,2000,plus,80,39
144,12,0,first,19,2000,minus,81,106
144,12,0,first,19,2000,plus,81,60
144,12,0,first,19,2000,minus,82,124
144,12,0,first,19,2000,plus,82,65
144,12,0,first,19,2000,minus,83,106
144,12,0,first,19,2000,plus,83,53
144,12,0,first,19,2000,minus,84,99
144,12,0,first,19,2000,plus,84,74
144,12,0,first,19,2000,minus,85,104
144,12,0,first,19,2000,plus,85,93
144,12,0,first,19,2000,minus,86,101
144,12,0,first,19,2000,plus,86,103
144,12,0,first,19,2000,minus,87,87
144,12,0,first,19,2000,plus,87,92
144,12,0,first,19,2000,minus,88,59
144,12,0,first,19,2000,plus,88,114
144,12,0,first,19,2000,minus,89,69
144,12,0,first,19,2000,plus,89,123
144,12,0,first,19,2000,minus,90,53
144,12,0,first,19,2000,plus,90,123
144,12,0,first,19,2000,minus,91,43
144,12,0,first,19,2000,plus,91,115
144,12,0,first,19,2000,minus,92,24
144,12,0,first,19,2000,plus,92,113
144,12,0,first,19,2000,minus,93,27
144,12,0,first,19,2000,plus,93,104
144,12,0,first,19,2000,minus,94,19
144,12,0,first,19,2000,plus,94,92
144,12,0,first,19,2000,minus,95,18
144,12,0,first,19,2000,plus,95,84
144,12,0,first,19,2000,minus,96,11
144,12,0,first,19,2000,plus,96,84
144,12,0,first,19,2000,minus,97,9
144,12,0,first,19,2000,plus,97,59
144,12,0,first,19,2000,minus,98,6
144,12,0,first,19,2000,plus,98,66
144,12,0,first,19,2000,minus,99,4
144,12,0,first,19,2000,plus,99,59
144,12,0,first,19,2000,minus,100,2
144,12,0,first,19,2000,plus,100,43
144,12,0,first,19,2000,minus,101,2
144,12,0,first,19,2000,plus,101,44
144,12,0,first,19,2000,minus,102,1
144,12,0,first,19,2000,plus,102,23
144,12,0,first,19,2000,plus,103,17
144,12,0,first,19,2000,plus,104,15
144,12,0,first,19,2000,plus,105,9
144,12,0,first,19,2000,minus,106,1
144,12,0,first,19,2000,plus,106,12
144,12,0,first,19,2000,plus,107,9
144,12,0,first,19,2000,plus,108,4
144,12,0,first,19,2000,plus,109,2
144,12,0,first,19,2000,plus,110,4
144,12,0,first,19,2000,plus,111,5
144,12,0,first,19,2000,plus,112,2
144,12,0,first,19,2000,plus,117,1
144,9,0,second,19,2000,minus,43,1
144,9,0,second,19,2000,minus,46,1
144,9,0,second,19,2000,minus,50,1
144,9,0,second,19,2000,minus,51,1
144,9,0,second,19,2000,minus,52,2
144,9,0,second,19,2000,minus,53,5
144,9,0,second,19,2000,minus,54,5
144,9,0,second,19,2000,minus,55,5
144,9,0,second,19,2000,minus,56,4
144,9,0,second,19,2000,minus,57,2
144,9,0,second,19,2000,minus,58,6
144,9,0,second,19,2000,minus,59,7
144,9,0,second,19,2000,minus,60,7
144,9,0,second,19,2000,minus,61,16
144,9,0,second,19,2000,minus,62,8
144,9,0,second,19,2000,minus,63,12
144,9,0,second,19,2000,minus,64,27
144,9,0,second,19,2000,minus,65,24
144,9,0,second,19,2000,minus,66,30
144,9,0,second,19,2000,minus,67,35
144,9,0,second,19,2000,plus,67,1
144,9,0,second,19,2000,minus,68,35
144,9,0,second,19,2000,minus,69,53
144,9,0,second,19,2000,minus,70,45
144,9,0,second,19,2000,minus,71,45
144,9,0,second,19,2000,plus,71,2
144,9,0,second,19,2000,minus,72,65
144,9,0,second,19,2000,plus,72,5
144,9,0,second,19,2000,minus,73,60
144,9,0,second,19,2000,plus,73,3
144,9,0,second,19,2000,minus,74,60
144,9,0,second,19,2000,plus,74,5
144,9,0,second,19,2000,minus,75,75
144,9,0,second,19,2000,plus,75,7
144,9,0,second,19,2000,minus,76,74
144,9,0,second,19,2000,plus,76,9
144,9,0,second,19,2000,minus,77,95
144,9,0,second,19,2000,plus,77,10
144,9,0,second,19,2000,minus,78,102
144,9,0,second,19,2000,plus,78,16
144,9,0,second,19,2000,minus,79,92
144,9,0,second,19,2000,plus,79,15
144,9,0,second,19,2000,minus,80,91
144,9,0,second,19,2000,plus,80,29
144,9,0,second,19,2000,minus,81,90
144,9,0,second,19,2000,plus,81,42
144,9,0,second,19,2000,minus,82,108
144,9,0,second,19,2000,plus,82,43
144,9,0,second,19,2000,minus,83,87
144,9,0,second,19,2000,plus,83,51
144,9,0,second,19,2000,minus,84,84
144,9,0,second,19,2000,plus,84,62
144,9,0,second,19,2000,minus,85,100
144,9,0,second,19,2000,plus,85,75
144,9,0,second,19,2000,minus,86,78
144,9,0,second,19,2000,plus,86,79
144,9,0,second,19,2000,minus,87,72
144,9,0,second,19,2000,plus,87,85
144,9,0,second,19,2000,minus,88,69
144,9,0,second,19,2000,plus,88,93
144,9,0,second,19,2000,minus,89,62
144,9,0,second,19,2000,plus,89,115
144,9,0,second,19,2000,minus,90,34
144,9,0,second,19,2000,plus,90,97
144,9,0,second,19,2000,minus,91,37
144,9,0,second,19,2000,plus,91,87
144,9,0,second,19,2000,minus,92,26
144,9,0,second,19,2000,plus,92,110
144,9,0,second,19,2000,minus,93,19
144,9,0,second,19,2000,plus,93,101
144,9,0,second,19,2000,minus,94,11
144,9,0,second,19,2000,plus,94,118
144,9,0,second,19,2000,minus,95,12
144,9,0,second,19,2000,plus,95,86
144,9,0,second,19,2000,minus,96,7
144,9,0,second,19,2000,plus,96,88
144,9,0,second,19,2000,minus,97,2
144,9,0,second,19,2000,plus,97,78
144,9,0,second,19,2000,minus,98,3
144,9,0,second,19,2000,plus,98,67
144,9,0,second,19,2000,minus,99,4
144,9,0,second,19,2000,plus,99,88
144,9,0,second,19,2000,minus,100,2
144,9,0,second,19,2000,plus,100,56
144,9,0,second,19,2000,minus,101,2
144,9,0,second,19,2000,plus,101,38
144,9,0,second,19,2000,plus,102,42
144,9,0,second,19,2000,plus,103,31
144,9,0,second,19,2000,plus,104,27
144,9,0,second,19,2000,plus,105,20
144,9,0,second,19,2000,plus,106,14
144,9,0,second,19,2000,plus,107,27
144,9,0,second,19,2000,plus,108,19
144,9,0,second,19,2000,plus,109,13
144,9,0,second,19,2000,plus,110,7
144,9,0,second,19,2000,plus,111,13
144,9,0,second,19,2000,plus,112,9
144,9,0,second,19,2000,plus,113,5
144,9,0,second,19,2000,plus,114,2
144,9,0,second,19,2000,plus,115,3
144,9,0,second,19,2000,plus,116,2
144,9,0,second,19,2000,plus,117,2
144,9,0,second,19,2000,plus,120,1
144,9,0,second,19,2000,plus,121,1
144,9,0,second,19,2000,plus,125,1
144,12,0,first,20,2000,minus,46,1
144,12,0,first,20,2000,minus,51,2
144,12,0,first,20,2000,minus,53,1
144,12,0,first,20,2000,minus,56,1
144,12,0,first,20,2000,minus,57,1
144,12,0,first,20,2000,minus,58,3
144,12,0,first,20,2000,minus,59,2
144,12,0,first,20,2000,minus,60,1
144,12,0,first,20,2000,minus,61,3
144,12,0,first,20,2000,minus,62,5
144,12,0,first,20,2000,minus,63,7
144,12,0,first,20,2000,minus,64,10
144,12,0,first,20,2000,minus,65,14
144,12,0,first,20,2000,minus,66,19
144,12,0,first,20,2000,minus,67,16
144,12,0,first,20,2000,minus,68,16
144,12,0,first,20,2000,plus,68,1
144,12,0,first,20,2000,minus,69,25
144,12,0,first,20,2000,minus,70,28
144,12,0,first,20,2000,plus,70,3
144,12,0,first,20,2000,minus,71,48
144,12,0,first,20,2000,plus,71,2
144,12,0,first,20,2000,minus,72,52
144,12,0,first,20,2000,plus,72,2
144,12,0,first,20,2000,minus,73,49
144,12,0,first,20,2000,plus,73,4
144,12,0,first,20,2000,minus,74,66
144,12,0,first,20,2000,plus,74,8
144,12,0,first,20,2000,minus,75,66
144,12,0,first,20,2000,plus,75,14
144,12,0,first,20,2000,minus,76,78
144,12,0,first,20,2000,plus,76,11
144,12,0,first,20,2000,minus,77,77
144,12,0,first,20,2000,plus,77,12
144,12,0,first,20,2000,minus,78,87
144,12,0,first,20,2000,plus,78,21
144,12,0,first,20,2000,minus,79,108
144,12,0,first,20,2000,plus,79,24
144,12,0,first,20,2000,minus,80,107
144,12,0,first,20,2000,plus,80,41
144,12,0,first,20,2000,minus,81,122
144,12,0,first,20,2000,plus,81,45
144,12,0,first,20,2000,minus,82,113
144,12,0,first,20,2000,plus,82,46
144,12,0,first,20,2000,minus,83,117
144,12,0,first,20,2000,plus,83,84
144,12,0,first,20,2000,minus,84,112
144,12,0,first,20,2000,plus,84,74
144,12,0,first,20,2000,minus,85,89
144,12,0,first,20,2000,plus,85,91
144,12,0,first,20,2000,minus,86,99
144,12,0,first,20,2000,plus,86,94
144,12,0,first,20,2000,minus,87,71
144,12,0,first,20,2000,plus,87,106
144,12,0,first,20,2000,minus,88,67
144,12,0,first,20,2000,plus,88,102
144,12,0,first,20,2000,minus,89,62
144,12,0,first,20,2000,plus,89,93
144,12,0,first,20,2000,minus,90,56
144,12,0,first,20,2000,plus,90,113
144,12,0,first,20,2000,minus,91,52
144,12,0,first,20,2000,plus,91,127
144,12,0,first,20,2000,minus,92,38
144,12,0,first,20,2000,plus,92,137
144,12,0,first,20,2000,minus,93,24
144,12,0,first,20,2000,plus,93,115
144,12,0,first,20,2000,minus,94,26
144,12,0,first,20,2000,plus,94,91
144,12,0,first,20,2000,minus,95,15
144,12,0,first,20,2000,plus,95,79
144,12,0,first,20,2000,minus,96,12
144,12,0,first,20,2000,plus,96,74
144,12,0,first,20,2000,minus,97,9
144,12,0,first,20,2000,plus,97,71
144,12,0,first,20,2000,minus,98,8
144,12,0,first,20,2000,plus,98,64
144,12,0,first,20,2000,minus,99,6
144,12,0,first,20,2000,plus,99,51
144,12,0,first,20,2000,minus,100,6
144,12,0,first,20,2000,plus,100,38
144,12,0,first,20,2000,minus,101,2
144,12,0,first,20,2000,plus,101,39
144,12,0,first,20,2000,minus,102,1
144,12,0,first,20,2000,plus,102,19
144,12,0,first,20,2000,plus,103,27
144,12,0,first,20,2000,plus,104,25
144,12,0,first,20,2000,plus,105,14
144,12,0,first,20,2000,plus,106,14
144,12,0,first,20,2000,plus,107,7
144,12,0,first,20,2000,plus,108,7
144,12,0,first,20,2000,plus,109,1
144,12,0,first,20,2000,plus,110,4
144,12,0,first,20,2000,plus,111,2
144,12,0,first,20,2000,plus,112,1
144,12,0,first,20,2000,plus,113,1
144,12,0,first,20,2000,plus,117,1
144,9,0,second,20,2000,minus,36,1
144,9,0,second,20,2000,minus,41,1
144,9,0,second,20,2000,minus,43,1
144,9,0,second,20,2000,minus,48,2
144,9,0,second,20,2000,minus,51,1
144,9,0,second,20,2000,minus,52,1
144,9,0,second,20,2000,minus,53,1
144,9,0,second,20,2000,minus,54,4
144,9,0,second,20,2000,minus,55,2
144,9,0,second,20,2000,minus,56,7
144,9,0,second,20,2000,minus,57,3
144,9,0,second,20,2000,minus,58,5
144,9,0,second,20,2000,minus,59,13
144,9,0,second,20,2000,minus,60,14
144,9,0,second,20,2000,minus,61,17
144,9,0,second,20,2000,minus,62,17
144,9,0,second,20,2000,minus,63,20
144,9,0,second,20,2000,minus,64,18
144,9,0,second,20,2000,minus,65,21
144,9,0,second,20,2000,minus,66,26
144,9,0,second,20,2000,minus,67,35
144,9,0,second,20,2000,plus,67,1
144,9,0,second,20,2000,minus,68,29
144,9,0,second,20,2000,minus,69,39
144,9,0,second,20,2000,plus,69,2
144,9,0,second,20,2000,minus,70,30
144,9,0,second,20,2000,minus,71,56
144,9,0,second,20,2000,minus,72,56
144,9,0,second,20,2000,plus,72,1
144,9,0,second,20,2000,minus,73,49
144,9,0,second,20,2000,plus,73,3
144,9,0,second,20,2000,minus,74,80
144,9,0,second,20,2000,plus,74,5
144,9,0,second,20,2000,minus,75,71
144,9,0,second,20,2000,plus,75,9
144,9,0,second,20,2000,minus,76,79
144,9,0,second,20,2000,plus,76,7
144,9,0,second,20,2000,minus,77,90
144,9,0,second,20,2000,plus,77,11
144,9,0,second,20,2000,minus,78,95
144,9,0,second,20,2000,plus,78,21
144,9,0,second,20,2000,minus,79,98
144,9,0,second,20,2000,plus,79,18
144,9,0,second,20,2000,minus,80,104
144,9,0,second,20,2000,plus,80,32
144,9,0,second,20,2000,minus,81,100
144,9,0,second,20,2000,plus,81,38
144,9,0,second,20,2000,minus,82,107
144,9,0,second,20,2000,plus,82,48
144,9,0,second,20,2000,minus,83,102
144,9,0,second,20,2000,plus,83,52
144,9,0,second,20,2000,minus,84,102
144,9,0,second,20,2000,plus,84,63
144,9,0,second,20,2000,minus,85,79
144,9,0,second,20,2000,plus,85,73
144,9,0,second,20,2000,minus,86,87
144,9,0,second,20,2000,plus,86,74
144,9,0,second,20,2000,minus,87,64
144,9,0,second,20,2000,plus,87,83
144,9,0,second,20,2000,minus,88,54
144,9,0,second,20,2000,plus,88,81
144,9,0,second,20,2000,minus,89,58
144,9,0,second,20,2000,plus,89,113
144,9,0,second,20,2000,minus,90,35
144,9,0,second,20,2000,plus,90,112
144,9,0,second,20,2000,minus,91,31
144,9,0,second,20,2000,plus,91,100
144,9,0,second,20,2000,minus,92,20
144,9,0,second,20,2000,plus,92,104
144,9,0,second,20,2000,minus,93,20
144,9,0,second,20,2000,plus,93,102
144,9,0,second,20,2000,minus,94,15
144,9,0,second,20,2000,plus,94,91
144,9,0,second,20,2000,minus,95,13
144,9,0,second,20,2000,plus,95,87
144,9,0,second,20,2000,minus,96,7
144,9,0,second,20,2000,plus,96,73
144,9,0,second,20,2000,minus,97,9
144,9,0,second,20,2000,plus,97,87
144,9,0,second,20,2000,minus,98,1
144,9,0,second,20,2000,plus,98,69
144,9,0,second,20,2000,minus,99,6
144,9,0,second,20,2000,plus,99,66
144,9,0,second,20,2000,plus,100,57
144,9,0,second,20,2000,minus,101,3
144,9,0,second,20,2000,plus,101,45
144,9,0,second,20,2000,plus,102,51
144,9,0,second,20,2000,minus,103,1
144,9,0,second,20,2000,plus,103,36
144,9,0,second,20,2000,plus,104,31
144,9,0,second,20,2000,plus,105,29
144,9,0,second,20,2000,plus,106,21
144,9,0,second,20,2000,plus,107,22
144,9,0,second,20,2000,plus,108,22
144,9,0,second,20,2000,plus,109,12
144,9,0,second,20,2000,plus,110,12
144,9,0,second,20,2000,plus,111,7
144,9,0,second,20,2000,plus,112,5
144,9,0,second,20,2000,plus,113,9
144,9,0,second,20,2000,plus,114,2
144,9,0,second,20,2000,plus,115,3
144,9,0,second,20,2000,plus,116,3
144,9,0,second,20,2000,plus,117,4
144,9,0,second,20,2000,plus,118,2
144,9,0,second,20,2000,plus,123,1
144,12,0,first,21,2000,minus,52,1
144,12,0,first,21,2000,minus,53,1
144,12,0,first,21,2000,minus,54,1
144,12,0,first,21,2000,minus,56,2
144,12,0,first,21,2000,minus,58,1
144,12,0,first,21,2000,minus,59,3
144,12,0,first,21,2000,minus,60,4
144,12,0,first,21,2000,minus,61,3
144,12,0,first,21,2000,minus,62,5
144,12,0,first,21,2000,minus,63,6
144,12,0,first,21,2000,minus,64,13
144,12,0,first,21,2000,minus,65,14
144,12,0,first,21,2000,plus,65,1
144,12,0,first,21,2000,minus,66,18
144,12,0,first,21,2000,minus,67,20
144,12,0,first,21,2000,plus,67,1
144,12,0,first,21,2000,minus,68,22
144,12,0,first,21,2000,minus,69,26
144,12,0,first,21,2000,plus,69,1
144,12,0,first,21,2000,minus,70,27
144,12,0,first,21,2000,plus,70,2
144,12,0,first,21,2000,minus,71,41
144,12,0,first,21,2000,plus,71,4
144,12,0,first,21,2000,minus,72,42
144,12,0,first,21,2000,plus,72,3
144,12,0,first,21,2000,minus,73,47
144,12,0,first,21,2000,plus,73,5
144,12,0,first,21,2000,minus,74,47
144,12,0,first,21,2000,plus,74,5
144,12,0,first,21,2000,minus,75,77
144,12,0,first,21,2000,plus,75,8
144,12,0,first,21,2000,minus,76,89
144,12,0,first,21,2000,plus,76,14
144,12,0,first,21,2000,minus,77,85
144,12,0,first,21,2000,plus,77,21
144,12,0,first,21,2000,minus,78,97
144,12,0,first,21,2000,plus,78,23
144,12,0,first,21,2000,minus,79,98
144,12,0,first,21,2000,plus,79,23
144,12,0,first,21,2000,minus,80,120
144,12,0,first,21,2000,plus,80,45
144,12,0,first,21,2000,minus,81,101
144,12,0,first,21,2000,plus,81,60
144,12,0,first,21,2000,minus,82,123
144,12,0,first,21,2000,plus,82,45
144,12,0,first,21,2000,minus,83,119
144,12,0,first,21,2000,plus,83,72
144,12,0,first,21,2000,minus,84,88
144,12,0,first,21,2000,plus,84,71
144,12,0,first,21,2000,minus,85,116
144,12,0,first,21,2000,plus,85,91
144,12,0,first,21,2000,minus,86,98
144,12,0,first,21,2000,plus,86,97
144,12,0,first,21,2000,minus,87,71
144,12,0,first,21,2000,plus,87,97
144,12,0,first,21,2000,minus,88,74
144,12,0,first,21,2000,plus,88,93
144,12,0,first,21,2000,minus,89,64
144,12,0,first,21,2000,plus,89,127
144,12,0,first,21,2000,minus,90,59
144,12,0,first,21,2000,plus,90,129
144,12,0,first,21,2000,minus,91,45
144,12,0,first,21,2000,plus,91,132
144,12,0,first,21,2000,minus,92,31
144,12,0,first,21,2000,plus,92,117
144,12,0,first,21,2000,minus,93,22
144,12,0,first,21,2000,plus,93,94
144,12,0,first,21,2000,minus,94,27
144,12,0,first,21,2000,plus,94,107
144,12,0,first,21,2000,minus,95,22
144,12,0,first,21,2000,plus,95,80
144,12,0,first,21,2000,minus,96,6
144,12,0,first,21,2000,plus,96,90
144,12,0,first,21,2000,minus,97,13
144,12,0,first,21,2000,plus,97,67
144,12,0,first,21,2000,minus,98,6
144,12,0,first,21,2000,plus,98,56
144,12,0,first,21,2000,minus,99,1
144,12,0,first,21,2000,plus,99,42
144,12,0,first,21,2000,minus,100,1
144,12,0,first,21,2000,plus,100,42
144,12,0,first,21,2000,plus,101,29
144,12,0,first,21,2000,minus,102,1
144,12,0,first,21,2000,plus,102,24
144,12,0,first,21,2000,plus,103,21
144,12,0,first,21,2000,minus,104,1
144,12,0,first,21,2000,plus,104,14
144,12,0,first,21,2000,plus,105,10
144,12,0,first,21,2000,plus,106,11
144,12,0,first,21,2000,plus,107,7
144,12,0,first,21,2000,plus,108,7
144,12,0,first,21,2000,plus,109,3
144,12,0,first,21,2000,plus,110,4
144,12,0,first,21,2000,minus,111,1
144,12,0,first,21,2000,plus,111,2
144,12,0,first,21,2000,plus,112,2
144,12,0,first,21,2000,plus,115,1
144,9,0,second,21,2000,minus,44,1
144,9,0,second,21,2000,minus,46,1
144,9,0,second,21,2000,minus,47,2
144,9,0,second,21,2000,minus,48,5
144,9,0,second,21,2000,minus,51,1
144,9,0,second,21,2000,minus,52,3
144,9,0,second,21,2000,minus,53,1
144,9,0,second,21,2000,minus,54,3
144,9,0,second,21,2000,minus,55,6
144,9,0,second,21,2000,minus,56,5
144,9,0,second,21,2000,minus,57,7
144,9,0,second,21,2000,minus,58,11
144,9,0,second,21,2000,minus,59,4
144,9,0,second,21,2000,minus,60,12
144,9,0,second,21,2000,minus,61,12
144,9,0,second,21,2000,minus,62,13
144,9,0,second,21,2000,minus,63,18
144,9,0,second,21,2000,minus,64,24
144,9,0,second,21,2000,minus,65,20
144,9,0,second,21,2000,minus,66,26
144,9,0,second,21,2000,minus,67,39
144,9,0,second,21,2000,minus,68,40
144,9,0,second,21,2000,minus,69,42
144,9,0,second,21,2000,minus,70,38
144,9,0,second,21,2000,plus,70,1
144,9,0,second,21,2000,minus,71,55
144,9,0,second,21,2000,plus,71,1
144,9,0,second,21,2000,minus,72,60
144,9,0,second,21,2000,plus,72,5
144,9,0,second,21,2000,minus,73,60
144,9,0,second,21,2000,plus,73,6
144,9,0,second,21,2000,minus,74,67
144,9,0,second,21,2000,plus,74,5
144,9,0,second,21,2000,minus,75,55
144,9,0,second,21,2000,plus,75,7
144,9,0,second,21,2000,minus,76,65
144,9,0,second,21,2000,plus,76,13
144,9,0,second,21,2000,minus,77,80
144,9,0,second,21,2000,plus,77,8
144,9,0,second,21,2000,minus,78,115
144,9,0,second,21,2000,plus,78,17
144,9,0,second,21,2000,minus,79,96
144,9,0,second,21,2000,plus,79,23
144,9,0,second,21,2000,minus,80,90
144,9,0,second,21,2000,plus,80,28
144,9,0,second,21,2000,minus,81,109
144,9,0,second,21,2000,plus,81,36
144,9,0,second,21,2000,minus,82,90
144,9,0,second,21,2000,plus,82,42
144,9,0,second,21,2000,minus,83,86
144,9,0,second,21,2000,plus,83,45
144,9,0,second,21,2000,minus,84,107
144,9,0,second,21,2000,plus,84,76
144,9,0,second,21,2000,minus,85,84
144,9,0,second,21,2000,plus,85,61
144,9,0,second,21,2000,minus,86,69
144,9,0,second,21,2000,plus,86,82
144,9,0,second,21,2000,minus,87,80
144,9,0,second,21,2000,plus,87,80
144,9,0,second,21,2000,minus,88,60
144,9,0,second,21,2000,plus,88,92
144,9,0,second,21,2000,minus,89,51
144,9,0,second,21,2000,plus,89,80
144,9,0,second,21,2000,minus,90,39
144,9,0,second,21,2000,plus,90,116
144,9,0,second,21,2000,minus,91,36
144,9,0,second,21,2000,plus,91,108
144,9,0,second,21,2000,minus,92,36
144,9,0,second,21,2000,plus,92,106
144,9,0,second,21,2000,minus,93,22
144,9,0,second,21,2000,plus,93,105
144,9,0,second,21,2000,minus,94,11
144,9,0,second,21,2000,plus,94,96
144,9,0,second,21,2000,minus,95,13
144,9,0,second,21,2000,plus,95,90
144,9,0,second,21,2000,minus,96,7
144,9,0,second,21,2000,plus,96,90
144,9,0,second,21,2000,minus,97,12
144,9,0,second,21,2000,plus,97,81
144,9,0,second,21,2000,minus,98,3
144,9,0,second,21,2000,plus,98,72
144,9,0,second,21,2000,minus,99,3
144,9,0,second,21,2000,plus,99,69
144,9,0,second,21,2000,minus,100,2
144,9,0,second,21,2000,plus,100,62
144,9,0,second,21,2000,minus,101,1
144,9,0,second,21,2000,plus,101,57
144,9,0,second,21,2000,plus,102,39
144,9,0,second,21,2000,plus,103,37
144,9,0,second,21,2000,minus,104,1
144,9,0,second,21,2000,plus,104,27
144,9,0,second,21,2000,plus,105,23
144,9,0,second,21,2000,plus,106,28
144,9,0,second,21,2000,plus,107,15
144,9,0,second,21,2000,minus,108,1
144,9,0,second,21,2000,plus,108,10
144,9,0,second,21,2000,plus,109,14
144,9,0,second,21,2000,plus,110,9
144,9,0,second,21,2000,plus,111,5
144,9,0,second,21,2000,plus,112,7
144,9,0,second,21,2000,plus,113,6
144,9,0,second,21,2000,plus,114,6
144,9,0,second,21,2000,plus,115,6
144,9,0,second,21,2000,plus,116,2
144,9,0,second,21,2000,plus,117,2
144,9,0,second,21,2000,plus,118,2
144,9,0,second,21,2000,plus,119,2
144,12,0,first,22,2000,minus,51,1
144,12,0,first,22,2000,minus,55,2
144,12,0,first,22,2000,minus,56,2
144,12,0,first,22,2000,minus,57,4
144,12,0,first,22,2000,minus,58,2
144,12,0,first,22,2000,minus,59,1
144,12,0,first,22,2000,minus,60,2
144,12,0,first,22,2000,minus,61,6
144,12,0,first,22,2000,minus,62,10
144,12,0,first,22,2000,minus,63,9
144,12,0,first,22,2000,minus,64,8
144,12,0,first,22,2000,minus,65,9
144,12,0,first,22,2000,minus,66,16
144,12,0,first,22,2000,plus,66,1
144,12,0,first,22,2000,minus,67,13
144,12,0,first,22,2000,minus,68,19
144,12,0,first,22,2000,plus,68,1
144,12,0,first,22,2000,minus,69,24
144,12,0,first,22,2000,plus,69,1
144,12,0,first,22,2000,minus,70,30
144,12,0,first,22,2000,plus,70,2
144,12,0,first,22,2000,minus,71,33
144,12,0,first,22,2000,plus,71,3
144,12,0,first,22,2000,minus,72,45
144,12,0,first,22,2000,plus,72,2
144,12,0,first,22,2000,minus,73,52
144,12,0,first,22,2000,plus,73,6
144,12,0,first,22,2000,minus,74,59
144,12,0,first,22,2000,plus,74,5
144,12,0,first,22,2000,minus,75,59
144,12,0,first,22,2000,plus,75,7
144,12,0,first,22,2000,minus,76,84
144,12,0,first,22,2000,plus,76,7
144,12,0,first,22,2000,minus,77,81
144,12,0,first,22,2000,plus,77,16
144,12,0,first,22,2000,minus,78,104
144,12,0,first,22,2000,plus,78,20
144,12,0,first,22,2000,minus,79,101
144,12,0,first,22,2000,plus,79,38
144,12,0,first,22,2000,minus,80,127
144,12,0,first,22,2000,plus,80,22
144,12,0,first,22,2000,minus,81,87
144,12,0,first,22,2000,plus,81,45
144,12,0,first,22,2000,minus,82,106
144,12,0,first,22,2000,plus,82,65
144,12,0,first,22,2000,minus,83,115
144,12,0,first,22,2000,plus,83,65
144,12,0,first,22,2000,minus,84,108
144,12,0,first,22,2000,plus,84,73
144,12,0,first,22,2000,minus,85,107
144,12,0,first,22,2000,plus,85,112
144,12,0,first,22,2000,minus,86,99
144,12,0,first,22,2000,plus,86,107
144,12,0,first,22,2000,minus,87,90
144,12,0,first,22,2000,plus,87,97
144,12,0,first,22,2000,minus,88,81
144,12,0,first,22,2000,plus,88,92
144,12,0,first,22,2000,minus,89,61
144,12,0,first,22,2000,plus,89,110
144,12,0,first,22,2000,minus,90,53
144,12,0,first,22,2000,plus,90,111
144,12,0,first,22,2000,minus,91,56
144,12,0,first,22,2000,plus,91,103
144,12,0,first,22,2000,minus,92,41
144,12,0,first,22,2000,plus,92,100
144,12,0,first,22,2000,minus,93,32
144,12,0,first,22,2000,plus,93,103
144,12,0,first,22,2000,minus,94,16
144,12,0,first,22,2000,plus,94,108
144,12,0,first,22,2000,minus,95,19
144,12,0,first,22,2000,plus,95,96
144,12,0,first,22,2000,minus,96,7
144,12,0,first,22,2000,plus,96,88
144,12,0,first,22,2000,minus,97,4
144,12,0,first,22,2000,plus,97,73
144,12,0,first,22,2000,minus,98,5
144,12,0,first,22,2000,plus,98,68
144,12,0,first,22,2000,minus,99,4
144,12,0,first,22,2000,plus,99,48
144,12,0,first,22,2000,minus,100,4
144,12,0,first,22,2000,plus,100,43
144,12,0,first,22,2000,minus,101,2
144,12,0,first,22,2000,plus,101,34
144,12,0,first,22,2000,plus,102,28
144,12,0,first,22,2000,plus,103,23
144,12,0,first,22,2000,plus,104,15
144,12,0,first,22,2000,plus,105,11
144,12,0,first,22,2000,plus,106,14
144,12,0,first,22,2000,plus,107,10
144,12,0,first,22,2000,plus,108,8
144,12,0,first,22,2000,plus,109,4
144,12,0,first,22,2000,plus,110,2
144,12,0,first,22,2000,plus,111,3
144,12,0,first,22,2000,plus,112,3
144,12,0,first,22,2000,plus,113,3
144,12,0,first,22,2000,plus,114,1
144,12,0,first,22,2000,plus,115,1
144,12,0,first,22,2000,plus,117,1
144,12,0,first,22,2000,plus,119,1
144,9,0,second,22,2000,minus,38,1
144,9,0,second,22,2000,minus,43,2
144,9,0,second,22,2000,minus,45,1
144,9,0,second,22,2000,minus,46,2
144,9,0,second,22,2000,minus,48,1
144,9,0,second,22,2000,minus,50,1
144,9,0,second,22,2000,minus,52,1
144,9,0,second,22,2000,minus,54,2
144,9,0,second,22,2000,minus,55,4
144,9,0,second,22,2000,minus,56,5
144,9,0,second,22,2000,minus,57,6
144,9,0,second,22,2000,minus,58,7
144,9,0,second,22,2000,minus,59,5
144,9,0,second,22,2000,minus,60,12
144,9,0,second,22,2000,minus,61,14
144,9,0,second,22,2000,minus,62,8
144,9,0,second,22,2000,minus,63,13
144,9,0,second,22,2000,minus,64,27
144,9,0,second,22,2000,minus,65,17
144,9,0,second,22,2000,minus,66,25
144,9,0,second,22,2000,plus,66,1
144,9,0,second,22,2000,minus,67,33
144,9,0,second,22,2000,minus,68,31
144,9,0,second,22,2000,plus,68,1
144,9,0,second,22,2000,minus,69,46
144,9,0,second,22,2000,plus,69,1
144,9,0,second,22,2000,minus,70,49
144,9,0,second,22,2000,plus,70,1
144,9,0,second,22,2000,minus,71,46
144,9,0,second,22,2000,plus,71,1
144,9,0,second,22,2000,minus,72,63
144,9,0,second,22,2000,plus,72,1
144,9,0,second,22,2000,minus,73,67
144,9,0,second,22,2000,plus,73,1
144,9,0,second,22,2000,minus,74,66
144,9,0,second,22,2000,plus,74,4
144,9,0,second,22,2000,minus,75,68
144,9,0,second,22,2000,plus,75,6
144,9,0,second,22,2000,minus,76,86
144,9,0,second,22,2000,plus,76,13
144,9,0,second,22,2000,minus,77,83
144,9,0,second,22,2000,plus,77,13
144,9,0,second,22,2000,minus,78,109
144,9,0,second,22,2000,plus,78,18
144,9,0,second,22,2000,minus,79,94
144,9,0,second,22,2000,plus,79,20
144,9,0,second,22,2000,minus,80,103
144,9,0,second,22,2000,plus,80,17
144,9,0,second,22,2000,minus,81,82
144,9,0,second,22,2000,plus,81,42
144,9,0,second,22,2000,minus,82,116
144,9,0,second,22,2000,plus,82,41
144,9,0,second,22,2000,minus,83,98
144,9,0,second,22,2000,plus,83,53
144,9,0,second,22,2000,minus,84,98
144,9,0,second,22,2000,plus,84,59
144,9,0,second,22,2000,minus,85,82
144,9,0,second,22,2000,plus,85,68
144,9,0,second,22,2000,minus,86,89
144,9,0,second,22,2000,plus,86,100
144,9,0,second,22,2000,minus,87,66
144,9,0,second,22,2000,plus,87,86
144,9,0,second,22,2000,minus,88,60
144,9,0,second,22,2000,plus,88,107
144,9,0,second,22,2000,minus,89,45
144,9,0,second,22,2000,plus,89,95
144,9,0,second,22,2000,minus,90,45
144,9,0,second,22,2000,plus,90,104
144,9,0,second,22,2000,minus,91,38
144,9,0,second,22,2000,plus,91,100
144,9,0,second,22,2000,minus,92,17
144,9,0,second,22,2000,plus,92,111
144,9,0,second,22,2000,minus,93,25
144,9,0,second,22,2000,plus,93,95
144,9,0,second,22,2000,minus,94,13
144,9,0,second,22,2000,plus,94,80
144,9,0,second,22,2000,minus,95,10
144,9,0,second,22,2000,plus,95,89
144,9,0,second,22,2000,minus,96,7
144,9,0,second,22,2000,plus,96,79
144,9,0,second,22,2000,minus,97,5
144,9,0,second,22,2000,plus,97,84
144,9,0,second,22,2000,minus,98,2
144,9,0,second,22,2000,plus,98,80
144,9,0,second,22,2000,plus,99,48
144,9,0,second,22,2000,minus,100,1
144,9,0,second,22,2000,plus,100,59
144,9,0,second,22,2000,minus,101,1
144,9,0,second,22,2000,plus,101,56
144,9,0,second,22,2000,minus,102,1
144,9,0,second,22,2000,plus,102,39
144,9,0,second,22,2000,plus,103,26
144,9,0,second,22,2000,plus,104,32
144,9,0,second,22,2000,minus,105,1
144,9,0,second,22,2000,plus,105,37
144,9,0,second,22,2000,plus,106,33
144,9,0,second,22,2000,plus,107,20
144,9,0,second,22,2000,plus,108,9
144,9,0,second,22,2000,plus,109,13
144,9,0,second,22,2000,plus,110,6
144,9,0,second,22,2000,plus,111,15
144,9,0,second,22,2000,plus,112,9
144,9,0,second,22,2000,plus,113,8
144,9,0,second,22,2000,plus,114,5
144,9,0,second,22,2000,plus,115,3
144,9,0,second,22,2000,plus,116,5
144,9,0,second,22,2000,plus,117,2
144,9,0,second,22,2000,plus,118,1
144,9,0,second,22,2000,plus,119,1
144,9,0,second,22,2000,plus,121,2
144,12,0,first,23,2000,minus,55,1
144,12,0,first,23,2000,minus,57,1
144,12,0,first,23,2000,minus,59,6
144,12,0,first,23,2000,minus,60,3
144,12,0,first,23,2000,minus,61,5
144,12,0,first,23,2000,plus,61,1
144,12,0,first,23,2000,minus,62,6
144,12,0,first,23,2000,minus,63,7
144,12,0,first,23,2000,minus,64,11
144,12,0,first,23,2000,minus,65,15
144,12,0,first,23,2000,minus,66,10
144,12,0,first,23,2000,minus,67,18
144,12,0,first,23,2000,minus,68,19
144,12,0,first,23,2000,plus,68,1
144,12,0,first,23,2000,minus,69,24
144,12,0,first,23,2000,minus,70,38
144,12,0,first,23,2000,minus,71,28
144,12,0,first,23,2000,plus,71,4
144,12,0,first,23,2000,minus,72,40
144,12,0,first,23,2000,plus,72,3
144,12,0,first,23,2000,minus,73,50
144,12,0,first,23,2000,plus,73,7
144,12,0,first,23,2000,minus,74,72
144,12,0,first,23,2000,plus,74,10
144,12,0,first,23,2000,minus,75,71
144,12,0,first,23,2000,plus,75,9
144,12,0,first,23,2000,minus,76,73
144,12,0,first,23,2000,plus,76,14
144,12,0,first,23,2000,minus,77,80
144,12,0,first,23,2000,plus,77,14
144,12,0,first,23,2000,minus,78,99
144,12,0,first,23,2000,plus,78,21
144,12,0,first,23,2000,minus,79,104
144,12,0,first,23,2000,plus,79,35
144,12,0,first,23,2000,minus,80,134
144,12,0,first,23,2000,plus,80,38
144,12,0,first,23,2000,minus,81,104
144,12,0,first,23,2000,plus,81,46
144,12,0,first,23,2000,minus,82,112
144,12,0,first,23,2000,plus,82,50
144,12,0,first,23,2000,minus,83,119
144,12,0,first,23,2000,plus,83,57
144,12,0,first,23,2000,minus,84,119
144,12,0,first,23,2000,plus,84,86
144,12,0,first,23,2000,minus,85,94
144,12,0,first,23,2000,plus,85,116
144,12,0,first,23,2000,minus,86,100
144,12,0,first,23,2000,plus,86,84
144,12,0,first,23,2000,minus,87,80
144,12,0,first,23,2000,plus,87,102
144,12,0,first,23,2000,minus,88,80
144,12,0,first,23,2000,plus,88,103
144,12,0,first,23,2000,minus,89,64
144,12,0,first,23,2000,plus,89,134
144,12,0,first,23,2000,minus,90,50
144,12,0,first,23,2000,plus,90,112
144,12,0,first,23,2000,minus,91,40
144,12,0,first,23,2000,plus,91,112
144,12,0,first,23,2000,minus,92,36
144,12,0,first,23,2000,plus,92,105
144,12,0,first,23,2000,minus,93,27
144,12,0,first,23,2000,plus,93,117
144,12,0,first,23,2000,minus,94,20
144,12,0,first,23,2000,plus,94,89
144,12,0,first,23,2000,minus,95,8
144,12,0,first,23,2000,plus,95,88
144,12,0,first,23,2000,minus,96,14
144,12,0,first,23,2000,plus,96,84
144,12,0,first,23,2000,minus,97,7
144,12,0,first,23,2000,plus,97,79
144,12,0,first,23,2000,minus,98,4
144,12,0,first,23,2000,plus,98,45
144,12,0,first,23,2000,minus,99,4
144,12,0,first,23,2000,plus,99,46
144,12,0,first,23,2000,minus,100,1
144,12,0,first,23,2000,plus,100,34
144,12,0,first,23,2000,minus,101,1
144,12,0,first,23,2000,plus,101,32
144,12,0,first,23,2000,minus,102,1
144,12,0,first,23,2000,plus,102,23
144,12,0,first,23,2000,plus,103,27
144,12,0,first,23,2000,plus,104,21
144,12,0,first,23,2000,plus,105,9
144,12,0,first,23,2000,plus,106,8
144,12,0,first,23,2000,plus,107,12
144,12,0,first,23,2000,plus,108,3
144,12,0,first,23,2000,plus,109,2
144,12,0,first,23,2000,plus,110,7
144,12,0,first,23,2000,plus,111,4
144,12,0,first,23,2000,plus,112,1
144,12,0,first,23,2000,plus,113,1
144,12,0,first,23,2000,plus,114,2
144,12,0,first,23,2000,plus,118,1
144,12,0,first,23,2000,plus,122,1
144,9,0,second,23,2000,minus,35,1
144,9,0,second,23,2000,minus,37,1
144,9,0,second,23,2000,minus,39,2
144,9,0,second,23,2000,minus,40,2
144,9,0,second,23,2000,minus,42,2
144,9,0,second,23,2000,minus,43,1
144,9,0,second,23,2000,minus,46,2
144,9,0,second,23,2000,minus,47,1
144,9,0,second,23,2000,minus,48,2
144,9,0,second,23,2000,minus,49,1
144,9,0,second,23,2000,minus,50,1
144,9,0,second,23,2000,minus,51,4
144,9,0,second,23,2000,minus,52,3
144,9,0,second,23,2000,minus,53,3
144,9,0,second,23,2000,minus,54,1
144,9,0,second,23,2000,minus,55,5
144,9,0,second,23,2000,minus,56,3
144,9,0,second,23,2000,minus,57,10
144,9,0,second,23,2000,minus,58,11
144,9,0,second,23,2000,minus,59,16
144,9,0,second,23,2000,minus,60,10
144,9,0,second,23,2000,minus,61,6
144,9,0,second,23,2000,minus,62,8
144,9,0,second,23,2000,minus,63,13
144,9,0,second,23,2000,minus,64,18
144,9,0,second,23,2000,minus,65,27
144,9,0,second,23,2000,minus,66,20
144,9,0,second,23,2000,minus,67,33
144,9,0,second,23,2000,minus,68,37
144,9,0,second,23,2000,minus,69,51
144,9,0,second,23,2000,plus,69,1
144,9,0,second,23,2000,minus,70,48
144,9,0,second,23,2000,minus,71,50
144,9,0,second,23,2000,minus,72,55
144,9,0,second,23,2000,plus,72,3
144,9,0,second,23,2000,minus,73,60
144,9,0,second,23,2000,plus,73,2
144,9,0,second,23,2000,minus,74,79
144,9,0,second,23,2000,plus,74,3
144,9,0,second,23,2000,minus,75,74
144,9,0,second,23,2000,plus,75,3
144,9,0,second,23,2000,minus,76,92
144,9,0,second,23,2000,plus,76,10
144,9,0,second,23,2000,minus,77,110
144,9,0,second,23,2000,plus,77,11
144,9,0,second,23,2000,minus,78,94
144,9,0,second,23,2000,plus,78,19
144,9,0,second,23,2000,minus,79,104
144,9,0,second,23,2000,plus,79,17
144,9,0,second,23,2000,minus,80,102
144,9,0,second,23,2000,plus,80,26
144,9,0,second,23,2000,minus,81,93
144,9,0,second,23,2000,plus,81,34
144,9,0,second,23,2000,minus,82,112
144,9,0,second,23,2000,plus,82,53
144,9,0,second,23,2000,minus,83,98
144,9,0,second,23,2000,plus,83,48
144,9,0,second,23,2000,minus,84,83
144,9,0,second,23,2000,plus,84,75
144,9,0,second,23,2000,minus,85,82
144,9,0,second,23,2000,plus,85,55
144,9,0,second,23,2000,minus,86,66
144,9,0,second,23,2000,plus,86,85
144,9,0,second,23,2000,minus,87,66
144,9,0,second,23,2000,plus,87,78
144,9,0,second,23,2000,minus,88,43
144,9,0,second,23,2000,plus,88,107
144,9,0,second,23,2000,minus,89,47
144,9,0,second,23,2000,plus,89,98
144,9,0,second,23,2000,minus,90,36
144,9,0,second,23,2000,plus,90,97
144,9,0,second,23,2000,minus,91,30
144,9,0,second,23,2000,plus,91,114
144,9,0,second,23,2000,minus,92,22
144,9,0,second,23,2000,plus,92,117
144,9,0,second,23,2000,minus,93,20
144,9,0,second,23,2000,plus,93,94
144,9,0,second,23,2000,minus,94,14
144,9,0,second,23,2000,plus,94,82
144,9,0,second,23,2000,minus,95,9
144,9,0,second,23,2000,plus,95,96
144,9,0,second,23,2000,minus,96,8
144,9,0,second,23,2000,plus,96,89
144,9,0,second,23,2000,minus,97,1
144,9,0,second,23,2000,plus,97,77
144,9,0,second,23,2000,minus,98,3
144,9,0,second,23,2000,plus,98,69
144,9,0,second,23,2000,plus,99,64
144,9,0,second,23,2000,minus,100,1
144,9,0,second,23,2000,plus,100,62
144,9,0,second,23,2000,minus,101,1
144,9,0,second,23,2000,plus,101,56
144,9,0,second,23,2000,minus,102,1
144,9,0,second,23,2000,plus,102,36
144,9,0,second,23,2000,minus,103,1
144,9,0,second,23,2000,plus,103,49
144,9,0,second,23,2000,plus,104,33
144,9,0,second,23,2000,plus,105,17
144,9,0,second,23,2000,plus,106,23
144,9,0,second,23,2000,plus,107,17
144,9,0,second,23,2000,plus,108,19
144,9,0,second,23,2000,plus,109,17
144,9,0,second,23,2000,plus,110,9
144,9,0,second,23,2000,plus,111,10
144,9,0,second,23,2000,plus,112,6
144,9,0,second,23,2000,plus,113,5
144,9,0,second,23,2000,plus,114,3
144,9,0,second,23,2000,plus,115,5
144,9,0,second,23,2000,plus,116,3
144,9,0,second,23,2000,plus,117,1
144,9,0,second,23,2000,plus,118,1
144,9,0,second,23,2000,plus,120,1
144,12,0,first,24,2000,minus,54,2
144,12,0,first,24,2000,minus,55,2
144,12,0,first,24,2000,minus,56,1
144,12,0,first,24,2000,minus,57,3
144,12,0,first,24,2000,minus,58,2
144,12,0,first,24,2000,minus,60,2
144,12,0,first,24,2000,minus,61,4
144,12,0,first,24,2000,minus,62,7
144,12,0,first,24,2000,minus,63,9
144,12,0,first,24,2000,minus,64,9
144,12,0,first,24,2000,minus,65,15
144,12,0,first,24,2000,minus,66,16
144,12,0,first,24,2000,minus,67,16
144,12,0,first,24,2000,minus,68,22
144,12,0,first,24,2000,minus,69,24
144,12,0,first,24,2000,plus,69,2
144,12,0,first,24,2000,minus,70,31
144,12,0,first,24,2000,plus,70,1
144,12,0,first,24,2000,minus,71,38
144,12,0,first,24,2000,plus,71,2
144,12,0,first,24,2000,minus,72,43
144,12,0,first,24,2000,plus,72,3
144,12,0,first,24,2000,minus,73,50
144,12,0,first,24,2000,plus,73,2
144,12,0,first,24,2000,minus,74,75
144,12,0,first,24,2000,plus,74,7
144,12,0,first,24,2000,minus,75,65
144,12,0,first,24,2000,plus,75,19
144,12,0,first,24,2000,minus,76,80
144,12,0,first,24,2000,plus,76,10
144,12,0,first,24,2000,minus,77,81
144,12,0,first,24,2000,plus,77,18
144,12,0,first,24,2000,minus,78,98
144,12,0,first,24,2000,plus,78,18
144,12,0,first,24,2000,minus,79,102
144,12,0,first,24,2000,plus,79,39
144,12,0,first,24,2000,minus,80,100
144,12,0,first,24,2000,plus,80,40
144,12,0,first,24,2000,minus,81,121
144,12,0,first,24,2000,plus,81,34
144,12,0,first,24,2000,minus,82,105
144,12,0,first,24,2000,plus,82,60
144,12,0,first,24,2000,minus,83,113
144,12,0,first,24,2000,plus,83,70
144,12,0,first,24,2000,minus,84,101
144,12,0,first,24,2000,plus,84,100
144,12,0,first,24,2000,minus,85,119
144,12,0,first,24,2000,plus,85,76
144,12,0,first,24,2000,minus,86,92
144,12,0,first,24,2000,plus,86,106
144,12,0,first,24,2000,minus,87,88
144,12,0,first,24,2000,plus,87,98
144,12,0,first,24,2000,minus,88,76
144,12,0,first,24,2000,plus,88,106
144,12,0,first,24,2000,minus,89,74
144,12,0,first,24,2000,plus,89,115
144,12,0,first,24,2000,minus,90,50
144,12,0,first,24,2000,plus,90,132
144,12,0,first,24,2000,minus,91,43
144,12,0,first,24,2000,plus,91,100
144,12,0,first,24,2000,minus,92,32
144,12,0,first,24,2000,plus,92,108
144,12,0,first,24,2000,minus,93,26
144,12,0,first,24,2000,plus,93,109
144,12,0,first,24,2000,minus,94,20
144,12,0,first,24,2000,plus,94,103
144,12,0,first,24,2000,minus,95,13
144,12,0,first,24,2000,plus,95,79
144,12,0,first,24,2000,minus,96,10
144,12,0,first,24,2000,plus,96,77
144,12,0,first,24,2000,minus,97,8
144,12,0,first,24,2000,plus,97,64
144,12,0,first,24,2000,minus,98,3
144,12,0,first,24,2000,plus,98,64
144,12,0,first,24,2000,minus,99,9
144,12,0,first,24,2000,plus,99,47
144,12,0,first,24,2000,plus,100,36
144,12,0,first,24,2000,plus,101,37
144,12,0,first,24,2000,plus,102,30
144,12,0,first,24,2000,plus,103,34
144,12,0,first,24,2000,plus,104,14
144,12,0,first,24,2000,plus,105,9
144,12,0,first,24,2000,plus,106,10
144,12,0,first,24,2000,plus,107,9
144,12,0,first,24,2000,plus,108,3
144,12,0,first,24,2000,plus,109,3
144,12,0,first,24,2000,plus,110,1
144,12,0,first,24,2000,plus,111,2
144,12,0,first,24,2000,plus,112,1
144,12,0,first,24,2000,plus,113,1
144,12,0,first,24,2000,plus,115,1
144,9,0,second,24,2000,minus,37,1
144,9,0,second,24,2000,minus,38,1
144,9,0,second,24,2000,minus,43,1
144,9,0,second,24,2000,minus,45,2
144,9,0,second,24,2000,minus,46,1
144,9,0,second,24,2000,minus,48,1
144,9,0,second,24,2000,minus,49,3
144,9,0,second,24,2000,minus,50,2
144,9,0,second,24,2000,minus,51,4
144,9,0,second,24,2000,minus,52,4
144,9,0,second,24,2000,minus,53,2
144,9,0,second,24,2000,minus,54,6
144,9,0,second,24,2000,minus,55,6
144,9,0,second,24,2000,minus,56,1
144,9,0,second,24,2000,minus,57,7
144,9,0,second,24,2000,minus,58,7
144,9,0,second,24,2000,minus,59,6
144,9,0,second,24,2000,minus,60,15
144,9,0,second,24,2000,minus,61,12
144,9,0,second,24,2000,minus,62,16
144,9,0,second,24,2000,minus,63,10
144,9,0,second,24,2000,minus,64,15
144,9,0,second,24,2000,minus,65,29
144,9,0,second,24,2000,minus,66,18
144,9,0,second,24,2000,minus,67,25
144,9,0,second,24,2000,minus,68,38
144,9,0,second,24,2000,minus,69,45
144,9,0,second,24,2000,plus,69,1
144,9,0,second,24,2000,minus,70,41
144,9,0,second,24,2000,plus,70,1
144,9,0,second,24,2000,minus,71,64
144,9,0,second,24,2000,minus,72,48
144,9,0,second,24,2000,minus,73,62
144,9,0,second,24,2000,plus,73,7
144,9,0,second,24,2000,minus,74,69
144,9,0,second,24,2000,plus,74,4
144,9,0,second,24,2000,minus,75,68
144,9,0,second,24,2000,plus,75,3
144,9,0,second,24,2000,minus,76,84
144,9,0,second,24,2000,plus,76,7
144,9,0,second,24,2000,minus,77,80
144,9,0,second,24,2000,plus,77,9
144,9,0,second,24,2000,minus,78,96
144,9,0,second,24,2000,plus,78,26
144,9,0,second,24,2000,minus,79,94
144,9,0,second,24,2000,plus,79,25
144,9,0,second,24,2000,minus,80,97
144,9,0,second,24,2000,plus,80,21
144,9,0,second,24,2000,minus,81,112
144,9,0,second,24,2000,plus,81,40
144,9,0,second,24,2000,minus,82,82
144,9,0,second,24,2000,plus,82,36
144,9,0,second,24,2000,minus,83,106
144,9,0,second,24,2000,plus,83,42
144,9,0,second,24,2000,minus,84,94
144,9,0,second,24,2000,plus,84,61
144,9,0,second,24,2000,minus,85,89
144,9,0,second,24,2000,plus,85,78
144,9,0,second,24,2000,minus,86,75
144,9,0,second,24,2000,plus,86,78
144,9,0,second,24,2000,minus,87,82
144,9,0,second,24,2000,plus,87,88
144,9,0,second,24,2000,minus,88,56
144,9,0,second,24,2000,plus,88,109
144,9,0,second,24,2000,minus,89,67
144,9,0,second,24,2000,plus,89,97
144,9,0,second,24,2000,minus,90,47
144,9,0,second,24,2000,plus,90,113
144,9,0,second,24,2000,minus,91,28
144,9,0,second,24,2000,plus,91,92
144,9,0,second,24,2000,minus,92,28
144,9,0,second,24,2000,plus,92,109
144,9,0,second,24,2000,minus,93,16
144,9,0,second,24,2000,plus,93,96
144,9,0,second,24,2000,minus,94,14
144,9,0,second,24,2000,plus,94,107
144,9,0,second,24,2000,minus,95,9
144,9,0,second,24,2000,plus,95,89
144,9,0,second,24,2000,minus,96,8
144,9,0,second,24,2000,plus,96,89
144,9,0,second,24,2000,minus,97,1
144,9,0,second,24,2000,plus,97,71
144,9,0,second,24,2000,minus,98,3
144,9,0,second,24,2000,plus,98,88
144,9,0,second,24,2000,minus,99,1
144,9,0,second,24,2000,plus,99,57
144,9,0,second,24,2000,plus,100,60
144,9,0,second,24,2000,plus,101,39
144,9,0,second,24,2000,plus,102,40
144,9,0,second,24,2000,minus,103,1
144,9,0,second,24,2000,plus,103,33
144,9,0,second,24,2000,plus,104,28
144,9,0,second,24,2000,plus,105,28
144,9,0,second,24,2000,plus,106,16
144,9,0,second,24,2000,plus,107,23
144,9,0,second,24,2000,plus,108,22
144,9,0,second,24,2000,plus,109,21
144,9,0,second,24,2000,plus,110,9
144,9,0,second,24,2000,plus,111,10
144,9,0,second,24,2000,plus,112,5
144,9,0,second,24,2000,plus,113,3
144,9,0,second,24,2000,plus,114,6
144,9,0,second,24,2000,plus,115,2
144,9,0,second,24,2000,plus,116,3
144,9,0,second,24,2000,plus,117,3
144,9,0,second,24,2000,plus,118,2
144,9,0,second,24,2000,plus,119,1
144,9,0,second,24,2000,plus,121,1
144,9,0,second,24,2000,plus,125,1
144,12,0,first,25,2000,minus,46,1
144,12,0,first,25,2000,minus,49,1
144,12,0,first,25,2000,minus,54,2
144,12,0,first,25,2000,minus,56,1
144,12,0,first,25,2000,minus,58,2
144,12,0,first,25,2000,minus,59,4
144,12,0,first,25,2000,minus,60,3
144,12,0,first,25,2000,minus,61,3
144,12,0,first,25,2000,minus,62,7
144,12,0,first,25,2000,minus,63,5
144,12,0,first,25,2000,minus,64,8
144,12,0,first,25,2000,minus,65,6
144,12,0,first,25,2000,minus,66,13
144,12,0,first,25,2000,plus,66,1
144,12,0,first,25,2000,minus,67,19
144,12,0,first,25,2000,plus,67,1
144,12,0,first,25,2000,minus,68,22
144,12,0,first,25,2000,minus,69,34
144,12,0,first,25,2000,plus,69,1
144,12,0,first,25,2000,minus,70,32
144,12,0,first,25,2000,plus,70,1
144,12,0,first,25,2000,minus,71,39
144,12,0,first,25,2000,plus,71,3
144,12,0,first,25,2000,minus,72,39
144,12,0,first,25,2000,plus,72,1
144,12,0,first,25,2000,minus,73,42
144,12,0,first,25,2000,plus,73,9
144,12,0,first,25,2000,minus,74,55
144,12,0,first,25,2000,plus,74,5
144,12,0,first,25,2000,minus,75,72
144,12,0,first,25,2000,plus,75,7
144,12,0,first,25,2000,minus,76,73
144,12,0,first,25,2000,plus,76,16
144,12,0,first,25,2000,minus,77,78
144,12,0,first,25,2000,plus,77,14
144,12,0,first,25,2000,minus,78,86
144,12,0,first,25,2000,plus,78,17
144,12,0,first,25,2000,minus,79,90
144,12,0,first,25,2000,plus,79,32
144,12,0,first,25,2000,minus,80,99
144,12,0,first,25,2000,plus,80,38
144,12,0,first,25,2000,minus,81,104
144,12,0,first,25,2000,plus,81,49
144,12,0,first,25,2000,minus,82,102
144,12,0,first,25,2000,plus,82,67
144,12,0,first,25,2000,minus,83,139
144,12,0,first,25,2000,plus,83,59
144,12,0,first,25,2000,minus,84,127
144,12,0,first,25,2000,plus,84,85
144,12,0,first,25,2000,minus,85,99
144,12,0,first,25,2000,plus,85,81
144,12,0,first,25,2000,minus,86,94
144,12,0,first,25,2000,plus,86,106
144,12,0,first,25,2000,minus,87,93
144,12,0,first,25,2000,plus,87,96
144,12,0,first,25,2000,minus,88,76
144,12,0,first,25,2000,plus,88,117
144,12,0,first,25,2000,minus,89,75
144,12,0,first,25,2000,plus,89,109
144,12,0,first,25,2000,minus,90,64
144,12,0,first,25,2000,plus,90,125
144,12,0,first,25,2000,minus,91,42
144,12,0,first,25,2000,plus,91,115
144,12,0,first,25,2000,minus,92,33
144,12,0,first,25,2000,plus,92,108
144,12,0,first,25,2000,minus,93,35
144,12,0,first,25,2000,plus,93,87
144,12,0,first,25,2000,minus,94,25
144,12,0,first,25,2000,plus,94,107
144,12,0,first,25,2000,minus,95,22
144,12,0,first,25,2000,plus,95,90
144,12,0,first,25,2000,minus,96,9
144,12,0,first,25,2000,plus,96,82
144,12,0,first,25,2000,minus,97,4
144,12,0,first,25,2000,plus,97,74
144,12,0,first,25,2000,minus,98,5
144,12,0,first,25,2000,plus,98,50
144,12,0,first,25,2000,minus,99,5
144,12,0,first,25,2000,plus,99,44
144,12,0,first,25,2000,minus,100,6
144,12,0,first,25,2000,plus,100,40
144,12,0,first,25,2000,minus,101,3
144,12,0,first,25,2000,plus,101,41
144,12,0,first,25,2000,minus,102,1
144,12,0,first,25,2000,plus,102,31
144,12,0,first,25,2000,plus,103,20
144,12,0,first,25,2000,minus,104,1
144,12,0,first,25,2000,plus,104,23
144,12,0,first,25,2000,plus,105,14
144,12,0,first,25,2000,plus,106,13
144,12,0,first,25,2000,plus,107,8
144,12,0,first,25,2000,plus,108,2
144,12,0,first,25,2000,plus,109,5
144,12,0,first,25,2000,plus,110,1
144,12,0,first,25,2000,plus,111,2
144,12,0,first,25,2000,plus,112,2
144,12,0,first,25,2000,plus,113,1
144,9,0,second,25,2000,minus,43,1
144,9,0,second,25,2000,minus,44,1
144,9,0,second,25,2000,minus,47,1
144,9,0,second,25,2000,minus,48,3
144,9,0,second,25,2000,minus,51,2
144,9,0,second,25,2000,minus,52,4
144,9,0,second,25,2000,minus,53,5
144,9,0,second,25,2000,minus,54,4
144,9,0,second,25,2000,minus,55,8
144,9,0,second,25,2000,minus,56,6
144,9,0,second,25,2000,minus,57,3
144,9,0,second,25,2000,minus,58,16
144,9,0,second,25,2000,minus,59,9
144,9,0,second,25,2000,minus,60,10
144,9,0,second,25,2000,minus,61,7
144,9,0,second,25,2000,minus,62,9
144,9,0,second,25,2000,minus,63,23
144,9,0,second,25,2000,minus,64,17
144,9,0,second,25,2000,minus,65,27
144,9,0,second,25,2000,minus,66,20
144,9,0,second,25,2000,minus,67,29
144,9,0,second,25,2000,minus,68,31
144,9,0,second,25,2000,minus,69,39
144,9,0,second,25,2000,minus,70,44
144,9,0,second,25,2000,plus,70,4
144,9,0,second,25,2000,minus,71,61
144,9,0,second,25,2000,plus,71,2
144,9,0,second,25,2000,minus,72,53
144,9,0,second,25,2000,plus,72,1
144,9,0,second,25,2000,minus,73,66
144,9,0,second,25,2000,plus,73,4
144,9,0,second,25,2000,minus,74,63
144,9,0,second,25,2000,plus,74,3
144,9,0,second,25,2000,minus,75,68
144,9,0,second,25,2000,plus,75,8
144,9,0,second,25,2000,minus,76,84
144,9,0,second,25,2000,plus,76,9
144,9,0,second,25,2000,minus,77,81
144,9,0,second,25,2000,plus,77,9
144,9,0,second,25,2000,minus,78,92
144,9,0,second,25,2000,plus,78,23
144,9,0,second,25,2000,minus,79,77
144,9,0,second,25,2000,plus,79,15
144,9,0,second,25,2000,minus,80,89
144,9,0,second,25,2000,plus,80,25
144,9,0,second,25,2000,minus,81,108
144,9,0,second,25,2000,plus,81,34
144,9,0,second,25,2000,minus,82,105
144,9,0,second,25,2000,plus,82,45
144,9,0,second,25,2000,minus,83,102
144,9,0,second,25,2000,plus,83,43
144,9,0,second,25,2000,minus,84,98
144,9,0,second,25,2000,plus,84,62
144,9,0,second,25,2000,minus,85,91
144,9,0,second,25,2000,plus,85,74
144,9,0,second,25,2000,minus,86,83
144,9,0,second,25,2000,plus,86,93
144,9,0,second,25,2000,minus,87,79
144,9,0,second,25,2000,plus,87,82
144,9,0,second,25,2000,minus,88,54
144,9,0,second,25,2000,plus,88,102
144,9,0,second,25,2000,minus,89,66
144,9,0,second,25,2000,plus,89,101
144,9,0,second,25,2000,minus,90,40
144,9,0,second,25,2000,plus,90,116
144,9,0,second,25,2000,minus,91,28
144,9,0,second,25,2000,plus,91,112
144,9,0,second,25,2000,minus,92,19
144,9,0,second,25,2000,plus,92,93
144,9,0,second,25,2000,minus,93,23
144,9,0,second,25,2000,plus,93,83
144,9,0,second,25,2000,minus,94,15
144,9,0,second,25,2000,plus,94,103
144,9,0,second,25,2000,minus,95,11
144,9,0,second,25,2000,plus,95,88
144,9,0,second,25,2000,minus,96,7
144,9,0,second,25,2000,plus,96,72
144,9,0,second,25,2000,minus,97,4
144,9,0,second,25,2000,plus,97,70
144,9,0,second,25,2000,minus,98,7
144,9,0,second,25,2000,plus,98,75
144,9,0,second,25,2000,minus,99,4
144,9,0,second,25,2000,plus,99,51
144,9,0,second,25,2000,minus,100,1
144,9,0,second,25,2000,plus,100,59
144,9,0,second,25,2000,plus,101,70
144,9,0,second,25,2000,plus,102,45
144,9,0,second,25,2000,plus,103,37
144,9,0,second,25,2000,minus,104,2
144,9,0,second,25,2000,plus,104,29
144,9,0,second,25,2000,plus,105,26
144,9,0,second,25,2000,plus,106,27
144,9,0,second,25,2000,plus,107,18
144,9,0,second,25,2000,plus,108,12
144,9,0,second,25,2000,plus,109,10
144,9,0,second,25,2000,plus,110,17
144,9,0,second,25,2000,plus,111,11
144,9,0,second,25,2000,plus,112,11
144,9,0,second,25,2000,plus,113,7
144,9,0,second,25,2000,plus,114,6
144,9,0,second,25,2000,plus,115,4
144,9,0,second,25,2000,plus,116,3
144,9,0,second,25,2000,plus,117,1
144,9,0,second,25,2000,plus,118,1
144,9,0,second,25,2000,plus,119,2
144,9,0,second,25,2000,plus,120,1
144,9,0,second,25,2000,plus,121,1
144,12,0,first,26,2000,minus,50,1
144,12,0,first,26,2000,minus,51,1
144,12,0,first,26,2000,minus,52,1
144,12,0,first,26,2000,minus,56,1
144,12,0,first,26,2000,minus,57,3
144,12,0,first,26,2000,minus,58,2
144,12,0,first,26,2000,minus,59,7
144,12,0,first,26,2000,minus,60,7
144,12,0,first,26,2000,plus,60,1
144,12,0,first,26,2000,minus,61,4
144,12,0,first,26,2000,minus,62,9
144,12,0,first,26,2000,minus,63,12
144,12,0,first,26,2000,minus,64,16
144,12,0,first,26,2000,minus,65,7
144,12,0,first,26,2000,minus,66,14
144,12,0,first,26,2000,minus,67,8
144,12,0,first,26,2000,plus,67,1
144,12,0,first,26,2000,minus,68,19
144,12,0,first,26,2000,minus,69,26
144,12,0,first,26,2000,plus,69,1
144,12,0,first,26,2000,minus,70,30
144,12,0,first,26,2000,plus,70,1
144,12,0,first,26,2000,minus,71,45
144,12,0,first,26,2000,plus,71,3
144,12,0,first,26,2000,minus,72,44
144,12,0,first,26,2000,plus,72,5
144,12,0,first,26,2000,minus,73,66
144,12,0,first,26,2000,plus,73,9
144,12,0,first,26,2000,minus,74,66
144,12,0,first,26,2000,plus,74,4
144,12,0,first,26,2000,minus,75,57
144,12,0,first,26,2000,plus,75,13
144,12,0,first,26,2000,minus,76,82
144,12,0,first,26,2000,plus,76,18
144,12,0,first,26,2000,minus,77,81
144,12,0,first,26,2000,plus,77,21
144,12,0,first,26,2000,minus,78,95
144,12,0,first,26,2000,plus,78,23
144,12,0,first,26,2000,minus,79,86
144,12,0,first,26,2000,plus,79,34
144,12,0,first,26,2000,minus,80,115
144,12,0,first,26,2000,plus,80,35
144,12,0,first,26,2000,minus,81,121
144,12,0,first,26,2000,plus,81,54
144,12,0,first,26,2000,minus,82,122
144,12,0,first,26,2000,plus,82,59
144,12,0,first,26,2000,minus,83,109
144,12,0,first,26,2000,plus,83,48
144,12,0,first,26,2000,minus,84,115
144,12,0,first,26,2000,plus,84,91
144,12,0,first,26,2000,minus,85,118
144,12,0,first,26,2000,plus,85,75
144,12,0,first,26,2000,minus,86,83
144,12,0,first,26,2000,plus,86,115
144,12,0,first,26,2000,minus,87,81
144,12,0,first,26,2000,plus,87,108
144,12,0,first,26,2000,minus,88,76
144,12,0,first,26,2000,plus,88,110
144,12,0,first,26,2000,minus,89,62
144,12,0,first,26,2000,plus,89,134
144,12,0,first,26,2000,minus,90,48
144,12,0,first,26,2000,plus,90,105
144,12,0,first,26,2000,minus,91,37
144,12,0,first,26,2000,plus,91,113
144,12,0,first,26,2000,minus,92,34
144,12,0,first,26,2000,plus,92,122
144,12,0,first,26,2000,minus,93,26
144,12,0,first,26,2000,plus,93,94
144,12,0,first,26,2000,minus,94,15
144,12,0,first,26,2000,plus,94,94
144,12,0,first,26,2000,minus,95,16
144,12,0,first,26,2000,plus,95,74
144,12,0,first,26,2000,minus,96,13
144,12,0,first,26,2000,plus,96,68
144,12,0,first,26,2000,minus,97,3
144,12,0,first,26,2000,plus,97,67
144,12,0,first,26,2000,minus,98,9
144,12,0,first,26,2000,plus,98,51
144,12,0,first,26,2000,minus,99,4
144,12,0,first,26,2000,plus,99,53
144,12,0,first,26,2000,minus,100,2
144,12,0,first,26,2000,plus,100,39
144,12,0,first,26,2000,plus,101,45
144,12,0,first,26,2000,minus,102,1
144,12,0,first,26,2000,plus,102,25
144,12,0,first,26,2000,plus,103,24
144,12,0,first,26,2000,plus,104,19
144,12,0,first,26,2000,plus,105,15
144,12,0,first,26,2000,plus,106,8
144,12,0,first,26,2000,plus,107,3
144,12,0,first,26,2000,plus,108,3
144,12,0,first,26,2000,plus,109,6
144,12,0,first,26,2000,plus,110,2
144,12,0,first,26,2000,plus,111,3
144,12,0,first,26,2000,plus,112,2
144,12,0,first,26,2000,plus,113,1
144,12,0,first,26,2000,plus,114,1
144,9,0,second,26,2000,minus,38,1
144,9,0,second,26,2000,minus,40,1
144,9,0,second,26,2000,minus,45,1
144,9,0,second,26,2000,minus,46,2
144,9,0,second,26,2000,minus,49,2
144,9,0,second,26,2000,minus,50,3
144,9,0,second,26,2000,minus,51,1
144,9,0,second,26,2000,minus,52,2
144,9,0,second,26,2000,minus,53,3
144,9,0,second,26,2000,minus,54,4
144,9,0,second,26,2000,minus,55,4
144,9,0,second,26,2000,minus,56,5
144,9,0,second,26,2000,minus,57,8
144,9,0,second,26,2000,minus,58,5
144,9,0,second,26,2000,minus,59,9
144,9,0,second,26,2000,minus,60,10
144,9,0,second,26,2000,minus,61,3
144,9,0,second,26,2000,minus,62,11
144,9,0,second,26,2000,minus,63,13
144,9,0,second,26,2000,minus,64,22
144,9,0,second,26,2000,plus,64,1
144,9,0,second,26,2000,minus,65,19
144,9,0,second,26,2000,minus,66,18
144,9,0,second,26,2000,minus,67,37
144,9,0,second,26,2000,minus,68,40
144,9,0,second,26,2000,minus,69,36
144,9,0,second,26,2000,minus,70,39
144,9,0,second,26,2000,minus,71,67
144,9,0,second,26,2000,plus,71,2
144,9,0,second,26,2000,minus,72,42
144,9,0,second,26,2000,plus,72,5
144,9,0,second,26,2000,minus,73,64
144,9,0,second,26,2000,plus,73,2
144,9,0,second,26,2000,minus,74,70
144,9,0,second,26,2000,plus,74,5
144,9,0,second,26,2000,minus,75,82
144,9,0,second,26,2000,plus,75,12
144,9,0,second,26,2000,minus,76,91
144,9,0,second,26,2000,plus,76,14
144,9,0,second,26,2000,minus,77,81
144,9,0,second,26,2000,plus,77,13
144,9,0,second,26,2000,minus,78,101
144,9,0,second,26,2000,plus,78,18
144,9,0,second,26,2000,minus,79,99
144,9,0,second,26,2000,plus,79,17
144,9,0,second,26,2000,minus,80,93
144,9,0,second,26,2000,plus,80,25
144,9,0,second,26,2000,minus,81,114
144,9,0,second,26,2000,plus,81,26
144,9,0,second,26,2000,minus,82,103
144,9,0,second,26,2000,plus,82,35
144,9,0,second,26,2000,minus,83,87
144,9,0,second,26,2000,plus,83,56
144,9,0,second,26,2000,minus,84,94
144,9,0,second,26,2000,plus,84,55
144,9,0,second,26,2000,minus,85,95
144,9,0,second,26,2000,plus,85,73
144,9,0,second,26,2000,minus,86,79
144,9,0,second,26,2000,plus,86,80
144,9,0,second,26,2000,minus,87,69
144,9,0,second,26,2000,plus,87,81
144,9,0,second,26,2000,minus,88,64
144,9,0,second,26,2000,plus,88,105
144,9,0,second,26,2000,minus,89,50
144,9,0,second,26,2000,plus,89,115
144,9,0,second,26,2000,minus,90,32
144,9,0,second,26,2000,plus,90,110
144,9,0,second,26,2000,minus,91,33
144,9,0,second,26,2000,plus,91,109
144,9,0,second,26,2000,minus,92,20
144,9,0,second,26,2000,plus,92,117
144,9,0,second,26,2000,minus,93,24
144,9,0,second,26,2000,plus,93,101
144,9,0,second,26,2000,minus,94,14
144,9,0,second,26,2000,plus,94,97
144,9,0,second,26,2000,minus,95,7
144,9,0,second,26,2000,plus,95,81
144,9,0,second,26,2000,minus,96,9
144,9,0,second,26,2000,plus,96,83
144,9,0,second,26,2000,minus,97,8
144,9,0,second,26,2000,plus,97,78
144,9,0,second,26,2000,minus,98,7
144,9,0,second,26,2000,plus,98,68
144,9,0,second,26,2000,plus,99,61
144,9,0,second,26,2000,minus,100,1
144,9,0,second,26,2000,plus,100,66
144,9,0,second,26,2000,plus,101,48
144,9,0,second,26,2000,plus,102,38
144,9,0,second,26,2000,minus,103,1
144,9,0,second,26,2000,plus,103,37
144,9,0,second,26,2000,plus,104,31
144,9,0,second,26,2000,plus,105,27
144,9,0,second,26,2000,plus,106,13
144,9,0,second,26,2000,plus,107,20
144,9,0,second,26,2000,plus,108,11
144,9,0,second,26,2000,plus,109,10
144,9,0,second,26,2000,plus,110,16
144,9,0,second,26,2000,plus,111,14
144,9,0,second,26,2000,plus,112,10
144,9,0,second,26,2000,plus,113,1
144,9,0,second,26,2000,plus,114,1
144,9,0,second,26,2000,plus,115,4
144,9,0,second,26,2000,plus,116,2
144,9,0,second,26,2000,plus,117,2
144,9,0,second,26,2000,plus,118,2
144,9,0,second,26,2000,plus,120,1
144,9,0,second,26,2000,plus,122,1
144,12,0,first,27,2000,minus,50,1
144,12,0,first,27,2000,minus,55,2
144,12,0,first,27,2000,minus,57,3
144,12,0,first,27,2000,minus,58,2
144,12,0,first,27,2000,minus,60,4
144,12,0,first,27,2000,minus,62,1
144,12,0,first,27,2000,minus,63,13
144,12,0,first,27,2000,minus,64,7
144,12,0,first,27,2000,plus,64,1
144,12,0,first,27,2000,minus,65,19
144,12,0,first,27,2000,minus,66,8
144,12,0,first,27,2000,minus,67,15
144,12,0,first,27,2000,minus,68,25
144,12,0,first,27,2000,plus,68,1
144,12,0,first,27,2000,minus,69,33
144,12,0,first,27,2000,minus,70,27
144,12,0,first,27,2000,plus,70,2
144,12,0,first,27,2000,minus,71,40
144,12,0,first,27,2000,plus,71,2
144,12,0,first,27,2000,minus,72,52
144,12,0,first,27,2000,plus,72,10
144,12,0,first,27,2000,minus,73,55
144,12,0,first,27,2000,plus,73,5
144,12,0,first,27,2000,minus,74,53
144,12,0,first,27,2000,plus,74,4
144,12,0,first,27,2000,minus,75,76
144,12,0,first,27,2000,plus,75,9
144,12,0,first,27,2000,minus,76,84
144,12,0,first,27,2000,plus,76,10
144,12,0,first,27,2000,minus,77,82
144,12,0,first,27,2000,plus,77,19
144,12,0,first,27,2000,minus,78,92
144,12,0,first,27,2000,plus,78,19
144,12,0,first,27,2000,minus,79,95
144,12,0,first,27,2000,plus,79,32
144,12,0,first,27,2000,minus,80,90
144,12,0,first,27,2000,plus,80,37
144,12,0,first,27,2000,minus,81,117
144,12,0,first,27,2000,plus,81,49
144,12,0,first,27,2000,minus,82,116
144,12,0,first,27,2000,plus,82,48
144,12,0,first,27,2000,minus,83,111
144,12,0,first,27,2000,plus,83,64
144,12,0,first,27,2000,minus,84,97
144,12,0,first,27,2000,plus,84,75
144,12,0,first,27,2000,minus,85,98
144,12,0,first,27,2000,plus,85,102
144,12,0,first,27,2000,minus,86,106
144,12,0,first,27,2000,plus,86,89
144,12,0,first,27,2000,minus,87,104
144,12,0,first,27,2000,plus,87,82
144,12,0,first,27,2000,minus,88,72
144,12,0,first,27,2000,plus,88,105
144,12,0,first,27,2000,minus,89,81
144,12,0,first,27,2000,plus,89,127
144,12,0,first,27,2000,minus,90,44
144,12,0,first,27,2000,plus,90,133
144,12,0,first,27,2000,minus,91,63
144,12,0,first,27,2000,plus,91,127
144,12,0,first,27,2000,minus,92,33
144,12,0,first,27,2000,plus,92,126
144,12,0,first,27,2000,minus,93,18
144,12,0,first,27,2000,plus,93,115
144,12,0,first,27,2000,minus,94,11
144,12,0,first,27,2000,plus,94,98
144,12,0,first,27,2000,minus,95,9
144,12,0,first,27,2000,plus,95,84
144,12,0,first,27,2000,minus,96,14
144,12,0,first,27,2000,plus,96,82
144,12,0,first,27,2000,minus,97,11
144,12,0,first,27,2000,plus,97,61
144,12,0,first,27,2000,minus,98,5
144,12,0,first,27,2000,plus,98,62
144,12,0,first,27,2000,minus,99,4
144,12,0,first,27,2000,plus,99,36
144,12,0,first,27,2000,minus,100,4
144,12,0,first,27,2000,plus,100,28
144,12,0,first,27,2000,minus,101,1
144,12,0,first,27,2000,plus,101,35
144,12,0,first,27,2000,plus,102,28
144,12,0,first,27,2000,minus,103,1
144,12,0,first,27,2000,plus,103,27
144,12,0,first,27,2000,plus,104,18
144,12,0,first,27,2000,plus,105,13
144,12,0,first,27,2000,minus,106,1
144,12,0,first,27,2000,plus,106,11
144,12,0,first,27,2000,plus,107,6
144,12,0,first,27,2000,plus,108,8
144,12,0,first,27,2000,plus,109,3
144,12,0,first,27,2000,plus,110,2
144,12,0,first,27,2000,plus,111,1
144,12,0,first,27,2000,plus,112,3
144,12,0,first,27,2000,plus,114,1
144,9,0,second,27,2000,minus,44,1
144,9,0,second,27,2000,minus,47,2
144,9,0,second,27,2000,minus,49,1
144,9,0,second,27,2000,minus,50,1
144,9,0,second,27,2000,minus,52,3
144,9,0,second,27,2000,minus,53,3
144,9,0,second,27,2000,minus,54,2
144,9,0,second,27,2000,minus,55,5
144,9,0,second,27,2000,minus,56,1
144,9,0,second,27,2000,minus,57,5
144,9,0,second,27,2000,minus,58,9
144,9,0,second,27,2000,minus,59,7
144,9,0,second,27,2000,minus,60,13
144,9,0,second,27,2000,minus,61,7
144,9,0,second,27,2000,minus,62,19
144,9,0,second,27,2000,minus,63,23
144,9,0,second,27,2000,minus,64,16
144,9,0,second,27,2000,minus,65,22
144,9,0,second,27,2000,minus,66,20
144,9,0,second,27,2000,minus,67,27
144,9,0,second,27,2000,minus,68,32
144,9,0,second,27,2000,plus,68,1
144,9,0,second,27,2000,minus,69,47
144,9,0,second,27,2000,minus,70,43
144,9,0,second,27,2000,minus,71,44
144,9,0,second,27,2000,plus,71,2
144,9,0,second,27,2000,minus,72,61
144,9,0,second,27,2000,plus,72,1
144,9,0,second,27,2000,minus,73,56
144,9,0,second,27,2000,plus,73,3
144,9,0,second,27,2000,minus,74,76
144,9,0,second,27,2000,plus,74,5
144,9,0,second,27,2000,minus,75,63
144,9,0,second,27,2000,plus,75,6
144,9,0,second,27,2000,minus,76,75
144,9,0,second,27,2000,plus,76,6
144,9,0,second,27,2000,minus,77,87
144,9,0,second,27,2000,plus,77,11
144,9,0,second,27,2000,minus,78,92
144,9,0,second,27,2000,plus,78,14
144,9,0,second,27,2000,minus,79,83
144,9,0,second,27,2000,plus,79,19
144,9,0,second,27,2000,minus,80,91
144,9,0,second,27,2000,plus,80,26
144,9,0,second,27,2000,minus,81,107
144,9,0,second,27,2000,plus,81,40
144,9,0,second,27,2000,minus,82,115
144,9,0,second,27,2000,plus,82,32
144,9,0,second,27,2000,minus,83,111
144,9,0,second,27,2000,plus,83,47
144,9,0,second,27,2000,minus,84,85
144,9,0,second,27,2000,plus,84,47
144,9,0,second,27,2000,minus,85,85
144,9,0,second,27,2000,plus,85,74
144,9,0,second,27,2000,minus,86,85
144,9,0,second,27,2000,plus,86,97
144,9,0,second,27,2000,minus,87,80
144,9,0,second,27,2000,plus,87,82
144,9,0,second,27,2000,minus,88,60
144,9,0,second,27,2000,plus,88,100
144,9,0,second,27,2000,minus,89,56
144,9,0,second,27,2000,plus,89,91
144,9,0,second,27,2000,minus,90,43
144,9,0,second,27,2000,plus,90,92
144,9,0,second,27,2000,minus,91,33
144,9,0,second,27,2000,plus,91,96
144,9,0,second,27,2000,minus,92,22
144,9,0,second,27,2000,plus,92,122
144,9,0,second,27,2000,minus,93,26
144,9,0,second,27,2000,plus,93,103
144,9,0,second,27,2000,minus,94,18
144,9,0,second,27,2000,plus,94,97
144,9,0,second,27,2000,minus,95,12
144,9,0,second,27,2000,plus,95,81
144,9,0,second,27,2000,minus,96,7
144,9,0,second,27,2000,plus,96,84
144,9,0,second,27,2000,minus,97,3
144,9,0,second,27,2000,plus,97,82
144,9,0,second,27,2000,minus,98,6
144,9,0,second,27,2000,plus,98,83
144,9,0,second,27,2000,minus,99,2
144,9,0,second,27,2000,plus,99,50
144,9,0,second,27,2000,minus,100,1
144,9,0,second,27,2000,plus,100,57
144,9,0,second,27,2000,minus,101,4
144,9,0,second,27,2000,plus,101,62
144,9,0,second,27,2000,minus,102,1
144,9,0,second,27,2000,plus,102,44
144,9,0,second,27,2000,plus,103,52
144,9,0,second,27,2000,minus,104,1
144,9,0,second,27,2000,plus,104,35
144,9,0,second,27,2000,plus,105,36
144,9,0,second,27,2000,plus,106,18
144,9,0,second,27,2000,plus,107,16
144,9,0,second,27,2000,plus,108,20
144,9,0,second,27,2000,plus,109,14
144,9,0,second,27,2000,plus,110,12
144,9,0,second,27,2000,plus,111,13
144,9,0,second,27,2000,plus,112,4
144,9,0,second,27,2000,plus,113,5
144,9,0,second,27,2000,plus,114,4
144,9,0,second,27,2000,plus,115,3
144,9,0,second,27,2000,plus,116,2
144,9,0,second,27,2000,plus,117,5
144,9,0,second,27,2000,plus,119,3
144,9,0,second,27,2000,plus,124,1
144,12,0,first,28,2000,minus,45,1
144,12,0,first,28,2000,minus,53,2
144,12,0,first,28,2000,minus,54,2
144,12,0,first,28,2000,minus,56,2
144,12,0,first,28,2000,minus,58,2
144,12,0,first,28,2000,minus,59,3
144,12,0,first,28,2000,minus,60,7
144,12,0,first,28,2000,minus,61,7
144,12,0,first,28,2000,minus,62,2
144,12,0,first,28,2000,minus,63,10
144,12,0,first,28,2000,minus,64,15
144,12,0,first,28,2000,plus,64,1
144,12,0,first,28,2000,minus,65,16
144,12,0,first,28,2000,minus,66,10
144,12,0,first,28,2000,minus,67,18
144,12,0,first,28,2000,plus,67,1
144,12,0,first,28,2000,minus,68,20
144,12,0,first,28,2000,minus,69,19
144,12,0,first,28,2000,plus,69,3
144,12,0,first,28,2000,minus,70,35
144,12,0,first,28,2000,plus,70,2
144,12,0,first,28,2000,minus,71,38
144,12,0,first,28,2000,plus,71,3
144,12,0,first,28,2000,minus,72,48
144,12,0,first,28,2000,plus,72,5
144,12,0,first,28,2000,minus,73,51
144,12,0,first,28,2000,plus,73,5
144,12,0,first,28,2000,minus,74,57
144,12,0,first,28,2000,plus,74,6
144,12,0,first,28,2000,minus,75,69
144,12,0,first,28,2000,plus,75,5
144,12,0,first,28,2000,minus,76,68
144,12,0,first,28,2000,plus,76,5
144,12,0,first,28,2000,minus,77,89
144,12,0,first,28,2000,plus,77,13
144,12,0,first,28,2000,minus,78,108
144,12,0,first,28,2000,plus,78,24
144,12,0,first,28,2000,minus,79,92
144,12,0,first,28,2000,plus,79,35
144,12,0,first,28,2000,minus,80,113
144,12,0,first,28,2000,plus,80,36
144,12,0,first,28,2000,minus,81,118
144,12,0,first,28,2000,plus,81,57
144,12,0,first,28,2000,minus,82,102
144,12,0,first,28,2000,plus,82,58
144,12,0,first,28,2000,minus,83,78
144,12,0,first,28,2000,plus,83,64
144,12,0,first,28,2000,minus,84,116
144,12,0,first,28,2000,plus,84,68
144,12,0,first,28,2000,minus,85,108
144,12,0,first,28,2000,plus,85,80
144,12,0,first,28,2000,minus,86,106
144,12,0,first,28,2000,plus,86,92
144,12,0,first,28,2000,minus,87,90
144,12,0,first,28,2000,plus,87,116
144,12,0,first,28,2000,minus,88,79
144,12,0,first,28,2000,plus,88,108
144,12,0,first,28,2000,minus,89,75
144,12,0,first,28,2000,plus,89,111
144,12,0,first,28,2000,minus,90,49
144,12,0,first,28,2000,plus,90,127
144,12,0,first,28,2000,minus,91,37
144,12,0,first,28,2000,plus,91,128
144,12,0,first,28,2000,minus,92,37
144,12,0,first,28,2000,plus,92,117
144,12,0,first,28,2000,minus,93,29
144,12,0,first,28,2000,plus,93,84
144,12,0,first,28,2000,minus,94,23
144,12,0,first,28,2000,plus,94,99
144,12,0,first,28,2000,minus,95,11
144,12,0,first,28,2000,plus,95,94
144,12,0,first,28,2000,minus,96,12
144,12,0,first,28,2000,plus,96,72
144,12,0,first,28,2000,minus,97,12
144,12,0,first,28,2000,plus,97,59
144,12,0,first,28,2000,minus,98,5
144,12,0,first,28,2000,plus,98,56
144,12,0,first,28,2000,minus,99,6
144,12,0,first,28,2000,plus,99,52
144,12,0,first,28,2000,plus,100,59
144,12,0,first,28,2000,minus,101,3
144,12,0,first,28,2000,plus,101,32
144,12,0,first,28,2000,plus,102,24
144,12,0,first,28,2000,plus,103,32
144,12,0,first,28,2000,plus,104,15
144,12,0,first,28,2000,plus,105,20
144,12,0,first,28,2000,plus,106,11
144,12,0,first,28,2000,plus,107,4
144,12,0,first,28,2000,plus,108,3
144,12,0,first,28,2000,plus,109,7
144,12,0,first,28,2000,plus,110,1
144,12,0,first,28,2000,plus,112,1
144,12,0,first,28,2000,plus,113,2
144,12,0,first,28,2000,plus,115,1
144,12,0,first,28,2000,plus,116,1
144,12,0,first,28,2000,plus,122,1
144,9,0,second,28,2000,minus,44,1
144,9,0,second,28,2000,minus,46,3
144,9,0,second,28,2000,minus,49,2
144,9,0,second,28,2000,minus,50,2
144,9,0,second,28,2000,minus,51,1
144,9,0,second,28,2000,minus,52,3
144,9,0,second,28,2000,minus,53,7
144,9,0,second,28,2000,minus,54,4
144,9,0,second,28,2000,minus,55,4
144,9,0,second,28,2000,minus,56,3
144,9,0,second,28,2000,minus,57,9
144,9,0,second,28,2000,minus,58,5
144,9,0,second,28,2000,minus,59,10
144,9,0,second,28,2000,minus,60,10
144,9,0,second,28,2000,minus,61,12
144,9,0,second,28,2000,minus,62,19
144,9,0,second,28,2000,minus,63,17
144,9,0,second,28,2000,minus,64,21
144,9,0,second,28,2000,minus,65,24
144,9,0,second,28,2000,minus,66,34
144,9,0,second,28,2000,minus,67,21
144,9,0,second,28,2000,minus,68,39
144,9,0,second,28,2000,plus,68,1
144,9,0,second,28,2000,minus,69,30
144,9,0,second,28,2000,minus,70,57
144,9,0,second,28,2000,minus,71,62
144,9,0,second,28,2000,plus,71,2
144,9,0,second,28,2000,minus,72,57
144,9,0,second,28,2000,plus,72,2
144,9,0,second,28,2000,minus,73,55
144,9,0,second,28,2000,plus,73,1
144,9,0,second,28,2000,minus,74,63
144,9,0,second,28,2000,plus,74,4
144,9,0,second,28,2000,minus,75,74
144,9,0,second,28,2000,plus,75,11
144,9,0,second,28,2000,minus,76,86
144,9,0,second,28,2000,plus,76,6
144,9,0,second,28,2000,minus,77,99
144,9,0,second,28,2000,plus,77,10
144,9,0,second,28,2000,minus,78,87
144,9,0,second,28,2000,plus,78,17
144,9,0,second,28,2000,minus,79,100
144,9,0,second,28,2000,plus,79,21
144,9,0,second,28,2000,minus,80,83
144,9,0,second,28,2000,plus,80,25
144,9,0,second,28,2000,minus,81,86
144,9,0,second,28,2000,plus,81,46
144,9,0,second,28,2000,minus,82,93
144,9,0,second,28,2000,plus,82,38
144,9,0,second,28,2000,minus,83,105
144,9,0,second,28,2000,plus,83,43
144,9,0,second,28,2000,minus,84,99
144,9,0,second,28,2000,plus,84,64
144,9,0,second,28,2000,minus,85,84
144,9,0,second,28,2000,plus,85,76
144,9,0,second,28,2000,minus,86,75
144,9,0,second,28,2000,plus,86,87
144,9,0,second,28,2000,minus,87,60
144,9,0,second,28,2000,plus,87,71
144,9,0,second,28,2000,minus,88,69
144,9,0,second,28,2000,plus,88,103
144,9,0,second,28,2000,minus,89,56
144,9,0,second,28,2000,plus,89,101
144,9,0,second,28,2000,minus,90,52
144,9,0,second,28,2000,plus,90,91
144,9,0,second,28,2000,minus,91,40
144,9,0,second,28,2000,plus,91,101
144,9,0,second,28,2000,minus,92,22
144,9,0,second,28,2000,plus,92,115
144,9,0,second,28,2000,minus,93,20
144,9,0,second,28,2000,plus,93,119
144,9,0,second,28,2000,minus,94,14
144,9,0,second,28,2000,plus,94,86
144,9,0,second,28,2000,minus,95,5
144,9,0,second,28,2000,plus,95,104
144,9,0,second,28,2000,minus,96,10
144,9,0,second,28,2000,plus,96,80
144,9,0,second,28,2000,minus,97,2
144,9,0,second,28,2000,plus,97,85
144,9,0,second,28,2000,plus,98,69
144,9,0,second,28,2000,minus,99,1
144,9,0,second,28,2000,plus,99,69
144,9,0,second,28,2000,minus,100,1
144,9,0,second,28,2000,plus,100,47
144,9,0,second,28,2000,plus,101,39
144,9,0,second,28,2000,minus,102,2
144,9,0,second,28,2000,plus,102,38
144,9,0,second,28,2000,plus,103,31
144,9,0,second,28,2000,plus,104,26
144,9,0,second,28,2000,plus,105,23
144,9,0,second,28,2000,plus,106,40
144,9,0,second,28,2000,plus,107,24
144,9,0,second,28,2000,plus,108,15
144,9,0,second,28,2000,plus,109,10
144,9,0,second,28,2000,plus,110,13
144,9,0,second,28,2000,plus,111,12
144,9,0,second,28,2000,plus,112,6
144,9,0,second,28,2000,plus,113,9
144,9,0,second,28,2000,plus,114,4
144,9,0,second,28,2000,plus,115,3
144,9,0,second,28,2000,plus,116,2
144,9,0,second,28,2000,plus,117,5
144,9,0,second,28,2000,plus,118,2
144,9,0,second,28,2000,plus,119,1
144,9,0,second,28,2000,plus,120,1
144,9,0,second,28,2000,plus,122,1
144,12,0,first,29,2000,minus,44,1
144,12,0,first,29,2000,minus,49,1
144,12,0,first,29,2000,minus,50,2
144,12,0,first,29,2000,minus,54,2
144,12,0,first,29,2000,minus,55,1
144,12,0,first,29,2000,minus,56,1
144,12,0,first,29,2000,minus,57,3
144,12,0,first,29,2000,minus,58,3
144,12,0,first,29,2000,plus,58,1
144,12,0,first,29,2000,minus,59,1
144,12,0,first,29,2000,minus,60,2
144,12,0,first,29,2000,minus,61,3
144,12,0,first,29,2000,minus,62,5
144,12,0,first,29,2000,minus,63,5
144,12,0,first,29,2000,minus,64,5
144,12,0,first,29,2000,minus,65,11
144,12,0,first,29,2000,minus,66,23
144,12,0,first,29,2000,minus,67,21
144,12,0,first,29,2000,minus,68,19
144,12,0,first,29,2000,plus,68,2
144,12,0,first,29,2000,minus,69,35
144,12,0,first,29,2000,minus,70,28
144,12,0,first,29,2000,plus,70,1
144,12,0,first,29,2000,minus,71,38
144,12,0,first,29,2000,plus,71,2
144,12,0,first,29,2000,minus,72,49
144,12,0,first,29,2000,plus,72,5
144,12,0,first,29,2000,minus,73,45
144,12,0,first,29,2000,plus,73,3
144,12,0,first,29,2000,minus,74,53
144,12,0,first,29,2000,plus,74,5
144,12,0,first,29,2000,minus,75,68
144,12,0,first,29,2000,plus,75,7
144,12,0,first,29,2000,minus,76,73
144,12,0,first,29,2000,plus,76,10
144,12,0,first,29,2000,minus,77,87
144,12,0,first,29,2000,plus,77,18
144,12,0,first,29,2000,minus,78,87
144,12,0,first,29,2000,plus,78,28
144,12,0,first,29,2000,minus,79,111
144,12,0,first,29,2000,plus,79,27
144,12,0,first,29,2000,minus,80,100
144,12,0,first,29,2000,plus,80,33
144,12,0,first,29,2000,minus,81,106
144,12,0,first,29,2000,plus,81,59
144,12,0,first,29,2000,minus,82,118
144,12,0,first,29,2000,plus,82,53
144,12,0,first,29,2000,minus,83,111
144,12,0,first,29,2000,plus,83,65
144,12,0,first,29,2000,minus,84,130
144,12,0,first,29,2000,plus,84,77
144,12,0,first,29,2000,minus,85,98
144,12,0,first,29,2000,plus,85,85
144,12,0,first,29,2000,minus,86,73
144,12,0,first,29,2000,plus,86,93
144,12,0,first,29,2000,minus,87,87
144,12,0,first,29,2000,plus,87,93
144,12,0,first,29,2000,minus,88,75
144,12,0,first,29,2000,plus,88,113
144,12,0,first,29,2000,minus,89,65
144,12,0,first,29,2000,plus,89,90
144,12,0,first,29,2000,minus,90,63
144,12,0,first,29,2000,plus,90,128
144,12,0,first,29,2000,minus,91,56
144,12,0,first,29,2000,plus,91,111
144,12,0,first,29,2000,minus,92,36
144,12,0,first,29,2000,plus,92,104
144,12,0,first,29,2000,minus,93,31
144,12,0,first,29,2000,plus,93,108
144,12,0,first,29,2000,minus,94,20
144,12,0,first,29,2000,plus,94,109
144,12,0,first,29,2000,minus,95,18
144,12,0,first,29,2000,plus,95,104
144,12,0,first,29,2000,minus,96,11
144,12,0,first,29,2000,plus,96,91
144,12,0,first,29,2000,minus,97,3
144,12,0,first,29,2000,plus,97,65
144,12,0,first,29,2000,minus,98,3
144,12,0,first,29,2000,plus,98,60
144,12,0,first,29,2000,minus,99,8
144,12,0,first,29,2000,plus,99,53
144,12,0,first,29,2000,minus,100,1
144,12,0,first,29,2000,plus,100,53
144,12,0,first,29,2000,minus,101,1
144,12,0,first,29,2000,plus,101,33
144,12,0,first,29,2000,plus,102,23
144,12,0,first,29,2000,minus,103,2
144,12,0,first,29,2000,plus,103,18
144,12,0,first,29,2000,plus,104,14
144,12,0,first,29,2000,minus,105,1
144,12,0,first,29,2000,plus,105,13
144,12,0,first,29,2000,plus,106,12
144,12,0,first,29,2000,plus,107,8
144,12,0,first,29,2000,plus,108,6
144,12,0,first,29,2000,plus,109,7
144,12,0,first,29,2000,plus,110,7
144,12,0,first,29,2000,plus,111,2
144,12,0,first,29,2000,plus,112,1
144,9,0,second,29,2000,minus,40,1
144,9,0,second,29,2000,minus,46,2
144,9,0,second,29,2000,minus,49,1
144,9,0,second,29,2000,minus,50,2
144,9,0,second,29,2000,minus,51,4
144,9,0,second,29,2000,minus,52,2
144,9,0,second,29,2000,minus,53,4
144,9,0,second,29,2000,minus,54,3
144,9,0,second,29,2000,minus,55,6
144,9,0,second,29,2000,minus,56,5
144,9,0,second,29,2000,minus,57,3
144,9,0,second,29,2000,minus,58,6
144,9,0,second,29,2000,minus,59,9
144,9,0,second,29,2000,minus,60,9
144,9,0,second,29,2000,minus,61,10
144,9,0,second,29,2000,minus,62,11
144,9,0,second,29,2000,minus,63,10
144,9,0,second,29,2000,minus,64,22
144,9,0,second,29,2000,minus,65,14
144,9,0,second,29,2000,minus,66,26
144,9,0,second,29,2000,minus,67,23
144,9,0,second,29,2000,minus,68,32
144,9,0,second,29,2000,minus,69,45
144,9,0,second,29,2000,minus,70,45
144,9,0,second,29,2000,plus,70,1
144,9,0,second,29,2000,minus,71,50
144,9,0,second,29,2000,plus,71,1
144,9,0,second,29,2000,minus,72,63
144,9,0,second,29,2000,plus,72,1
144,9,0,second,29,2000,minus,73,64
144,9,0,second,29,2000,plus,73,1
144,9,0,second,29,2000,minus,74,70
144,9,0,second,29,2000,plus,74,7
144,9,0,second,29,2000,minus,75,76
144,9,0,second,29,2000,plus,75,9
144,9,0,second,29,2000,minus,76,85
144,9,0,second,29,2000,plus,76,2
144,9,0,second,29,2000,minus,77,101
144,9,0,second,29,2000,plus,77,12
144,9,0,second,29,2000,minus,78,102
144,9,0,second,29,2000,plus,78,10
144,9,0,second,29,2000,minus,79,95
144,9,0,second,29,2000,plus,79,13
144,9,0,second,29,2000,minus,80,107
144,9,0,second,29,2000,plus,80,24
144,9,0,second,29,2000,minus,81,91
144,9,0,second,29,2000,plus,81,47
144,9,0,second,29,2000,minus,82,108
144,9,0,second,29,2000,plus,82,36
144,9,0,second,29,2000,minus,83,106
144,9,0,second,29,2000,plus,83,55
144,9,0,second,29,2000,minus,84,93
144,9,0,second,29,2000,plus,84,65
144,9,0,second,29,2000,minus,85,79
144,9,0,second,29,2000,plus,85,71
144,9,0,second,29,2000,minus,86,70
144,9,0,second,29,2000,plus,86,81
144,9,0,second,29,2000,minus,87,55
144,9,0,second,29,2000,plus,87,93
144,9,0,second,29,2000,minus,88,64
144,9,0,second,29,2000,plus,88,88
144,9,0,second,29,2000,minus,89,51
144,9,0,second,29,2000,plus,89,113
144,9,0,second,29,2000,minus,90,45
144,9,0,second,29,2000,plus,90,95
144,9,0,second,29,2000,minus,91,35
144,9,0,second,29,2000,plus,91,107
144,9,0,second,29,2000,minus,92,31
144,9,0,second,29,2000,plus,92,116
144,9,0,second,29,2000,minus,93,17
144,9,0,second,29,2000,plus,93,88
144,9,0,second,29,2000,minus,94,19
144,9,0,second,29,2000,plus,94,100
144,9,0,second,29,2000,minus,95,7
144,9,0,second,29,2000,plus,95,89
144,9,0,second,29,2000,minus,96,9
144,9,0,second,29,2000,plus,96,85
144,9,0,second,29,2000,minus,97,6
144,9,0,second,29,2000,plus,97,79
144,9,0,second,29,2000,minus,98,2
144,9,0,second,29,2000,plus,98,72
144,9,0,second,29,2000,minus,99,2
144,9,0,second,29,2000,plus,99,56
144,9,0,second,29,2000,plus,100,63
144,9,0,second,29,2000,minus,101,1
144,9,0,second,29,2000,plus,101,55
144,9,0,second,29,2000,plus,102,50
144,9,0,second,29,2000,plus,103,34
144,9,0,second,29,2000,plus,104,34
144,9,0,second,29,2000,minus,105,1
144,9,0,second,29,2000,plus,105,21
144,9,0,second,29,2000,plus,106,30
144,9,0,second,29,2000,plus,107,21
144,9,0,second,29,2000,plus,108,11
144,9,0,second,29,2000,plus,109,12
144,9,0,second,29,2000,plus,110,17
144,9,0,second,29,2000,plus,111,7
144,9,0,second,29,2000,plus,112,9
144,9,0,second,29,2000,plus,113,7
144,9,0,second,29,2000,plus,115,1
144,9,0,second,29,2000,plus,116,3
144,9,0,second,29,2000,plus,117,1
144,9,0,second,29,2000,plus,118,4
144,9,0,second,29,2000,plus,119,1
144,9,0,second,29,2000,plus,120,1
144,9,0,second,29,2000,plus,125,1
144,12,0,first,30,2000,minus,47,1
144,12,0,first,30,2000,minus,54,1
144,12,0,first,30,2000,minus,56,1
144,12,0,first,30,2000,minus,58,4
144,12,0,first,30,2000,minus,59,4
144,12,0,first,30,2000,minus,60,5
144,12,0,first,30,2000,minus,61,4
144,12,0,first,30,2000,minus,62,7
144,12,0,first,30,2000,minus,63,3
144,12,0,first,30,2000,minus,64,9
144,12,0,first,30,2000,plus,64,1
144,12,0,first,30,2000,minus,65,9
144,12,0,first,30,2000,minus,66,15
144,12,0,first,30,2000,plus,66,1
144,12,0,first,30,2000,minus,67,9
144,12,0,first,30,2000,plus,67,1
144,12,0,first,30,2000,minus,68,17
144,12,0,first,30,2000,minus,69,16
144,12,0,first,30,2000,minus,70,34
144,12,0,first,30,2000,plus,70,1
144,12,0,first,30,2000,minus,71,37
144,12,0,first,30,2000,plus,71,2
144,12,0,first,30,2000,minus,72,53
144,12,0,first,30,2000,plus,72,4
144,12,0,first,30,2000,minus,73,46
144,12,0,first,30,2000,plus,73,3
144,12,0,first,30,2000,minus,74,51
144,12,0,first,30,2000,plus,74,9
144,12,0,first,30,2000,minus,75,77
144,12,0,first,30,2000,plus,75,15
144,12,0,first,30,2000,minus,76,72
144,12,0,first,30,2000,plus,76,16
144,12,0,first,30,2000,minus,77,71
144,12,0,first,30,2000,plus,77,16
144,12,0,first,30,2000,minus,78,90
144,12,0,first,30,2000,plus,78,26
144,12,0,first,30,2000,minus,79,100
144,12,0,first,30,2000,plus,79,28
144,12,0,first,30,2000,minus,80,121
144,12,0,first,30,2000,plus,80,39
144,12,0,first,30,2000,minus,81,102
144,12,0,first,30,2000,plus,81,47
144,12,0,first,30,2000,minus,82,132
144,12,0,first,30,2000,plus,82,51
144,12,0,first,30,2000,minus,83,111
144,12,0,first,30,2000,plus,83,67
144,12,0,first,30,2000,minus,84,105
144,12,0,first,30,2000,plus,84,58
144,12,0,first,30,2000,minus,85,109
144,12,0,first,30,2000,plus,85,87
144,12,0,first,30,2000,minus,86,103
144,12,0,first,30,2000,plus,86,92
144,12,0,first,30,2000,minus,87,95
144,12,0,first,30,2000,plus,87,87
144,12,0,first,30,2000,minus,88,66
144,12,0,first,30,2000,plus,88,113
144,12,0,first,30,2000,minus,89,73
144,12,0,first,30,2000,plus,89,125
144,12,0,first,30,2000,minus,90,54
144,12,0,first,30,2000,plus,90,127
144,12,0,first,30,2000,minus,91,46
144,12,0,first,30,2000,plus,91,131
144,12,0,first,30,2000,minus,92,47
144,12,0,first,30,2000,plus,92,108
144,12,0,first,30,2000,minus,93,29
144,12,0,first,30,2000,plus,93,96
144,12,0,first,30,2000,minus,94,21
144,12,0,first,30,2000,plus,94,78
144,12,0,first,30,2000,minus,95,18
144,12,0,first,30,2000,plus,95,100
144,12,0,first,30,2000,minus,96,12
144,12,0,first,30,2000,plus,96,78
144,12,0,first,30,2000,minus,97,9
144,12,0,first,30,2000,plus,97,70
144,12,0,first,30,2000,minus,98,7
144,12,0,first,30,2000,plus,98,67
144,12,0,first,30,2000,minus,99,1
144,12,0,first,30,2000,plus,99,51
144,12,0,first,30,2000,plus,100,53
144,12,0,first,30,2000,minus,101,1
144,12,0,first,30,2000,plus,101,31
144,12,0,first,30,2000,minus,102,2
144,12,0,first,30,2000,plus,102,22
144,12,0,first,30,2000,plus,103,24
144,12,0,first,30,2000,plus,104,13
144,12,0,first,30,2000,plus,105,18
144,12,0,first,30,2000,plus,106,12
144,12,0,first,30,2000,plus,107,15
144,12,0,first,30,2000,plus,108,6
144,12,0,first,30,2000,plus,109,4
144,12,0,first,30,2000,plus,110,2
144,12,0,first,30,2000,plus,111,2
144,12,0,first,30,2000,plus,112,2
144,12,0,first,30,2000,plus,114,1
144,9,0,second,30,2000,minus,46,1
144,9,0,second,30,2000,minus,49,1
144,9,0,second,30,2000,minus,50,3
144,9,0,second,30,2000,minus,51,1
144,9,0,second,30,2000,minus,52,5
144,9,0,second,30,2000,minus,53,1
144,9,0,second,30,2000,minus,54,6
144,9,0,second,30,2000,minus,55,10
144,9,0,second,30,2000,minus,56,6
144,9,0,second,30,2000,minus,57,5
144,9,0,second,30,2000,minus,58,13
144,9,0,second,30,2000,minus,59,10
144,9,0,second,30,2000,minus,60,13
144,9,0,second,30,2000,minus,61,12
144,9,0,second,30,2000,minus,62,2
144,9,0,second,30,2000,minus,63,16
144,9,0,second,30,2000,minus,64,20
144,9,0,second,30,2000,minus,65,19
144,9,0,second,30,2000,minus,66,36
144,9,0,second,30,2000,minus,67,29
144,9,0,second,30,2000,minus,68,40
144,9,0,second,30,2000,minus,69,37
144,9,0,second,30,2000,minus,70,49
144,9,0,second,30,2000,plus,70,2
144,9,0,second,30,2000,minus,71,44
144,9,0,second,30,2000,plus,71,3
144,9,0,second,30,2000,minus,72,47
144,9,0,second,30,2000,plus,72,3
144,9,0,second,30,2000,minus,73,68
144,9,0,second,30,2000,plus,73,3
144,9,0,second,30,2000,minus,74,63
144,9,0,second,30,2000,plus,74,5
144,9,0,second,30,2000,minus,75,80
144,9,0,second,30,2000,plus,75,5
144,9,0,second,30,2000,minus,76,90
144,9,0,second,30,2000,plus,76,10
144,9,0,second,30,2000,minus,77,102
144,9,0,second,30,2000,plus,77,7
144,9,0,second,30,2000,minus,78,99
144,9,0,second,30,2000,plus,78,19
144,9,0,second,30,2000,minus,79,105
144,9,0,second,30,2000,plus,79,19
144,9,0,second,30,2000,minus,80,96
144,9,0,second,30,2000,plus,80,36
144,9,0,second,30,2000,minus,81,107
144,9,0,second,30,2000,plus,81,31
144,9,0,second,30,2000,minus,82,87
144,9,0,second,30,2000,plus,82,39
144,9,0,second,30,2000,minus,83,77
144,9,0,second,30,2000,plus,83,56
144,9,0,second,30,2000,minus,84,99
144,9,0,second,30,2000,plus,84,57
144,9,0,second,30,2000,minus,85,88
144,9,0,second,30,2000,plus,85,70
144,9,0,second,30,2000,minus,86,76
144,9,0,second,30,2000,plus,86,80
144,9,0,second,30,2000,minus,87,74
144,9,0,second,30,2000,plus,87,89
144,9,0,second,30,2000,minus,88,50
144,9,0,second,30,2000,plus,88,97
144,9,0,second,30,2000,minus,89,50
144,9,0,second,30,2000,plus,89,113
144,9,0,second,30,2000,minus,90,32
144,9,0,second,30,2000,plus,90,113
144,9,0,second,30,2000,minus,91,45
144,9,0,second,30,2000,plus,91,102
144,9,0,second,30,2000,minus,92,25
144,9,0,second,30,2000,plus,92,112
144,9,0,second,30,2000,minus,93,20
144,9,0,second,30,2000,plus,93,101
144,9,0,second,30,2000,minus,94,9
144,9,0,second,30,2000,plus,94,92
144,9,0,second,30,2000,minus,95,8
144,9,0,second,30,2000,plus,95,87
144,9,0,second,30,2000,minus,96,7
144,9,0,second,30,2000,plus,96,70
144,9,0,second,30,2000,minus,97,8
144,9,0,second,30,2000,plus,97,82
144,9,0,second,30,2000,minus,98,6
144,9,0,second,30,2000,plus,98,89
144,9,0,second,30,2000,minus,99,1
144,9,0,second,30,2000,plus,99,71
144,9,0,second,30,2000,minus,100,2
144,9,0,second,30,2000,plus,100,59
144,9,0,second,30,2000,plus,101,48
144,9,0,second,30,2000,plus,102,38
144,9,0,second,30,2000,plus,103,41
144,9,0,second,30,2000,plus,104,26
144,9,0,second,30,2000,plus,105,25
144,9,0,second,30,2000,plus,106,20
144,9,0,second,30,2000,plus,107,21
144,9,0,second,30,2000,plus,108,12
144,9,0,second,30,2000,plus,109,10
144,9,0,second,30,2000,plus,110,11
144,9,0,second,30,2000,plus,111,8
144,9,0,second,30,2000,plus,112,3
144,9,0,second,30,2000,plus,113,4
144,9,0,second,30,2000,plus,114,2
144,9,0,second,30,2000,plus,115,3
144,9,0,second,30,2000,plus,116,1
144,9,0,second,30,2000,plus,117,3
144,9,0,second,30,2000,plus,118,1
144,9,0,second,30,2000,plus,121,1
144,12,0,first,31,2000,minus,53,1
144,12,0,first,31,2000,minus,58,2
144,12,0,first,31,2000,minus,60,4
144,12,0,first,31,2000,minus,61,7
144,12,0,first,31,2000,minus,62,4
144,12,0,first,31,2000,minus,63,9
144,12,0,first,31,2000,minus,64,12
144,12,0,first,31,2000,minus,65,19
144,12,0,first,31,2000,minus,66,9
144,12,0,first,31,2000,minus,67,19
144,12,0,first,31,2000,minus,68,19
144,12,0,first,31,2000,minus,69,22
144,12,0,first,31,2000,plus,69,1
144,12,0,first,31,2000,minus,70,28
144,12,0,first,31,2000,minus,71,37
144,12,0,first,31,2000,plus,71,3
144,12,0,first,31,2000,minus,72,37
144,12,0,first,31,2000,plus,72,2
144,12,0,first,31,2000,minus,73,46
144,12,0,first,31,2000,plus,73,3
144,12,0,first,31,2000,minus,74,65
144,12,0,first,31,2000,plus,74,7
144,12,0,first,31,2000,minus,75,67
144,12,0,first,31,2000,plus,75,13
144,12,0,first,31,2000,minus,76,66
144,12,0,first,31,2000,plus,76,10
144,12,0,first,31,2000,minus,77,100
144,12,0,first,31,2000,plus,77,18
144,12,0,first,31,2000,minus,78,105
144,12,0,first,31,2000,plus,78,25
144,12,0,first,31,2000,minus,79,97
144,12,0,first,31,2000,plus,79,32
144,12,0,first,31,2000,minus,80,113
144,12,0,first,31,2000,plus,80,38
144,12,0,first,31,2000,minus,81,102
144,12,0,first,31,2000,plus,81,50
144,12,0,first,31,2000,minus,82,126
144,12,0,first,31,2000,plus,82,53
144,12,0,first,31,2000,minus,83,121
144,12,0,first,31,2000,plus,83,63
144,12,0,first,31,2000,minus,84,109
144,12,0,first,31,2000,plus,84,71
144,12,0,first,31,2000,minus,85,92
144,12,0,first,31,2000,plus,85,109
144,12,0,first,31,2000,minus,86,98
144,12,0,first,31,2000,plus,86,93
144,12,0,first,31,2000,minus,87,91
144,12,0,first,31,2000,plus,87,98
144,12,0,first,31,2000,minus,88,74
144,12,0,first,31,2000,plus,88,109
144,12,0,first,31,2000,minus,89,56
144,12,0,first,31,2000,plus,89,114
144,12,0,first,31,2000,minus,90,60
144,12,0,first,31,2000,plus,90,126
144,12,0,first,31,2000,minus,91,53
144,12,0,first,31,2000,plus,91,123
144,12,0,first,31,2000,minus,92,36
144,12,0,first,31,2000,plus,92,126
144,12,0,first,31,2000,minus,93,26
144,12,0,first,31,2000,plus,93,100
144,12,0,first,31,2000,minus,94,22
144,12,0,first,31,2000,plus,94,89
144,12,0,first,31,2000,minus,95,13
144,12,0,first,31,2000,plus,95,88
144,12,0,first,31,2000,minus,96,8
144,12,0,first,31,2000,plus,96,92
144,12,0,first,31,2000,minus,97,6
144,12,0,first,31,2000,plus,97,60
144,12,0,first,31,2000,minus,98,9
144,12,0,first,31,2000,plus,98,59
144,12,0,first,31,2000,minus,99,3
144,12,0,first,31,2000,plus,99,53
144,12,0,first,31,2000,minus,100,3
144,12,0,first,31,2000,plus,100,33
144,12,0,first,31,2000,minus,101,1
144,12,0,first,31,2000,plus,101,30
144,12,0,first,31,2000,minus,102,2
144,12,0,first,31,2000,plus,102,25
144,12,0,first,31,2000,plus,103,20
144,12,0,first,31,2000,plus,104,18
144,12,0,first,31,2000,plus,105,17
144,12,0,first,31,2000,minus,106,1
144,12,0,first,31,2000,plus,106,6
144,12,0,first,31,2000,plus,107,6
144,12,0,first,31,2000,plus,108,6
144,12,0,first,31,2000,plus,109,3
144,12,0,first,31,2000,plus,110,2
144,12,0,first,31,2000,plus,112,2
144,12,0,first,31,2000,plus,113,2
144,12,0,first,31,2000,plus,115,1
144,12,0,first,31,2000,plus,123,1
144,9,0,second,31,2000,minus,42,1
144,9,0,second,31,2000,minus,44,1
144,9,0,second,31,2000,minus,45,1
144,9,0,second,31,2000,minus,47,2
144,9,0,second,31,2000,minus,48,1
144,9,0,second,31,2000,minus,49,2
144,9,0,second,31,2000,minus,51,2
144,9,0,second,31,2000,minus,53,4
144,9,0,second,31,2000,minus,54,6
144,9,0,second,31,2000,minus,55,3
144,9,0,second,31,2000,minus,56,5
144,9,0,second,31,2000,minus,57,6
144,9,0,second,31,2000,minus,58,6
144,9,0,second,31,2000,minus,59,7
144,9,0,second,31,2000,minus,60,11
144,9,0,second,31,2000,minus,61,8
144,9,0,second,31,2000,minus,62,18
144,9,0,second,31,2000,minus,63,18
144,9,0,second,31,2000,minus,64,15
144,9,0,second,31,2000,minus,65,19
144,9,0,second,31,2000,minus,66,24
144,9,0,second,31,2000,plus,66,1
144,9,0,second,31,2000,minus,67,24
144,9,0,second,31,2000,minus,68,34
144,9,0,second,31,2000,plus,68,1
144,9,0,second,31,2000,minus,69,45
144,9,0,second,31,2000,minus,70,48
144,9,0,second,31,2000,minus,71,46
144,9,0,second,31,2000,minus,72,49
144,9,0,second,31,2000,minus,73,58
144,9,0,second,31,2000,plus,73,3
144,9,0,second,31,2000,minus,74,77
144,9,0,second,31,2000,plus,74,4
144,9,0,second,31,2000,minus,75,78
144,9,0,second,31,2000,plus,75,7
144,9,0,second,31,2000,minus,76,82
144,9,0,second,31,2000,plus,76,7
144,9,0,second,31,2000,minus,77,95
144,9,0,second,31,2000,plus,77,13
144,9,0,second,31,2000,minus,78,93
144,9,0,second,31,2000,plus,78,25
144,9,0,second,31,2000,minus,79,102
144,9,0,second,31,2000,plus,79,17
144,9,0,second,31,2000,minus,80,94
144,9,0,second,31,2000,plus,80,35
144,9,0,second,31,2000,minus,81,110
144,9,0,second,31,2000,plus,81,36
144,9,0,second,31,2000,minus,82,96
144,9,0,second,31,2000,plus,82,33
144,9,0,second,31,2000,minus,83,103
144,9,0,second,31,2000,plus,83,52
144,9,0,second,31,2000,minus,84,85
144,9,0,second,31,2000,plus,84,57
144,9,0,second,31,2000,minus,85,79
144,9,0,second,31,2000,plus,85,64
144,9,0,second,31,2000,minus,86,80
144,9,0,second,31,2000,plus,86,78
144,9,0,second,31,2000,minus,87,73
144,9,0,second,31,2000,plus,87,88
144,9,0,second,31,2000,minus,88,53
144,9,0,second,31,2000,plus,88,99
144,9,0,second,31,2000,minus,89,55
144,9,0,second,31,2000,plus,89,100
144,9,0,second,31,2000,minus,90,38
144,9,0,second,31,2000,plus,90,108
144,9,0,second,31,2000,minus,91,39
144,9,0,second,31,2000,plus,91,107
144,9,0,second,31,2000,minus,92,31
144,9,0,second,31,2000,plus,92,107
144,9,0,second,31,2000,minus,93,25
144,9,0,second,31,2000,plus,93,94
144,9,0,second,31,2000,minus,94,15
144,9,0,second,31,2000,plus,94,102
144,9,0,second,31,2000,minus,95,11
144,9,0,second,31,2000,plus,95,97
144,9,0,second,31,2000,minus,96,5
144,9,0,second,31,2000,plus,96,75
144,9,0,second,31,2000,minus,97,7
144,9,0,second,31,2000,plus,97,76
144,9,0,second,31,2000,minus,98,5
144,9,0,second,31,2000,plus,98,71
144,9,0,second,31,2000,plus,99,60
144,9,0,second,31,2000,minus,100,2
144,9,0,second,31,2000,plus,100,48
144,9,0,second,31,2000,minus,101,1
144,9,0,second,31,2000,plus,101,58
144,9,0,second,31,2000,plus,102,41
144,9,0,second,31,2000,plus,103,39
144,9,0,second,31,2000,plus,104,38
144,9,0,second,31,2000,minus,105,1
144,9,0,second,31,2000,plus,105,25
144,9,0,second,31,2000,minus,106,1
144,9,0,second,31,2000,plus,106,31
144,9,0,second,31,2000,plus,107,17
144,9,0,second,31,2000,plus,108,23
144,9,0,second,31,2000,plus,109,7
144,9,0,second,31,2000,plus,110,21
144,9,0,second,31,2000,plus,111,10
144,9,0,second,31,2000,plus,112,10
144,9,0,second,31,2000,plus,113,2
144,9,0,second,31,2000,plus,114,4
144,9,0,second,31,2000,plus,115,2
144,9,0,second,31,2000,plus,116,1
144,9,0,second,31,2000,plus,117,1
144,9,0,second,31,2000,plus,119,2
144,9,0,second,31,2000,plus,120,2
144,9,0,second,31,2000,plus,123,1
144,12,0,first,32,2000,minus,46,1
144,12,0,first,32,2000,minus,56,3
144,12,0,first,32,2000,minus,57,1
144,12,0,first,32,2000,minus,59,2
144,12,0,first,32,2000,minus,60,3
144,12,0,first,32,2000,minus,61,5
144,12,0,first,32,2000,minus,62,6
144,12,0,first,32,2000,minus,63,10
144,12,0,first,32,2000,minus,64,6
144,12,0,first,32,2000,plus,64,1
144,12,0,first,32,2000,minus,65,17
144,12,0,first,32,2000,minus,66,16
144,12,0,first,32,2000,minus,67,15
144,12,0,first,32,2000,plus,67,2
144,12,0,first,32,2000,minus,68,24
144,12,0,first,32,2000,minus,69,27
144,12,0,first,32,2000,minus,70,31
144,12,0,first,32,2000,plus,70,1
144,12,0,first,32,2000,minus,71,25
144,12,0,first,32,2000,plus,71,1
144,12,0,first,32,2000,minus,72,43
144,12,0,first,32,2000,plus,72,2
144,12,0,first,32,2000,minus,73,49
144,12,0,first,32,2000,plus,73,5
144,12,0,first,32,2000,minus,74,49
144,12,0,first,32,2000,plus,74,9
144,12,0,first,32,2000,minus,75,68
144,12,0,first,32,2000,plus,75,9
144,12,0,first,32,2000,minus,76,72
144,12,0,first,32,2000,plus,76,10
144,12,0,first,32,2000,minus,77,84
144,12,0,first,32,2000,plus,77,24
144,12,0,first,32,2000,minus,78,105
144,12,0,first,32,2000,plus,78,22
144,12,0,first,32,2000,minus,79,100
144,12,0,first,32,2000,plus,79,24
144,12,0,first,32,2000,minus,80,121
144,12,0,first,32,2000,plus,80,43
144,12,0,first,32,2000,minus,81,121
144,12,0,first,32,2000,plus,81,48
144,12,0,first,32,2000,minus,82,113
144,12,0,first,32,2000,plus,82,50
144,12,0,first,32,2000,minus,83,111
144,12,0,first,32,2000,plus,83,62
144,12,0,first,32,2000,minus,84,111
144,12,0,first,32,2000,plus,84,86
144,12,0,first,32,2000,minus,85,97
144,12,0,first,32,2000,plus,85,93
144,12,0,first,32,2000,minus,86,95
144,12,0,first,32,2000,plus,86,100
144,12,0,first,32,2000,minus,87,89
144,12,0,first,32,2000,plus,87,100
144,12,0,first,32,2000,minus,88,78
144,12,0,first,32,2000,plus,88,93
144,12,0,first,32,2000,minus,89,69
144,12,0,first,32,2000,plus,89,113
144,12,0,first,32,2000,minus,90,51
144,12,0,first,32,2000,plus,90,123
144,12,0,first,32,2000,minus,91,43
144,12,0,first,32,2000,plus,91,118
144,12,0,first,32,2000,minus,92,33
144,12,0,first,32,2000,plus,92,117
144,12,0,first,32,2000,minus,93,32
144,12,0,first,32,2000,plus,93,92
144,12,0,first,32,2000,minus,94,20
144,12,0,first,32,2000,plus,94,103
144,12,0,first,32,2000,minus,95,15
144,12,0,first,32,2000,plus,95,102
144,12,0,first,32,2000,minus,96,14
144,12,0,first,32,2000,plus,96,80
144,12,0,first,32,2000,minus,97,11
144,12,0,first,32,2000,plus,97,59
144,12,0,first,32,2000,minus,98,5
144,12,0,first,32,2000,plus,98,46
144,12,0,first,32,2000,minus,99,3
144,12,0,first,32,2000,plus,99,62
144,12,0,first,32,2000,minus,100,2
144,12,0,first,32,2000,plus,100,49
144,12,0,first,32,2000,minus,101,2
144,12,0,first,32,2000,plus,101,35
144,12,0,first,32,2000,plus,102,18
144,12,0,first,32,2000,minus,103,2
144,12,0,first,32,2000,plus,103,17
144,12,0,first,32,2000,plus,104,22
144,12,0,first,32,2000,plus,105,16
144,12,0,first,32,2000,plus,106,16
144,12,0,first,32,2000,plus,107,7
144,12,0,first,32,2000,plus,108,8
144,12,0,first,32,2000,plus,109,1
144,12,0,first,32,2000,plus,110,2
144,12,0,first,32,2000,plus,111,1
144,12,0,first,32,2000,plus,112,2
144,12,0,first,32,2000,plus,113,3
144,12,0,first,32,2000,plus,114,2
144,12,0,first,32,2000,plus,119,1
144,9,0,second,32,2000,minus,41,1
144,9,0,second,32,2000,minus,43,1
144,9,0,second,32,2000,minus,44,1
144,9,0,second,32,2000,minus,49,1
144,9,0,second,32,2000,minus,52,2
144,9,0,second,32,2000,minus,53,3
144,9,0,second,32,2000,minus,54,3
144,9,0,second,32,2000,minus,55,4
144,9,0,second,32,2000,minus,56,7
144,9,0,second,32,2000,minus,57,5
144,9,0,second,32,2000,minus,58,3
144,9,0,second,32,2000,minus,59,8
144,9,0,second,32,2000,minus,60,7
144,9,0,second,32,2000,minus,61,12
144,9,0,second,32,2000,minus,62,16
144,9,0,second,32,2000,minus,63,24
144,9,0,second,32,2000,minus,64,19
144,9,0,second,32,2000,minus,65,21
144,9,0,second,32,2000,minus,66,31
144,9,0,second,32,2000,minus,67,28
144,9,0,second,32,2000,minus,68,46
144,9,0,second,32,2000,plus,68,1
144,9,0,second,32,2000,minus,69,39
144,9,0,second,32,2000,plus,69,3
144,9,0,second,32,2000,minus,70,51
144,9,0,second,32,2000,minus,71,47
144,9,0,second,32,2000,minus,72,52
144,9,0,second,32,2000,plus,72,2
144,9,0,second,32,2000,minus,73,65
144,9,0,second,32,2000,plus,73,5
144,9,0,second,32,2000,minus,74,53
144,9,0,second,32,2000,plus,74,3
144,9,0,second,32,2000,minus,75,71
144,9,0,second,32,2000,plus,75,5
144,9,0,second,32,2000,minus,76,77
144,9,0,second,32,2000,plus,76,7
144,9,0,second,32,2000,minus,77,90
144,9,0,second,32,2000,plus,77,11
144,9,0,second,32,2000,minus,78,94
144,9,0,second,32,2000,plus,78,14
144,9,0,second,32,2000,minus,79,107
144,9,0,second,32,2000,plus,79,20
144,9,0,second,32,2000,minus,80,111
144,9,0,second,32,2000,plus,80,26
144,9,0,second,32,2000,minus,81,99
144,9,0,second,32,2000,plus,81,38
144,9,0,second,32,2000,minus,82,102
144,9,0,second,32,2000,plus,82,33
144,9,0,second,32,2000,minus,83,107
144,9,0,second,32,2000,plus,83,52
144,9,0,second,32,2000,minus,84,92
144,9,0,second,32,2000,plus,84,60
144,9,0,second,32,2000,minus,85,77
144,9,0,second,32,2000,plus,85,67
144,9,0,second,32,2000,minus,86,78
144,9,0,second,32,2000,plus,86,78
144,9,0,second,32,2000,minus,87,61
144,9,0,second,32,2000,plus,87,78
144,9,0,second,32,2000,minus,88,52
144,9,0,second,32,2000,plus,88,100
144,9,0,second,32,2000,minus,89,56
144,9,0,second,32,2000,plus,89,102
144,9,0,second,32,2000,minus,90,37
144,9,0,second,32,2000,plus,90,100
144,9,0,second,32,2000,minus,91,41
144,9,0,second,32,2000,plus,91,110
144,9,0,second,32,2000,minus,92,25
144,9,0,second,32,2000,plus,92,94
144,9,0,second,32,2000,minus,93,16
144,9,0,second,32,2000,plus,93,102
144,9,0,second,32,2000,minus,94,18
144,9,0,second,32,2000,plus,94,94
144,9,0,second,32,2000,minus,95,9
144,9,0,second,32,2000,plus,95,103
144,9,0,second,32,2000,minus,96,5
144,9,0,second,32,2000,plus,96,93
144,9,0,second,32,2000,minus,97,12
144,9,0,second,32,2000,plus,97,70
144,9,0,second,32,2000,minus,98,5
144,9,0,second,32,2000,plus,98,67
144,9,0,second,32,2000,minus,99,5
144,9,0,second,32,2000,plus,99,67
144,9,0,second,32,2000,minus,100,2
144,9,0,second,32,2000,plus,100,68
144,9,0,second,32,2000,plus,101,58
144,9,0,second,32,2000,minus,102,1
144,9,0,second,32,2000,plus,102,52
144,9,0,second,32,2000,plus,103,33
144,9,0,second,32,2000,plus,104,31
144,9,0,second,32,2000,plus,105,27
144,9,0,second,32,2000,plus,106,31
144,9,0,second,32,2000,plus,107,18
144,9,0,second,32,2000,plus,108,20
144,9,0,second,32,2000,plus,109,15
144,9,0,second,32,2000,plus,110,9
144,9,0,second,32,2000,plus,111,9
144,9,0,second,32,2000,plus,112,7
144,9,0,second,32,2000,plus,113,3
144,9,0,second,32,2000,plus,114,2
144,9,0,second,32,2000,plus,115,2
144,9,0,second,32,2000,plus,116,3
144,9,0,second,32,2000,plus,117,2
144,9,0,second,32,2000,plus,118,1
144,9,0,second,32,2000,plus,119,2
144,9,0,second,32,2000,plus,121,1
144,9,0,second,32,2000,plus,132,1
144,12,0,first,33,2000,minus,53,1
144,12,0,first,33,2000,minus,54,1
144,12,0,first,33,2000,minus,56,1
144,12,0,first,33,2000,minus,57,2
144,12,0,first,33,2000,minus,59,4
144,12,0,first,33,2000,minus,60,5
144,12,0,first,33,2000,minus,61,5
144,12,0,first,33,2000,minus,62,3
144,12,0,first,33,2000,minus,63,9
144,12,0,first,33,2000,minus,64,8
144,12,0,first,33,2000,minus,65,12
144,12,0,first,33,2000,minus,66,17
144,12,0,first,33,2000,minus,67,19
144,12,0,first,33,2000,minus,68,20
144,12,0,first,33,2000,plus,68,1
144,12,0,first,33,2000,minus,69,28
144,12,0,first,33,2000,plus,69,1
144,12,0,first,33,2000,minus,70,41
144,12,0,first,33,2000,plus,70,3
144,12,0,first,33,2000,minus,71,30
144,12,0,first,33,2000,plus,71,3
144,12,0,first,33,2000,minus,72,39
144,12,0,first,33,2000,plus,72,5
144,12,0,first,33,2000,minus,73,62
144,12,0,first,33,2000,plus,73,5
144,12,0,first,33,2000,minus,74,54
144,12,0,first,33,2000,plus,74,7
144,12,0,first,33,2000,minus,75,68
144,12,0,first,33,2000,plus,75,9
144,12,0,first,33,2000,minus,76,80
144,12,0,first,33,2000,plus,76,15
144,12,0,first,33,2000,minus,77,100
144,12,0,first,33,2000,plus,77,18
144,12,0,first,33,2000,minus,78,94
144,12,0,first,33,2000,plus,78,19
144,12,0,first,33,2000,minus,79,100
144,12,0,first,33,2000,plus,79,31
144,12,0,first,33,2000,minus,80,91
144,12,0,first,33,2000,plus,80,39
144,12,0,first,33,2000,minus,81,121
144,12,0,first,33,2000,plus,81,50
144,12,0,first,33,2000,minus,82,115
144,12,0,first,33,2000,plus,82,51
144,12,0,first,33,2000,minus,83,117
144,12,0,first,33,2000,plus,83,80
144,12,0,first,33,2000,minus,84,108
144,12,0,first,33,2000,plus,84,80
144,12,0,first,33,2000,minus,85,98
144,12,0,first,33,2000,plus,85,95
144,12,0,first,33,2000,minus,86,106
144,12,0,first,33,2000,plus,86,93
144,12,0,first,33,2000,minus,87,73
144,12,0,first,33,2000,plus,87,101
144,12,0,first,33,2000,minus,88,70
144,12,0,first,33,2000,plus,88,121
144,12,0,first,33,2000,minus,89,67
144,12,0,first,33,2000,plus,89,107
144,12,0,first,33,2000,minus,90,44
144,12,0,first,33,2000,plus,90,108
144,12,0,first,33,2000,minus,91,47
144,12,0,first,33,2000,plus,91,108
144,12,0,first,33,2000,minus,92,36
144,12,0,first,33,2000,plus,92,109
144,12,0,first,33,2000,minus,93,44
144,12,0,first,33,2000,plus,93,101
144,12,0,first,33,2000,minus,94,18
144,12,0,first,33,2000,plus,94,92
144,12,0,first,33,2000,minus,95,14
144,12,0,first,33,2000,plus,95,87
144,12,0,first,33,2000,minus,96,13
144,12,0,first,33,2000,plus,96,82
144,12,0,first,33,2000,minus,97,3
144,12,0,first,33,2000,plus,97,60
144,12,0,first,33,2000,minus,98,5
144,12,0,first,33,2000,plus,98,58
144,12,0,first,33,2000,minus,99,3
144,12,0,first,33,2000,plus,99,45
144,12,0,first,33,2000,minus,100,3
144,12,0,first,33,2000,plus,100,31
144,12,0,first,33,2000,minus,101,1
144,12,0,first,33,2000,plus,101,54
144,12,0,first,33,2000,plus,102,24
144,12,0,first,33,2000,plus,103,24
144,12,0,first,33,2000,plus,104,17
144,12,0,first,33,2000,plus,105,11
144,12,0,first,33,2000,plus,106,19
144,12,0,first,33,2000,plus,107,16
144,12,0,first,33,2000,plus,108,2
144,12,0,first,33,2000,plus,109,1
144,12,0,first,33,2000,plus,110,2
144,12,0,first,33,2000,plus,111,4
144,12,0,first,33,2000,plus,112,4
144,12,0,first,33,2000,plus,113,1
144,12,0,first,33,2000,plus,114,3
144,12,0,first,33,2000,plus,115,2
144,12,0,first,33,2000,plus,118,1
144,9,0,second,33,2000,minus,43,2
144,9,0,second,33,2000,minus,49,2
144,9,0,second,33,2000,minus,50,2
144,9,0,second,33,2000,minus,52,4
144,9,0,second,33,2000,minus,53,4
144,9,0,second,33,2000,minus,54,2
144,9,0,second,33,2000,minus,55,5
144,9,0,second,33,2000,minus,56,6
144,9,0,second,33,2000,minus,57,2
144,9,0,second,33,2000,minus,58,7
144,9,0,second,33,2000,minus,59,7
144,9,0,second,33,2000,minus,60,10
144,9,0,second,33,2000,minus,61,12
144,9,0,second,33,2000,minus,62,10
144,9,0,second,33,2000,minus,63,25
144,9,0,second,33,2000,minus,64,17
144,9,0,second,33,2000,minus,65,23
144,9,0,second,33,2000,minus,66,27
144,9,0,second,33,2000,minus,67,37
144,9,0,second,33,2000,minus,68,33
144,9,0,second,33,2000,minus,69,32
144,9,0,second,33,2000,minus,70,58
144,9,0,second,33,2000,minus,71,58
144,9,0,second,33,2000,plus,71,2
144,9,0,second,33,2000,minus,72,54
144,9,0,second,33,2000,plus,72,2
144,9,0,second,33,2000,minus,73,70
144,9,0,second,33,2000,plus,73,3
144,9,0,second,33,2000,minus,74,70
144,9,0,second,33,2000,plus,74,3
144,9,0,second,33,2000,minus,75,65
144,9,0,second,33,2000,plus,75,9
144,9,0,second,33,2000,minus,76,82
144,9,0,second,33,2000,plus,76,13
144,9,0,second,33,2000,minus,77,90
144,9,0,second,33,2000,plus,77,16
144,9,0,second,33,2000,minus,78,100
144,9,0,second,33,2000,plus,78,24
144,9,0,second,33,2000,minus,79,100
144,9,0,second,33,2000,plus,79,20
144,9,0,second,33,2000,minus,80,88
144,9,0,second,33,2000,plus,80,21
144,9,0,second,33,2000,minus,81,90
144,9,0,second,33,2000,plus,81,41
144,9,0,second,33,2000,minus,82,102
144,9,0,second,33,2000,plus,82,48
144,9,0,second,33,2000,minus,83,88
144,9,0,second,33,2000,plus,83,45
144,9,0,second,33,2000,minus,84,85
144,9,0,second,33,2000,plus,84,63
144,9,0,second,33,2000,minus,85,95
144,9,0,second,33,2000,plus,85,73
144,9,0,second,33,2000,minus,86,83
144,9,0,second,33,2000,plus,86,71
144,9,0,second,33,2000,minus,87,75
144,9,0,second,33,2000,plus,87,92
144,9,0,second,33,2000,minus,88,64
144,9,0,second,33,2000,plus,88,105
144,9,0,second,33,2000,minus,89,53
144,9,0,second,33,2000,plus,89,92
144,9,0,second,33,2000,minus,90,40
144,9,0,second,33,2000,plus,90,94
144,9,0,second,33,2000,minus,91,40
144,9,0,second,33,2000,plus,91,93
144,9,0,second,33,2000,minus,92,23
144,9,0,second,33,2000,plus,92,105
144,9,0,second,33,2000,minus,93,15
144,9,0,second,33,2000,plus,93,109
144,9,0,second,33,2000,minus,94,19
144,9,0,second,33,2000,plus,94,94
144,9,0,second,33,2000,minus,95,9
144,9,0,second,33,2000,plus,95,90
144,9,0,second,33,2000,minus,96,3
144,9,0,second,33,2000,plus,96,93
144,9,0,second,33,2000,minus,97,4
144,9,0,second,33,2000,plus,97,68
144,9,0,second,33,2000,minus,98,3
144,9,0,second,33,2000,plus,98,81
144,9,0,second,33,2000,minus,99,1
144,9,0,second,33,2000,plus,99,77
144,9,0,second,33,2000,minus,100,1
144,9,0,second,33,2000,plus,100,51
144,9,0,second,33,2000,minus,101,2
144,9,0,second,33,2000,plus,101,46
144,9,0,second,33,2000,plus,102,38
144,9,0,second,33,2000,minus,103,1
144,9,0,second,33,2000,plus,103,40
144,9,0,second,33,2000,plus,104,30
144,9,0,second,33,2000,plus,105,27
144,9,0,second,33,2000,plus,106,18
144,9,0,second,33,2000,plus,107,20
144,9,0,second,33,2000,plus,108,13
144,9,0,second,33,2000,plus,109,14
144,9,0,second,33,2000,plus,110,9
144,9,0,second,33,2000,plus,111,8
144,9,0,second,33,2000,plus,112,13
144,9,0,second,33,2000,plus,113,6
144,9,0,second,33,2000,plus,114,5
144,9,0,second,33,2000,plus,115,6
144,9,0,second,33,2000,plus,116,1
144,9,0,second,33,2000,plus,117,5
144,9,0,second,33,2000,plus,118,1
144,9,0,second,33,2000,plus,120,1
144,9,0,second,33,2000,plus,125,1
144,12,0,first,34,2000,minus,50,1
144,12,0,first,34,2000,minus,52,1
144,12,0,first,34,2000,minus,54,1
144,12,0,first,34,2000,minus,55,1
144,12,0,first,34,2000,minus,57,2
144,12,0,first,34,2000,minus,58,3
144,12,0,first,34,2000,minus,59,3
144,12,0,first,34,2000,minus,60,1
144,12,0,first,34,2000,minus,61,4
144,12,0,first,34,2000,minus,62,3
144,12,0,first,34,2000,minus,63,7
144,12,0,first,34,2000,minus,64,3
144,12,0,first,34,2000,minus,65,8
144,12,0,first,34,2000,minus,66,19
144,12,0,first,34,2000,minus,67,20
144,12,0,first,34,2000,minus,68,27
144,12,0,first,34,2000,minus,69,21
144,12,0,first,34,2000,minus,70,31
144,12,0,first,34,2000,plus,70,2
144,12,0,first,34,2000,minus,71,35
144,12,0,first,34,2000,minus,72,39
144,12,0,first,34,2000,plus,72,2
144,12,0,first,34,2000,minus,73,47
144,12,0,first,34,2000,plus,73,8
144,12,0,first,34,2000,minus,74,55
144,12,0,first,34,2000,plus,74,5
144,12,0,first,34,2000,minus,75,67
144,12,0,first,34,2000,plus,75,9
144,12,0,first,34,2000,minus,76,80
144,12,0,first,34,2000,plus,76,4
144,12,0,first,34,2000,minus,77,79
144,12,0,first,34,2000,plus,77,19
144,12,0,first,34,2000,minus,78,105
144,12,0,first,34,2000,plus,78,29
144,12,0,first,34,2000,minus,79,102
144,12,0,first,34,2000,plus,79,18
144,12,0,first,34,2000,minus,80,111
144,12,0,first,34,2000,plus,80,42
144,12,0,first,34,2000,minus,81,114
144,12,0,first,34,2000,plus,81,40
144,12,0,first,34,2000,minus,82,127
144,12,0,first,34,2000,plus,82,69
144,12,0,first,34,2000,minus,83,100
144,12,0,first,34,2000,plus,83,69
144,12,0,first,34,2000,minus,84,99
144,12,0,first,34,2000,plus,84,83
144,12,0,first,34,2000,minus,85,116
144,12,0,first,34,2000,plus,85,73
144,12,0,first,34,2000,minus,86,105
144,12,0,first,34,2000,plus,86,99
144,12,0,first,34,2000,minus,87,101
144,12,0,first,34,2000,plus,87,106
144,12,0,first,34,2000,minus,88,76
144,12,0,first,34,2000,plus,88,117
144,12,0,first,34,2000,minus,89,55
144,12,0,first,34,2000,plus,89,105
144,12,0,first,34,2000,minus,90,60
144,12,0,first,34,2000,plus,90,124
144,12,0,first,34,2000,minus,91,39
144,12,0,first,34,2000,plus,91,128
144,12,0,first,34,2000,minus,92,35
144,12,0,first,34,2000,plus,92,115
144,12,0,first,34,2000,minus,93,24
144,12,0,first,34,2000,plus,93,110
144,12,0,first,34,2000,minus,94,22
144,12,0,first,34,2000,plus,94,102
144,12,0,first,34,2000,minus,95,6
144,12,0,first,34,2000,plus,95,81
144,12,0,first,34,2000,minus,96,22
144,12,0,first,34,2000,plus,96,86
144,12,0,first,34,2000,minus,97,7
144,12,0,first,34,2000,plus,97,67
144,12,0,first,34,2000,minus,98,8
144,12,0,first,34,2000,plus,98,56
144,12,0,first,34,2000,minus,99,3
144,12,0,first,34,2000,plus,99,60
144,12,0,first,34,2000,plus,100,33
144,12,0,first,34,2000,minus,101,1
144,12,0,first,34,2000,plus,101,37
144,12,0,first,34,2000,minus,102,4
144,12,0,first,34,2000,plus,102,16
144,12,0,first,34,2000,plus,103,20
144,12,0,first,34,2000,plus,104,24
144,12,0,first,34,2000,plus,105,16
144,12,0,first,34,2000,plus,106,9
144,12,0,first,34,2000,plus,107,5
144,12,0,first,34,2000,plus,108,3
144,12,0,first,34,2000,plus,109,1
144,12,0,first,34,2000,plus,110,1
144,12,0,first,34,2000,plus,111,3
144,12,0,first,34,2000,plus,112,2
144,12,0,first,34,2000,plus,114,1
144,12,0,first,34,2000,plus,115,1
144,9,0,second,34,2000,minus,43,1
144,9,0,second,34,2000,minus,44,1
144,9,0,second,34,2000,minus,45,1
144,9,0,second,34,2000,minus,48,1
144,9,0,second,34,2000,minus,49,5
144,9,0,second,34,2000,minus,50,3
144,9,0,second,34,2000,minus,51,3
144,9,0,second,34,2000,minus,52,1
144,9,0,second,34,2000,minus,54,2
144,9,0,second,34,2000,minus,55,9
144,9,0,second,34,2000,minus,56,5
144,9,0,second,34,2000,minus,57,6
144,9,0,second,34,2000,minus,58,6
144,9,0,second,34,2000,minus,59,8
144,9,0,second,34,2000,minus,60,12
144,9,0,second,34,2000,minus,61,13
144,9,0,second,34,2000,minus,62,11
144,9,0,second,34,2000,minus,63,11
144,9,0,second,34,2000,minus,64,27
144,9,0,second,34,2000,minus,65,25
144,9,0,second,34,2000,minus,66,28
144,9,0,second,34,2000,plus,66,1
144,9,0,second,34,2000,minus,67,25
144,9,0,second,34,2000,plus,67,1
144,9,0,second,34,2000,minus,68,31
144,9,0,second,34,2000,minus,69,37
144,9,0,second,34,2000,minus,70,40
144,9,0,second,34,2000,plus,70,1
144,9,0,second,34,2000,minus,71,47
144,9,0,second,34,2000,plus,71,1
144,9,0,second,34,2000,minus,72,57
144,9,0,second,34,2000,plus,72,4
144,9,0,second,34,2000,minus,73,63
144,9,0,second,34,2000,plus,73,3
144,9,0,second,34,2000,minus,74,60
144,9,0,second,34,2000,plus,74,6
144,9,0,second,34,2000,minus,75,81
144,9,0,second,34,2000,plus,75,4
144,9,0,second,34,2000,minus,76,63
144,9,0,second,34,2000,plus,76,6
144,9,0,second,34,2000,minus,77,82
144,9,0,second,34,2000,plus,77,8
144,9,0,second,34,2000,minus,78,99
144,9,0,second,34,2000,plus,78,14
144,9,0,second,34,2000,minus,79,101
144,9,0,second,34,2000,plus,79,20
144,9,0,second,34,2000,minus,80,93
144,9,0,second,34,2000,plus,80,34
144,9,0,second,34,2000,minus,81,102
144,9,0,second,34,2000,plus,81,37
144,9,0,second,34,2000,minus,82,92
144,9,0,second,34,2000,plus,82,40
144,9,0,second,34,2000,minus,83,96
144,9,0,second,34,2000,plus,83,52
144,9,0,second,34,2000,minus,84,101
144,9,0,second,34,2000,plus,84,58
144,9,0,second,34,2000,minus,85,95
144,9,0,second,34,2000,plus,85,66
144,9,0,second,34,2000,minus,86,73
144,9,0,second,34,2000,plus,86,82
144,9,0,second,34,2000,minus,87,80
144,9,0,second,34,2000,plus,87,90
144,9,0,second,34,2000,minus,88,72
144,9,0,second,34,2000,plus,88,73
144,9,0,second,34,2000,minus,89,63
144,9,0,second,34,2000,plus,89,111
144,9,0,second,34,2000,minus,90,41
144,9,0,second,34,2000,plus,90,94
144,9,0,second,34,2000,minus,91,32
144,9,0,second,34,2000,plus,91,98
144,9,0,second,34,2000,minus,92,31
144,9,0,second,34,2000,plus,92,112
144,9,0,second,34,2000,minus,93,20
144,9,0,second,34,2000,plus,93,108
144,9,0,second,34,2000,minus,94,15
144,9,0,second,34,2000,plus,94,84
144,9,0,second,34,2000,minus,95,6
144,9,0,second,34,2000,plus,95,90
144,9,0,second,34,2000,minus,96,11
144,9,0,second,34,2000,plus,96,88
144,9,0,second,34,2000,minus,97,5
144,9,0,second,34,2000,plus,97,74
144,9,0,second,34,2000,minus,98,3
144,9,0,second,34,2000,plus,98,68
144,9,0,second,34,2000,minus,99,3
144,9,0,second,34,2000,plus,99,77
144,9,0,second,34,2000,minus,100,1
144,9,0,second,34,2000,plus,100,51
144,9,0,second,34,2000,plus,101,59
144,9,0,second,34,2000,plus,102,52
144,9,0,second,34,2000,plus,103,33
144,9,0,second,34,2000,plus,104,43
144,9,0,second,34,2000,plus,105,21
144,9,0,second,34,2000,plus,106,22
144,9,0,second,34,2000,plus,107,26
144,9,0,second,34,2000,plus,108,21
144,9,0,second,34,2000,plus,109,17
144,9,0,second,34,2000,plus,110,3
144,9,0,second,34,2000,plus,111,11
144,9,0,second,34,2000,plus,112,7
144,9,0,second,34,2000,plus,113,4
144,9,0,second,34,2000,plus,114,8
144,9,0,second,34,2000,plus,115,4
144,9,0,second,34,2000,plus,116,5
144,9,0,second,34,2000,plus,117,4
144,9,0,second,34,2000,plus,119,2
144,9,0,second,34,2000,plus,120,2
144,12,0,first,35,2000,minus,52,1
144,12,0,first,35,2000,minus,55,1
144,12,0,first,35,2000,minus,56,1
144,12,0,first,35,2000,minus,57,1
144,12,0,first,35,2000,minus,58,1
144,12,0,first,35,2000,minus,59,2
144,12,0,first,35,2000,minus,60,2
144,12,0,first,35,2000,minus,61,5
144,12,0,first,35,2000,minus,62,5
144,12,0,first,35,2000,minus,63,7
144,12,0,first,35,2000,minus,64,9
144,12,0,first,35,2000,minus,65,15
144,12,0,first,35,2000,minus,66,17
144,12,0,first,35,2000,minus,67,15
144,12,0,first,35,2000,minus,68,16
144,12,0,first,35,2000,minus,69,26
144,12,0,first,35,2000,plus,69,1
144,12,0,first,35,2000,minus,70,45
144,12,0,first,35,2000,plus,70,1
144,12,0,first,35,2000,minus,71,40
144,12,0,first,35,2000,plus,71,2
144,12,0,first,35,2000,minus,72,41
144,12,0,first,35,2000,plus,72,3
144,12,0,first,35,2000,minus,73,42
144,12,0,first,35,2000,plus,73,7
144,12,0,first,35,2000,minus,74,57
144,12,0,first,35,2000,plus,74,4
144,12,0,first,35,2000,minus,75,64
144,12,0,first,35,2000,plus,75,9
144,12,0,first,35,2000,minus,76,77
144,12,0,first,35,2000,plus,76,8
144,12,0,first,35,2000,minus,77,104
144,12,0,first,35,2000,plus,77,13
144,12,0,first,35,2000,minus,78,91
144,12,0,first,35,2000,plus,78,14
144,12,0,first,35,2000,minus,79,103
144,12,0,first,35,2000,plus,79,27
144,12,0,first,35,2000,minus,80,106
144,12,0,first,35,2000,plus,80,45
144,12,0,first,35,2000,minus,81,126
144,12,0,first,35,2000,plus,81,44
144,12,0,first,35,2000,minus,82,99
144,12,0,first,35,2000,plus,82,68
144,12,0,first,35,2000,minus,83,113
144,12,0,first,35,2000,plus,83,64
144,12,0,first,35,2000,minus,84,89
144,12,0,first,35,2000,plus,84,84
144,12,0,first,35,2000,minus,85,116
144,12,0,first,35,2000,plus,85,82
144,12,0,first,35,2000,minus,86,78
144,12,0,first,35,2000,plus,86,94
144,12,0,first,35,2000,minus,87,106
144,12,0,first,35,2000,plus,87,79
144,12,0,first,35,2000,minus,88,73
144,12,0,first,35,2000,plus,88,115
144,12,0,first,35,2000,minus,89,68
144,12,0,first,35,2000,plus,89,122
144,12,0,first,35,2000,minus,90,46
144,12,0,first,35,2000,plus,90,118
144,12,0,first,35,2000,minus,91,50
144,12,0,first,35,2000,plus,91,94
144,12,0,first,35,2000,minus,92,50
144,12,0,first,35,2000,plus,92,108
144,12,0,first,35,2000,minus,93,20
144,12,0,first,35,2000,plus,93,117
144,12,0,first,35,2000,minus,94,21
144,12,0,first,35,2000,plus,94,86
144,12,0,first,35,2000,minus,95,16
144,12,0,first,35,2000,plus,95,81
144,12,0,first,35,2000,minus,96,11
144,12,0,first,35,2000,plus,96,93
144,12,0,first,35,2000,minus,97,11
144,12,0,first,35,2000,plus,97,72
144,12,0,first,35,2000,minus,98,3
144,12,0,first,35,2000,plus,98,66
144,12,0,first,35,2000,minus,99,3
144,12,0,first,35,2000,plus,99,58
144,12,0,first,35,2000,minus,100,6
144,12,0,first,35,2000,plus,100,48
144,12,0,first,35,2000,minus,101,1
144,12,0,first,35,2000,plus,101,37
144,12,0,first,35,2000,plus,102,32
144,12,0,first,35,2000,plus,103,32
144,12,0,first,35,2000,plus,104,9
144,12,0,first,35,2000,plus,105,11
144,12,0,first,35,2000,plus,106,15
144,12,0,first,35,2000,plus,107,11
144,12,0,first,35,2000,plus,108,6
144,12,0,first,35,2000,plus,109,8
144,12,0,first,35,2000,plus,110,6
144,12,0,first,35,2000,plus,111,1
144,12,0,first,35,2000,plus,112,3
144,12,0,first,35,2000,plus,115,1
144,12,0,first,35,2000,plus,118,1
144,9,0,second,35,2000,minus,45,1
144,9,0,second,35,2000,minus,49,1
144,9,0,second,35,2000,minus,50,3
144,9,0,second,35,2000,minus,51,3
144,9,0,second,35,2000,minus,52,2
144,9,0,second,35,2000,minus,54,4
144,9,0,second,35,2000,minus,55,2
144,9,0,second,35,2000,minus,56,8
144,9,0,second,35,2000,minus,57,8
144,9,0,second,35,2000,minus,58,5
144,9,0,second,35,2000,minus,59,7
144,9,0,second,35,2000,minus,60,9
144,9,0,second,35,2000,minus,61,16
144,9,0,second,35,2000,minus,62,9
144,9,0,second,35,2000,minus,63,16
144,9,0,second,35,2000,minus,64,18
144,9,0,second,35,2000,minus,65,21
144,9,0,second,35,2000,minus,66,26
144,9,0,second,35,2000,minus,67,20
144,9,0,second,35,2000,minus,68,32
144,9,0,second,35,2000,minus,69,44
144,9,0,second,35,2000,plus,69,1
144,9,0,second,35,2000,minus,70,47
144,9,0,second,35,2000,plus,70,1
144,9,0,second,35,2000,minus,71,58
144,9,0,second,35,2000,plus,71,2
144,9,0,second,35,2000,minus,72,61
144,9,0,second,35,2000,plus,72,1
144,9,0,second,35,2000,minus,73,65
144,9,0,second,35,2000,plus,73,4
144,9,0,second,35,2000,minus,74,69
144,9,0,second,35,2000,plus,74,1
144,9,0,second,35,2000,minus,75,64
144,9,0,second,35,2000,plus,75,5
144,9,0,second,35,2000,minus,76,79
144,9,0,second,35,2000,plus,76,9
144,9,0,second,35,2000,minus,77,105
144,9,0,second,35,2000,plus,77,18
144,9,0,second,35,2000,minus,78,84
144,9,0,second,35,2000,plus,78,12
144,9,0,second,35,2000,minus,79,110
144,9,0,second,35,2000,plus,79,21
144,9,0,second,35,2000,minus,80,109
144,9,0,second,35,2000,plus,80,26
144,9,0,second,35,2000,minus,81,91
144,9,0,second,35,2000,plus,81,36
144,9,0,second,35,2000,minus,82,109
144,9,0,second,35,2000,plus,82,39
144,9,0,second,35,2000,minus,83,96
144,9,0,second,35,2000,plus,83,46
144,9,0,second,35,2000,minus,84,93
144,9,0,second,35,2000,plus,84,56
144,9,0,second,35,2000,minus,85,86
144,9,0,second,35,2000,plus,85,62
144,9,0,second,35,2000,minus,86,71
144,9,0,second,35,2000,plus,86,76
144,9,0,second,35,2000,minus,87,70
144,9,0,second,35,2000,plus,87,98
144,9,0,second,35,2000,minus,88,63
144,9,0,second,35,2000,plus,88,100
144,9,0,second,35,2000,minus,89,40
144,9,0,second,35,2000,plus,89,100
144,9,0,second,35,2000,minus,90,40
144,9,0,second,35,2000,plus,90,114
144,9,0,second,35,2000,minus,91,36
144,9,0,second,35,2000,plus,91,99
144,9,0,second,35,2000,minus,92,26
144,9,0,second,35,2000,plus,92,103
144,9,0,second,35,2000,minus,93,19
144,9,0,second,35,2000,plus,93,103
144,9,0,second,35,2000,minus,94,20
144,9,0,second,35,2000,plus,94,91
144,9,0,second,35,2000,minus,95,10
144,9,0,second,35,2000,plus,95,96
144,9,0,second,35,2000,minus,96,11
144,9,0,second,35,2000,plus,96,81
144,9,0,second,35,2000,minus,97,6
144,9,0,second,35,2000,plus,97,98
144,9,0,second,35,2000,minus,98,1
144,9,0,second,35,2000,plus,98,73
144,9,0,second,35,2000,minus,99,2
144,9,0,second,35,2000,plus,99,61
144,9,0,second,35,2000,minus,100,1
144,9,0,second,35,2000,plus,100,50
144,9,0,second,35,2000,minus,101,2
144,9,0,second,35,2000,plus,101,57
144,9,0,second,35,2000,plus,102,40
144,9,0,second,35,2000,minus,103,1
144,9,0,second,35,2000,plus,103,24
144,9,0,second,35,2000,plus,104,40
144,9,0,second,35,2000,plus,105,36
144,9,0,second,35,2000,plus,106,22
144,9,0,second,35,2000,plus,107,15
144,9,0,second,35,2000,plus,108,17
144,9,0,second,35,2000,plus,109,14
144,9,0,second,35,2000,plus,110,16
144,9,0,second,35,2000,plus,111,8
144,9,0,second,35,2000,plus,112,4
144,9,0,second,35,2000,plus,113,8
144,9,0,second,35,2000,plus,114,3
144,9,0,second,35,2000,plus,115,3
144,9,0,second,35,2000,plus,116,2
144,9,0,second,35,2000,plus,117,2
144,9,0,second,35,2000,plus,118,1
144,9,0,second,35,2000,plus,119,2
144,9,0,second,35,2000,plus,120,1
144,9,0,second,35,2000,plus,122,1
144,9,0,second,35,2000,plus,123,1
144,12,0,first,36,2000,minus,53,1
144,12,0,first,36,2000,minus,55,1
144,12,0,first,36,2000,minus,56,2
144,12,0,first,36,2000,minus,58,1
144,12,0,first,36,2000,minus,59,1
144,12,0,first,36,2000,minus,60,2
144,12,0,first,36,2000,minus,61,6
144,12,0,first,36,2000,minus,62,5
144,12,0,first,36,2000,minus,63,11
144,12,0,first,36,2000,plus,63,1
144,12,0,first,36,2000,minus,64,12
144,12,0,first,36,2000,minus,65,8
144,12,0,first,36,2000,minus,66,10
144,12,0,first,36,2000,minus,67,20
144,12,0,first,36,2000,minus,68,14
144,12,0,first,36,2000,minus,69,36
144,12,0,first,36,2000,minus,70,26
144,12,0,first,36,2000,plus,70,2
144,12,0,first,36,2000,minus,71,30
144,12,0,first,36,2000,plus,71,3
144,12,0,first,36,2000,minus,72,48
144,12,0,first,36,2000,plus,72,7
144,12,0,first,36,2000,minus,73,62
144,12,0,first,36,2000,plus,73,1
144,12,0,first,36,2000,minus,74,58
144,12,0,first,36,2000,plus,74,8
144,12,0,first,36,2000,minus,75,81
144,12,0,first,36,2000,plus,75,7
144,12,0,first,36,2000,minus,76,88
144,12,0,first,36,2000,plus,76,7
144,12,0,first,36,2000,minus,77,102
144,12,0,first,36,2000,plus,77,12
144,12,0,first,36,2000,minus,78,104
144,12,0,first,36,2000,plus,78,18
144,12,0,first,36,2000,minus,79,91
144,12,0,first,36,2000,plus,79,42
144,12,0,first,36,2000,minus,80,90
144,12,0,first,36,2000,plus,80,44
144,12,0,first,36,2000,minus,81,112
144,12,0,first,36,2000,plus,81,48
144,12,0,first,36,2000,minus,82,109
144,12,0,first,36,2000,plus,82,50
144,12,0,first,36,2000,minus,83,103
144,12,0,first,36,2000,plus,83,62
144,12,0,first,36,2000,minus,84,93
144,12,0,first,36,2000,plus,84,90
144,12,0,first,36,2000,minus,85,94
144,12,0,first,36,2000,plus,85,88
144,12,0,first,36,2000,minus,86,115
144,12,0,first,36,2000,plus,86,90
144,12,0,first,36,2000,minus,87,93
144,12,0,first,36,2000,plus,87,96
144,12,0,first,36,2000,minus,88,73
144,12,0,first,36,2000,plus,88,113
144,12,0,first,36,2000,minus,89,77
144,12,0,first,36,2000,plus,89,118
144,12,0,first,36,2000,minus,90,47
144,12,0,first,36,2000,plus,90,108
144,12,0,first,36,2000,minus,91,52
144,12,0,first,36,2000,plus,91,115
144,12,0,first,36,2000,minus,92,37
144,12,0,first,36,2000,plus,92,112
144,12,0,first,36,2000,minus,93,19
144,12,0,first,36,2000,plus,93,112
144,12,0,first,36,2000,minus,94,26
144,12,0,first,36,2000,plus,94,83
144,12,0,first,36,2000,minus,95,18
144,12,0,first,36,2000,plus,95,91
144,12,0,first,36,2000,minus,96,10
144,12,0,first,36,2000,plus,96,93
144,12,0,first,36,2000,minus,97,3
144,12,0,first,36,2000,plus,97,86
144,12,0,first,36,2000,minus,98,4
144,12,0,first,36,2000,plus,98,60
144,12,0,first,36,2000,minus,99,1
144,12,0,first,36,2000,plus,99,44
144,12,0,first,36,2000,minus,100,3
144,12,0,first,36,2000,plus,100,39
144,12,0,first,36,2000,minus,101,1
144,12,0,first,36,2000,plus,101,42
144,12,0,first,36,2000,plus,102,27
144,12,0,first,36,2000,plus,103,20
144,12,0,first,36,2000,plus,104,15
144,12,0,first,36,2000,plus,105,11
144,12,0,first,36,2000,plus,106,9
144,12,0,first,36,2000,plus,107,8
144,12,0,first,36,2000,plus,108,5
144,12,0,first,36,2000,plus,109,5
144,12,0,first,36,2000,plus,110,4
144,12,0,first,36,2000,plus,112,1
144,12,0,first,36,2000,plus,113,2
144,12,0,first,36,2000,plus,115,1
144,9,0,second,36,2000,minus,41,1
144,9,0,second,36,2000,minus,44,1
144,9,0,second,36,2000,minus,45,1
144,9,0,second,36,2000,minus,46,3
144,9,0,second,36,2000,minus,47,1
144,9,0,second,36,2000,minus,48,2
144,9,0,second,36,2000,minus,49,2
144,9,0,second,36,2000,minus,50,5
144,9,0,second,36,2000,minus,51,3
144,9,0,second,36,2000,minus,52,1
144,9,0,second,36,2000,minus,53,3
144,9,0,second,36,2000,minus,54,2
144,9,0,second,36,2000,minus,55,6
144,9,0,second,36,2000,minus,56,4
144,9,0,second,36,2000,minus,57,3
144,9,0,second,36,2000,minus,58,7
144,9,0,second,36,2000,minus,59,10
144,9,0,second,36,2000,minus,60,11
144,9,0,second,36,2000,minus,61,14
144,9,0,second,36,2000,minus,62,20
144,9,0,second,36,2000,minus,63,21
144,9,0,second,36,2000,minus,64,19
144,9,0,second,36,2000,minus,65,27
144,9,0,second,36,2000,minus,66,22
144,9,0,second,36,2000,minus,67,21
144,9,0,second,36,2000,minus,68,32
144,9,0,second,36,2000,minus,69,36
144,9,0,second,36,2000,minus,70,57
144,9,0,second,36,2000,plus,70,1
144,9,0,second,36,2000,minus,71,51
144,9,0,second,36,2000,plus,71,2
144,9,0,second,36,2000,minus,72,69
144,9,0,second,36,2000,plus,72,4
144,9,0,second,36,2000,minus,73,67
144,9,0,second,36,2000,plus,73,2
144,9,0,second,36,2000,minus,74,57
144,9,0,second,36,2000,plus,74,3
144,9,0,second,36,2000,minus,75,55
144,9,0,second,36,2000,plus,75,9
144,9,0,second,36,2000,minus,76,75
144,9,0,second,36,2000,plus,76,11
144,9,0,second,36,2000,minus,77,72
144,9,0,second,36,2000,plus,77,10
144,9,0,second,36,2000,minus,78,81
144,9,0,second,36,2000,plus,78,15
144,9,0,second,36,2000,minus,79,109
144,9,0,second,36,2000,plus,79,19
144,9,0,second,36,2000,minus,80,108
144,9,0,second,36,2000,plus,80,27
144,9,0,second,36,2000,minus,81,115
144,9,0,second,36,2000,plus,81,24
144,9,0,second,36,2000,minus,82,118
144,9,0,second,36,2000,plus,82,36
144,9,0,second,36,2000,minus,83,95
144,9,0,second,36,2000,plus,83,57
144,9,0,second,36,2000,minus,84,85
144,9,0,second,36,2000,plus,84,72
144,9,0,second,36,2000,minus,85,92
144,9,0,second,36,2000,plus,85,74
144,9,0,second,36,2000,minus,86,83
144,9,0,second,36,2000,plus,86,93
144,9,0,second,36,2000,minus,87,68
144,9,0,second,36,2000,plus,87,99
144,9,0,second,36,2000,minus,88,56
144,9,0,second,36,2000,plus,88,89
144,9,0,second,36,2000,minus,89,43
144,9,0,second,36,2000,plus,89,103
144,9,0,second,36,2000,minus,90,36
144,9,0,second,36,2000,plus,90,108
144,9,0,second,36,2000,minus,91,31
144,9,0,second,36,2000,plus,91,106
144,9,0,second,36,2000,minus,92,32
144,9,0,second,36,2000,plus,92,111
144,9,0,second,36,2000,minus,93,20
144,9,0,second,36,2000,plus,93,100
144,9,0,second,36,2000,minus,94,15
144,9,0,second,36,2000,plus,94,103
144,9,0,second,36,2000,minus,95,10
144,9,0,second,36,2000,plus,95,71
144,9,0,second,36,2000,minus,96,6
144,9,0,second,36,2000,plus,96,89
144,9,0,second,36,2000,minus,97,6
144,9,0,second,36,2000,plus,97,64
144,9,0,second,36,2000,minus,98,1
144,9,0,second,36,2000,plus,98,75
144,9,0,second,36,2000,minus,99,2
144,9,0,second,36,2000,plus,99,63
144,9,0,second,36,2000,minus,100,4
144,9,0,second,36,2000,plus,100,57
144,9,0,second,36,2000,minus,101,1
144,9,0,second,36,2000,plus,101,39
144,9,0,second,36,2000,minus,102,2
144,9,0,second,36,2000,plus,102,36
144,9,0,second,36,2000,plus,103,42
144,9,0,second,36,2000,plus,104,29
144,9,0,second,36,2000,plus,105,33
144,9,0,second,36,2000,plus,106,27
144,9,0,second,36,2000,plus,107,17
144,9,0,second,36,2000,plus,108,6
144,9,0,second,36,2000,plus,109,12
144,9,0,second,36,2000,plus,110,14
144,9,0,second,36,2000,plus,111,13
144,9,0,second,36,2000,plus,112,9
144,9,0,second,36,2000,plus,113,5
144,9,0,second,36,2000,plus,114,4
144,9,0,second,36,2000,plus,115,6
144,9,0,second,36,2000,plus,116,5
144,9,0,second,36,2000,plus,117,2
144,9,0,second,36,2000,plus,119,1
144,9,0,second,36,2000,plus,120,2
144,9,0,second,36,2000,plus,121,1
144,12,0,first,37,2000,minus,55,1
144,12,0,first,37,2000,minus,56,2
144,12,0,first,37,2000,minus,57,1
144,12,0,first,37,2000,minus,58,1
144,12,0,first,37,2000,minus,59,1
144,12,0,first,37,2000,minus,60,4
144,12,0,first,37,2000,minus,61,5
144,12,0,first,37,2000,minus,62,8
144,12,0,first,37,2000,minus,63,6
144,12,0,first,37,2000,minus,64,9
144,12,0,first,37,2000,minus,65,12
144,12,0,first,37,2000,minus,66,18
144,12,0,first,37,2000,plus,66,1
144,12,0,first,37,2000,minus,67,18
144,12,0,first,37,2000,plus,67,1
144,12,0,first,37,2000,minus,68,27
144,12,0,first,37,2000,minus,69,38
144,12,0,first,37,2000,plus,69,1
144,12,0,first,37,2000,minus,70,21
144,12,0,first,37,2000,minus,71,30
144,12,0,first,37,2000,plus,71,5
144,12,0,first,37,2000,minus,72,51
144,12,0,first,37,2000,plus,72,6
144,12,0,first,37,2000,minus,73,57
144,12,0,first,37,2000,plus,73,7
144,12,0,first,37,2000,minus,74,69
144,12,0,first,37,2000,plus,74,5
144,12,0,first,37,2000,minus,75,65
144,12,0,first,37,2000,plus,75,11
144,12,0,first,37,2000,minus,76,74
144,12,0,first,37,2000,plus,76,17
144,12,0,first,37,2000,minus,77,87
144,12,0,first,37,2000,plus,77,15
144,12,0,first,37,2000,minus,78,87
144,12,0,first,37,2000,plus,78,25
144,12,0,first,37,2000,minus,79,89
144,12,0,first,37,2000,plus,79,23
144,12,0,first,37,2000,minus,80,116
144,12,0,first,37,2000,plus,80,31
144,12,0,first,37,2000,minus,81,116
144,12,0,first,37,2000,plus,81,50
144,12,0,first,37,2000,minus,82,102
144,12,0,first,37,2000,plus,82,53
144,12,0,first,37,2000,minus,83,141
144,12,0,first,37,2000,plus,83,70
144,12,0,first,37,2000,minus,84,109
144,12,0,first,37,2000,plus,84,85
144,12,0,first,37,2000,minus,85,88
144,12,0,first,37,2000,plus,85,85
144,12,0,first,37,2000,minus,86,94
144,12,0,first,37,2000,plus,86,94
144,12,0,first,37,2000,minus,87,81
144,12,0,first,37,2000,plus,87,114
144,12,0,first,37,2000,minus,88,79
144,12,0,first,37,2000,plus,88,126
144,12,0,first,37,2000,minus,89,64
144,12,0,first,37,2000,plus,89,111
144,12,0,first,37,2000,minus,90,57
144,12,0,first,37,2000,plus,90,120
144,12,0,first,37,2000,minus,91,48
144,12,0,first,37,2000,plus,91,119
144,12,0,first,37,2000,minus,92,31
144,12,0,first,37,2000,plus,92,114
144,12,0,first,37,2000,minus,93,34
144,12,0,first,37,2000,plus,93,89
144,12,0,first,37,2000,minus,94,13
144,12,0,first,37,2000,plus,94,92
144,12,0,first,37,2000,minus,95,20
144,12,0,first,37,2000,plus,95,79
144,12,0,first,37,2000,minus,96,6
144,12,0,first,37,2000,plus,96,78
144,12,0,first,37,2000,minus,97,5
144,12,0,first,37,2000,plus,97,65
144,12,0,first,37,2000,minus,98,5
144,12,0,first,37,2000,plus,98,66
144,12,0,first,37,2000,minus,99,3
144,12,0,first,37,2000,plus,99,43
144,12,0,first,37,2000,minus,100,6
144,12,0,first,37,2000,plus,100,39
144,12,0,first,37,2000,plus,101,30
144,12,0,first,37,2000,plus,102,30
144,12,0,first,37,2000,minus,103,1
144,12,0,first,37,2000,plus,103,19
144,12,0,first,37,2000,plus,104,26
144,12,0,first,37,2000,plus,105,16
144,12,0,first,37,2000,plus,106,13
144,12,0,first,37,2000,plus,107,8
144,12,0,first,37,2000,plus,108,6
144,12,0,first,37,2000,plus,109,2
144,12,0,first,37,2000,plus,110,3
144,12,0,first,37,2000,plus,111,5
144,12,0,first,37,2000,plus,114,1
144,12,0,first,37,2000,plus,116,1
144,9,0,second,37,2000,minus,46,1
144,9,0,second,37,2000,minus,47,1
144,9,0,second,37,2000,minus,50,2
144,9,0,second,37,2000,minus,51,2
144,9,0,second,37,2000,minus,52,4
144,9,0,second,37,2000,minus,53,3
144,9,0,second,37,2000,minus,54,2
144,9,0,second,37,2000,minus,56,2
144,9,0,second,37,2000,minus,57,8
144,9,0,second,37,2000,minus,58,5
144,9,0,second,37,2000,minus,59,8
144,9,0,second,37,2000,minus,60,13
144,9,0,second,37,2000,minus,61,14
144,9,0,second,37,2000,minus,62,14
144,9,0,second,37,2000,minus,63,20
144,9,0,second,37,2000,minus,64,10
144,9,0,second,37,2000,minus,65,28
144,9,0,second,37,2000,minus,66,19
144,9,0,second,37,2000,minus,67,31
144,9,0,second,37,2000,minus,68,33
144,9,0,second,37,2000,minus,69,37
144,9,0,second,37,2000,minus,70,43
144,9,0,second,37,2000,minus,71,51
144,9,0,second,37,2000,plus,71,1
144,9,0,second,37,2000,minus,72,51
144,9,0,second,37,2000,plus,72,1
144,9,0,second,37,2000,minus,73,69
144,9,0,second,37,2000,plus,73,4
144,9,0,second,37,2000,minus,74,73
144,9,0,second,37,2000,plus,74,2
144,9,0,second,37,2000,minus,75,77
144,9,0,second,37,2000,plus,75,9
144,9,0,second,37,2000,minus,76,78
144,9,0,second,37,2000,plus,76,6
144,9,0,second,37,2000,minus,77,91
144,9,0,second,37,2000,plus,77,3
144,9,0,second,37,2000,minus,78,92
144,9,0,second,37,2000,plus,78,16
144,9,0,second,37,2000,minus,79,97
144,9,0,second,37,2000,plus,79,21
144,9,0,second,37,2000,minus,80,87
144,9,0,second,37,2000,plus,80,23
144,9,0,second,37,2000,minus,81,109
144,9,0,second,37,2000,plus,81,35
144,9,0,second,37,2000,minus,82,104
144,9,0,second,37,2000,plus,82,40
144,9,0,second,37,2000,minus,83,101
144,9,0,second,37,2000,plus,83,54
144,9,0,second,37,2000,minus,84,97
144,9,0,second,37,2000,plus,84,59
144,9,0,second,37,2000,minus,85,82
144,9,0,second,37,2000,plus,85,66
144,9,0,second,37,2000,minus,86,91
144,9,0,second,37,2000,plus,86,88
144,9,0,second,37,2000,minus,87,80
144,9,0,second,37,2000,plus,87,94
144,9,0,second,37,2000,minus,88,70
144,9,0,second,37,2000,plus,88,87
144,9,0,second,37,2000,minus,89,38
144,9,0,second,37,2000,plus,89,95
144,9,0,second,37,2000,minus,90,46
144,9,0,second,37,2000,plus,90,106
144,9,0,second,37,2000,minus,91,32
144,9,0,second,37,2000,plus,91,105
144,9,0,second,37,2000,minus,92,25
144,9,0,second,37,2000,plus,92,120
144,9,0,second,37,2000,minus,93,17
144,9,0,second,37,2000,plus,93,110
144,9,0,second,37,2000,minus,94,16
144,9,0,second,37,2000,plus,94,112
144,9,0,second,37,2000,minus,95,12
144,9,0,second,37,2000,plus,95,85
144,9,0,second,37,2000,minus,96,6
144,9,0,second,37,2000,plus,96,86
144,9,0,second,37,2000,minus,97,4
144,9,0,second,37,2000,plus,97,77
144,9,0,second,37,2000,plus,98,59
144,9,0,second,37,2000,minus,99,2
144,9,0,second,37,2000,plus,99,57
144,9,0,second,37,2000,minus,100,1
144,9,0,second,37,2000,plus,100,60
144,9,0,second,37,2000,minus,101,1
144,9,0,second,37,2000,plus,101,58
144,9,0,second,37,2000,plus,102,43
144,9,0,second,37,2000,plus,103,39
144,9,0,second,37,2000,plus,104,36
144,9,0,second,37,2000,plus,105,24
144,9,0,second,37,2000,plus,106,23
144,9,0,second,37,2000,plus,107,18
144,9,0,second,37,2000,plus,108,12
144,9,0,second,37,2000,plus,109,16
144,9,0,second,37,2000,plus,110,14
144,9,0,second,37,2000,plus,111,9
144,9,0,second,37,2000,plus,112,10
144,9,0,second,37,2000,plus,113,5
144,9,0,second,37,2000,plus,114,2
144,9,0,second,37,2000,plus,115,4
144,9,0,second,37,2000,plus,117,2
144,9,0,second,37,2000,plus,118,2
144,9,0,second,37,2000,plus,119,1
144,9,0,second,37,2000,plus,121,1
144,12,0,first,38,2000,minus,52,1
144,12,0,first,38,2000,minus,55,1
144,12,0,first,38,2000,minus,56,2
144,12,0,first,38,2000,minus,57,3
144,12,0,first,38,2000,minus,58,2
144,12,0,first,38,2000,minus,59,2
144,12,0,first,38,2000,minus,60,1
144,12,0,first,38,2000,minus,61,4
144,12,0,first,38,2000,minus,62,7
144,12,0,first,38,2000,minus,63,8
144,12,0,first,38,2000,minus,64,9
144,12,0,first,38,2000,minus,65,10
144,12,0,first,38,2000,minus,66,16
144,12,0,first,38,2000,minus,67,18
144,12,0,first,38,2000,plus,67,2
144,12,0,first,38,2000,minus,68,24
144,12,0,first,38,2000,plus,68,1
144,12,0,first,38,2000,minus,69,23
144,12,0,first,38,2000,minus,70,33
144,12,0,first,38,2000,plus,70,3
144,12,0,first,38,2000,minus,71,47
144,12,0,first,38,2000,plus,71,1
144,12,0,first,38,2000,minus,72,45
144,12,0,first,38,2000,plus,72,4
144,12,0,first,38,2000,minus,73,56
144,12,0,first,38,2000,plus,73,4
144,12,0,first,38,2000,minus,74,57
144,12,0,first,38,2000,plus,74,6
144,12,0,first,38,2000,minus,75,69
144,12,0,first,38,2000,plus,75,8
144,12,0,first,38,2000,minus,76,79
144,12,0,first,38,2000,plus,76,12
144,12,0,first,38,2000,minus,77,87
144,12,0,first,38,2000,plus,77,22
144,12,0,first,38,2000,minus,78,93
144,12,0,first,38,2000,plus,78,26
144,12,0,first,38,2000,minus,79,100
144,12,0,first,38,2000,plus,79,28
144,12,0,first,38,2000,minus,80,123
144,12,0,first,38,2000,plus,80,30
144,12,0,first,38,2000,minus,81,131
144,12,0,first,38,2000,plus,81,48
144,12,0,first,38,2000,minus,82,125
144,12,0,first,38,2000,plus,82,63
144,12,0,first,38,2000,minus,83,111
144,12,0,first,38,2000,plus,83,78
144,12,0,first,38,2000,minus,84,91
144,12,0,first,38,2000,plus,84,86
144,12,0,first,38,2000,minus,85,97
144,12,0,first,38,2000,plus,85,101
144,12,0,first,38,2000,minus,86,78
144,12,0,first,38,2000,plus,86,100
144,12,0,first,38,2000,minus,87,79
144,12,0,first,38,2000,plus,87,89
144,12,0,first,38,2000,minus,88,76
144,12,0,first,38,2000,plus,88,102
144,12,0,first,38,2000,minus,89,81
144,12,0,first,38,2000,plus,89,115
144,12,0,first,38,2000,minus,90,52
144,12,0,first,38,2000,plus,90,111
144,12,0,first,38,2000,minus,91,48
144,12,0,first,38,2000,plus,91,119
144,12,0,first,38,2000,minus,92,37
144,12,0,first,38,2000,plus,92,114
144,12,0,first,38,2000,minus,93,22
144,12,0,first,38,2000,plus,93,92
144,12,0,first,38,2000,minus,94,22
144,12,0,first,38,2000,plus,94,99
144,12,0,first,38,2000,minus,95,9
144,12,0,first,38,2000,plus,95,96
144,12,0,first,38,2000,minus,96,9
144,12,0,first,38,2000,plus,96,75
144,12,0,first,38,2000,minus,97,4
144,12,0,first,38,2000,plus,97,80
144,12,0,first,38,2000,minus,98,3
144,12,0,first,38,2000,plus,98,65
144,12,0,first,38,2000,minus,99,2
144,12,0,first,38,2000,plus,99,50
144,12,0,first,38,2000,plus,100,36
144,12,0,first,38,2000,minus,101,2
144,12,0,first,38,2000,plus,101,29
144,12,0,first,38,2000,minus,102,1
144,12,0,first,38,2000,plus,102,23
144,12,0,first,38,2000,plus,103,16
144,12,0,first,38,2000,plus,104,13
144,12,0,first,38,2000,plus,105,16
144,12,0,first,38,2000,plus,106,13
144,12,0,first,38,2000,plus,107,6
144,12,0,first,38,2000,plus,108,7
144,12,0,first,38,2000,plus,109,2
144,12,0,first,38,2000,plus,110,2
144,12,0,first,38,2000,plus,111,1
144,12,0,first,38,2000,plus,112,3
144,12,0,first,38,2000,plus,114,1
144,12,0,first,38,2000,plus,116,2
144,9,0,second,38,2000,minus,44,1
144,9,0,second,38,2000,minus,46,1
144,9,0,second,38,2000,minus,47,1
144,9,0,second,38,2000,minus,48,4
144,9,0,second,38,2000,minus,49,4
144,9,0,second,38,2000,minus,50,1
144,9,0,second,38,2000,minus,51,2
144,9,0,second,38,2000,minus,52,4
144,9,0,second,38,2000,minus,53,6
144,9,0,second,38,2000,minus,54,1
144,9,0,second,38,2000,minus,55,2
144,9,0,second,38,2000,minus,56,2
144,9,0,second,38,2000,minus,57,5
144,9,0,second,38,2000,minus,58,7
144,9,0,second,38,2000,minus,59,8
144,9,0,second,38,2000,minus,60,12
144,9,0,second,38,2000,minus,61,14
144,9,0,second,38,2000,minus,62,11
144,9,0,second,38,2000,minus,63,18
144,9,0,second,38,2000,minus,64,16
144,9,0,second,38,2000,minus,65,22
144,9,0,second,38,2000,minus,66,31
144,9,0,second,38,2000,minus,67,27
144,9,0,second,38,2000,minus,68,43
144,9,0,second,38,2000,plus,68,1
144,9,0,second,38,2000,minus,69,33
144,9,0,second,38,2000,plus,69,1
144,9,0,second,38,2000,minus,70,55
144,9,0,second,38,2000,minus,71,59
144,9,0,second,38,2000,plus,71,1
144,9,0,second,38,2000,minus,72,65
144,9,0,second,38,2000,plus,72,2
144,9,0,second,38,2000,minus,73,54
144,9,0,second,38,2000,plus,73,3
144,9,0,second,38,2000,minus,74,81
144,9,0,second,38,2000,plus,74,5
144,9,0,second,38,2000,minus,75,92
144,9,0,second,38,2000,plus,75,9
144,9,0,second,38,2000,minus,76,85
144,9,0,second,38,2000,plus,76,10
144,9,0,second,38,2000,minus,77,97
144,9,0,second,38,2000,plus,77,12
144,9,0,second,38,2000,minus,78,93
144,9,0,second,38,2000,plus,78,10
144,9,0,second,38,2000,minus,79,85
144,9,0,second,38,2000,plus,79,26
144,9,0,second,38,2000,minus,80,85
144,9,0,second,38,2000,plus,80,29
144,9,0,second,38,2000,minus,81,97
144,9,0,second,38,2000,plus,81,25
144,9,0,second,38,2000,minus,82,103
144,9,0,second,38,2000,plus,82,46
144,9,0,second,38,2000,minus,83,98
144,9,0,second,38,2000,plus,83,60
144,9,0,second,38,2000,minus,84,75
144,9,0,second,38,2000,plus,84,68
144,9,0,second,38,2000,minus,85,76
144,9,0,second,38,2000,plus,85,81
144,9,0,second,38,2000,minus,86,69
144,9,0,second,38,2000,plus,86,78
144,9,0,second,38,2000,minus,87,70
144,9,0,second,38,2000,plus,87,78
144,9,0,second,38,2000,minus,88,59
144,9,0,second,38,2000,plus,88,97
144,9,0,second,38,2000,minus,89,45
144,9,0,second,38,2000,plus,89,103
144,9,0,second,38,2000,minus,90,30
144,9,0,second,38,2000,plus,90,100
144,9,0,second,38,2000,minus,91,48
144,9,0,second,38,2000,plus,91,90
144,9,0,second,38,2000,minus,92,37
144,9,0,second,38,2000,plus,92,94
144,9,0,second,38,2000,minus,93,23
144,9,0,second,38,2000,plus,93,93
144,9,0,second,38,2000,minus,94,13
144,9,0,second,38,2000,plus,94,84
144,9,0,second,38,2000,minus,95,7
144,9,0,second,38,2000,plus,95,111
144,9,0,second,38,2000,minus,96,8
144,9,0,second,38,2000,plus,96,96
144,9,0,second,38,2000,minus,97,6
144,9,0,second,38,2000,plus,97,74
144,9,0,second,38,2000,minus,98,5
144,9,0,second,38,2000,plus,98,81
144,9,0,second,38,2000,minus,99,1
144,9,0,second,38,2000,plus,99,67
144,9,0,second,38,2000,minus,100,1
144,9,0,second,38,2000,plus,100,62
144,9,0,second,38,2000,minus,101,1
144,9,0,second,38,2000,plus,101,53
144,9,0,second,38,2000,minus,102,1
144,9,0,second,38,2000,plus,102,47
144,9,0,second,38,2000,plus,103,46
144,9,0,second,38,2000,plus,104,26
144,9,0,second,38,2000,plus,105,27
144,9,0,second,38,2000,plus,106,20
144,9,0,second,38,2000,plus,107,31
144,9,0,second,38,2000,plus,108,11
144,9,0,second,38,2000,plus,109,9
144,9,0,second,38,2000,plus,110,10
144,9,0,second,38,2000,plus,111,4
144,9,0,second,38,2000,plus,112,5
144,9,0,second,38,2000,plus,113,5
144,9,0,second,38,2000,plus,114,1
144,9,0,second,38,2000,plus,115,4
144,9,0,second,38,2000,plus,116,1
144,9,0,second,38,2000,plus,118,2
144,9,0,second,38,2000,plus,119,1
144,12,0,first,39,2000,minus,51,1
144,12,0,first,39,2000,minus,54,1
144,12,0,first,39,2000,minus,55,1
144,12,0,first,39,2000,minus,56,1
144,12,0,first,39,2000,minus,57,1
144,12,0,first,39,2000,minus,58,3
144,12,0,first,39,2000,minus,59,5
144,12,0,first,39,2000,minus,60,6
144,12,0,first,39,2000,minus,61,3
144,12,0,first,39,2000,minus,62,10
144,12,0,first,39,2000,minus,63,7
144,12,0,first,39,2000,plus,63,1
144,12,0,first,39,2000,minus,64,9
144,12,0,first,39,2000,minus,65,17
144,12,0,first,39,2000,minus,66,19
144,12,0,first,39,2000,plus,66,2
144,12,0,first,39,2000,minus,67,22
144,12,0,first,39,2000,minus,68,26
144,12,0,first,39,2000,minus,69,28
144,12,0,first,39,2000,plus,69,2
144,12,0,first,39,2000,minus,70,21
144,12,0,first,39,2000,plus,70,1
144,12,0,first,39,2000,minus,71,36
144,12,0,first,39,2000,plus,71,2
144,12,0,first,39,2000,minus,72,46
144,12,0,first,39,2000,plus,72,4
144,12,0,first,39,2000,minus,73,49
144,12,0,first,39,2000,plus,73,3
144,12,0,first,39,2000,minus,74,61
144,12,0,first,39,2000,plus,74,9
144,12,0,first,39,2000,minus,75,65
144,12,0,first,39,2000,plus,75,8
144,12,0,first,39,2000,minus,76,69
144,12,0,first,39,2000,plus,76,12
144,12,0,first,39,2000,minus,77,74
144,12,0,first,39,2000,plus,77,9
144,12,0,first,39,2000,minus,78,85
144,12,0,first,39,2000,plus,78,19
144,12,0,first,39,2000,minus,79,107
144,12,0,first,39,2000,plus,79,24
144,12,0,first,39,2000,minus,80,104
144,12,0,first,39,2000,plus,80,34
144,12,0,first,39,2000,minus,81,115
144,12,0,first,39,2000,plus,81,45
144,12,0,first,39,2000,minus,82,109
144,12,0,first,39,2000,plus,82,65
144,12,0,first,39,2000,minus,83,120
144,12,0,first,39,2000,plus,83,63
144,12,0,first,39,2000,minus,84,107
144,12,0,first,39,2000,plus,84,76
144,12,0,first,39,2000,minus,85,107
144,12,0,first,39,2000,plus,85,90
144,12,0,first,39,2000,minus,86,81
144,12,0,first,39,2000,plus,86,84
144,12,0,first,39,2000,minus,87,108
144,12,0,first,39,2000,plus,87,99
144,12,0,first,39,2000,minus,88,70
144,12,0,first,39,2000,plus,88,108
144,12,0,first,39,2000,minus,89,62
144,12,0,first,39,2000,plus,89,112
144,12,0,first,39,2000,minus,90,59
144,12,0,first,39,2000,plus,90,136
144,12,0,first,39,2000,minus,91,58
144,12,0,first,39,2000,plus,91,129
144,12,0,first,39,2000,minus,92,37
144,12,0,first,39,2000,plus,92,107
144,12,0,first,39,2000,minus,93,20
144,12,0,first,39,2000,plus,93,102
144,12,0,first,39,2000,minus,94,26
144,12,0,first,39,2000,plus,94,102
144,12,0,first,39,2000,minus,95,18
144,12,0,first,39,2000,plus,95,102
144,12,0,first,39,2000,minus,96,11
144,12,0,first,39,2000,plus,96,78
144,12,0,first,39,2000,minus,97,6
144,12,0,first,39,2000,plus,97,67
144,12,0,first,39,2000,minus,98,3
144,12,0,first,39,2000,plus,98,77
144,12,0,first,39,2000,minus,99,3
144,12,0,first,39,2000,plus,99,53
144,12,0,first,39,2000,plus,100,39
144,12,0,first,39,2000,minus,101,2
144,12,0,first,39,2000,plus,101,22
144,12,0,first,39,2000,plus,102,33
144,12,0,first,39,2000,plus,103,23
144,12,0,first,39,2000,plus,104,18
144,12,0,first,39,2000,minus,105,1
144,12,0,first,39,2000,plus,105,7
144,12,0,first,39,2000,plus,106,6
144,12,0,first,39,2000,plus,107,8
144,12,0,first,39,2000,plus,108,2
144,12,0,first,39,2000,plus,109,8
144,12,0,first,39,2000,plus,110,5
144,12,0,first,39,2000,plus,111,2
144,12,0,first,39,2000,plus,115,1
144,12,0,first,39,2000,plus,125,1
144,9,0,second,39,2000,minus,45,1
144,9,0,second,39,2000,minus,48,1
144,9,0,second,39,2000,minus,49,1
144,9,0,second,39,2000,minus,50,2
144,9,0,second,39,2000,minus,51,6
144,9,0,second,39,2000,minus,54,6
144,9,0,second,39,2000,minus,55,6
144,9,0,second,39,2000,minus,56,1
144,9,0,second,39,2000,minus,57,9
144,9,0,second,39,2000,minus,58,5
144,9,0,second,39,2000,minus,59,10
144,9,0,second,39,2000,minus,60,11
144,9,0,second,39,2000,minus,61,17
144,9,0,second,39,2000,minus,62,12
144,9,0,second,39,2000,minus,63,10
144,9,0,second,39,2000,plus,63,1
144,9,0,second,39,2000,minus,64,16
144,9,0,second,39,2000,minus,65,26
144,9,0,second,39,2000,minus,66,26
144,9,0,second,39,2000,minus,67,34
144,9,0,second,39,2000,minus,68,33
144,9,0,second,39,2000,minus,69,36
144,9,0,second,39,2000,minus,70,45
144,9,0,second,39,2000,minus,71,58
144,9,0,second,39,2000,plus,71,4
144,9,0,second,39,2000,minus,72,55
144,9,0,second,39,2000,minus,73,73
144,9,0,second,39,2000,plus,73,1
144,9,0,second,39,2000,minus,74,64
144,9,0,second,39,2000,plus,74,3
144,9,0,second,39,2000,minus,75,91
144,9,0,second,39,2000,plus,75,11
144,9,0,second,39,2000,minus,76,83
144,9,0,second,39,2000,plus,76,9
144,9,0,second,39,2000,minus,77,85
144,9,0,second,39,2000,plus,77,11
144,9,0,second,39,2000,minus,78,96
144,9,0,second,39,2000,plus,78,19
144,9,0,second,39,2000,minus,79,111
144,9,0,second,39,2000,plus,79,30
144,9,0,second,39,2000,minus,80,101
144,9,0,second,39,2000,plus,80,31
144,9,0,second,39,2000,minus,81,84
144,9,0,second,39,2000,plus,81,37
144,9,0,second,39,2000,minus,82,111
144,9,0,second,39,2000,plus,82,42
144,9,0,second,39,2000,minus,83,90
144,9,0,second,39,2000,plus,83,51
144,9,0,second,39,2000,minus,84,82
144,9,0,second,39,2000,plus,84,75
144,9,0,second,39,2000,minus,85,64
144,9,0,second,39,2000,plus,85,84
144,9,0,second,39,2000,minus,86,81
144,9,0,second,39,2000,plus,86,60
144,9,0,second,39,2000,minus,87,66
144,9,0,second,39,2000,plus,87,75
144,9,0,second,39,2000,minus,88,65
144,9,0,second,39,2000,plus,88,100
144,9,0,second,39,2000,minus,89,53
144,9,0,second,39,2000,plus,89,88
144,9,0,second,39,2000,minus,90,44
144,9,0,second,39,2000,plus,90,112
144,9,0,second,39,2000,minus,91,29
144,9,0,second,39,2000,plus,91,103
144,9,0,second,39,2000,minus,92,24
144,9,0,second,39,2000,plus,92,91
144,9,0,second,39,2000,minus,93,18
144,9,0,second,39,2000,plus,93,96
144,9,0,second,39,2000,minus,94,17
144,9,0,second,39,2000,plus,94,109
144,9,0,second,39,2000,minus,95,13
144,9,0,second,39,2000,plus,95,105
144,9,0,second,39,2000,minus,96,10
144,9,0,second,39,2000,plus,96,86
144,9,0,second,39,2000,minus,97,5
144,9,0,second,39,2000,plus,97,79
144,9,0,second,39,2000,minus,98,2
144,9,0,second,39,2000,plus,98,61
144,9,0,second,39,2000,minus,99,7
144,9,0,second,39,2000,plus,99,77
144,9,0,second,39,2000,minus,100,2
144,9,0,second,39,2000,plus,100,63
144,9,0,second,39,2000,minus,101,1
144,9,0,second,39,2000,plus,101,49
144,9,0,second,39,2000,plus,102,45
144,9,0,second,39,2000,minus,103,1
144,9,0,second,39,2000,plus,103,30
144,9,0,second,39,2000,plus,104,31
144,9,0,second,39,2000,plus,105,24
144,9,0,second,39,2000,plus,106,20
144,9,0,second,39,2000,plus,107,12
144,9,0,second,39,2000,plus,108,17
144,9,0,second,39,2000,plus,109,16
144,9,0,second,39,2000,plus,110,14
144,9,0,second,39,2000,plus,111,6
144,9,0,second,39,2000,plus,112,6
144,9,0,second,39,2000,plus,113,6
144,9,0,second,39,2000,plus,114,4
144,9,0,second,39,2000,plus,116,3
144,9,0,second,39,2000,plus,117,1
144,9,0,second,39,2000,plus,121,1
144,9,0,second,39,2000,plus,124,1
144,12,0,first,40,2000,minus,46,1
144,12,0,first,40,2000,minus,50,1
144,12,0,first,40,2000,minus,51,2
144,12,0,first,40,2000,minus,53,1
144,12,0,first,40,2000,minus,54,4
144,12,0,first,40,2000,minus,57,1
144,12,0,first,40,2000,minus,58,3
144,12,0,first,40,2000,minus,59,3
144,12,0,first,40,2000,minus,60,5
144,12,0,first,40,2000,minus,61,2
144,12,0,first,40,2000,minus,62,4
144,12,0,first,40,2000,minus,63,6
144,12,0,first,40,2000,minus,64,9
144,12,0,first,40,2000,minus,65,9
144,12,0,first,40,2000,minus,66,14
144,12,0,first,40,2000,minus,67,15
144,12,0,first,40,2000,minus,68,17
144,12,0,first,40,2000,plus,68,1
144,12,0,first,40,2000,minus,69,29
144,12,0,first,40,2000,minus,70,27
144,12,0,first,40,2000,plus,70,1
144,12,0,first,40,2000,minus,71,36
144,12,0,first,40,2000,plus,71,2
144,12,0,first,40,2000,minus,72,42
144,12,0,first,40,2000,plus,72,4
144,12,0,first,40,2000,minus,73,46
144,12,0,first,40,2000,plus,73,3
144,12,0,first,40,2000,minus,74,60
144,12,0,first,40,2000,plus,74,5
144,12,0,first,40,2000,minus,75,70
144,12,0,first,40,2000,plus,75,4
144,12,0,first,40,2000,minus,76,78
144,12,0,first,40,2000,plus,76,11
144,12,0,first,40,2000,minus,77,85
144,12,0,first,40,2000,plus,77,10
144,12,0,first,40,2000,minus,78,100
144,12,0,first,40,2000,plus,78,22
144,12,0,first,40,2000,minus,79,96
144,12,0,first,40,2000,plus,79,24
144,12,0,first,40,2000,minus,80,102
144,12,0,first,40,2000,plus,80,33
144,12,0,first,40,2000,minus,81,116
144,12,0,first,40,2000,plus,81,51
144,12,0,first,40,2000,minus,82,119
144,12,0,first,40,2000,plus,82,56
144,12,0,first,40,2000,minus,83,110
144,12,0,first,40,2000,plus,83,59
144,12,0,first,40,2000,minus,84,124
144,12,0,first,40,2000,plus,84,75
144,12,0,first,40,2000,minus,85,96
144,12,0,first,40,2000,plus,85,95
144,12,0,first,40,2000,minus,86,106
144,12,0,first,40,2000,plus,86,109
144,12,0,first,40,2000,minus,87,94
144,12,0,first,40,2000,plus,87,109
144,12,0,first,40,2000,minus,88,76
144,12,0,first,40,2000,plus,88,125
144,12,0,first,40,2000,minus,89,52
144,12,0,first,40,2000,plus,89,100
144,12,0,first,40,2000,minus,90,63
144,12,0,first,40,2000,plus,90,98
144,12,0,first,40,2000,minus,91,47
144,12,0,first,40,2000,plus,91,121
144,12,0,first,40,2000,minus,92,33
144,12,0,first,40,2000,plus,92,123
144,12,0,first,40,2000,minus,93,30
144,12,0,first,40,2000,plus,93,120
144,12,0,first,40,2000,minus,94,19
144,12,0,first,40,2000,plus,94,92
144,12,0,first,40,2000,minus,95,10
144,12,0,first,40,2000,plus,95,93
144,12,0,first,40,2000,minus,96,9
144,12,0,first,40,2000,plus,96,76
144,12,0,first,40,2000,minus,97,7
144,12,0,first,40,2000,plus,97,60
144,12,0,first,40,2000,minus,98,9
144,12,0,first,40,2000,plus,98,55
144,12,0,first,40,2000,minus,99,5
144,12,0,first,40,2000,plus,99,51
144,12,0,first,40,2000,minus,100,3
144,12,0,first,40,2000,plus,100,50
144,12,0,first,40,2000,minus,101,2
144,12,0,first,40,2000,plus,101,33
144,12,0,first,40,2000,minus,102,1
144,12,0,first,40,2000,plus,102,22
144,12,0,first,40,2000,plus,103,28
144,12,0,first,40,2000,plus,104,17
144,12,0,first,40,2000,minus,105,1
144,12,0,first,40,2000,plus,105,12
144,12,0,first,40,2000,plus,106,16
144,12,0,first,40,2000,plus,107,8
144,12,0,first,40,2000,plus,108,7
144,12,0,first,40,2000,plus,109,9
144,12,0,first,40,2000,plus,110,4
144,12,0,first,40,2000,plus,111,2
144,12,0,first,40,2000,plus,112,2
144,12,0,first,40,2000,plus,117,2
144,9,0,second,40,2000,minus,39,1
144,9,0,second,40,2000,minus,41,1
144,9,0,second,40,2000,minus,46,2
144,9,0,second,40,2000,minus,48,1
144,9,0,second,40,2000,minus,49,1
144,9,0,second,40,2000,minus,50,2
144,9,0,second,40,2000,minus,51,3
144,9,0,second,40,2000,minus,53,1
144,9,0,second,40,2000,minus,54,2
144,9,0,second,40,2000,minus,55,4
144,9,0,second,40,2000,minus,56,4
144,9,0,second,40,2000,minus,57,8
144,9,0,second,40,2000,minus,58,7
144,9,0,second,40,2000,minus,59,8
144,9,0,second,40,2000,minus,60,6
144,9,0,second,40,2000,minus,61,11
144,9,0,second,40,2000,minus,62,20
144,9,0,second,40,2000,minus,63,13
144,9,0,second,40,2000,minus,64,23
144,9,0,second,40,2000,minus,65,20
144,9,0,second,40,2000,minus,66,31
144,9,0,second,40,2000,minus,67,23
144,9,0,second,40,2000,minus,68,33
144,9,0,second,40,2000,minus,69,43
144,9,0,second,40,2000,plus,69,1
144,9,0,second,40,2000,minus,70,36
144,9,0,second,40,2000,plus,70,1
144,9,0,second,40,2000,minus,71,50
144,9,0,second,40,2000,plus,71,3
144,9,0,second,40,2000,minus,72,67
144,9,0,second,40,2000,plus,72,1
144,9,0,second,40,2000,minus,73,50
144,9,0,second,40,2000,plus,73,1
144,9,0,second,40,2000,minus,74,47
144,9,0,second,40,2000,plus,74,4
144,9,0,second,40,2000,minus,75,79
144,9,0,second,40,2000,plus,75,8
144,9,0,second,40,2000,minus,76,88
144,9,0,second,40,2000,plus,76,6
144,9,0,second,40,2000,minus,77,106
144,9,0,second,40,2000,plus,77,15
144,9,0,second,40,2000,minus,78,116
144,9,0,second,40,2000,plus,78,13
144,9,0,second,40,2000,minus,79,112
144,9,0,second,40,2000,plus,79,17
144,9,0,second,40,2000,minus,80,127
144,9,0,second,40,2000,plus,80,33
144,9,0,second,40,2000,minus,81,89
144,9,0,second,40,2000,plus,81,38
144,9,0,second,40,2000,minus,82,79
144,9,0,second,40,2000,plus,82,57
144,9,0,second,40,2000,minus,83,105
144,9,0,second,40,2000,plus,83,49
144,9,0,second,40,2000,minus,84,91
144,9,0,second,40,2000,plus,84,67
144,9,0,second,40,2000,minus,85,80
144,9,0,second,40,2000,plus,85,65
144,9,0,second,40,2000,minus,86,81
144,9,0,second,40,2000,plus,86,107
144,9,0,second,40,2000,minus,87,64
144,9,0,second,40,2000,plus,87,97
144,9,0,second,40,2000,minus,88,62
144,9,0,second,40,2000,plus,88,84
144,9,0,second,40,2000,minus,89,48
144,9,0,second,40,2000,plus,89,99
144,9,0,second,40,2000,minus,90,40
144,9,0,second,40,2000,plus,90,107
144,9,0,second,40,2000,minus,91,33
144,9,0,second,40,2000,plus,91,113
144,9,0,second,40,2000,minus,92,16
144,9,0,second,40,2000,plus,92,126
144,9,0,second,40,2000,minus,93,26
144,9,0,second,40,2000,plus,93,88
144,9,0,second,40,2000,minus,94,13
144,9,0,second,40,2000,plus,94,88
144,9,0,second,40,2000,minus,95,11
144,9,0,second,40,2000,plus,95,78
144,9,0,second,40,2000,minus,96,3
144,9,0,second,40,2000,plus,96,84
144,9,0,second,40,2000,minus,97,3
144,9,0,second,40,2000,plus,97,69
144,9,0,second,40,2000,minus,98,3
144,9,0,second,40,2000,plus,98,70
144,9,0,second,40,2000,minus,99,3
144,9,0,second,40,2000,plus,99,66
144,9,0,second,40,2000,minus,100,1
144,9,0,second,40,2000,plus,100,54
144,9,0,second,40,2000,plus,101,43
144,9,0,second,40,2000,plus,102,34
144,9,0,second,40,2000,minus,103,2
144,9,0,second,40,2000,plus,103,37
144,9,0,second,40,2000,minus,104,1
144,9,0,second,40,2000,plus,104,31
144,9,0,second,40,2000,plus,105,20
144,9,0,second,40,2000,plus,106,27
144,9,0,second,40,2000,plus,107,17
144,9,0,second,40,2000,plus,108,17
144,9,0,second,40,2000,plus,109,16
144,9,0,second,40,2000,plus,110,8
144,9,0,second,40,2000,plus,111,10
144,9,0,second,40,2000,plus,112,7
144,9,0,second,40,2000,plus,113,5
144,9,0,second,40,2000,plus,114,5
144,9,0,second,40,2000,plus,115,2
144,9,0,second,40,2000,plus,116,4
144,9,0,second,40,2000,plus,117,5
144,9,0,second,40,2000,plus,119,1
144,9,0,second,40,2000,plus,121,1
144,9,0,second,40,2000,plus,122,1
144,12,0,first,41,2000,minus,48,1
144,12,0,first,41,2000,minus,52,1
144,12,0,first,41,2000,minus,57,3
144,12,0,first,41,2000,minus,58,2
144,12,0,first,41,2000,minus,59,3
144,12,0,first,41,2000,minus,60,6
144,12,0,first,41,2000,minus,61,2
144,12,0,first,41,2000,minus,62,8
144,12,0,first,41,2000,minus,63,9
144,12,0,first,41,2000,minus,64,8
144,12,0,first,41,2000,minus,65,10
144,12,0,first,41,2000,minus,66,16
144,12,0,first,41,2000,plus,66,1
144,12,0,first,41,2000,minus,67,12
144,12,0,first,41,2000,minus,68,29
144,12,0,first,41,2000,plus,68,2
144,12,0,first,41,2000,minus,69,28
144,12,0,first,41,2000,minus,70,27
144,12,0,first,41,2000,plus,70,1
144,12,0,first,41,2000,minus,71,28
144,12,0,first,41,2000,plus,71,3
144,12,0,first,41,2000,minus,72,39
144,12,0,first,41,2000,plus,72,3
144,12,0,first,41,2000,minus,73,47
144,12,0,first,41,2000,minus,74,58
144,12,0,first,41,2000,plus,74,8
144,12,0,first,41,2000,minus,75,71
144,12,0,first,41,2000,plus,75,6
144,12,0,first,41,2000,minus,76,76
144,12,0,first,41,2000,plus,76,10
144,12,0,first,41,2000,minus,77,82
144,12,0,first,41,2000,plus,77,12
144,12,0,first,41,2000,minus,78,78
144,12,0,first,41,2000,plus,78,16
144,12,0,first,41,2000,minus,79,98
144,12,0,first,41,2000,plus,79,33
144,12,0,first,41,2000,minus,80,113
144,12,0,first,41,2000,plus,80,33
144,12,0,first,41,2000,minus,81,113
144,12,0,first,41,2000,plus,81,45
144,12,0,first,41,2000,minus,82,115
144,12,0,first,41,2000,plus,82,54
144,12,0,first,41,2000,minus,83,104
144,12,0,first,41,2000,plus,83,75
144,12,0,first,41,2000,minus,84,134
144,12,0,first,41,2000,plus,84,79
144,12,0,first,41,2000,minus,85,96
144,12,0,first,41,2000,plus,85,92
144,12,0,first,41,2000,minus,86,95
144,12,0,first,41,2000,plus,86,80
144,12,0,first,41,2000,minus,87,71
144,12,0,first,41,2000,plus,87,97
144,12,0,first,41,2000,minus,88,90
144,12,0,first,41,2000,plus,88,122
144,12,0,first,41,2000,minus,89,79
144,12,0,first,41,2000,plus,89,113
144,12,0,first,41,2000,minus,90,70
144,12,0,first,41,2000,plus,90,112
144,12,0,first,41,2000,minus,91,49
144,12,0,first,41,2000,plus,91,131
144,12,0,first,41,2000,minus,92,40
144,12,0,first,41,2000,plus,92,121
144,12,0,first,41,2000,minus,93,33
144,12,0,first,41,2000,plus,93,106
144,12,0,first,41,2000,minus,94,13
144,12,0,first,41,2000,plus,94,102
144,12,0,first,41,2000,minus,95,12
144,12,0,first,41,2000,plus,95,98
144,12,0,first,41,2000,minus,96,11
144,12,0,first,41,2000,plus,96,80
144,12,0,first,41,2000,minus,97,6
144,12,0,first,41,2000,plus,97,61
144,12,0,first,41,2000,minus,98,6
144,12,0,first,41,2000,plus,98,67
144,12,0,first,41,2000,minus,99,3
144,12,0,first,41,2000,plus,99,51
144,12,0,first,41,2000,minus,100,3
144,12,0,first,41,2000,plus,100,38
144,12,0,first,41,2000,plus,101,37
144,12,0,first,41,2000,minus,102,1
144,12,0,first,41,2000,plus,102,24
144,12,0,first,41,2000,minus,103,1
144,12,0,first,41,2000,plus,103,23
144,12,0,first,41,2000,plus,104,19
144,12,0,first,41,2000,plus,105,16
144,12,0,first,41,2000,plus,106,7
144,12,0,first,41,2000,plus,107,8
144,12,0,first,41,2000,plus,108,4
144,12,0,first,41,2000,plus,109,4
144,12,0,first,41,2000,plus,110,1
144,12,0,first,41,2000,plus,112,2
144,12,0,first,41,2000,plus,113,1
144,12,0,first,41,2000,plus,114,1
144,12,0,first,41,2000,plus,120,1
144,9,0,second,41,2000,minus,49,1
144,9,0,second,41,2000,minus,50,1
144,9,0,second,41,2000,minus,51,1
144,9,0,second,41,2000,minus,52,2
144,9,0,second,41,2000,minus,53,1
144,9,0,second,41,2000,minus,54,3
144,9,0,second,41,2000,minus,55,7
144,9,0,second,41,2000,minus,56,3
144,9,0,second,41,2000,minus,57,2
144,9,0,second,41,2000,minus,58,6
144,9,0,second,41,2000,minus,59,12
144,9,0,second,41,2000,minus,60,15
144,9,0,second,41,2000,minus,61,11
144,9,0,second,41,2000,minus,62,15
144,9,0,second,41,2000,minus,63,17
144,9,0,second,41,2000,minus,64,19
144,9,0,second,41,2000,minus,65,20
144,9,0,second,41,2000,minus,66,22
144,9,0,second,41,2000,minus,67,36
144,9,0,second,41,2000,minus,68,28
144,9,0,second,41,2000,minus,69,47
144,9,0,second,41,2000,plus,69,1
144,9,0,second,41,2000,minus,70,39
144,9,0,second,41,2000,plus,70,1
144,9,0,second,41,2000,minus,71,55
144,9,0,second,41,2000,minus,72,60
144,9,0,second,41,2000,plus,72,1
144,9,0,second,41,2000,minus,73,64
144,9,0,second,41,2000,plus,73,3
144,9,0,second,41,2000,minus,74,70
144,9,0,second,41,2000,plus,74,5
144,9,0,second,41,2000,minus,75,81
144,9,0,second,41,2000,plus,75,6
144,9,0,second,41,2000,minus,76,67
144,9,0,second,41,2000,plus,76,8
144,9,0,second,41,2000,minus,77,105
144,9,0,second,41,2000,plus,77,9
144,9,0,second,41,2000,minus,78,97
144,9,0,second,41,2000,plus,78,17
144,9,0,second,41,2000,minus,79,92
144,9,0,second,41,2000,plus,79,24
144,9,0,second,41,2000,minus,80,103
144,9,0,second,41,2000,plus,80,28
144,9,0,second,41,2000,minus,81,90
144,9,0,second,41,2000,plus,81,32
144,9,0,second,41,2000,minus,82,100
144,9,0,second,41,2000,plus,82,41
144,9,0,second,41,2000,minus,83,102
144,9,0,second,41,2000,plus,83,53
144,9,0,second,41,2000,minus,84,91
144,9,0,second,41,2000,plus,84,59
144,9,0,second,41,2000,minus,85,85
144,9,0,second,41,2000,plus,85,65
144,9,0,second,41,2000,minus,86,73
144,9,0,second,41,2000,plus,86,87
144,9,0,second,41,2000,minus,87,61
144,9,0,second,41,2000,plus,87,87
144,9,0,second,41,2000,minus,88,87
144,9,0,second,41,2000,plus,88,79
144,9,0,second,41,2000,minus,89,48
144,9,0,second,41,2000,plus,89,85
144,9,0,second,41,2000,minus,90,37
144,9,0,second,41,2000,plus,90,119
144,9,0,second,41,2000,minus,91,31
144,9,0,second,41,2000,plus,91,101
144,9,0,second,41,2000,minus,92,23
144,9,0,second,41,2000,plus,92,93
144,9,0,second,41,2000,minus,93,16
144,9,0,second,41,2000,plus,93,113
144,9,0,second,41,2000,minus,94,20
144,9,0,second,41,2000,plus,94,99
144,9,0,second,41,2000,minus,95,10
144,9,0,second,41,2000,plus,95,96
144,9,0,second,41,2000,minus,96,7
144,9,0,second,41,2000,plus,96,90
144,9,0,second,41,2000,minus,97,4
144,9,0,second,41,2000,plus,97,83
144,9,0,second,41,2000,minus,98,6
144,9,0,second,41,2000,plus,98,53
144,9,0,second,41,2000,minus,99,5
144,9,0,second,41,2000,plus,99,62
144,9,0,second,41,2000,minus,100,1
144,9,0,second,41,2000,plus,100,63
144,9,0,second,41,2000,plus,101,52
144,9,0,second,41,2000,plus,102,42
144,9,0,second,41,2000,minus,103,1
144,9,0,second,41,2000,plus,103,54
144,9,0,second,41,2000,plus,104,39
144,9,0,second,41,2000,plus,105,26
144,9,0,second,41,2000,plus,106,21
144,9,0,second,41,2000,plus,107,32
144,9,0,second,41,2000,plus,108,9
144,9,0,second,41,2000,plus,109,7
144,9,0,second,41,2000,plus,110,12
144,9,0,second,41,2000,plus,111,8
144,9,0,second,41,2000,plus,112,5
144,9,0,second,41,2000,plus,113,12
144,9,0,second,41,2000,plus,114,5
144,9,0,second,41,2000,plus,115,2
144,9,0,second,41,2000,plus,116,4
144,9,0,second,41,2000,plus,118,3
144,9,0,second,41,2000,plus,119,2
144,9,0,second,41,2000,plus,121,1
144,9,0,second,41,2000,plus,122,1
144,12,0,first,42,2000,minus,52,2
144,12,0,first,42,2000,minus,54,1
144,12,0,first,42,2000,minus,56,3
144,12,0,first,42,2000,minus,58,4
144,12,0,first,42,2000,minus,59,3
144,12,0,first,42,2000,minus,60,1
144,12,0,first,42,2000,minus,61,6
144,12,0,first,42,2000,minus,62,5
144,12,0,first,42,2000,minus,63,10
144,12,0,first,42,2000,minus,64,7
144,12,0,first,42,2000,minus,65,13
144,12,0,first,42,2000,minus,66,9
144,12,0,first,42,2000,minus,67,15
144,12,0,first,42,2000,minus,68,25
144,12,0,first,42,2000,plus,68,1
144,12,0,first,42,2000,minus,69,27
144,12,0,first,42,2000,plus,69,1
144,12,0,first,42,2000,minus,70,21
144,12,0,first,42,2000,plus,70,2
144,12,0,first,42,2000,minus,71,43
144,12,0,first,42,2000,plus,71,2
144,12,0,first,42,2000,minus,72,50
144,12,0,first,42,2000,plus,72,3
144,12,0,first,42,2000,minus,73,47
144,12,0,first,42,2000,plus,73,6
144,12,0,first,42,2000,minus,74,61
144,12,0,first,42,2000,plus,74,6
144,12,0,first,42,2000,minus,75,79
144,12,0,first,42,2000,plus,75,12
144,12,0,first,42,2000,minus,76,81
144,12,0,first,42,2000,plus,76,14
144,12,0,first,42,2000,minus,77,94
144,12,0,first,42,2000,plus,77,22
144,12,0,first,42,2000,minus,78,104
144,12,0,first,42,2000,plus,78,25
144,12,0,first,42,2000,minus,79,95
144,12,0,first,42,2000,plus,79,34
144,12,0,first,42,2000,minus,80,85
144,12,0,first,42,2000,plus,80,40
144,12,0,first,42,2000,minus,81,117
144,12,0,first,42,2000,plus,81,49
144,12,0,first,42,2000,minus,82,126
144,12,0,first,42,2000,plus,82,52
144,12,0,first,42,2000,minus,83,101
144,12,0,first,42,2000,plus,83,75
144,12,0,first,42,2000,minus,84,100
144,12,0,first,42,2000,plus,84,74
144,12,0,first,42,2000,minus,85,93
144,12,0,first,42,2000,plus,85,83
144,12,0,first,42,2000,minus,86,94
144,12,0,first,42,2000,plus,86,96
144,12,0,first,42,2000,minus,87,92
144,12,0,first,42,2000,plus,87,106
144,12,0,first,42,2000,minus,88,82
144,12,0,first,42,2000,plus,88,96
144,12,0,first,42,2000,minus,89,66
144,12,0,first,42,2000,plus,89,119
144,12,0,first,42,2000,minus,90,55
144,12,0,first,42,2000,plus,90,104
144,12,0,first,42,2000,minus,91,46
144,12,0,first,42,2000,plus,91,120
144,12,0,first,42,2000,minus,92,35
144,12,0,first,42,2000,plus,92,116
144,12,0,first,42,2000,minus,93,27
144,12,0,first,42,2000,plus,93,99
144,12,0,first,42,2000,minus,94,16
144,12,0,first,42,2000,plus,94,86
144,12,0,first,42,2000,minus,95,23
144,12,0,first,42,2000,plus,95,104
144,12,0,first,42,2000,minus,96,13
144,12,0,first,42,2000,plus,96,84
144,12,0,first,42,2000,minus,97,7
144,12,0,first,42,2000,plus,97,61
144,12,0,first,42,2000,minus,98,5
144,12,0,first,42,2000,plus,98,66
144,12,0,first,42,2000,minus,99,7
144,12,0,first,42,2000,plus,99,50
144,12,0,first,42,2000,minus,100,2
144,12,0,first,42,2000,plus,100,37
144,12,0,first,42,2000,plus,101,39
144,12,0,first,42,2000,minus,102,2
144,12,0,first,42,2000,plus,102,22
144,12,0,first,42,2000,plus,103,23
144,12,0,first,42,2000,plus,104,24
144,12,0,first,42,2000,plus,105,12
144,12,0,first,42,2000,plus,106,7
144,12,0,first,42,2000,plus,107,4
144,12,0,first,42,2000,plus,108,7
144,12,0,first,42,2000,plus,109,7
144,12,0,first,42,2000,plus,110,5
144,12,0,first,42,2000,plus,111,2
144,12,0,first,42,2000,plus,112,1
144,12,0,first,42,2000,plus,113,1
144,12,0,first,42,2000,plus,116,1
144,9,0,second,42,2000,minus,41,1
144,9,0,second,42,2000,minus,43,1
144,9,0,second,42,2000,minus,46,1
144,9,0,second,42,2000,minus,47,3
144,9,0,second,42,2000,minus,48,3
144,9,0,second,42,2000,minus,50,3
144,9,0,second,42,2000,minus,51,1
144,9,0,second,42,2000,minus,52,2
144,9,0,second,42,2000,minus,53,2
144,9,0,second,42,2000,minus,54,3
144,9,0,second,42,2000,minus,55,2
144,9,0,second,42,2000,minus,56,5
144,9,0,second,42,2000,minus,57,7
144,9,0,second,42,2000,minus,58,8
144,9,0,second,42,2000,minus,59,9
144,9,0,second,42,2000,minus,60,10
144,9,0,second,42,2000,minus,61,15
144,9,0,second,42,2000,minus,62,19
144,9,0,second,42,2000,minus,63,27
144,9,0,second,42,2000,minus,64,24
144,9,0,second,42,2000,plus,64,1
144,9,0,second,42,2000,minus,65,21
144,9,0,second,42,2000,minus,66,24
144,9,0,second,42,2000,minus,67,28
144,9,0,second,42,2000,minus,68,42
144,9,0,second,42,2000,minus,69,34
144,9,0,second,42,2000,minus,70,43
144,9,0,second,42,2000,plus,70,3
144,9,0,second,42,2000,minus,71,49
144,9,0,second,42,2000,plus,71,3
144,9,0,second,42,2000,minus,72,49
144,9,0,second,42,2000,plus,72,2
144,9,0,second,42,2000,minus,73,65
144,9,0,second,42,2000,plus,73,6
144,9,0,second,42,2000,minus,74,70
144,9,0,second,42,2000,plus,74,4
144,9,0,second,42,2000,minus,75,81
144,9,0,second,42,2000,plus,75,5
144,9,0,second,42,2000,minus,76,83
144,9,0,second,42,2000,plus,76,5
144,9,0,second,42,2000,minus,77,94
144,9,0,second,42,2000,plus,77,7
144,9,0,second,42,2000,minus,78,84
144,9,0,second,42,2000,plus,78,19
144,9,0,second,42,2000,minus,79,90
144,9,0,second,42,2000,plus,79,16
144,9,0,second,42,2000,minus,80,103
144,9,0,second,42,2000,plus,80,31
144,9,0,second,42,2000,minus,81,101
144,9,0,second,42,2000,plus,81,21
144,9,0,second,42,2000,minus,82,99
144,9,0,second,42,2000,plus,82,42
144,9,0,second,42,2000,minus,83,99
144,9,0,second,42,2000,plus,83,47
144,9,0,second,42,2000,minus,84,84
144,9,0,second,42,2000,plus,84,74
144,9,0,second,42,2000,minus,85,97
144,9,0,second,42,2000,plus,85,73
144,9,0,second,42,2000,minus,86,72
144,9,0,second,42,2000,plus,86,70
144,9,0,second,42,2000,minus,87,66
144,9,0,second,42,2000,plus,87,89
144,9,0,second,42,2000,minus,88,54
144,9,0,second,42,2000,plus,88,94
144,9,0,second,42,2000,minus,89,43
144,9,0,second,42,2000,plus,89,108
144,9,0,second,42,2000,minus,90,35
144,9,0,second,42,2000,plus,90,104
144,9,0,second,42,2000,minus,91,30
144,9,0,second,42,2000,plus,91,104
144,9,0,second,42,2000,minus,92,31
144,9,0,second,42,2000,plus,92,108
144,9,0,second,42,2000,minus,93,25
144,9,0,second,42,2000,plus,93,90
144,9,0,second,42,2000,minus,94,22
144,9,0,second,42,2000,plus,94,103
144,9,0,second,42,2000,minus,95,9
144,9,0,second,42,2000,plus,95,94
144,9,0,second,42,2000,minus,96,8
144,9,0,second,42,2000,plus,96,105
144,9,0,second,42,2000,minus,97,8
144,9,0,second,42,2000,plus,97,79
144,9,0,second,42,2000,minus,98,2
144,9,0,second,42,2000,plus,98,77
144,9,0,second,42,2000,minus,99,5
144,9,0,second,42,2000,plus,99,61
144,9,0,second,42,2000,plus,100,54
144,9,0,second,42,2000,plus,101,51
144,9,0,second,42,2000,minus,102,1
144,9,0,second,42,2000,plus,102,50
144,9,0,second,42,2000,minus,103,3
144,9,0,second,42,2000,plus,103,36
144,9,0,second,42,2000,plus,104,25
144,9,0,second,42,2000,plus,105,28
144,9,0,second,42,2000,plus,106,25
144,9,0,second,42,2000,plus,107,11
144,9,0,second,42,2000,plus,108,23
144,9,0,second,42,2000,plus,109,14
144,9,0,second,42,2000,plus,110,13
144,9,0,second,42,2000,plus,111,7
144,9,0,second,42,2000,plus,112,3
144,9,0,second,42,2000,plus,113,4
144,9,0,second,42,2000,plus,114,2
144,9,0,second,42,2000,plus,116,1
144,9,0,second,42,2000,plus,117,2
144,9,0,second,42,2000,plus,118,2
144,9,0,second,42,2000,plus,119,3
144,9,0,second,42,2000,plus,120,1
144,12,0,first,43,2000,minus,53,1
144,12,0,first,43,2000,minus,57,1
144,12,0,first,43,2000,minus,59,3
144,12,0,first,43,2000,minus,60,5
144,12,0,first,43,2000,minus,61,5
144,12,0,first,43,2000,minus,62,4
144,12,0,first,43,2000,minus,63,8
144,12,0,first,43,2000,minus,64,11
144,12,0,first,43,2000,minus,65,8
144,12,0,first,43,2000,minus,66,18
144,12,0,first,43,2000,minus,67,14
144,12,0,first,43,2000,minus,68,16
144,12,0,first,43,2000,plus,68,1
144,12,0,first,43,2000,minus,69,35
144,12,0,first,43,2000,minus,70,38
144,12,0,first,43,2000,plus,70,1
144,12,0,first,43,2000,minus,71,38
144,12,0,first,43,2000,plus,71,2
144,12,0,first,43,2000,minus,72,38
144,12,0,first,43,2000,plus,72,4
144,12,0,first,43,2000,minus,73,34
144,12,0,first,43,2000,plus,73,6
144,12,0,first,43,2000,minus,74,56
144,12,0,first,43,2000,plus,74,7
144,12,0,first,43,2000,minus,75,75
144,12,0,first,43,2000,plus,75,3
144,12,0,first,43,2000,minus,76,67
144,12,0,first,43,2000,plus,76,16
144,12,0,first,43,2000,minus,77,78
144,12,0,first,43,2000,plus,77,15
144,12,0,first,43,2000,minus,78,102
144,12,0,first,43,2000,plus,78,20
144,12,0,first,43,2000,minus,79,111
144,12,0,first,43,2000,plus,79,25
144,12,0,first,43,2000,minus,80,99
144,12,0,first,43,2000,plus,80,37
144,12,0,first,43,2000,minus,81,108
144,12,0,first,43,2000,plus,81,30
144,12,0,first,43,2000,minus,82,97
144,12,0,first,43,2000,plus,82,64
144,12,0,first,43,2000,minus,83,129
144,12,0,first,43,2000,plus,83,70
144,12,0,first,43,2000,minus,84,102
144,12,0,first,43,2000,plus,84,72
144,12,0,first,43,2000,minus,85,100
144,12,0,first,43,2000,plus,85,76
144,12,0,first,43,2000,minus,86,114
144,12,0,first,43,2000,plus,86,95
144,12,0,first,43,2000,minus,87,89
144,12,0,first,43,2000,plus,87,116
144,12,0,first,43,2000,minus,88,90
144,12,0,first,43,2000,plus,88,114
144,12,0,first,43,2000,minus,89,67
144,12,0,first,43,2000,plus,89,123
144,12,0,first,43,2000,minus,90,54
144,12,0,first,43,2000,plus,90,127
144,12,0,first,43,2000,minus,91,39
144,12,0,first,43,2000,plus,91,124
144,12,0,first,43,2000,minus,92,40
144,12,0,first,43,2000,plus,92,94
144,12,0,first,43,2000,minus,93,33
144,12,0,first,43,2000,plus,93,118
144,12,0,first,43,2000,minus,94,27
144,12,0,first,43,2000,plus,94,93
144,12,0,first,43,2000,minus,95,18
144,12,0,first,43,2000,plus,95,87
144,12,0,first,43,2000,minus,96,12
144,12,0,first,43,2000,plus,96,89
144,12,0,first,43,2000,minus,97,1
144,12,0,first,43,2000,plus,97,66
144,12,0,first,43,2000,minus,98,3
144,12,0,first,43,2000,plus,98,61
144,12,0,first,43,2000,minus,99,5
144,12,0,first,43,2000,plus,99,50
144,12,0,first,43,2000,minus,100,3
144,12,0,first,43,2000,plus,100,39
144,12,0,first,43,2000,minus,101,2
144,12,0,first,43,2000,plus,101,31
144,12,0,first,43,2000,minus,102,1
144,12,0,first,43,2000,plus,102,36
144,12,0,first,43,2000,plus,103,20
144,12,0,first,43,2000,plus,104,18
144,12,0,first,43,2000,plus,105,12
144,12,0,first,43,2000,plus,106,11
144,12,0,first,43,2000,minus,107,1
144,12,0,first,43,2000,plus,107,8
144,12,0,first,43,2000,plus,108,3
144,12,0,first,43,2000,plus,109,3
144,12,0,first,43,2000,plus,110,4
144,12,0,first,43,2000,plus,111,3
144,12,0,first,43,2000,plus,112,2
144,12,0,first,43,2000,plus,114,1
144,12,0,first,43,2000,plus,115,2
144,12,0,first,43,2000,plus,116,1
144,9,0,second,43,2000,minus,38,1
144,9,0,second,43,2000,minus,43,1
144,9,0,second,43,2000,minus,46,1
144,9,0,second,43,2000,minus,48,2
144,9,0,second,43,2000,minus,49,1
144,9,0,second,43,2000,minus,50,5
144,9,0,second,43,2000,minus,51,3
144,9,0,second,43,2000,minus,52,3
144,9,0,second,43,2000,minus,53,2
144,9,0,second,43,2000,minus,54,2
144,9,0,second,43,2000,minus,55,3
144,9,0,second,43,2000,minus,56,3
144,9,0,second,43,2000,minus,57,7
144,9,0,second,43,2000,minus,58,7
144,9,0,second,43,2000,minus,59,9
144,9,0,second,43,2000,minus,60,11
144,9,0,second,43,2000,minus,61,9
144,9,0,second,43,2000,minus,62,22
144,9,0,second,43,2000,minus,63,14
144,9,0,second,43,2000,minus,64,10
144,9,0,second,43,2000,minus,65,30
144,9,0,second,43,2000,minus,66,30
144,9,0,second,43,2000,minus,67,37
144,9,0,second,43,2000,minus,68,24
144,9,0,second,43,2000,minus,69,45
144,9,0,second,43,2000,plus,69,1
144,9,0,second,43,2000,minus,70,43
144,9,0,second,43,2000,minus,71,46
144,9,0,second,43,2000,plus,71,2
144,9,0,second,43,2000,minus,72,57
144,9,0,second,43,2000,plus,72,3
144,9,0,second,43,2000,minus,73,48
144,9,0,second,43,2000,plus,73,1
144,9,0,second,43,2000,minus,74,57
144,9,0,second,43,2000,plus,74,3
144,9,0,second,43,2000,minus,75,83
144,9,0,second,43,2000,plus,75,7
144,9,0,second,43,2000,minus,76,86
144,9,0,second,43,2000,plus,76,5
144,9,0,second,43,2000,minus,77,98
144,9,0,second,43,2000,plus,77,14
144,9,0,second,43,2000,minus,78,103
144,9,0,second,43,2000,plus,78,16
144,9,0,second,43,2000,minus,79,96
144,9,0,second,43,2000,plus,79,29
144,9,0,second,43,2000,minus,80,93
144,9,0,second,43,2000,plus,80,36
144,9,0,second,43,2000,minus,81,112
144,9,0,second,43,2000,plus,81,28
144,9,0,second,43,2000,minus,82,100
144,9,0,second,43,2000,plus,82,48
144,9,0,second,43,2000,minus,83,100
144,9,0,second,43,2000,plus,83,41
144,9,0,second,43,2000,minus,84,87
144,9,0,second,43,2000,plus,84,56
144,9,0,second,43,2000,minus,85,81
144,9,0,second,43,2000,plus,85,70
144,9,0,second,43,2000,minus,86,97
144,9,0,second,43,2000,plus,86,63
144,9,0,second,43,2000,minus,87,79
144,9,0,second,43,2000,plus,87,101
144,9,0,second,43,2000,minus,88,58
144,9,0,second,43,2000,plus,88,112
144,9,0,second,43,2000,minus,89,40
144,9,0,second,43,2000,plus,89,105
144,9,0,second,43,2000,minus,90,39
144,9,0,second,43,2000,plus,90,109
144,9,0,second,43,2000,minus,91,32
144,9,0,second,43,2000,plus,91,107
144,9,0,second,43,2000,minus,92,24
144,9,0,second,43,2000,plus,92,87
144,9,0,second,43,2000,minus,93,16
144,9,0,second,43,2000,plus,93,103
144,9,0,second,43,2000,minus,94,19
144,9,0,second,43,2000,plus,94,107
144,9,0,second,43,2000,minus,95,5
144,9,0,second,43,2000,plus,95,107
144,9,0,second,43,2000,minus,96,7
144,9,0,second,43,2000,plus,96,75
144,9,0,second,43,2000,minus,97,3
144,9,0,second,43,2000,plus,97,92
144,9,0,second,43,2000,minus,98,3
144,9,0,second,43,2000,plus,98,80
144,9,0,second,43,2000,minus,99,2
144,9,0,second,43,2000,plus,99,50
144,9,0,second,43,2000,plus,100,59
144,9,0,second,43,2000,plus,101,46
144,9,0,second,43,2000,minus,102,3
144,9,0,second,43,2000,plus,102,30
144,9,0,second,43,2000,minus,103,1
144,9,0,second,43,2000,plus,103,40
144,9,0,second,43,2000,plus,104,30
144,9,0,second,43,2000,plus,105,28
144,9,0,second,43,2000,plus,106,20
144,9,0,second,43,2000,plus,107,14
144,9,0,second,43,2000,plus,108,16
144,9,0,second,43,2000,plus,109,16
144,9,0,second,43,2000,plus,110,8
144,9,0,second,43,2000,plus,111,9
144,9,0,second,43,2000,plus,112,5
144,9,0,second,43,2000,plus,113,4
144,9,0,second,43,2000,plus,114,5
144,9,0,second,43,2000,plus,115,6
144,9,0,second,43,2000,plus,116,1
144,9,0,second,43,2000,plus,117,1
144,9,0,second,43,2000,plus,118,1
144,9,0,second,43,2000,plus,119,2
144,9,0,second,43,2000,plus,120,1
144,12,0,first,44,2000,minus,42,1
144,12,0,first,44,2000,minus,47,1
144,12,0,first,44,2000,minus,48,1
144,12,0,first,44,2000,minus,50,1
144,12,0,first,44,2000,minus,51,1
144,12,0,first,44,2000,minus,52,2
144,12,0,first,44,2000,minus,53,1
144,12,0,first,44,2000,minus,57,2
144,12,0,first,44,2000,minus,58,2
144,12,0,first,44,2000,minus,59,5
144,12,0,first,44,2000,minus,60,4
144,12,0,first,44,2000,minus,61,6
144,12,0,first,44,2000,minus,62,3
144,12,0,first,44,2000,minus,63,5
144,12,0,first,44,2000,minus,64,7
144,12,0,first,44,2000,minus,65,10
144,12,0,first,44,2000,minus,66,9
144,12,0,first,44,2000,minus,67,15
144,12,0,first,44,2000,minus,68,18
144,12,0,first,44,2000,minus,69,22
144,12,0,first,44,2000,plus,69,1
144,12,0,first,44,2000,minus,70,25
144,12,0,first,44,2000,plus,70,1
144,12,0,first,44,2000,minus,71,49
144,12,0,first,44,2000,plus,71,1
144,12,0,first,44,2000,minus,72,41
144,12,0,first,44,2000,plus,72,1
144,12,0,first,44,2000,minus,73,50
144,12,0,first,44,2000,plus,73,5
144,12,0,first,44,2000,minus,74,56
144,12,0,first,44,2000,plus,74,5
144,12,0,first,44,2000,minus,75,54
144,12,0,first,44,2000,plus,75,8
144,12,0,first,44,2000,minus,76,64
144,12,0,first,44,2000,plus,76,12
144,12,0,first,44,2000,minus,77,102
144,12,0,first,44,2000,plus,77,23
144,12,0,first,44,2000,minus,78,106
144,12,0,first,44,2000,plus,78,22
144,12,0,first,44,2000,minus,79,94
144,12,0,first,44,2000,plus,79,36
144,12,0,first,44,2000,minus,80,111
144,12,0,first,44,2000,plus,80,43
144,12,0,first,44,2000,minus,81,119
144,12,0,first,44,2000,plus,81,47
144,12,0,first,44,2000,minus,82,106
144,12,0,first,44,2000,plus,82,50
144,12,0,first,44,2000,minus,83,115
144,12,0,first,44,2000,plus,83,73
144,12,0,first,44,2000,minus,84,118
144,12,0,first,44,2000,plus,84,81
144,12,0,first,44,2000,minus,85,106
144,12,0,first,44,2000,plus,85,92
144,12,0,first,44,2000,minus,86,81
144,12,0,first,44,2000,plus,86,97
144,12,0,first,44,2000,minus,87,100
144,12,0,first,44,2000,plus,87,88
144,12,0,first,44,2000,minus,88,80
144,12,0,first,44,2000,plus,88,111
144,12,0,first,44,2000,minus,89,74
144,12,0,first,44,2000,plus,89,120
144,12,0,first,44,2000,minus,90,60
144,12,0,first,44,2000,plus,90,119
144,12,0,first,44,2000,minus,91,61
144,12,0,first,44,2000,plus,91,119
144,12,0,first,44,2000,minus,92,39
144,12,0,first,44,2000,plus,92,110
144,12,0,first,44,2000,minus,93,16
144,12,0,first,44,2000,plus,93,99
144,12,0,first,44,2000,minus,94,12
144,12,0,first,44,2000,plus,94,107
144,12,0,first,44,2000,minus,95,13
144,12,0,first,44,2000,plus,95,96
144,12,0,first,44,2000,minus,96,11
144,12,0,first,44,2000,plus,96,95
144,12,0,first,44,2000,minus,97,6
144,12,0,first,44,2000,plus,97,61
144,12,0,first,44,2000,minus,98,2
144,12,0,first,44,2000,plus,98,51
144,12,0,first,44,2000,minus,99,6
144,12,0,first,44,2000,plus,99,49
144,12,0,first,44,2000,minus,100,2
144,12,0,first,44,2000,plus,100,27
144,12,0,first,44,2000,minus,101,2
144,12,0,first,44,2000,plus,101,29
144,12,0,first,44,2000,minus,102,1
144,12,0,first,44,2000,plus,102,32
144,12,0,first,44,2000,minus,103,1
144,12,0,first,44,2000,plus,103,20
144,12,0,first,44,2000,plus,104,20
144,12,0,first,44,2000,plus,105,13
144,12,0,first,44,2000,plus,106,10
144,12,0,first,44,2000,minus,107,1
144,12,0,first,44,2000,plus,107,7
144,12,0,first,44,2000,plus,108,4
144,12,0,first,44,2000,plus,109,6
144,12,0,first,44,2000,plus,110,2
144,12,0,first,44,2000,plus,111,1
144,12,0,first,44,2000,plus,112,1
144,12,0,first,44,2000,plus,113,2
144,12,0,first,44,2000,plus,114,1
144,12,0,first,44,2000,plus,116,1
144,12,0,first,44,2000,plus,117,1
144,9,0,second,44,2000,minus,40,1
144,9,0,second,44,2000,minus,41,1
144,9,0,second,44,2000,minus,43,1
144,9,0,second,44,2000,minus,47,1
144,9,0,second,44,2000,minus,50,1
144,9,0,second,44,2000,minus,51,1
144,9,0,second,44,2000,minus,52,1
144,9,0,second,44,2000,minus,53,1
144,9,0,second,44,2000,minus,54,1
144,9,0,second,44,2000,minus,55,5
144,9,0,second,44,2000,minus,56,4
144,9,0,second,44,2000,minus,57,8
144,9,0,second,44,2000,minus,58,5
144,9,0,second,44,2000,minus,59,12
144,9,0,second,44,2000,minus,60,7
144,9,0,second,44,2000,minus,61,8
144,9,0,second,44,2000,minus,62,12
144,9,0,second,44,2000,minus,63,12
144,9,0,second,44,2000,minus,64,14
144,9,0,second,44,2000,minus,65,22
144,9,0,second,44,2000,minus,66,39
144,9,0,second,44,2000,minus,67,22
144,9,0,second,44,2000,minus,68,32
144,9,0,second,44,2000,minus,69,42
144,9,0,second,44,2000,minus,70,57
144,9,0,second,44,2000,minus,71,62
144,9,0,second,44,2000,plus,71,2
144,9,0,second,44,2000,minus,72,46
144,9,0,second,44,2000,plus,72,2
144,9,0,second,44,2000,minus,73,68
144,9,0,second,44,2000,plus,73,4
144,9,0,second,44,2000,minus,74,71
144,9,0,second,44,2000,plus,74,4
144,9,0,second,44,2000,minus,75,69
144,9,0,second,44,2000,plus,75,2
144,9,0,second,44,2000,minus,76,97
144,9,0,second,44,2000,plus,76,5
144,9,0,second,44,2000,minus,77,82
144,9,0,second,44,2000,plus,77,13
144,9,0,second,44,2000,minus,78,93
144,9,0,second,44,2000,plus,78,16
144,9,0,second,44,2000,minus,79,84
144,9,0,second,44,2000,plus,79,24
144,9,0,second,44,2000,minus,80,89
144,9,0,second,44,2000,plus,80,25
144,9,0,second,44,2000,minus,81,114
144,9,0,second,44,2000,plus,81,42
144,9,0,second,44,2000,minus,82,105
144,9,0,second,44,2000,plus,82,50
144,9,0,second,44,2000,minus,83,92
144,9,0,second,44,2000,plus,83,52
144,9,0,second,44,2000,minus,84,93
144,9,0,second,44,2000,plus,84,54
144,9,0,second,44,2000,minus,85,89
144,9,0,second,44,2000,plus,85,58
144,9,0,second,44,2000,minus,86,85
144,9,0,second,44,2000,plus,86,84
144,9,0,second,44,2000,minus,87,74
144,9,0,second,44,2000,plus,87,91
144,9,0,second,44,2000,minus,88,59
144,9,0,second,44,2000,plus,88,106
144,9,0,second,44,2000,minus,89,57
144,9,0,second,44,2000,plus,89,82
144,9,0,second,44,2000,minus,90,40
144,9,0,second,44,2000,plus,90,90
144,9,0,second,44,2000,minus,91,27
144,9,0,second,44,2000,plus,91,110
144,9,0,second,44,2000,minus,92,33
144,9,0,second,44,2000,plus,92,109
144,9,0,second,44,2000,minus,93,22
144,9,0,second,44,2000,plus,93,118
144,9,0,second,44,2000,minus,94,11
144,9,0,second,44,2000,plus,94,89
144,9,0,second,44,2000,minus,95,12
144,9,0,second,44,2000,plus,95,92
144,9,0,second,44,2000,minus,96,7
144,9,0,second,44,2000,plus,96,104
144,9,0,second,44,2000,minus,97,3
144,9,0,second,44,2000,plus,97,68
144,9,0,second,44,2000,minus,98,3
144,9,0,second,44,2000,plus,98,78
144,9,0,second,44,2000,minus,99,2
144,9,0,second,44,2000,plus,99,71
144,9,0,second,44,2000,minus,100,1
144,9,0,second,44,2000,plus,100,61
144,9,0,second,44,2000,plus,101,53
144,9,0,second,44,2000,plus,102,38
144,9,0,second,44,2000,plus,103,41
144,9,0,second,44,2000,plus,104,25
144,9,0,second,44,2000,plus,105,19
144,9,0,second,44,2000,plus,106,20
144,9,0,second,44,2000,plus,107,15
144,9,0,second,44,2000,plus,108,23
144,9,0,second,44,2000,plus,109,9
144,9,0,second,44,2000,plus,110,13
144,9,0,second,44,2000,plus,111,6
144,9,0,second,44,2000,plus,112,7
144,9,0,second,44,2000,plus,113,9
144,9,0,second,44,2000,plus,114,5
144,9,0,second,44,2000,plus,115,2
144,9,0,second,44,2000,plus,116,6
144,9,0,second,44,2000,plus,117,1
144,9,0,second,44,2000,plus,119,1
144,9,0,second,44,2000,plus,120,1
144,12,0,first,45,2000,minus,47,1
144,12,0,first,45,2000,minus,53,1
144,12,0,first,45,2000,minus,56,2
144,12,0,first,45,2000,minus,57,1
144,12,0,first,45,2000,minus,58,1
144,12,0,first,45,2000,minus,59,2
144,12,0,first,45,2000,minus,60,1
144,12,0,first,45,2000,minus,61,5
144,12,0,first,45,2000,minus,62,2
144,12,0,first,45,2000,minus,63,6
144,12,0,first,45,2000,minus,64,8
144,12,0,first,45,2000,minus,65,16
144,12,0,first,45,2000,minus,66,12
144,12,0,first,45,2000,minus,67,12
144,12,0,first,45,2000,plus,67,1
144,12,0,first,45,2000,minus,68,28
144,12,0,first,45,2000,minus,69,28
144,12,0,first,45,2000,minus,70,32
144,12,0,first,45,2000,plus,70,2
144,12,0,first,45,2000,minus,71,39
144,12,0,first,45,2000,plus,71,2
144,12,0,first,45,2000,minus,72,52
144,12,0,first,45,2000,plus,72,1
144,12,0,first,45,2000,minus,73,52
144,12,0,first,45,2000,plus,73,10
144,12,0,first,45,2000,minus,74,42
144,12,0,first,45,2000,plus,74,9
144,12,0,first,45,2000,minus,75,69
144,12,0,first,45,2000,plus,75,6
144,12,0,first,45,2000,minus,76,91
144,12,0,first,45,2000,plus,76,12
144,12,0,first,45,2000,minus,77,93
144,12,0,first,45,2000,plus,77,20
144,12,0,first,45,2000,minus,78,91
144,12,0,first,45,2000,plus,78,28
144,12,0,first,45,2000,minus,79,87
144,12,0,first,45,2000,plus,79,32
144,12,0,first,45,2000,minus,80,106
144,12,0,first,45,2000,plus,80,32
144,12,0,first,45,2000,minus,81,104
144,12,0,first,45,2000,plus,81,47
144,12,0,first,45,2000,minus,82,93
144,12,0,first,45,2000,plus,82,44
144,12,0,first,45,2000,minus,83,121
144,12,0,first,45,2000,plus,83,64
144,12,0,first,45,2000,minus,84,117
144,12,0,first,45,2000,plus,84,76
144,12,0,first,45,2000,minus,85,93
144,12,0,first,45,2000,plus,85,102
144,12,0,first,45,2000,minus,86,104
144,12,0,first,45,2000,plus,86,93
144,12,0,first,45,2000,minus,87,91
144,12,0,first,45,2000,plus,87,120
144,12,0,first,45,2000,minus,88,75
144,12,0,first,45,2000,plus,88,105
144,12,0,first,45,2000,minus,89,73
144,12,0,first,45,2000,plus,89,109
144,12,0,first,45,2000,minus,90,73
144,12,0,first,45,2000,plus,90,127
144,12,0,first,45,2000,minus,91,35
144,12,0,first,45,2000,plus,91,111
144,12,0,first,45,2000,minus,92,39
144,12,0,first,45,2000,plus,92,109
144,12,0,first,45,2000,minus,93,29
144,12,0,first,45,2000,plus,93,112
144,12,0,first,45,2000,minus,94,22
144,12,0,first,45,2000,plus,94,106
144,12,0,first,45,2000,minus,95,16
144,12,0,first,45,2000,plus,95,92
144,12,0,first,45,2000,minus,96,11
144,12,0,first,45,2000,plus,96,93
144,12,0,first,45,2000,minus,97,6
144,12,0,first,45,2000,plus,97,61
144,12,0,first,45,2000,minus,98,6
144,12,0,first,45,2000,plus,98,58
144,12,0,first,45,2000,minus,99,6
144,12,0,first,45,2000,plus,99,37
144,12,0,first,45,2000,minus,100,2
144,12,0,first,45,2000,plus,100,44
144,12,0,first,45,2000,minus,101,2
144,12,0,first,45,2000,plus,101,29
144,12,0,first,45,2000,minus,102,1
144,12,0,first,45,2000,plus,102,27
144,12,0,first,45,2000,plus,103,15
144,12,0,first,45,2000,plus,104,16
144,12,0,first,45,2000,plus,105,10
144,12,0,first,45,2000,minus,106,1
144,12,0,first,45,2000,plus,106,10
144,12,0,first,45,2000,plus,107,6
144,12,0,first,45,2000,plus,108,7
144,12,0,first,45,2000,plus,109,7
144,12,0,first,45,2000,plus,110,1
144,12,0,first,45,2000,plus,111,3
144,12,0,first,45,2000,plus,113,1
144,12,0,first,45,2000,plus,114,2
144,12,0,first,45,2000,plus,115,1
144,9,0,second,45,2000,minus,45,2
144,9,0,second,45,2000,minus,46,1
144,9,0,second,45,2000,minus,47,1
144,9,0,second,45,2000,minus,48,2
144,9,0,second,45,2000,minus,49,2
144,9,0,second,45,2000,minus,50,3
144,9,0,second,45,2000,minus,51,4
144,9,0,second,45,2000,minus,52,3
144,9,0,second,45,2000,minus,53,4
144,9,0,second,45,2000,minus,54,3
144,9,0,second,45,2000,minus,56,4
144,9,0,second,45,2000,minus,57,6
144,9,0,second,45,2000,minus,58,8
144,9,0,second,45,2000,minus,59,6
144,9,0,second,45,2000,minus,60,9
144,9,0,second,45,2000,minus,61,5
144,9,0,second,45,2000,minus,62,11
144,9,0,second,45,2000,minus,63,18
144,9,0,second,45,2000,minus,64,18
144,9,0,second,45,2000,minus,65,24
144,9,0,second,45,2000,minus,66,29
144,9,0,second,45,2000,minus,67,29
144,9,0,second,45,2000,plus,67,1
144,9,0,second,45,2000,minus,68,34
144,9,0,second,45,2000,minus,69,42
144,9,0,second,45,2000,plus,69,1
144,9,0,second,45,2000,minus,70,45
144,9,0,second,45,2000,minus,71,56
144,9,0,second,45,2000,minus,72,55
144,9,0,second,45,2000,plus,72,2
144,9,0,second,45,2000,minus,73,66
144,9,0,second,45,2000,plus,73,2
144,9,0,second,45,2000,minus,74,70
144,9,0,second,45,2000,plus,74,2
144,9,0,second,45,2000,minus,75,78
144,9,0,second,45,2000,plus,75,8
144,9,0,second,45,2000,minus,76,89
144,9,0,second,45,2000,plus,76,15
144,9,0,second,45,2000,minus,77,83
144,9,0,second,45,2000,plus,77,9
144,9,0,second,45,2000,minus,78,110
144,9,0,second,45,2000,plus,78,15
144,9,0,second,45,2000,minus,79,91
144,9,0,second,45,2000,plus,79,18
144,9,0,second,45,2000,minus,80,104
144,9,0,second,45,2000,plus,80,31
144,9,0,second,45,2000,minus,81,92
144,9,0,second,45,2000,plus,81,45
144,9,0,second,45,2000,minus,82,91
144,9,0,second,45,2000,plus,82,42
144,9,0,second,45,2000,minus,83,84
144,9,0,second,45,2000,plus,83,55
144,9,0,second,45,2000,minus,84,87
144,9,0,second,45,2000,plus,84,68
144,9,0,second,45,2000,minus,85,93
144,9,0,second,45,2000,plus,85,83
144,9,0,second,45,2000,minus,86,87
144,9,0,second,45,2000,plus,86,75
144,9,0,second,45,2000,minus,87,83
144,9,0,second,45,2000,plus,87,79
144,9,0,second,45,2000,minus,88,44
144,9,0,second,45,2000,plus,88,100
144,9,0,second,45,2000,minus,89,58
144,9,0,second,45,2000,plus,89,101
144,9,0,second,45,2000,minus,90,36
144,9,0,second,45,2000,plus,90,106
144,9,0,second,45,2000,minus,91,28
144,9,0,second,45,2000,plus,91,103
144,9,0,second,45,2000,minus,92,31
144,9,0,second,45,2000,plus,92,96
144,9,0,second,45,2000,minus,93,18
144,9,0,second,45,2000,plus,93,100
144,9,0,second,45,2000,minus,94,10
144,9,0,second,45,2000,plus,94,95
144,9,0,second,45,2000,minus,95,19
144,9,0,second,45,2000,plus,95,82
144,9,0,second,45,2000,minus,96,7
144,9,0,second,45,2000,plus,96,77
144,9,0,second,45,2000,minus,97,7
144,9,0,second,45,2000,plus,97,88
144,9,0,second,45,2000,minus,98,5
144,9,0,second,45,2000,plus,98,71
144,9,0,second,45,2000,minus,99,2
144,9,0,second,45,2000,plus,99,63
144,9,0,second,45,2000,minus,100,1
144,9,0,second,45,2000,plus,100,62
144,9,0,second,45,2000,minus,101,1
144,9,0,second,45,2000,plus,101,45
144,9,0,second,45,2000,plus,102,38
144,9,0,second,45,2000,plus,103,51
144,9,0,second,45,2000,plus,104,26
144,9,0,second,45,2000,plus,105,21
144,9,0,second,45,2000,minus,106,1
144,9,0,second,45,2000,plus,106,20
144,9,0,second,45,2000,plus,107,18
144,9,0,second,45,2000,plus,108,21
144,9,0,second,45,2000,plus,109,14
144,9,0,second,45,2000,plus,110,10
144,9,0,second,45,2000,plus,111,7
144,9,0,second,45,2000,plus,112,9
144,9,0,second,45,2000,plus,113,5
144,9,0,second,45,2000,plus,114,6
144,9,0,second,45,2000,plus,115,2
144,9,0,second,45,2000,plus,116,2
144,9,0,second,45,2000,plus,117,2
144,9,0,second,45,2000,plus,119,5
144,9,0,second,45,2000,plus,121,2
144,9,0,second,45,2000,plus,123,1
144,12,0,first,46,2000,minus,51,1
144,12,0,first,46,2000,minus,54,1
144,12,0,first,46,2000,minus,56,2
144,12,0,first,46,2000,minus,57,1
144,12,0,first,46,2000,minus,58,2
144,12,0,first,46,2000,minus,59,1
144,12,0,first,46,2000,minus,60,4
144,12,0,first,46,2000,minus,61,6
144,12,0,first,46,2000,minus,62,4
144,12,0,first,46,2000,plus,62,1
144,12,0,first,46,2000,minus,63,4
144,12,0,first,46,2000,minus,64,11
144,12,0,first,46,2000,minus,65,11
144,12,0,first,46,2000,minus,66,11
144,12,0,first,46,2000,minus,67,21
144,12,0,first,46,2000,plus,67,1
144,12,0,first,46,2000,minus,68,18
144,12,0,first,46,2000,plus,68,1
144,12,0,first,46,2000,minus,69,25
144,12,0,first,46,2000,minus,70,19
144,12,0,first,46,2000,plus,70,1
144,12,0,first,46,2000,minus,71,37
144,12,0,first,46,2000,plus,71,1
144,12,0,first,46,2000,minus,72,36
144,12,0,first,46,2000,plus,72,2
144,12,0,first,46,2000,minus,73,56
144,12,0,first,46,2000,plus,73,4
144,12,0,first,46,2000,minus,74,65
144,12,0,first,46,2000,plus,74,5
144,12,0,first,46,2000,minus,75,71
144,12,0,first,46,2000,plus,75,14
144,12,0,first,46,2000,minus,76,81
144,12,0,first,46,2000,plus,76,10
144,12,0,first,46,2000,minus,77,86
144,12,0,first,46,2000,plus,77,12
144,12,0,first,46,2000,minus,78,95
144,12,0,first,46,2000,plus,78,23
144,12,0,first,46,2000,minus,79,100
144,12,0,first,46,2000,plus,79,35
144,12,0,first,46,2000,minus,80,107
144,12,0,first,46,2000,plus,80,32
144,12,0,first,46,2000,minus,81,111
144,12,0,first,46,2000,plus,81,55
144,12,0,first,46,2000,minus,82,112
144,12,0,first,46,2000,plus,82,58
144,12,0,first,46,2000,minus,83,113
144,12,0,first,46,2000,plus,83,56
144,12,0,first,46,2000,minus,84,107
144,12,0,first,46,2000,plus,84,70
144,12,0,first,46,2000,minus,85,90
144,12,0,first,46,2000,plus,85,94
144,12,0,first,46,2000,minus,86,119
144,12,0,first,46,2000,plus,86,108
144,12,0,first,46,2000,minus,87,85
144,12,0,first,46,2000,plus,87,113
144,12,0,first,46,2000,minus,88,78
144,12,0,first,46,2000,plus,88,107
144,12,0,first,46,2000,minus,89,61
144,12,0,first,46,2000,plus,89,111
144,12,0,first,46,2000,minus,90,64
144,12,0,first,46,2000,plus,90,114
144,12,0,first,46,2000,minus,91,47
144,12,0,first,46,2000,plus,91,127
144,12,0,first,46,2000,minus,92,35
144,12,0,first,46,2000,plus,92,108
144,12,0,first,46,2000,minus,93,30
144,12,0,first,46,2000,plus,93,117
144,12,0,first,46,2000,minus,94,22
144,12,0,first,46,2000,plus,94,93
144,12,0,first,46,2000,minus,95,17
144,12,0,first,46,2000,plus,95,91
144,12,0,first,46,2000,minus,96,7
144,12,0,first,46,2000,plus,96,73
144,12,0,first,46,2000,minus,97,6
144,12,0,first,46,2000,plus,97,82
144,12,0,first,46,2000,minus,98,7
144,12,0,first,46,2000,plus,98,42
144,12,0,first,46,2000,minus,99,5
144,12,0,first,46,2000,plus,99,44
144,12,0,first,46,2000,minus,100,2
144,12,0,first,46,2000,plus,100,36
144,12,0,first,46,2000,minus,101,2
144,12,0,first,46,2000,plus,101,34
144,12,0,first,46,2000,minus,102,1
144,12,0,first,46,2000,plus,102,25
144,12,0,first,46,2000,minus,103,2
144,12,0,first,46,2000,plus,103,32
144,12,0,first,46,2000,minus,104,1
144,12,0,first,46,2000,plus,104,14
144,12,0,first,46,2000,plus,105,9
144,12,0,first,46,2000,plus,106,13
144,12,0,first,46,2000,plus,107,13
144,12,0,first,46,2000,plus,108,5
144,12,0,first,46,2000,plus,109,6
144,12,0,first,46,2000,plus,110,3
144,12,0,first,46,2000,plus,111,2
144,12,0,first,46,2000,plus,112,1
144,12,0,first,46,2000,plus,113,1
144,12,0,first,46,2000,plus,115,1
144,9,0,second,46,2000,minus,34,1
144,9,0,second,46,2000,minus,46,1
144,9,0,second,46,2000,minus,48,3
144,9,0,second,46,2000,minus,49,1
144,9,0,second,46,2000,minus,50,1
144,9,0,second,46,2000,minus,51,1
144,9,0,second,46,2000,minus,52,2
144,9,0,second,46,2000,minus,53,2
144,9,0,second,46,2000,minus,54,6
144,9,0,second,46,2000,minus,55,7
144,9,0,second,46,2000,minus,56,4
144,9,0,second,46,2000,minus,57,7
144,9,0,second,46,2000,minus,58,7
144,9,0,second,46,2000,minus,59,4
144,9,0,second,46,2000,minus,60,8
144,9,0,second,46,2000,minus,61,10
144,9,0,second,46,2000,minus,62,10
144,9,0,second,46,2000,minus,63,10
144,9,0,second,46,2000,minus,64,18
144,9,0,second,46,2000,minus,65,28
144,9,0,second,46,2000,minus,66,25
144,9,0,second,46,2000,minus,67,26
144,9,0,second,46,2000,minus,68,37
144,9,0,second,46,2000,plus,68,1
144,9,0,second,46,2000,minus,69,39
144,9,0,second,46,2000,minus,70,39
144,9,0,second,46,2000,plus,70,2
144,9,0,second,46,2000,minus,71,40
144,9,0,second,46,2000,plus,71,2
144,9,0,second,46,2000,minus,72,56
144,9,0,second,46,2000,plus,72,5
144,9,0,second,46,2000,minus,73,57
144,9,0,second,46,2000,minus,74,74
144,9,0,second,46,2000,plus,74,4
144,9,0,second,46,2000,minus,75,71
144,9,0,second,46,2000,plus,75,5
144,9,0,second,46,2000,minus,76,87
144,9,0,second,46,2000,plus,76,9
144,9,0,second,46,2000,minus,77,82
144,9,0,second,46,2000,plus,77,8
144,9,0,second,46,2000,minus,78,84
144,9,0,second,46,2000,plus,78,22
144,9,0,second,46,2000,minus,79,103
144,9,0,second,46,2000,plus,79,23
144,9,0,second,46,2000,minus,80,109
144,9,0,second,46,2000,plus,80,25
144,9,0,second,46,2000,minus,81,103
144,9,0,second,46,2000,plus,81,39
144,9,0,second,46,2000,minus,82,89
144,9,0,second,46,2000,plus,82,49
144,9,0,second,46,2000,minus,83,98
144,9,0,second,46,2000,plus,83,51
144,9,0,second,46,2000,minus,84,134
144,9,0,second,46,2000,plus,84,54
144,9,0,second,46,2000,minus,85,81
144,9,0,second,46,2000,plus,85,78
144,9,0,second,46,2000,minus,86,84
144,9,0,second,46,2000,plus,86,89
144,9,0,second,46,2000,minus,87,67
144,9,0,second,46,2000,plus,87,96
144,9,0,second,46,2000,minus,88,55
144,9,0,second,46,2000,plus,88,94
144,9,0,second,46,2000,minus,89,55
144,9,0,second,46,2000,plus,89,92
144,9,0,second,46,2000,minus,90,38
144,9,0,second,46,2000,plus,90,116
144,9,0,second,46,2000,minus,91,35
144,9,0,second,46,2000,plus,91,93
144,9,0,second,46,2000,minus,92,27
144,9,0,second,46,2000,plus,92,98
144,9,0,second,46,2000,minus,93,21
144,9,0,second,46,2000,plus,93,110
144,9,0,second,46,2000,minus,94,13
144,9,0,second,46,2000,plus,94,106
144,9,0,second,46,2000,minus,95,7
144,9,0,second,46,2000,plus,95,95
144,9,0,second,46,2000,minus,96,12
144,9,0,second,46,2000,plus,96,82
144,9,0,second,46,2000,minus,97,10
144,9,0,second,46,2000,plus,97,61
144,9,0,second,46,2000,minus,98,4
144,9,0,second,46,2000,plus,98,79
144,9,0,second,46,2000,minus,99,2
144,9,0,second,46,2000,plus,99,64
144,9,0,second,46,2000,minus,100,1
144,9,0,second,46,2000,plus,100,51
144,9,0,second,46,2000,minus,101,2
144,9,0,second,46,2000,plus,101,49
144,9,0,second,46,2000,minus,102,2
144,9,0,second,46,2000,plus,102,40
144,9,0,second,46,2000,plus,103,30
144,9,0,second,46,2000,plus,104,29
144,9,0,second,46,2000,plus,105,30
144,9,0,second,46,2000,plus,106,21
144,9,0,second,46,2000,plus,107,20
144,9,0,second,46,2000,plus,108,16
144,9,0,second,46,2000,plus,109,16
144,9,0,second,46,2000,plus,110,13
144,9,0,second,46,2000,plus,111,11
144,9,0,second,46,2000,plus,112,4
144,9,0,second,46,2000,plus,113,6
144,9,0,second,46,2000,plus,114,1
144,9,0,second,46,2000,plus,115,5
144,9,0,second,46,2000,plus,116,4
144,9,0,second,46,2000,plus,117,1
144,9,0,second,46,2000,plus,120,1
144,12,0,first,47,2000,minus,48,1
144,12,0,first,47,2000,minus,53,1
144,12,0,first,47,2000,minus,54,2
144,12,0,first,47,2000,minus,57,2
144,12,0,first,47,2000,minus,58,2
144,12,0,first,47,2000,minus,59,3
144,12,0,first,47,2000,minus,60,3
144,12,0,first,47,2000,minus,61,8
144,12,0,first,47,2000,minus,62,4
144,12,0,first,47,2000,minus,63,4
144,12,0,first,47,2000,plus,63,1
144,12,0,first,47,2000,minus,64,7
144,12,0,first,47,2000,minus,65,11
144,12,0,first,47,2000,minus,66,19
144,12,0,first,47,2000,minus,67,19
144,12,0,first,47,2000,minus,68,17
144,12,0,first,47,2000,minus,69,29
144,12,0,first,47,2000,minus,70,24
144,12,0,first,47,2000,plus,70,1
144,12,0,first,47,2000,minus,71,49
144,12,0,first,47,2000,plus,71,5
144,12,0,first,47,2000,minus,72,43
144,12,0,first,47,2000,plus,72,4
144,12,0,first,47,2000,minus,73,51
144,12,0,first,47,2000,plus,73,4
144,12,0,first,47,2000,minus,74,55
144,12,0,first,47,2000,plus,74,4
144,12,0,first,47,2000,minus,75,72
144,12,0,first,47,2000,plus,75,9
144,12,0,first,47,2000,minus,76,82
144,12,0,first,47,2000,plus,76,7
144,12,0,first,47,2000,minus,77,85
144,12,0,first,47,2000,plus,77,10
144,12,0,first,47,2000,minus,78,81
144,12,0,first,47,2000,plus,78,22
144,12,0,first,47,2000,minus,79,115
144,12,0,first,47,2000,plus,79,24
144,12,0,first,47,2000,minus,80,94
144,12,0,first,47,2000,plus,80,35
144,12,0,first,47,2000,minus,81,114
144,12,0,first,47,2000,plus,81,56
144,12,0,first,47,2000,minus,82,128
144,12,0,first,47,2000,plus,82,53
144,12,0,first,47,2000,minus,83,106
144,12,0,first,47,2000,plus,83,64
144,12,0,first,47,2000,minus,84,110
144,12,0,first,47,2000,plus,84,87
144,12,0,first,47,2000,minus,85,111
144,12,0,first,47,2000,plus,85,80
144,12,0,first,47,2000,minus,86,83
144,12,0,first,47,2000,plus,86,109
144,12,0,first,47,2000,minus,87,78
144,12,0,first,47,2000,plus,87,113
144,12,0,first,47,2000,minus,88,82
144,12,0,first,47,2000,plus,88,109
144,12,0,first,47,2000,minus,89,73
144,12,0,first,47,2000,plus,89,127
144,12,0,first,47,2000,minus,90,51
144,12,0,first,47,2000,plus,90,116
144,12,0,first,47,2000,minus,91,51
144,12,0,first,47,2000,plus,91,121
144,12,0,first,47,2000,minus,92,20
144,12,0,first,47,2000,plus,92,100
144,12,0,first,47,2000,minus,93,31
144,12,0,first,47,2000,plus,93,93
144,12,0,first,47,2000,minus,94,16
144,12,0,first,47,2000,plus,94,96
144,12,0,first,47,2000,minus,95,21
144,12,0,first,47,2000,plus,95,96
144,12,0,first,47,2000,minus,96,12
144,12,0,first,47,2000,plus,96,84
144,12,0,first,47,2000,minus,97,14
144,12,0,first,47,2000,plus,97,58
144,12,0,first,47,2000,minus,98,3
144,12,0,first,47,2000,plus,98,52
144,12,0,first,47,2000,minus,99,8
144,12,0,first,47,2000,plus,99,51
144,12,0,first,47,2000,minus,100,3
144,12,0,first,47,2000,plus,100,39
144,12,0,first,47,2000,minus,101,2
144,12,0,first,47,2000,plus,101,47
144,12,0,first,47,2000,plus,102,34
144,12,0,first,47,2000,plus,103,19
144,12,0,first,47,2000,plus,104,13
144,12,0,first,47,2000,plus,105,14
144,12,0,first,47,2000,plus,106,9
144,12,0,first,47,2000,plus,107,7
144,12,0,first,47,2000,plus,108,9
144,12,0,first,47,2000,plus,109,4
144,12,0,first,47,2000,plus,110,3
144,12,0,first,47,2000,plus,111,2
144,12,0,first,47,2000,plus,112,2
144,12,0,first,47,2000,plus,113,2
144,12,0,first,47,2000,plus,115,2
144,12,0,first,47,2000,plus,119,2
144,12,0,first,47,2000,plus,120,1
144,9,0,second,47,2000,minus,38,1
144,9,0,second,47,2000,minus,41,1
144,9,0,second,47,2000,minus,42,1
144,9,0,second,47,2000,minus,43,1
144,9,0,second,47,2000,minus,44,1
144,9,0,second,47,2000,minus,45,1
144,9,0,second,47,2000,minus,47,1
144,9,0,second,47,2000,minus,49,3
144,9,0,second,47,2000,minus,50,2
144,9,0,second,47,2000,minus,53,1
144,9,0,second,47,2000,minus,54,7
144,9,0,second,47,2000,minus,55,1
144,9,0,second,47,2000,minus,56,5
144,9,0,second,47,2000,minus,57,8
144,9,0,second,47,2000,minus,58,7
144,9,0,second,47,2000,minus,59,11
144,9,0,second,47,2000,minus,60,4
144,9,0,second,47,2000,minus,61,25
144,9,0,second,47,2000,minus,62,19
144,9,0,second,47,2000,minus,63,11
144,9,0,second,47,2000,minus,64,25
144,9,0,second,47,2000,minus,65,14
144,9,0,second,47,2000,plus,65,1
144,9,0,second,47,2000,minus,66,23
144,9,0,second,47,2000,minus,67,22
144,9,0,second,47,2000,minus,68,25
144,9,0,second,47,2000,minus,69,38
144,9,0,second,47,2000,plus,69,2
144,9,0,second,47,2000,minus,70,37
144,9,0,second,47,2000,minus,71,61
144,9,0,second,47,2000,plus,71,1
144,9,0,second,47,2000,minus,72,42
144,9,0,second,47,2000,plus,72,1
144,9,0,second,47,2000,minus,73,51
144,9,0,second,47,2000,plus,73,3
144,9,0,second,47,2000,minus,74,77
144,9,0,second,47,2000,plus,74,4
144,9,0,second,47,2000,minus,75,55
144,9,0,second,47,2000,plus,75,7
144,9,0,second,47,2000,minus,76,84
144,9,0,second,47,2000,plus,76,5
144,9,0,second,47,2000,minus,77,97
144,9,0,second,47,2000,plus,77,12
144,9,0,second,47,2000,minus,78,99
144,9,0,second,47,2000,plus,78,19
144,9,0,second,47,2000,minus,79,99
144,9,0,second,47,2000,plus,79,21
144,9,0,second,47,2000,minus,80,105
144,9,0,second,47,2000,plus,80,24
144,9,0,second,47,2000,minus,81,90
144,9,0,second,47,2000,plus,81,23
144,9,0,second,47,2000,minus,82,96
144,9,0,second,47,2000,plus,82,47
144,9,0,second,47,2000,minus,83,88
144,9,0,second,47,2000,plus,83,51
144,9,0,second,47,2000,minus,84,95
144,9,0,second,47,2000,plus,84,56
144,9,0,second,47,2000,minus,85,95
144,9,0,second,47,2000,plus,85,60
144,9,0,second,47,2000,minus,86,74
144,9,0,second,47,2000,plus,86,81
144,9,0,second,47,2000,minus,87,73
144,9,0,second,47,2000,plus,87,76
144,9,0,second,47,2000,minus,88,68
144,9,0,second,47,2000,plus,88,93
144,9,0,second,47,2000,minus,89,66
144,9,0,second,47,2000,plus,89,117
144,9,0,second,47,2000,minus,90,49
144,9,0,second,47,2000,plus,90,93
144,9,0,second,47,2000,minus,91,35
144,9,0,second,47,2000,plus,91,86
144,9,0,second,47,2000,minus,92,28
144,9,0,second,47,2000,plus,92,116
144,9,0,second,47,2000,minus,93,22
144,9,0,second,47,2000,plus,93,97
144,9,0,second,47,2000,minus,94,23
144,9,0,second,47,2000,plus,94,110
144,9,0,second,47,2000,minus,95,16
144,9,0,second,47,2000,plus,95,108
144,9,0,second,47,2000,minus,96,5
144,9,0,second,47,2000,plus,96,88
144,9,0,second,47,2000,minus,97,5
144,9,0,second,47,2000,plus,97,87
144,9,0,second,47,2000,minus,98,2
144,9,0,second,47,2000,plus,98,70
144,9,0,second,47,2000,minus,99,4
144,9,0,second,47,2000,plus,99,71
144,9,0,second,47,2000,plus,100,35
144,9,0,second,47,2000,minus,101,1
144,9,0,second,47,2000,plus,101,61
144,9,0,second,47,2000,plus,102,51
144,9,0,second,47,2000,plus,103,33
144,9,0,second,47,2000,plus,104,27
144,9,0,second,47,2000,plus,105,31
144,9,0,second,47,2000,plus,106,24
144,9,0,second,47,2000,plus,107,21
144,9,0,second,47,2000,plus,108,20
144,9,0,second,47,2000,plus,109,13
144,9,0,second,47,2000,plus,110,15
144,9,0,second,47,2000,plus,111,8
144,9,0,second,47,2000,plus,112,5
144,9,0,second,47,2000,plus,113,9
144,9,0,second,47,2000,plus,114,4
144,9,0,second,47,2000,plus,115,3
144,9,0,second,47,2000,plus,116,1
144,9,0,second,47,2000,plus,117,3
144,9,0,second,47,2000,plus,118,3
144,9,0,second,47,2000,plus,120,1
144,9,0,second,47,2000,plus,124,1
144,9,0,second,47,2000,plus,129,1
144,12,0,first,48,2000,minus,47,1
144,12,0,first,48,2000,minus,51,1
144,12,0,first,48,2000,minus,56,2
144,12,0,first,48,2000,minus,57,4
144,12,0,first,48,2000,minus,58,2
144,12,0,first,48,2000,minus,59,1
144,12,0,first,48,2000,minus,60,4
144,12,0,first,48,2000,minus,61,3
144,12,0,first,48,2000,minus,62,5
144,12,0,first,48,2000,minus,63,5
144,12,0,first,48,2000,minus,64,5
144,12,0,first,48,2000,minus,65,17
144,12,0,first,48,2000,plus,65,1
144,12,0,first,48,2000,minus,66,12
144,12,0,first,48,2000,minus,67,17
144,12,0,first,48,2000,plus,67,1
144,12,0,first,48,2000,minus,68,16
144,12,0,first,48,2000,minus,69,26
144,12,0,first,48,2000,plus,69,1
144,12,0,first,48,2000,minus,70,24
144,12,0,first,48,2000,plus,70,1
144,12,0,first,48,2000,minus,71,40
144,12,0,first,48,2000,plus,71,4
144,12,0,first,48,2000,minus,72,43
144,12,0,first,48,2000,plus,72,1
144,12,0,first,48,2000,minus,73,50
144,12,0,first,48,2000,plus,73,6
144,12,0,first,48,2000,minus,74,58
144,12,0,first,48,2000,plus,74,5
144,12,0,first,48,2000,minus,75,65
144,12,0,first,48,2000,plus,75,8
144,12,0,first,48,2000,minus,76,79
144,12,0,first,48,2000,plus,76,18
144,12,0,first,48,2000,minus,77,95
144,12,0,first,48,2000,plus,77,19
144,12,0,first,48,2000,minus,78,98
144,12,0,first,48,2000,plus,78,21
144,12,0,first,48,2000,minus,79,97
144,12,0,first,48,2000,plus,79,27
144,12,0,first,48,2000,minus,80,112
144,12,0,first,48,2000,plus,80,36
144,12,0,first,48,2000,minus,81,134
144,12,0,first,48,2000,plus,81,39
144,12,0,first,48,2000,minus,82,95
144,12,0,first,48,2000,plus,82,65
144,12,0,first,48,2000,minus,83,116
144,12,0,first,48,2000,plus,83,74
144,12,0,first,48,2000,minus,84,103
144,12,0,first,48,2000,plus,84,83
144,12,0,first,48,2000,minus,85,106
144,12,0,first,48,2000,plus,85,96
144,12,0,first,48,2000,minus,86,91
144,12,0,first,48,2000,plus,86,103
144,12,0,first,48,2000,minus,87,86
144,12,0,first,48,2000,plus,87,95
144,12,0,first,48,2000,minus,88,76
144,12,0,first,48,2000,plus,88,110
144,12,0,first,48,2000,minus,89,53
144,12,0,first,48,2000,plus,89,106
144,12,0,first,48,2000,minus,90,73
144,12,0,first,48,2000,plus,90,119
144,12,0,first,48,2000,minus,91,63
144,12,0,first,48,2000,plus,91,115
144,12,0,first,48,2000,minus,92,31
144,12,0,first,48,2000,plus,92,113
144,12,0,first,48,2000,minus,93,30
144,12,0,first,48,2000,plus,93,104
144,12,0,first,48,2000,minus,94,15
144,12,0,first,48,2000,plus,94,110
144,12,0,first,48,2000,minus,95,13
144,12,0,first,48,2000,plus,95,84
144,12,0,first,48,2000,minus,96,14
144,12,0,first,48,2000,plus,96,58
144,12,0,first,48,2000,minus,97,6
144,12,0,first,48,2000,plus,97,67
144,12,0,first,48,2000,minus,98,8
144,12,0,first,48,2000,plus,98,65
144,12,0,first,48,2000,minus,99,1
144,12,0,first,48,2000,plus,99,49
144,12,0,first,48,2000,minus,100,3
144,12,0,first,48,2000,plus,100,40
144,12,0,first,48,2000,minus,101,1
144,12,0,first,48,2000,plus,101,31
144,12,0,first,48,2000,plus,102,20
144,12,0,first,48,2000,plus,103,22
144,12,0,first,48,2000,plus,104,17
144,12,0,first,48,2000,plus,105,21
144,12,0,first,48,2000,plus,106,15
144,12,0,first,48,2000,plus,107,5
144,12,0,first,48,2000,plus,108,6
144,12,0,first,48,2000,plus,109,6
144,12,0,first,48,2000,plus,110,5
144,12,0,first,48,2000,plus,111,4
144,12,0,first,48,2000,plus,112,1
144,12,0,first,48,2000,plus,113,1
144,12,0,first,48,2000,plus,114,1
144,12,0,first,48,2000,plus,115,1
144,9,0,second,48,2000,minus,50,2
144,9,0,second,48,2000,minus,52,4
144,9,0,second,48,2000,minus,53,3
144,9,0,second,48,2000,minus,54,4
144,9,0,second,48,2000,minus,55,6
144,9,0,second,48,2000,minus,56,9
144,9,0,second,48,2000,minus,57,4
144,9,0,second,48,2000,minus,58,10
144,9,0,second,48,2000,minus,59,7
144,9,0,second,48,2000,minus,60,8
144,9,0,second,48,2000,minus,61,14
144,9,0,second,48,2000,minus,62,11
144,9,0,second,48,2000,minus,63,13
144,9,0,second,48,2000,minus,64,21
144,9,0,second,48,2000,minus,65,23
144,9,0,second,48,2000,minus,66,21
144,9,0,second,48,2000,minus,67,27
144,9,0,second,48,2000,minus,68,32
144,9,0,second,48,2000,minus,69,34
144,9,0,second,48,2000,minus,70,45
144,9,0,second,48,2000,minus,71,44
144,9,0,second,48,2000,plus,71,2
144,9,0,second,48,2000,minus,72,57
144,9,0,second,48,2000,plus,72,1
144,9,0,second,48,2000,minus,73,74
144,9,0,second,48,2000,plus,73,5
144,9,0,second,48,2000,minus,74,73
144,9,0,second,48,2000,plus,74,3
144,9,0,second,48,2000,minus,75,76
144,9,0,second,48,2000,plus,75,7
144,9,0,second,48,2000,minus,76,67
144,9,0,second,48,2000,plus,76,2
144,9,0,second,48,2000,minus,77,88
144,9,0,second,48,2000,plus,77,11
144,9,0,second,48,2000,minus,78,105
144,9,0,second,48,2000,plus,78,21
144,9,0,second,48,2000,minus,79,91
144,9,0,second,48,2000,plus,79,25
144,9,0,second,48,2000,minus,80,116
144,9,0,second,48,2000,plus,80,28
144,9,0,second,48,2000,minus,81,96
144,9,0,second,48,2000,plus,81,33
144,9,0,second,48,2000,minus,82,98
144,9,0,second,48,2000,plus,82,50
144,9,0,second,48,2000,minus,83,103
144,9,0,second,48,2000,plus,83,57
144,9,0,second,48,2000,minus,84,100
144,9,0,second,48,2000,plus,84,66
144,9,0,second,48,2000,minus,85,84
144,9,0,second,48,2000,plus,85,57
144,9,0,second,48,2000,minus,86,82
144,9,0,second,48,2000,plus,86,74
144,9,0,second,48,2000,minus,87,70
144,9,0,second,48,2000,plus,87,105
144,9,0,second,48,2000,minus,88,56
144,9,0,second,48,2000,plus,88,109
144,9,0,second,48,2000,minus,89,39
144,9,0,second,48,2000,plus,89,103
144,9,0,second,48,2000,minus,90,36
144,9,0,second,48,2000,plus,90,76
144,9,0,second,48,2000,minus,91,37
144,9,0,second,48,2000,plus,91,107
144,9,0,second,48,2000,minus,92,35
144,9,0,second,48,2000,plus,92,108
144,9,0,second,48,2000,minus,93,27
144,9,0,second,48,2000,plus,93,106
144,9,0,second,48,2000,minus,94,14
144,9,0,second,48,2000,plus,94,87
144,9,0,second,48,2000,minus,95,10
144,9,0,second,48,2000,plus,95,98
144,9,0,second,48,2000,minus,96,7
144,9,0,second,48,2000,plus,96,87
144,9,0,second,48,2000,minus,97,8
144,9,0,second,48,2000,plus,97,78
144,9,0,second,48,2000,minus,98,3
144,9,0,second,48,2000,plus,98,67
144,9,0,second,48,2000,minus,99,3
144,9,0,second,48,2000,plus,99,64
144,9,0,second,48,2000,minus,100,1
144,9,0,second,48,2000,plus,100,68
144,9,0,second,48,2000,minus,101,1
144,9,0,second,48,2000,plus,101,43
144,9,0,second,48,2000,plus,102,48
144,9,0,second,48,2000,plus,103,32
144,9,0,second,48,2000,minus,104,1
144,9,0,second,48,2000,plus,104,41
144,9,0,second,48,2000,plus,105,23
144,9,0,second,48,2000,plus,106,14
144,9,0,second,48,2000,plus,107,18
144,9,0,second,48,2000,plus,108,19
144,9,0,second,48,2000,plus,109,16
144,9,0,second,48,2000,plus,110,10
144,9,0,second,48,2000,plus,111,7
144,9,0,second,48,2000,plus,112,3
144,9,0,second,48,2000,plus,113,6
144,9,0,second,48,2000,plus,114,4
144,9,0,second,48,2000,plus,115,1
144,9,0,second,48,2000,plus,116,3
144,9,0,second,48,2000,plus,117,1
144,9,0,second,48,2000,plus,118,1
144,9,0,second,48,2000,plus,119,5
144,12,0,first,49,2000,minus,46,1
144,12,0,first,49,2000,minus,49,1
144,12,0,first,49,2000,minus,50,1
144,12,0,first,49,2000,minus,51,1
144,12,0,first,49,2000,minus,57,1
144,12,0,first,49,2000,minus,58,2
144,12,0,first,49,2000,minus,59,1
144,12,0,first,49,2000,minus,60,1
144,12,0,first,49,2000,minus,61,5
144,12,0,first,49,2000,minus,62,2
144,12,0,first,49,2000,minus,63,8
144,12,0,first,49,2000,minus,64,7
144,12,0,first,49,2000,minus,65,13
144,12,0,first,49,2000,minus,66,12
144,12,0,first,49,2000,minus,67,16
144,12,0,first,49,2000,minus,68,12
144,12,0,first,49,2000,minus,69,37
144,12,0,first,49,2000,minus,70,23
144,12,0,first,49,2000,minus,71,45
144,12,0,first,49,2000,plus,71,2
144,12,0,first,49,2000,minus,72,39
144,12,0,first,49,2000,plus,72,4
144,12,0,first,49,2000,minus,73,64
144,12,0,first,49,2000,plus,73,5
144,12,0,first,49,2000,minus,74,63
144,12,0,first,49,2000,plus,74,3
144,12,0,first,49,2000,minus,75,74
144,12,0,first,49,2000,plus,75,11
144,12,0,first,49,2000,minus,76,74
144,12,0,first,49,2000,plus,76,8
144,12,0,first,49,2000,minus,77,95
144,12,0,first,49,2000,plus,77,18
144,12,0,first,49,2000,minus,78,91
144,12,0,first,49,2000,plus,78,22
144,12,0,first,49,2000,minus,79,115
144,12,0,first,49,2000,plus,79,35
144,12,0,first,49,2000,minus,80,114
144,12,0,first,49,2000,plus,80,40
144,12,0,first,49,2000,minus,81,100
144,12,0,first,49,2000,plus,81,47
144,12,0,first,49,2000,minus,82,103
144,12,0,first,49,2000,plus,82,64
144,12,0,first,49,2000,minus,83,120
144,12,0,first,49,2000,plus,83,70
144,12,0,first,49,2000,minus,84,107
144,12,0,first,49,2000,plus,84,78
144,12,0,first,49,2000,minus,85,123
144,12,0,first,49,2000,plus,85,69
144,12,0,first,49,2000,minus,86,88
144,12,0,first,49,2000,plus,86,93
144,12,0,first,49,2000,minus,87,90
144,12,0,first,49,2000,plus,87,107
144,12,0,first,49,2000,minus,88,59
144,12,0,first,49,2000,plus,88,129
144,12,0,first,49,2000,minus,89,62
144,12,0,first,49,2000,plus,89,118
144,12,0,first,49,2000,minus,90,58
144,12,0,first,49,2000,plus,90,112
144,12,0,first,49,2000,minus,91,42
144,12,0,first,49,2000,plus,91,125
144,12,0,first,49,2000,minus,92,45
144,12,0,first,49,2000,plus,92,102
144,12,0,first,49,2000,minus,93,28
144,12,0,first,49,2000,plus,93,119
144,12,0,first,49,2000,minus,94,11
144,12,0,first,49,2000,plus,94,84
144,12,0,first,49,2000,minus,95,13
144,12,0,first,49,2000,plus,95,84
144,12,0,first,49,2000,minus,96,15
144,12,0,first,49,2000,plus,96,73
144,12,0,first,49,2000,minus,97,4
144,12,0,first,49,2000,plus,97,69
144,12,0,first,49,2000,minus,98,8
144,12,0,first,49,2000,plus,98,52
144,12,0,first,49,2000,minus,99,3
144,12,0,first,49,2000,plus,99,52
144,12,0,first,49,2000,minus,100,2
144,12,0,first,49,2000,plus,100,29
144,12,0,first,49,2000,minus,101,1
144,12,0,first,49,2000,plus,101,41
144,12,0,first,49,2000,plus,102,30
144,12,0,first,49,2000,plus,103,27
144,12,0,first,49,2000,plus,104,24
144,12,0,first,49,2000,plus,105,15
144,12,0,first,49,2000,plus,106,9
144,12,0,first,49,2000,plus,107,7
144,12,0,first,49,2000,plus,108,5
144,12,0,first,49,2000,plus,109,6
144,12,0,first,49,2000,plus,110,4
144,12,0,first,49,2000,plus,111,1
144,12,0,first,49,2000,plus,112,4
144,12,0,first,49,2000,plus,113,1
144,12,0,first,49,2000,plus,114,1
144,12,0,first,49,2000,plus,115,1
144,9,0,second,49,2000,minus,50,2
144,9,0,second,49,2000,minus,51,3
144,9,0,second,49,2000,minus,52,2
144,9,0,second,49,2000,minus,53,3
144,9,0,second,49,2000,minus,54,5
144,9,0,second,49,2000,minus,55,4
144,9,0,second,49,2000,minus,56,5
144,9,0,second,49,2000,minus,57,6
144,9,0,second,49,2000,minus,58,7
144,9,0,second,49,2000,minus,59,11
144,9,0,second,49,2000,minus,60,8
144,9,0,second,49,2000,minus,61,18
144,9,0,second,49,2000,minus,62,13
144,9,0,second,49,2000,minus,63,22
144,9,0,second,49,2000,minus,64,32
144,9,0,second,49,2000,minus,65,17
144,9,0,second,49,2000,minus,66,30
144,9,0,second,49,2000,minus,67,18
144,9,0,second,49,2000,minus,68,35
144,9,0,second,49,2000,minus,69,37
144,9,0,second,49,2000,plus,69,1
144,9,0,second,49,2000,minus,70,49
144,9,0,second,49,2000,plus,70,1
144,9,0,second,49,2000,minus,71,50
144,9,0,second,49,2000,plus,71,3
144,9,0,second,49,2000,minus,72,51
144,9,0,second,49,2000,plus,72,3
144,9,0,second,49,2000,minus,73,64
144,9,0,second,49,2000,plus,73,1
144,9,0,second,49,2000,minus,74,75
144,9,0,second,49,2000,plus,74,4
144,9,0,second,49,2000,minus,75,79
144,9,0,second,49,2000,plus,75,7
144,9,0,second,49,2000,minus,76,88
144,9,0,second,49,2000,plus,76,13
144,9,0,second,49,2000,minus,77,79
144,9,0,second,49,2000,plus,77,12
144,9,0,second,49,2000,minus,78,95
144,9,0,second,49,2000,plus,78,10
144,9,0,second,49,2000,minus,79,92
144,9,0,second,49,2000,plus,79,13
144,9,0,second,49,2000,minus,80,107
144,9,0,second,49,2000,plus,80,31
144,9,0,second,49,2000,minus,81,91
144,9,0,second,49,2000,plus,81,30
144,9,0,second,49,2000,minus,82,102
144,9,0,second,49,2000,plus,82,50
144,9,0,second,49,2000,minus,83,100
144,9,0,second,49,2000,plus,83,56
144,9,0,second,49,2000,minus,84,90
144,9,0,second,49,2000,plus,84,56
144,9,0,second,49,2000,minus,85,82
144,9,0,second,49,2000,plus,85,67
144,9,0,second,49,2000,minus,86,68
144,9,0,second,49,2000,plus,86,68
144,9,0,second,49,2000,minus,87,89
144,9,0,second,49,2000,plus,87,84
144,9,0,second,49,2000,minus,88,58
144,9,0,second,49,2000,plus,88,106
144,9,0,second,49,2000,minus,89,56
144,9,0,second,49,2000,plus,89,82
144,9,0,second,49,2000,minus,90,39
144,9,0,second,49,2000,plus,90,108
144,9,0,second,49,2000,minus,91,29
144,9,0,second,49,2000,plus,91,113
144,9,0,second,49,2000,minus,92,31
144,9,0,second,49,2000,plus,92,114
144,9,0,second,49,2000,minus,93,12
144,9,0,second,49,2000,plus,93,118
144,9,0,second,49,2000,minus,94,12
144,9,0,second,49,2000,plus,94,97
144,9,0,second,49,2000,minus,95,14
144,9,0,second,49,2000,plus,95,74
144,9,0,second,49,2000,minus,96,6
144,9,0,second,49,2000,plus,96,91
144,9,0,second,49,2000,minus,97,3
144,9,0,second,49,2000,plus,97,79
144,9,0,second,49,2000,minus,98,4
144,9,0,second,49,2000,plus,98,75
144,9,0,second,49,2000,minus,99,2
144,9,0,second,49,2000,plus,99,63
144,9,0,second,49,2000,minus,100,2
144,9,0,second,49,2000,plus,100,60
144,9,0,second,49,2000,minus,101,3
144,9,0,second,49,2000,plus,101,41
144,9,0,second,49,2000,plus,102,51
144,9,0,second,49,2000,plus,103,38
144,9,0,second,49,2000,plus,104,33
144,9,0,second,49,2000,plus,105,32
144,9,0,second,49,2000,plus,106,16
144,9,0,second,49,2000,plus,107,19
144,9,0,second,49,2000,plus,108,17
144,9,0,second,49,2000,plus,109,21
144,9,0,second,49,2000,plus,110,11
144,9,0,second,49,2000,plus,111,7
144,9,0,second,49,2000,plus,112,7
144,9,0,second,49,2000,plus,113,4
144,9,0,second,49,2000,plus,114,2
144,9,0,second,49,2000,plus,115,2
144,9,0,second,49,2000,plus,116,1
144,9,0,second,49,2000,plus,117,4
144,9,0,second,49,2000,plus,118,2
144,9,0,second,49,2000,plus,120,1
144,9,0,second,49,2000,plus,122,1
