n,a,b,orientation,batch,samples,kind,k,count
25,5,0,first,0,120000,minus,5,21
25,5,0,first,0,120000,minus,6,103
25,5,0,first,0,120000,minus,7,360
25,5,0,first,0,120000,minus,8,951
25,5,0,first,0,120000,minus,9,2078
25,5,0,first,0,120000,plus,9,1
25,5,0,first,0,120000,minus,10,4326
25,5,0,first,0,120000,plus,10,25
25,5,0,first,0,120000,minus,11,7936
25,5,0,first,0,120000,plus,11,148
25,5,0,first,0,120000,minus,12,13490
25,5,0,first,0,120000,plus,12,737
25,5,0,first,0,120000,minus,13,19812
25,5,0,first,0,120000,plus,13,2837
25,5,0,first,0,120000,minus,14,24220
25,5,0,first,0,120000,plus,14,7757
25,5,0,first,0,120000,minus,15,22956
25,5,0,first,0,120000,plus,15,16668
25,5,0,first,0,120000,minus,16,15380
25,5,0,first,0,120000,plus,16,24932
25,5,0,first,0,120000,minus,17,6598
25,5,0,first,0,120000,plus,17,27372
25,5,0,first,0,120000,minus,18,1642
25,5,0,first,0,120000,plus,18,21225
25,5,0,first,0,120000,minus,19,127
25,5,0,first,0,120000,plus,19,12209
25,5,0,first,0,120000,plus,20,4904
25,5,0,first,0,120000,plus,21,1185
25,4,3,second,0,120000,minus,7,66
25,4,3,second,0,120000,minus,8,380
25,4,3,second,0,120000,minus,9,1362
25,4,3,second,0,120000,minus,10,3578
25,4,3,second,0,120000,plus,10,5
25,4,3,second,0,120000,minus,11,7782
25,4,3,second,0,120000,plus,11,109
25,4,3,second,0,120000,minus,12,13644
25,4,3,second,0,120000,plus,12,672
25,4,3,second,0,120000,minus,13,21168
25,4,3,second,0,120000,plus,13,2789
25,4,3,second,0,120000,minus,14,25252
25,4,3,second,0,120000,plus,14,8062
25,4,3,second,0,120000,minus,15,23193
25,4,3,second,0,120000,plus,15,16688
25,4,3,second,0,120000,minus,16,15239
25,4,3,second,0,120000,plus,16,24663
25,4,3,second,0,120000,minus,17,6488
25,4,3,second,0,120000,plus,17,26384
25,4,3,second,0,120000,minus,18,1634
25,4,3,second,0,120000,plus,18,20230
25,4,3,second,0,120000,minus,19,214
25,4,3,second,0,120000,plus,19,11976
25,4,3,second,0,120000,plus,20,5824
25,4,3,second,0,120000,plus,21,2110
25,4,3,second,0,120000,plus,22,488
25,5,0,first,1,120000,minus,5,27
25,5,0,first,1,120000,minus,6,122
25,5,0,first,1,120000,minus,7,340
25,5,0,first,1,120000,minus,8,969
25,5,0,first,1,120000,minus,9,2098
25,5,0,first,1,120000,plus,9,1
25,5,0,first,1,120000,minus,10,4443
25,5,0,first,1,120000,plus,10,29
25,5,0,first,1,120000,minus,11,8005
25,5,0,first,1,120000,plus,11,155
25,5,0,first,1,120000,minus,12,13410
25,5,0,first,1,120000,plus,12,782
25,5,0,first,1,120000,minus,13,19837
25,5,0,first,1,120000,plus,13,2870
25,5,0,first,1,120000,minus,14,24409
25,5,0,first,1,120000,plus,14,7823
25,5,0,first,1,120000,minus,15,22806
25,5,0,first,1,120000,plus,15,16599
25,5,0,first,1,120000,minus,16,15277
25,5,0,first,1,120000,plus,16,25067
25,5,0,first,1,120000,minus,17,6520
25,5,0,first,1,120000,plus,17,27328
25,5,0,first,1,120000,minus,18,1619
25,5,0,first,1,120000,plus,18,21164
25,5,0,first,1,120000,minus,19,118
25,5,0,first,1,120000,plus,19,12318
25,5,0,first,1,120000,plus,20,4684
25,5,0,first,1,120000,plus,21,1180
25,4,3,second,1,120000,minus,7,48
25,4,3,second,1,120000,minus,8,403
25,4,3,second,1,120000,minus,9,1315
25,4,3,second,1,120000,minus,10,3613
25,4,3,second,1,120000,plus,10,7
25,4,3,second,1,120000,minus,11,7569
25,4,3,second,1,120000,plus,11,128
25,4,3,second,1,120000,minus,12,14118
25,4,3,second,1,120000,plus,12,726
25,4,3,second,1,120000,minus,13,20843
25,4,3,second,1,120000,plus,13,2888
25,4,3,second,1,120000,minus,14,25325
25,4,3,second,1,120000,plus,14,8220
25,4,3,second,1,120000,minus,15,23206
25,4,3,second,1,120000,plus,15,16708
25,4,3,second,1,120000,minus,16,15258
25,4,3,second,1,120000,plus,16,24355
25,4,3,second,1,120000,minus,17,6446
25,4,3,second,1,120000,plus,17,26244
25,4,3,second,1,120000,minus,18,1666
25,4,3,second,1,120000,plus,18,20381
25,4,3,second,1,120000,minus,19,190
25,4,3,second,1,120000,plus,19,11992
25,4,3,second,1,120000,plus,20,5713
25,4,3,second,1,120000,plus,21,2149
25,4,3,second,1,120000,plus,22,489
25,5,0,first,2,120000,minus,5,26
25,5,0,first,2,120000,minus,6,114
25,5,0,first,2,120000,minus,7,361
25,5,0,first,2,120000,minus,8,912
25,5,0,first,2,120000,minus,9,2125
25,5,0,first,2,120000,minus,10,4362
25,5,0,first,2,120000,plus,10,22
25,5,0,first,2,120000,minus,11,7902
25,5,0,first,2,120000,plus,11,142
25,5,0,first,2,120000,minus,12,13374
25,5,0,first,2,120000,plus,12,753
25,5,0,first,2,120000,minus,13,19946
25,5,0,first,2,120000,plus,13,2894
25,5,0,first,2,120000,minus,14,24392
25,5,0,first,2,120000,plus,14,7776
25,5,0,first,2,120000,minus,15,22758
25,5,0,first,2,120000,plus,15,16601
25,5,0,first,2,120000,minus,16,15337
25,5,0,first,2,120000,plus,16,25166
25,5,0,first,2,120000,minus,17,6632
25,5,0,first,2,120000,plus,17,27119
25,5,0,first,2,120000,minus,18,1637
25,5,0,first,2,120000,plus,18,21339
25,5,0,first,2,120000,minus,19,122
25,5,0,first,2,120000,plus,19,12121
25,5,0,first,2,120000,plus,20,4891
25,5,0,first,2,120000,plus,21,1176
25,4,3,second,2,120000,minus,7,57
25,4,3,second,2,120000,minus,8,414
25,4,3,second,2,120000,minus,9,1352
25,4,3,second,2,120000,minus,10,3628
25,4,3,second,2,120000,plus,10,9
25,4,3,second,2,120000,minus,11,7771
25,4,3,second,2,120000,plus,11,112
25,4,3,second,2,120000,minus,12,13808
25,4,3,second,2,120000,plus,12,727
25,4,3,second,2,120000,minus,13,20893
25,4,3,second,2,120000,plus,13,2892
25,4,3,second,2,120000,minus,14,25546
25,4,3,second,2,120000,plus,14,8169
25,4,3,second,2,120000,minus,15,23186
25,4,3,second,2,120000,plus,15,16533
25,4,3,second,2,120000,minus,16,15179
25,4,3,second,2,120000,plus,16,24669
25,4,3,second,2,120000,minus,17,6305
25,4,3,second,2,120000,plus,17,26469
25,4,3,second,2,120000,minus,18,1666
25,4,3,second,2,120000,plus,18,20121
25,4,3,second,2,120000,minus,19,195
25,4,3,second,2,120000,plus,19,12005
25,4,3,second,2,120000,plus,20,5747
25,4,3,second,2,120000,plus,21,2065
25,4,3,second,2,120000,plus,22,482
25,5,0,first,3,120000,minus,5,22
25,5,0,first,3,120000,minus,6,99
25,5,0,first,3,120000,minus,7,369
25,5,0,first,3,120000,minus,8,961
25,5,0,first,3,120000,minus,9,2071
25,5,0,first,3,120000,plus,9,1
25,5,0,first,3,120000,minus,10,4315
25,5,0,first,3,120000,plus,10,15
25,5,0,first,3,120000,minus,11,7918
25,5,0,first,3,120000,plus,11,143
25,5,0,first,3,120000,minus,12,13308
25,5,0,first,3,120000,plus,12,759
25,5,0,first,3,120000,minus,13,19941
25,5,0,first,3,120000,plus,13,2720
25,5,0,first,3,120000,minus,14,24613
25,5,0,first,3,120000,plus,14,7958
25,5,0,first,3,120000,minus,15,22815
25,5,0,first,3,120000,plus,15,16649
25,5,0,first,3,120000,minus,16,15220
25,5,0,first,3,120000,plus,16,25000
25,5,0,first,3,120000,minus,17,6537
25,5,0,first,3,120000,plus,17,27140
25,5,0,first,3,120000,minus,18,1668
25,5,0,first,3,120000,plus,18,21211
25,5,0,first,3,120000,minus,19,143
25,5,0,first,3,120000,plus,19,12291
25,5,0,first,3,120000,plus,20,4911
25,5,0,first,3,120000,plus,21,1202
25,4,3,second,3,120000,minus,7,62
25,4,3,second,3,120000,minus,8,372
25,4,3,second,3,120000,minus,9,1341
25,4,3,second,3,120000,minus,10,3635
25,4,3,second,3,120000,plus,10,5
25,4,3,second,3,120000,minus,11,7927
25,4,3,second,3,120000,plus,11,124
25,4,3,second,3,120000,minus,12,13963
25,4,3,second,3,120000,plus,12,756
25,4,3,second,3,120000,minus,13,20721
25,4,3,second,3,120000,plus,13,2894
25,4,3,second,3,120000,minus,14,25299
25,4,3,second,3,120000,plus,14,8234
25,4,3,second,3,120000,minus,15,23140
25,4,3,second,3,120000,plus,15,16568
25,4,3,second,3,120000,minus,16,15212
25,4,3,second,3,120000,plus,16,24625
25,4,3,second,3,120000,minus,17,6547
25,4,3,second,3,120000,plus,17,26078
25,4,3,second,3,120000,minus,18,1595
25,4,3,second,3,120000,plus,18,20245
25,4,3,second,3,120000,minus,19,186
25,4,3,second,3,120000,plus,19,12082
25,4,3,second,3,120000,plus,20,5776
25,4,3,second,3,120000,plus,21,2152
25,4,3,second,3,120000,plus,22,461
25,5,0,first,4,120000,minus,5,19
25,5,0,first,4,120000,minus,6,119
25,5,0,first,4,120000,minus,7,337
25,5,0,first,4,120000,minus,8,1005
25,5,0,first,4,120000,minus,9,2110
25,5,0,first,4,120000,plus,9,3
25,5,0,first,4,120000,minus,10,4250
25,5,0,first,4,120000,plus,10,11
25,5,0,first,4,120000,minus,11,7883
25,5,0,first,4,120000,plus,11,148
25,5,0,first,4,120000,minus,12,13423
25,5,0,first,4,120000,plus,12,746
25,5,0,first,4,120000,minus,13,20032
25,5,0,first,4,120000,plus,13,2815
25,5,0,first,4,120000,minus,14,24542
25,5,0,first,4,120000,plus,14,8069
25,5,0,first,4,120000,minus,15,22727
25,5,0,first,4,120000,plus,15,16643
25,5,0,first,4,120000,minus,16,15044
25,5,0,first,4,120000,plus,16,24712
25,5,0,first,4,120000,minus,17,6660
25,5,0,first,4,120000,plus,17,27231
25,5,0,first,4,120000,minus,18,1709
25,5,0,first,4,120000,plus,18,21261
25,5,0,first,4,120000,minus,19,140
25,5,0,first,4,120000,plus,19,12218
25,5,0,first,4,120000,plus,20,4889
25,5,0,first,4,120000,plus,21,1254
25,4,3,second,4,120000,minus,7,71
25,4,3,second,4,120000,minus,8,375
25,4,3,second,4,120000,minus,9,1335
25,4,3,second,4,120000,minus,10,3680
25,4,3,second,4,120000,plus,10,8
25,4,3,second,4,120000,minus,11,7691
25,4,3,second,4,120000,plus,11,109
25,4,3,second,4,120000,minus,12,14090
25,4,3,second,4,120000,plus,12,723
25,4,3,second,4,120000,minus,13,20936
25,4,3,second,4,120000,plus,13,2877
25,4,3,second,4,120000,minus,14,25300
25,4,3,second,4,120000,plus,14,8106
25,4,3,second,4,120000,minus,15,23215
25,4,3,second,4,120000,plus,15,16586
25,4,3,second,4,120000,minus,16,15075
25,4,3,second,4,120000,plus,16,24651
25,4,3,second,4,120000,minus,17,6376
25,4,3,second,4,120000,plus,17,26249
25,4,3,second,4,120000,minus,18,1643
25,4,3,second,4,120000,plus,18,20509
25,4,3,second,4,120000,minus,19,213
25,4,3,second,4,120000,plus,19,11926
25,4,3,second,4,120000,plus,20,5649
25,4,3,second,4,120000,plus,21,2141
25,4,3,second,4,120000,plus,22,466
25,5,0,first,5,120000,minus,5,23
25,5,0,first,5,120000,minus,6,112
25,5,0,first,5,120000,minus,7,362
25,5,0,first,5,120000,minus,8,870
25,5,0,first,5,120000,minus,9,2171
25,5,0,first,5,120000,plus,9,2
25,5,0,first,5,120000,minus,10,4256
25,5,0,first,5,120000,plus,10,16
25,5,0,first,5,120000,minus,11,7817
25,5,0,first,5,120000,plus,11,141
25,5,0,first,5,120000,minus,12,13435
25,5,0,first,5,120000,plus,12,690
25,5,0,first,5,120000,minus,13,20068
25,5,0,first,5,120000,plus,13,2851
25,5,0,first,5,120000,minus,14,24629
25,5,0,first,5,120000,plus,14,7962
25,5,0,first,5,120000,minus,15,22845
25,5,0,first,5,120000,plus,15,16763
25,5,0,first,5,120000,minus,16,15136
25,5,0,first,5,120000,plus,16,24984
25,5,0,first,5,120000,minus,17,6565
25,5,0,first,5,120000,plus,17,27330
25,5,0,first,5,120000,minus,18,1581
25,5,0,first,5,120000,plus,18,21045
25,5,0,first,5,120000,minus,19,130
25,5,0,first,5,120000,plus,19,12141
25,5,0,first,5,120000,plus,20,4852
25,5,0,first,5,120000,plus,21,1223
25,4,3,second,5,120000,minus,7,64
25,4,3,second,5,120000,minus,8,372
25,4,3,second,5,120000,minus,9,1356
25,4,3,second,5,120000,minus,10,3639
25,4,3,second,5,120000,plus,10,4
25,4,3,second,5,120000,minus,11,7945
25,4,3,second,5,120000,plus,11,104
25,4,3,second,5,120000,minus,12,14105
25,4,3,second,5,120000,plus,12,763
25,4,3,second,5,120000,minus,13,20897
25,4,3,second,5,120000,plus,13,2887
25,4,3,second,5,120000,minus,14,25286
25,4,3,second,5,120000,plus,14,8201
25,4,3,second,5,120000,minus,15,23110
25,4,3,second,5,120000,plus,15,16832
25,4,3,second,5,120000,minus,16,14980
25,4,3,second,5,120000,plus,16,24477
25,4,3,second,5,120000,minus,17,6398
25,4,3,second,5,120000,plus,17,26157
25,4,3,second,5,120000,minus,18,1646
25,4,3,second,5,120000,plus,18,20225
25,4,3,second,5,120000,minus,19,202
25,4,3,second,5,120000,plus,19,12006
25,4,3,second,5,120000,plus,20,5798
25,4,3,second,5,120000,plus,21,2067
25,4,3,second,5,120000,plus,22,479
25,5,0,first,6,120000,minus,5,19
25,5,0,first,6,120000,minus,6,101
25,5,0,first,6,120000,minus,7,352
25,5,0,first,6,120000,minus,8,961
25,5,0,first,6,120000,minus,9,2161
25,5,0,first,6,120000,plus,9,2
25,5,0,first,6,120000,minus,10,4296
25,5,0,first,6,120000,plus,10,12
25,5,0,first,6,120000,minus,11,8062
25,5,0,first,6,120000,plus,11,134
25,5,0,first,6,120000,minus,12,13256
25,5,0,first,6,120000,plus,12,723
25,5,0,first,6,120000,minus,13,19908
25,5,0,first,6,120000,plus,13,2894
25,5,0,first,6,120000,minus,14,24520
25,5,0,first,6,120000,plus,14,7846
25,5,0,first,6,120000,minus,15,22919
25,5,0,first,6,120000,plus,15,16343
25,5,0,first,6,120000,minus,16,15254
25,5,0,first,6,120000,plus,16,25327
25,5,0,first,6,120000,minus,17,6431
25,5,0,first,6,120000,plus,17,27075
25,5,0,first,6,120000,minus,18,1618
25,5,0,first,6,120000,plus,18,21483
25,5,0,first,6,120000,minus,19,142
25,5,0,first,6,120000,plus,19,12000
25,5,0,first,6,120000,plus,20,5021
25,5,0,first,6,120000,plus,21,1140
25,4,3,second,6,120000,minus,7,56
25,4,3,second,6,120000,minus,8,372
25,4,3,second,6,120000,minus,9,1431
25,4,3,second,6,120000,minus,10,3596
25,4,3,second,6,120000,plus,10,10
25,4,3,second,6,120000,minus,11,7661
25,4,3,second,6,120000,plus,11,104
25,4,3,second,6,120000,minus,12,13948
25,4,3,second,6,120000,plus,12,712
25,4,3,second,6,120000,minus,13,20991
25,4,3,second,6,120000,plus,13,2832
25,4,3,second,6,120000,minus,14,25231
25,4,3,second,6,120000,plus,14,8106
25,4,3,second,6,120000,minus,15,23233
25,4,3,second,6,120000,plus,15,16693
25,4,3,second,6,120000,minus,16,15208
25,4,3,second,6,120000,plus,16,24742
25,4,3,second,6,120000,minus,17,6466
25,4,3,second,6,120000,plus,17,26173
25,4,3,second,6,120000,minus,18,1613
25,4,3,second,6,120000,plus,18,20301
25,4,3,second,6,120000,minus,19,194
25,4,3,second,6,120000,plus,19,12026
25,4,3,second,6,120000,plus,20,5736
25,4,3,second,6,120000,plus,21,2095
25,4,3,second,6,120000,plus,22,470
25,5,0,first,7,120000,minus,5,18
25,5,0,first,7,120000,minus,6,118
25,5,0,first,7,120000,minus,7,325
25,5,0,first,7,120000,minus,8,947
25,5,0,first,7,120000,minus,9,2157
25,5,0,first,7,120000,plus,9,2
25,5,0,first,7,120000,minus,10,4321
25,5,0,first,7,120000,plus,10,22
25,5,0,first,7,120000,minus,11,8002
25,5,0,first,7,120000,plus,11,153
25,5,0,first,7,120000,minus,12,13362
25,5,0,first,7,120000,plus,12,810
25,5,0,first,7,120000,minus,13,19721
25,5,0,first,7,120000,plus,13,2795
25,5,0,first,7,120000,minus,14,24686
25,5,0,first,7,120000,plus,14,7828
25,5,0,first,7,120000,minus,15,22748
25,5,0,first,7,120000,plus,15,16459
25,5,0,first,7,120000,minus,16,15248
25,5,0,first,7,120000,plus,16,25082
25,5,0,first,7,120000,minus,17,6590
25,5,0,first,7,120000,plus,17,27317
25,5,0,first,7,120000,minus,18,1617
25,5,0,first,7,120000,plus,18,21320
25,5,0,first,7,120000,minus,19,140
25,5,0,first,7,120000,plus,19,12137
25,5,0,first,7,120000,plus,20,4963
25,5,0,first,7,120000,plus,21,1112
25,4,3,second,7,120000,minus,7,57
25,4,3,second,7,120000,minus,8,365
25,4,3,second,7,120000,minus,9,1373
25,4,3,second,7,120000,minus,10,3608
25,4,3,second,7,120000,plus,10,7
25,4,3,second,7,120000,minus,11,7708
25,4,3,second,7,120000,plus,11,93
25,4,3,second,7,120000,minus,12,14037
25,4,3,second,7,120000,plus,12,709
25,4,3,second,7,120000,minus,13,21079
25,4,3,second,7,120000,plus,13,2777
25,4,3,second,7,120000,minus,14,25123
25,4,3,second,7,120000,plus,14,8273
25,4,3,second,7,120000,minus,15,23275
25,4,3,second,7,120000,plus,15,16760
25,4,3,second,7,120000,minus,16,15129
25,4,3,second,7,120000,plus,16,24629
25,4,3,second,7,120000,minus,17,6428
25,4,3,second,7,120000,plus,17,26099
25,4,3,second,7,120000,minus,18,1622
25,4,3,second,7,120000,plus,18,20289
25,4,3,second,7,120000,minus,19,196
25,4,3,second,7,120000,plus,19,11995
25,4,3,second,7,120000,plus,20,5751
25,4,3,second,7,120000,plus,21,2131
25,4,3,second,7,120000,plus,22,487
25,5,0,first,8,120000,minus,5,21
25,5,0,first,8,120000,minus,6,113
25,5,0,first,8,120000,minus,7,353
25,5,0,first,8,120000,minus,8,932
25,5,0,first,8,120000,minus,9,2128
25,5,0,first,8,120000,plus,9,3
25,5,0,first,8,120000,minus,10,4362
25,5,0,first,8,120000,plus,10,17
25,5,0,first,8,120000,minus,11,8059
25,5,0,first,8,120000,plus,11,150
25,5,0,first,8,120000,minus,12,13457
25,5,0,first,8,120000,plus,12,741
25,5,0,first,8,120000,minus,13,19972
25,5,0,first,8,120000,plus,13,2849
25,5,0,first,8,120000,minus,14,24238
25,5,0,first,8,120000,plus,14,7983
25,5,0,first,8,120000,minus,15,22996
25,5,0,first,8,120000,plus,15,16352
25,5,0,first,8,120000,minus,16,15008
25,5,0,first,8,120000,plus,16,24951
25,5,0,first,8,120000,minus,17,6568
25,5,0,first,8,120000,plus,17,27026
25,5,0,first,8,120000,minus,18,1644
25,5,0,first,8,120000,plus,18,21567
25,5,0,first,8,120000,minus,19,149
25,5,0,first,8,120000,plus,19,12298
25,5,0,first,8,120000,plus,20,4907
25,5,0,first,8,120000,plus,21,1156
25,4,3,second,8,120000,minus,7,68
25,4,3,second,8,120000,minus,8,380
25,4,3,second,8,120000,minus,9,1333
25,4,3,second,8,120000,minus,10,3528
25,4,3,second,8,120000,plus,10,10
25,4,3,second,8,120000,minus,11,7784
25,4,3,second,8,120000,plus,11,96
25,4,3,second,8,120000,minus,12,13988
25,4,3,second,8,120000,plus,12,705
25,4,3,second,8,120000,minus,13,20804
25,4,3,second,8,120000,plus,13,2835
25,4,3,second,8,120000,minus,14,25271
25,4,3,second,8,120000,plus,14,8114
25,4,3,second,8,120000,minus,15,23463
25,4,3,second,8,120000,plus,15,16412
25,4,3,second,8,120000,minus,16,15137
25,4,3,second,8,120000,plus,16,24834
25,4,3,second,8,120000,minus,17,6455
25,4,3,second,8,120000,plus,17,26341
25,4,3,second,8,120000,minus,18,1599
25,4,3,second,8,120000,plus,18,20363
25,4,3,second,8,120000,minus,19,190
25,4,3,second,8,120000,plus,19,11940
25,4,3,second,8,120000,plus,20,5797
25,4,3,second,8,120000,plus,21,2107
25,4,3,second,8,120000,plus,22,446
25,5,0,first,9,120000,minus,5,20
25,5,0,first,9,120000,minus,6,116
25,5,0,first,9,120000,minus,7,359
25,5,0,first,9,120000,minus,8,941
25,5,0,first,9,120000,minus,9,2109
25,5,0,first,9,120000,plus,9,2
25,5,0,first,9,120000,minus,10,4347
25,5,0,first,9,120000,plus,10,19
25,5,0,first,9,120000,minus,11,7741
25,5,0,first,9,120000,plus,11,159
25,5,0,first,9,120000,minus,12,13524
25,5,0,first,9,120000,plus,12,752
25,5,0,first,9,120000,minus,13,19914
25,5,0,first,9,120000,plus,13,2799
25,5,0,first,9,120000,minus,14,24555
25,5,0,first,9,120000,plus,14,7962
25,5,0,first,9,120000,minus,15,22898
25,5,0,first,9,120000,plus,15,16615
25,5,0,first,9,120000,minus,16,15153
25,5,0,first,9,120000,plus,16,24914
25,5,0,first,9,120000,minus,17,6558
25,5,0,first,9,120000,plus,17,27199
25,5,0,first,9,120000,minus,18,1623
25,5,0,first,9,120000,plus,18,21488
25,5,0,first,9,120000,minus,19,142
25,5,0,first,9,120000,plus,19,11943
25,5,0,first,9,120000,plus,20,4979
25,5,0,first,9,120000,plus,21,1169
25,4,3,second,9,120000,minus,7,65
25,4,3,second,9,120000,minus,8,377
25,4,3,second,9,120000,minus,9,1365
25,4,3,second,9,120000,minus,10,3579
25,4,3,second,9,120000,plus,10,6
25,4,3,second,9,120000,minus,11,7771
25,4,3,second,9,120000,plus,11,106
25,4,3,second,9,120000,minus,12,13860
25,4,3,second,9,120000,plus,12,743
25,4,3,second,9,120000,minus,13,20969
25,4,3,second,9,120000,plus,13,2795
25,4,3,second,9,120000,minus,14,25381
25,4,3,second,9,120000,plus,14,8049
25,4,3,second,9,120000,minus,15,23220
25,4,3,second,9,120000,plus,15,16822
25,4,3,second,9,120000,minus,16,15277
25,4,3,second,9,120000,plus,16,24912
25,4,3,second,9,120000,minus,17,6358
25,4,3,second,9,120000,plus,17,26070
25,4,3,second,9,120000,minus,18,1561
25,4,3,second,9,120000,plus,18,20170
25,4,3,second,9,120000,minus,19,217
25,4,3,second,9,120000,plus,19,11999
25,4,3,second,9,120000,plus,20,5675
25,4,3,second,9,120000,plus,21,2187
25,4,3,second,9,120000,plus,22,466
25,5,0,first,10,120000,minus,5,30
25,5,0,first,10,120000,minus,6,105
25,5,0,first,10,120000,minus,7,377
25,5,0,first,10,120000,minus,8,968
25,5,0,first,10,120000,minus,9,2137
25,5,0,first,10,120000,minus,10,4307
25,5,0,first,10,120000,plus,10,20
25,5,0,first,10,120000,minus,11,7871
25,5,0,first,10,120000,plus,11,164
25,5,0,first,10,120000,minus,12,13480
25,5,0,first,10,120000,plus,12,726
25,5,0,first,10,120000,minus,13,19945
25,5,0,first,10,120000,plus,13,2792
25,5,0,first,10,120000,minus,14,24588
25,5,0,first,10,120000,plus,14,7908
25,5,0,first,10,120000,minus,15,22854
25,5,0,first,10,120000,plus,15,16680
25,5,0,first,10,120000,minus,16,15073
25,5,0,first,10,120000,plus,16,25036
25,5,0,first,10,120000,minus,17,6535
25,5,0,first,10,120000,plus,17,27111
25,5,0,first,10,120000,minus,18,1604
25,5,0,first,10,120000,plus,18,21197
25,5,0,first,10,120000,minus,19,126
25,5,0,first,10,120000,plus,19,12271
25,5,0,first,10,120000,plus,20,4900
25,5,0,first,10,120000,plus,21,1195
25,4,3,second,10,120000,minus,7,64
25,4,3,second,10,120000,minus,8,383
25,4,3,second,10,120000,minus,9,1403
25,4,3,second,10,120000,minus,10,3601
25,4,3,second,10,120000,plus,10,8
25,4,3,second,10,120000,minus,11,7601
25,4,3,second,10,120000,plus,11,121
25,4,3,second,10,120000,minus,12,13981
25,4,3,second,10,120000,plus,12,681
25,4,3,second,10,120000,minus,13,20976
25,4,3,second,10,120000,plus,13,2748
25,4,3,second,10,120000,minus,14,25153
25,4,3,second,10,120000,plus,14,8043
25,4,3,second,10,120000,minus,15,23492
25,4,3,second,10,120000,plus,15,16798
25,4,3,second,10,120000,minus,16,14988
25,4,3,second,10,120000,plus,16,25000
25,4,3,second,10,120000,minus,17,6501
25,4,3,second,10,120000,plus,17,26048
25,4,3,second,10,120000,minus,18,1660
25,4,3,second,10,120000,plus,18,20274
25,4,3,second,10,120000,minus,19,197
25,4,3,second,10,120000,plus,19,12007
25,4,3,second,10,120000,plus,20,5683
25,4,3,second,10,120000,plus,21,2118
25,4,3,second,10,120000,plus,22,471
25,5,0,first,11,120000,minus,5,19
25,5,0,first,11,120000,minus,6,111
25,5,0,first,11,120000,minus,7,366
25,5,0,first,11,120000,minus,8,945
25,5,0,first,11,120000,minus,9,2106
25,5,0,first,11,120000,plus,9,2
25,5,0,first,11,120000,minus,10,4288
25,5,0,first,11,120000,plus,10,22
25,5,0,first,11,120000,minus,11,7997
25,5,0,first,11,120000,plus,11,158
25,5,0,first,11,120000,minus,12,13375
25,5,0,first,11,120000,plus,12,778
25,5,0,first,11,120000,minus,13,20219
25,5,0,first,11,120000,plus,13,2803
25,5,0,first,11,120000,minus,14,24168
25,5,0,first,11,120000,plus,14,7974
25,5,0,first,11,120000,minus,15,23129
25,5,0,first,11,120000,plus,15,16617
25,5,0,first,11,120000,minus,16,14965
25,5,0,first,11,120000,plus,16,25079
25,5,0,first,11,120000,minus,17,6486
25,5,0,first,11,120000,plus,17,27161
25,5,0,first,11,120000,minus,18,1671
25,5,0,first,11,120000,plus,18,21171
25,5,0,first,11,120000,minus,19,155
25,5,0,first,11,120000,plus,19,12213
25,5,0,first,11,120000,plus,20,4891
25,5,0,first,11,120000,plus,21,1131
25,4,3,second,11,120000,minus,7,52
25,4,3,second,11,120000,minus,8,372
25,4,3,second,11,120000,minus,9,1378
25,4,3,second,11,120000,minus,10,3644
25,4,3,second,11,120000,plus,10,10
25,4,3,second,11,120000,minus,11,7693
25,4,3,second,11,120000,plus,11,104
25,4,3,second,11,120000,minus,12,14110
25,4,3,second,11,120000,plus,12,671
25,4,3,second,11,120000,minus,13,20871
25,4,3,second,11,120000,plus,13,2899
25,4,3,second,11,120000,minus,14,25275
25,4,3,second,11,120000,plus,14,8160
25,4,3,second,11,120000,minus,15,23131
25,4,3,second,11,120000,plus,15,16798
25,4,3,second,11,120000,minus,16,15038
25,4,3,second,11,120000,plus,16,24417
25,4,3,second,11,120000,minus,17,6550
25,4,3,second,11,120000,plus,17,26311
25,4,3,second,11,120000,minus,18,1701
25,4,3,second,11,120000,plus,18,20259
25,4,3,second,11,120000,minus,19,185
25,4,3,second,11,120000,plus,19,12025
25,4,3,second,11,120000,plus,20,5751
25,4,3,second,11,120000,plus,21,2104
25,4,3,second,11,120000,plus,22,491
25,5,0,first,12,120000,minus,5,21
25,5,0,first,12,120000,minus,6,100
25,5,0,first,12,120000,minus,7,382
25,5,0,first,12,120000,minus,8,920
25,5,0,first,12,120000,minus,9,2161
25,5,0,first,12,120000,minus,10,4331
25,5,0,first,12,120000,plus,10,22
25,5,0,first,12,120000,minus,11,8024
25,5,0,first,12,120000,plus,11,158
25,5,0,first,12,120000,minus,12,13356
25,5,0,first,12,120000,plus,12,726
25,5,0,first,12,120000,minus,13,19908
25,5,0,first,12,120000,plus,13,2852
25,5,0,first,12,120000,minus,14,24410
25,5,0,first,12,120000,plus,14,7882
25,5,0,first,12,120000,minus,15,22901
25,5,0,first,12,120000,plus,15,16782
25,5,0,first,12,120000,minus,16,15248
25,5,0,first,12,120000,plus,16,25148
25,5,0,first,12,120000,minus,17,6444
25,5,0,first,12,120000,plus,17,27245
25,5,0,first,12,120000,minus,18,1660
25,5,0,first,12,120000,plus,18,20990
25,5,0,first,12,120000,minus,19,134
25,5,0,first,12,120000,plus,19,12084
25,5,0,first,12,120000,plus,20,4945
25,5,0,first,12,120000,plus,21,1166
25,4,3,second,12,120000,minus,7,54
25,4,3,second,12,120000,minus,8,371
25,4,3,second,12,120000,minus,9,1343
25,4,3,second,12,120000,minus,10,3544
25,4,3,second,12,120000,plus,10,3
25,4,3,second,12,120000,minus,11,7747
25,4,3,second,12,120000,plus,11,123
25,4,3,second,12,120000,minus,12,13887
25,4,3,second,12,120000,plus,12,685
25,4,3,second,12,120000,minus,13,21064
25,4,3,second,12,120000,plus,13,2832
25,4,3,second,12,120000,minus,14,25143
25,4,3,second,12,120000,plus,14,7946
25,4,3,second,12,120000,minus,15,23445
25,4,3,second,12,120000,plus,15,16715
25,4,3,second,12,120000,minus,16,15187
25,4,3,second,12,120000,plus,16,24687
25,4,3,second,12,120000,minus,17,6377
25,4,3,second,12,120000,plus,17,26278
25,4,3,second,12,120000,minus,18,1648
25,4,3,second,12,120000,plus,18,20353
25,4,3,second,12,120000,minus,19,190
25,4,3,second,12,120000,plus,19,12065
25,4,3,second,12,120000,plus,20,5673
25,4,3,second,12,120000,plus,21,2169
25,4,3,second,12,120000,plus,22,471
25,5,0,first,13,120000,minus,5,26
25,5,0,first,13,120000,minus,6,100
25,5,0,first,13,120000,minus,7,334
25,5,0,first,13,120000,minus,8,962
25,5,0,first,13,120000,minus,9,2131
25,5,0,first,13,120000,plus,9,2
25,5,0,first,13,120000,minus,10,4288
25,5,0,first,13,120000,plus,10,23
25,5,0,first,13,120000,minus,11,7973
25,5,0,first,13,120000,plus,11,144
25,5,0,first,13,120000,minus,12,13401
25,5,0,first,13,120000,plus,12,748
25,5,0,first,13,120000,minus,13,19867
25,5,0,first,13,120000,plus,13,2750
25,5,0,first,13,120000,minus,14,24418
25,5,0,first,13,120000,plus,14,7918
25,5,0,first,13,120000,minus,15,22828
25,5,0,first,13,120000,plus,15,16509
25,5,0,first,13,120000,minus,16,15229
25,5,0,first,13,120000,plus,16,25150
25,5,0,first,13,120000,minus,17,6686
25,5,0,first,13,120000,plus,17,27186
25,5,0,first,13,120000,minus,18,1621
25,5,0,first,13,120000,plus,18,21222
25,5,0,first,13,120000,minus,19,136
25,5,0,first,13,120000,plus,19,12292
25,5,0,first,13,120000,plus,20,4821
25,5,0,first,13,120000,plus,21,1235
25,4,3,second,13,120000,minus,7,53
25,4,3,second,13,120000,minus,8,397
25,4,3,second,13,120000,minus,9,1384
25,4,3,second,13,120000,minus,10,3495
25,4,3,second,13,120000,plus,10,8
25,4,3,second,13,120000,minus,11,7813
25,4,3,second,13,120000,plus,11,97
25,4,3,second,13,120000,minus,12,13805
25,4,3,second,13,120000,plus,12,718
25,4,3,second,13,120000,minus,13,20948
25,4,3,second,13,120000,plus,13,2921
25,4,3,second,13,120000,minus,14,25143
25,4,3,second,13,120000,plus,14,8121
25,4,3,second,13,120000,minus,15,23335
25,4,3,second,13,120000,plus,15,16727
25,4,3,second,13,120000,minus,16,15397
25,4,3,second,13,120000,plus,16,24519
25,4,3,second,13,120000,minus,17,6364
25,4,3,second,13,120000,plus,17,26146
25,4,3,second,13,120000,minus,18,1671
25,4,3,second,13,120000,plus,18,20444
25,4,3,second,13,120000,minus,19,195
25,4,3,second,13,120000,plus,19,11981
25,4,3,second,13,120000,plus,20,5736
25,4,3,second,13,120000,plus,21,2084
25,4,3,second,13,120000,plus,22,498
25,5,0,first,14,120000,minus,5,22
25,5,0,first,14,120000,minus,6,123
25,5,0,first,14,120000,minus,7,380
25,5,0,first,14,120000,minus,8,906
25,5,0,first,14,120000,minus,9,2108
25,5,0,first,14,120000,plus,9,2
25,5,0,first,14,120000,minus,10,4244
25,5,0,first,14,120000,plus,10,28
25,5,0,first,14,120000,minus,11,8019
25,5,0,first,14,120000,plus,11,155
25,5,0,first,14,120000,minus,12,13543
25,5,0,first,14,120000,plus,12,714
25,5,0,first,14,120000,minus,13,19921
25,5,0,first,14,120000,plus,13,2824
25,5,0,first,14,120000,minus,14,24407
25,5,0,first,14,120000,plus,14,7960
25,5,0,first,14,120000,minus,15,23101
25,5,0,first,14,120000,plus,15,16552
25,5,0,first,14,120000,minus,16,15051
25,5,0,first,14,120000,plus,16,24748
25,5,0,first,14,120000,minus,17,6386
25,5,0,first,14,120000,plus,17,27434
25,5,0,first,14,120000,minus,18,1662
25,5,0,first,14,120000,plus,18,21405
25,5,0,first,14,120000,minus,19,127
25,5,0,first,14,120000,plus,19,12154
25,5,0,first,14,120000,plus,20,4785
25,5,0,first,14,120000,plus,21,1239
25,4,3,second,14,120000,minus,7,57
25,4,3,second,14,120000,minus,8,355
25,4,3,second,14,120000,minus,9,1403
25,4,3,second,14,120000,minus,10,3625
25,4,3,second,14,120000,plus,10,11
25,4,3,second,14,120000,minus,11,7782
25,4,3,second,14,120000,plus,11,124
25,4,3,second,14,120000,minus,12,13784
25,4,3,second,14,120000,plus,12,720
25,4,3,second,14,120000,minus,13,20924
25,4,3,second,14,120000,plus,13,2877
25,4,3,second,14,120000,minus,14,25255
25,4,3,second,14,120000,plus,14,8147
25,4,3,second,14,120000,minus,15,23366
25,4,3,second,14,120000,plus,15,16746
25,4,3,second,14,120000,minus,16,15076
25,4,3,second,14,120000,plus,16,24706
25,4,3,second,14,120000,minus,17,6482
25,4,3,second,14,120000,plus,17,26031
25,4,3,second,14,120000,minus,18,1652
25,4,3,second,14,120000,plus,18,20342
25,4,3,second,14,120000,minus,19,239
25,4,3,second,14,120000,plus,19,11954
25,4,3,second,14,120000,plus,20,5722
25,4,3,second,14,120000,plus,21,2149
25,4,3,second,14,120000,plus,22,471
25,5,0,first,15,120000,minus,5,26
25,5,0,first,15,120000,minus,6,107
25,5,0,first,15,120000,minus,7,376
25,5,0,first,15,120000,minus,8,928
25,5,0,first,15,120000,minus,9,2054
25,5,0,first,15,120000,minus,10,4266
25,5,0,first,15,120000,plus,10,14
25,5,0,first,15,120000,minus,11,8016
25,5,0,first,15,120000,plus,11,148
25,5,0,first,15,120000,minus,12,13462
25,5,0,first,15,120000,plus,12,765
25,5,0,first,15,120000,minus,13,20065
25,5,0,first,15,120000,plus,13,2843
25,5,0,first,15,120000,minus,14,24384
25,5,0,first,15,120000,plus,14,7946
25,5,0,first,15,120000,minus,15,22871
25,5,0,first,15,120000,plus,15,16450
25,5,0,first,15,120000,minus,16,15190
25,5,0,first,15,120000,plus,16,25201
25,5,0,first,15,120000,minus,17,6548
25,5,0,first,15,120000,plus,17,27053
25,5,0,first,15,120000,minus,18,1592
25,5,0,first,15,120000,plus,18,21225
25,5,0,first,15,120000,minus,19,115
25,5,0,first,15,120000,plus,19,12376
25,5,0,first,15,120000,plus,20,4799
25,5,0,first,15,120000,plus,21,1180
25,4,3,second,15,120000,minus,7,68
25,4,3,second,15,120000,minus,8,382
25,4,3,second,15,120000,minus,9,1329
25,4,3,second,15,120000,minus,10,3597
25,4,3,second,15,120000,plus,10,3
25,4,3,second,15,120000,minus,11,7978
25,4,3,second,15,120000,plus,11,123
25,4,3,second,15,120000,minus,12,14052
25,4,3,second,15,120000,plus,12,718
25,4,3,second,15,120000,minus,13,20802
25,4,3,second,15,120000,plus,13,2902
25,4,3,second,15,120000,minus,14,25350
25,4,3,second,15,120000,plus,14,8141
25,4,3,second,15,120000,minus,15,23056
25,4,3,second,15,120000,plus,15,16684
25,4,3,second,15,120000,minus,16,15103
25,4,3,second,15,120000,plus,16,24506
25,4,3,second,15,120000,minus,17,6498
25,4,3,second,15,120000,plus,17,26302
25,4,3,second,15,120000,minus,18,1591
25,4,3,second,15,120000,plus,18,20334
25,4,3,second,15,120000,minus,19,194
25,4,3,second,15,120000,plus,19,12007
25,4,3,second,15,120000,plus,20,5772
25,4,3,second,15,120000,plus,21,2002
25,4,3,second,15,120000,plus,22,506
25,5,0,first,16,120000,minus,5,26
25,5,0,first,16,120000,minus,6,114
25,5,0,first,16,120000,minus,7,391
25,5,0,first,16,120000,minus,8,912
25,5,0,first,16,120000,minus,9,2073
25,5,0,first,16,120000,plus,9,2
25,5,0,first,16,120000,minus,10,4148
25,5,0,first,16,120000,plus,10,16
25,5,0,first,16,120000,minus,11,7850
25,5,0,first,16,120000,plus,11,137
25,5,0,first,16,120000,minus,12,13642
25,5,0,first,16,120000,plus,12,733
25,5,0,first,16,120000,minus,13,19909
25,5,0,first,16,120000,plus,13,2831
25,5,0,first,16,120000,minus,14,24404
25,5,0,first,16,120000,plus,14,7875
25,5,0,first,16,120000,minus,15,23184
25,5,0,first,16,120000,plus,15,16398
25,5,0,first,16,120000,minus,16,15080
25,5,0,first,16,120000,plus,16,25314
25,5,0,first,16,120000,minus,17,6467
25,5,0,first,16,120000,plus,17,26931
25,5,0,first,16,120000,minus,18,1656
25,5,0,first,16,120000,plus,18,21381
25,5,0,first,16,120000,minus,19,144
25,5,0,first,16,120000,plus,19,12372
25,5,0,first,16,120000,plus,20,4822
25,5,0,first,16,120000,plus,21,1188
25,4,3,second,16,120000,minus,7,62
25,4,3,second,16,120000,minus,8,359
25,4,3,second,16,120000,minus,9,1403
25,4,3,second,16,120000,minus,10,3555
25,4,3,second,16,120000,plus,10,6
25,4,3,second,16,120000,minus,11,7654
25,4,3,second,16,120000,plus,11,93
25,4,3,second,16,120000,minus,12,14185
25,4,3,second,16,120000,plus,12,711
25,4,3,second,16,120000,minus,13,20871
25,4,3,second,16,120000,plus,13,2793
25,4,3,second,16,120000,minus,14,25328
25,4,3,second,16,120000,plus,14,8001
25,4,3,second,16,120000,minus,15,23149
25,4,3,second,16,120000,plus,15,16685
25,4,3,second,16,120000,minus,16,15073
25,4,3,second,16,120000,plus,16,24600
25,4,3,second,16,120000,minus,17,6532
25,4,3,second,16,120000,plus,17,26138
25,4,3,second,16,120000,minus,18,1644
25,4,3,second,16,120000,plus,18,20471
25,4,3,second,16,120000,minus,19,185
25,4,3,second,16,120000,plus,19,12102
25,4,3,second,16,120000,plus,20,5727
25,4,3,second,16,120000,plus,21,2166
25,4,3,second,16,120000,plus,22,507
25,5,0,first,17,120000,minus,5,16
25,5,0,first,17,120000,minus,6,103
25,5,0,first,17,120000,minus,7,345
25,5,0,first,17,120000,minus,8,950
25,5,0,first,17,120000,minus,9,2178
25,5,0,first,17,120000,plus,9,1
25,5,0,first,17,120000,minus,10,4174
25,5,0,first,17,120000,plus,10,21
25,5,0,first,17,120000,minus,11,8051
25,5,0,first,17,120000,plus,11,153
25,5,0,first,17,120000,minus,12,13531
25,5,0,first,17,120000,plus,12,745
25,5,0,first,17,120000,minus,13,19954
25,5,0,first,17,120000,plus,13,2837
25,5,0,first,17,120000,minus,14,24534
25,5,0,first,17,120000,plus,14,7985
25,5,0,first,17,120000,minus,15,22948
25,5,0,first,17,120000,plus,15,16461
25,5,0,first,17,120000,minus,16,15149
25,5,0,first,17,120000,plus,16,25092
25,5,0,first,17,120000,minus,17,6346
25,5,0,first,17,120000,plus,17,27337
25,5,0,first,17,120000,minus,18,1574
25,5,0,first,17,120000,plus,18,21119
25,5,0,first,17,120000,minus,19,147
25,5,0,first,17,120000,plus,19,12155
25,5,0,first,17,120000,plus,20,4916
25,5,0,first,17,120000,plus,21,1178
25,4,3,second,17,120000,minus,7,61
25,4,3,second,17,120000,minus,8,384
25,4,3,second,17,120000,minus,9,1348
25,4,3,second,17,120000,minus,10,3576
25,4,3,second,17,120000,plus,10,8
25,4,3,second,17,120000,minus,11,7725
25,4,3,second,17,120000,plus,11,117
25,4,3,second,17,120000,minus,12,13811
25,4,3,second,17,120000,plus,12,774
25,4,3,second,17,120000,minus,13,20883
25,4,3,second,17,120000,plus,13,2891
25,4,3,second,17,120000,minus,14,25382
25,4,3,second,17,120000,plus,14,8195
25,4,3,second,17,120000,minus,15,23468
25,4,3,second,17,120000,plus,15,16629
25,4,3,second,17,120000,minus,16,14979
25,4,3,second,17,120000,plus,16,24635
25,4,3,second,17,120000,minus,17,6538
25,4,3,second,17,120000,plus,17,26126
25,4,3,second,17,120000,minus,18,1649
25,4,3,second,17,120000,plus,18,20225
25,4,3,second,17,120000,minus,19,196
25,4,3,second,17,120000,plus,19,11972
25,4,3,second,17,120000,plus,20,5794
25,4,3,second,17,120000,plus,21,2145
25,4,3,second,17,120000,plus,22,489
25,5,0,first,18,120000,minus,5,17
25,5,0,first,18,120000,minus,6,106
25,5,0,first,18,120000,minus,7,376
25,5,0,first,18,120000,minus,8,951
25,5,0,first,18,120000,minus,9,2153
25,5,0,first,18,120000,plus,9,1
25,5,0,first,18,120000,minus,10,4350
25,5,0,first,18,120000,plus,10,25
25,5,0,first,18,120000,minus,11,7933
25,5,0,first,18,120000,plus,11,166
25,5,0,first,18,120000,minus,12,13286
25,5,0,first,18,120000,plus,12,741
25,5,0,first,18,120000,minus,13,19956
25,5,0,first,18,120000,plus,13,2856
25,5,0,first,18,120000,minus,14,24428
25,5,0,first,18,120000,plus,14,7681
25,5,0,first,18,120000,minus,15,23039
25,5,0,first,18,120000,plus,15,16468
25,5,0,first,18,120000,minus,16,15191
25,5,0,first,18,120000,plus,16,25103
25,5,0,first,18,120000,minus,17,6449
25,5,0,first,18,120000,plus,17,27374
25,5,0,first,18,120000,minus,18,1626
25,5,0,first,18,120000,plus,18,21237
25,5,0,first,18,120000,minus,19,139
25,5,0,first,18,120000,plus,19,12204
25,5,0,first,18,120000,plus,20,4980
25,5,0,first,18,120000,plus,21,1164
25,4,3,second,18,120000,minus,7,59
25,4,3,second,18,120000,minus,8,365
25,4,3,second,18,120000,minus,9,1350
25,4,3,second,18,120000,minus,10,3626
25,4,3,second,18,120000,plus,10,6
25,4,3,second,18,120000,minus,11,7829
25,4,3,second,18,120000,plus,11,114
25,4,3,second,18,120000,minus,12,13758
25,4,3,second,18,120000,plus,12,761
25,4,3,second,18,120000,minus,13,20944
25,4,3,second,18,120000,plus,13,2870
25,4,3,second,18,120000,minus,14,25177
25,4,3,second,18,120000,plus,14,8184
25,4,3,second,18,120000,minus,15,23167
25,4,3,second,18,120000,plus,15,16637
25,4,3,second,18,120000,minus,16,15274
25,4,3,second,18,120000,plus,16,24631
25,4,3,second,18,120000,minus,17,6615
25,4,3,second,18,120000,plus,17,26222
25,4,3,second,18,120000,minus,18,1638
25,4,3,second,18,120000,plus,18,20252
25,4,3,second,18,120000,minus,19,198
25,4,3,second,18,120000,plus,19,11976
25,4,3,second,18,120000,plus,20,5708
25,4,3,second,18,120000,plus,21,2157
25,4,3,second,18,120000,plus,22,482
25,5,0,first,19,120000,minus,5,27
25,5,0,first,19,120000,minus,6,98
25,5,0,first,19,120000,minus,7,363
25,5,0,first,19,120000,minus,8,913
25,5,0,first,19,120000,minus,9,2105
25,5,0,first,19,120000,plus,9,1
25,5,0,first,19,120000,minus,10,4388
25,5,0,first,19,120000,plus,10,15
25,5,0,first,19,120000,minus,11,7861
25,5,0,first,19,120000,plus,11,154
25,5,0,first,19,120000,minus,12,13537
25,5,0,first,19,120000,plus,12,776
25,5,0,first,19,120000,minus,13,19638
25,5,0,first,19,120000,plus,13,2834
25,5,0,first,19,120000,minus,14,24619
25,5,0,first,19,120000,plus,14,7802
25,5,0,first,19,120000,minus,15,22933
25,5,0,first,19,120000,plus,15,16518
25,5,0,first,19,120000,minus,16,15261
25,5,0,first,19,120000,plus,16,25236
25,5,0,first,19,120000,minus,17,6510
25,5,0,first,19,120000,plus,17,27143
25,5,0,first,19,120000,minus,18,1610
25,5,0,first,19,120000,plus,18,21433
25,5,0,first,19,120000,minus,19,137
25,5,0,first,19,120000,plus,19,12028
25,5,0,first,19,120000,plus,20,4899
25,5,0,first,19,120000,plus,21,1161
25,4,3,second,19,120000,minus,7,61
25,4,3,second,19,120000,minus,8,400
25,4,3,second,19,120000,minus,9,1424
25,4,3,second,19,120000,minus,10,3575
25,4,3,second,19,120000,plus,10,5
25,4,3,second,19,120000,minus,11,7651
25,4,3,second,19,120000,plus,11,100
25,4,3,second,19,120000,minus,12,13984
25,4,3,second,19,120000,plus,12,719
25,4,3,second,19,120000,minus,13,21018
25,4,3,second,19,120000,plus,13,2779
25,4,3,second,19,120000,minus,14,25522
25,4,3,second,19,120000,plus,14,8064
25,4,3,second,19,120000,minus,15,22896
25,4,3,second,19,120000,plus,15,16738
25,4,3,second,19,120000,minus,16,15232
25,4,3,second,19,120000,plus,16,24737
25,4,3,second,19,120000,minus,17,6386
25,4,3,second,19,120000,plus,17,26385
25,4,3,second,19,120000,minus,18,1647
25,4,3,second,19,120000,plus,18,20160
25,4,3,second,19,120000,minus,19,204
25,4,3,second,19,120000,plus,19,11999
25,4,3,second,19,120000,plus,20,5793
25,4,3,second,19,120000,plus,21,2050
25,4,3,second,19,120000,plus,22,471
25,5,0,first,20,120000,minus,5,20
25,5,0,first,20,120000,minus,6,112
25,5,0,first,20,120000,minus,7,367
25,5,0,first,20,120000,minus,8,902
25,5,0,first,20,120000,minus,9,2126
25,5,0,first,20,120000,plus,9,8
25,5,0,first,20,120000,minus,10,4259
25,5,0,first,20,120000,plus,10,17
25,5,0,first,20,120000,minus,11,8011
25,5,0,first,20,120000,plus,11,148
25,5,0,first,20,120000,minus,12,13433
25,5,0,first,20,120000,plus,12,808
25,5,0,first,20,120000,minus,13,20176
25,5,0,first,20,120000,plus,13,2842
25,5,0,first,20,120000,minus,14,24258
25,5,0,first,20,120000,plus,14,7963
25,5,0,first,20,120000,minus,15,22806
25,5,0,first,20,120000,plus,15,16465
25,5,0,first,20,120000,minus,16,15113
25,5,0,first,20,120000,plus,16,24988
25,5,0,first,20,120000,minus,17,6649
25,5,0,first,20,120000,plus,17,27117
25,5,0,first,20,120000,minus,18,1633
25,5,0,first,20,120000,plus,18,21305
25,5,0,first,20,120000,minus,19,135
25,5,0,first,20,120000,plus,19,12302
25,5,0,first,20,120000,plus,20,4885
25,5,0,first,20,120000,plus,21,1152
25,4,3,second,20,120000,minus,7,54
25,4,3,second,20,120000,minus,8,361
25,4,3,second,20,120000,minus,9,1426
25,4,3,second,20,120000,minus,10,3581
25,4,3,second,20,120000,plus,10,7
25,4,3,second,20,120000,minus,11,7471
25,4,3,second,20,120000,plus,11,92
25,4,3,second,20,120000,minus,12,13844
25,4,3,second,20,120000,plus,12,716
25,4,3,second,20,120000,minus,13,20779
25,4,3,second,20,120000,plus,13,2813
25,4,3,second,20,120000,minus,14,25404
25,4,3,second,20,120000,plus,14,8115
25,4,3,second,20,120000,minus,15,23436
25,4,3,second,20,120000,plus,15,16627
25,4,3,second,20,120000,minus,16,15298
25,4,3,second,20,120000,plus,16,24301
25,4,3,second,20,120000,minus,17,6511
25,4,3,second,20,120000,plus,17,26236
25,4,3,second,20,120000,minus,18,1665
25,4,3,second,20,120000,plus,18,20515
25,4,3,second,20,120000,minus,19,170
25,4,3,second,20,120000,plus,19,12097
25,4,3,second,20,120000,plus,20,5840
25,4,3,second,20,120000,plus,21,2154
25,4,3,second,20,120000,plus,22,487
25,5,0,first,21,120000,minus,5,21
25,5,0,first,21,120000,minus,6,113
25,5,0,first,21,120000,minus,7,369
25,5,0,first,21,120000,minus,8,929
25,5,0,first,21,120000,minus,9,2132
25,5,0,first,21,120000,minus,10,4250
25,5,0,first,21,120000,plus,10,14
25,5,0,first,21,120000,minus,11,7962
25,5,0,first,21,120000,plus,11,147
25,5,0,first,21,120000,minus,12,13624
25,5,0,first,21,120000,plus,12,781
25,5,0,first,21,120000,minus,13,20125
25,5,0,first,21,120000,plus,13,2898
25,5,0,first,21,120000,minus,14,24235
25,5,0,first,21,120000,plus,14,8027
25,5,0,first,21,120000,minus,15,22863
25,5,0,first,21,120000,plus,15,16683
25,5,0,first,21,120000,minus,16,15015
25,5,0,first,21,120000,plus,16,24920
25,5,0,first,21,120000,minus,17,6549
25,5,0,first,21,120000,plus,17,27145
25,5,0,first,21,120000,minus,18,1650
25,5,0,first,21,120000,plus,18,21117
25,5,0,first,21,120000,minus,19,163
25,5,0,first,21,120000,plus,19,12207
25,5,0,first,21,120000,plus,20,4873
25,5,0,first,21,120000,plus,21,1188
25,4,3,second,21,120000,minus,7,56
25,4,3,second,21,120000,minus,8,386
25,4,3,second,21,120000,minus,9,1417
25,4,3,second,21,120000,minus,10,3578
25,4,3,second,21,120000,plus,10,9
25,4,3,second,21,120000,minus,11,7703
25,4,3,second,21,120000,plus,11,111
25,4,3,second,21,120000,minus,12,13939
25,4,3,second,21,120000,plus,12,711
25,4,3,second,21,120000,minus,13,21309
25,4,3,second,21,120000,plus,13,2812
25,4,3,second,21,120000,minus,14,25053
25,4,3,second,21,120000,plus,14,8212
25,4,3,second,21,120000,minus,15,23187
25,4,3,second,21,120000,plus,15,16821
25,4,3,second,21,120000,minus,16,15168
25,4,3,second,21,120000,plus,16,24571
25,4,3,second,21,120000,minus,17,6410
25,4,3,second,21,120000,plus,17,25790
25,4,3,second,21,120000,minus,18,1605
25,4,3,second,21,120000,plus,18,20461
25,4,3,second,21,120000,minus,19,189
25,4,3,second,21,120000,plus,19,12193
25,4,3,second,21,120000,plus,20,5716
25,4,3,second,21,120000,plus,21,2141
25,4,3,second,21,120000,plus,22,452
25,5,0,first,22,120000,minus,5,18
25,5,0,first,22,120000,minus,6,130
25,5,0,first,22,120000,minus,7,395
25,5,0,first,22,120000,minus,8,981
25,5,0,first,22,120000,minus,9,2034
25,5,0,first,22,120000,plus,9,3
25,5,0,first,22,120000,minus,10,4317
25,5,0,first,22,120000,plus,10,22
25,5,0,first,22,120000,minus,11,7879
25,5,0,first,22,120000,plus,11,144
25,5,0,first,22,120000,minus,12,13647
25,5,0,first,22,120000,plus,12,706
25,5,0,first,22,120000,minus,13,19867
25,5,0,first,22,120000,plus,13,2901
25,5,0,first,22,120000,minus,14,24248
25,5,0,first,22,120000,plus,14,7915
25,5,0,first,22,120000,minus,15,22833
25,5,0,first,22,120000,plus,15,16631
25,5,0,first,22,120000,minus,16,15286
25,5,0,first,22,120000,plus,16,25027
25,5,0,first,22,120000,minus,17,6622
25,5,0,first,22,120000,plus,17,27292
25,5,0,first,22,120000,minus,18,1606
25,5,0,first,22,120000,plus,18,21109
25,5,0,first,22,120000,minus,19,137
25,5,0,first,22,120000,plus,19,12168
25,5,0,first,22,120000,plus,20,4907
25,5,0,first,22,120000,plus,21,1175
25,4,3,second,22,120000,minus,7,70
25,4,3,second,22,120000,minus,8,356
25,4,3,second,22,120000,minus,9,1385
25,4,3,second,22,120000,minus,10,3439
25,4,3,second,22,120000,plus,10,10
25,4,3,second,22,120000,minus,11,7752
25,4,3,second,22,120000,plus,11,97
25,4,3,second,22,120000,minus,12,13835
25,4,3,second,22,120000,plus,12,725
25,4,3,second,22,120000,minus,13,20869
25,4,3,second,22,120000,plus,13,2893
25,4,3,second,22,120000,minus,14,25202
25,4,3,second,22,120000,plus,14,8055
25,4,3,second,22,120000,minus,15,23383
25,4,3,second,22,120000,plus,15,16509
25,4,3,second,22,120000,minus,16,15394
25,4,3,second,22,120000,plus,16,24671
25,4,3,second,22,120000,minus,17,6496
25,4,3,second,22,120000,plus,17,26263
25,4,3,second,22,120000,minus,18,1601
25,4,3,second,22,120000,plus,18,20544
25,4,3,second,22,120000,minus,19,218
25,4,3,second,22,120000,plus,19,11949
25,4,3,second,22,120000,plus,20,5681
25,4,3,second,22,120000,plus,21,2187
25,4,3,second,22,120000,plus,22,416
25,5,0,first,23,120000,minus,5,15
25,5,0,first,23,120000,minus,6,105
25,5,0,first,23,120000,minus,7,368
25,5,0,first,23,120000,minus,8,956
25,5,0,first,23,120000,minus,9,2024
25,5,0,first,23,120000,plus,9,1
25,5,0,first,23,120000,minus,10,4259
25,5,0,first,23,120000,plus,10,21
25,5,0,first,23,120000,minus,11,7937
25,5,0,first,23,120000,plus,11,145
25,5,0,first,23,120000,minus,12,13373
25,5,0,first,23,120000,plus,12,788
25,5,0,first,23,120000,minus,13,20211
25,5,0,first,23,120000,plus,13,2755
25,5,0,first,23,120000,minus,14,24156
25,5,0,first,23,120000,plus,14,7977
25,5,0,first,23,120000,minus,15,22956
25,5,0,first,23,120000,plus,15,16578
25,5,0,first,23,120000,minus,16,15369
25,5,0,first,23,120000,plus,16,25257
25,5,0,first,23,120000,minus,17,6534
25,5,0,first,23,120000,plus,17,27147
25,5,0,first,23,120000,minus,18,1586
25,5,0,first,23,120000,plus,18,20992
25,5,0,first,23,120000,minus,19,151
25,5,0,first,23,120000,plus,19,12200
25,5,0,first,23,120000,plus,20,4966
25,5,0,first,23,120000,plus,21,1173
25,4,3,second,23,120000,minus,7,52
25,4,3,second,23,120000,minus,8,382
25,4,3,second,23,120000,minus,9,1379
25,4,3,second,23,120000,minus,10,3537
25,4,3,second,23,120000,plus,10,10
25,4,3,second,23,120000,minus,11,7609
25,4,3,second,23,120000,plus,11,114
25,4,3,second,23,120000,minus,12,13978
25,4,3,second,23,120000,plus,12,734
25,4,3,second,23,120000,minus,13,20876
25,4,3,second,23,120000,plus,13,2875
25,4,3,second,23,120000,minus,14,25382
25,4,3,second,23,120000,plus,14,8120
25,4,3,second,23,120000,minus,15,23271
25,4,3,second,23,120000,plus,15,16731
25,4,3,second,23,120000,minus,16,15100
25,4,3,second,23,120000,plus,16,24611
25,4,3,second,23,120000,minus,17,6609
25,4,3,second,23,120000,plus,17,26014
25,4,3,second,23,120000,minus,18,1617
25,4,3,second,23,120000,plus,18,20410
25,4,3,second,23,120000,minus,19,208
25,4,3,second,23,120000,plus,19,12032
25,4,3,second,23,120000,plus,20,5732
25,4,3,second,23,120000,plus,21,2135
25,4,3,second,23,120000,plus,22,482
25,5,0,first,24,120000,minus,5,23
25,5,0,first,24,120000,minus,6,109
25,5,0,first,24,120000,minus,7,385
25,5,0,first,24,120000,minus,8,929
25,5,0,first,24,120000,minus,9,2086
25,5,0,first,24,120000,plus,9,1
25,5,0,first,24,120000,minus,10,4287
25,5,0,first,24,120000,plus,10,24
25,5,0,first,24,120000,minus,11,8068
25,5,0,first,24,120000,plus,11,162
25,5,0,first,24,120000,minus,12,13428
25,5,0,first,24,120000,plus,12,741
25,5,0,first,24,120000,minus,13,20097
25,5,0,first,24,120000,plus,13,2838
25,5,0,first,24,120000,minus,14,24223
25,5,0,first,24,120000,plus,14,7885
25,5,0,first,24,120000,minus,15,22891
25,5,0,first,24,120000,plus,15,16815
25,5,0,first,24,120000,minus,16,15196
25,5,0,first,24,120000,plus,16,25051
25,5,0,first,24,120000,minus,17,6534
25,5,0,first,24,120000,plus,17,26908
25,5,0,first,24,120000,minus,18,1601
25,5,0,first,24,120000,plus,18,21310
25,5,0,first,24,120000,minus,19,143
25,5,0,first,24,120000,plus,19,12174
25,5,0,first,24,120000,plus,20,4878
25,5,0,first,24,120000,plus,21,1213
25,4,3,second,24,120000,minus,7,55
25,4,3,second,24,120000,minus,8,360
25,4,3,second,24,120000,minus,9,1364
25,4,3,second,24,120000,minus,10,3671
25,4,3,second,24,120000,plus,10,4
25,4,3,second,24,120000,minus,11,7749
25,4,3,second,24,120000,plus,11,106
25,4,3,second,24,120000,minus,12,13766
25,4,3,second,24,120000,plus,12,763
25,4,3,second,24,120000,minus,13,20877
25,4,3,second,24,120000,plus,13,2865
25,4,3,second,24,120000,minus,14,25520
25,4,3,second,24,120000,plus,14,8186
25,4,3,second,24,120000,minus,15,23239
25,4,3,second,24,120000,plus,15,16720
25,4,3,second,24,120000,minus,16,15046
25,4,3,second,24,120000,plus,16,24537
25,4,3,second,24,120000,minus,17,6502
25,4,3,second,24,120000,plus,17,26044
25,4,3,second,24,120000,minus,18,1633
25,4,3,second,24,120000,plus,18,20303
25,4,3,second,24,120000,minus,19,218
25,4,3,second,24,120000,plus,19,12127
25,4,3,second,24,120000,plus,20,5789
25,4,3,second,24,120000,plus,21,2110
25,4,3,second,24,120000,plus,22,446
25,5,0,first,25,120000,minus,5,26
25,5,0,first,25,120000,minus,6,135
25,5,0,first,25,120000,minus,7,342
25,5,0,first,25,120000,minus,8,901
25,5,0,first,25,120000,minus,9,2195
25,5,0,first,25,120000,plus,9,2
25,5,0,first,25,120000,minus,10,4305
25,5,0,first,25,120000,plus,10,23
25,5,0,first,25,120000,minus,11,7998
25,5,0,first,25,120000,plus,11,148
25,5,0,first,25,120000,minus,12,13292
25,5,0,first,25,120000,plus,12,800
25,5,0,first,25,120000,minus,13,19982
25,5,0,first,25,120000,plus,13,2835
25,5,0,first,25,120000,minus,14,24225
25,5,0,first,25,120000,plus,14,7748
25,5,0,first,25,120000,minus,15,23174
25,5,0,first,25,120000,plus,15,16404
25,5,0,first,25,120000,minus,16,15120
25,5,0,first,25,120000,plus,16,25277
25,5,0,first,25,120000,minus,17,6491
25,5,0,first,25,120000,plus,17,27271
25,5,0,first,25,120000,minus,18,1671
25,5,0,first,25,120000,plus,18,21231
25,5,0,first,25,120000,minus,19,143
25,5,0,first,25,120000,plus,19,12126
25,5,0,first,25,120000,plus,20,4976
25,5,0,first,25,120000,plus,21,1159
25,4,3,second,25,120000,minus,7,74
25,4,3,second,25,120000,minus,8,396
25,4,3,second,25,120000,minus,9,1409
25,4,3,second,25,120000,minus,10,3664
25,4,3,second,25,120000,plus,10,9
25,4,3,second,25,120000,minus,11,7730
25,4,3,second,25,120000,plus,11,119
25,4,3,second,25,120000,minus,12,13886
25,4,3,second,25,120000,plus,12,696
25,4,3,second,25,120000,minus,13,21076
25,4,3,second,25,120000,plus,13,2936
25,4,3,second,25,120000,minus,14,24982
25,4,3,second,25,120000,plus,14,8102
25,4,3,second,25,120000,minus,15,23107
25,4,3,second,25,120000,plus,15,16654
25,4,3,second,25,120000,minus,16,15215
25,4,3,second,25,120000,plus,16,24625
25,4,3,second,25,120000,minus,17,6582
25,4,3,second,25,120000,plus,17,25949
25,4,3,second,25,120000,minus,18,1666
25,4,3,second,25,120000,plus,18,20562
25,4,3,second,25,120000,minus,19,213
25,4,3,second,25,120000,plus,19,12010
25,4,3,second,25,120000,plus,20,5651
25,4,3,second,25,120000,plus,21,2160
25,4,3,second,25,120000,plus,22,527
25,5,0,first,26,120000,minus,5,22
25,5,0,first,26,120000,minus,6,111
25,5,0,first,26,120000,minus,7,364
25,5,0,first,26,120000,minus,8,1005
25,5,0,first,26,120000,minus,9,2017
25,5,0,first,26,120000,minus,10,4328
25,5,0,first,26,120000,plus,10,15
25,5,0,first,26,120000,minus,11,8051
25,5,0,first,26,120000,plus,11,158
25,5,0,first,26,120000,minus,12,13480
25,5,0,first,26,120000,plus,12,737
25,5,0,first,26,120000,minus,13,19777
25,5,0,first,26,120000,plus,13,2846
25,5,0,first,26,120000,minus,14,24535
25,5,0,first,26,120000,plus,14,7710
25,5,0,first,26,120000,minus,15,22765
25,5,0,first,26,120000,plus,15,16431
25,5,0,first,26,120000,minus,16,15231
25,5,0,first,26,120000,plus,16,25227
25,5,0,first,26,120000,minus,17,6582
25,5,0,first,26,120000,plus,17,27321
25,5,0,first,26,120000,minus,18,1593
25,5,0,first,26,120000,plus,18,20993
25,5,0,first,26,120000,minus,19,139
25,5,0,first,26,120000,plus,19,12458
25,5,0,first,26,120000,plus,20,4943
25,5,0,first,26,120000,plus,21,1161
25,4,3,second,26,120000,minus,7,54
25,4,3,second,26,120000,minus,8,377
25,4,3,second,26,120000,minus,9,1420
25,4,3,second,26,120000,minus,10,3695
25,4,3,second,26,120000,plus,10,10
25,4,3,second,26,120000,minus,11,7765
25,4,3,second,26,120000,plus,11,122
25,4,3,second,26,120000,minus,12,13992
25,4,3,second,26,120000,plus,12,761
25,4,3,second,26,120000,minus,13,20734
25,4,3,second,26,120000,plus,13,2790
25,4,3,second,26,120000,minus,14,25302
25,4,3,second,26,120000,plus,14,7993
25,4,3,second,26,120000,minus,15,23330
25,4,3,second,26,120000,plus,15,16593
25,4,3,second,26,120000,minus,16,15019
25,4,3,second,26,120000,plus,16,24615
25,4,3,second,26,120000,minus,17,6523
25,4,3,second,26,120000,plus,17,26412
25,4,3,second,26,120000,minus,18,1606
25,4,3,second,26,120000,plus,18,20346
25,4,3,second,26,120000,minus,19,183
25,4,3,second,26,120000,plus,19,12005
25,4,3,second,26,120000,plus,20,5734
25,4,3,second,26,120000,plus,21,2127
25,4,3,second,26,120000,plus,22,492
25,5,0,first,27,120000,minus,5,20
25,5,0,first,27,120000,minus,6,137
25,5,0,first,27,120000,minus,7,342
25,5,0,first,27,120000,minus,8,910
25,5,0,first,27,120000,minus,9,2136
25,5,0,first,27,120000,plus,9,3
25,5,0,first,27,120000,minus,10,4237
25,5,0,first,27,120000,plus,10,19
25,5,0,first,27,120000,minus,11,7972
25,5,0,first,27,120000,plus,11,149
25,5,0,first,27,120000,minus,12,13530
25,5,0,first,27,120000,plus,12,771
25,5,0,first,27,120000,minus,13,19845
25,5,0,first,27,120000,plus,13,2830
25,5,0,first,27,120000,minus,14,24460
25,5,0,first,27,120000,plus,14,7964
25,5,0,first,27,120000,minus,15,22962
25,5,0,first,27,120000,plus,15,16697
25,5,0,first,27,120000,minus,16,15264
25,5,0,first,27,120000,plus,16,24822
25,5,0,first,27,120000,minus,17,6433
25,5,0,first,27,120000,plus,17,27159
25,5,0,first,27,120000,minus,18,1619
25,5,0,first,27,120000,plus,18,21384
25,5,0,first,27,120000,minus,19,133
25,5,0,first,27,120000,plus,19,12019
25,5,0,first,27,120000,plus,20,5063
25,5,0,first,27,120000,plus,21,1120
25,4,3,second,27,120000,minus,7,58
25,4,3,second,27,120000,minus,8,408
25,4,3,second,27,120000,minus,9,1374
25,4,3,second,27,120000,minus,10,3601
25,4,3,second,27,120000,plus,10,5
25,4,3,second,27,120000,minus,11,7675
25,4,3,second,27,120000,plus,11,98
25,4,3,second,27,120000,minus,12,14071
25,4,3,second,27,120000,plus,12,757
25,4,3,second,27,120000,minus,13,20740
25,4,3,second,27,120000,plus,13,2847
25,4,3,second,27,120000,minus,14,25119
25,4,3,second,27,120000,plus,14,8114
25,4,3,second,27,120000,minus,15,23280
25,4,3,second,27,120000,plus,15,16306
25,4,3,second,27,120000,minus,16,15239
25,4,3,second,27,120000,plus,16,24587
25,4,3,second,27,120000,minus,17,6588
25,4,3,second,27,120000,plus,17,26375
25,4,3,second,27,120000,minus,18,1666
25,4,3,second,27,120000,plus,18,20495
25,4,3,second,27,120000,minus,19,181
25,4,3,second,27,120000,plus,19,11857
25,4,3,second,27,120000,plus,20,5890
25,4,3,second,27,120000,plus,21,2188
25,4,3,second,27,120000,plus,22,481
25,5,0,first,28,120000,minus,5,20
25,5,0,first,28,120000,minus,6,109
25,5,0,first,28,120000,minus,7,381
25,5,0,first,28,120000,minus,8,923
25,5,0,first,28,120000,minus,9,2088
25,5,0,first,28,120000,plus,9,1
25,5,0,first,28,120000,minus,10,4300
25,5,0,first,28,120000,plus,10,16
25,5,0,first,28,120000,minus,11,7962
25,5,0,first,28,120000,plus,11,153
25,5,0,first,28,120000,minus,12,13579
25,5,0,first,28,120000,plus,12,780
25,5,0,first,28,120000,minus,13,19852
25,5,0,first,28,120000,plus,13,2866
25,5,0,first,28,120000,minus,14,24534
25,5,0,first,28,120000,plus,14,7818
25,5,0,first,28,120000,minus,15,22863
25,5,0,first,28,120000,plus,15,16690
25,5,0,first,28,120000,minus,16,15191
25,5,0,first,28,120000,plus,16,25273
25,5,0,first,28,120000,minus,17,6489
25,5,0,first,28,120000,plus,17,27241
25,5,0,first,28,120000,minus,18,1567
25,5,0,first,28,120000,plus,18,21113
25,5,0,first,28,120000,minus,19,142
25,5,0,first,28,120000,plus,19,12119
25,5,0,first,28,120000,plus,20,4734
25,5,0,first,28,120000,plus,21,1196
25,4,3,second,28,120000,minus,7,63
25,4,3,second,28,120000,minus,8,354
25,4,3,second,28,120000,minus,9,1476
25,4,3,second,28,120000,minus,10,3594
25,4,3,second,28,120000,plus,10,7
25,4,3,second,28,120000,minus,11,7775
25,4,3,second,28,120000,plus,11,119
25,4,3,second,28,120000,minus,12,14027
25,4,3,second,28,120000,plus,12,768
25,4,3,second,28,120000,minus,13,20806
25,4,3,second,28,120000,plus,13,2905
25,4,3,second,28,120000,minus,14,25272
25,4,3,second,28,120000,plus,14,8134
25,4,3,second,28,120000,minus,15,23268
25,4,3,second,28,120000,plus,15,16785
25,4,3,second,28,120000,minus,16,15149
25,4,3,second,28,120000,plus,16,24558
25,4,3,second,28,120000,minus,17,6464
25,4,3,second,28,120000,plus,17,26007
25,4,3,second,28,120000,minus,18,1537
25,4,3,second,28,120000,plus,18,20341
25,4,3,second,28,120000,minus,19,215
25,4,3,second,28,120000,plus,19,12040
25,4,3,second,28,120000,plus,20,5762
25,4,3,second,28,120000,plus,21,2077
25,4,3,second,28,120000,plus,22,497
25,5,0,first,29,120000,minus,5,22
25,5,0,first,29,120000,minus,6,101
25,5,0,first,29,120000,minus,7,347
25,5,0,first,29,120000,minus,8,874
25,5,0,first,29,120000,minus,9,2126
25,5,0,first,29,120000,plus,9,1
25,5,0,first,29,120000,minus,10,4341
25,5,0,first,29,120000,plus,10,18
25,5,0,first,29,120000,minus,11,8014
25,5,0,first,29,120000,plus,11,128
25,5,0,first,29,120000,minus,12,13371
25,5,0,first,29,120000,plus,12,742
25,5,0,first,29,120000,minus,13,19938
25,5,0,first,29,120000,plus,13,2862
25,5,0,first,29,120000,minus,14,24520
25,5,0,first,29,120000,plus,14,7954
25,5,0,first,29,120000,minus,15,22895
25,5,0,first,29,120000,plus,15,16486
25,5,0,first,29,120000,minus,16,15134
25,5,0,first,29,120000,plus,16,25112
25,5,0,first,29,120000,minus,17,6644
25,5,0,first,29,120000,plus,17,27171
25,5,0,first,29,120000,minus,18,1548
25,5,0,first,29,120000,plus,18,21173
25,5,0,first,29,120000,minus,19,125
25,5,0,first,29,120000,plus,19,12310
25,5,0,first,29,120000,plus,20,4994
25,5,0,first,29,120000,plus,21,1049
25,4,3,second,29,120000,minus,7,56
25,4,3,second,29,120000,minus,8,381
25,4,3,second,29,120000,minus,9,1360
25,4,3,second,29,120000,minus,10,3641
25,4,3,second,29,120000,plus,10,10
25,4,3,second,29,120000,minus,11,7642
25,4,3,second,29,120000,plus,11,111
25,4,3,second,29,120000,minus,12,13772
25,4,3,second,29,120000,plus,12,699
25,4,3,second,29,120000,minus,13,21165
25,4,3,second,29,120000,plus,13,2813
25,4,3,second,29,120000,minus,14,25231
25,4,3,second,29,120000,plus,14,8083
25,4,3,second,29,120000,minus,15,23238
25,4,3,second,29,120000,plus,15,16712
25,4,3,second,29,120000,minus,16,15176
25,4,3,second,29,120000,plus,16,24703
25,4,3,second,29,120000,minus,17,6469
25,4,3,second,29,120000,plus,17,26148
25,4,3,second,29,120000,minus,18,1637
25,4,3,second,29,120000,plus,18,20527
25,4,3,second,29,120000,minus,19,232
25,4,3,second,29,120000,plus,19,11941
25,4,3,second,29,120000,plus,20,5614
25,4,3,second,29,120000,plus,21,2156
25,4,3,second,29,120000,plus,22,483
25,5,0,first,30,120000,minus,5,18
25,5,0,first,30,120000,minus,6,118
25,5,0,first,30,120000,minus,7,344
25,5,0,first,30,120000,minus,8,913
25,5,0,first,30,120000,minus,9,2093
25,5,0,first,30,120000,plus,9,1
25,5,0,first,30,120000,minus,10,4345
25,5,0,first,30,120000,plus,10,25
25,5,0,first,30,120000,minus,11,7891
25,5,0,first,30,120000,plus,11,153
25,5,0,first,30,120000,minus,12,13405
25,5,0,first,30,120000,plus,12,763
25,5,0,first,30,120000,minus,13,19876
25,5,0,first,30,120000,plus,13,2819
25,5,0,first,30,120000,minus,14,24365
25,5,0,first,30,120000,plus,14,7930
25,5,0,first,30,120000,minus,15,22771
25,5,0,first,30,120000,plus,15,16549
25,5,0,first,30,120000,minus,16,15435
25,5,0,first,30,120000,plus,16,24753
25,5,0,first,30,120000,minus,17,6623
25,5,0,first,30,120000,plus,17,27288
25,5,0,first,30,120000,minus,18,1656
25,5,0,first,30,120000,plus,18,21407
25,5,0,first,30,120000,minus,19,147
25,5,0,first,30,120000,plus,19,12364
25,5,0,first,30,120000,plus,20,4772
25,5,0,first,30,120000,plus,21,1176
25,4,3,second,30,120000,minus,7,43
25,4,3,second,30,120000,minus,8,382
25,4,3,second,30,120000,minus,9,1293
25,4,3,second,30,120000,minus,10,3532
25,4,3,second,30,120000,plus,10,7
25,4,3,second,30,120000,minus,11,7773
25,4,3,second,30,120000,plus,11,113
25,4,3,second,30,120000,minus,12,13667
25,4,3,second,30,120000,plus,12,709
25,4,3,second,30,120000,minus,13,20881
25,4,3,second,30,120000,plus,13,2789
25,4,3,second,30,120000,minus,14,25363
25,4,3,second,30,120000,plus,14,8076
25,4,3,second,30,120000,minus,15,23440
25,4,3,second,30,120000,plus,15,16795
25,4,3,second,30,120000,minus,16,15315
25,4,3,second,30,120000,plus,16,24745
25,4,3,second,30,120000,minus,17,6448
25,4,3,second,30,120000,plus,17,26072
25,4,3,second,30,120000,minus,18,1643
25,4,3,second,30,120000,plus,18,20453
25,4,3,second,30,120000,minus,19,220
25,4,3,second,30,120000,plus,19,11832
25,4,3,second,30,120000,plus,20,5786
25,4,3,second,30,120000,plus,21,2108
25,4,3,second,30,120000,plus,22,515
25,5,0,first,31,120000,minus,5,27
25,5,0,first,31,120000,minus,6,128
25,5,0,first,31,120000,minus,7,349
25,5,0,first,31,120000,minus,8,902
25,5,0,first,31,120000,minus,9,2130
25,5,0,first,31,120000,plus,9,2
25,5,0,first,31,120000,minus,10,4303
25,5,0,first,31,120000,plus,10,21
25,5,0,first,31,120000,minus,11,7953
25,5,0,first,31,120000,plus,11,153
25,5,0,first,31,120000,minus,12,13351
25,5,0,first,31,120000,plus,12,737
25,5,0,first,31,120000,minus,13,19950
25,5,0,first,31,120000,plus,13,2827
25,5,0,first,31,120000,minus,14,24601
25,5,0,first,31,120000,plus,14,8034
25,5,0,first,31,120000,minus,15,22695
25,5,0,first,31,120000,plus,15,16724
25,5,0,first,31,120000,minus,16,15204
25,5,0,first,31,120000,plus,16,24930
25,5,0,first,31,120000,minus,17,6672
25,5,0,first,31,120000,plus,17,27249
25,5,0,first,31,120000,minus,18,1613
25,5,0,first,31,120000,plus,18,21097
25,5,0,first,31,120000,minus,19,122
25,5,0,first,31,120000,plus,19,12128
25,5,0,first,31,120000,plus,20,4938
25,5,0,first,31,120000,plus,21,1160
25,4,3,second,31,120000,minus,7,57
25,4,3,second,31,120000,minus,8,380
25,4,3,second,31,120000,minus,9,1359
25,4,3,second,31,120000,minus,10,3638
25,4,3,second,31,120000,plus,10,4
25,4,3,second,31,120000,minus,11,7762
25,4,3,second,31,120000,plus,11,112
25,4,3,second,31,120000,minus,12,13884
25,4,3,second,31,120000,plus,12,717
25,4,3,second,31,120000,minus,13,20945
25,4,3,second,31,120000,plus,13,2822
25,4,3,second,31,120000,minus,14,25302
25,4,3,second,31,120000,plus,14,8053
25,4,3,second,31,120000,minus,15,23473
25,4,3,second,31,120000,plus,15,16770
25,4,3,second,31,120000,minus,16,14867
25,4,3,second,31,120000,plus,16,24521
25,4,3,second,31,120000,minus,17,6479
25,4,3,second,31,120000,plus,17,26377
25,4,3,second,31,120000,minus,18,1646
25,4,3,second,31,120000,plus,18,20159
25,4,3,second,31,120000,minus,19,208
25,4,3,second,31,120000,plus,19,12142
25,4,3,second,31,120000,plus,20,5717
25,4,3,second,31,120000,plus,21,2135
25,4,3,second,31,120000,plus,22,471
25,5,0,first,32,120000,minus,5,21
25,5,0,first,32,120000,minus,6,114
25,5,0,first,32,120000,minus,7,350
25,5,0,first,32,120000,minus,8,940
25,5,0,first,32,120000,minus,9,2091
25,5,0,first,32,120000,plus,9,2
25,5,0,first,32,120000,minus,10,4366
25,5,0,first,32,120000,plus,10,20
25,5,0,first,32,120000,minus,11,7949
25,5,0,first,32,120000,plus,11,151
25,5,0,first,32,120000,minus,12,13553
25,5,0,first,32,120000,plus,12,756
25,5,0,first,32,120000,minus,13,20195
25,5,0,first,32,120000,plus,13,2784
25,5,0,first,32,120000,minus,14,24262
25,5,0,first,32,120000,plus,14,7973
25,5,0,first,32,120000,minus,15,22820
25,5,0,first,32,120000,plus,15,16592
25,5,0,first,32,120000,minus,16,15036
25,5,0,first,32,120000,plus,16,25083
25,5,0,first,32,120000,minus,17,6532
25,5,0,first,32,120000,plus,17,27149
25,5,0,first,32,120000,minus,18,1627
25,5,0,first,32,120000,plus,18,21146
25,5,0,first,32,120000,minus,19,144
25,5,0,first,32,120000,plus,19,12106
25,5,0,first,32,120000,plus,20,5065
25,5,0,first,32,120000,plus,21,1173
25,4,3,second,32,120000,minus,7,56
25,4,3,second,32,120000,minus,8,406
25,4,3,second,32,120000,minus,9,1375
25,4,3,second,32,120000,minus,10,3610
25,4,3,second,32,120000,plus,10,7
25,4,3,second,32,120000,minus,11,7808
25,4,3,second,32,120000,plus,11,108
25,4,3,second,32,120000,minus,12,13845
25,4,3,second,32,120000,plus,12,687
25,4,3,second,32,120000,minus,13,20833
25,4,3,second,32,120000,plus,13,2874
25,4,3,second,32,120000,minus,14,25331
25,4,3,second,32,120000,plus,14,8084
25,4,3,second,32,120000,minus,15,23242
25,4,3,second,32,120000,plus,15,16716
25,4,3,second,32,120000,minus,16,15226
25,4,3,second,32,120000,plus,16,24664
25,4,3,second,32,120000,minus,17,6439
25,4,3,second,32,120000,plus,17,26188
25,4,3,second,32,120000,minus,18,1628
25,4,3,second,32,120000,plus,18,20303
25,4,3,second,32,120000,minus,19,201
25,4,3,second,32,120000,plus,19,12050
25,4,3,second,32,120000,plus,20,5669
25,4,3,second,32,120000,plus,21,2162
25,4,3,second,32,120000,plus,22,488
25,5,0,first,33,120000,minus,5,18
25,5,0,first,33,120000,minus,6,127
25,5,0,first,33,120000,minus,7,362
25,5,0,first,33,120000,minus,8,905
25,5,0,first,33,120000,minus,9,2063
25,5,0,first,33,120000,plus,9,4
25,5,0,first,33,120000,minus,10,4246
25,5,0,first,33,120000,plus,10,24
25,5,0,first,33,120000,minus,11,8057
25,5,0,first,33,120000,plus,11,154
25,5,0,first,33,120000,minus,12,13486
25,5,0,first,33,120000,plus,12,734
25,5,0,first,33,120000,minus,13,19881
25,5,0,first,33,120000,plus,13,2827
25,5,0,first,33,120000,minus,14,24545
25,5,0,first,33,120000,plus,14,7861
25,5,0,first,33,120000,minus,15,22679
25,5,0,first,33,120000,plus,15,16481
25,5,0,first,33,120000,minus,16,15376
25,5,0,first,33,120000,plus,16,25129
25,5,0,first,33,120000,minus,17,6465
25,5,0,first,33,120000,plus,17,27021
25,5,0,first,33,120000,minus,18,1625
25,5,0,first,33,120000,plus,18,21392
25,5,0,first,33,120000,minus,19,165
25,5,0,first,33,120000,plus,19,12248
25,5,0,first,33,120000,plus,20,4926
25,5,0,first,33,120000,plus,21,1199
25,4,3,second,33,120000,minus,7,59
25,4,3,second,33,120000,minus,8,347
25,4,3,second,33,120000,minus,9,1348
25,4,3,second,33,120000,minus,10,3544
25,4,3,second,33,120000,plus,10,12
25,4,3,second,33,120000,minus,11,7697
25,4,3,second,33,120000,plus,11,105
25,4,3,second,33,120000,minus,12,13869
25,4,3,second,33,120000,plus,12,723
25,4,3,second,33,120000,minus,13,21133
25,4,3,second,33,120000,plus,13,2867
25,4,3,second,33,120000,minus,14,25188
25,4,3,second,33,120000,plus,14,8107
25,4,3,second,33,120000,minus,15,23304
25,4,3,second,33,120000,plus,15,16647
25,4,3,second,33,120000,minus,16,15259
25,4,3,second,33,120000,plus,16,24919
25,4,3,second,33,120000,minus,17,6407
25,4,3,second,33,120000,plus,17,26159
25,4,3,second,33,120000,minus,18,1621
25,4,3,second,33,120000,plus,18,20207
25,4,3,second,33,120000,minus,19,224
25,4,3,second,33,120000,plus,19,12056
25,4,3,second,33,120000,plus,20,5672
25,4,3,second,33,120000,plus,21,2054
25,4,3,second,33,120000,plus,22,472
25,5,0,first,34,120000,minus,5,28
25,5,0,first,34,120000,minus,6,117
25,5,0,first,34,120000,minus,7,395
25,5,0,first,34,120000,minus,8,921
25,5,0,first,34,120000,minus,9,2094
25,5,0,first,34,120000,plus,9,2
25,5,0,first,34,120000,minus,10,4242
25,5,0,first,34,120000,plus,10,25
25,5,0,first,34,120000,minus,11,8080
25,5,0,first,34,120000,plus,11,118
25,5,0,first,34,120000,minus,12,13278
25,5,0,first,34,120000,plus,12,756
25,5,0,first,34,120000,minus,13,19876
25,5,0,first,34,120000,plus,13,2805
25,5,0,first,34,120000,minus,14,24560
25,5,0,first,34,120000,plus,14,7726
25,5,0,first,34,120000,minus,15,22966
25,5,0,first,34,120000,plus,15,16398
25,5,0,first,34,120000,minus,16,15134
25,5,0,first,34,120000,plus,16,25146
25,5,0,first,34,120000,minus,17,6533
25,5,0,first,34,120000,plus,17,27429
25,5,0,first,34,120000,minus,18,1665
25,5,0,first,34,120000,plus,18,21201
25,5,0,first,34,120000,minus,19,111
25,5,0,first,34,120000,plus,19,12319
25,5,0,first,34,120000,plus,20,4886
25,5,0,first,34,120000,plus,21,1189
25,4,3,second,34,120000,minus,7,53
25,4,3,second,34,120000,minus,8,362
25,4,3,second,34,120000,minus,9,1395
25,4,3,second,34,120000,minus,10,3579
25,4,3,second,34,120000,plus,10,8
25,4,3,second,34,120000,minus,11,7859
25,4,3,second,34,120000,plus,11,118
25,4,3,second,34,120000,minus,12,13762
25,4,3,second,34,120000,plus,12,696
25,4,3,second,34,120000,minus,13,21087
25,4,3,second,34,120000,plus,13,2924
25,4,3,second,34,120000,minus,14,25258
25,4,3,second,34,120000,plus,14,8069
25,4,3,second,34,120000,minus,15,23145
25,4,3,second,34,120000,plus,15,16620
25,4,3,second,34,120000,minus,16,15141
25,4,3,second,34,120000,plus,16,24683
25,4,3,second,34,120000,minus,17,6582
25,4,3,second,34,120000,plus,17,26334
25,4,3,second,34,120000,minus,18,1587
25,4,3,second,34,120000,plus,18,20354
25,4,3,second,34,120000,minus,19,190
25,4,3,second,34,120000,plus,19,11954
25,4,3,second,34,120000,plus,20,5667
25,4,3,second,34,120000,plus,21,2142
25,4,3,second,34,120000,plus,22,431
25,5,0,first,35,120000,minus,5,19
25,5,0,first,35,120000,minus,6,86
25,5,0,first,35,120000,minus,7,366
25,5,0,first,35,120000,minus,8,941
25,5,0,first,35,120000,minus,9,2168
25,5,0,first,35,120000,plus,9,1
25,5,0,first,35,120000,minus,10,4173
25,5,0,first,35,120000,plus,10,27
25,5,0,first,35,120000,minus,11,7901
25,5,0,first,35,120000,plus,11,139
25,5,0,first,35,120000,minus,12,13405
25,5,0,first,35,120000,plus,12,762
25,5,0,first,35,120000,minus,13,19999
25,5,0,first,35,120000,plus,13,2814
25,5,0,first,35,120000,minus,14,24345
25,5,0,first,35,120000,plus,14,7895
25,5,0,first,35,120000,minus,15,22917
25,5,0,first,35,120000,plus,15,16374
25,5,0,first,35,120000,minus,16,15311
25,5,0,first,35,120000,plus,16,25390
25,5,0,first,35,120000,minus,17,6595
25,5,0,first,35,120000,plus,17,27161
25,5,0,first,35,120000,minus,18,1639
25,5,0,first,35,120000,plus,18,21121
25,5,0,first,35,120000,minus,19,135
25,5,0,first,35,120000,plus,19,12126
25,5,0,first,35,120000,plus,20,5023
25,5,0,first,35,120000,plus,21,1167
25,4,3,second,35,120000,minus,7,74
25,4,3,second,35,120000,minus,8,366
25,4,3,second,35,120000,minus,9,1318
25,4,3,second,35,120000,minus,10,3620
25,4,3,second,35,120000,plus,10,6
25,4,3,second,35,120000,minus,11,7749
25,4,3,second,35,120000,plus,11,111
25,4,3,second,35,120000,minus,12,14140
25,4,3,second,35,120000,plus,12,747
25,4,3,second,35,120000,minus,13,20865
25,4,3,second,35,120000,plus,13,2841
25,4,3,second,35,120000,minus,14,25435
25,4,3,second,35,120000,plus,14,8144
25,4,3,second,35,120000,minus,15,23206
25,4,3,second,35,120000,plus,15,16656
25,4,3,second,35,120000,minus,16,14951
25,4,3,second,35,120000,plus,16,24658
25,4,3,second,35,120000,minus,17,6449
25,4,3,second,35,120000,plus,17,26225
25,4,3,second,35,120000,minus,18,1626
25,4,3,second,35,120000,plus,18,20310
25,4,3,second,35,120000,minus,19,201
25,4,3,second,35,120000,plus,19,11999
25,4,3,second,35,120000,plus,20,5687
25,4,3,second,35,120000,plus,21,2148
25,4,3,second,35,120000,plus,22,468
25,5,0,first,36,120000,minus,5,27
25,5,0,first,36,120000,minus,6,113
25,5,0,first,36,120000,minus,7,370
25,5,0,first,36,120000,minus,8,944
25,5,0,first,36,120000,minus,9,2111
25,5,0,first,36,120000,minus,10,4327
25,5,0,first,36,120000,plus,10,18
25,5,0,first,36,120000,minus,11,7987
25,5,0,first,36,120000,plus,11,157
25,5,0,first,36,120000,minus,12,13516
25,5,0,first,36,120000,plus,12,774
25,5,0,first,36,120000,minus,13,19887
25,5,0,first,36,120000,plus,13,2822
25,5,0,first,36,120000,minus,14,24389
25,5,0,first,36,120000,plus,14,7958
25,5,0,first,36,120000,minus,15,22801
25,5,0,first,36,120000,plus,15,16561
25,5,0,first,36,120000,minus,16,15253
25,5,0,first,36,120000,plus,16,24855
25,5,0,first,36,120000,minus,17,6530
25,5,0,first,36,120000,plus,17,27347
25,5,0,first,36,120000,minus,18,1623
25,5,0,first,36,120000,plus,18,21310
25,5,0,first,36,120000,minus,19,122
25,5,0,first,36,120000,plus,19,12134
25,5,0,first,36,120000,plus,20,4852
25,5,0,first,36,120000,plus,21,1212
25,4,3,second,36,120000,minus,7,58
25,4,3,second,36,120000,minus,8,424
25,4,3,second,36,120000,minus,9,1373
25,4,3,second,36,120000,minus,10,3533
25,4,3,second,36,120000,plus,10,9
25,4,3,second,36,120000,minus,11,7655
25,4,3,second,36,120000,plus,11,117
25,4,3,second,36,120000,minus,12,13959
25,4,3,second,36,120000,plus,12,717
25,4,3,second,36,120000,minus,13,20992
25,4,3,second,36,120000,plus,13,2869
25,4,3,second,36,120000,minus,14,25394
25,4,3,second,36,120000,plus,14,7965
25,4,3,second,36,120000,minus,15,23012
25,4,3,second,36,120000,plus,15,16679
25,4,3,second,36,120000,minus,16,15276
25,4,3,second,36,120000,plus,16,24638
25,4,3,second,36,120000,minus,17,6468
25,4,3,second,36,120000,plus,17,26195
25,4,3,second,36,120000,minus,18,1654
25,4,3,second,36,120000,plus,18,20360
25,4,3,second,36,120000,minus,19,202
25,4,3,second,36,120000,plus,19,12245
25,4,3,second,36,120000,plus,20,5668
25,4,3,second,36,120000,plus,21,2037
25,4,3,second,36,120000,plus,22,501
25,5,0,first,37,120000,minus,5,21
25,5,0,first,37,120000,minus,6,107
25,5,0,first,37,120000,minus,7,371
25,5,0,first,37,120000,minus,8,919
25,5,0,first,37,120000,minus,9,2063
25,5,0,first,37,120000,minus,10,4352
25,5,0,first,37,120000,plus,10,23
25,5,0,first,37,120000,minus,11,7970
25,5,0,first,37,120000,plus,11,162
25,5,0,first,37,120000,minus,12,13504
25,5,0,first,37,120000,plus,12,749
25,5,0,first,37,120000,minus,13,19698
25,5,0,first,37,120000,plus,13,2799
25,5,0,first,37,120000,minus,14,24428
25,5,0,first,37,120000,plus,14,7819
25,5,0,first,37,120000,minus,15,23146
25,5,0,first,37,120000,plus,15,16585
25,5,0,first,37,120000,minus,16,15164
25,5,0,first,37,120000,plus,16,25049
25,5,0,first,37,120000,minus,17,6517
25,5,0,first,37,120000,plus,17,27324
25,5,0,first,37,120000,minus,18,1591
25,5,0,first,37,120000,plus,18,21358
25,5,0,first,37,120000,minus,19,149
25,5,0,first,37,120000,plus,19,12130
25,5,0,first,37,120000,plus,20,4882
25,5,0,first,37,120000,plus,21,1120
25,4,3,second,37,120000,minus,7,61
25,4,3,second,37,120000,minus,8,390
25,4,3,second,37,120000,minus,9,1352
25,4,3,second,37,120000,minus,10,3570
25,4,3,second,37,120000,plus,10,5
25,4,3,second,37,120000,minus,11,7755
25,4,3,second,37,120000,plus,11,128
25,4,3,second,37,120000,minus,12,14075
25,4,3,second,37,120000,plus,12,710
25,4,3,second,37,120000,minus,13,21014
25,4,3,second,37,120000,plus,13,2956
25,4,3,second,37,120000,minus,14,25241
25,4,3,second,37,120000,plus,14,8164
25,4,3,second,37,120000,minus,15,23133
25,4,3,second,37,120000,plus,15,16729
25,4,3,second,37,120000,minus,16,15152
25,4,3,second,37,120000,plus,16,24713
25,4,3,second,37,120000,minus,17,6443
25,4,3,second,37,120000,plus,17,26066
25,4,3,second,37,120000,minus,18,1617
25,4,3,second,37,120000,plus,18,20516
25,4,3,second,37,120000,minus,19,197
25,4,3,second,37,120000,plus,19,11905
25,4,3,second,37,120000,plus,20,5528
25,4,3,second,37,120000,plus,21,2107
25,4,3,second,37,120000,plus,22,473
25,5,0,first,38,120000,minus,5,23
25,5,0,first,38,120000,minus,6,112
25,5,0,first,38,120000,minus,7,362
25,5,0,first,38,120000,minus,8,940
25,5,0,first,38,120000,minus,9,2119
25,5,0,first,38,120000,plus,9,1
25,5,0,first,38,120000,minus,10,4274
25,5,0,first,38,120000,plus,10,26
25,5,0,first,38,120000,minus,11,7996
25,5,0,first,38,120000,plus,11,151
25,5,0,first,38,120000,minus,12,13437
25,5,0,first,38,120000,plus,12,756
25,5,0,first,38,120000,minus,13,19941
25,5,0,first,38,120000,plus,13,2707
25,5,0,first,38,120000,minus,14,24369
25,5,0,first,38,120000,plus,14,8019
25,5,0,first,38,120000,minus,15,22847
25,5,0,first,38,120000,plus,15,16477
25,5,0,first,38,120000,minus,16,15300
25,5,0,first,38,120000,plus,16,25056
25,5,0,first,38,120000,minus,17,6455
25,5,0,first,38,120000,plus,17,27093
25,5,0,first,38,120000,minus,18,1675
25,5,0,first,38,120000,plus,18,21322
25,5,0,first,38,120000,minus,19,150
25,5,0,first,38,120000,plus,19,12326
25,5,0,first,38,120000,plus,20,4873
25,5,0,first,38,120000,plus,21,1193
25,4,3,second,38,120000,minus,7,60
25,4,3,second,38,120000,minus,8,370
25,4,3,second,38,120000,minus,9,1398
25,4,3,second,38,120000,minus,10,3681
25,4,3,second,38,120000,plus,10,9
25,4,3,second,38,120000,minus,11,7693
25,4,3,second,38,120000,plus,11,106
25,4,3,second,38,120000,minus,12,13879
25,4,3,second,38,120000,plus,12,702
25,4,3,second,38,120000,minus,13,20841
25,4,3,second,38,120000,plus,13,2850
25,4,3,second,38,120000,minus,14,25132
25,4,3,second,38,120000,plus,14,8047
25,4,3,second,38,120000,minus,15,23323
25,4,3,second,38,120000,plus,15,16763
25,4,3,second,38,120000,minus,16,15380
25,4,3,second,38,120000,plus,16,24785
25,4,3,second,38,120000,minus,17,6486
25,4,3,second,38,120000,plus,17,26011
25,4,3,second,38,120000,minus,18,1567
25,4,3,second,38,120000,plus,18,20325
25,4,3,second,38,120000,minus,19,190
25,4,3,second,38,120000,plus,19,12000
25,4,3,second,38,120000,plus,20,5702
25,4,3,second,38,120000,plus,21,2199
25,4,3,second,38,120000,plus,22,501
25,5,0,first,39,120000,minus,5,26
25,5,0,first,39,120000,minus,6,115
25,5,0,first,39,120000,minus,7,371
25,5,0,first,39,120000,minus,8,951
25,5,0,first,39,120000,minus,9,2240
25,5,0,first,39,120000,plus,9,2
25,5,0,first,39,120000,minus,10,4458
25,5,0,first,39,120000,plus,10,19
25,5,0,first,39,120000,minus,11,8014
25,5,0,first,39,120000,plus,11,137
25,5,0,first,39,120000,minus,12,13498
25,5,0,first,39,120000,plus,12,769
25,5,0,first,39,120000,minus,13,19594
25,5,0,first,39,120000,plus,13,2768
25,5,0,first,39,120000,minus,14,24342
25,5,0,first,39,120000,plus,14,7919
25,5,0,first,39,120000,minus,15,22716
25,5,0,first,39,120000,plus,15,16703
25,5,0,first,39,120000,minus,16,15255
25,5,0,first,39,120000,plus,16,24957
25,5,0,first,39,120000,minus,17,6571
25,5,0,first,39,120000,plus,17,27197
25,5,0,first,39,120000,minus,18,1707
25,5,0,first,39,120000,plus,18,21310
25,5,0,first,39,120000,minus,19,142
25,5,0,first,39,120000,plus,19,12145
25,5,0,first,39,120000,plus,20,4905
25,5,0,first,39,120000,plus,21,1169
25,4,3,second,39,120000,minus,7,57
25,4,3,second,39,120000,minus,8,384
25,4,3,second,39,120000,minus,9,1403
25,4,3,second,39,120000,minus,10,3651
25,4,3,second,39,120000,plus,10,5
25,4,3,second,39,120000,minus,11,7631
25,4,3,second,39,120000,plus,11,107
25,4,3,second,39,120000,minus,12,13944
25,4,3,second,39,120000,plus,12,693
25,4,3,second,39,120000,minus,13,20713
25,4,3,second,39,120000,plus,13,2869
25,4,3,second,39,120000,minus,14,25293
25,4,3,second,39,120000,plus,14,7991
25,4,3,second,39,120000,minus,15,23406
25,4,3,second,39,120000,plus,15,16800
25,4,3,second,39,120000,minus,16,15018
25,4,3,second,39,120000,plus,16,24231
25,4,3,second,39,120000,minus,17,6661
25,4,3,second,39,120000,plus,17,26227
25,4,3,second,39,120000,minus,18,1649
25,4,3,second,39,120000,plus,18,20547
25,4,3,second,39,120000,minus,19,190
25,4,3,second,39,120000,plus,19,12248
25,4,3,second,39,120000,plus,20,5715
25,4,3,second,39,120000,plus,21,2095
25,4,3,second,39,120000,plus,22,472
25,5,0,first,40,120000,minus,5,21
25,5,0,first,40,120000,minus,6,109
25,5,0,first,40,120000,minus,7,394
25,5,0,first,40,120000,minus,8,905
25,5,0,first,40,120000,minus,9,2126
25,5,0,first,40,120000,plus,9,2
25,5,0,first,40,120000,minus,10,4351
25,5,0,first,40,120000,plus,10,19
25,5,0,first,40,120000,minus,11,8039
25,5,0,first,40,120000,plus,11,135
25,5,0,first,40,120000,minus,12,13368
25,5,0,first,40,120000,plus,12,742
25,5,0,first,40,120000,minus,13,19821
25,5,0,first,40,120000,plus,13,2779
25,5,0,first,40,120000,minus,14,24532
25,5,0,first,40,120000,plus,14,8088
25,5,0,first,40,120000,minus,15,22838
25,5,0,first,40,120000,plus,15,16525
25,5,0,first,40,120000,minus,16,15215
25,5,0,first,40,120000,plus,16,25097
25,5,0,first,40,120000,minus,17,6496
25,5,0,first,40,120000,plus,17,27130
25,5,0,first,40,120000,minus,18,1650
25,5,0,first,40,120000,plus,18,21205
25,5,0,first,40,120000,minus,19,135
25,5,0,first,40,120000,plus,19,12042
25,5,0,first,40,120000,plus,20,5005
25,5,0,first,40,120000,plus,21,1231
25,4,3,second,40,120000,minus,7,58
25,4,3,second,40,120000,minus,8,428
25,4,3,second,40,120000,minus,9,1334
25,4,3,second,40,120000,minus,10,3697
25,4,3,second,40,120000,plus,10,5
25,4,3,second,40,120000,minus,11,7749
25,4,3,second,40,120000,plus,11,127
25,4,3,second,40,120000,minus,12,13895
25,4,3,second,40,120000,plus,12,774
25,4,3,second,40,120000,minus,13,20905
25,4,3,second,40,120000,plus,13,2822
25,4,3,second,40,120000,minus,14,25206
25,4,3,second,40,120000,plus,14,8079
25,4,3,second,40,120000,minus,15,23468
25,4,3,second,40,120000,plus,15,16457
25,4,3,second,40,120000,minus,16,15090
25,4,3,second,40,120000,plus,16,24759
25,4,3,second,40,120000,minus,17,6407
25,4,3,second,40,120000,plus,17,26327
25,4,3,second,40,120000,minus,18,1580
25,4,3,second,40,120000,plus,18,20400
25,4,3,second,40,120000,minus,19,183
25,4,3,second,40,120000,plus,19,11899
25,4,3,second,40,120000,plus,20,5764
25,4,3,second,40,120000,plus,21,2092
25,4,3,second,40,120000,plus,22,495
25,5,0,first,41,120000,minus,5,29
25,5,0,first,41,120000,minus,6,119
25,5,0,first,41,120000,minus,7,352
25,5,0,first,41,120000,minus,8,902
25,5,0,first,41,120000,minus,9,2124
25,5,0,first,41,120000,minus,10,4358
25,5,0,first,41,120000,plus,10,24
25,5,0,first,41,120000,minus,11,7926
25,5,0,first,41,120000,plus,11,154
25,5,0,first,41,120000,minus,12,13504
25,5,0,first,41,120000,plus,12,721
25,5,0,first,41,120000,minus,13,20050
25,5,0,first,41,120000,plus,13,2810
25,5,0,first,41,120000,minus,14,24375
25,5,0,first,41,120000,plus,14,7961
25,5,0,first,41,120000,minus,15,22724
25,5,0,first,41,120000,plus,15,16680
25,5,0,first,41,120000,minus,16,15106
25,5,0,first,41,120000,plus,16,24921
25,5,0,first,41,120000,minus,17,6686
25,5,0,first,41,120000,plus,17,27032
25,5,0,first,41,120000,minus,18,1602
25,5,0,first,41,120000,plus,18,21424
25,5,0,first,41,120000,minus,19,143
25,5,0,first,41,120000,plus,19,12222
25,5,0,first,41,120000,plus,20,4914
25,5,0,first,41,120000,plus,21,1137
25,4,3,second,41,120000,minus,7,64
25,4,3,second,41,120000,minus,8,385
25,4,3,second,41,120000,minus,9,1378
25,4,3,second,41,120000,minus,10,3487
25,4,3,second,41,120000,plus,10,6
25,4,3,second,41,120000,minus,11,7784
25,4,3,second,41,120000,plus,11,103
25,4,3,second,41,120000,minus,12,14012
25,4,3,second,41,120000,plus,12,702
25,4,3,second,41,120000,minus,13,20863
25,4,3,second,41,120000,plus,13,2865
25,4,3,second,41,120000,minus,14,25359
25,4,3,second,41,120000,plus,14,8107
25,4,3,second,41,120000,minus,15,23218
25,4,3,second,41,120000,plus,15,16684
25,4,3,second,41,120000,minus,16,15215
25,4,3,second,41,120000,plus,16,24596
25,4,3,second,41,120000,minus,17,6419
25,4,3,second,41,120000,plus,17,26379
25,4,3,second,41,120000,minus,18,1630
25,4,3,second,41,120000,plus,18,20315
25,4,3,second,41,120000,minus,19,186
25,4,3,second,41,120000,plus,19,12010
25,4,3,second,41,120000,plus,20,5636
25,4,3,second,41,120000,plus,21,2128
25,4,3,second,41,120000,plus,22,469
25,5,0,first,42,120000,minus,5,19
25,5,0,first,42,120000,minus,6,109
25,5,0,first,42,120000,minus,7,350
25,5,0,first,42,120000,minus,8,970
25,5,0,first,42,120000,minus,9,2071
25,5,0,first,42,120000,plus,9,1
25,5,0,first,42,120000,minus,10,4250
25,5,0,first,42,120000,plus,10,21
25,5,0,first,42,120000,minus,11,7948
25,5,0,first,42,120000,plus,11,154
25,5,0,first,42,120000,minus,12,13459
25,5,0,first,42,120000,plus,12,745
25,5,0,first,42,120000,minus,13,19907
25,5,0,first,42,120000,plus,13,2717
25,5,0,first,42,120000,minus,14,24545
25,5,0,first,42,120000,plus,14,8048
25,5,0,first,42,120000,minus,15,22905
25,5,0,first,42,120000,plus,15,16764
25,5,0,first,42,120000,minus,16,15259
25,5,0,first,42,120000,plus,16,24967
25,5,0,first,42,120000,minus,17,6417
25,5,0,first,42,120000,plus,17,27045
25,5,0,first,42,120000,minus,18,1649
25,5,0,first,42,120000,plus,18,21361
25,5,0,first,42,120000,minus,19,142
25,5,0,first,42,120000,plus,19,12085
25,5,0,first,42,120000,plus,20,4965
25,5,0,first,42,120000,plus,21,1127
25,4,3,second,42,120000,minus,7,67
25,4,3,second,42,120000,minus,8,384
25,4,3,second,42,120000,minus,9,1390
25,4,3,second,42,120000,minus,10,3701
25,4,3,second,42,120000,plus,10,5
25,4,3,second,42,120000,minus,11,7696
25,4,3,second,42,120000,plus,11,129
25,4,3,second,42,120000,minus,12,13836
25,4,3,second,42,120000,plus,12,714
25,4,3,second,42,120000,minus,13,20963
25,4,3,second,42,120000,plus,13,2871
25,4,3,second,42,120000,minus,14,25540
25,4,3,second,42,120000,plus,14,8189
25,4,3,second,42,120000,minus,15,23025
25,4,3,second,42,120000,plus,15,16688
25,4,3,second,42,120000,minus,16,15178
25,4,3,second,42,120000,plus,16,24548
25,4,3,second,42,120000,minus,17,6399
25,4,3,second,42,120000,plus,17,26258
25,4,3,second,42,120000,minus,18,1636
25,4,3,second,42,120000,plus,18,20208
25,4,3,second,42,120000,minus,19,185
25,4,3,second,42,120000,plus,19,12158
25,4,3,second,42,120000,plus,20,5670
25,4,3,second,42,120000,plus,21,2074
25,4,3,second,42,120000,plus,22,488
25,5,0,first,43,120000,minus,5,21
25,5,0,first,43,120000,minus,6,89
25,5,0,first,43,120000,minus,7,359
25,5,0,first,43,120000,minus,8,912
25,5,0,first,43,120000,minus,9,2101
25,5,0,first,43,120000,plus,9,3
25,5,0,first,43,120000,minus,10,4244
25,5,0,first,43,120000,plus,10,17
25,5,0,first,43,120000,minus,11,7874
25,5,0,first,43,120000,plus,11,139
25,5,0,first,43,120000,minus,12,13534
25,5,0,first,43,120000,plus,12,741
25,5,0,first,43,120000,minus,13,19938
25,5,0,first,43,120000,plus,13,2829
25,5,0,first,43,120000,minus,14,24447
25,5,0,first,43,120000,plus,14,7938
25,5,0,first,43,120000,minus,15,23076
25,5,0,first,43,120000,plus,15,16565
25,5,0,first,43,120000,minus,16,15162
25,5,0,first,43,120000,plus,16,24996
25,5,0,first,43,120000,minus,17,6529
25,5,0,first,43,120000,plus,17,27188
25,5,0,first,43,120000,minus,18,1580
25,5,0,first,43,120000,plus,18,21373
25,5,0,first,43,120000,minus,19,134
25,5,0,first,43,120000,plus,19,12085
25,5,0,first,43,120000,plus,20,4958
25,5,0,first,43,120000,plus,21,1168
25,4,3,second,43,120000,minus,7,61
25,4,3,second,43,120000,minus,8,380
25,4,3,second,43,120000,minus,9,1349
25,4,3,second,43,120000,minus,10,3620
25,4,3,second,43,120000,plus,10,7
25,4,3,second,43,120000,minus,11,7789
25,4,3,second,43,120000,plus,11,126
25,4,3,second,43,120000,minus,12,13941
25,4,3,second,43,120000,plus,12,691
25,4,3,second,43,120000,minus,13,21062
25,4,3,second,43,120000,plus,13,3007
25,4,3,second,43,120000,minus,14,25311
25,4,3,second,43,120000,plus,14,8257
25,4,3,second,43,120000,minus,15,23126
25,4,3,second,43,120000,plus,15,16621
25,4,3,second,43,120000,minus,16,15015
25,4,3,second,43,120000,plus,16,24653
25,4,3,second,43,120000,minus,17,6531
25,4,3,second,43,120000,plus,17,26351
25,4,3,second,43,120000,minus,18,1610
25,4,3,second,43,120000,plus,18,20208
25,4,3,second,43,120000,minus,19,205
25,4,3,second,43,120000,plus,19,11836
25,4,3,second,43,120000,plus,20,5650
25,4,3,second,43,120000,plus,21,2124
25,4,3,second,43,120000,plus,22,469
25,5,0,first,44,120000,minus,5,17
25,5,0,first,44,120000,minus,6,100
25,5,0,first,44,120000,minus,7,368
25,5,0,first,44,120000,minus,8,930
25,5,0,first,44,120000,minus,9,2129
25,5,0,first,44,120000,plus,9,2
25,5,0,first,44,120000,minus,10,4291
25,5,0,first,44,120000,plus,10,23
25,5,0,first,44,120000,minus,11,8088
25,5,0,first,44,120000,plus,11,133
25,5,0,first,44,120000,minus,12,13530
25,5,0,first,44,120000,plus,12,716
25,5,0,first,44,120000,minus,13,19864
25,5,0,first,44,120000,plus,13,2821
25,5,0,first,44,120000,minus,14,24205
25,5,0,first,44,120000,plus,14,7890
25,5,0,first,44,120000,minus,15,22895
25,5,0,first,44,120000,plus,15,16520
25,5,0,first,44,120000,minus,16,15192
25,5,0,first,44,120000,plus,16,25090
25,5,0,first,44,120000,minus,17,6539
25,5,0,first,44,120000,plus,17,27092
25,5,0,first,44,120000,minus,18,1714
25,5,0,first,44,120000,plus,18,21233
25,5,0,first,44,120000,minus,19,138
25,5,0,first,44,120000,plus,19,12341
25,5,0,first,44,120000,plus,20,4930
25,5,0,first,44,120000,plus,21,1209
25,4,3,second,44,120000,minus,7,68
25,4,3,second,44,120000,minus,8,381
25,4,3,second,44,120000,minus,9,1357
25,4,3,second,44,120000,minus,10,3544
25,4,3,second,44,120000,plus,10,6
25,4,3,second,44,120000,minus,11,7732
25,4,3,second,44,120000,plus,11,110
25,4,3,second,44,120000,minus,12,14102
25,4,3,second,44,120000,plus,12,768
25,4,3,second,44,120000,minus,13,20809
25,4,3,second,44,120000,plus,13,2937
25,4,3,second,44,120000,minus,14,25008
25,4,3,second,44,120000,plus,14,8103
25,4,3,second,44,120000,minus,15,23202
25,4,3,second,44,120000,plus,15,16714
25,4,3,second,44,120000,minus,16,15346
25,4,3,second,44,120000,plus,16,24522
25,4,3,second,44,120000,minus,17,6654
25,4,3,second,44,120000,plus,17,26153
25,4,3,second,44,120000,minus,18,1617
25,4,3,second,44,120000,plus,18,20527
25,4,3,second,44,120000,minus,19,180
25,4,3,second,44,120000,plus,19,11880
25,4,3,second,44,120000,plus,20,5632
25,4,3,second,44,120000,plus,21,2138
25,4,3,second,44,120000,plus,22,510
25,5,0,first,45,120000,minus,5,31
25,5,0,first,45,120000,minus,6,107
25,5,0,first,45,120000,minus,7,315
25,5,0,first,45,120000,minus,8,897
25,5,0,first,45,120000,minus,9,2128
25,5,0,first,45,120000,plus,9,3
25,5,0,first,45,120000,minus,10,4280
25,5,0,first,45,120000,plus,10,26
25,5,0,first,45,120000,minus,11,8003
25,5,0,first,45,120000,plus,11,155
25,5,0,first,45,120000,minus,12,13563
25,5,0,first,45,120000,plus,12,754
25,5,0,first,45,120000,minus,13,19749
25,5,0,first,45,120000,plus,13,2891
25,5,0,first,45,120000,minus,14,24526
25,5,0,first,45,120000,plus,14,8062
25,5,0,first,45,120000,minus,15,23084
25,5,0,first,45,120000,plus,15,16513
25,5,0,first,45,120000,minus,16,14994
25,5,0,first,45,120000,plus,16,24936
25,5,0,first,45,120000,minus,17,6547
25,5,0,first,45,120000,plus,17,27053
25,5,0,first,45,120000,minus,18,1655
25,5,0,first,45,120000,plus,18,21279
25,5,0,first,45,120000,minus,19,121
25,5,0,first,45,120000,plus,19,12210
25,5,0,first,45,120000,plus,20,4893
25,5,0,first,45,120000,plus,21,1225
25,4,3,second,45,120000,minus,7,59
25,4,3,second,45,120000,minus,8,392
25,4,3,second,45,120000,minus,9,1345
25,4,3,second,45,120000,minus,10,3608
25,4,3,second,45,120000,plus,10,7
25,4,3,second,45,120000,minus,11,7847
25,4,3,second,45,120000,plus,11,130
25,4,3,second,45,120000,minus,12,13912
25,4,3,second,45,120000,plus,12,692
25,4,3,second,45,120000,minus,13,20922
25,4,3,second,45,120000,plus,13,2886
25,4,3,second,45,120000,minus,14,25446
25,4,3,second,45,120000,plus,14,8039
25,4,3,second,45,120000,minus,15,22959
25,4,3,second,45,120000,plus,15,16789
25,4,3,second,45,120000,minus,16,15257
25,4,3,second,45,120000,plus,16,24720
25,4,3,second,45,120000,minus,17,6438
25,4,3,second,45,120000,plus,17,26124
25,4,3,second,45,120000,minus,18,1587
25,4,3,second,45,120000,plus,18,20216
25,4,3,second,45,120000,minus,19,228
25,4,3,second,45,120000,plus,19,11974
25,4,3,second,45,120000,plus,20,5757
25,4,3,second,45,120000,plus,21,2180
25,4,3,second,45,120000,plus,22,486
25,5,0,first,46,120000,minus,5,25
25,5,0,first,46,120000,minus,6,118
25,5,0,first,46,120000,minus,7,361
25,5,0,first,46,120000,minus,8,920
25,5,0,first,46,120000,minus,9,2068
25,5,0,first,46,120000,plus,9,3
25,5,0,first,46,120000,minus,10,4214
25,5,0,first,46,120000,plus,10,13
25,5,0,first,46,120000,minus,11,8061
25,5,0,first,46,120000,plus,11,144
25,5,0,first,46,120000,minus,12,13553
25,5,0,first,46,120000,plus,12,794
25,5,0,first,46,120000,minus,13,19651
25,5,0,first,46,120000,plus,13,2799
25,5,0,first,46,120000,minus,14,24404
25,5,0,first,46,120000,plus,14,7647
25,5,0,first,46,120000,minus,15,22989
25,5,0,first,46,120000,plus,15,16482
25,5,0,first,46,120000,minus,16,15370
25,5,0,first,46,120000,plus,16,25214
25,5,0,first,46,120000,minus,17,6509
25,5,0,first,46,120000,plus,17,27362
25,5,0,first,46,120000,minus,18,1633
25,5,0,first,46,120000,plus,18,21283
25,5,0,first,46,120000,minus,19,124
25,5,0,first,46,120000,plus,19,12153
25,5,0,first,46,120000,plus,20,4921
25,5,0,first,46,120000,plus,21,1185
25,4,3,second,46,120000,minus,7,69
25,4,3,second,46,120000,minus,8,357
25,4,3,second,46,120000,minus,9,1326
25,4,3,second,46,120000,minus,10,3527
25,4,3,second,46,120000,plus,10,7
25,4,3,second,46,120000,minus,11,7722
25,4,3,second,46,120000,plus,11,108
25,4,3,second,46,120000,minus,12,13951
25,4,3,second,46,120000,plus,12,738
25,4,3,second,46,120000,minus,13,20885
25,4,3,second,46,120000,plus,13,2805
25,4,3,second,46,120000,minus,14,25287
25,4,3,second,46,120000,plus,14,8141
25,4,3,second,46,120000,minus,15,23408
25,4,3,second,46,120000,plus,15,16665
25,4,3,second,46,120000,minus,16,15059
25,4,3,second,46,120000,plus,16,24710
25,4,3,second,46,120000,minus,17,6510
25,4,3,second,46,120000,plus,17,26216
25,4,3,second,46,120000,minus,18,1706
25,4,3,second,46,120000,plus,18,20417
25,4,3,second,46,120000,minus,19,193
25,4,3,second,46,120000,plus,19,11774
25,4,3,second,46,120000,plus,20,5759
25,4,3,second,46,120000,plus,21,2166
25,4,3,second,46,120000,plus,22,494
25,5,0,first,47,120000,minus,5,33
25,5,0,first,47,120000,minus,6,103
25,5,0,first,47,120000,minus,7,381
25,5,0,first,47,120000,minus,8,954
25,5,0,first,47,120000,minus,9,2144
25,5,0,first,47,120000,plus,9,1
25,5,0,first,47,120000,minus,10,4147
25,5,0,first,47,120000,plus,10,22
25,5,0,first,47,120000,minus,11,8116
25,5,0,first,47,120000,plus,11,165
25,5,0,first,47,120000,minus,12,13566
25,5,0,first,47,120000,plus,12,721
25,5,0,first,47,120000,minus,13,19953
25,5,0,first,47,120000,plus,13,2859
25,5,0,first,47,120000,minus,14,24124
25,5,0,first,47,120000,plus,14,7961
25,5,0,first,47,120000,minus,15,22896
25,5,0,first,47,120000,plus,15,16493
25,5,0,first,47,120000,minus,16,15332
25,5,0,first,47,120000,plus,16,25145
25,5,0,first,47,120000,minus,17,6467
25,5,0,first,47,120000,plus,17,27193
25,5,0,first,47,120000,minus,18,1638
25,5,0,first,47,120000,plus,18,21321
25,5,0,first,47,120000,minus,19,146
25,5,0,first,47,120000,plus,19,12005
25,5,0,first,47,120000,plus,20,4930
25,5,0,first,47,120000,plus,21,1184
25,4,3,second,47,120000,minus,7,71
25,4,3,second,47,120000,minus,8,383
25,4,3,second,47,120000,minus,9,1384
25,4,3,second,47,120000,minus,10,3682
25,4,3,second,47,120000,plus,10,4
25,4,3,second,47,120000,minus,11,7746
25,4,3,second,47,120000,plus,11,135
25,4,3,second,47,120000,minus,12,13980
25,4,3,second,47,120000,plus,12,699
25,4,3,second,47,120000,minus,13,20924
25,4,3,second,47,120000,plus,13,2788
25,4,3,second,47,120000,minus,14,25142
25,4,3,second,47,120000,plus,14,8351
25,4,3,second,47,120000,minus,15,23105
25,4,3,second,47,120000,plus,15,16443
25,4,3,second,47,120000,minus,16,15170
25,4,3,second,47,120000,plus,16,24789
25,4,3,second,47,120000,minus,17,6527
25,4,3,second,47,120000,plus,17,26130
25,4,3,second,47,120000,minus,18,1682
25,4,3,second,47,120000,plus,18,20243
25,4,3,second,47,120000,minus,19,204
25,4,3,second,47,120000,plus,19,11920
25,4,3,second,47,120000,plus,20,5781
25,4,3,second,47,120000,plus,21,2226
25,4,3,second,47,120000,plus,22,491
25,5,0,first,48,120000,minus,5,26
25,5,0,first,48,120000,minus,6,110
25,5,0,first,48,120000,minus,7,378
25,5,0,first,48,120000,minus,8,935
25,5,0,first,48,120000,minus,9,2111
25,5,0,first,48,120000,plus,9,1
25,5,0,first,48,120000,minus,10,4320
25,5,0,first,48,120000,plus,10,11
25,5,0,first,48,120000,minus,11,7922
25,5,0,first,48,120000,plus,11,139
25,5,0,first,48,120000,minus,12,13469
25,5,0,first,48,120000,plus,12,756
25,5,0,first,48,120000,minus,13,20106
25,5,0,first,48,120000,plus,13,2771
25,5,0,first,48,120000,minus,14,24292
25,5,0,first,48,120000,plus,14,7944
25,5,0,first,48,120000,minus,15,22973
25,5,0,first,48,120000,plus,15,16442
25,5,0,first,48,120000,minus,16,15098
25,5,0,first,48,120000,plus,16,25190
25,5,0,first,48,120000,minus,17,6485
25,5,0,first,48,120000,plus,17,27132
25,5,0,first,48,120000,minus,18,1629
25,5,0,first,48,120000,plus,18,21363
25,5,0,first,48,120000,minus,19,146
25,5,0,first,48,120000,plus,19,12099
25,5,0,first,48,120000,plus,20,4985
25,5,0,first,48,120000,plus,21,1167
25,4,3,second,48,120000,minus,7,55
25,4,3,second,48,120000,minus,8,369
25,4,3,second,48,120000,minus,9,1360
25,4,3,second,48,120000,minus,10,3563
25,4,3,second,48,120000,plus,10,7
25,4,3,second,48,120000,minus,11,7596
25,4,3,second,48,120000,plus,11,111
25,4,3,second,48,120000,minus,12,13959
25,4,3,second,48,120000,plus,12,722
25,4,3,second,48,120000,minus,13,20847
25,4,3,second,48,120000,plus,13,2813
25,4,3,second,48,120000,minus,14,25434
25,4,3,second,48,120000,plus,14,7969
25,4,3,second,48,120000,minus,15,23331
25,4,3,second,48,120000,plus,15,16629
25,4,3,second,48,120000,minus,16,15212
25,4,3,second,48,120000,plus,16,24872
25,4,3,second,48,120000,minus,17,6423
25,4,3,second,48,120000,plus,17,26133
25,4,3,second,48,120000,minus,18,1652
25,4,3,second,48,120000,plus,18,20491
25,4,3,second,48,120000,minus,19,199
25,4,3,second,48,120000,plus,19,11835
25,4,3,second,48,120000,plus,20,5787
25,4,3,second,48,120000,plus,21,2123
25,4,3,second,48,120000,plus,22,508
25,5,0,first,49,120000,minus,5,23
25,5,0,first,49,120000,minus,6,107
25,5,0,first,49,120000,minus,7,351
25,5,0,first,49,120000,minus,8,972
25,5,0,first,49,120000,minus,9,2090
25,5,0,first,49,120000,plus,9,2
25,5,0,first,49,120000,minus,10,4327
25,5,0,first,49,120000,plus,10,16
25,5,0,first,49,120000,minus,11,8124
25,5,0,first,49,120000,plus,11,145
25,5,0,first,49,120000,minus,12,13212
25,5,0,first,49,120000,plus,12,815
25,5,0,first,49,120000,minus,13,19931
25,5,0,first,49,120000,plus,13,2730
25,5,0,first,49,120000,minus,14,24393
25,5,0,first,49,120000,plus,14,7873
25,5,0,first,49,120000,minus,15,23086
25,5,0,first,49,120000,plus,15,16479
25,5,0,first,49,120000,minus,16,15091
25,5,0,first,49,120000,plus,16,25187
25,5,0,first,49,120000,minus,17,6571
25,5,0,first,49,120000,plus,17,27404
25,5,0,first,49,120000,minus,18,1586
25,5,0,first,49,120000,plus,18,21155
25,5,0,first,49,120000,minus,19,136
25,5,0,first,49,120000,plus,19,12093
25,5,0,first,49,120000,plus,20,4926
25,5,0,first,49,120000,plus,21,1175
25,4,3,second,49,120000,minus,7,60
25,4,3,second,49,120000,minus,8,399
25,4,3,second,49,120000,minus,9,1377
25,4,3,second,49,120000,minus,10,3600
25,4,3,second,49,120000,plus,10,7
25,4,3,second,49,120000,minus,11,7684
25,4,3,second,49,120000,plus,11,121
25,4,3,second,49,120000,minus,12,13909
25,4,3,second,49,120000,plus,12,679
25,4,3,second,49,120000,minus,13,20792
25,4,3,second,49,120000,plus,13,2883
25,4,3,second,49,120000,minus,14,25608
25,4,3,second,49,120000,plus,14,8065
25,4,3,second,49,120000,minus,15,23092
25,4,3,second,49,120000,plus,15,16721
25,4,3,second,49,120000,minus,16,15072
25,4,3,second,49,120000,plus,16,24768
25,4,3,second,49,120000,minus,17,6506
25,4,3,second,49,120000,plus,17,26117
25,4,3,second,49,120000,minus,18,1673
25,4,3,second,49,120000,plus,18,20185
25,4,3,second,49,120000,minus,19,228
25,4,3,second,49,120000,plus,19,12205
25,4,3,second,49,120000,plus,20,5695
25,4,3,second,49,120000,plus,21,2110
25,4,3,second,49,120000,plus,22,444
25,5,0,first,50,120000,minus,5,19
25,5,0,first,50,120000,minus,6,108
25,5,0,first,50,120000,minus,7,349
25,5,0,first,50,120000,minus,8,981
25,5,0,first,50,120000,minus,9,2174
25,5,0,first,50,120000,minus,10,4216
25,5,0,first,50,120000,plus,10,18
25,5,0,first,50,120000,minus,11,7894
25,5,0,first,50,120000,plus,11,154
25,5,0,first,50,120000,minus,12,13214
25,5,0,first,50,120000,plus,12,725
25,5,0,first,50,120000,minus,13,20021
25,5,0,first,50,120000,plus,13,2703
25,5,0,first,50,120000,minus,14,24209
25,5,0,first,50,120000,plus,14,7851
25,5,0,first,50,120000,minus,15,23134
25,5,0,first,50,120000,plus,15,16462
25,5,0,first,50,120000,minus,16,15202
25,5,0,first,50,120000,plus,16,25311
25,5,0,first,50,120000,minus,17,6724
25,5,0,first,50,120000,plus,17,27193
25,5,0,first,50,120000,minus,18,1612
25,5,0,first,50,120000,plus,18,21292
25,5,0,first,50,120000,minus,19,143
25,5,0,first,50,120000,plus,19,12255
25,5,0,first,50,120000,plus,20,4898
25,5,0,first,50,120000,plus,21,1138
25,4,3,second,50,120000,minus,7,65
25,4,3,second,50,120000,minus,8,377
25,4,3,second,50,120000,minus,9,1339
25,4,3,second,50,120000,minus,10,3544
25,4,3,second,50,120000,plus,10,8
25,4,3,second,50,120000,minus,11,7619
25,4,3,second,50,120000,plus,11,103
25,4,3,second,50,120000,minus,12,13963
25,4,3,second,50,120000,plus,12,693
25,4,3,second,50,120000,minus,13,20860
25,4,3,second,50,120000,plus,13,2849
25,4,3,second,50,120000,minus,14,25332
25,4,3,second,50,120000,plus,14,8033
25,4,3,second,50,120000,minus,15,23047
25,4,3,second,50,120000,plus,15,16539
25,4,3,second,50,120000,minus,16,15420
25,4,3,second,50,120000,plus,16,24382
25,4,3,second,50,120000,minus,17,6603
25,4,3,second,50,120000,plus,17,26545
25,4,3,second,50,120000,minus,18,1660
25,4,3,second,50,120000,plus,18,20561
25,4,3,second,50,120000,minus,19,171
25,4,3,second,50,120000,plus,19,11975
25,4,3,second,50,120000,plus,20,5732
25,4,3,second,50,120000,plus,21,2120
25,4,3,second,50,120000,plus,22,460
25,5,0,first,51,120000,minus,5,30
25,5,0,first,51,120000,minus,6,124
25,5,0,first,51,120000,minus,7,391
25,5,0,first,51,120000,minus,8,933
25,5,0,first,51,120000,minus,9,2191
25,5,0,first,51,120000,minus,10,4418
25,5,0,first,51,120000,plus,10,24
25,5,0,first,51,120000,minus,11,7817
25,5,0,first,51,120000,plus,11,139
25,5,0,first,51,120000,minus,12,13384
25,5,0,first,51,120000,plus,12,731
25,5,0,first,51,120000,minus,13,19937
25,5,0,first,51,120000,plus,13,2904
25,5,0,first,51,120000,minus,14,24566
25,5,0,first,51,120000,plus,14,7823
25,5,0,first,51,120000,minus,15,22612
25,5,0,first,51,120000,plus,15,16510
25,5,0,first,51,120000,minus,16,15274
25,5,0,first,51,120000,plus,16,25312
25,5,0,first,51,120000,minus,17,6551
25,5,0,first,51,120000,plus,17,27094
25,5,0,first,51,120000,minus,18,1640
25,5,0,first,51,120000,plus,18,21276
25,5,0,first,51,120000,minus,19,132
25,5,0,first,51,120000,plus,19,12143
25,5,0,first,51,120000,plus,20,4875
25,5,0,first,51,120000,plus,21,1169
25,4,3,second,51,120000,minus,7,50
25,4,3,second,51,120000,minus,8,362
25,4,3,second,51,120000,minus,9,1422
25,4,3,second,51,120000,minus,10,3658
25,4,3,second,51,120000,plus,10,6
25,4,3,second,51,120000,minus,11,7783
25,4,3,second,51,120000,plus,11,93
25,4,3,second,51,120000,minus,12,13896
25,4,3,second,51,120000,plus,12,730
25,4,3,second,51,120000,minus,13,21030
25,4,3,second,51,120000,plus,13,2932
25,4,3,second,51,120000,minus,14,25113
25,4,3,second,51,120000,plus,14,8055
25,4,3,second,51,120000,minus,15,23218
25,4,3,second,51,120000,plus,15,16634
25,4,3,second,51,120000,minus,16,15245
25,4,3,second,51,120000,plus,16,24534
25,4,3,second,51,120000,minus,17,6401
25,4,3,second,51,120000,plus,17,26209
25,4,3,second,51,120000,minus,18,1631
25,4,3,second,51,120000,plus,18,20470
25,4,3,second,51,120000,minus,19,191
25,4,3,second,51,120000,plus,19,12073
25,4,3,second,51,120000,plus,20,5698
25,4,3,second,51,120000,plus,21,2090
25,4,3,second,51,120000,plus,22,476
25,5,0,first,52,120000,minus,5,25
25,5,0,first,52,120000,minus,6,99
25,5,0,first,52,120000,minus,7,345
25,5,0,first,52,120000,minus,8,985
25,5,0,first,52,120000,minus,9,2160
25,5,0,first,52,120000,minus,10,4336
25,5,0,first,52,120000,plus,10,14
25,5,0,first,52,120000,minus,11,7922
25,5,0,first,52,120000,plus,11,135
25,5,0,first,52,120000,minus,12,13421
25,5,0,first,52,120000,plus,12,756
25,5,0,first,52,120000,minus,13,20125
25,5,0,first,52,120000,plus,13,2728
25,5,0,first,52,120000,minus,14,24311
25,5,0,first,52,120000,plus,14,7883
25,5,0,first,52,120000,minus,15,22800
25,5,0,first,52,120000,plus,15,16391
25,5,0,first,52,120000,minus,16,15119
25,5,0,first,52,120000,plus,16,25088
25,5,0,first,52,120000,minus,17,6523
25,5,0,first,52,120000,plus,17,27432
25,5,0,first,52,120000,minus,18,1670
25,5,0,first,52,120000,plus,18,21240
25,5,0,first,52,120000,minus,19,159
25,5,0,first,52,120000,plus,19,12221
25,5,0,first,52,120000,plus,20,4928
25,5,0,first,52,120000,plus,21,1184
25,4,3,second,52,120000,minus,7,57
25,4,3,second,52,120000,minus,8,400
25,4,3,second,52,120000,minus,9,1451
25,4,3,second,52,120000,minus,10,3538
25,4,3,second,52,120000,plus,10,10
25,4,3,second,52,120000,minus,11,7645
25,4,3,second,52,120000,plus,11,119
25,4,3,second,52,120000,minus,12,13938
25,4,3,second,52,120000,plus,12,712
25,4,3,second,52,120000,minus,13,20983
25,4,3,second,52,120000,plus,13,2856
25,4,3,second,52,120000,minus,14,25169
25,4,3,second,52,120000,plus,14,8006
25,4,3,second,52,120000,minus,15,23535
25,4,3,second,52,120000,plus,15,16823
25,4,3,second,52,120000,minus,16,14944
25,4,3,second,52,120000,plus,16,24547
25,4,3,second,52,120000,minus,17,6537
25,4,3,second,52,120000,plus,17,26218
25,4,3,second,52,120000,minus,18,1599
25,4,3,second,52,120000,plus,18,20277
25,4,3,second,52,120000,minus,19,204
25,4,3,second,52,120000,plus,19,12045
25,4,3,second,52,120000,plus,20,5778
25,4,3,second,52,120000,plus,21,2177
25,4,3,second,52,120000,plus,22,432
25,5,0,first,53,120000,minus,5,24
25,5,0,first,53,120000,minus,6,120
25,5,0,first,53,120000,minus,7,328
25,5,0,first,53,120000,minus,8,856
25,5,0,first,53,120000,minus,9,2178
25,5,0,first,53,120000,plus,9,1
25,5,0,first,53,120000,minus,10,4287
25,5,0,first,53,120000,plus,10,15
25,5,0,first,53,120000,minus,11,8092
25,5,0,first,53,120000,plus,11,143
25,5,0,first,53,120000,minus,12,13427
25,5,0,first,53,120000,plus,12,729
25,5,0,first,53,120000,minus,13,20005
25,5,0,first,53,120000,plus,13,2844
25,5,0,first,53,120000,minus,14,24314
25,5,0,first,53,120000,plus,14,7892
25,5,0,first,53,120000,minus,15,22844
25,5,0,first,53,120000,plus,15,16710
25,5,0,first,53,120000,minus,16,15182
25,5,0,first,53,120000,plus,16,24976
25,5,0,first,53,120000,minus,17,6571
25,5,0,first,53,120000,plus,17,27013
25,5,0,first,53,120000,minus,18,1631
25,5,0,first,53,120000,plus,18,21394
25,5,0,first,53,120000,minus,19,141
25,5,0,first,53,120000,plus,19,12142
25,5,0,first,53,120000,plus,20,4965
25,5,0,first,53,120000,plus,21,1176
25,4,3,second,53,120000,minus,7,67
25,4,3,second,53,120000,minus,8,366
25,4,3,second,53,120000,minus,9,1363
25,4,3,second,53,120000,minus,10,3702
25,4,3,second,53,120000,plus,10,6
25,4,3,second,53,120000,minus,11,7746
25,4,3,second,53,120000,plus,11,128
25,4,3,second,53,120000,minus,12,13803
25,4,3,second,53,120000,plus,12,712
25,4,3,second,53,120000,minus,13,20754
25,4,3,second,53,120000,plus,13,2832
25,4,3,second,53,120000,minus,14,25307
25,4,3,second,53,120000,plus,14,8189
25,4,3,second,53,120000,minus,15,23298
25,4,3,second,53,120000,plus,15,16581
25,4,3,second,53,120000,minus,16,15277
25,4,3,second,53,120000,plus,16,24307
25,4,3,second,53,120000,minus,17,6481
25,4,3,second,53,120000,plus,17,26393
25,4,3,second,53,120000,minus,18,1610
25,4,3,second,53,120000,plus,18,20541
25,4,3,second,53,120000,minus,19,226
25,4,3,second,53,120000,plus,19,11896
25,4,3,second,53,120000,plus,20,5866
25,4,3,second,53,120000,plus,21,2034
25,4,3,second,53,120000,plus,22,515
25,5,0,first,54,120000,minus,5,25
25,5,0,first,54,120000,minus,6,113
25,5,0,first,54,120000,minus,7,357
25,5,0,first,54,120000,minus,8,945
25,5,0,first,54,120000,minus,9,2043
25,5,0,first,54,120000,plus,9,1
25,5,0,first,54,120000,minus,10,4270
25,5,0,first,54,120000,plus,10,11
25,5,0,first,54,120000,minus,11,7921
25,5,0,first,54,120000,plus,11,151
25,5,0,first,54,120000,minus,12,13621
25,5,0,first,54,120000,plus,12,772
25,5,0,first,54,120000,minus,13,19833
25,5,0,first,54,120000,plus,13,2891
25,5,0,first,54,120000,minus,14,24460
25,5,0,first,54,120000,plus,14,7917
25,5,0,first,54,120000,minus,15,22901
25,5,0,first,54,120000,plus,15,16201
25,5,0,first,54,120000,minus,16,15227
25,5,0,first,54,120000,plus,16,25259
25,5,0,first,54,120000,minus,17,6511
25,5,0,first,54,120000,plus,17,27452
25,5,0,first,54,120000,minus,18,1636
25,5,0,first,54,120000,plus,18,21111
25,5,0,first,54,120000,minus,19,137
25,5,0,first,54,120000,plus,19,12138
25,5,0,first,54,120000,plus,20,4866
25,5,0,first,54,120000,plus,21,1230
25,4,3,second,54,120000,minus,7,57
25,4,3,second,54,120000,minus,8,396
25,4,3,second,54,120000,minus,9,1294
25,4,3,second,54,120000,minus,10,3585
25,4,3,second,54,120000,plus,10,12
25,4,3,second,54,120000,minus,11,7596
25,4,3,second,54,120000,plus,11,109
25,4,3,second,54,120000,minus,12,13878
25,4,3,second,54,120000,plus,12,622
25,4,3,second,54,120000,minus,13,20969
25,4,3,second,54,120000,plus,13,2846
25,4,3,second,54,120000,minus,14,25272
25,4,3,second,54,120000,plus,14,8113
25,4,3,second,54,120000,minus,15,23414
25,4,3,second,54,120000,plus,15,16721
25,4,3,second,54,120000,minus,16,15173
25,4,3,second,54,120000,plus,16,24718
25,4,3,second,54,120000,minus,17,6481
25,4,3,second,54,120000,plus,17,26200
25,4,3,second,54,120000,minus,18,1676
25,4,3,second,54,120000,plus,18,20243
25,4,3,second,54,120000,minus,19,209
25,4,3,second,54,120000,plus,19,12026
25,4,3,second,54,120000,plus,20,5759
25,4,3,second,54,120000,plus,21,2140
25,4,3,second,54,120000,plus,22,491
25,5,0,first,55,120000,minus,5,18
25,5,0,first,55,120000,minus,6,98
25,5,0,first,55,120000,minus,7,327
25,5,0,first,55,120000,minus,8,970
25,5,0,first,55,120000,minus,9,2177
25,5,0,first,55,120000,minus,10,4300
25,5,0,first,55,120000,plus,10,20
25,5,0,first,55,120000,minus,11,8010
25,5,0,first,55,120000,plus,11,151
25,5,0,first,55,120000,minus,12,13475
25,5,0,first,55,120000,plus,12,810
25,5,0,first,55,120000,minus,13,19784
25,5,0,first,55,120000,plus,13,2752
25,5,0,first,55,120000,minus,14,24513
25,5,0,first,55,120000,plus,14,7977
25,5,0,first,55,120000,minus,15,23098
25,5,0,first,55,120000,plus,15,16614
25,5,0,first,55,120000,minus,16,15049
25,5,0,first,55,120000,plus,16,25152
25,5,0,first,55,120000,minus,17,6495
25,5,0,first,55,120000,plus,17,27138
25,5,0,first,55,120000,minus,18,1561
25,5,0,first,55,120000,plus,18,21177
25,5,0,first,55,120000,minus,19,125
25,5,0,first,55,120000,plus,19,12102
25,5,0,first,55,120000,plus,20,4906
25,5,0,first,55,120000,plus,21,1201
25,4,3,second,55,120000,minus,7,56
25,4,3,second,55,120000,minus,8,426
25,4,3,second,55,120000,minus,9,1312
25,4,3,second,55,120000,minus,10,3699
25,4,3,second,55,120000,plus,10,5
25,4,3,second,55,120000,minus,11,7725
25,4,3,second,55,120000,plus,11,137
25,4,3,second,55,120000,minus,12,13877
25,4,3,second,55,120000,plus,12,684
25,4,3,second,55,120000,minus,13,20941
25,4,3,second,55,120000,plus,13,2824
25,4,3,second,55,120000,minus,14,25184
25,4,3,second,55,120000,plus,14,8063
25,4,3,second,55,120000,minus,15,23182
25,4,3,second,55,120000,plus,15,16810
25,4,3,second,55,120000,minus,16,15286
25,4,3,second,55,120000,plus,16,24669
25,4,3,second,55,120000,minus,17,6398
25,4,3,second,55,120000,plus,17,26313
25,4,3,second,55,120000,minus,18,1714
25,4,3,second,55,120000,plus,18,20211
25,4,3,second,55,120000,minus,19,200
25,4,3,second,55,120000,plus,19,11973
25,4,3,second,55,120000,plus,20,5682
25,4,3,second,55,120000,plus,21,2147
25,4,3,second,55,120000,plus,22,482
25,5,0,first,56,120000,minus,5,24
25,5,0,first,56,120000,minus,6,81
25,5,0,first,56,120000,minus,7,383
25,5,0,first,56,120000,minus,8,952
25,5,0,first,56,120000,minus,9,2110
25,5,0,first,56,120000,minus,10,4281
25,5,0,first,56,120000,plus,10,24
25,5,0,first,56,120000,minus,11,8073
25,5,0,first,56,120000,plus,11,158
25,5,0,first,56,120000,minus,12,13387
25,5,0,first,56,120000,plus,12,768
25,5,0,first,56,120000,minus,13,19972
25,5,0,first,56,120000,plus,13,2798
25,5,0,first,56,120000,minus,14,24084
25,5,0,first,56,120000,plus,14,7960
25,5,0,first,56,120000,minus,15,23168
25,5,0,first,56,120000,plus,15,16487
25,5,0,first,56,120000,minus,16,15220
25,5,0,first,56,120000,plus,16,25214
25,5,0,first,56,120000,minus,17,6515
25,5,0,first,56,120000,plus,17,27040
25,5,0,first,56,120000,minus,18,1599
25,5,0,first,56,120000,plus,18,21260
25,5,0,first,56,120000,minus,19,151
25,5,0,first,56,120000,plus,19,12178
25,5,0,first,56,120000,plus,20,4941
25,5,0,first,56,120000,plus,21,1172
25,4,3,second,56,120000,minus,7,62
25,4,3,second,56,120000,minus,8,389
25,4,3,second,56,120000,minus,9,1361
25,4,3,second,56,120000,minus,10,3645
25,4,3,second,56,120000,plus,10,8
25,4,3,second,56,120000,minus,11,7870
25,4,3,second,56,120000,plus,11,121
25,4,3,second,56,120000,minus,12,14124
25,4,3,second,56,120000,plus,12,724
25,4,3,second,56,120000,minus,13,20603
25,4,3,second,56,120000,plus,13,3012
25,4,3,second,56,120000,minus,14,25242
25,4,3,second,56,120000,plus,14,8161
25,4,3,second,56,120000,minus,15,23239
25,4,3,second,56,120000,plus,15,16713
25,4,3,second,56,120000,minus,16,15223
25,4,3,second,56,120000,plus,16,24717
25,4,3,second,56,120000,minus,17,6420
25,4,3,second,56,120000,plus,17,26156
25,4,3,second,56,120000,minus,18,1606
25,4,3,second,56,120000,plus,18,20153
25,4,3,second,56,120000,minus,19,216
25,4,3,second,56,120000,plus,19,11859
25,4,3,second,56,120000,plus,20,5760
25,4,3,second,56,120000,plus,21,2151
25,4,3,second,56,120000,plus,22,465
25,5,0,first,57,120000,minus,5,23
25,5,0,first,57,120000,minus,6,117
25,5,0,first,57,120000,minus,7,400
25,5,0,first,57,120000,minus,8,951
25,5,0,first,57,120000,minus,9,2082
25,5,0,first,57,120000,plus,9,2
25,5,0,first,57,120000,minus,10,4304
25,5,0,first,57,120000,plus,10,22
25,5,0,first,57,120000,minus,11,8001
25,5,0,first,57,120000,plus,11,148
25,5,0,first,57,120000,minus,12,13399
25,5,0,first,57,120000,plus,12,804
25,5,0,first,57,120000,minus,13,19978
25,5,0,first,57,120000,plus,13,2809
25,5,0,first,57,120000,minus,14,24389
25,5,0,first,57,120000,plus,14,7954
25,5,0,first,57,120000,minus,15,22966
25,5,0,first,57,120000,plus,15,16524
25,5,0,first,57,120000,minus,16,15183
25,5,0,first,57,120000,plus,16,25142
25,5,0,first,57,120000,minus,17,6369
25,5,0,first,57,120000,plus,17,27123
25,5,0,first,57,120000,minus,18,1687
25,5,0,first,57,120000,plus,18,21087
25,5,0,first,57,120000,minus,19,151
25,5,0,first,57,120000,plus,19,12242
25,5,0,first,57,120000,plus,20,4897
25,5,0,first,57,120000,plus,21,1246
25,4,3,second,57,120000,minus,7,58
25,4,3,second,57,120000,minus,8,365
25,4,3,second,57,120000,minus,9,1357
25,4,3,second,57,120000,minus,10,3619
25,4,3,second,57,120000,plus,10,6
25,4,3,second,57,120000,minus,11,7579
25,4,3,second,57,120000,plus,11,95
25,4,3,second,57,120000,minus,12,14062
25,4,3,second,57,120000,plus,12,698
25,4,3,second,57,120000,minus,13,21013
25,4,3,second,57,120000,plus,13,2859
25,4,3,second,57,120000,minus,14,25258
25,4,3,second,57,120000,plus,14,8212
25,4,3,second,57,120000,minus,15,23311
25,4,3,second,57,120000,plus,15,16685
25,4,3,second,57,120000,minus,16,15306
25,4,3,second,57,120000,plus,16,24776
25,4,3,second,57,120000,minus,17,6335
25,4,3,second,57,120000,plus,17,26365
25,4,3,second,57,120000,minus,18,1536
25,4,3,second,57,120000,plus,18,20195
25,4,3,second,57,120000,minus,19,201
25,4,3,second,57,120000,plus,19,11872
25,4,3,second,57,120000,plus,20,5790
25,4,3,second,57,120000,plus,21,2008
25,4,3,second,57,120000,plus,22,439
25,5,0,first,58,120000,minus,5,11
25,5,0,first,58,120000,minus,6,121
25,5,0,first,58,120000,minus,7,362
25,5,0,first,58,120000,minus,8,971
25,5,0,first,58,120000,minus,9,2116
25,5,0,first,58,120000,plus,9,1
25,5,0,first,58,120000,minus,10,4302
25,5,0,first,58,120000,plus,10,18
25,5,0,first,58,120000,minus,11,7990
25,5,0,first,58,120000,plus,11,159
25,5,0,first,58,120000,minus,12,13315
25,5,0,first,58,120000,plus,12,767
25,5,0,first,58,120000,minus,13,19879
25,5,0,first,58,120000,plus,13,2795
25,5,0,first,58,120000,minus,14,24400
25,5,0,first,58,120000,plus,14,7848
25,5,0,first,58,120000,minus,15,22939
25,5,0,first,58,120000,plus,15,16702
25,5,0,first,58,120000,minus,16,15191
25,5,0,first,58,120000,plus,16,25125
25,5,0,first,58,120000,minus,17,6636
25,5,0,first,58,120000,plus,17,27117
25,5,0,first,58,120000,minus,18,1635
25,5,0,first,58,120000,plus,18,21024
25,5,0,first,58,120000,minus,19,132
25,5,0,first,58,120000,plus,19,12294
25,5,0,first,58,120000,plus,20,4959
25,5,0,first,58,120000,plus,21,1191
25,4,3,second,58,120000,minus,7,56
25,4,3,second,58,120000,minus,8,389
25,4,3,second,58,120000,minus,9,1398
25,4,3,second,58,120000,minus,10,3689
25,4,3,second,58,120000,plus,10,13
25,4,3,second,58,120000,minus,11,7438
25,4,3,second,58,120000,plus,11,117
25,4,3,second,58,120000,minus,12,14115
25,4,3,second,58,120000,plus,12,669
25,4,3,second,58,120000,minus,13,21017
25,4,3,second,58,120000,plus,13,2835
25,4,3,second,58,120000,minus,14,25399
25,4,3,second,58,120000,plus,14,8211
25,4,3,second,58,120000,minus,15,23084
25,4,3,second,58,120000,plus,15,16555
25,4,3,second,58,120000,minus,16,15243
25,4,3,second,58,120000,plus,16,24562
25,4,3,second,58,120000,minus,17,6347
25,4,3,second,58,120000,plus,17,26150
25,4,3,second,58,120000,minus,18,1637
25,4,3,second,58,120000,plus,18,20402
25,4,3,second,58,120000,minus,19,188
25,4,3,second,58,120000,plus,19,12023
25,4,3,second,58,120000,plus,20,5875
25,4,3,second,58,120000,plus,21,2144
25,4,3,second,58,120000,plus,22,444
25,5,0,first,59,120000,minus,5,24
25,5,0,first,59,120000,minus,6,108
25,5,0,first,59,120000,minus,7,358
25,5,0,first,59,120000,minus,8,907
25,5,0,first,59,120000,minus,9,2110
25,5,0,first,59,120000,plus,9,1
25,5,0,first,59,120000,minus,10,4248
25,5,0,first,59,120000,plus,10,16
25,5,0,first,59,120000,minus,11,7931
25,5,0,first,59,120000,plus,11,127
25,5,0,first,59,120000,minus,12,13462
25,5,0,first,59,120000,plus,12,743
25,5,0,first,59,120000,minus,13,19913
25,5,0,first,59,120000,plus,13,2833
25,5,0,first,59,120000,minus,14,24554
25,5,0,first,59,120000,plus,14,7979
25,5,0,first,59,120000,minus,15,22934
25,5,0,first,59,120000,plus,15,16482
25,5,0,first,59,120000,minus,16,15229
25,5,0,first,59,120000,plus,16,25151
25,5,0,first,59,120000,minus,17,6501
25,5,0,first,59,120000,plus,17,27213
25,5,0,first,59,120000,minus,18,1586
25,5,0,first,59,120000,plus,18,21094
25,5,0,first,59,120000,minus,19,135
25,5,0,first,59,120000,plus,19,12228
25,5,0,first,59,120000,plus,20,4970
25,5,0,first,59,120000,plus,21,1163
25,4,3,second,59,120000,minus,7,49
25,4,3,second,59,120000,minus,8,371
25,4,3,second,59,120000,minus,9,1442
25,4,3,second,59,120000,minus,10,3713
25,4,3,second,59,120000,plus,10,7
25,4,3,second,59,120000,minus,11,7711
25,4,3,second,59,120000,plus,11,112
25,4,3,second,59,120000,minus,12,13909
25,4,3,second,59,120000,plus,12,806
25,4,3,second,59,120000,minus,13,21000
25,4,3,second,59,120000,plus,13,2892
25,4,3,second,59,120000,minus,14,25218
25,4,3,second,59,120000,plus,14,8086
25,4,3,second,59,120000,minus,15,23225
25,4,3,second,59,120000,plus,15,16757
25,4,3,second,59,120000,minus,16,15109
25,4,3,second,59,120000,plus,16,24602
25,4,3,second,59,120000,minus,17,6384
25,4,3,second,59,120000,plus,17,26151
25,4,3,second,59,120000,minus,18,1660
25,4,3,second,59,120000,plus,18,20267
25,4,3,second,59,120000,minus,19,209
25,4,3,second,59,120000,plus,19,12016
25,4,3,second,59,120000,plus,20,5780
25,4,3,second,59,120000,plus,21,2060
25,4,3,second,59,120000,plus,22,464
25,5,0,first,60,120000,minus,5,26
25,5,0,first,60,120000,minus,6,103
25,5,0,first,60,120000,minus,7,385
25,5,0,first,60,120000,minus,8,995
25,5,0,first,60,120000,minus,9,2062
25,5,0,first,60,120000,minus,10,4282
25,5,0,first,60,120000,plus,10,20
25,5,0,first,60,120000,minus,11,8063
25,5,0,first,60,120000,plus,11,175
25,5,0,first,60,120000,minus,12,13377
25,5,0,first,60,120000,plus,12,761
25,5,0,first,60,120000,minus,13,19844
25,5,0,first,60,120000,plus,13,2759
25,5,0,first,60,120000,minus,14,24369
25,5,0,first,60,120000,plus,14,7905
25,5,0,first,60,120000,minus,15,22943
25,5,0,first,60,120000,plus,15,16442
25,5,0,first,60,120000,minus,16,15198
25,5,0,first,60,120000,plus,16,25096
25,5,0,first,60,120000,minus,17,6589
25,5,0,first,60,120000,plus,17,27351
25,5,0,first,60,120000,minus,18,1659
25,5,0,first,60,120000,plus,18,21291
25,5,0,first,60,120000,minus,19,105
25,5,0,first,60,120000,plus,19,12095
25,5,0,first,60,120000,plus,20,4970
25,5,0,first,60,120000,plus,21,1135
25,4,3,second,60,120000,minus,7,63
25,4,3,second,60,120000,minus,8,392
25,4,3,second,60,120000,minus,9,1395
25,4,3,second,60,120000,minus,10,3541
25,4,3,second,60,120000,plus,10,8
25,4,3,second,60,120000,minus,11,7754
25,4,3,second,60,120000,plus,11,114
25,4,3,second,60,120000,minus,12,14015
25,4,3,second,60,120000,plus,12,727
25,4,3,second,60,120000,minus,13,21033
25,4,3,second,60,120000,plus,13,2858
25,4,3,second,60,120000,minus,14,25027
25,4,3,second,60,120000,plus,14,8155
25,4,3,second,60,120000,minus,15,23375
25,4,3,second,60,120000,plus,15,16615
25,4,3,second,60,120000,minus,16,15179
25,4,3,second,60,120000,plus,16,24876
25,4,3,second,60,120000,minus,17,6451
25,4,3,second,60,120000,plus,17,26202
25,4,3,second,60,120000,minus,18,1568
25,4,3,second,60,120000,plus,18,20539
25,4,3,second,60,120000,minus,19,207
25,4,3,second,60,120000,plus,19,11809
25,4,3,second,60,120000,plus,20,5620
25,4,3,second,60,120000,plus,21,2007
25,4,3,second,60,120000,plus,22,470
25,5,0,first,61,120000,minus,5,21
25,5,0,first,61,120000,minus,6,110
25,5,0,first,61,120000,minus,7,375
25,5,0,first,61,120000,minus,8,884
25,5,0,first,61,120000,minus,9,2122
25,5,0,first,61,120000,plus,9,1
25,5,0,first,61,120000,minus,10,4408
25,5,0,first,61,120000,plus,10,21
25,5,0,first,61,120000,minus,11,7971
25,5,0,first,61,120000,plus,11,150
25,5,0,first,61,120000,minus,12,13490
25,5,0,first,61,120000,plus,12,733
25,5,0,first,61,120000,minus,13,19944
25,5,0,first,61,120000,plus,13,2849
25,5,0,first,61,120000,minus,14,24273
25,5,0,first,61,120000,plus,14,7809
25,5,0,first,61,120000,minus,15,22952
25,5,0,first,61,120000,plus,15,16529
25,5,0,first,61,120000,minus,16,15163
25,5,0,first,61,120000,plus,16,24910
25,5,0,first,61,120000,minus,17,6520
25,5,0,first,61,120000,plus,17,27442
25,5,0,first,61,120000,minus,18,1627
25,5,0,first,61,120000,plus,18,21203
25,5,0,first,61,120000,minus,19,140
25,5,0,first,61,120000,plus,19,12234
25,5,0,first,61,120000,plus,20,4958
25,5,0,first,61,120000,plus,21,1161
25,4,3,second,61,120000,minus,7,61
25,4,3,second,61,120000,minus,8,372
25,4,3,second,61,120000,minus,9,1353
25,4,3,second,61,120000,minus,10,3651
25,4,3,second,61,120000,plus,10,12
25,4,3,second,61,120000,minus,11,7675
25,4,3,second,61,120000,plus,11,105
25,4,3,second,61,120000,minus,12,13985
25,4,3,second,61,120000,plus,12,717
25,4,3,second,61,120000,minus,13,20857
25,4,3,second,61,120000,plus,13,2778
25,4,3,second,61,120000,minus,14,25308
25,4,3,second,61,120000,plus,14,8176
25,4,3,second,61,120000,minus,15,23168
25,4,3,second,61,120000,plus,15,16502
25,4,3,second,61,120000,minus,16,15199
25,4,3,second,61,120000,plus,16,24461
25,4,3,second,61,120000,minus,17,6519
25,4,3,second,61,120000,plus,17,26449
25,4,3,second,61,120000,minus,18,1631
25,4,3,second,61,120000,plus,18,20399
25,4,3,second,61,120000,minus,19,221
25,4,3,second,61,120000,plus,19,12066
25,4,3,second,61,120000,plus,20,5728
25,4,3,second,61,120000,plus,21,2113
25,4,3,second,61,120000,plus,22,494
25,5,0,first,62,120000,minus,5,25
25,5,0,first,62,120000,minus,6,107
25,5,0,first,62,120000,minus,7,374
25,5,0,first,62,120000,minus,8,932
25,5,0,first,62,120000,minus,9,2134
25,5,0,first,62,120000,plus,9,4
25,5,0,first,62,120000,minus,10,4334
25,5,0,first,62,120000,plus,10,22
25,5,0,first,62,120000,minus,11,8119
25,5,0,first,62,120000,plus,11,143
25,5,0,first,62,120000,minus,12,13605
25,5,0,first,62,120000,plus,12,735
25,5,0,first,62,120000,minus,13,19929
25,5,0,first,62,120000,plus,13,2820
25,5,0,first,62,120000,minus,14,24342
25,5,0,first,62,120000,plus,14,8001
25,5,0,first,62,120000,minus,15,22942
25,5,0,first,62,120000,plus,15,16706
25,5,0,first,62,120000,minus,16,14919
25,5,0,first,62,120000,plus,16,25170
25,5,0,first,62,120000,minus,17,6490
25,5,0,first,62,120000,plus,17,26816
25,5,0,first,62,120000,minus,18,1607
25,5,0,first,62,120000,plus,18,21109
25,5,0,first,62,120000,minus,19,141
25,5,0,first,62,120000,plus,19,12342
25,5,0,first,62,120000,plus,20,4939
25,5,0,first,62,120000,plus,21,1193
25,4,3,second,62,120000,minus,7,59
25,4,3,second,62,120000,minus,8,425
25,4,3,second,62,120000,minus,9,1383
25,4,3,second,62,120000,minus,10,3625
25,4,3,second,62,120000,plus,10,5
25,4,3,second,62,120000,minus,11,7832
25,4,3,second,62,120000,plus,11,119
25,4,3,second,62,120000,minus,12,14064
25,4,3,second,62,120000,plus,12,692
25,4,3,second,62,120000,minus,13,21033
25,4,3,second,62,120000,plus,13,2934
25,4,3,second,62,120000,minus,14,25278
25,4,3,second,62,120000,plus,14,8044
25,4,3,second,62,120000,minus,15,23018
25,4,3,second,62,120000,plus,15,16812
25,4,3,second,62,120000,minus,16,14923
25,4,3,second,62,120000,plus,16,24535
25,4,3,second,62,120000,minus,17,6475
25,4,3,second,62,120000,plus,17,26138
25,4,3,second,62,120000,minus,18,1671
25,4,3,second,62,120000,plus,18,20459
25,4,3,second,62,120000,minus,19,214
25,4,3,second,62,120000,plus,19,11911
25,4,3,second,62,120000,plus,20,5795
25,4,3,second,62,120000,plus,21,2130
25,4,3,second,62,120000,plus,22,426
25,5,0,first,63,120000,minus,5,21
25,5,0,first,63,120000,minus,6,129
25,5,0,first,63,120000,minus,7,352
25,5,0,first,63,120000,minus,8,898
25,5,0,first,63,120000,minus,9,2138
25,5,0,first,63,120000,plus,9,2
25,5,0,first,63,120000,minus,10,4293
25,5,0,first,63,120000,plus,10,20
25,5,0,first,63,120000,minus,11,7918
25,5,0,first,63,120000,plus,11,166
25,5,0,first,63,120000,minus,12,13567
25,5,0,first,63,120000,plus,12,767
25,5,0,first,63,120000,minus,13,19918
25,5,0,first,63,120000,plus,13,2840
25,5,0,first,63,120000,minus,14,24123
25,5,0,first,63,120000,plus,14,7881
25,5,0,first,63,120000,minus,15,22858
25,5,0,first,63,120000,plus,15,16586
25,5,0,first,63,120000,minus,16,15411
25,5,0,first,63,120000,plus,16,24715
25,5,0,first,63,120000,minus,17,6544
25,5,0,first,63,120000,plus,17,27338
25,5,0,first,63,120000,minus,18,1695
25,5,0,first,63,120000,plus,18,21427
25,5,0,first,63,120000,minus,19,135
25,5,0,first,63,120000,plus,19,12181
25,5,0,first,63,120000,plus,20,4932
25,5,0,first,63,120000,plus,21,1145
25,4,3,second,63,120000,minus,7,59
25,4,3,second,63,120000,minus,8,382
25,4,3,second,63,120000,minus,9,1391
25,4,3,second,63,120000,minus,10,3512
25,4,3,second,63,120000,plus,10,7
25,4,3,second,63,120000,minus,11,7793
25,4,3,second,63,120000,plus,11,103
25,4,3,second,63,120000,minus,12,13765
25,4,3,second,63,120000,plus,12,735
25,4,3,second,63,120000,minus,13,20983
25,4,3,second,63,120000,plus,13,2893
25,4,3,second,63,120000,minus,14,25206
25,4,3,second,63,120000,plus,14,8093
25,4,3,second,63,120000,minus,15,23323
25,4,3,second,63,120000,plus,15,16538
25,4,3,second,63,120000,minus,16,15190
25,4,3,second,63,120000,plus,16,24903
25,4,3,second,63,120000,minus,17,6578
25,4,3,second,63,120000,plus,17,26287
25,4,3,second,63,120000,minus,18,1604
25,4,3,second,63,120000,plus,18,20396
25,4,3,second,63,120000,minus,19,214
25,4,3,second,63,120000,plus,19,11886
25,4,3,second,63,120000,plus,20,5603
25,4,3,second,63,120000,plus,21,2080
25,4,3,second,63,120000,plus,22,476
25,5,0,first,64,120000,minus,5,25
25,5,0,first,64,120000,minus,6,110
25,5,0,first,64,120000,minus,7,381
25,5,0,first,64,120000,minus,8,887
25,5,0,first,64,120000,minus,9,2139
25,5,0,first,64,120000,plus,9,2
25,5,0,first,64,120000,minus,10,4343
25,5,0,first,64,120000,plus,10,22
25,5,0,first,64,120000,minus,11,7852
25,5,0,first,64,120000,plus,11,155
25,5,0,first,64,120000,minus,12,13541
25,5,0,first,64,120000,plus,12,732
25,5,0,first,64,120000,minus,13,19941
25,5,0,first,64,120000,plus,13,2741
25,5,0,first,64,120000,minus,14,24182
25,5,0,first,64,120000,plus,14,8010
25,5,0,first,64,120000,minus,15,22746
25,5,0,first,64,120000,plus,15,16549
25,5,0,first,64,120000,minus,16,15266
25,5,0,first,64,120000,plus,16,24941
25,5,0,first,64,120000,minus,17,6766
25,5,0,first,64,120000,plus,17,27174
25,5,0,first,64,120000,minus,18,1675
25,5,0,first,64,120000,plus,18,21166
25,5,0,first,64,120000,minus,19,146
25,5,0,first,64,120000,plus,19,12396
25,5,0,first,64,120000,plus,20,4934
25,5,0,first,64,120000,plus,21,1178
25,4,3,second,64,120000,minus,7,55
25,4,3,second,64,120000,minus,8,365
25,4,3,second,64,120000,minus,9,1360
25,4,3,second,64,120000,minus,10,3654
25,4,3,second,64,120000,plus,10,9
25,4,3,second,64,120000,minus,11,7620
25,4,3,second,64,120000,plus,11,100
25,4,3,second,64,120000,minus,12,13900
25,4,3,second,64,120000,plus,12,772
25,4,3,second,64,120000,minus,13,20845
25,4,3,second,64,120000,plus,13,2931
25,4,3,second,64,120000,minus,14,25407
25,4,3,second,64,120000,plus,14,8135
25,4,3,second,64,120000,minus,15,23330
25,4,3,second,64,120000,plus,15,16601
25,4,3,second,64,120000,minus,16,15173
25,4,3,second,64,120000,plus,16,24452
25,4,3,second,64,120000,minus,17,6487
25,4,3,second,64,120000,plus,17,26379
25,4,3,second,64,120000,minus,18,1628
25,4,3,second,64,120000,plus,18,20215
25,4,3,second,64,120000,minus,19,176
25,4,3,second,64,120000,plus,19,12122
25,4,3,second,64,120000,plus,20,5718
25,4,3,second,64,120000,plus,21,2113
25,4,3,second,64,120000,plus,22,453
25,5,0,first,65,120000,minus,5,15
25,5,0,first,65,120000,minus,6,98
25,5,0,first,65,120000,minus,7,387
25,5,0,first,65,120000,minus,8,954
25,5,0,first,65,120000,minus,9,2129
25,5,0,first,65,120000,minus,10,4228
25,5,0,first,65,120000,plus,10,20
25,5,0,first,65,120000,minus,11,8040
25,5,0,first,65,120000,plus,11,129
25,5,0,first,65,120000,minus,12,13595
25,5,0,first,65,120000,plus,12,782
25,5,0,first,65,120000,minus,13,19941
25,5,0,first,65,120000,plus,13,2823
25,5,0,first,65,120000,minus,14,24267
25,5,0,first,65,120000,plus,14,7864
25,5,0,first,65,120000,minus,15,22950
25,5,0,first,65,120000,plus,15,16512
25,5,0,first,65,120000,minus,16,15207
25,5,0,first,65,120000,plus,16,25276
25,5,0,first,65,120000,minus,17,6386
25,5,0,first,65,120000,plus,17,27031
25,5,0,first,65,120000,minus,18,1662
25,5,0,first,65,120000,plus,18,21181
25,5,0,first,65,120000,minus,19,141
25,5,0,first,65,120000,plus,19,12186
25,5,0,first,65,120000,plus,20,5013
25,5,0,first,65,120000,plus,21,1183
25,4,3,second,65,120000,minus,7,65
25,4,3,second,65,120000,minus,8,402
25,4,3,second,65,120000,minus,9,1393
25,4,3,second,65,120000,minus,10,3540
25,4,3,second,65,120000,plus,10,6
25,4,3,second,65,120000,minus,11,7665
25,4,3,second,65,120000,plus,11,109
25,4,3,second,65,120000,minus,12,13738
25,4,3,second,65,120000,plus,12,734
25,4,3,second,65,120000,minus,13,20971
25,4,3,second,65,120000,plus,13,2793
25,4,3,second,65,120000,minus,14,25513
25,4,3,second,65,120000,plus,14,8058
25,4,3,second,65,120000,minus,15,23235
25,4,3,second,65,120000,plus,15,16719
25,4,3,second,65,120000,minus,16,15204
25,4,3,second,65,120000,plus,16,24647
25,4,3,second,65,120000,minus,17,6481
25,4,3,second,65,120000,plus,17,26406
25,4,3,second,65,120000,minus,18,1596
25,4,3,second,65,120000,plus,18,20496
25,4,3,second,65,120000,minus,19,197
25,4,3,second,65,120000,plus,19,11842
25,4,3,second,65,120000,plus,20,5609
25,4,3,second,65,120000,plus,21,2095
25,4,3,second,65,120000,plus,22,486
25,5,0,first,66,120000,minus,5,23
25,5,0,first,66,120000,minus,6,106
25,5,0,first,66,120000,minus,7,357
25,5,0,first,66,120000,minus,8,991
25,5,0,first,66,120000,minus,9,2126
25,5,0,first,66,120000,plus,9,1
25,5,0,first,66,120000,minus,10,4298
25,5,0,first,66,120000,plus,10,19
25,5,0,first,66,120000,minus,11,8087
25,5,0,first,66,120000,plus,11,168
25,5,0,first,66,120000,minus,12,13393
25,5,0,first,66,120000,plus,12,751
25,5,0,first,66,120000,minus,13,20028
25,5,0,first,66,120000,plus,13,2786
25,5,0,first,66,120000,minus,14,24632
25,5,0,first,66,120000,plus,14,7819
25,5,0,first,66,120000,minus,15,22697
25,5,0,first,66,120000,plus,15,16508
25,5,0,first,66,120000,minus,16,14977
25,5,0,first,66,120000,plus,16,25049
25,5,0,first,66,120000,minus,17,6533
25,5,0,first,66,120000,plus,17,27118
25,5,0,first,66,120000,minus,18,1626
25,5,0,first,66,120000,plus,18,21385
25,5,0,first,66,120000,minus,19,126
25,5,0,first,66,120000,plus,19,12140
25,5,0,first,66,120000,plus,20,5036
25,5,0,first,66,120000,plus,21,1220
25,4,3,second,66,120000,minus,7,58
25,4,3,second,66,120000,minus,8,395
25,4,3,second,66,120000,minus,9,1382
25,4,3,second,66,120000,minus,10,3556
25,4,3,second,66,120000,plus,10,7
25,4,3,second,66,120000,minus,11,7703
25,4,3,second,66,120000,plus,11,117
25,4,3,second,66,120000,minus,12,13816
25,4,3,second,66,120000,plus,12,692
25,4,3,second,66,120000,minus,13,20829
25,4,3,second,66,120000,plus,13,2763
25,4,3,second,66,120000,minus,14,25314
25,4,3,second,66,120000,plus,14,8046
25,4,3,second,66,120000,minus,15,23319
25,4,3,second,66,120000,plus,15,16894
25,4,3,second,66,120000,minus,16,15316
25,4,3,second,66,120000,plus,16,24607
25,4,3,second,66,120000,minus,17,6523
25,4,3,second,66,120000,plus,17,26120
25,4,3,second,66,120000,minus,18,1614
25,4,3,second,66,120000,plus,18,20617
25,4,3,second,66,120000,minus,19,175
25,4,3,second,66,120000,plus,19,12022
25,4,3,second,66,120000,plus,20,5576
25,4,3,second,66,120000,plus,21,2080
25,4,3,second,66,120000,plus,22,459
25,5,0,first,67,120000,minus,5,19
25,5,0,first,67,120000,minus,6,99
25,5,0,first,67,120000,minus,7,374
25,5,0,first,67,120000,minus,8,950
25,5,0,first,67,120000,minus,9,2077
25,5,0,first,67,120000,plus,9,1
25,5,0,first,67,120000,minus,10,4165
25,5,0,first,67,120000,plus,10,17
25,5,0,first,67,120000,minus,11,7894
25,5,0,first,67,120000,plus,11,147
25,5,0,first,67,120000,minus,12,13386
25,5,0,first,67,120000,plus,12,699
25,5,0,first,67,120000,minus,13,20061
25,5,0,first,67,120000,plus,13,2769
25,5,0,first,67,120000,minus,14,24699
25,5,0,first,67,120000,plus,14,7804
25,5,0,first,67,120000,minus,15,22737
25,5,0,first,67,120000,plus,15,16592
25,5,0,first,67,120000,minus,16,15009
25,5,0,first,67,120000,plus,16,24879
25,5,0,first,67,120000,minus,17,6761
25,5,0,first,67,120000,plus,17,27492
25,5,0,first,67,120000,minus,18,1641
25,5,0,first,67,120000,plus,18,21235
25,5,0,first,67,120000,minus,19,128
25,5,0,first,67,120000,plus,19,12324
25,5,0,first,67,120000,plus,20,4870
25,5,0,first,67,120000,plus,21,1171
25,4,3,second,67,120000,minus,7,66
25,4,3,second,67,120000,minus,8,390
25,4,3,second,67,120000,minus,9,1344
25,4,3,second,67,120000,minus,10,3606
25,4,3,second,67,120000,plus,10,5
25,4,3,second,67,120000,minus,11,7707
25,4,3,second,67,120000,plus,11,111
25,4,3,second,67,120000,minus,12,13959
25,4,3,second,67,120000,plus,12,713
25,4,3,second,67,120000,minus,13,20952
25,4,3,second,67,120000,plus,13,2872
25,4,3,second,67,120000,minus,14,24915
25,4,3,second,67,120000,plus,14,8204
25,4,3,second,67,120000,minus,15,23361
25,4,3,second,67,120000,plus,15,16544
25,4,3,second,67,120000,minus,16,15252
25,4,3,second,67,120000,plus,16,24786
25,4,3,second,67,120000,minus,17,6546
25,4,3,second,67,120000,plus,17,26165
25,4,3,second,67,120000,minus,18,1702
25,4,3,second,67,120000,plus,18,20250
25,4,3,second,67,120000,minus,19,200
25,4,3,second,67,120000,plus,19,11992
25,4,3,second,67,120000,plus,20,5745
25,4,3,second,67,120000,plus,21,2149
25,4,3,second,67,120000,plus,22,464
25,5,0,first,68,120000,minus,5,19
25,5,0,first,68,120000,minus,6,101
25,5,0,first,68,120000,minus,7,399
25,5,0,first,68,120000,minus,8,985
25,5,0,first,68,120000,minus,9,2087
25,5,0,first,68,120000,minus,10,4234
25,5,0,first,68,120000,plus,10,21
25,5,0,first,68,120000,minus,11,8020
25,5,0,first,68,120000,plus,11,138
25,5,0,first,68,120000,minus,12,13282
25,5,0,first,68,120000,plus,12,773
25,5,0,first,68,120000,minus,13,20017
25,5,0,first,68,120000,plus,13,2828
25,5,0,first,68,120000,minus,14,24397
25,5,0,first,68,120000,plus,14,8094
25,5,0,first,68,120000,minus,15,22916
25,5,0,first,68,120000,plus,15,16420
25,5,0,first,68,120000,minus,16,15136
25,5,0,first,68,120000,plus,16,25136
25,5,0,first,68,120000,minus,17,6594
25,5,0,first,68,120000,plus,17,27080
25,5,0,first,68,120000,minus,18,1664
25,5,0,first,68,120000,plus,18,21044
25,5,0,first,68,120000,minus,19,149
25,5,0,first,68,120000,plus,19,12421
25,5,0,first,68,120000,plus,20,4904
25,5,0,first,68,120000,plus,21,1141
25,4,3,second,68,120000,minus,7,73
25,4,3,second,68,120000,minus,8,384
25,4,3,second,68,120000,minus,9,1369
25,4,3,second,68,120000,minus,10,3617
25,4,3,second,68,120000,plus,10,8
25,4,3,second,68,120000,minus,11,7785
25,4,3,second,68,120000,plus,11,103
25,4,3,second,68,120000,minus,12,13803
25,4,3,second,68,120000,plus,12,676
25,4,3,second,68,120000,minus,13,20963
25,4,3,second,68,120000,plus,13,2852
25,4,3,second,68,120000,minus,14,25332
25,4,3,second,68,120000,plus,14,8152
25,4,3,second,68,120000,minus,15,23274
25,4,3,second,68,120000,plus,15,16531
25,4,3,second,68,120000,minus,16,14976
25,4,3,second,68,120000,plus,16,24392
25,4,3,second,68,120000,minus,17,6536
25,4,3,second,68,120000,plus,17,26245
25,4,3,second,68,120000,minus,18,1665
25,4,3,second,68,120000,plus,18,20435
25,4,3,second,68,120000,minus,19,223
25,4,3,second,68,120000,plus,19,12248
25,4,3,second,68,120000,plus,20,5757
25,4,3,second,68,120000,plus,21,2126
25,4,3,second,68,120000,plus,22,475
25,5,0,first,69,120000,minus,5,26
25,5,0,first,69,120000,minus,6,130
25,5,0,first,69,120000,minus,7,359
25,5,0,first,69,120000,minus,8,936
25,5,0,first,69,120000,minus,9,2099
25,5,0,first,69,120000,minus,10,4230
25,5,0,first,69,120000,plus,10,24
25,5,0,first,69,120000,minus,11,7984
25,5,0,first,69,120000,plus,11,158
25,5,0,first,69,120000,minus,12,13481
25,5,0,first,69,120000,plus,12,766
25,5,0,first,69,120000,minus,13,20104
25,5,0,first,69,120000,plus,13,2755
25,5,0,first,69,120000,minus,14,24414
25,5,0,first,69,120000,plus,14,7924
25,5,0,first,69,120000,minus,15,22680
25,5,0,first,69,120000,plus,15,16560
25,5,0,first,69,120000,minus,16,15217
25,5,0,first,69,120000,plus,16,24657
25,5,0,first,69,120000,minus,17,6617
25,5,0,first,69,120000,plus,17,27249
25,5,0,first,69,120000,minus,18,1597
25,5,0,first,69,120000,plus,18,21284
25,5,0,first,69,120000,minus,19,126
25,5,0,first,69,120000,plus,19,12305
25,5,0,first,69,120000,plus,20,5156
25,5,0,first,69,120000,plus,21,1162
25,4,3,second,69,120000,minus,7,70
25,4,3,second,69,120000,minus,8,383
25,4,3,second,69,120000,minus,9,1334
25,4,3,second,69,120000,minus,10,3717
25,4,3,second,69,120000,plus,10,10
25,4,3,second,69,120000,minus,11,7697
25,4,3,second,69,120000,plus,11,110
25,4,3,second,69,120000,minus,12,14014
25,4,3,second,69,120000,plus,12,729
25,4,3,second,69,120000,minus,13,20887
25,4,3,second,69,120000,plus,13,2915
25,4,3,second,69,120000,minus,14,25063
25,4,3,second,69,120000,plus,14,8059
25,4,3,second,69,120000,minus,15,23250
25,4,3,second,69,120000,plus,15,16779
25,4,3,second,69,120000,minus,16,15364
25,4,3,second,69,120000,plus,16,24487
25,4,3,second,69,120000,minus,17,6418
25,4,3,second,69,120000,plus,17,26324
25,4,3,second,69,120000,minus,18,1598
25,4,3,second,69,120000,plus,18,20375
25,4,3,second,69,120000,minus,19,205
25,4,3,second,69,120000,plus,19,12023
25,4,3,second,69,120000,plus,20,5622
25,4,3,second,69,120000,plus,21,2092
25,4,3,second,69,120000,plus,22,475
25,5,0,first,70,120000,minus,5,26
25,5,0,first,70,120000,minus,6,112
25,5,0,first,70,120000,minus,7,396
25,5,0,first,70,120000,minus,8,929
25,5,0,first,70,120000,minus,9,2087
25,5,0,first,70,120000,plus,9,1
25,5,0,first,70,120000,minus,10,4228
25,5,0,first,70,120000,plus,10,23
25,5,0,first,70,120000,minus,11,8028
25,5,0,first,70,120000,plus,11,148
25,5,0,first,70,120000,minus,12,13440
25,5,0,first,70,120000,plus,12,777
25,5,0,first,70,120000,minus,13,19906
25,5,0,first,70,120000,plus,13,2800
25,5,0,first,70,120000,minus,14,24225
25,5,0,first,70,120000,plus,14,7831
25,5,0,first,70,120000,minus,15,23097
25,5,0,first,70,120000,plus,15,16479
25,5,0,first,70,120000,minus,16,15209
25,5,0,first,70,120000,plus,16,25279
25,5,0,first,70,120000,minus,17,6549
25,5,0,first,70,120000,plus,17,27160
25,5,0,first,70,120000,minus,18,1606
25,5,0,first,70,120000,plus,18,21288
25,5,0,first,70,120000,minus,19,162
25,5,0,first,70,120000,plus,19,12104
25,5,0,first,70,120000,plus,20,4933
25,5,0,first,70,120000,plus,21,1177
25,4,3,second,70,120000,minus,7,70
25,4,3,second,70,120000,minus,8,404
25,4,3,second,70,120000,minus,9,1373
25,4,3,second,70,120000,minus,10,3642
25,4,3,second,70,120000,plus,10,8
25,4,3,second,70,120000,minus,11,7883
25,4,3,second,70,120000,plus,11,108
25,4,3,second,70,120000,minus,12,13705
25,4,3,second,70,120000,plus,12,681
25,4,3,second,70,120000,minus,13,20902
25,4,3,second,70,120000,plus,13,2844
25,4,3,second,70,120000,minus,14,25583
25,4,3,second,70,120000,plus,14,8061
25,4,3,second,70,120000,minus,15,23184
25,4,3,second,70,120000,plus,15,16846
25,4,3,second,70,120000,minus,16,15144
25,4,3,second,70,120000,plus,16,24676
25,4,3,second,70,120000,minus,17,6335
25,4,3,second,70,120000,plus,17,26154
25,4,3,second,70,120000,minus,18,1575
25,4,3,second,70,120000,plus,18,20177
25,4,3,second,70,120000,minus,19,200
25,4,3,second,70,120000,plus,19,12047
25,4,3,second,70,120000,plus,20,5752
25,4,3,second,70,120000,plus,21,2164
25,4,3,second,70,120000,plus,22,482
25,5,0,first,71,120000,minus,5,29
25,5,0,first,71,120000,minus,6,104
25,5,0,first,71,120000,minus,7,346
25,5,0,first,71,120000,minus,8,909
25,5,0,first,71,120000,minus,9,2070
25,5,0,first,71,120000,plus,9,2
25,5,0,first,71,120000,minus,10,4310
25,5,0,first,71,120000,plus,10,19
25,5,0,first,71,120000,minus,11,7808
25,5,0,first,71,120000,plus,11,153
25,5,0,first,71,120000,minus,12,13574
25,5,0,first,71,120000,plus,12,773
25,5,0,first,71,120000,minus,13,19869
25,5,0,first,71,120000,plus,13,2767
25,5,0,first,71,120000,minus,14,24469
25,5,0,first,71,120000,plus,14,7911
25,5,0,first,71,120000,minus,15,22988
25,5,0,first,71,120000,plus,15,16365
25,5,0,first,71,120000,minus,16,15186
25,5,0,first,71,120000,plus,16,25102
25,5,0,first,71,120000,minus,17,6682
25,5,0,first,71,120000,plus,17,27122
25,5,0,first,71,120000,minus,18,1538
25,5,0,first,71,120000,plus,18,21595
25,5,0,first,71,120000,minus,19,118
25,5,0,first,71,120000,plus,19,12108
25,5,0,first,71,120000,plus,20,4924
25,5,0,first,71,120000,plus,21,1159
25,4,3,second,71,120000,minus,7,64
25,4,3,second,71,120000,minus,8,387
25,4,3,second,71,120000,minus,9,1443
25,4,3,second,71,120000,minus,10,3630
25,4,3,second,71,120000,plus,10,6
25,4,3,second,71,120000,minus,11,7679
25,4,3,second,71,120000,plus,11,118
25,4,3,second,71,120000,minus,12,14152
25,4,3,second,71,120000,plus,12,750
25,4,3,second,71,120000,minus,13,20758
25,4,3,second,71,120000,plus,13,2985
25,4,3,second,71,120000,minus,14,25054
25,4,3,second,71,120000,plus,14,8281
25,4,3,second,71,120000,minus,15,23357
25,4,3,second,71,120000,plus,15,16472
25,4,3,second,71,120000,minus,16,15230
25,4,3,second,71,120000,plus,16,24486
25,4,3,second,71,120000,minus,17,6454
25,4,3,second,71,120000,plus,17,26158
25,4,3,second,71,120000,minus,18,1607
25,4,3,second,71,120000,plus,18,20494
25,4,3,second,71,120000,minus,19,185
25,4,3,second,71,120000,plus,19,11943
25,4,3,second,71,120000,plus,20,5615
25,4,3,second,71,120000,plus,21,2199
25,4,3,second,71,120000,plus,22,493
25,5,0,first,72,120000,minus,5,27
25,5,0,first,72,120000,minus,6,131
25,5,0,first,72,120000,minus,7,389
25,5,0,first,72,120000,minus,8,905
25,5,0,first,72,120000,minus,9,2087
25,5,0,first,72,120000,plus,9,1
25,5,0,first,72,120000,minus,10,4287
25,5,0,first,72,120000,plus,10,10
25,5,0,first,72,120000,minus,11,8030
25,5,0,first,72,120000,plus,11,127
25,5,0,first,72,120000,minus,12,13581
25,5,0,first,72,120000,plus,12,751
25,5,0,first,72,120000,minus,13,19989
25,5,0,first,72,120000,plus,13,2897
25,5,0,first,72,120000,minus,14,24493
25,5,0,first,72,120000,plus,14,7862
25,5,0,first,72,120000,minus,15,22646
25,5,0,first,72,120000,plus,15,16555
25,5,0,first,72,120000,minus,16,15140
25,5,0,first,72,120000,plus,16,25335
25,5,0,first,72,120000,minus,17,6523
25,5,0,first,72,120000,plus,17,27088
25,5,0,first,72,120000,minus,18,1640
25,5,0,first,72,120000,plus,18,21082
25,5,0,first,72,120000,minus,19,132
25,5,0,first,72,120000,plus,19,12120
25,5,0,first,72,120000,plus,20,4970
25,5,0,first,72,120000,plus,21,1202
25,4,3,second,72,120000,minus,7,64
25,4,3,second,72,120000,minus,8,387
25,4,3,second,72,120000,minus,9,1406
25,4,3,second,72,120000,minus,10,3566
25,4,3,second,72,120000,plus,10,2
25,4,3,second,72,120000,minus,11,7864
25,4,3,second,72,120000,plus,11,117
25,4,3,second,72,120000,minus,12,13879
25,4,3,second,72,120000,plus,12,716
25,4,3,second,72,120000,minus,13,20811
25,4,3,second,72,120000,plus,13,2925
25,4,3,second,72,120000,minus,14,25202
25,4,3,second,72,120000,plus,14,8131
25,4,3,second,72,120000,minus,15,23379
25,4,3,second,72,120000,plus,15,16421
25,4,3,second,72,120000,minus,16,15257
25,4,3,second,72,120000,plus,16,24776
25,4,3,second,72,120000,minus,17,6378
25,4,3,second,72,120000,plus,17,26058
25,4,3,second,72,120000,minus,18,1590
25,4,3,second,72,120000,plus,18,20506
25,4,3,second,72,120000,minus,19,217
25,4,3,second,72,120000,plus,19,12022
25,4,3,second,72,120000,plus,20,5824
25,4,3,second,72,120000,plus,21,2079
25,4,3,second,72,120000,plus,22,423
25,5,0,first,73,120000,minus,5,18
25,5,0,first,73,120000,minus,6,113
25,5,0,first,73,120000,minus,7,353
25,5,0,first,73,120000,minus,8,936
25,5,0,first,73,120000,minus,9,2071
25,5,0,first,73,120000,plus,9,2
25,5,0,first,73,120000,minus,10,4162
25,5,0,first,73,120000,plus,10,23
25,5,0,first,73,120000,minus,11,8057
25,5,0,first,73,120000,plus,11,144
25,5,0,first,73,120000,minus,12,13665
25,5,0,first,73,120000,plus,12,760
25,5,0,first,73,120000,minus,13,19784
25,5,0,first,73,120000,plus,13,2837
25,5,0,first,73,120000,minus,14,24408
25,5,0,first,73,120000,plus,14,7961
25,5,0,first,73,120000,minus,15,22740
25,5,0,first,73,120000,plus,15,16563
25,5,0,first,73,120000,minus,16,15210
25,5,0,first,73,120000,plus,16,24731
25,5,0,first,73,120000,minus,17,6758
25,5,0,first,73,120000,plus,17,27232
25,5,0,first,73,120000,minus,18,1586
25,5,0,first,73,120000,plus,18,21463
25,5,0,first,73,120000,minus,19,139
25,5,0,first,73,120000,plus,19,12164
25,5,0,first,73,120000,plus,20,4889
25,5,0,first,73,120000,plus,21,1231
25,4,3,second,73,120000,minus,7,65
25,4,3,second,73,120000,minus,8,374
25,4,3,second,73,120000,minus,9,1339
25,4,3,second,73,120000,minus,10,3536
25,4,3,second,73,120000,plus,10,10
25,4,3,second,73,120000,minus,11,7544
25,4,3,second,73,120000,plus,11,118
25,4,3,second,73,120000,minus,12,13874
25,4,3,second,73,120000,plus,12,695
25,4,3,second,73,120000,minus,13,20936
25,4,3,second,73,120000,plus,13,2854
25,4,3,second,73,120000,minus,14,25462
25,4,3,second,73,120000,plus,14,8041
25,4,3,second,73,120000,minus,15,23216
25,4,3,second,73,120000,plus,15,16796
25,4,3,second,73,120000,minus,16,15301
25,4,3,second,73,120000,plus,16,24814
25,4,3,second,73,120000,minus,17,6495
25,4,3,second,73,120000,plus,17,25962
25,4,3,second,73,120000,minus,18,1651
25,4,3,second,73,120000,plus,18,20513
25,4,3,second,73,120000,minus,19,207
25,4,3,second,73,120000,plus,19,11962
25,4,3,second,73,120000,plus,20,5652
25,4,3,second,73,120000,plus,21,2133
25,4,3,second,73,120000,plus,22,450
25,5,0,first,74,120000,minus,5,23
25,5,0,first,74,120000,minus,6,104
25,5,0,first,74,120000,minus,7,370
25,5,0,first,74,120000,minus,8,954
25,5,0,first,74,120000,minus,9,2030
25,5,0,first,74,120000,plus,9,2
25,5,0,first,74,120000,minus,10,4228
25,5,0,first,74,120000,plus,10,21
25,5,0,first,74,120000,minus,11,7952
25,5,0,first,74,120000,plus,11,145
25,5,0,first,74,120000,minus,12,13414
25,5,0,first,74,120000,plus,12,736
25,5,0,first,74,120000,minus,13,19603
25,5,0,first,74,120000,plus,13,2822
25,5,0,first,74,120000,minus,14,24414
25,5,0,first,74,120000,plus,14,7820
25,5,0,first,74,120000,minus,15,23255
25,5,0,first,74,120000,plus,15,16464
25,5,0,first,74,120000,minus,16,15280
25,5,0,first,74,120000,plus,16,25180
25,5,0,first,74,120000,minus,17,6559
25,5,0,first,74,120000,plus,17,27151
25,5,0,first,74,120000,minus,18,1671
25,5,0,first,74,120000,plus,18,21190
25,5,0,first,74,120000,minus,19,143
25,5,0,first,74,120000,plus,19,12271
25,5,0,first,74,120000,plus,20,5024
25,5,0,first,74,120000,plus,21,1174
25,4,3,second,74,120000,minus,7,60
25,4,3,second,74,120000,minus,8,393
25,4,3,second,74,120000,minus,9,1375
25,4,3,second,74,120000,minus,10,3581
25,4,3,second,74,120000,plus,10,3
25,4,3,second,74,120000,minus,11,7775
25,4,3,second,74,120000,plus,11,119
25,4,3,second,74,120000,minus,12,13996
25,4,3,second,74,120000,plus,12,699
25,4,3,second,74,120000,minus,13,20907
25,4,3,second,74,120000,plus,13,2882
25,4,3,second,74,120000,minus,14,25234
25,4,3,second,74,120000,plus,14,8206
25,4,3,second,74,120000,minus,15,23077
25,4,3,second,74,120000,plus,15,16595
25,4,3,second,74,120000,minus,16,15337
25,4,3,second,74,120000,plus,16,24801
25,4,3,second,74,120000,minus,17,6416
25,4,3,second,74,120000,plus,17,26152
25,4,3,second,74,120000,minus,18,1645
25,4,3,second,74,120000,plus,18,20284
25,4,3,second,74,120000,minus,19,204
25,4,3,second,74,120000,plus,19,11946
25,4,3,second,74,120000,plus,20,5680
25,4,3,second,74,120000,plus,21,2157
25,4,3,second,74,120000,plus,22,476
25,5,0,first,75,120000,minus,5,29
25,5,0,first,75,120000,minus,6,125
25,5,0,first,75,120000,minus,7,358
25,5,0,first,75,120000,minus,8,965
25,5,0,first,75,120000,minus,9,2137
25,5,0,first,75,120000,plus,9,1
25,5,0,first,75,120000,minus,10,4250
25,5,0,first,75,120000,plus,10,17
25,5,0,first,75,120000,minus,11,7924
25,5,0,first,75,120000,plus,11,129
25,5,0,first,75,120000,minus,12,13364
25,5,0,first,75,120000,plus,12,718
25,5,0,first,75,120000,minus,13,20109
25,5,0,first,75,120000,plus,13,2790
25,5,0,first,75,120000,minus,14,24555
25,5,0,first,75,120000,plus,14,7912
25,5,0,first,75,120000,minus,15,22747
25,5,0,first,75,120000,plus,15,16530
25,5,0,first,75,120000,minus,16,15179
25,5,0,first,75,120000,plus,16,24988
25,5,0,first,75,120000,minus,17,6550
25,5,0,first,75,120000,plus,17,27233
25,5,0,first,75,120000,minus,18,1584
25,5,0,first,75,120000,plus,18,21350
25,5,0,first,75,120000,minus,19,124
25,5,0,first,75,120000,plus,19,12351
25,5,0,first,75,120000,plus,20,4792
25,5,0,first,75,120000,plus,21,1189
25,4,3,second,75,120000,minus,7,73
25,4,3,second,75,120000,minus,8,411
25,4,3,second,75,120000,minus,9,1360
25,4,3,second,75,120000,minus,10,3704
25,4,3,second,75,120000,plus,10,8
25,4,3,second,75,120000,minus,11,7729
25,4,3,second,75,120000,plus,11,110
25,4,3,second,75,120000,minus,12,13939
25,4,3,second,75,120000,plus,12,747
25,4,3,second,75,120000,minus,13,20902
25,4,3,second,75,120000,plus,13,2831
25,4,3,second,75,120000,minus,14,25105
25,4,3,second,75,120000,plus,14,8197
25,4,3,second,75,120000,minus,15,23309
25,4,3,second,75,120000,plus,15,16639
25,4,3,second,75,120000,minus,16,15272
25,4,3,second,75,120000,plus,16,24769
25,4,3,second,75,120000,minus,17,6402
25,4,3,second,75,120000,plus,17,26347
25,4,3,second,75,120000,minus,18,1607
25,4,3,second,75,120000,plus,18,20390
25,4,3,second,75,120000,minus,19,187
25,4,3,second,75,120000,plus,19,11794
25,4,3,second,75,120000,plus,20,5649
25,4,3,second,75,120000,plus,21,2070
25,4,3,second,75,120000,plus,22,449
25,5,0,first,76,120000,minus,5,20
25,5,0,first,76,120000,minus,6,114
25,5,0,first,76,120000,minus,7,364
25,5,0,first,76,120000,minus,8,924
25,5,0,first,76,120000,minus,9,2073
25,5,0,first,76,120000,plus,9,2
25,5,0,first,76,120000,minus,10,4272
25,5,0,first,76,120000,plus,10,19
25,5,0,first,76,120000,minus,11,7859
25,5,0,first,76,120000,plus,11,147
25,5,0,first,76,120000,minus,12,13417
25,5,0,first,76,120000,plus,12,750
25,5,0,first,76,120000,minus,13,19928
25,5,0,first,76,120000,plus,13,2872
25,5,0,first,76,120000,minus,14,24601
25,5,0,first,76,120000,plus,14,7872
25,5,0,first,76,120000,minus,15,22962
25,5,0,first,76,120000,plus,15,16587
25,5,0,first,76,120000,minus,16,15227
25,5,0,first,76,120000,plus,16,24954
25,5,0,first,76,120000,minus,17,6434
25,5,0,first,76,120000,plus,17,27129
25,5,0,first,76,120000,minus,18,1654
25,5,0,first,76,120000,plus,18,21300
25,5,0,first,76,120000,minus,19,151
25,5,0,first,76,120000,plus,19,12222
25,5,0,first,76,120000,plus,20,4973
25,5,0,first,76,120000,plus,21,1173
25,4,3,second,76,120000,minus,7,60
25,4,3,second,76,120000,minus,8,415
25,4,3,second,76,120000,minus,9,1360
25,4,3,second,76,120000,minus,10,3516
25,4,3,second,76,120000,plus,10,10
25,4,3,second,76,120000,minus,11,7631
25,4,3,second,76,120000,plus,11,113
25,4,3,second,76,120000,minus,12,14025
25,4,3,second,76,120000,plus,12,705
25,4,3,second,76,120000,minus,13,20814
25,4,3,second,76,120000,plus,13,2862
25,4,3,second,76,120000,minus,14,25361
25,4,3,second,76,120000,plus,14,8200
25,4,3,second,76,120000,minus,15,23358
25,4,3,second,76,120000,plus,15,16593
25,4,3,second,76,120000,minus,16,15054
25,4,3,second,76,120000,plus,16,24598
25,4,3,second,76,120000,minus,17,6493
25,4,3,second,76,120000,plus,17,26221
25,4,3,second,76,120000,minus,18,1702
25,4,3,second,76,120000,plus,18,20423
25,4,3,second,76,120000,minus,19,211
25,4,3,second,76,120000,plus,19,11931
25,4,3,second,76,120000,plus,20,5719
25,4,3,second,76,120000,plus,21,2136
25,4,3,second,76,120000,plus,22,489
25,5,0,first,77,120000,minus,5,27
25,5,0,first,77,120000,minus,6,106
25,5,0,first,77,120000,minus,7,350
25,5,0,first,77,120000,minus,8,946
25,5,0,first,77,120000,minus,9,2120
25,5,0,first,77,120000,minus,10,4128
25,5,0,first,77,120000,plus,10,25
25,5,0,first,77,120000,minus,11,7972
25,5,0,first,77,120000,plus,11,151
25,5,0,first,77,120000,minus,12,13320
25,5,0,first,77,120000,plus,12,738
25,5,0,first,77,120000,minus,13,20061
25,5,0,first,77,120000,plus,13,2742
25,5,0,first,77,120000,minus,14,24580
25,5,0,first,77,120000,plus,14,7775
25,5,0,first,77,120000,minus,15,22872
25,5,0,first,77,120000,plus,15,16669
25,5,0,first,77,120000,minus,16,15171
25,5,0,first,77,120000,plus,16,25042
25,5,0,first,77,120000,minus,17,6580
25,5,0,first,77,120000,plus,17,27469
25,5,0,first,77,120000,minus,18,1632
25,5,0,first,77,120000,plus,18,21060
25,5,0,first,77,120000,minus,19,135
25,5,0,first,77,120000,plus,19,12294
25,5,0,first,77,120000,plus,20,4844
25,5,0,first,77,120000,plus,21,1191
25,4,3,second,77,120000,minus,7,70
25,4,3,second,77,120000,minus,8,388
25,4,3,second,77,120000,minus,9,1346
25,4,3,second,77,120000,minus,10,3486
25,4,3,second,77,120000,plus,10,3
25,4,3,second,77,120000,minus,11,7885
25,4,3,second,77,120000,plus,11,111
25,4,3,second,77,120000,minus,12,13910
25,4,3,second,77,120000,plus,12,724
25,4,3,second,77,120000,minus,13,20871
25,4,3,second,77,120000,plus,13,2756
25,4,3,second,77,120000,minus,14,25286
25,4,3,second,77,120000,plus,14,8139
25,4,3,second,77,120000,minus,15,23283
25,4,3,second,77,120000,plus,15,16782
25,4,3,second,77,120000,minus,16,15271
25,4,3,second,77,120000,plus,16,24555
25,4,3,second,77,120000,minus,17,6377
25,4,3,second,77,120000,plus,17,26229
25,4,3,second,77,120000,minus,18,1638
25,4,3,second,77,120000,plus,18,20378
25,4,3,second,77,120000,minus,19,189
25,4,3,second,77,120000,plus,19,11978
25,4,3,second,77,120000,plus,20,5679
25,4,3,second,77,120000,plus,21,2173
25,4,3,second,77,120000,plus,22,493
25,5,0,first,78,120000,minus,5,15
25,5,0,first,78,120000,minus,6,106
25,5,0,first,78,120000,minus,7,347
25,5,0,first,78,120000,minus,8,976
25,5,0,first,78,120000,minus,9,2112
25,5,0,first,78,120000,plus,9,1
25,5,0,first,78,120000,minus,10,4287
25,5,0,first,78,120000,plus,10,13
25,5,0,first,78,120000,minus,11,8045
25,5,0,first,78,120000,plus,11,148
25,5,0,first,78,120000,minus,12,13336
25,5,0,first,78,120000,plus,12,734
25,5,0,first,78,120000,minus,13,19738
25,5,0,first,78,120000,plus,13,2842
25,5,0,first,78,120000,minus,14,24548
25,5,0,first,78,120000,plus,14,7741
25,5,0,first,78,120000,minus,15,22981
25,5,0,first,78,120000,plus,15,16584
25,5,0,first,78,120000,minus,16,15340
25,5,0,first,78,120000,plus,16,24973
25,5,0,first,78,120000,minus,17,6458
25,5,0,first,78,120000,plus,17,27360
25,5,0,first,78,120000,minus,18,1575
25,5,0,first,78,120000,plus,18,21320
25,5,0,first,78,120000,minus,19,136
25,5,0,first,78,120000,plus,19,12244
25,5,0,first,78,120000,plus,20,4892
25,5,0,first,78,120000,plus,21,1148
25,4,3,second,78,120000,minus,7,80
25,4,3,second,78,120000,minus,8,381
25,4,3,second,78,120000,minus,9,1332
25,4,3,second,78,120000,minus,10,3698
25,4,3,second,78,120000,plus,10,11
25,4,3,second,78,120000,minus,11,7839
25,4,3,second,78,120000,plus,11,102
25,4,3,second,78,120000,minus,12,13812
25,4,3,second,78,120000,plus,12,679
25,4,3,second,78,120000,minus,13,20888
25,4,3,second,78,120000,plus,13,2791
25,4,3,second,78,120000,minus,14,25216
25,4,3,second,78,120000,plus,14,8231
25,4,3,second,78,120000,minus,15,23229
25,4,3,second,78,120000,plus,15,16668
25,4,3,second,78,120000,minus,16,15239
25,4,3,second,78,120000,plus,16,24703
25,4,3,second,78,120000,minus,17,6520
25,4,3,second,78,120000,plus,17,26273
25,4,3,second,78,120000,minus,18,1578
25,4,3,second,78,120000,plus,18,20305
25,4,3,second,78,120000,minus,19,188
25,4,3,second,78,120000,plus,19,11952
25,4,3,second,78,120000,plus,20,5664
25,4,3,second,78,120000,plus,21,2129
25,4,3,second,78,120000,plus,22,492
25,5,0,first,79,120000,minus,5,24
25,5,0,first,79,120000,minus,6,118
25,5,0,first,79,120000,minus,7,368
25,5,0,first,79,120000,minus,8,967
25,5,0,first,79,120000,minus,9,2106
25,5,0,first,79,120000,minus,10,4341
25,5,0,first,79,120000,plus,10,21
25,5,0,first,79,120000,minus,11,7901
25,5,0,first,79,120000,plus,11,156
25,5,0,first,79,120000,minus,12,13329
25,5,0,first,79,120000,plus,12,806
25,5,0,first,79,120000,minus,13,19884
25,5,0,first,79,120000,plus,13,2795
25,5,0,first,79,120000,minus,14,24508
25,5,0,first,79,120000,plus,14,7835
25,5,0,first,79,120000,minus,15,22893
25,5,0,first,79,120000,plus,15,16709
25,5,0,first,79,120000,minus,16,15135
25,5,0,first,79,120000,plus,16,24984
25,5,0,first,79,120000,minus,17,6635
25,5,0,first,79,120000,plus,17,27083
25,5,0,first,79,120000,minus,18,1662
25,5,0,first,79,120000,plus,18,21387
25,5,0,first,79,120000,minus,19,129
25,5,0,first,79,120000,plus,19,12119
25,5,0,first,79,120000,plus,20,4960
25,5,0,first,79,120000,plus,21,1145
25,4,3,second,79,120000,minus,7,65
25,4,3,second,79,120000,minus,8,397
25,4,3,second,79,120000,minus,9,1366
25,4,3,second,79,120000,minus,10,3607
25,4,3,second,79,120000,plus,10,9
25,4,3,second,79,120000,minus,11,7444
25,4,3,second,79,120000,plus,11,118
25,4,3,second,79,120000,minus,12,13912
25,4,3,second,79,120000,plus,12,738
25,4,3,second,79,120000,minus,13,20925
25,4,3,second,79,120000,plus,13,2851
25,4,3,second,79,120000,minus,14,25412
25,4,3,second,79,120000,plus,14,8040
25,4,3,second,79,120000,minus,15,23219
25,4,3,second,79,120000,plus,15,16651
25,4,3,second,79,120000,minus,16,15349
25,4,3,second,79,120000,plus,16,24724
25,4,3,second,79,120000,minus,17,6514
25,4,3,second,79,120000,plus,17,26445
25,4,3,second,79,120000,minus,18,1570
25,4,3,second,79,120000,plus,18,20289
25,4,3,second,79,120000,minus,19,220
25,4,3,second,79,120000,plus,19,11966
25,4,3,second,79,120000,plus,20,5591
25,4,3,second,79,120000,plus,21,2100
25,4,3,second,79,120000,plus,22,478
25,5,0,first,80,120000,minus,5,26
25,5,0,first,80,120000,minus,6,114
25,5,0,first,80,120000,minus,7,365
25,5,0,first,80,120000,minus,8,924
25,5,0,first,80,120000,minus,9,2082
25,5,0,first,80,120000,plus,9,1
25,5,0,first,80,120000,minus,10,4343
25,5,0,first,80,120000,plus,10,26
25,5,0,first,80,120000,minus,11,7935
25,5,0,first,80,120000,plus,11,158
25,5,0,first,80,120000,minus,12,13647
25,5,0,first,80,120000,plus,12,758
25,5,0,first,80,120000,minus,13,20028
25,5,0,first,80,120000,plus,13,2889
25,5,0,first,80,120000,minus,14,24332
25,5,0,first,80,120000,plus,14,7951
25,5,0,first,80,120000,minus,15,22891
25,5,0,first,80,120000,plus,15,16646
25,5,0,first,80,120000,minus,16,15048
25,5,0,first,80,120000,plus,16,25247
25,5,0,first,80,120000,minus,17,6556
25,5,0,first,80,120000,plus,17,27195
25,5,0,first,80,120000,minus,18,1563
25,5,0,first,80,120000,plus,18,21062
25,5,0,first,80,120000,minus,19,146
25,5,0,first,80,120000,plus,19,11973
25,5,0,first,80,120000,plus,20,4946
25,5,0,first,80,120000,plus,21,1148
25,4,3,second,80,120000,minus,7,58
25,4,3,second,80,120000,minus,8,378
25,4,3,second,80,120000,minus,9,1364
25,4,3,second,80,120000,minus,10,3561
25,4,3,second,80,120000,plus,10,10
25,4,3,second,80,120000,minus,11,7778
25,4,3,second,80,120000,plus,11,108
25,4,3,second,80,120000,minus,12,14124
25,4,3,second,80,120000,plus,12,694
25,4,3,second,80,120000,minus,13,21040
25,4,3,second,80,120000,plus,13,2799
25,4,3,second,80,120000,minus,14,25166
25,4,3,second,80,120000,plus,14,7999
25,4,3,second,80,120000,minus,15,23125
25,4,3,second,80,120000,plus,15,16786
25,4,3,second,80,120000,minus,16,15166
25,4,3,second,80,120000,plus,16,24649
25,4,3,second,80,120000,minus,17,6374
25,4,3,second,80,120000,plus,17,26397
25,4,3,second,80,120000,minus,18,1659
25,4,3,second,80,120000,plus,18,20184
25,4,3,second,80,120000,minus,19,207
25,4,3,second,80,120000,plus,19,12006
25,4,3,second,80,120000,plus,20,5735
25,4,3,second,80,120000,plus,21,2173
25,4,3,second,80,120000,plus,22,460
25,5,0,first,81,120000,minus,5,16
25,5,0,first,81,120000,minus,6,102
25,5,0,first,81,120000,minus,7,361
25,5,0,first,81,120000,minus,8,982
25,5,0,first,81,120000,minus,9,2083
25,5,0,first,81,120000,plus,9,3
25,5,0,first,81,120000,minus,10,4313
25,5,0,first,81,120000,plus,10,24
25,5,0,first,81,120000,minus,11,8037
25,5,0,first,81,120000,plus,11,161
25,5,0,first,81,120000,minus,12,13331
25,5,0,first,81,120000,plus,12,762
25,5,0,first,81,120000,minus,13,19991
25,5,0,first,81,120000,plus,13,2757
25,5,0,first,81,120000,minus,14,24411
25,5,0,first,81,120000,plus,14,8070
25,5,0,first,81,120000,minus,15,23117
25,5,0,first,81,120000,plus,15,16471
25,5,0,first,81,120000,minus,16,15116
25,5,0,first,81,120000,plus,16,25126
25,5,0,first,81,120000,minus,17,6413
25,5,0,first,81,120000,plus,17,27193
25,5,0,first,81,120000,minus,18,1603
25,5,0,first,81,120000,plus,18,21178
25,5,0,first,81,120000,minus,19,124
25,5,0,first,81,120000,plus,19,12088
25,5,0,first,81,120000,plus,20,4968
25,5,0,first,81,120000,plus,21,1199
25,4,3,second,81,120000,minus,7,50
25,4,3,second,81,120000,minus,8,388
25,4,3,second,81,120000,minus,9,1369
25,4,3,second,81,120000,minus,10,3608
25,4,3,second,81,120000,plus,10,7
25,4,3,second,81,120000,minus,11,7836
25,4,3,second,81,120000,plus,11,110
25,4,3,second,81,120000,minus,12,14024
25,4,3,second,81,120000,plus,12,714
25,4,3,second,81,120000,minus,13,20861
25,4,3,second,81,120000,plus,13,2902
25,4,3,second,81,120000,minus,14,25101
25,4,3,second,81,120000,plus,14,8053
25,4,3,second,81,120000,minus,15,23008
25,4,3,second,81,120000,plus,15,16876
25,4,3,second,81,120000,minus,16,15223
25,4,3,second,81,120000,plus,16,24499
25,4,3,second,81,120000,minus,17,6701
25,4,3,second,81,120000,plus,17,26193
25,4,3,second,81,120000,minus,18,1646
25,4,3,second,81,120000,plus,18,20321
25,4,3,second,81,120000,minus,19,185
25,4,3,second,81,120000,plus,19,11986
25,4,3,second,81,120000,plus,20,5717
25,4,3,second,81,120000,plus,21,2160
25,4,3,second,81,120000,plus,22,462
25,5,0,first,82,120000,minus,5,22
25,5,0,first,82,120000,minus,6,109
25,5,0,first,82,120000,minus,7,351
25,5,0,first,82,120000,minus,8,929
25,5,0,first,82,120000,minus,9,2049
25,5,0,first,82,120000,plus,9,2
25,5,0,first,82,120000,minus,10,4305
25,5,0,first,82,120000,plus,10,20
25,5,0,first,82,120000,minus,11,7825
25,5,0,first,82,120000,plus,11,166
25,5,0,first,82,120000,minus,12,13447
25,5,0,first,82,120000,plus,12,751
25,5,0,first,82,120000,minus,13,19941
25,5,0,first,82,120000,plus,13,2776
25,5,0,first,82,120000,minus,14,24471
25,5,0,first,82,120000,plus,14,7763
25,5,0,first,82,120000,minus,15,22914
25,5,0,first,82,120000,plus,15,16652
25,5,0,first,82,120000,minus,16,15389
25,5,0,first,82,120000,plus,16,25283
25,5,0,first,82,120000,minus,17,6511
25,5,0,first,82,120000,plus,17,27177
25,5,0,first,82,120000,minus,18,1594
25,5,0,first,82,120000,plus,18,21179
25,5,0,first,82,120000,minus,19,143
25,5,0,first,82,120000,plus,19,12155
25,5,0,first,82,120000,plus,20,4918
25,5,0,first,82,120000,plus,21,1158
25,4,3,second,82,120000,minus,7,64
25,4,3,second,82,120000,minus,8,404
25,4,3,second,82,120000,minus,9,1324
25,4,3,second,82,120000,minus,10,3514
25,4,3,second,82,120000,plus,10,6
25,4,3,second,82,120000,minus,11,7788
25,4,3,second,82,120000,plus,11,120
25,4,3,second,82,120000,minus,12,13927
25,4,3,second,82,120000,plus,12,691
25,4,3,second,82,120000,minus,13,20969
25,4,3,second,82,120000,plus,13,2872
25,4,3,second,82,120000,minus,14,25363
25,4,3,second,82,120000,plus,14,8139
25,4,3,second,82,120000,minus,15,23271
25,4,3,second,82,120000,plus,15,16527
25,4,3,second,82,120000,minus,16,15116
25,4,3,second,82,120000,plus,16,24778
25,4,3,second,82,120000,minus,17,6422
25,4,3,second,82,120000,plus,17,26070
25,4,3,second,82,120000,minus,18,1642
25,4,3,second,82,120000,plus,18,20236
25,4,3,second,82,120000,minus,19,196
25,4,3,second,82,120000,plus,19,12249
25,4,3,second,82,120000,plus,20,5680
25,4,3,second,82,120000,plus,21,2150
25,4,3,second,82,120000,plus,22,482
25,5,0,first,83,120000,minus,5,20
25,5,0,first,83,120000,minus,6,132
25,5,0,first,83,120000,minus,7,328
25,5,0,first,83,120000,minus,8,924
25,5,0,first,83,120000,minus,9,2191
25,5,0,first,83,120000,minus,10,4292
25,5,0,first,83,120000,plus,10,15
25,5,0,first,83,120000,minus,11,7981
25,5,0,first,83,120000,plus,11,148
25,5,0,first,83,120000,minus,12,13359
25,5,0,first,83,120000,plus,12,753
25,5,0,first,83,120000,minus,13,19853
25,5,0,first,83,120000,plus,13,2799
25,5,0,first,83,120000,minus,14,24592
25,5,0,first,83,120000,plus,14,8032
25,5,0,first,83,120000,minus,15,22934
25,5,0,first,83,120000,plus,15,16677
25,5,0,first,83,120000,minus,16,15085
25,5,0,first,83,120000,plus,16,24937
25,5,0,first,83,120000,minus,17,6600
25,5,0,first,83,120000,plus,17,27051
25,5,0,first,83,120000,minus,18,1583
25,5,0,first,83,120000,plus,18,21167
25,5,0,first,83,120000,minus,19,126
25,5,0,first,83,120000,plus,19,12284
25,5,0,first,83,120000,plus,20,4988
25,5,0,first,83,120000,plus,21,1149
25,4,3,second,83,120000,minus,7,46
25,4,3,second,83,120000,minus,8,375
25,4,3,second,83,120000,minus,9,1352
25,4,3,second,83,120000,minus,10,3601
25,4,3,second,83,120000,plus,10,4
25,4,3,second,83,120000,minus,11,7773
25,4,3,second,83,120000,plus,11,104
25,4,3,second,83,120000,minus,12,13809
25,4,3,second,83,120000,plus,12,669
25,4,3,second,83,120000,minus,13,20889
25,4,3,second,83,120000,plus,13,2793
25,4,3,second,83,120000,minus,14,25333
25,4,3,second,83,120000,plus,14,8056
25,4,3,second,83,120000,minus,15,23352
25,4,3,second,83,120000,plus,15,16899
25,4,3,second,83,120000,minus,16,15160
25,4,3,second,83,120000,plus,16,24546
25,4,3,second,83,120000,minus,17,6516
25,4,3,second,83,120000,plus,17,26183
25,4,3,second,83,120000,minus,18,1607
25,4,3,second,83,120000,plus,18,20396
25,4,3,second,83,120000,minus,19,187
25,4,3,second,83,120000,plus,19,11904
25,4,3,second,83,120000,plus,20,5764
25,4,3,second,83,120000,plus,21,2176
25,4,3,second,83,120000,plus,22,506
25,5,0,first,84,120000,minus,5,13
25,5,0,first,84,120000,minus,6,99
25,5,0,first,84,120000,minus,7,369
25,5,0,first,84,120000,minus,8,970
25,5,0,first,84,120000,minus,9,2108
25,5,0,first,84,120000,plus,9,1
25,5,0,first,84,120000,minus,10,4191
25,5,0,first,84,120000,plus,10,19
25,5,0,first,84,120000,minus,11,8030
25,5,0,first,84,120000,plus,11,132
25,5,0,first,84,120000,minus,12,13598
25,5,0,first,84,120000,plus,12,772
25,5,0,first,84,120000,minus,13,19909
25,5,0,first,84,120000,plus,13,2776
25,5,0,first,84,120000,minus,14,24443
25,5,0,first,84,120000,plus,14,7825
25,5,0,first,84,120000,minus,15,22651
25,5,0,first,84,120000,plus,15,16509
25,5,0,first,84,120000,minus,16,15404
25,5,0,first,84,120000,plus,16,25138
25,5,0,first,84,120000,minus,17,6457
25,5,0,first,84,120000,plus,17,27155
25,5,0,first,84,120000,minus,18,1624
25,5,0,first,84,120000,plus,18,21404
25,5,0,first,84,120000,minus,19,134
25,5,0,first,84,120000,plus,19,12157
25,5,0,first,84,120000,plus,20,4915
25,5,0,first,84,120000,plus,21,1197
25,4,3,second,84,120000,minus,7,63
25,4,3,second,84,120000,minus,8,405
25,4,3,second,84,120000,minus,9,1352
25,4,3,second,84,120000,minus,10,3555
25,4,3,second,84,120000,plus,10,9
25,4,3,second,84,120000,minus,11,7733
25,4,3,second,84,120000,plus,11,108
25,4,3,second,84,120000,minus,12,13948
25,4,3,second,84,120000,plus,12,753
25,4,3,second,84,120000,minus,13,20816
25,4,3,second,84,120000,plus,13,2809
25,4,3,second,84,120000,minus,14,25194
25,4,3,second,84,120000,plus,14,8011
25,4,3,second,84,120000,minus,15,23465
25,4,3,second,84,120000,plus,15,16694
25,4,3,second,84,120000,minus,16,15221
25,4,3,second,84,120000,plus,16,24678
25,4,3,second,84,120000,minus,17,6461
25,4,3,second,84,120000,plus,17,26208
25,4,3,second,84,120000,minus,18,1578
25,4,3,second,84,120000,plus,18,20350
25,4,3,second,84,120000,minus,19,209
25,4,3,second,84,120000,plus,19,12005
25,4,3,second,84,120000,plus,20,5750
25,4,3,second,84,120000,plus,21,2116
25,4,3,second,84,120000,plus,22,509
25,5,0,first,85,120000,minus,5,23
25,5,0,first,85,120000,minus,6,103
25,5,0,first,85,120000,minus,7,368
25,5,0,first,85,120000,minus,8,927
25,5,0,first,85,120000,minus,9,2163
25,5,0,first,85,120000,plus,9,1
25,5,0,first,85,120000,minus,10,4328
25,5,0,first,85,120000,plus,10,22
25,5,0,first,85,120000,minus,11,8011
25,5,0,first,85,120000,plus,11,162
25,5,0,first,85,120000,minus,12,13550
25,5,0,first,85,120000,plus,12,713
25,5,0,first,85,120000,minus,13,19798
25,5,0,first,85,120000,plus,13,2884
25,5,0,first,85,120000,minus,14,24308
25,5,0,first,85,120000,plus,14,7839
25,5,0,first,85,120000,minus,15,22793
25,5,0,first,85,120000,plus,15,16431
25,5,0,first,85,120000,minus,16,15333
25,5,0,first,85,120000,plus,16,24989
25,5,0,first,85,120000,minus,17,6552
25,5,0,first,85,120000,plus,17,27280
25,5,0,first,85,120000,minus,18,1614
25,5,0,first,85,120000,plus,18,21281
25,5,0,first,85,120000,minus,19,129
25,5,0,first,85,120000,plus,19,12269
25,5,0,first,85,120000,plus,20,4918
25,5,0,first,85,120000,plus,21,1211
25,4,3,second,85,120000,minus,7,60
25,4,3,second,85,120000,minus,8,381
25,4,3,second,85,120000,minus,9,1416
25,4,3,second,85,120000,minus,10,3638
25,4,3,second,85,120000,plus,10,6
25,4,3,second,85,120000,minus,11,7686
25,4,3,second,85,120000,plus,11,139
25,4,3,second,85,120000,minus,12,13890
25,4,3,second,85,120000,plus,12,738
25,4,3,second,85,120000,minus,13,20971
25,4,3,second,85,120000,plus,13,2954
25,4,3,second,85,120000,minus,14,25328
25,4,3,second,85,120000,plus,14,8144
25,4,3,second,85,120000,minus,15,23165
25,4,3,second,85,120000,plus,15,16598
25,4,3,second,85,120000,minus,16,15219
25,4,3,second,85,120000,plus,16,24599
25,4,3,second,85,120000,minus,17,6438
25,4,3,second,85,120000,plus,17,26172
25,4,3,second,85,120000,minus,18,1608
25,4,3,second,85,120000,plus,18,20423
25,4,3,second,85,120000,minus,19,200
25,4,3,second,85,120000,plus,19,12003
25,4,3,second,85,120000,plus,20,5650
25,4,3,second,85,120000,plus,21,2112
25,4,3,second,85,120000,plus,22,462
25,5,0,first,86,120000,minus,5,22
25,5,0,first,86,120000,minus,6,119
25,5,0,first,86,120000,minus,7,357
25,5,0,first,86,120000,minus,8,952
25,5,0,first,86,120000,minus,9,2151
25,5,0,first,86,120000,plus,9,1
25,5,0,first,86,120000,minus,10,4305
25,5,0,first,86,120000,plus,10,11
25,5,0,first,86,120000,minus,11,7935
25,5,0,first,86,120000,plus,11,129
25,5,0,first,86,120000,minus,12,13523
25,5,0,first,86,120000,plus,12,772
25,5,0,first,86,120000,minus,13,20041
25,5,0,first,86,120000,plus,13,2778
25,5,0,first,86,120000,minus,14,24143
25,5,0,first,86,120000,plus,14,7898
25,5,0,first,86,120000,minus,15,22880
25,5,0,first,86,120000,plus,15,16737
25,5,0,first,86,120000,minus,16,15127
25,5,0,first,86,120000,plus,16,25157
25,5,0,first,86,120000,minus,17,6611
25,5,0,first,86,120000,plus,17,26841
25,5,0,first,86,120000,minus,18,1693
25,5,0,first,86,120000,plus,18,21455
25,5,0,first,86,120000,minus,19,141
25,5,0,first,86,120000,plus,19,12020
25,5,0,first,86,120000,plus,20,4997
25,5,0,first,86,120000,plus,21,1204
25,4,3,second,86,120000,minus,7,53
25,4,3,second,86,120000,minus,8,397
25,4,3,second,86,120000,minus,9,1360
25,4,3,second,86,120000,minus,10,3520
25,4,3,second,86,120000,plus,10,3
25,4,3,second,86,120000,minus,11,7732
25,4,3,second,86,120000,plus,11,117
25,4,3,second,86,120000,minus,12,13917
25,4,3,second,86,120000,plus,12,734
25,4,3,second,86,120000,minus,13,20864
25,4,3,second,86,120000,plus,13,2815
25,4,3,second,86,120000,minus,14,25390
25,4,3,second,86,120000,plus,14,8118
25,4,3,second,86,120000,minus,15,23228
25,4,3,second,86,120000,plus,15,16532
25,4,3,second,86,120000,minus,16,15182
25,4,3,second,86,120000,plus,16,24553
25,4,3,second,86,120000,minus,17,6532
25,4,3,second,86,120000,plus,17,26528
25,4,3,second,86,120000,minus,18,1632
25,4,3,second,86,120000,plus,18,20328
25,4,3,second,86,120000,minus,19,193
25,4,3,second,86,120000,plus,19,12017
25,4,3,second,86,120000,plus,20,5743
25,4,3,second,86,120000,plus,21,2043
25,4,3,second,86,120000,plus,22,469
25,5,0,first,87,120000,minus,5,9
25,5,0,first,87,120000,minus,6,100
25,5,0,first,87,120000,minus,7,367
25,5,0,first,87,120000,minus,8,902
25,5,0,first,87,120000,minus,9,2107
25,5,0,first,87,120000,minus,10,4291
25,5,0,first,87,120000,plus,10,20
25,5,0,first,87,120000,minus,11,8002
25,5,0,first,87,120000,plus,11,151
25,5,0,first,87,120000,minus,12,13342
25,5,0,first,87,120000,plus,12,746
25,5,0,first,87,120000,minus,13,19978
25,5,0,first,87,120000,plus,13,2732
25,5,0,first,87,120000,minus,14,24367
25,5,0,first,87,120000,plus,14,8052
25,5,0,first,87,120000,minus,15,22982
25,5,0,first,87,120000,plus,15,16522
25,5,0,first,87,120000,minus,16,15149
25,5,0,first,87,120000,plus,16,25101
25,5,0,first,87,120000,minus,17,6616
25,5,0,first,87,120000,plus,17,27224
25,5,0,first,87,120000,minus,18,1651
25,5,0,first,87,120000,plus,18,21320
25,5,0,first,87,120000,minus,19,137
25,5,0,first,87,120000,plus,19,12045
25,5,0,first,87,120000,plus,20,4908
25,5,0,first,87,120000,plus,21,1179
25,4,3,second,87,120000,minus,7,70
25,4,3,second,87,120000,minus,8,392
25,4,3,second,87,120000,minus,9,1358
25,4,3,second,87,120000,minus,10,3593
25,4,3,second,87,120000,plus,10,5
25,4,3,second,87,120000,minus,11,7810
25,4,3,second,87,120000,plus,11,101
25,4,3,second,87,120000,minus,12,13811
25,4,3,second,87,120000,plus,12,727
25,4,3,second,87,120000,minus,13,20794
25,4,3,second,87,120000,plus,13,2923
25,4,3,second,87,120000,minus,14,25389
25,4,3,second,87,120000,plus,14,8119
25,4,3,second,87,120000,minus,15,23423
25,4,3,second,87,120000,plus,15,16594
25,4,3,second,87,120000,minus,16,15083
25,4,3,second,87,120000,plus,16,24654
25,4,3,second,87,120000,minus,17,6460
25,4,3,second,87,120000,plus,17,26151
25,4,3,second,87,120000,minus,18,1586
25,4,3,second,87,120000,plus,18,20449
25,4,3,second,87,120000,minus,19,231
25,4,3,second,87,120000,plus,19,11971
25,4,3,second,87,120000,plus,20,5722
25,4,3,second,87,120000,plus,21,2097
25,4,3,second,87,120000,plus,22,487
25,5,0,first,88,120000,minus,5,26
25,5,0,first,88,120000,minus,6,120
25,5,0,first,88,120000,minus,7,336
25,5,0,first,88,120000,minus,8,920
25,5,0,first,88,120000,minus,9,2131
25,5,0,first,88,120000,plus,9,2
25,5,0,first,88,120000,minus,10,4321
25,5,0,first,88,120000,plus,10,18
25,5,0,first,88,120000,minus,11,7898
25,5,0,first,88,120000,plus,11,173
25,5,0,first,88,120000,minus,12,13474
25,5,0,first,88,120000,plus,12,745
25,5,0,first,88,120000,minus,13,20096
25,5,0,first,88,120000,plus,13,2858
25,5,0,first,88,120000,minus,14,24480
25,5,0,first,88,120000,plus,14,7961
25,5,0,first,88,120000,minus,15,23004
25,5,0,first,88,120000,plus,15,16720
25,5,0,first,88,120000,minus,16,14916
25,5,0,first,88,120000,plus,16,25243
25,5,0,first,88,120000,minus,17,6513
25,5,0,first,88,120000,plus,17,27008
25,5,0,first,88,120000,minus,18,1626
25,5,0,first,88,120000,plus,18,20945
25,5,0,first,88,120000,minus,19,139
25,5,0,first,88,120000,plus,19,12220
25,5,0,first,88,120000,plus,20,4897
25,5,0,first,88,120000,plus,21,1210
25,4,3,second,88,120000,minus,7,70
25,4,3,second,88,120000,minus,8,393
25,4,3,second,88,120000,minus,9,1391
25,4,3,second,88,120000,minus,10,3526
25,4,3,second,88,120000,plus,10,5
25,4,3,second,88,120000,minus,11,7768
25,4,3,second,88,120000,plus,11,121
25,4,3,second,88,120000,minus,12,14031
25,4,3,second,88,120000,plus,12,684
25,4,3,second,88,120000,minus,13,21090
25,4,3,second,88,120000,plus,13,2877
25,4,3,second,88,120000,minus,14,25349
25,4,3,second,88,120000,plus,14,8216
25,4,3,second,88,120000,minus,15,23106
25,4,3,second,88,120000,plus,15,16716
25,4,3,second,88,120000,minus,16,14986
25,4,3,second,88,120000,plus,16,24695
25,4,3,second,88,120000,minus,17,6450
25,4,3,second,88,120000,plus,17,26141
25,4,3,second,88,120000,minus,18,1644
25,4,3,second,88,120000,plus,18,20274
25,4,3,second,88,120000,minus,19,196
25,4,3,second,88,120000,plus,19,11976
25,4,3,second,88,120000,plus,20,5735
25,4,3,second,88,120000,plus,21,2108
25,4,3,second,88,120000,plus,22,452
25,5,0,first,89,120000,minus,5,23
25,5,0,first,89,120000,minus,6,111
25,5,0,first,89,120000,minus,7,351
25,5,0,first,89,120000,minus,8,922
25,5,0,first,89,120000,minus,9,2114
25,5,0,first,89,120000,plus,9,3
25,5,0,first,89,120000,minus,10,4342
25,5,0,first,89,120000,plus,10,19
25,5,0,first,89,120000,minus,11,8035
25,5,0,first,89,120000,plus,11,142
25,5,0,first,89,120000,minus,12,13518
25,5,0,first,89,120000,plus,12,699
25,5,0,first,89,120000,minus,13,19889
25,5,0,first,89,120000,plus,13,2827
25,5,0,first,89,120000,minus,14,24379
25,5,0,first,89,120000,plus,14,7874
25,5,0,first,89,120000,minus,15,22800
25,5,0,first,89,120000,plus,15,16488
25,5,0,first,89,120000,minus,16,15109
25,5,0,first,89,120000,plus,16,25253
25,5,0,first,89,120000,minus,17,6669
25,5,0,first,89,120000,plus,17,27166
25,5,0,first,89,120000,minus,18,1584
25,5,0,first,89,120000,plus,18,21174
25,5,0,first,89,120000,minus,19,154
25,5,0,first,89,120000,plus,19,12338
25,5,0,first,89,120000,plus,20,4863
25,5,0,first,89,120000,plus,21,1154
25,4,3,second,89,120000,minus,7,57
25,4,3,second,89,120000,minus,8,401
25,4,3,second,89,120000,minus,9,1360
25,4,3,second,89,120000,minus,10,3695
25,4,3,second,89,120000,plus,10,3
25,4,3,second,89,120000,minus,11,7681
25,4,3,second,89,120000,plus,11,124
25,4,3,second,89,120000,minus,12,13774
25,4,3,second,89,120000,plus,12,738
25,4,3,second,89,120000,minus,13,20908
25,4,3,second,89,120000,plus,13,2868
25,4,3,second,89,120000,minus,14,25456
25,4,3,second,89,120000,plus,14,8133
25,4,3,second,89,120000,minus,15,22965
25,4,3,second,89,120000,plus,15,16880
25,4,3,second,89,120000,minus,16,15175
25,4,3,second,89,120000,plus,16,24659
25,4,3,second,89,120000,minus,17,6634
25,4,3,second,89,120000,plus,17,25936
25,4,3,second,89,120000,minus,18,1670
25,4,3,second,89,120000,plus,18,20393
25,4,3,second,89,120000,minus,19,224
25,4,3,second,89,120000,plus,19,11879
25,4,3,second,89,120000,plus,20,5809
25,4,3,second,89,120000,plus,21,2117
25,4,3,second,89,120000,plus,22,461
25,5,0,first,90,120000,minus,5,20
25,5,0,first,90,120000,minus,6,109
25,5,0,first,90,120000,minus,7,347
25,5,0,first,90,120000,minus,8,961
25,5,0,first,90,120000,minus,9,2160
25,5,0,first,90,120000,plus,9,1
25,5,0,first,90,120000,minus,10,4232
25,5,0,first,90,120000,plus,10,21
25,5,0,first,90,120000,minus,11,7986
25,5,0,first,90,120000,plus,11,147
25,5,0,first,90,120000,minus,12,13641
25,5,0,first,90,120000,plus,12,812
25,5,0,first,90,120000,minus,13,19879
25,5,0,first,90,120000,plus,13,2820
25,5,0,first,90,120000,minus,14,24338
25,5,0,first,90,120000,plus,14,7906
25,5,0,first,90,120000,minus,15,22640
25,5,0,first,90,120000,plus,15,16515
25,5,0,first,90,120000,minus,16,15316
25,5,0,first,90,120000,plus,16,25233
25,5,0,first,90,120000,minus,17,6569
25,5,0,first,90,120000,plus,17,26985
25,5,0,first,90,120000,minus,18,1658
25,5,0,first,90,120000,plus,18,21401
25,5,0,first,90,120000,minus,19,144
25,5,0,first,90,120000,plus,19,12066
25,5,0,first,90,120000,plus,20,4924
25,5,0,first,90,120000,plus,21,1169
25,4,3,second,90,120000,minus,7,79
25,4,3,second,90,120000,minus,8,397
25,4,3,second,90,120000,minus,9,1417
25,4,3,second,90,120000,minus,10,3595
25,4,3,second,90,120000,plus,10,15
25,4,3,second,90,120000,minus,11,7718
25,4,3,second,90,120000,plus,11,109
25,4,3,second,90,120000,minus,12,13725
25,4,3,second,90,120000,plus,12,657
25,4,3,second,90,120000,minus,13,20738
25,4,3,second,90,120000,plus,13,2825
25,4,3,second,90,120000,minus,14,25209
25,4,3,second,90,120000,plus,14,7905
25,4,3,second,90,120000,minus,15,23477
25,4,3,second,90,120000,plus,15,16734
25,4,3,second,90,120000,minus,16,15288
25,4,3,second,90,120000,plus,16,24660
25,4,3,second,90,120000,minus,17,6460
25,4,3,second,90,120000,plus,17,26508
25,4,3,second,90,120000,minus,18,1670
25,4,3,second,90,120000,plus,18,20272
25,4,3,second,90,120000,minus,19,227
25,4,3,second,90,120000,plus,19,11967
25,4,3,second,90,120000,plus,20,5721
25,4,3,second,90,120000,plus,21,2157
25,4,3,second,90,120000,plus,22,470
25,5,0,first,91,120000,minus,5,33
25,5,0,first,91,120000,minus,6,136
25,5,0,first,91,120000,minus,7,354
25,5,0,first,91,120000,minus,8,907
25,5,0,first,91,120000,minus,9,2087
25,5,0,first,91,120000,minus,10,4354
25,5,0,first,91,120000,plus,10,17
25,5,0,first,91,120000,minus,11,7973
25,5,0,first,91,120000,plus,11,156
25,5,0,first,91,120000,minus,12,13438
25,5,0,first,91,120000,plus,12,693
25,5,0,first,91,120000,minus,13,19837
25,5,0,first,91,120000,plus,13,2823
25,5,0,first,91,120000,minus,14,24626
25,5,0,first,91,120000,plus,14,7803
25,5,0,first,91,120000,minus,15,22951
25,5,0,first,91,120000,plus,15,16640
25,5,0,first,91,120000,minus,16,14947
25,5,0,first,91,120000,plus,16,25246
25,5,0,first,91,120000,minus,17,6637
25,5,0,first,91,120000,plus,17,27153
25,5,0,first,91,120000,minus,18,1595
25,5,0,first,91,120000,plus,18,21177
25,5,0,first,91,120000,minus,19,125
25,5,0,first,91,120000,plus,19,12210
25,5,0,first,91,120000,plus,20,4934
25,5,0,first,91,120000,plus,21,1148
25,4,3,second,91,120000,minus,7,45
25,4,3,second,91,120000,minus,8,385
25,4,3,second,91,120000,minus,9,1374
25,4,3,second,91,120000,minus,10,3593
25,4,3,second,91,120000,plus,10,2
25,4,3,second,91,120000,minus,11,7755
25,4,3,second,91,120000,plus,11,113
25,4,3,second,91,120000,minus,12,14032
25,4,3,second,91,120000,plus,12,719
25,4,3,second,91,120000,minus,13,20983
25,4,3,second,91,120000,plus,13,2785
25,4,3,second,91,120000,minus,14,25251
25,4,3,second,91,120000,plus,14,8317
25,4,3,second,91,120000,minus,15,23208
25,4,3,second,91,120000,plus,15,16837
25,4,3,second,91,120000,minus,16,15119
25,4,3,second,91,120000,plus,16,24539
25,4,3,second,91,120000,minus,17,6472
25,4,3,second,91,120000,plus,17,25985
25,4,3,second,91,120000,minus,18,1599
25,4,3,second,91,120000,plus,18,20312
25,4,3,second,91,120000,minus,19,184
25,4,3,second,91,120000,plus,19,11988
25,4,3,second,91,120000,plus,20,5695
25,4,3,second,91,120000,plus,21,2186
25,4,3,second,91,120000,plus,22,522
25,5,0,first,92,120000,minus,5,26
25,5,0,first,92,120000,minus,6,125
25,5,0,first,92,120000,minus,7,382
25,5,0,first,92,120000,minus,8,957
25,5,0,first,92,120000,minus,9,2208
25,5,0,first,92,120000,minus,10,4277
25,5,0,first,92,120000,plus,10,21
25,5,0,first,92,120000,minus,11,8060
25,5,0,first,92,120000,plus,11,155
25,5,0,first,92,120000,minus,12,13272
25,5,0,first,92,120000,plus,12,759
25,5,0,first,92,120000,minus,13,19787
25,5,0,first,92,120000,plus,13,2827
25,5,0,first,92,120000,minus,14,24422
25,5,0,first,92,120000,plus,14,8095
25,5,0,first,92,120000,minus,15,23060
25,5,0,first,92,120000,plus,15,16355
25,5,0,first,92,120000,minus,16,15090
25,5,0,first,92,120000,plus,16,24997
25,5,0,first,92,120000,minus,17,6563
25,5,0,first,92,120000,plus,17,27323
25,5,0,first,92,120000,minus,18,1636
25,5,0,first,92,120000,plus,18,21041
25,5,0,first,92,120000,minus,19,135
25,5,0,first,92,120000,plus,19,12324
25,5,0,first,92,120000,plus,20,4936
25,5,0,first,92,120000,plus,21,1167
25,4,3,second,92,120000,minus,7,55
25,4,3,second,92,120000,minus,8,376
25,4,3,second,92,120000,minus,9,1324
25,4,3,second,92,120000,minus,10,3611
25,4,3,second,92,120000,plus,10,5
25,4,3,second,92,120000,minus,11,7796
25,4,3,second,92,120000,plus,11,110
25,4,3,second,92,120000,minus,12,14024
25,4,3,second,92,120000,plus,12,722
25,4,3,second,92,120000,minus,13,21129
25,4,3,second,92,120000,plus,13,2718
25,4,3,second,92,120000,minus,14,25162
25,4,3,second,92,120000,plus,14,8262
25,4,3,second,92,120000,minus,15,23011
25,4,3,second,92,120000,plus,15,16511
25,4,3,second,92,120000,minus,16,15138
25,4,3,second,92,120000,plus,16,24813
25,4,3,second,92,120000,minus,17,6562
25,4,3,second,92,120000,plus,17,26145
25,4,3,second,92,120000,minus,18,1633
25,4,3,second,92,120000,plus,18,20450
25,4,3,second,92,120000,minus,19,179
25,4,3,second,92,120000,plus,19,12010
25,4,3,second,92,120000,plus,20,5663
25,4,3,second,92,120000,plus,21,2109
25,4,3,second,92,120000,plus,22,482
25,5,0,first,93,120000,minus,5,25
25,5,0,first,93,120000,minus,6,105
25,5,0,first,93,120000,minus,7,377
25,5,0,first,93,120000,minus,8,950
25,5,0,first,93,120000,minus,9,2137
25,5,0,first,93,120000,plus,9,1
25,5,0,first,93,120000,minus,10,4216
25,5,0,first,93,120000,plus,10,23
25,5,0,first,93,120000,minus,11,7953
25,5,0,first,93,120000,plus,11,144
25,5,0,first,93,120000,minus,12,13553
25,5,0,first,93,120000,plus,12,713
25,5,0,first,93,120000,minus,13,19908
25,5,0,first,93,120000,plus,13,2770
25,5,0,first,93,120000,minus,14,24630
25,5,0,first,93,120000,plus,14,7799
25,5,0,first,93,120000,minus,15,22864
25,5,0,first,93,120000,plus,15,16480
25,5,0,first,93,120000,minus,16,15068
25,5,0,first,93,120000,plus,16,25263
25,5,0,first,93,120000,minus,17,6450
25,5,0,first,93,120000,plus,17,27214
25,5,0,first,93,120000,minus,18,1612
25,5,0,first,93,120000,plus,18,21167
25,5,0,first,93,120000,minus,19,152
25,5,0,first,93,120000,plus,19,12186
25,5,0,first,93,120000,plus,20,5037
25,5,0,first,93,120000,plus,21,1203
25,4,3,second,93,120000,minus,7,54
25,4,3,second,93,120000,minus,8,351
25,4,3,second,93,120000,minus,9,1306
25,4,3,second,93,120000,minus,10,3617
25,4,3,second,93,120000,plus,10,5
25,4,3,second,93,120000,minus,11,7776
25,4,3,second,93,120000,plus,11,112
25,4,3,second,93,120000,minus,12,13841
25,4,3,second,93,120000,plus,12,678
25,4,3,second,93,120000,minus,13,20859
25,4,3,second,93,120000,plus,13,2764
25,4,3,second,93,120000,minus,14,25428
25,4,3,second,93,120000,plus,14,8125
25,4,3,second,93,120000,minus,15,23352
25,4,3,second,93,120000,plus,15,16783
25,4,3,second,93,120000,minus,16,15126
25,4,3,second,93,120000,plus,16,24693
25,4,3,second,93,120000,minus,17,6456
25,4,3,second,93,120000,plus,17,26239
25,4,3,second,93,120000,minus,18,1637
25,4,3,second,93,120000,plus,18,20395
25,4,3,second,93,120000,minus,19,197
25,4,3,second,93,120000,plus,19,12043
25,4,3,second,93,120000,plus,20,5561
25,4,3,second,93,120000,plus,21,2104
25,4,3,second,93,120000,plus,22,498
25,5,0,first,94,120000,minus,5,23
25,5,0,first,94,120000,minus,6,128
25,5,0,first,94,120000,minus,7,386
25,5,0,first,94,120000,minus,8,987
25,5,0,first,94,120000,minus,9,2113
25,5,0,first,94,120000,plus,9,2
25,5,0,first,94,120000,minus,10,4223
25,5,0,first,94,120000,plus,10,26
25,5,0,first,94,120000,minus,11,8064
25,5,0,first,94,120000,plus,11,143
25,5,0,first,94,120000,minus,12,13444
25,5,0,first,94,120000,plus,12,774
25,5,0,first,94,120000,minus,13,19976
25,5,0,first,94,120000,plus,13,2920
25,5,0,first,94,120000,minus,14,24480
25,5,0,first,94,120000,plus,14,7943
25,5,0,first,94,120000,minus,15,23028
25,5,0,first,94,120000,plus,15,16459
25,5,0,first,94,120000,minus,16,15014
25,5,0,first,94,120000,plus,16,25210
25,5,0,first,94,120000,minus,17,6424
25,5,0,first,94,120000,plus,17,26980
25,5,0,first,94,120000,minus,18,1585
25,5,0,first,94,120000,plus,18,21453
25,5,0,first,94,120000,minus,19,125
25,5,0,first,94,120000,plus,19,12197
25,5,0,first,94,120000,plus,20,4777
25,5,0,first,94,120000,plus,21,1116
25,4,3,second,94,120000,minus,7,68
25,4,3,second,94,120000,minus,8,368
25,4,3,second,94,120000,minus,9,1315
25,4,3,second,94,120000,minus,10,3644
25,4,3,second,94,120000,plus,10,10
25,4,3,second,94,120000,minus,11,7715
25,4,3,second,94,120000,plus,11,106
25,4,3,second,94,120000,minus,12,13838
25,4,3,second,94,120000,plus,12,742
25,4,3,second,94,120000,minus,13,20972
25,4,3,second,94,120000,plus,13,2858
25,4,3,second,94,120000,minus,14,25289
25,4,3,second,94,120000,plus,14,8155
25,4,3,second,94,120000,minus,15,23123
25,4,3,second,94,120000,plus,15,16500
25,4,3,second,94,120000,minus,16,15261
25,4,3,second,94,120000,plus,16,24664
25,4,3,second,94,120000,minus,17,6524
25,4,3,second,94,120000,plus,17,26262
25,4,3,second,94,120000,minus,18,1685
25,4,3,second,94,120000,plus,18,20294
25,4,3,second,94,120000,minus,19,198
25,4,3,second,94,120000,plus,19,12044
25,4,3,second,94,120000,plus,20,5749
25,4,3,second,94,120000,plus,21,2099
25,4,3,second,94,120000,plus,22,517
25,5,0,first,95,120000,minus,5,19
25,5,0,first,95,120000,minus,6,121
25,5,0,first,95,120000,minus,7,351
25,5,0,first,95,120000,minus,8,929
25,5,0,first,95,120000,minus,9,2108
25,5,0,first,95,120000,plus,9,1
25,5,0,first,95,120000,minus,10,4332
25,5,0,first,95,120000,plus,10,14
25,5,0,first,95,120000,minus,11,7924
25,5,0,first,95,120000,plus,11,152
25,5,0,first,95,120000,minus,12,13640
25,5,0,first,95,120000,plus,12,767
25,5,0,first,95,120000,minus,13,20066
25,5,0,first,95,120000,plus,13,2843
25,5,0,first,95,120000,minus,14,24331
25,5,0,first,95,120000,plus,14,7923
25,5,0,first,95,120000,minus,15,22895
25,5,0,first,95,120000,plus,15,16687
25,5,0,first,95,120000,minus,16,15101
25,5,0,first,95,120000,plus,16,25159
25,5,0,first,95,120000,minus,17,6417
25,5,0,first,95,120000,plus,17,26979
25,5,0,first,95,120000,minus,18,1622
25,5,0,first,95,120000,plus,18,21200
25,5,0,first,95,120000,minus,19,144
25,5,0,first,95,120000,plus,19,12249
25,5,0,first,95,120000,plus,20,4896
25,5,0,first,95,120000,plus,21,1130
25,4,3,second,95,120000,minus,7,63
25,4,3,second,95,120000,minus,8,376
25,4,3,second,95,120000,minus,9,1292
25,4,3,second,95,120000,minus,10,3563
25,4,3,second,95,120000,plus,10,7
25,4,3,second,95,120000,minus,11,7765
25,4,3,second,95,120000,plus,11,102
25,4,3,second,95,120000,minus,12,14008
25,4,3,second,95,120000,plus,12,745
25,4,3,second,95,120000,minus,13,20764
25,4,3,second,95,120000,plus,13,2812
25,4,3,second,95,120000,minus,14,25289
25,4,3,second,95,120000,plus,14,8054
25,4,3,second,95,120000,minus,15,23411
25,4,3,second,95,120000,plus,15,16580
25,4,3,second,95,120000,minus,16,15069
25,4,3,second,95,120000,plus,16,24681
25,4,3,second,95,120000,minus,17,6536
25,4,3,second,95,120000,plus,17,26383
25,4,3,second,95,120000,minus,18,1679
25,4,3,second,95,120000,plus,18,20269
25,4,3,second,95,120000,minus,19,185
25,4,3,second,95,120000,plus,19,11978
25,4,3,second,95,120000,plus,20,5832
25,4,3,second,95,120000,plus,21,2094
25,4,3,second,95,120000,plus,22,463
25,5,0,first,96,120000,minus,5,18
25,5,0,first,96,120000,minus,6,111
25,5,0,first,96,120000,minus,7,392
25,5,0,first,96,120000,minus,8,936
25,5,0,first,96,120000,minus,9,2066
25,5,0,first,96,120000,minus,10,4201
25,5,0,first,96,120000,plus,10,14
25,5,0,first,96,120000,minus,11,7836
25,5,0,first,96,120000,plus,11,145
25,5,0,first,96,120000,minus,12,13533
25,5,0,first,96,120000,plus,12,728
25,5,0,first,96,120000,minus,13,20008
25,5,0,first,96,120000,plus,13,2844
25,5,0,first,96,120000,minus,14,24481
25,5,0,first,96,120000,plus,14,7878
25,5,0,first,96,120000,minus,15,22885
25,5,0,first,96,120000,plus,15,16550
25,5,0,first,96,120000,minus,16,15109
25,5,0,first,96,120000,plus,16,25147
25,5,0,first,96,120000,minus,17,6621
25,5,0,first,96,120000,plus,17,27134
25,5,0,first,96,120000,minus,18,1660
25,5,0,first,96,120000,plus,18,21300
25,5,0,first,96,120000,minus,19,143
25,5,0,first,96,120000,plus,19,12292
25,5,0,first,96,120000,plus,20,4791
25,5,0,first,96,120000,plus,21,1177
25,4,3,second,96,120000,minus,7,64
25,4,3,second,96,120000,minus,8,369
25,4,3,second,96,120000,minus,9,1373
25,4,3,second,96,120000,minus,10,3544
25,4,3,second,96,120000,plus,10,6
25,4,3,second,96,120000,minus,11,7774
25,4,3,second,96,120000,plus,11,101
25,4,3,second,96,120000,minus,12,13972
25,4,3,second,96,120000,plus,12,725
25,4,3,second,96,120000,minus,13,20707
25,4,3,second,96,120000,plus,13,2935
25,4,3,second,96,120000,minus,14,25316
25,4,3,second,96,120000,plus,14,7994
25,4,3,second,96,120000,minus,15,23293
25,4,3,second,96,120000,plus,15,16825
25,4,3,second,96,120000,minus,16,15245
25,4,3,second,96,120000,plus,16,24562
25,4,3,second,96,120000,minus,17,6508
25,4,3,second,96,120000,plus,17,26304
25,4,3,second,96,120000,minus,18,1627
25,4,3,second,96,120000,plus,18,20196
25,4,3,second,96,120000,minus,19,208
25,4,3,second,96,120000,plus,19,12047
25,4,3,second,96,120000,plus,20,5701
25,4,3,second,96,120000,plus,21,2126
25,4,3,second,96,120000,plus,22,478
25,5,0,first,97,120000,minus,5,29
25,5,0,first,97,120000,minus,6,127
25,5,0,first,97,120000,minus,7,396
25,5,0,first,97,120000,minus,8,974
25,5,0,first,97,120000,minus,9,2043
25,5,0,first,97,120000,minus,10,4127
25,5,0,first,97,120000,plus,10,27
25,5,0,first,97,120000,minus,11,8053
25,5,0,first,97,120000,plus,11,141
25,5,0,first,97,120000,minus,12,13391
25,5,0,first,97,120000,plus,12,749
25,5,0,first,97,120000,minus,13,20046
25,5,0,first,97,120000,plus,13,2795
25,5,0,first,97,120000,minus,14,24286
25,5,0,first,97,120000,plus,14,7829
25,5,0,first,97,120000,minus,15,22834
25,5,0,first,97,120000,plus,15,16574
25,5,0,first,97,120000,minus,16,15329
25,5,0,first,97,120000,plus,16,25251
25,5,0,first,97,120000,minus,17,6537
25,5,0,first,97,120000,plus,17,27112
25,5,0,first,97,120000,minus,18,1672
25,5,0,first,97,120000,plus,18,21187
25,5,0,first,97,120000,minus,19,156
25,5,0,first,97,120000,plus,19,12372
25,5,0,first,97,120000,plus,20,4824
25,5,0,first,97,120000,plus,21,1139
25,4,3,second,97,120000,minus,7,53
25,4,3,second,97,120000,minus,8,385
25,4,3,second,97,120000,minus,9,1339
25,4,3,second,97,120000,minus,10,3641
25,4,3,second,97,120000,plus,10,8
25,4,3,second,97,120000,minus,11,7640
25,4,3,second,97,120000,plus,11,103
25,4,3,second,97,120000,minus,12,14012
25,4,3,second,97,120000,plus,12,729
25,4,3,second,97,120000,minus,13,20786
25,4,3,second,97,120000,plus,13,2843
25,4,3,second,97,120000,minus,14,25388
25,4,3,second,97,120000,plus,14,7994
25,4,3,second,97,120000,minus,15,23315
25,4,3,second,97,120000,plus,15,16794
25,4,3,second,97,120000,minus,16,15087
25,4,3,second,97,120000,plus,16,24554
25,4,3,second,97,120000,minus,17,6574
25,4,3,second,97,120000,plus,17,26443
25,4,3,second,97,120000,minus,18,1548
25,4,3,second,97,120000,plus,18,20334
25,4,3,second,97,120000,minus,19,232
25,4,3,second,97,120000,plus,19,11998
25,4,3,second,97,120000,plus,20,5665
25,4,3,second,97,120000,plus,21,2091
25,4,3,second,97,120000,plus,22,444
25,5,0,first,98,120000,minus,5,20
25,5,0,first,98,120000,minus,6,134
25,5,0,first,98,120000,minus,7,360
25,5,0,first,98,120000,minus,8,935
25,5,0,first,98,120000,minus,9,2120
25,5,0,first,98,120000,plus,9,1
25,5,0,first,98,120000,minus,10,4370
25,5,0,first,98,120000,plus,10,20
25,5,0,first,98,120000,minus,11,7835
25,5,0,first,98,120000,plus,11,151
25,5,0,first,98,120000,minus,12,13682
25,5,0,first,98,120000,plus,12,744
25,5,0,first,98,120000,minus,13,19831
25,5,0,first,98,120000,plus,13,2878
25,5,0,first,98,120000,minus,14,24389
25,5,0,first,98,120000,plus,14,7848
25,5,0,first,98,120000,minus,15,22979
25,5,0,first,98,120000,plus,15,16640
25,5,0,first,98,120000,minus,16,14993
25,5,0,first,98,120000,plus,16,25152
25,5,0,first,98,120000,minus,17,6534
25,5,0,first,98,120000,plus,17,27088
25,5,0,first,98,120000,minus,18,1678
25,5,0,first,98,120000,plus,18,21299
25,5,0,first,98,120000,minus,19,140
25,5,0,first,98,120000,plus,19,12098
25,5,0,first,98,120000,plus,20,4915
25,5,0,first,98,120000,plus,21,1166
25,4,3,second,98,120000,minus,7,57
25,4,3,second,98,120000,minus,8,384
25,4,3,second,98,120000,minus,9,1394
25,4,3,second,98,120000,minus,10,3612
25,4,3,second,98,120000,plus,10,8
25,4,3,second,98,120000,minus,11,7620
25,4,3,second,98,120000,plus,11,109
25,4,3,second,98,120000,minus,12,13999
25,4,3,second,98,120000,plus,12,720
25,4,3,second,98,120000,minus,13,20951
25,4,3,second,98,120000,plus,13,2850
25,4,3,second,98,120000,minus,14,25533
25,4,3,second,98,120000,plus,14,8066
25,4,3,second,98,120000,minus,15,22952
25,4,3,second,98,120000,plus,15,16672
25,4,3,second,98,120000,minus,16,15208
25,4,3,second,98,120000,plus,16,24876
25,4,3,second,98,120000,minus,17,6564
25,4,3,second,98,120000,plus,17,26279
25,4,3,second,98,120000,minus,18,1530
25,4,3,second,98,120000,plus,18,20329
25,4,3,second,98,120000,minus,19,196
25,4,3,second,98,120000,plus,19,11922
25,4,3,second,98,120000,plus,20,5580
25,4,3,second,98,120000,plus,21,2104
25,4,3,second,98,120000,plus,22,485
25,5,0,first,99,120000,minus,5,18
25,5,0,first,99,120000,minus,6,108
25,5,0,first,99,120000,minus,7,340
25,5,0,first,99,120000,minus,8,906
25,5,0,first,99,120000,minus,9,2201
25,5,0,first,99,120000,plus,9,2
25,5,0,first,99,120000,minus,10,4213
25,5,0,first,99,120000,plus,10,14
25,5,0,first,99,120000,minus,11,8001
25,5,0,first,99,120000,plus,11,135
25,5,0,first,99,120000,minus,12,13556
25,5,0,first,99,120000,plus,12,761
25,5,0,first,99,120000,minus,13,19678
25,5,0,first,99,120000,plus,13,2765
25,5,0,first,99,120000,minus,14,24552
25,5,0,first,99,120000,plus,14,7877
25,5,0,first,99,120000,minus,15,22987
25,5,0,first,99,120000,plus,15,16598
25,5,0,first,99,120000,minus,16,15262
25,5,0,first,99,120000,plus,16,25165
25,5,0,first,99,120000,minus,17,6414
25,5,0,first,99,120000,plus,17,27378
25,5,0,first,99,120000,minus,18,1631
25,5,0,first,99,120000,plus,18,21178
25,5,0,first,99,120000,minus,19,133
25,5,0,first,99,120000,plus,19,12114
25,5,0,first,99,120000,plus,20,4877
25,5,0,first,99,120000,plus,21,1136
25,4,3,second,99,120000,minus,7,54
25,4,3,second,99,120000,minus,8,396
25,4,3,second,99,120000,minus,9,1349
25,4,3,second,99,120000,minus,10,3645
25,4,3,second,99,120000,plus,10,10
25,4,3,second,99,120000,minus,11,7691
25,4,3,second,99,120000,plus,11,105
25,4,3,second,99,120000,minus,12,14107
25,4,3,second,99,120000,plus,12,739
25,4,3,second,99,120000,minus,13,20941
25,4,3,second,99,120000,plus,13,2896
25,4,3,second,99,120000,minus,14,25056
25,4,3,second,99,120000,plus,14,8217
25,4,3,second,99,120000,minus,15,23222
25,4,3,second,99,120000,plus,15,16779
25,4,3,second,99,120000,minus,16,15229
25,4,3,second,99,120000,plus,16,24636
25,4,3,second,99,120000,minus,17,6472
25,4,3,second,99,120000,plus,17,26363
25,4,3,second,99,120000,minus,18,1677
25,4,3,second,99,120000,plus,18,20118
25,4,3,second,99,120000,minus,19,161
25,4,3,second,99,120000,plus,19,11987
25,4,3,second,99,120000,plus,20,5632
25,4,3,second,99,120000,plus,21,2080
25,4,3,second,99,120000,plus,22,438
