batch,replica_first,samples,field_sha256,translation_sha256,ap6_bp0_r1_plus_re,ap6_bp0_r1_plus_im,ap6_bp0_r2_plus_re,ap6_bp0_r2_plus_im,ap5_bp1_r1_plus_re,ap5_bp1_r1_plus_im,ap5_bp1_r2_plus_re,ap5_bp1_r2_plus_im,ap4_bp2_r1_plus_re,ap4_bp2_r1_plus_im,ap4_bp2_r2_plus_re,ap4_bp2_r2_plus_im,ap3_bp3_r1_plus_re,ap3_bp3_r1_plus_im,ap3_bp3_r2_plus_re,ap3_bp3_r2_plus_im,ap2_bp4_r1_plus_re,ap2_bp4_r1_plus_im,ap2_bp4_r2_plus_re,ap2_bp4_r2_plus_im,ap1_bp5_r1_plus_re,ap1_bp5_r1_plus_im,ap1_bp5_r2_plus_re,ap1_bp5_r2_plus_im,ap0_bp6_r1_plus_re,ap0_bp6_r1_plus_im,ap0_bp6_r2_plus_re,ap0_bp6_r2_plus_im,am6_bp0_r1_minus_re,am6_bp0_r1_minus_im,am6_bp0_r2_minus_re,am6_bp0_r2_minus_im,am5_bp1_r1_minus_re,am5_bp1_r1_minus_im,am5_bp1_r2_minus_re,am5_bp1_r2_minus_im,am4_bp2_r1_minus_re,am4_bp2_r1_minus_im,am4_bp2_r2_minus_re,am4_bp2_r2_minus_im,am3_bp3_r1_minus_re,am3_bp3_r1_minus_im,am3_bp3_r2_minus_re,am3_bp3_r2_minus_im,am2_bp4_r1_minus_re,am2_bp4_r1_minus_im,am2_bp4_r2_minus_re,am2_bp4_r2_minus_im,am1_bp5_r1_minus_re,am1_bp5_r1_minus_im,am1_bp5_r2_minus_re,am1_bp5_r2_minus_im,ap0_bp6_r1_minus_re,ap0_bp6_r1_minus_im,ap0_bp6_r2_minus_re,ap0_bp6_r2_minus_im
0,0,3000,dade3beae92d5f360105dea684596961ec544f394c67c0da9047aa5808b57f04,cbb52a052fc4d6ed579a15cb87d919117c4a4f32ad6a61c54f96624fe3f65a9a,-3.1644966347745807,-7.534869956206791,5.824496634774576,4.280623172279043,2.478359213500126,-1.740035509097591,5.16164078649988,7.494016041287841,1.3960679774997862,-2.2413724170714504,-3.076067977499797,-4.539631007911455,2.2022291236000378,-1.6538964718969549,2.9177708763999695,-8.382399803173717,3.1455106965997857,1.3033453430469073,-1.5055106965997769,9.37492884862375,4.333575741549828,1.0994859832813284,0.6664242584501725,-1.949135852773698,4.373312629199908,2.0429903308286317,2.2266873708001023,5.626205693728296,-6.36603692129964,2.3521419480295673,1.3260369212996324,-7.378579013354787,5.632298567374701,0.7682062194721159,-0.8522985673746969,-1.838439339321364,-6.666199533674755,1.017232556713272,-1.433800466325252,-7.940732833030127,4.081903898849795,-4.75516443666968,-0.12190389884979971,4.631674770558926,1.1418033988749876,-5.471106852047829,0.9181966011250109,3.6634669117483867,2.2713466179497948,-3.7146116321765654,-2.1113466179497924,1.331788429931184,-3.506524758424987,-4.517120536679437,-3.1934752415750083,5.7776831045938195
1,3000,3000,9f7e504255b05054fa5d2d48ae590ec63f850cb21ad808995f02bcfcd42ab1fd,20ae73437ae9de1c4b65156abcc2de25fd38ef0b11a5ee8bfead27a03837df1b,-4.767840320174626,-1.8446812620915698,3.1478403201746294,5.536709405530346,2.78020099994962,1.4516566652269876,-5.180200999949625,-0.7325932884637093,1.99209756742507,1.1359086908375375,3.46790243257493,-4.134696052442041,2.7300310562001533,2.3297496216036313,5.949968943799854,-3.344288668855865,-1.003606797749978,4.586271503471128,-0.5563932022500164,7.040320567733321,4.283080573050124,-2.1414671785581776,6.876919426949879,-1.638938169412777,0.7632815729997557,5.101902972392902,-4.603281572999744,3.9943192236335436,-2.4607272246494745,13.399547001849403,8.540727224649503,5.284708141915605,3.063444185374863,2.2812253931307245,0.15655581462513696,2.093325274709006,6.034953415699769,-4.614523428043553,1.2050465843002212,-6.058892104340314,0.6958048651498567,-6.430261133821007,-2.2558048651498632,-7.969676389344234,7.98948110667451,-6.9070405655431735,-2.6094811066745023,-3.795627830272752,7.202368011149362,-1.840559361846805,-6.482368011149358,-1.1901013551450486,4.693575741549832,-2.8948332403522112,1.0264242584501775,3.152767119619184
2,6000,3000,f9b79e3dddc582d84c351a4c6f714059510d1fd49011c176ab3ebe6654283b92,88c3e0aefedc08d5d44ee7090ae29e5f4f7e3f96aacea7269f92a5066ec34ce7,4.345673308974898,0.24328488390077752,2.154326691025109,-1.584554342793391,-3.7932505167996022,-5.9475039591462595,4.793250516799599,-1.5202620352885026,-4.985673308974901,-3.655987760506296,-2.794326691025098,-0.2091733611818814,1.9563932022500181,1.3558003094527167,2.403606797749977,1.8893928974376686,-8.148103432524545,0.9904090229246001,1.2881034325245586,-0.07134400682289845,-0.16567330897490412,-4.966575965183096,2.025673308974896,0.295166363370984,0.7442956348249491,-3.9900061610768986,-0.2842956348249562,-6.303796541336692,-9.057484039224242,2.2971846344745805,6.997484039224252,9.042839308266723,12.741942286424305,8.650506343143835,-1.88194228642431,-3.9591337445492147,9.58938060669971,-4.832868511068898,2.9706193933003155,2.3755803406155014,-3.8203014999244376,-4.897970595121564,8.120301499924436,-4.9197443073115625,0.14658687082528532,-2.7222007315326318,6.27341312917471,-5.8882614732400675,-0.6136378539501288,5.72549231800564,-3.386362146049874,-4.925722050264145,0.4423917359751498,1.7704074561954368,3.617608264024846,-8.053549369007907
3,9000,3000,62a8e0d206d024833a859f29a1123023807ffee1e199d9b97deaac2e62ec01a4,e5f06dfca91acbaf6393d77bd032db42cebe23c793c3fe321d1a866d0e429bbd,-1.3070509831248405,3.8979623984294407,2.04705098312484,-0.6927403124044358,0.15422619105029142,11.223158524024518,6.32577380894971,0.46980074990990456,0.2641330224498363,-2.6510478870215954,-3.224133022449829,-0.2189636972612783,-2.9007893370497864,-1.7382247936901118,1.660789337049789,5.02419889799369,-5.616756814574751,3.4953386277973237,-0.5632431854252402,-1.5724528218766878,-2.8752786404500097,1.649228974922005,-2.964721359549996,-2.9237037791605545,0.48996894379984846,1.5069684132002712,-2.7299689437998427,5.557791485978643,0.42068883707497323,1.290507063088161,-0.1606888370749764,-0.7270429974351931,5.636594202199641,-0.9335958666618067,-1.8765942021996462,1.0001993590039915,5.935216528049687,2.5479035423171053,-0.41521652804970166,-7.099872360757474,-1.2977087639996616,-6.002815707119546,5.857708763999671,-7.810646809730868,0.9562927022752092,0.21484179701649764,5.383707297724793,4.075762873653799,2.777345151674919,-4.817646028767075,1.1226548483250736,-4.0289312157822685,1.4682660448996707,1.8284578409300996,-5.508266044899673,4.442155099041594
4,12000,3000,be59ebee513d4863d1137afc0e14b3ff7853d83657727b39203c8af4ba1516cf,3f4b82faf9280f53300b3567f190109eb269b476cc28e799e0b60821ddf5d4f8,-0.5490553819494592,-5.603813367302374,10.989055381949473,-1.9913000136702916,1.2567568145747627,-1.8077580851055441,-3.7967568145747626,1.5639727317749326,4.968065044950043,5.055881091069172,5.951934955049951,0.4960507967629829,-3.0370820393250013,-4.133267661658298,-2.9029179606750057,5.752051671976688,3.13049516849971,2.0252203740773167,-3.130495168499705,1.1465088034647337,4.854589803375031,-2.78656605654328,5.52541019662497,0.17043946878837313,4.095317028024521,0.8227081908975932,-6.2353170280245145,3.3474096302409784,-1.551973342624466,0.7629652355615658,9.851973342624476,0.8921233375069184,-1.913776741499455,-1.574764006713994,9.713776741499474,0.7616549895839224,-5.418722825824867,3.117345350922668,-2.6012771741751353,1.5060404918463706,-0.5251470842750485,-4.717740790253803,-1.3748529157249574,-1.1282383772835798,-1.474489303400218,-1.229071537150763,-6.125510696599784,-6.8580888851461985,1.110131556174964,0.877783649258682,0.3498684438250341,-5.5034076593592465,0.7316097302997291,3.561441650709673,-5.171609730299726,2.148518877876196
5,15000,3000,b354da7d516e65fe25b8c29cf014c8b90e8beabec5d6b95262c892a1cff2f4b2,141b0424a004e2aa4670d4f3be58670335cfbb8473c6d583bc86721c25a91bf7,8.740564612274357,-0.8862637393604383,-4.720564612274374,3.81582711666748,-0.37448930340021847,2.527321931298652,-5.025510696599789,-5.535399159552718,0.44462085957518016,-3.0164391735497134,4.335379140424817,-2.179700601521856,3.9651470842750447,-0.05600337971499174,4.814852915724962,0.17568045269892393,-2.9021670111997393,1.4096836666422712,2.822167011199728,1.2918173090658043,-0.5265247584249872,-4.097964037767872,-0.21347524157501452,-0.42975661153876377,3.674690303349844,7.295633955045032,0.36530969665015667,2.8266101949144176,-2.295216528049695,1.7321740332317652,4.055216528049702,-3.3981720260454167,-2.595642252774746,3.026111364823005,2.8156422527747442,-4.385960557014741,-3.3814781741247626,-6.149007006774192,1.7614781741247607,2.718770463029555,7.064659247149692,-4.352349503725684,0.5353407528503082,0.8324985269769909,1.9553791404248095,-4.8313671027793825,-1.935379140424826,-2.9859490816457557,4.805936421324829,0.08849534933827907,1.0940635786751736,-0.31331864474603865,-0.639937887599705,-8.508937413163814,5.799937887599703,1.9437037065512874
6,18000,3000,85f6c89bd5d2d537593cbc0e8b922adf61081f5e30dc09c2b50e87288106f217,e3936fae9f974d3b3850d78e84d3a6c42c4f53668dc0375e48e2820652d06c78,3.1305572809000104,-5.843358675582108,3.3094427190999878,2.2242210745560707,-1.351246117974984,2.9240130862785247,-0.948753882025021,4.540941253889103,1.838560213449752,0.32148942772983213,-3.438560213449751,-1.1156363869370443,-0.8113466179497951,-2.339658102489126,3.5713466179497835,-5.2312522366501275,-0.964396134799768,-6.185857166254466,4.044396134799763,-5.55798264829051,2.565084971874736,-6.511277331917208,-3.0250849718747466,-2.3944242537322484,7.3631189606246386,1.453967850064285,-0.46311896062463553,-4.989586905844953,1.7870509831248447,7.638824077459069,-1.5670509831248423,4.142748690619727,-1.908916494400135,0.848840092944567,-4.771083505599871,1.9440860311750279,4.36328157299975,-3.828046782390286,-1.0032815729997515,-5.204811027485191,5.725084971874743,5.953245412486651,0.13491502812526338,-2.9974771156268636,4.010394668524894,-0.31350980705790876,1.7296053314751112,4.5903934037159155,0.908815994425319,-4.003918397401072,7.751184005574673,-0.5819256541459927,-1.575804865149867,-5.141446641334205,1.3758048651498604,1.3436987885360168
7,21000,3000,6a7ebf4dc0ee6f8964d6f56cbe65276e982b08486b0eca1f57193c5916490517,f36e9420228927b2b424bc0b3bf7cc2852912d4aefe6b0b9bd00a0f26f8d633d,1.7809519494249013,-0.6921216981684988,-0.3209519494249,1.8854621595047591,-0.4886533820502039,4.208660551220219,-4.8713466179498015,0.7610363753479924,-1.1346903033498454,-0.57880469276088,2.174690303349847,0.8514605848998401,4.2495432190747975,2.040870308303195,0.09045678092519484,5.204310558055352,-3.135541752799937,-7.568481009495864,-1.704458247200066,0.4220132804790448,7.059674775249769,-5.00118795733182,2.1403252247502347,0.010909419745166113,2.1843961347997656,2.2792965329171593,-2.824396134799779,-3.0074586140181223,6.380425724725055,2.4335855980498184,7.319574275274949,-2.4915178379783867,-3.798985938174798,8.881807850934022,0.5389859381747992,5.278966688575231,2.649643719049619,-1.413923711693153,-5.489643719049619,-2.1356075804116887,1.3109208932247474,2.89471509554611,-4.0109208932247595,-10.723368151640514,8.723544685349669,1.2038224291573563,1.8364553146503204,-2.8835414959833088,5.132035455024769,1.5052307152985598,0.1679645449752315,-4.221881155802685,4.032422792175298,0.9304749052766926,10.4275772078247,2.1522584534972293
8,24000,3000,d2ba55d604d8103fe77080e1dae75a9b94ff2defec64cf9311627e71f9fcc235,43712dfb0d3ef36b873a7e5d84c9a117d592f79f800f06d9a270cbac7497978d,-2.411872842649654,-5.0379199720059935,5.011872842649641,-0.6952426595536123,-1.1824301235496566,-2.1125966397498264,6.062430123549667,3.1630579251284217,-5.210657780874825,4.295154022839145,-1.409342219125176,7.596423626950298,0.8920975674250673,0.643288162577626,2.367902432574922,0.6604395050930089,-7.208954881974645,-1.4519659723449452,0.3489548819746498,-2.1591189905033903,-0.13590536512467252,3.4894790296508402,6.795905365124679,-4.625314702982612,-4.327352483049285,3.373350369976078,10.967352483049297,2.4528569630906385,-1.2775077640500414,-1.0496515088307947,-2.0824922359499682,-4.17111875999823,-2.8378713763747783,6.1207550822017796,1.8578713763747847,-1.7373419996365547,-0.3442956348249538,-0.7298546517023345,0.6842956348249553,4.753663028380156,3.6238699100999066,1.9299375052386492,1.6561300899000906,-10.26817126979646,-0.8791485505499128,7.895211421136221,0.9991485505499093,-4.2682123442443825,-2.018134488724706,2.861222187063145,4.1981344887247065,-7.011377011419216,-2.661702898900176,-4.483936935314438,-6.418297101099823,-0.8260203145945701
9,27000,3000,44a40e0c13d9b888abf7ad7acaaf875cf4c5a200e56cbbf3c8b6a7e238c90b3b,f440d9abe527c9c73c9d1b7919b4661d8e0eca8ec4923283ce5dcda8df1f916e,8.99118400557468,-0.5012187631677718,2.1488159944253176,-4.463046017178009,4.087577207824704,-1.7752661154822558,-2.307577207824705,1.426334539727816,0.3174072640752265,4.764144996201252,5.102592735924772,-4.73127070195424,2.857244651700111,-0.4024326083202568,5.182755348299897,-5.5586012625264445,-1.6310213931995627,-1.106155357975617,7.671021393199568,-2.208261833212233,3.805773808949714,7.355950397316657,-2.3657738089497107,-8.75476977151409,4.37479080332466,7.199468292152781,-2.9147908033246597,2.556884101848702,-5.372073842599282,-5.720442496406961,10.012073842599284,6.8740481264900435,1.7148529157249583,-2.71996256420109,0.8651470842750404,2.1042346944541737,6.2304567809251825,-4.000488128897999,10.389543219074813,-0.8426711876801248,1.4820665112249134,-7.354257826715293,-0.2620665112249141,-1.2856484038013527,-0.3240325224750295,-8.873136598520388,-0.8159674775249823,-8.270274898937641,0.5745898033750324,-6.1966484411935285,1.2454101966249687,-2.988569573601042,1.8975698764503437,2.0910140898717016,9.142430123549662,1.9757682242505081
10,30000,3000,b34f2fe3909d36fee23a8c907283a35af4f13eea556b781eaa0aad43cd154ea6,ead3f938e42decad2970ad8243b2c4f7935d0c8e8d2cdb11ab78503f1a3ce6c7,3.669868443825041,-0.5657752504902792,4.430131556174965,6.274543677904603,2.874852915724961,-5.298974812658083,2.0251470842750385,-3.5903852070237914,4.72052622469986,3.350339429314211,1.6794737753001459,0.7037227496553624,-9.322004398824621,2.19342167553416,-1.137995601175389,-4.059421307686225,1.9916718427000286,-3.455676814049905,2.5283281572999825,3.8050358417284107,-8.838297101099831,-4.342058698216443,-5.081702898900179,0.05026192637460969,-3.184984471899923,1.4712373373857734,-1.5750155281000766,1.2772864585056998,4.822693235899584,-1.4308838918966615,-3.9426932358995903,-5.510768665795234,4.325835921350015,-3.270014862959723,4.594164078649992,0.18709034187392048,4.025673308974906,2.8063378910139294,1.8343266910251015,-2.8394484748731523,-0.438622325850052,-0.05874201647636511,-1.6013776741499526,-6.029639240908232,3.011834455075143,-1.2919354538719097,6.00816554492486,-6.160917365379024,-0.04901699437494921,-1.4622567778541782,1.0690169943749461,-1.3768823899010074,2.6545276909747257,-4.231362184764118,-3.1145276909747275,0.3815416901838414
11,33000,3000,9ab6b575e05713f4719f955bb1b456d0900a4dfa56a7221db143e2dcdd356637,788d34d3f76075d5c8b91d575b302d9f5fe9c9c440c24c52bcc5facd9ef3a6d7,3.8849844718999176,-4.938014733492708,2.2750155281000777,2.205450178945087,-2.743932022500209,3.9085625110566395,-7.216067977499777,1.4167353659602835,-3.6256111965745905,-0.2515738116906663,5.005611196574589,-4.781914952952571,5.123769410125085,0.501409925479632,7.136230589874905,-0.2158427358761704,-5.145185471849549,3.9007010351908176,4.42518547184955,5.5125793812027135,-0.5133126291998983,9.557587983134948,1.6333126291999,5.8017680016211255,4.000263112349928,-2.0286506425803976,2.4797368876500703,-0.8857632699306073,0.15845971347493937,0.15891143480727318,-1.1384597134749421,-7.998046458722736,-4.691710230274518,0.7450041164983794,5.1917102302745395,1.0913152002975408,7.571284505549501,-6.370327016173112,-3.2512845055494926,-10.19327884966438,-1.3892801067248817,1.1859794549002738,1.2492801067248782,4.886251398828593,-3.3176082640248556,-0.9637766514477888,-0.14239173597514893,-3.119156066330129,-3.37160973029972,9.35958822151584,2.5316097302997163,-2.4694348186704214,3.171184005574677,3.5738524787443393,-3.6711840055746894,1.7881774129467571
12,36000,3000,0dc4c56c5f0b38fbb27de469b20477a39b5696298ce1f81290330b6fead03aef,687f32059e76cf73ee33ee6fd817462c4253ad869cf47e661e8cdea7a9b97b5f,-0.780000000000003,-1.1057730333518883,-0.7800000000000038,-11.566039339320595,-0.43734515167492044,-3.5893842681641157,1.2173451516749347,1.7246218644839102,3.2213776741499456,3.2704423148837973,2.0586223258500596,10.275222969114465,-2.000789337049787,-2.004211311134792,2.5607893370497905,7.751331306318894,4.273413129174715,-0.04571257420575919,-1.8534131291747091,-0.6065561479034592,-3.659937887599695,-5.480706025815359,2.779937887599703,-2.0203617147905013,9.22253062352448,-4.3621398398050815,-2.002530623524468,-0.172441346507712,0.9896053314751082,1.9308654265925498,3.2703946685248906,-1.5930344328951462,-0.7955417527999319,2.927134047663633,0.6355417527999324,1.3884834413878748,4.105673308974888,-2.8650799074902973,1.9143266910251018,-3.190190766035065,-3.1104567809251997,-3.8277374752723152,-7.269543219074802,-2.313098748518084,4.178823325799681,5.892001048861102,-2.61882332579968,-0.0912339860996518,2.8367568145747617,-1.0868839929347993,-2.2167568145747656,-3.0900943652099215,2.9196747752497685,-0.009481028961427216,-1.9996747752497712,1.886772405482401
13,39000,3000,fcce9f8579ab84195f37fa41369111cebaa0909592cb3bfc5487c0ccf433f216,dbcafcdb746becede2ebf9d177600afdcddf47a57c8c771f7c6a3fdebe0e5363,1.2276393202250047,-3.5343088098030284,1.2723606797749905,-7.126195425116321,0.20429563482495045,1.0941268545646845,-0.824295634824953,-6.789174207966704,2.1982971010998207,1.3319795922430506,-1.5582971010998248,-0.9642771208776177,-6.713676241524641,1.256013215745544,0.9336762415246332,6.559301090960265,-2.2291174943497643,3.0014078535597677,2.8691174943497626,3.9053234048654266,2.612561679724627,-1.8043278166024592,-5.392561679724618,1.3032271982408061,1.6113466179497944,6.316016207059487,-2.7713466179497908,0.3285411270478521,-1.763645185324489,2.158309213955587,9.10364518532448,-2.5565017772249745,-4.283645185324492,2.3718407649944533,6.583645185324492,2.20190176563591,-3.6244582472000713,-8.495216339151517,-5.05554175279993,0.9007215724147797,8.634628190949535,2.2072608943525553,-1.1146281909495406,2.468197590198549,-1.1056733089748954,0.5189435926187457,1.0856733089748962,-10.877347909655187,-3.0385602134497494,2.911984582867591,2.2385602134497495,-4.456494787289839,0.4065247584249862,-0.3998851338707504,0.09347524157501871,5.325607184134894
14,42000,3000,323c2a4e25ff735a149e235e9b56fd42613593e34fb65f1d4839f11e5c6b5a78,03469b119225924a70cb085808170818cf95a7d47cddc1e00fc44a0df3eed40c,7.6027553482998975,9.486744445741872,5.277244651700105,3.0241825046094295,0.03193495504995408,6.158988505165443,-0.951934955049954,-6.392719342599043,-4.695154415649401,-0.6664172480455951,8.0951544156494,-9.980174750549581,1.7751781404751885,-2.2061418106867894,5.844821859524812,1.5280504936485653,1.3256733089749004,4.951853952311117,-0.8656733089748949,4.3221687189396905,-2.7012150617748265,0.9835484859184428,0.9212150617748293,0.4501470602453561,2.1988854381999827,3.049431612602838,1.841114561800011,0.2548859353876453,-5.932035455024756,2.341159510778637,-0.9679645449752359,-0.13027718561112964,-0.7283902697002788,1.7023025555637497,-6.631609730299724,-4.625815172412435,-0.5794737753001424,3.010888882521201,-3.620526224699854,2.0185509993830366,2.3084286572747854,0.661249281640812,-2.20842865727479,0.4612476423023881,3.763281572999746,-10.467363132587074,-1.6032815729997474,-1.9478986243018306,4.483970410074713,-2.1314856801669197,-1.463970410074723,-5.312887048982252,0.8979334887750801,-3.7346927737651816,2.642066511224911,1.1090851570488593
15,45000,3000,16920833d25469716fa44de8095b470029c0cdbdfd0ef024956111f0a54b8128,54d081b455d2e374a05a04a081a1eecad294bd1e5dcdac77be8927a24b790e4a,0.9479024325749292,-1.976268693680344,-0.5279024325749305,3.8781905639587824,6.486362146049865,0.008480090101753185,3.713637853950131,1.687580542691776,7.306725758374613,-2.827538116268325,-0.966725758374611,-1.379502881856281,8.934264578624795,-2.8668906228977713,4.6857354213751945,-0.7203736227409092,2.923506297775166,-4.375051137269575,6.45649370222484,1.9750765925088105,1.8104567809251961,-1.584554342793387,5.969543219074812,-0.2432848839007819,8.449380606699696,1.8320792717450403,1.8306193933003054,-0.49747918754672127,2.072360679774993,-1.3169482722531107,2.027639320225006,-0.7613456824659566,-0.5469504831500303,-3.9035126894579486,-1.173049516849967,0.5315907102656179,4.151609730299727,-1.9380352707166804,-1.7516097302997204,-0.7771867790036991,4.761903898849798,1.578194275217068,0.5580961011501986,-1.0224005231180502,-2.8698063314247357,-1.7978947315203808,2.809806331424724,-9.680577179815845,-0.16879226959952887,-3.3016970560352155,9.848792269599542,1.4292643388010544,-0.06291796067500918,-0.8134183242480437,-0.19708203932498958,-0.5552932826691818
16,48000,3000,d3c4f82c62a7c3a8fca762aaaf7e5fc54c8b4d0236eaf2fcf5401939c3250fad,02addc5a1dc34b481111dd779501b4d3de34553aff14098bfa52a3f12812c8d7,1.5578713763747787,-4.124596409244678,-3.1378713763747768,2.760743461614272,2.8452475842498584,1.3079677127215117,-0.28524758424985003,0.8609416138612642,-2.7272135954999603,-5.166886911639495,-1.8327864045000393,-3.7190428395393047,-3.4982349886995214,2.5995938594754526,6.698234988699516,4.130146700273188,2.883970410074716,2.164168812102072,-3.063970410074719,0.4963601038809535,-0.5994116628998436,-4.793133679815704,2.799411662899836,-7.641326424608255,-3.762755348299894,-6.563231828893177,-1.4372446517001074,3.3039352233667483,2.4860990336999387,6.062749824767446,1.2339009663000657,5.58704434941071,4.454202466224494,0.8440995784638492,-6.234202466224496,2.887472233916224,12.24682625834942,2.6778714208102543,-0.006826258349426115,-7.650425128945951,2.353413129174713,-0.2249414402138605,-3.7734131291747084,-7.972415026105607,3.221640786499878,6.3002932553278495,0.53835921350013,8.520229157532697,-0.37124611797498114,-0.06205414017334156,0.03124611797498153,1.8017073246471924,8.414891303299477,1.1019153129247414,-2.8548913032994605,1.3644715618663388
17,51000,3000,959022be7e69c74f91baae5e1bb35ece4caa0f5ce01df00afdfa2b9aadffb47f,b00f6cc7660b140e3371482d04f004432bfe5b9e3a6ef24ecc9b6f20c6e350a6,3.9336378539501347,-5.4756562042166745,6.70636214604988,-0.07203563856459626,-0.34832815729997635,-5.070220779317415,0.18832815729997127,-5.23649322056068,5.183181073024941,1.2479154502675145,3.7968189269750634,-4.486056957839886,4.561903898849799,-0.9456973875785059,0.3580961011501976,4.252253102900527,3.8958048651498607,-5.131965612372784,0.9441951348501365,-0.5430736169463813,-1.8867878707749108,3.8329784591828675,-0.05321212922508704,-0.4174639283101965,-3.096393202250021,2.813698897449915,-3.5436067977499732,-5.148116016028496,4.844233522424653,-1.0200893382807512,-2.624233522424652,-5.83518789259831,1.7058359213500007,2.3699119047808743,1.9741640786499859,-2.898882123091223,5.210232056149778,0.8345004046963249,0.46976794385022314,-2.796356392622665,-5.95108350559986,11.283092641672427,-3.088916494400138,-1.753801710410225,-3.0159674775249816,4.038221082431836,-2.5240325224750304,-2.0255296811952825,6.07659420219965,0.565893395296372,-1.43659420219965,1.2960573541166864,-4.045247584249851,-1.2913898571417295,-0.9147524157501415,11.871996977630651
18,54000,3000,e80326c6c59bad58a915ee40cb65d97a232c4f9c0afd6f1382ef89f610ee076b,530ca50a861263c3854f35e36d05b56248bdb9d19391cfce06df4434561172bf,0.2381966011250091,-2.2959474060027008,0.4618033988749878,2.5240098076016735,-1.831509230324907,4.813597146028063,0.09150923032491012,-1.493747808617803,0.6676393202250054,2.7865660565432644,0.7123606797749977,-0.17043946878837646,0.15045678092519718,4.396251362523967,4.309543219074792,2.2438747642206205,4.535704365175051,-8.395811570068078,5.564295634824941,5.588590885000561,3.733475241575011,-3.7399337576757454,4.046524758424988,3.8396478338771414,1.9227553482998871,-3.4861669059538607,-0.4027553482998896,-3.206031862572817,5.3505572809,-0.7324021261518474,5.529442719099995,-6.130545418281169,7.295742752749564,3.8449618352934634,-2.095742752749561,-11.240118704228031,5.2364937022248395,2.490280609506514,1.7035062977751616,-9.133263517818591,3.257507764050038,4.993517643777865,4.06249223594996,-0.593954157556927,-3.269906831399548,2.0964462360941147,6.389906831399546,-5.4336832056319615,-7.160626724674667,3.0884748121143217,-0.13937327532533328,-3.2959556026948245,3.837082039324996,5.132083757178882,3.70291796067502,8.113674648967674
19,57000,3000,2bc573970d21f2db3add3e7d24bd5d5544d95c732137a94bc94e00e68ca7eee1,127ba9b89bf43597a05b84a7c8845fd037484e4cac774d13515301b0ec83629e,-6.249543219074798,-1.8220977733537809,-2.0904567809252006,-3.1764696920227626,2.0781344887247073,-2.7062414901887872,-4.138134488724712,1.0612525603176617,2.348266044899671,-0.7162517224961341,-4.628266044899668,-3.8599201377776313,2.5318728426496526,5.2018082109061785,-4.891872842649646,6.895012062132247,-0.7716718427000231,-0.46960958759803595,-1.3083281572999734,6.5442697709703195,-2.0823296235748434,9.861616761231426,1.182329623574849,3.0981470033876057,-0.8238699100999077,4.505328322880701,1.1438699100999115,0.3660829182698237,1.3908825056502438,9.813902309306318,6.489117494349768,9.640296751832489,7.674790803324662,8.490475824670778,0.3852091966753408,0.04266463032641574,1.0809519494249007,-2.0160486522338563,-1.020951949424907,-5.924993487914233,-0.7814781741247538,5.750623281192937,4.361478174124763,-2.7546927011559204,-0.9448839719251094,3.1121043670121185,-3.315116028074887,4.236603168674651,9.583807797699595,1.6688096470807838,1.1761922023003943,-0.913824032191149,2.0086533820502015,-4.797756049490324,6.391346617949805,0.8726608101542375
20,60000,3000,54a35975fe47bff7ca3c4a79c2e5a6a16ea4ea9642b61880ca2c7210ea4bf5d8,919dc29adcde85d699eb1fe2ee1e9564b65870a684f4d192617edb269d084cae,-4.169968943799846,-4.569311323267611,-0.950031056200152,-3.6651594823497615,5.070595668474511,-3.03964127652345,-5.170595668474522,0.7500539380970574,5.176756814574765,1.8733606385880668,0.1232431854252393,3.9441754420650392,-0.037507764050034156,-2.1997817431104685,-0.8424922359499583,2.7937359006673956,3.7369194269498753,-3.002408792419447,1.1430805730501254,-0.3309704566912543,2.933475241575017,4.934083995559802,3.2465247584249792,-0.1575281713238751,6.472198067399878,-2.3029260878149667,3.967801932600122,-4.525100157351356,5.480263112349922,3.235903340240821,3.959736887650078,-2.2585237595868364,2.530557280900008,0.14287917595766303,2.709442719100015,-2.6980707072049923,-0.3595121628746524,-0.29011654177230456,7.019512162874646,-3.018249888957189,4.766524758424983,1.9538763672544155,4.453475241575017,0.15609978054013524,6.815278640450006,-2.300496758171556,6.904721359549998,-1.2114927427113145,3.5440325224750273,1.5786947446469026,4.035967477524976,-2.8095769972051374,6.552561679724622,2.311288033110612,-1.452561679724629,-1.357920331978157
21,63000,3000,e980551bddd829f4d84cc01991655667a2d641a97a61808e8a152a70a5580f15,da81e87fa40eb209309f6391c2e649e46a4fb884b4a3b508adbf8c78ca099dc1,-3.5586607134245627,-1.7139036070506106,5.698660713424578,6.090692442221893,7.764032522475028,10.285823081741666,8.255967477524983,-1.1609666365190723,-6.828165544924854,7.787945176186957,-3.8318344550751404,-4.860237641587729,-1.740688837074969,2.676370012520769,-1.1593111629250348,-2.288895706684689,0.21183445507513995,1.775884729718187,3.208165544924859,4.35709001820639,6.38334368540005,-4.202609790761864,7.456656314599949,-2.38706324729626,1.0721980673998812,4.979987732077416,-1.4321980673998826,-4.229860776474599,6.472623792124934,-1.9627387819799136,4.907376207875075,7.514097182876454,-2.4395121628746534,0.21403202046869996,4.939512162874656,2.971227068773781,4.6556422527747365,-2.204949709515247,-0.7556422527747506,-6.725191207579793,3.6107198932751223,2.266885704882489,6.249280106724883,-2.647117149088688,7.308002932549743,-4.1265252694582495,1.8519970674502577,-2.3400404271128625,3.5506577808748228,8.747172475465906,-0.25065778087482554,-5.476584125570578,11.596331089849725,7.3418469986806105,5.603668910150277,1.6459898687307875
22,66000,3000,e3df34521c62d9247885e21a194f33444d90d70b493b9c20a777b31a2bf8d65e,13f52aecf225657043ecf3485f760e6db16a33a1a29e319686acf94fbf96b245,1.2842335224246468,-5.9304256341366495,-6.184233522424657,9.425500082116347,6.034852915724965,4.211590350293446,5.185147084275046,2.287467315900946,2.2675772078246994,2.6991897908707667,-4.127577207824695,4.139127259804776,5.215967477524973,0.5853559226490607,4.72403252247502,-4.264663930935199,2.418885438199984,0.1929499400204089,2.0611145618000193,6.3228767440656455,2.641052449399718,-2.4092644114103194,-3.4410524493997308,3.558011382206596,-4.260789337049788,3.6387182731848173,0.3007893370497828,-6.057700003168782,-2.842329623574836,7.611764254058197,0.42232962357484655,-3.1290645472156338,3.4436067977499873,-3.2441922680307287,2.9963932022500113,-4.1079455361591215,1.6281655449248529,-2.6095753578667154,-1.3681655449248595,-0.456197820703705,-3.467314095474763,1.5036111622029624,1.4073140954747687,-6.430952765562705,1.8647213595499923,3.7222819457305163,1.7752786404500054,-0.7487436921194219,5.680200999949625,2.3824408776216384,-2.280200999949635,4.311377444000637,-7.2868883707497325,-2.373960787519888,-1.4731116292502748,-2.6237969013088516
23,69000,3000,b6dfd69116ec78fcd7bad1a030314b238e27670f78b7c6ec38d2f221fd7d2d30,41693137d31721a6d6824597ee691220778db9693a3f8f9a97cef37f3344186f,-3.4374456516497327,2.570914482978973,2.1974456516497343,-5.350738147322206,2.915704365175047,-3.7802872031648604,3.944295634824958,8.073130041166698,-5.140789337049785,-2.2962567131206697,-0.5792106629502136,-0.36770247136542644,3.4742261910502865,0.14511734328921033,9.645773808949707,5.294425460489234,1.1447834719502974,-4.540440784459268,7.4952165280497125,1.1368366121914346,0.1127864045000409,-2.9525743179689017,1.00721359549996,-6.451225069463197,7.420038387574518,2.854361650056994,-3.0000383875745107,-6.4898859443509345,-0.5230184606498169,0.768515526590077,3.3230184606498163,1.0532729396457388,-4.256857314549578,3.838528750211379,4.7768573145495665,-0.2563143261713837,0.5360679774997847,3.46577645724727,-3.936067977499793,0.09161631072338873,7.191609730299721,-9.808042711159828,1.2883902697002745,-6.587434870726581,4.732886904474854,-1.0097985327715155,1.6471130955251423,-6.617424493200702,3.8838699100999046,1.3582296390961226,1.9161300899000941,5.203000312077715,14.63797187634958,3.2288516409228145,5.9620281236504,2.9418560605356068
24,72000,3000,f4e6c3edf7cb82ce748d31488318a6f2bb35fbf90ec0448246247aebec113144,651404a1257bdc9972c683a3231329e61b42fca2447e14179d2b5458a6d65e32,7.144496634774574,-1.1141349786475434,-1.844496634774575,-5.683018849991107,4.2672135954999595,-4.136816074967475,3.372786404500035,-1.5578038265104805,2.1368189269750615,-3.3302582877255893,3.523181073024933,-0.48101947677304213,2.373575741549828,3.0355193762786716,-1.2935757415498272,5.976756822578345,4.290657780874818,-3.2244934510658307,0.48934221912517994,5.472535242831574,2.3417412864746874,2.6378272824391296,-4.321741286474688,-0.525230642689298,4.351447117924603,0.12984973368705774,-4.011447117924609,-8.121153800209763,5.920789337049786,-1.2714268603592125,1.359210662950216,4.524099218491699,-7.249968943799845,2.268814565096065,-4.030031056200152,2.453666739638443,1.541478174124756,-5.471725466283772,-3.6014781741247583,-2.1199576461858136,0.17993788759969417,1.1660894756235223,-6.259937887599693,-0.015340627107907172,0.3355033652254272,9.835175552066481,9.324496634774587,1.609758323486453,-1.3710213931995638,2.5816327404122683,7.931021393199565,4.329338563063806,-3.9731500168247837,1.2477242879556532,0.6331500168247821,0.19283179521430438
25,75000,3000,5bb38c8f9f14fd939451d1eac57b47602b72a5c6df5861b37d575e0bc64257f1,a6900df866648fe713f9572895781cb2d203d62402e8d52465667ca2ac0ef860,2.364233522424646,-4.1595177085113715,-5.10423352242464,-0.4152257609786574,5.624721359549996,2.416124948416472,5.535278640450015,-4.079502449274857,0.9132121292250845,-5.149617424317998,2.746787870774917,2.5478305248113426,4.301640786499876,-0.14792899755634425,1.618359213500124,0.7497446309790923,4.269481106674492,0.09859499253564175,-6.329481106674501,3.583333507705765,5.281478174124769,0.5920252973433492,0.1385218258752424,-0.10726624494926304,-1.94,-0.6258275129442781,-1.9400000000000008,0.9275451062034563,2.220363612324745,1.1902194999511564,-3.2803636123247384,5.730041670174496,0.523405797800355,4.615715529215074,8.036594202199643,-2.194349596888055,2.4021670111997326,1.7135942999326432,-3.3221670111997335,-8.982404721188997,-2.3072757079002555,5.618535380174347,-7.852724292099739,-2.6260350686403893,1.6116097302997208,-1.1610396540248342,-4.291609730299721,1.9636667033338155,-1.5096053314751074,-4.954665606578254,-3.7903946685248915,1.7220013725286385,-1.642817460700192,2.6510478870215977,-5.757182539299806,0.21896369726128184
26,78000,3000,76bca7e080b1ab6137ae5d569605332b8cb2b7db390967656a9360018222c313,475e647f958f67ed056241c228b80c5aeccfb9e1a1f2e21d10f7e3d3215224c4,-2.9151160280748876,2.3936144771844443,-0.5448839719251137,-7.615813136797211,3.3619038988498047,7.84880721518875,-0.8419038988498022,1.591296734993441,4.926199533674761,2.208571140330192,-0.30619953367475333,1.785556920991484,1.5948529157249653,-0.8057480106940826,0.7451470842750397,0.02775145514257861,2.015379140424822,5.342567364338401,-1.8753791404248155,3.775046219254298,1.191571342725213,5.044280039582295,5.708428657274783,1.9609280665724307,4.70121506177484,2.553262671033756,1.0787849382251702,-2.2598340055644734,-3.7005262246998636,-1.4464156813164328,-0.6594737753001446,-1.9979693883645688,-0.6475388202501908,0.350123676925977,-4.672461179749814,-11.454842356438425,-2.7216407864998735,-2.4492355322757,-0.03835921350012336,-1.5662839166122358,-3.821903898849805,-0.11181559711811165,0.38190389884980214,-4.327527847656345,1.9327864045000422,0.7688978512138109,2.827213595499951,-8.304504566462635,9.877484039224234,0.06648534753607604,-6.177484039224252,-5.63680580635549,2.723181073024938,-2.8902838881833657,1.3368189269750712,6.888269669932184
27,81000,3000,a3bf9336f266948fb6bfa323adc15e5173f85dc482775d75db3e85f1de30c116,07afcb15f13433276f09a275f1ef1918aae26011d4334f0ab20486b1be7ab1b0,-2.0358048651498715,1.5747640067139927,0.9158048651498606,-0.7616549895839295,-3.341215061774834,-9.800872867035707,0.2812150617748279,-4.217213658827733,0.014001466274866793,0.23904483884990133,-2.714001466274874,-2.428344614139276,2.1674767078498878,0.17942002831996579,-0.2474767078498839,2.6869701251479645,-3.9852859718243594,-0.09392749556069217,9.56528597182438,7.722770074628511,-1.1742645786248005,1.4192828404097986,3.074264578624807,6.975645935604697,-1.0066252583998008,-1.4330769319278664,3.286625258399798,6.316825983607293,-3.0760058650994817,9.553539100395932,7.836005865099476,0.2790889772210373,-1.7241951348501394,-1.325310217548765,-4.67580486514986,5.121674806863558,5.537971876349587,-0.9281637204393933,-3.1379718763495936,-6.409252070878482,9.163908297674412,0.7340946967532126,-3.2239082976744156,-3.909872757034279,-0.7933126291998991,-4.7172403208239615,1.3533126291998998,-2.915414851370665,4.929543219074814,2.599284552357481,0.7704567809251937,1.2384344213060907,-0.21049516849970656,-1.7541840350339637,6.050495168499711,-1.9253151355640403
28,84000,3000,e8d53019696ed41cab87a8c29652d1bcdb9c86db40250927914e834cee81ed66,163f4b1f04836b0da869a99882de259efa26bafdd91096f7ccc9bd61125c4db6,4.4250849718747345,-2.4570239906357596,-1.1650849718747405,-9.71992968644528,6.308892769574345,-2.5129092255446452,-7.68889276957434,-1.9736482017250694,3.165410196624966,2.4572151529476227,2.4945898033750336,5.041040933391097,-2.6100694437746634,-2.1496379615419627,4.5900694437746745,-0.43480643313744816,4.961377674149948,0.07770407439921606,3.798622325850064,2.256094429943427,4.9212150617748325,7.152445471969385,1.2987849382251717,2.6329686231523075,1.1844582472000644,-1.2302636383222982,2.6155417527999334,1.3951528160821558,6.230920893224755,2.558312492632431,0.9090791067752516,-0.3115079293385768,5.311609730299719,0.7455045859282141,-0.5916097302997194,-0.6958612737895453,4.4146281909495455,-5.121483644551693,-5.3346281909495445,-6.004198970602944,-2.4594116628998455,-8.179586509568148,0.9394116628998392,-3.2677766956281844,-2.332623792124926,5.355669824114777,-0.7673762078750744,-3.0513604728164148,-4.72911749434976,5.532351215673368,0.3691174943497575,-6.569710041275594,-3.9769194269498738,-3.54348053164649,-1.3830805730501208,-2.3477107406668134
29,87000,3000,34683860c7ff398b4d99a9ad178080bc1b164f43958c051312f62924e685c134,347bbea6ef11c1eba8fcaf63dd677df1ca226860580497d6bbee5a6500f46564,5.339736887650079,3.1965508336113824,6.860263112349924,-1.5993945004714658,2.965309696650158,4.072023298032754,6.274690303349848,-2.8458085424494737,6.21580486514986,7.999356704700374,3.2641951348501412,-0.5237292343997946,-1.8779334887750887,-0.660439505093009,-3.6220665112249164,0.6432881625776312,1.2188854381999825,-1.2585155628947131,0.8611145618000181,2.3765812794751606,1.853250516799595,-0.32592063509257596,-6.733250516799601,4.950734868645347,4.02770143262531,5.0937321894091045,10.512298567374708,5.198450959908864,0.5653480842246602,-5.010978293411208,-6.545348084224662,-0.9940304537395361,0.8427553482998854,-2.2413724170714553,-1.4827553482998979,-4.539631007911465,6.163869910099899,2.825418093742881,4.196130089900091,0.9576077461833364,0.8018033988749886,-3.015629397001909,0.5781966011250137,-1.0751647966418325,1.6994737753001385,-4.274645429326459,4.740526224699863,3.0885929569204187,5.986888370749743,1.8124985995862517,0.17311162925027637,-2.507358934516129,4.278622325850065,9.3688780881654,5.4413776741499404,0.32268152890135987
30,90000,3000,af2d428c39804ff2bc5aac6db528011af51e2d28f5f0e7cfbce2110a13473e18,6dc0e684a6be9c63d73d5d5b44c962839b7604181c5cb46b4ac945d32324e586,7.05606797749979,-4.893421242952724,2.5839320225002056,-1.1842417569985761,-0.7509208932247481,3.694339328276082,4.570920893224749,3.1243970502406824,-1.7132505167995906,3.205840700260948,6.873250516799595,1.1927218471003185,1.1403252247502302,0.5085797696037551,6.059674775249772,2.1543784760226767,3.7798995000251865,-0.6065561479034592,7.760100499974816,0.04571257420575794,6.483645185324486,0.6251358812025726,-4.383645185324495,5.538520120937826,9.118172876299212,2.5134096949744755,-7.518172876299213,0.1864717276379858,3.862167011199729,2.3501400703102195,-1.862167011199732,-0.22987311700643934,12.347677707799521,-3.5368111569522087,1.9723222922004893,1.8096869453191147,1.9403252247502323,-0.47465940919672556,6.859674775249763,4.595943694744421,4.317608264024846,4.760905890010049,1.1423917359751479,-9.14941392147429,2.6612150617748345,8.18551912522041,-0.9612150617748345,-5.928851208341374,2.349705831449926,-4.199370684570647,0.6502941685500799,2.0310799722238038,-0.02407091004953335,-3.5785929932250498,9.904070910049537,-0.8447912102055586
31,93000,3000,2ba9ae0560966aee14bb9a790e8ef45827689081b726695b7d06a76c18b9d009,457b0057abf74a4217ba5ddbac6882bf1d819f61876aee5a5e55e6ce3412dc45,0.15665631459994994,-0.7838561536979836,-0.9166563145999472,-2.2193624152692566,-0.6166563145999491,-2.8464271566854045,0.4566563145999486,-9.85544785596696,-0.8094427190999911,-5.051641046018296,-0.6305572809000066,0.3477394745829034,0.7827169607253737,-2.141157871440209,8.877283039274616,1.252774109554329,3.250031056200155,-6.032450895175368,6.469968943799851,6.102912107944689,-2.4659364213248263,2.156307336236252,1.245936421324827,4.592204119123379,1.3420665112249122,-4.540558929265371,-0.4020665112249211,-6.433764419829849,-2.0744271909999177,-0.5491243774047331,-0.2855728090000864,6.757992484321055,2.115216528049702,0.7069618558465697,-4.235216528049701,1.067803790205849,-3.4867257583746123,-0.7571056374150782,4.786725758374601,2.160738543598995,3.3271514830996582,3.5053201261885776,-4.007151483099659,-5.246401701446172,2.400851449450096,2.2861570699233096,4.2791485505499125,-3.5289496810863814,0.10117667420032266,1.4431765751252255,6.898823325799684,-2.420173831155486,2.265247584249846,-4.52228850308422,-0.8652475842498542,-3.7412440036533683
32,96000,3000,bac54442566dc02640a1d96053a330eb609a1279458336ed7860ecd29103da89,b7795729381126f87ef37a6f05ed5d092690c31351d293b91d55461ada34345c,-0.5120975674250711,-4.5776732685632595,-1.9879024325749308,2.2178610069797586,-1.3293806066996914,-7.462333848212356,5.2893806066997,-2.9822095060247236,-5.595053915674597,-0.5542923438095124,3.215053915674584,-2.7609346239261425,-4.833250516799604,0.23954530827973292,3.753250516799596,-4.215521088226365,-3.8829179606750035,4.074761934794137,-4.017082039324993,3.3595111511576783,10.202631123499275,2.6048348433859956,-5.002631123499285,1.399584023444911,1.965247584249851,3.289786697430376,-1.1652475842498529,-2.8560993479586996,-2.69262379212492,5.61884468729231,-1.1273762078750713,0.26567721032671054,3.563181073024929,-6.983507411470525,2.1768189269750713,5.515126855652218,3.2714087303500965,0.9342144808977366,5.328591269649907,4.783225198930206,0.8993732753253327,1.4075636441168213,7.920626724674679,0.8699221733928532,2.014852915724961,8.288663469924881,1.1651470842750378,1.3899848496773826,-0.33288690447485475,-6.48140585424918,2.752886904474855,-1.166781107365224,4.039837387624887,5.923992549054564,1.5801626123751138,1.5583042959403124
33,99000,3000,dd0c5f9a68abd8b810a418749da81fa816d66e4301b79d448f1215eab09d4616,840d8ff9a97e0a5e153d338d3784a7b2fa67f4b816834189ddbc7db9d23f0722,-5.477770876399964,-0.4934303048077058,-4.7622291236000285,3.690599752655027,0.18016261237511258,-0.41403365980711787,2.6398373876248815,-4.093723992716993,6.906036921299635,-0.02925286343208157,-0.7860369212996396,4.555781411567175,5.5116718427000215,-0.31724938267895086,6.048328157299976,1.9594266582829334,-0.4583592135001236,2.2603344749943024,-3.141640786499875,0.7660861969466732,1.1768189269750668,-3.113105305871785,2.563181073024937,-0.6622502205004825,1.8679024325749287,0.8963633825577989,0.3920975674250709,0.08082503578432605,-0.09888543819998416,2.6153168112070966,0.2588854381999814,-4.061541330211662,-0.8288543819998304,2.9386169543443983,2.748854381999823,-7.646994860442884,3.148490769675089,-1.0630632757251253,5.071509230324906,-0.23642434689462305,-8.483807797699614,-3.2393336087439004,-0.07619220230039242,2.5192692931209626,5.598459713474937,7.100563992499181,4.301540286525061,-3.918161684824165,9.505022859474426,-2.9728466218694023,-2.5250228594744337,-1.995039589291329,1.8202631123499289,1.1824310415910997,0.2997368876500681,-2.423604099658558
34,102000,3000,3dc0918367830bed675038dca5e478c818ef78b7c0c61ac1ae7e45cd7d7ba69d,71dc5cca479bd1a71dec1e88cf847fe6a15dfa9f9010552238546882b573a19e,4.650983005625052,1.0539645713874397,5.769016994374958,-7.23458075373135,5.776130089900093,-2.539232289903485,7.74386991009991,4.108564150395062,-0.7371825392998074,1.9390362095763483,3.3771825392998065,-2.797166169170476,-2.0693806066996894,2.1600469118572945,4.549380606699692,7.223170864556355,6.881052449399717,6.513588516754503,0.7989475506002857,-1.8625693636490037,-0.9909208932247512,1.6119964908179973,4.330920893224752,-1.842679384372247,12.516957814524398,-4.235411067503124,-0.4969578145243878,-5.141137334216244,1.8330495168499674,4.555781411567182,1.2069504831500315,0.029252863432078183,-0.2134131291747104,-1.141768288984018,5.913413129174705,1.0818341713361188,-0.5554796403996292,0.3832342607851962,7.315479640399629,-5.80905599055135,9.418560213449755,-1.1983902829349498,4.141439786550246,-4.525909933899159,-0.5607509494752747,9.768572059724296,-6.419249050524724,-0.3240369021793333,9.539875775199393,5.546499741609746,-3.3398757751993955,2.84962113557628,12.650533556074215,-3.135306469985853,-4.0305335560742135,-1.306848629055746
35,105000,3000,896ad40dc847a9be088a4deda90cebe5da397d3d7822d3ae834a261e4ba2bef3,1550874db52aa56d0927f68164928a3d428fbbd4c082ee9370a5be8fd09cafd6,8.295216528049707,-2.4845391561661327,1.944783471950296,4.615524366903199,-0.17065778087481887,3.627117221697958,3.630657780874819,-4.5928227333593155,1.1152786404500006,-8.086350645749166,1.2047213595499913,-4.524481543115419,-4.825285971824382,-7.486846197163722,8.725285971824363,0.6301857028012539,-3.759937887599701,-5.445593564236798,2.6799378875996966,-3.523281245251762,-3.545936421324823,-5.298974812658086,0.1659364213248231,-3.590385207023781,-0.7723606797750008,-0.5363312247463334,-0.727639320225,-2.9601264867167694,1.6332505167996014,8.49459772491555,-6.953250516799589,-6.684146130348965,0.3547524157501467,2.194540759199923,3.485247584249854,-0.06317322383911042,-3.269543219074801,-1.3203785407561832,0.8895432190748007,-0.5006001489318299,-4.79390096630005,1.1309770140449604,-6.046099033699935,1.4875789033533544,-2.1915713427252106,2.1233879146888914,-6.708428657274789,-5.732470999817889,-0.9193111629250253,3.995438307299312,-1.500688837074974,-1.105654888545777,6.158297101099825,1.0968654913260567,2.401702898900182,-0.583854514359564
36,108000,3000,bc820d1bd4046e61c0f717e28aa23b3ff73757765613832e38e7e9df32857936,e271b7388c565e09d3c95b007421bb8282f93dc1128b75ff1c954ebe52bc4404,-1.8985602134497537,-3.948533631922019,3.3785602134497443,-6.541030664779121,2.3746903033498423,2.602023189118856,-0.9346903033498385,7.443754114913242,4.467050983124847,0.5544835061213775,1.1129490168751466,-1.9179541291280557,-5.53102139319957,0.9907183300425656,3.7710213931995673,2.8203682721441976,3.5631810730249383,2.0634537970409887,2.1768189269750615,-3.508868539497762,-4.54790243257493,-0.7474334461417826,-3.0720975674250774,-4.404922614937588,0.13400146627487428,4.712072354419172,-2.594001466274876,-6.6035122568765265,0.47914855054991434,5.2076678090526665,-1.3991485505499088,9.947873943238148,-1.8131116292502722,-0.9422671190754263,-7.626888370749727,3.991507569366405,1.2914087303500976,0.1566002499699676,3.3485912696499045,-3.7410528413415047,5.804984471899918,-5.846406619461445,4.195015528100077,-6.8728108980181775,2.728328157299975,3.169299847898642,2.1916718427000204,-4.192318985252629,-1.3534131291747125,0.8206611858779252,4.773413129174715,-9.32397529050745,-3.179999999999998,8.27120282029155,-3.180000000000004,-0.19799976161908833
37,111000,3000,7ed4d3e3c5f28452efdadeaa3b1e24a1eeba2fa1ca0929ad42eb538ce829f0df,ab01f96c9dd3352ea3e30c6e4c34746fa99d273dce84098039dec7b6ab7b65a2,2.880464112299547,0.4926205282599049,-6.600464112299554,-4.795135557535028,3.45845971347494,3.1276361564318886,2.161540286525059,0.7238038912439885,-5.189844718999238,-4.572122977534758,10.909844718999253,2.379010609118566,-4.857082039324996,-0.7536753689119986,-4.72291796067501,1.8999930100648668,-0.29098300562506185,-1.9231951130386042,-1.4090169943749404,2.176079170706907,3.304558747174881,0.8818325319976945,0.7554412528251183,0.01927136504081977,-3.385348084224654,7.653546090331057,3.725348084224667,-0.4745863916909575,-0.1175077640500395,3.074253268672169,-0.9224922359499603,-0.4657969944712314,-2.772724292099741,-2.432702803996251,2.7727242920997295,-8.653436142217085,9.291184005574681,2.35811969098214,2.44881599442533,3.24488389977242,0.7894427190999893,-3.2512439673487328,0.6105572809000073,1.0924342839633183,2.587538820250183,3.750533870302927,6.612461179749815,-1.7301721555124323,-5.756857314549592,-1.3037276676706289,3.2768573145495754,-0.017151342515381945,-3.9295432190748043,0.30926976200703443,0.22954321907480477,-5.434183675061796
38,114000,3000,2f62cfd5dd67b2fe3cd5ff0280f8cbd60f20bd82d018c9d1cea005ccc98a7700,9016c9a19559569f8d0c14c815cd63ff4bb65c812d9e6595499fbf817bc6c189,-1.0457738089497113,-0.0024293296434045875,5.125773808949719,-3.3136074146400505,1.2401004999748082,-8.714489343530747,-2.7401004999748158,0.6600571804692761,4.690332556124591,-4.446704451210434,-4.0303325561245895,-1.9070447093828895,2.382492235949964,0.7275434668650312,1.5775077640500386,-0.4966694109989203,1.721578674099572,3.10250519324459,-7.401578674099565,-1.447225457864226,-7.12243012354967,-2.9568143630197845,0.12243012354965777,-7.295015340809086,2.06078933704978,-6.988675377875299,-2.5007893370497887,-4.003800252594967,-5.122329623574848,6.779074564769346,-1.8576703764251552,-2.8025252978871213,0.6571204268995006,1.8036361848607736,-9.897120426899514,5.162838028900482,1.0527864045000384,3.8566810315864264,1.9472135954999579,-5.134394942016196,4.903444185374871,11.06462941384097,1.9965558146251365,-0.8899302974757173,-0.15606797749978943,-2.480107948803385,4.316067977499791,0.7804258851949104,3.233312629199897,-1.2575146240350414,1.0866873708000981,-1.197771668699005,3.7934131291747106,3.3353081093242665,-2.3334131291747133,2.4293455529989467
39,117000,3000,134a7cf471a847c8f68a1b9e182b1506ffc2473e976764f6a60ea922a848dc5f,f7557b1c9c6b297ce3617fcc1270e65255ecfe7761e905eacef88d310751691f,1.1416407864998779,2.3671002505137393,-1.541640786499874,3.145287968377111,-0.19118400557467885,-5.647906388412522,6.651184005574677,-0.3887845518137177,-0.6417412864746862,0.1579104959476092,6.02174128647469,-4.4236935105485715,6.289643719049615,3.5890749610461508,-1.8496437190496187,-4.6163341434510095,-2.8928869044748633,3.14478749894728,0.19288690447485407,-0.57992377642665,3.2042335224246554,1.2646844681591594,-4.264233522424644,3.5679928805978482,3.2716718427000244,0.24740678414555295,3.808328157299974,-8.31136510346879,0.8198373876248838,4.162756814702577,-1.6398373876248866,4.833368980498717,1.0119349550499552,7.430033040900927,0.02806504495004472,-1.5590410549823508,0.26206651122492103,6.464254511733809,-1.4820665112249167,2.4705087750358605,4.355642252774746,-0.9107030708060392,-1.055642252774747,-4.8212674595820095,0.52826604489967,-0.589095498270106,-6.448266044899676,1.6336971855022298,0.10743832027537753,2.289896645544355,8.112561679724626,-0.8979829356534067,4.558397601074638,-1.1980809758169748,-3.178397601074637,-1.6341976549320547
40,120000,3000,633cba5a4a31f16bc37105ff146887e70983d6f6f2ea2a9740361ceca59b5046,d34eb95184a6500b1b070579ea429621bc7ae08c71e937fbb2db4bd8a03db465,6.131609730299725,-1.962047150238214,0.2283902697002761,1.0480319557351905,3.3941640786499927,5.598572383391819,3.125835921350016,4.721862690498572,-6.2458743089245266,1.8075669227936808,3.905874308924524,3.1149160212792553,1.2951160280748837,-6.60027315068531,-1.075116028074891,-0.2939291348991183,-3.956694702174466,-4.196440885497405,7.536694702174467,3.55751091277675,0.8524849045756038,-0.7254234443395939,13.687515095424379,0.9185645466718572,2.8884907696750926,0.8170397550629782,4.811509230324909,-4.384341003919128,-3.6606267246746693,-0.3387589150513111,3.360626724674671,-5.1512369774136,-0.9716097302997225,-0.4583178432291423,4.931609730299721,2.187680222193764,-0.528691769624716,-3.3764713313611843,5.508691769624722,0.6996008494105826,-2.1364315898245305,4.11511538028325,7.836431589824542,-0.8739710561318763,3.534001466274874,-0.46105647999052435,0.8059985337251249,-4.017639471413381,-7.068366544874483,2.7346845770730677,3.888366544874481,-6.721569776764859,4.076067977499792,1.1445069257453981,-0.3960679774997943,5.123485522271027
41,123000,3000,f56091bce907eced81f7b6797c29bc16a57ae83931abd6297f688ffa9eacac08,c24649576961d1caf8de7dd2a169e954a61e648066a6c39e9316e156aab82e0f,-1.042391735975146,2.7094805963799873,-4.217608264024851,3.356890659202403,1.6752786404500037,-0.24964495147710003,1.7647213595499944,0.31886893577456027,3.94524758424985,1.81168882303845,0.8147524157501442,-3.611894739396144,6.345185471849545,-1.8415603007064685,-3.225185471849551,2.3842515930291213,-2.181114561800011,-2.6231782870729154,-2.5388854381999777,8.1573853454541,9.081841786449504,0.08151666752602367,-1.5618417864495016,-7.36242860969907,-4.21971316282428,1.287886571132896,11.119713162824297,0.638238340978945,2.182817460700192,-0.5711343792069269,6.297182539299802,1.4345053227116007,-4.387314095474764,0.37892119822855924,0.487314095474774,5.596643523178253,-0.6322985673746904,-2.2007096644643704,5.852298567374691,-5.8814009362339075,7.900688837074979,2.884041965413144,7.319311162925028,-0.5833540449297272,-1.339311162925033,-6.0083659981480695,-1.920688837074972,-7.971796411869676,7.753939353874566,1.7712172327432332,-1.4139393538745735,-6.949013564127886,-1.0842956348249495,4.402302122982316,-0.0557043651750459,0.6178478922723578
42,126000,3000,37cd86cc9fcaf75b08d273cb5ebc2393882dd01fc754d459c771f69a45feb981,ae0907658a0f9d49b723b4fc3d638a32474f49203a77361b4c72fda83f735b48,2.6044582472000717,2.362241591226928,4.03554175279994,-3.481926860902979,-1.5059985337251287,0.2945477491350541,-4.234001466274868,-0.8168485927511097,-0.4372446517001075,3.205030923713139,-2.762755348299888,0.08818604222031279,-4.991184005574674,8.232541945403792,1.8511840055746784,-6.004935729644995,-1.7229563482495147,5.253071076140468,8.562956348249525,7.662717812174512,-0.9186607134245621,2.1657883651976797,8.33866071342457,2.705431713640979,3.5022291236000385,6.435074665807479,4.217770876399963,-5.223199598472446,0.595603865200231,-3.057293088468667,5.604396134799765,3.8409580798547833,-3.3571204268995056,-5.278893671069454,7.197120426899496,-3.3676819341414648,2.9520354550247574,-5.340329197006857,-2.012035455024764,4.2174499484399375,-0.2733126291999006,-5.367698327525718,1.8733126291998958,-5.9460755683625255,3.551083505599866,-3.162866762816555,0.6889164944001305,-6.791485392804014,0.9044582472000688,0.0409720597250495,2.3355417527999314,1.5499423506446557,6.0824301235496625,-3.4829277997626513,-1.1624301235496644,1.2121113569472526
43,129000,3000,c3a9cedbaf14115292d109c132a30004617d73f7d13e8438f3067401dba2f55e,da101b0b3a506c46e4f94c4e6ca9acf80af3de50157e3b18b9e4dfcb2c765cb8,2.45957427527495,-7.961314444048581,1.520425724725048,0.5472406444914945,-2.8570199269246976,-9.479383439305892,3.7170199269246895,-5.3328500457647845,0.3380961011502008,6.8262155297588425,4.541903898849801,4.691991212830558,0.24678787077491143,4.696349402687541,-1.5867878707749117,1.5881757736083357,0.06249223594996029,0.27265589213896313,-0.7424922359499626,1.4302652776607236,2.008266044899674,4.050823072778363,-4.968266044899668,-7.064759899178913,0.480363612324746,3.799867875323634,-5.02036361232474,-6.063250294197283,-0.33049516849970495,3.116226267256895,5.930495168499703,-2.4902075920007514,2.2185602134497517,7.139224867386913,-3.058560213449756,1.8887742832017484,-2.5452475842498643,1.4560878725897308,0.5852475842498523,-4.567691770172012,0.2158669775501663,0.8661825977718167,3.704133022449835,-4.038530389549801,3.8308203932499367,1.4294555011129184,2.489179606750064,-1.3771916970189766,10.0553791404248,5.779876144625035,6.164620859575189,-7.310474112723097,9.40433402239946,-4.747302960803864,-2.0443340223994646,0.5358307553164949
44,132000,3000,dc46d68136cff0228d77c3f51628c47bb55e248b8a11802dfcb5b62decbb914d,d643b4b48d71ac09db8ecb41dcaf87bd7614a2ccffec96435de82f5db7f6c549,3.2837694101250965,7.858406388956292,5.2962305898749165,7.27512536153232,7.810495168499707,-4.44758724526401,1.5495048315002973,9.237909270812576,3.0746281909495417,3.6835480533370135,-6.674628190949543,5.693810124930151,-3.3744271909999144,-4.968695987708533,-1.5855728090000771,-0.1267287723019548,-4.652561679724626,0.12260687205717692,3.3525616797246256,1.7581147729668671,-1.462917960675002,4.591585504887444,-1.5970820393249974,-7.939731894170455,-3.262329623574852,1.2848386272535508,0.0023296235748405947,-8.45879363159531,-1.6360679774997884,3.134806000556013,2.836067977499793,3.094025103142829,-3.4825927359247832,-1.5401520145652654,1.302592735924771,1.0459119332097497,3.6954796403996437,-2.3384208740172623,-4.175479640399627,6.335596879218281,1.1944271909999145,-8.131753912836965,-0.594427190999916,-2.2393254120517745,5.29367624152464,0.9897904086886598,-2.3536762415246444,-5.854768564757102,3.8766563145999537,10.694806919950114,2.8033436854000504,0.9844312799720115,-3.286199533674748,7.279174244271341,1.9461995336747477,-2.335727364556222
45,135000,3000,d2e1d03f793bbefc71662010fb09b5addf38ae93e30c5ee218e23dbcf2ff4cc4,c9d82aa2893fe3bd0ceed6d059e1b6101bd9f0b808798a3964aa5ffc2a1b43af,-2.3595121628746556,0.5964565047060962,5.01951216287465,-3.9423647266575714,1.6416407864998765,6.726310291245569,-1.0416407864998762,1.7912983743318642,-1.1857738089497063,0.6139171543394399,4.98577380894971,-2.354380115361105,0.20101406182520343,0.34399989896186456,4.538985938174794,2.4206743005853193,4.157507764050038,-0.34692969803509277,4.962492235949964,-3.9471052411382797,4.443707297724794,3.2347842565750575,0.01629270227520488,-6.254771843433966,1.1636067977499738,-0.17437020672128645,0.7163932022500186,-0.7386440489220544,-1.7638699100999053,2.4054518182835127,0.20386991009990932,6.0605116574359075,2.302492235949968,3.158008103529749,1.4975077640500358,0.16427056352392339,4.356230589874906,4.788966652270599,2.343769410125094,-5.451953631813116,6.241377674149943,0.867610988555552,5.078622325850045,2.8494299732644186,7.853150016824792,4.415213420446813,3.2468499831752125,-1.5296700467441702,1.1913082303752898,3.2566030960653825,7.228691769624716,3.747604071229691,3.5377087639996656,1.0351206582706833,-3.617708763999661,4.109565089254738
46,138000,3000,71901b562d145f3448280735f9340c6fef8a5ebbd2ed80ecd6efadedfec63919,ac6730655ab4ec946433a90d0ca71a1f1aaa331203fd6f9e22d0d2536d5c84b7,-2.8253480842246685,-0.4356162096852494,4.285348084224674,1.0451021566619478,9.012987404449653,0.2839476365078565,1.9470125955503335,-2.926324271115827,-4.694852915724958,-1.5167587492796666,-3.845147084275035,-6.56273135946335,-8.029481106674504,-2.0666929032321915,2.5694811066745014,-0.9092746800223034,1.314326691025105,-1.2923177784956366,3.5056733089749064,3.196860140729349,-2.8959053651246784,-7.421052481369341,4.035905365124674,1.4594451235870405,6.283869910099903,-0.6264461271802129,4.316130089900095,-4.855879451730749,4.508002932549747,3.6873606464638256,-0.9480029325497455,-3.9247129147123467,-2.6970199269246953,-8.060601068325923,3.877019926924697,3.429972363927005,7.222167011199732,-3.7709243190095316,1.4978329888002697,-1.3842433963369976,-2.0639320225002047,0.5899052748179118,-6.536067977499788,-0.5291613806222065,-2.875278640450004,0.15559931111030004,-2.964721359549992,-0.1666998931673294,3.4258359213500147,4.657069913563859,3.6941640786499854,-10.002184752351779,3.538722825824861,-3.8501298016982526,0.7212771741751358,1.7211915959808333
47,141000,3000,0cbf85c6b11f2b5aeed5fb9bbfb7d56623c52b43f6f7d659edc4b51aed3d7cac,8c3b14cf246ad7cfc155bfdd6a4a7bd42b2b315999e06438792d5cc161e0309a,4.018985938174796,-5.671727105622184,-0.31898593817479526,-3.2424545701290066,3.9992490505247122,-2.5284410149644234,-1.859249050524723,1.5391510757055955,0.11108350559986534,1.5876753041784941,-2.751083505599865,-2.909172928600451,0.4957043651750547,0.18940152671123092,1.5242956348249552,-0.9869787544215218,4.519837387624882,1.3034183605526672,2.060162612375115,-2.874560936451727,4.295905365124673,0.17467951383925479,-2.6359053651246733,3.6303563278891646,-1.1735373539753193,0.19969233222045518,-7.926462646024683,-1.7692153550238998,4.496493702224842,7.020239426144687,0.9635062977751635,-4.808974776353449,-3.0755801403744454,-0.2551952425056118,8.775580140374451,0.15771933363573815,-3.1078403201746387,-0.697598971691247,4.807840320174622,-10.52517722770953,-0.253900966300054,2.647617618518521,-1.5060990336999407,0.47970923079540656,1.5244966347745745,-6.811802824004838,-7.4644966347745765,-12.20103857410834,0.40445824720006646,0.5584142440542912,1.8355417527999265,-3.9658761367492668,2.4905572809000116,-5.802195453545194,2.6694427190999965,-0.9047253278534627
48,144000,3000,9388bd65d51a629e072dd5b67981548b6612a2ae1a91d412e1f1cfe0220f539f,7704489e0528a59fe77756e004db51543d12ab073caffcbc54832b49be74fdd9,1.0695432190748033,-4.212973613776854,-3.0895432190747987,10.644663138381604,0.20812715735035076,2.4391358890783486,7.63187284264965,-2.3303682358395705,2.1281655449248604,-2.3798934031721357,-0.868165544924854,6.572831002660712,4.932135954999582,-4.923483882932611,-4.012135954999578,2.2670038496885914,-0.3716718427000294,-0.33178023323905853,-0.9083281572999762,1.8978729875394318,10.595905365124676,-6.86544989158219,3.664094634875327,3.537739078306102,4.58482185952481,3.173039423519687,0.5151781404751954,-1.561352239819659,1.6368573145495762,2.1798187463279457,-7.396857314549584,4.554161858471572,5.6268262583494355,4.510186982167507,-6.6268262583494195,6.993297747549911,7.503482572949374,1.419974472151495,-5.823482572949372,0.5095807084634243,8.42901699437496,-3.745602193510363,7.310983005625051,-3.8921028002829567,6.924133022449834,-1.8815314215718542,3.4358669775501665,-2.740043705789715,-5.162755348299888,-2.0621435510633486,-2.837244651700109,2.8262278702906865,9.430394668524889,0.6979812963149752,7.149605331475104,1.1673997216011553
49,147000,3000,af25b76d72000d4193bc835a72f44b0a970d360c878c0fe088836da3709295fb,8383802a095b7070a5121e3bde72922fc51318fff438fe815be15591ef1e6d13,0.9754412528251155,-6.708039865064424,3.524558747174877,0.9012220418446106,3.652987404449669,2.241181254759592,-3.4129874044496664,9.218519760965643,-0.02498447189992445,3.11765465804063,1.584984471899928,4.397752770813465,5.993575741549818,-1.7158324672641867,2.326424258450174,0.9899085534947651,8.411447117924608,0.13813866147694784,0.04855288207538931,-1.7546845044637929,-7.634953415699772,2.9955482554132984,-2.8050465843002246,0.8524615237595157,3.2161684774746027,-1.4408653902879225,-5.236168477474603,-1.8368197862257545,-2.6350539156745874,-2.8055281144661257,6.1750539156745905,3.9439842797531726,2.9402631123499283,-2.0611426122036853,1.4197368876500693,-0.7481250778834859,-1.965185471849546,0.14368895250546906,7.605185471849551,-1.5935349023249823,-2.9353791404248275,-7.413573330127245,0.9553791404248209,6.721378614452987,2.553475241575011,0.38354356790316974,2.8665247584249904,-2.9173437115842353,7.843707297724788,-4.165377306657862,3.4162927022752094,-3.468087642084578,4.09029416855008,-3.6831206014129476,5.789705831449928,4.768503186058242
50,150000,3000,ab3324e4c49036d343e028bd1268843f9e6e096970e21ffe24dd8def1f7d0ff9,55917470053662d443db34d6806bd55ca801936e4b6ca64d83694be6c61973cb,-0.6131500168247874,3.324207527267234,3.9931500168247793,2.1070463487213127,1.5038699100999078,-5.7047195446753145,-0.46386991009990736,-1.3176399039948097,3.01845971347494,1.7944193357169773,1.7215402865250538,-9.878768103746799,-7.5208898370246065,4.358518408990137,1.0208898370245987,5.1120756330960235,2.287213595499959,2.5140283092104108,1.3927864045000464,5.969896285572177,1.8870509831248403,-1.331479122813216,-1.4670509831248415,-0.8228993532094651,-5.113614129124345,-3.667088342563331,8.973614129124346,-0.5314725654595175,-3.89199706745026,2.453284415014715,-9.348002932549749,7.088962941012315,-0.19383885389975553,-4.417524605284119,4.9938388538997565,5.7866636641254106,0.31177234267483733,-3.1601281260551857,-3.131772342674839,-0.5861656991968666,6.101578674099577,-1.436316038119078,-3.0215786740995765,1.8986827640872337,0.14970583144992194,2.964675838885603,-1.5497058314499232,3.199171325566662,4.716493702224834,-0.5518630141661115,1.1835062977751636,0.552672790713908,-3.420889837024595,-5.287446778676992,5.120889837024604,7.194227308242245
51,153000,3000,0cba82731dcf28063da72ec72e4d5d2b477f4c8209b2248f7cfcffb6b7ea8658,72e4bcb28c90d2ddf1e895aacddf3d68c5b83a25eb198710bd2e9ebedb57852a,0.9162305898749079,-1.3161384957053046,-1.096230589874904,0.3431901224140625,-7.765348084224648,11.12094210067392,-0.654651915775333,1.8261015287924596,5.103869910099909,1.8841519135271179,3.136130089900098,1.3747623673755671,-3.9739393538745733,0.5056499705305159,5.193939353874568,0.627947535469715,4.116354814675512,-7.868888356777378,14.983645185324495,-1.8140000078757645,-0.5286917696247175,-4.27414495989663,5.50869176962472,1.3014164828333377,5.310983005625056,-0.517560329135344,6.429016994374955,-2.0547825446273618,-0.10508497187472736,5.032178518665611,5.485084971874741,5.2129818104689845,2.37823498869952,1.905734463405252,-7.818234988699516,-3.764063782003363,-0.6115092303249161,-0.9960774587592145,1.3115092303249047,-7.660406627337211,0.5508825056502413,1.697680185889143,5.649117494349759,3.8881720623500478,-1.6129874044496584,-7.384011159577202,5.452987404449667,5.0573094818529,3.007376207875071,-4.108446005588963,4.572623792124926,5.0313687421177935,0.7377087639996616,-1.5866743653188151,-6.41770876399966,-0.6651800195737179
52,156000,3000,e0dade9a4d0a71a143316321048702d4d0a108da4e3ecd9269c0b871f00608fb,68630cbc9ba960bb6eb67fe89c6dc66f4a3641d03c485103729b48a099d3a808,-1.5048839719251097,-2.211191632285471,-3.8751160280748866,-0.42027558257734154,4.98917960675006,0.7729467339528181,6.33082039324994,-2.781825542062568,-2.3313466179497957,5.9281144492993505,2.0513466179497923,-5.168506464735085,0.8018033988749869,0.0558122174031129,0.5781966011250113,4.503208300355266,3.0405262246998572,-6.816307048873355,-0.0005262246998544162,3.8835496926754285,-3.4196126628494676,1.48676912680555,7.93961266284946,-2.235512818924975,7.704334022399464,-0.5497429916406681,-3.7443340223994594,0.9745679263868519,1.2115713427252144,4.378290243460783,5.728428657274788,2.4430666270112447,2.653212129225088,-0.8723515030362695,4.486787870774919,-1.9060437705232205,-2.65564225277474,2.097565319759885,2.75564225277475,-1.4374351217848502,3.821903898849798,-0.523920396711663,-0.38190389884980636,-3.320467951646196,3.964032522475026,1.9667876647189275,4.455967477524978,-1.9914181584763833,-2.277871376374778,2.6443054948215456,2.417871376374782,8.311055796350821,11.119875775199402,0.9991984201443181,-1.7598757751993934,4.507948814835985
53,159000,3000,0aa44bce01bc9d513f7bddd41f29dd9a1c1c8512ac1683c9d144a22bf38ac1ef,6ef4fe5398e7b3787c3e75e3a380b99f10efffc6a1db3a23e9ea6da474fa8e2f,1.5958669775501657,-2.3285575204321005,5.0841330224498344,-4.908953032372494,4.759674775249773,14.748059322371867,-0.1596747752497679,-2.7667212045668528,0.7557664775753512,-1.5821250131499807,8.224233522424658,3.0703225307392614,-5.123219460599443,2.918845119873743,6.683219460599443,-4.977985854358095,1.798622325850056,4.427005634245549,2.9613776741499445,-7.673436069607808,-2.0969194269498854,-7.836896856583929,0.49691942694987545,-0.1644617258357925,-0.49065778087482087,-1.2452949583122346,3.3106577808748234,3.1207756194257428,-2.0325232921501115,6.864758259840491,-4.447476707849888,2.9283261488351697,-4.916857314549574,3.1248975196705215,4.116857314549577,-5.481515802363163,-0.8971825392998068,-0.1077667143791047,3.217182539299806,1.1951511767437346,0.5274767078498868,-6.178378015012369,-1.8874767078498873,-0.29604915742454946,6.142855848274699,-2.9530747873987413,-0.16285584827470168,-4.664048595376113,-2.001315561749638,5.489377278228988,5.601315561749647,-0.9709464955719029,1.6666873708000998,0.43411480139573905,3.8133126291999058,4.316427265599312
54,162000,3000,21bb9005b825b47a0b45a5f2962f30b39fd2deeaea6cbde699a8c088457d86e6,7db169bff85ce3d070c84419c7ec798dec5d6602ad5a06c42eb91eb0b0452179,0.3309830056250508,-2.6408752263184736,1.4490169943749431,-8.57180132988495,2.0084907696750927,5.247903109735677,3.9315092303249153,-1.8562092960726801,6.044821859524805,-1.7102821762356746,1.9751781404751902,1.1510581556335802,5.3411145618000235,5.27565456487825,5.698885438199975,-1.0504612853786035,3.362492235949967,1.5172592187095004,2.557507764050037,4.775554885376253,-0.9465247584249858,-5.182919170489095,-0.633475241575014,1.5809329119784448,-4.164133022449836,0.6298763956832938,-0.6758669775501602,4.595133918196626,5.641640786499885,0.20162119243402682,2.958359213500126,3.3315685337032312,-2.124821859524806,-3.0311611864216896,1.9448218595248106,2.4376344807888386,-2.741215061774829,4.503017138043399,0.8812150617748291,4.623076535651064,1.7757043651750486,-1.6261450167543734,2.804295634824946,-7.576651792479639,-4.331083505599871,-7.373529191756105,-1.4689164944001354,-0.40381587180365364,2.1807893370497804,-4.722481304734504,-2.380789337049785,-0.18485217454238032,0.4221286236252216,3.7883849686428652,5.117871376374778,2.9722280076334577
55,165000,3000,5fdd2ef523c3b70f7a62fa49c152d7c0a491d26388fc635065968bf23df81d8b,ce87399e6ed2ccf052d931ef58730c6e8c79817c55284656107703483db7d0f5,2.297708763999668,0.9743767640749851,-4.857708763999663,5.228631744694851,7.544334022399464,-0.20062025357436536,-3.90433402239946,-6.905921481877403,-4.402654848325067,3.8081568031135236,-6.057345151674914,0.30321900154867987,6.662917960675013,6.743152326642982,6.797082039325003,-2.4041415723058743,0.5855728090000839,-2.3459000252593443,2.3744271909999175,1.0736633883523294,0.6548529157249643,2.560123208039911,-0.19485291572496763,-2.781325072632731,-2.245147084275042,1.7435839224067604,-3.094852915724959,-0.18416054280067412,1.0926859045252315,3.226113004161428,5.967314095474769,-3.2634636330715456,-7.793188404399281,2.3184578772347404,7.233188404399286,1.0123008799206914,-1.2167568145747607,5.4692961366403585,3.836756814574758,-1.1936497684542284,5.268529157249606,7.378961337978518,-3.2285291572496044,-7.00563555807881,0.7327864045000422,3.793316645435444,1.6272135954999591,-2.6500469481619273,-3.5450849718747364,0.9399559342381263,2.0450849718747346,0.2654860480148388,2.9256111965745912,2.0202886972847343,-5.705611196574579,6.768783759260117
56,168000,3000,af9a95014f3b900dc3616646c5cdedd5b9bd40ed3505360b46f7e4bd5c6ade2c,f31677307f10d03c64722a118d2aa4db783ecd1ab2113b95679e20f338cbd5d4,-0.0730495168499702,1.1029162517844115,0.5530495168499682,-2.209881386307833,3.673413129174713,4.1389360974929135,-2.4534131291747117,1.9796989621834236,0.6548529157249542,-6.3639669485967865,-0.19485291572496344,-8.927593442645534,1.5219038988498008,2.5297512609420623,-2.681903898849805,-2.2217917449126654,-1.0265247584249901,-2.810577936064805,-0.7134752415750164,1.9956582035272683,1.1782971010998187,1.5489414117849887,-2.5782971010998246,3.5333808884491282,-0.2297058314499193,-2.0647640430186276,1.46970583144992,4.191509208704839,2.794164078649988,2.4314655755243817,2.5258359213500094,-2.9134129736513326,5.656594202199651,0.7743751247365558,-1.8565942021996447,4.106134820751657,5.962956348249512,2.731563615687951,-4.3229563482495195,-3.5691119642636218,1.9618033988749917,3.355271106106794,1.7381966011250107,-4.918552206140022,-3.3339393538745683,3.341977484018562,5.8339393538745785,6.586743238984878,2.9920354550247676,-1.2376246447582882,-1.972035455024767,3.703820357237501,4.104922359499614,-3.763445167767435,-3.9449223594996212,3.8776900945289547
57,171000,3000,5cd4581db19fec28ea05a83bb1098b94c372e0697c46e5beba5ef85be05f6d30,cda676334559af636198afe686c930dc3e505b0639ae7bc09f4cfec3e6ee860b,5.258722825824868,-3.164368171106064,2.4412771741751347,-1.4299559705427554,0.5283902697002767,1.1011055363769395,6.431609730299729,0.25993575698632376,1.692198067399887,-2.461528215504265,-0.8121980673998839,6.364658580338498,-3.0123990673495036,5.890190333453635,7.452399067349508,2.378583157194499,-4.566888370749721,-1.3293591002877725,1.2468883707497178,-0.40100421753652093,0.6643577472252516,-7.480986599017228,6.075642252774748,3.6830475839071792,3.477507764050028,1.1329788917642871,4.282492235949955,-5.661126992994995,-4.631609730299718,1.4782890367037897,1.2716097302997185,-3.9230933616167443,3.2582971010998274,0.7564140056733855,-0.498297101099823,4.305326683542287,-3.465773808949711,-12.000536465340105,2.7057738089497114,6.147123273860957,-2.8334752415750133,0.3387589150513124,-3.1465247584249854,5.151236977413605,7.539349550499524,-2.80059643767355,-2.2993495504995374,-1.6782906760422143,0.08170289890017879,2.427225530473501,3.838297101099813,-3.7572032449972195,0.9539630787003598,-0.9711376578837755,8.646036921299643,-0.8104885251747944
58,174000,3000,923ad314612f5f6cd7f3576926be844f976dd510fed062bd421fedc821707715,2dec1af0bb06d4afcff48f7225de41055c73009143d1f8490f6d41e748082351,-2.2910835055998633,3.002408792419452,0.5710835055998669,0.3309704566912567,3.5449844718999217,0.15721886420590153,1.9350155281000774,2.042371716592694,-0.8648218595248142,-6.932863160472174,3.2048218595248152,0.4994080477602954,1.1130495168499697,-2.8734418527859567,0.48695048315002987,2.6928297232944485,-8.218435988649166,-0.1071481001431624,9.938435988649141,6.978575734677951,-3.282592735924776,-1.24105491326136,1.5025927359247766,3.964565890771627,-2.2798373876248847,3.93569535196328,0.17983738762488827,-3.560941181279837,-3.374001466274873,-0.8594402055717614,-0.6459985337251274,-4.053561709539744,-4.038297101099825,-3.95639510778784,-0.28170289890018096,-2.4451866495366885,-6.3396126628494684,-0.21253061217918895,5.019612662849455,-8.332756491035045,8.719612662849475,2.5531445262276535,-2.639612662849475,-9.830435037585751,8.208529157249588,1.2841469955118459,-0.28852915724959893,-1.9927284044540232,2.0982971010998286,-0.9781893572017991,-1.6582971010998262,4.389891294947659,0.12773982019982044,4.814907392005712,-3.8077398201998185,-2.176388477824873
59,177000,3000,9f863b1d8e9b13bd2a061837c265c718266b09a526fd0da2bd10d6ab097a63b7,f5214cceed61f22b7c5a59c550f623e063986078e3b734e7d5c4bd775abaf3c4,4.7159053651246685,0.30483855464427845,-2.2159053651246747,-1.599085193353496,1.5864242584501713,3.4865492305775936,5.253575741549813,-6.1517456435355635,3.7894811066744953,-0.23542340803495868,-6.809481106674514,-2.5112896724490383,1.765147084275043,5.6676782228831835,2.614852915724958,-2.280224454271065,-3.258033988749898,3.717040961819975,-1.0219660112501043,1.9818189847088592,-7.210920893224753,-0.6903109827610242,-1.8890791067752515,-0.5843549837893991,-0.8635446853496772,7.010257927753429,6.023544685349677,-1.1350258967839753,3.0873140954747673,-2.676370012520769,-1.7873140954747722,2.288895706684685,2.6395742752749562,-0.47477755400282645,1.7004257247250405,-2.9746573372768665,4.769806331424734,1.325000910430793,-0.9098063314247391,-8.01338708583067,4.856756814574767,-0.5276599723327102,-0.19675681457476427,-5.951434697079172,6.7450849718747365,-0.6006965497569761,1.1549150281252591,3.0985744553116747,3.007902432574934,-0.7074623252764107,1.5320975674250652,0.7193726838812411,6.341052449399706,-1.3834336197891943,0.25894755060028524,4.875460123889533
60,180000,3000,56a89b58714012e75f8b4ae24f41b6017909bac352080c640efd71d4b8fd652d,9875ee781d23adb5482419e622ee8b48e8e3b3e2e98bf96794805ac15198128e,2.492786404500039,-2.7265137940892754,3.387213595499967,5.517438040489521,8.528792269599526,-7.036699136918371,-1.4887922695995301,-0.3533627831171871,0.05373835392494346,2.220672661246893,-1.1537383539249442,-1.4664968229050594,-0.810983005625049,0.24571421354418405,-1.929016994374944,1.7290530718466584,1.3566563145999497,1.665570540889579,0.28334368540004357,-5.331967251711209,-3.2090169943749465,0.07677615304531529,-2.090983005625054,-6.419042406957887,1.0652475842498463,0.4581266809172736,-2.0652475842498483,2.491208530860421,6.93531702802452,-2.814008204567893,-3.395317028024514,2.256403737061398,9.111284505549502,7.798545288814151,-1.7112845055494958,-2.750761963223016,-1.9574456516497378,-5.000996795019957,3.677445651649728,-4.6679793333090265,-6.738985938174803,-5.625705224298457,-2.4010140618252063,0.2558138567415497,-2.809968943799854,-4.378981875202484,0.4099689437998464,4.022998600130019,-1.5645587471748779,3.301624038529447,0.9845587471748867,10.820225446274437,-4.381578674099571,-2.9129855217272564,4.741578674099566,8.030847735464011
61,183000,3000,83d1b565b8ee97b1914fb429e832d0b54e73c46979e3195848f836f6b8381214,c76c146ebc1482e1bc1af97cdb8c3d3f7255b6e3463f709e188f880d012547d3,1.6952165280497,-5.27646434142606,-4.655216528049701,-0.054074519501415334,0.22328157299974524,0.34145242451234936,-5.143281572999747,-8.463534146076004,-8.88226751117454,-1.526430940552957,0.8222675111745412,0.0029297990732378154,-2.2250849718747396,-2.390184208681365,3.3650849718747398,7.355067603263082,-0.01787137637477898,3.0344002926129003,4.6778713763747835,1.9805087387312221,2.1085291572495986,1.4227861264186359,-6.388529157249597,-5.534589383004912,5.120100499974818,-0.1403768288084974,1.1398995000251866,-6.237811663230434,3.740263112349931,7.330937578935452,2.2197368876500705,-3.355198088601033,-0.26386991009990524,8.176966017612884,1.7038699100999093,4.63305803404232,2.511509230324911,2.321770000931707,0.5884907696750876,-6.819045685634729,-0.6260990336999427,-4.27021422196372,0.626099033699939,-0.746505524787881,-5.874852915724966,-3.600293687909291,-5.0251470842750425,-3.276566092847905,-4.440588337100161,1.7295535412764946,-7.83941166289984,-2.032890687631273,1.7108203932499342,-1.113015894981779,0.36917960675006223,-1.686770766143981
62,186000,3000,f40030ff86ab1e6bd6936f1360d85f0e1d5358196e12c0502e32bb99e2ca9526,50d6ea825f905285aa8cf04499d4a25357033ea295bd3ae54111051edb1b67ee,1.6735757415498247,-5.663128870714336,-1.9935757415498259,6.015727004584055,1.85505391567459,-2.105235633313837,-6.955053915674583,0.8543903839730902,-1.2522985673746938,0.6269465966100436,5.232298567374706,3.0687029776436554,0.6101936685752675,0.06891467717948907,6.289806331424735,-2.323198391715452,-2.6970199269246993,0.01160105148686217,3.877019926924691,-1.4648772698094543,-4.311772342674829,1.633196716072395,-0.8682276573251606,2.376271972357192,-2.342855848274703,1.1897920480270887,3.9628558482747067,-4.732271640813911,-2.5741019662496902,-9.133145373012484,4.134101966249688,5.080320422514775,4.404759747124498,-5.307646065071708,-6.104759747124507,-0.5990769966613663,4.8120975674250674,-1.2535838861021347,6.287902432574936,-3.245693676320218,1.8952165280497033,1.0467947272633205,-4.455216528049709,-9.604801965630188,6.388954881974646,-5.552859809186061,-1.168954881974642,-4.11530654259511,1.8801626123751145,-4.436222483389344,4.3398373876248835,-7.368170063039452,-0.7713466179497991,-0.24783423606962426,3.611346617949788,-2.1509482075196065
63,189000,3000,66709993ccb2f78f48f15037f39d36747b409a2d78719435e2b816c73c24e5e0,174677996817d059c23965de54aaacb6621c48fc0e0ad8356cb88d454c838b15,1.1497679438502217,-6.985245109372219,5.890232056149779,-4.264545786129102,-0.9460990336999426,-9.15758470445808,0.30609903369993696,-3.556774153734727,-1.8885291572496001,3.0996935389774487,6.608529157249589,4.5969446336040924,-1.471447117924609,0.2917360948679161,6.891447117924616,5.227321498717212,4.000464112299556,0.7420743174251312,-5.480464112299556,-0.43511574025541183,-0.4479024325749328,-3.2832354675421924,1.02790243257493,-0.5571039980766576,-1.0559053651246741,0.5006001489318335,5.875905365124668,-1.3203785407561859,-6.690332556124597,-2.127245635116033,2.0303325561245913,-4.469096777636369,-6.247778207774324,0.11188861462387828,8.107778207774327,-7.921961937419148,3.8676777077995084,0.8918140303889528,-6.507677707799515,-3.6546775145286636,4.411772342674838,-6.989985623852934,0.9682276573251575,-3.321159583387897,7.1611145618000185,1.5172592187095013,7.51888543819998,4.7755548853762555,4.089868443825045,2.950026843519395,4.85013155617497,-4.432983377198133,-1.520526224699854,-0.5283516040744085,1.5205262246998612,0.5146305300621026
64,192000,3000,a61067a80d589c0cc9b575353fb3855da45d530bb3ea57c437b99ace0882d722,449be8c928b5ef1024d64bbd51cb59e865f45ee7e4a5cb9863b64ed10139be51,-3.760464112299554,4.730151618288458,5.720464112299553,0.7678969123541382,2.316230589874911,2.650356255279892,0.30376941012509767,6.68502892440255,9.485285971824366,3.058412172134428,-4.06528597182436,0.15529000399233273,0.2556038652002371,1.7440843918365985,5.264396134799773,-1.9713370168877793,-2.8571204268994963,0.4504563673633249,7.6971204268995,1.908163793048656,6.77924905052473,4.044080680578308,0.9207509494752791,1.0273321999106289,8.756756814574736,-2.846309011879306,3.703243185425235,-2.284846823945678,6.325510696599788,7.731323182236038,1.6744893034002175,-10.467981746823028,-4.188328157299977,-5.9985756620686725,-3.651671842700031,-6.966856538384964,12.136857314549562,-0.930975374706537,3.103142685450429,-0.3650819794101515,9.608629657224396,2.0247199046474775,-2.8686296572244108,2.9336852775518176,-1.0321980673998794,3.3430514403839946,1.4721980673998736,-9.237099494264777,-1.2609519494249006,-2.3427790638742416,0.8409519494249006,-2.078794424148898,-2.1468883707497275,-2.8355177369402447,3.6668883707497266,-4.854259898635144
65,195000,3000,e3930e82e61cc1c65878c89e51ae806a0047749cb212a3a4b2fc806cea090de9,080007973d7c830648784e9cba80a1b27ea2024459ccbf8bbfdfee0e2602889d,-0.20036361232473893,5.677159251844606,5.3003636123247375,-4.166996859753467,-1.0095432190748022,-3.5772827472474202,3.1495432190748107,-1.5274318794126296,1.2778329888002666,2.183440177142891,7.002167011199722,-0.38547242811674487,-2.924195134850139,3.6940300211581163,-5.875804865149871,0.23268477127358345,-2.6086917696247136,6.591601898271694,3.4286917696247157,3.2852373452615296,2.938521825875238,3.0549819036313535,8.081478174124754,0.4160355375264588,-5.581215061774826,3.538121402929831,-1.9587849382251727,-2.4923276145261877,6.804759747124519,6.356487797354709,-3.704759747124502,3.6656599517795914,6.4910213931995795,-2.881112166339905,-2.811021393199557,2.1097849854826904,-0.20715148309965375,0.28980723465434177,7.1271514830996585,0.12653760999008473,2.401114561800016,-0.06317322383911092,2.758885438199983,-2.194540759199918,2.8673140954747702,-0.15852911018354432,-2.007314095474766,-1.3597310473856248,2.3635062977751584,1.529861209056029,5.89649370222483,-0.2636753326073726,-1.0090169943749459,-6.866259668129996,0.10901699437494491,2.4332032734260887
66,198000,3000,5c99c471f6402f9401a467d280e81dc3008caaa8ce1490f3add194809c8b7f15,b57a2ce27d53b56aa5bf04877ad1c5fbab52fdf980b2c92a536443a2a1332f71,4.091083505599861,-0.5180607985651807,1.2289164944001383,-0.26760607054027447,-0.3173451516749255,3.5946252520746587,1.3373451516749193,-4.455184541312201,-2.543807797699605,2.497259291318772,5.863807797699605,-2.084153552865552,3.790657780874819,-3.046692975841467,-0.01065778087481771,5.950433758219509,-1.7962305898749098,-1.6113778765820612,0.21623058987490712,7.626103942306439,1.695541752799936,6.625404113872613,0.2644582472000716,2.464958484007343,-3.67049516849971,3.1741585071854588,2.5904951684997064,2.4348958440274573,0.010820393249939449,-0.320297326558294,-1.3308203932499374,-7.137605314291306,3.4014781741247604,3.752653892828364,-1.7414781741247538,-1.308277019839489,3.303181073024939,6.281595377222631,1.9168189269750642,-4.634604569632166,6.8571825392998,-4.0520603012502425,2.7428174607001936,-4.50208921668949,1.4061611461002461,-2.7893046933046524,6.593838853899757,-6.034880224818772,3.0668883707497296,0.381232383065859,-2.746888370749723,1.3396499057970062,-2.975479640399624,1.8910124505332762,4.895479640399628,0.8532713003073098
67,201000,3000,634241eb4ce7d5ec2b14a61004c4fe11204e3a1b0b147eb96dfeeaf5cbe86b61,8c532c9ea410bf5461c60f43862f7edf74c1fc97f433d113a276655dae44e947,-1.1015786740995763,0.8240184368752311,8.021578674099574,2.6647689610339054,-1.1692179943245717,1.7518728501966585,7.909217994324576,6.1823087529452785,-3.106099033699941,-3.5864544690908677,-1.8539009663000583,3.251052805036875,-4.952987404449671,-1.4792899755634559,2.112987404449675,7.497446309790928,4.034953415699779,6.886340809718608,-0.7949534156997726,-2.2105000005437665,6.000626724674683,-7.125194486256636,-1.0206267246746707,-0.04004413837114291,-2.6455728090000874,-0.1941420411919464,-4.434427190999913,1.9303649571627213,3.965634921400382,-4.219952295589113,12.194365078599624,3.5955531734285566,4.352360679775006,2.152258453497233,4.307639320225003,-0.9304749052766998,3.0897058314499266,2.6738676653715934,1.3902941685500827,6.646986663750742,-2.4578713763747775,-7.3140955435380555,2.2378713763747875,-0.8402418580367103,0.13140873035009598,-5.913201274115487,2.188591269649903,-4.127717370629783,6.271609730299726,-4.017139001983543,0.36839026970027644,-1.3261199940965636,0.5940251911006691,3.9085625110566378,14.72597480889933,1.4167353659602788
68,204000,3000,16be24875f01f2d9f06c4ee3bc2d409faa45b10fce8760ec2568134b94004516,ac8533704e97fea3f3bd40988ba733bef727b06b032ce658bbefc79e15039a99,4.373900966300054,-10.30995310606931,5.626099033699948,-4.584415660763325,3.493900966300061,2.3987824435892273,4.7460990336999345,1.9031139714499767,1.378359213500125,1.4361248758072083,4.061640786499877,2.780205988966957,-1.3517723426748363,6.646677356632779,2.0917723426748394,-5.565579944338697,1.6580339887498954,5.493808485591719,-0.5780339887498942,-4.806044977280209,-3.5459364213248263,4.2364120063627855,0.16593642132482747,1.566784386042072,-5.786137421274448,5.622274955795389,5.886137421274453,0.004931676792575904,-0.6652475842498523,0.36708385712948105,2.4652475842498527,-8.079681271054875,-2.663544685349678,-1.8857714666227263,4.223544685349674,-3.5838339771356003,3.470131556174959,6.474736479554894,2.7098684438250347,-2.990616578620715,4.607902432574925,-3.2610343034281346,3.1320975674250766,0.08749441047860909,-0.3248839719251136,-2.4693166738643213,-2.6951160280748914,-1.78898718949456,-0.058459713474939556,1.1562991395441276,1.2384597134749342,-1.0202805005926114,-2.3948529157249667,2.8991914302091915,-1.5451470842750392,5.26162418374797
69,207000,3000,344d6cd8c949d6b3ed4b3e2c87a2b996d6d641e768e8b40b476bc2d40f9a77af,4ad257fd0e379d4bef5d5e871ff54febc92ca3a09a88ac2517a89351d6e2bce4,2.021702898900177,2.025411536389182,5.778297101099813,-3.532379949589455,7.129442719099991,3.854487991555218,6.950557280900011,6.693199707386324,-1.363869910099909,-1.5842450356754227,0.6038699100999116,2.6484273950663257,5.779048050575101,8.382900272603544,7.880951949424901,-3.441072945984037,6.4261995336747635,3.269323231218029,1.1938004663252468,6.278974885267351,-2.7174456516497383,-1.2790971739131687,2.9174456516497433,3.941054480679929,2.344458247200066,-1.0813337019062828,3.7755417527999273,-2.928944763071105,0.4676393202250054,0.8374302037695702,0.5123606797749914,-1.2699254520697092,0.2753791404248191,7.495326287265478,-3.615379140424816,1.0573948398905202,-0.16832815729997022,0.9112035402358768,0.36832815729997287,3.03409098549493,5.858033988749899,3.605416527013725,3.6219660112500995,-7.024597616001667,0.4712461179749811,4.553852551353606,0.06875388202501559,-5.071531025295053,-2.436331089849716,-0.32673041164037914,3.556331089849719,3.8461990637653374,2.790557280900012,5.073842210132356,2.9694427190999972,0.2968589339723578
70,210000,3000,aea0241fb5835e6d72367d98f0d70f20fee48a3c528ce735ea3f0fbad15f736f,7bd9f5a2dee88580d93a7c30d832b12be9f17a690f5f8946528c096583e2bcc6,3.116555814625137,4.317737511576947,6.023444185374862,-1.1167554706028162,8.079976275174213,8.068889996115818,-8.779976275174203,2.93649693181896,-2.5424301235496656,-1.3618510699110642,4.7024301235496555,-0.2633660254894032,0.5828174607001949,3.0702043859331667,4.697182539299806,-5.988476018871319,3.234101966249686,5.6663679769055415,-3.4741019662496857,-1.597583785063987,0.7874383202753791,5.941953668117743,8.792561679724635,1.3591124331496816,11.039976275174201,-1.3038458124767416,-5.819976275174209,-7.587752374536675,-0.5751781404751873,7.516717674831728,-4.64482185952481,0.5974574435657676,-4.725936421324828,0.45781737379931187,-1.0140635786751746,-0.4005037481066831,-5.636656314599961,2.830659077653433,-4.563343685400052,-1.7729549306449484,-2.3703946685248893,-6.404511556397765,-0.08960533147510188,-0.01522248230181128,2.4023296235748495,4.23236312362377,-0.8623296235748475,-3.955894638358004,-1.0550155281000728,5.078892031731045,-2.6649844718999227,2.245185010198266,11.267189870674164,0.6235163281069731,-6.4871898706741575,3.3294485111777914
71,213000,3000,9b849640227726c5aef69df9020c7517aa2dad6bcdadd5c9713b1d37dbbc7ea8,9860789c435fa79a0d3240c870da6b8f9649fdacfffba3114b9a3c705994805d,3.8956422527747523,-3.2002904092324327,-1.5156422527747435,-1.0315722449615108,9.5779718763496,-0.31886893577455877,0.902028123650408,-0.24964495147709537,3.4530495168499753,-4.7505420669950595,2.826950483150029,-3.882312464203566,-0.3541640786499863,4.619573249642219,-0.08583592135001009,8.007218180566198,1.6637694101250942,-2.9326843386921473,3.6762305898749066,-1.5496330435266916,8.19908643814961,2.5442821115021577,-0.11908643814960908,-2.1602380741691585,-2.4612150617748285,0.7239950535558499,1.1612150617748265,-7.806524909486079,-0.3756422527747429,1.5433911207564743,5.035642252774748,3.3722312863103063,-1.7206888370749738,-4.058802693450291,-1.1393111629250277,3.59000288240005,1.7915092303249058,-4.983727307698466,-0.1315092303249081,1.5988940310416293,4.567414595449579,-0.14692805869667686,-4.28741459544959,-2.8246083171950804,7.764070910049537,2.9400453451281376,-2.164070910049535,-0.7590344976286509,-2.4789859381748025,-3.989196384529091,1.8589859381747977,-5.199260736456687,9.30449663477457,1.5226183474261445,0.3155033652254308,9.615593240569279
72,216000,3000,d66ad664679290895276baf8bf0149c4832c2a7dafe9b577498806f7d13fd6e6,6080d35a77f33764b139102c05462656163509010026d2365b6a2a5e764ba92b,-2.894790803324657,-2.044300576806272,4.3947908033246605,-4.943565024521234,-1.933800466325244,2.9020030844763274,-7.166199533674762,-0.7825459077203447,-5.087639320224998,5.272724765805016,-5.132360679775004,-2.576892225931549,1.1254101966249668,5.648907327272184,0.4545898033750295,-3.185568396360455,-4.03495341569977,2.6621484690786343,0.7949534156997732,0.5412629015389125,-1.8550155281000809,1.8617595871011938,-3.464984471899923,5.409052711874493,-2.9352786404500018,3.9414368053036655,-3.0247213595500035,-8.078680332195228,2.875178140475188,-0.2241316636660609,6.944821859524816,-6.867879221225599,2.0679024325749347,-4.130456007391164,0.5920975674250695,-0.29211841949164485,0.16429563482494883,-0.9673980822627328,-0.8642956348249479,1.8204782202581815,0.1899689437998474,-4.1795988501000005,-3.0299689437998403,-0.637929033860978,1.7623296235748473,5.813796505032046,-1.5023296235748507,-0.5601519419559957,2.8634441853748593,-2.0777934852892295,-0.043444185374864976,-1.23157388429994,4.567213595499948,0.6615585887587773,3.672786404500044,3.3529599212694867
73,219000,3000,3f3d14b7651863650ffb415777226c5af8235070fe3e576787bb0a51798e5d64,6df690760845c199d16023f083c7278f1554768713d07f049468a3bd88e0f953,2.312523292150103,-2.444995487224818,4.72747670784989,-0.7224936452663501,2.327739820199821,5.4447837876889915,-1.6077398201998097,2.4187454403717474,2.4073140954747663,-3.835598951138137,-2.4673140954747703,1.7827452667243409,1.2361300899000935,3.7472947641117194,3.2038699100999044,-6.148315375032493,-6.349868443825035,-1.6743599381093035,-7.110131556174966,0.7526744300523384,7.683707297724797,-2.8719404444964507,3.256292702275208,-2.668699698966815,1.1508203932499372,0.5301623194818713,-0.19082039324993755,-2.9844476733562573,9.040100499974823,-0.9228045917227431,5.05989950002519,-1.5692137156854806,-3.9580339887498885,1.6080657528850884,-1.7219660112501063,0.20524262324897347,-0.3361684774745966,11.23071069277236,8.116168477474618,-6.517755544299625,4.439999999999999,2.95357525682857,4.439999999999993,2.876872121289021,-7.766563145999497,2.909172928600454,2.9665631459995034,1.5876753041784974,3.169318494299386,5.307336757953748,-9.889318494299404,-2.2926352823057226,1.1629179606750075,1.7066607454207299,1.2970820393249953,3.7885761309547368
74,222000,3000,a5fa79d81d388efc309415300eb14977ae0d514694ed0bec8286c99788c8ad2a,20984e94e2435bcfb512cb7b730b272e9ad9b9dceb9dd1c231744a63c3494998,-2.6673762078750682,-0.9528672317026261,-4.2326237921249215,1.8820318910016904,-4.061478174124754,0.656818074278071,1.0814781741247608,4.296346124010684,2.390820393249938,1.6952508562457238,1.0491796067500658,0.5745646477100006,6.0666252583997995,1.4609465318765424,1.7733747416002035,2.0595230591080784,-3.6135757415498277,3.206650476808746,0.05357574154982689,2.297257651980343,-3.614752415750144,0.5933355433209907,-6.745247584249859,-0.7899069141563324,5.5391485505499105,-1.5430818136385107,3.660851449450094,-0.48051900734320985,5.0343650785996195,5.582613142047977,-3.1943650785996143,-2.227651343059153,-6.051184005574678,4.306018315283978,0.7911840055746757,-7.2224792328146465,1.4744271909999187,6.140836223790414,-0.314427190999916,-1.5146387267542214,5.917445651649736,7.01549891166397,0.28255434835026094,-3.8655885736122597,0.6920975674250617,0.20150304762793003,2.1679024325749277,-4.239032498318063,-5.9258359213500125,3.1743496694973232,-6.194164078650001,-2.2439929090267254,0.17278640450004093,-1.1975805063871452,1.0672135954999553,-3.4213741290191484
75,225000,3000,5167df51975d80536f39c7233a752dccd03abc8864a203856f7d91784cca262e,4341810e0d1e28647b31c4e553b5d82434ab31459811cf5b65a36f7dbc80e7f4,0.6241951348501321,-6.669997604412609,3.5758048651498595,0.9247334519363115,0.9007893370497843,0.8575113453581936,-3.6607893370497844,-1.0472221791873855,2.374326691025104,3.4087721386726093,4.565673308974894,3.841649711596486,2.9792490505247238,-0.15690955708793838,-2.8792490505247157,0.8493405623744049,8.650495168499699,-4.883130437443499,2.389504831500289,-1.9664783576009528,0.4188854381999847,-2.7273235706370706,0.06111456180001909,4.4129022356095104,4.3525232921501145,-3.4673960103428767,6.7674767078498865,-2.3006879204834205,5.509016994374942,0.533092118555118,4.390983005625056,-1.458016732803305,-4.4170199269246835,-0.48707023723139176,2.157019926924693,4.95628515967387,-3.735216528049706,-2.0952541349225817,2.6152165280497046,-2.8195584955963966,1.5016023989253682,-3.37728110790899,9.238397601074645,-0.40493495546943337,-2.261640786499871,-3.719661453775245,0.42164078649987746,-0.6165376462947201,3.5071130955251464,-3.4902888061986403,6.592886904474851,3.520778898102589,-3.014790803324655,0.653578968086856,4.274790803324662,-0.12179709550938153
76,228000,3000,b44769ece4170c37b82b3181763c86c801edcca5fd15ff0a4aeef570ba2abec7,ce99d4355d6fe597411c2f9ac106b6be763c8e5c35289069f490fcb5b9b6b4ba,-1.5454101966249727,-8.750220419345254,-0.8745898033750317,-3.6204478470036676,6.174690303349843,-0.10533738473569773,2.8653096966501654,4.5087585913837795,1.2976082640248534,3.3901924053734924,-1.87760826402485,-1.742582983547096,-3.408203932499368,-0.9846675695842136,10.008203932499358,-4.446395144092479,-1.4195742752749538,0.675780132200919,-0.4804257247250422,0.5228013130458964,1.3158048651498573,-2.1243158360427956,-1.6358048651498602,-2.942665837083411,4.145611196574588,0.7022213413658603,-4.485611196574587,2.0111899929470463,2.3554412528251163,0.5672036412740173,4.904558747174888,0.6134166849096103,2.5334752415750117,-2.9189632646798462,2.8465247584249855,-2.592615177663203,1.4455728090000803,-3.465776457247272,3.234427190999911,-0.0916163107233917,0.4931500168247806,-0.5502434610704984,-4.113150016824784,2.7617444004739404,-0.6999999999999962,-3.7537729764941337,-0.7000000000000037,-2.6879710640076273,5.487213595499959,9.37735817826716,4.592786404500045,2.0102620715931367,2.7658359213500123,-2.630657438315007,3.0341640786499844,2.895451854588151
77,231000,3000,36799de051351380e55d165c84774f4261a551b89b6b9ff4cb63da52ede621f4,95f5224fcd0e0483efa6d4c2a5b94e6cb889e21b42fe5516021f2a1a65524938,-1.4707198932751293,-2.379319916236542,-4.109280106724881,-7.463835256501863,-0.1016407864998723,1.842370077254275,2.581640786499875,-1.279715788149106,6.852987404449665,-1.5632811000332354,-0.21298740444967432,-8.273823312246815,-3.1562305898749066,5.260432082576451,-1.1437694101250924,5.354050271019177,2.6265247584249862,-2.605526475127708,2.3134752415750164,5.066481203696369,5.642329623574845,-0.5371410012941307,2.377670376425153,-4.064662291596774,4.475642252774742,5.769394176803936,-0.935642252774744,-1.8493487590665345,0.014427190999917707,-3.2853554900676345,-1.774427190999917,-0.9789991337495981,-2.714953415699775,6.414493054789023,2.1149534156997682,-3.6587263972676736,-2.7960679774997867,0.8780929563766515,1.6760679774997873,-2.6116953803921517,3.4078403201746226,-5.2707228880856825,-4.507840320174639,-4.571813670416798,-6.720626724674669,-10.505596555550744,0.30062672467467005,2.707478718660651,1.051308230375286,-0.13370745411420268,7.088691769624715,-2.0804139772445076,2.6013776741499526,6.143265553433805,1.4386223258500566,1.798968687885823
78,234000,3000,66115dc265ba209961d4425e35e300f165f4c60fea632d71ac7df45de9fd82e3,e524e83511dd713c97f9b6559f8b28aa19a0ce21e08042e32115544cd02ea119,-5.833513629149525,-1.8978729875394258,4.273513629149521,-0.3317802332390589,-4.179512162874652,-0.6929314747162978,3.199512162874651,0.7809263546247437,-4.739349550499536,-1.7549938115817623,5.099349550499534,-3.029850940444056,-7.817445651649736,2.341468817896602,-2.1825543483502647,2.7614350933559804,3.538033988749898,1.1053455814278155,1.301966011250107,1.1037260283322097,1.5850465843002266,2.839948944302989,6.414953415699777,1.0191614169268428,8.060464112299565,1.385862949432589,-1.4204641122995534,-1.5618527092494925,4.73065778087482,3.0755635146498155,0.929342219125179,-1.148437663678304,-1.8344271909999175,-3.98402841812431,-0.045572809000080844,4.319666371790522,2.099937887599698,2.632276991410611,-4.33993788759969,-0.6863802448281126,3.718397601074639,0.7209922369768503,-4.01839760107463,2.916533935036439,1.3232431854252398,-4.303015498704971,6.3767568145747555,-3.500579611707867,2.180789337049783,0.15417092032656507,-2.3807893370497872,-7.054660255981549,9.296532089799342,-5.131346998136851,-4.656532089799351,5.2403509409878275
79,237000,3000,345a208d2bb19e6a7aea97031ad735a9cc2d29e6016895f1a957a636b4761307,4638baf6f187e13d5b500e4a9a03d2dca6fd393e2761757b2f3fad93d6daa415,-0.8938388538997547,-0.9021048358981762,4.293838853899756,4.43691411513104,-1.8194116628998414,2.8161282270933223,1.5794116628998345,-1.8345086013884528,-3.294063578675189,-1.1554893629963243,-7.005936421324808,2.12481630547263,0.6595742752749564,3.2753739916763713,-0.27957427527495526,4.652948013319079,-5.722894235849219,-3.146097744924913,11.002894235849213,1.2625644456337142,0.4482276573251613,-2.37284170385412,3.891772342674842,1.3724511825382604,2.2560295899252827,4.5696206303855815,8.203970410074714,6.55687176131685,4.5712461179749795,-4.356089079346726,4.1687538820250225,-1.7984682184559904,3.4402631123499274,1.1446980880572615,1.9197368876500733,0.4445967692168401,13.82210489879943,0.20524262324897125,1.6578951012005705,-1.6080657528850866,-1.9239704100747264,-7.859407327815963,4.023970410074717,-3.7007724133581545,4.016818926975065,-3.6884797301295937,5.403181073024934,-0.07153516913476886,6.51039466852489,3.701199865282236,4.229605331475109,2.6029059831724326,4.466261646075063,-2.1155264388230766,5.6737383539249535,1.6366269845754604
80,240000,3000,9b0c707303e2c813f43342299e307abb366cf7148cb2552a456c04f9cce5e3e8,8333cc3438c82eb073898910df4b2079493e9910722a6f87ca7498c30b870718,-0.44413302244983976,-3.413703815465194,3.044133022449843,1.780625244198901,13.024496634774577,-4.0919132773095255,4.035503365225418,-2.0557834834870317,3.835278640450007,4.206658673500874,3.9247213595499972,7.909742271696338,-3.6421670111997275,4.194939477207907,2.082167011199733,1.8040185094844798,-3.898985938174804,-5.8252794117128195,0.43898593817479836,9.595630243786738,-8.386988870724542,-7.201470169872119,1.4069888707245388,4.591821794499637,1.698985938174792,-1.8442989374678462,-2.638985938174796,-3.821068100578026,-3.713312629199903,0.9890987769469597,-1.566687370800105,0.6112966623841745,-0.15357574154982906,-2.96286512347813,3.513575741549827,-5.668988468860824,4.862855848274707,6.548391671215099,-1.4428558482747038,-6.257201173077371,-0.9620043988246141,-0.7151326388303612,7.222004398824622,0.1363279460694772,1.056718427000254,1.5208806495244445,6.423281572999745,-0.1640794012120595,-6.556431589824532,-5.960915726040583,3.416431589824528,2.414432377815104,2.088854381999828,-1.7834368984660407,-1.4888543819998326,2.6304662760031357
81,243000,3000,2dfe8479381723960d802c804e94867638c38f3eeaa78667b74e2233498faad9,03ba47ae61c13f248be54834e7b79b69760157946294444f49f8b4ab3d4c21b0,-3.027902432574937,-6.380690839188101,-1.5520975674250714,2.8384475360134913,-1.6667878707749175,2.3787013020006045,0.16678787077491403,1.680410698567654,3.0260990336999436,1.4381267535265438,1.773900966300057,-4.368499907381388,-3.968753882025023,3.1659877242016723,-4.371246117974978,3.639027580302787,2.644094634875322,-1.6057545680477814,9.575905365124688,-4.462236240630217,-2.43574275274956,1.1307858517330904,6.955742752749572,6.166467656407538,2.3833820729745616,1.3637799301246372,-6.963382072974561,5.364149914216535,-3.215479640399629,2.447424816868222,4.655479640399635,4.036101059906388,2.1193111629250363,1.2426744663569627,2.700688837074973,-1.7554942810115908,-2.124883971925116,-11.195215906570075,-4.495116028074888,-4.34294149227001,-1.9142645786248031,-1.2372423201345573,2.3342645786247895,-5.653957148870885,10.581942286424301,-6.50703728686633,-4.041942286424317,-1.5506339823863589,6.991772342674844,3.716922817013869,3.548227657325163,-5.588782047312435,6.0151544156494,-2.6074553353412804,-6.77515441564939,-0.034302685030760116
82,246000,3000,0e68ee2a3b916285c17a9f3265f6c78920e584501d7453f831df39f1483089ea,e0487d6b8d0349c8d0b02559748b701222a080d18d73c2bbe468c5cb8de06965,-2.797546151624538,6.479595138841716,6.817546151624553,3.636598250659377,-4.647801932600122,3.63590661891768,-7.1521980673998815,-0.013529911700436187,-1.02243012354966,-5.41853374083591,6.222430123549667,3.7485319925835805,-0.19665631459995253,-0.0968572946339377,0.8766563145999493,6.196339134075557,1.9742645786247957,-4.842850009460144,-2.274264578624802,6.04952922018499,-0.2325232921501175,1.118256878892318,-2.6474767078498878,-1.0437919106843134,-1.7074767078498867,0.1009061773729517,0.7074767078498848,-0.6736601096754812,-3.2596747752497723,-3.5166569978578113,1.659674775249762,-10.21709956687404,-0.4526237921249251,0.14499919848310272,1.1126237921249291,-2.2761755715320455,8.762592735924782,5.928232594105434,3.9774072640752203,2.4020945672861997,1.3219660112501028,0.11967707298393432,3.5580339887498984,0.23168383241391183,0.0655728090000813,-9.704898366455351,1.8544271909999244,0.731401187292175,-2.1422291236000315,-2.7630546464515766,-2.8577708763999685,0.13239720813656922,3.7893806066996887,-2.445805263772625,-2.8293806066996914,-1.8270294501463618
83,249000,3000,bbeac09e2dd44777e2763a6279802ad5443eb8acee051d383550eae4c2c202c4,a38fbb0c2728b2fd63768d6b52b9cd18b3459dd3a5e259329e83930d39a16c88,-0.3401004999748098,-2.9694163533663183,3.6401004999748143,-2.2557851228254573,2.4451470842750345,-1.154488424136652,3.2948529157249538,-1.4495366427015468,-1.055379140424817,2.6874705945777975,2.835379140424814,-1.9665965024070562,6.287213595499961,-1.272855251142952,5.392786404500041,-2.3638611443225326,1.4761300899000904,-2.3202685926422078,3.443869910099908,1.4575162633734688,-1.1947908033246581,1.2646844681591642,6.094790803324648,3.567992880597868,0.9437694101250902,0.022892795855762482,2.956230589874898,-5.821466818586005,3.2403252247502294,-0.6593204214272397,8.159674775249766,4.639536246424745,-3.9511218931743755,-8.502386183275618,9.33112189317436,-1.4694996394840698,3.312523292150111,5.644166812791478,5.727476707849885,-2.2421821936192536,-0.8958669775501616,0.09485541691460123,-4.38413302244984,0.9523667622727944,6.377484039224251,2.41967336172565,-9.677484039224252,3.2303530492123183,-2.809605331475108,-0.19907371798451842,-5.090394668524888,7.5526399129581,10.046237921249267,2.2799151471530923,-5.606237921249261,2.7759659439160767
84,252000,3000,a38595de7dbe8380899922b5e56d71392736ce7f4b229ad9d2fef7810b4000ac,766849c1dc45d5231adb891fc027c1d92e4bdd20b3c3aa7bdb26bb329c89925d,0.6038699100999076,-1.829458779789773,-1.363869910099905,-0.8678021508674318,-0.6342261910502897,0.6591292591153688,-6.805773808949712,0.039352506629446476,-1.4374456516497365,-2.78082460320289,4.197445651649738,-4.347299682126994,4.702592735924777,0.5080793001739197,-0.08259273592476614,3.9415549501097638,-3.375905365124672,2.429154390687082,3.5559053651246737,1.343580643729924,0.17432669102510248,1.9785068610118821,2.365673308974898,4.114305603735452,-3.4659364213248285,2.6111949109623174,0.24593642132482985,2.665269430463738,-1.0515092303249052,5.195830467953596,0.8715092303249095,-3.728450850994964,-1.3473762078750742,4.000488128897992,-2.9126237921249234,0.8426711876801098,-0.20425724725043976,1.2486522093095533,-9.595742752749537,8.867968632115609,-2.2391869381244227,-8.03901851844778,10.05918693812441,-1.7088537854519386,0.9752165280497018,5.565461799532593,-5.375216528049703,-0.9239236753885106,3.7751160280748857,5.948814205123906,1.404883971925109,0.837621366081437,2.138297101099825,7.50411568448521,-1.6182971010998222,5.636687661549394
85,255000,3000,2cc959a460e47ed9266db18086799f962fb01745f40d629aff9d335d5974775b,c778fc082f55653c486fca8338aaf4dbe01faee43bff5d9d67ef237668e70ebc,0.6769194269498778,-1.4756685447485145,-1.9169194269498777,2.557812023202605,3.2479024325749286,-3.8739505189079093,1.7720975674250743,-1.1324784223344597,-7.552561679724627,-0.5809247152863158,0.4525616797246238,0.429565449226899,-12.986826258349401,-0.8369297343397331,-0.7331737416505772,-0.5172510220173759,5.30370729772479,-0.45076567448129035,0.8762927022752016,-4.799876072015758,-2.555905365124673,10.260810263360467,4.375905365124684,4.238605046393987,6.430232056149782,7.541230023783105,1.689767943850222,-3.014937765260217,-2.3234441853748637,2.9714182310856625,0.5834441853748575,-4.892920773522884,8.292073842599278,-5.420344456243393,-7.09207384259926,6.218349135877751,-4.4120354550247685,-0.02856123169038015,0.552035455024767,-1.9102838155740982,4.399473775300139,-1.1967707298393389,7.440526224699861,-2.316838324139134,-2.4311840055746803,-1.7845559821318115,4.411184005574687,-1.3657818078439787,0.38022472477542146,6.561730420603667,9.279775275224571,2.057594198894507,6.774427190999913,4.251634488664585,4.985572809000079,-4.837727170355704
86,258000,3000,95524724907f2b1cb0fe450a91682b448d0d71ccd78bd774a8d0b8956b8c9227,ac41a2fd9d2f1cd3289b5eb990f402fca67ceb02265f53ed4bcc757126653de8,-1.7133747416002096,-15.853832355723766,-6.006625258399812,-8.799318134753747,4.307577207824705,-1.0834537244317248,-2.0875772078247037,-3.3508398987440495,-1.60514708427504,7.163546054026421,-2.4548529157249614,2.9552678274299433,-0.9396747752497694,-2.3293672969798997,3.9796747752497668,-6.013488837252517,-3.668691769624716,1.7256228033435872,2.3686917696247165,0.01503131998994052,0.4649460843254093,-5.483635824888595,9.275053915674569,-3.546792655343463,-0.044984471899922496,-5.008239656649836,1.5649844718999304,5.2112892398675985,-1.520526224699855,-0.18909221959325662,1.520526224699858,3.8786910333886246,-3.259411662899836,1.2692338203280098,0.1394116628998421,7.303495430910835,4.509442719099993,-0.6195855901740657,4.3305572809000035,-5.3773705187989975,-3.1225927359247736,1.9258156049938744,1.6625927359247725,-3.541360509121045,-4.396168477474613,1.7823178148002707,4.0561684774745945,-6.626714359850259,6.208490769675088,3.574662255292147,8.13150923032491,2.8927132178267705,-1.5044582472000603,-3.552342946371977,-2.935541752799933,5.322486222749778
87,261000,3000,d2f62808c175c30551a34fe54f1f6e010fe11b36ff85e000571e94f9c8411b47,125d7e48fb003a2ef6ced26899dc8b0324134c934d6ff1e889758332fa9a7bd3,-0.33809610115019806,-0.7107744489733816,-4.541903898849805,8.550719249436652,-1.6158048651498627,-6.136405016427658,1.3358048651498586,-2.320459754954065,-0.1334131291747147,-3.7978659976042968,5.9934131291747095,-1.0854556021510608,2.0019038988498052,5.097280602718289,-2.201903898849796,12.50830645839604,0.3762927022752028,-4.643894436281721,4.803707297724789,-9.073711724794414,0.6443577472252535,1.5367217460621876,6.055642252774747,-0.7851663996756273,4.936756814574761,3.0541721270835502,-0.11675681457475975,-0.6885002673535539,4.972461179749813,-1.7285526024168258,0.9475388202501887,-1.541462260542899,1.5525616797246224,-0.04209114339081902,-6.45256167972462,-5.5461904344917725,-0.7559674775249826,-5.124795768248667,-0.2640325224750218,1.8271475949524647,0.20737620787507405,-0.5990769966613709,1.7726237921249286,5.30764606507171,-0.5450849718747361,-6.002078948077514,5.045084971874727,5.543378780224629,-0.9550155281000751,-4.168307105731097,-2.564984471899929,-4.994518582637533,4.131671842700033,3.8016055732253404,4.668328157299977,3.7164223475840323
88,264000,3000,718be068e6a648a267df8ea269bda4b7315ec10b8a751e2f6da00e269e52c28a,f7a645a502ad7f1e6ef3bd455b8e7e8943af6fb0c60539fd5b705371b44acb4c,-0.8228174607001943,-2.859529616461778,-4.9371825392998065,-3.029041163896248,-4.9014781741247555,6.959495531948981,0.2414781741247583,-3.6899081209133313,-0.6442956348249477,5.13770706571317,0.3842956348249504,-3.9746655339689867,4.2624922359499635,3.1168448814928253,3.4575077640500442,3.2932169659334507,-5.008266044899676,1.6898187100233253,1.9682660448996736,7.984016077592459,-3.1841330224498368,-4.141056120018356,0.30413302244983415,-2.4015940978563624,-3.5126859045252274,4.08343318720776,-8.387314095474776,0.3682029407952657,0.2024922359499625,0.3188689357745578,-0.6024922359499603,0.24964495147709456,-0.25596747752497445,4.052560770680073,0.23596747752497627,2.7149127426024093,0.2037694101250974,-1.39908355401507,2.2162305898749035,0.817658369298913,-0.8839704100747233,-3.020060604364658,5.063970410074726,2.759933685066474,4.354302966199313,4.9140028539711835,-10.314302966199323,-0.38023144420618604,4.331772342674827,-3.8133977870240727,0.888227657325158,2.4273436752796056,1.0682276573251603,-2.966987023722913,4.511772342674837,1.0578222918145856
89,267000,3000,908856e503aa6e971a679849c65755b260e26c4d965f522450e08bf5f7045954,fdb92ca3116b4c436d395be6fba6180a531ba29f80ea079de5aa4781f32a7721,6.449744219024431,-6.264061710083514,-5.669744219024432,-6.026900604146856,0.29701992692468826,-5.487448418015424,-6.277019926924698,6.071730384299048,-2.5618033988749915,-3.065272709140584,-2.3381966011250155,0.36620106307592354,-0.19219806739988188,-0.7045325262031661,2.3121980673998808,2.2458036244342012,0.06796454497523302,-1.808567861653346,5.032035455024777,0.45943692689491233,-0.005510696599783968,0.8898121526696255,4.645510696599785,3.4940283818196813,-4.26354468534968,0.7618461518957924,2.6235446853496738,-3.104124746340201,1.4260990336999422,2.7495247347511356,0.17390096630005408,-3.768303827054244,-0.18786404500042142,0.7731378962646893,-9.132135954999601,-7.46071429511674,4.898885438199984,0.18061212949150202,4.541114561800011,-5.566271576080404,1.3338004663252492,-4.991206458940559,6.566199533674771,-3.6630394598243226,3.184133022449841,2.829658138793763,-0.3041330224498357,1.8013980175292286,1.6420281236504044,-0.9257343907959852,10.317971876349592,-3.0956446562384476,3.2221286236252062,-0.44066603128393156,7.917871376374768,-0.9032239195639553
90,270000,3000,1c727b6d2f4af5c5d24c97bc1e92886cd86f134230c970bd0bfce1049da0f919,0dba2aed159d97d015457ddc6d5edefe5ac6d5d90e78cb6ecf18c61e7a8b09b5,-3.0404878371253474,4.299776392513763,-10.419512162874655,-0.9175636078121875,4.372623792124924,0.03299243905312281,2.8073762078750746,-1.9248146661342138,-1.6528869044748535,4.823887951537302,1.4328869044748551,-2.2759844092201833,6.92475974712451,-3.150219645169688,-3.5847597471245005,7.989375206309119,5.094690303349849,0.7515553463865605,1.7853096966501558,-2.32188814573781,4.639148550549909,-5.370701144104727,2.760851449450093,4.776983276159999,4.012298567374696,-0.38397101982724696,-2.4722985673747013,-7.544969599404152,2.786036921299638,0.7166340471198636,-4.906036921299639,-5.497857368330745,-2.4370820393249915,-0.6662991032394897,-2.3029179606750065,-2.409573718528292,6.74784032017463,2.147827246134494,-1.1678403201746301,2.9046235764315975,5.126400533624384,0.9405745484740567,-8.066400533624382,6.048910605949058,4.447801932600111,-3.1804004299556747,6.952198067399891,3.8700197809750008,-0.48147817412475524,-1.605945730359647,4.661478174124765,0.21665251242397254,5.4964937022248295,-4.334079077544536,1.963506297775167,3.5250189431534644
91,273000,3000,bfcb57f173d1b912b5eb420b5c5ebbd5b464b7c69258f4b123ac345ebb573c64,9e7b5b63d8afe5dc944e57b3a5274f9ba61355f6a16683f24df1979ca10b3b1b,0.35967477524976965,-4.59675347129222,-4.559674775249768,-1.5791952140767387,1.3280650449500386,-5.921872526529129,2.311934955049953,-1.136409160267372,2.7846208595751833,-2.9242042485903914,6.6753791404248135,0.1379474991650806,-3.7043961347997656,-0.6207776913455944,1.3043961347997648,2.8758711824293557,-6.798722825824867,-4.699970833502478,-3.9812771741751294,3.351458512979989,-2.712724292099747,-0.8413609417024809,2.832724292099756,3.3178474596909213,-0.9164937022248356,-2.782134849180526,2.616493702224821,-3.6646590129199224,2.605147084275048,8.316915394497306,3.4548529157249566,0.40855638628437496,-2.597345151674918,0.9639678137596555,-0.9426548483250823,-1.5597326867240526,-1.3257116965494105,-3.9531560015966276,11.28571169654942,1.9729565699833709,-1.1970199269246935,-0.8045559095225475,5.377019926924689,-8.225490246085785,-4.534690303349846,-3.792315706575783,-1.225309696650154,-0.9243060000122456,-2.9073140954747716,2.4352051511454293,1.967314095474766,-0.2824462282183534,0.9247597471245085,-4.401492346434524,-9.584759747124505,0.4866879126076654
92,276000,3000,49230609e9ebb4ca7adc15b203768520a6c2c8cba6a60d4b8902fb3fa963d78b,6a00c05b4a3312d2e02c3baa33a5a70870c8719036af5cb08b8f4fe9460b98ed,-0.9231810730249357,0.1672003625971684,0.463181073024933,-1.6315771629767843,-1.4012150617748278,3.6826201319831195,2.221215061774826,-2.9813267119711546,3.74249223594997,6.732979665939854,2.9375077640500384,5.948696060317804,5.356168477474609,7.512477629780854,-3.096168477474606,-0.24633282778011656,-2.7702320561497755,3.5555820525631923,1.9702320561497795,-0.9043430032297222,5.360688837074979,-1.9199560068473924,4.779311162925028,6.594222390226961,2.4866252583997843,-6.829836960573794,-1.8066252583997955,0.24764307375776026,5.1423917359751385,1.1627773519265423,8.317608264024855,7.816005938447503,0.18318107302493303,-1.785748083303351,-1.2031810730249244,6.887459893384387,3.347639320225002,2.0923243358493364,3.392360679774995,1.2931275550434398,3.295053915674589,-4.441654629611767,-5.515053915674584,0.04128136684302244,3.0418033988749786,2.951027782379069,2.8181966011250124,-8.00733632537231,6.030719893275128,-0.15529000399234424,8.669280106724889,3.058412172134429,-1.574264578624804,-1.6077564457671218,2.6742645786248,2.6864696557181253
93,279000,3000,5ccaa5b32f447cd85cf71f6d8bc8fc2269d024c883f505dc7f877f13c54437c2,2ac37e21e6276a9717c27e0b3eb701d401daabce1efb18a09262c3859d9cd333,0.009442719099993377,4.473646129805217,-0.16944271909998523,1.6082569151969546,4.224922359499622,1.389102055623812,-3.8249223594996242,2.856290510270571,-4.37479080332466,2.2565948993732614,2.9147908033246583,-1.8648805484863025,3.246888370749728,4.171309922310107,-2.566888370749727,-5.728540261884983,3.5793111629250305,-1.3887927485058393,4.1606888370749715,0.035421768696533296,-1.4268883707497244,0.18466101223051143,4.386888370749731,-0.0435925516803167,-2.944195134850138,0.5812340224042899,-5.895804865149864,2.462146829740208,-4.361966011250109,4.858499943686021,-6.598033988749888,-1.9917274655943544,4.190131556174963,-1.932484979688156,3.429868443825037,-0.616037176864886,1.458722825824872,-4.500587808399996,-1.3587228258248674,-1.3094691210110188,-1.4229800730753095,0.18759081130375216,-7.997019926924703,1.4828383888726386,5.6349534156997745,5.65950743989938,0.8050465843002257,-1.076092717995735,6.974790803324655,5.126224159032401,-0.31479080332465326,5.060812767861756,0.9995742752749569,0.21746228897177156,0.06042572472504742,2.7104815352396616
94,282000,3000,f19318b7d989d07cd74025ab833954201d0822f92b6705a4199580f800d81e11,c885aa864b3aeabbbeddc2f008324e430f2ffc7cae576b0093bdcea772e667a3,4.581540286525061,0.23018242412440706,5.87845971347494,5.241852349277327,1.7557043651750466,-7.929632250973102,2.7842956348249444,-0.6949333524356436,1.0802631123499273,3.569303126575481,-0.440263112349925,-1.947325137366231,2.9853480842246687,4.598063717269864,-4.12534808422465,0.8965545448696706,4.05448930340022,-4.307564850873815,8.705510696599779,-7.236082162020862,-1.7996747752497653,0.3196787123223599,3.1196747752497718,1.3541807563571107,1.6646592471496906,-0.24016392251567398,-4.864659247149694,-1.567903469707841,3.6836689101502818,6.547081425237467,9.676331089849713,-5.574560503870293,6.14862965722441,0.8529619931893392,-6.328629657224408,-4.782724729500377,2.338560213449754,7.308736414821384,-2.938560213449755,-3.9997964971563094,-3.7763932022500133,2.0302701956760005,-4.223606797749973,3.0948348796906204,-4.910557280900013,-4.899472003411068,-5.089442719099999,0.4417851149496972,-0.23623058987490675,-0.1157463350510256,1.776230589874905,-2.2796058400351167,-0.13809610115019735,-2.006449478466333,-4.341903898849802,-0.2411648613753395
95,285000,3000,61cfb0fd8ef2ac6f3192c520028d4792e4ace722a0bd4bdfb8dce1b096455b92,5ce7b514c3a746d93dd7698e380d332994fcd33a1be962192876fabade450647,1.2135757415498263,-4.025619092085299,-2.4535757415498343,-3.0137005367883396,4.247314095474774,2.0686947809515384,-0.6273140954747708,-6.239431216326038,0.11268590452523139,7.527818256888771,4.987314095474774,0.9197566478433983,-0.868691769624715,-1.4275266408993477,5.168691769624709,6.4779755857461,-3.6110835055998654,6.026208972405153,-0.7489164944001361,0.20200351705776537,-4.210495168499708,-4.729341841740664,2.050495168499706,0.33663889252587303,8.417283039274617,-1.675169714657113,0.3227169607253768,-0.3518613748276781,3.273413129174706,-2.760934623926135,-2.8534131291747102,0.5542923438095185,-1.345611196574596,-0.22937264757661746,7.285611196574587,-4.137316544397315,2.3733126291998974,1.34789370628656,0.2266873708000926,-13.834853904416661,-4.0727864045000475,-4.141865896566155,-4.9672135954999606,-3.506129902736379,2.5960295899252857,-1.0091799185355832,8.543970410074719,-0.8339999352664953,5.729016994374942,-0.1318967387067406,4.610983005625053,-4.550231120538667,11.081315561749648,-1.152559563923086,3.478684438250366,3.6512472460255863
96,288000,3000,b68f0a6d85a0cf0afe6f3accc9ae4a1ad062eabdbbf94384558444ad890f08fa,9a5acf7cec2031895af965c6428cdd1ab4ec38817066f9f884dca78fd86517b2,4.511571342725212,0.7561046985554088,9.028428657274796,1.4136144045751766,5.148328157299979,-0.6308773345429614,4.611671842700026,-1.0207809700224482,3.642391735975138,-0.6800201772517982,6.817608264024853,-1.3665915843917835,-0.8144271909999191,-1.2030126526095555,0.9744271909999174,3.9880773008633232,3.0532121292250864,-7.342538630422327,4.886787870774919,4.820075358410486,-1.141640786499874,-1.3985830845852347,1.541640786499874,-0.9695181047881725,4.417407264075221,0.03685015948027172,9.202592735924776,8.276753111320051,0.6742645786248027,7.0295292927942405,-3.5742645786248013,-2.016858428781664,4.489280106724871,7.832583794027292,1.850719893275128,11.570161239565374,3.59724465170011,4.279695250925139,5.922755348299893,-1.1402668806945158,-0.21967477524976436,6.909542912692344,4.699674775249766,-5.140254540162682,-0.3272135954999583,2.5598139009219416,0.5672135954999542,-5.673037351599832,-3.3194116628998365,-0.12491805689447953,0.07941166289983881,2.498878844414368,-4.174589803375036,-2.9354959929592876,-4.845410196624968,4.494537047941649
97,291000,3000,ee67bc4354602bfa3008de8d1f509bca073eb93a1567d0359b8998ab5a039ecd,8b104120a17d570bbf2dde85bbd23c567f10e996235ae126035da5dd092e7f43,5.915379140424817,1.3383396598193644,2.0246208595751796,0.30140828614120446,1.7319970674502594,1.3113979812245922,7.188002932549756,0.6001960803271357,-6.962267511174552,0.8733524418959426,2.742267511174543,-1.6683091776509609,-2.2739009663000616,0.7626559284435941,-3.526099033699946,-1.9995889414601768,-5.006563145999496,-4.936012855773373,5.726563145999484,-4.943255717403255,2.2087538820250243,1.0085613042996449,2.6112461179749826,-4.94942462266771,4.294953415699766,7.765243542643051,-0.5349534156997737,-3.7176595760559024,-1.874101966249682,4.027812132116502,4.8341019662496825,-8.8138941126142,-1.7473140954747755,-5.299975751517753,3.127314095474775,-0.01603225884960857,-5.3655490841742965,4.504209239214937,9.7055490841743,-3.6301651655773015,4.0492801067248765,-1.1322872600225922,1.4107198932751221,-0.8049382341462823,6.545348084224663,-2.122195813517355,-0.5653480842246652,-2.5207707014104623,-2.0519349550499553,-0.5259222744309991,-1.0680650449500433,3.8282379447021486,8.768366544874487,-0.2178446135955085,-2.188366544874482,6.647295970868717
98,294000,3000,428a2a9fbc8831e32672793583f8c71e5670b83ba9789802641296ab19944241,63b5db9bdcf9dbb39d15989056b2354c15d865a562a9b2bf2b52f912f77e8890,-0.6300073313743622,-1.591223717487675,13.010007331374347,-4.400682569886713,3.4206267246746633,-0.8132271619361691,-3.600626724674675,-5.23418203572337,-0.19718253929980703,6.056271612385033,3.9171825392998056,-3.2492420896294036,4.229605331475111,-3.4456953156586514,6.510394668524896,0.13108696215893476,-1.0605262246998515,0.3737532318237758,1.9805262246998605,-3.922283585068943,10.887940820149451,-0.04802375904306805,-1.0079408201494382,3.6504374694777866,-6.437484039224252,-0.8844530239529671,9.617484039224232,1.3460099733733222,7.692499567324321,-1.71471338359842,-6.752499567324314,4.986156637341878,1.3177087639996636,3.2724441926031322,-5.837708763999667,3.126517072766124,-2.8449223594996247,-0.21858137263754474,5.204922359499619,-6.7067296190867856,-4.452623792124928,-6.223280812670338,-2.8873762078750667,0.20193049955200082,2.504984471899923,4.369309683929181,0.8950155281000753,2.5426625584065627,1.191408730350096,-0.3408789375767509,3.248591269649896,-5.573132113086549,4.9859364213248245,3.8644694899464818,1.2740635786751764,3.0192508278168604
99,297000,3000,969142e35fe07e989016067b420386c65b34cbd495d9f52badaf5f95b5e75dde,fbdae4b64a343b4cfc910db29dd107ad588f5a1398f08d80f87a3043e71a011c,6.294527690974725,-1.4997985690761546,0.5254723090252673,-3.1875702740797953,1.0820665112249195,-5.337899867363459,-0.6620665112249111,7.531057363079973,7.911284505549508,-1.7293623789646302,-2.9112845055494887,-2.645998065422915,-3.1762305898749066,-9.107632085201436,-1.1637694101250966,-2.1064277344853704,1.8333126291998973,1.4018221907764443,-0.31331262919989766,5.387661324308226,2.2823296235748405,1.2049415128231298,-0.9823296235748437,1.1127065878638025,3.0860990336999428,7.19753943193922,1.8339009663000543,-2.5438997868784363,5.532298567374692,1.5605424632718525,-0.9522985673746929,2.0685036186396695,8.32030149992443,0.9815466081991014,-3.620301499924437,7.5988529565937,1.8320354550247682,1.0348113511527222,-3.132035455024766,1.2178528102876318,-0.23177234267483954,-0.2783973454793462,3.2117723426748395,3.0874738732546483,-0.6636689101502831,-2.2338932658293653,-6.656331089849724,0.7223024829544891,1.6925232921501117,3.238332669884241,4.107476707849901,1.0550836550532097,6.249380606699694,-2.628228108671599,-0.3693806066996845,6.209059269228188
100,300000,3000,5d246eb7efdfdf2c93a170fdbad4b329d2f090b764d943dcafb5104bd32f7d2d,1a0b15ca78d35a34c572182956f4cf109f49911f8b4a8e63f9215fd460edcc9c,4.419899500025196,-1.3706404671307968,8.400100499974815,-4.842658847148291,-1.2410524493997117,4.4472049206402735,4.841052449399724,0.11986823529579843,1.3615402865250614,3.3736596770940444,2.6584597134749397,5.344569242057741,0.08705098312484469,2.0342009336089073,-3.2670509831248378,1.0469128720694238,-1.973900966300059,-3.3640605033265176,-3.22609903369994,0.3392593844811493,5.460100499974817,-2.3127164238943543,1.4798995000251949,-5.530040030836065,5.933049516849965,-3.228851640922802,5.306950483150022,-2.941856060535609,3.4599378875996933,1.5576126641986106,-2.979937887599698,0.542072678086712,2.0023917359751495,-2.3934233148725776,5.177608264024845,2.9369243837430323,7.561741286474683,3.0586033344462944,0.8982587135253104,-4.523598749061851,1.2990864381496046,-2.2318913881100215,-7.019086438149606,-6.426403413393864,0.6708203932499424,2.250662283721009,-0.6708203932499344,7.3317473554832535,4.686787870774904,-1.489698925878792,2.853212129225077,0.709081878372012,4.762917960675018,1.4069450298808959,4.897082039324993,-4.913502384541341
101,303000,3000,243dda1c0505368b6449880d24ac7286a371bf1dda9de2a1782f58acb1ba8046,734ed983ce83a3f007e1565254a0f3c6160d9f898ec3119633548bbc64eedf6e,-0.3159674775249801,-7.277982143099809,0.1759674775249709,-5.917514336672144,-0.16678787077490864,3.4198727207296487,1.6667878707749129,4.163948915874122,1.6365942021996454,-4.4857476507219145,-5.876594202199655,1.64379682869959,-3.993838853899761,-5.2661735359168205,1.193838853899753,-0.8363111201037999,-3.508366544874483,-0.32542016566273874,7.44836654487448,3.163558394558255,5.463606797749983,-1.086574685816831,5.016393202250024,-0.19838208624282155,6.159674775249768,-0.20867289175205142,1.24032522475023,1.868811286419214,-4.666988870724538,2.8420689668284305,5.126988870724536,1.4410565525997856,-4.443707297724791,-3.004528814944879,-0.01629270227521004,-0.7528655923641984,3.29272429209974,-1.986677643995679,-2.252724292099744,-2.9101738674601183,4.9656733089749,-2.230153690208322,2.774326691025106,3.35326922838746,6.084295634824953,-1.0281419764584372,5.05570436517505,2.9395448756982985,5.783018460649818,-8.02517929962939,1.936981539350185,4.81876511243284,2.0992106629502136,-3.3333792491107066,6.660789337049781,2.671438335728183
102,306000,3000,1b40920093654df5601f39c44f0f11c01162ac27bf127ab455caa02ccff93c05,7dec5cabe914f4832b1fcd5bc94ffb6f12ff90aafded0f6c829128f7ff13684a,-5.143343685400045,-5.686139811376192,-6.216656314599949,4.266592791148777,-5.625510696599792,-5.316008010367356,-0.9744893034002163,5.283943492668148,-5.599249050524723,6.048910605949043,0.25924905052472585,-0.940574548474059,-1.8616407864998796,-2.2312727738740907,0.8216407864998758,-0.6429788554596607,4.7722985673746905,0.00979033607939106,-1.7122985673746947,1.0049398734847068,-3.8425927359247756,3.328638734629986,0.9425927359247744,-1.7280521329869913,2.130657780874822,1.6551615905742478,-1.67065778087483,-12.12033168313011,1.2975077640500392,-1.1412678195541828,2.1024922359499607,-0.7053423027509702,10.32397041007473,4.5237899113737114,4.37602958992528,-1.620285418607889,2.4144271909999153,0.7919087918756761,0.6255728090000893,-6.5553703530273575,-0.535278640450007,-8.621753949141592,-0.6247213595499965,1.1905288070691213,-1.988490769675092,3.026921141370814,-3.9115092303249104,-3.281424752134721,7.1695816066493085,-1.38729134021634,-7.409581606649301,-5.326107653564722,3.1624301235496635,3.322278667053678,-4.082430123549655,-2.9937375400058173
103,309000,3000,6b3960b99746b5d9f7b29c5ccbafca8c836781644b077220fb6938fdbd56b978,56841ad4ff51d54208e54a421e942053e3d8751a568e344ad98e6e2b589f1a7f,-0.9802631123499234,3.317656297379056,0.54026311234993,5.520249694756676,-2.129705831449921,-4.929725805702818,-0.4302941685500766,8.571919474691054,0.05501552810007612,5.211480402179477,1.6649844718999256,0.32935090359565217,-2.747515095424398,4.219451826159273,10.08751509542441,-1.8083766993414823,-0.899249050524729,-4.274336122208495,4.959249050524735,5.980305235887514,-4.6903325561245905,3.9823358475229433,4.030332556124595,5.720751803524921,-0.14216701119973177,-0.0829450583097614,5.582167011199732,0.4744682468848527,3.3194737753001475,4.01189801807299,6.36052622469987,4.056682670924845,-0.6548529157249566,4.674148238573482,0.19485291572496022,0.9435773650530659,3.698359213500113,1.4799085897993942,6.381640786499874,-1.71402175185672,8.177019926924698,1.7102821762356686,1.6029800730753065,-1.1510581556335784,-4.3198995000251905,-4.582723090161949,-8.3001004999748,0.2695349307538557,2.572623792124917,-2.284846823945678,1.0073762078750739,2.846309011879304,3.0023917359751464,-1.320997154992122,6.177608264024849,-6.284024706866034
104,312000,3000,67f17d58c42ca3faa960f3245d1dd9f9159a13cbd251d258f447563bdef30784,9805537b0ed3c6ca85fba2d323fa7a3981b82f13af310cf34e3c0e7ae8e3e00e,4.6977087639996595,2.108165432387082,-2.4577087639996633,0.6720405565798764,-3.1419660112501004,3.6984612285208573,-5.378033988749895,-3.6024137104347225,1.4140014662748726,2.0323902182014373,-1.3140014662748671,3.516730015363579,-0.04652475842498505,0.9827387093706427,0.26652475842498424,-0.6543887446346608,10.097283039274592,-0.9867875921096523,2.002716960725378,-4.868290279765414,2.3807509494752774,9.382098692747874,8.239249050524739,1.0668758688519355,0.25698153935017776,-4.6130950372598,4.103018460649813,0.8290682584739127,-1.6552786404499993,4.93015325762688,-1.7447213595499895,1.8903938362973405,1.0909208932247472,-5.606743166375616,-4.23092089322475,-3.5177309542232447,1.356230589874908,0.9801182174153664,-0.6562305898749097,0.7108925937794823,-7.603219460599453,1.5894860195859633,4.20321946059945,-5.3789900718945995,2.478459713474939,-4.197869276281144,1.1815402865250595,-3.3304494500374515,-2.907476707849886,-2.1747689247292685,-0.49252329215011303,-2.6058357822456726,6.34990683139954,2.5725340360745728,-3.309906831399545,-3.1416665375621626
105,315000,3000,73c1cb1ab54541a51d1d8cb8d41e8d7a18e4348c0a8643d743f788df78539520,a5707dcd089209b400ae824662a23490b617f7ca97631e5033944255d1d88c4f,3.9150155281000814,0.9721385967434487,5.52498447189993,-2.7638644229993727,-7.514628190949546,-2.688589678243569,2.2346281909495342,-2.0296515814400644,2.088428657274795,-0.7845477854396854,-2.428428657274783,4.246702811872018,4.279512162874651,3.7355025503129857,-3.0995121628746483,-0.0045493521688439315,2.441803398874991,1.7744563389344448,2.2181966011250087,-2.530870344607827,-7.2161684774746115,-3.9114923101298773,1.2361684774745971,-2.9431663065132407,7.884697634724211,-0.9020318183924209,-9.064697634724206,-7.812575669944428,-0.6173451516749225,-1.3272390777623397,1.0373451516749228,0.020890918136424325,1.7197368876500754,8.920041273897699,3.240263112349922,0.6235893456127363,-1.6489164944001309,-5.311194478380882,-4.511083505599864,-7.9089324951485445,6.191872842649652,3.1043159086520595,-1.2318728426496537,-3.9170426011583936,-2.667739820199821,-0.3172493826789501,1.267739820199815,1.9594266582829414,9.331284505549494,0.6692289023127294,-1.4912845055494923,3.9360046590812496,3.968916494400143,0.46074717287254513,6.83108350559987,1.1259271924462737
106,318000,3000,d7381ad670f952675ab2a8f3e7f4c25982966ff586c0364c35b73126cd5b8d96,f2f92d7d5ed3baa64dd7f1744a9433f20021d1df0dab3311cef0d032d940ffb8,-6.038560213449758,-3.841340404478518,-0.7614397865502464,6.300484417639699,-5.836005865099489,1.14107665724232,5.076005865099489,5.384231055805154,-1.9088543819998283,-1.3123989200842585,1.6688543819998316,2.9741568678470314,1.6423917359751439,3.5986741348136784,4.817608264024861,1.0674944830878743,0.921540286525062,4.098582652003809,2.218459713474944,6.2131811694729615,1.5985218258752434,3.658608252461577,6.741478174124757,-1.156107977232263,2.1936762415246385,-3.4755667933266654,-5.453676241524643,-1.0965561842080906,3.543606797749977,-5.811676482506617,3.0963932022500242,0.9820470776289401,1.8771441517252923,1.4051343144734216,8.182855848274706,-2.443685241247189,-0.4350155281000782,-4.311996058236566,-2.0449844718999244,-3.4009836803125584,7.576206865049111,-4.18564961055834,-11.296206865049095,0.9880978380872988,2.2098063314247343,-0.08992374012201874,-3.4698063314247394,-6.574641718068168,1.5965558146251386,-3.051742797440147,4.50344418537486,4.002107681993596,1.6798373876248833,-0.6842602223026774,-0.7798373876248853,-2.2103818557376655
107,321000,3000,2f3a0e1f01ce6faf22db01bd6fcb5796328cdb4d4901e4234e5ead40c873f1e8,a8e416a7e2d36cdca45b6de48e7217823e8361cff8e2073d177bf3d20776e3c5,-3.2753791404248127,1.1881724949314818,0.6153791404248156,-6.941343250573923,-3.4171825392998088,5.824205455347383,0.6971825392998072,6.228212489462912,-7.995843252724378,-3.6919099986326667,5.375843252724372,0.18921036439936104,0.22573542137520186,4.0620417996414995,4.474264578624801,0.8281403371200101,5.386826258349425,0.8199695541362216,-6.866826258349424,-2.857910063366168,-3.8859364213248218,1.4384360606445203,-0.17406357867517663,-1.4767876284142845,2.1423917359751496,4.843277461384215,5.317608264024856,4.412784090803408,-1.1184597134749408,4.039222021291506,0.17845971347493586,-5.5998826293694455,-3.79957427527495,2.5431630278364032,-2.8604257247250446,-6.156486158016283,-0.6369194269498795,0.5277329898384705,1.9569194269498795,-6.298055087996314,0.7941640786499854,0.5325916491252852,0.5258359213500057,0.32915974128378006,-0.43203545502477003,-8.052930754771966,4.532035455024768,4.013017101738768,-1.8520975674250673,1.5468213892595555,-3.327902432574936,3.111485752776182,5.799210662950223,-0.554983975551216,10.360789337049791,3.7051306032151423
108,324000,3000,79a6e0be5452f7d0076f5c8016b915188c27da008c7b3ff4ba637fae4708abde,5c89a6160414a4a3d24c4ccbb01abfc88ce767df518ffc8e041723c62ea18209,9.211284505549484,-1.7755754226002285,-1.6112845055494913,-1.4653777392392868,0.9314087303501004,-4.053871016657703,2.9885912696498984,-2.0322720733953368,0.8890169943749439,-3.771233626127483,-0.22901699437494952,-4.275955675304104,0.4357043651750516,6.443864063027207,1.4642956348249503,-0.6439067768135647,-1.2999378875996959,6.353557998281463,5.139937887599694,2.139229011226631,3.8910835055998647,0.6104868858363731,1.0289164944001308,-2.0936345818269775,3.3665247584249856,3.846508370883304,3.05347524157502,3.218442690607474,5.724233522424652,-1.1171377952265509,-1.7442335224246457,5.040039994531428,7.822167011199728,-1.873051331470092,2.097832988800269,-1.0524631630979344,-2.46731409547477,-1.0509617548084371,2.4073140954747694,-3.48847809079117,3.006199533674758,1.8565916206964097,-2.226199533674759,-4.109874396372705,3.8879024325749323,-0.38054075132416404,2.412097567425072,-7.805715132938279,1.3939630787003587,-4.518048458033346,9.08603692129962,-2.8974537323074863,-1.0240325224750213,6.5078470634141246,-1.5159674775249743,2.6551697872663684
109,327000,3000,efc1f2d0acb21fbad19d1f1614239dc20a12e938c0da906fbc1ef07d1340ed92,8909c2e74a122590da1d247f3aaf0ef01fc3fef2ded9751aa8bc4bee38de216f,0.7983592135001277,1.2106829661635055,3.481640786499873,-3.4050325630515705,-0.7465247584249844,0.29454774913505705,-0.4334752415750134,-0.81684859275111,10.02036361232476,2.729252430850647,4.519636387675258,0.6878816531176191,3.070882505650241,2.344899086399676,8.169117494349765,2.500689559821831,1.806362146049868,0.08294505830976232,-0.9663621460498703,-0.4744682468848509,2.356331089849716,1.1525595639230832,-3.6363310898497194,-3.651247246025579,-3.553900966300057,2.670009944944451,-4.806099033699939,-3.5545811137035113,2.8317723426748396,-1.7778866074375257,-0.6117723426748358,2.7916158781419544,0.5490791067752546,8.535879091758588,5.870920893224745,-2.242491500737227,2.491934955049956,4.634486424826059,1.5080650449500443,-1.2890056547986632,-2.034001466274874,-3.566609617114451,0.6940014662748658,-11.667445986123388,2.307151483099652,-5.0120973770769846,-5.027151483099653,-4.990278537586654,0.2357043651750445,-7.7150997610745575,1.2642956348249528,0.4891172422510652,5.2328869044748565,2.2564037370613894,2.1471130955251465,2.8140082045678785
110,330000,3000,48faa38d95e9df47958d1c14a9321fea5bf393a3f72509d1a882281dc26d0268,fd41408bc649582dd1ce3909934b85bcee9606cedb731a188961bc19d59225fc,-0.8558669775501648,1.1806203261836246,-4.344133022449839,0.04621304363559872,0.81888543819998,-3.7777848560156726,0.4611145618000122,-0.8627523292687452,0.8501315561749622,3.9911982622484405,0.08986844382503445,-1.9494451598916733,0.18839026970027478,-2.824180865271011,6.0916097302997425,10.609241369685073,-6.93298740444968,-0.48575999125374825,0.13298740444967322,4.273644490466794,2.084984471899922,-2.791925185259929,0.47501552810007663,-4.669598886404623,0.6378713763747842,2.729634755474383,-4.057871376374781,-8.669895852990749,-5.958033988749896,3.969306405252341,-3.721966011250106,0.2976687105201671,6.705448584199478,0.8982922427713679,-4.3854485841994855,5.1816089245114645,-2.401176674200319,-3.6066537554855964,-9.198823325799697,-4.542251499866729,0.5612150617748284,1.452348296968687,-3.061215061774836,-7.198658515604981,0.3479645449752352,0.8975554837293331,5.312035455024756,-8.172416665444048,7.1298063314247235,-5.479586942149591,1.4501936685752623,1.975886369056615,3.317445651649728,-9.803184051873018,-2.317445651649734,0.03977995855351194
111,333000,3000,ae09b120ca4b4197e67d1a0f1419ef05cab276184544119fc7991c17b21853fb,11b31b8675dc78532465b4161b91d53f4a4d7cde7c17f8520c74d2cf0e0835ad,9.608892769574341,-2.8745609364517226,-4.3888927695743405,-1.3034183605526655,6.042329623574848,5.318746647128741,2.777670376425154,0.9213762009390014,0.44435774722525595,1.2594434842486137,5.85564225277476,6.298555557426141,2.7670509831248458,-4.524790850233392,-0.5870509831248436,5.1946383667820655,-6.886625258399795,-2.65366837897687,-2.5933747416001998,1.1463176411528644,-0.37921066295021705,-2.328557520432098,-4.940789337049791,-4.908953032372503,0.6689164944001358,5.599764484563354,3.53108350559987,-3.5313790107297853,1.8898684438250437,5.629945269349336,2.6501315561749634,0.5879764146043476,1.7240325224750228,1.2862670180372884,2.2159674775249694,-1.570833268781081,-4.497120426899511,-3.1703007867583084,6.057120426899511,7.7666719334267995,4.6918728426496505,-4.2036107296215315,-2.731872842649651,1.1872897008779144,3.5496053314751124,2.1496379615419645,5.830394668524886,0.43480643313743905,3.4510835055998696,7.451233266155325,0.5889164944001264,2.6599103017470846,-0.26088983702459934,-4.958905651629134,8.280889837024588,0.8782111011827495
112,336000,3000,83b23dcc62c34e1ce8bee649b4d3192e53a7c3c7cad20f30f1882f5f8f907c67,d4499ff27c0c14380fb2924424a23277c04ac59e1039f6181cca5ffd775bda41,-4.810394668524882,-9.641224673186388,-2.529605331475108,1.1387654724050111,-0.7012150617748326,-0.837239041457699,2.9212150617748285,-3.4089633009844804,3.9443961347997702,-6.206629939584786,-1.0643961347997641,0.685379305968449,-3.5219038988498053,-9.179785868572152,0.6819038988498017,-4.20137256228999,-7.133939353874571,4.869909832861027,2.0339393538745685,1.222284017650376,2.981114561800016,4.478887113715765,3.3388854381999806,-1.1223057616313337,3.770557280900009,5.248403579165501,3.9494427190999915,-3.64338577015977,-0.768428657274783,6.137906424717163,3.7484286572747876,-3.0410696673071858,7.184295634824951,2.683849163762849,6.155704365175043,2.9730377841812623,-1.239999999999998,1.3029178911228414,-1.2399999999999993,-1.0873844623646338,-5.9528247920745505,-6.618234269748498,3.5728247920745533,-0.0947372721084934,6.068103432524561,-6.926621237701962,-3.3681034325245656,-5.805507577242168,4.150069443774661,-2.7760840887221816,-3.0500694437746607,-5.290685884868184,-4.169906831399533,4.767693409510438,5.489906831399548,2.578584796532925
113,339000,3000,8492ca6fe43235cd53dd0ab8a01d12d047bdca2308bb0792995a9fe468ca35aa,a656955aa8db80304d2228f3e7ff85541fcd3411ce57850a4e7acf2a1cdeb227,10.637283039274624,-1.4007031071106828,2.542716960725379,-1.3914132404611208,5.791447117924604,1.2994146051139888,-2.5714471179246035,11.422850856244976,-3.9783976010746334,-0.5151309994919337,3.7583976010746407,1.2588248700126772,3.97888543819999,-4.269595607727779,3.621114561800022,5.036919033146316,-2.068792269599529,-4.119855894763954,7.948792269599517,1.817357258873067,1.3575077640500366,-1.55056096488059,2.1624922359499634,-5.7424524982091585,-1.8221048987994273,3.3283294275120223,10.342104898799429,-4.6197644119541,1.7259985337251291,4.348418765792767,4.454001466274874,1.2154234806442257,2.0253718090504553,0.9499374326293839,11.774628190949542,-3.4084628315546466,7.61013155617497,4.864050234714539,6.849868443825038,-1.830577863455544,11.224922359499613,-4.552351143064112,3.1750776405003776,-0.2899983969662113,-0.18095194942490195,0.5262315815489655,1.9209519494249043,-0.936525665735052,10.171447117924604,0.23318524070341312,1.8085528820753891,-5.481206495245202,0.28376941012509826,9.566568542666529,2.2962305898749067,5.702172070225801
114,342000,3000,b3fc30982a05ca15a3f8ff547ba6ee84b21313e2de301e496d0293247643559c,d8697271ad3edd147ec792202d479338b5678eda7b9b4a8f0a0a671736ca98bb,-7.802793735874416,-1.674742262733032,4.942793735874412,10.110451936160699,2.9555417527999306,-0.13382559892031054,1.5244582472000596,-9.651015009265777,-2.0260369212996374,2.7297529002804826,5.666036921299649,-1.0992948209694737,-4.705773808949707,1.3979644703492982,1.4657738089497128,-4.813906453146037,3.681741286474677,-4.134887214753905,-2.981741286474687,3.5429800622166545,-0.4798373876248833,2.945595636156649,1.9798373876248878,-0.5978848954898356,-2.19872282582487,-1.9135229217653051,0.6187228258248622,-4.389581987829673,1.9901315561749644,-1.5145205819481253,1.2298684438250362,1.4297648082308794,-1.8882660448996726,-2.485967546949866,5.088266044899675,-2.2724359959110063,7.610007331374363,2.515529717499908,-6.030007331374368,0.6083668633109316,2.4809519494249,0.8006981890953975,0.3790480505750981,-1.976077531368478,3.8037072977247965,5.247284495499736,-0.6237072977247954,-7.639633854006881,-1.6060990336999403,7.646185083895066,-0.3539009663000575,1.834081149464379,-6.590332556124597,1.7544933421519322,2.1303325561245945,4.817027414531136
115,345000,3000,c10b6e30520a62232e4dea630d4baf16e0ece90a230fc0eb870a5cd3f993620c,17ac01d0a3acfa730e1f48bc8802597e8fa6ea787a93bb4a3850e91c033022c2,3.7977708763999694,1.7483244368874722,3.0822291236000305,-1.1275467455418773,2.2653718090504524,0.1864717276379803,12.014628190949528,-2.513409694974489,-6.322430123549662,0.09766707118174067,0.9224301235496541,-5.091803329195534,-2.052461179749809,2.984447673356278,1.9724611797498133,0.5301623194818803,2.443343685400054,-3.536001380404406,3.516656314599947,2.914222750199131,-2.823018460649822,-4.037720613001998,1.0230184606498152,0.23835320710819596,-3.2561684774746094,-6.837006804697907,5.196168477474596,-2.122578138141093,7.441052449399722,4.083123880089798,1.3589475506002868,-2.523509338171833,2.7552786404500194,0.08375483485756478,2.844721359550001,0.6300675579951569,3.6671130955251465,-5.379681703636311,6.752886904474856,4.876579207555295,4.9419038988498025,0.790098076468206,0.738096101150199,-4.0855532097332015,1.4861611461002437,0.9949583750934426,6.673838853899759,3.664158543490089,1.0015402865250609,-1.8846523829569617,2.2984597134749394,0.41241410671151535,-6.69446557857443,-4.799684909703894,5.514465578574431,-4.2281230785729
116,348000,3000,421be9ef37ea840d970cb8f0a465520ed24b8ec3c74a796dc94935bf20898a08,5f34c075c90f5489b93e8b71e63404bdabb851712bb1e3e835a7b3de0fcc78ab,4.943018460649815,0.2129129368029238,1.0969815393501734,-1.0250210150733263,4.201741286474697,2.0590225896782406,-2.4617412864746884,0.3262299422105434,-0.5396363876752591,1.5341012541069154,-6.040363612324735,0.5801149387385236,4.257019926924686,1.8438714855437761,-2.3170199269246914,-6.641245210410364,0.5521359549995746,4.828628466017994,-8.392135954999594,-3.219370611961377,2.9749534156997695,-6.1184438973644735,-1.8549534156997731,-2.519651617744697,-2.03432669102511,-1.1672085592892916,-4.2256733089749074,-3.980907456739208,6.295116028074884,3.5558913596811506,3.9248839719251056,1.987369275737374,2.2628174607001967,-0.38466265156893836,6.377182539299806,-1.0789043722628795,-5.093676241524638,5.776254713810093,2.5536762415246255,-2.370839826134789,4.5904951684997,0.20362307015336206,-1.670495168499703,-3.817137362645119,-4.73829710109982,-1.9297463429267832,-0.9817028989001776,5.589282516742262,-0.17993788759969537,0.8542722391669867,6.259937887599695,-5.465365398707442,4.547050983124843,1.7322921780378642,1.1929490168751569,4.172429005975871
117,351000,3000,df688fb4e1c80059b5d85926bf36c25b278ad7e7394d8cb6cf92c1dfa551d823,0e04c39ebbac3e3bd8f47f7f889bbc63410ab030b171eabbd0ff991673923bde,-3.0964315898245314,-1.835200233130152,6.876431589824537,3.6499370000479496,1.7146281909495409,4.996947912280943,-8.034628190949546,-0.8546996910910547,-1.0491796067500625,3.9973671675128783,-2.390820393249934,3.9951290001813438,0.5883281572999742,-1.1759528292086803,0.05167184270002875,11.259890538698677,0.38583592135001055,1.0581315989325526,0.6541640786499922,5.858699302690012,3.8442956348249515,4.182528649173234,2.8157043651750504,2.164359974413936,-4.017971876349582,5.810675543646951,4.657971876349593,2.592305870545227,3.585247584249853,6.363039027242885,0.4547524157501493,0.2524566057442369,-0.34767770779950835,3.895032599356202,10.027677707799514,-2.2191712529574,-0.23872282582486723,-5.088873530122295,2.578722825824866,1.4287638693712166,0.5543266910251006,-4.184148202268832,2.7456733089748964,-4.37343158417397,8.271872842649659,4.3148077125037,0.8481271573503499,-2.6431864111557752,-0.5886917696247145,7.175647574943113,5.448691769624716,-0.29678591646659647,1.3403636123247369,2.3377292422755582,-4.160363612324738,0.13046834792299838
118,354000,3000,e4dff831679858e5844da4455df17e42c9c96096e3ac0d88c5798d57b57310fe,5474353e15af3e4bba04db764395d7187ab7b890f9465b1d822bac3009d592e7,-0.5572446517001147,-2.3903023534874683,-2.8827553482998898,-0.21553342875820172,1.3342645786247966,-7.4620245410944,-2.9142645786247976,-0.09049722705761927,0.5072757079002599,-1.2575146240350406,6.052724292099736,-1.1977716686990134,-5.480363612324744,1.6573997579057944,0.020363612324740855,-4.127835515435884,-1.2863621460498704,0.9632761820179538,1.4863621460498648,4.906332540417218,-3.934101966249688,-0.45388663586639816,2.77410196624968,-1.647418259514528,1.8007893370497843,-1.977387777346119,-2.760789337049788,-0.11805751988832885,-6.280263112349936,-5.41067226497009,-4.759736887650069,-0.347312022658838,-2.39754615162455,-6.927003562325691,7.217546151624562,3.5522699288662,6.938885438199983,-1.4181637567440257,6.581114561800016,-2.979397851757583,-4.322592735924776,-5.0759622326577984,0.4625927359247743,-0.7187540696453111,5.87298740444966,-5.090802390335878,-1.1929874044496676,-3.6720200193559123,0.19999999999999923,-7.206829298588779,0.19999999999999918,-0.24821656069335846,-4.122004398824622,-3.0995753941713615,4.062004398824615,2.973656398417194
119,357000,3000,4bb67718b0b8473db88fba3447d50a8295d4eb0451ba8c0167f3bb9050b5bd1f,1ed77de082fc2521770175ceabaf6ef63205684b171a4f7b0df226745d8589a3,7.7466873708000925,-4.148298981648243,9.893312629199897,7.477674475320255,1.406161146100241,-4.209470327768016,6.5938388538997605,-1.8655721802280065,-3.512135954999571,4.450826351455214,5.432135954999578,-4.819766051292511,-5.146725758374608,6.078590921305198,3.1267257583746195,4.965957350947145,9.796431589824547,1.0878849317944654,-0.1764315898245304,-0.48425858296425156,-0.4025927359247707,9.35241837739173,4.382592735924769,-4.839656030569262,6.70990683139955,5.554552379787426,-2.949906831399546,-5.925111632720328,-2.2356422527747486,10.14151551500025,3.175642252774745,-5.3508562921283,-5.70980633142473,8.863419279946775,-0.030193668575267243,-4.984154759622545,1.0114087303500952,-1.5985847239236595,3.0685912696499,-2.0920150287313666,-8.385510696599786,-2.764674199547177,-3.734489303400217,-2.076674401623462,-5.272724292099744,-5.179798209103977,0.27272429209974147,-1.5715249005227807,2.6202247247754222,-0.707462325276409,11.519775275224566,0.7193726838812333,2.5721980673998845,-2.403404813263843,0.06780193260012583,6.610873263312502
120,360000,3000,f9566b1fcfbe72395caf2212f4a077f14d4a99b6e825e1edce06287c060ea067,587a3518fb2918386ed15ac2a35f6e7a43af5ff9a0b94d7abbc8380888df898b,-2.345084971874738,2.0325813805133026,3.2450849718747325,-1.1621587376906137,-7.592035455024766,3.3585102122980093,-2.6279645449752316,-0.5004089866199657,-0.709016994374942,0.24733376663979514,0.4090169943749494,3.938124681606691,3.7873762078750683,-7.923581490514734,5.352623792124925,-2.320960224383907,5.587639320224996,-0.09354517093696058,5.632360679774997,-1.6350074314798653,5.08419513485013,0.445215383452767,8.035804865149865,4.638726469876932,3.3770820393249945,4.395632748288029,3.242917960675005,-3.539549793713585,-1.277770876399963,7.173145227793938,-0.5622291236000337,8.639096453968827,1.4033436854000494,-1.540461321683234,2.4766563145999525,-1.8458003457573475,4.261377674149942,-0.33621144060180486,3.098622325850061,5.732971469247723,5.329806331424729,-0.8586304290239645,-0.3498063314247343,-2.9490259046597265,-2.129016994374947,-1.2039405739634548,-1.0109830056250542,-4.687059536037972,2.3435684101754677,1.3518695715198044,12.316431589824525,3.9373149050588774,5.0540014662748725,-0.3536720902351523,2.3259985337251328,4.144986857951256
121,363000,3000,2758e0df712379b37853595590b313d5e89bdd7f15833222d6c5a4b26f08589e,f8ceb1767ef160e09c1828e3406df5129d74befe3527c66e8647d6074d9ae601,-0.9856733089748972,-4.81197759293245,1.2056733089748939,3.7028194183778305,-2.981640786499878,-3.223992981635991,-0.29835921350012684,3.6853587687444835,-5.405247584249859,0.9301655981587322,-2.274752415750141,-0.739453825469863,-2.0245587471748863,-6.449105046937764,0.5245587471748835,3.374469453641844,0.6776082640248499,-1.5682127768258085,-2.4976082640248514,-2.651548356451429,-0.6376082640248519,-2.4495448393936696,2.537608264024848,-4.457996195579337,-3.508691769624719,0.654197582322798,2.5286917696247255,5.661627462424826,-0.6793111629250281,3.1310664249349696,-1.2606888370749758,0.4630583577098577,-2.7280029325497397,2.821796662927944,2.7280029325497437,5.897242032771652,8.643382072974568,-5.8529578493496315,-0.7033820729745592,-3.4596075519828164,5.2170820393249935,0.9036062441876851,5.082917960675004,-9.798443537392304,4.334628190949544,4.795945334082851,-5.414628190949541,1.5971563331399232,0.9421286236252203,1.9607369042605727,5.637871376374785,-0.365391286528123,-4.443544685349674,0.4112950230457537,2.4435446853496745,-2.1115957008901596
122,366000,3000,7ba77fca51425f5569d29fa2f1719e69337b6d71953c8dfd735848e09f45b0c5,131f8d6da40e854cef26afc1e1baba025c5991f19f7817ce01628f54e1d5a0a3,7.478722825824879,3.460417328530619,4.6612771741751295,-4.748422044469612,-4.966888370749729,1.2956750294929487,0.8468883707497358,8.791884110812,-4.552662179699436,-1.5174503810213644,7.432662179699444,-0.09666613232207043,1.182980073075308,-1.1290481538313808,7.757019926924696,3.6132049853737747,5.1729874044496675,1.1335975060002308,-1.8929874044496597,0.12229756493920561,-4.3378713763747845,5.076963171517455,0.3578713763747781,-2.855598878528872,6.855642252774745,5.222890291354473,1.4443577472252576,3.5433623868403847,2.1718344550751367,-0.3978832561514075,5.1681655449248645,-1.8230987122134557,3.7030805730501246,-0.826638928830508,6.296919426949884,-1.2994876226197591,9.152298567374713,0.3332816415285624,2.667701432625297,-7.259402409800692,3.9362305898749046,-3.827737475272316,1.9237694101250922,-2.313098748518089,-1.9367568145747627,6.397651019391617,3.1167568145747624,0.5367135493700645,-1.6412150617748344,-1.8186675048507102,1.9812150617748283,-3.4372152255568875,-0.5398373876248799,5.246902170876005,1.919837387624882,1.7181436521014917
123,369000,3000,a3ec74e2187bc0f48f32b04e49d34af1a14a4cc36229db2baaee5071c5347c2e,67187fe6d98c6212acaa508d6b5762b5a2793b20f765dec75362fee67069e997,-0.8194116628998399,1.1148266103892457,2.579411662899836,-0.7830463771501865,4.340688837074961,-8.312866511758296,3.7593111629250346,5.114122638115692,-6.906563145999472,-1.5558019487911396,3.8265631459994935,-3.0118898213808696,4.365472309025273,-0.5298530123639128,10.134527690974728,5.8761599523233565,-4.27177234267484,-1.5316719244635086,-0.8282276573251581,2.7334924759015267,-2.579411662899837,3.6122770640198816,0.8194116628998414,-7.54608868306991,0.6100310562001504,4.174357866189444,3.829968943799856,3.368491710689266,2.177770876399971,9.80923481233136,1.4622291236000313,-1.665806830501786,-0.20308057305012422,2.1561891914301463,-2.7969194269498807,-2.978396912897911,4.31967477524977,5.1826098633711215,-0.59967477524977,-4.472645190945546,0.43501552810007726,-0.030298929592087742,2.044984471899921,-11.689956457355414,6.652135954999579,-8.504315043489195,-2.2921359549995834,-6.570283528211201,-0.009117494349760627,-0.7491260167431558,5.089117494349762,5.6354955603778505,1.9618033988749837,3.9419824020338337,1.7381966011250127,9.954234010814483
124,372000,3000,735b69fb58a2f69ee32021cb0072e1f1aa2be4136b3de7ae8a8da5ec67f7081c,b6a210241ac57a371909abd388b9a427ace7a41133e9d12c2aadfa0baf91922b,0.8472757079002599,-1.5293607396261981,6.392724292099749,-1.5235011414797175,2.6442956348249465,-3.094143247948926,1.6157043651750411,-4.435795031465281,1.3943650785996182,5.729541200744639,-6.834365078599617,0.5969569741359345,-1.5502320561497829,-2.4748669648928407,3.190232056149779,-1.9501367916333752,-4.530920893224752,-0.21322224392089334,0.7909208932247486,-1.8666912638937787,-1.996431589824531,-5.0273198593787916,7.976431589824543,1.4142330188111176,5.6463621460498725,1.6801013914496892,2.8736378539501217,-5.270413580967708,2.8726859045252273,-3.135497632297719,7.7473140954747794,3.3720401239984383,5.123018460649818,-5.4782766961719656,1.2769815393501822,1.2932456998495412,0.22334368540005078,-1.8726690068463614,1.2966563145999412,-10.410240669206326,10.03600586509949,-0.11019604402250943,-0.8760058650994872,-2.118456237896306,10.054365078599632,2.40683508176691,1.8256349214003835,-6.871618796846654,-2.1323990673495117,-7.1751471055132825,8.332399067349503,-1.4903905576204945,5.959899500025205,7.491277404526464,9.940100499974829,-4.4652841845095566
125,375000,3000,6e42164a375ce17ed3037d8701c5818225003e15962c77066e4e5bd95f6b3c83,f4df3f39f2f0ce576d242f0fc67f881689e9d8f8f490e0a971b21440de685712,-0.648227657325162,2.3252002694347835,-4.091772342674834,-7.07979121916885,-2.218297101099818,1.003629627507068,1.538297101099826,0.6728503331276782,3.402492235949963,0.2417834756112756,2.5975077640500337,3.776975079467868,-2.639473775300143,1.3731428142799613,-5.680526224699868,-4.093223523287142,-0.9885912696498997,4.473454967493348,1.0685912696499058,6.28714566825114,6.604133022449826,-6.331356834167405,3.1158669775501666,-1.494630602671372,2.597407264075226,6.720141385981118,7.382592735924777,-4.153275785741157,-4.2095432190748046,-0.42613518072382006,-0.05045678092519783,-0.8416702488204503,6.534365078599614,1.3190682947785477,-1.6943650785996085,1.1832408181389011,3.2870509831248342,1.8000877715515817,-0.0670509831248417,-2.1470174695866917,6.479775275224582,0.6648707124557514,-2.4197752752245805,-4.478386644285921,1.5482276573251592,-9.256179696993728,4.991772342674847,-7.140107661440484,2.786524758424985,2.411193271623897,2.4734752415750183,1.5427725065205375,3.9263000336495693,2.297685103904409,-5.2863000336495585,7.255662834179647
126,378000,3000,c3cfe770bfcff6dc332888c679381806e2fe046dd2115c819510aee6cbd34df5,9295ad05a5ea32b2988cf2b72908923a2f874df9884edfb20f6a6afc18732b91,3.156981539350186,-6.53336035122517,7.003018460649818,4.531578369733774,0.4253096966501523,-2.653049764740932,3.73469030334985,6.92974219908707,-2.6635446853496774,-3.8685913901912605,4.223544685349674,3.707559932858548,-0.3101315561749668,0.27034470730165616,0.4501315561749657,5.687258895041964,0.8975461516245402,-7.170406591032575,-8.717546151624557,-2.4337767603616887,-1.021377674149949,-3.1640588639880924,0.14137767414994565,1.4617563084243457,3.5013155617496436,3.117845820352497,-4.101315561749642,-0.2811359822407121,-6.106400533624375,0.8927419517428579,7.086400533624377,5.020459322372639,0.2083281572999735,-2.5580031855144725,-0.328328157299973,3.2032202083056727,4.997933488775078,-0.911895171977574,6.742066511224927,3.4319742416463392,-4.925936421324833,-8.651743571615702,-1.2140635786751737,-7.6077153713191885,0.08249223594995977,-5.083750691017853,-0.7224922359499693,-8.872399839478353,-7.374829190899149,0.5620356748692455,10.334829190899171,-8.905510423337585,0.7394116628998422,4.984655229052382,-2.659411662899837,7.076242805859675
127,381000,3000,2d7c5aba93b0628ed4034311658437084ab3134ca197175e43185875fbe1d085,72a1c127bc562e22e05438e56647d3d4c95c044a6238b63e9052b39ecb8701ef,8.247840320174648,3.4408366563718316,0.33215967982536726,-6.758301791439021,-2.1810524493997128,2.100495118833125,3.9010524493997156,0.08899581876811034,-2.6345898033750337,2.8037173990586544,-3.3054101966249645,-1.4741671364590112,3.3961684774746015,-3.5482210461271984,-5.056168477474609,-1.4043245379256144,-3.687476707849888,-3.4768770393042936,-1.2725232921501124,-0.41391551500102747,-2.153575741549827,5.546499741609744,1.5135757415498294,2.849621135576283,0.21373835392494073,-2.2735550795767794,-0.9937383539249427,-1.510280536897249,2.529442719099993,9.792083469815992,2.3505572809000075,-0.3620791628311481,0.7356038652002369,6.286954505939284,5.74439613479976,0.20543378556083836,2.610983005625047,5.479586942149589,3.729016994374947,-1.9758863690566115,3.2799378875996967,-1.384052234025129,-3.159937887599694,-0.9079644340446615,-1.3617412864746898,-5.1246046059368,5.301741286474682,-2.851741158101725,-3.5885912696499056,-5.764653662323207,-1.5314087303501023,0.9059625563253344,3.115479640399628,-0.6431700177715324,-4.755479640399621,6.910161526928273
128,384000,3000,b71ce8f6a8ac96461be8b9f7548799f2a9b2da7adec6e97cd593796ab879eeea,000db028cb82e77288e5a8d0241c562d26bab46046cac433d48cc567cd76de9a,0.31639320225002215,1.5438915901863108,0.7636067977499784,1.5850548122232264,-1.9555417527999366,3.3255177732448797,-0.5244582472000663,1.4244056795142377,-3.775541752799932,0.5063416022722116,-2.3444582472000683,-5.838117691671554,-2.414001466274877,0.8451005173235242,0.3140014662748748,-0.6868807142579479,0.04439613479976759,0.2950482185648897,-4.9643961347997685,-2.604025066838195,1.4785218258752417,1.744393698954571,6.621478174124759,0.9203752620793334,2.4990480505750923,-3.284236406401851,4.600951949424902,3.017248950097514,3.022755348299892,4.9796054074536915,0.697244651700114,5.127916729633787,6.365247584249853,-4.768694348370111,3.234752415750143,0.9957681516412458,-4.475317028024524,-2.023291513863745,5.855317028024513,3.954275085262387,2.8802631123499287,3.4572963671455126,1.359736887650071,-1.595964231968382,-1.0281655449248592,-2.3770817489049976,1.9681655449248585,0.5286609111923875,5.379574275274959,-6.218849605307584,4.440425724725038,-3.633167982156305,-0.905998533725128,-4.819456744174547,-3.634001466274878,-1.5591140724881212
129,387000,3000,353535b4dd8311c19968f27c6ddd778023ef58f1e80814cdf1bd97f2c4c704fd,91338542535d767bb8172b3f01c99917a826eae56c20a63cd9ad3ecc750d7bb7,0.218885438199983,-6.72226140850655,-0.13888543819998372,3.7313806500682114,-0.13659420219964638,-1.350750487854034,7.376594202199645,0.05893317878822925,0.7701315561749615,1.674359938109306,0.009868443825040756,-0.752674430052334,-5.000789337049785,1.722693004270343,-0.43921066295021316,-1.5113996205630182,3.7320354550247625,-4.622075596791405,-1.2320354550247643,0.9286641898692232,-2.9249223594996203,-0.6434063073837281,5.124922359499617,-8.231040537114307,-1.466300033649563,5.338018012169558,7.746300033649578,0.03954366894130493,5.989868443825029,0.3397598539109782,6.750131556174959,1.5768840292394317,2.974264578624806,3.055600517867296,-1.2742645786247937,6.199460095460662,0.18859126964990636,2.972728477063292,-1.8685912696499045,-5.575561442729952,3.717345151674923,7.507236645870313,2.062654848325085,2.484229849048158,3.593413129174716,1.5066591060823082,-2.5334131291747113,2.666079207011542,-2.4083665448744833,3.044072483886197,8.548366544874488,-4.585152419805362,-1.6764937022248354,5.627324777394066,1.8564937022248331,1.9532577530184834
130,390000,3000,b3a466ab96ff427ec9f85089fdc22129e8cd64773525c99669664bb016013552,6db0978927de3e8dce5dfddffbe1a8021515cb6d60103172a1dd5f14b50a8331,3.5061995336747573,-2.5496412402188096,-1.726199533674756,-2.679800281023845,-0.9825927359247718,-0.9058444115192236,3.802592735924784,1.8059473696980635,3.0725854045504115,-6.010058568749437,11.927414595449594,2.0686217634457678,-5.798297101099822,-1.4958678311432374,-2.0417028989001755,-5.2354922817010054,-1.573513629149528,-3.0821147445379986,8.533513629149542,4.561641009713656,-0.6376703764251495,0.2739661381166004,-3.902329623574846,0.7476246084536491,-0.9540635786751767,1.900184172376735,-4.665936421324825,-3.925213384142184,0.3772446517001159,5.308765148737489,2.7027553482998883,4.5953250805084815,2.1586223258500614,6.008056691030096,3.321377674149952,5.080084132902575,-1.6020665112249173,-1.4663056605931895,0.14206651122491645,-6.899561414301082,-3.2637072977247956,-5.259813468340512,1.1637072977247915,0.42937428691503204,0.9002631123499274,-4.362257984611172,-0.6202631123499289,-7.743042378529006,-1.1511840055746738,4.711690029795441,5.691184005574679,2.754265249231842,-3.146663645974308,3.243691798600884,11.566663645974296,5.8951220102462125
131,393000,3000,bfd2fcb03e648454317856ae08f8222a6efdf507d9d384176d721bbe16f5c3fb,4f1c907b156d05999034b9ee50abd73dd118d221a44b46ede4af9af8325171e5,-3.095278640449998,0.9368349728530161,-3.184721359549996,3.417943860516069,-9.221478174124757,9.142125932544069,-4.078521825875244,-5.179916353910085,-1.125147084275036,-4.072141442838863,-1.9748529157249657,-4.7247924895718105,-2.058134488724708,4.044890457126125,4.158134488724707,2.1318680047906438,0.2776082640248499,-0.9118951719775776,-2.8976082640248486,3.431974241646347,-0.539937887599695,3.873450049478072,5.8999378875997035,2.9196548964215325,2.139210662950215,-0.6377378715491181,6.7007893370498,-0.4992899029541973,-2.018985938174787,7.310665275034962,2.3189859381747917,1.1009873915708372,-0.041377674149946836,-0.12796600077382536,1.1213776741499442,-6.598153128159883,-1.4028174607001973,-1.1737597891774758,-5.51718253929981,-0.567704110703845,3.3128869044748592,-4.454374764764401,0.22711309552514267,-2.490089447194648,-1.4884286572747842,7.225909501317734,3.0284286572747896,4.045272781749849,0.5902941685500797,1.657709065023755,2.2897058314499237,-1.2361232364687813,6.676230589874919,-0.49393077423754717,4.663769410125086,5.477776226742112
132,396000,3000,d8587c737c2cf266288bf921cfbdf79839a855d7236a22ed8788976faa6730b9,6fd9955f02419dcb081d9b590b9fbd41b0e71406b4152135db88dd691e0ad139,-2.512561679724617,-3.5936243132149954,5.492561679724624,0.8808315931380243,-11.789581606649307,3.653676575668997,2.789581606649311,4.466166978563129,-1.5223296235748442,1.9762686936803466,1.7423296235748416,-3.8781905639587952,-1.049806331424735,-4.891492382739143,4.629806331424737,3.916542131728559,-2.4014781741247533,3.251362112154841,2.7414781741247634,6.478166748057975,1.865835921350008,-7.747091261268021,2.1341640786499894,-1.160421039788901,-5.548041320124255,6.15848803573562,10.328041320124248,-4.605542868511965,4.532298567374694,4.6646672096120545,-1.9522985673746953,2.8303497705354617,4.154427190999914,2.9495263740895608,2.365572809000087,-2.6458069031110507,1.665147084275042,1.2751664359802586,2.5148529157249566,-1.893132473058715,3.033413129174715,4.52760250450053,-3.093413129174719,-11.238808458250386,-3.941640786499879,-0.34187987643642326,-1.2583592135001247,-1.9987791649123765,1.3001626123751155,5.711270774563507,3.7598373876248865,-2.095563442040545,-3.982654848325076,3.6130138230619266,-5.637345151674922,5.807936906885581
133,399000,3000,1b646c4f9f780049e1853f67a12ef36e1d6dae5a60ece065bf8d3e076cbbe52b,967a29e4863fe76e5fce5c58582f1209fc406a8f3a26a84daaf810d23d313553,2.0827553482999006,8.482305041687006,-0.24275534829988976,1.2467963666017416,3.8069504831500343,0.5059592776484797,4.433049516849971,3.5196598144368205,4.494690303349851,2.8015973765332096,1.1853096966501546,-1.89606227213196,-1.4800000000000049,1.2326929679657068,-1.4800000000000029,1.9184545985578876,4.845022859474431,4.952854891170792,-7.185022859474428,0.7478157707655202,1.0684907696750883,-2.27941467772326,2.9915092303249144,-4.563142418003166,-6.377383539249426,5.697859007669164,5.697383539249436,1.8391309710630623,-2.2393111629250266,1.1211866779655622,-2.820688837074969,0.4826390298686455,7.2332505167996,4.205421445029009,-1.3532505167995934,-3.6571068441720653,-2.2307198932751255,-1.935915248191232,-4.869280106724878,-0.35529164333075447,11.11574275274957,0.18647172763798547,1.724257247250439,-2.513409694974485,-3.0028558482746974,-0.11917660355410174,3.3028558482747,-2.018860306500996,-4.79728303927462,-4.7209798964450105,3.2972830392746237,-5.546381596803639,-4.454790803324667,-5.252952931334354,2.834790803324661,-0.09211678015322437
134,402000,3000,22e358eaa930d841af1570a901ce9d34081a31b8113fae5dfa17b95af2389b3e,2ff2914ae14d6c668d74dfdcb7c9df2344ad2093d2ed3f815d3fc8323f5fc03f,10.24767770779952,-4.012089180384863,-0.12767770779951654,0.6222060821293386,6.991447117924609,6.757683177203064,-1.371447117924607,-2.3425879015623727,2.83315001682478,-9.091481681545744,-1.7731500168247856,0.16419754601816042,1.781439786550248,-3.892412107400931,7.058560213449758,0.8538899145432477,1.8093806066996767,-1.4807183663471954,-4.809380606699687,0.6094859469767019,-1.2487538820250197,-0.6836416080667403,-1.6512461179749776,3.573042702196533,1.3934752415750133,-0.4109857159277874,1.7065247584249867,5.003307979857264,-3.629543219074807,3.2731358243448323,0.5295432190748008,-3.339548154375152,-1.520526224699857,-2.7769668827757448,1.520526224699854,5.85426809532727,4.718134488724707,-6.6224743147993825,-1.4981344887247072,-0.9385275434543783,-3.1914471179246124,-1.6257175648303066,5.1714471179246075,2.8856615185087464,1.8256733089749004,0.44871866946161665,-0.36567330897489764,-7.8715088487326685,-1.0696437190496206,-2.6990716460646635,7.0696437190496235,3.4314737722165045,2.861277174175133,1.0170413944014047,5.678722825824868,-3.2618440799759347
135,405000,3000,8a65b8e158f44a64179a7e7a8f1748741745492d4d4d21ff5cb5c0ad92911aa6,6a6d5c491fe0e6df5aeb13809068b9ee0ded5b34dd4de5c7622e76993122cfcc,0.06298007307531106,2.39180376177697,6.637019926924687,-5.145995993503054,1.374651915775335,-2.169218633700752,8.485348084224697,-2.444686180106857,-2.8844966347745777,-1.6436786838934805,6.104496634774584,3.08485338129937,8.09229856737469,-0.022510471232035714,1.6077014326253007,-3.5363106875223655,3.6573451516749165,-1.786366697539288,2.0026548483250837,1.1040353354501797,0.13756987645034147,-0.6480286770583389,7.382430123549652,0.28294669764818486,5.745936421324836,-0.904033696111755,2.0340635786751755,-0.6638697735960861,-1.0757043651750509,-6.683218208995077,-2.1042956348249464,0.1805391119857399,2.475379140424818,-2.1488281849941626,-1.4153791404248186,0.6697293717425693,1.6668883707497295,-1.3993928611330373,-4.146888370749725,-2.0740539096681814,0.39193495504995407,-3.665778096585695,-0.5919349550499522,-1.2141132346665875,5.424558747174877,0.3518613748276776,2.8754412528251168,-1.6751697146571107,3.0334752415750095,-4.8392285786452,3.34652475842499,1.109894933596664,5.53023205614979,-0.020390448706582347,0.7897679438502194,-3.1144155518494316
136,408000,3000,8352dd1352fa5ee90a31515eb3dfbb06a00e4cf31a06f195024ca979f92143e2,4c96aea020f2050567d0731278c68602920024572c3c02349a9cecf6ac16e487,9.7724611797498,1.6191663349421166,5.74753882025019,0.5275418275266014,5.900263112349938,6.050220851926692,4.379736887650076,-1.6232152176811336,-4.936756814574767,1.5108991511331853,0.11675681457476661,3.509869478357425,5.196230589874912,2.748023326461632,3.1837694101250964,1.5932255952070147,2.4550539156745814,-5.882401875093577,-6.35505391567458,5.775062612638554,-3.4299068313995473,3.619373890638233,6.229906831399559,7.0736223139044085,0.7868883707497258,-2.7323733922357505,-5.0268883707497265,2.4645761593836104,-3.534202466224498,5.780494758860966,7.154202466224499,-1.5270495547888974,4.720325224750229,5.0157188078919255,9.639674775249764,0.050644250998336235,3.68567330897489,2.4779879262779465,1.494326691025104,-1.202321020867852,-2.701903898849801,3.101695416696792,1.5019038988498024,-2.5517612627442556,4.500425724725038,-3.2224915733464936,5.439574275274955,-1.6761706535167775,3.2351781404751856,1.3102788975588247,7.304821859524803,-3.396052003519974,2.75629270227521,-1.5815063989140465,7.18370729772479,8.853747088673462
137,411000,3000,35bc1e3f6c26fd4c6ad884042548d23d3ca8395358ee9fa69292708c638871fd,f1431110840f52e3fcdedcf7317c8cbde5c4b04415bf64bba3e7847c3a2bda1f,-1.9011145618000167,0.06822304543779006,-2.2588854381999774,4.142866835425828,4.072360679774998,-2.665269430463738,4.0276393202250045,2.6111949109623165,-5.165510696599784,-2.8209868863801306,-0.5144893034002215,-4.792706227891642,-5.011447117924613,-0.5440015383002812,3.3514471179246046,-3.5431712245285225,-4.26459713474939,0.7174438236676665,8.704597134749397,-4.393321563450723,4.278722825824862,-10.118932026262456,1.4612771741751303,-3.3623228054248098,-3.7864626460246833,4.68705953603797,2.9664626460246817,-1.2039405739634594,3.164620859575186,9.294294975151297,7.055379140424812,-5.085870713543296,-2.0843961347997637,5.573323275398413,2.924396134799761,-5.0197676906309425,3.9625927359247695,-1.3441992579658508,-0.8225927359247809,-3.354270167247127,2.1590480505750977,-2.3399674096070946,4.260951949424895,-8.12296451561723,4.0559053651246755,3.8947232922382375,-2.8759053651246775,-5.110883531924497,-0.5335757415498279,3.250434190800935,3.1335757415498273,-2.19697008884333,-3.2657354213751955,4.850329160702237,-7.5142645786248,-0.7875957293190275
138,414000,3000,aa3cfbe64eeb21b063332492e8aa69228da28e5d93435dd46a31e7df0d14db36,c8e71a0469babee8b57b9d2431f8f5dce4c9ed2ba9694c4fa0b477a86c8440f7,1.7578329888002715,5.240542103299676,7.482167011199744,0.45245824508265653,2.766424258450175,5.246401701446169,6.4335757415498325,3.50532012618858,3.7684286572747863,5.4775850644302535,-0.7484286572747847,5.17281952729173,3.2302320561497813,-1.5739542301661946,-1.5102320561497788,1.866190794463948,6.5549534156997735,-1.0764750426194745,1.7250465843002272,3.6982700662089845,-8.712987404449667,1.1533693404708867,-1.6470125955503303,-2.5467114411455674,-2.9562927022752046,5.45133501757717,-7.383707297724791,-0.9944579056636076,0.8885912696499041,1.9416567015316146,-1.1685912696499,-4.162447507584618,3.5340014662748724,-1.1288569915195177,0.8059985337251282,-1.0656837676804098,-1.011470842750397,0.7614638272720637,-9.508529157249573,6.253652759768187,-3.2782349886995203,5.91682270493044,6.91823498869953,-0.8119169159585371,-1.5790864381496095,0.2788978149091801,6.7390864381496085,-4.8746503473417375,2.890456780925197,-3.209389113570124,7.049543219074805,-8.502577345587483,-5.258033988749896,5.884330735307157,-3.021966011250102,-0.6742787239114152
139,417000,3000,7262f81073fe947b62a07a8420dc43c2391fb0258d341da39b397730480810a5,c5b8d64c9a5fb3a0092a711f217dc6d3e1fde8c08ad9ea6f1ff96b99e19c1754,-0.5430184606498188,1.9925372421421668,3.3030184606498203,5.96303574856604,-0.1274767078498872,5.427013830937666,2.287476707849884,-2.060951449891819,-0.35537914042481406,-5.012597846506814,3.5353791404248245,-3.203102063499568,-6.338459713474935,8.039828294995601,-5.041540286525064,2.8133895903319517,2.142917960675005,-1.3704493048189255,2.277082039324988,-9.521547600202467,6.027476707849892,-0.17013016167040854,3.61252329215012,0.10514622242383029,-5.7004641122995485,11.173706374197714,3.7804641122995526,-2.7677221434265236,-1.381277174175131,4.213209903389055,-4.198722825824866,4.4965389256609765,1.6216407864998734,-2.779205050107288,-1.0616407864998714,-2.1382280723669664,2.343018460649823,-0.14368895250547148,-1.503018460649821,1.5935349023249814,6.145247584249854,-0.5449294596541905,3.0147524157501535,-12.218308061429818,0.739311162925027,0.24752492895165487,1.320688837074972,-0.7407640714474975,4.138722825824873,7.760120703538621,1.3212771741751361,6.583504132793668,2.2125854045504187,5.260122775458482,11.067414595449575,2.4623379920520705
140,420000,3000,d03621412e262e096b0b959436e0488e1594af6237ee43b2acdf67d691d88d66,080cfcc12954fa492620cb25cd002cd9d122133827091f670145e57f80a0120c,-0.3685912696499026,-4.474264744041153,1.688591269649902,-7.391681473131151,-4.900688837074978,-2.6345881762479126,-4.319311162925032,4.943373862209352,-3.812724292099738,0.46760770987870265,1.7327242920997457,0.6044361253780186,0.6760295899252808,3.4501265230213805,6.623970410074722,-3.9661854438672366,-0.38308057305012405,-5.487757725133384,-2.976919426949872,3.180018105331937,5.310820393249933,2.971345213579888,3.9691796067500658,7.356569011552593,-0.22557280900007848,-0.3402603233408168,-2.0144271909999194,0.21029244484765458,5.012360679774984,-3.863850875710547,4.967639320225006,2.7641737301173426,3.1659985337251286,3.1121043670121176,5.894001466274876,4.236603168674638,-3.147515095424394,5.39140089992928,9.687515095424397,1.2291445546565227,6.791284505549488,-1.691820587742658,-4.031284505549491,-0.8353101812441257,-5.559612662849462,-0.09123398609965994,5.799612662849455,-5.892001048861106,-4.9441330224498286,1.7063514383027618,-1.4558669775501636,0.896863851987635,1.4223296235748448,4.66161926573271,-1.8423296235748488,-6.266682202038782
141,423000,3000,03d2f6ec0bed986521424bb9fc46e7180eeca8885cd654ba9f8a7a4061966a8f,7c586de9bbf64f4b1bd05949ff1d326c9188360b973a7e2fc484776020306310,-1.3552786404500046,3.391311489039259,-1.4447213595499973,2.253665100300025,1.961114561800013,-0.26398463972533504,2.3188854381999846,-4.421573488023136,-1.0204257247250499,1.8820318910016849,-1.959574275274954,0.9528672317026322,-4.840526224699861,-4.6427753526159465,-1.7994737753001484,-5.077463640947301,0.7314087303500936,1.1600387151651734,2.7885912696499067,1.610686244840362,3.0649844718999253,3.423612296350688,1.455015528100076,6.794915661307086,3.698196601125012,3.839647833877146,3.92180339887499,3.739933757675737,-0.1268883707497257,3.6582989453436108,5.686888370749708,-4.047820256199363,-4.345084971874743,-3.215631036340336,1.2450849718747339,-2.197661720585032,7.427376207875069,1.2630649150635533,8.99262379212493,1.3589212708378224,3.4348529157249588,-4.935894710967265,2.585147084275042,2.6273453146180334,-2.6746903033498404,5.6116748431681955,0.6346903033498427,-2.1045440015721386,-5.007577207824709,-2.937115546054891,1.3875772078246986,2.285465438181613,2.1141640786499787,1.889010572813932,1.8458359213500137,8.001977196655641
142,426000,3000,46a3cbaa4a8e81a33a668a509a6ce11cb11b292bcbecaed8aecf2fab797653d4,77202c422beacd7bb647d2a51804f1fadef99cd955ac15a15ef7732ddac84302,-2.2443961347997625,2.299686981623751,2.7643961347997648,0.10695693783129631,6.54003838757453,11.058387491070754,-3.8800383875745093,5.414985327526742,-3.0829179606750086,-0.23723412344242872,-3.2170820393249824,-0.041472529154879936,0.4833436854000539,3.694030021158103,1.5566563145999504,0.2326847712735847,-3.9795742752749583,-2.590995624567596,-3.040425724725037,5.128034874439863,5.738033988749888,-2.1248893229783934,3.5019660112501088,11.094000422079155,-1.7595742752749597,-2.494138329933657,-0.820425724725046,-1.0683042596356833,3.053374741600203,-0.20019280165029385,7.346625258399794,3.556391829110979,5.947577207824704,-1.0648739911326073,-0.4475772078247006,2.233392796399527,2.7902941685500786,-3.6845489921966794,4.489705831449917,-2.1194571767559798,5.427275707900269,-5.223390760784313,10.972724292099741,-1.7561859127532993,-1.291834455075138,3.6143970865453157,-4.288165544924865,-7.12419354739697,-0.23862232585006266,-4.484746711862255,-1.4013776741499422,-1.930556119474582,0.47691942694987993,-4.586653828094863,-2.1169194269498797,2.317456938375071
143,429000,3000,e072b7094bd4d89e886f9d38d31a904f1335f2512daab56a40470a116dc17656,73babbb4f55e0e467f134cfdc5d4a8908a3b76a3d2335d08b87e2b0f32e65e9b,-2.6806888370749746,-0.6969803574553085,-2.0993111629250296,-4.741752669775328,8.304496634774575,1.8119981301564243,-0.6844966347745758,-0.7201824604290419,4.560688837074972,-0.7926455509177149,3.9793111629250197,-6.798655236928144,2.181602398925363,0.90341508187582,9.918397601074634,-5.119554784338129,-4.150332556124589,5.071913349918783,4.570332556124596,-4.803924954754773,-2.6451470842750404,0.7433845634027703,-3.4948529157249557,-1.117756409462483,-6.6261374212744535,1.5783124200231764,5.046137421274448,6.548200508903243,6.214264578624802,8.239829934334008,1.9657354213752005,3.935886514275143,-1.653150016824788,-7.974844355749023,2.953150016824779,-3.088665974426188,5.5874145954495855,-0.26236508662973745,-3.267414595449587,-2.2125018782631103,3.782855848274701,-0.7998884125475996,-2.5228558482747028,3.080613336248498,-3.96652475842499,-4.040841574387108,-3.6534752415750167,3.390811019609427,-0.3918344550751375,2.686469655718123,-3.3881655449248624,1.6077564457671194,-1.2157043651750534,-2.174459617611297,-2.244295634824951,0.285876496721434
144,432000,3000,558afcc807a45fe7ae86dffb168efa11e782299ea7776040d41b6ada8e3cc2ed,0303843fcf0a61a20966202057d270754051b0dfb575dfe7f86e76c1b6f9c978,3.689543219074803,-8.865038833042355,-0.46954321907480395,2.7750831498625166,3.9151160280748822,0.7167521919259668,1.5448839719251088,2.0727436636905456,-0.8314087303500943,-1.2578969486587726,-2.888591269649895,8.160005837409368,-2.8279024325749296,-2.216623778507882,-1.3520975674250646,6.989175847305145,-1.363343685400053,-3.9947466755576113,-2.4366563145999542,-5.360410338595487,-1.5635446853496786,-6.325306073709052,5.32354468534967,-3.1206574746196334,0.5952786404500003,-1.0686135667536518,0.6847213595499928,-0.3975739490334439,-1.7283281572999758,-3.0954534939265685,-1.1916718427000266,-3.753154362258205,-0.5409519494249064,-9.286433499285476,1.5609519494249144,0.9900266983008617,2.634752415750148,-1.9858678674478754,5.765247584249848,-1.8056380625801054,2.9755417527999306,-3.1487182368801925,1.5444582472000692,2.62784578404787,-6.0843961347997695,2.222601521460473,-1.0756038652002347,3.634287065822068,3.6308203932499383,-0.6490296159180127,2.2891796067500603,3.857299645822358,2.747739820199821,-1.6920117500545264,-1.1877398201998128,3.843578571810058
145,435000,3000,fa34b608bf044716724b126008e3f7ff1affc429218ee6f780d64c0077eff406,f5e5f357a6b60b4d1b47f7dbcd23fb70d834fbfa3cc48081c0fb63a51b64e3a8,-1.8377087639996625,1.0980575924975966,5.317708763999666,-8.837096215587927,2.0231426854504297,0.19171271154853664,11.056857314549573,-5.243972371802765,-0.9804641122995524,3.3820216223897095,8.500464112299548,-0.538451247271771,-0.450332556124591,1.640439577702276,8.270332556124607,-7.502996600819445,1.529016994374945,-2.284846823945674,0.4109830056250517,2.8463090118793084,0.030456780925197463,1.1546795864485173,4.189543219074805,-3.229352110352652,2.510394668524894,0.18335076625287933,0.22960533147510648,0.6390481175267516,3.5391485505499145,1.520880649524441,1.6608514494500897,-0.16407940121205966,-2.7339393538745713,3.2002904092324345,6.433939353874568,1.0315722449615106,6.755905365124679,3.0729430226945373,-0.1759053651246757,0.2168436747358342,3.6050849718747315,-0.293546810275391,-1.98508497187474,-2.7575043554230607,0.1056733089748974,0.03461199214872786,-2.0856733089749024,0.28425694362582654,-1.1744655785744291,-1.9032321162560768,11.034465578574418,-5.1718185884320675,-1.5926237921249273,-2.0822246926519727,-0.02737620787507547,2.6035245974083643
146,438000,3000,adfe95c86ce0b7422b6c60b63721321d699f9d309ef0b0e8fdaabeb5c655a8b3,aa26577dfdc0edd6d7022902800f7f9d750122575211a44ee9e88f6b4d6be68d,-7.475680640349244,3.254483073539944,8.355680640349265,3.3257089355567295,-3.7458359213500163,0.9497462703175137,-4.014164078649989,1.2704259214995515,0.0033436854000506756,-2.4952574135994263,1.0766563145999488,-5.064552343482797,4.998722825824856,2.3139085250658895,2.1812771741751336,-2.723201670392291,-0.10334368540005026,2.7099810658098202,-1.176656314599948,1.5697141851153145,-3.5999999999999894,-0.5985765272315363,-3.599999999999998,3.5204695909846295,4.545998533725126,-8.330445306197738,7.274001466274875,-4.04446300520205,1.8660990336999417,2.9287536007592427,0.6139009663000623,3.59755505114791,-2.9536762415246423,6.62409386789498,4.69367624152464,3.147599153214409,-7.928467044849293,6.869189467203241,7.008467044849295,-0.9067723328731315,4.5594116628998345,-5.24802125454179,1.1605883371001586,-5.714391735948609,2.2766563145999497,4.564643826292672,1.203343685400044,-7.6409440999845275,3.734326691025101,3.739933757675733,5.925673308974891,-3.839647833877151,-0.521903898849807,-5.2603139377703405,3.6819038988498103,2.216550761002123
147,441000,3000,458658fbf41b2aa72a460d194480e135da43bff26f4bb10f8b3022f684dde4bc,2cd393f77abfa4ddcfff9f2e57820d3f44aa73d33d9d57b6d79285caed726416,0.5477398201998122,0.5037211103169352,-3.3877398201998172,-4.472836353257411,3.1284286572747892,-2.204331095279309,-1.3884286572747848,-0.9417666496455914,4.173838853899754,0.08999675762778048,-1.0138388538997587,-5.674848067007305,-0.30462085957518026,3.555081583133358,-4.19537914042482,0.882833470857365,-6.6105572809000135,5.978185213362082,-6.7894427190999975,3.8524409865355556,1.101903898849801,-5.198760267026841,-3.10190389884981,2.2020199104420106,1.438722825824871,7.483415928660644,-1.37872282582487,-0.3694401692671312,-1.1650849718747367,2.354689422479072,4.425084971874738,3.505629433306548,-0.7439704100747235,-8.606722629151651,5.203970410074716,-0.5350939962744621,0.9088543819998334,-0.26479441627314304,-2.6688543819998327,-5.526109292903142,2.9071130955251454,0.0772036049693808,5.992886904474853,4.043270904030512,2.1539009663000597,-1.4104934431900693,3.406099033699947,-2.3963531139458185,3.7801004999748122,1.430765747090559,-0.20010049997481252,-2.0598323662260447,-1.2705572809000107,-3.6461974244269126,-1.449442719099996,0.7957665123028237
148,444000,3000,d5a81320b581b0182db3cd95cf5326a4ac7f604f0c70b91a6acc2792943eb3be,b8ca669fb4e541c58434c98179d224c3fae41186700053c308bc6708593c7200,-3.5426932358995926,-4.132384867604726,5.222693235899587,-5.392902308218784,-0.4889548819746454,-1.9877967276614474,7.068954881974647,-6.906421951307233,3.1204878371253493,3.837409666545603,10.499512162874657,-4.252562410018499,4.436818926975061,-4.005346788184809,5.823181073024927,-7.469886016960202,-2.8809519494249094,-3.7827165328082555,-0.7790480505750981,4.759522626526649,2.3466252583997997,2.643377573467638,-1.946625258399802,-0.3640810405504867,-2.7721359549995817,2.086155430584893,6.17213595499959,-4.651446605029566,-4.226787870774912,0.15690955708794216,-2.3932121292250823,-0.8493405623744023,2.1222291236000315,-3.8685913901912445,2.8377708763999685,3.707559932858544,-1.5163932022500255,-4.0070393587861775,-1.9636067977499785,2.570532158355238,2.4797752752245845,-4.22388303352202,-6.419775275224589,5.643475181049782,1.3024922359499582,-5.627015470276095,0.4975077640500401,0.9384545259486226,-0.7626932358995872,-3.2819252215645554,8.00269323589959,-1.2397446672837267,-3.866300033649572,-1.2415553826911943,5.346300033649563,5.751742364858712
149,447000,3000,a793ae6747e000b16ef761cf26c626d02ead58e6b7c41c73f36ac3a8483c1e64,38ad7ec318fa319103ba6f5270a7829cbe0bc3a0791388336c3316b5dc72cfd1,-0.22954321907480518,1.3785019429966092,3.929543219074806,0.7468148319058507,3.6209519494249065,8.387758931890351,1.5190480505750987,3.1861418832960506,-4.668753882025016,8.398049737399601,-5.071246117974976,2.403905282693674,-7.939775275224583,1.153487485276989,0.9597752752245818,5.023889590875718,0.6167568145747602,-5.245282617780405,-4.43675681457476,0.4909279576585427,2.850069443774662,-1.3254283623548695,-4.35006944377466,-2.448926225157731,1.843932022500208,-3.459725696788919,6.31606797749979,-1.717643182671665,-3.881478174124758,-3.8313589060872513,1.261478174124754,2.626535538070228,7.387050983124851,1.3427708671821112,4.032949016875159,-3.5336901955670923,-3.1150539156745847,-1.5280504936485602,5.695053915674594,-2.2061418106867876,2.2837072977247956,-7.836396387154095,-2.14370729772479,-1.9516381999228807,-1.2060990336999413,0.5354033033924256,0.04609903369993642,-5.71501035018455,9.32587430892453,4.47838664428593,-0.8258743089245298,0.664870712455753,4.887050983124837,-4.192009678134667,1.53294901687516,-0.27758756893154213
150,450000,3000,a7461502fe94f97fc5dbd62955a049d185e26983bd2f2476769730510df970d3,1c9126ff76add89c15f278b1f5a8d0818b01d2c4159446c544ac2361911a8955,0.5920975674250666,-5.492307077302231,2.067902432574932,-0.5554844449810482,5.973413129174714,-2.2464952561759013,-0.1534131291747131,5.76153270093811,0.1406888370749811,3.249742559059239,-0.44068883707496964,4.269095138297947,1.9159674775249762,1.1896008857152183,1.424032522475023,-0.05338288775971811,5.2671130955251435,-3.5768552953233446,8.352886904474861,8.93488143157577,-1.271021393199561,-0.6460267993390085,8.031021393199554,-6.865759198700159,-1.1666873708001024,-3.8865525092544337,-3.3133126291998956,3.9067517956491646,2.161215061774827,3.649937000047947,-1.461215061774827,1.8352002331301556,1.7912461179749812,-0.09030606474575223,1.38875388202502,2.783135788040204,-0.8454723090252695,0.7006017882702545,-6.614527690974727,-0.19788161681298397,-2.00127717417513,5.034990172932748,-4.818722825824877,-0.8311882809993496,5.971284505549477,-0.34430920607983106,-4.851284505549478,-5.312386579552419,-1.0396363876752575,3.135306469985848,-6.540363612324734,1.3068486290557448,1.0760679774997897,-2.7906879567880565,-3.3960679774997864,6.897250229463789
151,453000,3000,4e69d87913427bc83f4b09b41f703d5fee09ea84604428a63e17d85fa325bc64,241b7abf3466f2ba7fdbb66f070fbec5557db6e638ab44820a1e355dccdf06af,3.079311162925027,-3.7661838045288096,3.6606888370749724,-2.3276295990781946,1.1770436517504863,-1.8885831208898685,11.462956348249529,2.460336114332728,-1.0254101966249665,2.9772778292321416,-0.35458980337503015,-1.8400588924169659,2.8308203932499363,-9.80723293461202,1.4891796067500636,-5.482899065846547,-8.088002932549745,-2.008069031561934,-2.631997067450264,-2.450236471135362,-2.2172830392746263,0.8033186810506756,5.8772830392746185,-3.3413588697826264,-5.84721359549996,2.943475613631216,-4.9527864045000465,-1.0197800311627758,3.2110835055998637,1.8464189599932843,0.3489164944001319,4.242963236250974,3.0376082640248563,-0.6927403124044322,-0.13760826402485193,-3.8979623984294447,7.883970410074738,7.84506763956772,1.936029589925279,-1.039670010439536,1.7784597134749376,-2.7308719839462605,0.48154028652505787,-2.896953262877651,-7.694202466224495,1.4622567778541824,2.9942024662244955,1.3768823899010105,-0.28111456180001715,-0.00828892778988996,-0.6388854381999853,-6.366469295745956,-1.3157043651750504,-5.364341076528402,-2.344295634824946,6.042668683178828
152,456000,3000,4f9e259d3e935c99d8b33d31b399df22954b22dbe2254424c61f99d586e86409,2cf9373957fd8a4f6086b88324f988821cb798f401132f01b9f0523a180eaa69,-8.075317028024527,-1.7258139656554414,2.255317028024519,4.663857433064248,2.386362146049872,-3.26758553331632,-0.38636214604986835,3.5006977565139636,1.7927242920997448,3.612704515943942,-3.7527242920997357,2.916224627918466,2.8945898033750375,-1.7262414175795198,3.565410196624963,-5.798455877924152,8.397546151624537,-1.6555890424983204,-1.2175461516245456,1.6580183721417279,-4.613939353874575,-1.0529636325277678,4.553939353874574,3.660227805557178,-0.18216701119972592,3.44800650049594,5.542167011199726,-4.388080579540179,-6.228954881974655,1.1801198567537892,1.328954881974646,1.8333895177226789,-1.2112461179749807,-0.8878832924560367,-0.8087538820250215,1.6067555069074526,-4.593776741499454,2.3059289043939684,7.033776741499456,-6.197958687171168,2.011710230274537,1.8360100096779528,-7.871710230274549,-2.5454011951679347,-2.2669504831500307,1.4397463066221512,-2.8930495168499712,-2.159428297621354,2.0212150617748317,2.8053369521542613,-1.6012150617748335,0.7349044733010149,2.2295048315003014,1.5945358411846433,8.490495168499704,-3.4306639956687057
153,459000,3000,410190cd210a5de13a29cc2755be85bd90427c4961ab345cd546ded7620e9c59,290e2ee81447c4557bd6a8daed68c53cb2cea38cb953cf6162480d8234e9e105,-0.4582971010998259,-2.558621799750401,3.2982971010998225,-2.5802043496285347,-4.805673308974899,-6.647295970868718,-2.614326691025099,-0.217844613595505,-7.123807797699593,-1.35842080140799,1.2838077976996034,-0.5241115590235221,1.5191485505499103,2.109784985482686,-0.3591485505499051,2.88111216633991,0.5945898033750328,0.7367151887084915,1.2654101966249682,-5.275154095448419,0.7608514494500884,5.189088075753543,2.6391485505499137,4.3636412480945745,10.825974808899348,0.6524598844210848,-3.3059748088993395,-4.118045179356489,-0.7587228258248631,3.2582226491609956,2.058722825824873,5.9566756809897115,4.048002932549744,2.450855085371304,-1.4080029325497396,3.7753555263722682,2.325309696650157,1.6895824204111118,5.634690303349839,-7.157185986450102,-0.3687538820250236,3.040642215383115,-0.7712461179749814,-4.3244068862712375,11.121578674099586,-1.9935381810018313,1.9984213259004298,-2.3886828003918685,-0.49416407864999246,-2.5893030539662214,-0.22583592135001485,-4.912383300875572,3.602592735924776,0.2836383293898891,-1.182592735924775,-5.818036550082925
154,462000,3000,125c4efd525569050cc6c383ccc75a1d3c40475ad73ff43bdf1b5af8cda9c678,6daea0ab6f87e6951bcc2a67138c0132a533ed48d70eea1a5e217fa8c96d267c,0.6640325224750191,-4.960334042412871,1.1559674775249715,-6.00974926163147,-2.736981539350178,1.3594217402676623,-6.583018460649823,-3.05024138915064,6.036594202199655,6.021777765042394,-1.476594202199646,4.037101998766067,5.088529157249597,-3.289404372806646,-3.408529157249602,-6.50167815814967,3.9722601798001835,-2.5553826935591997,7.907739820199821,1.837938869891525,2.2867878707749143,7.345586574301679,0.4532121292250879,4.2769566141637645,2.099736887650071,1.3770005347071095,3.620263112349935,6.108344254167113,-3.6096437190496165,3.200790878662264,4.529643719049614,-0.7556042291255785,2.9843961347997645,3.7761653029200666,-2.0243961347997623,-1.346319280491291,-6.5209519494249015,-0.13289767756640214,-4.419048050575102,-0.9758781723644866,2.806199533674755,-5.935093131111597,-2.4261995336747586,-1.8806035002179413,0.9915713427252143,-0.07882315806498626,5.508428657274783,-6.2523425137905395,-0.3794116628998423,1.8482296754007574,3.0194116628998366,1.7731460929568166,6.979249050524736,0.9944579056636089,1.1207509494752788,5.451335017577172
155,465000,3000,e342e32cc2d8367338d2dfc01f64ea435855f9454fb1e0d4596357b10e885b56,29a59b323848bbf88b0920e2eee05e7f56e354076fbfcda3c94c60187c0a2ca5,-3.0499689437998465,-0.4718477549295831,0.16996894379984723,-1.448226396723909,2.4443961347997663,-5.6363053369256555,-2.5643961347997655,-1.8536618216231728,7.693250516799592,4.244773951658433,-0.8932505167995992,-4.316236103287431,-0.28052622469986166,-9.008036153806147,2.7605262246998583,-2.0974471749537815,-0.4259985337251367,-7.708048061756532,-3.154001466274874,-4.711262577871382,7.519674775249773,5.876851584065055,2.6003252247502213,-5.936212214777368,2.651934955049961,4.53720167826805,1.668065044950047,-5.554979831711496,-0.8189859381747873,11.027087622618984,3.5189859381747945,-2.7006181816545043,3.9920354550247668,0.4029330777500902,-0.9720354550247696,3.771424788439361,4.506462646024685,7.140726275676418,-2.2464626460246855,-3.472755139059523,7.553513629149533,-1.2908163702061368,-2.5535136291495166,-2.164669281531903,-0.7633436854000456,7.340227445585022,-1.8366563145999522,-0.5630817410292389,8.815742752749559,6.144457654605339,-0.5757427527495564,-6.454273013342531,10.263645185324494,11.657964957161976,-0.603645185324489,-1.6798372116320486
156,468000,3000,ce2703396113b8f5720e1180998c1cca7d2ca65400173eefa2e820fbe5afca8e,c66b5229d3a3b2247bb3c7eb67c22467aa34bcab5aaf353b6bee1788061a01ac,-0.6388854381999813,-0.7087725712540408,-0.2811145618000196,1.4020133530883117,-6.764070910049535,-4.779794930427132,3.1640709100495257,0.6734689473636122,-3.151246117974981,7.861409205535301,-2.7487538820250177,-3.4479334829901855,-0.5637072977247859,7.086033141939067,3.863707297724791,-3.979715355567676,-2.1623296235748444,1.7211915959808333,1.1023296235748514,3.8501298016982393,1.2615402865250553,-3.9080620416268057,2.5584597134749405,-3.20391184004737,-1.5473762078750717,-0.7304732659382696,-3.112623792124931,-1.02976152955404,5.385510696599781,5.221580045376834,0.7344893034002168,4.226003056047458,6.439512162874657,-5.971015369237961,-0.9395121628746482,-1.482219774636701,6.091872842649653,-3.670018141636576,-1.3318728426496498,-2.057903506012473,6.804759747124503,1.5455841607876764,-3.7047597471245055,-8.455363363092228,0.9849844718999285,-0.015531789419777484,-0.6249844718999201,3.512799277430668,8.479411662899851,2.0217901055742367,5.080588337100158,1.407254336998855,-0.7908203932499375,1.0199711934746452,0.5508203932499354,-1.735413139422971
157,471000,3000,233ed11d05f9d4721d54a548460f1a7e492b43ed731a38cdab15e568d4315e3f,341cab975530b749cf7933bbf5cef9909827c11ce5be48d2fdb1dc6c05cc2b73,-0.5355417527999329,4.258303863358877,0.8955417527999366,-0.6803294843697634,-1.1092179943245757,-1.8852709971928894,7.969217994324573,-5.371010451222697,8.903482572949372,-0.5324004868134216,-4.423482572949372,-5.00804849433797,4.1209519494249,3.2559844818294574,2.0190480505750985,-2.0358204867045195,0.22626164607505503,-2.417244032082242,1.4337383539249466,0.08325436542773436,3.482654848325079,-1.5863650582008604,5.137345151674926,2.226532259393376,7.817507764050041,-0.8470293775371006,8.622492235949947,-4.41390317446919,-2.910394668524894,-2.973656398417195,-0.6296053314751072,-3.099575394171345,-2.2872135954999555,-3.3741601465238875,-1.3927864045000435,-3.557392767970655,6.728691769624716,2.1473997942104206,0.691308230375281,-7.557689734556784,4.877345151674929,2.224102929749966,3.2226548483250768,-1.7272423564391823,0.5753791404248182,2.2979492837220423,-3.3153791404248216,-9.672715703950011,5.180588337100173,4.041960658052872,8.579411662899851,0.605437064237691,-1.149968943799842,9.481694624143179,2.069968943799848,1.075856428383532
158,474000,3000,894beafa883b7d37d7db664602695d97caeeebd0a8ee693c09129a9d8354b608,7ace131ad61f36bdfd2f9f828bdc1f7f317bce2aa44b7ebaa07965167550e5ef,1.8479024325749296,-1.5574945193925127,0.37209756742507,7.028528353934581,-0.09931116292502933,-3.00190832298961,-0.6806888370749739,-2.1181469307783383,-1.6231810730249339,0.16962969224057378,-0.23681892697506474,1.6820302516632593,-5.7952165280497026,-0.7281620811009608,0.5552165280496985,-5.286755146935284,-2.224396134799764,0.08980559531591564,2.7843961347997643,-0.9959593139531133,0.8976703764251504,-3.643076463041795,4.1623296235748475,-2.356691300198413,-3.779674775249767,-0.8197783918243517,1.1396747752497665,-1.8209786896880176,5.189016994374951,2.46426685226564,4.070983005625054,-0.1593388867313447,4.424458247200061,3.5412423643149404,5.855541752799935,-5.644785427027426,-1.4120975674250735,-2.517340432907392,-2.8879024325749283,1.8614502799832289,1.9244582472000644,1.8802941930999777,3.3555417527999274,-8.82680541007871,4.145510696599778,4.248822834397446,-0.5055106965997778,1.2064429211126328,1.154852915724958,-3.060222887541905,0.30514708427504056,2.3145271393018265,3.5560679774997896,-1.3911039333431414,-0.9160679774997905,4.2924153860777725
159,477000,3000,f0f8e153979944a912a8e901fc3b76c3d314d3991af4f26ad89980d1b78a2483,cd9c25f96810f5b1976f13721a08308454a5ada0ab4fa241630f749766b08273,1.5833436854000504,-0.16427056352392133,2.65665631459995,3.1580081035297436,0.2511456180001691,6.184428775470715,3.828854381999826,-1.329977714523712,1.80468297197549,-4.5510408970864695,12.135317028024515,-0.9726390661732793,-0.4536762415246449,2.883423351177215,7.193676241524634,-6.366778602863934,-1.474690303349846,-2.4964495147709607,1.8346903033498427,3.188689357745566,1.0869504831500305,4.630246379775189,1.7130495168499713,-2.1327959261445484,-0.474690303349844,7.495444432071574,2.8346903033498485,8.627995871911816,4.11400146627487,2.6618391619606547,1.3859985337251235,-2.3504493774281916,1.69957427527496,4.5296495095202065,0.7604257247250404,1.4325764624980277,-5.145510696599782,-2.0746725239041224,-0.49448930340022,-4.384031696801172,6.663707297724802,-1.9538763672544204,2.2362927022752106,-0.15609978054013568,-2.246199533674762,-0.9552965613460309,2.986199533674749,-1.4315755236383616,7.188954881974654,-2.367791882255447,-0.36895488197464077,3.3207772587641626,1.1671130955251416,-5.2916868237278685,4.2528869044748605,6.350437036896352
160,480000,3000,8a0d78124bdbdb2a27d1b883e96d42c7a1921390b20c4ff9665f822f03009dad,42131dd13c97945679ce9a08a4890934585f9219aca56b03b5c5a62ce77b8111,-3.512461179749807,-0.08818604222031334,0.5124611797498136,3.205030923713143,2.480951949424897,-2.0154300379979206,0.37904805057509955,-0.14156892998002835,0.5830805730501232,1.6508485280176097,3.1769194269498744,-0.7146321694005291,5.673513629149523,6.366660458057833,-4.433513629149526,-4.687177680844085,-3.841640786499874,-3.710371587125683,-1.1583592135001275,2.1755787012770718,2.3438699100999125,1.975577061938644,0.3761300899000933,2.5878746631824927,5.751609730299728,-1.924314196704372,-0.15160973029972355,-1.8201689131402123,-2.6066252583997986,4.017330164295419,1.6866252583997998,-3.3527687589576227,3.1629179606750015,-0.8485307858266006,3.297082039324995,0.9476262477920756,3.6398995000251877,-0.336711910031638,7.6201004999748125,7.520147943334802,5.171834455075138,-4.1159251568310475,8.16816554492486,-0.23056474874814417,7.05187284264966,-4.485365326098183,-0.3718728426496563,-7.713980677408787,0.8926237921249276,-1.0876937694825999,-0.6726237921249296,-4.194630170089949,1.9192490505247262,4.733891193909503,-3.9392490505247237,3.3988636577871225
161,483000,3000,becf65df4fec923c2f626d107d913758bb013add3b779744cb38fcbcc3637352,8378340e075734353382c6c46b2db47d0e5e4b0947fee920403d5c36d4dd54cf,4.883807797699605,9.102081794172925,-3.5238077976996065,1.9452781323465627,7.904032522475011,1.2220928553385053,8.395967477524987,-0.19102107980683747,-2.99777087639997,-1.768906047905934,-2.2822291236000343,2.6920199467466555,-10.965486971773995,-2.57122379009694,10.54548697177399,2.4590258683550927,-1.6294427190999936,-3.2268046359031297,-1.4505572809000051,9.72952886021282,-2.169117494349763,-1.9935381810018267,2.9291174943497666,-2.38868280039187,2.650193668575262,-7.419432928273731,8.329806331424733,3.6685167333470656,-3.3113466179497983,5.280704386476935,1.0713466179497912,0.8978647908473044,0.5057354213752041,5.394021391884554,4.754264578624804,-0.13613678375761695,3.4736378539501285,-4.069020481453751,6.246362146049873,-7.877250302073046,1.5307198932751236,-0.44409629978700477,4.169280106724878,-0.64247838602983,-2.715642252774743,3.002909261849281,2.6956422527747432,-1.4562060173958316,6.474101966249689,3.673830734763377,-0.23410196624968885,-7.560619533630016,5.348854381999829,-3.4173252462801345,1.7711456180001757,6.7202595307872155
162,486000,3000,0a3a158f135792584cff4df505850e12f2a6c6f0f7407ac5bb70420266377c56,ac404702b46ee90124ff9a64aefdb20397944d5e10f808dd83dbc701cacb779a,5.019186938124425,5.807936906885568,-7.279186938124419,-3.6130138230619018,7.689705831449926,4.58222262073211,5.990294168550081,1.5176415433332329,2.0508203932499374,7.677676114658687,0.7091796067500699,5.270795905591435,-1.442004398824614,-2.919964203539514,6.742004398824623,0.981737770510968,-1.2647213595499922,1.559232217294219,-1.1752786404499982,2.751144287846742,1.3039320225002093,4.642966514927825,5.776067977499791,0.39857488789310613,-1.2245587471748802,3.2071509462385843,1.3245587471748799,0.5100811778932571,2.9280650449500483,3.8470088403131264,3.911934955049954,1.4312662165203904,-6.683807797699599,-1.7404629610216518,1.7238077976996036,-2.968297269700549,6.59695781452438,-2.5050477496788273,-6.416957814524396,-6.0694922169675,3.6193495504995283,-4.982844513644904,-6.219349550499557,-9.546059949153818,1.0298684438250336,3.887052978684276,1.7901315561749587,-5.693928269736256,4.842229123600032,-2.67344021344753,5.557770876399965,3.815326647237645,-2.222855848274695,-1.5036111622029602,4.08285584827471,6.4309527655627035
163,489000,3000,97f866fa00d20e667d727cfdd8a4e17f97eac00e514acaba75473bd23b233d98,34741c3b0ac6a7325498cbba29594ec52f281cae2a20344c805d665ce27613ac,1.755804865149853,-5.370509981792855,-1.1958048651498592,0.09809452310580934,1.57688103937537,-9.865856806282288,9.403118960624637,-3.9419372747334998,-7.339612662849465,3.483546413998582,4.019612662849475,4.571313200986951,-0.7873140954747733,-1.3556821646466155,4.087314095474767,5.681208134583616,-1.7723990673495085,-0.8030093739327037,8.692399067349522,6.233071148749717,-3.105348084224658,2.334490136084348,4.005348084224659,-4.2876748715970665,-0.36721359549995947,-4.041960658052877,0.5272135954999606,-0.6054370642376915,3.945309696650157,-1.1355993837195728,7.254690303349849,7.026408331409135,1.7824922359499566,-1.2669956529964683,0.9775077640500373,0.6890007367833888,-3.8020665112249215,-3.805727473470119,-2.0579334887750838,3.0103884130913663,-1.1022675111745435,-2.484657300972233,8.602267511174537,-2.9550766651180824,1.8272135954999618,1.2492256962451538,0.9327864045000374,-5.168697627046946,-1.5477398201998103,4.995946973421271,2.3877398201998195,2.719653257083122,-1.43049516849971,-6.549319592569006,4.8304951684997,-2.4179356638239495
164,492000,3000,76cce113d8e7382485d35aa5020e9a688dac4228242da3f19f5b275e6815a622,ce39ae0225162d2726449bb8d3995bf2a1e43010ef61a1c3de34e209ed3593bc,5.220363612324741,2.1258172443322945,-0.2803636123247424,-2.4188635851778506,2.7546903033498444,4.137007237279339,-0.5546903033498463,-3.1210849265437055,-4.7868883707497245,-1.6984899624369374,1.0268883707497247,-4.992707867230067,-3.1217412864746885,0.0977852159878449,3.5417412864746884,2.4787977028257466,6.356594202199652,-5.882328857587815,-1.1565942021996523,-6.4744271724369495,3.2880650449500393,-3.963255644793996,4.271934955049951,-1.9236955824684365,-5.213676241524647,0.27658663007187345,2.433676241524645,-0.6176567299604887,2.0365558146251397,3.122586334833218,4.9434441853748625,-1.224522184981917,-0.8944271909999165,-6.083522598097764,0.8944271909999141,0.6563176048482302,1.2924611797498113,1.1610396540248404,-2.7324611797498135,-1.9636667033338047,4.329280106724878,-2.6745592971132957,1.690719893275126,-0.18092143660947246,-0.95770876399966,-2.5067403202801852,6.197708763999673,3.97092595834794,5.729868443825031,5.488876808799147,6.490131556174963,0.8162299785151685,-0.39383885389976053,-2.7341841076432294,4.793838853899763,4.9343933026777735
165,495000,3000,9ab844301000bedd603f060ae468a78d1876ec71ee72bb174b5d7f7e970c552e,2e6e653ea89827d24ebb7db82c40b3b2851e65af5173a6a6c96a943f446056d2,0.37839760107463843,3.926214323001851,-7.358397601074641,-1.6741687757974328,-3.894365078599599,1.2165425643099987,4.334365078599617,-0.35217068194565043,8.232198067399887,5.883520958759353,5.727801932600116,-1.7788145287914328,4.954953415699769,-1.3327893687908565,0.12504658430022686,-0.140258684002395,0.9175698764503416,-1.2542755178438325,8.162430123549665,3.2203715508210546,6.116756814574763,2.9403546522461035,1.0632431854252382,2.1326777813384483,0.7908203932499385,4.407852414010832,-0.5508203932499366,0.7789974944111702,3.696756814574766,5.4931168538500215,-1.3567568145747557,1.6600202498610668,0.4961300899000856,1.727742825869018,2.4638699100999117,0.4369264556628855,3.1383976010746375,-0.37144204698647265,-4.598397601074644,-0.3347100323123014,2.230131556174964,-4.359710510161667,1.4698684438250371,3.1411660681323452,3.9266252583997985,-11.270181344207916,-0.3666252583998009,-0.39371622860629396,0.6563932022500194,-2.0772930158593947,1.103606797749975,-3.018750358387023,-1.4134752415750176,-1.9964679800750709,-1.7265247584249876,-3.9151137409448182
166,498000,3000,68842e9305938bd1bf0c5d4579c418440ab662aa930f6ade5521823f678ec63d,5e58fab48fff5385cfe4b4a8dbbc477ffbcd557fe71f8477e2b0586ac833d1ea,2.4623296235748504,-1.7181436521014926,-0.8023296235748449,5.246902170876011,1.9758048651498634,5.700479499624439,-0.9758048651498624,0.4738496326489223,-2.3793111629250228,4.839037416333339,-2.960688837074974,3.568993819457526,2.622855848274701,5.652337595775263,-3.6828558482747065,-3.4463139298945826,1.7993732753253222,-0.011173599562802273,8.820626724674678,11.927190580797843,6.357608264024852,-1.1972711992691705,3.1823917359751537,-0.5296618500520454,6.672461179749812,5.610673904308519,2.64753882025019,1.4698089466020337,-0.789806331424739,-3.3748517782655836,4.889806331424738,2.9086724591706132,6.757608264024851,2.7104815352396665,3.5823917359751527,-0.21746228897177572,7.613838853899741,-8.865156977848455,2.426161146100245,-4.795517882158777,0.8118344550751366,-1.652777388231183,3.8081655449248615,-4.386151719326603,0.8345898033750284,-1.3100877352469564,1.5054101966249647,-1.2828367495342128,0.6260990336999384,-0.9352154197574154,-0.6260990336999445,-1.2088722507560408,3.825773808949712,6.772523334881155,-2.3457738089497098,0.6106780481482404
167,501000,3000,162375ce1f4dc9f857d119a0f4351df7ac6edd68f2396d42ba6acce777a52249,af7e807cf6bf617507601d2b63c290d8be63d1f789d5f48d6f850eef9a06d060,-1.5692801067248747,-4.433984316057797,1.0692801067248738,0.62432610465478,1.8523606797749979,0.994457905663607,1.8076393202250118,5.451335017577178,-0.8780961011502002,2.982636957948788,-5.0819038988498075,2.9999794627760408,-1.8596747752497633,3.6264255899562508,3.059674775249768,1.8732424937819556,-1.9106577808748222,0.6903109827610259,1.8906577808748288,0.584354983789396,0.519574275274958,-0.5332832808669872,-0.4195742752749547,6.1369054858574845,1.34,1.2720454745951475,1.3399999999999983,1.2593253394425141,-0.1509830056250536,4.478195481974067,-1.269016994374949,5.3437594655099465,-3.1534752415750074,0.5268501957849017,-3.4665247584249785,4.846898892199158,7.135742752749562,2.7121741058410294,-2.25574275274956,-10.257880464287213,2.34281746070019,-2.4050243663594446,6.457182539299811,4.4018016535524795,-0.9181344887247093,-5.823086371681607,5.298134488724707,-2.2319644056157846,4.203444185374855,-5.142565724999983,1.2965558146251344,-2.6525492953110996,-0.30360679774997823,-5.9912876731384515,0.1436067977499839,2.9739657055351647
168,504000,3000,a475252b1cf8868638bdeeefb4700aae22dfe443bf5fba46c86088aa23e10d3d,eb9d5a29b1327b212e5ea827c566cde1a14543bc9667fee583468dc8f47f037c,3.308591269649903,0.44259489149750136,1.2514087303500954,6.004007808291078,-0.16180339887498846,1.864261934250368,0.06180339887499307,-3.5268296585609384,-3.624821859524812,-0.5894048053880772,0.44482185952480635,-1.2580150934648775,3.8045587471748776,-6.42085312236535,1.255441252825118,2.3930409902488483,4.32891649440013,-5.032678988095439,7.191083505599865,-3.4258053363818926,0.8455106965997791,-5.099282480437629,-3.8055106965997774,-5.359600562047681,6.685084971874749,2.1395383183445973,1.0949150281252555,-3.4618457193143577,2.4063621460498736,3.4375245326748556,-0.3663621460498637,1.0730447741163918,1.071834455075143,-0.7579154139628806,4.068165544924853,1.0562027387189792,-0.5319349550499496,2.4153151718686727,0.45193495504995235,-5.184038254154872,8.61357574154984,3.3862616674405763,4.946424258450164,0.3053390240741162,-2.830983005625063,-1.737533161948414,-3.9490169943749427,-1.441866329147588,-5.443745685299294,3.9640654213417963,9.403745685299286,3.028231387348447,11.938459713474943,-4.21664017189214,10.641540286525062,-4.235793392126859
169,507000,3000,45475ba0fcd56c82f9be7f307ce86fccce59d55366da6990f384bacc17f50068,0ac8afaa0a3db3b6cbb4904d645ea3e93396f98143fa85498e816c5219bc5fe9,5.1382971010998215,-2.303927026674633,1.3817028989001758,-0.9507472091771847,-0.9178092639744793,-1.266495183566635,10.217809263974452,-1.0981757373036998,-3.7098063314247347,-1.8479203682827867,1.9698063314247363,1.1185661860102847,-3.6650849718747383,0.9843582624662471,1.925084971874737,1.5546828651253668,3.7659364213248185,-5.992406756804211,0.0540635786751775,-1.022282378311956,0.8711456180001629,-1.0359304348184908,4.448854381999835,-5.2141008941347495,3.4847213595500057,5.822158450327712,3.395278640450003,-6.443172431285506,-4.679411662899843,5.61610605053094,-1.2805883371001607,-5.9396424832804335,-1.3150155281000764,3.2177510588657814,-2.9249844718999167,2.619556856257974,9.513776741499454,0.2669874563043341,-2.113776741499456,-6.301485356499379,10.895216528049694,-2.7192709324593904,4.544783471950296,-4.361830532687096,-2.2628558482747025,0.16477103295375745,4.042855848274712,-4.945184577616839,0.7692801067248786,1.5238104485976829,-1.8692801067248705,1.3623515393409005,1.8641330224498343,2.963247448101865,-1.6241330224498411,-3.68878903724756
170,510000,3000,0cc53cac5e2cb1368a081773195f0de77925f7920a5a0b545757fd3d341e2adb,04c00c0d057a889a210811d7498efc825558f0e5037169a199d2106b4f321f8c,-0.40121506177482935,1.6858428447900708,3.2212150617748287,-9.788152731883077,0.9003252247502282,-3.851440047675888,5.819674775249773,2.4038322651879076,1.6751160280748842,-1.6683091776509589,-0.6951160280748927,-0.8733524418959384,-2.5421670111997314,-7.188868179525591,3.182167011199731,-0.4474084234839829,-5.639837387624896,-5.8489089666106215,-3.1801626123751134,2.063071472417258,-2.3165942021996466,3.1119862222060166,5.196594202199648,-3.3339978633466365,1.874489303400215,-4.044581150008151,6.525510696599785,0.7598442741764512,-1.9622291236000353,-0.33054300476718157,-2.6777708763999613,13.464722103407846,5.466362146049871,0.29566683280082195,2.6936378539501344,3.179399491096,4.2962305898749085,1.6418679684860147,2.2837694101250974,-0.6150362380052207,-0.2943888034254009,-2.98899702552511,-8.925611196574602,-4.265664869794865,-3.1592490505247235,5.615223256477362,2.699249050524731,5.205311496915022,1.0685912696499063,4.78603685319735,-0.9885912696499104,-6.97838457236607,-0.32964371904962164,-6.1939098044321526,7.809643719049618,3.2167501200061084
171,513000,3000,4524d9233c9b5895f7519148fdfb5395fba4e79adbfa820b293ae269c5a94612,e90dec37514091ed326d84c9e5d65020e656f625287c3718766086a968d33b51,0.9806888370749699,-3.21844269060748,0.39931116292502783,3.846508370883301,1.183343685400048,-6.548509816021203,2.256656314599951,-1.3133998589439273,-5.990495168499712,-1.9150243300548062,0.27049516849970356,0.9719474344315792,5.631509230324912,3.722973577472221,3.708490769675092,-7.214808919260695,0.9047213595499957,-4.977558402434014,0.8152786404500079,7.54346819111466,7.345348084224663,-3.328829896941856,0.23465191577533803,6.406940886041166,6.428691769624711,3.765565190292869,0.3913082303752856,-3.4557949588560097,1.715704365175049,-0.1484294669861809,2.7442956348249554,2.5369211050661784,-1.102492235949957,12.287532045727298,-0.297507764050037,0.023584427597467518,-3.988165544924861,0.6418597717938955,-0.9918344550751407,-6.227520857721206,1.4933126291999004,-2.4724376352494266,-0.6533126291999012,1.363470623006671,7.074628190949539,0.6121064389319715,-2.67462819094954,0.11543702793305428,-2.076694702174459,0.4531950041247049,9.416694702174462,8.113483486655802,4.102128623625222,4.9264136820058395,8.79787137637479,-0.74057290913564
172,516000,3000,1c241143527e39b287d4674a7b5dffd700e073dd3c5b7d6f9af8cb47a9af7165,8e2720a60665cd2d0cb67decd168c9af2bcdc845a45a7e2749d01a3248e842bb,-3.017407264075234,-1.4648772698094477,-7.802592735924765,-0.011601051486860595,-1.3587228258248665,1.03157224496151,1.458722825824866,-3.2002904092324225,2.2241951348501443,1.931793347946457,5.175804865149869,7.08210240400615,4.230031056200156,6.503106548933408,7.449968943799842,3.598555990007569,6.161377674149944,-3.7017003347120667,4.998622325850057,-0.8157295090853437,1.1119970674502575,-0.807058256671714,6.568002932549748,0.7103921243496466,5.2294427190999935,-1.0780945957150763,5.0505572809000085,1.4891984564489569,0.04534808422466467,1.5998949699012968,-7.065348084224661,1.4093743595243005,-2.1818033988749885,-0.1056466918536605,-1.9581966011250096,1.6170463124166785,13.766075308874159,9.853946447677458,-4.34607530887416,2.515102265575848,6.645874308924519,-0.5030294785752408,-3.5058743089245272,-1.993228873883859,-5.670657780874816,-4.071331666291057,-1.86934221912518,-3.620256684691795,1.6020665112249102,-8.012577309282856,-0.14206651122491445,-0.2204651055507782,3.2660990336999403,-6.211870923495333,2.013900966300061,3.4159419827967357
173,519000,3000,65bfa637373cf6567d56ef5c0c86e8597657f1dec836ab061a9f3f39e4d896ea,f4c8459ca10f9c6ee9a7b008e39f6e8e143df2e49be08deb537ea7cedc3eedf2,1.3246208595751894,5.3982614369354245,5.215379140424812,0.707653487588272,-2.2237072977247925,6.464445674045656,2.203707297724792,-2.208379978018338,0.9980339887498948,1.7327926474677,-1.2380339887498908,2.385252531888786,3.058297101099823,2.045993147407641,-0.6982971010998252,-5.096853150794223,-11.491385005524313,-6.0582004725986085,3.311385005524303,-1.8515417990977354,2.6685291572495937,8.504506205801071,-5.828529157249611,1.8913947751570108,4.821903898849812,-2.054473237509397,0.6180961011501956,3.4092726081024454,-0.6720354550247662,0.22332188711825798,4.292035455024771,5.763343416345585,-2.2026932358995834,3.2486234753934626,6.5626932358995935,0.27284705445083,-1.1966563145999465,2.4368977217467993,-0.12334368540005314,-10.3228644035338,-0.25400146627487896,-8.28766253106522,2.474001466274862,-4.964337797851557,-3.276857314549579,-6.225400835195763,5.756857314549575,-0.21996463612095074,1.0976703764251547,-0.47758920826996315,4.362329623574856,3.069512754191465,-0.8741019662496851,-1.300488561479429,5.83410196624969,4.400991877004672
174,522000,3000,5db25bbf072b089eb146489450e38c110e12af69197b893d011ee899fc42c42d,84308a0530076e351a34b862c50ec56ae4f6dbb8d81fd199e023f32236279cbb,-2.4517723426748352,1.8436803232319152,0.9917723426748377,-1.9623564573561774,8.5419038988498,7.217120104097986,4.3380961011502,-0.5340200399090257,-2.2203636123247428,1.6255264025184402,3.2803636123247424,1.7932272345454363,2.8760679774997895,1.4841486348502737,-1.5960679774997906,-0.8702314805108298,6.291671842700017,-4.8651693183803175,6.828328157299981,-2.1656702203915765,6.007050983124848,0.410985715927777,2.6529490168751573,-5.003307979857261,4.584659247149698,-3.7854551695696315,-1.9446592471496966,-1.4457970670805014,3.7034441853748583,-2.436633541929168,0.7965558146251364,-6.605514134595883,5.834465578574431,-0.6220879373232344,-6.374465578574423,3.5585118516364274,0.03199706745025979,9.685126531984695,5.488002932549738,1.9376078187926045,9.660038387574515,1.2640658539232246,-0.7600383875745103,-2.2154316773363463,3.4475772078247027,-2.4221026913690578,-2.947577207824705,-6.543960463852362,-2.651346617949795,-2.8458085424494697,1.731346617949792,-4.072023298032767,1.8201004999748125,0.33451887000043024,-2.1601004999748183,4.307446706067718
175,525000,3000,182c63beeeb4f667781100f88d49ba368be49cfd5f79205ba52ee128ac6d59db,d38760b7198e7962689c3efc4135c9e48cfe332d7dd5e243e3014aed074608f5,2.6545276909747306,5.200880289552275,-3.1145276909747284,-1.7801247747690663,-9.611284505549493,-0.059934117647896246,1.2112845055494923,2.2236024603201354,-3.100425724725041,-0.7244225054799233,-4.039574275274955,-2.6557884015023148,-4.568165544924863,-2.6172456714206658,-1.5718344550751453,-1.039242558515467,-1.3525232921501054,2.3208872068781443,-3.767476707849883,4.325908294560741,2.4619038988498048,0.9703278813359764,-1.741903898849803,-0.29404727970522276,-4.857747151574175,0.33652074771977425,12.717747151574182,-2.8412591902806335,-3.0884286572747874,6.927431014249763,1.4284286572747897,6.9100433821221765,0.18891649440013608,7.070192045401338,3.051083505599868,-3.3586283571041062,5.011772342674836,-6.631764181448944,1.5682276573251612,-3.7306438910261783,3.2546903033498413,1.871240616062621,-0.05469030334984375,3.5222803063920898,3.201640786499874,0.6189669759381291,0.5183592135001259,-0.40605403913519944,-3.7755801403744416,2.4444950177949893,8.075580140374433,2.5096701193534345,-0.26131556174964043,-2.4716278587016256,7.341315561749641,2.468006427886683
176,528000,3000,720780d6b5ec59b9d59e676d27579175042b69755976e339a1c4a7ac0545a286,92725e666fc0f483c497bb9f0a14252b313b2f3c1d8f347b88bd8802e2884d52,2.749868443825034,0.2731563615687936,3.51013155617496,-0.35691119642636177,2.069442719099997,0.36265264976674383,1.890557280900008,-4.244582789346584,-5.067314095474771,0.13832982378881994,-0.19268590452523382,-6.433573257517989,1.1103562809503837,1.8740522703297628,9.249643719049608,-2.5218897850762394,3.8828558482746947,2.0646910255128605,-2.422855848274699,8.057980576370653,-1.282167011199727,-0.6111055000723052,4.442167011199741,-3.6897899761072295,-2.649481106674503,-3.0628433794971794,7.9494811066744955,3.6798084777159676,0.4693422191251819,4.678197121312485,4.270657780874826,6.466256389453138,3.15124611797498,-8.492286540078243,2.7487538820250115,2.427152512967738,-2.542229123600035,2.627227169811932,-3.257770876399965,-2.6347063210540163,1.5170199269246876,6.115514098291218,-5.057019926924699,0.9932206771917431,3.552623792124921,2.64549759599308,1.9873762078750745,0.057814095122458956,2.021377674149946,0.061553670743503014,0.8586223258500555,-0.014530850560112857,-2.40508497187474,-6.836815642386048,3.1850849718747405,-6.801466891195272
177,531000,3000,602b76377e2dae6b181004c45112c03bd066899c429c66e7fd4bbabcff62f2ba,93e5bc4a95f6a997cd439ccb08eb9412644c34d11113da4e1c62eb1cdc29350c,-6.330069443774667,-3.8594196683477966,0.870069443774661,-1.0709247515909566,0.5955417527999283,2.267195012000455,-0.8355417527999349,0.24459512987841717,9.26820393249938,-10.831826497761305,-4.148203932499367,4.766501308338908,9.330232056149779,-1.0225916854299213,4.589767943850221,3.100694477837122,-4.599937887599703,-8.019747153406978,1.839937887599697,-2.590686317449625,-6.682267511174544,3.114724858967387,3.022267511174547,2.8713218302605084,3.3127864045000366,-2.0506606443825945,4.207213595499951,-6.209250431540063,-2.4936762415246405,11.514276004656493,5.153676241524633,-0.08630230930707894,3.620464112299549,0.8199695541362197,-5.860464112299553,-2.8579100633661723,-0.6888543819998265,7.892399766869078,2.88885438199983,1.775957747223956,1.1299689437998486,1.2970582929763497,-2.089968943799847,-4.140246343470552,0.3200000000000009,1.6621402723865026,0.3200000000000002,-5.071221718177079,11.233475241575016,-5.640854689094505,11.54652475842499,-5.5891643719361594,2.9904567809251943,-7.8325386667269425,7.149543219074799,8.249929577531383
178,534000,3000,8a3d64dd1b85fdac11dfce2f10c77724ab9fe1f2dde91a6dd90f10683063942c,0869f2a2aaefe926a47c71d63043b14546c544887e50d71d4dcdaa633bea6516,0.10907910677525422,0.4705375089519449,5.4309208932247515,2.130867065930977,3.1489548819746473,1.2931275550434416,-4.40895488197464,-2.0923243358493386,0.7047834719503021,4.8823206608956875,7.055216528049696,0.8619425527209355,-0.5333126291999029,-5.671608960816095,1.6133126291999025,4.328146461892282,-7.387639320224999,9.87976904260647,-7.432360679774982,-1.7799336124571996,0.09878493822517026,1.256204378057407,3.721215061774825,1.8804123379060775,-1.1308203932499359,3.3059371010860916,0.21082039324993693,-0.5854740674551628,2.97681892697507,1.4487268661537422,4.363181073024926,-2.2590242290166724,3.281540286525067,2.8097681595170063,4.5784597134749365,-3.1001940084072843,2.501540286525055,-1.2235212461222478,3.798459713474938,-6.6969392830073895,-0.17373835392494244,0.07396449877817529,1.0337383539249405,-0.37487231548954414,1.031571342725216,4.400682569886718,5.548428657274782,-1.5912237174876749,0.8855728090000843,2.1808196851876183,2.6744271909999164,0.9798089102974012,1.4283902697002733,-7.158996701857577,7.331609730299713,0.780234722883043
179,537000,3000,96225e8be26a3b5c3b2f579970b62b12cd96dad277dbc29d9e96393d59607929,50ea405e8969d78d01277351557617256c4b368921b8a061dab7e44a81d40fe2,5.851021393199558,-0.756605167985247,-3.4510213931995604,0.3735620695119081,4.2129490168751635,8.877376643571276,7.567050983124836,9.114065170283522,-4.090232056149773,1.1541791170186908,0.6502320561497764,-1.4421756362655576,5.427314095474781,-1.7556854433234728,0.5526859045252323,3.4362142866972194,5.068165544924847,-5.706839567200757,2.071834455075141,-1.739535039667752,3.497933488775085,-1.271927329789047,5.242066511224923,6.311275692578775,3.9444966347745734,1.13671846738533,-5.044496634774588,-3.0301602475620233,5.354264578624802,-0.3585307495219673,1.105735421375197,-2.4822279713288182,-0.3176082640248501,0.7956483674967155,2.85760826402485,-3.9244036075943733,2.9725616797246204,-2.5462109717157415,-5.032561679724622,-2.9405458145579653,-0.5314087303501005,0.3426896529842214,-2.5885912696499016,3.1033149697923936,0.6694427190999903,2.3265105154124206,0.4905572809000087,-7.762431888375915,1.8540014662748712,-4.526219241017122,-0.8740014662748725,-1.6933219960321548,-1.2006888370749742,-5.49692944697684,-0.6193111629250245,7.958502789781452
180,540000,3000,00f786ce557bb019d7907e4c281db0a15ad0c3a27cbe386790270fbcb674bcf5,dd72191ee68655e08ecb9a7d1aea6747a5ed9af91841ee097a2c1741c46e5d19,-0.36980633142473796,-0.9807368316513014,5.309806331424738,-6.494317151713679,6.357608264024854,0.9928383525679987,3.1823917359751532,3.2422634078171444,-4.293413129174719,7.449304405941753,1.83341312917471,-2.440873586980042,-2.3421670111997352,2.8092676900871685,3.382167011199729,-1.3130175343201984,2.7126237921249214,-8.163126798794472,1.1473762078750744,1.8945608638424565,-2.9735757415498316,0.08880465645625207,0.6935757415498306,2.5783936342210554,6.614953415699775,-0.8385492874353407,1.7850465843002208,-2.7263226317774065,7.479775275224589,-3.4574145119516086,-1.4197752752245856,-5.9746368000529,5.047414595449589,1.2676142672323976,-3.8074145954495817,5.09442382115081,6.827739820199823,3.894841437044336,2.892260179800186,2.4597175000967937,1.7687538820250175,-0.3968823172917405,2.171246117974982,-5.397451660387632,2.2858359213500044,0.740263602017665,2.5541640786499875,2.034701403038739,-0.290983005625051,-1.584554342793385,-1.4090169943749482,-0.24328488390077366,5.214527690974733,-2.253164630870185,-0.5545276909747288,1.6041350149521818
181,543000,3000,1c606c6b75cf4883cdc204cce705faa25e55246fe027c05695ec9c53f3474c7f,f88b740f44b92495e3e67dbd32cd5d1614bcf11f3f6f2a6824a79a2d0cd35b8e,0.8012150617748287,-3.6594180290093807,-2.821215061774831,0.05157217235224443,-0.8327242920997373,3.3168465208312576,4.712724292099741,4.415713889876648,0.28186551127529036,-2.366982105707635,6.4981344887247054,4.425313063644182,-1.178560213449751,4.197751131475054,4.09856021344975,-4.240151581983831,-0.5827553482998924,-3.5043191873289032,1.7427553482998943,1.6720487532720005,0.7816407864998716,4.365879415426115,-1.9016407864998786,2.8034080919406903,6.143807797699612,4.613904813807604,-2.263807797699608,0.27546754640610316,-2.5603636123247413,4.967194579419016,2.9403636123247394,5.488258194563208,-0.21681892697506694,-0.02594073973510519,-1.6031810730249396,-3.2755651539882367,6.043544685349677,8.994506242105693,-0.8435446853496773,-1.5384594439638946,3.2503325561245937,-0.20393237727133479,-5.470332556124582,0.9254250836780165,-2.2004257247250454,-2.4418745258397108,-3.1395742752749602,-3.874951457767576,3.62990683139955,-3.180209267643807,-6.029906831399556,-0.8088689720791917,-0.5518344550751416,8.802675385751039,-3.5481655449248595,-3.865088104182419
182,546000,3000,42b0fec9ede93868b518b3a320870467579454272992b2efeb16ce995ed9b9de,09711ab7157937e64b863f9ad54d0d880f19f20f76486c1f9499ae6c53e60780,-0.31904805057509916,3.8773807874109845,-2.420951949424902,0.8717328888003336,-1.0633436854000538,-5.934974986305484,-2.1366563145999455,5.689997531803342,4.320526224699853,-2.197588703079264,1.2794737753001417,-9.033858748735147,5.179674775249766,-1.220782609360868,0.2603252247502306,-0.49161958940023864,3.2089164944001363,2.127746104545868,6.071083505599867,2.6819203035492825,-0.3925616797246222,6.211179291753639,7.6125616797246245,3.050123244344537,4.788591269649899,-3.507558293520125,2.7314087303500987,-2.7460944662480635,5.553637853950127,-1.268615206092068,8.326362146049865,-1.5200708729766392,1.6594737753001374,-5.927923286987477,4.700526224699858,0.4896177116808967,5.500000000000008,-1.7190715734554007,5.500000000000004,-3.428234666025298,3.258196601125012,5.885832143596652,3.4818033988749884,-6.035808146172677,0.492399067349511,10.213669298370963,-9.972399067349508,-3.255911464323682,0.2730495168499714,2.2108823251674985,-0.3530495168499713,-2.471436696389764,1.8456733089749031,-3.496148404345114,-0.3456733089748957,0.4679170169966733
183,549000,3000,359c2a42b2c8b7aa3b2f81951af1c3fbd8cde019f233aa533f7bcc890aaec346,4df35c2f54e88dc6360541629995bbc2037c0a1b8bd767e6a6d9fb11192ae990,3.758622325850057,-7.215309388690529,4.921377674149943,-1.9357971033851331,2.551834455075144,4.446276999286372,5.548165544924858,-8.555268601605514,-2.0732505167995945,1.478097874391929,6.5132505167995935,0.7557953914374392,-0.2753791404248217,-6.100983247731125,3.6153791404248166,-0.9316670064482319,-9.003118960624619,6.775644296266274,-1.1768810393753704,-2.541779764352994,-5.4165942021996445,10.885136368015255,2.0965942021996464,8.672589362451795,4.1546903033498355,-4.942873392779529,0.8453096966501557,-4.421764650334998,2.5406888370749727,9.164754548582206,1.9593111629250324,5.926995365633564,2.3869504831500308,3.299076564079939,3.0130495168499714,-0.06398300038691429,1.9584597134749362,-2.6043343739561657,0.6615402865250589,-3.1867604975319948,-3.693676241524637,0.7435757257146423,3.953676241524637,-5.796645162516675,2.017670376425158,2.1223869758292206,5.282329623574852,-2.1581180516437266,-0.8182349886995219,1.48314769599061,9.378234988699518,2.7041214676633447,2.984357747225251,-3.7799048785411125,8.395642252774767,-1.2846474649416897
184,552000,3000,ed9e7b3d6ebb5ecfdba8ababd53bae6467bcfe0452e557125e53034141988b24,1df7a0f18640e9bfbe775db9038338cdf126863022d05227d2e10aee4bf3779f,-5.326988870724537,-2.208762302642058,4.466988870724545,2.893331832062705,3.6066873708000986,-6.7238809616021555,5.753312629199902,1.522309040308181,2.974164078649984,-0.9037243889937872,2.705835921350004,2.2278425053710156,1.703343685400049,-2.3315603370111058,2.776656314599952,5.814105812150027,-3.758033988749893,1.2821451177925152,-1.521966011250104,5.155977491894324,0.45708203932499214,-0.2903077040841747,0.3229179606750094,1.660638864097001,0.6031810730249404,2.3018070041491874,-0.7831810730249313,0.5288520735042461,5.614264578624796,5.4547652860802485,1.3657354213751953,-1.2552034391977362,1.6258359213500164,3.9993690452322146,1.8941640786499876,-3.153576896167003,0.7016407864998733,0.28113598224071973,-1.9816407864998669,3.117845820352505,5.920363612324742,-1.59465398599075,0.4196363876752576,-4.1399370363525785,0.09799560117538843,4.435603869153412,8.282004398824622,1.5847455051052435,-6.170232056149779,0.22906334045864257,-1.4297679438502193,1.2456042654302109,0.3845203596003692,-6.44112542626584,8.255479640399635,6.849226470420706
185,555000,3000,d938abee02d81823e216b7f43dac2ad8fcf3a50a8d898f879cd33660d3c08b0f,a00336f06656e88b8c332703ba262490be1f37f038782e41d3b97fb7724da87d,9.097770876399956,-1.5705239616631108,8.382229123600034,1.605445260929809,2.6135373539753157,-0.9314758441363711,9.366462646024688,1.4220944946769325,3.21416407864999,1.5858645887710217,2.945835921350006,-0.439355785306297,4.956130089900087,-1.8673828956354845,6.923869910099909,6.679287471062166,-4.016756814574766,1.4866961092997835,1.0367568145747754,10.013976966150503,0.7788854381999808,-2.297257651980344,0.4211145618000151,3.206650476808743,0.21114561800016965,-2.1737679858696004,3.78885438199983,-6.180188730419837,-5.09033255612459,-0.6033170417122504,3.6303325561245896,4.463855793725822,-3.057407264075227,6.1491981690860555,-7.842592735924774,-7.397659216083737,-2.136029589925283,1.9187639056758545,-8.083970410074732,1.6590193110014007,5.589906831399545,0.9061537186371904,-4.069906831399542,1.08576490926903,5.4025927359247765,0.6973626820790447,0.6174072640752226,-4.6160248363330405,0.8273762078750728,5.228941051812827,2.3926237921249207,1.9173355148921214,3.8856733089748965,-1.5195704035468063,1.6943266910251056,-0.5185612679950118
186,558000,3000,24dc2f3de2f8c2a782d252507dc0c2a2eed56792ac2982c38980c0f3becb49b0,6ae8c92282a96e5394b32894955a9181281cbdc07c0e853b4f9d4e4d46b4f283,-2.256067977499786,5.690188694115216,2.2160679774997862,1.256086233251301,1.7000383875745062,-6.6539653455630035,-8.720038387574508,-4.375242299581432,-1.4672757079002643,1.3097784281289866,-7.0127242920997555,-1.6088755294328865,-0.26996894379984515,-0.048214921354932855,2.949968943799847,8.329326222531993,-2.0354796403996294,-7.108352450859233,5.835479640399625,-4.2354840850088875,5.174001466274886,5.783733865052168,2.4459985337251298,2.891093664731162,-3.625611196574588,-2.2872761535890827,5.005611196574599,-0.46729840276073736,-3.167739820199818,1.2326929679657106,0.7677398201998215,1.918454598557887,2.198196601125013,-1.2192812010713676,2.4218033988749874,-5.853149011661499,-4.072097567425085,-3.276374930536038,-5.547902432574934,-1.0785950651449054,-0.0837072977247947,-4.040650412075253,4.343707297724786,-1.2880777334447613,4.642654848325072,2.5454011951679343,6.2973451516749295,1.836010009677947,6.92164078649988,-4.364068700018644,4.238359213500125,-5.273225235234854,1.6626548483250811,-1.004939873484704,3.3173451516749326,0.009790336079392472
187,561000,3000,86a6dd7c8cd783fccd2b686f296af886179757cc81fb61510ae9bae768119d01,d3253d3d22518dbf7a9a8b4625b98a0499e6c14c61bb64030675dbccd2678a28,4.912035455024764,-2.4343953745976252,-0.05203545502476488,1.3869820330983729,7.716594202199636,-10.074839005152315,0.2034057978003499,-4.964838267281386,-4.203869910099911,-5.422773785886792,-2.2361300899000884,2.904741721237706,-5.0578713763747825,-1.3837429269071613,-0.36212862362522147,1.9837478449224368,7.708529157249601,-1.837129093343728,-0.7885291572496013,-1.4508468886791799,9.253939353874573,0.2705358696135166,0.08606064612543166,1.0083701419877822,-2.5441330224498375,5.253262238452323,0.9441330224498368,2.9838290591203265,-12.24915588192426,-0.014840157678070565,3.269155881924267,-2.9532659497106044,-1.9108203932499404,0.9497462703175165,-0.5691796067500636,1.2704259214995401,1.5112461179749808,0.6656804890035571,1.108753882025016,-3.3738508394059123,-0.8530495168499678,4.535390962860586,-0.22695048315002458,-3.0851626884173413,0.7351160280748921,3.219252467155282,-1.6351160280748878,-2.7419725660032794,1.3598373876248862,5.860009548667652,-1.0998373876248912,-1.7407722681396254,3.785084971874734,0.33613842309603603,-1.805084971874742,6.516518315827748
188,564000,3000,219647726804c2586906dc12db7bc6bacb2d04ea88655a3a0591040eadde3fac,ef5fc128ad66a97d73b257b9e569b03a80fef4f4ad5c4be547305b1b12a407cf,4.0608514494500865,-5.1242952988188275,5.93914855054992,0.03997112086537774,-5.1549918032742825,0.045093959969825056,10.094991803274281,-5.176868410030749,6.155804865149866,-2.6823477554733532,3.2041951348501345,-8.334567206442532,3.3898063314247313,-4.353468587391436,-2.2898063314247317,-3.1637495568701177,-11.693351016774407,-1.582125013149976,0.8733510167744101,3.070322530739265,2.3151160280748853,-7.800474149027724,-0.055116028074893304,-2.350021925504123,4.022167011199734,0.8193509399002844,-1.7021670111997358,-8.641334621300373,2.912097567425068,2.736304130168671,4.38790243257493,-4.512498167004816,-2.8424922359499663,3.9422465818514634,-2.0375077640500403,-6.974144527315192,5.985247584249855,8.061101537755754,2.8547524157501436,-5.217148838014081,1.367538820250191,0.5858563920789004,5.392461179749807,-6.051840405022293,1.260588337100161,3.542670755098677,4.659411662899848,1.243174935786802,1.1665247584249816,-2.3231983917154504,0.8534752415750079,-0.06891467717949154,5.642855848274696,0.34218918355438843,-0.6628558482747059,4.890491443879474
189,567000,3000,9c67e11d57cd3c4ba90799280cf29553a66e95838ad83c64101fc6c629f78029,af84a3cb842c5a4b7aff5b884e6cd4299fe6b62a148e4944e2cac611c41c59e5,1.2583592135001251,0.7196819909992076,3.9416407864998786,3.5991746042435064,0.4345898033750306,3.63216704329663,1.1054101966249663,-2.6444966571334096,-1.7599378875996934,-1.6678087082211221,4.679937887599699,-2.6605289159830243,3.4470509831248393,-4.431363824102532,0.09294901687515876,-0.7409552337593645,-0.05003105620015305,-1.8346997637003175,-3.2699689437998507,1.8627605259608657,5.496493702224836,7.254971202437945,1.9635062977751667,4.168380123236857,1.318823325799685,3.4163243074204637,-5.478823325799681,-3.145906582613042,-1.1134752415750135,7.59361197268315,-1.4265247584249838,1.7490160686291822,-4.114101966249686,4.521861051160149,2.5941019662496787,-6.721069307335033,3.849117494349763,7.532367609057623,-1.2491174943497596,4.6552591981563864,-1.0231189606246376,-7.629343048497656,6.803118960624625,-6.029521096102127,-0.41331262919989925,1.8229805674073531,1.7333126291999004,-7.968484288172709,-0.32397041007472566,-3.1728482612078235,5.623970410074715,-3.1175365132345303,-3.8606888370749792,-7.451733735585161,-3.279311162925026,-0.872733827659997
190,570000,3000,8b47aeb276ce0a2d7cf6a7e11e7a1c4b574aebe61258f624749d6ad088036ab1,a879b7c7096819d1ea1f46613a504c86d3cc2f28b78ffda3bd64d0424e5fb67a,0.529442719099993,-6.6752385883231575,0.3505572809000092,3.6552961287645998,-2.6300694437746697,-6.675356733129273,4.570069443774659,-3.9153049032566916,0.14642425845017543,-0.27527638409423744,3.813575741549839,-0.06498393924658069,-0.3034441853748681,-7.602283225096772,2.603444185374866,1.242292141733235,6.470820393249938,-5.422155171650866,5.129179606750058,8.688166279171908,3.0764937022248295,-5.792213955153939,-0.45649370222483365,-4.578674207422936,-3.59679520214927,2.0421805542808324,11.876795202149289,4.52166988884828,7.165285971824369,-1.5821250131499847,-6.385285971824354,3.0703225307392725,3.1991485505499084,-3.5923140672373557,1.320851449450092,0.19819092393095483,0.5498063314247341,1.0929347533931486,-5.129806331424733,1.464067493261657,3.3996126628494694,4.225620731423717,-7.959612662849464,4.136197460731545,4.226462646024681,-1.112324263240062,-2.5264626460246844,-8.152835993285247,-2.5297058314499212,5.1105742248065225,-0.8302941685500822,1.0030110132711285,-3.4253480842246677,0.012410828034669093,3.6853480842246635,-0.36034146492943836
191,573000,3000,c61a741194cf6776a355ff9ecfd84157a8dd2102f0239756ebca837c160a57c2,0bf5b63faa774257ca6b7ec289220898a54e8ded89f2c06e3d170590529ef850,2.750758280849641,-1.011299941061021,-5.030758280849639,-1.2558950709394423,-0.9625543483502688,-6.481287709443088,-6.597445651649731,6.4038199246560685,-0.17767037642515676,-4.649517744816015,-3.44232962357484,3.0146284581422433,0.6071514830996567,8.911178859172205,-6.7271514830996555,8.29378630902935,4.287739820199809,-0.4770887388401308,0.3522601798001861,1.2823362801043772,-1.272360679774992,-0.1466187515787109,-1.2276393202250004,0.06710396177201965,3.8202631123499247,0.5786135304490168,2.2997368876500746,3.8274281681543427,-1.301315561749644,-2.0098797469694056,6.301315561749648,0.019580672158783438,5.397608264024848,2.2545930216539256,2.222391735975155,5.283825347862044,2.8802631123499385,-2.2595246984465063,1.3597368876500633,0.33844960793335194,8.99665631459994,-5.289184476578699,7.923343685400036,-2.5854453335390795,-3.842592735924786,-0.8563922616924229,0.9425927359247795,5.043470263034508,3.675317028024513,-4.920981535783427,-6.6553170280245135,-6.668878520746836,8.61282479207455,-3.1667975007494675,-0.9128247920745529,-4.743563385182799
192,576000,3000,4c459f1e795781c3c2028a36f69c2883a2d69150bd78b70632b21673e250e91b,9dba29c947ff24bd47398938d9d3a2b9fc5607a9f0e188fecf60dddb3d25989d,2.197608264024848,-0.9056532492073609,-0.9776082640248597,-2.8729413833561197,2.9452475842498513,1.6700017482523286,-0.18524758424985696,-9.167065733419502,3.515441252825124,3.048931143173005,6.064558747174881,2.0420624094747284,-2.8099689437998445,-7.263951761969538,0.40996894379985027,-4.068784191841549,-0.45246117974980965,-4.210898718551745,3.5724611797498116,-8.75353254304222,-0.6321980673998856,-3.3919301032751985,1.8721980673998777,-8.037089658234212,5.117182539299806,-1.1535605027827514,1.002817460700194,7.225600194199761,3.347801932600114,-2.0601416733440203,5.8521980673998755,-4.322478026057663,8.573413129174718,5.9360940699712526,2.446586870825283,-1.6937494479562285,-1.944558747174883,-6.394220750888538,0.6045587471748803,-0.7974590829041908,4.773150016824792,3.554462968897416,0.16684998317521524,-4.900591087076836,4.73780926397448,0.7389533560400272,-6.397809263974473,2.7173420722458106,-3.685936421324835,-5.859199772119846,0.025936421324827135,2.8453080730196376,4.439311162925029,-0.7476246084536545,5.020688837074981,0.2739661381165961
193,579000,3000,0dd2a637208ec59f8998863dee76d637ebf1c8dada5cc586b5f0f264a151b2d1,5a32e5382a2bad4e94189e3c34f8f07fc1112d2b087f0dfea0061298fc0857d1,4.871934955049954,-2.1013048953809284,3.8880650449500505,-1.1935316236481277,-2.8962305898749046,3.000907384129932,-0.883769410125095,5.692499878952519,3.491083505599862,-0.9275451062034518,0.6289164944001315,-0.6258275129442797,-0.005185471849553369,-1.9073540165008533,9.565185471849542,1.554992172243338,1.309016994374947,-5.4981666754487115,0.19098300562505105,-3.6083463260869655,-1.3347524157501471,-8.911370021484055,-4.465247584249862,-3.6148975559751464,0.3798373876248836,-5.487875869939473,-2.079837387624886,-4.390582926689352,2.844558747174881,-0.14337964538749826,0.2954412528251199,4.485247181292082,2.8720354550247698,2.8630780297709513,-2.0920354550247615,10.338896662383416,-3.2259364213248265,2.944594697296985,0.4859364213248324,2.976468052684339,0.7508203932499391,4.258303863358881,-0.5908203932499346,-0.6803294843697669,0.011509230324910334,4.8023054016591615,-1.9115092303249088,2.86284174015875,10.16030149992444,-1.7016109238220531,-1.780301499924441,-1.8402500547288334,3.8814781741247533,-0.7700169348795813,-1.2614781741247594,4.308256482615527
194,582000,3000,f74dc00edf66226f2192ab434fd434df04425530632d276e0f10bfe0e631ebc0,cf917a194112db3ee1381eeefaddf41262d1254bd1982ccb65023e1f0383befb,0.05390096630005889,0.10090617737294591,1.3060990336999376,-0.6736601096754821,3.278459713474943,0.04128136684301498,1.9815402865250646,4.441654629611749,4.7619038988497895,1.6542787965206787,0.558096101150197,-0.9753777029346574,3.9864626460246857,-2.8176296353828234,-2.7664626460246753,7.196038023649719,-5.929643719049618,-11.967853333404927,2.209643719049617,1.3305963287596467,-4.863018460649822,-0.4555061889620019,-1.0169815393501838,-3.85648986927456,-0.5871130955251498,-5.303214857708967,-3.6728869044748587,-4.434175478369661,6.4836067977499825,6.506727979748352,6.036393202250013,-1.341078296580747,1.1450849718747378,3.352459451839651,-4.4450849718747385,1.125617885328312,-3.8789859381747958,4.167806636301268,0.458985938174798,6.781695056724629,4.078096101150212,-0.4522670827707991,8.28190389884979,0.5616533502454971,-3.060263112349932,2.751762902082679,-1.5397368876500692,4.224192340639993,-7.416268977449418,0.6294489437592266,5.016268977449405,-5.867179392791772,5.176857314549579,-6.629835321235362,-3.856857314549574,1.3701399977009585
195,585000,3000,770f01fcf3175daaf80e6cf7af592bb255adce7eadcc4c29ac4701ec997b92be,59358bd2ebb4b1a70eff1d81ddfd21c4037d83b5069614127ebada7247fcc2cb,-2.1700310562001532,-2.8857796633148523,-5.389968943799856,-9.196318596851599,6.120626724674668,-3.2798051990391164,-0.9006267246746712,-0.8178495316107789,3.452987404449668,1.1786184484642876,-3.6129874044496657,7.194918939983942,4.981052449399716,4.623385842769028,-1.101052449399715,-1.6113048590762986,-5.901578674099569,0.7907166907041425,3.2215786740995713,1.697871348200998,-4.226625258399795,-0.1485476117922802,0.06662525839979452,-5.033679926955101,-5.181841786449496,0.08756742798437817,5.461841786449507,-8.98845548164733,0.40423352242465177,9.87633877410337,-7.064233522424643,-1.5191880789230687,3.8152786404499985,-2.796547554934535,3.904721359550003,3.844388348357862,2.362492235949964,1.6910108111948519,1.5575077640500405,-0.2692256236358782,11.549055381949445,7.446183444556641,0.010944618050541637,0.7115842255211877,3.1532121292250888,-0.7892152824146369,4.986787870774906,-7.059400770462261,1.8250465843002268,3.489788336768803,6.65495341569977,-1.7336024240155121,1.9655728090000815,-2.6350886456777554,3.7544271909999187,6.730550336296449
196,588000,3000,d3bde879bd73eef398db65cc73ecd5bea93cf7d5b695e6dae691a80ba74d0c15,225cdf8beef067bc8654db603f30c6878da01531d7b57631bb59a77fdb3fda86,-8.14741459544958,-1.6815297822334265,0.707414595449583,-1.6175467818465137,2.1245587471748815,7.145393772651364,-0.4245587471748767,7.833348443274755,2.4758048651498634,-2.2177428621736532,-0.47580486514985687,2.9929277634580167,-2.6677398201998095,7.271622075523495,1.2677398201998165,4.6518289296533135,-0.07013155617496637,-2.5764647740074857,0.6901315561749672,5.189588545183379,-0.1723606797749975,4.448324004306047,-0.127639320225003,4.116116319142919,2.9012150617748302,1.363971092436501,-0.721215061774831,0.6852611611623467,5.783970410074712,6.544579078088285,-0.16397041007472118,3.3613218665651363,3.465936421324832,3.487668314243368,-0.2459364213248274,-2.1554975596884463,-6.857708763999659,-1.3679018303694153,0.29770876399967194,1.3626608464588637,7.32380779769961,-1.4567064868256678,-1.0838077976996034,-1.215732787762194,5.470394668524899,12.765121253997261,3.1896053314751014,-3.045928326594003,0.3722601798001812,-1.045411463779917,4.307739820199817,-3.327328488652351,4.588916494400135,1.1842417569985684,7.451083505599865,-4.89342124295273
197,591000,3000,60ac19370c00509821a8cc55961787ea4a985c30c310fafa9da1553b76cbb4bd,ffd29dc92638a1f6bbcef164e1f5fa5e287d415b9c172a8044d5e7565af46260,-2.0931500168247843,-1.8828416675494812,2.5131500168247776,-2.0574030365826417,0.1630805730501229,-0.35336278311718355,2.756919426949881,7.036699136918366,2.7531500168247827,1.0515803690443692,-1.853150016824779,9.271902648725362,-4.70492235949962,5.4141025334731765,3.344922359499618,0.08656648912470652,-0.2836067977499717,3.0544814342015236,0.16360679774997766,2.203212011613554,-1.250232056149774,0.6205865290337373,3.4902320561497744,1.8030175706248317,-0.2338388538997554,7.696019558345604,4.953838853899745,-4.286173463307562,2.503707297724791,1.7938458487813704,-1.923707297724792,4.157898155415762,-1.838885438199977,0.8223988837796299,-1.4811145618000279,0.45569735127386995,-3.7059985337251278,-3.639646194538718,-6.434001466274878,-2.6174368337325338,-4.458459713474947,-4.590202241404038,-3.1615402865250606,-4.992398560112098,-0.518622325850056,-2.4040234274997707,-1.6813776741499495,0.8274487053783084,0.2426548483250821,-2.4507369405652053,1.8973451516749207,3.7952455056490244,-4.136005865099492,-2.9967403565848247,6.776005865099484,7.4007801774688415
198,594000,3000,611b0f39e0a284b9552bfbd1ca16e95237eb52e2367c14d8bec31282faf5d85b,8cb894c36fa2d5d17b4d67c17e86ef9518ae710533a5fd5d0c0f49be9560f273,-3.921052449399713,-4.006657034162445,2.1610524493997074,-6.787245347753136,0.5265247584249836,-1.8565916206964124,0.21347524157501596,4.1098743963727,4.646400533624378,2.1472086318985646,-8.54640053362438,-2.8788009815025934,4.788529157249596,-6.257892804819053,-3.7085291572496097,-0.08232644407382526,3.6306577808748184,-7.0194296495968915,-0.17065778087481792,5.913510581233463,3.1991485505499084,6.6996779197687655,1.3208514494500865,4.981798447484896,3.0503946685248917,-0.7484343850014585,0.7696053314751063,-0.8305696667634165,5.252135954999574,-0.28494857536753,-3.6921359549995754,6.500677219290008,-2.3244966347745737,3.9578965160773376,6.664496634774576,-2.916342772724573,-0.7230184606498172,1.8722415549222775,3.1230184606498175,-0.052072641782077086,0.8751160280748832,-6.0057455061927945,-1.495116028074894,-9.337077750283807,-3.16928010672487,8.66565580793988,-0.5307198932751244,1.885844484128495,5.3952165280496995,-6.5648513819887775,-0.9552165280497021,1.0948636136067291,-4.620000000000001,-3.3257089355567433,-4.620000000000007,3.25448307353995
199,597000,3000,5d62357311a9b8b2e4888ae3230281d645f4ad6402042dd654858a0aa20d9880,c75c2e34f0d374c7339de73f4f5ea29d1e901568227b84701ea62a322a568c1c,0.542430123549659,-3.8510577230521443,-6.70243012354967,-6.953945240920465,-3.329117494349759,1.025021015073329,1.7691174943497652,0.21291293680292445,-1.9604257247250418,7.613001482530078,-2.899574275274955,8.437784568652779,-1.1851470842750431,1.3312879605013481,-2.0348529157249517,5.501788106263648,-4.591284505549488,4.1196647324520965,6.231284505549498,2.861531494181115,-4.0032815729997475,4.618336021170355,1.3632815729997507,-3.5596309353021987,-6.782755348299887,-2.860958007245512,-4.457244651700111,-9.917001526710472,-1.4297058314499171,-0.3804226065180631,0.2697058314499247,-0.23511410091699095,5.599837387624889,-10.649712959980278,3.1401626123751107,-6.161299690002759,3.41160973029972,-1.0137292707044339,-2.4916097302997215,-4.569502485579481,1.4578713763747806,0.11936776586596454,-3.23787137637478,-2.6600284465531914,-2.732786404500047,-3.647007200974701,-3.6272135954999603,-0.30876929257718977,1.6903946685248947,-7.785133521919825,-0.5903946685248879,-1.1839324498805999,4.720363612324747,-2.8378289217775605,-0.7803636123247403,-0.5972662812538969
200,600000,3000,4fea598ba610f97e1e774dd7c732b6e59f4019c5a07c1c86b9be759c0f27e7fc,abb9a788c194e896956de3b5a3f671053524bcd55ad9542564c65fda5fc49efc,-1.735642252774743,-4.446704451210441,3.675642252774748,-1.907044709382889,3.546323758475359,-1.6729315473255726,11.19367624152465,7.64063479286655,3.283080573050118,-16.88328457815984,5.876919426949875,-5.17713258984838,-1.0202009999496262,-10.674225308931655,6.940200999949624,-2.548904481176774,1.0266252583997946,-3.910991840700036,-3.266625258399799,-4.730342780600317,0.3405262246998583,5.586043410551055,-2.700526224699861,-2.488396876593278,2.5926237921249284,3.6313572667488274,1.0273762078750655,-3.749032462013422,2.9405262246998536,1.118875493128254,-0.10052622469985617,4.739632647249891,7.643118960624635,0.11998638010189909,-0.183118960624632,3.1233961113810165,-1.1483281572999742,1.4217851875589673,-0.6116718427000317,-1.9602364348307324,-2.3794116628998396,0.04440232822812591,1.019411662899838,1.2891968171105312,3.3951160280749026,2.4977597607486004,1.024883971925113,-3.8713300269526267,3.207476707849884,-2.6589093628874165,0.7925232921501142,3.876880317981155,5.329705831449917,6.2746618227107085,3.6302941685500842,8.136376282511568
201,603000,3000,95bcdb6f707899a1b9b492d25c5dae5ef8b665a07b250e1284cc798c926dabf2,0f03532e15ad236ffe383fd8da403fe4898109357f16aabbb569bbb959a8b475,-3.399837387624892,-7.674555153273584,-0.9401626123751192,-8.42325371809266,1.13963638767526,-3.55246109117808,6.6403636123247365,-2.248114809271507,-5.379086438149617,-1.0589413754803558,2.939086438149602,-6.963235107570027,-0.9078019326001157,-0.12534550881854606,-3.412198067399891,-7.96343446657401,-5.291509230324913,-4.101585468582806,-3.3684907696750876,4.509877675049555,-1.5491174943497625,-3.2750646845584073,3.5491174943497614,-1.7612357343519789,2.360789337049787,3.8070377194477523,-2.2007893370497906,-3.693029082298438,-1.456331089849718,0.13582747663964306,4.536331089849718,2.502309112917447,0.4240325224750322,3.7423630873191427,0.9159674775249735,-0.5260404192371017,-1.1527864045000413,2.1630497284363024,-2.047213595499961,-3.499887979966159,1.1202631123499245,3.634905680058014,-0.40026311234992373,3.560823036473735,-5.36672575837461,-1.6674994011031536,2.9067257583746144,0.23118336298407433,0.2727864045000477,2.7733454519608083,1.1672135954999618,-0.9146338087389587,-1.631834455075137,3.1328771403424436,-4.628165544924867,-2.006758785584297
202,606000,3000,c945928f0df063d80140893d55da8cdb2500c401d388b3fd77e2f499ecbff4a9,22b7aa1ba83e8110d479b9def8aafac875ce603984ca3c5c59b2ec7e9c6d5879,7.838134488724708,-2.0283413354624313,1.6218655112752944,2.005949009036498,-0.5158048651498649,-1.7233116185062776,2.4358048651498545,-4.272024937371191,-1.967902432574944,-0.7375249652562961,-0.4920975674250703,4.170618290568404,0.5057354213751959,-5.26181534605985,4.754264578624804,7.578080183263373,5.1520975674250575,-1.5189517893108686,6.627902432574932,5.264863289939194,7.1098063314247275,-4.489678388654841,1.430193668575273,3.691718836320801,1.570920893224745,-4.415213420446817,-3.7509208932247518,1.5296700467441726,-6.026036921299636,1.2280254709907494,1.666036921299634,-9.387648983776375,-1.7121359549995807,-3.4770682016161665,7.232135954999588,4.264973238053167,0.15845971347493548,-6.354058467711295,-1.1384597134749437,-0.3520525371395491,1.8169194269498714,-6.013106512628774,-0.7769194269498843,-7.028410209128471,4.172824792074555,-0.26548604801484,-5.352824792074547,0.9399559342381256,2.262066511224914,0.8630616363867077,0.5179334887750837,-0.8860725770485737,5.955278640450007,-4.6276258878199075,6.044721359549994,0.7675145877304046
203,609000,3000,66dc75bec47ea3455d6ca078acac1ce4309988cbc7d71cabbb79035be26dc274,52173354c786ad40758ec40f7b38592effe5cf2f9fed59a61c82fcc7a93b7cf1,-2.8093806066996905,-0.33259000978686076,3.809380606699695,0.7933371826594174,-1.0866252583997984,2.4286539212572475,3.2066252583998054,3.1307571178170024,-1.8529490168751561,0.5799237764266505,-5.20705098312484,3.1447874989472786,-2.0280650449500452,-0.43611667911508273,-3.011934955049954,2.832278630749036,-1.4565942021996443,1.0232102996658543,6.056594202199651,2.682730080097085,-0.04344418537486386,-2.236013288354805,2.863444185374868,0.3004073472815383,-0.5361300899000965,-4.0696390956896895,-2.503869910099912,-13.660674860007228,2.2587228258248655,0.8031275187388092,-0.5587228258248623,1.3375298832715683,0.8164937022248385,6.054961366407391,-2.7164937022248385,-2.5666014204223258,-3.1455106965997843,2.345090248711548,1.5055106965997813,-2.1781991932323437,2.2283281572999707,0.5832359001236274,1.6916718427000217,-4.686559066608146,4.697708763999666,-1.099485983281334,-2.457708763999667,1.9491358527737115,4.732035455024767,-7.231150485228285,-0.23203545502476913,-1.314710104921564,4.583118960624626,-3.974046919733058,-3.2431189606246296,0.645717492221037
204,612000,3000,8d2da68fc263aed94af0853c60de9e6c3404d7de939707fd59b04ee5de731a6e,481a94c8b7b39550765fd6086a70f4aa1c14a1f2c9f1e5e084c3277012858553,5.534264578624802,-1.8454910386393795,1.2857354213752006,4.43217360065033,-0.5904951684997051,2.676488157326872,5.670495168499714,5.281705325336601,0.44583592135002875,6.045980806875793,0.7141640786499865,-2.467005489027018,4.146424258450178,2.706359634994879,7.813575741549826,6.5093484717036185,-2.798660713424558,9.034977832400905,6.458660713424568,1.7986593807678488,-2.4528869044748465,4.987157576201547,0.6328869044748575,-1.8596395645757597,-2.9883281572999723,1.9184545985578854,-2.4516718427000304,-1.2326929679657015,10.639512162874658,3.629355389029481,3.2604878371253476,3.3996734343349244,2.4470509831248437,2.895333709782037,-0.9070509831248498,-4.939943593706287,2.1183592135001263,3.5111797243350633,4.801640786499867,-2.1935398203402543,-0.2471514830996556,-9.287743745263116,7.08715148309966,1.6726673675079309,-2.3901315561749676,-2.977086666920272,-1.629868443825037,-2.838829860637217,-0.6226548483250769,-0.5768758325473071,-2.2773451516749215,5.952244473626986,-4.723869910099907,2.262145190401779,-2.756130089900092,-1.703730946347485
205,615000,3000,97290048e387ab14dfb4036a4e81ecdd2f7ded11de3df2547522720a84f6b2e9,9b3c49f2c361c471fd37e594f7799d072ab2cb7dc02843438aa5c508deac4681,1.909767943850223,-6.252842983220381,6.650232056149782,1.86599963215207,1.0296053314751077,2.6051441505039747,3.3103946685248937,4.2912963024120065,0.31236067977500154,2.6521669706873676,0.26763932022499726,4.2152117811084056,3.98996894379985,-10.165836701639776,0.7700310562001549,4.284362747900094,-1.382128623625218,3.049122305484878,-6.077871376374769,-2.6368263435794526,-4.158459713474934,-0.8380488180055012,-2.861540286525068,-4.5134991058644935,2.9125232921501008,0.754175838341837,5.327476707849893,-3.687169484151963,0.210031056200157,13.578539578245277,3.429968943799844,-2.490635043924822,-2.154101966249682,3.927524568979495,4.55410196624968,-2.35680944500451,1.3175077640500423,0.761036375347992,2.1224922359499616,-4.2086605512202135,3.8384597134749456,-1.6200942562960374,2.5415402865250605,-9.202678664427912,-2.4544271909999176,-0.3879017577601471,-0.665572809000085,-5.497047591782932,5.7492179943245745,0.7391445183518941,-3.3292179943245683,-1.961546680808369,12.062368011149362,-7.6516172301174965,-1.6223680111493468,5.575370280418086
206,618000,3000,d4d9e85b57b7088dd18001af3d8777f955d6e87b1d46b4ff2fc36501f11abced,fe244dcee35c12f536b33f6ca469d5e37f5832344af1d5692cf6798e74318f5a,-5.6461995336747535,-4.30725554375585,-0.4138004663252456,-4.344369883053749,1.566362146049861,-7.4530439815628,-1.2063621460498681,-0.19009315845292893,2.936493702224836,-5.34699857170116,-0.5964937022248313,0.06005226245400105,4.773312629199893,-2.194540759199932,2.6266873708001026,0.06317322383911295,3.0151160280748885,-1.187790170307746,0.6448839719251107,-2.4164342555344436,-4.152724292099733,1.5642820388929006,1.3927242920997407,4.699470364072639,5.00397041007472,0.6265191446859796,-0.9439704100747243,-7.393610333344744,0.4102320561497759,0.13563631432777828,-4.3302320561497725,7.181197865971638,5.435541752799932,-0.40362470949179546,4.004458247200069,2.6946404387019203,1.707314095474766,-3.3054366316562542,-3.167314095474769,-1.2017024066319117,6.321640786499869,-0.4896177116809022,3.6383592135001277,-5.927923286987476,3.0953791404248143,0.5894048053880776,-0.7953791404248162,1.2580150934648764,6.07246117974981,-1.6843414365005667,2.0475388202501867,4.42662330962182,4.879148550549915,4.213091758582953,3.0008514494500864,-3.074062106360308
207,621000,3000,998b910fd3eb7957f99326370ff56b40fd38925acdaf96b0916265c6b2c51cf4,65c504353346f153c6bf1f1528fa167d0563bd1247f69f4d70975728bd087ab6,-1.1675772078246998,-1.9127131452174926,5.227577207824707,-3.285046182949669,-2.2552786404500025,5.301094835183538,-2.3447213595499963,4.012280342696726,-5.304821859524804,0.2798257362630826,-1.2351781404751936,3.8004864895595634,-4.547151483099653,-1.812307437274388,2.787151483099655,-2.171529818538053,-3.454465578574423,0.8961722202459346,8.75446557857444,4.759713788838512,5.8877782077743275,-0.9827387093706487,-8.46777820777432,0.6543887446346659,2.8322601798001834,-1.7535654207980182,6.767739820199816,3.8581094223701644,4.752561679724626,1.7270511941273088,-3.2525616797246215,6.902991682804166,-2.1533510167744065,7.16554793174576,10.413351016774406,-4.193438068918405,-4.867577207824701,1.700992309586115,1.5275772078246874,-3.9431745032053613,-4.775479640399635,-1.9037325856859033,3.0954796403996285,-3.384642114344975,1.636331089849718,-2.111595700890159,-4.35633108984972,-0.4112950230457414,-1.6592490505247224,8.61901531238022,4.199249050524727,-7.395848500676267,-4.096168477474606,-1.668500339962822,4.356168477474604,3.8055363111582503
208,624000,3000,d1c5d22dd686b8f6025fd0aef35d78436d3c7e7f959317687f885e1499430eb3,8983493d58d978c2843f4fad2296a4bdc5a9fd3291e5802999e8d295537a368f,-3.91616847747461,-3.217059427124082,4.536168477474594,-9.085622083399258,9.973250516799581,1.2780962350534946,1.3867494832004055,-0.3667015325057583,4.483281572999749,4.2891762798865685,-0.8832815729997606,-3.0270392861769113,0.6426548483250748,-6.0309494868858655,2.2973451516749215,0.7413826856834352,-3.228792269599525,2.0237919832935805,6.788792269599527,-5.741451559349481,-3.758498101049447,4.288175341026899,7.958498101049454,0.5473136619972618,0.6078019326001165,1.3465104428031596,3.1121980673998806,-0.9027234501341207,4.748065044950049,8.077870555647406,5.731934955049951,2.8369010004236435,-3.008954881974642,6.009558099319614,4.548954881974648,-0.28144528935868685,-3.501903898849799,10.721630453738772,0.7019038988497965,-6.884957546235206,-2.368165544924861,4.218642049611473,0.6281655449248587,-2.9129125042214907,6.332499567324322,-1.5066591060823038,-8.11249956732433,-2.666079207011536,-3.3233820729745656,-4.403730513766051,6.02338207297456,-7.505808255086583,7.049806331424736,-4.016019918317766,1.3701936685752705,2.67012808975055
209,627000,3000,ff498b87c0f50d0f49ab26c866e13e566fadb18defa36251008b49261a4166a3,d9783dcb0f3df911ddce248c4400e18bc31535abc59cea1774590dc373f69483,5.572561679724617,-3.35045757412032,-2.432561679724627,-8.274323781676644,4.2240709100495355,-0.1769906986765608,-5.704070910049537,0.6266372894920825,-2.866036921299646,2.872440913926287,4.826036921299636,0.8815232248797233,-0.6927864045000427,1.6272641004201485,-1.5872135954999558,11.572899876326744,-3.765611196574594,1.321188317303987,4.865611196574597,1.6051359538118455,1.813087904424471,-5.440043273208276,-9.233087904424487,-3.3621316431129467,0.35150923032490533,-0.24490443699638964,-1.5715092303249076,-0.6245172669666429,-0.6021670111997328,9.598560042859972,5.122167011199731,7.351710352265783,-2.9320975674250738,5.357289377210376,-4.407902432574933,-0.8422888630563826,1.0558669775501617,-4.868599586883388,4.544133022449827,-1.9049246868574494,-0.3234441853748613,5.349619063656434,2.583444185374864,-1.425333600868142,-1.2173451516749212,3.0719420838348706,0.4373451516749224,3.7911966229100083,2.364133022449837,-0.564892456436714,-1.124133022449837,-4.87041030229086,1.1795742752749574,0.952676069390753,0.24042572472504353,2.7968568620525005
210,630000,3000,a52cd2fcb5db428d727b3b8d81bc4b64d204b22f0d18c1447a5dd9173dc96eff,2cb1273fca63c2a9116347671c2525ade61d8e571c5d4b2a16efd49df03752db,-0.3820665112249187,-0.32723088107021187,1.3620665112249206,5.633375537852415,7.062430123549662,-2.901502615046503,-0.18243012354966123,-1.0046305663667372,-2.616005865099484,4.000178821780025,8.296005865099485,-2.0490410912869894,-8.240626724674659,-8.169796173488749,-1.2193732753253257,-2.2628368221434783,0.48180339887499213,-2.313289910829954,0.2581966011250172,8.506626228326494,-0.8880029325497448,1.4833388583024676,4.5680029325497395,-1.9747672853908431,-2.0987849382251698,2.581323433294299,-5.721215061774838,1.4376262840967147,-4.074852915724966,-4.561950316831615,-3.2251470842750387,-5.973827023505093,-1.0883281572999786,-2.2363225954727692,-0.5516718427000278,-2.5913049316855656,2.796656314599955,12.313163478344425,1.7233436854000508,0.407437302618603,2.733475241575015,3.4858575988358886,3.0465247584249924,0.3143195836057105,0.23104511802535488,4.280814334590921,7.7889548819746555,2.8559812031525977,1.7038315225253993,1.342579704870247,10.156168477474619,1.1451985574870938,0.8048218595248156,3.2584138114728507,-3.2648218595248117,1.2777869279355303
211,633000,3000,d42788e394901ade90a0a07918639df2e039250a93f09c9342d63d44feb208ae,d9baef573dddcc41de1dbe925fb557d957901a1db241567f8bee2f8cf884d0ba,3.2759674775249756,-2.0676938420918733,2.7840325224750258,2.6650782681518685,2.5729874044496706,-3.1428586387337045,-4.492987404449658,5.680707665153791,2.1914087303500973,8.162626329364643,4.248591269649903,-0.10738438975536801,2.941540286525058,5.655385539654612,4.238459713474936,5.650718042679667,-2.2720975674250736,-1.058823230674256,-3.747902432574931,0.6073659244512638,1.7051470842750382,-3.0806133362484953,2.5548529157249558,-0.799888412547597,1.8775077640500384,-0.5455029465897852,2.682492235949964,1.81835819773274,-1.6701315561749634,3.7141111627467303,-0.9098684438250293,0.45538804415590456,3.5982971010998184,-5.222389821924641,-0.1582971010998303,-5.330538860927463,1.6958048651498552,-5.7628429469157485,-1.2558048651498641,-1.563854586968827,3.3897058314499193,-5.545689965061935,1.6902941685500756,-1.7450853306962686,5.64800293254974,2.4179356638239473,0.19199706745025544,-6.54931959256901,2.261114561800017,0.8379306731993985,2.618885438199987,-3.057101926156797,5.034790803324656,1.9863683368776994,-2.254790803324661,0.01846158849301796
212,636000,3000,dface4f54c5d2eae87a233ddae3effccfec47fe58d7748c82f8849afe38429d3,b5eaa4f5933623a1a97f956d8ff713639bfcce01c88c169f8ac14827ebbc8f5d,5.059574275274953,2.5054300743025584,4.120425724725048,-3.2882852891408776,3.7694427190999855,-4.064161822166941,3.5905572809000055,-1.2500354727929568,-1.487213595499955,4.294034939173377,-0.5927864045000395,3.6001755431031786,-2.7899689437998467,3.3168465208312554,0.4299689437998457,4.41571388987665,1.858823325799679,-7.432653532856205,-4.938823325799685,2.9243223933964937,-5.714628190949545,-1.8621419117249265,4.034628190949551,3.9487247942338817,8.950858780824454,-0.9851680390140594,-2.8108587808244456,-2.6592186700053904,-6.373776741499461,-2.1049263261958697,5.253776741499454,3.746102662940184,0.33957427527495243,-5.313696825530068,-0.5995742752749562,1.0269498752868995,5.3632815729997505,3.1945489558920452,-0.0032815729997460324,5.549311395876878,2.95469030334984,-0.5045308868647407,-0.3546903033498424,3.3683005483773982,3.6614781741247566,-8.494907032033543,-1.481478174124755,3.7924338513818836,0.49698153935018363,2.1091663712467503,4.343018460649814,-2.902312391594293,14.147677707799522,1.2960573541166789,3.7723222922004873,-0.5658933952963755
213,639000,3000,70c2f8058dac1bed585393c95ca2bbf2894904f006734b815bc38afd2bf3e939,2163468502fc0f9d9134688ce3dc2011448ccee21c74a28c293c6d097e143bbd,6.228691769624721,-1.6822214139751295,0.19130823037528483,4.848518445294765,3.7916097302997285,5.296236175896707,-2.1116097302997208,-2.6149344865833624,-3.1928869044748507,2.300187451053583,-0.10711309552514425,-1.6802195362557892,-5.808691769624714,1.110895872456334,0.2286917696247189,1.2648756304710271,-1.0567568145747679,-2.5215804779582665,3.9967568145747685,1.0176600086373393,-0.538560213449748,-0.9675162270688378,4.73856021344975,-5.750122811763104,2.377770876399969,3.4984595891824237,1.662229123600033,-4.724910634377912,3.4830184606498227,2.6451882888751146,-0.3630184606498199,-2.8338981838446378,2.376393202250018,-0.053692194877685354,2.8236067977499797,-4.081313164682321,-3.2607893370497862,-1.452466441774785,1.3007893370497852,-0.37194251641630377,1.4588854381999863,2.4314655755243897,1.1011145618000118,-2.9134129736513255,-2.7007893370497866,-0.6102957235245023,1.8607893370497819,-2.585254171227215,-0.7095432190748012,4.845088176791686,3.4495432190747937,1.9429669475092481,-2.8882660448996766,7.23527238547304,4.088266044899676,-5.412100655753836
214,642000,3000,6cc26bef4eef42881f70406cba28533a4bb2e48606a7ec214c277bc4a8f2a329,d8b3141f8f761614b48afa7919165a7b6bd4c24ac65ab6296bcd23695aa65c3f,1.4989475506002852,-0.6385476480969201,7.581052449399711,-1.6038257078342109,3.285348084224666,1.623097072875026,-3.8253480842246663,-1.520380180094607,0.9342261910502911,4.0027993137353,7.105773808949705,-3.414322429701127,1.3593111629250334,4.737321462412589,1.9406888370749746,3.13811812425299,-0.6177708763999569,7.428031163181591,0.09777087639996254,5.589664841365998,-2.5216407864998764,3.074253268672173,0.1616407864998729,-0.4657969944712347,8.9569578145244,-0.5262315815489684,-4.056957814524387,0.9365256657350487,-2.9040709100495374,2.259333536134639,7.0240709100495335,4.340439145120842,0.09321212922507863,-9.089479803826391,1.926787870774912,-6.984508350330191,4.266787870774907,-6.5881716297686115,2.4332121292250894,-3.5459828787956575,10.580928224599118,-3.9180435400180738,-8.380928224599108,0.4700370395221163,6.320301499924432,-8.023869053651767,-5.620301499924433,4.136124443225777,7.643281572999758,-4.065162761026616,2.2767184270002523,2.324317475381219,11.639450050474366,-2.1401569325805467,-2.17945005047435,-2.3215788386198417
215,645000,3000,8da4a366617f306ac27fa64d3fc16d65573ff8c46665f0571db575cf263d4a6e,501c62c55a4cb01030c402e8e81e96b4d7eff1b542680905aac24525c1294f62,2.677445651649733,-0.3778021145627893,-2.957445651649733,-1.6003954393311315,3.4611766742003236,2.0718157423366423,10.258823325799666,-9.391889028827276,3.066625258399797,-1.5063497989643404,-1.2266252583998032,0.22563307195556057,2.8690169943749506,-2.6549786249545075,1.750983005625051,1.8289583103599318,-0.7006267246746732,0.04590373651762388,6.320626724674667,-4.072332605150735,-4.695379140424822,-2.1528770677331703,-0.8046208595751868,-4.852949652657506,-3.567251983074474,7.018237548425355,7.747251983074474,2.339731119994886,-2.030758280849633,1.4557055479659982,5.750758280849629,4.790085735936372,4.625348084224669,5.741952028779335,-2.4853480842246682,0.23661550920649782,-3.870920893224751,-1.3970816762957283,1.4509208932247468,-6.331047527049437,-0.5508203932499365,-1.6028247689745392,0.7908203932499359,-2.9358053000772566,0.5012150617748306,1.6915112806246837,-3.1212150617748327,-2.0564020977229696,0.7583592135001244,-5.859700241549689,3.4416407864998737,4.632484547106723,2.457082039324993,1.9008027866126755,2.322917960675007,1.8582111737920108
216,648000,3000,32e4d8cd1fd8559dc354774869df629d3440683678032c533f9262c9fd1cdb82,b1c87fb7153ad961340a460d523f24e6a2ac12f1d484a3b5bbd063b658b01cf2,-1.5980339887498962,-5.362029891691097,0.6380339887498971,1.7856750657975828,-3.527050983124841,9.551227915558636,-0.17294901687515518,4.536082594602293,2.0295432190748026,0.0644834698167422,-2.1295432190748027,1.5119000899928516,-4.5151160280748925,-1.7143310589746803,-2.1448839719251125,-4.371620868766493,4.0646592471497,0.6480286770583373,-2.4646592471496946,-0.28294669764818714,-4.408428657274786,1.0836448867435886,0.10842865727478501,-1.328048854310135,-2.6073762078750757,-0.943195040429333,-4.172623792124933,-4.683629267534908,-4.113150016824788,-0.770826711427382,0.49315001682478277,3.203720677735503,7.010169943749467,1.0413625810409024,-4.170169943749477,-2.195350535747725,3.602755348299884,-5.1319656123727935,1.2772446517001095,-0.5430736169463763,5.9494811066745035,5.48825819456321,-4.649481106674507,-4.967194579419016,-2.896331089849715,-2.4242227138945003,3.0963310898497176,-6.9658555995253,-0.8558048651498662,-2.343279533304073,2.095804865149864,-0.29161795006181745,9.960526224699874,-1.0375048606137587,6.919473775300147,12.396918313201995
217,651000,3000,66a054270e02c92bf937c323b4ae42d5660e40145f46a5c70dc1cde31584b1ce,9dd56ae61c69eb76654fa260e13528a2b37e1166610a3b8076ddbe11b27cd11e,5.070983005625052,-3.273563276268897,6.18901699437494,-7.1227651566132435,-3.084721359550003,-8.128132482022012,-2.9952786404500054,-7.1789596986400985,4.945348084224665,3.853560070201316,-2.165348084224668,-1.9819371295149606,-3.2671130955251475,3.649937000047955,-6.352886904474853,1.8352002331301522,-1.4090169943749469,-0.6632511593601466,-0.2909830056250513,6.687458254045963,0.021014061825205294,2.3171476312570998,4.3589859381748015,1.6949415491277624,5.189806331424733,-6.171635622812326,-0.4898063314247346,-8.388141256514098,0.22901699437494744,3.0951441868085965,-0.8890169943749466,0.8614420832911039,-1.1009519494248978,6.709659418160021,1.000951949424898,1.3078495679154136,8.612399067349507,-0.7693253031378817,-1.8523990673495079,-2.1578087445257523,8.622167011199744,3.1521485053832543,2.897832988800271,-2.8885913175819913,2.5386223258500586,2.9162246279184694,3.7013776741499447,-3.6127045159439466,3.237445651649733,1.1004869221410016,-2.39744565164974,-5.523488800947868,8.205185471849543,-5.284134654980027,-1.365185471849548,-0.6371192573131774
218,654000,3000,d0ff8b3dbc8c4698ce3e50a5fd96ec65089fbd6f13bc47833993aea0f88f2134,a4e4502cdc295d6b4af128da5dcce177f662c8ceb9d3ee5409e6ee5ee1836118,-4.280526224699865,-0.06436532501064321,-1.2394737753001408,6.058700942028437,2.792623792124927,-2.360740182937419,1.2273762078750723,-1.8796025613582805,-6.41882332579967,2.7235109775102693,0.378823325799681,5.205620804032988,-2.955479640399623,-1.2936280244732719,4.915479640399633,3.8795008099364225,-0.2128247920745517,3.006148368040492,9.31282479207453,2.9619372021242305,-1.465185471849548,1.895443657896022,8.105185471849554,-2.9818271814009947,9.582430123549656,4.915622407066772,2.3375698764503507,1.8288401655538364,3.3598373876248826,8.061838296797797,0.9001626123751185,8.13687675194141,0.8769815393501766,-4.070831196861227,4.7230184606498185,-5.4074331587788835,2.2420281236504054,5.139827088238598,10.917971876349576,-3.5527703982960372,-2.903506297775164,3.7064408491927763,-6.436493702224842,-0.1276566936558589,-2.1177708763999625,2.4843479938542674,-1.4022291236000337,0.06336438615097797,-8.191609730299724,-7.3309375789354565,-2.2883902697002774,3.3551980886010373,-2.7990480505750996,-0.28768721212890047,-4.9009519494249005,0.2953575256828579
219,657000,3000,ba1a5386ae3c5c5ad369ec71b25701fce5c7d764b67f2eb084d05a4725cf79f3,f4e6debf61c2d980979233ff7623dca6f2ef25df0383a5e8e62e55ad04289f78,0.6495432190748017,0.5581049369363225,-3.5095432190748075,-6.857588415716374,0.09914855054991079,-1.347511381662823,-1.779148550549906,4.477076398308289,0.5044582472000614,-10.866938959339855,1.9355417527999352,6.269420838800163,5.657871376374772,-3.0471204277655364,0.9621286236252162,-4.511879552768881,7.845611196574594,-1.5631629552271284,-0.7856111965745967,-0.7032222802255221,-2.517082039324993,3.313916721758013,-2.382917960675006,2.8892829493236927,-4.33016994374946,1.5850548122232235,6.850169943749474,-1.543891590186312,1.004883971925115,7.907622249170894,3.3751160280748884,-4.6285538091738205,4.025348084224666,-4.523598749061862,-3.0853480842246706,-3.058603334446303,3.9011529493745263,-0.47034634664008096,-6.161152949374532,-6.809755818985176,1.9224922359499619,-4.185458448246486,1.1175077640500355,-3.6907909149668985,-0.18101406182520494,-1.5775026434753667,-4.518985938174795,-5.443664704023225,-0.4987228258248678,-5.415221617138944,2.318722825824868,-4.082814572971823,2.522755348299888,-3.592314067237358,0.19724465170010913,0.19819092393095317
220,660000,3000,425dd7d2fe26c036dce6f3056f3ab6300751c7b4bf4cd25c46dad96efd44d6f6,0f7a3a9ba97b7ff3e39145a2912e9c39160c3df77166113fd9454a7b606ee57a,-1.1323606797749968,-3.1581262483358463,-1.0876393202250072,-7.734871595545201,7.953900966300063,-0.008671252413625236,9.206099033699953,2.9913082103623974,2.528653382050198,-3.1931205651083063,6.9113466179497935,1.33864896693732,1.501602398925363,-3.920973339091311,9.238397601074647,-1.0563939010308514,-0.8766947021744569,1.3724511825382573,10.616694702174478,2.3728417038541196,-9.465711696549386,5.947886283770001,3.145711696549402,-7.837515470819868,-0.6049223594996247,2.0423717165927,7.444922359499617,-0.15721886420590647,-1.4903946685248934,2.9359234448833598,0.7903946685248964,5.967776263046754,0.5126237921249304,5.177869348890408,-1.05262379212493,-3.529258988204346,1.8848839719251116,-5.00592847181253,4.255116028074894,0.954295622486363,1.072298567374693,-7.138724397957086,-5.4122985673747035,-3.6759507572888133,0.13756987645033664,0.19676253314721476,7.382430123549657,-3.2956462955768635,-3.6237072977247906,0.38778361295405284,0.8037072977247943,-2.0735534402383498,0.1515092303249073,2.2416817241894194,-1.7715092303249067,7.431343286878572
221,663000,3000,2b463bcfc3f456755855540b59fdf78ae826a9c4cbc895dea01d948dc4fd07ec,b065ce461a45a4c7bdfdefe74a1fee6de72ac834e9d02170904eb5bd6e60ad7c,2.9076393202249995,-5.958295234085314,2.9523606797749977,1.0491510394009587,0.5534752415750163,4.669717031210723,0.866524758424984,4.778675846761367,-7.390758280849649,-4.017757616219474,0.3907582808496293,-7.109544552030768,-2.990758280849636,1.3616599075991986,4.790758280849642,4.94225477854359,1.7901936685752695,2.7696058763397553,7.469806331424726,-3.5456005541719313,-0.7754412528251228,1.2410549132613697,-3.324558747174883,-3.9645658907716275,0.9929490168751598,8.825067712176986,4.347050983124837,-7.899378448681343,-0.30285584827470136,5.030558965569994,6.002855848274714,3.0039102007089444,9.660464112299568,-1.059323700104091,0.17953588770044995,2.3945423985383436,3.527213595499961,-4.415522727564787,2.6327864045000444,-1.3620422322229315,9.572824792074561,-2.2416817241894256,0.04717520792545024,-7.43134328687857,5.649117494349761,-1.864188916744602,0.5508825056502396,-8.722660126514542,3.1100310562001523,0.9753777029346526,6.329968943799853,1.6542787965206782,1.020263112349931,6.323259068689381,-0.5002631123499326,-9.550727446128786
222,666000,3000,26878907bd0ee0d10e908fb1aba40f5eafb1c2a4addcf1764174a4ccb4db459f,78f7e928517766ce45f93e156568915bcfd7b89d202d0115a530c0e0d0a6e63a,7.509543219074799,-2.6487367021842934,3.350456780925191,-4.475957314642521,-1.372260179800186,1.234503683373177,-5.307739820199821,-0.5513625447362704,-6.285348084224671,3.0366384599444394,0.825348084224673,9.97300490642545,5.153150016824795,0.57749444678324,0.5468499831752157,-0.16881991569277577,-5.701215061774829,8.129633890311522,-2.078784938225169,1.817430276378835,-2.0909208932247534,3.2095802758819896,3.2309208932247517,3.823688592533301,1.7362305898749042,-1.5314807621516382,-0.2762305898749041,-1.9453962771526567,1.6264242584501767,1.367283216133485,5.293575741549823,-7.14608540439307,-5.609806331424744,-6.363539496672722,0.06980633142473255,1.5347198683428396,-1.5654101966249518,3.7203530855169444,-0.8945898033750369,-5.849527580846552,6.6808898370245995,2.048540621857148,-1.860889837024596,5.7873552958671155,-5.897832988800264,6.385240191356949,-11.622167011199723,0.8970550142995088,-7.410820393249943,-3.778785794875338,-6.0691796067500565,2.7116006189054365,0.9173451516749143,-5.670489877150312,-0.7373451516749174,8.324394545739388
223,669000,3000,04212a26596736a5d9df5faec409bae4d6f8c6971ec6feaa76888936892b9c02,49b9e8f42cc9b7beadfe8ac5b666a9923fa1df87511a50ff8d18871228d69a25,2.424295634824951,-1.3290497931698093,1.3957043651750538,2.490708061430586,1.478033988749885,0.1529788191550291,-0.7580339887498939,1.198581445246814,-5.799411662899839,-2.673631375759397,-2.400588337100167,8.49421540029183,-3.3418033988749944,-0.673159640245646,-3.118196601125007,-1.8880826514600306,5.10741459544959,-2.8227976017876126,-3.7474145954495848,-2.322889084597476,4.758660713424564,-2.270934587621502,-4.498660713424571,-2.8755618753113885,0.724558747174884,4.020068801056784,-1.824558747174878,2.852550934649528,1.0606888370749743,-1.9821282918268306,0.4793111629250224,0.8253286828528721,4.924195134850141,0.6343076030460292,7.875804865149871,0.7600354364883145,5.608065044950035,-3.0238001799857055,6.591934955049959,0.1289669396334897,6.321215061774826,0.8929331140547202,2.698784938225165,0.3415705693184477,6.07452769097474,7.877750771502881,0.3054723090252694,-5.856196955540847,0.2794737753001456,-0.927736268515319,3.320526224699859,4.053061240109906,3.1665247584249974,3.6113942699663144,2.853475241575014,3.5988652971255397
224,672000,3000,cd6ca1711892c2c726c9194a9c79a865feb1e21204df73866cf84f6880375161,a6d422b0a7e2a2fb00b5cc1470968013d8c908bfc40d85d1b1c8cd81de532fe9,0.9102320561497722,-8.592692248021377,-3.8302320561497756,1.3136361485561356,4.044396134799763,2.91422275019913,-0.964396134799764,3.5360013804043993,-4.531184005574683,4.006538889356348,2.3111840055746753,-0.7833556842681513,3.0091796067500645,0.23068289355424115,4.350820393249942,3.4546758751902384,9.196331089849718,3.5614416507096682,3.2036689101502858,2.148518877876194,1.3952165280496993,-3.258914280902691,-4.955216528049703,0.5093895461515572,0.9401626123751117,-7.083030325360062,3.399837387624881,-6.743343488954843,5.684984471899923,1.059323700104088,4.075015528100072,-2.394542398538345,4.458196601125015,6.020658681376627,4.681803398875001,0.04085391491894149,-1.1259364213248293,-0.622324226935439,2.58593642132482,-11.582690212406154,10.724759747124521,1.5413441157367946,0.21524025287548926,-9.299153634438111,4.734427190999913,-2.5535719781517234,2.9455728090000797,-0.6318782734026313,-1.5212150617748286,3.1732305858315515,2.1012150617748255,-6.240240992873835,-1.4332121292250846,-8.311246958662684,-3.2667878707749116,7.323194247875734
225,675000,3000,26827a89f2988ebdc65701e4427c650ea1724daf0ed55f0fb8104a17ccd93193,24aa971add5ae8870d5e7551829a5935c36b2d3a21e0aa4d568d8e4e47b68630,-2.3931500168247832,2.9260149639978685,2.2131500168247817,-2.6077646424592436,6.043707297724789,-1.0769755120493076,1.6162927022752178,5.485446540296061,2.1912461179749796,-0.6097952540946692,1.7887538820250213,-4.3724306453143,7.2530495168499725,-4.066399989498483,6.626950483150023,-9.242531640487192,3.7021670111997227,2.734802721879163,-2.022167011199731,0.8490312552564384,-3.6388854381999836,-2.7535736174901464,-3.2811145618000146,-1.754375197345824,-1.318134488724706,3.2721348854851624,4.898134488724705,0.23480479379901864,1.1467878707749146,2.1758880083950394,-0.6867878707749069,6.602083866092792,4.472623792124924,5.189588545183364,2.9073762078750724,2.576464774007491,7.588203932499381,1.1364091602673732,-5.82820393249937,-5.921872526529113,1.8559053651246722,-2.4503546159414693,-5.075905365124677,-5.562532000459348,1.5137383539249436,-4.441654629611769,0.3062616460750574,0.04128136684301468,1.9520975674250687,4.994636727443627,3.42790243257493,3.402293926290189,5.32078933704979,-0.035731075814492946,0.7592106629502128,-4.280505027472946
226,678000,3000,a58e63766a9ae8c07212498840305377e0b3435c8fbc7f2f53686409d901c170,ea2bbb252587be9926a53c7f63a5082878c6a62d66b1401d70ab17e7ad9f61ad,-5.699086438149601,-0.5636552279648263,2.61908643814961,6.696438813577552,-1.268916494400135,-1.9414655392197526,-4.131083505599866,-0.5164412454695697,-5.440526224699847,3.1485270745683205,-2.3994737753001445,2.051042969006328,0.11448930340021655,2.1150259693932307,4.7655106965997795,0.1505494895116195,-3.633413129174713,-4.547183176659309,2.4934131291747152,9.22892871128097,-4.945611196574596,1.2368148682104874,3.6856111965745937,-4.8083561621175175,-0.766888370749725,4.747685285427575,5.046888370749709,-9.893608261424864,-2.8415786740995737,-1.9717193415114989,6.28157867409957,7.6136931142717765,1.755317028024515,5.1042141572302,-8.575317028024507,-0.2626743937476954,3.587314095474768,-4.954474444266391,-1.2873140954747728,-2.956887380525545,-4.004133022449842,-2.1176464613485044,-0.5158669775501691,1.214731848902521,1.8831810730249379,7.567980540066009,0.4968189269750636,1.3651631936080393,1.5052475842498503,2.6809193646896117,-1.625247584249852,1.4466068436283008,-0.18541019662496921,6.349818422660414,0.48541019662496687,-0.49173773420633726
227,681000,3000,5408a408472df2f06b49ada8770099bd60c82c84de888d0001e6505b0b9f0135,909e4bef2d364b54811d1441f4ea485beb7e1e7905396ff777eabaaf735ba31a,0.05888543819998199,-5.3654601601941625,-0.29888543819998,2.0464205993317064,-3.0971825392998085,-5.013098315936655,1.0171825392998035,-1.4159255894124874,3.533475241575012,-6.396650080531959,3.8465247584249864,-4.111066497544243,-6.015053915674595,6.339527617151194,2.7950539156745817,0.2904988663960412,-1.012035455024761,3.7143023250586,3.952035455024761,-4.223500708898281,-6.287577207824689,-2.618674062204401,0.10757720782469547,-7.927202921329694,-6.715417527999327,4.76002309595648,7.5954175279993335,1.9955400587211656,-1.6112461179749815,5.1659589902855725,-1.2087538820250232,-4.956093997361992,5.0374456516497395,2.0114993000650117,-0.5974456516497321,2.1894909376012412,10.020626724674674,1.0925073014690796,2.9993732753253295,-8.998245817726762,5.232623792124926,-6.104222353922334,3.6673762078750705,-5.3498102259682865,1.8831810730249332,-1.5007995079358225,0.4968189269750641,0.3867826740943813,0.010657780874826356,8.137304203865469,-3.7906577808748234,2.400475014190601,-0.9487538820250212,-4.701590386598084,-1.3512461179749833,1.1423869032199567
228,684000,3000,626c2df52c9fa754c185da0fa9233c8773fdf99ed38eea2900a27d2bddbc565f,57479432243ae29121ed71f5e9526c5bd2b1060d5e64a3516e83d79d753023be,2.0761300899000874,-7.271622075523494,4.043869910099908,-4.6518289296533135,3.3764937022248396,1.2802162575789346,-0.1564937022248335,0.05519360316718579,4.717770876399966,10.642734278168021,4.002229123600029,-0.8878102749502792,-4.6881034325245565,-3.4465050922064453,4.7481034325245535,-0.973448842721088,0.7655728090000868,6.8683796906554395,2.5544271909999137,-2.011308137753148,-4.570332556124598,6.204509917059349,4.150332556124595,-1.1072744416413915,-3.6938388538997544,2.158382231461354,1.4938388538997505,-14.805991562300472,3.403606797749977,2.515647862306022,2.9563932022500254,8.178967895332217,-0.20216701119972663,3.579402769772858,5.522167011199738,1.9493270150855728,5.301152949374524,2.236013288354796,-4.761152949374526,-0.30040734728153295,-0.31315001682478383,-2.8473099507389796,4.293150016824785,1.289506124228497,-3.578297101099816,3.553962499467585,0.17829710109982005,-3.1134146129897533,1.6659364213248236,1.412804628027377,-2.0459364213248272,-1.860640503435423,-2.8129874044496694,-3.497458650322752,4.252987404449669,1.1505576862037419
229,687000,3000,b356c8360faf7d73d328a09961810709fa96333e9f2737ec60c1d5b00324af63,50906d504754dc0935dd2c990f608a01340a1d3ff543ac21fed6797de1b4b950,13.780990336999452,2.5921147082333693,1.2590096630005925,-1.1317867905927612,-3.011346617949793,1.1628503694323151,1.371346617949792,-4.433483846627973,-6.735317028024514,2.6866608180300044,3.5953170280245152,-3.071132307287069,0.6634057978003577,8.609461265912998,8.17659420219966,6.740413689881612,1.171083505599867,0.7880961987488667,-1.691083505599868,3.063152686615142,8.405348084224661,-3.3789006610045993,1.2946519157753302,-2.6140065652294577,-3.8456111965745796,2.7482144887734994,4.785611196574591,-3.0856631578471743,-0.4056733089748926,1.8144274597998291,1.7856733089748948,2.5934249542110015,2.461215061774833,0.8747808326796725,-1.1612150617748256,5.2196511851632685,3.963869910099916,-0.5993863037793404,1.99613008990009,2.4159337861046075,3.9684286572747967,7.28703572013717,-0.5484286572747941,-6.431571379798651,1.3969815393501819,2.5240828251074405,5.243018460649819,-9.953542379072761,3.4609519494248957,1.0190432721207436,1.3590480505750946,-10.410549976324267,-1.6290169943749466,0.2398546153977026,-0.5109830056250528,-1.3238088092592593
230,690000,3000,b935992071b9bed80c99309e502c7ac4675caab30c1575eede89e9af128d21cf,e96295d9a6ca915bbaeff3bb064763709842e7c57f496b72ced633ba8c665fbb,4.541903898849802,-1.1332151813765026,0.3380961011501972,-9.480075071047567,-0.5242956348249539,-0.2414741684933073,0.5042956348249542,-0.8852628005007673,2.5757043651750413,-4.547419466271527,3.604295634824946,-5.912273352761587,-3.666725758374612,3.445076701422708,4.606725758374602,-5.914511520093132,-0.6509208932247464,0.9845494247781125,4.670920893224748,-3.1242058879288233,3.720789337049786,0.35479117390092035,-0.840789337049785,-0.1487387741041488,4.145874308924524,4.072332605150726,-6.005874308924517,0.045903736517626886,4.921114561800014,3.0324714323993227,5.2788854381999775,-3.120275149995906,0.6998373876248848,-4.509259060813606,-1.759837387624883,1.6818390893513977,3.3545276909747224,-5.070721248747247,-2.4145276909747353,-3.4493167464735883,1.7355417527999302,-0.4869972197256248,0.30445824720006154,-7.293204625401619,8.961315561749648,2.0175500605233654,1.358684438250358,0.5634640656529734,1.661640786499872,4.568692709031675,-1.021640786499876,-2.1182650755844414,-4.1074145954495815,2.255284653395626,4.747414595449582,-1.1822398792792352
231,693000,3000,91735bbaa46d1042f417a8c4dd8c573ecfc392aa92030851ae50dc8a4d6dfc68,bb6c5d311367845ab2603536626e1b1edbe619caeb430cbe9d2d376745803c47,2.8265247584249846,1.3274302400742044,2.513475241575014,-4.6997796711906155,0.833312629199894,-2.1578087445257528,-1.3133126291998978,0.7693253031378814,9.161416061724461,5.347999510560819,-2.421416061724457,-3.634405210628174,0.5759674775249751,-4.330457646729581,0.08403252247502523,-1.414615343434848,4.229342219125184,4.858809250803991,8.030657780874828,0.8999848133727455,-4.0049844718999354,-6.710159887589849,-2.3950155281000804,0.47932690617167173,-3.222066511224918,-7.088271309270605,-1.4779334887750848,-4.012780812126563,-3.195154415649397,-0.09023304723998365,9.595154415649384,-9.466353997035295,2.666787870774918,5.8335683395027145,0.833212129225084,-3.229160948040773,7.037445651649736,0.7644666438510608,1.4025543483502623,-4.469406084754339,2.2132121292250835,-3.0301602475620157,4.046787870774914,-1.136718467385337,-0.8750155281000738,0.5832359001236274,-2.484984471899927,-4.686559066608142,1.1916718427000301,11.284521032456137,1.7283281572999771,5.1341586524039835,-3.1096437190496213,-1.1911022940047236,5.02964371904963,5.414912310020975
232,696000,3000,00a7f4438e27a56fe9f302315ec29ddb6af2ba9bf15840ea34df0cc5cb6f532c,b7730cd9bf692be51b1416b9db4799b7fcf4288697d74e34b33f388e168b3310,1.7744271909999187,3.8675904513315933,-0.014427190999919189,-0.13320698468437486,-2.124922359499626,-3.3717308168804796,5.92492235949962,-0.24378535333061543,-1.9557427527495572,2.841568497398597,7.435742752749562,3.2282330266868633,-1.4303946685248956,-1.1032255589023776,0.8503946685248923,-0.6818308926592653,11.197019926924687,-2.124816305472631,4.622980073075307,-1.1554893629963272,6.589868443825033,-5.619654463840112,7.350131556174975,-1.370213015206722,1.9769194269498724,-0.7410733785654683,-0.6169194269498804,-3.13923720791876,7.916331089849718,3.2391424464320346,1.9236689101502846,2.159619459933221,-2.129117494349766,0.6334978264982364,2.9691174943497662,-0.34450036839169446,0.9679024325749275,1.7324833403497364,-0.5079024325749298,-0.5064597470783134,-1.4414781741247553,-1.3561096165706872,3.701478174124751,-4.781105176404775,-1.5699689437998479,1.0022012367233255,1.6499689437998437,-6.215110029686542,1.330232056149775,-2.5511426485083213,-3.4102320561497756,2.6817291412374176,3.080851449450088,1.2861940005315227,4.959148550549922,10.678656516294417
233,699000,3000,517365229b59b234d37fcae6e36f74d318813b5e33196673841a9266385011c2,5b2a7e04b0fb5413ec7bb8f4fffce0c5d1f44ce58fbb11b4d1239174799e865a,-1.444396134799763,1.89868276408723,3.564396134799768,1.4363160381190712,5.917182539299809,2.2383244731921095,1.8028174607001899,-4.557400964662785,-0.8115092303249148,-3.9837191110063452,1.1115092303249148,7.211378650757613,-4.133575741549825,2.073244133120387,-0.4664242584501741,-2.5039286660130506,-2.705084971874734,9.905209312911735,2.885084971874741,3.282808015618132,-2.250069443774662,-5.587162494216823,4.950069443774665,-1.5078512072538415,0.7305572809000097,1.6181653960824474,0.909442719099993,4.1018947757007815,1.697345151674924,4.879390861822437,0.04265484832507585,-0.6644883878320231,8.781679174074402,0.30221806268900564,-4.321679174074383,-0.23380385493934897,5.837546151624551,1.1990819146766512,-3.777546151624545,-1.940155293242106,1.0552165280496992,-1.4885798422130185,-5.295216528049689,4.705329962219131,-1.354852915724965,-3.0285406944664146,-0.5051470842750434,1.072353142374692,0.754814528150448,6.710778501825819,10.325185471849545,5.304097651762516,5.085611196574599,-1.133479361194131,-3.5456111965745927,7.448303467082084
234,702000,3000,4b18d352fc3403659cc8c00d91bb6d86c9d331aa571a7ad82f0cb8b93b992bde,6053cbad501768b14681cfa3c09c7eaeb5d4ee2e05a6135321b1e5ec44a4ecdb,3.796393202250021,2.206451117804755,4.24360679774998,1.363661785318535,3.1264626460246796,-2.7667942220726243,-3.626462646024686,-2.498569537296407,-3.423382072974563,4.336699569499799,5.9233820729745466,-4.890300281567617,3.2122601798001824,-0.22482329540776014,7.147739820199815,-0.40181399408432605,3.73734515167492,0.8834520850932965,2.0826548483250793,2.2283429748008574,2.9230184606498106,-2.19292120610432,-0.9230184606498184,2.2722448335991388,6.831121893174377,4.021260902228319,-6.4511218931743795,-5.4006907665788315,0.5785218258752435,-3.556892298540828,5.721478174124752,1.5869836724367907,0.2457354213752031,1.8061385320099406,4.494264578624797,-3.773044341534961,8.026826258349418,-1.3753809816115066,-4.226826258349418,-3.89927264440707,-0.06668737080010306,-0.14873877410414682,-2.2133126291998977,-0.35479117390092024,1.078722825824868,-0.5058411328423764,-1.7387228258248626,4.050941217584473,9.379186938124425,-3.0150107827659807,-2.9191869381244158,4.708259761292368,1.5283281572999738,-0.10009640082514827,0.9916718427000246,1.778195914555495
235,705000,3000,02ea41e359489d1e674c433811d487e1652492c318134504c2397e0a2b849268,a752e72022f43c7a6dc0b18892b76958f59d55b601e017764c0cd88484b8196a,7.43410196624968,-2.8554807337227706,0.7258980337503137,2.4936378605038234,6.836656314599944,-4.635105039061999,5.76334368540005,-4.494418903135541,-1.6732505167996006,2.81007746663498,6.913250516799599,-0.20848172944018187,4.7676393202250065,-1.3750716744935396,4.812360679775007,-1.0075603654399798,-5.265084971874741,1.6077564457671154,0.3250849718747388,-2.68646965571813,-1.1139009663000599,1.1943414001959312,-2.3660990336999412,-0.9967690905009129,6.938660713424562,-0.18315960394101477,-2.3186607134245683,-5.317936870580937,3.3120975674250737,-1.5058493295345001,4.787902432574935,-1.5615434021315264,-0.09177234267483626,-2.394233091420381,3.3517723426748427,1.8323885788630132,5.072298567374702,4.295536347462882,-1.4122985673746966,-1.7613538791580825,3.546725758374611,1.9044242174276138,-4.726725758374617,-3.0814231127962906,8.298823325799688,0.5497429916406684,1.5011766742003192,-0.9745679263868534,-0.1991485505499139,3.7846453930218242,1.6791485505499135,0.341261262200486,1.393838853899757,1.3927234864387539,-3.7938388538997563,-2.0833437763177467
236,708000,3000,2c83acffac34535891816202c5daa30a2d3b2e4085fde6705507b0070cd2e3cc,78de832ca0a9234e55fd691adf29594c282a292e1b7fb9741ed30df76ef6a81b,-0.045147084275044685,1.1208043533418222,-0.8948529157249528,9.840416535977038,0.10042572472503533,-3.1732305858315586,1.039574275274967,6.240240992873845,0.16790243257492943,-1.3710227917545244,-1.3079024325749316,4.5151186589601,3.2403636123247392,-5.110264917688556,-2.2603636123247397,1.8887012656959767,-5.164821859524809,8.729020194090864,-1.0951781404751884,-0.5985035097257727,-2.4960679774997874,-1.0738545506641932,1.9760679774997911,2.332988727794845,4.2247834719503,-0.19190387386040006,10.575216528049722,9.922861124856952,1.581215061774825,-3.75265389282837,-2.0412150617748295,1.3082770198394833,-3.0467878707749176,-1.9230039507267367,-1.2132121292250844,-2.502809582347284,7.786888370749744,2.7366134372866355,1.9731116292502688,-1.6207858880377204,4.006524758424982,-0.622515389247306,3.69347524157501,-6.903801459351967,4.327515095424389,3.1508382594056235,-8.5075150954244,-2.2059506483749174,5.562654848325075,0.7448129541865119,7.217345151674926,5.770203953351729,2.69856021344975,0.29285517853368814,-2.578560213449744,9.223569582564323
237,711000,3000,955cc65e49602df0b2a9c570a4a049039c2b3bc33697c29619d7b96b648309e9,023fdb8dd482afd65b154409492b6a0a6d92725ace42535b497c5b16b7b51ec6,4.088428657274786,0.22351304943012001,-0.4284286572747845,1.084454663291391,6.890007331374357,3.861848997991204,-6.7500073313743565,4.384532166231007,-4.913413129174714,6.310465916030975,1.2134131291747128,0.16739152490903167,-4.659875775199399,-2.0270310894847827,8.219875775199396,1.323308339829417,-0.11979900005037744,0.20405052207743912,-8.080200999949621,6.64517594834328,3.0434825729493737,0.5890954982701113,-10.283482572949378,-1.63369718550222,1.0468499831752178,3.3011965866053714,5.653150016824787,0.3579121352860293,13.600301499924427,-2.0618342439453903,1.659698500075566,5.717940149257785,2.859311162925026,-0.3912138814571299,3.4406888370749718,2.334298973772474,5.107739820199809,-4.994327420325677,1.1722601798001875,-0.5105816473230924,-1.880200999949631,-7.605831638405952,6.080200999949619,-6.067563356753931,-3.4141640786499887,2.6996902603006028,-3.145835921350012,2.3519507857176967,2.578560213449752,-1.5422720370907077,-2.6985602134497477,0.6240167975368087,0.477569876450346,3.1717291775420438,7.7224301235496595,-0.8787115706125832
238,714000,3000,9b40099ad1ab5037769307052b5d55e0dedf08e763362c8845c2fc2ca0999c1e,410270bcc5f4157569e282e40ed0be884f1599402561aa7547f19a99ef5d7445,1.6808514494500906,0.3608419343592736,3.559148550549913,-1.7747656460524208,0.7947524157501518,3.3341890256584925,3.9252475842498535,-1.5669025308481725,-1.381540286525064,-0.2501454209069246,-2.67845971347494,2.1060454098616437,-4.483807797699612,-8.273632149934947,3.9238077976996006,-3.1156076530209638,-2.1520975674250744,1.532290538699446,-3.627902432574928,3.0499320820326807,-1.2134752415750154,-6.95968669426085,-1.5265247584249804,8.368796873967533,-2.199775275224574,10.854336968993302,6.69977527522457,-1.2301906208165405,-0.5776082640248587,-4.61702577519272,2.597608264024848,2.8769902660951283,1.4867257583746123,-3.461845719314357,-6.786725758374603,-2.139538318344602,0.14869176962471845,-2.113906885727466,-5.888691769624717,3.845698594335504,5.576493702224838,0.8798306542783504,2.0435062977751706,7.167977261389169,2.1316718427000247,2.1568078056660838,2.6683281572999773,2.805027645036293,7.547902432574934,-1.7793149982212715,6.0720975674250734,-4.096344484672269,-7.2871514830996515,0.4429772161212358,0.047151483099653474,-3.3537696978172855
239,717000,3000,e6509dc4f63a9fc42e345365b0b2cbb70377d7543fc65bba673181a4ba21f95d,5d3bd4a4f57359b408561c802817ad78cf41f5b82f7e03efa98a9a37b487831f,2.0850849718747337,-3.19524058763375,-3.505084971874744,0.9167538312643919,-2.410131556174967,-5.524607884613644,-1.6498684438250364,-5.096735005988124,0.48036361232474184,-1.4646861074975854,-5.0203636123247435,-4.690489804541056,-2.8963932022500236,0.13463537546811533,-3.343606797749976,10.755550814145813,-2.9640709100495353,0.4393557853062956,6.964070910049532,1.585864588771023,-1.4159674775249735,1.3641622547483734,-0.9240325224750272,-3.993627591891842,-5.868266044899672,-0.057932239928561086,1.108266044899667,-4.925103436028218,-6.057708763999662,2.380438999902317,1.09770876399967,11.460083340348977,-2.6528247920745494,2.3145271393018287,6.872824792074553,3.060222887541901,12.496369477424233,-1.6955601633637047,-3.916369477424244,-3.4662769266771,2.4458980337503147,-1.099294820969466,9.154101966249668,-2.7297529002804857,7.658823325799679,2.4560960692818545,0.8611766742003195,1.0447928495439824,4.007376207875078,4.507448345406144,5.572623792124927,0.7879780539427643,2.9548529157249583,4.980297039195384,2.1051470842750426,-1.3381484975075
240,720000,3000,6063a09cbb3bc1e365b0d4a2a41c84a187ff089950dc0bab5cba494e52b567fd,36c6aba3c02e11614824caddac2e75e168de3a8a8c4db7e41e092f03b8606984,-8.111973342624456,2.9778964434680777,3.291973342624468,3.943365665517235,2.580000000000001,3.0092693294255968,2.580000000000003,-0.1905206103770018,-4.270758280849631,2.230271835014425,3.510758280849641,4.217331803633843,5.630920893224756,-0.46024670344272023,0.3090791067752475,-2.913103666533363,2.2969815393501767,-1.9468976854421614,6.143018460649825,6.893010184412906,6.6153170280245215,2.6222954930193496,-3.7153170280245127,2.9875686347413737,-1.0540014662748767,-8.832355701107206,1.6740014662748743,-2.0414437952387945,-0.6942024662244977,-6.404511556397764,9.994202466224502,-0.015222482301812584,8.323869910099905,4.5319606943575135,6.356130089900091,-2.8244171548832195,-1.0330495168499714,-3.9186621542539988,-0.40695048315003246,-5.313387518412098,3.520789337049782,-4.932582587270309,-1.0407893370497827,-5.2040012509373765,4.300727224649483,1.3638529476304022,-6.700727224649482,-6.885339870858941,3.1796363876752554,-3.076373291197622,8.680363612324745,0.04390185879828845,3.7710835055998673,0.7394538254698685,0.9089164944001342,0.9301655981587296
241,723000,3000,387ad9bb46865053ad5b2e5ab3b6e3a02d004c1d9250803f1a229c4b12591bdd,55f82cdca227264a7e988322b02434b7d06d2efd27f9ecd53a9028ea19a24821,-1.5499689437998525,-5.5448801885141314,1.6699689437998526,-0.6405495258162516,-3.990657780874824,-6.063250294197275,-0.18934221912517818,-3.7998678753236277,-0.8959053651246716,6.187977188779903,6.035905365124679,5.979877783963448,0.6950155281000739,-0.45931878208881166,2.304984471899937,5.7620331703679355,-2.244659247149688,-3.771925257869194,4.284659247149694,2.1901095518371756,3.238234988699517,-1.1388384899107846,-6.9582349886995205,2.608265111889077,-6.694790803324657,-1.8434891609200392,0.594790803324653,-2.7165322956980087,3.2988233257996757,-1.649228974922004,-3.4988233257996773,2.923703779160562,1.6459985337251273,2.3385390188233477,4.374001466274872,1.235004152803008,-5.321478174124759,-5.00592847181253,-0.17852182587524154,0.954295622486364,1.226625258399794,-1.6046354843820072,-3.066625258399797,-0.46598815678309496,5.435905365124674,2.4456871189665197,-1.4959053651246799,-5.743571581874931,3.5980961011501984,-4.505328322880695,7.801903898849803,-0.3660829182698154,5.776981539350175,-0.08294505830976949,9.623018460649817,0.47446824688485323
242,726000,3000,e7f802887da52670af433199447828c177968995c7cd9d896e0ca9a0905cf73b,9610d5f27524c4df964e439a17f048b2dfccc507c0feeec60a2057fddce27132,2.993049516849978,5.350929309634057,2.366950483150025,-2.1079742700752124,-3.514264578624803,0.15933888673134644,0.7342645786248003,2.464266852265642,5.60498447189992,-0.007861475865822282,3.9950155281000748,4.095844015242431,-1.0075388202501876,1.9559963897798576,-5.032461179749812,0.5779949162130815,-0.06603692129963062,-1.5372222154920232,7.626036921299644,2.5723428737627128,1.5878019326001191,7.051038825166608,4.092198067399892,5.093805206914879,3.7545898033750356,3.3966706177559094,4.425410196624973,7.093703455493019,2.1400000000000032,5.817153756029365,2.1400000000000072,11.42859230958534,5.265348084224662,-0.9179459324359273,-1.8453480842246652,5.058001113594602,-0.22796454497523067,4.578674207422941,-5.192035455024768,-5.792213955153934,6.47580486514986,2.0570937294646674,3.5241951348501366,-4.774553946516583,-0.17619220230039612,-1.269424982639877,-8.583807797699599,-2.624606677856648,1.060263112349926,-1.3107793669886576,-0.46026311234992673,5.183228477607059,-3.2482660448996685,6.862947544433023,3.7282660448996774,5.398143292129328
243,729000,3000,58123c019454e9a48269ed14cc08696f0dd8c989ba6574cf8f44b1973b6f4337,7e19af862b3284237092b93dfa882866b0e31a008e0f55d9546d48e02f0da264,0.19639320225002013,-2.8895922564416647,0.6436067977499785,0.42220444279091096,-1.6324611797498079,-1.1549888935664865,2.3924611797498083,0.3376398313855385,2.066950483150032,6.71640181036007,2.6930495168499693,-6.784242531174128,-6.421152949374517,2.4838475244244322,3.641152949374529,1.8505408602380609,-2.1741019662496868,-2.281917024872433,4.534101966249691,4.372739952432267,-2.377871376374774,-1.26811473666224,2.3178713763747756,-3.3072473470637274,-2.741640786499873,3.112604836441952,-0.05835921350012606,2.449426694587564,1.894690303349847,4.9658843334413865,-1.4146903033498417,6.17089886377029,7.042855848274703,-5.389590184521806,0.737144151725297,-3.698961697950691,2.5362305898749056,1.5746458619078916,0.5237694101250899,-8.332256021605216,8.169055381949457,-2.076292076999729,-3.369055381949464,-6.593103306561197,10.444659247149696,-0.9204934068854389,3.9153407528502946,-5.826207333066722,7.79888543819998,3.63004702077119,7.441114561800027,-3.0663917928063653,3.2757043651750486,-0.67678107106059,4.304295634824949,3.0515516351282845
244,732000,3000,1b47d20837f26c5f22d36e7cfb159bac3a716e33b1193d70dc72465b21e125d9,2e9f92831f846b32827af53439a9afdc84106fe400aa0674981f5532d6beb04c,0.1555417527999258,-6.167086270643474,-1.2755417527999335,-4.652638706201112,2.2596363876752563,-3.7552743847836516,7.7603636123247455,2.673558358253627,1.9554412528251257,1.8214791591178492,4.504558747174864,-2.606954865911445,-4.113939353874582,-1.1330970365703898,5.053939353874565,-1.9094740390262945,-1.0757043651750475,1.6374367611232707,-2.1042956348249495,3.2200622437030866,-4.003444185374862,-4.9992590971182365,-1.0965558146251366,5.111693308472296,-0.14976794385022163,5.657887886803781,-4.890232056149775,-3.285164327755766,4.7709830056250535,5.246711008564134,5.889016994374952,6.397032405155671,0.28960533147511003,1.7341028934453362,2.5703946685249055,1.7026118626817173,2.7498684438250396,0.06810490063168603,3.5101315561749633,-3.4277341965954657,4.130031056200146,-10.030627839236047,7.349968943799838,1.003247302883332,2.70308057305012,1.5493237364087185,5.2969194269498825,-5.824396617659258,-1.3482660448996737,-1.8627605259608642,5.628266044899666,-1.8346997637003197,-5.369217994324583,-3.280806137898783,3.709217994324575,2.7565034165633855
245,735000,3000,9a8b6e228ff1029986a33ecb50aca1fee27cafecc0d4f2a6e8ba18cfda3155f8,172ae2b80452b17fafd3376aae12823b83cd944d28441dbf1d0e2da20598037f,-2.3261995336747527,4.614214120925581,2.906199533674754,3.167179825373202,-1.999048050575097,3.807538188877581,-4.100951949424904,-5.480205556385523,-4.484334022399462,4.6372980790932,6.964334022399461,-7.333175746266999,-0.1358669775501671,0.17780047522436643,-3.624133022449837,0.47789851538792877,-1.563668910150284,-2.675487218467198,-7.556331089849723,-8.856058273510792,1.376130089900092,5.330156536303737,3.3438699100999063,4.135387684183737,1.097770876399969,4.2381045769641545,0.3822291236000317,-8.473633789273388,4.040363612324746,7.581892776390191,-1.460363612324744,-4.356707693582657,-6.2917102302745445,1.7674046396164311,3.5917102302745354,2.669509475514615,-2.696067977499791,1.6443703156351854,1.7760679774997825,-9.550918608440634,12.374628190949547,-6.834886782172474,2.6253718090504594,-1.7006830024681447,1.4299305562253386,-0.6406676706223509,8.630069443774657,-2.025720843507156,0.3189859381747984,-0.9990802753382192,-4.018985938174799,3.0626522171853114,-0.842917960675003,-4.6707179700704025,-0.9770820393249969,-1.204322898587195
246,738000,3000,64bf25e7e6fec3c7340689e2f8c1bcbb358763f521ed9c03652721afac84e37b,365aebaafcbb83f87c018e3e7e0b9b57e44b0e27e83ba756272c6f8e8c7e4826,-3.599148550549904,-3.4068432784590343,-1.7208514494500855,1.259134177130648,-7.954790803324656,5.4931168538500295,-0.6652091966753376,1.6600202498610697,2.2868883707497316,6.8792891104005855,-3.5268883707497247,2.9898798195786687,-5.052925292049357,4.417142280660384,8.452925292049365,3.5711138419829545,1.208792269599532,3.8702109432868665,-8.808792269599529,-1.498488323098512,-6.8375461516245535,-1.5060404918463681,2.777546151624546,3.1173453509226654,-0.7488543819998271,9.950112110569693,2.8288543819998355,2.7848283586415685,1.1290169943749477,2.9183446504439154,0.010983005625051931,-3.1908093802710056,6.3554412528251225,10.99378587644792,8.904558747174887,-3.667515794487409,-0.09671842700025321,2.831660016513099,-5.463281572999758,-5.347307878819112,1.2697058314499206,-1.3848620105729341,-0.4297058314499237,-2.012500238924679,-1.5160679774997932,-3.283117322736099,2.956067977499793,7.013497033944627,-5.210433056099402,-0.4452153834527754,7.490433056099395,-4.63872646987695,-3.144558747174876,6.525808182477305,-0.5954412528251167,2.455977924475751
247,741000,3000,607adf2c31bdab544d9f692124297c9b163276ef0e151bf78efdbcf38c31e71a,46a86211a55b609a4599d290a6fb3421f4263e7147bf51502d4ae9b1401b5763,8.368266044899668,-1.316638965135145,1.3917339551003298,2.130366596501141,5.359249050524726,2.7256310000357047,-0.4992490505247248,5.6275159397059396,2.4327864045000442,-4.2490139967093175,3.327213595499959,3.4724458319415548,-2.4900694437746616,-0.9982704987904178,4.71006944377466,4.167188022065325,-0.8762305898749065,-3.602295565628615,1.1362305898749077,3.872139803500442,1.549442719099986,1.3993928611330373,1.3705572809000075,2.074053909668192,0.8315713427252105,-2.154069168904707,5.348428657274783,3.4002920485708494,1.5515092303249156,7.0817930968881875,-0.37150923032490735,-4.823505626913553,-2.3930495168499695,-0.2401639225156673,-1.7669504831500258,-1.5679034697078456,11.12731409547477,4.778675846761356,6.25268590452523,-4.669717031210732,-1.4588854381999836,2.9830192825725215,-1.1011145618000233,-6.35779804333234,-0.7366947021744606,1.2749752736683906,10.756694702174453,2.785756279995468,-2.1344271909999146,6.333977326122671,-0.3455728090000836,0.1293492642572276,6.826137421274453,-1.5254300016933011,-4.846137421274457,-3.5714231491009305
248,744000,3000,41a8c8c89177f25e7072bb452e009094f3859d5c85a9ac14d7a373ea259853a2,35f0181c4afae164a6d7bd882e7e326ea2f2f61aac958b9d9d52ce28a69b21cf,1.856431589824531,-6.280403276051097,-8.116431589824534,-3.6186371315961874,-4.446625258399795,-0.18404239799457442,-0.15337474160019843,5.827017109614524,4.667577207824701,-3.511680193764894,-1.727577207824697,3.980716294427343,-3.2112461179749854,0.09597450058037249,-2.8087538820250155,4.948614846119915,0.846524758424983,0.5468131925674222,0.5334752415750122,-2.500998866939807,3.805410196624969,0.03561293100839659,3.13458980337503,-3.290096004548349,1.4977708763999649,1.4298378257366469,0.7822291236000323,-10.734969203127363,-2.6585602134497495,-2.309977787132977,2.618560213449755,0.6752796627710813,-1.7103946685248934,-3.5405507325732475,0.5703946685248937,-0.8212798001138613,-0.7703325561245872,2.5034281965832186,7.9503325561245966,3.8604206072074687,4.720100499974811,-3.319348867980429,0.739899500025187,4.520168480558785,1.6726859045252334,1.1324784223344577,6.54731409547476,-3.8739505189079173,4.398985938174798,1.047104034381286,0.06101406182520361,-6.713089686663102,5.774001466274879,7.03014790703018,3.0459985337251316,3.766566129152537
249,747000,3000,b1d3ec2ea2c810d103f3b015c31e794340770945972cd354974a23678816d319,8808c608c32e0a8710b14eef55bc570b2ffb877ee1ed593fd6c55683e4b13734,2.8666873708001,1.982628761256661,5.013312629199896,-2.6125051569399567,6.7596747752497715,-3.488787397909139,1.8403252247502238,-1.8407505241586681,4.874953415699774,0.9582263604192756,0.04504658430022701,2.9580064641913233,3.5765558146251455,4.342368005334418,6.483444185374869,2.841450352592493,6.275905365124674,-4.6579978349177615,-0.6559053651246733,1.3270479154504673,1.988591269649905,-2.0577123437006093,-0.06859126964990597,-1.0088706114176134,2.4886917696247206,3.0045288149448806,-3.548691769624712,0.752865592364204,-2.7372446517001103,1.399392861133037,-5.062755348299875,2.0740539096681876,3.843707297724788,1.969408156674196,-0.583707297724788,-3.3566994968905353,-3.6349534156997736,6.280285131244988,1.1949534156997719,-3.951963900425087,2.8288543819998253,-2.545710502285904,-0.7488543819998323,-4.727722288645056,0.6218655112752917,-0.09273539438915893,6.838134488724704,-0.5304716265998535,3.2184597134749304,1.2320013362240028,1.9215402865250637,8.384519825699147,5.582430123549669,-1.5245020803393918,-1.6624301235496588,5.103713687800371
250,750000,3000,d2db5ad0f2968c557da7037453bcc39cd433010fa5d48f1683ec4b3b7564de42,b48f72a05ffe82b619def504a6093c8b478b9ec79db6eeea4bfd82b930395723,1.5256111965745844,-7.99904739758242,-7.105611196574583,3.4154415133668996,-0.07665631459994562,6.702489574035907,0.9966563145999479,-1.0623716439834383,1.9081655449248558,-0.4681081793085404,-1.0881655449248613,1.1827403487090649,-6.246888370749732,3.283735936972032,-0.4331116292502727,-1.23007247601043,2.2598373876248825,2.1284377362875695,-0.19983738762488462,-3.78414492359199,-2.84721359549996,3.7683038270542473,-1.9527864045000434,2.749524734751134,5.8244966347745795,-2.512718063232781,-3.164496634774582,-6.65253695477926,-0.09835921350012147,6.476665339768487,-2.7816407864998753,2.1101673101064224,5.407739820199824,2.141467178558173,1.4722601798001855,1.638938169412774,6.557283039274629,0.31331864474603727,-1.5372830392746177,0.088495349338281,6.133838853899748,-1.9917274655943624,0.9461611461002424,-4.858499943686025,2.824396134799768,4.7985658260381285,-2.184396134799763,0.23187499472578096,2.53347524157501,-0.9064630257551659,2.8465247584249855,-3.9774771882361275,7.692824792074557,5.458814168819263,-1.832824792074551,4.26747558520234
251,753000,3000,c083fe82479ea37589f3d132f4858c662d498e8164528de06573be754e1bb1b3,ac912287f2d52fb83a5b18bd6b3dc5cd2e496a4c1a28768a8a8546de8e82a236,-4.740526224699853,-4.94406549395106,-1.6994737753001423,3.8314770508933593,-3.867739820199817,-0.06841420774965407,0.06773982019981563,0.5360219176283633,-1.2877398201998147,2.4605272766446022,2.647739820199816,-2.790305632164321,4.024233522424656,5.247711947423802,-3.444233522424658,2.8226794569815055,0.9852475842498546,11.892387426337253,-2.1452475842498533,4.405805408991157,-1.694427190999923,1.3848620105729303,0.09442719099991609,2.012500238924683,2.5813776741499437,-6.53497990432077,1.4186223258500545,2.3225067599737454,-4.79823498869952,3.1107941210344827,5.3982349886995316,4.919243837881729,0.9308203932499393,-0.8026270493089718,-0.41082039324993863,-3.1247063573586527,-2.8960679774997944,-3.684548992196676,1.5760679774997877,-2.1194571767559793,-7.178923825774487,0.37992213708823286,3.5989238257745018,2.0222905750040763,2.3763310898497227,0.13258837044843433,-3.6163310898497163,-1.9158341066026117,-2.086787870774912,8.420633226137396,-0.2532121292250884,-6.309273814859448,7.298072376324409,0.854390383973078,-5.358072376324408,2.10523563331384
252,756000,3000,a5c11f8a0457487ca21bdf0db08566f64144e4ec4b54dfd2d2990d77482870d1,c31ad585ab7357ed13d440ec7948a4ed6f7f0276508a31617799198eef845ba3,1.7303562809503814,6.326307012568712,9.869643719049623,-0.45369547355453865,2.5141019662496853,0.6369280950013084,-4.194101966249683,-0.6052459019258203,4.725673308974892,-6.815187965207585,2.534326691025108,7.879797776522562,1.7877014326253002,-4.36518778368441,8.27229856737469,-9.269473319081968,-0.2812150617748363,-5.076963171517462,3.341215061774829,2.8555988785288715,-1.0202631123499266,-1.2447944888824072,0.5002631123499307,1.3335991453386526,-1.0157043651750444,-2.408572779668621,-2.0442956348249526,-2.908053844934685,1.597019926924692,4.492917494846035,-4.977019926924692,0.726424383199262,2.9536762415246383,2.7232016703922906,-4.69367624152464,2.3139085250658913,-3.720626724674667,5.90260116148829,3.30062672467467,2.018241692265062,-0.022492235949966487,-0.6044361253780195,0.7824922359499595,0.46760770987870204,2.3016407864998767,-4.368499907381384,-0.3816407864998727,-1.4381267535265432,-3.254101966249686,-3.0189415206988888,3.4541019662496906,6.756181768913588,-1.112561679724622,-0.8239002920691311,6.892561679724613,4.905832070987387
253,759000,3000,6b28b7ab342fbbf4d844b001795eb4acbd3eb8a7c6a96fb0349465d0cdab62e7,34ae884a8243243af9ba258b67439b36cdc7be2554d81dbbcbb9e2bddc544c00,2.5054101966249656,-10.948191447048243,1.8345898033750312,-3.296529089630432,3.524133022449838,1.6304580793110124,0.03586697755016376,-3.829047721249939,3.214953415699768,-1.58243432026795,-1.614953415699776,0.17861025177216583,-7.737182539299809,-6.4355021177315495,-3.6228174607001895,-5.2391137125159535,2.4708203932499373,-1.424214517202372,1.1291796067500588,-1.3533709798093083,-0.904032522475026,-4.453564988216594,-1.395967477524974,-1.3855536423146275,1.0934131291747142,3.3112962298027404,-5.033413129174708,4.254564287737836,1.263606797749981,4.02581025439717,0.8163932022500207,-1.6651882162658471,0.6771441517253032,7.3322478249130905,6.9828558482747045,-4.037838757808102,-0.04111456180001919,-6.7929137835877365,-0.39888543819998246,-3.725093599997655,1.22944271909999,-3.1672979701793027,1.0505572809000054,-2.9563869110957106,3.692198067399886,4.654876873532654,1.1878019326001181,1.8254098970507542,8.11691942694987,1.9327942868061216,5.523080573050127,3.507749455831985,6.228691769624718,3.797865997604296,0.19130823037528127,1.0854556021510566
254,762000,3000,e15abc5598afe72749047e21fb1b1aad56c0708f669e646c133686c7b8333447,24060a45ce1ff2c9b29b971e3330c5f72f06609b98eece49ce7a05e2ccdbf80a,8.26885438199983,3.013700536788334,4.691145618000169,-4.0256190920852974,5.210232056149787,-2.1168366848007096,0.46976794385022513,2.3192676537825396,-2.325611196574597,-1.524620225145487,6.305611196574604,-2.466887344220921,2.2747524157501466,-4.3602109795915,5.405247584249856,4.928342542219417,-2.3885912696499045,9.698847605996983,-0.33140873035009594,0.894625684656093,-2.5856733089748984,0.4588183126589827,-0.39432669102510354,-3.974856696280854,3.999249050524726,0.15872027249540535,-1.8592490505247206,-3.319157705668554,-1.9818417864494966,5.079083194042908,8.661841786449495,-2.4337037428559287,3.6470509831248523,2.594234730758802,0.2929490168751576,-0.7098916549198118,1.0140014662748755,-3.8477004720548353,-1.7140014662748717,5.034799010620883,1.3842956348249538,3.5678017182859896,0.3557043651750485,3.4142042848950265,-2.2157043651750477,0.8852628005007663,-3.244295634824958,-0.24147416849331174,-1.6355417527999296,4.891992852168978,-0.2044582472000685,-5.703718605815648,4.252623792124929,-2.2890868689965456,2.6873762078750825,2.0025187405334255
255,765000,3000,33ef55e6c6573db14893b5b72c90916c35d11949b9c0dae7d230fd221cebeaf8,c57385deef6e63d4ee39f111cd0b39631dc14f78aea7d49c4c9b4bc5c6f4e5c5,-5.34475974712451,-3.225494389925489,5.1647597471245055,9.046888191005737,-2.3667878707749193,3.9972490227067903,-0.5332121292250894,-3.5754720318399404,-7.393413129174716,2.9395448756983065,-1.2665868708252914,1.028141976458435,1.6422291236000373,-0.4966694109989157,2.357770876399967,-0.7275434668650305,4.644883971925109,4.071713990914794,7.015116028074884,-5.737520821416579,5.743769410125098,-0.940765710785928,7.756230589874914,-1.3700218528948587,3.4261995336747564,1.4416751668357197,-1.8061995336747556,2.9413555911057694,0.21252329215011648,6.4032013104201235,2.6274767078498864,0.697863151508873,1.8549534156997676,-0.524111559023526,-2.974953415699775,1.3584208014079908,5.839512162874647,-1.4186642261738645,-1.539512162874651,-1.1922213776704962,7.769906831399549,1.483957472538405,-1.88990683139954,3.808657272543364,1.614852915724961,3.8487014109145066,0.7651470842750357,-8.609151958795058,6.1007893370497825,-0.7788063320993069,1.539210662950213,-0.27103633904335633,5.237546151624544,-1.574882151520093,-4.377546151624556,-6.808946042437364
256,768000,3000,d1f2633a4a46acc3eba0b93e37547a5aeb15691f16272b89e3659ad8c2df1c38,af1b69531c143e8ad63c82b777e0ef0212e43266e1a1883d3975bea8e32cb2c2,1.4191485505499086,-0.6754708250829498,-0.4591485505499121,2.3689109659212058,-3.643219460599449,-0.16184123388050956,8.163219460599448,6.471615518169777,-1.6287538820250174,7.479794497845711,-2.031246117974978,4.57019411732118,2.360688837074971,-0.9072728023029659,1.7793111629250238,-5.082012993116142,3.452035455024765,-7.65435586687885,-1.5120354550247632,-0.6299494131890562,-0.10960533147510886,-0.6158460145530179,-2.3903946685248894,-2.7464037733660303,-0.7603252247502317,-0.9192561784135607,-5.679674775249771,5.740641782801688,1.925309696650156,0.3160572815074177,5.234690303349847,6.293815042945424,-0.7529874044496639,9.04757982274744,6.3129874044496574,-3.240570837215783,8.992987404449664,-3.3493384904545533,1.927012595550329,-4.2780756978295305,6.284821859524812,1.123188555684898,2.215178140475189,-6.666066866479702,2.596130089900096,-2.4201738311554872,4.563869910099908,-1.4431765751252246,6.886036921299646,3.503509410781106,-0.8060369212996401,-2.776584558152012,3.087314095474771,-2.9359234448833607,-1.787314095474776,-5.9677762630467495
257,771000,3000,7f15a496f2490e9c4c24f60502830f1790bc0621a97cb4ba0af1c5863efa197c,199ebd9229453a4d815c2893f111e170f8069df1cdd2096d34226979128abaa7,-3.176168477474604,-6.740340672375826,5.276168477474601,-3.6400285191624606,3.00010049997481,-6.58050131621466,-0.980100499974816,-2.9629381409838986,-3.269442719099991,1.5150210513779618,-3.0905572809000055,-3.2169412823179773,3.066261646075048,6.5748328803800415,4.273738353924939,-4.768812493176208,0.3836689101502857,4.540249622147395,6.376331089849725,3.542052140862751,-0.42747670784988334,2.2645745200451888,1.9874767078498872,1.6098764682925564,1.3407509494752738,1.7076616842803973,7.199249050524727,0.21422318278056518,-2.412135954999577,2.239944026287716,6.532135954999578,-2.348329354902753,-0.6122985673746948,-0.9756870100526216,5.872298567374695,-4.545991075487791,0.2909208932247499,3.768995458795942,-5.030920893224754,-3.7165404923901297,7.536857314549566,-2.1790089697801505,-1.4968573145495834,-3.4496260535915604,5.515479640399628,-6.114395014625465,-2.3554796403996305,3.003027406655385,0.016393202250019584,-2.6458069031110503,0.46360679774997093,-2.949526374089565,2.2513466179497965,1.9269346886596432,-2.1313466179497933,0.45488757472607133
258,774000,3000,deaf7518ce23cbff06ed2634634c5aaf629728fd59c8aab8c549be5697ba5576,2fa43edd8e8b9bc6b29c04a3833519baf3b9bd0c2d039c9651e1d15b8e750bcf,8.822430123549664,-0.9836666307245452,1.5775698764503352,-8.020748092266642,-1.0003252247502283,2.9963580319610954,-5.9196747752497725,1.9569973286395261,-4.631184005574684,-5.588163433076493,2.2111840055746783,2.06650174092033,-5.628529157249607,-5.88695122726242,2.868529157249601,2.0395600623255556,-3.01876121339938,-1.761044572040114,10.218761213399379,-1.403824068495788,0.18652475842498495,-0.2955486879947235,-0.1265247584249849,4.391201540925283,1.022855848274704,0.4354250473733793,-5.282855848274706,3.633786596392243,-1.076818926975067,-0.9724479038614118,-2.4631810730249333,-0.1278478559677207,0.4329490168751478,-2.6856598791703252,3.7870509831248342,-0.5032206408871063,-4.606199533674758,-0.8886930690038426,0.6261995336747533,0.5022197020274386,6.748792269599534,2.6298476617671973,-3.268792269599536,-3.999987659468162,-1.8929490168751562,1.8832239921732203,-5.247050983124841,-7.3003744695257335,2.772360679775009,5.188969930947447,2.7276393202250007,-3.206959783926719,-0.6807893370497797,5.893620601956707,3.8807893370497815,2.1178376236603764
259,777000,3000,fa39b5c8665893dae03df6affeed951ea338abdb750391e1e07a333545442c52,cee8361980c8889f1d4e0d3850027972798e67afabc7cf818ff5bcc67da90758,-5.335541752799935,0.6928133299102026,-3.9044582472000813,-8.351527386646035,-0.5581344887247095,7.0614026481816055,5.6581344887247,-7.9379211787629815,-1.4098684438250386,0.06891467717949522,-2.170131556174971,-2.3231983917154455,6.057082039324996,-1.54258134420867,5.922917960675015,-2.2676954814303065,-5.169380606699688,-6.169279310674677,1.4493806066996913,7.174955943201416,3.2047213595499926,-3.4801161454955114,3.1152786404499975,-4.832058734521088,-0.6515092303249114,1.8987557815929983,1.271509230324902,-10.81317374695641,2.423444185374864,0.9672069199508648,-0.4834441853748661,2.8584105327960123,0.12901699437495096,8.786333819783483,-0.9890169943749468,-1.456824631631762,5.707314095474768,-2.398281974159393,0.83268590452523,-3.6902904455370553,0.5580339887498921,-4.9430645550913885,-1.678033988749897,0.25712410271918434,2.9304951684997023,-2.414123070697134,-3.3304951684997075,-3.069203447073496,0.9926859045252282,0.5724446251845606,5.867314095474777,-2.1171459919186755,3.898134488724706,3.052170249364217,-2.31813448872471,6.460205628994799
260,780000,3000,f19aa0a9b593c07d2ebc1f22715daec9fb3575d41e3b546b2d0f74300eef7462,8e4f2709c0f4eb3b2a44c61a7a18b3df0b1a8ce3bd310537248f11d2d47e861c,4.638134488724713,7.377459929689021,-1.5781344887247053,-1.6441061358175506,-1.4531500168247848,3.32297029879537,3.1531500168247777,-9.459802767147092,-7.689481106674501,-0.8432898019160513,2.9094811066744986,-1.7829364290362189,3.471671842700027,3.796555751626663,4.008328157299979,1.7680962713581374,-1.0018033988749875,2.283845885086016,-0.7781966011250093,0.7280439362948625,1.745998533725133,2.095754604352414,4.474001466274864,1.0323820215093116,1.449117494349763,11.676235383343126,-3.649117494349762,1.0126832045444258,3.656067977499794,6.01934843539899,-0.8160679774997921,0.7234945841260261,2.787538820250183,-0.2744666075464331,6.812461179749818,1.039551865633435,1.3758669775501622,1.517641543333231,4.864133022449829,-4.582222620732123,7.218722825824864,-4.012398487502834,4.401277174175135,-2.269506196837768,-2.4495432190748048,0.4555792064677727,1.709543219074805,-8.39299991580092,5.2393495504995355,0.18285029682304277,-4.599349550499536,2.4262245916138436,6.1392490505247315,0.03966181374739901,0.2807509494752776,2.232583019851729
261,783000,3000,84937602b95df237d323a267da28d8347ef4179cb038eb3cecebf88b75af3765,ccbbf4b1cedae577ca78beff3c8795968c8c22fcd2406cbe168d2be4fc73e087,-4.778823325799692,-3.7580130215450183,2.018823325799679,-3.531761335353529,9.479674775249759,-4.07164097340903,4.5603252247502315,-6.511968963658903,-3.9999999999999982,4.80804685499955,-4.0000000000000036,-1.654897410756618,-0.587213595499956,-2.1977798653911353,0.3072135954999602,-4.3549699956809516,-5.652399067349513,-3.5426707550986904,4.812399067349509,-1.2431749357868023,1.9207893370497806,-1.1372189368151742,-2.6407893370497746,4.817336721649103,-1.4201626123751145,-2.486659178691569,-3.8798373876248795,4.193629231230271,0.8523606797749922,-3.439644555200301,0.8076393202250016,-1.494939909789339,2.7689164944001448,1.3790024124264435,5.631083505599861,-1.0403616421812336,3.289968943799849,2.878491674384629,0.07003105620014755,-0.744503647068543,3.80619953367475,3.0384040480515733,-1.4261995336747588,-12.316903053965481,-2.419574275274948,8.588570347776598,-1.4804257247250456,5.413174612119268,-3.2261995336747495,1.2007014677722547,2.0061995336747556,0.2689163165179187,1.0054723090252682,-5.876351114635225,6.774527690974738,4.149035740690274
262,786000,3000,983457fe22d488e14277f39db5240d98903e21f1401b3d4ae3f1dafdea131c2f,6791f72a6516070fe48e616c6187f0463b2c1e589fa5609af695bbe9e9f27c00,2.534589803375037,-1.5264309405529572,3.2054101966249746,0.002929799073241361,-4.532561679724623,-0.9177547701240545,3.4725616797246337,0.37911236054042297,-4.4184597134749435,0.9988891130263545,-3.1215402865250597,1.616236535868871,-5.813250516799591,-0.0659848781062495,2.7732505167995933,3.849629332268408,0.07363785395013295,4.183029118603066,2.8463621460498714,0.37718350032685166,-0.33160973029972535,-6.407632517782878,5.571609730299725,3.1372353301994176,0.8923606797749966,-2.348020047784786,0.8476393202250029,0.6517682526793857,-0.9510213931995612,4.679889691913855,8.351021393199566,-3.574161785862314,-1.8605262246998573,3.5069396792841836,1.1805262246998574,-3.0373300916861328,-0.541277174175126,6.469304333332486,-3.358722825824862,4.418834851261767,5.139674775249766,0.8403600028428114,0.22032522475023214,0.2565054884832499,0.8918728426496522,1.5892948572740988,-6.531872842649639,-0.7001013188404173,-3.986362146049872,-0.07389148127240602,-1.2136378539501391,-11.874617469585921,2.008165544924864,7.151635695421578,-0.988165544924862,1.5284328182723
263,789000,3000,b1a5a378cd082ca1bf28217ea516534f416b3ade2ed5869e8e249f4bafa23db7,c2a4c270da4afd7b3caf89ef61835ab3c712c237e32e45016b9ace144802158c,-2.8024922359499653,0.06841420774965944,-1.9975077640500427,-0.5360219176283624,-1.6712461179749818,0.12846647020366042,-1.2687538820250173,4.8109766540727845,-4.291872842649652,-1.1993912217946157,3.1318728426496487,-0.9515569857249878,3.632461179749813,-4.552969757300031,-0.39246117974981265,-6.073422954900414,2.1340014662748703,2.795855923192842,-0.5940014662748705,2.6216768787834246,-1.0058980337503178,-1.7977765867142819,-7.714101966249686,-2.109976147794552,-6.868691769624712,0.9474350854802167,-0.8313082303752828,5.527419538880789,-0.9659364213248224,7.184937441592676,2.7459364213248234,2.4953304311051974,-2.6406888370749706,0.501409925479633,-2.0593111629250287,-0.2158427358761662,6.506988870724542,-0.07658499073344936,-3.2869888707245325,1.7401536539036875,-1.0497058314499221,-4.474073581729282,0.6497058314499126,-12.070570226185346,-2.46721359549995,4.279886413237008,-1.5727864045000415,-5.819155633748703,0.1647834719503004,2.69464043870192,6.515216528049705,0.4036247094917898,-7.660464112299549,3.8231881231034652,1.820464112299554,-1.4224038017949
264,792000,3000,15afece408820303dba50063fa3a874264b5f18567d8eeb05f7f8712ad9b9ee4,6c41c1c2ed2bb8c58a86a41a01fae140c1bbc00d4c86e48610bfe756bb1cfe9b,2.672623792124928,0.03642270755619392,1.107376207875071,-2.1855601996683336,-0.48551069659978413,4.243154398562833,4.165510696599781,-6.525307713047477,2.129380606699692,2.275866264414082,-4.4893806066996795,-2.746713080483996,1.3339393538745685,4.8271270577285055,-7.833939353874564,2.1421588102998803,-3.2722985673746874,2.8584105327960048,3.2122985673746967,-0.9672069199508685,-5.151447117924602,-5.101402502963061,3.211447117924612,-5.7814956977206275,2.289543219074803,-2.0908959450656006,-1.8695432190748034,5.594832807770781,-9.890433056099411,-2.6229871247610514,2.810433056099401,3.4784965923998987,3.942391735975148,7.232961200635738,7.11760826402486,-1.1551070383725932,4.303343685400054,0.5806154081683543,5.376656314599951,-3.3212777281940076,3.539411662899833,-4.930771871862821,0.14058833710015398,-7.673818394231546,-3.9377087639996615,-0.39314274167070257,3.217708763999657,-2.766484914954649,3.6964937022248274,3.9098727570342717,0.16350629777516892,0.734094696753216,7.679775275224582,-0.6138441368336827,-1.219775275224586,-9.895109669714358
265,795000,3000,bf27e925d82f15bbc5b5661cb64ba8185c3fc3469ffeeef9bc28633fee027008,05e0ce17e6219a74fc322ae3a36d36c51eb72cb0802bf3b4d4ca8252508e9157,3.0327864045000434,-4.076263343083641,3.9272135954999654,2.0020182711035854,5.60488397192512,-1.7675958019282993,7.975116028074893,2.009379277539562,1.643142685450431,-1.1345984448598958,10.676857314549563,3.4520553832349608,-2.53282479207455,-3.4113926306278826,6.992824792074546,-2.476368373182344,-1.0996747752497724,-1.6260268719482662,3.8196747752497626,-0.0060507604583513175,1.240425724725045,-1.1478190494423652,2.179574275274958,2.7078610432843893,1.640588337100156,-3.7305708735204153,5.03941166289984,-5.617725603626547,-0.03914855054990554,5.610673904308517,1.8391485505499132,1.469808946602036,10.480564612274364,-0.3587219118338355,-2.9805646122743674,2.1966607817253627,2.1307198932751215,-2.122195813517356,4.7692801067248825,-2.5207707014104606,1.571447117924606,-4.455994317859999,-6.791447117924614,-4.699161056954681,6.226563145999493,-0.4684174864265097,-4.506563145999488,-1.7089719302580313,3.2926621796994393,5.922682303076927,-8.692662179699438,2.24094496514739,4.851184005574682,-0.42008442026547527,-1.9911840055746808,-2.4676971207687144
266,798000,3000,a907d3c55080f6583d2d7d332325bbdbf04db484e02b7aedfd01a16b58fecea3,1a34d33d13199813a91d0a20fa32cf05b0a98e6741e841004280e48a2fc83834,3.1187228258248605,6.784934162915843,0.3012771741751334,0.2503365832188003,4.799999999999999,-2.2903971149741937,4.8000000000000025,2.685159409740489,5.043444185374874,0.8860725770485727,2.136555814625141,0.8630616363867084,2.3495432190747967,-6.850109264474286,-1.8095432190748046,4.703828553929625,-0.8274767078498889,-3.3983631883572816,1.5874767078498877,2.946714719822419,-5.444558747174874,2.5019998057994868,-2.895441252825124,-3.02753975560675,-4.4391869381244184,-3.4771863464222665,7.8591869381244255,-3.3056277939681267,2.4889164944001387,8.406220520383393,5.35108350559987,1.1997735464183414,0.7804257247250437,3.508249925261817,1.719574275274955,-3.7199707608932053,11.157283039274626,3.1013861095788133,3.0627169607253726,-5.443473541711362,7.238397601074638,-1.5050395529867038,-0.49839760107463804,-0.45700759725151135,3.80338207297456,2.848119727286778,-5.543382072974555,-0.18497031934848024,2.0756038652002364,-2.5475212176933755,7.0843961347997695,-2.257905145350902,-4.5867257583746115,-0.20836358463407806,3.686725758374619,4.760523565386314
267,801000,3000,850164fd7bacbd2df42654762a761a97d85b646233b9bdc04da6ec43498b4a9e,d462002b8af64fabc974f32e3f063bfbad9dabc0d9854d42465cab6ec4810c74,-2.7071514830996533,-9.237909270812567,4.627151483099654,-4.447587245264016,-3.6160058650994884,-0.15016716488788168,7.296005865099481,-7.242751536715131,-6.015642252774747,1.6289566710215098,-0.6043577472252538,1.53248170101131,-4.871934955049953,2.5836346181316103,-3.8880650449500487,-2.819367333284528,-5.217809263974474,-2.7482144887735025,5.917809263974484,3.0856631578471734,-4.507840320174638,-4.2929158555076095,3.4078403201746306,0.396072540743937,-3.397708763999656,0.06779559351372441,3.7577087639996627,-6.319446475562579,6.583343685400045,-2.071624580024782,7.656656314599957,4.713000275773078,6.693049516849976,-2.9444765524908827,6.066950483150036,4.594132979336937,-0.33092089322475293,-6.737529018108701,4.990920893224742,-9.684198610630762,-4.323181073024949,-0.30526600656835223,-2.9368189269750644,-8.863228117634893,5.35416407864999,1.6151174522031029,5.085835921350012,-4.995137196873466,7.614365078599611,-4.169499206902642,-0.614365078599613,3.2587231185908236,6.839674775249784,2.4621468297401945,1.9203252247502292,-0.5812340224042873
268,804000,3000,f4a26f4cf5485f9aa277a367890f1bbf1646794135169446a0b58399bf6d4377,657f0dc818ed7b930e2b8fa9a8d0f6f58d4449e1382ae9dd08960e676d10f6bb,2.165147084275041,0.8896940078635128,3.0148529157249664,-4.076572650201611,1.735704365175047,-2.0186691441891367,2.7642956348249514,-4.559712149500092,4.407739820199809,-7.6120735611761825,0.4722601798001878,0.23735226824853312,-4.803544685349673,-1.0353118205825482,2.083544685349674,0.569323663799459,-2.486888370749728,4.64277535261596,3.3268883707497294,5.077463640947291,-4.45501552810008,1.9826287612566675,-6.0649844718999235,-2.6125051569399593,-0.17665631459995115,-3.568493350027693,0.8966563145999539,3.0518609422462464,5.49288690447486,6.865449891582197,2.407113095525141,-3.537739078306105,3.420526224699857,0.36589175595795276,0.37947377530013926,0.1735604301734841,0.8179334887750745,-7.310665275034961,2.5620665112249204,-1.1009873915708452,7.211447117924608,5.17705957234261,-1.1514471179246095,-4.633794793084355,-0.5057738089497068,-1.325119055236897,5.665773808949713,0.4427860538093678,0.1996363876752627,5.86424959371852,5.700363612324743,-0.8969819967937386,-0.12429563482494974,-3.746603132370026,0.9042956348249527,-0.31774985210878703
269,807000,3000,70ae3c62251c7ff937e42e43ca7ff83120ee4dc843612fd43d230a8d594f4e35,cefbfbbc14b83de93ce2865b868397f6c2cf3d566e10a7c60e0d300c99bda014,5.593776741499443,-1.8653810179161407,-6.0337767414994525,-0.4694184252861723,1.7476393202250056,4.416023196994616,1.792360679774996,-0.4251342418641532,6.989117494349777,1.6266454861842032,1.8908825056502487,5.789475318392549,2.874427190999913,4.815334843929771,1.0855728090000856,8.28592483316352,2.222654848325074,-3.1855683963604466,3.8773451516749207,-5.648907327272195,-1.677871376374779,0.8424800253682495,3.0178713763747784,0.6784006241561904,3.7576082640248534,-2.723201670392304,0.5823917359751491,-2.3139085250658886,-2.1698063314247276,5.898552278749293,3.5098063314247225,-3.5044373321350126,3.5770820393249942,9.650705702147832,3.4429179606750084,-3.0255378778874213,4.073838853899748,3.2814977696404846,-1.1138388538997634,-9.222568643704674,-4.715843252724375,0.37001365620273036,8.655843252724376,-6.553250330501918,1.746362146049867,-7.54627984538178,-1.026362146049867,1.0666116890343167,6.065084971874736,-0.13470839297387951,0.4749150281252622,1.4939389709296673,2.179937887599688,-0.010481967821099562,-4.259937887599696,5.461125353656579
270,810000,3000,be1fac7fe2270e839beb1239b6a90d0fae4e311ba9cb0a90d90f7d45de84514a,d064c2839d1f100fa338608cba747562d8ed156f5f7c685a6edaa3a522293572,-0.6502320561497767,4.554161858471578,4.090232056149775,-2.1798187463279537,1.0801626123751191,6.778883402457483,3.5398373876248908,1.8763634551670667,2.557708763999665,1.2599439536784462,-4.597708763999657,4.511379083339048,-3.8768573145495737,3.4599168591007894,5.156857314549579,-2.9612455703825327,1.598196601125005,-4.349228542340566,1.8218033988749889,-2.3199592855242392,9.046036921299637,6.445601760928919,1.353963078700365,9.135765864967759,1.8135757415498246,4.512188859886857,-1.8535757415498313,-0.15540814879843198,0.18839026970027617,1.1172559400326514,6.09160973029973,2.5305610374898597,-0.6803636123247412,2.747022387601963,4.820363612324737,5.167578543381181,7.057608264024847,-2.236823064902612,3.8823917359751534,-0.8041284575984776,2.522492235949958,-1.2318831914179083,1.7175077640500378,-0.8139187936778729,2.0049844718999212,-4.2300519387864615,0.3950155281000759,-0.30109897902323757,0.3833436854000511,2.2355128189249736,1.4566563145999538,1.4867691268055452,-0.16508497187473664,2.0000894108900105,5.425084971874739,-1.0245205456434954
271,813000,3000,df128419572391fd41141bc400526792646a7544862b89227b375604ec222943,e16e4afffe5067e772adb04c3be8f9c10fb8a7442b0c474d47e335b5ad7acc71,2.1331500168247817,-5.919943666315554,-2.4731500168247824,3.964374728459758,-3.9656733089748974,0.8416702488204518,-1.7743266910251017,-0.4261351807238208,-3.916393202250027,-2.6946404387019163,-4.363606797749977,-0.4036247094917872,1.2734752415750181,-3.9659942815553606,1.586524758424982,-8.12901527607558,4.129342219125184,-2.261644720971949,7.9306577808748315,-0.08344552773960148,3.5187849382251657,-1.0059408123443696,7.141215061774835,3.584143284253568,-0.21868443825035339,-0.47870829193573283,-7.82131556174965,-0.9267353296556474,-0.9944271909999123,4.888180259042169,0.794427190999919,3.9148044338268493,4.501865511275296,1.8907031434153048,10.718134488724703,-2.038440978659794,-0.9106577808748202,3.998868575802391,2.890657780874819,-1.3664004220799066,0.4213392865754322,-3.222682735658356,9.678660713424575,3.0027180995374088,5.590069443774659,-1.7213827582927042,-1.6100694437746612,0.8287589513559471,6.428428657274788,-4.629745910345355,1.91157134272521,0.3456194520574653,3.7408898370246044,-3.1903819283469312,-4.800889837024593,7.543968660544482
272,816000,3000,9a8245d16ebb89f401551162b0dd555a50af62ca090647adb389889ee2ba6d8d,bc77ab09be0597f974c1f255343ab1024f4104032aebb631c5b60af284db4d61,-0.07098300562505014,0.7229941146961847,-1.189016994374944,-4.232171961311909,1.4201004999748124,-5.413602064043337,-2.5601004999748116,-1.8737429632117915,-7.58741459544958,5.327727206660338,1.2674145954495821,0.8217802695436931,0.15448930340022005,6.042359376060863,4.805510696599785,2.4726287975612937,4.093838853899761,0.674469886223271,-1.0938388538997557,1.2054419822529596,-3.83590536512468,-6.771404251215391,3.0959053651246773,3.385570035698868,0.05124611797497926,0.44347768555106687,-0.3512461179749818,-5.140946171904378,-4.063281572999743,1.5662839166122402,1.3032815729997473,-2.449235532275703,0.5049844718999283,3.9396260898961937,-1.104984471899924,-5.608863188901058,-1.0079645449752344,-1.6307673864289853,-5.972035455024767,0.9373354422828563,-1.988529157249606,-2.956195748783839,6.508529157249598,-1.511590782874887,-5.030920893224754,1.887272874912237,0.29092089322475045,-1.7776954451256608,-4.179512162874651,3.8440790412398784,3.199512162874652,-0.09516472403256632,-0.7397990000503728,0.794338121519082,-8.700200999949624,-3.241762938387305
273,819000,3000,5020ea66e26d0bf8969bcb66582e0f9e0274b2919e436ef893ddad51878a9996,c4df091498f31d99f8414163a0db09e683033fae58e4d0ad0db0b56c37bd8801,5.448328157299982,12.074810271236233,4.911671842700022,-3.630283310383392,5.664295634824943,3.7568939378792483,4.63570436517503,-0.46448674849359955,-1.7211145618000172,-6.243980568494879,-2.0788854381999853,-5.804197331264528,5.621540286525067,-0.10645646840146586,6.918459713474938,0.5125105075366558,3.1540635786751694,-7.887040638152437,6.8659364213248235,3.064080607969045,1.4998995000251867,-2.038440978659786,5.4801004999748155,-1.8907031434153123,4.666725758374606,-1.0782127405211759,-3.606725758374623,-6.081402575572331,3.783281572999754,7.758810457560975,-1.583281572999742,7.266144802000736,5.4442956348249565,-1.0513440794321691,4.415704365175053,5.869299415317204,2.9739393538745698,-5.280395079358968,-6.193939353874574,1.993847488119801,3.757770876399961,-5.574751666182173,3.042229123600036,-1.868192672183273,-0.45527864045000316,-1.5582312784345531,-0.5447213595499988,-6.325497236020915,5.472685904525232,0.3559102575666896,10.34731409547477,3.8475093097429625,-3.3466252583997975,0.1214877883914055,0.9466252583997933,-2.238133310880251
274,822000,3000,120c9cecf1b9f500587c496785ede63cf1eacf95afd9cf36f229b1a8c3ad66e4,aedf3c428dfe2f5290eb362697cbf5a5b1447dbc6b8fd4fe76cbcf39687057f4,5.372198067399885,-5.283133716120339,2.8678019326001127,-4.2114722054873415,-1.01574275274956,0.39919350212904703,8.375742752749565,1.1404580430063787,-0.08609903369993753,0.8694217039630248,1.1660990336999384,0.37961282997025586,-0.26403252247502806,-0.3201791817521934,-0.7559674775249787,0.43299571772997625,6.964659247149681,1.441984473953689,0.4353407528503054,5.833067870072876,2.3378713763747743,-2.2017106033240466,-2.3578713763747823,-2.3070479880597308,1.509380606699688,0.3788030534224569,-5.109380606699687,-1.9739575088430394,3.49505391567458,4.366188722544085,-5.315053915674581,5.695120370907785,3.223769410125099,2.218861945839423,5.23623058987491,1.0033203203891017,1.8051470842750421,2.1367266640774627,2.6548529157249607,2.582324372153971,-0.1956422527747443,1.6856516824782009,5.215642252774739,-5.109263978828886,-6.98964371904962,-1.1854789854704384,1.1496437190496123,-6.6734278729157,-0.19400146627487233,1.8249094276209255,2.534001466274869,-2.867700399445569,-2.460100499974814,1.434004853281765,1.5201004999748111,2.358310853294011
275,825000,3000,3628f36d3b796fe61004d5471d9d634fcc7d5952963bcdf90fb45c73d2f03e2c,d54663cbd07ac33a666c52fc6a0e086f66757d8e49ebb7dc3942e87fa2e43bf8,1.3627553482998858,-1.076283880307601,-0.9627553482998898,-0.9806186868452008,5.895967477524983,3.6894806689892565,5.404032522475007,-3.502817779039416,2.7685291572496022,-0.49848012640639233,-5.728529157249611,1.7422736764291313,-1.943544685349675,-4.384222859113027,4.943544685349679,6.753561276958306,2.9353791404248186,-1.3750716744935385,-0.9553791404248158,-1.0075603654399783,0.19390096630004783,-4.430053578124891,1.4460990336999382,-1.4235959029664358,-1.0133126291999042,-5.83549719971629,1.1333126291998934,-1.871622940686349,-0.04780193260011794,0.07527474475581111,-2.5521980673998876,-1.0575129846966187,-2.1918728426496514,-1.782435959606374,5.2318728426496675,-0.9438866721710368,-3.576919426949874,-0.7019120342478943,-0.9830805730501205,0.8805222860200573,0.5283281572999673,-1.9969684495049072,-0.008328157299974298,-2.127937266857737,-3.3449223594996234,1.6742417933032043,4.704922359499612,-8.323275462073632,-0.10472135954999347,2.8530514040793546,-0.015278640450008686,-5.807245275143874,-3.034202466224509,-0.23823506230209773,7.654202466224495,3.5328804190192944
276,828000,3000,1779ed192bf111e804156e3b8add155cb3e83f653dc2bd7eda036727e64ffe34,4efc5154fc4938248afb9a2bc5302b603f2b1e5a0bbe1c7fcba580b88074d317,-8.04115294937453,-3.7288331756187034,2.021152949374531,4.161947038154779,1.7870509831248396,2.197661720585027,-1.5670509831248443,-3.215631036340329,5.890456780925206,5.603695222496264,10.04954321907481,-5.579301018351006,0.9029179606750047,1.017851170949204,1.0370820393249907,-2.157308275095923,-2.6353791404248197,0.7064613864167375,1.2553791404248194,2.8549802642929345,-4.531346617949786,-0.01110058205702879,-0.14865338205020773,-0.32229920427762926,0.02976794385022342,1.2893879794223966,4.770232056149788,-4.723291081282313,-3.478234988699524,-3.6195650529500982,6.718234988699522,-2.394733560850216,8.214790803324648,2.151448676949436,0.9252091966753465,-2.0350107101567074,-0.5009519494249044,-6.6795967781801355,1.6009519494248972,-4.759095174602581,4.8326859045252215,-6.830956044239553,9.707314095474752,-3.748605010089366,-4.093676241524641,-3.014628458142246,3.553676241524643,-4.649517744816004,2.1071752079254478,0.19202201866650387,11.632824792074558,-2.3522600928356634,-3.946462646024691,3.4370240632450217,2.806462646024684,2.8602212482034863
277,831000,3000,bfa27e409523790d17a47e944316aec64af95a5be4902ae11791c915ef55fe94,05835470fe9b0fcf3123d9f1f4724c3dd5f980882a3dcbc8d7063cabf99b2c2b,5.712135954999594,-0.874471525561709,-3.2321359549995807,-2.327938906196163,-2.4377087639996633,-3.503936862705176,4.717708763999661,-7.685728752836379,5.15485291572496,-0.2584343486968209,4.3051470842750375,-4.26042388588432,8.08445824720007,-4.690799111659025,9.515541752799933,-1.4270261714695187,3.4705572809000045,-1.368520444605349,3.649442719099987,-4.420763711475333,3.587050983124844,-6.1942191115501055,0.23294901687515673,0.3250378410390081,2.8812771741751293,-3.280423813275054,5.698722825824865,-6.601274089544997,2.255379140424818,3.777093224273976,-1.6353791404248124,7.328817556410007,1.666787870774918,2.7173420722458204,-0.1667878707749135,-0.7389533560400249,0.7153170280245135,1.0531547948396378,-9.615317028024522,-8.339116558611373,-4.08249223594996,-1.3925323241268832,-3.2775077640500396,-2.595544976736439,0.7521596798253732,1.0775941262852384,8.667840320174623,0.2979780176381312,1.636881039375372,-2.952456173162806,9.463118960624637,1.1193759625580901,7.246888370749728,-2.5006895598218453,1.4331116292502764,2.34489908639968
278,834000,3000,68469991d7622ff293db43320966aaef166f893cb682198feb7eeaf07c5f399e,f9b9af786e9364b11f04d81b9186e4b822d5affb4308145e6b75d4680b7017ac,1.3290169943749464,0.565584088178416,0.21098300562505143,-1.5956549248504162,8.640727224649494,2.2433742947907858,-2.360727224649489,-2.609074888436875,-2.694527690974715,5.274726643524353,3.0745276909747252,-9.725598122279909,-2.3100694437746596,0.49192889651821636,4.890069443774665,1.6709296696062301,-4.988629657224417,0.6348080724758721,7.488629657224412,-1.0271410375987706,0.9235062977751677,6.0178470271094895,4.456493702224836,6.085024006387277,-1.1459364213248202,12.589367783792559,2.565936421324833,9.147558078766489,-6.2315476178994205,-5.181417762199584,6.111547617899404,-3.7805965102828174,-5.1953791404248175,4.378481405772641,-1.3046208595751818,-2.2358221260429345,-5.796230589874915,2.4241045690884,-3.7837694101250996,-0.6047454324959834,2.8334131291747133,5.102594604134603,-3.293413129174712,-2.4717460035077288,0.7396363876752661,6.140335754360555,6.240363612324744,0.2725377473328577,-3.5947908033246647,-0.7468148319058504,3.6947908033246555,1.3785019429966139,-2.2451470842750343,1.320997154992122,-3.0948529157249594,6.284024706866037
279,837000,3000,10d88e9acc426bebc71e838eaf820e6d68752c3652fe9e3131ed88db0b019f51,882742891588558cd89e8093fa9287af6c6b0b86c22d3fdf8dc99e94b78d9dec,0.8996363876752578,-3.746411970058153,6.400363612324742,-4.996638605162984,7.649906831399553,-1.9208839282012904,-2.0099068313995496,-2.0809144466743374,2.1226548483250784,2.644687819445277,3.777345151674919,-1.0467217097575547,-5.6072519830744625,3.246694615179899,5.707251983074471,-4.827936834276312,0.39740726407522037,-4.351039257748037,5.182592735924776,0.14985785776992105,-2.487050983124844,-0.43742692509271563,0.8670509831248445,3.514919299956103,0.7066873708000935,-4.580603067636507,2.8533126291999027,0.6914300664267969,-3.970657780874821,-1.4562060173958304,-0.16934221912518177,-3.002909261849276,-5.529543219074808,3.957086739529541,-1.3704567809251988,-4.020878577604585,-0.3252475842498534,-0.950364884553452,2.805247584249844,-7.05385047943374,-1.256230589874906,-0.5145575125563382,0.7562305898748984,-12.7778413891499,-0.05760826402484828,3.0388314999756396,3.117608264024846,-1.8545897429770746,-5.217019926924693,-0.24633282778012394,1.357019926924687,-7.512477629780859,-1.6472135954999558,0.7820454382905168,-0.7527864045000372,4.689179558563416
280,840000,3000,45127a495d4ef043ae4336e691f924c29f98f4b1933db44d1f994603a17acd7e,415943e83bd09ef839467fee7daac885d8222a6ea37719fa7e9d58aa1a00bd36,-0.4595742752749594,-3.51349090917237,0.4795742752749634,6.450533437721502,-5.462917960675012,1.123998332232704,-5.5970820393249925,-5.561531061599683,2.8503325561245814,-4.365378945996281,-5.870332556124585,-4.590584566027771,-0.009868443825035333,0.5407624321090704,-0.7701315561749627,-0.8749719949915392,4.981803398874985,1.719144590961157,4.758196601125009,-8.821255119050166,2.3808514494500868,4.796136496394713,4.259148550549916,-3.0817324199142795,2.072724292099739,5.806435498596076,-3.4727242920997408,1.7485155991993429,1.2587849382251688,2.444495017794988,4.881215061774819,2.509670119353433,-3.9204641122995527,0.9818107880167393,5.560464112299551,-9.329525581535973,-3.200263112349927,-3.946104302278602,-1.67973688765007,-3.227423250139072,9.722104898799424,-5.8078638893798,-2.4421048987994336,-8.636475962013549,-4.078297101099822,1.5364124389442197,-0.32170289890018267,-3.676878678642721,-7.1709208932247614,-3.2115821536013227,-1.8490791067752492,3.3250173038150597,2.798459713474942,3.7276410744471655,1.501540286525067,4.091294663073576
281,843000,3000,4bedfde17e3e6ca0fa46fd3075b61ffce83747e58baa277bd5b685f51eb28085,00b6a81c17d459dd30d88a50ff8edd030cb4e85a6db214cbfe8e4fb8ef7b76e8,1.7876393202249998,0.22975497220033764,1.8323606797749976,-5.220460961711078,4.593312629199908,-2.8853522113907872,2.4466873708001002,1.2659947141367964,-3.7137383539249447,-0.1508587966295837,-2.5062616460750538,-0.7766863095738695,4.799086438149603,-6.206438777272919,-3.5190864381496114,-3.993509447085733,-1.4088543819998331,-5.998148210144603,2.168854381999839,3.4954567726034185,-5.93092089322475,-2.650547417591756,-0.6090791067752529,-2.0061401713483615,4.343281572999752,-4.159017239081526,-1.023281572999757,-2.202402235065742,2.3748529157249596,-1.5869836724367967,1.5251470842750374,-3.556892298540831,-1.7048839719251148,0.2356145703468286,-4.0751160280748895,-2.167599080605146,-2.253413129174707,9.342937348430304,3.873413129174716,-2.9528836250868746,4.435704365175058,10.116502696619069,5.464295634824949,0.04871539078476293,2.2901315561749653,2.0267217823668204,1.5298684438250334,-4.215020618796519,4.606362146049863,-5.156787268442127,1.833637853950129,0.17760931291249077,0.15252329215011906,-1.4823379194428052,2.567476707849885,-1.59958566278333
282,846000,3000,f6ca07e0080afa65a2d66e63420afc6787860b36316521b8ad346945d853b428,f27e3ebe2852d2e42f2f9ef4d37f02232e65d6e0478d9824b762ed6d04d16609,3.0707198932751223,-5.42994363001092,5.7092801067248775,0.534520509338856,8.551184005574676,-7.911862294221772,1.7088159944253214,3.7847635378279283,-0.29914855054991135,0.39333390398256474,1.5791485505499112,-1.9124038380995358,-1.988266044899676,-3.9555853312400315,4.988266044899665,-1.340650844656673,4.272360679774995,-0.6194674453679619,4.227639320224998,2.1932305132222876,-2.6545276909747297,-0.08063387347245826,3.1145276909747297,-3.782525370496387,-3.0955801403744427,-2.3488298243325874,8.755580140374446,-0.4527675522006371,2.322917960675008,-1.0059408123443678,2.4570820393249937,3.5841432842535657,2.525185471849553,-2.6528586024290672,-7.045185471849548,2.2508534460328806,1.1316718427000276,1.006058957150473,1.668328157299977,3.986457747767722,6.2389859381747845,0.8126085477002254,1.9010140618252052,-0.5492425222108348,-5.699875775199392,1.4405560831699509,7.179875775199396,-1.0548924927413474,-3.605874308924522,3.173230585831553,6.5458743089245335,-6.240240992873837,-5.98003838757451,6.041049130083223,4.440038387574509,3.1552694667683685
283,849000,3000,411c83b40f7dc0b694f696290e68228d1658b856a45ae6e67836c4c5e18ba176,5a5a8e39bc6af988b626afb82580f9ffb1ec95189510485858b7dfeaf4b18ad0,5.765247584249866,2.0962550737822463,2.634752415750149,-0.75479445257777,3.7651470842750427,5.596452360866378,4.614852915724968,4.29996755482563,-3.8482660448996753,-2.1689093265827837,3.128266044899673,0.4470260988602439,0.7788854381999816,6.589673038058112,0.4211145618000182,-1.8155465434656013,3.4844582472000636,-8.726900171565415,4.915541752799931,1.0203986453987184,0.14599853372512686,0.7758765330260683,2.87400146627487,-1.2553946015096078,4.61193495504995,-4.9224829440729385,3.628065044950053,-1.3073490984855811,4.033676241524646,6.506846124554457,-3.6136762415246393,6.229522735440538,12.264271909999158,-2.056902567152808,-5.624271909999164,0.09566519346240274,2.7419660112501067,5.464983074083718,4.978033988749895,10.21204974527537,5.918823325799685,2.467005489027013,-0.8788233257996786,6.045980806875808,0.15236067977499906,4.663047656516439,0.10763932022500179,0.6212781607754343,2.627639320225002,5.39988099003103,2.6723606797750015,2.9167250973483063,1.934427190999918,-0.8437902713458847,0.14557280900008224,0.00424004505088723
284,852000,3000,6e66c729883169bce83d40cce827193610a10381c0e08f91a56ffd73385260ca,898c741d7e70e516ee94fb5588c484f6c48f818d75c1de5d7472a15eb83fed78,-0.9127864045000443,-4.434484785487646,-1.8072135954999595,2.4115025787418634,4.755742752749563,1.2696161449517405,-4.635742752749555,-2.0542820751975266,-1.357082039324995,0.0021200225254427276,-1.2229179606750022,0.42189513567294823,8.4931500168248,0.9221859774867974,3.8868499831752206,-4.214210842248724,-3.0966563145999504,-0.8363111201038027,-2.0233436854000493,5.26617353591683,1.0034441853748624,1.6309585487408507,-1.9034441853748687,-5.6162241953370415,-5.467414595449574,2.398973605901097,3.3874145954495853,-2.7757747816042135,-7.501114561800015,4.417142280660386,-7.858885438199986,3.571113841982962,-7.613413129174718,-7.154447349688727,-1.4865868708252903,4.515737273196032,-2.927739820199821,-0.017961119063187002,1.0077398201998176,0.19919186279062084,4.859311162925033,0.781736131172545,5.440688837074979,1.7974672795963123,-1.8084907696750896,2.0360116490163795,-3.73150923032491,-1.422904271224732,-3.600851449450092,4.615333204591344,-5.4791485505499065,7.163427909220328,0.8972446517001079,7.817316184425147,3.2227553482998887,-1.8454180211336184
285,855000,3000,593c4e413d20a37414b8e3e0f2c33dcde7a7d8aab76c0cd2991eb9dbc7ecbb1a,7f14d78aa10964ad5cf54ef1a630bb7eb5cb895c162d0a488ecf2421fe427e39,1.1551160280748871,2.309286155391277,-1.2151160280748865,5.790785564370189,-8.119612662849468,-0.9063448809490651,3.2396126628494626,3.5931238437851607,-4.857871376374767,-0.26567721032670777,-0.16212862362522273,5.6188446872923,0.8296437190496168,5.0651709577187365,-7.309643719049612,3.2881671443347726,-0.653150016824787,2.2009008267762376,3.953150016824777,1.2025121831797199,4.805247584249856,-3.14671635916085,1.6747524157501457,-4.520860112300478,-3.224558747174885,-5.649717103819991,-0.6754412528251208,2.0810325914804455,11.626300033649576,-5.921253912293207,2.4136999663504284,4.647015397666838,3.4551160280748836,4.114924217971383,1.0848839719251084,3.8049176969223133,0.8041951348501384,0.3198698746342227,3.755804865149865,-3.324707996697078,2.10318107302494,-0.5310902408357824,0.716818926975065,-5.690689163545044,1.1866636459743067,-2.494948106481458,-13.526663645974295,-2.1728400645156816,4.266888370749727,1.8151190915415314,-1.5468883707497274,-3.872640272930272,-2.0245587471748783,1.9163345760324462,0.5245587471748777,-1.6545881036386498
286,858000,3000,63d67933cf7e782a5565e3d37231c5a658be018bec9910c2e94e1db01ae00179,4cfd45630a0c0e7def1d6a2e5670ff871ccd3d1dffd15f27201acffe6a229685,8.028529157249604,0.33178023323906264,-0.4685291572496019,-1.8978729875394194,5.816431589824533,1.846300815187182,-4.156431589824528,-3.3276377957703236,-4.722855848274702,-1.0210902771404127,1.5828558482747017,-2.2608349444241402,-5.016067977499794,-2.6298476617671995,-0.5439320225002073,3.9999876594681627,-9.32889276957435,-0.795457205184848,4.668892769574338,-0.7544851454598104,-3.7174456516497347,5.858508140378165,1.9174456516497371,3.6207571541216295,1.1549534156997725,-0.3907134120272883,-3.674953415699772,0.5471224996853958,-5.3275772078247,-5.512888688320677,1.0675772078247017,1.0089887562237174,-1.8693806066996825,-4.870410302290863,4.749380606699687,0.5648924564367066,7.318560213449748,0.5703246026591222,2.0414397865502427,-2.5390411275916125,1.3599378875996968,0.9370261351648805,-5.079937887599701,-1.2609448925381208,4.606625258399804,2.0052122499944627,0.31337474160019746,-11.32568425449307,0.06976794385022128,-1.1779998342283502,4.810232056149773,-1.4114943820497439,4.691509230324915,-3.072324408458607,2.76849076967509,5.566580883198369
287,861000,3000,ac43c04a1c8d0af05af48558375fb686d684079b2fc2ef5648281431c60c39d7,a7b1c46361f7ab40029cdc869f77f315c5d495ecb8a5219d482fb1497c6eb674,0.815441252825121,-5.884212590501053,3.3645587471748826,8.244879755932708,4.852461179749804,1.393533262986555,0.8275388202501859,-0.9788079714377299,4.6607893370497795,-0.19657137083534912,0.09921066295021169,-1.3832424574773228,-2.903444185374867,-7.697329804323245,0.0034441853748616025,4.968814132514628,0.6621286236252226,0.3508604359680121,5.3578713763747805,1.899183233517063,-3.8445587471748848,-7.321765857091987,-1.2954412528251185,-1.4232865958484666,5.578297101099815,4.575362083725965,1.8217028989001762,2.039132610401488,1.1107198932751237,-2.8087672206573355,3.749280106724875,-0.4741589397668914,-0.7006267246746718,0.39788325615140996,6.320626724674666,1.8230987122134517,7.658560213449755,5.014099254796322,2.381439786550247,-2.1584273587616902,3.7795742752749666,0.7734472033826562,2.8404257247250433,-4.569002016149652,-0.563707297724794,-7.503997539679107,3.863707297724795,1.9339133704719031,-4.180464112299552,3.3614400113712466,5.30046411229955,1.0260219539329931,1.3625927359247743,-3.315536274853616,-3.4225927359247805,-5.0983545590837185
288,864000,3000,cceece1319d25da6b51b2a803d5ee60c1ae25d5e94582e1d708ca14218e9433a,fab5d8a1260601c283e920297fbf60ab3f96118d4b0a6e730d8a1c03fca7e080,-2.174427190999915,1.5115907828748854,-0.38557280900008273,-2.9561957487838413,6.132623792124929,-4.825698666944757,4.567376207875078,4.745801552514339,3.645410196624969,-1.1520590944932485,2.9745898033750287,1.8640707719384948,5.403181073024933,-8.954844428358294,4.016818926975067,3.771042463815622,4.481640786499879,2.9491440494658296,1.7983592135001298,6.711970602997316,0.5245587471748789,0.8842618616410971,-2.0245587471748823,3.3328787796808723,1.2100310562001477,-3.6332861269624055,4.429968943799847,-1.3517514267137127,0.06658687082529036,1.2126118263770873,6.1934131291747105,1.6957513256755647,4.5657116965494104,2.6163177500667607,-8.045711696549413,-7.635894278385825,0.4099305562253426,1.5326728633231759,7.6100694437746625,-6.307845424075701,14.455092303249115,-2.2242210745560764,-4.77509230324909,-5.843358675582099,9.36948110667449,-1.944395338292995,-1.2294811066745004,-2.0428721860225267,5.401315561749633,0.22682517312709854,-2.201315561749646,-6.746891902264018,-4.60397041007472,4.747803430233688,1.3439704100747136,-2.3230072294035806
289,867000,3000,82d6fefba00f402ba66fedd5d08832ff92bbfdb235e7e77a4792fb9472d7ba1f,c1c2399f64d63a31e05bc1c582776476d91c8eff4e027c5c2fdb11d08a2e4898,2.722229123600029,0.5975755883718665,3.437770876399968,0.053883357189549785,3.538722825824869,-3.5480298838153352,0.7212771741751349,-6.083213290979802,-8.18370729772479,-0.24733376663979315,-3.7562927022752066,-3.9381246816066895,-7.166300033649562,2.8237985406472794,2.046300033649566,-1.2514638635766917,-0.17203545502476425,3.6894806689892583,4.792035455024765,-3.5028177790394044,1.269079106775254,3.15831741064771,6.590920893224757,3.055982842491022,7.511934955049947,-6.584432054147574,6.528065044950047,-0.9150161333626871,4.774790803324663,0.31007953855482934,-2.5147908033246598,-4.329647870181783,-2.9880650449500448,3.6326675127264694,-3.971934955049957,-4.431673131220496,-0.5292801067248801,5.215411140112386,2.1092801067248708,-1.7185711040255631,7.591246117974984,-0.5595333277200617,7.1887538820250185,-0.03037194709785314,3.853475241575017,4.2614248247439885,4.166524758424981,-3.8327872968709964,3.0895432190747987,-2.390993985229167,-1.0695432190748015,6.250531798383072,7.698560213449748,-3.709561810577889,2.4214397865502484,3.2801145061570827
290,870000,3000,de1194550828c4609f15f289a5cc6781fe0414c348fbd1e20d9b9a5e07add042,b14a9c01aa9dd9c35151be772e82f1e18d4d5a90aa3733ec49689adf87b89822,-6.230758280849635,-3.67363957245152,1.5507582808496354,2.881730780575838,-0.39829710109982236,4.5814128441843165,3.358297101099818,0.41310573845321785,-4.498823325799686,-2.2007826819701313,2.29882332579968,6.368088848841568,-6.445348084224655,4.669717031210727,0.6653480842246644,4.778675846761362,-1.0599999999999978,0.6078663938810968,-1.06,-0.728353243412832,-4.09108350559986,-0.2793252668332438,-1.2289164944001374,-5.587662963646659,-0.05777087639996806,-0.44783587540805075,0.6577708763999653,-3.2734451314628057,4.421903898849808,0.5693236637994533,0.21809610115019895,1.0353118205825544,-7.693250516799586,3.14528796837711,0.8932505167995844,-2.367100250513737,3.9816407864998777,3.506129902736384,1.2983592135001247,-4.141865896566158,-9.348730157199213,1.6346981243619028,7.1087301571992265,-2.9852574499040694,6.061052449399727,7.562621411349359,-0.021052449399710734,-3.474875161584965,9.135216528049705,-1.507159575512141,2.784783471950303,-0.8789027329244568,-0.45744565164973494,1.9150243300548078,5.17744565164973,-0.9719474344315785
291,873000,3000,66a21b48f6acd77a75c31e3eaff7ecd3a6912618ee74577cd73ad81dc4e4368f,984845ae2927bfd43625e3878d8178a9624aeae34c29b61e38ca30f345f5bb5e,4.787577207824703,0.10483691530586092,-1.6075772078247006,-2.7215821172966943,-4.13924905052472,6.129426334615397,1.7192490505247258,-4.7286502099989525,-2.5722985673747,-7.021049202692491,3.9122985673746977,3.7044389714734267,-3.6130495168499666,-0.27041772480741944,-2.9869504831500273,6.562230890033515,-2.497019926924696,5.66891545135505,4.07701992692469,9.286624661597347,-0.0302941685500795,0.6000049180152724,-1.7297058314499232,3.3674907718296043,3.0380339887498957,0.9481267172219101,0.8019660112501056,-0.9386456882604853,-2.4055728090000894,-1.7638562263072532,-4.1944271909999085,4.640346022972544,3.4687538820250183,-1.873360638588059,3.8712461179749806,-3.944175442065034,2.603444185374862,-2.489088508334984,-0.30344418537486206,0.8800218165902229,6.188002932549745,-0.08618416450097525,0.7319970674502609,-3.943674972635209,0.23331262919989645,-0.4666067710190366,-1.913312629199905,-4.178789073552189,-2.9335757415498316,-6.413683278241217,0.73357574154983,4.763262202147685,5.371447117924605,0.06367369326894144,-2.991447117924611,0.4073642851128415
292,876000,3000,9a1d744f457ace2b253b913f3b9c3b22d305da5cded2e8887fc5356cf926bb4e,46814eb688347f697aa21239d03fb2981ac3a74d57526d464604166dac7f7703,9.342267511174542,-5.29392499105941,-0.36226751117454176,-1.6420591307978785,-1.3105572809000006,10.551927743992438,-1.4894427190999884,3.682501987177015,4.572623792124923,4.24770375073168,3.007376207875074,-2.789805162734488,-2.3310213931995665,-3.499269365730231,6.971021393199557,3.620374829497893,-5.196795202149279,0.9652780597372969,10.276795202149279,-2.242373355931132,-6.722104898799421,-4.6728379925958325,5.442104898799426,-1.626218034260138,2.737670376425155,6.450724600033356,6.002329623574847,-1.165397843881823,-2.8124227921753,-0.7895976070383672,-9.207577207824702,2.298376735646113,2.9826548483250788,-6.993798216979745,4.637345151674924,6.297363456254609,0.9488543819998263,-10.211048806415679,-2.6288543819998234,1.8906301259095417,0.9272135954999574,3.438525471534528,0.03278640450004009,-2.5013081740577774,1.6358048651498593,-4.526719710446963,-1.3158048651498615,0.09385447805492173,-2.486687370800097,-0.6837597528728389,-4.633312629199895,-3.9975583298247463,-2.002066511224917,3.2642734096193435,-0.2579334887750789,4.330648809041447
293,879000,3000,662044192da6c70bf7d193a14113d825229fddc7bdfb5c769109c3b1961a743e,dd998c190d402f55161210cd61d3969f5ca4ed465dfc92383375b56abcb8c2cd,-3.1371825392998027,5.200188657810577,0.9771825392998069,4.685940452372196,4.6005262246998555,-4.985037553676122,1.5594737753001464,2.2815347002487023,-9.562894235849217,-3.8990814820952044,7.16289423584923,-3.303507771442688,-4.237708763999652,7.041748958517054,2.91770876399967,2.301688859343084,2.8857354213751996,1.197462361581037,7.134264578624811,-4.149226903002149,2.3798373876248844,4.297965677106292,-0.07983738762488216,1.5522535354819609,2.1706577808748193,6.715901340930231,-1.6306577808748222,-4.997066057087042,1.0945514158005227,-2.145088609373116,12.18544858419949,3.300696117175538,0.11173395510032716,-8.143045657205855,7.08826604489968,2.1172641367247764,2.45845971347494,3.5893842681641073,1.1615402865250584,-1.7246218644839098,0.46727570790026857,-1.7574231412251693,6.012724292099741,-6.343458355084096,-2.4742645786248003,3.4561772834797475,1.7742645786247961,-5.5922123158155,4.709442719099996,3.245384369202253,4.5305572809,-4.1452961650692375,-4.055905365124674,3.7379318799563968,2.8759053651246784,3.3090580624712054
294,882000,3000,c0df0937ca8e6f56f499bd829e976f6476e799b8f2b66fa147fcf0aa24807d07,44216afc29fe3bc028c4bb6f059280388df7c1d7867b7922a4418b420ab475ea,-1.1225927359247796,-1.5264309405529601,3.662592735924776,0.002929799073241963,0.22318107302493387,-3.4892878673389647,-1.1631810730249352,-0.05357405007158035,-0.8133126291999008,-3.5111797243350598,1.3333126291999018,2.193539820340258,3.9301699437494673,0.5019103949094664,-7.250169943749479,-2.003019209963249,4.344396134799763,-6.333358711886742,-0.6643961347997605,5.654075293676979,-7.971284505549488,3.6147063936632855,2.8512845055494904,-4.232481268429875,-0.666524758424988,1.5637815694630604,-0.35347524157500987,6.486646838159736,-0.5962305898749035,1.8366286239138936,1.4162305898749048,3.2380233627662642,-3.535479640399631,-0.24521374411435046,4.335479640399616,-3.5162295459337503,4.238560213449746,-5.416531863116584,-1.0385602134497536,-3.40017390376475,2.823343685400048,-0.9959593139531115,3.8966563145999404,-0.08980559531591781,1.6664242584501734,2.756002947133563,5.333575741549838,5.067982611985869,-2.2940635786751757,0.2029314384116677,-6.005936421324822,2.6489278644961627,1.936493702224836,10.329415633421975,-1.5964937022248373,-0.9763056242885555
295,885000,3000,2d54e9fbd08b6bec615585d5d14649c7044fd68cd886376d0d119f628a812bcf,4a22c0418aae5f3542b94e54d85fa7e485f33671dd99fe9396ce6ada05ed1298,4.938722825824877,2.7738459213906346,2.1212771741751277,-2.701810282826045,4.850657780874827,-1.5381501368459238,1.0493422191251744,-6.102793963138595,-1.0948145281504498,-1.5113996205630151,-10.665185471849552,-1.7226930042703366,-0.191346617949794,1.6090666917447585,4.1913466179497885,-3.3691103249251997,-2.9518728426496517,-0.48013668271947363,4.471872842649644,-7.814695692469875,-1.2419038988498017,-1.3319795922430484,2.9619038988498025,0.9642771208776216,3.525410196624969,2.225722482845571,2.8545898033750334,0.48182925332084353,2.900789337049788,11.003576212527294,-1.6607893370497866,-2.662575921002691,0.06494608432541296,-0.07739476728125096,8.875053915674583,0.6356178490236662,0.16212862362521815,4.048511887941058,4.857871376374773,-2.8077662817976714,1.7869888707245374,-1.5972744779460253,-8.006988870724529,-2.7746556979384356,5.064659247149698,1.102533927160675,-1.4646592471496929,7.147896119800544,3.885835921350022,8.631234978103015,4.154164078649983,-3.077301212551519,0.8545514158005232,2.600594798335127,11.945448584199498,0.5557937520990103
296,888000,3000,36352cb9f6fd51f0afbfed14eb4569dbd7b18c577650bc92b93e100ff21d0206,60b19cc1726a423f1b146d54dd047dc21860cf66992533ac8a406afc985afff9,-3.0104951684997037,-4.82762752715833,3.250495168499707,-0.3549823362127945,-0.62101406182521,-8.734070015689541,-4.958985938174804,-1.3498225665001289,4.092198067399876,-7.444181566837309,1.5878019326001125,-7.860290121869545,-6.514790803324655,4.044890457126122,0.7747908033246572,2.1318680047906464,-3.9432815729997475,-1.145699026916928,1.4232815729997477,3.129756178957331,-6.335053915674585,-4.169617351708731,2.4750539156745868,-4.311877913430468,-5.52879226959953,-5.921872526529118,4.4887922695995215,-1.1364091602673725,-2.6042335224246416,6.684027985542888,4.864233522424648,0.9239966928942736,1.7198373876248834,-1.3098965729350902,-0.7398373876248906,-5.9617255025883935,4.964070910049528,-2.5321805905854755,-4.964070910049536,-1.0918156697273793,-7.63085878082445,1.6408670296263481,4.130858780824447,2.959316710168955,3.962329623574849,1.2878865711328942,0.6976703764251507,0.6382383409789443,1.653212129225079,-5.523989270377712,3.4867878707749203,0.6866895519460825,1.3017412864746778,-9.282002291922737,-5.361741286474682,-2.8450717834074433
297,891000,3000,ce886445ea96efbd731cd41b4d46b5be9a0ab7f15d4a0b057ebefc81ebe41523,79b90a5625a8ee346991fefb329bf9f76ac8a67d644f070981e56c675b60abd0,0.22806504495004615,1.8506590050441623,1.211934955049954,5.086753507596851,-1.8928485169003477,0.9283548827512607,-9.227151483099654,1.7303633178242919,5.862167011199732,3.2562937889474215,0.13783298880026795,0.8558917922625888,0.6105572809000096,-1.2609448925381148,0.7894427190999904,-0.9370261351648853,-2.7752165280497016,-1.0114911033728882,3.575216528049708,3.422993682114748,0.006950483150030884,2.145516061297186,0.6330495168499717,7.161617193812849,-2.777345151674921,2.256594899373262,-1.122654848325079,-1.8648805484863014,5.476555814625139,-5.871110130724681,8.383444185374854,1.4184730638619922,4.395642252774744,-3.7020096418300352,-1.0156422527747486,-3.7074417880524426,6.995541752799931,4.860929273329428,5.564458247200073,1.3218799490456892,10.677809263974476,0.6388569552148797,-0.45780926397447114,4.495537986801316,3.893939353874572,-4.422883734000773,-5.273939353874577,0.946625308932413,4.759999999999999,-2.2244122368679418,4.759999999999995,-1.164469922527912,-0.08324318542523469,3.7417444730832035,-5.136756814574764,-6.309464977171281
298,894000,3000,ba28198ef52b4163cc5058281a59e378fbcdc663c1613252f7f32239f91b358f,5474657f08598079b752e075ae9a72c31e39de4a73b94c36dd73286e8af47606,-2.492724292099744,-4.245392565894385,3.0527242920997346,-1.4671884546467628,7.559612662849455,-2.3366101586097905,-3.799612662849469,3.8657797359241144,10.06072722464947,4.288985117574688,-0.940727224649483,1.65184946687727,2.077608264024851,6.070920607751244,-1.0976082640248475,4.382912613135394,3.322104898799426,0.8891935384336795,-8.842104898799434,-2.2893961761145216,-3.1084907696750865,-2.3797022408602735,-5.031509230324909,1.8939422496065186,-1.144458247200065,5.786854826437283,-2.575541752799931,-0.26136414777006095,5.446099033699939,4.046009540791892,4.193900966300066,6.128116088637769,6.659249050524724,2.256594899373263,0.8007509494752755,-1.8648805484862891,6.361578674099567,4.719242198543294,-2.761578674099578,-4.233291044977665,5.046687370800099,-10.610051146232882,7.19331262919991,-3.9287166701510317,2.6091796067500614,3.6904085903431687,3.9508203932499337,5.172319057861894,1.487376207875074,3.8749514577675765,3.0526237921249217,-2.441874525839713,-3.9873140954747783,-0.8580118147880241,0.8873140954747699,2.834398653274478
299,897000,3000,34bd4356b7187b59d0f61dc95b2a887f51ca7acb6efdb008c1c3fb23a017c719,52d4d1e72f834fd75d118e21ae3bbe8cad45691ca9b3b54cf4f95e2271c993e1,-4.676594202199644,-7.039319628873632,2.83659420219965,1.0119185552969523,-1.5564937022248275,2.931683399832482,1.9764937022248354,5.123985991700862,-1.1167568145747613,3.505629433306543,3.936756814574757,-2.3546894224790713,-2.463482572949374,-3.208461192216217,10.863482572949366,0.17255949131381063,-2.289605331475107,-2.173649841063497,-4.570394668524904,1.3904123016014498,1.116493702224838,5.527419538880794,-2.4164937022248325,-0.9474350854802118,5.65626897744941,0.49848012640638195,-6.776268977449418,-1.7422736764291233,4.167840320174633,3.0688941399555234,-3.74784032017463,-5.305835349664234,1.5744893034002194,-0.7864766456532621,6.225510696599785,-0.8540810768551207,6.50534808422467,-3.469516032868318,-0.6053480842246644,-2.7225830561563638,5.930069443774658,-4.045509071362051,-1.2700694437746645,-7.9152925627248445,6.618622325850054,-0.6950514972417464,7.78137767414994,0.35903121895179646,1.0406888370749758,-3.0935246337129967,0.4593111629250218,1.3476295264689284,-2.5923606797749987,-1.0828351101957843,-2.5476393202250023,2.432584659190151
300,900000,3000,af2e5c42c4c16afaecd21535f2bad089b23b62aee323f9d6685b7c143134277e,0889a1dedd1f9d573a49e2e1177c8173dfddc3717f6d14f208d07129c06b64b0,-2.128002932549744,-2.192538881480588,3.328002932549744,-7.085532672509246,5.178923825774494,0.9288553521810916,-5.598923825774492,-0.056813156262789676,1.4798995000251831,1.3522518961435352,5.460100499974822,-5.420462601049491,2.2665247584249846,-5.25014127706721,1.9534752415750103,-6.136286871621563,-2.1442956348249513,0.6618678958767485,-1.1157043651750445,6.24467220023658,-0.11124611797498336,3.607772839151368,0.29124611797498723,8.538499583713874,-5.254628190949542,3.9711171206598137,4.4946281909495385,-2.172148432773999,3.5673762078750757,3.208151885098253,5.132623792124932,-3.064271770280917,-0.13511602807488882,-0.6588199519974082,2.23511602807489,2.8523597723376626,-1.7833436854000493,3.8750696025736784,-2.856656314599948,5.128726506181581,-6.0905572809000095,3.596745274600103,-6.269442719100007,-4.03328940563925,-4.869280106724881,-5.93528429342346,-2.2307198932751247,2.79828525283625,2.3176082640248494,2.748023326461634,-0.8576082640248502,1.593225595207011,-6.778196601125011,-1.3425797048702421,-7.0018033988749915,-1.1451985574870938
301,903000,3000,80378d622cc8ce6e22751b0e2aedb0184e2ab21c0eb59416d89bf4b464425ef9,79b0c25be899413054f7ce4d059921f0c7bc61bc54aaf345f48b084d97390c8d,-0.4376082640248496,4.1528483338170865,2.7376082640248462,-3.7421719250072787,-0.26239173597515075,1.838439339321364,-3.4376082640248504,0.7682062194721118,-1.3013776741499399,4.911382362015908,-0.1386223258500583,0.9850498942079478,-3.948629657224413,7.9784657865639526,8.528629657224412,-1.8509683121621345,3.3506577808748212,2.6695094755146154,-0.4506577808748233,-1.7674046396164313,4.426362146049872,-0.4187741742878377,1.653637853950134,-3.150337789975793,1.616192202300396,5.359409399735817,10.023807797699607,-0.4203937273834452,1.2817028989001769,3.0829245210857965,5.038297101099822,-3.457105204833648,2.7969194269498803,3.3059371010860845,0.20308057305012522,-0.5854740674551684,-3.6626548483250727,4.140746812900388,-5.317345151674918,-0.4901181811107334,0.039473775300139985,1.2167337266218692,3.080526224699852,-5.031059434999843,-0.38573542137519806,7.104804037550059,-4.634264578624804,-3.074371413478276,3.478196601125012,2.271125749933369,3.701803398874983,-1.803326877742793,2.7342645786248037,3.649937000047956,-1.5142645786247981,1.8352002331301511
302,906000,3000,fee0f3b42c7fe298bf6fc802fad6e9e4c600a149cafa8a7f90e295b4f5d6b7e2,80036e17501fd7395e31f4ed941600f920987b2c7292392a1160a8e6de24a179,3.669280106724871,-7.562120941919532,1.03071989327512,1.6876986874978777,2.453212129225085,-11.86906717855742,4.28678787077491,0.23504108341122043,1.9220043988246192,2.476177210870475,-6.262004398824604,1.2674961224263068,-1.0079024325749275,0.6414774471701625,0.46790243257493536,3.130256648387168,-2.398560213449748,8.622563725689407,2.8785602134497514,-0.08599300218911073,0.07183445507514047,3.0652727091405874,3.0681655449248595,-0.366201063075921,-0.28291796067500874,1.305037913648274,-0.4170820393249951,-0.6654893266916911,0.673011129275461,6.537718541082139,10.466988870724547,3.882812933633389,1.7489164944001343,2.958006464191318,4.611083505599864,-0.9582263604192778,1.8100310562001487,-9.138813808847106,5.029968943799849,-2.651430211645335,10.039837387624884,1.921575559942989,7.580162612375109,-4.385150780466941,-4.923118960624633,-4.074525645181926,2.9031189606246364,11.7816909128849,-0.8019660112501034,3.7727350344169936,-3.0380339887498877,-1.0855737469571602,5.929806331424733,7.43982337698031,0.2501936685752664,-0.5541011814976462
303,909000,3000,9b6e51ea34fe19a1c62f88253698a78ebb10eddd60ada9150e43293549b77b30,e29646a50a6192f97b1e79c40c417f276ca26f3b665eb6ad576847cce7b4377c,-3.323606797749977,2.9359964623891246,-2.876393202250016,-6.281713522028732,8.214101966249684,5.295235237037033,1.5058980337503165,0.9594184615908068,2.9926237921249186,1.9068535470710202,1.4273762078750751,0.2321843018437454,-1.8480029325497453,-3.834097542848632,3.6080029325497387,-3.5787841555369275,2.671346617949798,-1.6054452609298133,-1.711346617949794,-1.5705239616631133,-7.54200439882462,0.23037358643628092,0.6420043988246121,0.5629635962231372,-1.1474145954495845,1.1067739722115597,7.707414595449593,7.991686391146436,2.191408730350097,4.421764650335002,4.248591269649904,-4.942873392779521,5.4709208932247515,-0.5474318068033668,0.1490791067752521,-3.282425690994391,-3.348591269649903,1.3148282497276713,-1.2914087303500943,0.33945054679301967,-2.470294168550076,3.4403361869420013,-4.169705831449925,-4.971125317351935,6.027902432574933,-7.908859477642764,4.552097567425066,-6.938295306694603,0.04026311234992584,-7.8960211976840275,-1.480263112349928,3.1636765393643578,-0.08062672467466533,4.149418065314012,6.940626724674664,-3.4814263914731503
304,912000,3000,3fab1c7885c40f1d5cf7577611146b471c8ed49ccfbae5e9604fd81afc42b4d7,1091cb15d17b1c6ecc1b3dd31dfb47eb554b0a931789b2d8e230014caadcf756,4.598297101099827,-10.650595754033853,0.8417028989001811,4.983654290192708,0.3509830056250519,4.366188722544081,1.4690169943749483,5.6951203709077864,6.513475241575011,-0.4903093434226039,6.826524758424998,0.5381419401538009,1.6467878707749117,3.5397409560254354,-0.1867878707749145,-0.28325600476616064,1.3534752415750124,3.4533656292126036,1.666524758424988,0.4519577756528279,1.0679024325749296,-3.05617400480289,-0.4079024325749275,7.837206163701896,2.4305956684745156,-2.601095267764965,-7.810595668474504,1.231382721988072,6.600789337049791,1.9061619153293112,2.039210662950218,6.698249528985023,-1.0853480842246601,6.443864063027219,6.025348084224674,-0.6439067768135673,0.9457354213751995,-0.8517698920178097,5.194264578624803,-3.47051697172799,3.3720975674250737,4.330648809041453,4.847902432574932,-3.264273409619346,5.946362146049877,-2.3081670717255096,3.173637853950131,-1.794537480523074,1.3490169943749466,0.7571056374150793,0.23098300562505078,-2.1607385435989954,7.193838853899761,4.687560005467817,2.006161146100239,-2.9911170480505476
305,915000,3000,89cda751e77281eb0df78f21cfcb883f09951552537f0f887553de6b3219e3e0,5b6b9302675d65d3d2ad56e95ed04d53816190ee02909132669c70b4fb2e9ce5,2.7541640786499912,-2.270434118191667,2.485835921350009,-4.662738349398472,3.8576082640248512,-2.358310853294014,0.6823917359751474,1.4340048532817657,0.6995742752749523,-4.869291218625073,-0.23957427527495395,4.561140540283831,-0.12593642132482677,0.5433829240643517,3.5859364213248264,-2.240253333405682,3.4138388538997653,-2.8639608238245224,-1.7738388538997578,0.8060573178120486,2.9854723090252726,3.46527598781744,8.754527690974733,1.8787927848104744,1.2273762078750714,2.9421653676535753,2.7926237921249246,-0.33713936195570837,-9.412399067349508,2.4441857106770244,1.0523990673495058,-0.3820421596136667,8.153939353874566,-0.4245156276282225,-1.0139393538745658,1.3674013609395834,6.193250516799583,5.719632719859151,-2.393250516799603,-7.978583931370055,0.9317723426748381,1.5694048779973437,-2.5117723426748317,-5.601693344776923,-6.280789337049788,-2.7467130804839974,-1.7192106629502173,-2.2758662644140855,0.7215402865250589,-3.5209700604144585,2.0184597134749405,1.1885999468555535,0.279210662950217,2.3874906992203297,4.840789337049785,6.259703520226537
306,918000,3000,2cdcadb24c91ead5ef6a6bbdb1cb7b8a1289f9a1d5d3a9cde71a95b7e147290e,aa6510ba739df70b106da01db8c41d5c2fda8433ada3fee75151346c1644fa50,-7.2013155617496425,0.9523667622727986,0.4013155617496432,-0.09485541691459859,2.5158669775501536,-6.614494694127454,6.004133022449848,2.536229473324472,-7.406888370749738,4.360638431515564,-1.5931116292502716,5.5339707687689685,-2.4493806066996884,0.006050760458353607,4.169380606699686,-1.6260268719482742,-1.760526224699859,-7.318836058018754,1.2805262246998566,0.10314434470448755,-7.50938060669968,-3.409463770414303,-0.8906193933003139,2.6244155155447975,-0.12265484832507922,-1.128856991519512,-1.7773451516749184,-1.0656837676804056,8.560200999949641,-1.8708131641385528,0.5997990000503772,6.9400330045962955,-2.4700694437746633,-2.639637997846598,4.7300694437746635,2.9950477859834557,0.014589803375036792,1.0176600086373444,0.6854101966249729,2.521580477958272,-4.766625258399795,-4.580603067636511,-0.47337474160020476,0.6914300664267957,-2.151934955049951,-3.1723477917779865,-1.1680650449500485,-4.904712987321616,4.10928010672488,-3.295145826147027,1.4707198932751253,-1.9839390072343022,-1.9656111965745902,0.00555029102851376,6.665611196574612,0.16114960213881394
307,921000,3000,9b50eed012dc30ab7e6c1703bc3258098df0e7f1c26e22b43daa6ed6fd98ceef,e3af05fc355119e6af35b170d1e8c3cd93f536a6c65b2d45084b0492009fa164,5.2893806066996865,2.2944459977132032,-1.3293806066996892,2.837519614659583,7.346663645974312,-0.856009937068688,-7.3666636459743104,-4.314307243073864,5.609643719049619,-2.763864422999379,-2.529643719049621,-0.9721385967434468,0.18373102255058657,4.43691411513104,12.616268977449428,0.9021048358981758,-2.0164937022248295,3.9964392461589737,1.5164937022248348,-4.680007836719964,-0.060526224699859195,-2.316647161827266,2.9805262246998554,-3.4821180232148468,0.7792490505247234,0.3238006125671416,-5.079249050524733,-5.372630004318288,-2.738885438199984,-0.2589348181266537,-2.381114561800015,-2.4732474117972454,2.9450849718747407,3.7005812510462968,-2.6450849718747422,-3.1805185747617726,3.490983005625051,-2.0658831266843958,4.609016994374947,0.1952611248577097,7.993513629149523,-3.3085575930413613,-2.113513629149521,1.9507554058693124,-0.30121506177482626,7.60652327014765,3.3212150617748293,-0.3985018703873463,-5.260526224699864,-4.177360682768446,-2.2194737753001395,7.354567133833255,-0.005309696650159616,-6.584432054147571,-3.314690303349846,-0.915016133362681
308,924000,3000,ba723b08ae9cee3d69f9fed3430759f88305c32bde124d65e99d85a414078c91,519f293c065761ea740bafd91073ee3a08f4c39b51e4e57b74795700fa654111,-1.7733126291998969,0.8112983017225991,0.373312629199897,0.13339814699623692,6.782693235899583,-4.328337624204148,-1.9826932358995877,-0.9927202077619037,1.7562927022752097,2.618246610280336,6.183707297724797,-2.535110389658712,2.4853096966501553,1.4851495737099418,5.794690303349842,-4.444584428685004,-2.338560213449746,9.257872267595106,2.93856021344975,-2.9003105138749614,1.1845587471748786,0.04490279765795953,-1.3645587471748801,-0.49797965697655483,5.146199533674761,6.353248691163496,-0.08619953367475687,-0.7524832677404657,1.4070509831248472,1.365781807843972,-1.9470509831248464,-1.7845559821318109,4.002855848274699,-4.2144020045605926,-2.3028558482747017,3.756702775567382,3.308227657325165,4.191199901586856,6.751772342674834,-0.8269482359484807,-3.461439786550249,-0.8649904966002788,-8.738560213449759,-4.2147113116785535,-10.757809263974467,-2.67355835825362,0.37780926397447334,-3.755274384783641,0.6773451516749207,0.8777836492586819,-0.9773451516749221,-5.503407659359251,1.1648839719251116,1.5684039391376752,3.5351160280748926,-2.0273403966027557
309,927000,3000,6588a09c70f0a1ccc1048ad036b2791dc3237bf0c297a4feddbb3def9afd6b4d,a6506d773ea5b65003742822ef08e329b517621052532c573cb01d732d45b876,2.9282660448996722,-2.2201721918170634,-4.0482660448996635,-0.32067965118202296,5.5219038988498115,5.286755146935284,1.3180961011502015,-0.7281620811009664,-0.23894755060028683,-3.545291247053963,-6.321052449399716,0.12210640262734414,0.9652091966753433,-0.7579154139628813,8.25479080332466,1.0562027387189783,1.736594202199646,-5.062932790387196,-5.776594202199661,4.704329023359461,5.133877241474277,1.9409650697899166,-10.473877241474252,2.303617719556668,8.650657780874827,2.087083351938787,4.849342219125184,4.023690231871729,1.343444185374868,2.277603962315791,-1.5634441853748564,7.032959561297326,9.749806331424727,4.437414584560884,4.070193668575264,-0.8850716381889074,-1.6699689437998537,-3.1085559537029357,1.5499689437998487,3.0732523298125023,2.500100499974818,6.1490070067741875,-1.4801004999748122,-2.7187704630295526,4.795116028074888,0.3530534759992154,2.424883971925109,-9.928411415885469,1.958622325850049,-4.888371421354042,3.121377674149947,0.7640843192273317,4.701903898849807,3.7939352596713833,0.498096101150198,3.133377609772273
310,930000,3000,089f25878b6068a8ce683f4cadef1e15c147bf886f52e496a5ca90330392f222,425dee8037ef977afae474b5d074099c4306af20761f8962338bf84fb868f46c,0.16609903369994214,3.4968400360868275,-1.0860990336999417,-6.933982244137953,0.25734515167491856,-2.464266852265641,-1.397345151674928,0.15933888673134533,3.60599853372513,0.35348092792328967,6.334001466274873,0.5339018951029214,1.9140635786751705,-4.798875133156092,5.625936421324825,-3.123587273692882,-0.625835921350012,1.1029162517844096,-0.8941640786499857,-2.2098813863078335,-4.484922359499619,1.91826343624602,3.5649223594996235,3.44619578508848,3.193537353975316,-2.580704819058361,9.946462646024703,4.345798273837494,-6.81495341569977,3.6076546943452685,-1.9850465843002274,0.9678985516925662,3.0176082640248496,-0.1783009446541941,-0.15760826402485098,1.3092779586991514,2.783181073024934,0.6513408007553159,1.3968189269750633,-8.114293263203603,4.983970410074724,9.588960869092473,-0.9639704100747191,1.6678817257268845,-0.19613008990009687,-8.567060815404233,-2.163869910099907,1.6974890235772844,-0.008065044950048563,-2.976158745566371,-0.991934955049955,5.83630697626409,-5.722855848274688,2.085272636531318,0.5828558482747075,6.493507375165877
311,933000,3000,332a975f7f781453d456f1b6275b51717ba562f2f19759d7500c0f80e2bc7612,5ea2dd17cc3953bbc1343ba6a726950d85fa3070e0696c9a64330318cf26f1ce,3.625022859474437,-6.966783520879209,-8.405022859474439,-6.250914123006795,5.0689548819746415,2.1528770677331748,-2.488954881974643,4.852949652657511,2.640851449450086,-1.484148634850275,4.5191485505499145,0.8702314805108278,-5.767840320174624,-2.6430682663496747,2.147840320174627,3.2557933195175837,2.2398373876248843,-1.4804090592292287,-0.21983738762488475,3.5011982259438,4.877019926924691,-0.45195777565282924,-1.6970199269246926,3.453365629212608,-1.723606797749981,-3.7481045406595284,-1.2763932022500193,5.0437795701524815,-3.606462646024692,4.872721487128154,3.1464626460246814,-4.821886073817967,3.9478019326001172,9.157967029081812,6.452198067399885,-5.801003352373643,3.582492235949968,0.7513641840746917,2.7775077640500365,2.3570006073163774,4.497608264024847,-1.4596362858989096,1.3223917359751507,-2.7421637283151488,-0.29659420219964133,0.25650548848325005,7.216594202199646,-0.8403600028428145,-2.78551069659978,-1.3497495489943683,1.8655106965997863,-3.515419769385944,0.38000000000000417,1.444796128220827,0.3800000000000083,-0.21110222139545462
312,936000,3000,92c968e07f1b8c76d891adf074d5db0ee122c464457c8b349d79ed2d9480f7e3,d0311356faf16ac42795458b7deb70899c5609054f4d0a69be74b5e95e1d52dd,-2.112561679724625,-2.1084747395050485,5.892561679724615,-3.5637528355469703,0.24052622469985063,-6.647414115674809,-2.8005262246998592,-7.788445645616817,-7.181416061724457,-1.9932288738838633,4.401416061724459,0.503029478575232,-5.817971876349593,-0.25550454962357216,2.857971876349595,-2.7339929453313623,2.364133022449844,9.042957453072828,-1.1241330224498334,5.273416397546708,4.055116028074887,0.4527675522006252,1.6848839719251127,-2.34882982433259,-2.7479024325749295,9.96452481632369,-1.2720975674250727,-4.72421900263621,-0.8034441853748637,4.040841574387107,2.1034441853748636,-3.3908110196094277,2.654690303349838,-1.0692321809895857,-0.6546903033498475,-6.180998506967649,1.5670509831248391,-0.16276915523442548,-1.7870509831248447,-2.2035213187315117,2.4581344887247125,2.870320891400838,-3.7581344887247083,0.45962808920678117,1.985084971874737,-0.9869787544215235,-3.6050849718747404,-0.1894015267112233,1.1767184270002546,4.436914115131048,6.543281572999739,0.9021048358981829,-2.8345898033750325,-1.2957480469987115,-3.5054101966249567,3.4576056742634775
313,939000,3000,1ba8691b89df22399c08d6c8c1ada5f631708672890359a7642cb77389a672a1,5b13de03e8e6be5e2eb96e51c6a145e5bb2553859b62f7a99a21b74f1757ba17,3.043281572999745,-0.45450525010233717,-2.323281572999747,-7.430842817448726,2.1823296235748444,1.7230023113883066,-1.082329623574844,1.3803126584040872,0.9526237921249279,0.9229957540346045,-0.6126237921249245,-3.109675037368706,-1.8812150617748333,-2.997477115626857,1.7412150617748279,-5.953245412486644,5.298297101099817,-1.1891004162853833,1.5417028989001753,-1.7337935863273692,2.2588854381999814,-1.6405577225083803,1.9011145618000191,-0.06760443120185175,6.765874308924528,-1.1218052922014996,-3.385874308924529,-6.2660635878028526,2.781640786499874,-0.7993879431177693,0.09835921350012622,1.2934368621614096,2.8055106965997894,2.4125035176015293,-1.8455106965997814,0.86013183731347,2.109079106775253,-1.6967522645352353,7.430920893224754,4.78696477455125,-0.44052622469985764,-0.9120133167836785,2.600526224699861,-4.13862679037495,-4.5204257247250395,3.060414049853772,-5.459574275274968,-6.993415892356003,1.913049516849965,3.981407926169038,1.2869504831500271,-2.9543850333763757,-1.8601004999748143,-5.761723863249978,2.120100499974808,2.4323934968782854
314,942000,3000,7b199477eaf283ecfcecafcaebbe503ae05e08897fb30ed4d93dc52bbfb6c5c2,6e2920c256589adf46faca18aa342377cac7345fa42502dadec54751e60836d9,2.8162305898749023,-6.277782784095819,0.8037694101250927,-4.983918470010341,-2.5018033988749857,-0.016459710773678332,-2.2781966011250177,-5.162337559470634,-8.089380606699683,9.687747023939968,-1.4706193933003107,0.5723264803784639,-1.8279024325749318,0.2749670769762629,-0.35209756742505993,-2.8267283397205247,-0.047275707900268304,-13.508314655088144,-5.5927242920997395,-0.5152040169976986,10.158498101049442,-10.82134452994019,-1.5584981010494472,-0.6946240453176676,1.3854101966249674,-5.689497062373502,0.714589803375028,-7.722151460392579,1.2196363876752658,1.1752611974669773,6.720363612324739,-4.793825311557409,-6.495742752749559,2.9368062389369216,2.895742752749555,-5.177177717148714,5.967739820199824,0.4359255168032128,2.032260179800186,1.8466101223051528,-1.7935757415498261,1.073854550664196,1.8735757415498286,-2.3329887277948442,1.3427169607253822,2.2352035118069997,9.437283039274627,-1.4049431521615576,-0.7699689437998523,-3.3888821593958682,2.449968943799853,1.0599423143400246,3.3234825729493744,1.7917258262559312,-10.003482572949384,3.7360030197428187
315,945000,3000,744f4dd2821da94aede807f0189d80fc717c4c027ee906f9c75064d66c124e82,1ae0b8fa1e1168150fcc9c7fb5eec86ff440a124d918cda0e0f6345786720797,-3.825549084174294,-0.9998900518860238,11.245549084174298,1.958116412305292,-0.8353791404248166,3.0216801574602674,3.0553791404248187,-0.5508620753064414,3.4472135954999623,-3.2811154450167503,2.5527864045000426,-0.13520886240371008,8.21197334262448,-0.08263575119180339,-3.1919733426244643,3.36618052585196,2.7065247584249845,4.24570187301235,2.3934752415750236,4.358900733613866,-1.461052449399709,3.340048623804979,4.621052449399711,1.4859593502577446,8.361478174124752,-2.740971627143619,3.218521825875242,-6.793605415329453,3.2703946685248924,0.18959268902309204,0.9896053314751062,-5.665867507475713,3.282755348299892,4.017521326607273,0.9572446517001068,-8.031657512011806,3.7841951348501444,2.5519524250561174,6.7358048651498565,-1.5771933363574004,3.00917960675006,-0.7394538254698664,4.350820393249943,-0.930165598158735,3.2301315561749684,-1.5004171833120892,2.4698684438250327,-8.970994832013997,0.36376941012509173,0.544192700612153,2.376230589874902,-1.1357175285256695,11.94698887072455,-2.8557900408407386,2.153011129275465,-0.39807441846327524
316,948000,3000,c8d48fb0b112f19fd7c238c75e929537f02e9ccf4b1aabc6a748e52350356c41,d8b1ab75379105fb8ee0934426e37482a98f4a1cd08014dd1ba24a0c985df1a2,-1.944357747225255,0.09030606474575512,-7.3556422527747545,-2.7831357880401946,5.189968943799842,-1.058131598932554,1.9700310562001473,-5.858699302690014,0.8851470842750386,2.0897038438940685,1.7348529157249577,2.6584088934575836,2.80062672467467,3.3427872605663564,-4.220626724674671,7.6912790438648955,-0.10174128647468672,1.3603496616215642,6.561741286474689,5.624895447750651,5.2449844718999294,2.918653957561878,3.635015528100077,-0.2990971013039049,-0.7577708763999648,6.3846215771210115,-0.042229123600034446,-4.886369543634695,-0.33357574154982655,5.76546343887102,3.333575741549832,0.198573248554678,10.289055381949458,0.625208898708337,-1.2490553819494592,-6.710969664137662,6.56577380894972,6.330929382243332,0.3942261910502839,-8.967682708317025,5.270820393249934,-1.7612357343519807,3.9291796067500617,3.2750646845584077,6.228854381999844,3.442765516585403,2.651145618000167,-1.6575179027118945,-4.274891303299467,5.71158008168147,6.994891303299465,0.7961488369265515,3.80593642132483,4.016447370241841,0.09406357867517623,7.792185221237837
317,951000,3000,830a1f8d8466a9c97f38513ff23207923e8c7b2fe6ee5e38acf103c1b8f162fd,9bc87848757f1f1d6a28b807e611a6b7ffb721317f18cdda359269639c48d886,-2.8684286572747855,-1.5187606269990137,1.648428657274792,0.5859745368850044,1.093900966300062,7.885730392174802,2.346099033699943,-2.3814399387619822,2.5006888370749714,3.7405523719116633,1.9193111629250303,1.9437767240570527,-2.554527690974738,-3.859610830659667,3.214527690974733,3.6079640014632304,0.7892801067248735,-8.967564563510921,-1.8492801067248739,1.2396716497779638,-3.7405883371001667,-9.28593302985565,-7.139411662899844,-0.7971497757862189,2.265410196624969,-5.868489638769407,1.5945898033750348,0.05319172544784487,-0.2523606797749952,1.0307624684137022,-0.20763932022500436,-4.304826214112435,6.110820393249936,-3.2950276813409274,4.769179606750053,5.586662024786978,-4.7336762415246465,1.2075620047784033,2.9136762415246458,-0.2525747505503321,2.0557043651750493,4.464856732585496,3.084295634824951,-2.9710359064619234,8.206400533624388,0.32441922680306956,-4.986400533624379,0.41079455361591316,7.5020665112249265,2.738733459812072,5.757933488775084,-1.1988907523647834,2.2507582808496354,-4.604806109469906,-5.530758280849631,7.1955375542198805
318,954000,3000,90c6fef64d3181b0837576d7d4e8d572a21fa37d4feb1f43ac029431234f7034,68f5550883ccaefc2c99aab882c4de434b3a3ed44fae982c8fde5c423f3d5f06,-1.9101936685752725,-3.1532675890490323,-7.589806331424731,-1.107656766265119,5.13564225277474,-5.089683306670104,-0.27564225277474713,0.32422806449120395,4.165510696599783,-1.9168350454622822,-0.48551069659977936,3.441764577725731,0.6238699100999037,-2.1874890598819023,-1.343869910099907,-5.137206596283343,-3.1269504831500394,-4.73015161828846,-3.753049516849971,-0.7678969123541376,2.8386607134245616,0.0507623958044386,-6.418660713424559,2.5548822241293654,4.972399067349503,-1.6722399155838739,-5.4923990673495044,1.1745695657252788,2.878359213500128,-3.2992677263918107,5.561640786499872,4.742871753441106,-1.045673308974894,0.3704411081268017,1.145673308974897,3.9090629804864703,2.3291796067500603,-5.406432219919223,3.6708203932499317,0.49647824868704726,-1.1667878707749122,1.564782508322735,0.6667878707749127,2.912293889985558,1.8095432190748046,0.06891467717949226,-2.349543219074805,-2.3231983917154464,3.4871130955251424,-7.409951899312313,6.572886904474849,1.7817443278646707,0.24265484832507284,-0.9702097365298745,1.8973451516749242,7.864648311726504
319,957000,3000,b98ddb76509bea292748bd96b81b93130119cb114cd078402095a28ef17a490c,a9c53fb20e8db0e7aa1267ef7789372d2c9a1b20e512f0b6bfb4735f8ca7fe70,-6.109705831449924,4.776746986547788,-4.410294168550084,-9.770500919937856,3.6624922359499714,5.9630357485660355,2.8575077640500344,-1.992537242142163,-2.6191485505499115,-3.053671657653719,-0.7408514494500917,-1.09867620673353,11.018072376324415,-1.1084665428129292,-1.6380723763244,2.048731784169019,3.521578674099568,-2.034701403038747,-5.60157867409957,0.7402636020176669,2.908529157249603,1.0779034334032063,-5.588529157249593,3.189690296605242,2.523769410125091,-5.118745007790298,4.536230589874911,0.2011207230042011,5.67219806739988,-0.19252248809634492,3.1678019326001223,4.139436566922751,6.092035455024767,3.1970513030412135,1.1279645449752325,-3.3865709745585506,-2.20275534829989,3.1299473412691983,0.12275534829988538,-3.533189726137262,4.530820393249932,0.8643718823643425,3.1891796067500686,-1.5687132462556441,0.13236067977500027,1.0281419764584316,0.0876393202250004,-2.9395448756982985,2.5417028989001738,-2.1190748521322478,6.298297101099834,-5.673228513911699,1.744396134799763,-5.246592863758046,-3.2643961347997625,1.1735686268656067
320,960000,3000,46187739e77bfa97fc593b44d9088ef3451af439bac991754137d451c109445c,072f0ff1e58b72ada7a900ea319cf73a2f8b2d2f213ea1193d77d3e5e69a38c3,1.1969815393501835,-3.322087504741804,5.043018460649824,-1.6851512130483672,0.6811766742003171,-10.365838340978192,7.47882332579966,3.161865823956884,-8.721516561699268,-4.7585947051727455,6.841516561699269,4.892420304093052,-2.9684286572747838,8.296333783478843,1.5484286572747898,1.973029587489138,-4.705348084224676,6.224900365765939,2.405348084224664,2.0071411102080323,1.9135757415498231,4.846398422769322,-1.7535757415498279,1.2603262783021842,1.7592490505247238,4.338127960283535,-4.099249050524731,1.9976600812466068,1.1448839719251116,-0.38030446171195986,3.5151160280748965,7.335486931104294,1.604357747225257,2.0249110669593504,7.015642252774733,-1.7452034755023702,-4.950758280849631,3.620757154121645,2.8307582808496172,-5.858508140378148,2.4953791404248196,-4.430554047554729,-1.3953791404248177,0.3635805711206517,3.6962927022752083,-7.01237795027886,8.123707297724794,0.7131307611110252,2.841339286575442,0.3613424037891041,12.098660713424556,-3.561942120139509,2.260263112349928,-3.6693995274006386,0.7397368876500698,3.7255210519217217
321,963000,3000,e7474169cf01506783b8f3f044a4ffd91b44e712fb68aadade7973cc5bb49a8e,7e71e740710dc5f42f0ae75fcc572538d5f9ff16011726ad99190c05265e3534,2.490758280849636,1.9261249121118387,-5.290758280849629,-0.6496482301539446,1.4890169943749485,1.3665915843917809,0.37098300562504927,-0.6800201772517978,3.6457738089497043,-1.0601334766518937,-2.525773808949706,1.2900065936583314,-1.421640786499876,-1.70978170680584,1.2616407864998722,-0.6361183184535087,2.6685912696498986,-5.9305437789427495,0.6114087303500969,1.8548990500950433,3.703869910099903,-1.223211939004284,1.7361300899000929,-3.805227004040288,-3.4992490505247247,2.4273436752796034,2.3592490505247268,3.8133977870240763,2.2239704100747213,0.06891467717949128,-3.723970410074717,-2.3231983917154464,-0.6260990336999439,1.3394587434851408,0.6260990336999419,4.297656369988323,9.308103432524565,2.766175607836682,-0.12810343252456027,-3.2848550206377976,8.796756814574763,0.606556147903458,3.7432431854252437,-0.04571257420576229,5.19239906734951,3.938006536800583,-5.272399067349518,-7.817934798661084,6.653049516849968,7.8942104822765495,6.026950483150021,-0.693859396070206,1.954953415699776,6.841556156866753,-2.8749534156997676,5.858080688454077
322,966000,3000,7b74bcd26d7a941f741abd3fd64360d611bb811daa4d0f672081261b04538c04,5819262040dcfeed1c2d46c184f7130d68795ee76331212d5da64311253c6c77,4.872035455024772,-5.074151517250327,-0.09203545502476698,-3.1885712129394634,3.8399999999999963,-0.06722210657812383,3.8399999999999954,-7.717219783599994,-3.817871376374788,-5.955056127894115,0.8778713763747761,5.467294258921029,0.8813776741499424,-2.7142211108607177,-0.28137767414994974,-2.4135044564612036,-5.035704365175057,-11.01841637020536,-6.064295634824955,-0.2906900287079103,0.6484286572747884,1.1159456940550132,-3.8684286572747824,3.213201706696931,3.9908587808244462,1.8008975480993876,-7.77085878082445,-1.0424816647066748,-0.03426457862479491,9.464233974509838,4.2142645786248,-0.5121281829129252,-1.094001466274875,-0.46891795585634577,1.634001466274872,0.0782045438290524,3.8449223594996305,9.596940489764389,-4.204922359499622,5.142638742505746,6.05793348877508,2.7540740869199865,7.802066511224927,-0.03280127674126202,8.062368011149356,-4.213091758582959,-5.622368011149361,3.0740621063603046,4.694628190949542,3.1358069394156765,-5.05462819094954,-0.4803278450313364,-1.6999378875996993,-4.165067999539896,4.7399378875997025,-0.5763753631174777
323,969000,3000,df0eeb08c2ae900df8f345da10a94e31f3fc3f7a87a5c046c4e925b015139cc0,0b91c3ca27cf0f0a87a03b7cd2802ae271ffe44772c2c8104750712595a016ed,-3.2521980673998856,-3.8316682132052184,-0.7478019326001173,-0.26517674089686805,3.6841330224498363,0.2847574130556589,0.19586697755016363,-1.821788466235817,7.560626724674668,1.7036128015413852,0.5393732753253311,-5.308455841619507,4.4687922695995335,4.989086436415114,-5.548792269599524,3.241144324151379,-2.9935757415498307,1.4310750542085258,0.6735757415498261,0.8318799127410546,0.2630184606498229,1.3029178911228398,-3.5830184606498197,-1.0873844623646323,9.244659247149695,6.125304434370602,2.715340752850306,1.9981605506764397,-3.7692801067248736,2.74640377336603,-1.1307198932751277,-0.6158460145530207,1.2032815729997544,9.920049470589804,-4.163281572999742,6.236073965328723,3.6517723426748376,0.5914066831074133,0.20822765732516277,-5.890690802883468,6.3548913032994605,-3.934812557909724,-4.914891303299477,-7.58401279891564,2.8236689101502814,-0.9372172974767486,8.816331089849701,5.93983364559231,-1.5977708763999687,-4.290177218746236,-0.8822291236000328,6.6013922343510885,2.72052622469986,3.5596309353021978,-0.32052622469985365,4.61833602117035
324,972000,3000,56c6bd4afe3345e6c2640670e56cee1a15cd91521e0b83cf968c9a3d5b5d931b,e424e5e8a7f61da4884f04062ee00adfb81a772d85c6048d7cbd975387b33a6c,-2.7083281572999724,1.6885814815514397,-2.171671842700031,-3.582833038275929,-3.597019926924693,1.2333845997074175,2.977019926924688,-4.547610628583385,11.91679520214927,-1.9612373736904072,-3.5567952021492726,2.15256776061521,2.575603865200235,3.029041163896248,7.584396134799765,-2.8595296164617787,-3.737608264024849,1.983747844922435,-0.5623917359751501,1.3837429269071648,-4.419999999999999,-0.6823313620891022,-4.420000000000004,2.89040203298947,-0.30514708427504067,-4.339747513379136,-1.1548529157249643,-4.206731691006637,-4.679713162824282,-4.414403643899014,10.65971316282428,2.634205851624178,-3.082755348299898,1.1602298774770383,-0.7572446517001112,-3.0682025082138282,0.6030805730501196,-6.525926327283408,3.1969194269498717,-10.026578956497055,9.05691942694988,-6.712589217233264,6.463080573050117,-2.8342805084683733,4.382229123600032,2.303927026674631,5.09777087639997,0.9507472091771842,1.1293422191251803,4.466476285681091,4.930657780874822,-0.7619642967018931,-2.1457354213751954,1.6818390893513961,-6.394264578624804,4.5092590608136165
325,975000,3000,1fa6c4d1205f292d0b93ca06eaef9f1d209b5f10e1c434153e34cbea57e080f1,3c9583419d099b942b9fc3d6fe209a1a8fce9ae934e898f36f3d31f4fad163f5,-4.839086438149611,-2.4681975901985482,3.479086438149605,2.207260894352563,0.6178713763747747,-6.960114146184915,-4.077871376374784,-2.093516437020875,2.680526224699861,3.5384307100477996,-0.36052622469985823,0.3993846644409096,5.311772342674843,3.7893859075025365,1.8682276573251637,-0.6021249405407181,-3.412260179800188,-0.13115997966469717,-7.347739820199816,8.803794469416841,1.0587228258248669,-1.6309585487408524,-1.7587228258248655,5.616224195337037,-1.0404257247250404,1.6804106985676515,-1.97957427527497,-2.3787013020006045,-2.689380606699694,-8.228420045159021,3.929380606699686,-0.7218750310304148,-4.599937887599694,7.562621411349376,1.839937887599698,-3.4748751615849636,-3.102066511224919,2.156498498548121,-1.3579334887750827,-0.08668463393080603,-2.192561679724624,6.131855664258801,5.8125616797246265,-1.4150427953589193,-0.7412771741751348,1.506231654158237,-3.5587228258248707,-7.796234103976855,-3.5275772078247014,-5.258193915244911,2.8675772078247017,2.6384458966750586,5.1860369212996495,3.681928500241398,-2.5060369212996396,3.4847385151701222
326,978000,3000,fcd670e646218073c79aa440a7e0eaab0cb86f372d7276d924a71e9038105130,b6a4ec2ad19b5fd643a251a3171b66a24e6c37da60f4256bd5cb7f911275caf2,1.6697679438502242,2.6621484690786232,6.410232056149777,0.5412629015389083,7.112724292099752,3.810659150262695,1.567275707900258,-8.63266336888675,-5.710433056099414,-0.459746234012877,6.990433056099397,-4.700280140620454,6.6547908033246665,2.6624577761965944,-0.6347908033246568,3.4329751805060007,-4.160789337049784,7.60602280071783,0.40078933704978703,1.3886746036997426,-1.798297101099826,-5.802386615857053,1.9582971010998305,3.7741634252007232,0.03744565164973175,-5.46960544375833,-5.597445651649738,-1.6980625105128695,-0.9646208595751838,1.2717361674771794,-4.855379140424818,-1.6323869395245851,0.19560386520023612,5.037110195458191,5.204396134799763,-0.4092931453264115,1.8684907696750934,4.7441819994187355,3.7915092303249125,2.6166270571847323,3.560263112349924,-6.813495394606213,2.0397368876500725,-2.1606203987928914,2.026524758424984,-1.08183417133612,1.7134752415750172,-1.141768288984017,3.017082039324991,-2.6665066589356066,2.8829179606750084,-8.955654204906082,10.220038387574506,-0.9238055305824113,-0.20003838757451076,2.0051392324886943
327,981000,3000,0b717d17f90f709e8e7abcd7d9b325f9e909c5d3a18d6080d8b5c49a40d978e9,b052223e038aa7a14842782a9f5ec25157c501b6a3b5f7dca5041ad03d0aa03e,5.129744219024431,-4.382530288511661,-6.989744219024428,-3.2868568983571356,-3.3419038988498024,0.894243360032361,0.861903898849803,-0.34107009988861653,4.874953415699766,3.6195650529500956,0.04504658430022904,2.3947335608502125,4.464233522424646,-4.004300722024805,-3.0042335224246424,8.775851851962404,-5.9939393538745716,-2.4131951493432298,3.1739393538745717,5.605933389827811,7.248266044899654,-1.2738561900026222,0.27173395510032894,1.2104918038516423,12.070069443774656,-1.3768823899010094,4.869930556225341,1.4622567778541795,4.1570820393249965,2.3613587971733527,4.022917960675,7.6630271192924875,-1.8011529493745237,3.3490291833365835,8.261152949374532,1.3863634188624285,3.9342645786248025,6.167969064697043,-0.3142645786248036,-6.492315273994347,2.0166563145999534,1.479908589799393,0.9433436854000499,-1.7140217518567153,3.32944271909999,3.3703024260967354,3.1505572809000073,-6.6441750094836,4.699837387624886,-0.7458138930461824,2.240162612375115,-2.1958510051775653,8.789806331424742,0.7940739417014447,3.110193668575271,13.686615599742343
328,984000,3000,2a4dd740dde4a356134bc4d4463ce4447c22c899a3cd0e1ccf644cc23c0c4cca,e4da85417dd76c21b2d9906682903848f37ea44f2cfa812cc4cc4018a3412187,-4.202592735924778,-7.046298310685905,0.5825927359247669,-6.0371914096560735,-3.971083505599856,4.969505764256333,-1.1089164944001377,1.231264577181968,8.469744219024436,6.205510855919003,-3.6497442190244307,-4.681627389815562,4.525572809000092,2.2115009394034337,6.314427190999919,3.311987861544431,1.7186223258500521,-10.94545281028687,2.881377674149948,2.9087906039767177,-0.0012150617748354214,-8.693097955964483,3.6212150617748304,0.20011978414452491,-3.4805262246998616,-0.09728474655800393,-0.43947377530014303,-4.2659741769128345,-2.201640786499874,7.897640750779644,0.4816407864998713,-0.9546049296043322,-3.8120975674250697,-6.60632391114366,-5.2879024325749375,1.3320977370491527,-5.7501699437494675,-7.331747355483259,5.430169943749476,2.2506622837210113,11.671810730249357,0.2556957119354432,-2.1918107302493497,-1.94489580772283,0.1812771741751323,-4.374859974957712,2.998722825824864,-2.7038121605453793,3.202391735975142,-2.6154349560131935,6.377608264024849,-3.509059701809629,9.755417527999331,-3.0365203151383455,-4.5554175279993325,-2.4024038744041594
329,987000,3000,a97f4c8994743d02ec0ead5242bf2a3177cbd5767355c98cf2c6aba82a2ad969,212037796c55cf5475db683551bf40f48ff712447b042a528115c1c3fe8b1062,-2.7997752752245813,-1.9964679800750793,6.0997752752245855,-3.9151137409448227,2.1295432190748045,3.6517477154554285,-2.0295432190748044,-0.6346169101640047,10.707639320224997,-6.38473972192712,10.752360679775006,-2.6842314883865908,2.8031189606246376,0.5046490316708451,-5.023118960624632,4.202300483643891,5.112461179749809,-6.1253044343706256,1.0875388202501888,-1.9981605506764413,6.228428657274783,-1.4681163760006628,1.7115713427252104,-4.429744271006931,6.564396134799758,0.9396466271201533,1.5556038652002397,-2.626226230952259,3.6661995336747544,-1.3395317609909063,-1.5661995336747514,7.951833415087157,-0.30970583144991676,5.60481430616204,1.3897058314499169,-1.5830529345038855,-2.576067977499793,1.952566121276779,1.8960679774997913,0.8387404497472036,4.711184005574679,-1.1490562779142437,-2.13118400557468,-8.858988072584012,1.7049844718999259,0.32048848887015996,0.09501552810007834,2.458716561237125,-6.65426457862479,1.2214742411025779,-2.405735421375201,-5.97444563774104,-4.852135954999577,0.44035672416597127,4.092135954999577,-1.9884883594031513
330,990000,3000,f6705da132a5b96ef73baae305217aecb99973db829b0ba2bb276dde35d9977c,6d25e597914702c119fa11892eb93c2bfb4557d9c771a385a545ff97b17f001b,7.7407272246494925,-2.686970125147968,-3.260727224649484,0.17942002831997442,-0.5683902697002757,1.8113064984147134,-6.471609730299718,5.745882766712234,-2.8839704100747188,5.544188556772445,3.0639704100747194,7.106614752957527,-0.8695432190747985,-0.40212330120228984,3.2895432190748086,-2.6668889835593452,6.01505391567459,2.642067327490001,-2.7950539156745835,0.31855962865658755,-0.6709830056250561,-0.5819256541459906,-1.789016994374939,4.003918397401072,-1.1586223258500508,3.7670665985823755,-2.3213776741499452,-8.817324381117254,0.8081271573503492,3.0330900466352615,8.231872842649649,2.6631494079382922,2.3568189269750635,0.986787592109652,3.743181073024934,4.868290279765412,0.8467257583746084,-2.7437832814107592,-7.42672575837462,-0.7494353238611193,1.6406888370749697,-4.753663028380169,1.0593111629250227,-0.7298546517023383,-5.90226751117455,-4.597062778410195,3.8022675111745334,-4.470907493043837,-4.576005865099489,-3.3499571046904797,6.336005865099482,-10.061500255763749,8.985812196524222,-4.919553144999691,-7.605812196524238,0.21908184206738426
331,993000,3000,b47670fdb0c95b13c82196149a9cf8741b9b99c2d688b19f3dde0f9892ae4a7e,9acc355771ad397aa697649dd280873728700dabe44421508ea16efd7b34c12a,-2.715278640449998,4.465357202015327,-2.8047213595499967,-4.758212380549011,3.4838699100999055,-2.1892997752893755,1.516130089900094,-2.6673894529891804,8.408954881974653,8.446264658754549,0.8510451180253532,-5.925420939838302,3.3521980673998835,5.43025293712889,0.8478019326001206,2.357191769628244,-4.982492235949952,-1.8746708845656954,-4.177507764050036,-3.2615347728579693,-4.16164078649988,-3.1339962240082073,-1.478359213500125,-1.989489298262819,2.4169194269498755,-1.4669972923348944,-0.17691942694987653,-0.43349618715980626,-5.148591269649905,9.036906692614474,-3.0914087303500914,6.89944326949498,-3.676818926975051,6.009749261631462,-5.063181073024925,-4.960334042412868,0.8004257247250458,3.543981001076331,1.7395742752749561,0.5605342665797287,-0.10695048315002703,6.169706762598753,-0.7330495168499684,3.287357367786972,-1.540688837074972,5.32984722918578,-0.9593111629250287,1.2436754052166379,9.664759747124497,-6.890890161887455,-0.8447597471245071,-1.525002549769218,4.530920893224744,-2.867081785209637,-0.7909208932247478,3.958515130313279
332,996000,3000,b18843a398814baef0d890e6da63d6c6fb31715628ed1d1919f67401534907a2,cecbb2adcd547bc2d4ff829de7feb075e19899bcf501254c19ba10d5a98ed8d8,-1.5886917696247145,-4.037838757808106,4.448691769624708,-7.332247824913088,7.3493806066996985,6.7846248557978655,0.7306193933003087,-2.641375695748304,4.582066511224927,6.455774421632044,2.837933488775084,0.7829282323440816,-0.7067878707749161,0.7518646535045326,1.1267878707749204,0.5698241332292873,3.3517723426748334,2.2323918575398625,-0.09177234267483518,4.639226939306777,-1.9523606797750006,1.8890835903197056,-1.9076393202250017,-4.247512588419824,0.2884907696750865,-2.0212896361444024,2.2115092303249075,-3.1944308110859456,-6.068854381999831,10.922250707313134,-2.49114561800017,0.020963935642189964,-2.2722985673746923,8.905392278531483,4.212298567374692,-7.008565357152046,-1.3963932022500196,3.2700148629597225,-1.8436067977499773,-0.18709034187392107,1.505835921350014,0.41653600695629034,1.774164078649983,-4.842158377718445,10.57908643814959,-4.081740616606392,2.260913561850383,-10.4086211161107,0.4028174607001928,-0.5069602165081488,4.517182539299791,0.05469313373735256,2.338885438199986,-5.334396581354622,1.981114561800014,-4.9791779555296225
333,999000,3000,ff5ceeadf2ccce7b5eb9379c2e8c04a7304d5f8073fe367e250e94fc9bde4176,9397b524a5f9e019f0a9411fc0ba0c5f9af614f7aecae1e0c9cdec1971d64680,5.971609730299725,-3.9216649708330045,0.06839026970027741,5.409671326110429,7.267414595449591,4.460734832340714,-1.5874145954495833,3.7557748542134837,-2.0344271909999154,-1.066994013658044,-0.245572809000091,1.8114976607265894,5.139024325749303,-0.7537935137181093,-9.619024325749306,-5.6706080219564186,-3.4741640786499786,7.166667015411534,-3.2058359213500087,-0.1971899850712841,-3.306199533674755,0.22432282597792996,1.9261995336747515,2.1889904681714087,-1.052662179699432,4.689989335111214,10.932662179699452,0.32249036658949204,6.210232056149762,-1.5483227975490537,1.46976794385023,2.250043669485085,2.9285912696499032,4.848209138176788,0.8714087303500953,-1.2094908649919793,1.3120354550247666,-6.606942525379603,-3.652035455024769,-4.451326820885045,-2.028127157350345,-3.494646996055616,-9.45187284264967,-4.893612405264581,-0.18524758424985727,-2.0522801974781935,2.945247584249851,-8.418322041300087,8.044496634774578,1.433386239045828,-0.9444966347745771,-3.4251137046401903,7.096230589874915,3.693529551728278,5.083769410125099,2.019861245360665
334,1002000,3000,d143f17124814bed15d1687d652ed1e75b191dbd6ed1c6be8c258fc135b69c60,8a30becee5de95691103881b10cc9aa007e545f35a74b9b7426f225873ab447f,-2.3437072977247957,-0.5252306426892993,2.0837072977247915,-2.6378272824391296,3.642492235949964,-4.583842173827726,2.837507764050032,-3.726713153093266,6.50879226959954,0.028251924572406502,-3.50879226959953,-0.9814284633930032,2.211246117974982,-2.197279395961296,1.8087538820250166,-6.142146469768046,-6.262430123549657,-0.9804275245333309,0.9824301235496576,-3.602604872746584,-0.3909208932247498,1.6442972981294144,4.930920893224757,2.698571176634828,-7.021903898849805,2.8476192578569455,-2.8180961011501973,1.6022061547386042,5.216656314599945,1.1856701477823057,4.143343685400049,1.9945391198614955,12.686137421274456,-0.641668609482027,1.01386257872555,1.5486321046670186,10.191346617949785,5.985045750368228,5.808653382050215,3.3309499194672867,3.2069504831500293,-3.6865508699160174,3.8330495168499765,5.029248719592361,-8.00066511224917,5.345688325723522,9.440665112249174,0.6225884067530687,1.5661611461002436,-1.5892948572740997,6.753838853899764,0.7001013188404215,-2.0163310898497175,-3.112987161065688,3.976331089849723,6.9083508115208145
335,1005000,3000,e4ab8b7420b331c28679ee9b8d77ebf745dfc4287db99f546f4bb601aad566c6,a7c4a2a8ea64e0a8727aa0a8cad539d6b53688455e689e833783af4de142e25d,0.31082039324993493,-0.8044377647164431,-1.0308203932499367,-0.6548892140644919,-0.05613008990009333,1.433886708475667,-2.0238699100999025,-5.2122901787272715,-7.38040199989925,4.654067096984852,8.540401999899263,0.7208740921707366,9.603544685349668,1.0401704798693654,2.7164553146503234,6.05789116548064,7.417019926924692,3.060841501777839,0.8429800730753096,3.468897418632376,-3.4615786740995813,-6.101292554849094,5.661578674099576,-3.8233792854153417,7.689806331424702,-1.4800267346054972,2.010193668575266,-5.856579280164588,-1.0117723426748337,5.14599599350306,2.4317723426748366,2.391803761776971,3.2920354550247706,1.5554926416731718,-1.6720354550247687,0.12017754241376892,1.144721359549996,4.360019817279639,1.0552786404500052,-0.2494537891652327,1.4357043651750554,8.09290187563735,2.4642956348249525,1.1112781970800638,-2.2660990336999434,-0.17598975981689247,-1.0139009663000609,-2.947715658682094,-1.163444185374864,0.38092307594789604,1.7434441853748612,-1.5520623731700969,-3.525348084224665,-1.0186609474970127,3.5853480842246648,1.0527724702159016
336,1008000,3000,9266b96e61945c2d873ba221c1c657bd5ebe848100ec85f140df810c378faa9f,9ab1ae7a73e34382c010d016c908e61b87741853d85c9a0a387c9407e5e5466e,2.4106577808748217,-4.305635990660247,-1.3906577808748284,-2.135298273293722,-0.836130089900091,3.412894038917396,-2.8038699100999107,-2.8851610490789166,3.6511840055746805,3.3645609727563524,-3.191184005574681,-2.126435858568234,1.748792269599519,1.8569009278143769,-8.26879226959954,-1.2181621174055939,3.891408730350096,-4.530959755497841,5.948591269649905,-0.7499357932909612,-1.5813155617496424,-6.097243672110074,6.021315561749635,1.699299738984741,2.4410140618251983,-7.559691612276121,6.778985938174805,5.001306102137918,-4.316230589874914,-6.307417972151626,-2.303769410125087,8.929640447665225,1.5913466179497997,5.200379820122443,-2.79134661794979,0.0070516993180151115,5.426300033649562,-4.761024034816154,-3.7863000336495682,1.5788128894530105,-1.2562305898749089,-1.761736203781813,0.7562305898749069,5.06224115864549,-1.0601626123751213,-5.883020489329514,-3.5198373876248827,-0.008361945295651782,-1.396756814574759,1.5280504936485637,3.656756814574765,2.2061418106867827,-1.9217412864746737,2.620675939923748,4.741741286474683,0.7784970249813352
337,1011000,3000,c1f6257833487179d2320db3055f4162cd15ac7eedf28e45ca48fd0c74483196,d728dfc5cd1466f23b6b51dd3073baacd6168076b7808aa1099375d073959767,1.0187849382251695,-5.963345055684002,4.641215061774831,-0.8991750368249456,3.1069504831500243,3.5410512020030755,3.733049516849968,-0.9658966739732354,3.66435774722526,-0.7956483674967255,9.075642252774749,3.924403607594379,1.1203252247502287,-3.2905964739781908,6.039674775249767,1.7515635430786833,2.2407893370497836,-6.248602938169505,-2.320789337049784,2.7097899034979642,2.6193111629250265,1.4083734206646294,3.2006888370749746,1.9744579782728733,5.913049516849974,-2.7646741995471786,5.286950483150033,-2.0766744016234644,2.850232056149779,1.4918189484042266,-1.8902320561497723,-0.287186742699068,-3.4461995336747533,5.742761805327119,1.78619953367475,1.3411513140865081,9.058297101099825,3.067392731666021,5.301702898900181,0.05569407259701728,-0.6429179606750053,3.6836210708427743,-0.777082039324997,-6.555679660145328,9.174628190949527,-12.013875214728664,-0.5746281909495456,-2.167672098110911,-1.2435446853496708,4.77031390146572,5.643544685349675,1.2133034581187814,7.041966011250105,-6.453035784870676,9.278033988749893,5.422391461263065
338,1014000,3000,b533991424ead0382e9137cd7c931345c0fabac186d51deb79c257638e4eeaa0,ea90544254c1e694c09cf365710c0aaae145279f6c2c50cf6376ddc1a6dc3d03,2.55724465170011,-6.525690037671208,4.882755348299889,5.114623107545538,-3.8934131291747094,-0.26729676342231146,2.2334131291747075,3.4097730775322863,-2.6864626460246837,5.9463848754805,4.066462646024682,-2.4759860485586103,-4.48682625834943,-1.9699086261040326,7.766826258349426,5.14387597097762,5.13347524157501,1.8400588924169625,5.446524758424991,2.977277829232139,8.029806331424728,-0.2521472986262735,2.350193668575268,9.254751306209982,-3.778722825824869,-3.1084829361971584,-0.9612771741751381,-9.176237455262973,0.7779334887750807,-5.6583883562336155,2.5220665112249225,5.072340801842852,-5.5601388875493125,1.1858613100941735,8.840138887549319,-2.684349633192692,11.575479640399639,0.7755672259080941,3.7045203596003735,-4.1471068804767075,3.191934955049951,-1.5733356159302583,2.208065044950047,7.6496153523981425,2.1069504831500345,6.659515636591511,2.733049516849971,4.536391901720259,7.244434522374287,3.9714264277777764,-8.184434522374271,0.7195638461931125,2.9516097302997304,-2.425605977377905,-2.951609730299722,5.966274854757251
339,1017000,3000,770284eaf1c3cacf24ec826d53a0cf0443100a09410f5604f14cf64ccbfc2fde,f865fe590379cf125abac9c79954fa6b0f899af77d4f4aa0272be5534faf8fb9,3.0360295899252785,-5.3580991537581815,8.9839704100747,-0.26224694182363517,3.3124611797498145,2.7727268377248677,-0.7124611797498124,-6.698058366673163,1.8825927359247738,-2.6027148208605637,-2.902592735924775,-0.9776888877719622,0.43904805057509527,-5.169816710712721,2.5409519494249024,-5.2454737800922695,3.735642252774749,0.020081141588622977,-1.6756422527747445,0.22270327288232047,8.8285291572496,-1.595154455420588,0.33147084275039596,-2.352760562265495,1.1645587471748768,-1.07959600400458,-1.3845587471748768,6.850727878710215,7.735479640399642,4.389700132635775,-0.13547964039962884,5.657078110255977,10.378297101099829,2.3836329787931816,6.621702898900178,-3.9418642572277314,-0.44291796067500855,1.6515401597593065,-0.5770820393249998,-7.1806973965418,1.452461179749809,9.904281391557838,-2.5724611797498076,-5.392328821283181,-0.8921980673998903,-6.402200371560462,1.6121980673998788,-4.272216099683054,1.2632431854252355,-2.9506454577553383,6.316756814574763,-1.3504411807360779,2.338885438199978,-7.226409970747572,1.9811145618000077,-2.258096307662766
340,1020000,3000,dfbd3c360e36904c31b631e3cca52b0375b206de8ff230214ca4daeaed8d5870,65f8a9e1843370c1d96f40a170666d7e2ade5937c1557394dee5e3ddc574e755,-2.3144655785744224,-1.6856516824782002,9.894465578574437,5.109263978828882,5.066988870724546,-1.9940386504316623,-4.726988870724537,-0.6015063263047764,-1.6273762078750724,0.18840058785155908,-3.192623792124927,2.5873741937526513,-10.997546151624537,0.15810165825947536,-1.3824538483754576,-9.102582263602775,-3.137708763999667,-3.782024901066561,4.017708763999661,-1.7065426006146285,3.2755417527999398,6.822166647019838,1.8444582472000675,-0.8306878115695171,-0.7437694101250979,-3.2866657360452685,-2.756230589874909,-0.2963584645425281,1.2624922359499646,3.339238847257186,0.45750776405003735,0.3814235453777324,-5.3127864045000575,-5.3935209224547105,-6.2072135954999546,-1.6510396903294715,0.09564225277474951,9.563711761099043,-5.3156422527747464,-8.073748655402621,4.889016994374955,2.7217732796085565,3.770983005625055,-4.5740518377483355,-4.392198067399876,-5.730350977292448,-1.8878019326001219,-1.701492779015946,3.498823325799683,-6.090191972792068,-3.298823325799685,-3.5010800811376868,0.12137767414994415,-3.340858400352792,-1.041377674149943,-2.59049515513776
341,1023000,3000,22b52cd5669977c8c926c79a593c29271e9edf25718696fcc2dd16984a0e9f1f,cd42670d1ff323c9ebc30f3ba4ec5b8bd9bf90a8300d1f2a9cd44379f60b3f4c,0.30780193260011635,-2.593734261328968,2.8121980673998794,-1.0772848191672788,3.8013776741499417,-8.874829169121755,2.638622325850057,1.7701432763778047,-5.098985938174799,0.8414790865085844,-0.7610140618252019,4.252753572330368,-0.2945898033750321,4.175049497931145,-0.9654101966249697,-3.097573516452008,-3.773212129225088,-5.353859108707296,-5.606787870774906,0.5815433295222595,0.6775077640500379,2.51259991842668,1.4824922359499584,-0.9180640772420307,-0.22498447189992854,3.2992677263918053,1.384984471899921,-4.7428717534411025,-4.274427190999925,-0.2601269192981899,-2.4855728090000864,5.779994289431138,-4.637871376374777,6.234381394727382,0.05787137637477839,0.12036870472563453,-1.0389859381747952,2.1344884967459197,3.298985938174791,-5.410171795540265,1.3524611797498112,5.60057426111116,-2.6724611797498143,-2.4268432058497815,9.711385005524305,-2.129056350523514,-5.0913850055243035,-1.9992796343422092,-5.075804865149865,-3.5366199946403336,-2.1241951348501407,-2.869201807735068,-5.390232056149774,1.3041551195947103,-0.649767943850219,10.479464653503783
342,1026000,3000,1b4fc9474f11ad74013ed3dc6a4a0acb5acc2c87c401bffb36fa7b6bc4630ea2,45ec7b640f598bbaaa9f25d13c2d6fa63e20759664f0ecd59f564c935b60b8a8,-3.349543219074806,7.271312768405525,0.8095432190747948,1.760116650686208,3.462917960675004,-1.4469161507462662,3.597082039324994,-0.21079291427749336,3.720100499974818,-2.3024256183851244,-0.2601004999748123,-6.312276631438436,-3.60790243257493,4.250751694611028,-2.1320975674250677,6.307226809839762,10.968002932549759,1.8447994068976745,5.511997067450263,2.0338916264909415,7.772724292099731,2.5725340360745697,2.2272757079002603,-3.14166653756217,1.329968943799853,6.279475354697186,-1.889968943799851,-5.056499705305113,2.800851449450086,-1.5912967349934395,4.679148550549908,7.848807215188765,-2.2128869044748503,2.839448474873159,0.8728869044748545,2.8063378910139294,-0.510131556174967,-5.1411373342162525,0.25013155617496513,4.235411067503119,0.40164078649987506,6.397769164197716,-2.281640786499875,8.107314581391348,1.1311456180001693,-2.4082634725506527,4.708854381999833,-0.01634156596758024,-0.7545276909747246,-5.378680764776648,5.014527690974727,1.3022262593811325,2.1759053651246774,0.39969397155887915,-4.755905365124676,-0.6467184310807019
343,1029000,3000,6d349e795722d80a8b72dd14510c35e3f057483c5aa57ef46754a014e9c02981,4dbaedc33327a63122971cf5c91c7fc5779f57d5a88811e53bb5b85beee01b95,2.677871376374785,2.983328589690487,-2.017871376374784,-3.4660857643652387,0.4164937022248324,0.8370478791458352,-3.1164937022248274,8.087852054038672,0.5529490168751571,2.3718407649944515,3.907050983124848,2.2019017656359092,-2.1581966011250087,0.7922180989936465,-2.3818033988749945,-3.663658074060262,0.024458247200068006,0.24016392251567403,1.455541752799933,1.567903469707849,-2.6993111629250235,3.969806874682179,-3.2806888370749965,-1.489507763566923,1.4091174943497629,1.850850167356032,-3.689117494349761,0.40786475454267346,-1.3990480505751004,7.887659252388346,-3.500951949424897,2.7193439499651513,1.8027553482998957,9.813283695070398,-0.5227553482998857,3.8568721938982966,-1.2327864045000387,6.335596879218288,-2.1272135954999567,2.338420874017257,2.4019660112501082,1.9652862564294091,4.638033988749895,3.3701112637848682,-2.0195121628746597,-4.511497228145162,5.359512162874661,-6.310657078342843,4.112685904525236,-3.5181584061473132,8.987314095474773,-4.855570144612781,-2.341640786499876,-5.171509281314092,0.3416407864998668,4.794944395223173
344,1032000,3000,304b543a54ec065c0a00438dc1f9918cb701fc44a65fe1669e7d34602d8db038,cb7044ea8384af562638ea4b542c069ff1c2effd88d389b6aec4b59999282b97,0.9909446180505433,-2.633086767958415,12.529055381949457,-0.4181555600519058,3.298985938174805,7.797235042836524,-1.0389859381748001,-2.0681212940159375,-1.1225927359247765,1.9437767240570507,3.6625927359247727,-3.740552371911671,3.4732505167995966,-1.7295535412764906,-5.113250516799593,2.032890687631278,-3.5362927022752153,-1.4382448983326466,-7.963707297724795,-3.202101124639899,-1.4903946685248906,3.577282747247415,0.7903946685248913,1.5274318794126276,-0.867902432574928,6.4613977301663255,0.6079024325749257,-11.305411950592577,1.4527864045000383,-2.9210832872052928,2.347213595499962,-3.0145103133361446,1.9813776741499416,2.252664161440346,0.8186223258500558,0.18304145913490968,5.087414595449589,3.074444430984048,-3.767414595449592,-5.1446857475254255,9.442104898799426,0.7755672259080956,-2.7221048987994267,-4.1471068804766995,-1.4621670111997351,-7.878869855168659,4.2621670111997405,1.8599488716937191,-0.6075772078247029,-8.441023674843988,5.787577207824691,3.194858263010016,1.0524611797498133,0.06741326888999039,-2.9724611797498137,3.038331030545817
345,1035000,3000,00f2bfa27ab8162463ea3879439ce7e65ec8be436a046422b46dfc313f062fb1,31b29134ced3808314a5ce020d49b7d1f6d38e1696af8e72a21906c205e4c6f6,3.1250849718747293,-11.069870397751508,-2.465084971874738,3.620492974304008,2.757971876349591,-5.849409436040461,-5.91797187634959,3.850247946504342,5.537546151624557,0.715323801142224,-4.077546151624553,-4.815216699123665,-3.0530879044244807,11.813564268272263,7.993087904424484,-1.8465371047993886,-11.334140353824187,1.498988792528355,5.794140353824202,2.0830344691997755,-1.4967568145747594,5.065052812912635,3.556756814574761,-4.282433887686516,1.5558048651498626,-1.6799102291378223,-1.3958048651498627,0.5915248279135183,-0.5005883371001597,4.534390024000917,-3.899411662899842,0.4891902597568331,-2.1519349550499505,0.6815215855413064,-1.1680650449500476,-3.994937837869482,-0.8385218258752419,3.9972490227067925,-5.9814781741247645,-3.575472031839938,2.409179606750063,-6.592102367701528,3.750820393249938,-1.4980608711744443,-3.540626724674669,4.399063016791106,3.4806267246746656,-3.800295327247701,4.468954881974651,-1.2885051853688319,-3.0889548819746393,-6.421662898913154,6.04901699437495,0.9645864279955875,4.930983005625058,4.223691871210142
346,1038000,3000,5923851d3de17ca143e8a827b911f91ad1405973488a40b709c744aee313a7dd,cae0318ef90e3c8df51d30ba13a2c3eb4bde4788056979465584e7eb26703a83,-2.042492235949953,1.7961570336186707,-1.23750776405004,-0.09909546196547367,6.12879226959953,5.881710243351872,-3.8887922695995307,0.6910026145027295,10.067878707749149,4.3515397271778715,-8.267878707749142,-1.9370343318570045,-1.1682276573251564,4.591394342575574,-4.611772342674839,-3.2608431411162644,4.210657780874823,7.038819159443803,0.40934221912518093,0.7752579187901291,-4.686462646024693,-0.11755705045849556,2.066462646024683,0.1902113032590299,4.832360679774997,-2.6103851344145195,4.7876393202250025,-1.560733625583722,6.244496634774583,2.6206759399237436,-2.744496634774578,0.7784970249813332,-0.991083505599861,3.573734333938239,1.8710835055998656,-5.782423619074532,-0.17469030334984464,-4.688988396251552,3.13469030334984,-3.8968433147636694,0.46016261237511047,-8.176656710494914,2.9198373876248818,-1.7413457550752225,2.552886904474854,-5.029749189022195,-0.5328869044748579,-1.8993743958289349,2.0490791067752503,-6.0993636946355165,7.370920893224739,1.2774046033118005,0.31511602807488953,3.5534620300377417,-2.055116028074888,-1.326238138902666
347,1041000,3000,82c38bd05ed872af10dd3897b412c27fc96a82e6f131589ebff72f76332c778b,7ed29c71bbe4260eda6a5471d2aa215bc70f83dc51f3745b911443268a52eb47,2.300789337049785,-0.4607471728725527,-2.2607893370497876,-1.1259271924462753,-2.950920893224754,-4.074761934794134,2.370920893224755,-3.3595111511576747,-2.908954881974648,-6.008748322771789,4.648954881974643,1.3859810942386945,4.136594202199645,-1.4189735332918243,-3.3765942021996453,-4.083933656637597,-0.40541019662496486,-4.361330063257274,0.2654101966249627,0.9320944583723111,-1.4587228258248668,-1.6230970728750267,1.35872282582487,1.5203801800946066,-4.034264578624803,1.1657801685055533,0.21426457862479686,-2.9070529060750117,3.75436507859962,3.237095441412357,-4.474365078599616,-10.511765460815196,-0.8127242920997382,1.0005816836277246,4.73272429209974,-8.424181639446571,3.0203636123247404,3.065272709140589,-2.480363612324739,-0.3662010630759194,3.479875775199396,-0.6462179616508688,-9.399875775199394,-2.1868704456459636,6.57876121339937,1.457707425685331,-6.658761213399372,-2.35862016041198,1.028428657274789,5.112075633096034,-3.4884286572747873,-4.358518408990129,-5.344458247200066,2.655906546308419,-6.775541752799931,6.846178526541362
348,1044000,3000,3b02e457d279aa0a1e75c8911cbb3073f4c987acd8e9c3d7eea6ee90d55f9819,5eb1b0d0ec962fdcebd6c20356ccd143bf02331118e554913f59022529c27110,1.9381966011250067,-8.460604347002773,2.161803398874989,1.1849785160406052,7.48672575837461,4.558711210640415,-0.7867257583746097,1.5556838039850427,6.261152949374528,-2.0832256315116475,-3.801152949374526,6.177877545582546,8.020363612324738,-2.4216752394449905,2.5196363876752605,3.918352847136025,1.9541640786499848,-9.13738541806336,1.6858359213500154,4.236530151168885,3.137871376374778,-4.858809250803997,-1.5578713763747813,-0.8999848133727424,-6.302592735924785,1.7877950883230223,-1.5174072640752199,5.783925027364038,2.848165544924861,-2.7276328777550525,-0.1481655449248635,1.5211899566424112,4.907050983124834,-3.4773775087341363,1.5529490168751554,1.3732609590860687,3.2851470842750423,4.974437441048906,4.134852915724966,-4.391010378613416,-2.7850849718747384,-4.13064716970303,2.805084971874737,4.38677033356254,-6.026462646024683,-1.2109922732814753,0.7264626460246832,0.5133202840844676,3.6205883371001577,2.592114708233363,7.019411662899843,-1.1317867905927612,-7.135479640399635,-2.856290510270561,0.7354796403996289,1.3891020556238098
349,1047000,3000,17d78bb2fa7f0225d618b517ce0bf0868ff4ef877afe2e6de23afb25563bf242,66025e507ac14e3e3440beefae9cbbf0c5c79831f644b6972c763a0b85a72642,2.841114561800013,-5.019149076395012,3.198885438199984,0.21010128253578858,-1.5256733089748935,0.7472422838299161,0.6656733089748992,9.08381136799177,1.741114561800019,5.941453198687911,2.098885438199988,3.146288907236773,0.15872282582487007,-0.863061636386708,-2.658722825824866,0.8860725770485794,5.438985938174799,-3.087665035566516,1.1010140618252062,4.400491407574851,-4.348591269649905,4.2341008215254865,-2.2914087303500996,5.8237780034233175,5.2636067977499765,-2.8153184505455227,4.816393202250021,2.9390444062684677,2.329442719099993,-2.7194620947712553,2.1505572809000073,0.31705822036708126,2.8298063314247353,8.005907934588572,-2.8498063314247344,-3.936932580435142,0.5763310898497247,2.836091223875843,-5.416331089849719,-9.182406360527422,-5.711934955049952,0.7771867790037037,-4.728065044950053,-1.9380352707166673,-5.216168477474608,-6.089882665674094,3.236168477474601,-0.6093678021706,1.584558747174881,-7.907431086859023,-0.9645587471748867,-0.050334943880373406,-3.2439704100747204,-2.9720368453215937,2.7039704100747177,-0.8905037844113209
350,1050000,3000,812df5e91bc7faf6d1c28481fd13f45d4f625f11115d9c3de46b68f48e22914c,291117aa75f05da69126f2370b01995a05ad93b8604afa776547443c6d5b4b01,2.268065044950044,1.848420837712622,3.251934955049954,-2.9057426600973773,4.487902432574933,6.671499012702114,3.0120975674250627,-6.286262874197577,-1.4506577808748267,1.7589245495146728,2.3506577808748186,0.9819289328228393,-0.49098300562505415,-3.035401231472568,-1.6090169943749388,1.5938442094429472,1.8388854381999884,-0.21734414416567138,1.4811145618000185,4.860119496781632,-3.9983976010746365,0.6812122784233302,3.7383976010746305,-6.886650116836578,2.292198067399885,4.756165375529335,-0.2121980673998807,-8.206027718733113,4.274164078649983,0.9864782849916838,4.00583592135001,1.9765780007983123,-0.12180339887498473,10.454952304552402,0.10180339887499149,2.30824008923127,-1.1,3.868400227879397,-1.1000000000000016,0.9713288201956454,7.546725758374607,-0.5397614932494113,-0.7267257583746132,-2.6993809531826303,1.2765558146251361,-3.7387416565042004,4.183444185374861,-4.413593867351215,10.120564612274395,2.4420656881515765,-3.3405646122743726,-0.8039372952866051,0.8509208932247522,1.2219016930266415,-4.470920893224742,4.487867673247359
351,1053000,3000,7df3835c3bd7344bde07ee71156acc9e221073df3d5d9f5a3f4d03edbb69cf1f,4a63c6a9005052676bb158de756dbd060a57edcdce4e97ea6daef29b19cdcb29,-0.7837694101250977,0.5127016698485292,-2.7962305898749085,-4.572432284652718,-2.163707297724787,3.272944662032968,2.2637072977247934,1.3393405986790352,-4.864984471899929,-0.06055273188383553,-3.255015528100074,-3.559822097614061,0.517670376425155,2.864461293254356,3.7823296235748436,-2.5932337918991366,-1.8489164944001342,0.18647172763799122,-4.711083505599863,-2.5134096949744773,-3.467314095474768,0.0687235148676241,1.4073140954747687,2.3556903613387403,-7.088792269599534,-3.2742549080106014,2.9287922695995334,-0.6566999294719661,-8.520626724674663,6.55305916819004,-1.499373275325328,5.0489024092569235,-3.696331089849716,7.615312667367371,2.2963310898497187,4.1807909512715336,-1.5930495168499736,-3.3015058937233452,-0.9669504831500253,-3.2496244142531285,5.547840320174626,-6.6325739579967475,-2.3678403201746243,-4.8351796959062,-1.125247584249851,6.164038326764144,2.005247584249851,-4.444393266373135,7.368916494400137,2.2867756841592475,10.231083505599871,2.254474876847823,0.09242279217529789,0.9064630257551638,6.48757720782469,3.9774771882361333
352,1056000,3000,9763ff8f852705502400e685aa0f7b9f3efabc67f4548bf38fddfbb986f43e89,da888ebf0b5f321c6d585c5d6218c1b0d5a1d2356ce856c4068b9152851e69d9,-2.994101966249687,-2.6696276203207114,3.7141019662496793,-5.80319639240486,-2.629543219074804,-6.660016106021361,1.5295432190748066,-2.7492154276331684,1.5076393202249994,-2.6200573256878137,1.5523606797749963,5.004927532952868,1.9194737753001385,3.4655852949353996,4.96052622469986,4.770505063777579,0.2820665112249163,1.7811257136287333,-1.462066511224914,1.626527341378097,4.670820393249938,-1.5368398908682892,3.3291796067500607,-6.785434632345666,5.3438077976996095,-0.8827604533515946,-3.0638077976996176,-8.694408201942126,1.2332121292250846,3.1540773655968315,3.0667878707749123,2.2121925711451307,3.6558048651498596,-9.431241535456703,0.704195134850143,-1.412686483221274,1.539937887599698,-4.947113437830403,-4.899937887599703,-5.26555492168089,9.085874308924526,1.0852644398391902,-1.0658743089245244,0.8810227554498947,-0.6842956348249535,-7.625294165758638,0.3442956348249515,-0.5068420717020445,1.7011145618000196,1.7884867200647228,2.058885438199981,-0.6821401997772337,6.084496634774573,-5.171008811884268,-2.9044966347745813,3.007767921136084
353,1059000,3000,cfad99a811bdfbf255a910b075d15b7b5cadebd5c2524c6862c4f390ad93f7dd,495303695441c87ef1c1607062b68e41d0a90aa6f7e9185fa56d0dc37dcc309f,3.141741286474688,2.842260129140285,-3.5217412864746866,-3.237832200454403,8.425773808949705,0.6540794375166873,2.254226191050288,-1.9089735695964618,0.3993732753253287,4.6561871195102915,7.420626724674668,1.1427692278436847,-0.7587228258248657,3.086472934394975,2.0587228258248698,3.852750293653513,-1.8903946685248982,-1.3006067062855273,0.39039466852489374,-3.1696091550166074,-5.5938388538997454,-1.0841453561734238,-0.4061611461002429,3.1152253283972247,-3.771346617949789,-0.7239220360500884,0.6113466179497908,-4.442964875589399,1.9448839719251165,8.19480899186996,4.315116028074889,-3.13673486076959,8.960688837074972,6.871309489728667,8.379311162925037,-0.4848771972001918,-1.138784938225173,-0.3304699872614238,-4.761215061774818,1.215232318332358,-1.4860369212996436,6.256273251723453,6.206036921299633,-2.1267451656862053,1.4095048315002898,0.4066726533711333,7.670495168499722,6.402391533872319,-6.2642335224246555,-3.0677020387839913,1.2042335224246474,-2.9474063515641222,6.235742752749562,-6.513588516754521,-3.1557427527495587,1.8625693636489955
354,1062000,3000,4ada55672ecf45d804d88f42456abfd658679828e0fa40b5c0885a2481b35b0b,59ad0dc8bf168ba1b7b3256c2d718f7afb32f57e7a13d37a88d6edbf7b191ad5,2.42482185952481,5.914702682404993,-1.6448218595248072,-1.2338120516314788,-1.875053915674578,3.7466031323700073,6.935053915674583,0.3177498521087863,-5.477871376374773,1.7443936989545725,-0.7821286236252222,0.9203752620793333,-0.34311896062463637,-3.445695315658648,7.483118960624631,0.13108696215892843,-0.6126237921249301,-0.2903077040841757,0.9526237921249276,1.6606388640969985,2.50010049997481,3.1918103191306733,-1.4801004999748106,-0.6560082977302573,3.9848218595248124,1.0997952903993014,-0.08482185952480728,0.9425764261933988,4.620626724674679,6.545388854636092,-2.4006267246746607,4.465857671445159,-1.9363932022500236,3.957204884335643,-2.3836067977499793,3.5497224544167025,-0.6692801067248697,8.539118197949797,1.9692801067248709,2.1756517187828357,-3.141215061774829,7.3407279150148534,0.4812150617748253,-2.3502582151163245,0.8447213595499887,-5.138016372831139,0.7552786404500051,1.0829532550018879,4.643444185374865,2.9018119221644616,1.7365558146251396,3.8963428453338356,2.014790803324651,-3.2567942583772536,-5.274790803324659,0.931284681824499
355,1065000,3000,2fbbc18a6d4a8a9a759a0a188bb6c39c4d60c7765455be1433fd59e4f6aa34b7,e27299f3d265a55444d4069da2b29f400f14d2ecb4389e187f79168d8ca6954a,3.5464626460246795,-0.9885983075171271,-3.206462646024686,-2.3984731364712575,3.485147084275047,2.9815178742830124,4.3348529157249525,-0.9962686210710859,9.965185471849544,-2.982018343712852,0.3948145281504525,2.7834450951581617,0.5566563145999487,0.5745646477100019,-0.516656314599948,-1.6952508562457285,-0.3932121292250892,-5.600883568229126,-2.2267878707749174,-0.46486907311732345,3.8261995336747487,-0.3748723154895495,-1.4061995336747488,-0.07396449877817354,7.35373835392495,-4.0279302769226115,6.146261646075063,1.2432930805929023,2.0959674775249777,0.04814190384917105,1.6040325224750283,3.9201635625435007,-12.52777820777432,3.700581251046286,1.827778207774324,-3.1805185747617704,3.3317102302745365,0.7133219234228904,-6.551710230274541,2.333489197224678,1.2861995336747514,4.092104439621381,-3.946199533674757,-2.6231052695671533,3.38068883707497,-3.8424594881442977,2.799311162925024,2.304236333792595,-1.4982971010998196,3.7083697094063477,2.2582971010998314,4.973127195071278,1.0076393202249987,2.5708414654732046,1.0523606797750042,6.898751637753278
356,1068000,3000,a1e055ae873cb5c194de677007475e6c231acb65d54ee6f6fda30043231474db,13c13a665b3e8f62a64d8c51000f87e9e63d9d4eb66106b39af3985c74082828,7.118134488724697,-2.5324898977034347,0.9018655112752887,-3.983527948694479,8.563707297724802,2.3112880331106154,4.136292702275212,-1.3579203319781612,1.1195742752749551,-2.172457739891962,0.18042572472504065,-6.86282939962692,-0.914326691025102,-2.228534137112721,-3.105673308974895,5.562340838147487,0.61829710109982,-0.13077765504095662,-3.138297101099818,-0.5539830366915458,0.6353791404248142,0.34600177668119064,-3.25537914042482,-4.728031595763026,3.268854381999831,-0.9596547512030129,-0.3088543819998313,-9.845966827005553,2.7566563145999545,2.234703042377174,1.6833436854000512,0.38223332192553705,2.331083505599869,3.2120826230311557,-0.5310835055998671,-5.112193777902138,5.399411662899845,-3.3818304600778375,2.0005883371001634,-4.140437505782419,-3.04609903369994,-0.34592875917542804,-1.7939009663000625,-7.5214581893124475,6.841315561749628,5.05507131452137,-0.7613155617496411,-0.6084850081170319,-0.4378329888002681,3.013509374476475,-6.162167011199725,0.6532696609688926,-2.913676241524639,-1.2606355854201456,4.733676241524645,1.954686143802219
357,1071000,3000,bb6478250cb8dd53625a29b5bd0f384f03dc4d3d0fdf81ef34dcc7fce9857800,ebb0e821199bde257263210987da4a6398b6a05682060a5bb455e20f061f59fc,3.415642252774743,-4.302396884469054,-1.9956422527747508,2.282844946226334,-1.6131116292502747,0.6078663938810945,-7.426888370749728,-0.728353243412829,0.9284286572747882,-1.020662825216346,-3.5884286572747905,8.201478366564245,4.057646651599362,-0.9876703861632268,-9.537646651599358,6.27666370043005,7.038622325850054,-0.5959560352762656,8.201377674149951,2.155188252570479,-0.32561119657459237,-1.131477483474792,8.3056111965746,0.29959757073373294,0.17268590452523375,3.119347228642004,5.047314095474767,-5.642665404501985,-1.9776082640248474,5.3572893772103845,1.19760826402485,-0.8422888630563865,8.680464112299543,0.0393525066294379,-0.8004641122995522,-0.6591292591153701,-6.386362146049879,-1.8157377057774629,-3.613637853950133,-1.9107842850039287,5.323444185374862,-1.916953190268384,2.4165558146251387,-4.128836454295553,1.2820665112249146,-6.64105404809849,-0.4620665112249206,-6.522760238597965,3.11098300562505,-1.5726439841885573,4.229016994374943,1.183550125256874,0.41219806739988346,1.7584240800848439,-2.0921980673998766,2.7691054069099357
358,1074000,3000,0d2b233d7f18a3105ae98111765eb19c5d59200085b018f9698b0f4e9114d44a,f7c1da7f21088b8b9049f1613289eca77c711f902e5024027936e5a201c7e45c,2.8205262246998597,0.5862838440029683,-0.22052622469985567,4.410472905966095,6.78393202250021,2.201401296206071,11.256067977499795,-0.5846642909073736,6.806199533674753,0.6424783860298229,1.5738004663252458,-0.44409629978700343,-4.5950539156745895,-1.435005792141438,4.215053915674584,1.2160420948801587,-3.3173451516749237,-4.654567566414675,-1.6626548483250763,1.0663023819163435,-4.139937887599696,0.5466950477613207,2.299937887599691,-10.071599898961104,1.2532121292250833,2.1990901113687698,3.0867878707749106,3.672329326473879,-1.7011145618000154,5.215529284918491,-2.058885438199982,5.852029927995722,3.780951949424897,1.6812204751154534,1.679048050575102,-1.2741654971205914,-6.25777087639996,-4.82581681175086,-5.542229123600035,-2.8247994795069453,0.2585218258752382,-0.6225153892473015,5.401478174124751,-6.903801459351972,-4.3483281572999735,-4.814907392005702,-3.8116718427000222,2.1763884778248768,5.52551069659979,5.998957986692409,0.874489303400218,-2.3909209677234107,-0.8782971010998244,3.5263291891311086,2.8782971010998244,3.6514384083374516
359,1077000,3000,f85168050c56e7ee3f3e148dff689ecda7abc63c1b7fff42877098417e125b3e,c8990c38c76c7cf937d6140ecdb09650bcce7f13a0a9e44eb914af28c0ac902d,2.728328157299973,-5.461316515968442,2.1916718427000252,4.6684067852330875,2.306362146049868,-4.560021456618063,-0.46636214604986703,-0.8730431347779704,-3.49171023027454,-1.1760709740147786,6.391710230274524,3.6892895066773947,-3.8441330224498307,-2.634897483365888,-0.35586697755016133,2.0516615832422573,-5.27315001682479,-6.061821903413547,-0.6668499831752123,3.0880924874905835,-5.926787870774901,-0.06629418522421543,-4.093212129225088,0.9579170533013117,3.758722825824868,0.7082721018242043,0.9412771741751361,0.38516312099877814,1.7410140618252083,-0.8800218165902234,6.078985938174802,-2.489088508334981,1.9055728090000807,0.642978855459658,3.6944271909999165,-2.2312727738740956,5.688065044950049,2.077484178171265,6.671934955049949,-1.6601383946671646,1.8134752415750126,-2.9020030844763345,2.126524758424985,0.78254590772035,3.51353735397532,-1.2245221849819177,10.266462646024689,-3.1225863348332115,-0.01177234267483493,2.828539055127999,3.43177234267484,-2.1948500663178923,5.447113095525149,-3.265083186167141,8.53288690447486,-5.435184613921481
360,1080000,3000,fc621bc009951d9fe137f3bab979556e7399db8c36428a60d7ccb1eb128d82ec,95f05ae6b83fbccffa937a0b1884ab4a717154f1bba2e89e478d5adda156bd12,1.5008514494500875,-3.168298909038975,3.379148550549913,0.6179660370784571,0.49045678092519457,1.8709313089446478,4.649543219074808,0.6305680274249906,-0.12524758424985544,-2.8423782739463954,3.005247584249851,-4.332768831566884,1.1284286572747873,-3.285855959497468,-3.38842865727479,0.8081773403374908,4.863444185374867,-0.6658716513154254,1.9565558146251405,8.052739592460092,1.8846208595751786,-0.21765345128364105,5.77537914042482,1.968407217814523,0.38482185952481235,3.5032001036631395,-3.6848218595248095,-5.668296837119125,-5.088266044899675,-2.6564800332440073,1.8882660448996798,7.190487732621201,1.2284907696750944,3.4729463013713815,3.1515092303249093,2.4618375226222344,-1.3006888370749776,-1.076593187425571,-0.7193111629250291,-3.872330965812301,5.711934955049954,1.7271242116330796,4.728065044950029,-5.346498102271318,5.961578674099581,4.075262404223971,-3.1615786740995744,1.5723346770705877,1.6845587471748762,-4.15727954117984,-0.8645587471748759,7.577270406715569,-0.22354468534967648,-1.0080608348698104,6.663544685349678,3.1622481485806215
361,1083000,3000,2921800201f94c2ab8b7ae58f7244f095af0fe7f691fa7daf88f6d082adeb337,72b7654aecf997c293b79f2eb3f307810ec14aaef91d580b81d0e57bb8a59d72,8.202104898799442,1.1882906397375745,-3.9621048987994336,0.6292577814473583,-0.31039466852489317,-2.8150091434275497,1.970394668524894,5.830756685235566,-1.612786404500042,5.297045952444508,-2.507213595499961,-1.5103986817033506,2.080951949424904,1.1902194999511553,-0.020951949424901528,5.730041670174491,0.8391485505499137,2.060141673344013,-1.039148550549916,4.322478026057654,3.934164078649994,5.864558900836506,3.6658359213500034,1.994730282173361,6.00279373587439,1.6632593560522777,-6.742793735874397,-1.0749736343299625,1.4060990336999444,8.675446144019263,0.15390096630005695,2.8907843576131977,-0.019473775300141993,2.6673894529891724,-3.0605262246998644,-2.1892997752893724,-3.965572809000081,2.7767757204638777,-5.754427190999925,-1.175379342273073,-5.965510696599788,3.3255177732448797,-1.3144893034002239,1.424405679514238,4.555479640399626,-5.365268997882297,-3.3154796403996314,-2.632468153722482,-6.304334022399466,0.6496482301539523,5.144334022399457,1.9261249121118424,9.060564612274403,3.8430781023802227,-4.400564612274362,3.4791882241416032
362,1086000,3000,55d79382944663a276ceb0a5e7607b2d21971ae1549e97a3ec4ffa85fbb12cac,a802a2f0930a1644aa87eb05dd2adf0df266a19f0bea90a41f3fd95f999a5b77,0.030820393249936726,-5.6722275750520295,-1.3108203932499385,-1.4552780960419265,5.27760826402485,-1.7710260704313774,2.1023917359751465,2.270124811073699,6.425510696599775,4.318046818694916,1.7744893034002196,1.7749568083642868,-2.637770876399968,-0.8538899145432512,-1.9222291236000355,-3.8924121074009266,3.196818926975064,-2.727632877755047,4.583181073024937,1.521189956642411,6.0158048651498595,7.824986497979095,3.0641951348501375,-1.2623732833218535,1.536656314599946,-4.883130437443482,0.46334368540004683,-1.9664783576009526,2.1562305898749003,4.998876772494518,0.1437694101251023,4.246084197636083,3.448490769675096,-5.544762043708033,5.371509230324913,6.930051506205037,1.3597368876500708,-4.411473844825774,2.8802631123499327,4.1606367921771525,4.24609903369994,-0.18242284489898164,2.9939009663000653,8.036088719374556,1.6690169943749515,5.836807445693895,0.5509830056250495,1.188982271479278,0.3658359213500143,5.356597745468678,0.6341640786499909,5.623776364084887,-1.5889548819746435,2.6848501026225264,5.968954881974635,-0.6013151639929115
363,1089000,3000,f0cceaebd14d963d86f51f797cf665c61bf5a1a9a8a35f49501d5298dba56011,3679836c2521c397b998c9a62d0ce216f7372faec712644d7fcebb1df4155b72,-0.06052622469985518,-0.34531014493949475,2.9805262246998536,-1.738033631378247,8.436431589824545,6.792604476469789,-1.53643158982453,0.8333813210305574,1.6763932022500214,0.39152318857509283,2.1236067977499786,0.5574133051946223,6.414001466274873,-8.306005974752146,3.6859985337251255,4.592631571047448,4.086787870774912,-0.01179221379873098,2.2532121292250826,6.143766022863639,-0.07501552810007545,-4.098464507197706,-1.6849844718999252,1.357419862548321,-9.613877241474277,-3.0959539633564006,5.9938772414742605,-1.9659778881711225,-2.119837387624882,4.747421105609955,0.3398373876248916,7.034770276704799,-2.9003014999244363,5.325416021823029,9.040301499924453,5.078773886924933,0.21013155617496626,2.075364155645825,-0.5501315561749655,-2.0820335303401074,-2.8402009999496225,2.802407153081024,5.120200999949625,-0.7915264672519452,-0.6477398201998115,-0.023820717209667275,3.287739820199817,-2.8536700183152917,-2.7985602134497496,0.13301582237250759,2.478560213449755,8.546479204385781,4.325936421324826,-3.0600317252300395,0.6140635786751745,-2.3643616137523646
364,1092000,3000,64941cc4a431d576e74fad2f5e788dfdb363e513dc566ef5982e2f410cf25a32,bb6078934f3fb43b12b6213e226be1e3b135df84b0948b81acd73bc9ca56dbe6,-6.587940820149437,-0.6258275129442772,5.307940820149449,0.9275451062034515,5.462855848274707,2.3423967392505003,-0.8428558482747004,11.43657193025728,0.7276393202249981,0.20374121495946979,0.7723606797750003,3.753463669376168,3.782492235949965,0.13158743158876798,2.977507764050041,1.6585188415715597,-4.3772830392746105,5.973827023505095,3.717283039274617,-4.561950316831627,-8.185410196624977,-8.231349844232255,-7.514589803375033,-2.2483059715833713,4.038033988749893,3.6581077830317303,1.8019660112501112,0.6310684968548211,-2.7982971010998248,4.771123678013514,0.9582971010998235,2.317839262998801,2.8623296235748534,3.1245882125525517,-0.4023296235748492,-8.37322808133027,5.629380606699689,-4.323096640293603,-0.9893806066996925,-3.723282884590192,5.594527690974721,-1.8017073246471953,-0.1745276909747318,-0.06205414017333917,3.7614781741247514,-1.1438152940036963,-1.3814781741247653,-11.589550749412293,3.500301499924437,-3.1908093802710047,-8.440301499924452,-2.918344650443903,-0.5239704100747165,4.394822971740227,5.423970410074727,-4.644085598593586
365,1095000,3000,ef9669e4b2095b5cf758a33fc0e9a001b7d200630bff906a1bc3c9dd276adeab,fbe996156c03cbc69b70e1bdaf6ec91970579b411b4bb4600e8c01978be1c8e8,9.859713162824283,-4.897543143197505,-5.47971316282428,5.542569003676828,4.272198067399873,4.433675008939834,1.7678019326001162,-3.516038383621877,4.6578713763747785,4.296154961698825,-0.03787137637477675,4.022070678776124,-7.179086438149609,-3.7608246758121613,1.1390864381496124,2.5124087561148123,-4.103219460599437,1.0191614169268477,7.703219460599454,-2.8399489443029853,0.7486533820502049,0.5204901282085835,5.131346617949809,3.581213485180321,1.258947550600288,-2.5432811726424984,7.341052449399704,-1.4141148740050147,2.6919970674502545,-0.5035299480050813,8.148002932549748,-0.2060523997967764,-2.4408898370245913,6.575451494615985,6.1008898370245985,1.0146120647579913,3.116919426949881,4.658498304347596,0.5230805730501167,-3.1142243895375588,5.398660713424557,0.699983174034315,-3.8586607134245683,-5.981306174747183,1.5748529157249624,-2.0232915138637453,0.7251470842750413,3.9542750852624042,3.103707297724795,-4.117544709926658,-1.3237072977247952,-2.439636358508168,-0.9264242584501705,2.2062599554928926,-4.593575741549824,6.042550538372714
366,1098000,3000,eb3bb200b93627566afb6cbc025b77caac323b1a7e6f62eef15d3157cef21fe0,de1b0c643d391ae63ef5e0580fadcd76958246daa373f4ee24d2bcdec7f7d627,-4.61000733137436,-6.535907825674662,9.030007331374355,-6.352630076927557,1.1625543483502603,-1.6696194236285915,6.797445651649738,-0.19071177268887246,-0.3991485505499097,4.726721349785385,1.4791485505499122,1.0286424458882684,4.821315561749639,-6.571711918994938,-2.7813155617496395,1.6163546806749745,-0.8602631123499289,-2.2429919701670538,0.6602631123499294,-6.748702617671491,1.8790480505750977,-0.24228394504110864,3.9809519494249006,-1.9897986053807888,12.657283039274619,5.0545708450915265,4.562716960725382,1.1786914659700514,4.676130089900085,-2.6425677969198387,6.643869910099905,1.468616845430497,-4.7257738089497145,-5.5606031402457745,1.445773808949711,7.551138504668605,-6.794628190949545,1.0124920422325623,2.9546281909495358,-6.997346630288903,4.510394668524882,-6.840245910889114,2.229605331475096,-6.540721357661158,2.6602009999496223,0.5804242458564827,-5.300200999949635,1.357611024860189,-2.713475241575011,10.563528795479307,-3.026524758424986,2.217624717367558,3.0831189606246348,2.7813250726327228,-4.743118960624634,2.56012320803991
367,1101000,3000,cae8c2802659aabc4f2364dee518e7d0d65eda029e69bf1ce7fe5c1f181ca004,107bc12de8351d5d0d0249059cbe9b6cb2b2e19fa794181ee8382de018703385,-0.36934221912518306,-9.546178093959941,-4.170657780874821,-2.58775651837638,9.155642252774737,0.9502467397473465,3.7443577472252576,-0.5167505525875418,6.161114561800009,1.5065409612762009,6.518885438199986,-4.9045218250097475,3.2294427190999953,4.645587006883091,3.05055728090001,-0.9667064505210359,6.406261646075072,-1.663068193740412,7.6137383539249415,-3.6039151187242258,3.215479640399627,-0.4480270377199156,-4.6554796403996415,1.4054436215913877,-9.039086438149617,3.44943489127969,-0.7209135618503915,2.499879783274042,-4.440263112349931,1.4474166201761112,-2.9197368876500707,-1.5763835598095999,-2.2115092303249098,-2.158927828191522,-0.28849076967509063,-3.226922780709239,3.459249050524727,-0.7139405376588253,-2.3992490505247317,-8.116913755158876,7.451021393199558,2.5323717528973306,-1.851021393199563,-3.5870730833268047,8.031021393199556,2.6948316010137767,-1.2710213931995757,-4.275264043562407,4.774790803324667,0.9034150818758148,-2.514790803324657,-5.119554784338115,-4.55777087639997,-1.3767642450949036,-3.8422291236000268,9.032857809875464
368,1104000,3000,d33e9383a39c307731c62efb380e5f546b5479565db8fa3c1ef4cd9a5e6a58b9,f2fd6df87868bd2117864c448af8ae73271ce74a58642f9376cac7e4029f308e,-1.7195742752749579,-0.44509723864667694,-0.7804257247250425,2.931874562144349,0.7591485505499147,3.6599184984392106,-1.1191485505499104,-1.8387486464393425,5.978459713474932,6.44043379452413,4.681540286525063,-0.3831612432794414,1.358033988749892,-1.8447994068976818,-0.8780339887498932,-2.0338916264909397,-14.389155881924252,5.114313800427572,1.1291558819242704,3.6339777587041,-2.414427190999921,3.9214738085211467,-0.6255728090000846,-0.7307825730562401,6.339674775249766,0.710392124349647,1.4203252247502312,0.8070582566717155,-0.14980633142473262,2.242064048813152,5.529806331424729,-1.9264342192298125,1.3939009663000652,7.9900668380508275,2.6460990336999353,-3.3158455819715873,2.918985938174795,6.40370177984997,-1.4189859381747998,-1.0893133225782008,3.4082660448996704,-8.278873133845504,-3.568266044899673,-0.3850449761926701,2.8273140954747666,0.918755708983729,-2.0473140954747753,-3.953465308714591,1.4623917359751446,-4.8501379983903625,4.637608264024841,-3.891293023735156,5.562430123549653,-1.8012068552173577,-1.6824301235496575,-1.849230614260423
369,1107000,3000,51544864e937a101b5d994f813b07425ad6f2ea5de7e5819a2ad70de6ccd3bbd,a3de15bf73b37d88193ee6ad6d9cb9ba7b75730aef235b1ee7737f74484471da,-2.4935757415498285,-1.4635670238318121,1.173575741549819,-0.6942417206939386,1.4163932022500212,-0.28718674269906586,1.86360679774998,-1.4918189484042301,1.8609519494249012,-2.890092725871493,-0.2409519494249,2.2093809168779988,6.066261646075052,-5.5330879747154045,7.2737383539249345,-6.784315548679903,4.105046584300223,4.842968154266246,8.934953415699775,1.5210718118363027,-3.968691769624717,-1.162777351926543,2.068691769624707,-7.81600593844751,4.489217994324576,1.33490939131629,-4.589217994324571,0.5621538196753393,-0.26917960675005903,5.274035011782654,-1.6108203932499394,-3.259532895138629,0.12121506177483105,1.264875630471023,-3.5012150617748343,-1.110895872456326,2.3666252583997984,-1.208681088444169,-1.926625258399802,-3.743673333296777,4.955479640399627,-6.786053246581596,-2.9154796403996364,-4.246584667065915,2.297082039324994,0.5924076219670817,2.1629179606749998,-9.46504375105764,3.1147908033246567,-5.1332758583504265,-4.174790803324653,0.13956705226069305,5.924821859524812,0.9464341466205393,1.8551781404751972,9.101772487054953
370,1110000,3000,5991384b1484d05403a4d8cd53eff79ed1721f4500d03bdde5f7c5c487efe78e,d891b5a6c2a781f04b4ea1a22888f98bda664ef8b7f8c3d78769c9da0e581f81,-8.951284505549499,1.8978729875394282,1.8712845055494878,0.3317802332390565,-1.1667878707749162,-2.302807943008854,0.6667878707749147,3.045500874669929,-10.429806331424741,-2.8491206661464443,-4.750193668575263,3.759323267522658,0.7802631123499189,-2.8827317194355087,-0.7402631123499259,-0.09928662427734042,-1.1206267246746657,1.120995515653694,5.900626724674676,5.161527782922831,3.3514708427504,-4.196941354927243,11.848529157249617,5.344687386863841,-0.9697058314499167,0.7917176295638045,0.729705831449923,-1.8764815999731657,-3.5092801067248747,4.11997403957006,-0.8707198932751219,5.753243773148216,1.5187849382251675,-4.858190636568052,5.141215061774835,4.883439744561461,-9.164171410024357,-0.37306160008206957,4.744171410024352,-2.5437816420723296,4.104233522424647,4.3605202867094635,-3.3642335224246476,-2.0366302632523086,3.0596363876752535,-7.448112304770238,8.560363612324759,-5.81236811424832,-0.022028123650409737,-2.0449922085479786,-8.697971876349586,1.5225002026200536,6.11866071342456,-0.5843549837893997,-3.138660713424563,0.6903109827610304
371,1113000,3000,d0119bc936e91c93d431278d0006ba28596c236d64011697a702fe8b8717953a,650f75483ce5e719cc264b77d203b9e50e92b738b05e86e91d25c6c2947d077d,5.960263112349936,3.1725389540898403,4.4397368876500725,0.2258242342674322,2.651671842700024,-7.661716873314841,3.188328157299971,1.6787181279662817,2.5655106965997816,4.117044240496816,-2.08551069659978,4.226812832595257,-5.199512162874663,-3.004719977256748,2.1795121628746545,3.9260231606899882,-2.1872135954999563,-7.305924760554252,-1.292786404500033,-2.044373594312038,5.591571342725213,3.2953369884588937,10.10842865727478,-2.6949497458198963,1.1625927359247803,-0.8945526671503313,-3.6225927359247754,-2.5506421790784852,-1.2995742752749593,-7.809145401441353,-0.3604257247250443,0.6412862848582888,-1.8686917696247158,-1.6664984622434809,4.168691769624711,-3.343169585190108,0.1050465843002257,-4.205230282717129,4.934953415699767,-1.0217819088821183,-4.105185471849549,-0.5105816473230866,5.465185471849557,4.994327420325668,3.6066252583997995,-2.109976147794552,-0.6866252583998045,1.797776586714284,-1.5892801067248783,0.7161335776900323,1.049280106724877,-3.710680894243655,-3.658134488724716,-6.094932487272776,2.558134488724707,-2.5576938783965018
372,1116000,3000,14d3982e4a00febad9e4458e896fe110674b2f2954066ba5d64e16ca2cad1955,5f9c6c61cf6ecf1abc977dfc811e484c1fb2aacb9d419fc27977ee1698d46913,1.3684907696750919,-4.617025775192719,3.2915092303249116,2.876990266095137,-5.798923825774487,2.642067327490007,4.978923825774494,0.3185596286565854,-5.744434522374271,3.4243039280923893,9.684434522374277,0.32885043416581455,2.615866977550163,-1.5023009162253256,6.104133022449834,5.7483120963556305,1.3871130955251432,1.792226295685761,4.47288690447485,1.9488265456557352,0.5687538820250198,1.5153303584959281,0.9712461179749813,-0.3252290033508778,1.4006267246746757,1.711474277407201,-5.620626724674673,-9.404299856861934,9.799775275224588,-0.6315689662846647,0.9002247247754199,5.445284257118824,7.104233522424654,7.9994748495064885,-0.3642335224246475,7.0468717976215,3.764558747174882,8.9580835345495,1.2154412528251188,0.647100755704437,4.44996894379985,0.3424984906723557,1.2300310562001535,7.782203722846583,7.694264578624805,0.9768791112241655,3.4457354213751996,-3.7072506257405724,-1.1175077640500375,-7.431033979760578,-1.9224922359499512,5.133394003156521,-4.157182539299808,-3.9307636751707027,-0.04281746070019701,-2.061333774515556
373,1119000,3000,f7520db11f11fc2622857b8115c0e1950b424ea2eb453468e7793e5dbb47b61a,7cc91eded14c98d107d240f630b4310d58a2306bfeded81f3f7778f841a22501,-1.985084971874739,-3.281615914446594,3.60508497187473,1.6519676116833721,-6.238397601074631,1.2794064810311383,1.4983976010746358,-1.0493422017128349,-0.6425306235244653,-2.989188187836975,10.582530623524462,0.41322388325931825,0.8022291236000333,-0.052263804093946986,1.5177708763999667,2.8066471981318974,1.5217028989001795,2.904932883549575,5.278297101099816,0.7438850328326065,-0.9143266910251019,3.703820357237497,-3.1056733089748976,1.2376246447582866,-5.324070910049525,-3.5911219660658213,4.604070910049535,-8.055050777297394,11.339674775249765,0.4716565926177128,6.420325224750241,6.127115149778079,2.301052449399713,3.877881256840821,-3.7810524493997146,-0.9154435852867548,0.28419513485013786,-2.4070713713791188,3.235804865149857,-8.269583267195944,2.8128869044748557,0.1748706761511229,-0.2728869044748506,-1.0485324251650256,6.5505335560742095,-2.8275381162683257,-10.130533556074207,-1.3795028818562798,-0.6850849718747345,0.24490443699638645,4.905084971874728,0.6245172669666401,9.094891303299468,2.3287486827439596,-2.1748913032994746,0.23006427931831347
374,1122000,3000,dc4500eec3e09a76fd8bdce0768523e648eb5552c80aa682e47301a65c19464d,879966c6a869e2477e8a1f56774801ea697393794e5ed6b69f08f2a7997c4557,5.509117494349761,-0.4213946662431085,0.410882505650241,-1.7850564515616578,8.318072376324412,0.6338071336162011,-4.338072376324399,2.547211910575408,1.3396747752497677,4.149536210120109,-3.5796747752497673,4.089174640548146,6.169906831399542,0.7939557968953459,-3.4899068313995465,6.1160145677210735,-4.569744219024425,1.134716589666005,7.549744219024439,4.118545648786321,5.266300033649565,-1.7529468065620932,-3.9463000336495613,9.641533980304384,-3.80455874717488,4.265664869794866,-1.2554412528251226,-2.9889970255251046,4.131083505599863,1.54932373640872,1.2689164944001319,-5.824396617659254,0.2188854381999865,3.920472869661473,-0.1388854381999819,2.843570375117933,-1.895742752749559,2.8512406886718855,7.495742752749554,-3.3374281318497165,-4.020951949424895,3.426305805811719,-1.9190480505750989,-6.819855462182533,-3.583281572999749,1.8242177958792278,1.7832815729997464,3.5983648276957068,2.135015528100078,1.8490394519485505,3.7449844718999263,2.8776818978368253,2.39501552810008,0.3562195646846613,4.004984471899929,6.7392215887100635
375,1125000,3000,711e2a299f3d7b2f9a8179fe639d622ee6a3b6af72b25e06372086e81bcecf22,18a8cb73a4a3986e19b179624d8a823de8a0c54431bd068ac8f3a36ad347ef18,5.885773808949714,-4.880701107800092,-0.2857738089497047,1.347129057039094,-2.9799378875996974,5.946694182598456,3.4599378875996964,0.4157262304084917,-1.0576082640248512,-2.036011649016379,2.1176082640248506,1.4229042712247373,4.441540286525063,-7.579890898670855,5.738459713474939,-2.791998202765688,2.9517723426748415,5.191208098278979,-0.4917723426748346,4.785536383767526,-7.331447117924619,-0.10121548449091344,1.0314471179246074,-2.218052169291619,10.073714629099152,6.572712857854593,-7.993714629099146,-5.190707628849142,-2.609380606699685,7.3741478059920444,4.009380606699682,6.187240429737856,4.8765942021996445,-2.7331831687835573,-2.6365942021996447,1.3600403545035924,8.190232056149762,-0.8068670943598519,3.449767943850221,-3.968496628704541,6.900464112299554,-3.5051289638767247,-2.580464112299555,0.5675129483919852,-0.8240325224750228,1.5702146545451492,-1.3159674775249786,-4.497157539896914,6.382693235899588,-4.131766253368797,-2.3826932358995916,0.3905222497154218,-1.0120354550247637,4.968195518278696,3.95203545502477,1.9139052463890396
376,1128000,3000,6b4c431b7352e7ea280f5e2ef638ed361a00b2ee7ec88d52b714ee94b80eb8d4,5b7b64bb9bd86d88cb8b3a2375d2b47951b5a0d0e0323c4714dd95c46f02ba16,6.046950483150033,-3.010888882521204,6.673049516849967,-2.018550999383036,-0.9073762078750748,1.9879878899733125,-2.4726237921249297,2.2275331982530457,1.7735757415498286,0.38142354537772977,-1.8935757415498302,-3.3392388472571803,1.044458247200074,0.9093928248284027,2.4755417527999413,5.503908128789096,7.70301846064982,1.2558950709394323,3.8569815393501825,-1.0112999410610235,2.308428657274788,1.2186625868354315,-2.208428657274783,0.0697244537272887,5.9619660112501105,-0.26760607054028557,8.198033988749886,0.518060798565177,7.292461179749807,1.9636667033338056,3.267538820250194,1.161039654024837,-1.5903946685248935,-0.7133219234228858,0.6903946685248941,-2.33348919722468,-0.06370729772479275,-1.7125203435672078,4.363707297724786,-6.841438012060655,-8.395379140424811,-0.68426022230268,-4.504620859575176,-2.2103818557376576,3.45665631459996,5.226011252739575,2.3833436854000487,0.3909045743391533,-2.191547617899419,6.062749824767455,10.151547617899432,5.587044349410712,6.062755348299894,-3.999369045232226,3.737244651700111,3.153576896167
377,1131000,3000,8701f529a4797dbdeb30e4df29823d2a175747112e945b4bdbb5f7b46b521313,41a1633617581a45c932662749bf21951d61e6f3442ee1fe84463e8a3270fac9,2.1885912696499035,-0.19514298005161498,0.1314087303500987,5.5047179053368955,-2.1844966347745793,-1.711091952783472,6.804496634774591,0.04652235075357189,2.754752415750145,-1.2419828346152704,5.885247584249844,-4.710570946129682,-4.93499180327428,1.5221908955020793,10.314991803274262,-0.8467200704191324,-1.2597752752245817,-1.6590193110013929,7.639775275224594,1.9187639056758494,-2.800851449450087,-1.226833369819224,-4.679148550549921,1.1344072825480438,2.42350629777516,-0.5258492569252423,5.9564937022248285,-8.421251840373325,-3.874690303349839,-0.0026204919552708025,-0.5653096966501484,1.365281338414149,8.939612662849475,4.577172799133448,-2.419612662849462,-0.4306845328926648,3.4650849718747474,5.226511722169411,-2.1250849718747395,-1.396271899747932,-0.10960533147510487,-0.25014542090692704,-2.3903946685248867,2.106045409861648,4.7957043651750455,-3.92683293723779,5.824295634824955,-4.109255782136772,-7.499249050524722,3.932692535384282,-1.6407509494752734,7.162117663242678,0.24901699437494398,3.122395172521344,-0.8690169943749433,3.45436656807227
378,1134000,3000,94523eb254fc7f1a805805327ff4060166a216f0fa76cc61d2b7d5da2f15e11f,a47957193af8db2ba30ccbd8e0ce5a2704e41cfa9add9b04caa80dea5d81360b,-0.03983738762488218,1.8154283986595066,2.419837387624892,-0.9809279939631723,3.4509208932247453,-7.921961937419133,-1.8709208932247499,-0.11188861462387756,4.23708203932499,-0.8765915480871476,4.102917960674995,-2.7498340418690996,-0.58492235949962,-4.113805134305604,7.464922359499624,0.19133038692479618,2.6180961011501944,-8.03346822741929,6.821903898849808,-1.5477041833131162,1.5176082640248496,2.2438747642206254,-1.6576082640248522,-4.396251362523972,-1.9058359213500111,-0.6163464839828539,-2.1741640786499854,-0.9592272992789397,-0.9824922359499692,2.054282075197532,-0.17750776405003835,1.2696161449517431,5.819674775249764,3.838337587899517,0.900325224750236,4.422574426882806,2.2757043651750495,3.412821021411619,3.3042956348249732,9.36432873599655,4.587251983074468,-2.3403497342308306,-6.727251983074465,1.234812990491148,4.7302941685500866,9.345057370955741,6.429705831449908,-2.5309884894139327,-3.5205262246998585,2.1297479822652052,-0.47947377530014584,-4.466785592799068,1.7453096966501571,6.42721318994167,5.054690303349836,-1.1273555832300164
379,1137000,3000,ff91e8a18d63ce25a39788e29fdf99bf5edd444f0fe475487e125769b539f5a3,edb91e0385d4d6a824588d69c75b473949cc85c899b1332528fca98fe18f0550,-2.0495432190748173,-5.8085555211215,2.109543219074801,-2.170410734872291,9.767577207824681,-4.557091657544823,3.3724227921753003,0.6533878057749896,2.8165942021996457,1.8637614648205365,-4.696594202199643,-1.7396531844738505,-2.4365942021996423,-2.3057377420821012,5.076594202199639,1.519069934116967,0.23199706745025728,0.7273523045531624,5.6880029325497405,4.182219342055259,6.632461179749802,-4.321477087197993,2.6075388202501895,-1.5142112748301595,-0.7570820393249894,1.6067555069074497,-0.622917960675001,0.8878832924560462,2.37544125282512,3.0491223054848726,4.924558747174876,-2.6368263435794566,0.6990480505751004,-1.2955568846868484,2.800951949424909,-1.2212830787907076,4.133374741600203,1.6928215266023194,8.426625258399792,-2.7390427669300417,12.051184005574674,-0.5347116716507293,5.208815994425318,-0.7510548769567307,0.2829179606750022,-0.3393775292872501,0.41708203932498933,-10.934661535347797,3.3760679774997917,5.133776327780261,-1.096067977499792,-1.9267435263477755,4.208753882025025,-4.407160782269119,4.611246117974988,-7.245062721552443
380,1140000,3000,aae0e3d2165633cb281a8f8cf64700fb067398295d7ac8170fc878a2fde6aa32,f7f5dc0e6d716c4ea9a07edd5a6a406aa33413b2f793310084ca9bc263359d8e,2.6436451853244822,-3.5010070636319384,-8.223645185324488,-6.159297812283419,5.177445651649729,-2.361431814679125,-0.4574456516497316,4.586462665783,6.173150016824788,-1.1974623615810371,1.5668499831752172,4.149226903002148,0.27527864045000194,-4.654067096984852,0.3647213595499971,-0.7208740921707447,5.741578674099573,7.780393007439111,-3.3815786740995715,2.1273186526218013,-0.30291796067500837,1.682030251663256,-0.4370820393249947,-0.1696296922405725,5.910232056149781,2.3246998000049466,1.169767943850219,-5.292614745081786,4.44609903369994,1.2910075325180006,3.1939009663000513,-2.5142194715222868,0.9708203932499346,-1.3247367306131648,-0.37082039324994126,-8.914991452298999,2.5793111629250256,-7.523195887214166,3.1606888370749746,-9.433743882605887,0.3302941685500798,1.818549360044607,2.0297058314499146,-4.133385806464398,3.767251983074465,-3.5797120768908224,-7.547251983074464,-4.841039294052672,-1.1497058314499125,-0.5557937520990175,0.5497058314499229,2.6005947983351243,-0.6195121628746553,-6.1720179474360455,6.759512162874655,0.969636249594269
381,1143000,3000,1a37249a430b6ce14c5367c4afa61ae899d0bdab5abcceb8d826ab423eecd27d,7c8dae51adfe87abc9b09df9b05746474e2723cd41caaea4e2bf33d3737f022b,-5.107739820199814,-3.59736388883604,-1.1722601798001875,-1.7501351522949538,3.6397368876500646,-0.2532663822920398,5.160263112349927,5.258503222362872,5.431872842649644,-5.786854826437288,-1.9918728426496513,0.2613641477700618,6.913838853899769,-1.323499502141294,1.7261611461002506,2.6518576635694004,5.145936421324826,2.8812303111460045,1.4340635786751779,5.460816046538602,1.5232431854252366,-3.0222987716962044,6.576756814574756,-5.232562482627769,-3.9871514830996597,-6.082903983861823,3.3471514830996556,6.439742162782439,-0.38842865727478537,0.49435822616161246,4.128428657274788,4.98453708424628,-1.0693422191251791,2.5889937468482582,-4.870657780874823,2.020671021908475,7.034101966249691,0.7029129731075573,0.32589803375031245,-4.454875234194236,-4.349968943799851,-2.264765682357048,-1.1300310562001548,3.0690122847616292,-5.51882332579968,-2.8030257673169507,1.2788233257996815,-4.991898090682262,-3.1878403201746264,1.3768823899010114,4.727840320174629,-1.462256777854183,5.505247584249859,2.240753802835519,2.374752415750147,-1.2437935500227355
382,1146000,3000,f4a1e36661b8a5ebb3cfb9369c3502a63722a9330af1cff8d5d14f6ed4f96784,aeee60577a0d2a2c518e4f51cd137e406c03b57f3e51aa16d0da3c85cbd83e6d,3.543444185374863,-5.630563883585278,0.6365558146251353,-6.371400972538542,4.4319349550499565,4.8498286912724,3.448065044950042,0.9995807447680545,1.6553791404248173,-1.9367250247390342,-2.2353791404248136,-1.459827448210766,-3.88603692129964,7.382819058405663,3.8060369212996377,3.1959322193754516,1.7826548483250786,-1.6368181468873357,3.437345151674922,2.5633623142311164,-2.1791485505499097,6.931744076806415,-0.30085144945009024,-4.495656131607409,5.712399067349509,-4.458496665009176,-4.752399067349508,4.2367213134807615,0.9479645449752393,4.940753370254083,5.912035455024773,3.999869514662061,2.3471130955251502,5.104641609154273,5.432886904474858,10.199638917240692,-1.4770199269246915,5.390973448005204,5.097019926924692,-9.233168756331853,2.5213776741499445,-2.161047850716962,1.358622325850057,-3.6488179163821797,0.5987228258248642,-2.171839125656024,-2.2187228258248726,-1.0794048416927118,-0.585410196624967,2.980516935423353,0.08541019662496786,2.578084327103098,0.22763932022500366,3.6610375821049868,0.2723606797749954,2.15749943740779
383,1149000,3000,cc9dece42e9f689f7169ebe87b283ce16a39e31dc6dc5e58826d54dd33a82e69,7e35e9b97013f55a45fca4605d9f70035e406fb2a781c028ed37a8ff3d5773f7,1.7777708763999651,-4.397752770813471,1.062229123600043,3.1176546580406215,-3.2999378875996954,0.28375647419599415,3.1399378875997046,1.75256448193835,-3.406950483150025,2.924704718020229,-4.033049516849972,-1.9251239732521725,0.6674767078498849,-1.6225966034451929,-1.7474767078498878,-0.26679629399247634,4.8184597134749385,-8.764751269905348,3.5215402865250645,-3.682001517747173,8.134728690924348,-10.943141625449588,-5.594728690924353,-1.3482030134045218,0.13331262919989845,-2.6690090060847815,-2.0133126291998984,-0.019771834470654823,0.6433436854000452,1.7814350207467013,1.7166563145999512,4.518239620345201,-1.06944271909999,8.64314533670785,-0.8905572809000104,-1.65046620339387,-6.446625258399796,-1.0238289139017867,-2.153374741600197,-8.466154638031309,3.326362146049866,-1.6415586613680484,0.5536378539501318,3.506748516972317,-0.09819660112501308,-1.941774846337717,-0.3218033988749912,-3.4081535244366785,-0.22101406182520475,-2.8027164601989862,-4.558985938174793,-2.100185811715155,2.136594202199644,-3.653249123744928,-5.3765942021996445,5.9961463324252735
384,1152000,3000,65c804ac9625d126ade32c98444a2eef5f86af71e6e68724054333a51569dc87,4f3a102f8b2715d4aeac443b5f055f28957b4aecd26bfb7428997a96015d7181,4.3809519494249,2.3026167806969906,2.2790480505751014,1.6333878783842521,1.0335757415498281,-3.249624414253134,-2.633575741549829,3.3015058937233515,1.263243185425238,0.16720036259716722,6.316756814574755,-1.6315771629767892,-2.510394668524892,6.384739721927104,-0.22960533147510745,2.6842314883865885,0.057407264075222564,-1.9710277097698,4.842592735924775,1.1476278871304997,-4.244496634774582,-8.656174778978448,4.744496634774578,-3.7726168896108976,6.316493702224837,5.377252373992901,2.7835062977751646,-8.190186622195359,13.144171410024363,6.665065927620032,-0.7641714100243392,4.697541503859068,3.109016994374946,-7.9851351612582455,1.9909830056250517,-2.306429373823796,1.7326237921249277,4.166996859753459,0.16737620787507584,5.677159251844602,3.4716097302997255,2.1023058342405974,-2.4316097302997184,-2.380821324526044,4.593250516799601,3.5745441104860385,-3.993250516799601,-4.677887814194517,-1.4162305898749044,2.923203309730719,0.5962305898749036,3.4364054490090896,4.662693235899591,7.594731056348924,-4.102693235899585,5.74526415247631
385,1155000,3000,c59375d5f114c1a9a605135e5cf177dd550f9b1c9ed258e8caef95c414a0057d,621e1db1dd6798a6faaf16457172ebff565d5968d23e3349afd792a275ee5329,9.01610636507429,-2.9147232196289727,-5.876106365074308,-1.7488249063173114,-1.1987228258248661,3.9799065178795434,1.6187228258248691,2.4071443888848782,-4.451447117924609,2.3419692873264326,3.9114471179246095,0.9742586192688811,-5.097082039324987,3.075990966573893,-4.962917960674987,9.313875647310097,7.124984471899914,-1.788486720064727,5.5150155281000774,0.6821401997772318,5.5370199269246925,-1.796466340736648,-1.037019926924694,-2.792616817001619,-2.718134488724705,-6.223089650358462,3.498134488724702,-4.476958253502193,1.8140635786751726,3.5209700604144554,5.525936421324827,-1.1885999468555546,2.2815402865250585,6.583312970481801,3.578459713474934,-3.0812319504844354,2.2570820393249966,0.8862637393604362,2.1229179606750064,-3.815827116667479,1.926787870774913,-3.3908110196094254,0.09321212922508271,-4.040841574387107,-0.6554412528251207,-4.716739851394137,-3.20455874717488,-4.702591325457751,-1.3946903033498412,1.3858629494326011,1.914690303349844,-1.5618527092494907,1.9628558482747043,-4.46285485486615,-4.3428558482747075,-4.17766998988642
386,1158000,3000,c1a5b7b379375b3ae85da4526793aaf61b83dfa442b1115ca083f20f004001e6,3433178a801b34ffedf08da0542e49c0ebddcda2c81eeeef97d7d9dbbd12df54,3.9188854381999874,2.251044608344745,3.561114561800014,-2.0260301506251235,-0.4065868708252831,0.9897904086886623,-6.533413129174721,-5.854768564757104,8.285448584199472,5.852221090307582,-2.805448584199484,-9.894418037972677,-3.5300694437746527,3.9502262025233854,3.6700694437746595,-3.4993875105363315,2.981966011250106,1.6437968286995812,5.218033988749891,4.485747650721919,-0.14737620787507277,9.508017688502035,-1.7126237921249299,-5.006355923736606,-1.3595742752749551,3.4688974186323733,-0.4204257247250459,-3.0608415017778348,-6.213513629149515,-1.9636667033338109,3.8935136291495227,-1.161039654024842,3.5918344550751415,1.8880826514600313,6.588165544924858,-0.6731596402456477,6.72705098312484,1.7001825330383058,3.3729490168751575,-5.0477103080853825,3.916493702224834,5.625086610062536,0.3835062977751631,-6.039238414675742,-0.35219806739988424,-2.485157770402065,2.152198067399889,-1.167900191031,4.24747670784989,0.15559931111029804,1.8325232921501107,-0.16669989316733366,-0.29065778087482264,3.0919050806173938,3.5106577808748196,-3.556701136228957
387,1161000,3000,12b5b5ba99b3c7bff7af374de8a2794612abdd2e453b081b15e13054e444fa24,438375c66da90bfd60b8a0e1b8aa05223d91388154a5afe3794ea42cab02a2b3,2.962492235949965,4.609046154520794,2.157507764050037,-6.3517472828739905,6.095379140424815,0.13713772261727863,2.2046208595751797,1.8196684437103747,7.252561679724627,6.776262910502206,-0.7525616797246176,3.2416447935812105,1.0270509831248407,5.66848799943099,-2.3270509831248387,-1.1756886493910463,4.377345151674918,4.481625750477137,2.7226548483250697,5.083013931975811,-1.3024301235496631,-2.2990683673878087,5.942430123549662,5.676467620102904,-1.927840320174629,-2.479416317061682,5.987840320174595,-5.685639341946366,8.98502285947443,-1.1167554706028198,-3.045022859474435,-4.317737511576945,6.193575741549825,0.8540810768551116,2.526424258450175,-0.7864766456532611,4.494264578624798,-1.2939373315912448,0.24573542137519938,0.9877885309693251,0.6339009663000633,4.124095939814844,1.8860990336999386,-0.9735669875271836,3.324396134799766,-1.7765763614598908,-1.6843961347997658,2.1089752089348845,0.8151781404751927,4.689488865681378,4.8848218595248145,2.109666840676581,-1.6180339887498918,1.6320776324066248,0.6180339887498946,-1.6199761114899238
388,1164000,3000,c3185aed660c9374541c1525620b55ec3b587f1e47687fcaf63469152944cbd1,658fcff7b62e5d1c7b561b00fd13450ad1a89f13c3f734f9e08d2bbfceb9059a,7.252987404449672,7.333366908578864,0.1870125955503307,-0.04159067396098262,4.197445651649737,0.588094559410439,-1.4374456516497336,1.9406557626719525,-2.800162612375111,6.022660559095971,-5.259837387624884,-7.107851981429392,2.1098684438250395,-0.24247510735297786,2.870131556174968,2.689090147673405,-3.5788854381999857,-5.936594539401099,-3.2211145618000203,3.4809259220433124,-2.05304951684997,-2.95195570373297,-1.426950483150028,-0.6678005115289949,5.612135954999577,-3.685549931056352,-3.3321359549995804,1.4548957714181947,-0.2958669775501649,2.5305610374898633,-3.784133022449839,-1.1172559400326478,7.133150016824781,6.262442156987908,2.526849983175219,3.8178289943868164,-1.8987228258248618,0.7058427721808022,0.918722825824867,-2.928444293641271,4.343606797749976,-3.1166537191809653,3.8963932022500214,-7.9721057189876525,-7.81499180327428,0.5647743116306126,7.434991803274288,-2.70019072973044,1.2862616460750598,-7.313285766990243,2.49373835392494,0.26429394684330576,-4.099148550549914,-5.05931135957225,-2.2208514494500844,-0.23530526322885997
389,1167000,3000,1818047ea4afae0a2c5d79edc0fce28ab1775b6783f59356f49324036b64381c,fc8050c963ba615976a8d218d82d2db45060d214d03b535821480061437feb16,2.8631810730249336,0.2515738116906664,1.4768189269750664,4.781914952952581,0.5002009999496255,-0.26822468477621275,-7.460200999949621,-5.265363759369029,-0.24239173597515046,-3.8354077888262696,-3.4176082640248464,-2.8961434863298443,2.550394668524895,7.276553752316064,0.26960533147510807,-0.970446026142074,5.064558747174887,-3.4194452688055748,2.515441252825127,6.298364395114275,9.490270443724294,-1.13771940624501,-5.670270443724292,6.604513195736203,4.008002932549754,6.108153091855246,-1.4480029325497428,3.301888218347082,-5.106099033699951,-5.701480438484102,-3.8539009663000607,3.1005033155252537,4.568428657274784,-5.713081489970969,0.05157134272521595,4.565380585334699,0.16350629777516973,0.7298546517023344,3.6964937022248296,-4.753663028380164,13.267577207824733,1.0253303221912926,6.872422792175296,3.1046252157700263,-4.722128623625226,-2.0180505299531952,-9.417871376374778,1.2237124084341149,6.540688837074978,0.2622469418236273,5.959311162925022,-5.358099153758176,0.6209135618503907,2.922894002612759,8.939086438149603,0.5446931700419816
390,1170000,3000,759c5231e7bf8c177e26c8c41fc5f9f2a9902078557155e80246a09e50f12b2a,a1739cd21b860c9f383dc39b9a6ba02677d2456b4e5d7364a9d8d4ac73b2e942,3.1715092303249115,2.5863732548929876,1.248490769675089,3.3859523603226127,8.636168477474603,7.37564921428155,0.1838315225253911,0.8257110074766028,-3.0007893370497873,7.9293229438551185,1.5607893370497805,-2.1967789265314632,3.2411145618000234,4.404849597431824,3.5988854381999804,11.502056338933683,2.0673762078750753,10.594401212006993,3.6326237921249285,-0.12908508443959768,-2.025611196574593,-0.9643952656837268,6.605611196574589,-8.902580624264344,-2.0038699100999087,5.010668986293243,-0.036130089900086704,-1.8976818252275625,-3.3060369212996408,10.555358012495539,4.3860369212996515,3.4217564536428804,2.845874308924523,-3.7998678753236383,-7.305874308924516,6.063250294197278,2.270131556174961,-0.24390349813671677,1.509868443825037,-4.198870215140825,5.84344418537486,-5.811985789624586,2.9365558146251374,-1.909665201338157,7.133738353924946,1.7034216392295165,5.926261646075067,-0.6295670885653271,-5.437120426899489,-0.999817034380253,5.117120426899502,-10.291373372770176,-0.9068883707497265,-1.296867130664487,4.906888370749729,-0.5386424095836354
391,1173000,3000,f3ec3572b7055cba577e3b0614b3b43bbec21ef0928f7c87ff9834955cadec32,2ffaec2749cd78648e6e09640b365c163cef6600e633e9ea9e20d022cc972b00,0.7628558482747042,-4.2346012909553155,-5.542855848274699,-4.036601529336228,1.8509208932247518,-2.7292524308506536,-3.470920893224749,-0.6878816531176178,4.849117494349761,0.9325949278021339,-0.2491174943497618,2.5741535891701823,0.6825927359247759,5.462244437322345,-4.102592735924777,4.006730051668213,-1.9897058314499252,-3.940053541820265,-0.29029416855008094,-4.853450122087345,-7.616005865099484,-0.2756587087179661,3.296005865099489,9.292793566861786,6.925185471849555,-1.2601351159903178,-2.645185471849552,0.1675096697151334,6.46970583144991,-1.6764799606347442,4.77029416855008,0.3307792943793867,-1.2708203932499307,5.0064289412423735,0.07082039324993683,-2.7414720965734514,-3.5568573145495734,6.344268131631899,5.476857314549578,-0.6528873363451616,3.0012150617748286,0.6493389230359765,-0.6212150617748284,-0.9655873668552587,-1.6723369549492006,-2.4347046817155915,15.232336954949211,-1.5047302458687368,-3.2645587471748807,-1.0989855138515006,-0.7154412528251171,0.1619593786866235,6.7885912696499044,-1.3925323241268883,4.731408730350098,-2.5955449767364374
392,1176000,3000,799fd7aebef07ceb4d5e66d674ce86b3823f3d5e2f6e4cf39bb63681a306231b,9153352b83ba9805f990507d4070378556a79a6c91ba012a9e3a282f3e6681f9,-1.1470509831248452,-5.2674837818944615,2.207050983124838,-0.15367045089672426,1.1900310562001515,3.320276789334328,4.409968943799854,4.154968356342525,-1.2173451516749192,2.1351071109818607,0.43734515167492316,0.37325276239393956,-1.728165544924863,-0.8663007425779146,1.2681655449248648,-3.532070642471488,3.8553791404248123,-1.1226150687493022,-0.03537914042481932,-7.370599392682853,-1.227639320225003,5.9112724139019255,-1.2723606797750036,-0.9730665180973439,0.17623058987490686,0.6442891014372987,-1.8362305898749085,-2.9139134430811615,-5.147739820199815,1.6651882162658451,-1.2122601798001829,4.025810254397156,1.9971825392998088,0.6032440242064832,-2.11718253929981,7.785633991349661,-1.5017028989001755,3.308748755353231,-5.258297101099828,-6.629644158923496,4.557182539299813,3.561823975333411,0.4428174607001919,-7.209258628232181,-3.287840320174632,0.6126069083618108,4.62784032017462,-1.6717394461540316,1.2211145618000214,3.4914078898643996,1.578885438199983,0.4754691857445261,-1.0180339887498961,-0.5273506652147348,1.2180339887498932,-3.0597224181120692
393,1179000,3000,e07efdbef0a32e07b2b9d6f4affd2f7bea7d67ddfb28c64e38b0c29c4b8ab3ac,8eb6062c996b64cc89097401656bbe4d37d824fdf0e2fee6444eaf7c8a4de5af,2.5349534156997704,1.5412710982310307,-2.2949534156997764,2.9503361506373698,6.938923825774492,0.2989789564977993,-3.8389238257744904,-4.6519470744594065,0.7597368876500724,0.10657461320756624,2.2802631123499313,7.058090524484628,1.3352786404500128,7.865148781156339,1.4247213595499943,-0.8169667375572142,1.0181966011250139,-3.6234957908830085,1.241803398874991,-0.34681155322900387,8.861903898849807,-5.649025472078309,4.658096101150189,-4.385032635660844,7.600889837024595,0.9441959792889996,-0.9408898370245976,1.1092763193607316,1.0405883371001605,2.6716294980400543,4.439411662899838,-1.3455095039434903,4.678622325850065,4.3045169069944755,5.841377674149943,-1.860949810553395,5.440789337049783,5.997147271284926,0.8792106629502141,0.07889617557075038,-0.1398373876248811,8.72235081939658,2.319837387624882,-4.755901195711699,0.17777087639996972,4.172738313093843,-0.5377708763999641,1.1594201009292386,2.7184981010494518,4.734582825651211,-8.998498101049455,-3.0672015693541543,3.8820665112249153,-1.3785019429966154,2.13793348877508,-0.7468148319058495
394,1182000,3000,97ad4535cfe16f08984d7bce04fedcf2b834e92d4a548f4c4a124b21b58ab3cf,52a3feb62ea7fb586c683afbee05c682c54165c33cdc80115d600b9483b8ba25,3.6343650785996107,-4.400800714692812,-4.594365078599615,-5.979377314533626,-3.362329623574842,0.9803093797272403,-0.09767037642515514,-3.9679961592747004,1.8910451180253596,-0.06691279946015671,9.448954881974643,-4.825507504632898,0.7719970674502575,3.5606318741618677,6.228002932549746,1.0439830729961777,-2.677082039324994,4.2775752283997,-2.5429179606750045,-1.5621620163674617,-1.4249223594996197,-4.382220981393693,6.6249223594996245,-0.39514461939003565,1.9577708763999646,0.2393541459678659,1.242229123600036,0.4633676648278239,2.7558048651498614,2.981208567165051,-0.19580486514986273,-3.887980900038178,-3.1235446853496747,9.439912787870334,3.763544685349675,-1.5786217271411416,9.668103432524568,5.385732464094651,0.2318965674754387,-6.5026060795035745,8.74321946059944,-1.0165409249715727,-3.06321946059945,1.4746676058888464,3.99108350559986,-3.462346188744194,1.1289164944001346,-0.3523618442575186,1.3253480842246648,2.479607479373563,-5.785348084224663,1.0067505888921764,2.3637694101250952,-3.764564251433204,4.376230589874905,-0.11855798931816763
395,1185000,3000,6d938758296e84c882fe880f32fa2f1e8ecd4b95eca3e7104cfbb9d745d355be,bfc798dabf238979bb6fef26274e1beff4d7b33d391f138187e618803c2781e9,-3.959837387624881,6.124803964940788,-1.5001626123751148,3.7853370247635296,-0.11236067977499739,1.375071674493538,-0.06763932022500146,1.0075603654399798,-4.265611196574594,1.7308637872541304,4.36561119657459,-2.715531356838345,-3.894527690974727,-4.5562818809970125,1.87452769097473,1.7579236106550034,5.2576082640248565,2.986567695881694,2.082391735975144,0.95205745515482,-4.181903898849809,0.16608127893139932,0.021903898849801373,-5.627825246823907,4.457770876399961,-2.7049312442111524,3.7422291236000347,0.378611891110588,-0.10806504495004392,2.2700066662675957,-1.0919349550499555,-5.79957496158991,-2.550820393249933,5.97232561521559,-1.2091796067500615,0.7995791054296306,-4.7210140618252,5.873730622679958,-9.058985938174803,-2.7837544022761334,0.8134752415750092,-2.546402134027605,1.1265247584249873,1.738342938496217,-1.514001466274872,-4.94861484611991,1.214001466274874,0.09597450058036867,-0.4630805730501225,-2.1602380741691563,-3.056919426949867,-2.544282111502161,1.1213776741499428,-3.3376192941615788,-0.04137767414994417,1.8276480643823008
396,1188000,3000,1f0e85f7880ac58df2a6e7395d69f07ce19855753c50ad63caae61402fdb72bf,02ab3bde54edca86c5396450ee77a83dc007b6701e0b1dc4c69b1cbb7e9c2346,-3.8097442190244344,-5.203118456883816,8.309744219024429,-6.212371392925169,3.0644582472000668,1.9584257194232637,4.495541752799938,3.891602330853121,0.5536378539501281,-2.0288418048922656,3.3263621460498745,3.79312548312358,-1.9109208932247526,-2.4479252862980623,3.4109208932247417,-2.248924585819305,-6.870394668524906,1.5137108054003223,-4.5896053314751075,-2.5343006131108967,-1.0333126291998995,0.26255624894159907,1.1133126291998976,-2.466386874791086,2.859937887599696,2.541852781858755,-3.579937887599699,-5.473845488809205,3.8580339887499004,6.77576244107237,1.6219660112501102,5.028821267668293,-1.1930495168499704,3.0171308052914143,-0.5669504831500317,-4.286364625619427,2.3515092303249068,-5.194019752546121,0.4284907696750918,1.258633707700813,-3.095541752799935,3.71299207908096,-1.664458247200069,-3.5408600396912098,1.9994116628998428,2.137418295819163,-1.3994116628998419,-3.8837408549873023,-4.282167011199738,-7.915601869842811,1.4421670111997342,1.1537967923949528,4.0503946685248815,-8.885620444060823,1.7696053314751174,4.339556351067278
397,1191000,3000,ad8639a8b0a42c8300b03c88c3491a6c199e2bad8d4e099ac70bf54c21c73076,35ce96b50d6ce9e67bde90e4e20a49aadf51a78610f6be897a8fb62bcbf8414b,2.939373275325333,-3.384760259151079,9.960626724674666,-5.666868446335386,-6.549968943799853,5.418151416212188,-3.330031056200149,5.6092455135247805,-7.662956348249521,0.043592551680322625,2.6229563482495184,0.18466101223052023,-0.12573542137520546,1.2059424516827952,-4.374264578624798,-2.461646360310367,0.7690169943749433,-4.9419454714256235,-0.34901699437494765,4.253372186566296,-3.1663000336495637,2.0175500605233627,6.046300033649555,0.5634640656529712,-4.2145276909747285,-0.7922180989936406,1.5545276909747308,3.6636580740602556,-2.716331089849717,1.3200692336382216,3.2763310898497173,-2.3911121300352782,3.1617412864746863,0.7930278755414364,-3.501741286474687,-2.5591222691802376,6.540301499924438,-3.4206824972774474,-5.40030149992444,-5.26848472075413,1.1275772078247,-2.8394484748731523,-5.267577207824698,-2.80633789101393,2.621540286525063,1.1520590944932474,3.91845971347494,-1.8640707719385068,-1.4417412864746881,7.071502291378966,5.221741286474685,-4.041269026311176,-1.678134488724705,1.6188570278241512,4.538134488724714,-2.3641704514404953
398,1194000,3000,a8521d31838cb28f07ea307bb137520733474df92e0fb544a0401600760ad532,ff6b319eff6724bca8a3ef66991886da224b38ee02e7a11e423221f8f3035cb9,-4.8315092303249045,-1.358111494290019,-2.9084907696750952,2.3676007199435802,-1.4660990336999418,7.631035619099028,-0.2139009663000628,-4.010897079213326,4.193738353924941,-4.3603291243976,2.9862616460750613,-2.6422584898018737,-2.2429179606750056,-1.743583922406765,-2.377082039325002,0.18416054280068545,5.214001466274871,4.678388283624347,2.4859985337251302,1.7873676363989484,0.4975077640500404,0.7582247210808495,1.3024922359499642,1.8355095402481205,6.338033988749909,-0.8754724644213744,4.101966011250104,1.2464140419780099,1.7880029325497435,0.06398300038691217,-3.668002932549746,3.299076564079936,-0.9674145954495864,-3.1553876115744734,7.887414595449593,-1.5295519019380688,-3.602917960675004,5.708841444920097,-3.7370820393249935,-5.409170856680588,-1.6387228258248616,5.637806745215162,1.178722825824864,-3.5078676006380904,-1.9595121628746583,2.554072447581562,5.419512162874665,-1.155298200684459,3.296981539350179,0.4470260988602432,7.1430184606497935,2.1689093265827775,5.681640786499868,-3.111176445658213,2.9983592135001302,4.438533668226649
399,1197000,3000,6b5cde2846b9df8fd5fbb7d06c3099d82c04664190dbed57c0a4a21aa06ffba2,93fdd2af9974e1858a7a370c05bdc2bb13db8a3741c6b26e3792f8458956d422,11.649318494299347,0.588094559410438,-1.4093184942993895,1.9406557626719467,11.306075308874147,-1.461638163618246,-6.806075308874149,4.4065421680332015,2.9492801067248773,0.4352338850615165,0.3107198932751256,8.312675349446426,3.19039466852489,-0.041663691466746644,0.9096053314751128,4.916122876496618,-2.1641330224498434,-7.559191142846283,1.32413302244984,3.214129628050834,2.1512461179749813,6.070920607751233,1.7487538820250208,4.382912613135389,3.606362146049869,-2.771107284629263,0.8336378539501393,8.907129976433195,3.130557280900007,0.2052426232489722,3.3094427190999887,-1.6080657528850872,5.4373451516749185,-0.6269465966100551,3.782654848325075,-3.0687029776436656,2.1019038988498018,0.24016392251566734,-2.101903898849803,1.5679034697078467,-1.800325224750236,-6.8855310331708095,-6.719674775249763,3.315035805423785,2.64147817412476,-2.5617427611355157,-2.5014781741247574,0.5722534628726955,3.8441330224498462,7.1154041501772465,0.35586697755016283,-0.9648957351135581,2.5423296235748487,2.58475370179737,-0.7223296235748475,1.176880750562585
