n,modulus,batch,k,counter_first,counter_last_exclusive,samples,sum_q,sum_q2,sum_I01,sum_I12,sum_I02,sum_Re_J_S4,sum_Im_J_S4,sum_Re_J_D4,sum_Im_J_D4,sum_q_Re_J_S4,sum_q_Im_J_S4,sum_q_Re_J_D4,sum_q_Im_J_D4,sum_birth_mass,priority_field_digest
50,2i,0,0,9500000000,9500200000,200000,-200000,200000,0,0,0,0,0,0,0,0,0,0,0,0,61533230fcaf3994
50,2i,0,1,9500000000,9500200000,200000,-200000,200000,0,0,0,0,0,0,0,0,0,0,0,0,61533230fcaf3994
50,2i,0,2,9500000000,9500200000,200000,-200000,200000,0,0,0,0,0,0,0,0,0,0,0,0,61533230fcaf3994
50,2i,0,3,9500000000,9500200000,200000,-200000,200000,0,0,0,0,0,0,0,0,0,0,0,0,61533230fcaf3994
50,2i,0,4,9500000000,9500200000,200000,-200000,200000,0,0,0,0,0,0,0,0,0,0,0,0,61533230fcaf3994
50,2i,0,5,9500000000,9500200000,200000,-200000,200000,0,0,0,0,0,0,0,0,0,0,0,0,61533230fcaf3994
50,2i,0,6,9500000000,9500200000,200000,-200000,200000,44,0,0,-37.1008,23.6544,37.1008,-23.6544,37.1008,-23.6544,-37.1008,23.6544,44,61533230fcaf3994
50,2i,0,7,9500000000,9500200000,200000,-199999,199999,50,0,0,-42.16,26.88,42.16,-26.88,36.2576,-23.1168,-36.2576,23.1168,50,61533230fcaf3994
50,2i,0,8,9500000000,9500200000,200000,-199998,199998,764,0,0,-644.2048,410.7264,644.2048,-410.7264,637.4592,-406.4256,-637.4592,406.4256,764,61533230fcaf3994
50,2i,0,9,9500000000,9500200000,200000,-199980,199980,1269,0,0,-1070.0208,682.2144,1070.0208,-682.2144,933.4224,-595.1232,-933.4224,595.1232,1269,61533230fcaf3994
50,2i,0,10,9500000000,9500200000,200000,-199953,199953,3030,0,0,-2554.896,1628.928,2554.896,-1628.928,2327.232,-1483.776,-2327.232,1483.776,3030,61533230fcaf3994
50,2i,0,11,9500000000,9500200000,200000,-199884,199884,8637,0,0,-7282.7184,4643.2512,7282.7184,-4643.2512,6642.7296,-4235.2128,-6642.7296,4235.2128,8637,61533230fcaf3994
50,2i,0,12,9500000000,9500200000,200000,-199682,199682,15876,0,0,-13386.6432,8534.9376,13386.6432,-8534.9376,11342.7264,-7231.7952,-11342.7264,7231.7952,15876,61533230fcaf3994
50,2i,0,13,9500000000,9500200000,200000,-199328,199328,24693,0,0,-20821.1376,13274.9568,20821.1376,-13274.9568,16940.7312,-10800.9216,-16940.7312,10800.9216,24693,61533230fcaf3994
50,2i,0,14,9500000000,9500200000,200000,-198785,198785,40902,0,0,-34488.5664,21988.9152,34488.5664,-21988.9152,28078.56,-17902.08,-28078.56,17902.08,40902,61533230fcaf3994
50,2i,0,15,9500000000,9500200000,200000,-197860,197860,65885,0,0,-55554.232,35419.776,55554.232,-35419.776,43854.832,-27960.576,-43854.832,27960.576,65885,61533230fcaf3994
50,2i,0,16,9500000000,9500200000,200000,-196374,196374,97318,0,0,-82020.24,52216.32,82020.24,-52216.32,61972.3168,-39434.3424,-61972.3168,39434.3424,97318,61533230fcaf3994
50,2i,0,17,9500000000,9500200000,200000,-194211,194211,138378,0,0,-116624.0096,74242.2528,116624.0096,-74242.2528,85637.8512,-54525.0816,-85637.8512,54525.0816,138378,61533230fcaf3994
50,2i,0,18,9500000000,9500200000,200000,-191132,191132,196414,32,0,-165520.886912,105563.222016,165466.922112,-105528.815616,118782.349312,-75805.065216,-118782.349312,75805.065216,196446,61533230fcaf3994
50,2i,0,19,9500000000,9500200000,200000,-186725,186727,268443,50,0,-225849.818688,144250.358784,225765.498688,-144196.598784,155264.617984,-99204.006912,-155296.659584,99224.435712,268493,61533230fcaf3994
50,2i,0,20,9500000000,9500200000,200000,-180765,180769,348560,350,30,-292842.1216,187185.8688,292302.4736,-186841.8048,192374.37632,-122993.90976,-192408.10432,123015.41376,348910,61533230fcaf3994
50,2i,0,21,9500000000,9500200000,200000,-173108,173134,440590,1072,50,-368516.601856,235458.782208,367255.764736,-234324.738048,233035.243072,-148675.600896,-233389.387072,148901.392896,441662,61533230fcaf3994
50,2i,0,22,9500000000,9500200000,200000,-163423,163507,551932,3718,218,-458680.935808,293343.442944,454248.812416,-290139.660288,279201.268736,-178523.010048,-279889.104896,179212.028928,555650,61533230fcaf3994
50,2i,0,23,9500000000,9500200000,200000,-151188,151492,670078,9307,1052,-553068.06112,354149.27616,541936.011328,-346824.098304,316337.800512,-202526.946816,-319413.465024,204592.645632,679385,61533230fcaf3994
50,2i,0,24,9500000000,9500200000,200000,-136448,137254,789424,22924,1884,-648958.535168,415699.559424,620511.841792,-396743.033856,348598.454784,-222941.709312,-355759.686144,227616.801792,812348,61533230fcaf3994
50,2i,0,25,9500000000,9500200000,200000,-118810,120916,897125,55725,3475,-741882.325491124260355,474873.920378698224852,670857.583091124260355,-429249.037178698224852,357502.837491124260355,-228580.736378698224852,-377969.627891124260355,242312.883578698224852,952850,61533230fcaf3994
50,2i,0,26,9500000000,9500200000,200000,-98334,103598,985098,119246,6962,-833720.57239024852071,534175.904501396449704,681171.651767289940828,-434552.111134295857988,348710.29504,-222915.10272,-401290.56512,256083.54816,1104344,61533230fcaf3994
50,2i,0,27,9500000000,9500200000,200000,-74502,86282,1031598,218353,11343,-918567.395690414201183,588872.91688899408284,633874.521621585798817,-403150.77232700591716,298113.108885585798817,-189193.97027900591716,-410577.840746414201183,263956.23669699408284,1249951,61533230fcaf3994
50,2i,0,28,9500000000,9500200000,200000,-48133,71251,992276,367842,15714,-973627.137152,624158.478336,484009.323648,-306381.656064,192606.60928,-121898.71104,-402275.651968,256980.301824,1360118,61533230fcaf3994
50,2i,0,29,9500000000,9500200000,200000,-19870,61998,866143,560741,19662,-1002293.2576,641399.1168,239256.211968,-149218.381824,44181.55456,-25180.27008,-413204.934272,266005.802496,1426884,61533230fcaf3994
50,2i,0,30,9500000000,9500200000,200000,9047,60233,685470,760500,21770,-1014427.75104,645358.11072,-47917.06176,31301.95968,-124887.62304,80501.40672,-437989.04256,278577.45408,1445970,61533230fcaf3994
50,2i,0,31,9500000000,9500200000,200000,37970,66632,488202,928764,19957,-1005042.609024,639218.437632,-330634.20544,211851.40992,-292537.212416,185950.860288,-481638.415744,306300.014592,1416966,61533230fcaf3994
50,2i,0,32,9500000000,9500200000,200000,65357,79379,307428,1029720,15348,-975132.7296,621755.2128,-557335.185152,356153.742336,-423187.450624,270709.266432,-522498.757888,333617.424384,1337148,61533230fcaf3994
50,2i,0,33,9500000000,9500200000,200000,90955,96845,166444,1063731,10647,-926882.419904,589276.457472,-700567.319104,446548.803072,-515761.045312,328752.393216,-560005.416128,356148.424704,1230175,61533230fcaf3994
50,2i,0,34,9500000000,9500200000,200000,113628,115722,76484,1010270,5722,-848292.272256,538874.769408,-743564.219776,473874.720768,-543563.622144,345820.449792,-559802.932992,356028.435456,1086754,61533230fcaf3994
50,2i,0,35,9500000000,9500200000,200000,133370,133970,29490,909085,2330,-755252.8336,480326.2848,-715286.86624,454993.14432,-532064.63104,338545.95072,-536507.10592,341549.12256,938575,61533230fcaf3994
50,2i,0,36,9500000000,9500200000,200000,149877,150031,8938,780040,804,-649655.993216,413008.754688,-637724.60608,405119.29344,-481726.831744,305928.302592,-482996.279168,306610.151424,788978,61533230fcaf3994
50,2i,0,37,9500000000,9500200000,200000,163786,163810,2561,654487,235,-547557.223296,348562.480128,-543990.386304,346684.572672,-426262.889536,271634.024448,-426474.758336,271709.902848,657048,61533230fcaf3994
50,2i,0,38,9500000000,9500200000,200000,174741,174741,456,514954,38,-432754.274944,275237.640192,-432134.966144,275015.841792,-349029.944064,222012.260352,-349029.944064,222012.260352,515410,61533230fcaf3994
50,2i,0,39,9500000000,9500200000,200000,183001,183001,0,391737,0,-329764.339648,210038.744064,-329764.339648,210038.744064,-271097.69856,172622.06208,-271097.69856,172622.06208,391737,61533230fcaf3994
50,2i,0,40,9500000000,9500200000,200000,189328,189328,0,296340,0,-249810.07232,159317.23776,-249810.07232,159317.23776,-213333.24032,136060.66176,-213333.24032,136060.66176,296340,61533230fcaf3994
50,2i,0,41,9500000000,9500200000,200000,193654,193654,0,203583,0,-171661.1856,109446.2208,-171661.1856,109446.2208,-149555.0112,95351.9616,-149555.0112,95351.9616,203583,61533230fcaf3994
50,2i,0,42,9500000000,9500200000,200000,196567,196567,0,136514,0,-115108.6048,73389.9264,-115108.6048,73389.9264,-103162.1472,65773.2096,-103162.1472,65773.2096,136514,61533230fcaf3994
50,2i,0,43,9500000000,9500200000,200000,198338,198338,0,83041,0,-70020.1712,44642.8416,-70020.1712,44642.8416,-64212.2096,40939.8528,-64212.2096,40939.8528,83041,61533230fcaf3994
50,2i,0,44,9500000000,9500200000,200000,199322,199322,0,46098,0,-38869.8336,24782.2848,-38869.8336,24782.2848,-36507.1872,23275.9296,-36507.1872,23275.9296,46098,61533230fcaf3994
50,2i,0,45,9500000000,9500200000,200000,199789,199789,0,21880,0,-18449.216,11762.688,-18449.216,11762.688,-17719.848,11297.664,-17719.848,11297.664,21880,61533230fcaf3994
50,2i,0,46,9500000000,9500200000,200000,199962,199962,0,8110,0,-6838.352,4359.936,-6838.352,4359.936,-6710.1856,4278.2208,-6710.1856,4278.2208,8110,61533230fcaf3994
50,2i,0,47,9500000000,9500200000,200000,200000,200000,0,1786,0,-1505.9552,960.1536,-1505.9552,960.1536,-1505.9552,960.1536,-1505.9552,960.1536,1786,61533230fcaf3994
50,2i,0,48,9500000000,9500200000,200000,200000,200000,0,0,0,0,0,0,0,0,0,0,0,0,61533230fcaf3994
50,2i,0,49,9500000000,9500200000,200000,200000,200000,0,0,0,0,0,0,0,0,0,0,0,0,61533230fcaf3994
50,2i,0,50,9500000000,9500200000,200000,200000,200000,0,0,0,0,0,0,0,0,0,0,0,0,61533230fcaf3994
50,2i,1,0,9500200000,9500400000,200000,-200000,200000,0,0,0,0,0,0,0,0,0,0,0,0,63f61c762e257e95
50,2i,1,1,9500200000,9500400000,200000,-200000,200000,0,0,0,0,0,0,0,0,0,0,0,0,63f61c762e257e95
50,2i,1,2,9500200000,9500400000,200000,-200000,200000,0,0,0,0,0,0,0,0,0,0,0,0,63f61c762e257e95
50,2i,1,3,9500200000,9500400000,200000,-200000,200000,0,0,0,0,0,0,0,0,0,0,0,0,63f61c762e257e95
50,2i,1,4,9500200000,9500400000,200000,-200000,200000,0,0,0,0,0,0,0,0,0,0,0,0,63f61c762e257e95
50,2i,1,5,9500200000,9500400000,200000,-200000,200000,0,0,0,0,0,0,0,0,0,0,0,0,63f61c762e257e95
50,2i,1,6,9500200000,9500400000,200000,-200000,200000,0,0,0,0,0,0,0,0,0,0,0,0,63f61c762e257e95
50,2i,1,7,9500200000,9500400000,200000,-200000,200000,43,0,0,-36.2576,23.1168,36.2576,-23.1168,36.2576,-23.1168,-36.2576,23.1168,43,63f61c762e257e95
50,2i,1,8,9500200000,9500400000,200000,-199999,199999,554,0,0,-467.1328,297.8304,467.1328,-297.8304,460.3872,-293.5296,-460.3872,293.5296,554,63f61c762e257e95
50,2i,1,9,9500200000,9500400000,200000,-199986,199986,1552,0,0,-1308.6464,834.3552,1308.6464,-834.3552,1209.992,-771.456,-1209.992,771.456,1552,63f61c762e257e95
50,2i,1,10,9500200000,9500400000,200000,-199951,199951,3670,0,0,-3094.544,1972.992,3094.544,-1972.992,2799.424,-1784.832,-2799.424,1784.832,3670,63f61c762e257e95
50,2i,1,11,9500200000,9500400000,200000,-199868,199868,8089,0,0,-6820.6448,4348.6464,6820.6448,-4348.6464,6050.8032,-3857.8176,-6050.8032,3857.8176,8089,63f61c762e257e95
50,2i,1,12,9500200000,9500400000,200000,-199684,199684,14254,0,0,-12018.9728,7662.9504,12018.9728,-7662.9504,10157.1872,-6475.9296,-10157.1872,6475.9296,14254,63f61c762e257e95
50,2i,1,13,9500200000,9500400000,200000,-199367,199367,25544,0,0,-21538.7008,13732.4544,21538.7008,-13732.4544,18063.8736,-11517.0048,-18063.8736,11517.0048,25544,63f61c762e257e95
50,2i,1,14,9500200000,9500400000,200000,-198788,198788,42846,0,0,-36127.7472,23034.0096,36127.7472,-23034.0096,29292.768,-18676.224,-29292.768,18676.224,42846,63f61c762e257e95
50,2i,1,15,9500200000,9500400000,200000,-197823,197823,66660,0,0,-56207.712,35836.416,56207.712,-35836.416,44002.392,-28054.656,-44002.392,28054.656,66660,63f61c762e257e95
50,2i,1,16,9500200000,9500400000,200000,-196332,196332,96888,0,0,-81695.9616,52086.9888,81695.9616,-52086.9888,61580.5824,-39262.0032,-61580.5824,39262.0032,96888,63f61c762e257e95
50,2i,1,17,9500200000,9500400000,200000,-194184,194184,135648,0,0,-114359.808,72874.944,114359.808,-72874.944,83569.5168,-53243.9424,-83569.5168,53243.9424,135648,63f61c762e257e95
50,2i,1,18,9500200000,9500400000,200000,-191180,191180,193208,0,0,-162800.742912,103849.430016,162800.742912,-103849.430016,117217.370112,-74807.279616,-117217.370112,74807.279616,193208,63f61c762e257e95
50,2i,1,19,9500200000,9500400000,200000,-186832,186832,265109,62,0,-223016.611136,142408.693248,223010.96864,-142334.50752,153415.976384,-97954.778112,-153415.976384,97954.778112,265171,63f61c762e257e95
50,2i,1,20,9500200000,9500400000,200000,-180943,180947,341570,250,30,-286482.71872,182903.59296,286175.5264,-182662.1952,187349.25312,-119562.33216,-187352.89344,119610.19392,341820,63f61c762e257e95
50,2i,1,21,9500200000,9500400000,200000,-173475,173493,443433,843,108,-370591.093632,236703.998976,369601.986304,-236073.372672,238844.545472,-152610.564096,-239057.031872,152746.039296,444276,63f61c762e257e95
50,2i,1,22,9500200000,9500400000,200000,-163563,163629,551464,2824,262,-458037.653504,293365.942272,454716.406016,-290929.625088,274809.437312,-176135.049216,-275398.598016,176510.681088,554288,63f61c762e257e95
50,2i,1,23,9500200000,9500400000,200000,-151555,151785,666419,9176,836,-550950.477376,353297.837568,539765.442624,-345904.722432,318257.552704,-203918.287872,-320501.766848,205610.993664,675595,63f61c762e257e95
50,2i,1,24,9500200000,9500400000,200000,-136762,137532,792944,22184,1874,-652968.203776,419929.632768,625780.870912,-401826.134016,351507.808384,-226331.354112,-359455.20448,231398.38464,815128,63f61c762e257e95
50,2i,1,25,9500200000,9500400000,200000,-119066,121044,907075,53825,3550,-751515.616,481677.888,682816.8544,-435600.4992,366107.1248,-232309.2864,-384607.064,244844.352,960900,63f61c762e257e95
50,2i,1,26,9500200000,9500400000,200000,-98326,103402,992142,116978,6474,-842797.241344,536525.755392,689540.740096,-435958.422528,349694.224896,-220680.188928,-401901.000192,255564.205056,1109120,63f61c762e257e95
50,2i,1,27,9500200000,9500400000,200000,-74581,86049,1022275,216127,10957,-912417.515776,580594.848768,626744.152064,-397986.404352,289968.04896,-184456.28928,-403648.990656,258350.020608,1238402,63f61c762e257e95
50,2i,1,28,9500200000,9500400000,200000,-48612,71370,985576,366906,16452,-966946.373248,617150.628864,475515.26336,-307781.26848,194338.102528,-126757.499904,-403720.181504,259105.846272,1352482,63f61c762e257e95
50,2i,1,29,9500200000,9500400000,200000,-20187,61931,870622,561086,20141,-1004823.833344,642926.011392,240242.977664,-157332.145152,42462.6752,-29137.1136,-414254.579584,262482.995712,1431708,63f61c762e257e95
50,2i,1,30,9500200000,9500400000,200000,8736,60226,683300,758870,20790,-1009223.7344,645148.3392,-50273.25632,32997.74976,-127314.90816,82401.91488,-433812.16512,277952.34816,1442170,63f61c762e257e95
50,2i,1,31,9500200000,9500400000,200000,37460,66562,487291,929681,20090,-1001150.086912,639548.822016,-336825.539456,215004.139008,-291609.786432,185567.909376,-480863.5856,307009.4208,1416972,63f61c762e257e95
50,2i,1,32,9500200000,9500400000,200000,65172,79508,310974,1033262,16168,-974407.930368,625653.633024,-554463.519488,355982.813184,-425611.839616,272252.709888,-526813.009792,337390.457856,1344236,63f61c762e257e95
50,2i,1,33,9500200000,9500400000,200000,90586,96620,170099,1057268,9836,-920241.587648,591939.608064,-689905.889856,445118.366208,-506009.274176,327292.819968,-550809.493312,354694.857216,1227367,63f61c762e257e95
50,2i,1,34,9500200000,9500400000,200000,113451,115589,78008,1016426,5472,-851709.370752,543983.963136,-745430.878592,478874.336256,-544989.683072,349917.520896,-561667.73696,360223.07328,1094434,63f61c762e257e95
50,2i,1,35,9500200000,9500400000,200000,133265,133931,29600,915860,2230,-761034.4192,484359.7056,-719546.82496,458489.05728,-533963.41888,340371.36384,-538967.77024,343698.61632,945460,63f61c762e257e95
50,2i,1,36,9500200000,9500400000,200000,150063,150217,10126,786556,984,-654967.7984,416208.6912,-641611.697536,407460.968448,-488507.237248,310153.380864,-489852.894848,310915.697664,796682,63f61c762e257e95
50,2i,1,37,9500200000,9500400000,200000,163774,163798,2561,646888,261,-541391.13696,344714.27328,-537637.44736,342573.78048,-420405.50496,267659.29728,-420602.81376,267785.09568,649449,63f61c762e257e95
50,2i,1,38,9500200000,9500400000,200000,174708,174708,456,515800,114,-433022.478592,276103.136256,-432445.729792,275735.417856,-347875.7728,221925.3504,-347875.7728,221925.3504,516256,63f61c762e257e95
50,2i,1,39,9500200000,9500400000,200000,183105,183105,0,396794,0,-334215.062912,212743.190016,-334215.062912,212743.190016,-275789.577024,175480.261632,-275789.577024,175480.261632,396794,63f61c762e257e95
50,2i,1,40,9500200000,9500400000,200000,189406,189406,0,294880,0,-248579.00032,158532.34176,-248579.00032,158532.34176,-212456.31232,135501.55776,-212456.31232,135501.55776,294880,63f61c762e257e95
50,2i,1,41,9500200000,9500400000,200000,193690,193690,0,201537,0,-169935.9984,108346.2912,-169935.9984,108346.2912,-148103.0208,94426.2144,-148103.0208,94426.2144,201537,63f61c762e257e95
50,2i,1,42,9500200000,9500400000,200000,196567,196567,0,135090,0,-113907.888,72624.384,-113907.888,72624.384,-101887.2288,64960.3584,-101887.2288,64960.3584,135090,63f61c762e257e95
50,2i,1,43,9500200000,9500400000,200000,198349,198349,0,83500,0,-70407.2,44889.6,-70407.2,44889.6,-64611.0432,41194.1376,-64611.0432,41194.1376,83500,63f61c762e257e95
50,2i,1,44,9500200000,9500400000,200000,199331,199331,0,45944,0,-38739.9808,24699.4944,-38739.9808,24699.4944,-36432.9856,23228.6208,-36432.9856,23228.6208,45944,63f61c762e257e95
50,2i,1,45,9500200000,9500400000,200000,199787,199787,0,21340,0,-17993.888,11472.384,-17993.888,11472.384,-17302.464,11031.552,-17302.464,11031.552,21340,63f61c762e257e95
50,2i,1,46,9500200000,9500400000,200000,199951,199951,0,7740,0,-6526.368,4161.024,-6526.368,4161.024,-6361.1008,4055.6544,-6361.1008,4055.6544,7740,63f61c762e257e95
50,2i,1,47,9500200000,9500400000,200000,200000,200000,0,2303,0,-1941.8896,1238.0928,-1941.8896,1238.0928,-1941.8896,1238.0928,-1941.8896,1238.0928,2303,63f61c762e257e95
50,2i,1,48,9500200000,9500400000,200000,200000,200000,0,0,0,0,0,0,0,0,0,0,0,0,63f61c762e257e95
50,2i,1,49,9500200000,9500400000,200000,200000,200000,0,0,0,0,0,0,0,0,0,0,0,0,63f61c762e257e95
50,2i,1,50,9500200000,9500400000,200000,200000,200000,0,0,0,0,0,0,0,0,0,0,0,0,63f61c762e257e95
50,2i,2,0,9500400000,9500600000,200000,-200000,200000,0,0,0,0,0,0,0,0,0,0,0,0,e064ca5b87f11ed
50,2i,2,1,9500400000,9500600000,200000,-200000,200000,0,0,0,0,0,0,0,0,0,0,0,0,e064ca5b87f11ed
50,2i,2,2,9500400000,9500600000,200000,-200000,200000,0,0,0,0,0,0,0,0,0,0,0,0,e064ca5b87f11ed
50,2i,2,3,9500400000,9500600000,200000,-200000,200000,0,0,0,0,0,0,0,0,0,0,0,0,e064ca5b87f11ed
50,2i,2,4,9500400000,9500600000,200000,-200000,200000,0,0,0,0,0,0,0,0,0,0,0,0,e064ca5b87f11ed
50,2i,2,5,9500400000,9500600000,200000,-200000,200000,0,0,0,0,0,0,0,0,0,0,0,0,e064ca5b87f11ed
50,2i,2,6,9500400000,9500600000,200000,-200000,200000,0,0,0,0,0,0,0,0,0,0,0,0,e064ca5b87f11ed
50,2i,2,7,9500400000,9500600000,200000,-200000,200000,129,0,0,-108.7728,69.3504,108.7728,-69.3504,108.7728,-69.3504,-108.7728,69.3504,129,e064ca5b87f11ed
50,2i,2,8,9500400000,9500600000,200000,-199997,199997,486,0,0,-409.7952,261.2736,409.7952,-261.2736,389.5584,-248.3712,-389.5584,248.3712,486,e064ca5b87f11ed
50,2i,2,9,9500400000,9500600000,200000,-199986,199986,1657,0,0,-1397.1824,890.8032,1397.1824,-890.8032,1313.7056,-837.5808,-1313.7056,837.5808,1657,e064ca5b87f11ed
50,2i,2,10,9500400000,9500600000,200000,-199948,199948,3780,0,0,-3187.296,2032.128,3187.296,-2032.128,2866.88,-1827.84,-2866.88,1827.84,3780,e064ca5b87f11ed
50,2i,2,11,9500400000,9500600000,200000,-199863,199863,6785,0,0,-5721.112,3647.616,5721.112,-3647.616,4932.72,-3144.96,-4932.72,3144.96,6785,e064ca5b87f11ed
50,2i,2,12,9500400000,9500600000,200000,-199713,199713,13998,0,0,-11803.1136,7525.3248,11803.1136,-7525.3248,10285.3536,-6557.6448,-10285.3536,6557.6448,13998,e064ca5b87f11ed
50,2i,2,13,9500400000,9500600000,200000,-199392,199392,27002,0,0,-22768.0864,14516.2752,22768.0864,-14516.2752,19249.4128,-12272.8704,-19249.4128,12272.8704,27002,e064ca5b87f11ed
50,2i,2,14,9500400000,9500600000,200000,-198775,198775,42478,0,0,-35817.4496,22836.1728,35817.4496,-22836.1728,28533.888,-18192.384,-28533.888,18192.384,42478,e064ca5b87f11ed
50,2i,2,15,9500400000,9500600000,200000,-197835,197835,66845,0,0,-56363.704,35935.872,56363.704,-35935.872,44474.584,-28355.712,-44474.584,28355.712,66845,e064ca5b87f11ed
50,2i,2,16,9500400000,9500600000,200000,-196328,196328,99082,0,0,-83545.9424,53266.4832,83545.9424,-53266.4832,63214.704,-40303.872,-63214.704,40303.872,99082,e064ca5b87f11ed
50,2i,2,17,9500400000,9500600000,200000,-194123,194123,140841,0,0,-118685.897664,75670.705152,118685.897664,-75670.705152,87078.545664,-55518.769152,-87078.545664,55518.769152,140841,e064ca5b87f11ed
50,2i,2,18,9500400000,9500600000,200000,-190991,190991,192376,0,0,-161947.341312,103216.521216,161947.341312,-103216.521216,114449.952768,-72933.556224,-114449.952768,72933.556224,192376,e064ca5b87f11ed
50,2i,2,19,9500400000,9500600000,200000,-186741,186741,259062,62,0,-217972.656896,138845.564928,217868.100096,-138778.902528,149965.71904,-95507.93472,-149965.71904,95507.93472,259124,e064ca5b87f11ed
50,2i,2,20,9500400000,9500600000,200000,-180987,180991,343040,280,30,-287641.47328,183733.46304,287315.5968,-183457.3824,190692.73024,-121955.89632,-190760.18624,121998.90432,343320,e064ca5b87f11ed
50,2i,2,21,9500400000,9500600000,200000,-173379,173399,441248,545,50,-368329.776832,235717.656576,367594.680896,-235267.196928,234363.260928,-150026.671104,-234544.155264,150189.821952,441793,e064ca5b87f11ed
50,2i,2,22,9500400000,9500600000,200000,-163654,163700,550896,2806,330,-456891.637632,292484.990976,453313.758592,-290190.176256,277031.049984,-177353.382912,-277451.478784,177571.341312,553702,e064ca5b87f11ed
50,2i,2,23,9500400000,9500600000,200000,-151520,151746,667837,9252,766,-549998.706752,352894.811136,538347.702336,-345414.094848,315142.49888,-202528.80384,-317736.11872,204234.79296,677089,e064ca5b87f11ed
50,2i,2,24,9500400000,9500600000,200000,-136779,137537,796862,24376,1834,-655485.772928,420669.487104,625701.73632,-400614.38976,355288.864768,-227291.572224,-363339.87328,232424.66304,821238,e064ca5b87f11ed
50,2i,2,25,9500400000,9500600000,200000,-118800,120942,910550,56200,3600,-754939.4656,483149.2608,683337.712,-435676.416,363195.432,-231221.376,-384092.5744,245569.4592,966750,e064ca5b87f11ed
50,2i,2,26,9500400000,9500600000,200000,-98109,103363,986438,119728,6566,-836925.465216,536404.850688,682549.51616,-434363.25888,344781.329536,-220227.944448,-397514.125184,254677.696512,1106166,e064ca5b87f11ed
50,2i,2,27,9500400000,9500600000,200000,-74434,86294,1018416,223708,10958,-910193.164416,582907.596288,616588.55488,-391216.61184,288675.392576,-181907.271168,-403023.94016,257948.09088,1242124,e064ca5b87f11ed
50,2i,2,28,9500400000,9500600000,200000,-48221,71779,987136,369648,15640,-967948.29952,620143.88736,476080.755968,-302631.373824,191867.76576,-123253.83168,-410092.536832,264045.336576,1356784,e064ca5b87f11ed
50,2i,2,29,9500400000,9500600000,200000,-19911,62185,871832,557549,19770,-1001123.413184,642897.280512,247078.824768,-158068.852224,46999.092224,-28742.495232,-407710.019584,261692.915712,1429381,e064ca5b87f11ed
50,2i,2,30,9500400000,9500600000,200000,9060,60468,687080,757930,21320,-1010362.06912,646249.82016,-45375.03552,31297.93536,-123251.32096,79890.78528,-438653.90912,279934.94016,1445010,e064ca5b87f11ed
50,2i,2,31,9500400000,9500600000,200000,37854,66586,491831,930408,19631,-1006710.812352,643023.591936,-327863.800768,212223.220224,-287733.202816,185868.607488,-477706.202752,306600.539136,1422239,e064ca5b87f11ed
50,2i,2,32,9500400000,9500600000,200000,65729,79687,310256,1041086,15692,-980539.381376,624947.309568,-560519.775872,358056.631296,-429239.21408,273720.63744,-529304.293376,337273.325568,1351342,e064ca5b87f11ed
50,2i,2,33,9500400000,9500600000,200000,91248,96998,166287,1057541,9919,-920385.937408,586085.151744,-697295.828736,443913.090048,-514153.947328,328179.746304,-553791.410624,353838.546432,1223828,e064ca5b87f11ed
50,2i,2,34,9500400000,9500600000,200000,113701,115821,73438,1005724,5554,-841337.620864,534411.082752,-745642.40576,472369.35168,-541526.263936,342617.883648,-557946.552448,353342.014464,1079162,e064ca5b87f11ed
50,2i,2,35,9500400000,9500600000,200000,133436,134090,29465,912135,2200,-756168.81856,482578.22208,-714913.18528,455921.87904,-530542.88512,338361.30816,-535879.13728,341558.61504,941600,e064ca5b87f11ed
50,2i,2,36,9500400000,9500600000,200000,150161,150307,9984,783944,632,-651557.326848,415849.073664,-637593.736192,407406.253056,-485013.684992,309911.571456,-486170.270464,310680.855552,793928,e064ca5b87f11ed
50,2i,2,37,9500400000,9500600000,200000,163863,163889,2363,643932,187,-538517.1184,343182.4512,-535285.042624,341037.522432,-420083.127936,267748.635648,-420258.513536,267860.456448,646295,e064ca5b87f11ed
50,2i,2,38,9500400000,9500600000,200000,174580,174584,442,507772,126,-426435.181952,271550.324736,-425902.279552,271210.561536,-341201.410176,217194.067968,-341221.646976,217206.970368,508214,e064ca5b87f11ed
50,2i,2,39,9500400000,9500600000,200000,182994,182994,78,396675,39,-333939.530048,212942.091264,-333873.760448,212900.158464,-276110.907072,176084.752896,-276110.907072,176084.752896,396753,e064ca5b87f11ed
50,2i,2,40,9500400000,9500600000,200000,189231,189231,0,293320,0,-247132.20864,157518.82752,-247132.20864,157518.82752,-210166.32064,133950.44352,-210166.32064,133950.44352,293320,e064ca5b87f11ed
50,2i,2,41,9500400000,9500600000,200000,193615,193615,0,205619,0,-173377.9408,110540.7744,-173377.9408,110540.7744,-151560.1408,96630.3744,-151560.1408,96630.3744,205619,e064ca5b87f11ed
50,2i,2,42,9500400000,9500600000,200000,196490,196490,0,135054,0,-113877.5328,72605.0304,-113877.5328,72605.0304,-101816.4,64915.2,-101816.4,64915.2,135054,e064ca5b87f11ed
50,2i,2,43,9500400000,9500600000,200000,198278,198278,0,83737,0,-70607.0384,45017.0112,-70607.0384,45017.0112,-64828.5888,41332.8384,-64828.5888,41332.8384,83737,e064ca5b87f11ed
50,2i,2,44,9500400000,9500600000,200000,199257,199257,0,46016,0,-38800.6912,24738.2016,-38800.6912,24738.2016,-36321.6832,23157.6576,-36321.6832,23157.6576,46016,e064ca5b87f11ed
50,2i,2,45,9500400000,9500600000,200000,199747,199747,0,23100,0,-19477.92,12418.56,-19477.92,12418.56,-18592.56,11854.08,-18592.56,11854.08,23100,e064ca5b87f11ed
50,2i,2,46,9500400000,9500600000,200000,199957,199957,0,9832,0,-8290.3424,5285.6832,-8290.3424,5285.6832,-8145.312,5193.216,-8145.312,5193.216,9832,e064ca5b87f11ed
50,2i,2,47,9500400000,9500600000,200000,200000,200000,0,2021,0,-1704.1072,1086.4896,-1704.1072,1086.4896,-1704.1072,1086.4896,-1704.1072,1086.4896,2021,e064ca5b87f11ed
50,2i,2,48,9500400000,9500600000,200000,200000,200000,0,0,0,0,0,0,0,0,0,0,0,0,e064ca5b87f11ed
50,2i,2,49,9500400000,9500600000,200000,200000,200000,0,0,0,0,0,0,0,0,0,0,0,0,e064ca5b87f11ed
50,2i,2,50,9500400000,9500600000,200000,200000,200000,0,0,0,0,0,0,0,0,0,0,0,0,e064ca5b87f11ed
50,2i,3,0,9500600000,9500800000,200000,-200000,200000,0,0,0,0,0,0,0,0,0,0,0,0,479c79abc99394bd
50,2i,3,1,9500600000,9500800000,200000,-200000,200000,0,0,0,0,0,0,0,0,0,0,0,0,479c79abc99394bd
50,2i,3,2,9500600000,9500800000,200000,-200000,200000,0,0,0,0,0,0,0,0,0,0,0,0,479c79abc99394bd
50,2i,3,3,9500600000,9500800000,200000,-200000,200000,0,0,0,0,0,0,0,0,0,0,0,0,479c79abc99394bd
50,2i,3,4,9500600000,9500800000,200000,-200000,200000,0,0,0,0,0,0,0,0,0,0,0,0,479c79abc99394bd
50,2i,3,5,9500600000,9500800000,200000,-200000,200000,0,0,0,0,0,0,0,0,0,0,0,0,479c79abc99394bd
50,2i,3,6,9500600000,9500800000,200000,-200000,200000,44,0,0,-37.1008,23.6544,37.1008,-23.6544,37.1008,-23.6544,-37.1008,23.6544,44,479c79abc99394bd
50,2i,3,7,9500600000,9500800000,200000,-199999,199999,222,0,0,-187.1904,119.3472,187.1904,-119.3472,181.288,-115.584,-181.288,115.584,222,479c79abc99394bd
50,2i,3,8,9500600000,9500800000,200000,-199994,199994,586,0,0,-494.1152,315.0336,494.1152,-315.0336,460.3872,-293.5296,-460.3872,293.5296,586,479c79abc99394bd
50,2i,3,9,9500600000,9500800000,200000,-199981,199981,2003,0,0,-1688.9296,1076.8128,1688.9296,-1076.8128,1590.2752,-1013.9136,-1590.2752,1013.9136,2003,479c79abc99394bd
50,2i,3,10,9500600000,9500800000,200000,-199935,199935,4300,0,0,-3625.76,2311.68,3625.76,-2311.68,3237.888,-2064.384,-3237.888,2064.384,4300,479c79abc99394bd
50,2i,3,11,9500600000,9500800000,200000,-199839,199839,6789,0,0,-5724.4848,3649.7664,5724.4848,-3649.7664,4834.0656,-3082.0608,-4834.0656,3082.0608,6789,479c79abc99394bd
50,2i,3,12,9500600000,9500800000,200000,-199692,199692,13848,0,0,-11676.6336,7444.6848,11676.6336,-7444.6848,10189.2288,-6496.3584,-10189.2288,6496.3584,13848,479c79abc99394bd
50,2i,3,13,9500600000,9500800000,200000,-199374,199374,25520,0,0,-21518.464,13719.552,21518.464,-13719.552,18032.6752,-11497.1136,-18032.6752,11497.1136,25520,479c79abc99394bd
50,2i,3,14,9500600000,9500800000,200000,-198796,198796,42364,0,0,-35721.3248,22774.8864,35721.3248,-22774.8864,28898.1504,-18424.6272,-28898.1504,18424.6272,42364,479c79abc99394bd
50,2i,3,15,9500600000,9500800000,200000,-197844,197844,63910,0,0,-53888.912,34358.016,53888.912,-34358.016,41848.016,-26681.088,-41848.016,26681.088,63910,479c79abc99394bd
50,2i,3,16,9500600000,9500800000,200000,-196426,196426,96910,0,0,-81660.268672,52102.941696,81660.268672,-52102.941696,62529.747072,-39905.872896,-62529.747072,39905.872896,96910,479c79abc99394bd
50,2i,3,17,9500600000,9500800000,200000,-194243,194243,139543,0,0,-117582.888,75024.384,117582.888,-75024.384,86318.014464,-55071.447552,-86318.014464,55071.447552,139543,479c79abc99394bd
50,2i,3,18,9500600000,9500800000,200000,-191139,191139,192608,0,0,-162120.071168,103420.007424,162120.071168,-103420.007424,115037.517824,-73381.036032,-115037.517824,73381.036032,192608,479c79abc99394bd
50,2i,3,19,9500600000,9500800000,200000,-186866,186866,260553,62,0,-219029.88704,139739.35872,218925.33024,-139672.69632,150674.082432,-96136.037376,-150674.082432,96136.037376,260615,479c79abc99394bd
50,2i,3,20,9500600000,9500800000,200000,-181078,181082,344620,220,0,-288913.64096,184248.54528,288638.35648,-184004.72064,191533.18528,-122081.87904,-191600.64128,122124.88704,344840,479c79abc99394bd
50,2i,3,21,9500600000,9500800000,200000,-173442,173458,443125,996,174,-369491.943616,236303.781888,368265.262016,-235407.833088,234709.023552,-150313.153536,-234854.503488,150453.725184,444121,479c79abc99394bd
50,2i,3,22,9500600000,9500800000,200000,-163657,163733,551086,3208,244,-458675.795072,293085.136896,454467.513984,-290096.934912,278051.240192,-177220.525056,-278871.462144,177793.569792,554294,479c79abc99394bd
50,2i,3,23,9500600000,9500800000,200000,-151549,151807,676396,8654,551,-558239.00928,357501.91104,547658.955136,-349932.085248,322821.348032,-206915.698176,-325604.396608,208899.577344,685050,479c79abc99394bd
50,2i,3,24,9500600000,9500800000,200000,-136491,137235,797716,24188,1422,-655075.72992,420239.55456,624735.450368,-400644.993024,348251.034496,-223152.841728,-355181.706112,228118.127616,821904,479c79abc99394bd
50,2i,3,25,9500600000,9500800000,200000,-118779,120935,902825,57475,3450,-746914.5216,480509.0688,674302.992,-431595.456,361165.32,-232061.76,-383674.5584,246128.3712,960300,479c79abc99394bd
50,2i,3,26,9500600000,9500800000,200000,-98079,103421,984630,119514,6774,-834588.94848,535636.97664,680657.43616,-435021.81888,344253.264128,-218550.088704,-396359.646976,254790.970368,1104144,479c79abc99394bd
50,2i,3,27,9500600000,9500800000,200000,-74498,86348,1021341,219119,11050,-908758.49344,580390.99392,624128.605824,-396863.020032,292572.151808,-186162.130944,-407125.422464,258583.191552,1240460,479c79abc99394bd
50,2i,3,28,9500600000,9500800000,200000,-48247,71511,988216,364726,16280,-965133.56992,615812.67456,484457.980544,-305595.220992,195368.006656,-122359.108608,-402417.801216,257619.698688,1352942,479c79abc99394bd
50,2i,3,29,9500600000,9500800000,200000,-20160,62054,867242,556155,20151,-997350.789372591715976,635913.369454579881657,246154.587900591715976,-153634.197358579881657,47413.2232285917159763,-29020.7276625798816568,-408101.770940591715976,259645.684078579881657,1423397,479c79abc99394bd
50,2i,3,30,9500600000,9500800000,200000,8834,60300,691280,757860,20570,-1011131.41640331360947,644944.908088047337278,-44620.1712473372781065,30688.4542863905325444,-121046.2688,78815.0784,-436821.808,280690.944,1449140,479c79abc99394bd
50,2i,3,31,9500600000,9500800000,200000,37800,66260,495388,929143,19223,-1008398.94222125443787,641643.049696189349112,-329843.77562925443787,210029.129440189349112,-291308.18049325443787,185645.524192189349112,-480411.26132525443787,304351.852768189349112,1424531,479c79abc99394bd
50,2i,3,32,9500600000,9500800000,200000,65515,79365,304770,1037870,15590,-975109.68576,619224.39168,-560490.738688,359852.918784,-429007.45856,274845.74208,-525137.006336,334290.766848,1342640,479c79abc99394bd
50,2i,3,33,9500600000,9500800000,200000,90835,96795,162128,1058227,9726,-917776.629696,581988.515328,-698030.297024,445769.221632,-511246.882048,325494.027264,-554755.710464,352730.775552,1220355,479c79abc99394bd
50,2i,3,34,9500600000,9500800000,200000,113470,115672,75982,1008424,5958,-845125.39584,536042.75712,-742090.986368,471357.441024,-541795.957888,344427.024384,-557812.710528,354638.843904,1084406,479c79abc99394bd
50,2i,3,35,9500600000,9500800000,200000,133146,133836,30420,910030,2445,-756755.47776,479730.24768,-716303.86496,454007.77728,-530613.45376,335548.61568,-536028.42016,338932.73088,940450,479c79abc99394bd
50,2i,3,36,9500600000,9500800000,200000,149932,150094,10428,783652,912,-651887.546368,415483.521024,-637598.569984,406664.742912,-487054.434048,310759.563264,-488347.491072,311456.464896,794080,479c79abc99394bd
50,2i,3,37,9500600000,9500800000,200000,163488,163518,2572,642897,222,-537501.681088,341839.401984,-533865.084096,339857.814528,-414930.208128,264126.280704,-415149.440128,264266.056704,645469,479c79abc99394bd
50,2i,3,38,9500600000,9500800000,200000,174557,174567,440,521690,0,-438438.475648,278715.992064,-437696.459648,278242.904064,-352599.809664,224028.721152,-352700.993664,224093.233152,522130,479c79abc99394bd
50,2i,3,39,9500600000,9500800000,200000,183016,183016,195,397389,0,-334833.998848,213334.769664,-334505.150848,213125.105664,-277605.464448,176860.030464,-277605.464448,176860.030464,397584,479c79abc99394bd
50,2i,3,40,9500600000,9500800000,200000,189169,189169,0,289780,0,-244319.968,155725.824,-244319.968,155725.824,-207505.856,132254.208,-207505.856,132254.208,289780,479c79abc99394bd
50,2i,3,41,9500600000,9500800000,200000,193535,193535,0,205439,0,-173226.1648,110444.0064,-173226.1648,110444.0064,-150937.8592,96233.6256,-150937.8592,96233.6256,205439,479c79abc99394bd
50,2i,3,42,9500600000,9500800000,200000,196472,196472,0,137618,0,-116039.4976,73983.4368,-116039.4976,73983.4368,-104012.0928,66315.1104,-104012.0928,66315.1104,137618,479c79abc99394bd
50,2i,3,43,9500600000,9500800000,200000,198255,198255,0,83788,0,-70650.0416,45044.4288,-70650.0416,45044.4288,-64647.3008,41217.2544,-64647.3008,41217.2544,83788,479c79abc99394bd
50,2i,3,44,9500600000,9500800000,200000,199272,199272,0,47634,0,-40164.9888,25608.0384,-40164.9888,25608.0384,-37731.5136,24056.5248,-37731.5136,24056.5248,47634,479c79abc99394bd
50,2i,3,45,9500600000,9500800000,200000,199753,199753,0,22625,0,-19077.4,12163.2,-19077.4,12163.2,-18251.064,11636.352,-18251.064,11636.352,22625,479c79abc99394bd
50,2i,3,46,9500600000,9500800000,200000,199949,199949,0,9220,0,-7774.304,4956.672,-7774.304,4956.672,-7602.2912,4847.0016,-7602.2912,4847.0016,9220,479c79abc99394bd
50,2i,3,47,9500600000,9500800000,200000,200000,200000,0,2397,0,-2021.1504,1288.6272,-2021.1504,1288.6272,-2021.1504,1288.6272,-2021.1504,1288.6272,2397,479c79abc99394bd
50,2i,3,48,9500600000,9500800000,200000,200000,200000,0,0,0,0,0,0,0,0,0,0,0,0,479c79abc99394bd
50,2i,3,49,9500600000,9500800000,200000,200000,200000,0,0,0,0,0,0,0,0,0,0,0,0,479c79abc99394bd
50,2i,3,50,9500600000,9500800000,200000,200000,200000,0,0,0,0,0,0,0,0,0,0,0,0,479c79abc99394bd
50,2i,4,0,9500800000,9501000000,200000,-200000,200000,0,0,0,0,0,0,0,0,0,0,0,0,89f517794d811622
50,2i,4,1,9500800000,9501000000,200000,-200000,200000,0,0,0,0,0,0,0,0,0,0,0,0,89f517794d811622
50,2i,4,2,9500800000,9501000000,200000,-200000,200000,0,0,0,0,0,0,0,0,0,0,0,0,89f517794d811622
50,2i,4,3,9500800000,9501000000,200000,-200000,200000,0,0,0,0,0,0,0,0,0,0,0,0,89f517794d811622
50,2i,4,4,9500800000,9501000000,200000,-200000,200000,0,0,0,0,0,0,0,0,0,0,0,0,89f517794d811622
50,2i,4,5,9500800000,9501000000,200000,-200000,200000,0,0,0,0,0,0,0,0,0,0,0,0,89f517794d811622
50,2i,4,6,9500800000,9501000000,200000,-200000,200000,0,0,0,0,0,0,0,0,0,0,0,0,89f517794d811622
50,2i,4,7,9500800000,9501000000,200000,-200000,200000,215,0,0,-181.288,115.584,181.288,-115.584,181.288,-115.584,-181.288,115.584,215,89f517794d811622
50,2i,4,8,9500800000,9501000000,200000,-199995,199995,586,0,0,-494.1152,315.0336,494.1152,-315.0336,460.3872,-293.5296,-460.3872,293.5296,586,89f517794d811622
50,2i,4,9,9500800000,9501000000,200000,-199982,199982,1675,0,0,-1412.36,900.48,1412.36,-900.48,1313.7056,-837.5808,-1313.7056,837.5808,1675,89f517794d811622
50,2i,4,10,9500800000,9501000000,200000,-199944,199944,4180,0,0,-3524.576,2247.168,3524.576,-2247.168,3204.16,-2042.88,-3204.16,2042.88,4180,89f517794d811622
50,2i,4,11,9500800000,9501000000,200000,-199849,199849,7909,0,0,-6668.8688,4251.8784,6668.8688,-4251.8784,5787.7248,-3690.0864,-5787.7248,3690.0864,7909,89f517794d811622
50,2i,4,12,9500800000,9501000000,200000,-199673,199673,14310,0,0,-12066.192,7693.056,12066.192,-7693.056,10285.3536,-6557.6448,-10285.3536,6557.6448,14310,89f517794d811622
50,2i,4,13,9500800000,9501000000,200000,-199352,199352,26558,0,0,-22393.7056,14277.5808,22393.7056,-14277.5808,18875.032,-12034.176,-18875.032,12034.176,26558,89f517794d811622
50,2i,4,14,9500800000,9501000000,200000,-198747,198747,43066,0,0,-36313.2512,23152.2816,36313.2512,-23152.2816,29171.3472,-18598.8096,-29171.3472,18598.8096,43066,89f517794d811622
50,2i,4,15,9500800000,9501000000,200000,-197786,197786,65025,0,0,-54829.08,34957.44,54829.08,-34957.44,42674.352,-27207.936,-42674.352,27207.936,65025,89f517794d811622
50,2i,4,16,9500800000,9501000000,200000,-196340,196340,98378,0,0,-82952.3296,52888.0128,82952.3296,-52888.0128,63444.0544,-40450.0992,-63444.0544,40450.0992,98378,89f517794d811622
50,2i,4,17,9500800000,9501000000,200000,-194127,194127,141010,0,0,-118862.4608,75708.1344,118862.4608,-75708.1344,87140.4336,-55483.0848,-87140.4336,55483.0848,141010,89f517794d811622
50,2i,4,18,9500800000,9501000000,200000,-190994,190994,194506,0,0,-163731.92128,104531.92704,163731.92128,-104531.92704,116200.77568,-74268.42624,-116200.77568,74268.42624,194506,89f517794d811622
50,2i,4,19,9500800000,9501000000,200000,-186678,186678,266082,93,0,-223804.244544,142905.172992,223647.409344,-142805.179392,154731.616384,-98758.298112,-154731.616384,98758.298112,266175,89f517794d811622
50,2i,4,20,9500800000,9501000000,200000,-180737,180743,349190,150,0,-293519.84768,187037.32224,293266.88768,-186876.04224,193515.9264,-123209.3952,-193617.1104,123273.9072,349340,89f517794d811622
50,2i,4,21,9500800000,9501000000,200000,-173053,173065,440455,875,87,-368307.76768,234735.88224,367321.813888,-234041.232384,232265.106304,-148085.532672,-232371.349504,148153.270272,441330,89f517794d811622
50,2i,4,22,9500800000,9501000000,200000,-163399,163467,551384,3108,262,-458308.348672,292452.381696,454315.610624,-289984.146432,279736.882048,-178614.027264,-280404.248704,179089.615872,554492,89f517794d811622
50,2i,4,23,9500800000,9501000000,200000,-151181,151427,680997,9013,485,-564312.770944,359911.368192,552863.144832,-352654.680576,327164.215936,-208550.619648,-329895.771008,210187.436544,690010,89f517794d811622
50,2i,4,24,9500800000,9501000000,200000,-136033,136795,803208,25224,1900,-663107.188224,423789.023232,631050.572288,-403355.203584,351177.521152,-224968.590336,-358926.917632,229964.030976,828432,89f517794d811622
50,2i,4,25,9500800000,9501000000,200000,-118153,120379,908625,57600,4225,-751527.5152,481486.2336,678628.2224,-433641.5232,361995.3408,-231423.9744,-385367.6672,246268.5696,966225,89f517794d811622
50,2i,4,26,9500800000,9501000000,200000,-97384,102754,987882,116208,6814,-834598.92032,534406.90176,685051.04576,-437196.87168,345442.196352,-220241.703936,-396950.241408,254561.823744,1104090,89f517794d811622
50,2i,4,27,9500800000,9501000000,200000,-73880,85528,1012293,214105,11114,-898116.455296,575622.256128,620018.322176,-397256.083968,286324.2384,-183986.6112,-396619.046592,254737.760256,1226398,89f517794d811622
50,2i,4,28,9500800000,9501000000,200000,-48150,71046,970980,363986,16214,-951155.659616189349112,609840.73044525443787,468825.920864189349112,-300303.74330925443787,192145.027680189349112,-122517.82279725443787,-396427.336288189349112,253527.41614125443787,1334966,89f517794d811622
50,2i,4,29,9500800000,9501000000,200000,-20217,61887,863166,554043,19427,-996384.19792624852071,636795.976949396449704,241897.797405159763314,-152827.723385183431953,47959.769728,-29298.069504,-414476.836736,264629.634048,1417209,89f517794d811622
50,2i,4,30,9500800000,9501000000,200000,8695,59815,690500,755140,20440,-1014837.39666934911243,646839.997894437869822,-41250.724029349112426,27953.6183744378698225,-120639.477949349112426,78102.8049344378698225,-433602.427069349112426,277092.465094437869822,1445640,89f517794d811622
50,2i,4,31,9500800000,9501000000,200000,37609,66155,489300,932213,19248,-1008798.482112,643534.895616,-332961.01856,215347.82208,-293558.370944,187812.168192,-484303.26336,307565.26848,1421513,89f517794d811622
50,2i,4,32,9500800000,9501000000,200000,65250,79122,305488,1033434,15218,-974644.00192,623354.05056,-556744.790912,360292.694016,-426539.033472,275423.748096,-523183.688832,336795.672576,1338922,89f517794d811622
50,2i,4,33,9500800000,9501000000,200000,90495,96511,162451,1058625,9584,-921822.715008,586363.628544,-700542.261504,445887.286272,-511144.605312,326494.473216,-555243.190656,354455.620608,1221076,89f517794d811622
50,2i,4,34,9500800000,9501000000,200000,113318,115472,77606,1014584,5294,-853061.557376,540631.277568,-748739.053184,474500.800512,-547914.513792,346196.729856,-564039.847296,356404.912128,1092190,89f517794d811622
50,2i,4,35,9500800000,9501000000,200000,133081,133741,30090,910435,2345,-757466.9872,482842.3296,-716550.17248,457324.20864,-532948.01152,340236.30336,-538590.6592,343424.0256,940525,89f517794d811622
50,2i,4,36,9500800000,9501000000,200000,149669,149803,10280,778716,560,-649011.544832,412745.880576,-634286.251776,404404.896768,-482382.71744,307462.22592,-483565.656064,308152.676352,788996,89f517794d811622
50,2i,4,37,9500800000,9501000000,200000,163371,163389,2263,649076,161,-542024.117184,344249.152512,-538737.036992,342351.507456,-419274.223616,266278.821888,-419434.966016,266351.705088,651339,89f517794d811622
50,2i,4,38,9500800000,9501000000,200000,174476,174476,342,524320,38,-440445.571456,280198.315008,-439975.709056,279985.271808,-353768.255872,225033.271296,-353768.255872,225033.271296,524662,89f517794d811622
50,2i,4,39,9500800000,9501000000,200000,183032,183032,0,401312,0,-337943.093248,215247.588864,-337943.093248,215247.588864,-280937.749248,178940.196864,-280937.749248,178940.196864,401312,89f517794d811622
50,2i,4,40,9500800000,9501000000,200000,189180,189180,0,290540,0,-244915.744,156014.592,-244915.744,156014.592,-207292.16,132026.88,-207292.16,132026.88,290540,89f517794d811622
50,2i,4,41,9500800000,9501000000,200000,193642,193642,0,208610,0,-175899.952,112148.736,-175899.952,112148.736,-154256.6944,98349.6192,-154256.6944,98349.6192,208610,89f517794d811622
50,2i,4,42,9500800000,9501000000,200000,196494,196494,0,133992,0,-112982.0544,72034.0992,-112982.0544,72034.0992,-101001.8688,64395.8784,-101001.8688,64395.8784,133992,89f517794d811622
50,2i,4,43,9500800000,9501000000,200000,198270,198270,0,83228,0,-70177.8496,44743.3728,-70177.8496,44743.3728,-64393.4976,41055.4368,-64393.4976,41055.4368,83228,89f517794d811622
50,2i,4,44,9500800000,9501000000,200000,199250,199250,0,46222,0,-38974.3904,24848.9472,-38974.3904,24848.9472,-36358.784,23181.312,-36358.784,23181.312,46222,89f517794d811622
50,2i,4,45,9500800000,9501000000,200000,199767,199767,0,24195,0,-20401.224,13007.232,-20401.224,13007.232,-19617.048,12507.264,-19617.048,12507.264,24195,89f517794d811622
50,2i,4,46,9500800000,9501000000,200000,199953,199953,0,8744,0,-7372.9408,4700.7744,-7372.9408,4700.7744,-7214.4192,4599.7056,-7214.4192,4599.7056,8744,89f517794d811622
50,2i,4,47,9500800000,9501000000,200000,200000,200000,0,2209,0,-1862.6288,1187.5584,-1862.6288,1187.5584,-1862.6288,1187.5584,-1862.6288,1187.5584,2209,89f517794d811622
50,2i,4,48,9500800000,9501000000,200000,200000,200000,0,0,0,0,0,0,0,0,0,0,0,0,89f517794d811622
50,2i,4,49,9500800000,9501000000,200000,200000,200000,0,0,0,0,0,0,0,0,0,0,0,0,89f517794d811622
50,2i,4,50,9500800000,9501000000,200000,200000,200000,0,0,0,0,0,0,0,0,0,0,0,0,89f517794d811622
50,2i,5,0,9501000000,9501200000,200000,-200000,200000,0,0,0,0,0,0,0,0,0,0,0,0,64a4fdeb88adb6b
50,2i,5,1,9501000000,9501200000,200000,-200000,200000,0,0,0,0,0,0,0,0,0,0,0,0,64a4fdeb88adb6b
50,2i,5,2,9501000000,9501200000,200000,-200000,200000,0,0,0,0,0,0,0,0,0,0,0,0,64a4fdeb88adb6b
50,2i,5,3,9501000000,9501200000,200000,-200000,200000,0,0,0,0,0,0,0,0,0,0,0,0,64a4fdeb88adb6b
50,2i,5,4,9501000000,9501200000,200000,-200000,200000,0,0,0,0,0,0,0,0,0,0,0,0,64a4fdeb88adb6b
50,2i,5,5,9501000000,9501200000,200000,-200000,200000,0,0,0,0,0,0,0,0,0,0,0,0,64a4fdeb88adb6b
50,2i,5,6,9501000000,9501200000,200000,-200000,200000,0,0,0,0,0,0,0,0,0,0,0,0,64a4fdeb88adb6b
50,2i,5,7,9501000000,9501200000,200000,-200000,200000,172,0,0,-145.0304,92.4672,145.0304,-92.4672,145.0304,-92.4672,-145.0304,92.4672,172,64a4fdeb88adb6b
50,2i,5,8,9501000000,9501200000,200000,-199996,199996,578,0,0,-487.3696,310.7328,487.3696,-310.7328,460.3872,-293.5296,-460.3872,293.5296,578,64a4fdeb88adb6b
50,2i,5,9,9501000000,9501200000,200000,-199983,199983,1429,0,0,-1204.9328,768.2304,1204.9328,-768.2304,1106.2784,-705.3312,-1106.2784,705.3312,1429,64a4fdeb88adb6b
50,2i,5,10,9501000000,9501200000,200000,-199951,199951,3720,0,0,-3136.704,1999.872,3136.704,-1999.872,2866.88,-1827.84,-2866.88,1827.84,3720,64a4fdeb88adb6b
50,2i,5,11,9501000000,9501200000,200000,-199866,199866,7565,0,0,-6378.808,4066.944,6378.808,-4066.944,5590.416,-3564.288,-5590.416,3564.288,7565,64a4fdeb88adb6b
50,2i,5,12,9501000000,9501200000,200000,-199696,199696,14808,0,0,-12486.1056,7960.7808,12486.1056,-7960.7808,10765.9776,-6864.0768,-10765.9776,6864.0768,14808,64a4fdeb88adb6b
50,2i,5,13,9501000000,9501200000,200000,-199360,199360,26124,0,0,-22027.7568,14044.2624,22027.7568,-14044.2624,18344.6592,-11696.0256,-18344.6592,11696.0256,26124,64a4fdeb88adb6b
50,2i,5,14,9501000000,9501200000,200000,-198772,198772,42216,0,0,-35596.5312,22695.3216,35596.5312,-22695.3216,28655.3088,-18269.7984,-28655.3088,18269.7984,42216,64a4fdeb88adb6b
50,2i,5,15,9501000000,9501200000,200000,-197828,197828,66485,0,0,-56060.152,35742.336,56060.152,-35742.336,44120.44,-28129.92,-44120.44,28129.92,66485,64a4fdeb88adb6b
50,2i,5,16,9501000000,9501200000,200000,-196333,196333,98312,0,0,-82896.6784,52852.5312,82896.6784,-52852.5312,62727.3344,-39993.1392,-62727.3344,39993.1392,98312,64a4fdeb88adb6b
50,2i,5,17,9501000000,9501200000,200000,-194145,194145,141212,0,0,-118912.014592,75927.584256,118912.014592,-75927.584256,87548.347392,-55931.014656,-87548.347392,55931.014656,141212,64a4fdeb88adb6b
50,2i,5,18,9501000000,9501200000,200000,-190993,190993,195680,0,0,-164824.127488,105112.157184,164824.127488,-105112.157184,117070.483456,-74604.331008,-117070.483456,74604.331008,195680,64a4fdeb88adb6b
50,2i,5,19,9501000000,9501200000,200000,-186651,186651,260562,0,0,-219255.586688,139910.582784,219255.586688,-139910.582784,149744.987136,-95614.261248,-149744.987136,95614.261248,260562,64a4fdeb88adb6b
50,2i,5,20,9501000000,9501200000,200000,-180907,180907,343030,120,0,-288000.12096,183609.18528,287865.33696,-183659.87328,191323.05984,-121947.90912,-191323.05984,121947.90912,343150,64a4fdeb88adb6b
50,2i,5,21,9501000000,9501200000,200000,-173298,173306,444427,838,0,-370993.421376,236562.029568,369785.390912,-235953.494016,236416.089856,-150911.966208,-236510.438656,150876.484608,445265,64a4fdeb88adb6b
50,2i,5,22,9501000000,9501200000,200000,-163454,163514,560004,2616,196,-466100.237824,297565.996032,462685.33248,-295375.08864,284584.429568,-181754.778624,-285429.29152,182243.34336,562620,64a4fdeb88adb6b
50,2i,5,23,9501000000,9501200000,200000,-151095,151301,672728,8645,620,-557320.609088,356054.505984,546445.725376,-348822.701568,316714.835392,-202240.198656,-318825.942464,203638.551552,681373,64a4fdeb88adb6b
50,2i,5,24,9501000000,9501200000,200000,-136387,137109,791816,24600,1682,-653632.980736,417591.426048,622311.471104,-397403.139072,351614.646144,-224514.081792,-359404.669824,229699.372032,816416,64a4fdeb88adb6b
50,2i,5,25,9501000000,9501200000,200000,-118563,120701,913850,57200,3475,-757324.1152,484755.0336,683459.184,-436408.512,367242.2256,-234996.9408,-389868.6544,249422.8992,971050,64a4fdeb88adb6b
50,2i,5,26,9501000000,9501200000,200000,-97545,102843,988724,116776,6396,-839642.612992,536406.675456,688288.684288,-438058.819584,343623.969792,-217695.737856,-396912.012288,252973.123584,1105500,64a4fdeb88adb6b
50,2i,5,27,9501000000,9501200000,200000,-74252,85858,1011964,217799,10451,-908522.143808,578253.586944,619481.745216,-394611.890688,292288.3936,-186204.3648,-402612.515584,257158.643712,1229763,64a4fdeb88adb6b
50,2i,5,28,9501000000,9501200000,200000,-48128,71268,978690,369904,15418,-965107.65376,616454.21568,466792.796032,-299722.162176,184183.24224,-119622.71232,-401750.883328,256807.394304,1348594,64a4fdeb88adb6b
50,2i,5,29,9501000000,9501200000,200000,-20077,62165,863225,555075,19674,-992156.162688,637325.750784,238517.432576,-152705.991168,44115.003904,-28576.169472,-414190.880384,265252.250112,1418300,64a4fdeb88adb6b
50,2i,5,30,9501000000,9501200000,200000,8724,60062,686740,747630,20390,-1002712.52928,646621.27104,-37187.46688,24654.62784,-118572.2816,75996.7488,-429374.65216,278208.50688,1434370,64a4fdeb88adb6b
50,2i,5,31,9501000000,9501200000,200000,37241,66261,486966,925223,17764,-1002790.580544,646112.020992,-328436.893504,210054.262272,-284958.617024,184414.981632,-477568.629696,307044.515328,1412189,64a4fdeb88adb6b
50,2i,5,32,9501000000,9501200000,200000,65039,79213,310544,1035760,13698,-981093.124608,627361.081344,-558572.559616,358101.669888,-429843.077504,275758.774272,-527967.83168,338484.23424,1346304,64a4fdeb88adb6b
50,2i,5,33,9501000000,9501200000,200000,90415,96477,166420,1057245,10001,-921195.20416,587858.04288,-697949.828032,445532.338176,-511691.880384,326620.250112,-555041.873856,353949.278208,1223665,64a4fdeb88adb6b
50,2i,5,34,9501000000,9501200000,200000,113136,115366,77528,1011770,5648,-847808.024192,540865.837056,-744623.419008,475515.500544,-544168.968832,347474.712576,-560653.587072,358166.992896,1089298,64a4fdeb88adb6b
50,2i,5,35,9501000000,9501200000,200000,132935,133617,31035,914950,2660,-758398.82784,483368.13312,-717078.36128,456829.84704,-530692.0384,338297.0112,-535952.40256,341445.93408,945985,64a4fdeb88adb6b
50,2i,5,36,9501000000,9501200000,200000,149803,149959,10336,789048,1078,-656389.09568,418194.18624,-642494.684672,409859.229696,-489964.52928,312157.27104,-491234.066304,312934.812672,799384,64a4fdeb88adb6b
50,2i,5,37,9501000000,9501200000,200000,163527,163559,2463,649313,198,-542298.508032,346022.578176,-538721.704832,343796.760576,-419687.480768,268113.460224,-419909.078976,268284.346368,651776,64a4fdeb88adb6b
50,2i,5,38,9501000000,9501200000,200000,174603,174609,530,520882,38,-437857.956352,278473.383936,-437149.497344,277935.163392,-352819.59936,224212.11648,-352880.30976,224250.82368,521412,64a4fdeb88adb6b
50,2i,5,39,9501000000,9501200000,200000,182980,182980,117,395688,0,-333466.476224,212608.607232,-333269.167424,212482.808832,-275124.759936,175411.611648,-275124.759936,175411.611648,395805,64a4fdeb88adb6b
50,2i,5,40,9501000000,9501200000,200000,189262,189262,0,294760,0,-248455.28832,158407.92576,-248455.28832,158407.92576,-211792.95232,135033.07776,-211792.95232,135033.07776,294760,64a4fdeb88adb6b
50,2i,5,41,9501000000,9501200000,200000,193610,193610,0,204404,0,-172353.4528,109887.5904,-172353.4528,109887.5904,-150315.5776,95836.8768,-150315.5776,95836.8768,204404,64a4fdeb88adb6b
50,2i,5,42,9501000000,9501200000,200000,196514,196514,0,136416,0,-115025.9712,73337.2416,-115025.9712,73337.2416,-102843.4176,65569.9968,-102843.4176,65569.9968,136416,64a4fdeb88adb6b
50,2i,5,43,9501000000,9501200000,200000,198320,198320,0,84476,0,-71230.1632,45414.2976,-71230.1632,45414.2976,-65481.2256,41748.9408,-65481.2256,41748.9408,84476,64a4fdeb88adb6b
50,2i,5,44,9501000000,9501200000,200000,199294,199294,0,45730,0,-38559.536,24584.448,-38559.536,24584.448,-36136.1792,23039.3856,-36136.1792,23039.3856,45730,64a4fdeb88adb6b
50,2i,5,45,9501000000,9501200000,200000,199773,199773,0,22450,0,-18929.84,12069.12,-18929.84,12069.12,-18175.176,11587.968,-18175.176,11587.968,22450,64a4fdeb88adb6b
50,2i,5,46,9501000000,9501200000,200000,199952,199952,0,8426,0,-7104.8032,4529.8176,-7104.8032,4529.8176,-6942.9088,4426.5984,-6942.9088,4426.5984,8426,64a4fdeb88adb6b
50,2i,5,47,9501000000,9501200000,200000,200000,200000,0,2256,0,-1902.2592,1212.8256,-1902.2592,1212.8256,-1902.2592,1212.8256,-1902.2592,1212.8256,2256,64a4fdeb88adb6b
50,2i,5,48,9501000000,9501200000,200000,200000,200000,0,0,0,0,0,0,0,0,0,0,0,0,64a4fdeb88adb6b
50,2i,5,49,9501000000,9501200000,200000,200000,200000,0,0,0,0,0,0,0,0,0,0,0,0,64a4fdeb88adb6b
50,2i,5,50,9501000000,9501200000,200000,200000,200000,0,0,0,0,0,0,0,0,0,0,0,0,64a4fdeb88adb6b
50,2i,6,0,9501200000,9501400000,200000,-200000,200000,0,0,0,0,0,0,0,0,0,0,0,0,467646b4cd76bc3
50,2i,6,1,9501200000,9501400000,200000,-200000,200000,0,0,0,0,0,0,0,0,0,0,0,0,467646b4cd76bc3
50,2i,6,2,9501200000,9501400000,200000,-200000,200000,0,0,0,0,0,0,0,0,0,0,0,0,467646b4cd76bc3
50,2i,6,3,9501200000,9501400000,200000,-200000,200000,0,0,0,0,0,0,0,0,0,0,0,0,467646b4cd76bc3
50,2i,6,4,9501200000,9501400000,200000,-200000,200000,0,0,0,0,0,0,0,0,0,0,0,0,467646b4cd76bc3
50,2i,6,5,9501200000,9501400000,200000,-200000,200000,0,0,0,0,0,0,0,0,0,0,0,0,467646b4cd76bc3
50,2i,6,6,9501200000,9501400000,200000,-200000,200000,0,0,0,0,0,0,0,0,0,0,0,0,467646b4cd76bc3
50,2i,6,7,9501200000,9501400000,200000,-200000,200000,129,0,0,-108.7728,69.3504,108.7728,-69.3504,108.7728,-69.3504,-108.7728,69.3504,129,467646b4cd76bc3
50,2i,6,8,9501200000,9501400000,200000,-199997,199997,696,0,0,-586.8672,374.1696,586.8672,-374.1696,566.6304,-361.2672,-566.6304,361.2672,696,467646b4cd76bc3
50,2i,6,9,9501200000,9501400000,200000,-199981,199981,1415,0,0,-1193.128,760.704,1193.128,-760.704,1071.7072,-683.2896,-1071.7072,683.2896,1415,467646b4cd76bc3
50,2i,6,10,9501200000,9501400000,200000,-199950,199950,3110,0,0,-2622.352,1671.936,2622.352,-1671.936,2360.96,-1505.28,-2360.96,1505.28,3110,467646b4cd76bc3
50,2i,6,11,9501200000,9501400000,200000,-199880,199880,6542,0,0,-5516.2144,3516.9792,5516.2144,-3516.9792,4866.9504,-3103.0272,-4866.9504,3103.0272,6542,467646b4cd76bc3
50,2i,6,12,9501200000,9501400000,200000,-199732,199732,14506,0,0,-12231.4592,7798.4256,12231.4592,-7798.4256,10733.936,-6843.648,-10733.936,6843.648,14506,467646b4cd76bc3
50,2i,6,13,9501200000,9501400000,200000,-199397,199397,24964,0,0,-21049.6448,13420.6464,21049.6448,-13420.6464,17377.5088,-11079.3984,-17377.5088,11079.3984,24964,467646b4cd76bc3
50,2i,6,14,9501200000,9501400000,200000,-198840,198840,41098,0,0,-34653.8336,22094.2848,34653.8336,-22094.2848,28078.56,-17902.08,-28078.56,17902.08,41098,467646b4cd76bc3
50,2i,6,15,9501200000,9501400000,200000,-197915,197915,65815,0,0,-55495.208,35382.144,55495.208,-35382.144,43795.808,-27922.944,-43795.808,27922.944,65815,467646b4cd76bc3
50,2i,6,16,9501200000,9501400000,200000,-196431,196431,98442,0,0,-82952.051072,52926.544896,82952.051072,-52926.544896,62931.110272,-40161.770496,-62931.110272,40161.770496,98442,467646b4cd76bc3
50,2i,6,17,9501200000,9501400000,200000,-194234,194234,139616,0,0,-117697.089536,75059.624448,117697.089536,-75059.624448,86231.5344,-54978.7392,-86231.5344,54978.7392,139616,467646b4cd76bc3
50,2i,6,18,9501200000,9501400000,200000,-191135,191135,195430,0,0,-164564.343424,105030.776832,164564.343424,-105030.776832,117528.961024,-75042.373632,-117528.961024,75042.373632,195430,467646b4cd76bc3
50,2i,6,19,9501200000,9501400000,200000,-186771,186771,263398,93,0,-221295.962432,141403.877376,221139.127232,-141303.883776,151434.724224,-96797.471232,-151434.724224,96797.471232,263491,467646b4cd76bc3
50,2i,6,20,9501200000,9501400000,200000,-180946,180952,347110,240,30,-290981.3856,185919.8208,290914.41216,-185672.18688,193197.4848,-123313.7664,-193298.6688,123378.2784,347350,467646b4cd76bc3
50,2i,6,21,9501200000,9501400000,200000,-173251,173269,449323,764,137,-375663.41344,239745.55392,374932.258368,-239135.937024,240036.15584,-153034.43712,-240012.208448,153162.622464,450087,467646b4cd76bc3
50,2i,6,22,9501200000,9501400000,200000,-163303,163365,558796,3116,256,-464275.976192,297238.573056,460504.34816,-294323.83488,280016.433408,-179454.879744,-280589.26976,179820.10368,561912,467646b4cd76bc3
50,2i,6,23,9501200000,9501400000,200000,-151051,151301,675508,10100,813,-558880.251264,357940.349952,546426.694144,-349581.345792,321090.91232,-205154.35776,-323718.4912,207248.6016,685608,467646b4cd76bc3
50,2i,6,24,9501200000,9501400000,200000,-136095,136933,793836,24840,1900,-654177.308672,418901.661696,623598.027264,-397925.117952,347938.609408,-222338.847744,-356672.812288,227907.523584,818676,467646b4cd76bc3
50,2i,6,25,9501200000,9501400000,200000,-118413,120619,904400,56725,3500,-750156.552,480697.536,678810.1424,-432932.0832,365225.4144,-232942.5792,-386230.2976,247757.8368,961125,467646b4cd76bc3
50,2i,6,26,9501200000,9501400000,200000,-97650,103026,987628,119210,6564,-841603.993216,537472.754688,686894.852992,-436798.995456,347314.859136,-220037.557248,-399670.046592,254305.760256,1106838,467646b4cd76bc3
50,2i,6,27,9501200000,9501400000,200000,-74025,85901,1015875,220667,10985,-909865.353984,580590.054912,618192.249856,-393650.846208,286275.694016,-182949.209088,-401423.89088,257655.45984,1236542,467646b4cd76bc3
50,2i,6,28,9501200000,9501400000,200000,-47996,71430,979874,369514,15640,-966093.969664,615591.601152,470066.570752,-300873.563136,192030.579328,-121722.722304,-406930.466432,258354.149376,1349388,467646b4cd76bc3
50,2i,6,29,9501200000,9501400000,200000,-19788,62104,866803,557835,19476,-1005014.3648,640541.6064,240467.180032,-151164.274176,42682.404928,-27972.463104,-413259.579584,262722.995712,1424638,467646b4cd76bc3
50,2i,6,30,9501200000,9501400000,200000,9098,60270,684140,750060,21020,-1004770.3168,645098.3424,-45049.3568,31113.0624,-127219.51616,82523.25888,-435594.784,281229.312,1434200,467646b4cd76bc3
50,2i,6,31,9501200000,9501400000,200000,37479,66317,487499,917282,19494,-993046.752192,635327.341056,-322606.831168,207179.687424,-281200.03648,182078.96064,-473658.292352,302232.231936,1404781,467646b4cd76bc3
50,2i,6,32,9501200000,9501400000,200000,65109,79071,309872,1033702,15364,-975969.849728,619663.509504,-556295.2416,356718.0288,-424481.441536,271347.560448,-520015.829248,331929.636864,1343574,467646b4cd76bc3
50,2i,6,33,9501200000,9501400000,200000,90632,96610,163271,1063273,10145,-922630.631424,585026.360832,-704096.576512,447999.714816,-517093.330112,329032.559616,-560481.007552,354992.065536,1226544,467646b4cd76bc3
50,2i,6,34,9501200000,9501400000,200000,113237,115505,75662,1012716,5294,-847796.279936,537394.971648,-744504.030336,474872.398848,-540894.422912,343699.670016,-557411.317632,354303.230976,1088378,467646b4cd76bc3
50,2i,6,35,9501200000,9501400000,200000,133225,133919,31430,918425,2465,-763282.3408,485439.9744,-721744.95392,459070.78656,-537603.2208,342139.8144,-543009.90048,345313.71264,949855,467646b4cd76bc3
50,2i,6,36,9501200000,9501400000,200000,149910,150086,10388,781204,918,-650620.431104,412972.419072,-636201.845248,404594.724864,-484575.730816,308088.511488,-486018.28544,308848.84992,791592,467646b4cd76bc3
50,2i,6,37,9501200000,9501400000,200000,163548,163572,2929,644339,346,-539600.95232,342177.07776,-535613.100928,340055.791104,-417785.365184,265062.016512,-417960.750784,265173.837312,647268,467646b4cd76bc3
50,2i,6,38,9501200000,9501400000,200000,174522,174528,366,517002,50,-434730.746624,276149.394432,-434197.844224,275809.631232,-349981.48224,222143.03232,-350001.71904,222155.93472,517368,467646b4cd76bc3
50,2i,6,39,9501200000,9501400000,200000,182885,182887,89,394213,39,-332005.262336,211588.174848,-331920.942336,211534.414848,-274526.982848,174941.681664,-274545.533248,174953.508864,394302,467646b4cd76bc3
50,2i,6,40,9501200000,9501400000,200000,189080,189080,40,292120,0,-246262.96832,157010.16576,-246195.51232,156967.15776,-208824.88832,133140.72576,-208824.88832,133140.72576,292160,467646b4cd76bc3
50,2i,6,41,9501200000,9501400000,200000,193516,193516,0,208336,0,-175668.9152,112001.4336,-175668.9152,112001.4336,-153357.8432,97776.5376,-153357.8432,97776.5376,208336,467646b4cd76bc3
50,2i,6,42,9501200000,9501400000,200000,196456,196456,0,137872,0,-116253.6704,74119.9872,-116253.6704,74119.9872,-104118.336,66382.848,-104118.336,66382.848,137872,467646b4cd76bc3
50,2i,6,43,9501200000,9501400000,200000,198255,198255,0,84553,0,-71295.0896,45455.6928,-71295.0896,45455.6928,-65227.4224,41587.1232,-65227.4224,41587.1232,84553,467646b4cd76bc3
50,2i,6,44,9501200000,9501400000,200000,199283,199283,0,48100,0,-40557.92,25858.56,-40557.92,25858.56,-38139.6224,24316.7232,-38139.6224,24316.7232,48100,467646b4cd76bc3
50,2i,6,45,9501200000,9501400000,200000,199761,199761,0,22470,0,-18946.704,12079.872,-18946.704,12079.872,-18137.232,11563.776,-18137.232,11563.776,22470,467646b4cd76bc3
50,2i,6,46,9501200000,9501400000,200000,199953,199953,0,9020,0,-7605.664,4849.152,-7605.664,4849.152,-7447.1424,4748.0832,-7447.1424,4748.0832,9020,467646b4cd76bc3
50,2i,6,47,9501200000,9501400000,200000,200000,200000,0,2209,0,-1862.6288,1187.5584,-1862.6288,1187.5584,-1862.6288,1187.5584,-1862.6288,1187.5584,2209,467646b4cd76bc3
50,2i,6,48,9501200000,9501400000,200000,200000,200000,0,0,0,0,0,0,0,0,0,0,0,0,467646b4cd76bc3
50,2i,6,49,9501200000,9501400000,200000,200000,200000,0,0,0,0,0,0,0,0,0,0,0,0,467646b4cd76bc3
50,2i,6,50,9501200000,9501400000,200000,200000,200000,0,0,0,0,0,0,0,0,0,0,0,0,467646b4cd76bc3
50,2i,7,0,9501400000,9501600000,200000,-200000,200000,0,0,0,0,0,0,0,0,0,0,0,0,b7c04186fa37e35a
50,2i,7,1,9501400000,9501600000,200000,-200000,200000,0,0,0,0,0,0,0,0,0,0,0,0,b7c04186fa37e35a
50,2i,7,2,9501400000,9501600000,200000,-200000,200000,0,0,0,0,0,0,0,0,0,0,0,0,b7c04186fa37e35a
50,2i,7,3,9501400000,9501600000,200000,-200000,200000,0,0,0,0,0,0,0,0,0,0,0,0,b7c04186fa37e35a
50,2i,7,4,9501400000,9501600000,200000,-200000,200000,0,0,0,0,0,0,0,0,0,0,0,0,b7c04186fa37e35a
50,2i,7,5,9501400000,9501600000,200000,-200000,200000,0,0,0,0,0,0,0,0,0,0,0,0,b7c04186fa37e35a
50,2i,7,6,9501400000,9501600000,200000,-200000,200000,44,0,0,-37.1008,23.6544,37.1008,-23.6544,37.1008,-23.6544,-37.1008,23.6544,44,b7c04186fa37e35a
50,2i,7,7,9501400000,9501600000,200000,-199999,199999,265,0,0,-223.448,142.464,223.448,-142.464,217.5456,-138.7008,-217.5456,138.7008,265,b7c04186fa37e35a
50,2i,7,8,9501400000,9501600000,200000,-199993,199993,636,0,0,-536.2752,341.9136,536.2752,-341.9136,495.8016,-316.1088,-495.8016,316.1088,636,b7c04186fa37e35a
50,2i,7,9,9501400000,9501600000,200000,-199979,199979,1930,0,0,-1627.376,1037.568,1627.376,-1037.568,1521.1328,-969.8304,-1521.1328,969.8304,1930,b7c04186fa37e35a
50,2i,7,10,9501400000,9501600000,200000,-199935,199935,4800,0,0,-4047.36,2580.48,4047.36,-2580.48,3676.352,-2343.936,-3676.352,2343.936,4800,b7c04186fa37e35a
50,2i,7,11,9501400000,9501600000,200000,-199826,199826,7907,0,0,-6667.1824,4250.8032,6667.1824,-4250.8032,5656.1856,-3606.2208,-5656.1856,3606.2208,7907,b7c04186fa37e35a
50,2i,7,12,9501400000,9501600000,200000,-199654,199654,14832,0,0,-12506.3424,7973.6832,12506.3424,-7973.6832,10765.9776,-6864.0768,-10765.9776,6864.0768,14832,b7c04186fa37e35a
50,2i,7,13,9501400000,9501600000,200000,-199318,199318,24903,0,0,-20998.2096,13387.8528,20998.2096,-13387.8528,17315.112,-11039.616,-17315.112,11039.616,24903,b7c04186fa37e35a
50,2i,7,14,9501400000,9501600000,200000,-198763,198763,40998,0,0,-34569.5136,22040.5248,34569.5136,-22040.5248,28017.8496,-17863.3728,-28017.8496,17863.3728,40998,b7c04186fa37e35a
50,2i,7,15,9501400000,9501600000,200000,-197840,197840,65015,0,0,-54820.648,34952.064,54820.648,-34952.064,43146.544,-27508.992,-43146.544,27508.992,65015,b7c04186fa37e35a
50,2i,7,16,9501400000,9501600000,200000,-196378,196378,98600,0,0,-83139.52,53007.36,83139.52,-53007.36,63415.3856,-40431.8208,-63415.3856,40431.8208,98600,b7c04186fa37e35a
50,2i,7,17,9501400000,9501600000,200000,-194166,194166,140564,0,0,-118470.916864,75571.210752,118470.916864,-75571.210752,86763.224064,-55355.300352,-86763.224064,55355.300352,140564,b7c04186fa37e35a
50,2i,7,18,9501400000,9501600000,200000,-191046,191046,193408,32,0,-163061.868544,103947.604992,163007.903744,-103913.198592,115709.4912,-73736.6016,-115709.4912,73736.6016,193440,b7c04186fa37e35a
50,2i,7,19,9501400000,9501600000,200000,-186756,186758,263647,19,0,-221963.349888,141601.680384,221931.308288,-141581.251584,153228.797888,-97800.144384,-153260.839488,97820.573184,263666,b7c04186fa37e35a
50,2i,7,20,9501400000,9501600000,200000,-180880,180882,337150,240,30,-283124.7008,180580.4544,282866.28032,-180347.38176,184127.8656,-117360.4608,-184127.8656,117360.4608,337390,b7c04186fa37e35a
50,2i,7,21,9501400000,9501600000,200000,-173551,173569,428719,1038,108,-358714.8944,228607.2192,357616.345408,-227660.895744,229185.666816,-145900.159488,-229366.561152,146063.310336,429757,b7c04186fa37e35a
50,2i,7,22,9501400000,9501600000,200000,-164039,164117,544856,2872,262,-453809.810176,289165.267968,450108.058624,-286718.610432,277677.254784,-176900.109312,-278373.406592,177494.240256,547728,b7c04186fa37e35a
50,2i,7,23,9501400000,9501600000,200000,-151951,152187,676374,8351,566,-558610.07136,356536.21248,547923.457216,-349160.306688,323654.371328,-206532.578304,-326123.256832,208054.296576,684725,b7c04186fa37e35a
50,2i,7,24,9501400000,9501600000,200000,-136888,137608,806050,22500,1686,-661933.196416,422261.772288,633302.794624,-405296.658432,355175.61472,-226916.52096,-362480.2624,232120.2432,828550,b7c04186fa37e35a
50,2i,7,25,9501400000,9501600000,200000,-118925,120929,912300,55200,3600,-755796.8608,481447.3344,684587.3568,-437697.0624,364912.4784,-233226.9312,-385418.0112,244535.9616,967500,b7c04186fa37e35a
50,2i,7,26,9501400000,9501600000,200000,-98188,103324,991046,117372,7002,-840425.371264,535728.509952,688403.783552,-440816.833536,347876.657792,-222966.521856,-400608.78784,256705.41312,1108418,b7c04186fa37e35a
50,2i,7,27,9501400000,9501600000,200000,-74469,85993,1016866,220834,10861,-909987.83744,582330.38592,620379.163776,-396834.912768,288310.117504,-185357.494272,-400010.757376,254176.877568,1237700,b7c04186fa37e35a
50,2i,7,28,9501400000,9501600000,200000,-48500,71728,979274,367246,15964,-962012.698368,617545.857024,473784.328192,-300158.509056,190628.742784,-120289.293312,-407212.436096,262329.750528,1346520,b7c04186fa37e35a
50,2i,7,29,9501400000,9501600000,200000,-20346,62064,871719,555532,20731,-999835.162432,639269.477376,243254.121152,-154677.390336,48474.418688,-29223.158784,-406551.492736,260362.242048,1427251,b7c04186fa37e35a
50,2i,7,30,9501400000,9501600000,200000,8739,60353,692700,761910,21230,-1019032.6176,648635.5968,-47430.74496,31515.61728,-123863.26272,79324.58496,-445428.11904,282751.13472,1454610,b7c04186fa37e35a
50,2i,7,31,9501400000,9501600000,200000,37842,66380,497841,932514,20550,-1013512.286784,646014.285312,-324276.83296,209437.60128,-289903.321856,185875.742208,-480713.248384,307141.274112,1430355,b7c04186fa37e35a
50,2i,7,32,9501400000,9501600000,200000,65640,79424,308082,1040184,16498,-980950.022016,625031.513088,-562133.21408,359112.63744,-428892.62848,274367.21664,-526345.349632,336049.406976,1348266,b7c04186fa37e35a
50,2i,7,33,9501400000,9501600000,200000,91125,96907,162956,1064714,10197,-926381.36768,588740.68224,-706348.127232,450015.883776,-518173.193984,329763.174912,-559543.11232,355403.95776,1227670,b7c04186fa37e35a
50,2i,7,34,9501400000,9501600000,200000,113870,116014,74118,1015372,5496,-848579.61664,539950.57152,-749381.920896,478139.516928,-546784.259072,348324.688896,-563242.118144,358854.177792,1089490,b7c04186fa37e35a
50,2i,7,35,9501400000,9501600000,200000,133630,134240,30130,909000,2595,-753947.91936,480057.87648,-713523.18144,454477.77792,-531467.496,338785.728,-535890.6672,341332.5696,939130,b7c04186fa37e35a
50,2i,7,36,9501400000,9501600000,200000,150132,150304,8864,777176,1034,-645064.209152,409951.374336,-633142.5152,403006.2336,-479482.483584,304884.467712,-480788.566656,305717.188608,786040,b7c04186fa37e35a
50,2i,7,37,9501400000,9501600000,200000,163844,163876,2746,646350,285,-540704.618624,344244.690432,-537075.07584,341900.99712,-420040.407744,267327.470592,-420218.159552,267470.401536,649096,b7c04186fa37e35a
50,2i,7,38,9501400000,9501600000,200000,174748,174756,504,512980,76,-430793.689856,274588.766208,-430193.160448,274119.358464,-347105.789184,221174.848512,-347186.736384,221226.458112,513484,b7c04186fa37e35a
50,2i,7,39,9501400000,9501600000,200000,183009,183009,156,391147,0,-329271.429184,209978.368512,-329008.350784,209810.637312,-270878.277696,172748.579328,-270878.277696,172748.579328,391303,b7c04186fa37e35a
50,2i,7,40,9501400000,9501600000,200000,189293,189293,0,295540,0,-249112.98432,158827.25376,-249112.98432,158827.25376,-211860.40832,135076.08576,-211860.40832,135076.08576,295540,b7c04186fa37e35a
50,2i,7,41,9501400000,9501600000,200000,193711,193711,0,206977,0,-174523.0064,111270.8352,-174523.0064,111270.8352,-152735.5616,97379.7888,-152735.5616,97379.7888,206977,b7c04186fa37e35a
50,2i,7,42,9501400000,9501600000,200000,196582,196582,0,134678,0,-113560.4896,72402.8928,-113560.4896,72402.8928,-101674.7424,64824.8832,-101674.7424,64824.8832,134678,b7c04186fa37e35a
50,2i,7,43,9501400000,9501600000,200000,198344,198344,0,82584,0,-69634.8288,44397.1584,-69634.8288,44397.1584,-63885.8912,40731.8016,-63885.8912,40731.8016,82584,b7c04186fa37e35a
50,2i,7,44,9501400000,9501600000,200000,199318,199318,0,45532,0,-38392.5824,24478.0032,-38392.5824,24478.0032,-36136.1792,23039.3856,-36136.1792,23039.3856,45532,b7c04186fa37e35a
50,2i,7,45,9501400000,9501600000,200000,199764,199764,0,20995,0,-17702.984,11286.912,-17702.984,11286.912,-16923.024,10789.632,-16923.024,10789.632,20995,b7c04186fa37e35a
50,2i,7,46,9501400000,9501600000,200000,199949,199949,0,8714,0,-7347.6448,4684.6464,-7347.6448,4684.6464,-7175.632,4574.976,-7175.632,4574.976,8714,b7c04186fa37e35a
50,2i,7,47,9501400000,9501600000,200000,200000,200000,0,2397,0,-2021.1504,1288.6272,-2021.1504,1288.6272,-2021.1504,1288.6272,-2021.1504,1288.6272,2397,b7c04186fa37e35a
50,2i,7,48,9501400000,9501600000,200000,200000,200000,0,0,0,0,0,0,0,0,0,0,0,0,b7c04186fa37e35a
50,2i,7,49,9501400000,9501600000,200000,200000,200000,0,0,0,0,0,0,0,0,0,0,0,0,b7c04186fa37e35a
50,2i,7,50,9501400000,9501600000,200000,200000,200000,0,0,0,0,0,0,0,0,0,0,0,0,b7c04186fa37e35a
50,2i,8,0,9501600000,9501800000,200000,-200000,200000,0,0,0,0,0,0,0,0,0,0,0,0,3516bf118968430f
50,2i,8,1,9501600000,9501800000,200000,-200000,200000,0,0,0,0,0,0,0,0,0,0,0,0,3516bf118968430f
50,2i,8,2,9501600000,9501800000,200000,-200000,200000,0,0,0,0,0,0,0,0,0,0,0,0,3516bf118968430f
50,2i,8,3,9501600000,9501800000,200000,-200000,200000,0,0,0,0,0,0,0,0,0,0,0,0,3516bf118968430f
50,2i,8,4,9501600000,9501800000,200000,-200000,200000,0,0,0,0,0,0,0,0,0,0,0,0,3516bf118968430f
50,2i,8,5,9501600000,9501800000,200000,-200000,200000,0,0,0,0,0,0,0,0,0,0,0,0,3516bf118968430f
50,2i,8,6,9501600000,9501800000,200000,-200000,200000,0,0,0,0,0,0,0,0,0,0,0,0,3516bf118968430f
50,2i,8,7,9501600000,9501800000,200000,-200000,200000,43,0,0,-36.2576,23.1168,36.2576,-23.1168,36.2576,-23.1168,-36.2576,23.1168,43,3516bf118968430f
50,2i,8,8,9501600000,9501800000,200000,-199999,199999,638,0,0,-537.9616,342.9888,537.9616,-342.9888,531.216,-338.688,-531.216,338.688,638,3516bf118968430f
50,2i,8,9,9501600000,9501800000,200000,-199984,199984,1037,0,0,-874.3984,557.4912,874.3984,-557.4912,760.5664,-484.9152,-760.5664,484.9152,1037,3516bf118968430f
50,2i,8,10,9501600000,9501800000,200000,-199962,199962,3380,0,0,-2850.016,1817.088,2850.016,-1817.088,2664.512,-1698.816,-2664.512,1698.816,3380,3516bf118968430f
50,2i,8,11,9501600000,9501800000,200000,-199883,199883,8357,0,0,-7046.6224,4492.7232,7046.6224,-4492.7232,6313.8816,-4025.5488,-6313.8816,4025.5488,8357,3516bf118968430f
50,2i,8,12,9501600000,9501800000,200000,-199691,199691,14692,0,0,-12388.2944,7898.4192,12388.2944,-7898.4192,10445.5616,-6659.7888,-10445.5616,6659.7888,14692,3516bf118968430f
50,2i,8,13,9501600000,9501800000,200000,-199365,199365,25291,0,0,-21325.3712,13596.4416,21325.3712,-13596.4416,17751.8896,-11318.0928,-17751.8896,11318.0928,25291,3516bf118968430f
50,2i,8,14,9501600000,9501800000,200000,-198796,198796,41842,0,0,-35281.1744,22494.2592,35281.1744,-22494.2592,28564.2432,-18211.7376,-28564.2432,18211.7376,41842,3516bf118968430f
50,2i,8,15,9501600000,9501800000,200000,-197855,197855,63745,0,0,-53749.784,34269.312,53749.784,-34269.312,41848.016,-26681.088,-41848.016,26681.088,63745,3516bf118968430f
50,2i,8,16,9501600000,9501800000,200000,-196437,196437,101126,0,0,-85250.2944,54314.4192,85250.2944,-54314.4192,66119.7728,-42117.3504,-66119.7728,42117.3504,101126,3516bf118968430f
50,2i,8,17,9501600000,9501800000,200000,-194130,194130,141255,0,0,-119096.6416,75913.2288,119096.6416,-75913.2288,86036.7552,-54854.5536,-86036.7552,54854.5536,141255,3516bf118968430f
50,2i,8,18,9501600000,9501800000,200000,-191038,191038,191880,0,0,-161637.043712,103018.684416,161637.043712,-103018.684416,114707.904512,-73098.018816,-114707.904512,73098.018816,191880,3516bf118968430f
50,2i,8,19,9501600000,9501800000,200000,-186781,186781,258172,62,0,-217030.475136,138315.445248,216960.836736,-138341.634048,148887.837632,-94926.590976,-148887.837632,94926.590976,258234,3516bf118968430f
50,2i,8,20,9501600000,9501800000,200000,-181060,181064,342560,250,0,-287027.39392,183216.70656,286628.32192,-183007.81056,190748.72448,-121877.74464,-190793.65248,121860.84864,342810,3516bf118968430f
50,2i,8,21,9501600000,9501800000,200000,-173447,173465,444216,1539,58,-371910.84448,237121.90464,369973.94656,-235754.92608,237278.613184,-151050.880512,-237526.513984,151208.934912,445755,3516bf118968430f
50,2i,8,22,9501600000,9501800000,200000,-163589,163703,559436,3828,296,-466097.71264,297077.09952,461297.23904,-294171.29472,282958.325248,-180515.364864,-284239.633408,181432.479744,563264,3516bf118968430f
50,2i,8,23,9501600000,9501800000,200000,-151218,151530,671677,9675,882,-556286.699008,354698.540544,543867.573888,-347112.912384,315675.46048,-201431.79264,-318566.20352,203065.35936,681352,3516bf118968430f
50,2i,8,24,9501600000,9501800000,200000,-136521,137381,795328,22462,2056,-655370.694272,418437.482496,627119.113088,-400356.777984,355124.8832,-226975.2576,-363594.55616,232265.97888,817790,3516bf118968430f
50,2i,8,25,9501600000,9501800000,200000,-118634,120716,916325,55150,3850,-759132.2992,485395.5456,689140.7536,-441624.8448,369087.8016,-236572.1088,-388108.8672,248870.1696,971475,3516bf118968430f
50,2i,8,26,9501600000,9501800000,200000,-97662,102934,992130,119278,6940,-843487.070976,539679.802368,687091.464192,-442179.757056,345042.350208,-222134.022144,-398051.649408,254865.567744,1111408,3516bf118968430f
50,2i,8,27,9501600000,9501800000,200000,-74073,85829,1012888,221302,11358,-906333.935872,581979.511296,615397.90336,-393640.78848,284720.746816,-183065.599488,-401030.342848,255930.161664,1234190,3516bf118968430f
50,2i,8,28,9501600000,9501800000,200000,-48104,71492,970998,368702,15292,-957678.938624,615618.450432,466913.743104,-295429.635072,188588.281472,-118020.612096,-401176.986752,258597.851136,1339700,3516bf118968430f
50,2i,8,29,9501600000,9501800000,200000,-20260,62362,860951,553740,18386,-997386.36,637332.48,238737.107648,-150954.968064,46009.2112,-27537.5616,-412696.40288,264298.27584,1414691,3516bf118968430f
50,2i,8,30,9501600000,9501800000,200000,8655,60341,695600,755670,20980,-1017084.16576,647769.03168,-43049.73632,28278.38976,-120602.55296,77006.56128,-439343.248,279588.864,1451270,3516bf118968430f
50,2i,8,31,9501600000,9501800000,200000,37846,66376,496858,930582,20024,-1009929.251968,642425.101824,-327706.813824,209789.164032,-293558.597952,188258.612736,-481732.958784,306891.981312,1427440,3516bf118968430f
50,2i,8,32,9501600000,9501800000,200000,65347,79357,304950,1031670,15108,-970870.004224,616876.511232,-555933.25696,355198.43328,-424547.5168,269747.9424,-522559.024768,331622.452224,1336620,3516bf118968430f
50,2i,8,33,9501600000,9501800000,200000,90713,96653,164163,1057234,9873,-917396.905536,586363.112448,-696330.779712,446428.732416,-510699.47904,326563.61472,-552077.840256,353061.393408,1221397,3516bf118968430f
50,2i,8,34,9501600000,9501800000,200000,113320,115612,75168,1008190,4558,-844363.086464,540008.343552,-743160.525696,475689.443328,-541727.446784,347505.165312,-560173.28512,358828.50816,1083358,3516bf118968430f
50,2i,8,35,9501600000,9501800000,200000,132990,133638,32655,910195,2105,-759764.71552,483476.17536,-714300.39552,455582.41536,-528593.00096,336805.02528,-533707.0496,339928.9728,942850,3516bf118968430f
50,2i,8,36,9501600000,9501800000,200000,149950,150080,10080,792182,1006,-659474.035072,419605.456896,-646119.658112,411450.863616,-493577.742464,314460.951552,-494658.402688,315118.070784,802262,3516bf118968430f
50,2i,8,37,9501600000,9501800000,200000,163643,163665,2102,646824,198,-539925.02464,343046.31552,-536930.174848,341250.737664,-419295.921728,266208.405504,-419434.740928,266267.311104,648926,3516bf118968430f
50,2i,8,38,9501600000,9501800000,200000,174588,174594,340,516466,38,-433195.064704,276081.103872,-432728.575104,275870.211072,-347997.814016,221873.369088,-348058.524416,221912.076288,516806,3516bf118968430f
50,2i,8,39,9501600000,9501800000,200000,182996,182996,117,395918,0,-333526.843712,212425.084416,-333329.534912,212299.286016,-276034.364736,175769.538048,-276034.364736,175769.538048,396035,3516bf118968430f
50,2i,8,40,9501600000,9501800000,200000,189189,189189,0,291720,0,-245805.61664,156718.57152,-245805.61664,156718.57152,-208704.81664,133064.17152,-208704.81664,133064.17152,291720,3516bf118968430f
50,2i,8,41,9501600000,9501800000,200000,193589,193589,0,206572,0,-174181.5104,111053.1072,-174181.5104,111053.1072,-152113.28,96983.04,-152113.28,96983.04,206572,3516bf118968430f
50,2i,8,42,9501600000,9501800000,200000,196497,196497,0,136584,0,-115167.6288,73427.5584,-115167.6288,73427.5584,-102985.0752,65660.3136,-102985.0752,65660.3136,136584,3516bf118968430f
50,2i,8,43,9501600000,9501800000,200000,198303,198303,0,84602,0,-71336.4064,45482.0352,-71336.4064,45482.0352,-65481.2256,41748.9408,-65481.2256,41748.9408,84602,3516bf118968430f
50,2i,8,44,9501600000,9501800000,200000,199295,199295,0,46492,0,-39202.0544,24994.0992,-39202.0544,24994.0992,-36803.9936,23465.1648,-36803.9936,23465.1648,46492,3516bf118968430f
50,2i,8,45,9501600000,9501800000,200000,199769,199769,0,22205,0,-18723.256,11937.408,-18723.256,11937.408,-17985.456,11467.008,-17985.456,11467.008,22205,3516bf118968430f
50,2i,8,46,9501600000,9501800000,200000,199944,199944,0,8274,0,-6976.6368,4448.1024,-6976.6368,4448.1024,-6787.76,4327.68,-6787.76,4327.68,8274,3516bf118968430f
50,2i,8,47,9501600000,9501800000,200000,200000,200000,0,2632,0,-2219.3024,1414.9632,-2219.3024,1414.9632,-2219.3024,1414.9632,-2219.3024,1414.9632,2632,3516bf118968430f
50,2i,8,48,9501600000,9501800000,200000,200000,200000,0,0,0,0,0,0,0,0,0,0,0,0,3516bf118968430f
50,2i,8,49,9501600000,9501800000,200000,200000,200000,0,0,0,0,0,0,0,0,0,0,0,0,3516bf118968430f
50,2i,8,50,9501600000,9501800000,200000,200000,200000,0,0,0,0,0,0,0,0,0,0,0,0,3516bf118968430f
50,2i,9,0,9501800000,9502000000,200000,-200000,200000,0,0,0,0,0,0,0,0,0,0,0,0,a483b42573b373f4
50,2i,9,1,9501800000,9502000000,200000,-200000,200000,0,0,0,0,0,0,0,0,0,0,0,0,a483b42573b373f4
50,2i,9,2,9501800000,9502000000,200000,-200000,200000,0,0,0,0,0,0,0,0,0,0,0,0,a483b42573b373f4
50,2i,9,3,9501800000,9502000000,200000,-200000,200000,0,0,0,0,0,0,0,0,0,0,0,0,a483b42573b373f4
50,2i,9,4,9501800000,9502000000,200000,-200000,200000,0,0,0,0,0,0,0,0,0,0,0,0,a483b42573b373f4
50,2i,9,5,9501800000,9502000000,200000,-200000,200000,0,0,0,0,0,0,0,0,0,0,0,0,a483b42573b373f4
50,2i,9,6,9501800000,9502000000,200000,-200000,200000,44,0,0,-37.1008,23.6544,37.1008,-23.6544,37.1008,-23.6544,-37.1008,23.6544,44,a483b42573b373f4
50,2i,9,7,9501800000,9502000000,200000,-199999,199999,222,0,0,-187.1904,119.3472,187.1904,-119.3472,181.288,-115.584,-181.288,115.584,222,a483b42573b373f4
50,2i,9,8,9501800000,9502000000,200000,-199994,199994,586,0,0,-494.1152,315.0336,494.1152,-315.0336,460.3872,-293.5296,-460.3872,293.5296,586,a483b42573b373f4
50,2i,9,9,9501800000,9502000000,200000,-199981,199981,1552,0,0,-1308.6464,834.3552,1308.6464,-834.3552,1209.992,-771.456,-1209.992,771.456,1552,a483b42573b373f4
50,2i,9,10,9501800000,9502000000,200000,-199946,199946,4870,0,0,-4106.384,2618.112,4106.384,-2618.112,3811.264,-2429.952,-3811.264,2429.952,4870,a483b42573b373f4
50,2i,9,11,9501800000,9502000000,200000,-199833,199833,7873,0,0,-6638.5136,4232.5248,6638.5136,-4232.5248,5590.416,-3564.288,-5590.416,3564.288,7873,a483b42573b373f4
50,2i,9,12,9501800000,9502000000,200000,-199663,199663,14352,0,0,-12101.6064,7715.6352,12101.6064,-7715.6352,10381.4784,-6618.9312,-10381.4784,6618.9312,14352,a483b42573b373f4
50,2i,9,13,9501800000,9502000000,200000,-199339,199339,25524,0,0,-21521.8368,13721.7024,21521.8368,-13721.7024,17970.2784,-11457.3312,-17970.2784,11457.3312,25524,a483b42573b373f4
50,2i,9,14,9501800000,9502000000,200000,-198763,198763,43308,0,0,-36517.3056,23282.3808,36517.3056,-23282.3808,29717.7408,-18947.1744,-29717.7408,18947.1744,43308,a483b42573b373f4
50,2i,9,15,9501800000,9502000000,200000,-197784,197784,66800,0,0,-56325.76,35911.68,56325.76,-35911.68,43943.368,-28017.024,-43943.368,28017.024,66800,a483b42573b373f4
50,2i,9,16,9501800000,9502000000,200000,-196295,196295,96312,0,0,-81156.035072,51781.456896,81156.035072,-51781.456896,61067.638272,-38973.674496,-61067.638272,38973.674496,96312,a483b42573b373f4
50,2i,9,17,9501800000,9502000000,200000,-194163,194163,140821,0,0,-118694.559936,75658.011648,118694.559936,-75658.011648,88160.7408,-56171.1744,-88160.7408,56171.1744,140821,a483b42573b373f4
50,2i,9,18,9501800000,9502000000,200000,-190994,190994,196466,32,0,-165574.870912,105618.134016,165520.906112,-105583.727616,117460.211712,-74962.108416,-117460.211712,74962.108416,196498,a483b42573b373f4
50,2i,9,19,9501800000,9502000000,200000,-186636,186638,263017,19,0,-221399.668992,141342.483456,221367.627392,-141322.054656,151625.626688,-96813.302784,-151657.668288,96833.731584,263036,a483b42573b373f4
50,2i,9,20,9501800000,9502000000,200000,-180822,180824,346890,150,0,-290974.23872,185846.95296,290721.27872,-185685.67296,193014.43776,-123299.52768,-193014.43776,123299.52768,347040,a483b42573b373f4
50,2i,9,21,9501800000,9502000000,200000,-173130,173142,442814,801,0,-370299.489472,236490.756096,369324.27808,-235868.98944,234613.241344,-149813.755392,-234790.313344,149926.651392,443615,a483b42573b373f4
50,2i,9,22,9501800000,9502000000,200000,-163403,163463,547954,2824,196,-456550.894208,291259.014144,453097.716864,-288993.610752,276471.938816,-176238.655488,-277077.423872,176624.695296,550778,a483b42573b373f4
50,2i,9,23,9501800000,9502000000,200000,-151375,151599,671982,8717,755,-555609.304128,355500.808704,544611.814976,-348006.394368,321590.340544,-206055.700992,-323929.516352,207599.463936,680699,a483b42573b373f4
50,2i,9,24,9501800000,9502000000,200000,-136410,137140,792592,23414,2036,-651667.66144,416782.41792,622056.226688,-397994.102784,346116.090624,-220896.786432,-353812.369152,226186.254336,816006,a483b42573b373f4
50,2i,9,25,9501800000,9502000000,200000,-118839,120903,899800,56100,4025,-745193.1488,475682.9184,673801.44,-429937.92,362457.0944,-231376.8192,-383529.36,244356.48,955900,a483b42573b373f4
50,2i,9,26,9501800000,9502000000,200000,-98174,103392,988024,116458,6974,-837005.495424,537781.112832,687155.930752,-440110.043136,348001.646336,-224526.286848,-400333.867264,258602.237952,1104482,a483b42573b373f4
50,2i,9,27,9501800000,9502000000,200000,-74541,86047,1022104,218058,11595,-912479.080448,586081.918464,624981.641856,-400921.502208,292938.128896,-185969.660928,-402645.140608,257514.169344,1240162,a483b42573b373f4
50,2i,9,28,9501800000,9502000000,200000,-48364,71450,982588,367754,15338,-971764.157568,620304.282624,474965.1616,-304192.5888,191745.887872,-123144.247296,-408186.407552,261459.265536,1350342,a483b42573b373f4
50,2i,9,29,9501800000,9502000000,200000,-20301,62081,862552,550804,18565,-998126.609152,638594.574336,242653.849472,-155647.236096,40198.58432,-26448.05376,-409762.030336,260816.398848,1413356,a483b42573b373f4
50,2i,9,30,9501800000,9502000000,200000,8248,60174,684760,748770,20860,-1000735.63072,642013.60896,-43117.76448,33012.46464,-118241.01568,78244.74624,-433058.00384,276868.10112,1433530,a483b42573b373f4
50,2i,9,31,9501800000,9502000000,200000,37101,66235,495339,928748,18977,-1005602.248256,644029.137408,-326422.50912,214899.74016,-286122.937408,187301.151744,-477336.344896,308564.348928,1424087,a483b42573b373f4
50,2i,9,32,9501800000,9502000000,200000,64977,79157,312308,1037266,16038,-978699.049344,623056.699392,-557364.82368,356871.69024,-429146.683008,274761.452544,-528437.275008,336713.708544,1349574,a483b42573b373f4
50,2i,9,33,9501800000,9502000000,200000,90396,96460,166605,1061131,10254,-921409.166592,585285.920256,-695078.6208,443967.0144,-508124.358528,323878.907904,-552422.15232,351618.67776,1227736,a483b42573b373f4
50,2i,9,34,9501800000,9502000000,200000,113273,115491,77766,1017940,6070,-853790.198912,543188.438016,-749124.256384,476697.818112,-547906.099072,348249.808896,-563976.454016,359260.889088,1095706,a483b42573b373f4
50,2i,9,35,9501800000,9502000000,200000,133141,133811,31005,915190,2735,-760065.35008,484333.88544,-719586.32672,457056.93696,-534403.58208,340065.66144,-539728.704,343255.872,946195,a483b42573b373f4
50,2i,9,36,9501800000,9502000000,200000,149862,150010,10320,784794,1034,-653376.21312,415355.61216,-639447.35424,407094.32832,-486048.985728,309380.757504,-487197.552,309985.536,795114,a483b42573b373f4
50,2i,9,37,9501800000,9502000000,200000,163659,163675,2533,647992,311,-541097.764416,343920.396288,-537996.49824,342280.12032,-422265.332928,268339.567104,-422331.102528,268381.499904,650525,a483b42573b373f4
50,2i,9,38,9501800000,9502000000,200000,174431,174433,266,510518,152,-428156.316672,272882.205696,-427964.067072,272759.632896,-342727.5936,218469.9648,-342727.5936,218469.9648,510784,a483b42573b373f4
50,2i,9,39,9501800000,9502000000,200000,182885,182887,11,397191,11,-334225.021184,212914.624512,-334225.021184,212914.624512,-277330.944384,176640.602112,-277330.944384,176640.602112,397202,a483b42573b373f4
50,2i,9,40,9501800000,9502000000,200000,189021,189021,40,290210,40,-244671.344,155995.392,-244671.344,155995.392,-206887.552,131905.536,-206887.552,131905.536,290250,a483b42573b373f4
50,2i,9,41,9501800000,9502000000,200000,193502,193502,0,210172,0,-177217.0304,112988.4672,-177217.0304,112988.4672,-154913.5472,98768.4096,-154913.5472,98768.4096,210172,a483b42573b373f4
50,2i,9,42,9501800000,9502000000,200000,196441,196441,0,137822,0,-116211.5104,74093.1072,-116211.5104,74093.1072,-104082.9216,66360.2688,-104082.9216,66360.2688,137822,a483b42573b373f4
50,2i,9,43,9501800000,9502000000,200000,198239,198239,0,84538,0,-71282.4416,45447.6288,-71282.4416,45447.6288,-65191.1648,41564.0064,-65191.1648,41564.0064,84538,a483b42573b373f4
50,2i,9,44,9501800000,9502000000,200000,199271,199271,0,48564,0,-40949.1648,26108.0064,-40949.1648,26108.0064,-38288.0256,24411.3408,-38288.0256,24411.3408,48564,a483b42573b373f4
50,2i,9,45,9501800000,9502000000,200000,199797,199797,0,24490,0,-20649.968,13165.824,-20649.968,13165.824,-19958.544,12724.992,-19958.544,12724.992,24490,a483b42573b373f4
50,2i,9,46,9501800000,9502000000,200000,199961,199961,0,7700,0,-6492.64,4139.52,-6492.64,4139.52,-6361.1008,4055.6544,-6361.1008,4055.6544,7700,a483b42573b373f4
50,2i,9,47,9501800000,9502000000,200000,200000,200000,0,1833,0,-1545.5856,985.4208,-1545.5856,985.4208,-1545.5856,985.4208,-1545.5856,985.4208,1833,a483b42573b373f4
50,2i,9,48,9501800000,9502000000,200000,200000,200000,0,0,0,0,0,0,0,0,0,0,0,0,a483b42573b373f4
50,2i,9,49,9501800000,9502000000,200000,200000,200000,0,0,0,0,0,0,0,0,0,0,0,0,a483b42573b373f4
50,2i,9,50,9501800000,9502000000,200000,200000,200000,0,0,0,0,0,0,0,0,0,0,0,0,a483b42573b373f4
50,2i,10,0,9502000000,9502200000,200000,-200000,200000,0,0,0,0,0,0,0,0,0,0,0,0,696393a901fd9b77
50,2i,10,1,9502000000,9502200000,200000,-200000,200000,0,0,0,0,0,0,0,0,0,0,0,0,696393a901fd9b77
50,2i,10,2,9502000000,9502200000,200000,-200000,200000,0,0,0,0,0,0,0,0,0,0,0,0,696393a901fd9b77
50,2i,10,3,9502000000,9502200000,200000,-200000,200000,0,0,0,0,0,0,0,0,0,0,0,0,696393a901fd9b77
50,2i,10,4,9502000000,9502200000,200000,-200000,200000,0,0,0,0,0,0,0,0,0,0,0,0,696393a901fd9b77
50,2i,10,5,9502000000,9502200000,200000,-200000,200000,0,0,0,0,0,0,0,0,0,0,0,0,696393a901fd9b77
50,2i,10,6,9502000000,9502200000,200000,-200000,200000,44,0,0,-37.1008,23.6544,37.1008,-23.6544,37.1008,-23.6544,-37.1008,23.6544,44,696393a901fd9b77
50,2i,10,7,9502000000,9502200000,200000,-199999,199999,136,0,0,-114.6752,73.1136,114.6752,-73.1136,108.7728,-69.3504,-108.7728,69.3504,136,696393a901fd9b77
50,2i,10,8,9502000000,9502200000,200000,-199996,199996,570,0,0,-480.624,306.432,480.624,-306.432,460.3872,-293.5296,-460.3872,293.5296,570,696393a901fd9b77
50,2i,10,9,9502000000,9502200000,200000,-199983,199983,1429,0,0,-1204.9328,768.2304,1204.9328,-768.2304,1106.2784,-705.3312,-1106.2784,705.3312,1429,696393a901fd9b77
50,2i,10,10,9502000000,9502200000,200000,-199951,199951,3600,0,0,-3035.52,1935.36,3035.52,-1935.36,2765.696,-1763.328,-2765.696,1763.328,3600,696393a901fd9b77
50,2i,10,11,9502000000,9502200000,200000,-199869,199869,6869,0,0,-5791.9408,3692.7744,5791.9408,-3692.7744,5031.3744,-3207.8592,-5031.3744,3207.8592,6869,696393a901fd9b77
50,2i,10,12,9502000000,9502200000,200000,-199716,199716,12894,0,0,-10872.2208,6931.8144,10872.2208,-6931.8144,9324.1056,-5944.7808,-9324.1056,5944.7808,12894,696393a901fd9b77
50,2i,10,13,9502000000,9502200000,200000,-199425,199425,25724,0,0,-21690.4768,13829.2224,21690.4768,-13829.2224,18500.6512,-11795.4816,-18500.6512,11795.4816,25724,696393a901fd9b77
50,2i,10,14,9502000000,9502200000,200000,-198832,198832,42862,0,0,-36141.2384,23042.6112,36141.2384,-23042.6112,29140.992,-18579.456,-29140.992,18579.456,42862,696393a901fd9b77
50,2i,10,15,9502000000,9502200000,200000,-197872,197872,65990,0,0,-55642.768,35476.224,55642.768,-35476.224,43500.688,-27734.784,-43500.688,27734.784,65990,696393a901fd9b77
50,2i,10,16,9502000000,9502200000,200000,-196398,196398,97568,0,0,-82269.3376,52452.5568,82269.3376,-52452.5568,62383.3088,-39773.7984,-62383.3088,39773.7984,97568,696393a901fd9b77
50,2i,10,17,9502000000,9502200000,200000,-194222,194222,139259,0,0,-117370.540864,74869.642752,117370.540864,-74869.642752,86178.886464,-54982.743552,-86178.886464,54982.743552,139259,696393a901fd9b77
50,2i,10,18,9502000000,9502200000,200000,-191123,191123,194950,0,0,-164076.823168,104631.143424,164076.823168,-104631.143424,117070.157824,-74640.556032,-117070.157824,74640.556032,194950,696393a901fd9b77
50,2i,10,19,9502000000,9502200000,200000,-186774,186774,269437,0,0,-226489.894592,144403.424256,226489.894592,-144403.424256,156979.488384,-100085.594112,-156979.488384,100085.594112,269437,696393a901fd9b77
50,2i,10,20,9502000000,9502200000,200000,-180748,180748,347110,360,0,-291478.61184,186077.44512,290871.50784,-185690.37312,189897.97056,-121312.55808,-189897.97056,121312.55808,347470,696393a901fd9b77
50,2i,10,21,9502000000,9502200000,200000,-173183,173207,446264,977,58,-373382.3888,238291.2384,371832.5872,-237303.1296,239466.422208,-152742.918144,-239891.395008,153013.868544,447241,696393a901fd9b77
50,2i,10,22,9502000000,9502200000,200000,-163239,163313,552594,3070,156,-459446.758912,293394.518016,455530.998528,-290770.427904,275236.840576,-175833.735168,-276090.158976,176377.786368,555664,696393a901fd9b77
50,2i,10,23,9502000000,9502200000,200000,-151207,151461,668596,9225,605,-552809.724096,353933.334528,541459.511744,-346530.542592,319438.954432,-204719.333376,-321954.531776,206427.936768,677821,696393a901fd9b77
50,2i,10,24,9502000000,9502200000,200000,-136352,137136,795332,23052,1392,-655166.674944,419880.840192,626164.279296,-401098.288128,351675.201024,-225226.693632,-359528.20992,230288.19456,818384,696393a901fd9b77
50,2i,10,25,9502000000,9502200000,200000,-118588,120656,911075,54825,3400,-754225.232,483547.776,685237.7472,-437514.0096,367638.7984,-234936.6912,-387974.7472,248130.0096,965900,696393a901fd9b77
50,2i,10,26,9502000000,9502200000,200000,-97716,102886,990074,118182,6416,-841329.031936,539374.107648,689303.084544,-438366.292992,347098.215808,-220598.482944,-397695.813248,254752.548864,1108256,696393a901fd9b77
50,2i,10,27,9502000000,9502200000,200000,-74150,85808,1018492,223403,10756,-912449.900224,584305.439232,621773.827392,-394843.654656,291111.775616,-184584.357888,-405218.669312,259794.825216,1241895,696393a901fd9b77
50,2i,10,28,9502000000,9502200000,200000,-47819,71287,983328,373614,15040,-971029.576832,622204.056576,472530.92032,-300982.90176,190450.042624,-121557.522432,-405403.82592,260646.08256,1356942,696393a901fd9b77
50,2i,10,29,9502000000,9502200000,200000,-19652,62054,861584,560521,18295,-1003746.397248,643876.260864,233194.620992,-148851.219456,38866.79296,-24414.88128,-412630.489472,264498.756096,1422105,696393a901fd9b77
50,2i,10,30,9502000000,9502200000,200000,9170,60468,682980,760400,21110,-1014376.29184,649799.68512,-54359.51488,37401.89184,-125909.72736,82268.82048,-440930.38656,281932.84608,1443380,696393a901fd9b77
50,2i,10,31,9502000000,9502200000,200000,38106,66718,490276,930019,20117,-1009000.933056,645024.503808,-332930.197568,214735.002624,-295074.805056,189919.799808,-482863.518784,310730.061312,1420295,696393a901fd9b77
50,2i,10,32,9502000000,9502200000,200000,65647,79665,307142,1032432,15722,-974314.957952,621951.092736,-560189.68128,354619.60704,-426016.536832,270477.336576,-523866.08512,334338.90816,1339574,696393a901fd9b77
50,2i,10,33,9502000000,9502200000,200000,91106,96942,167201,1060393,9673,-923908.036096,590030.550528,-700202.400512,445819.746816,-513746.117312,327209.289216,-558060.914368,354340.545024,1227594,696393a901fd9b77
50,2i,10,34,9502000000,9502200000,200000,113897,115945,75756,1010930,5624,-845751.250816,539943.871488,-742148.1184,476790.4512,-544816.635776,349855.008768,-559790.17408,358745.91744,1086686,696393a901fd9b77
50,2i,10,35,9502000000,9502200000,200000,133384,134012,28285,905100,2145,-750755.82112,477276.95616,-713302.92768,454866.76224,-526252.0976,335540.2368,-530950.376,338501.568,933385,696393a901fd9b77
50,2i,10,36,9502000000,9502200000,200000,150140,150310,9196,784770,766,-652531.72928,413926.87104,-640136.106624,406073.874432,-487667.652992,309349.395456,-488787.407488,310095.197184,793966,696393a901fd9b77
50,2i,10,37,9502000000,9502200000,200000,163765,163799,2724,643036,446,-538039.168768,341616.244224,-534850.939392,339499.270656,-417738.156992,264947.667456,-417967.0352,265093.5936,645760,696393a901fd9b77
50,2i,10,38,9502000000,9502200000,200000,174660,174662,608,514586,114,-432086.998656,275242.564608,-431417.970048,274816.011264,-346654.877184,220800.832512,-346654.877184,220800.832512,515194,696393a901fd9b77
50,2i,10,39,9502000000,9502200000,200000,183092,183094,11,397092,0,-334119.839296,212936.368128,-334101.288896,212924.540928,-276557.948096,176236.566528,-276576.498496,176248.393728,397103,696393a901fd9b77
50,2i,10,40,9502000000,9502200000,200000,189297,189297,40,292010,0,-246256.56,157006.08,-246189.104,156963.072,-209248.512,133410.816,-209248.512,133410.816,292050,696393a901fd9b77
50,2i,10,41,9502000000,9502200000,200000,193682,193682,0,205444,0,-173230.3808,110446.6944,-173230.3808,110446.6944,-151594.712,96652.416,-151594.712,96652.416,205444,696393a901fd9b77
50,2i,10,42,9502000000,9502200000,200000,196533,196533,0,133550,0,-112609.36,71796.48,-112609.36,71796.48,-100966.4544,64373.2992,-100966.4544,64373.2992,133550,696393a901fd9b77
50,2i,10,43,9502000000,9502200000,200000,198259,198259,0,81330,0,-68577.456,43723.008,-68577.456,43723.008,-62580.6176,39899.5968,-62580.6176,39899.5968,81330,696393a901fd9b77
50,2i,10,44,9502000000,9502200000,200000,199275,199275,0,47632,0,-40163.3024,25606.9632,-40163.3024,25606.9632,-37694.4128,24032.8704,-37694.4128,24032.8704,47632,696393a901fd9b77
50,2i,10,45,9502000000,9502200000,200000,199763,199763,0,22900,0,-19309.28,12311.04,-19309.28,12311.04,-18516.672,11805.696,-18516.672,11805.696,22900,696393a901fd9b77
50,2i,10,46,9502000000,9502200000,200000,199951,199951,0,8844,0,-7457.2608,4754.5344,-7457.2608,4754.5344,-7291.9936,4649.1648,-7291.9936,4649.1648,8844,696393a901fd9b77
50,2i,10,47,9502000000,9502200000,200000,200000,200000,0,2303,0,-1941.8896,1238.0928,-1941.8896,1238.0928,-1941.8896,1238.0928,-1941.8896,1238.0928,2303,696393a901fd9b77
50,2i,10,48,9502000000,9502200000,200000,200000,200000,0,0,0,0,0,0,0,0,0,0,0,0,696393a901fd9b77
50,2i,10,49,9502000000,9502200000,200000,200000,200000,0,0,0,0,0,0,0,0,0,0,0,0,696393a901fd9b77
50,2i,10,50,9502000000,9502200000,200000,200000,200000,0,0,0,0,0,0,0,0,0,0,0,0,696393a901fd9b77
50,2i,11,0,9502200000,9502400000,200000,-200000,200000,0,0,0,0,0,0,0,0,0,0,0,0,423e7ea430e1d9d2
50,2i,11,1,9502200000,9502400000,200000,-200000,200000,0,0,0,0,0,0,0,0,0,0,0,0,423e7ea430e1d9d2
50,2i,11,2,9502200000,9502400000,200000,-200000,200000,0,0,0,0,0,0,0,0,0,0,0,0,423e7ea430e1d9d2
50,2i,11,3,9502200000,9502400000,200000,-200000,200000,0,0,0,0,0,0,0,0,0,0,0,0,423e7ea430e1d9d2
50,2i,11,4,9502200000,9502400000,200000,-200000,200000,0,0,0,0,0,0,0,0,0,0,0,0,423e7ea430e1d9d2
50,2i,11,5,9502200000,9502400000,200000,-200000,200000,0,0,0,0,0,0,0,0,0,0,0,0,423e7ea430e1d9d2
50,2i,11,6,9502200000,9502400000,200000,-200000,200000,88,0,0,-74.2016,47.3088,74.2016,-47.3088,74.2016,-47.3088,-74.2016,47.3088,88,423e7ea430e1d9d2
50,2i,11,7,9502200000,9502400000,200000,-199998,199998,143,0,0,-120.5776,76.8768,120.5776,-76.8768,108.7728,-69.3504,-108.7728,69.3504,143,423e7ea430e1d9d2
50,2i,11,8,9502200000,9502400000,200000,-199995,199995,528,0,0,-445.2096,283.8528,445.2096,-283.8528,424.9728,-270.9504,-424.9728,270.9504,528,423e7ea430e1d9d2
50,2i,11,9,9502200000,9502400000,200000,-199983,199983,1461,0,0,-1231.9152,785.4336,1231.9152,-785.4336,1140.8496,-727.3728,-1140.8496,727.3728,1461,423e7ea430e1d9d2
50,2i,11,10,9502200000,9502400000,200000,-199950,199950,4290,0,0,-3617.328,2306.304,3617.328,-2306.304,3339.072,-2128.896,-3339.072,2128.896,4290,423e7ea430e1d9d2
50,2i,11,11,9502200000,9502400000,200000,-199851,199851,7719,0,0,-6508.6608,4149.7344,6508.6608,-4149.7344,5590.416,-3564.288,-5590.416,3564.288,7719,423e7ea430e1d9d2
50,2i,11,12,9502200000,9502400000,200000,-199681,199681,14314,0,0,-12069.5648,7695.2064,12069.5648,-7695.2064,10349.4368,-6598.5024,-10349.4368,6598.5024,14314,423e7ea430e1d9d2
50,2i,11,13,9502200000,9502400000,200000,-199358,199358,27213,0,0,-22946.0016,14629.7088,22946.0016,-14629.7088,19405.4048,-12372.3264,-19405.4048,12372.3264,27213,423e7ea430e1d9d2
50,2i,11,14,9502200000,9502400000,200000,-198736,198736,40964,0,0,-34540.8448,22022.2464,34540.8448,-22022.2464,27198.2592,-17340.8256,-27198.2592,17340.8256,40964,423e7ea430e1d9d2
50,2i,11,15,9502200000,9502400000,200000,-197840,197840,66220,0,0,-55836.704,35599.872,55836.704,-35599.872,44504.096,-28374.528,-44504.096,28374.528,66220,423e7ea430e1d9d2
50,2i,11,16,9502200000,9502400000,200000,-196332,196332,99336,0,0,-83705.871872,53407.159296,83705.871872,-53407.159296,63361.142272,-40435.946496,-63361.142272,40435.946496,99336,423e7ea430e1d9d2
50,2i,11,17,9502200000,9502400000,200000,-194120,194120,141950,0,0,-119612.4704,76318.3872,119612.4704,-76318.3872,87931.899264,-56100.413952,-87931.899264,56100.413952,141950,423e7ea430e1d9d2
50,2i,11,18,9502200000,9502400000,200000,-190958,190958,196756,0,0,-165773.837056,105785.975808,165773.837056,-105785.975808,117810.982912,-75185.750016,-117810.982912,75185.750016,196756,423e7ea430e1d9d2
50,2i,11,19,9502200000,9502400000,200000,-186588,186588,263202,155,31,-221600.598592,141435.296256,221391.484992,-141301.971456,151545.770688,-96727.094784,-151545.770688,96727.094784,263357,423e7ea430e1d9d2
50,2i,11,20,9502200000,9502400000,200000,-180771,180781,347300,160,20,-291525.52576,186141.51168,291289.42976,-185990.98368,193568.5568,-123618.6624,-193703.4688,123704.6784,347460,423e7ea430e1d9d2
50,2i,11,21,9502200000,9502400000,200000,-173067,173081,442491,999,87,-370050.77376,236506.37568,368790.375168,-235504.679424,233839.951104,-149419.779072,-233910.779904,149464.937472,443490,423e7ea430e1d9d2
50,2i,11,22,9502200000,9502400000,200000,-163353,163433,545090,3274,206,-453684.340224,290187.359232,449293.923328,-287174.114304,273615.224576,-174947.847168,-274517.656832,175673.496576,548364,423e7ea430e1d9d2
50,2i,11,23,9502200000,9502400000,200000,-151401,151663,666895,8951,709,-549851.334144,351896.865792,538753.700864,-344584.522752,317743.94752,-203295.95136,-320609.07776,205175.04768,675846,423e7ea430e1d9d2
50,2i,11,24,9502200000,9502400000,200000,-136551,137321,794774,23750,1932,-653987.826176,418086.355968,623979.911424,-398257.400832,351612.52288,-224214.43584,-358930.30336,229043.98848,818524,423e7ea430e1d9d2
50,2i,11,25,9502200000,9502400000,200000,-118777,120905,906750,56425,3275,-752600.552,480889.536,678672.3664,-432787.3152,363120.6128,-231714.4704,-384938.0496,246136.9728,963175,423e7ea430e1d9d2
50,2i,11,26,9502200000,9502400000,200000,-98024,103308,987358,115164,6058,-836168.62016,535166.33088,687339.799424,-437617.784832,345666.115968,-220395.853824,-399861.29472,255422.76096,1102522,423e7ea430e1d9d2
50,2i,11,27,9502200000,9502400000,200000,-74568,86030,1011082,216872,10796,-899617.088512,578506.530816,618025.579008,-395622.380544,286230.741632,-184248.062976,-392693.588864,254584.906752,1227954,423e7ea430e1d9d2
50,2i,11,28,9502200000,9502400000,200000,-48714,71782,969902,365324,15596,-950306.42496,611541.85728,466030.635648,-299142.872064,188310.18688,-119719.58784,-401510.297472,256733.700096,1335226,423e7ea430e1d9d2
50,2i,11,29,9502200000,9502400000,200000,-20927,62435,867093,551300,19187,-994707.0128,638989.6704,247576.170048,-154873.611264,53732.756672,-33220.125696,-411059.787712,264409.276416,1418393,423e7ea430e1d9d2
50,2i,11,30,9502200000,9502400000,200000,8243,60305,699660,754860,20190,-1016269.26464,651894.63552,-35232.02816,23886.07488,-119907.3504,79250.2272,-436955.23776,282073.92768,1454520,423e7ea430e1d9d2
50,2i,11,31,9502200000,9502400000,200000,37214,66260,497348,923804,18358,-1004387.533824,641598.124032,-319808.676096,202514.070528,-286767.679936,181350.171648,-479922.312256,306057.489408,1421152,423e7ea430e1d9d2
50,2i,11,32,9502200000,9502400000,200000,64743,78989,310492,1029040,14450,-973053.950464,623251.095552,-548891.113216,350316.914688,-420054.034048,268932.363264,-518903.806336,331833.166848,1339532,423e7ea430e1d9d2
50,2i,11,33,9502200000,9502400000,200000,90221,96279,168048,1058371,9482,-922439.141696,589951.331328,-696912.415552,446735.809536,-512253.88288,327786.91584,-556556.026496,355684.297728,1226419,423e7ea430e1d9d2
50,2i,11,34,9502200000,9502400000,200000,112906,115088,77732,1009638,5042,-847071.558784,541616.781312,-742551.833472,476294.148096,-542583.928832,348451.992576,-558499.366912,357979.862016,1087370,423e7ea430e1d9d2
50,2i,11,35,9502200000,9502400000,200000,132661,133363,29905,915230,2420,-759380.71776,482986.56768,-718894.52576,458733.51168,-531505.14496,338974.81728,-537176.31616,342385.65888,945135,423e7ea430e1d9d2
50,2i,11,36,9502200000,9502400000,200000,149575,149743,10620,790364,1048,-657922.918912,417933.398016,-642908.843008,408948.332544,-490810.906368,312032.001024,-492214.171392,312831.046656,800984,423e7ea430e1d9d2
50,2i,11,37,9502200000,9502400000,200000,163295,163319,2794,647638,296,-541565.043712,344122.684416,-537637.18272,341871.14496,-419849.21664,266883.37152,-420068.44864,267023.14752,650432,423e7ea430e1d9d2
50,2i,11,38,9502200000,9502400000,200000,174279,174283,404,518220,0,-435278.94016,276788.09088,-434597.63456,276353.71008,-349703.352576,222268.551168,-349743.826176,222294.355968,518624,423e7ea430e1d9d2
50,2i,11,39,9502200000,9502400000,200000,182715,182715,78,397885,0,-335159.766848,213554.993664,-335028.227648,213471.128064,-276947.768448,176440.702464,-276947.768448,176440.702464,397963,423e7ea430e1d9d2
50,2i,11,40,9502200000,9502400000,200000,188984,188984,0,295730,0,-249359.536,158984.448,-249359.536,158984.448,-211440.832,134808.576,-211440.832,134808.576,295730,423e7ea430e1d9d2
50,2i,11,41,9502200000,9502400000,200000,193481,193481,0,211440,0,-178286.208,113670.144,-178286.208,113670.144,-155466.6864,99121.0752,-155466.6864,99121.0752,211440,423e7ea430e1d9d2
50,2i,11,42,9502200000,9502400000,200000,196488,196488,0,140678,0,-118619.6896,75628.4928,-118619.6896,75628.4928,-106491.1008,67895.6544,-106491.1008,67895.6544,140678,423e7ea430e1d9d2
50,2i,11,43,9502200000,9502400000,200000,198286,198286,0,84433,0,-71193.9056,45391.1808,-71193.9056,45391.1808,-65191.1648,41564.0064,-65191.1648,41564.0064,84433,423e7ea430e1d9d2
50,2i,11,44,9502200000,9502400000,200000,199303,199303,0,47658,0,-40185.2256,25620.9408,-40185.2256,25620.9408,-37731.5136,24056.5248,-37731.5136,24056.5248,47658,423e7ea430e1d9d2
50,2i,11,45,9502200000,9502400000,200000,199788,199788,0,22630,0,-19081.616,12165.888,-19081.616,12165.888,-18402.84,11733.12,-18402.84,11733.12,22630,423e7ea430e1d9d2
50,2i,11,46,9502200000,9502400000,200000,199949,199949,0,7610,0,-6416.752,4091.136,-6416.752,4091.136,-6244.7392,3981.4656,-6244.7392,3981.4656,7610,423e7ea430e1d9d2
50,2i,11,47,9502200000,9502400000,200000,200000,200000,0,2397,0,-2021.1504,1288.6272,-2021.1504,1288.6272,-2021.1504,1288.6272,-2021.1504,1288.6272,2397,423e7ea430e1d9d2
50,2i,11,48,9502200000,9502400000,200000,200000,200000,0,0,0,0,0,0,0,0,0,0,0,0,423e7ea430e1d9d2
50,2i,11,49,9502200000,9502400000,200000,200000,200000,0,0,0,0,0,0,0,0,0,0,0,0,423e7ea430e1d9d2
50,2i,11,50,9502200000,9502400000,200000,200000,200000,0,0,0,0,0,0,0,0,0,0,0,0,423e7ea430e1d9d2
50,2i,12,0,9502400000,9502600000,200000,-200000,200000,0,0,0,0,0,0,0,0,0,0,0,0,dcd0bf3912b79668
50,2i,12,1,9502400000,9502600000,200000,-200000,200000,0,0,0,0,0,0,0,0,0,0,0,0,dcd0bf3912b79668
50,2i,12,2,9502400000,9502600000,200000,-200000,200000,0,0,0,0,0,0,0,0,0,0,0,0,dcd0bf3912b79668
50,2i,12,3,9502400000,9502600000,200000,-200000,200000,0,0,0,0,0,0,0,0,0,0,0,0,dcd0bf3912b79668
50,2i,12,4,9502400000,9502600000,200000,-200000,200000,0,0,0,0,0,0,0,0,0,0,0,0,dcd0bf3912b79668
50,2i,12,5,9502400000,9502600000,200000,-200000,200000,0,0,0,0,0,0,0,0,0,0,0,0,dcd0bf3912b79668
50,2i,12,6,9502400000,9502600000,200000,-200000,200000,44,0,0,-37.1008,23.6544,37.1008,-23.6544,37.1008,-23.6544,-37.1008,23.6544,44,dcd0bf3912b79668
50,2i,12,7,9502400000,9502600000,200000,-199999,199999,179,0,0,-150.9328,96.2304,150.9328,-96.2304,145.0304,-92.4672,-145.0304,92.4672,179,dcd0bf3912b79668
50,2i,12,8,9502400000,9502600000,200000,-199995,199995,578,0,0,-487.3696,310.7328,487.3696,-310.7328,460.3872,-293.5296,-460.3872,293.5296,578,dcd0bf3912b79668
50,2i,12,9,9502400000,9502600000,200000,-199982,199982,1429,0,0,-1204.9328,768.2304,1204.9328,-768.2304,1106.2784,-705.3312,-1106.2784,705.3312,1429,dcd0bf3912b79668
50,2i,12,10,9502400000,9502600000,200000,-199950,199950,4400,0,0,-3710.08,2365.44,3710.08,-2365.44,3440.256,-2193.408,-3440.256,2193.408,4400,dcd0bf3912b79668
50,2i,12,11,9502400000,9502600000,200000,-199848,199848,8181,0,0,-6898.2192,4398.1056,6898.2192,-4398.1056,5952.1488,-3794.9184,-5952.1488,3794.9184,8181,dcd0bf3912b79668
50,2i,12,12,9502400000,9502600000,200000,-199667,199667,15130,0,0,-12757.616,8133.888,12757.616,-8133.888,10926.1856,-6966.2208,-10926.1856,6966.2208,15130,dcd0bf3912b79668
50,2i,12,13,9502400000,9502600000,200000,-199326,199326,24894,0,0,-20990.6208,13383.0144,20990.6208,-13383.0144,17252.7152,-10999.8336,-17252.7152,10999.8336,24894,dcd0bf3912b79668
50,2i,12,14,9502400000,9502600000,200000,-198773,198773,41834,0,0,-35274.4288,22489.9584,35274.4288,-22489.9584,28746.3744,-18327.8592,-28746.3744,18327.8592,41834,dcd0bf3912b79668
50,2i,12,15,9502400000,9502600000,200000,-197826,197826,65095,0,0,-54888.104,34995.072,54888.104,-34995.072,42910.448,-27358.464,-42910.448,27358.464,65095,dcd0bf3912b79668
50,2i,12,16,9502400000,9502600000,200000,-196372,196372,98030,0,0,-82658.896,52700.928,82658.896,-52700.928,63042.6912,-40194.2016,-63042.6912,40194.2016,98030,dcd0bf3912b79668
50,2i,12,17,9502400000,9502600000,200000,-194173,194173,141267,0,0,-119116.3344,75945.1392,119116.3344,-75945.1392,87594.9888,-55848.0384,-87594.9888,55848.0384,141267,dcd0bf3912b79668
50,2i,12,18,9502400000,9502600000,200000,-191025,191025,196792,0,0,-165730.804224,105810.911232,165730.804224,-105810.911232,117951.719424,-75348.344832,-117951.719424,75348.344832,196792,dcd0bf3912b79668
50,2i,12,19,9502400000,9502600000,200000,-186646,186646,265946,31,0,-223501.772736,142761.282048,223449.494336,-142727.950848,153441.800128,-98006.536704,-153441.800128,98006.536704,265977,dcd0bf3912b79668
50,2i,12,20,9502400000,9502600000,200000,-180750,180752,349050,200,30,-292675.4208,186749.4144,292484.45632,-186559.34976,193568.3648,-123413.6064,-193602.0928,123435.1104,349250,dcd0bf3912b79668
50,2i,12,21,9502400000,9502600000,200000,-173039,173053,448122,648,137,-374572.709504,239005.750272,373810.631168,-238538.087424,238626.977408,-152315.871744,-238737.042944,152433.864192,448770,dcd0bf3912b79668
50,2i,12,22,9502400000,9502600000,200000,-163148,163198,559730,3112,256,-465646.400128,298219.336704,461459.228288,-295599.811584,282236.38784,-181182.21312,-282731.01824,181447.48032,562842,dcd0bf3912b79668
50,2i,12,23,9502400000,9502600000,200000,-150818,151062,674452,8657,597,-556962.638016,356805.401088,545959.621568,-349359.834624,317904.365632,-203178.494976,-320937.524672,205112.349696,683109,dcd0bf3912b79668
50,2i,12,24,9502400000,9502600000,200000,-136021,136741,787646,22950,1526,-647682.923264,414194.045952,619420.82432,-395200.37376,346079.98592,-220784.96256,-353164.303616,225684.261888,810596,dcd0bf3912b79668
50,2i,12,25,9502400000,9502600000,200000,-118503,120549,894125,55100,3450,-740051.8832,474511.2576,671136.536,-429320.448,359237.4448,-230491.0464,-379600.696,244043.328,949225,dcd0bf3912b79668
50,2i,12,26,9502400000,9502600000,200000,-98052,103180,980516,113194,6454,-829121.650304,530074.524672,684422.738048,-437108.235264,347329.27104,-220381.47072,-397823.45088,253285.53984,1093710,dcd0bf3912b79668
50,2i,12,27,9502400000,9502600000,200000,-74636,85858,1018818,216451,11382,-907207.89728,579574.29504,623444.194368,-397083.585024,293187.47776,-188106.24768,-399167.801728,255676.245504,1235269,dcd0bf3912b79668
50,2i,12,28,9502400000,9502600000,200000,-48417,71307,978418,370614,16364,-963666.7136,618450.1248,469378.271488,-298537.949184,186872.874368,-118413.825024,-403304.813952,258317.300736,1349032,dcd0bf3912b79668
50,2i,12,29,9502400000,9502600000,200000,-20467,62199,867104,559376,18961,-1002893.821184,642193.024512,240861.923456,-151862.251008,49764.428352,-30085.479936,-416029.818048,267369.675264,1426480,dcd0bf3912b79668
50,2i,12,30,9502400000,9502600000,200000,8863,60123,701670,763290,21110,-1026435.6608,653685.7344,-42632.70144,28445.13792,-123499.0592,80595.2256,-441881.66656,280899.88608,1464960,dcd0bf3912b79668
50,2i,12,31,9502400000,9502600000,200000,38116,66318,493496,936360,19871,-1015142.925184,644236.096512,-335144.558336,215156.302848,-297105.255552,189188.929536,-483610.580992,307796.499456,1429856,dcd0bf3912b79668
50,2i,12,32,9502400000,9502600000,200000,65643,79519,302062,1036812,14006,-976598.938752,622842.587136,-564991.20448,361046.38464,-430892.530688,274166.774784,-528386.03264,336202.85952,1338874,dcd0bf3912b79668
50,2i,12,33,9502400000,9502600000,200000,91088,96870,164746,1060873,9650,-920507.743552,588746.113536,-699325.488448,448145.662464,-512563.530816,328958.911488,-555007.699008,355826.540544,1225619,dcd0bf3912b79668
50,2i,12,34,9502400000,9502600000,200000,113790,115902,74230,1011110,5262,-844703.246848,538091.633664,-743404.07552,474512.65536,-544056.584704,347184.463872,-560467.419648,357028.184064,1085340,dcd0bf3912b79668
50,2i,12,35,9502400000,9502600000,200000,133382,134014,29590,905175,2365,-751388.05984,477867.90912,-710515.76352,453095.43936,-526432.45664,335683.69152,-531406.05152,338923.02336,934765,dcd0bf3912b79668
50,2i,12,36,9502400000,9502600000,200000,149985,150125,9682,779532,748,-650319.550592,412776.032256,-637189.596032,404304.562176,-484281.714816,307279.423488,-485475.041664,307976.497152,789214,dcd0bf3912b79668
50,2i,12,37,9502400000,9502600000,200000,163664,163686,2287,646342,87,-540810.07008,343694.84544,-537502.815296,341754.736128,-419810.355776,266647.968768,-419963.818176,266745.811968,648629,dcd0bf3912b79668
50,2i,12,38,9502400000,9502600000,200000,174626,174632,340,519980,38,-436311.046912,278054.102016,-435801.754112,277729.391616,-348603.146112,222216.047616,-348663.856512,222254.754816,520320,dcd0bf3912b79668
50,2i,12,39,9502400000,9502600000,200000,183273,183273,117,405778,0,-342094.0944,217792.8192,-341896.7856,217667.0208,-284124.4224,180883.1232,-284124.4224,180883.1232,405895,dcd0bf3912b79668
50,2i,12,40,9502400000,9502600000,200000,189515,189515,0,292430,0,-246486.864,156970.752,-246486.864,156970.752,-210440.064,133988.352,-210440.064,133988.352,292430,dcd0bf3912b79668
50,2i,12,41,9502400000,9502600000,200000,193790,193790,0,200277,0,-168873.5664,107668.9152,-168873.5664,107668.9152,-147791.88,94227.84,-147791.88,94227.84,200277,dcd0bf3912b79668
50,2i,12,42,9502400000,9502600000,200000,196568,196568,0,130572,0,-110098.3104,70195.5072,-110098.3104,70195.5072,-98381.2032,62725.0176,-98381.2032,62725.0176,130572,dcd0bf3912b79668
50,2i,12,43,9502400000,9502600000,200000,198305,198305,0,81782,0,-68958.5824,43966.0032,-68958.5824,43966.0032,-62979.4512,40153.8816,-62979.4512,40153.8816,81782,dcd0bf3912b79668
50,2i,12,44,9502400000,9502600000,200000,199318,199318,0,47326,0,-39905.2832,25442.4576,-39905.2832,25442.4576,-37583.1104,23961.9072,-37583.1104,23961.9072,47326,dcd0bf3912b79668
50,2i,12,45,9502400000,9502600000,200000,199777,199777,0,21535,0,-18158.312,11577.216,-18158.312,11577.216,-17416.296,11104.128,-17416.296,11104.128,21535,dcd0bf3912b79668
50,2i,12,46,9502400000,9502600000,200000,199953,199953,0,8284,0,-6985.0688,4453.4784,-6985.0688,4453.4784,-6826.5472,4352.4096,-6826.5472,4352.4096,8284,dcd0bf3912b79668
50,2i,12,47,9502400000,9502600000,200000,200000,200000,0,2209,0,-1862.6288,1187.5584,-1862.6288,1187.5584,-1862.6288,1187.5584,-1862.6288,1187.5584,2209,dcd0bf3912b79668
50,2i,12,48,9502400000,9502600000,200000,200000,200000,0,0,0,0,0,0,0,0,0,0,0,0,dcd0bf3912b79668
50,2i,12,49,9502400000,9502600000,200000,200000,200000,0,0,0,0,0,0,0,0,0,0,0,0,dcd0bf3912b79668
50,2i,12,50,9502400000,9502600000,200000,200000,200000,0,0,0,0,0,0,0,0,0,0,0,0,dcd0bf3912b79668
50,2i,13,0,9502600000,9502800000,200000,-200000,200000,0,0,0,0,0,0,0,0,0,0,0,0,4eac12444272a2d0
50,2i,13,1,9502600000,9502800000,200000,-200000,200000,0,0,0,0,0,0,0,0,0,0,0,0,4eac12444272a2d0
50,2i,13,2,9502600000,9502800000,200000,-200000,200000,0,0,0,0,0,0,0,0,0,0,0,0,4eac12444272a2d0
50,2i,13,3,9502600000,9502800000,200000,-200000,200000,0,0,0,0,0,0,0,0,0,0,0,0,4eac12444272a2d0
50,2i,13,4,9502600000,9502800000,200000,-200000,200000,0,0,0,0,0,0,0,0,0,0,0,0,4eac12444272a2d0
50,2i,13,5,9502600000,9502800000,200000,-200000,200000,0,0,0,0,0,0,0,0,0,0,0,0,4eac12444272a2d0
50,2i,13,6,9502600000,9502800000,200000,-200000,200000,132,0,0,-111.3024,70.9632,111.3024,-70.9632,111.3024,-70.9632,-111.3024,70.9632,132,4eac12444272a2d0
50,2i,13,7,9502600000,9502800000,200000,-199997,199997,236,0,0,-198.9952,126.8736,198.9952,-126.8736,181.288,-115.584,-181.288,115.584,236,4eac12444272a2d0
50,2i,13,8,9502600000,9502800000,200000,-199992,199992,670,0,0,-564.944,360.192,564.944,-360.192,531.216,-338.688,-531.216,338.688,670,4eac12444272a2d0
50,2i,13,9,9502600000,9502800000,200000,-199977,199977,1652,0,0,-1392.9664,888.1152,1392.9664,-888.1152,1279.1344,-815.5392,-1279.1344,815.5392,1652,4eac12444272a2d0
50,2i,13,10,9502600000,9502800000,200000,-199940,199940,4530,0,0,-3819.696,2435.328,3819.696,-2435.328,3507.712,-2236.416,-3507.712,2236.416,4530,4eac12444272a2d0
50,2i,13,11,9502600000,9502800000,200000,-199836,199836,8125,0,0,-6851,4368,6851,-4368,5886.3792,-3752.9856,-5886.3792,3752.9856,8125,4eac12444272a2d0
50,2i,13,12,9502600000,9502800000,200000,-199657,199657,15296,0,0,-12897.5872,8223.1296,12897.5872,-8223.1296,11086.3936,-7068.3648,-11086.3936,7068.3648,15296,4eac12444272a2d0
50,2i,13,13,9502600000,9502800000,200000,-199311,199311,25699,0,0,-21669.3968,13815.7824,21669.3968,-13815.7824,17876.6832,-11397.6576,-17876.6832,11397.6576,25699,4eac12444272a2d0
50,2i,13,14,9502600000,9502800000,200000,-198738,198738,42294,0,0,-35662.3008,22737.2544,35662.3008,-22737.2544,28898.1504,-18424.6272,-28898.1504,18424.6272,42294,4eac12444272a2d0
50,2i,13,15,9502600000,9502800000,200000,-197786,197786,65030,0,0,-54833.296,34960.128,54833.296,-34960.128,42792.4,-27283.2,-42792.4,27283.2,65030,4eac12444272a2d0
50,2i,13,16,9502600000,9502800000,200000,-196336,196336,96572,0,0,-81429.5104,51917.1072,81429.5104,-51917.1072,61867.2704,-39444.7872,-61867.2704,39444.7872,96572,4eac12444272a2d0
50,2i,13,17,9502600000,9502800000,200000,-194178,194178,140207,33,0,-118197.720064,75397.028352,118142.068864,-75361.546752,87236.259264,-55656.893952,-87236.259264,55656.893952,140240,4eac12444272a2d0
50,2i,13,18,9502600000,9502800000,200000,-191040,191042,193874,18,0,-163136.67968,104213.89824,163106.32448,-104194.54464,115522.910336,-73836.238848,-115553.265536,73855.592448,193892,4eac12444272a2d0
50,2i,13,19,9502600000,9502800000,200000,-186746,186748,262316,62,0,-220645.976448,140926.846464,220541.419648,-140860.184064,151992.958336,-97047.502848,-151992.958336,97047.502848,262378,4eac12444272a2d0
50,2i,13,20,9502600000,9502800000,200000,-180914,180920,344000,280,30,-288147.80032,184010.74176,287855.71584,-183824.51712,189908.05696,-121284.83328,-189975.51296,121327.84128,344280,4eac12444272a2d0
50,2i,13,21,9502600000,9502800000,200000,-173326,173348,439755,922,108,-366436.489792,234367.097856,365372.152128,-233622.472704,232866.45152,-149030.22336,-233023.691456,149130.475008,440677,4eac12444272a2d0
50,2i,13,22,9502600000,9502800000,200000,-163625,163699,551594,3120,206,-457499.580288,293095.747584,453896.319104,-290620.803072,278636.92736,-178518.42048,-279325.070464,179007.255552,554714,4eac12444272a2d0
50,2i,13,23,9502600000,9502800000,200000,-151436,151692,672562,9194,736,-556069.731968,355657.741824,544374.107008,-347850.284544,319861.675456,-204097.387008,-322256.236736,205728.834048,681756,4eac12444272a2d0
50,2i,13,24,9502600000,9502800000,200000,-136569,137351,798580,24538,1488,-660098.636416,422551.692288,628401.987456,-401650.603008,354730.767104,-227211.267072,-362998.379264,232701.053952,823118,4eac12444272a2d0
50,2i,13,25,9502600000,9502800000,200000,-118634,120818,910275,56850,3800,-754746.7952,484677.2736,683221.656,-436228.608,362658.176,-231931.968,-385186.096,246750.528,967125,4eac12444272a2d0
50,2i,13,26,9502600000,9502800000,200000,-97884,103214,987746,116522,6496,-836172.150528,535120.763904,686284.975104,-436305.411072,346870.987392,-219310.534656,-397828.09536,254285.84448,1104268,4eac12444272a2d0
50,2i,13,27,9502600000,9502800000,200000,-74352,85984,1016796,220225,10056,-911939.126976,579975.610368,620018.836032,-393832.882176,291437.584512,-184596.258816,-402733.9104,256416.3072,1237021,4eac12444272a2d0
50,2i,13,28,9502600000,9502800000,200000,-48193,71577,982096,373484,16320,-972802.282752,618613.979136,472367.63008,-299268.92544,190100.763392,-120911.302656,-409990.807808,260086.738944,1355580,4eac12444272a2d0
50,2i,13,29,9502600000,9502800000,200000,-19869,62249,869564,555645,20142,-1001496.614208,639187.974144,246144.012992,-155401.875456,43401.013504,-27434.422272,-413209.815296,264930.736128,1425209,4eac12444272a2d0
50,2i,13,30,9502600000,9502800000,200000,8884,60182,689340,750790,20260,-1008706.85504,643441.18272,-40491.7664,25406.5152,-117431.47584,75736.19712,-433345.38048,276106.35264,1440130,4eac12444272a2d0
50,2i,13,31,9502600000,9502800000,200000,37761,66355,490973,932395,19419,-1011441.896832,641961.816576,-330825.485696,212066.723328,-290801.938496,186018.313728,-481751.79744,305339.66592,1423368,4eac12444272a2d0
50,2i,13,32,9502600000,9502800000,200000,65560,79516,307810,1039228,15776,-982810.166656,622785.988608,-560715.087488,358857.437184,-429511.20192,273923.65056,-530006.518656,336889.924608,1347038,4eac12444272a2d0
50,2i,13,33,9502600000,9502800000,200000,90975,96753,166880,1061285,10283,-928691.219392,589218.310656,-701030.858816,447065.215488,-513630.765824,326569.900032,-557049.712384,353284.826112,1228165,4eac12444272a2d0
50,2i,13,34,9502600000,9502800000,200000,113885,115905,75006,1021710,5526,-857138.729472,544499.076096,-755128.623616,481578.021888,-551455.493632,351683.198976,-566627.706368,361174.401024,1096716,4eac12444272a2d0
50,2i,13,35,9502600000,9502800000,200000,133746,134376,27685,914605,2155,-759776.90624,481855.86432,-721998.57792,458441.21856,-538219.36096,341257.50528,-542808.47392,343910.14656,942290,4eac12444272a2d0
50,2i,13,36,9502600000,9502800000,200000,150223,150405,9156,776194,1112,-646257.364608,410969.401344,-633927.111808,403859.410944,-480238.988288,305783.491584,-481555.369984,306527.142912,785350,4eac12444272a2d0
50,2i,13,37,9502600000,9502800000,200000,163950,163976,3042,646583,383,-541318.742848,344341.361664,-537613.22208,342261.18144,-420616.542976,267555.898368,-420843.054976,267670.714368,649625,4eac12444272a2d0
50,2i,13,38,9502600000,9502800000,200000,174852,174854,468,514524,38,-432229.539584,275340.275712,-431547.190784,274991.757312,-347064.879488,221235.293184,-347085.116288,221248.195584,514992,4eac12444272a2d0
50,2i,13,39,9502600000,9502800000,200000,183245,183245,39,395873,0,-333459.711488,212115.869184,-333393.941888,212073.936384,-275643.443712,175253.884416,-275643.443712,175253.884416,395912,4eac12444272a2d0
50,2i,13,40,9502600000,9502800000,200000,189480,189480,0,292080,0,-246103.53664,156897.13152,-246103.53664,156897.13152,-210121.39264,133967.33952,-210121.39264,133967.33952,292080,4eac12444272a2d0
50,2i,13,41,9502600000,9502800000,200000,193748,193748,0,200746,0,-169245.936,107859.648,-169245.936,107859.648,-147526.7904,94012.1472,-147526.7904,94012.1472,200746,4eac12444272a2d0
50,2i,13,42,9502600000,9502800000,200000,196610,196610,0,134380,0,-113309.216,72242.688,-113309.216,72242.688,-101356.0128,64621.6704,-101356.0128,64621.6704,134380,4eac12444272a2d0
50,2i,13,43,9502600000,9502800000,200000,198382,198382,0,82601,0,-69649.1632,44406.2976,-69649.1632,44406.2976,-64248.4672,40962.9696,-64248.4672,40962.9696,82601,4eac12444272a2d0
50,2i,13,44,9502600000,9502800000,200000,199297,199297,0,43188,0,-36416.1216,23217.8688,-36416.1216,23217.8688,-33947.232,21643.776,-33947.232,21643.776,43188,4eac12444272a2d0
50,2i,13,45,9502600000,9502800000,200000,199785,199785,0,22775,0,-19203.88,12243.84,-19203.88,12243.84,-18516.672,11805.696,-18516.672,11805.696,22775,4eac12444272a2d0
50,2i,13,46,9502600000,9502800000,200000,199948,199948,0,7706,0,-6497.6992,4142.7456,-6497.6992,4142.7456,-6322.3136,4030.9248,-6322.3136,4030.9248,7706,4eac12444272a2d0
50,2i,13,47,9502600000,9502800000,200000,200000,200000,0,2444,0,-2060.7808,1313.8944,-2060.7808,1313.8944,-2060.7808,1313.8944,-2060.7808,1313.8944,2444,4eac12444272a2d0
50,2i,13,48,9502600000,9502800000,200000,200000,200000,0,0,0,0,0,0,0,0,0,0,0,0,4eac12444272a2d0
50,2i,13,49,9502600000,9502800000,200000,200000,200000,0,0,0,0,0,0,0,0,0,0,0,0,4eac12444272a2d0
50,2i,13,50,9502600000,9502800000,200000,200000,200000,0,0,0,0,0,0,0,0,0,0,0,0,4eac12444272a2d0
50,2i,14,0,9502800000,9503000000,200000,-200000,200000,0,0,0,0,0,0,0,0,0,0,0,0,3b42ee854b303f4a
50,2i,14,1,9502800000,9503000000,200000,-200000,200000,0,0,0,0,0,0,0,0,0,0,0,0,3b42ee854b303f4a
50,2i,14,2,9502800000,9503000000,200000,-200000,200000,0,0,0,0,0,0,0,0,0,0,0,0,3b42ee854b303f4a
50,2i,14,3,9502800000,9503000000,200000,-200000,200000,0,0,0,0,0,0,0,0,0,0,0,0,3b42ee854b303f4a
50,2i,14,4,9502800000,9503000000,200000,-200000,200000,0,0,0,0,0,0,0,0,0,0,0,0,3b42ee854b303f4a
50,2i,14,5,9502800000,9503000000,200000,-200000,200000,0,0,0,0,0,0,0,0,0,0,0,0,3b42ee854b303f4a
50,2i,14,6,9502800000,9503000000,200000,-200000,200000,0,0,0,0,0,0,0,0,0,0,0,0,3b42ee854b303f4a
50,2i,14,7,9502800000,9503000000,200000,-200000,200000,129,0,0,-108.7728,69.3504,108.7728,-69.3504,108.7728,-69.3504,-108.7728,69.3504,129,3b42ee854b303f4a
50,2i,14,8,9502800000,9503000000,200000,-199997,199997,696,0,0,-586.8672,374.1696,586.8672,-374.1696,566.6304,-361.2672,-566.6304,361.2672,696,3b42ee854b303f4a
50,2i,14,9,9502800000,9503000000,200000,-199981,199981,2317,0,0,-1953.6944,1245.6192,1953.6944,-1245.6192,1832.2736,-1168.2048,-1832.2736,1168.2048,2317,3b42ee854b303f4a
50,2i,14,10,9502800000,9503000000,200000,-199928,199928,4130,0,0,-3482.416,2220.288,3482.416,-2220.288,3035.52,-1935.36,-3035.52,1935.36,4130,3b42ee854b303f4a
50,2i,14,11,9502800000,9503000000,200000,-199838,199838,7620,0,0,-6425.184,4096.512,6425.184,-4096.512,5590.416,-3564.288,-5590.416,3564.288,7620,3b42ee854b303f4a
50,2i,14,12,9502800000,9503000000,200000,-199668,199668,14770,0,0,-12454.064,7940.352,12454.064,-7940.352,10733.936,-6843.648,-10733.936,6843.648,14770,3b42ee854b303f4a
50,2i,14,13,9502800000,9503000000,200000,-199333,199333,25445,0,0,-21455.224,13679.232,21455.224,-13679.232,17783.088,-11337.984,-17783.088,11337.984,25445,3b42ee854b303f4a
50,2i,14,14,9502800000,9503000000,200000,-198763,198763,42144,0,0,-35535.8208,22656.6144,35535.8208,-22656.6144,28807.0848,-18366.5664,-28807.0848,18366.5664,42144,3b42ee854b303f4a
50,2i,14,15,9502800000,9503000000,200000,-197814,197814,65300,0,0,-55060.96,35105.28,55060.96,-35105.28,43058.008,-27452.544,-43058.008,27452.544,65300,3b42ee854b303f4a
50,2i,14,16,9502800000,9503000000,200000,-196355,196355,97056,0,0,-81837.6192,52177.3056,81837.6192,-52177.3056,62153.9584,-39627.5712,-62153.9584,39627.5712,97056,3b42ee854b303f4a
50,2i,14,17,9502800000,9503000000,200000,-194187,194187,140179,0,0,-118198.9328,75360.2304,118198.9328,-75360.2304,87121.9536,-55546.4448,-87121.9536,55546.4448,140179,3b42ee854b303f4a
50,2i,14,18,9502800000,9503000000,200000,-191056,191056,194214,0,0,-163587.050112,104225.519616,163587.050112,-104225.519616,116065.984512,-73927.458816,-116065.984512,73927.458816,194214,3b42ee854b303f4a
50,2i,14,19,9502800000,9503000000,200000,-186748,186748,261466,93,31,-219957.34624,140265.78432,219887.70784,-140291.97312,151008.348736,-96384.450048,-151008.348736,96384.450048,261559,3b42ee854b303f4a
50,2i,14,20,9502800000,9503000000,200000,-180951,180957,346310,240,20,-290816.39744,185632.46592,290467.91744,-185455.82592,193194.95232,-123369.07776,-193239.88032,123352.18176,346550,3b42ee854b303f4a
50,2i,14,21,9502800000,9503000000,200000,-173264,173282,447908,1112,58,-374272.923648,239306.456064,372713.18912,-238245.98016,238134.62176,-152356.03968,-238347.10816,152491.51488,449020,3b42ee854b303f4a
50,2i,14,22,9502800000,9503000000,200000,-163347,163433,555806,3016,212,-461698.32,295205.76,457980.81856,-292594.22208,278594.094848,-177917.297664,-279616.145152,178619.022336,558822,3b42ee854b303f4a
50,2i,14,23,9502800000,9503000000,200000,-151181,151429,678338,9882,921,-561139.44,358321.92,548881.160448,-350103.358464,324638.319936,-206993.691648,-326852.440512,208562.466816,688220,3b42ee854b303f4a
50,2i,14,24,9502800000,9503000000,200000,-136055,136897,803980,24652,1866,-662653.636864,423716.170752,631396.822016,-403213.913088,353009.709696,-225817.955328,-361937.851008,231728.876544,828632,3b42ee854b303f4a
50,2i,14,25,9502800000,9503000000,200000,-118147,120337,910450,56550,3500,-753758.6944,481485.6192,680436.4352,-433712.7936,362637.8368,-230609.7024,-384107.7152,244639.8336,967000,3b42ee854b303f4a
50,2i,14,26,9502800000,9503000000,200000,-97375,102741,987208,120008,6982,-837411.920128,534394.696704,682993.946624,-433646.994432,344932.00832,-219344.88576,-398858.484352,254437.287936,1107216,3b42ee854b303f4a
50,2i,14,27,9502800000,9503000000,200000,-73744,85670,1013088,220833,11056,-904459.7136,578874.1248,618325.265344,-394555.387392,286483.870016,-183281.177088,-399536.804672,257143.389696,1233921,3b42ee854b303f4a
50,2i,14,28,9502800000,9503000000,200000,-47836,71264,969174,369346,15398,-953269.837056,609113.975808,462265.197312,-296286.729216,184835.7504,-117381.4272,-395543.68,251850.24,1338520,3b42ee854b303f4a
50,2i,14,29,9502800000,9503000000,200000,-19968,62334,856446,558710,19479,-985583.379072,630584.848896,228651.292928,-147444.847104,39853.516096,-28103.190528,-409335.543104,263212.035072,1415156,3b42ee854b303f4a
50,2i,14,30,9502800000,9503000000,200000,8936,60488,690470,752510,21000,-1001042.6816,644383.9488,-42771.94752,26199.95136,-118464.0032,76155.4176,-435036.08128,278174.80704,1442980,3b42ee854b303f4a
50,2i,14,31,9502800000,9503000000,200000,37729,66359,492338,921111,19649,-999010.094912,640337.366016,-321055.67968,208805.89824,-286359.924992,185895.891456,-473627.6192,304297.3056,1413449,3b42ee854b303f4a
50,2i,14,32,9502800000,9503000000,200000,65143,79347,304346,1029634,15418,-966664.233728,617865.621504,-553253.5616,356003.7888,-422638.600448,271049.278464,-520651.050752,333498.203136,1333980,3b42ee854b303f4a
50,2i,14,33,9502800000,9503000000,200000,90517,96551,167819,1057888,10533,-918058.735808,586133.842944,-693836.276416,443251.212288,-506309.3152,324348.6336,-550842.282368,352741.569024,1225707,3b42ee854b303f4a
50,2i,14,34,9502800000,9503000000,200000,113362,115512,78316,1015838,5776,-852898.22272,542061.86496,-747311.811712,475070.908416,-546483.17632,347192.30976,-563003.652992,357397.395456,1094154,3b42ee854b303f4a
50,2i,14,35,9502800000,9503000000,200000,133201,133815,30105,914265,2225,-759472.04352,482902.47936,-719149.7344,458116.3392,-534636.6224,340612.7232,-538820.3888,343075.2384,944370,3b42ee854b303f4a
50,2i,14,36,9502800000,9503000000,200000,149868,150052,8818,782448,832,-649745.753728,412728.981504,-638170.269568,406031.898624,-485430.497664,308403.505152,-486964.942464,309190.551552,791266,3b42ee854b303f4a
50,2i,14,37,9502800000,9503000000,200000,163529,163559,3044,645114,309,-538643.229056,343096.631808,-534363.94624,340814.58432,-416825.931264,265726.589952,-417049.89568,265928.58624,648158,3b42ee854b303f4a
50,2i,14,38,9502800000,9503000000,200000,174506,174506,570,518976,38,-436030.990464,277729.815552,-435376.325248,277139.364864,-349499.662976,222528.058368,-349499.662976,222528.058368,519546,3b42ee854b303f4a
50,2i,14,39,9502800000,9503000000,200000,183041,183041,0,399965,0,-336729.31296,214486.24128,-336729.31296,214486.24128,-280162.98336,178446.22848,-280162.98336,178446.22848,399965,3b42ee854b303f4a
50,2i,14,40,9502800000,9503000000,200000,189141,189141,0,288790,0,-243462.672,155133.696,-243462.672,155133.696,-205695.744,131054.592,-205695.744,131054.592,288790,3b42ee854b303f4a
50,2i,14,41,9502800000,9503000000,200000,193620,193620,0,210117,0,-177170.6544,112958.8992,-177170.6544,112958.8992,-154844.4048,98724.3264,-154844.4048,98724.3264,210117,3b42ee854b303f4a
50,2i,14,42,9502800000,9503000000,200000,196562,196562,0,137484,0,-115926.5088,73911.3984,-115926.5088,73911.3984,-104189.1648,66428.0064,-104189.1648,66428.0064,137484,3b42ee854b303f4a
50,2i,14,43,9502800000,9503000000,200000,198302,198302,0,81694,0,-68884.3808,43918.6944,-68884.3808,43918.6944,-63088.224,40223.232,-63088.224,40223.232,81694,3b42ee854b303f4a
50,2i,14,44,9502800000,9503000000,200000,199284,199284,0,46166,0,-38927.1712,24818.8416,-38927.1712,24818.8416,-36432.9856,23228.6208,-36432.9856,23228.6208,46166,3b42ee854b303f4a
50,2i,14,45,9502800000,9503000000,200000,199777,199777,0,23090,0,-19469.488,12413.184,-19469.488,12413.184,-18706.392,11926.656,-18706.392,11926.656,23090,3b42ee854b303f4a
50,2i,14,46,9502800000,9503000000,200000,199958,199958,0,8494,0,-7162.1408,4566.3744,-7162.1408,4566.3744,-7020.4832,4476.0576,-7020.4832,4476.0576,8494,3b42ee854b303f4a
50,2i,14,47,9502800000,9503000000,200000,200000,200000,0,1974,0,-1664.4768,1061.2224,-1664.4768,1061.2224,-1664.4768,1061.2224,-1664.4768,1061.2224,1974,3b42ee854b303f4a
50,2i,14,48,9502800000,9503000000,200000,200000,200000,0,0,0,0,0,0,0,0,0,0,0,0,3b42ee854b303f4a
50,2i,14,49,9502800000,9503000000,200000,200000,200000,0,0,0,0,0,0,0,0,0,0,0,0,3b42ee854b303f4a
50,2i,14,50,9502800000,9503000000,200000,200000,200000,0,0,0,0,0,0,0,0,0,0,0,0,3b42ee854b303f4a
50,2i,15,0,9503000000,9503200000,200000,-200000,200000,0,0,0,0,0,0,0,0,0,0,0,0,b6b27c162f2521d6
50,2i,15,1,9503000000,9503200000,200000,-200000,200000,0,0,0,0,0,0,0,0,0,0,0,0,b6b27c162f2521d6
50,2i,15,2,9503000000,9503200000,200000,-200000,200000,0,0,0,0,0,0,0,0,0,0,0,0,b6b27c162f2521d6
50,2i,15,3,9503000000,9503200000,200000,-200000,200000,0,0,0,0,0,0,0,0,0,0,0,0,b6b27c162f2521d6
50,2i,15,4,9503000000,9503200000,200000,-200000,200000,0,0,0,0,0,0,0,0,0,0,0,0,b6b27c162f2521d6
50,2i,15,5,9503000000,9503200000,200000,-200000,200000,0,0,0,0,0,0,0,0,0,0,0,0,b6b27c162f2521d6
50,2i,15,6,9503000000,9503200000,200000,-200000,200000,0,0,0,0,0,0,0,0,0,0,0,0,b6b27c162f2521d6
50,2i,15,7,9503000000,9503200000,200000,-200000,200000,43,0,0,-36.2576,23.1168,36.2576,-23.1168,36.2576,-23.1168,-36.2576,23.1168,43,b6b27c162f2521d6
50,2i,15,8,9503000000,9503200000,200000,-199999,199999,218,0,0,-183.8176,117.1968,183.8176,-117.1968,177.072,-112.896,-177.072,112.896,218,b6b27c162f2521d6
50,2i,15,9,9503000000,9503200000,200000,-199994,199994,1439,0,0,-1213.3648,773.6064,1213.3648,-773.6064,1175.4208,-749.4144,-1175.4208,749.4144,1439,b6b27c162f2521d6
50,2i,15,10,9503000000,9503200000,200000,-199960,199960,3140,0,0,-2647.648,1688.064,2647.648,-1688.064,2360.96,-1505.28,-2360.96,1505.28,3140,b6b27c162f2521d6
50,2i,15,11,9503000000,9503200000,200000,-199890,199890,7556,0,0,-6371.2192,4062.1056,6371.2192,-4062.1056,5721.9552,-3648.1536,-5721.9552,3648.1536,7556,b6b27c162f2521d6
50,2i,15,12,9503000000,9503200000,200000,-199716,199716,13640,0,0,-11501.248,7332.864,11501.248,-7332.864,9740.6464,-6210.3552,-9740.6464,6210.3552,13640,b6b27c162f2521d6
50,2i,15,13,9503000000,9503200000,200000,-199412,199412,25597,0,0,-21583.3904,13760.9472,21583.3904,-13760.9472,18251.064,-11636.352,-18251.064,11636.352,25597,b6b27c162f2521d6
50,2i,15,14,9503000000,9503200000,200000,-198827,198827,41886,0,0,-35318.2752,22517.9136,35318.2752,-22517.9136,28412.4672,-18114.9696,-28412.4672,18114.9696,41886,b6b27c162f2521d6
50,2i,15,15,9503000000,9503200000,200000,-197891,197891,63845,0,0,-53834.104,34323.072,53834.104,-34323.072,41995.576,-26775.168,-41995.576,26775.168,63845,b6b27c162f2521d6
50,2i,15,16,9503000000,9503200000,200000,-196468,196468,96684,0,0,-81523.9488,51977.3184,81523.9488,-51977.3184,62325.9712,-39737.2416,-62325.9712,39737.2416,96684,b6b27c162f2521d6
50,2i,15,17,9503000000,9503200000,200000,-194294,194294,139753,0,0,-117787.081664,75135.217152,117787.081664,-75135.217152,86624.096064,-55266.596352,-86624.096064,55266.596352,139753,b6b27c162f2521d6
50,2i,15,18,9503000000,9503200000,200000,-191179,191179,194534,32,0,-163942.2368,104508.9024,163888.272,-104474.496,116665.747456,-74346.283008,-116665.747456,74346.283008,194566,b6b27c162f2521d6
50,2i,15,19,9503000000,9503200000,200000,-186851,186853,262106,81,0,-220436.655936,140416.539648,220300.057536,-140329.448448,151082.048384,-96219.674112,-151114.089984,96240.102912,262187,b6b27c162f2521d6
50,2i,15,20,9503000000,9503200000,200000,-181046,181052,347000,490,30,-291067.4848,185473.7664,290387.46432,-184971.89376,193211.12128,-123117.52704,-193278.57728,123160.53504,347490,b6b27c162f2521d6
50,2i,15,21,9503000000,9503200000,200000,-173333,173369,446612,1156,79,-372639.18208,238286.46144,371140.332416,-237283.020288,236403.965184,-151426.816512,-236832.76032,151748.02176,447768,b6b27c162f2521d6
50,2i,15,22,9503000000,9503200000,200000,-163478,163572,551724,3494,184,-458633.61088,293536.41984,454093.026688,-290896.502784,276453.850496,-176960.329728,-277265.616,177477.888,555218,b6b27c162f2521d6
50,2i,15,23,9503000000,9503200000,200000,-151392,151690,671911,9987,682,-556182.87808,355753.78944,543703.564032,-347822.386176,320991.246784,-205343.565312,-324054.204992,207086.931456,681898,b6b27c162f2521d6
50,2i,15,24,9503000000,9503200000,200000,-136432,137296,803842,24264,1648,-661484.079744,423469.166592,631029.597312,-404065.929216,355384.924032,-227714.866176,-363755.018112,233215.343616,828106,b6b27c162f2521d6
50,2i,15,25,9503000000,9503200000,200000,-118391,120599,911250,55575,3700,-753149.7808,481865.8944,684122.9424,-437002.4832,362278.5104,-231149.1072,-383513.4992,244517.1456,966825,b6b27c162f2521d6
50,2i,15,26,9503000000,9503200000,200000,-97759,103069,983042,117606,7000,-831352.930304,532881.564672,684505.353984,-434310.054912,345265.53536,-219871.76448,-394969.058944,252626.952192,1100648,b6b27c162f2521d6
50,2i,15,27,9503000000,9503200000,200000,-74250,86000,1017394,224296,11526,-911903.280128,582767.176704,621880.7488,-393439.7184,295866.525504,-185301.238272,-405153.584832,259344.600576,1241690,b6b27c162f2521d6
50,2i,15,28,9503000000,9503200000,200000,-47861,71555,981272,373928,15958,-973393.71904,619211.93472,474169.527296,-298703.152128,187060.83392,-118130.62656,-407086.62592,258476.48256,1355200,b6b27c162f2521d6
50,2i,15,29,9503000000,9503200000,200000,-19847,62333,862839,559743,20165,-1001633.538816,638627.455488,235920.643584,-147639.347712,43162.774656,-26171.332608,-411197.028864,263658.826752,1422582,b6b27c162f2521d6
50,2i,15,30,9503000000,9503200000,200000,9209,60635,689550,755050,21820,-1011628.4672,644802.9696,-48675.83616,29873.01888,-127122.57344,80628.43392,-440989.77088,281515.29984,1444600,b6b27c162f2521d6
50,2i,15,31,9503000000,9503200000,200000,37855,66457,489679,916439,18787,-996574.765952,634826.036736,-324200.106624,205025.874432,-288508.516608,182999.737344,-474389.019904,301425.257472,1406118,b6b27c162f2521d6
50,2i,15,32,9503000000,9503200000,200000,65123,79419,302480,1027836,15916,-967264.753664,615588.913152,-554622.683136,353793.589248,-420001.355776,268135.968768,-519581.526016,330477.785088,1330316,b6b27c162f2521d6
50,2i,15,33,9503000000,9503200000,200000,90553,96673,168122,1059025,10481,-924555.681856,587096.222208,-697466.256576,445150.023168,-511516.285504,326044.918272,-556042.065344,353697.787392,1227147,b6b27c162f2521d6
50,2i,15,34,9503000000,9503200000,200000,113374,115586,79060,1012838,5814,-850777.77728,539906.13504,-744875.783552,474512.833536,-546038.37056,347459.75808,-562888.804608,357547.321344,1091898,b6b27c162f2521d6
50,2i,15,35,9503000000,9503200000,200000,133123,133757,31215,912570,2710,-757821.46464,481144.23552,-715978.744,455798.592,-529865.78624,336779.70432,-534848.1824,340058.8032,943785,b6b27c162f2521d6
50,2i,15,36,9503000000,9503200000,200000,149961,150115,9578,789832,876,-657792.904064,418253.540352,-644578.927232,409710.283776,-490275.374976,311788.474368,-491531.601024,312461.893632,799410,b6b27c162f2521d6
50,2i,15,37,9503000000,9503200000,200000,163764,163784,2583,650881,235,-545074.13184,346292.80512,-541600.643456,344415.211008,-423526.827584,269143.859712,-423680.289984,269241.702912,653464,b6b27c162f2521d6
50,2i,15,38,9503000000,9503200000,200000,174745,174749,328,517258,50,-434664.581248,276596.772864,-434195.762048,276297.867264,-349981.073664,222618.673152,-350001.310464,222631.575552,517586,b6b27c162f2521d6
50,2i,15,39,9503000000,9503200000,200000,183104,183104,78,394607,39,-332367.722048,211851.147264,-332301.952448,211809.214464,-274426.683648,174922.136064,-274426.683648,174922.136064,394685,b6b27c162f2521d6
50,2i,15,40,9503000000,9503200000,200000,189348,189348,0,292740,0,-246815.84,157317.12,-246815.84,157317.12,-210575.104,134211.072,-210575.104,134211.072,292740,b6b27c162f2521d6
50,2i,15,41,9503000000,9503200000,200000,193646,193646,0,202822,0,-171019.5104,109037.1072,-171019.5104,109037.1072,-148587.0176,94734.7968,-148587.0176,94734.7968,202822,b6b27c162f2521d6
50,2i,15,42,9503000000,9503200000,200000,196602,196602,0,138128,0,-116469.5296,74257.6128,-116469.5296,74257.6128,-104684.9664,66744.1152,-104684.9664,66744.1152,138128,b6b27c162f2521d6
50,2i,15,43,9503000000,9503200000,200000,198349,198349,0,81883,0,-69043.7456,44020.3008,-69043.7456,44020.3008,-63342.0272,40385.0496,-63342.0272,40385.0496,81883,b6b27c162f2521d6
50,2i,15,44,9503000000,9503200000,200000,199315,199315,0,45234,0,-38141.3088,24317.7984,-38141.3088,24317.7984,-35839.3728,22850.1504,-35839.3728,22850.1504,45234,b6b27c162f2521d6
50,2i,15,45,9503000000,9503200000,200000,199770,199770,0,21420,0,-18061.344,11515.392,-18061.344,11515.392,-17264.52,11007.36,-17264.52,11007.36,21420,b6b27c162f2521d6
50,2i,15,46,9503000000,9503200000,200000,199959,199959,0,8858,0,-7469.0656,4762.0608,-7469.0656,4762.0608,-7330.7808,4673.8944,-7330.7808,4673.8944,8858,b6b27c162f2521d6
50,2i,15,47,9503000000,9503200000,200000,200000,200000,0,1927,0,-1624.8464,1035.9552,-1624.8464,1035.9552,-1624.8464,1035.9552,-1624.8464,1035.9552,1927,b6b27c162f2521d6
50,2i,15,48,9503000000,9503200000,200000,200000,200000,0,0,0,0,0,0,0,0,0,0,0,0,b6b27c162f2521d6
50,2i,15,49,9503000000,9503200000,200000,200000,200000,0,0,0,0,0,0,0,0,0,0,0,0,b6b27c162f2521d6
50,2i,15,50,9503000000,9503200000,200000,200000,200000,0,0,0,0,0,0,0,0,0,0,0,0,b6b27c162f2521d6
50,2i,16,0,9503200000,9503400000,200000,-200000,200000,0,0,0,0,0,0,0,0,0,0,0,0,a43363b638b86212
50,2i,16,1,9503200000,9503400000,200000,-200000,200000,0,0,0,0,0,0,0,0,0,0,0,0,a43363b638b86212
50,2i,16,2,9503200000,9503400000,200000,-200000,200000,0,0,0,0,0,0,0,0,0,0,0,0,a43363b638b86212
50,2i,16,3,9503200000,9503400000,200000,-200000,200000,0,0,0,0,0,0,0,0,0,0,0,0,a43363b638b86212
50,2i,16,4,9503200000,9503400000,200000,-200000,200000,0,0,0,0,0,0,0,0,0,0,0,0,a43363b638b86212
50,2i,16,5,9503200000,9503400000,200000,-200000,200000,0,0,0,0,0,0,0,0,0,0,0,0,a43363b638b86212
50,2i,16,6,9503200000,9503400000,200000,-200000,200000,0,0,0,0,0,0,0,0,0,0,0,0,a43363b638b86212
50,2i,16,7,9503200000,9503400000,200000,-200000,200000,172,0,0,-145.0304,92.4672,145.0304,-92.4672,145.0304,-92.4672,-145.0304,92.4672,172,a43363b638b86212
50,2i,16,8,9503200000,9503400000,200000,-199996,199996,536,0,0,-451.9552,288.1536,451.9552,-288.1536,424.9728,-270.9504,-424.9728,270.9504,536,a43363b638b86212
50,2i,16,9,9503200000,9503400000,200000,-199984,199984,1461,0,0,-1231.9152,785.4336,1231.9152,-785.4336,1140.8496,-727.3728,-1140.8496,727.3728,1461,a43363b638b86212
50,2i,16,10,9503200000,9503400000,200000,-199951,199951,3490,0,0,-2942.768,1876.224,2942.768,-1876.224,2664.512,-1698.816,-2664.512,1698.816,3490,a43363b638b86212
50,2i,16,11,9503200000,9503400000,200000,-199872,199872,7967,0,0,-6717.7744,4283.0592,6717.7744,-4283.0592,5985.0336,-3815.8848,-5985.0336,3815.8848,7967,a43363b638b86212
50,2i,16,12,9503200000,9503400000,200000,-199690,199690,15446,0,0,-13024.0672,8303.7696,13024.0672,-8303.7696,11182.5184,-7129.6512,-11182.5184,7129.6512,15446,a43363b638b86212
50,2i,16,13,9503200000,9503400000,200000,-199341,199341,26293,0,0,-22170.2576,14135.1168,22170.2576,-14135.1168,18344.6592,-11696.0256,-18344.6592,11696.0256,26293,a43363b638b86212
50,2i,16,14,9503200000,9503400000,200000,-198753,198753,42468,0,0,-35809.0176,22830.7968,35809.0176,-22830.7968,28867.7952,-18405.2736,-28867.7952,18405.2736,42468,a43363b638b86212
50,2i,16,15,9503200000,9503400000,200000,-197802,197802,66030,0,0,-55676.496,35497.728,55676.496,-35497.728,43648.248,-27828.864,-43648.248,27828.864,66030,a43363b638b86212
50,2i,16,16,9503200000,9503400000,200000,-196323,196323,99382,0,0,-83798.9024,53427.7632,83798.9024,-53427.7632,63845.4176,-40705.9968,-63845.4176,40705.9968,99382,a43363b638b86212
50,2i,16,17,9503200000,9503400000,200000,-194096,194096,136991,0,0,-115458.163264,73650.365952,115458.163264,-73650.365952,83535.454464,-53297.367552,-83535.454464,53297.367552,136991,a43363b638b86212
50,2i,16,18,9503200000,9503400000,200000,-191092,191092,191864,64,0,-161615.770112,103098.479616,161609.9456,-103021.9008,116048.064512,-73988.898816,-116048.064512,73988.898816,191928,a43363b638b86212
50,2i,16,19,9503200000,9503400000,200000,-186784,186788,260777,69,31,-219396.690944,139937.928192,219393.23264,-139892.45952,150489.694336,-95961.550848,-150493.15264,96007.01952,260846,a43363b638b86212
50,2i,16,20,9503200000,9503400000,200000,-181010,181016,343760,110,20,-288231.04448,183995.50464,288079.26848,-183898.73664,191063.91552,-122021.77536,-191063.91552,122021.77536,343870,a43363b638b86212
50,2i,16,21,9503200000,9503400000,200000,-173397,173409,440559,643,0,-367656.009856,234946.526208,366756.720128,-234241.096704,233408.502528,-149144.699904,-233514.745728,149212.437504,441202,a43363b638b86212
50,2i,16,22,9503200000,9503400000,200000,-163696,163748,550662,2764,140,-457340.198016,292939.481088,454164.397184,-290368.192512,278342.668544,-178242.004992,-278944.290048,178725.771264,553426,a43363b638b86212
50,2i,16,23,9503200000,9503400000,200000,-151553,151771,666639,9334,601,-550824.196928,353406.319104,539571.997376,-345681.197568,315255.129792,-202074.617856,-317369.63424,203789.36832,675973,a43363b638b86212
50,2i,16,24,9503200000,9503400000,200000,-136861,137629,792064,23474,1680,-653309.057408,418177.311744,623148.96192,-398251.33056,353001.250048,-225159.051264,-361123.645696,230501.603328,815538,a43363b638b86212
50,2i,16,25,9503200000,9503400000,200000,-119056,121122,905475,53925,3325,-750397.4816,480310.3488,681220.8736,-435693.0048,361884.8528,-231922.7904,-383074.9488,245945.3184,959400,a43363b638b86212
50,2i,16,26,9503200000,9503400000,200000,-98485,103567,992918,112576,6578,-837240.900992,537578.259456,692612.244608,-443181.241344,352594.489728,-225979.029504,-402500.462208,257797.638144,1105494,a43363b638b86212
50,2i,16,27,9503200000,9503400000,200000,-74708,85904,1025696,217802,11745,-910332.85632,585650.54976,628272.709504,-402205.750272,291280.362752,-186603.419136,-397843.382144,257004.129792,1243498,a43363b638b86212
50,2i,16,28,9503200000,9503400000,200000,-48555,71513,981238,372040,16852,-964590.65792,620382.65856,474661.776768,-304561.588224,193335.251584,-123640.691712,-406983.928448,261259.582464,1353278,a43363b638b86212
50,2i,16,29,9503200000,9503400000,200000,-20328,62138,872325,558093,19442,-1007987.776384,646537.178112,247861.91744,-158047.82592,50166.161792,-31156.793856,-414353.703808,266059.666944,1430418,a43363b638b86212
50,2i,16,30,9503200000,9503400000,200000,8807,60121,697980,757750,20680,-1021083.19552,655612.81536,-42587.13664,28381.93152,-125364.95808,79815.22944,-440261.20896,282451.16928,1455730,a43363b638b86212
50,2i,16,31,9503200000,9503400000,200000,37891,66135,492656,928864,20208,-1003492.034432,646308.773376,-331964.187008,212455.724544,-294264.898688,189455.798784,-477703.557248,309223.140864,1421520,a43363b638b86212
50,2i,16,32,9503200000,9503400000,200000,65255,79281,299542,1033630,14498,-969053.442048,621700.107264,-562940.226048,359185.419264,-425934.064896,272829.308928,-523097.961216,333630.578688,1333172,a43363b638b86212
50,2i,16,33,9503200000,9503400000,200000,90673,96693,165215,1066891,9626,-926034.540288,592633.027584,-703840.20544,453459.40992,-512351.242688,329371.190784,-556411.767616,357075.813888,1232106,a43363b638b86212
50,2i,16,34,9503200000,9503400000,200000,113809,115933,78056,1020280,5890,-853703.36,545988.48,-749952.168704,480468.175872,-553296.664704,354589.903872,-568926.806144,364700.961792,1098336,a43363b638b86212
50,2i,16,35,9503200000,9503400000,200000,133291,133937,29570,903520,2400,-748903.06624,478594.74432,-709716.0672,453359.7696,-524068.28096,334404.06528,-529064.3456,337521.1008,933090,a43363b638b86212
50,2i,16,36,9503200000,9503400000,200000,150039,150191,9690,785472,818,-652864.399488,417522.653184,-639756.442752,409456.859136,-486025.107456,311742.763008,-487142.509056,312327.671808,795162,a43363b638b86212
50,2i,16,37,9503200000,9503400000,200000,163770,163808,2317,648418,285,-543264.504,345190.272,-540004.4464,343448.7552,-421981.157312,268032.009216,-422288.082112,268227.695616,650735,a43363b638b86212
50,2i,16,38,9503200000,9503400000,200000,174746,174752,644,516152,88,-433692.271872,276482.359296,-432754.633472,275884.548096,-349287.033088,222695.337984,-349327.506688,222721.142784,516796,a43363b638b86212
50,2i,16,39,9503200000,9503400000,200000,183055,183055,117,392497,39,-330587.099648,210646.424064,-330455.560448,210562.558464,-272727.594048,173794.443264,-272727.594048,173794.443264,392614,a43363b638b86212
50,2i,16,40,9503200000,9503400000,200000,189288,189288,0,292780,0,-246804.512,157218.816,-246804.512,157218.816,-210159.04,133854.72,-210159.04,133854.72,292780,a43363b638b86212
50,2i,16,41,9503200000,9503400000,200000,193634,193634,0,204043,0,-172049.0576,109693.5168,-172049.0576,109693.5168,-150246.4352,95792.7936,-150246.4352,95792.7936,204043,a43363b638b86212
50,2i,16,42,9503200000,9503400000,200000,196507,196507,0,135074,0,-113894.3968,72615.7824,-113894.3968,72615.7824,-101745.5712,64870.0416,-101745.5712,64870.0416,135074,a43363b638b86212
50,2i,16,43,9503200000,9503400000,200000,198308,198308,0,84212,0,-71007.5584,45272.3712,-71007.5584,45272.3712,-65299.9376,41633.3568,-65299.9376,41633.3568,84212,a43363b638b86212
50,2i,16,44,9503200000,9503400000,200000,199275,199275,0,45464,0,-38335.2448,24441.4464,-38335.2448,24441.4464,-35876.4736,22873.8048,-35876.4736,22873.8048,45464,a43363b638b86212
50,2i,16,45,9503200000,9503400000,200000,199761,199761,0,22865,0,-19279.768,12292.224,-19279.768,12292.224,-18440.784,11757.312,-18440.784,11757.312,22865,a43363b638b86212
50,2i,16,46,9503200000,9503400000,200000,199960,199960,0,9314,0,-7853.5648,5007.2064,-7853.5648,5007.2064,-7718.6528,4921.1904,-7718.6528,4921.1904,9314,a43363b638b86212
50,2i,16,47,9503200000,9503400000,200000,200000,200000,0,1880,0,-1585.216,1010.688,-1585.216,1010.688,-1585.216,1010.688,-1585.216,1010.688,1880,a43363b638b86212
50,2i,16,48,9503200000,9503400000,200000,200000,200000,0,0,0,0,0,0,0,0,0,0,0,0,a43363b638b86212
50,2i,16,49,9503200000,9503400000,200000,200000,200000,0,0,0,0,0,0,0,0,0,0,0,0,a43363b638b86212
50,2i,16,50,9503200000,9503400000,200000,200000,200000,0,0,0,0,0,0,0,0,0,0,0,0,a43363b638b86212
50,2i,17,0,9503400000,9503600000,200000,-200000,200000,0,0,0,0,0,0,0,0,0,0,0,0,59ad295f07490e7c
50,2i,17,1,9503400000,9503600000,200000,-200000,200000,0,0,0,0,0,0,0,0,0,0,0,0,59ad295f07490e7c
50,2i,17,2,9503400000,9503600000,200000,-200000,200000,0,0,0,0,0,0,0,0,0,0,0,0,59ad295f07490e7c
50,2i,17,3,9503400000,9503600000,200000,-200000,200000,0,0,0,0,0,0,0,0,0,0,0,0,59ad295f07490e7c
50,2i,17,4,9503400000,9503600000,200000,-200000,200000,0,0,0,0,0,0,0,0,0,0,0,0,59ad295f07490e7c
50,2i,17,5,9503400000,9503600000,200000,-200000,200000,0,0,0,0,0,0,0,0,0,0,0,0,59ad295f07490e7c
50,2i,17,6,9503400000,9503600000,200000,-200000,200000,0,0,0,0,0,0,0,0,0,0,0,0,59ad295f07490e7c
50,2i,17,7,9503400000,9503600000,200000,-200000,200000,215,0,0,-181.288,115.584,181.288,-115.584,181.288,-115.584,-181.288,115.584,215,59ad295f07490e7c
50,2i,17,8,9503400000,9503600000,200000,-199995,199995,502,0,0,-423.2864,269.8752,423.2864,-269.8752,389.5584,-248.3712,-389.5584,248.3712,502,59ad295f07490e7c
50,2i,17,9,9503400000,9503600000,200000,-199984,199984,1575,0,0,-1328.04,846.72,1328.04,-846.72,1244.5632,-793.4976,-1244.5632,793.4976,1575,59ad295f07490e7c
50,2i,17,10,9503400000,9503600000,200000,-199948,199948,2840,0,0,-2394.688,1526.784,2394.688,-1526.784,2091.136,-1333.248,-2091.136,1333.248,2840,59ad295f07490e7c
50,2i,17,11,9503400000,9503600000,200000,-199886,199886,7078,0,0,-5968.1696,3805.1328,5968.1696,-3805.1328,5393.1072,-3438.4896,-5393.1072,3438.4896,7078,59ad295f07490e7c
50,2i,17,12,9503400000,9503600000,200000,-199722,199722,14850,0,0,-12521.52,7983.36,12521.52,-7983.36,10862.1024,-6925.3632,-10862.1024,6925.3632,14850,59ad295f07490e7c
50,2i,17,13,9503400000,9503600000,200000,-199383,199383,25793,0,0,-21748.6576,13866.3168,21748.6576,-13866.3168,18032.6752,-11497.1136,-18032.6752,11497.1136,25793,59ad295f07490e7c
50,2i,17,14,9503400000,9503600000,200000,-198805,198805,43444,0,0,-36631.9808,23355.4944,36631.9808,-23355.4944,29808.8064,-19005.2352,-29808.8064,19005.2352,43444,59ad295f07490e7c
50,2i,17,15,9503400000,9503600000,200000,-197823,197823,66810,0,0,-56334.192,35917.056,56334.192,-35917.056,43913.856,-27998.208,-43913.856,27998.208,66810,59ad295f07490e7c
50,2i,17,16,9503400000,9503600000,200000,-196335,196335,97010,0,0,-81798.832,52152.576,81798.832,-52152.576,61723.9264,-39353.3952,-61723.9264,39353.3952,97010,59ad295f07490e7c
50,2i,17,17,9503400000,9503600000,200000,-194182,194182,136723,0,0,-115284.8336,73502.2848,115284.8336,-73502.2848,84422.8704,-53825.5872,-84422.8704,53825.5872,136723,59ad295f07490e7c
50,2i,17,18,9503400000,9503600000,200000,-191148,191148,197556,0,0,-166441.069312,106118.025216,166441.069312,-106118.025216,120392.230912,-76758.614016,-120392.230912,76758.614016,197556,59ad295f07490e7c
50,2i,17,19,9503400000,9503600000,200000,-186681,186681,266130,0,0,-223765.999488,142631.453184,223765.999488,-142631.453184,152283.112384,-97056.026112,-152283.112384,97056.026112,266130,59ad295f07490e7c
50,2i,17,20,9503400000,9503600000,200000,-180834,180834,344370,270,0,-288954.30656,184479.40608,288594.70208,-184181.82144,190527.33504,-121713.82272,-190527.33504,121713.82272,344640,59ad295f07490e7c
50,2i,17,21,9503400000,9503600000,200000,-173244,173262,437978,1378,87,-367279.135488,234060.701184,365299.661952,-233014.964736,232794.402624,-148234.002432,-233046.12576,148442.31168,439356,59ad295f07490e7c
50,2i,17,22,9503400000,9503600000,200000,-163590,163690,554094,3310,290,-461828.356352,294860.583936,457228.734208,-292192.134144,282175.060224,-180676.319232,-283485.767424,181311.608832,557404,59ad295f07490e7c
50,2i,17,23,9503400000,9503600000,200000,-151268,151540,674710,9349,616,-559121.876032,358079.602176,546471.71168,-350128.07424,319121.00672,-204595.17696,-321822.615424,206265.272832,684059,59ad295f07490e7c
50,2i,17,24,9503400000,9503600000,200000,-136429,137247,791558,24050,1320,-652783.446784,419313.165312,620958.67904,-398189.21472,347585.65056,-223354.79808,-356428.811136,228938.293248,815608,59ad295f07490e7c
50,2i,17,25,9503400000,9503600000,200000,-118757,120921,903125,57350,3100,-748602.6576,478938.3168,674613.4416,-430455.6288,362090.7088,-229776.9984,-384188.408,244719.744,960475,59ad295f07490e7c
50,2i,17,26,9503400000,9503600000,200000,-98010,103416,993644,120554,6896,-844990.592384,539144.666112,689088.61504,-437960.86272,351990.87424,-224373.68832,-405958.051712,259255.228416,1114198,59ad295f07490e7c
50,2i,17,27,9503400000,9503600000,200000,-74061,86001,1025061,219792,11854,-918038.661056,585718.007808,627152.3504,-399410.2272,288910.909952,-183227.828736,-403587.559808,257817.874944,1244853,59ad295f07490e7c
50,2i,17,28,9503400000,9503600000,200000,-48051,71433,979646,364832,15754,-963566.892416,614249.100288,474322.902144,-300531.489792,190166.0352,-120925.5936,-404682.144,256929.792,1344478,59ad295f07490e7c
50,2i,17,29,9503400000,9503600000,200000,-20042,62028,865000,555841,19408,-995319.41792,636398.33856,239426.068672,-151477.341696,44243.066944,-27767.496192,-406384.365248,262026.084864,1420841,59ad295f07490e7c
50,2i,17,30,9503400000,9503600000,200000,8938,60294,687430,757070,21550,-1005260.98816,642815.35488,-48908.0128,30157.6704,-124951.71456,79711.15008,-437551.21536,278378.00448,1444500,59ad295f07490e7c
50,2i,17,31,9503400000,9503600000,200000,37693,66377,490401,925024,19341,-998241.180608,636984.889344,-325329.599168,209895.911424,-286850.027456,184457.323008,-475232.382656,303612.676608,1415425,59ad295f07490e7c
50,2i,17,32,9503400000,9503600000,200000,65273,79327,306638,1033878,15020,-971319.078912,619032.278016,-556248.960768,357474.100224,-423935.025024,271718.725632,-521729.597568,332594.202624,1340516,59ad295f07490e7c
50,2i,17,33,9503400000,9503600000,200000,90715,96707,165561,1060945,9204,-922521.792768,585258.676224,-699180.33344,447116.11392,-511385.760832,327908.568576,-555437.170496,354446.089728,1226506,59ad295f07490e7c
50,2i,17,34,9503400000,9503600000,200000,113475,115639,77396,1011452,5212,-850326.313472,536038.788096,-745690.940416,472532.364288,-546612.918016,344804.441088,-563145.471744,355235.822592,1088848,59ad295f07490e7c
50,2i,17,35,9503400000,9503600000,200000,133163,133787,30505,911085,2330,-756468.28288,480566.11584,-715458.84096,454522.14528,-529423.39232,335842.99776,-534267.87296,339068.32128,941590,59ad295f07490e7c
50,2i,17,36,9503400000,9503600000,200000,149997,150147,9414,789026,832,-655609.714944,417847.560192,-642731.742208,409404.678144,-489257.420672,311861.277696,-490508.639872,312563.383296,798440,59ad295f07490e7c
50,2i,17,37,9503400000,9503600000,200000,163741,163765,2474,645713,296,-539749.17472,343578.60096,-536215.86912,341608.22016,-420861.375232,267964.747776,-421087.887232,268079.563776,648187,59ad295f07490e7c
50,2i,17,38,9503400000,9503600000,200000,174484,174486,418,509264,0,-427765.559168,272601.191424,-427103.447168,272265.575424,-342023.065088,217977.513984,-342023.065088,217977.513984,509682,59ad295f07490e7c
50,2i,17,39,9503400000,9503600000,200000,182938,182940,11,397763,0,-334958.366848,213559.793664,-334939.816448,213547.966464,-277577.89856,176975.66208,-277596.44896,176987.48928,397774,59ad295f07490e7c
50,2i,17,40,9503400000,9503600000,200000,189126,189126,40,291460,0,-245706.45632,156655.34976,-245639.00032,156612.34176,-208588.79232,132990.19776,-208588.79232,132990.19776,291500,59ad295f07490e7c
50,2i,17,41,9503400000,9503600000,200000,193524,193524,0,206778,0,-174355.2096,111163.8528,-174355.2096,111163.8528,-152044.1376,96938.9568,-152044.1376,96938.9568,206778,59ad295f07490e7c
50,2i,17,42,9503400000,9503600000,200000,196464,196464,0,137624,0,-116044.5568,73986.6624,-116044.5568,73986.6624,-104118.336,66382.848,-104118.336,66382.848,137624,59ad295f07490e7c
50,2i,17,43,9503400000,9503600000,200000,198232,198232,0,83269,0,-70212.4208,44765.4144,-70212.4208,44765.4144,-64103.4368,40870.5024,-64103.4368,40870.5024,83269,59ad295f07490e7c
50,2i,17,44,9503400000,9503600000,200000,199267,199267,0,48516,0,-40908.6912,26082.2016,-40908.6912,26082.2016,-38399.328,24482.304,-38399.328,24482.304,48516,59ad295f07490e7c
50,2i,17,45,9503400000,9503600000,200000,199763,199763,0,23210,0,-19570.672,12477.696,-19570.672,12477.696,-18820.224,11999.232,-18820.224,11999.232,23210,59ad295f07490e7c
50,2i,17,46,9503400000,9503600000,200000,199941,199941,0,8424,0,-7103.1168,4528.7424,-7103.1168,4528.7424,-6904.1216,4401.8688,-6904.1216,4401.8688,8424,59ad295f07490e7c
50,2i,17,47,9503400000,9503600000,200000,200000,200000,0,2773,0,-2338.1936,1490.7648,-2338.1936,1490.7648,-2338.1936,1490.7648,-2338.1936,1490.7648,2773,59ad295f07490e7c
50,2i,17,48,9503400000,9503600000,200000,200000,200000,0,0,0,0,0,0,0,0,0,0,0,0,59ad295f07490e7c
50,2i,17,49,9503400000,9503600000,200000,200000,200000,0,0,0,0,0,0,0,0,0,0,0,0,59ad295f07490e7c
50,2i,17,50,9503400000,9503600000,200000,200000,200000,0,0,0,0,0,0,0,0,0,0,0,0,59ad295f07490e7c
50,2i,18,0,9503600000,9503800000,200000,-200000,200000,0,0,0,0,0,0,0,0,0,0,0,0,ebfe8149211531c7
50,2i,18,1,9503600000,9503800000,200000,-200000,200000,0,0,0,0,0,0,0,0,0,0,0,0,ebfe8149211531c7
50,2i,18,2,9503600000,9503800000,200000,-200000,200000,0,0,0,0,0,0,0,0,0,0,0,0,ebfe8149211531c7
50,2i,18,3,9503600000,9503800000,200000,-200000,200000,0,0,0,0,0,0,0,0,0,0,0,0,ebfe8149211531c7
50,2i,18,4,9503600000,9503800000,200000,-200000,200000,0,0,0,0,0,0,0,0,0,0,0,0,ebfe8149211531c7
50,2i,18,5,9503600000,9503800000,200000,-200000,200000,0,0,0,0,0,0,0,0,0,0,0,0,ebfe8149211531c7
50,2i,18,6,9503600000,9503800000,200000,-200000,200000,44,0,0,-37.1008,23.6544,37.1008,-23.6544,37.1008,-23.6544,-37.1008,23.6544,44,ebfe8149211531c7
50,2i,18,7,9503600000,9503800000,200000,-199999,199999,136,0,0,-114.6752,73.1136,114.6752,-73.1136,108.7728,-69.3504,-108.7728,69.3504,136,ebfe8149211531c7
50,2i,18,8,9503600000,9503800000,200000,-199996,199996,570,0,0,-480.624,306.432,480.624,-306.432,460.3872,-293.5296,-460.3872,293.5296,570,ebfe8149211531c7
50,2i,18,9,9503600000,9503800000,200000,-199983,199983,1880,0,0,-1585.216,1010.688,1585.216,-1010.688,1486.5616,-947.7888,-1486.5616,947.7888,1880,ebfe8149211531c7
50,2i,18,10,9503600000,9503800000,200000,-199940,199940,3750,0,0,-3162,2016,3162,-2016,2799.424,-1784.832,-2799.424,1784.832,3750,ebfe8149211531c7
50,2i,18,11,9503600000,9503800000,200000,-199857,199857,8791,0,0,-7412.5712,4726.0416,7412.5712,-4726.0416,6642.7296,-4235.2128,-6642.7296,4235.2128,8791,ebfe8149211531c7
50,2i,18,12,9503600000,9503800000,200000,-199655,199655,14052,0,0,-11848.6464,7554.3552,11848.6464,-7554.3552,9804.7296,-6251.2128,-9804.7296,6251.2128,14052,ebfe8149211531c7
50,2i,18,13,9503600000,9503800000,200000,-199349,199349,25068,0,0,-21137.3376,13476.5568,21137.3376,-13476.5568,17783.088,-11337.984,-17783.088,11337.984,25068,ebfe8149211531c7
50,2i,18,14,9503600000,9503800000,200000,-198779,198779,43620,0,0,-36780.384,23450.112,36780.384,-23450.112,30051.648,-19160.064,-30051.648,19160.064,43620,ebfe8149211531c7
50,2i,18,15,9503600000,9503800000,200000,-197789,197789,66580,0,0,-56140.256,35793.408,56140.256,-35793.408,43618.736,-27810.048,-43618.736,27810.048,66580,ebfe8149211531c7
50,2i,18,16,9503600000,9503800000,200000,-196311,196311,98856,0,0,-83355.3792,53144.9856,83355.3792,-53144.9856,63415.3856,-40431.8208,-63415.3856,40431.8208,98856,ebfe8149211531c7
50,2i,18,17,9503600000,9503800000,200000,-194099,194099,139442,0,0,-117469.089664,74819.761152,117469.089664,-74819.761152,85761.396864,-54603.850752,-85761.396864,54603.850752,139442,ebfe8149211531c7
50,2i,18,18,9503600000,9503800000,200000,-191013,191013,195964,64,0,-164991.424768,105225.652224,164919.539968,-105252.685824,118176.538624,-75455.250432,-118176.538624,75455.250432,196028,ebfe8149211531c7
50,2i,18,19,9503600000,9503800000,200000,-186623,186627,265652,100,31,-223520.576896,142624.124928,223425.616896,-142606.844928,153284.436288,-97821.955584,-153327.117888,97805.904384,265752,ebfe8149211531c7
50,2i,18,20,9503600000,9503800000,200000,-180741,180749,345600,130,20,-290021.82976,185194.18368,289870.11776,-185165.76768,191022.1568,-122063.4624,-191055.8848,122084.9664,345730,ebfe8149211531c7
50,2i,18,21,9503600000,9503800000,200000,-173138,173152,444322,585,58,-370854.635456,236778.667008,370022.222656,-236361.796608,236669.820096,-151115.862528,-236752.408896,151120.700928,444907,ebfe8149211531c7
50,2i,18,22,9503600000,9503800000,200000,-163302,163352,552108,2748,72,-459270.621184,292815.424512,455302.93504,-290654.62272,277428.413184,-176937.280512,-277997.245184,177249.856512,554856,ebfe8149211531c7
50,2i,18,23,9503600000,9503800000,200000,-151214,151432,666134,8871,779,-550657.199424,351500.984832,539323.361344,-343921.915392,315473.069888,-201482.640384,-318264.985792,203000.825856,675005,ebfe8149211531c7
50,2i,18,24,9503600000,9503800000,200000,-136511,137243,797258,24680,1894,-655326.601088,420353.961984,625407.949952,-399666.548736,354909.507584,-227546.099712,-362502.327296,232933.552128,821938,ebfe8149211531c7
50,2i,18,25,9503600000,9503800000,200000,-118470,120626,913450,57500,3950,-755974.5376,484606.1568,685708.2528,-437813.9904,365198.2864,-232469.8752,-386665.432,247181.376,970950,ebfe8149211531c7
50,2i,18,26,9503600000,9503800000,200000,-97673,103005,985698,119144,6750,-837940.621335479289941,535983.870315550295858,684499.870999479289941,-437694.511467550295858,344875.560215479289941,-220738.594155550295858,-395626.664983479289941,254102.486379550295858,1104842,ebfe8149211531c7
50,2i,18,27,9503600000,9503800000,200000,-74168,85988,1012429,220965,10810,-908673.34845424852071,581972.740853396449704,614786.106734579881657,-392818.039868591715976,287434.300288,-183776.707584,-402960.151552,256817.857536,1233394,ebfe8149211531c7
50,2i,18,28,9503600000,9503800000,200000,-48135,71553,973508,367368,16162,-963281.785606059171598,614571.358632142011834,467465.439737940828402,-295737.308759857988166,186565.708665940828402,-116288.523863857988166,-403701.314438059171598,257644.151208142011834,1340876,ebfe8149211531c7
50,2i,18,29,9503600000,9503800000,200000,-20319,62373,866478,557523,19732,-1002001.338432,637345.445376,238471.149504,-150039.670272,47520.672768,-30262.516224,-414872.55744,264211.34592,1424001,ebfe8149211531c7
50,2i,18,30,9503600000,9503800000,200000,9078,60338,698100,760030,20630,-1016862.62592,649244.48256,-43638.07424,27583.28832,-126653.10592,80477.12256,-439315.90016,281461.37088,1458130,ebfe8149211531c7
50,2i,18,31,9503600000,9503800000,200000,37889,66487,490303,928796,18782,-1002415.09152,640777.74336,-328229.423808,210428.626944,-288482.894592,184627.424256,-478041.231232,303450.955776,1419099,ebfe8149211531c7
50,2i,18,32,9503600000,9503800000,200000,65571,79533,305780,1042014,14876,-978180.713088,623345.577984,-562839.463552,363723.073536,-427006.197248,276042.660864,-523091.300864,335541.322752,1347794,ebfe8149211531c7
50,2i,18,33,9503600000,9503800000,200000,91236,97242,163863,1068183,10319,-926441.98336,587118.22848,-706776.00448,450412.78464,-519924.144192,330381.997056,-563434.099776,358006.560768,1232046,ebfe8149211531c7
50,2i,18,34,9503600000,9503800000,200000,113889,116061,76906,1004144,5762,-842286.181504,534193.846272,-739221.744768,469407.412224,-541837.481088,344373.801984,-557882.006656,353911.108608,1081050,ebfe8149211531c7
50,2i,18,35,9503600000,9503800000,200000,133317,134023,29810,899650,2240,-748187.76448,473772.46464,-707605.27616,449514.93888,-524213.56032,332242.42176,-529698.64896,335637.08928,929460,ebfe8149211531c7
50,2i,18,36,9503600000,9503800000,200000,149949,150101,10826,780552,1050,-648832.061824,412554.028032,-634422.011264,403740.029952,-481634.07872,306156.07296,-482879.916544,306822.868992,791378,ebfe8149211531c7
50,2i,18,37,9503600000,9503800000,200000,163708,163738,2452,649748,150,-542870.689664,345928.561152,-539329.683072,344037.520896,-421068.028096,268602.006528,-421316.463296,268730.800128,652200,ebfe8149211531c7
50,2i,18,38,9503600000,9503800000,200000,174717,174717,570,518452,114,-435612.445056,277219.319808,-434886.249856,276842.846208,-350500.134272,223079.402496,-350500.134272,223079.402496,519022,ebfe8149211531c7
50,2i,18,39,9503600000,9503800000,200000,183107,183107,0,395608,0,-333084.391936,212098.587648,-333084.391936,212098.587648,-275434.942848,175342.961664,-275434.942848,175342.961664,395608,ebfe8149211531c7
50,2i,18,40,9503600000,9503800000,200000,189325,189325,0,291890,0,-246035.30432,156865.01376,-246035.30432,156865.01376,-209634.36032,133656.82176,-209634.36032,133656.82176,291890,ebfe8149211531c7
50,2i,18,41,9503600000,9503800000,200000,193642,193642,0,202971,0,-171145.1472,109117.2096,-171145.1472,109117.2096,-149243.8704,95153.5872,-149243.8704,95153.5872,202971,ebfe8149211531c7
50,2i,18,42,9503600000,9503800000,200000,196528,196528,0,135228,0,-114024.2496,72698.5728,-114024.2496,72698.5728,-102205.9584,65163.5712,-102205.9584,65163.5712,135228,ebfe8149211531c7
50,2i,18,43,9503600000,9503800000,200000,198280,198280,0,82259,0,-69360.7888,44222.4384,-69360.7888,44222.4384,-63523.3152,40500.6336,-63523.3152,40500.6336,82259,ebfe8149211531c7
50,2i,18,44,9503600000,9503800000,200000,199269,199269,0,46474,0,-39186.8768,24984.4224,-39186.8768,24984.4224,-36692.6912,23394.2016,-36692.6912,23394.2016,46474,ebfe8149211531c7
50,2i,18,45,9503600000,9503800000,200000,199762,199762,0,23140,0,-19511.648,12440.064,-19511.648,12440.064,-18706.392,11926.656,-18706.392,11926.656,23140,ebfe8149211531c7
50,2i,18,46,9503600000,9503800000,200000,199953,199953,0,8974,0,-7566.8768,4824.4224,-7566.8768,4824.4224,-7408.3552,4723.3536,-7408.3552,4723.3536,8974,ebfe8149211531c7
50,2i,18,47,9503600000,9503800000,200000,200000,200000,0,2209,0,-1862.6288,1187.5584,-1862.6288,1187.5584,-1862.6288,1187.5584,-1862.6288,1187.5584,2209,ebfe8149211531c7
50,2i,18,48,9503600000,9503800000,200000,200000,200000,0,0,0,0,0,0,0,0,0,0,0,0,ebfe8149211531c7
50,2i,18,49,9503600000,9503800000,200000,200000,200000,0,0,0,0,0,0,0,0,0,0,0,0,ebfe8149211531c7
50,2i,18,50,9503600000,9503800000,200000,200000,200000,0,0,0,0,0,0,0,0,0,0,0,0,ebfe8149211531c7
50,2i,19,0,9503800000,9504000000,200000,-200000,200000,0,0,0,0,0,0,0,0,0,0,0,0,72175f56c90a4e2c
50,2i,19,1,9503800000,9504000000,200000,-200000,200000,0,0,0,0,0,0,0,0,0,0,0,0,72175f56c90a4e2c
50,2i,19,2,9503800000,9504000000,200000,-200000,200000,0,0,0,0,0,0,0,0,0,0,0,0,72175f56c90a4e2c
50,2i,19,3,9503800000,9504000000,200000,-200000,200000,0,0,0,0,0,0,0,0,0,0,0,0,72175f56c90a4e2c
50,2i,19,4,9503800000,9504000000,200000,-200000,200000,0,0,0,0,0,0,0,0,0,0,0,0,72175f56c90a4e2c
50,2i,19,5,9503800000,9504000000,200000,-200000,200000,0,0,0,0,0,0,0,0,0,0,0,0,72175f56c90a4e2c
50,2i,19,6,9503800000,9504000000,200000,-200000,200000,0,0,0,0,0,0,0,0,0,0,0,0,72175f56c90a4e2c
50,2i,19,7,9503800000,9504000000,200000,-200000,200000,258,0,0,-217.5456,138.7008,217.5456,-138.7008,217.5456,-138.7008,-217.5456,138.7008,258,72175f56c90a4e2c
50,2i,19,8,9503800000,9504000000,200000,-199994,199994,552,0,0,-465.4464,296.7552,465.4464,-296.7552,424.9728,-270.9504,-424.9728,270.9504,552,72175f56c90a4e2c
50,2i,19,9,9503800000,9504000000,200000,-199982,199982,1051,0,0,-886.2032,565.0176,886.2032,-565.0176,795.1376,-506.9568,-795.1376,506.9568,1051,72175f56c90a4e2c
50,2i,19,10,9503800000,9504000000,200000,-199959,199959,3510,0,0,-2959.632,1886.976,2959.632,-1886.976,2765.696,-1763.328,-2765.696,1763.328,3510,72175f56c90a4e2c
50,2i,19,11,9503800000,9504000000,200000,-199877,199877,7337,0,0,-6186.5584,3944.3712,6186.5584,-3944.3712,5425.992,-3459.456,-5425.992,3459.456,7337,72175f56c90a4e2c
50,2i,19,12,9503800000,9504000000,200000,-199712,199712,13798,0,0,-11634.4736,7417.8048,11634.4736,-7417.8048,9964.9376,-6353.3568,-9964.9376,6353.3568,13798,72175f56c90a4e2c
50,2i,19,13,9503800000,9504000000,200000,-199401,199401,26835,0,0,-22627.272,14426.496,22627.272,-14426.496,19218.2144,-12252.9792,-19218.2144,12252.9792,26835,72175f56c90a4e2c
50,2i,19,14,9503800000,9504000000,200000,-198785,198785,42068,0,0,-35471.7376,22615.7568,35471.7376,-22615.7568,28199.9808,-17979.4944,-28199.9808,17979.4944,42068,72175f56c90a4e2c
50,2i,19,15,9503800000,9504000000,200000,-197856,197856,63985,0,0,-53952.152,34398.336,53952.152,-34398.336,42202.16,-26906.88,-42202.16,26906.88,63985,72175f56c90a4e2c
50,2i,19,16,9503800000,9504000000,200000,-196426,196426,99074,0,0,-83539.1968,53262.1824,83539.1968,-53262.1824,64246.7808,-40961.8944,-64246.7808,40961.8944,99074,72175f56c90a4e2c
50,2i,19,17,9503800000,9504000000,200000,-194185,194185,139935,0,0,-117887.896128,75237.064704,117887.896128,-75237.064704,85764.505728,-54756.117504,-85764.505728,54756.117504,139935,72175f56c90a4e2c
50,2i,19,18,9503800000,9504000000,200000,-191099,191099,192636,0,0,-162202.061056,103529.207808,162202.061056,-103529.207808,115421.421568,-73662.234624,-115421.421568,73662.234624,192636,72175f56c90a4e2c
50,2i,19,19,9503800000,9504000000,200000,-186815,186815,257197,31,0,-216219.940992,137792.979456,216167.662592,-137759.648256,147662.332736,-94039.362048,-147662.332736,94039.362048,257228,72175f56c90a4e2c
50,2i,19,20,9503800000,9504000000,200000,-181143,181145,339080,440,0,-284739.58016,181951.61088,284222.8032,-181553.8176,189198.30656,-121071.40608,-189232.03456,121092.91008,339520,72175f56c90a4e2c
50,2i,19,21,9503800000,9504000000,200000,-173607,173637,444047,990,87,-371208.57376,237336.77568,370191.62976,-236640.58368,238080.415232,-152099.467776,-238418.549504,152362.870272,445037,72175f56c90a4e2c
50,2i,19,22,9503800000,9504000000,200000,-163718,163796,555830,3132,290,-462222.694272,295173.482496,458319.496832,-292238.616576,279272.629376,-178056.173568,-279787.58848,178384.49664,558962,72175f56c90a4e2c
50,2i,19,23,9503800000,9504000000,200000,-151525,151789,671879,8889,778,-556551.8528,354778.7904,545495.504512,-347854.818816,320018.06272,-203850.98496,-322801.258496,205992.073728,680768,72175f56c90a4e2c
50,2i,19,24,9503800000,9504000000,200000,-136698,137462,792238,23914,1620,-655670.486528,418143.611904,625116.036864,-399159.370752,351018.828928,-224373.295104,-358372.742272,228624.746496,816152,72175f56c90a4e2c
50,2i,19,25,9503800000,9504000000,200000,-118994,121136,911500,54650,3275,-756492.4288,483313.9584,685365.776,-438648.768,368721.3584,-236110.7712,-391029.5664,250276.9152,966150,72175f56c90a4e2c
50,2i,19,26,9503800000,9504000000,200000,-98052,103188,997954,116250,6490,-846465.50016,543234.17088,693871.796224,-443590.367232,349712.576,-224631.168,-400483.758592,256350.176256,1114204,72175f56c90a4e2c
50,2i,19,27,9503800000,9504000000,200000,-74314,85894,1022810,220325,11253,-913967.067072,585863.632896,623529.711552,-396207.937536,289487.782848,-182276.081664,-404038.11936,258691.47648,1243135,72175f56c90a4e2c
50,2i,19,28,9503800000,9504000000,200000,-48131,71305,978820,371184,16274,-963279.940096,615824.022528,467716.941568,-298077.594624,186290.575744,-119606.894592,-400413.903232,257464.651776,1350004,72175f56c90a4e2c
50,2i,19,29,9503800000,9504000000,200000,-20091,62253,864762,559981,20551,-997731.654848,638331.377664,234456.565184,-150903.616512,43908.19296,-27530.08128,-414896.85024,264656.05632,1424743,72175f56c90a4e2c
50,2i,19,30,9503800000,9504000000,200000,9032,60240,692780,756090,22060,-1011246.26752,643773.71136,-43910.35968,31104.13824,-124254.52864,81156.58752,-436154.66048,276417.39264,1448870,72175f56c90a4e2c
50,2i,19,31,9503800000,9504000000,200000,37791,66425,488559,928130,19261,-1003240.470336,637690.318848,-330032.237632,213745.790976,-288547.750336,185265.358848,-478310.778688,306555.638784,1416689,72175f56c90a4e2c
50,2i,19,32,9503800000,9504000000,200000,65431,79469,306022,1038664,14914,-979584.6752,622633.1136,-560796.170624,356222.226432,-427386.553856,271767.518208,-526574.168576,333900.039168,1344686,72175f56c90a4e2c
50,2i,19,33,9503800000,9504000000,200000,90998,96982,165208,1063638,10001,-925888.814336,588821.710848,-701025.945472,447445.764096,-516042.325504,328355.638272,-559061.234048,355821.963264,1228846,72175f56c90a4e2c
50,2i,19,34,9503800000,9504000000,200000,113653,115835,76426,1006948,5712,-843850.687616,538142.373888,-742032.139648,473549.144064,-543920.834816,347259.583488,-559701.565696,356920.163328,1083374,72175f56c90a4e2c
50,2i,19,35,9503800000,9504000000,200000,133222,133930,29710,905435,2725,-749551.62848,476879.21664,-709886.47456,452534.83008,-524899.9392,334735.0656,-530044.74432,337946.93376,935145,72175f56c90a4e2c
50,2i,19,36,9503800000,9504000000,200000,149904,150090,10474,781164,954,-650138.323328,413193.314304,-636366.659968,404576.845824,-484680.037888,307624.464384,-486104.16896,308532.44928,791638,72175f56c90a4e2c
50,2i,19,37,9503800000,9504000000,200000,163553,163585,3031,644007,359,-538133.464064,343371.620352,-534121.253888,340843.152384,-417078.236992,266353.107456,-417326.672192,266481.901056,647038,72175f56c90a4e2c
50,2i,19,38,9503800000,9504000000,200000,174478,174482,556,513534,76,-431350.626176,274556.755968,-430583.957376,274154.477568,-347606.406784,221234.445312,-347646.880384,221260.250112,514090,72175f56c90a4e2c
50,2i,19,39,9503800000,9504000000,200000,182723,182723,78,390777,0,-329350.441024,209883.013632,-329218.901824,209799.148032,-270857.106624,172601.874432,-270857.106624,172601.874432,390855,72175f56c90a4e2c
50,2i,19,40,9503800000,9504000000,200000,189023,189023,0,296040,0,-249598.4,159091.2,-249598.4,159091.2,-212463.872,135415.296,-212463.872,135415.296,296040,72175f56c90a4e2c
50,2i,19,41,9503800000,9504000000,200000,193427,193427,0,207123,0,-174646.1136,111349.3248,-174646.1136,111349.3248,-152251.5648,97071.2064,-152251.5648,97071.2064,207123,72175f56c90a4e2c
50,2i,19,42,9503800000,9504000000,200000,196378,196378,0,138758,0,-117000.7456,74596.3008,-117000.7456,74596.3008,-104507.8944,66631.2192,-104507.8944,66631.2192,138758,72175f56c90a4e2c
50,2i,19,43,9503800000,9504000000,200000,198230,198230,0,86671,0,-73080.9872,46594.3296,-73080.9872,46594.3296,-67149.0752,42812.3136,-67149.0752,42812.3136,86671,72175f56c90a4e2c
50,2i,19,44,9503800000,9504000000,200000,199235,199235,0,47334,0,-39912.0288,25446.7584,-39912.0288,25446.7584,-37286.304,23772.672,-37286.304,23772.672,47334,72175f56c90a4e2c
50,2i,19,45,9503800000,9504000000,200000,199754,199754,0,24335,0,-20519.272,13082.496,-20519.272,13082.496,-19692.936,12555.648,-19692.936,12555.648,24335,72175f56c90a4e2c
50,2i,19,46,9503800000,9504000000,200000,199950,199950,0,9216,0,-7770.9312,4954.5216,-7770.9312,4954.5216,-7602.2912,4847.0016,-7602.2912,4847.0016,9216,72175f56c90a4e2c
50,2i,19,47,9503800000,9504000000,200000,200000,200000,0,2350,0,-1981.52,1263.36,-1981.52,1263.36,-1981.52,1263.36,-1981.52,1263.36,2350,72175f56c90a4e2c
50,2i,19,48,9503800000,9504000000,200000,200000,200000,0,0,0,0,0,0,0,0,0,0,0,0,72175f56c90a4e2c
50,2i,19,49,9503800000,9504000000,200000,200000,200000,0,0,0,0,0,0,0,0,0,0,0,0,72175f56c90a4e2c
50,2i,19,50,9503800000,9504000000,200000,200000,200000,0,0,0,0,0,0,0,0,0,0,0,0,72175f56c90a4e2c
50,2i,20,0,9504000000,9504200000,200000,-200000,200000,0,0,0,0,0,0,0,0,0,0,0,0,b8a0e75ee41fa620
50,2i,20,1,9504000000,9504200000,200000,-200000,200000,0,0,0,0,0,0,0,0,0,0,0,0,b8a0e75ee41fa620
50,2i,20,2,9504000000,9504200000,200000,-200000,200000,0,0,0,0,0,0,0,0,0,0,0,0,b8a0e75ee41fa620
50,2i,20,3,9504000000,9504200000,200000,-200000,200000,0,0,0,0,0,0,0,0,0,0,0,0,b8a0e75ee41fa620
50,2i,20,4,9504000000,9504200000,200000,-200000,200000,0,0,0,0,0,0,0,0,0,0,0,0,b8a0e75ee41fa620
50,2i,20,5,9504000000,9504200000,200000,-200000,200000,0,0,0,0,0,0,0,0,0,0,0,0,b8a0e75ee41fa620
50,2i,20,6,9504000000,9504200000,200000,-200000,200000,0,0,0,0,0,0,0,0,0,0,0,0,b8a0e75ee41fa620
50,2i,20,7,9504000000,9504200000,200000,-200000,200000,258,0,0,-217.5456,138.7008,217.5456,-138.7008,217.5456,-138.7008,-217.5456,138.7008,258,b8a0e75ee41fa620
50,2i,20,8,9504000000,9504200000,200000,-199994,199994,678,0,0,-571.6896,364.4928,571.6896,-364.4928,531.216,-338.688,-531.216,338.688,678,b8a0e75ee41fa620
50,2i,20,9,9504000000,9504200000,200000,-199979,199979,2062,0,0,-1738.6784,1108.5312,1738.6784,-1108.5312,1624.8464,-1035.9552,-1624.8464,1035.9552,2062,b8a0e75ee41fa620
50,2i,20,10,9504000000,9504200000,200000,-199932,199932,3950,0,0,-3330.64,2123.52,3330.64,-2123.52,2934.336,-1870.848,-2934.336,1870.848,3950,b8a0e75ee41fa620
50,2i,20,11,9504000000,9504200000,200000,-199845,199845,7704,0,0,-6496.0128,4141.6704,6496.0128,-4141.6704,5689.0704,-3627.1872,-5689.0704,3627.1872,7704,b8a0e75ee41fa620
50,2i,20,12,9504000000,9504200000,200000,-199672,199672,14312,0,0,-12067.8784,7694.1312,12067.8784,-7694.1312,10317.3952,-6578.0736,-10317.3952,6578.0736,14312,b8a0e75ee41fa620
50,2i,20,13,9504000000,9504200000,200000,-199350,199350,23574,0,0,-19877.5968,12673.3824,19877.5968,-12673.3824,16347.9616,-10422.9888,-16347.9616,10422.9888,23574,b8a0e75ee41fa620
50,2i,20,14,9504000000,9504200000,200000,-198826,198826,42184,0,0,-35569.5488,22678.1184,35569.5488,-22678.1184,29383.8336,-18734.2848,-29383.8336,18734.2848,42184,b8a0e75ee41fa620
50,2i,20,15,9504000000,9504200000,200000,-197858,197858,65410,0,0,-55153.712,35164.416,55153.712,-35164.416,42910.448,-27358.464,-42910.448,27358.464,65410,b8a0e75ee41fa620
50,2i,20,16,9504000000,9504200000,200000,-196404,196404,94698,0,0,-79849.3536,50909.6448,79849.3536,-50909.6448,60233.1488,-38402.9184,-60233.1488,38402.9184,94698,b8a0e75ee41fa620
50,2i,20,17,9504000000,9504200000,200000,-194303,194303,139271,0,0,-117433.3072,74872.0896,117433.3072,-74872.0896,87316.7328,-55670.6304,-87316.7328,55670.6304,139271,b8a0e75ee41fa620
50,2i,20,18,9504000000,9504200000,200000,-191165,191165,195396,0,0,-164532.659968,104864.845824,164532.659968,-104864.845824,116905.351168,-74499.047424,-116905.351168,74499.047424,195396,b8a0e75ee41fa620
50,2i,20,19,9504000000,9504200000,200000,-186824,186824,258063,0,0,-217011.204544,138338.452992,217011.204544,-138338.452992,147598.652288,-94104.643584,-147598.652288,94104.643584,258063,b8a0e75ee41fa620
50,2i,20,20,9504000000,9504200000,200000,-181160,181160,345390,120,0,-289864.38976,185048.26368,289662.02176,-184919.23968,194538.2688,-124271.0784,-194538.2688,124271.0784,345510,b8a0e75ee41fa620
50,2i,20,21,9504000000,9504200000,200000,-173419,173427,442646,1186,87,-370517.1616,236728.5888,368914.204672,-235706.589696,233468.066176,-149182.675968,-233609.723776,149272.992768,443832,b8a0e75ee41fa620
50,2i,20,22,9504000000,9504200000,200000,-163720,163804,553162,3132,262,-459897.646976,294774.970368,456062.084736,-292074.498048,280258.142336,-179864.014848,-281366.71424,180570.80832,556294,b8a0e75ee41fa620
50,2i,20,23,9504000000,9504200000,200000,-151473,151721,675453,9446,782,-560111.582016,357477.593088,548201.863232,-349305.931776,322369.356928,-204537.199104,-324609.384704,206174.863872,684899,b8a0e75ee41fa620
50,2i,20,24,9504000000,9504200000,200000,-136539,137347,805604,24868,1748,-665831.37536,425188.88448,633669.394944,-403585.800192,357906.637312,-228944.649216,-366501.918208,234752.646144,830472,b8a0e75ee41fa620
50,2i,20,25,9504000000,9504200000,200000,-118383,120587,913225,54400,3425,-756244.1648,483668.0064,687223.432,-438125.376,362130.3104,-230371.5072,-384790.5984,245559.0912,967625,b8a0e75ee41fa620
50,2i,20,26,9504000000,9504200000,200000,-97834,102994,984462,113164,7070,-833008.040462390532544,532085.864720662721893,688241.157902390532544,-438575.290640662721893,348118.295310390532544,-222062.042384662721893,-396333.157902390532544,253631.290640662721893,1097626,b8a0e75ee41fa620
50,2i,20,27,9504000000,9504200000,200000,-74361,85749,1020871,214810,11134,-909863.384352189349112,582821.47038674556213,627242.352672189349112,-399319.63614674556213,295488.414848,-188651.057664,-404109.437312,258335.049216,1235681,b8a0e75ee41fa620
50,2i,20,28,9504000000,9504200000,200000,-48191,70947,979134,366062,14834,-964371.547479857988166,617364.471801940828402,471143.610024142011834,-298775.742470059171598,186002.358784,-116711.181312,-397828.45696,255272.03328,1345196,b8a0e75ee41fa620
50,2i,20,29,9504000000,9504200000,200000,-20353,61919,859994,557442,19293,-995044.448278721893491,634316.631497467455621,235227.106409278106509,-148447.775286532544379,44868.8001692781065089,-27556.7109665325443787,-415807.588310721893491,264866.185673467455621,1417436,b8a0e75ee41fa620
50,2i,20,30,9504000000,9504200000,200000,8701,59979,689290,753030,21080,-1008369.0752,643772.3136,-39479.66592,27243.20256,-122380.25408,78151.35744,-433160.53696,276933.47328,1442320,b8a0e75ee41fa620
50,2i,20,31,9504000000,9504200000,200000,37236,66076,488712,926220,19390,-1002905.886848,640511.153664,-330345.00032,211020.34176,-286112.93728,184157.01504,-476964.385344,305535.547392,1414932,b8a0e75ee41fa620
50,2i,20,32,9504000000,9504200000,200000,65149,79155,310802,1041018,15576,-981753.373184,624794.560512,-560527.44064,355226.60352,-430250.20224,272135.99232,-530042.116992,337276.947456,1351820,b8a0e75ee41fa620
50,2i,20,33,9504000000,9504200000,200000,90627,96471,166327,1057508,9334,-920637.075008,588200.108544,-695108.84064,441861.80352,-512201.258048,326267.595264,-554777.648704,353180.815872,1223835,b8a0e75ee41fa620
50,2i,20,34,9504000000,9504200000,200000,113160,115280,75068,1009278,5060,-846520.00832,540128.88576,-745403.685504,476088.118272,-540785.238144,345506.337792,-556748.779648,355720.664064,1084346,b8a0e75ee41fa620
50,2i,20,35,9504000000,9504200000,200000,133049,133699,29430,916825,2325,-762944.72096,485941.98528,-723048.03552,460561.93536,-538250.48896,343002.20928,-543226.92736,346038.42048,946255,b8a0e75ee41fa620
50,2i,20,36,9504000000,9504200000,200000,149725,149881,9788,783930,876,-652296.52288,414726.43584,-639212.344448,406807.870464,-484848.045056,308640.119808,-485988.771328,309271.778304,793718,b8a0e75ee41fa620
50,2i,20,37,9504000000,9504200000,200000,163538,163566,2524,653416,235,-546869.448832,347387.352576,-543628.160256,345603.153408,-423631.954176,269015.059968,-423858.466176,269129.875968,655940,b8a0e75ee41fa620
50,2i,20,38,9504000000,9504200000,200000,174681,174685,480,523970,38,-440503.164544,280651.732992,-439800.578944,280290.312192,-355144.115968,226299.853824,-355184.589568,226325.658624,524450,b8a0e75ee41fa620
50,2i,20,39,9504000000,9504200000,200000,183099,183099,78,394994,0,-332563.279872,211918.903296,-332431.740672,211835.037696,-276209.436672,176014.365696,-276209.436672,176014.365696,395072,b8a0e75ee41fa620
50,2i,20,40,9504000000,9504200000,200000,189169,189169,0,287750,0,-242585.744,154574.592,-242585.744,154574.592,-204683.904,130409.472,-204683.904,130409.472,287750,b8a0e75ee41fa620
50,2i,20,41,9504000000,9504200000,200000,193664,193664,0,210521,0,-177511.3072,113176.0896,-177511.3072,113176.0896,-155397.544,99076.992,-155397.544,99076.992,210521,b8a0e75ee41fa620
50,2i,20,42,9504000000,9504200000,200000,196578,196578,0,136380,0,-114995.616,73317.888,-114995.616,73317.888,-103197.5616,65795.7888,-103197.5616,65795.7888,136380,b8a0e75ee41fa620
50,2i,20,43,9504000000,9504200000,200000,198327,198327,0,81794,0,-68968.7008,43972.4544,-68968.7008,43972.4544,-63414.5424,40431.2832,-63414.5424,40431.2832,81794,b8a0e75ee41fa620
50,2i,20,44,9504000000,9504200000,200000,199268,199268,0,44338,0,-37385.8016,23836.1088,-37385.8016,23836.1088,-34911.8528,22258.7904,-34911.8528,22258.7904,44338,b8a0e75ee41fa620
50,2i,20,45,9504000000,9504200000,200000,199757,199757,0,22995,0,-19389.384,12362.112,-19389.384,12362.112,-18554.616,11829.888,-18554.616,11829.888,22995,b8a0e75ee41fa620
50,2i,20,46,9504000000,9504200000,200000,199955,199955,0,9288,0,-7831.6416,4993.2288,-7831.6416,4993.2288,-7679.8656,4896.4608,-7679.8656,4896.4608,9288,b8a0e75ee41fa620
50,2i,20,47,9504000000,9504200000,200000,200000,200000,0,2115,0,-1783.368,1137.024,-1783.368,1137.024,-1783.368,1137.024,-1783.368,1137.024,2115,b8a0e75ee41fa620
50,2i,20,48,9504000000,9504200000,200000,200000,200000,0,0,0,0,0,0,0,0,0,0,0,0,b8a0e75ee41fa620
50,2i,20,49,9504000000,9504200000,200000,200000,200000,0,0,0,0,0,0,0,0,0,0,0,0,b8a0e75ee41fa620
50,2i,20,50,9504000000,9504200000,200000,200000,200000,0,0,0,0,0,0,0,0,0,0,0,0,b8a0e75ee41fa620
50,2i,21,0,9504200000,9504400000,200000,-200000,200000,0,0,0,0,0,0,0,0,0,0,0,0,88ac86dde720841b
50,2i,21,1,9504200000,9504400000,200000,-200000,200000,0,0,0,0,0,0,0,0,0,0,0,0,88ac86dde720841b
50,2i,21,2,9504200000,9504400000,200000,-200000,200000,0,0,0,0,0,0,0,0,0,0,0,0,88ac86dde720841b
50,2i,21,3,9504200000,9504400000,200000,-200000,200000,0,0,0,0,0,0,0,0,0,0,0,0,88ac86dde720841b
50,2i,21,4,9504200000,9504400000,200000,-200000,200000,0,0,0,0,0,0,0,0,0,0,0,0,88ac86dde720841b
50,2i,21,5,9504200000,9504400000,200000,-200000,200000,0,0,0,0,0,0,0,0,0,0,0,0,88ac86dde720841b
50,2i,21,6,9504200000,9504400000,200000,-200000,200000,88,0,0,-74.2016,47.3088,74.2016,-47.3088,74.2016,-47.3088,-74.2016,47.3088,88,88ac86dde720841b
50,2i,21,7,9504200000,9504400000,200000,-199998,199998,229,0,0,-193.0928,123.1104,193.0928,-123.1104,181.288,-115.584,-181.288,115.584,229,88ac86dde720841b
50,2i,21,8,9504200000,9504400000,200000,-199993,199993,628,0,0,-529.5296,337.6128,529.5296,-337.6128,495.8016,-316.1088,-495.8016,316.1088,628,88ac86dde720841b
50,2i,21,9,9504200000,9504400000,200000,-199979,199979,1438,0,0,-1212.5216,773.0688,1212.5216,-773.0688,1106.2784,-705.3312,-1106.2784,705.3312,1438,88ac86dde720841b
50,2i,21,10,9504200000,9504400000,200000,-199947,199947,3920,0,0,-3305.344,2107.392,3305.344,-2107.392,3035.52,-1935.36,-3035.52,1935.36,3920,88ac86dde720841b
50,2i,21,11,9504200000,9504400000,200000,-199857,199857,8088,0,0,-6819.8016,4348.1088,6819.8016,-4348.1088,5985.0336,-3815.8848,-5985.0336,3815.8848,8088,88ac86dde720841b
50,2i,21,12,9504200000,9504400000,200000,-199675,199675,14306,0,0,-12062.8192,7690.9056,12062.8192,-7690.9056,10221.2704,-6516.7872,-10221.2704,6516.7872,14306,88ac86dde720841b
50,2i,21,13,9504200000,9504400000,200000,-199356,199356,25644,0,0,-21623.0208,13786.2144,21623.0208,-13786.2144,18126.2704,-11556.7872,-18126.2704,11556.7872,25644,88ac86dde720841b
50,2i,21,14,9504200000,9504400000,200000,-198775,198775,41830,0,0,-35271.056,22487.808,35271.056,-22487.808,28412.4672,-18114.9696,-28412.4672,18114.9696,41830,88ac86dde720841b
50,2i,21,15,9504200000,9504400000,200000,-197839,197839,65455,0,0,-55191.656,35188.608,55191.656,-35188.608,43353.128,-27640.704,-43353.128,27640.704,65455,88ac86dde720841b
50,2i,21,16,9504200000,9504400000,200000,-196370,196370,96706,0,0,-81542.4992,51989.1456,81542.4992,-51989.1456,61723.9264,-39353.3952,-61723.9264,39353.3952,96706,88ac86dde720841b
50,2i,21,17,9504200000,9504400000,200000,-194217,194217,141013,0,0,-118793.756864,75664.330752,118793.756864,-75664.330752,87931.793664,-55987.633152,-87931.793664,55987.633152,141013,88ac86dde720841b
50,2i,21,18,9504200000,9504400000,200000,-191053,191053,192984,0,0,-162475.776512,103585.314816,162475.776512,-103585.314816,114512.979968,-73046.605824,-114512.979968,73046.605824,192984,88ac86dde720841b
50,2i,21,19,9504200000,9504400000,200000,-186802,186802,263173,31,0,-221469.232896,141188.732928,221416.954496,-141155.401728,153451.01184,-97800.64512,-153451.01184,97800.64512,263204,88ac86dde720841b
50,2i,21,20,9504200000,9504400000,200000,-180917,180919,349310,170,30,-293305.76512,187117.14816,293069.66912,-186966.62016,194170.20032,-123933.94176,-194203.92832,123955.44576,349480,88ac86dde720841b
50,2i,21,21,9504200000,9504400000,200000,-173191,173203,445529,772,108,-372283.99456,237486.19008,371294.88736,-237119.70048,235787.667136,-150496.501248,-235929.324736,150586.818048,446301,88ac86dde720841b
50,2i,21,22,9504200000,9504400000,200000,-163396,163454,551740,2914,318,-458240.106368,292217.601024,454660.358528,-290326.907904,277201.6512,-176963.4816,-277844.544,177172.992,554654,88ac86dde720841b
50,2i,21,23,9504200000,9504400000,200000,-151283,151513,671280,9403,666,-555196.138176,355263.571968,542673.06912,-347497.82016,319762.993728,-205241.301504,-322175.410368,206622.273024,680683,88ac86dde720841b
50,2i,21,24,9504200000,9504400000,200000,-136391,137171,793640,24774,1812,-655817.761408,419073.183744,624112.485248,-398558.244864,350165.542656,-222927.556608,-359152.789248,228602.916864,818414,88ac86dde720841b
50,2i,21,25,9504200000,9504400000,200000,-118660,120838,903400,56350,4075,-749193.7984,478176.6912,677882.0192,-432596.5056,361597.3504,-231170.2272,-383441.6096,245439.0528,959750,88ac86dde720841b
50,2i,21,26,9504200000,9504400000,200000,-98001,103289,985872,117302,7370,-834859.482496,533375.305728,682678.044032,-436367.026176,345625.393664,-220752.433152,-397071.614464,253316.247552,1103174,88ac86dde720841b
50,2i,21,27,9504200000,9504400000,200000,-74416,86110,1019974,217535,11382,-909105.169403834319527,580383.195484402366864,623371.606907834319527,-397490.449756402366864,291807.761147834319527,-186023.178076402366864,-405134.881019834319527,258523.201372402366864,1237509,88ac86dde720841b
50,2i,21,28,9504200000,9504400000,200000,-48298,71388,981466,365310,15542,-964854.825734059171598,614242.215336142011834,478520.695046059171598,-304046.640552142011834,192518.752256,-121355.409408,-402404.85632,255746.54976,1346776,88ac86dde720841b
50,2i,21,29,9504200000,9504400000,200000,-20322,62118,865966,555745,19021,-1002630.0995245443787,637324.540734106508876,244759.914299455621302,-153922.223297893491124,49381.883712,-31207.804416,-413790.64608,262950.01344,1421711,88ac86dde720841b
50,2i,21,30,9504200000,9504400000,200000,8745,60147,696850,756040,21160,-1018857.01586934911243,650393.303494437869822,-40651.682109349112426,26216.8478144378698225,-122778.727869349112426,77781.7194944378698225,-439309.019069349112426,281732.721094437869822,1452890,88ac86dde720841b
50,2i,21,31,9504200000,9504400000,200000,37789,66063,494733,931190,20060,-1007705.560128,644302.216704,-332581.324736,209722.818048,-293250.09504,186521.50272,-477752.379072,304976.848896,1425923,88ac86dde720841b
50,2i,21,32,9504200000,9504400000,200000,65450,79382,301058,1043166,14562,-976114.217984,623776.806912,-567623.30624,362811.06432,-430522.287104,274554.627072,-528272.509952,336016.628736,1344224,88ac86dde720841b
50,2i,21,33,9504200000,9504400000,200000,90954,96932,163575,1065181,8997,-925004.667008,591688.364544,-701830.619776,450589.920768,-514214.847232,330472.843776,-558180.152576,358890.951168,1228756,88ac86dde720841b
50,2i,21,34,9504200000,9504400000,200000,113726,115900,77244,1012956,4536,-851331.561728,542171.925504,-746193.61408,474619.83744,-545836.618496,347556.553728,-563043.955456,358272.427008,1090200,88ac86dde720841b
50,2i,21,35,9504200000,9504400000,200000,133473,134075,30960,909860,2250,-757881.48224,482543.03232,-715626.34624,456057.78432,-532147.99008,338593.40544,-536762.07648,341637.68064,940820,88ac86dde720841b
50,2i,21,36,9504200000,9504400000,200000,150118,150260,9106,783230,976,-651691.807488,416194.397184,-639458.581504,408117.046272,-484937.604992,309658.131456,-486097.023616,310429.221888,792336,88ac86dde720841b
50,2i,21,37,9504200000,9504400000,200000,163912,163936,2326,650415,309,-544014.168512,347087.970816,-540730.75872,344910.31296,-422900.495936,269797.659648,-423119.727936,269937.435648,652741,88ac86dde720841b
50,2i,21,38,9504200000,9504400000,200000,174863,174865,418,515476,38,-433191.350656,276290.500608,-432550.518656,275881.924608,-348905.33568,222538.50624,-348905.33568,222538.50624,515894,88ac86dde720841b
50,2i,21,39,9504200000,9504400000,200000,183176,183178,11,391406,0,-329559.668672,210162.141696,-329541.118272,210150.314496,-272878.921472,174024.132096,-272897.471872,174035.959296,391417,88ac86dde720841b
50,2i,21,40,9504200000,9504400000,200000,189286,189286,40,287860,0,-242757.28,154775.04,-242689.824,154732.032,-206044.352,131367.936,-206044.352,131367.936,287900,88ac86dde720841b
50,2i,21,41,9504200000,9504400000,200000,193636,193636,0,204684,0,-172589.5488,110038.1184,-172589.5488,110038.1184,-150384.72,95880.96,-150384.72,95880.96,204684,88ac86dde720841b
50,2i,21,42,9504200000,9504400000,200000,196562,196562,0,136564,0,-115150.7648,73416.8064,-115150.7648,73416.8064,-103622.5344,66066.7392,-103622.5344,66066.7392,136564,88ac86dde720841b
50,2i,21,43,9504200000,9504400000,200000,198271,198271,0,80627,0,-67984.6864,43345.0752,-67984.6864,43345.0752,-61964.2384,39506.6112,-61964.2384,39506.6112,80627,88ac86dde720841b
50,2i,21,44,9504200000,9504400000,200000,199291,199291,0,47724,0,-40240.8768,25656.4224,-40240.8768,25656.4224,-37842.816,24127.488,-37842.816,24127.488,47724,88ac86dde720841b
50,2i,21,45,9504200000,9504400000,200000,199765,199765,0,22345,0,-18841.304,12012.672,-18841.304,12012.672,-17985.456,11467.008,-17985.456,11467.008,22345,88ac86dde720841b
50,2i,21,46,9504200000,9504400000,200000,199968,199968,0,9466,0,-7981.7312,5088.9216,-7981.7312,5088.9216,-7873.8016,5020.1088,-7873.8016,5020.1088,9466,88ac86dde720841b
50,2i,21,47,9504200000,9504400000,200000,200000,200000,0,1504,0,-1268.1728,808.5504,-1268.1728,808.5504,-1268.1728,808.5504,-1268.1728,808.5504,1504,88ac86dde720841b
50,2i,21,48,9504200000,9504400000,200000,200000,200000,0,0,0,0,0,0,0,0,0,0,0,0,88ac86dde720841b
50,2i,21,49,9504200000,9504400000,200000,200000,200000,0,0,0,0,0,0,0,0,0,0,0,0,88ac86dde720841b
50,2i,21,50,9504200000,9504400000,200000,200000,200000,0,0,0,0,0,0,0,0,0,0,0,0,88ac86dde720841b
50,2i,22,0,9504400000,9504600000,200000,-200000,200000,0,0,0,0,0,0,0,0,0,0,0,0,a39ba2c97ce1481d
50,2i,22,1,9504400000,9504600000,200000,-200000,200000,0,0,0,0,0,0,0,0,0,0,0,0,a39ba2c97ce1481d
50,2i,22,2,9504400000,9504600000,200000,-200000,200000,0,0,0,0,0,0,0,0,0,0,0,0,a39ba2c97ce1481d
50,2i,22,3,9504400000,9504600000,200000,-200000,200000,0,0,0,0,0,0,0,0,0,0,0,0,a39ba2c97ce1481d
50,2i,22,4,9504400000,9504600000,200000,-200000,200000,0,0,0,0,0,0,0,0,0,0,0,0,a39ba2c97ce1481d
50,2i,22,5,9504400000,9504600000,200000,-200000,200000,0,0,0,0,0,0,0,0,0,0,0,0,a39ba2c97ce1481d
50,2i,22,6,9504400000,9504600000,200000,-200000,200000,0,0,0,0,0,0,0,0,0,0,0,0,a39ba2c97ce1481d
50,2i,22,7,9504400000,9504600000,200000,-200000,200000,258,0,0,-217.5456,138.7008,217.5456,-138.7008,217.5456,-138.7008,-217.5456,138.7008,258,a39ba2c97ce1481d
50,2i,22,8,9504400000,9504600000,200000,-199994,199994,636,0,0,-536.2752,341.9136,536.2752,-341.9136,495.8016,-316.1088,-495.8016,316.1088,636,a39ba2c97ce1481d
50,2i,22,9,9504400000,9504600000,200000,-199980,199980,1602,0,0,-1350.8064,861.2352,1350.8064,-861.2352,1244.5632,-793.4976,-1244.5632,793.4976,1602,a39ba2c97ce1481d
50,2i,22,10,9504400000,9504600000,200000,-199944,199944,3640,0,0,-3069.248,1956.864,3069.248,-1956.864,2765.696,-1763.328,-2765.696,1763.328,3640,a39ba2c97ce1481d
50,2i,22,11,9504400000,9504600000,200000,-199862,199862,7493,0,0,-6318.0976,4028.2368,6318.0976,-4028.2368,5557.5312,-3543.3216,-5557.5312,3543.3216,7493,a39ba2c97ce1481d
50,2i,22,12,9504400000,9504600000,200000,-199693,199693,14568,0,0,-12283.7376,7831.7568,12283.7376,-7831.7568,10573.728,-6741.504,-10573.728,6741.504,14568,a39ba2c97ce1481d
50,2i,22,13,9504400000,9504600000,200000,-199363,199363,25121,0,0,-21182.0272,13505.0496,21182.0272,-13505.0496,17564.6992,-11198.7456,-17564.6992,11198.7456,25121,a39ba2c97ce1481d
50,2i,22,14,9504400000,9504600000,200000,-198800,198800,44566,0,0,-37578.0512,23958.6816,37578.0512,-23958.6816,30931.9488,-19721.3184,-30931.9488,19721.3184,44566,a39ba2c97ce1481d
50,2i,22,15,9504400000,9504600000,200000,-197781,197781,66630,0,0,-56182.416,35820.288,56182.416,-35820.288,43294.104,-27603.072,-43294.104,27603.072,66630,a39ba2c97ce1481d
50,2i,22,16,9504400000,9504600000,200000,-196314,196314,97932,0,0,-82576.2624,52648.2432,82576.2624,-52648.2432,62784.672,-40029.696,-62784.672,40029.696,97932,a39ba2c97ce1481d
50,2i,22,17,9504400000,9504600000,200000,-194124,194124,135141,0,0,-113898.243264,72655.805952,113898.243264,-72655.805952,82505.907264,-52640.957952,-82505.907264,52640.957952,135141,a39ba2c97ce1481d
50,2i,22,18,9504400000,9504600000,200000,-191157,191157,192414,0,0,-161941.482624,103415.442432,161941.482624,-103415.442432,116938.26048,-74702.19264,-116938.26048,74702.19264,192414,a39ba2c97ce1481d
50,2i,22,19,9504400000,9504600000,200000,-186813,186813,263793,31,0,-221875.176448,141512.446464,221822.898048,-141479.115264,152416.945088,-97141.353984,-152416.945088,97141.353984,263824,a39ba2c97ce1481d
50,2i,22,20,9504400000,9504600000,200000,-180965,180967,338220,260,0,-284040.90752,181449.23136,283636.23552,-181259.53536,185488.19456,-118671.79008,-185521.92256,118693.29408,338480,a39ba2c97ce1481d
50,2i,22,21,9504400000,9504600000,200000,-173581,173599,435616,864,116,-363896.183552,232900.033536,362848.754688,-232214.006784,233389.097728,-149420.373504,-233648.758528,149538.107904,436480,a39ba2c97ce1481d
50,2i,22,22,9504400000,9504600000,200000,-163877,163943,560664,2964,396,-464707.0592,297939.2256,461214.53056,-295598.63808,285509.696,-183155.328,-286107.313152,183586.446336,563628,a39ba2c97ce1481d
50,2i,22,23,9504400000,9504600000,200000,-151372,151612,676979,9156,550,-558718.329152,358851.534336,547349.506112,-350628.527616,317073.664512,-203329.698816,-319451.62752,204898.19136,686135,a39ba2c97ce1481d
50,2i,22,24,9504400000,9504600000,200000,-136612,137382,792324,24378,1434,-652577.780864,418901.962752,621536.563328,-398113.634304,350161.104512,-224115.618816,-358152.980096,230030.742528,816702,a39ba2c97ce1481d
50,2i,22,25,9504400000,9504600000,200000,-118825,120981,904050,56400,3600,-748835.0976,479684.2368,678148.2304,-432510.0672,361874.632,-230606.976,-384037.4608,244908.1344,960450,a39ba2c97ce1481d
50,2i,22,26,9504400000,9504600000,200000,-98194,103476,986304,114702,6126,-835008.821632,534037.502976,688749.369216,-437134.322688,348772.3072,-221224.0896,-399237.307136,255412.021248,1101006,a39ba2c97ce1481d
50,2i,22,27,9504400000,9504600000,200000,-74669,86123,1024871,216722,10712,-911599.21632,582423.02976,626390.813888,-398633.232384,294355.22752,-187142.99136,-402123.98656,257697.64608,1241593,a39ba2c97ce1481d
50,2i,22,28,9504400000,9504600000,200000,-48303,71357,985928,371840,16184,-968146.083072,617152.720896,472089.931008,-298750.316544,188167.398144,-118253.217792,-404180.877056,256104.695808,1357768,a39ba2c97ce1481d
50,2i,22,29,9504400000,9504600000,200000,-20143,62237,863435,560777,20195,-998055.403196591715976,636052.933486579881657,239170.768572591715976,-149951.155054579881657,43628.1426525917159763,-27266.6724945798816568,-412775.302716591715976,265265.620846579881657,1424212,a39ba2c97ce1481d
50,2i,22,30,9504400000,9504600000,200000,8789,60419,691690,758810,21630,-1012759.44200331360947,648476.248888047337278,-42232.5437273372781065,24942.2629263905325444,-119122.92224,74400.95232,-437644.89856,280031.66208,1450500,a39ba2c97ce1481d
50,2i,22,31,9504400000,9504600000,200000,37916,66502,495483,930828,18586,-1009793.98836525443787,646024.331488189349112,-326054.26241325443787,208821.014752189349112,-291108.39649325443787,187976.212192189349112,-481139.05914925443787,306451.928800189349112,1426311,a39ba2c97ce1481d
50,2i,22,32,9504400000,9504600000,200000,65462,79490,305702,1037200,14816,-978728.71616,622148.85888,-559899.03424,360288.56832,-425222.176128,272348.104704,-524000.21568,334670.34624,1342902,a39ba2c97ce1481d
50,2i,22,33,9504400000,9504600000,200000,91097,97039,165532,1065830,9653,-929213.275264,590609.981952,-704970.179328,449615.522304,-518713.233664,330765.553152,-561863.257088,357502.569984,1231362,a39ba2c97ce1481d
50,2i,22,34,9504400000,9504600000,200000,113768,115932,76594,1009148,5354,-848344.852864,538534.858752,-745542.695808,474503.122944,-545355.908736,346678.530048,-561858.018944,357236.232192,1085742,a39ba2c97ce1481d
50,2i,22,35,9504400000,9504600000,200000,133451,134069,30550,907670,2075,-754297.216,479426.688,-713112.21696,453327.71328,-529755.95648,336601.52064,-534842.58944,339605.52192,938220,a39ba2c97ce1481d
50,2i,22,36,9504400000,9504600000,200000,150072,150224,9284,780256,724,-648444.763392,412703.302656,-635080.258816,404724.415488,-482794.771712,307472.188416,-483951.357184,308241.472512,789540,a39ba2c97ce1481d
50,2i,22,37,9504400000,9504600000,200000,163728,163752,2524,644084,309,-538781.3792,343112.9856,-535498.177024,340965.061632,-418487.424448,266493.310464,-418713.936448,266608.126464,646608,a39ba2c97ce1481d
50,2i,22,38,9504400000,9504600000,200000,174600,174600,456,513528,38,-431696.05504,274906.78272,-431033.94304,274571.16672,-346498.900864,220658.122752,-346498.900864,220658.122752,513984,a39ba2c97ce1481d
50,2i,22,39,9504400000,9504600000,200000,183004,183004,0,397738,0,-334817.446272,213368.618496,-334817.446272,213368.618496,-275814.819072,175762.768896,-275814.819072,175762.768896,397738,a39ba2c97ce1481d
50,2i,22,40,9504400000,9504600000,200000,189366,189366,0,298620,0,-251773.856,160478.208,-251773.856,160478.208,-214555.008,136748.544,-214555.008,136748.544,298620,a39ba2c97ce1481d
50,2i,22,41,9504400000,9504600000,200000,193780,193780,0,206021,0,-173716.9072,110756.8896,-173716.9072,110756.8896,-152597.2768,97291.6224,-152597.2768,97291.6224,206021,a39ba2c97ce1481d
50,2i,22,42,9504400000,9504600000,200000,196563,196563,0,130918,0,-110390.0576,70381.5168,-110390.0576,70381.5168,-98558.2752,62837.9136,-98558.2752,62837.9136,130918,a39ba2c97ce1481d
50,2i,22,43,9504400000,9504600000,200000,198317,198317,0,82352,0,-69439.2064,44272.4352,-69439.2064,44272.4352,-63595.8304,40546.8672,-63595.8304,40546.8672,82352,a39ba2c97ce1481d
50,2i,22,44,9504400000,9504600000,200000,199307,199307,0,46308,0,-39046.9056,24895.1808,-39046.9056,24895.1808,-36729.792,23417.856,-36729.792,23417.856,46308,a39ba2c97ce1481d
50,2i,22,45,9504400000,9504600000,200000,199765,199765,0,21560,0,-18179.392,11590.656,-18179.392,11590.656,-17378.352,11079.936,-17378.352,11079.936,21560,a39ba2c97ce1481d
50,2i,22,46,9504400000,9504600000,200000,199955,199955,0,8920,0,-7521.344,4795.392,-7521.344,4795.392,-7369.568,4698.624,-7369.568,4698.624,8920,a39ba2c97ce1481d
50,2i,22,47,9504400000,9504600000,200000,200000,200000,0,2115,0,-1783.368,1137.024,-1783.368,1137.024,-1783.368,1137.024,-1783.368,1137.024,2115,a39ba2c97ce1481d
50,2i,22,48,9504400000,9504600000,200000,200000,200000,0,0,0,0,0,0,0,0,0,0,0,0,a39ba2c97ce1481d
50,2i,22,49,9504400000,9504600000,200000,200000,200000,0,0,0,0,0,0,0,0,0,0,0,0,a39ba2c97ce1481d
50,2i,22,50,9504400000,9504600000,200000,200000,200000,0,0,0,0,0,0,0,0,0,0,0,0,a39ba2c97ce1481d
50,2i,23,0,9504600000,9504800000,200000,-200000,200000,0,0,0,0,0,0,0,0,0,0,0,0,55f8d57d53d4ddb3
50,2i,23,1,9504600000,9504800000,200000,-200000,200000,0,0,0,0,0,0,0,0,0,0,0,0,55f8d57d53d4ddb3
50,2i,23,2,9504600000,9504800000,200000,-200000,200000,0,0,0,0,0,0,0,0,0,0,0,0,55f8d57d53d4ddb3
50,2i,23,3,9504600000,9504800000,200000,-200000,200000,0,0,0,0,0,0,0,0,0,0,0,0,55f8d57d53d4ddb3
50,2i,23,4,9504600000,9504800000,200000,-200000,200000,0,0,0,0,0,0,0,0,0,0,0,0,55f8d57d53d4ddb3
50,2i,23,5,9504600000,9504800000,200000,-200000,200000,0,0,0,0,0,0,0,0,0,0,0,0,55f8d57d53d4ddb3
50,2i,23,6,9504600000,9504800000,200000,-200000,200000,0,0,0,0,0,0,0,0,0,0,0,0,55f8d57d53d4ddb3
50,2i,23,7,9504600000,9504800000,200000,-200000,200000,43,0,0,-36.2576,23.1168,36.2576,-23.1168,36.2576,-23.1168,-36.2576,23.1168,43,55f8d57d53d4ddb3
50,2i,23,8,9504600000,9504800000,200000,-199999,199999,344,0,0,-290.0608,184.9344,290.0608,-184.9344,283.3152,-180.6336,-283.3152,180.6336,344,55f8d57d53d4ddb3
50,2i,23,9,9504600000,9504800000,200000,-199991,199991,1466,0,0,-1236.1312,788.1216,1236.1312,-788.1216,1175.4208,-749.4144,-1175.4208,749.4144,1466,55f8d57d53d4ddb3
50,2i,23,10,9504600000,9504800000,200000,-199957,199957,3460,0,0,-2917.472,1860.096,2917.472,-1860.096,2630.784,-1677.312,-2630.784,1677.312,3460,55f8d57d53d4ddb3
50,2i,23,11,9504600000,9504800000,200000,-199879,199879,8112,0,0,-6840.0384,4361.0112,6840.0384,-4361.0112,6116.5728,-3899.7504,-6116.5728,3899.7504,8112,55f8d57d53d4ddb3
50,2i,23,12,9504600000,9504800000,200000,-199693,199693,15684,0,0,-13224.7488,8431.7184,13224.7488,-8431.7184,11342.7264,-7231.7952,-11342.7264,7231.7952,15684,55f8d57d53d4ddb3
50,2i,23,13,9504600000,9504800000,200000,-199339,199339,24434,0,0,-20602.7488,13135.7184,20602.7488,-13135.7184,16722.3424,-10661.6832,-16722.3424,10661.6832,24434,55f8d57d53d4ddb3
50,2i,23,14,9504600000,9504800000,200000,-198803,198803,40120,0,0,-33829.184,21568.512,33829.184,-21568.512,27501.8112,-17534.3616,-27501.8112,17534.3616,40120,55f8d57d53d4ddb3
50,2i,23,15,9504600000,9504800000,200000,-197897,197897,62450,0,0,-52657.84,33573.12,52657.84,-33573.12,41198.752,-26267.136,-41198.752,26267.136,62450,55f8d57d53d4ddb3
50,2i,23,16,9504600000,9504800000,200000,-196501,196501,93838,0,0,-79124.2016,50447.3088,79124.2016,-50447.3088,60290.4864,-38439.4752,-60290.4864,38439.4752,93838,55f8d57d53d4ddb3
50,2i,23,17,9504600000,9504800000,200000,-194398,194398,142539,0,0,-120170.2992,76579.5456,120170.2992,-76579.5456,90025.056,-57359.808,-90025.056,57359.808,142539,55f8d57d53d4ddb3
50,2i,23,18,9504600000,9504800000,200000,-191162,191162,197864,0,0,-166708.659712,106304.572416,166708.659712,-106304.572416,117604.083712,-75017.404416,-117604.083712,75017.404416,197864,55f8d57d53d4ddb3
50,2i,23,19,9504600000,9504800000,200000,-186799,186799,262356,31,0,-220652.60064,140597.48352,220600.32224,-140564.15232,150799.036736,-96039.234048,-150799.036736,96039.234048,262387,55f8d57d53d4ddb3
50,2i,23,20,9504600000,9504800000,200000,-181009,181011,345550,290,0,-290214.85568,185305.86624,289855.3152,-185076.6336,192728.52032,-123219.70176,-192762.24832,123241.20576,345840,55f8d57d53d4ddb3
50,2i,23,21,9504600000,9504800000,200000,-173341,173361,440022,1204,116,-367845.431424,234832.760832,366319.02016,-233793.53088,232046.4224,-147979.1232,-232274.491136,148124.533248,441226,55f8d57d53d4ddb3
50,2i,23,22,9504600000,9504800000,200000,-163679,163769,544854,3458,228,-452593.55648,289758.32064,448925.09056,-286476.71808,274145.122944,-175463.304192,-275130.072448,176141.374464,548312,55f8d57d53d4ddb3
50,2i,23,23,9504600000,9504800000,200000,-151688,151970,667515,8985,682,-550355.209984,351956.262912,539294.747776,-344478.624768,318127.650816,-202739.071488,-320331.967872,204877.687296,676500,55f8d57d53d4ddb3
50,2i,23,24,9504600000,9504800000,200000,-136847,137631,795228,24068,1492,-654336.423424,419012.216832,623669.12512,-398785.62816,351306.879232,-225363.019776,-359179.008256,230108.817408,819296,55f8d57d53d4ddb3
50,2i,23,25,9504600000,9504800000,200000,-119035,121207,908300,56825,3750,-752056.4272,482364.2496,681441.9152,-435065.4336,364210.2016,-232295.3088,-386128.6336,247180.6848,965125,55f8d57d53d4ddb3
50,2i,23,26,9504600000,9504800000,200000,-98242,103572,989860,117542,6992,-840347.510656,535469.380608,691544.724096,-439613.334528,350447.961472,-221358.852096,-401091.884672,255068.829696,1107402,55f8d57d53d4ddb3
50,2i,23,27,9504600000,9504800000,200000,-74626,86330,1019886,217770,11260,-913597.303808,579024.466944,626955.418368,-399170.817024,292320.836992,-186149.907456,-402749.558272,256064.234496,1237656,55f8d57d53d4ddb3
50,2i,23,28,9504600000,9504800000,200000,-48538,71696,982982,366672,16282,-967825.120128,615092.296704,473951.20192,-302243.65056,190541.646592,-122574.560256,-405062.020352,256413.735936,1349654,55f8d57d53d4ddb3
50,2i,23,29,9504600000,9504800000,200000,-20393,62307,868168,554790,20188,-999380.7232,637012.3776,241366.689536,-152392.424448,43697.362496,-26931.145728,-411936.125632,262898.174976,1422958,55f8d57d53d4ddb3
50,2i,23,30,9504600000,9504800000,200000,8500,60350,691210,752660,21050,-1009395.68192,642548.29056,-41457.21152,29061.90336,-119894.16384,77886.98112,-436927.6512,277331.4816,1443870,55f8d57d53d4ddb3
50,2i,23,31,9504600000,9504800000,200000,37354,66358,495340,926973,18665,-1008397.518272,641785.514496,-323830.187328,211004.066304,-286291.372992,184382.355456,-479456.798528,306024.827904,1422313,55f8d57d53d4ddb3
50,2i,23,32,9504600000,9504800000,200000,65135,79273,311584,1034104,15428,-980393.086208,622520.070144,-553754.221312,354164.361216,-426381.586176,273422.035968,-527689.208064,336906.212352,1345688,55f8d57d53d4ddb3
50,2i,23,33,9504600000,9504800000,200000,90507,96453,167791,1060893,9225,-926500.8448,585902.2464,-697257.481216,442197.938688,-509980.442112,322168.175616,-553493.165568,349484.826624,1228684,55f8d57d53d4ddb3
50,2i,23,34,9504600000,9504800000,200000,113531,115639,76942,1019234,5406,-854106.872064,542971.364352,-751030.786304,478031.772672,-552259.398912,351294.038016,-568310.03776,361600.32768,1096176,55f8d57d53d4ddb3
50,2i,23,35,9504600000,9504800000,200000,133116,133762,29395,906460,2250,-752573.7776,478094.4768,-712438.60896,452414.36928,-527484.2944,335426.4192,-532508.69056,338561.51808,935855,55f8d57d53d4ddb3
50,2i,23,36,9504600000,9504800000,200000,149808,149946,9914,784254,1186,-652679.249664,413870.641152,-639679.34336,405618.70848,-485552.60416,307461.24288,-486493.95968,308188.93824,794168,55f8d57d53d4ddb3
50,2i,23,37,9504600000,9504800000,200000,163612,163640,2191,650322,198,-543378.632896,345927.932928,-540649.609536,343850.984448,-423148.889536,269282.024448,-423390.044736,269435.778048,652513,55f8d57d53d4ddb3
50,2i,23,38,9504600000,9504800000,200000,174517,174521,480,516906,38,-434085.590144,276282.273792,-433340.201344,275807.035392,-347079.52128,220768.72704,-347119.99488,220794.53184,517386,55f8d57d53d4ddb3
50,2i,23,39,9504600000,9504800000,200000,183100,183100,78,401836,0,-338189.723008,215728.172544,-338058.183808,215644.306944,-281492.697408,179604.831744,-281492.697408,179604.831744,401914,55f8d57d53d4ddb3
50,2i,23,40,9504600000,9504800000,200000,189207,189207,0,288160,0,-242931.456,154795.008,-242931.456,154795.008,-205931.84,131205.12,-205931.84,131205.12,288160,55f8d57d53d4ddb3
50,2i,23,41,9504600000,9504800000,200000,193595,193595,0,206233,0,-173895.6656,110870.8608,-173895.6656,110870.8608,-151698.4256,96718.5408,-151698.4256,96718.5408,206233,55f8d57d53d4ddb3
50,2i,23,42,9504600000,9504800000,200000,196520,196520,0,136866,0,-115405.4112,73579.1616,-115405.4112,73579.1616,-103587.12,66044.16,-103587.12,66044.16,136866,55f8d57d53d4ddb3
50,2i,23,43,9504600000,9504800000,200000,198272,198272,0,82504,0,-69567.3728,44354.1504,-69567.3728,44354.1504,-63523.3152,40500.6336,-63523.3152,40500.6336,82504,55f8d57d53d4ddb3
50,2i,23,44,9504600000,9504800000,200000,199296,199296,0,47918,0,-40404.4576,25760.7168,-40404.4576,25760.7168,-37991.2192,24222.1056,-37991.2192,24222.1056,47918,55f8d57d53d4ddb3
50,2i,23,45,9504600000,9504800000,200000,199773,199773,0,22420,0,-18904.544,12052.992,-18904.544,12052.992,-18099.288,11539.584,-18099.288,11539.584,22420,55f8d57d53d4ddb3
50,2i,23,46,9504600000,9504800000,200000,199964,199964,0,8930,0,-7529.776,4800.768,-7529.776,4800.768,-7408.3552,4723.3536,-7408.3552,4723.3536,8930,55f8d57d53d4ddb3
50,2i,23,47,9504600000,9504800000,200000,200000,200000,0,1692,0,-1426.6944,909.6192,-1426.6944,909.6192,-1426.6944,909.6192,-1426.6944,909.6192,1692,55f8d57d53d4ddb3
50,2i,23,48,9504600000,9504800000,200000,200000,200000,0,0,0,0,0,0,0,0,0,0,0,0,55f8d57d53d4ddb3
50,2i,23,49,9504600000,9504800000,200000,200000,200000,0,0,0,0,0,0,0,0,0,0,0,0,55f8d57d53d4ddb3
50,2i,23,50,9504600000,9504800000,200000,200000,200000,0,0,0,0,0,0,0,0,0,0,0,0,55f8d57d53d4ddb3
50,2i,24,0,9504800000,9505000000,200000,-200000,200000,0,0,0,0,0,0,0,0,0,0,0,0,8ea934457d4a07fd
50,2i,24,1,9504800000,9505000000,200000,-200000,200000,0,0,0,0,0,0,0,0,0,0,0,0,8ea934457d4a07fd
50,2i,24,2,9504800000,9505000000,200000,-200000,200000,0,0,0,0,0,0,0,0,0,0,0,0,8ea934457d4a07fd
50,2i,24,3,9504800000,9505000000,200000,-200000,200000,0,0,0,0,0,0,0,0,0,0,0,0,8ea934457d4a07fd
50,2i,24,4,9504800000,9505000000,200000,-200000,200000,0,0,0,0,0,0,0,0,0,0,0,0,8ea934457d4a07fd
50,2i,24,5,9504800000,9505000000,200000,-200000,200000,0,0,0,0,0,0,0,0,0,0,0,0,8ea934457d4a07fd
50,2i,24,6,9504800000,9505000000,200000,-200000,200000,44,0,0,-37.1008,23.6544,37.1008,-23.6544,37.1008,-23.6544,-37.1008,23.6544,44,8ea934457d4a07fd
50,2i,24,7,9504800000,9505000000,200000,-199999,199999,50,0,0,-42.16,26.88,42.16,-26.88,36.2576,-23.1168,-36.2576,23.1168,50,8ea934457d4a07fd
50,2i,24,8,9504800000,9505000000,200000,-199998,199998,554,0,0,-467.1328,297.8304,467.1328,-297.8304,460.3872,-293.5296,-460.3872,293.5296,554,8ea934457d4a07fd
50,2i,24,9,9504800000,9505000000,200000,-199985,199985,1593,0,0,-1343.2176,856.3968,1343.2176,-856.3968,1244.5632,-793.4976,-1244.5632,793.4976,1593,8ea934457d4a07fd
50,2i,24,10,9504800000,9505000000,200000,-199949,199949,3560,0,0,-3001.792,1913.856,3001.792,-1913.856,2698.24,-1720.32,-2698.24,1720.32,3560,8ea934457d4a07fd
50,2i,24,11,9504800000,9505000000,200000,-199869,199869,7315,0,0,-6168.008,3932.544,6168.008,-3932.544,5425.992,-3459.456,-5425.992,3459.456,7315,8ea934457d4a07fd
50,2i,24,12,9504800000,9505000000,200000,-199704,199704,15014,0,0,-12659.8048,8071.5264,12659.8048,-8071.5264,10990.2688,-7007.0784,-10990.2688,7007.0784,15014,8ea934457d4a07fd
50,2i,24,13,9504800000,9505000000,200000,-199361,199361,26289,0,0,-22166.8848,14132.9664,22166.8848,-14132.9664,18407.056,-11735.808,-18407.056,11735.808,26289,8ea934457d4a07fd
50,2i,24,14,9504800000,9505000000,200000,-198771,198771,42856,0,0,-36136.1792,23039.3856,36136.1792,-23039.3856,29171.3472,-18598.8096,-29171.3472,18598.8096,42856,8ea934457d4a07fd
50,2i,24,15,9504800000,9505000000,200000,-197810,197810,63135,0,0,-53235.432,33941.376,53235.432,-33941.376,41080.704,-26191.872,-41080.704,26191.872,63135,8ea934457d4a07fd
50,2i,24,16,9504800000,9505000000,200000,-196418,196418,98568,0,0,-83058.294272,52994.282496,83058.294272,-52994.282496,64278.543872,-41020.855296,-64278.543872,41020.855296,98568,8ea934457d4a07fd
50,2i,24,17,9504800000,9505000000,200000,-194174,194174,139920,0,0,-117724.244992,75189.651456,117724.244992,-75189.651456,85584.973056,-54679.223808,-85584.973056,54679.223808,139920,8ea934457d4a07fd
50,2i,24,18,9504800000,9505000000,200000,-191090,191090,193272,0,0,-162601.6896,103804.4928,162601.6896,-103804.4928,115918.977024,-73979.461632,-115918.977024,73979.461632,193272,8ea934457d4a07fd
50,2i,24,19,9504800000,9505000000,200000,-186785,186785,264292,124,31,-222263.14944,141963.60192,222106.31424,-141863.60832,153357.839232,-97988.299776,-153357.839232,97988.299776,264416,8ea934457d4a07fd
50,2i,24,20,9504800000,9505000000,200000,-180894,180902,348290,440,20,-292785.10656,186773.80608,292076.81856,-186322.22208,193439.82912,-123297.50016,-193541.01312,123362.01216,348730,8ea934457d4a07fd
50,2i,24,21,9504800000,9505000000,200000,-173197,173229,445208,774,29,-372400.041984,237836.838912,371236.20672,-237028.77696,236162.343168,-150966.503424,-236587.315968,151237.453824,445982,8ea934457d4a07fd
50,2i,24,22,9504800000,9505000000,200000,-163392,163460,549410,2832,246,-456245.095808,292266.322944,452710.909568,-289835.418624,274878.908288,-176218.051584,-275439.42464,176625.51552,552242,8ea934457d4a07fd
50,2i,24,23,9504800000,9505000000,200000,-151373,151615,668312,8292,643,-552570.583936,353351.643648,542096.866816,-346261.759488,320088.795648,-204057.752064,-322531.453056,205719.863808,676604,8ea934457d4a07fd
50,2i,24,24,9504800000,9505000000,200000,-136552,137260,794296,21998,1578,-654449.503872,418606.135296,626843.118208,-400554.246144,351467.951744,-225044.462592,-358606.671488,229869.149184,816294,8ea934457d4a07fd
50,2i,24,25,9504800000,9505000000,200000,-118837,120807,904275,54550,3475,-747765.9344,478717.9392,678384.0944,-433912.8192,361852.76,-231247.68,-381533.208,243966.144,958825,8ea934457d4a07fd
50,2i,24,26,9504800000,9505000000,200000,-98199,103271,989270,116790,6980,-838169.402368,535305.729024,686613.286656,-438318.148608,349985.917312,-223015.689216,-401675.364992,256385.811456,1106060,8ea934457d4a07fd
50,2i,24,27,9504800000,9505000000,200000,-74471,85915,1017555,221906,11819,-910171.315904,581617.385472,618752.71456,-393679.15008,285477.543168,-182200.103424,-397827.544704,253769.743872,1239461,8ea934457d4a07fd
50,2i,24,28,9504800000,9505000000,200000,-48436,71696,977310,371454,16294,-959450.454784,615677.709312,466147.027712,-297281.596416,187875.627008,-120273.644544,-405872.183296,261939.760128,1348764,8ea934457d4a07fd
50,2i,24,29,9504800000,9505000000,200000,-20264,62254,875943,558550,19752,-1005964.17888,643883.04384,244444.132032,-156249.010176,52418.115648,-31671.512064,-415322.627136,264633.781248,1434493,8ea934457d4a07fd
50,2i,24,30,9504800000,9505000000,200000,9141,60179,697600,756110,19970,-1021567.7856,650195.0208,-37468.12608,27998.65344,-126776.0832,82456.8576,-442674.6816,281359.9488,1453710,8ea934457d4a07fd
50,2i,24,31,9504800000,9505000000,200000,37719,66217,487652,924452,17068,-1001584.965632,638759.294976,-324198.09536,210845.84448,-285556.467456,183835.243008,-473300.510208,303448.902144,1412104,8ea934457d4a07fd
50,2i,24,32,9504800000,9505000000,200000,65413,79355,303870,1039304,14454,-976807.125376,621697.901568,-564108.006784,359743.245312,-429162.125824,274862.380032,-525660.75136,335362.45248,1343174,8ea934457d4a07fd
50,2i,24,33,9504800000,9505000000,200000,90800,96856,162402,1060861,10041,-921476.942272,585010.346496,-701871.857984,446836.326912,-515905.764992,326653.011456,-558596.702464,353910.231552,1223263,8ea934457d4a07fd
50,2i,24,34,9504800000,9505000000,200000,113476,115734,76966,1009890,6092,-843365.930496,538461.769728,-741439.527168,473399.015424,-540574.068608,346009.273344,-557118.596992,356557.587456,1086856,8ea934457d4a07fd
50,2i,24,35,9504800000,9505000000,200000,133218,133926,31265,909845,2560,-755786.01344,480182.35392,-714326.704,453919.872,-530145.53952,336696.20736,-535413.69312,339884.25216,941110,8ea934457d4a07fd
50,2i,24,36,9504800000,9505000000,200000,149894,150050,10860,782802,1048,-652320.715392,415220.038656,-638428.671104,406772.739072,-484839.943936,308628.123648,-486088.419584,309424.115712,793662,8ea934457d4a07fd
50,2i,24,37,9504800000,9505000000,200000,163703,163727,2533,647916,309,-541357.627456,344974.123008,-537926.545472,342786.564096,-422554.867904,269450.921472,-422686.407104,269534.787072,650449,8ea934457d4a07fd
50,2i,24,38,9504800000,9505000000,200000,174435,174445,326,510090,50,-428635.528448,272568.382464,-428170.082048,272271.627264,-342022.22336,217414.54848,-342103.17056,217466.15808,510416,8ea934457d4a07fd
50,2i,24,39,9504800000,9505000000,200000,182985,182985,195,401664,39,-338406.969536,215511.464448,-338143.891136,215343.733248,-280605.351936,178683.867648,-280605.351936,178683.867648,401859,8ea934457d4a07fd
50,2i,24,40,9504800000,9505000000,200000,189204,189204,0,293040,0,-247046.272,157418.496,-247046.272,157418.496,-209709.376,133613.568,-209709.376,133613.568,293040,8ea934457d4a07fd
50,2i,24,41,9504800000,9505000000,200000,193632,193632,0,207801,0,-175217.8032,111713.8176,-175217.8032,111713.8176,-153081.2736,97600.2048,-153081.2736,97600.2048,207801,8ea934457d4a07fd
50,2i,24,42,9504800000,9505000000,200000,196549,196549,0,136690,0,-115257.008,73484.544,-115257.008,73484.544,-103303.8048,65863.5264,-103303.8048,65863.5264,136690,8ea934457d4a07fd
50,2i,24,43,9504800000,9505000000,200000,198321,198321,0,83203,0,-70156.7696,44729.9328,-70156.7696,44729.9328,-64248.4672,40962.9696,-64248.4672,40962.9696,83203,8ea934457d4a07fd
50,2i,24,44,9504800000,9505000000,200000,199322,199322,0,46792,0,-39455.0144,25155.3792,-39455.0144,25155.3792,-37137.9008,23678.0544,-37137.9008,23678.0544,46792,8ea934457d4a07fd
50,2i,24,45,9504800000,9505000000,200000,199780,199780,0,21450,0,-18086.64,11531.52,-18086.64,11531.52,-17378.352,11079.936,-17378.352,11079.936,21450,8ea934457d4a07fd
50,2i,24,46,9504800000,9505000000,200000,199948,199948,0,7936,0,-6691.6352,4266.3936,-6691.6352,4266.3936,-6516.2496,4154.5728,-6516.2496,4154.5728,7936,8ea934457d4a07fd
50,2i,24,47,9504800000,9505000000,200000,200000,200000,0,2444,0,-2060.7808,1313.8944,-2060.7808,1313.8944,-2060.7808,1313.8944,-2060.7808,1313.8944,2444,8ea934457d4a07fd
50,2i,24,48,9504800000,9505000000,200000,200000,200000,0,0,0,0,0,0,0,0,0,0,0,0,8ea934457d4a07fd
50,2i,24,49,9504800000,9505000000,200000,200000,200000,0,0,0,0,0,0,0,0,0,0,0,0,8ea934457d4a07fd
50,2i,24,50,9504800000,9505000000,200000,200000,200000,0,0,0,0,0,0,0,0,0,0,0,0,8ea934457d4a07fd
50,2i,25,0,9505000000,9505200000,200000,-200000,200000,0,0,0,0,0,0,0,0,0,0,0,0,4ed6a07fd0b9ae31
50,2i,25,1,9505000000,9505200000,200000,-200000,200000,0,0,0,0,0,0,0,0,0,0,0,0,4ed6a07fd0b9ae31
50,2i,25,2,9505000000,9505200000,200000,-200000,200000,0,0,0,0,0,0,0,0,0,0,0,0,4ed6a07fd0b9ae31
50,2i,25,3,9505000000,9505200000,200000,-200000,200000,0,0,0,0,0,0,0,0,0,0,0,0,4ed6a07fd0b9ae31
50,2i,25,4,9505000000,9505200000,200000,-200000,200000,0,0,0,0,0,0,0,0,0,0,0,0,4ed6a07fd0b9ae31
50,2i,25,5,9505000000,9505200000,200000,-200000,200000,0,0,0,0,0,0,0,0,0,0,0,0,4ed6a07fd0b9ae31
50,2i,25,6,9505000000,9505200000,200000,-200000,200000,0,0,0,0,0,0,0,0,0,0,0,0,4ed6a07fd0b9ae31
50,2i,25,7,9505000000,9505200000,200000,-200000,200000,86,0,0,-72.5152,46.2336,72.5152,-46.2336,72.5152,-46.2336,-72.5152,46.2336,86,4ed6a07fd0b9ae31
50,2i,25,8,9505000000,9505200000,200000,-199998,199998,436,0,0,-367.6352,234.3936,367.6352,-234.3936,354.144,-225.792,-354.144,225.792,436,4ed6a07fd0b9ae31
50,2i,25,9,9505000000,9505200000,200000,-199988,199988,1361,0,0,-1147.5952,731.6736,1147.5952,-731.6736,1071.7072,-683.2896,-1071.7072,683.2896,1361,4ed6a07fd0b9ae31
50,2i,25,10,9505000000,9505200000,200000,-199957,199957,3510,0,0,-2959.632,1886.976,2959.632,-1886.976,2698.24,-1720.32,-2698.24,1720.32,3510,4ed6a07fd0b9ae31
50,2i,25,11,9505000000,9505200000,200000,-199877,199877,7744,0,0,-6529.7408,4163.1744,6529.7408,-4163.1744,5787.7248,-3690.0864,-5787.7248,3690.0864,7744,4ed6a07fd0b9ae31
50,2i,25,12,9505000000,9505200000,200000,-199701,199701,14994,0,0,-12642.9408,8060.7744,12642.9408,-8060.7744,10862.1024,-6925.3632,-10862.1024,6925.3632,14994,4ed6a07fd0b9ae31
50,2i,25,13,9505000000,9505200000,200000,-199362,199362,26718,0,0,-22528.6176,14363.5968,22528.6176,-14363.5968,18812.6352,-11994.3936,-18812.6352,11994.3936,26718,4ed6a07fd0b9ae31
50,2i,25,14,9505000000,9505200000,200000,-198759,198759,42714,0,0,-36016.4448,22963.0464,36016.4448,-22963.0464,28898.1504,-18424.6272,-28898.1504,18424.6272,42714,4ed6a07fd0b9ae31
50,2i,25,15,9505000000,9505200000,200000,-197807,197807,66185,0,0,-55807.192,35581.056,55807.192,-35581.056,43766.296,-27904.128,-43766.296,27904.128,66185,4ed6a07fd0b9ae31
50,2i,25,16,9505000000,9505200000,200000,-196324,196324,96318,0,0,-81215.3376,51780.5568,81215.3376,-51780.5568,61207.888,-39024.384,-61207.888,39024.384,96318,4ed6a07fd0b9ae31
50,2i,25,17,9505000000,9505200000,200000,-194189,194189,140443,0,0,-118368.889664,75506.161152,118368.889664,-75506.161152,87764.945664,-55993.969152,-87764.945664,55993.969152,140443,4ed6a07fd0b9ae31
50,2i,25,18,9505000000,9505200000,200000,-191033,191033,194504,32,0,-163865.888256,104496.657408,163811.923456,-104462.251008,115967.117312,-73937.289216,-115967.117312,73937.289216,194536,4ed6a07fd0b9ae31
50,2i,25,19,9505000000,9505200000,200000,-186729,186731,266796,50,0,-224270.816384,143023.898112,224186.496384,-142970.138112,155357.15968,-99086.53824,-155389.20128,99106.96704,266846,4ed6a07fd0b9ae31
50,2i,25,20,9505000000,9505200000,200000,-180759,180763,348220,260,0,-291917.2096,186379.8528,291574.46912,-186093.02016,191488.21376,-122292.29568,-191521.94176,122313.79968,348480,4ed6a07fd0b9ae31
50,2i,25,21,9505000000,9505200000,200000,-173123,173143,445171,864,58,-371655.296192,237652.333056,370673.328064,-236846.372352,237002.603328,-151544.354304,-237218.912064,151730.084352,446035,4ed6a07fd0b9ae31
50,2i,25,22,9505000000,9505200000,200000,-163272,163340,549450,2964,184,-457022.096256,292326.801408,453347.090816,-289500.991488,275017.04448,-175643.50464,-275597.889536,176114.024448,552414,4ed6a07fd0b9ae31
50,2i,25,23,9505000000,9505200000,200000,-151283,151525,669431,8400,736,-552466.04704,352958.23872,541984.593984,-345838.374912,319809.085312,-203959.113216,-322350.717056,205893.815808,677831,4ed6a07fd0b9ae31
50,2i,25,24,9505000000,9505200000,200000,-136391,137107,797412,23342,1540,-655781.336704,418619.599872,625473.181568,-399541.914624,351694.093056,-224619.383808,-358751.712,229228.416,820754,4ed6a07fd0b9ae31
50,2i,25,25,9505000000,9505200000,200000,-118570,120644,905375,56050,3425,-749637.6272,479085.8496,678040.1776,-433209.6768,361100.2768,-230995.6224,-383456.5616,244907.7888,961425,4ed6a07fd0b9ae31
50,2i,25,26,9505000000,9505200000,200000,-97934,103134,990778,117726,6510,-840107.868672,537939.741696,688060.641792,-440461.433856,351309.293568,-225109.530624,-402520.10496,258352.09728,1108504,4ed6a07fd0b9ae31
50,2i,25,27,9505000000,9505200000,200000,-74102,85726,1022743,220446,9925,-916604.782784,582800.013312,624386.415424,-397703.672832,289746.07872,-182172.07296,-403187.046144,254437.281792,1243189,4ed6a07fd0b9ae31
50,2i,25,28,9505000000,9505200000,200000,-48027,71279,973428,373354,14744,-965069.889120189349112,612989.84071725443787,463411.514720189349112,-292645.98151725443787,183634.295520189349112,-118375.87591725443787,-401276.347616189349112,255735.51444525443787,1346782,4ed6a07fd0b9ae31
50,2i,25,29,9505000000,9505200000,200000,-19996,62390,861512,566666,19896,-1000881.46967024852071,642054.199541396449704,229877.212381159763314,-147030.917753183431953,42677.47744,-27365.90592,-417062.629568,268572.378624,1428178,4ed6a07fd0b9ae31
50,2i,25,30,9505000000,9505200000,200000,9303,60625,693380,762030,21240,-1016378.19474934911243,650452.347334437869822,-44134.080829349112426,28778.6807744378698225,-125563.094589349112426,81845.3764544378698225,-441035.627069349112426,280750.065094437869822,1455410,4ed6a07fd0b9ae31
50,2i,25,31,9505000000,9505200000,200000,38125,66705,488294,923280,18658,-1000262.471552,636095.617536,-325239.877248,211212.900864,-289762.919808,187102.354944,-475803.088768,303682.804224,1411574,4ed6a07fd0b9ae31
50,2i,25,32,9505000000,9505200000,200000,65393,79679,302234,1025364,14480,-967937.991296,613622.704128,-554332.075392,355352.518656,-421387.786624,269268.114432,-521662.891648,331192.280064,1327598,4ed6a07fd0b9ae31
50,2i,25,33,9505000000,9505200000,200000,90672,96788,167938,1054532,9712,-921415.832576,584797.191168,-694005.587456,443295.403008,-509164.82976,323818.18368,-552737.382336,351792.334848,1222470,4ed6a07fd0b9ae31
50,2i,25,34,9505000000,9505200000,200000,113511,115729,78810,1015396,6192,-850212.296064,540964.196352,-746126.524032,474943.666176,-545048.874496,347445.961728,-561989.541376,357518.189568,1094206,4ed6a07fd0b9ae31
50,2i,25,35,9505000000,9505200000,200000,133366,134016,30980,913005,2600,-757804.0624,480438.6432,-715952.35168,455451.59424,-532775.31616,338617.65888,-537569.31808,341571.70944,943985,4ed6a07fd0b9ae31
50,2i,25,36,9505000000,9505200000,200000,149970,150148,9546,782476,962,-651565.391232,413253.835776,-638635.655552,405256.129536,-483382.070272,306387.050496,-484806.201344,307295.035392,792022,4ed6a07fd0b9ae31
50,2i,25,37,9505000000,9505200000,200000,163847,163875,2931,649657,285,-544008.318848,346108.529664,-540025.311872,343569.079296,-425407.265472,270595.524096,-425626.497472,270735.300096,652588,4ed6a07fd0b9ae31
50,2i,25,38,9505000000,9505200000,200000,174550,174554,468,507238,76,-425936.29888,271207.20384,-425275.23008,270785.72544,-340528.149888,216808.080384,-340548.386688,216820.982784,507706,4ed6a07fd0b9ae31
50,2i,25,39,9505000000,9505200000,200000,182966,182968,50,396495,0,-334086.770112,212826.479616,-334002.450112,212772.719616,-276460.087424,176085.368832,-276478.637824,176097.196032,396545,4ed6a07fd0b9ae31
50,2i,25,40,9505000000,9505200000,200000,189177,189177,40,291610,0,-245832.93632,156735.98976,-245765.48032,156692.98176,-209364.53632,133484.78976,-209364.53632,133484.78976,291650,4ed6a07fd0b9ae31
50,2i,25,41,9505000000,9505200000,200000,193498,193498,0,203936,0,-171958.8352,109635.9936,-171958.8352,109635.9936,-149382.1552,95241.7536,-149382.1552,95241.7536,203936,4ed6a07fd0b9ae31
50,2i,25,42,9505000000,9505200000,200000,196473,196473,0,138942,0,-117155.8944,74695.2192,-117155.8944,74695.2192,-105357.84,67173.12,-105357.84,67173.12,138942,4ed6a07fd0b9ae31
50,2i,25,43,9505000000,9505200000,200000,198222,198222,0,82298,0,-69393.6736,44243.4048,-69393.6736,44243.4048,-63414.5424,40431.2832,-63414.5424,40431.2832,82298,4ed6a07fd0b9ae31
50,2i,25,44,9505000000,9505200000,200000,199235,199235,0,47686,0,-40208.8352,25635.9936,-40208.8352,25635.9936,-37583.1104,23961.9072,-37583.1104,23961.9072,47686,4ed6a07fd0b9ae31
50,2i,25,45,9505000000,9505200000,200000,199754,199754,0,24350,0,-20531.92,13090.56,-20531.92,13090.56,-19692.936,12555.648,-19692.936,12555.648,24350,4ed6a07fd0b9ae31
50,2i,25,46,9505000000,9505200000,200000,199953,199953,0,9342,0,-7877.1744,5022.2592,-7877.1744,5022.2592,-7718.6528,4921.1904,-7718.6528,4921.1904,9342,4ed6a07fd0b9ae31
50,2i,25,47,9505000000,9505200000,200000,200000,200000,0,2209,0,-1862.6288,1187.5584,-1862.6288,1187.5584,-1862.6288,1187.5584,-1862.6288,1187.5584,2209,4ed6a07fd0b9ae31
50,2i,25,48,9505000000,9505200000,200000,200000,200000,0,0,0,0,0,0,0,0,0,0,0,0,4ed6a07fd0b9ae31
50,2i,25,49,9505000000,9505200000,200000,200000,200000,0,0,0,0,0,0,0,0,0,0,0,0,4ed6a07fd0b9ae31
50,2i,25,50,9505000000,9505200000,200000,200000,200000,0,0,0,0,0,0,0,0,0,0,0,0,4ed6a07fd0b9ae31
50,2i,26,0,9505200000,9505400000,200000,-200000,200000,0,0,0,0,0,0,0,0,0,0,0,0,2cad018f5d2c442c
50,2i,26,1,9505200000,9505400000,200000,-200000,200000,0,0,0,0,0,0,0,0,0,0,0,0,2cad018f5d2c442c
50,2i,26,2,9505200000,9505400000,200000,-200000,200000,0,0,0,0,0,0,0,0,0,0,0,0,2cad018f5d2c442c
50,2i,26,3,9505200000,9505400000,200000,-200000,200000,0,0,0,0,0,0,0,0,0,0,0,0,2cad018f5d2c442c
50,2i,26,4,9505200000,9505400000,200000,-200000,200000,0,0,0,0,0,0,0,0,0,0,0,0,2cad018f5d2c442c
50,2i,26,5,9505200000,9505400000,200000,-200000,200000,0,0,0,0,0,0,0,0,0,0,0,0,2cad018f5d2c442c
50,2i,26,6,9505200000,9505400000,200000,-200000,200000,0,0,0,0,0,0,0,0,0,0,0,0,2cad018f5d2c442c
50,2i,26,7,9505200000,9505400000,200000,-200000,200000,215,0,0,-181.288,115.584,181.288,-115.584,181.288,-115.584,-181.288,115.584,215,2cad018f5d2c442c
50,2i,26,8,9505200000,9505400000,200000,-199995,199995,670,0,0,-564.944,360.192,564.944,-360.192,531.216,-338.688,-531.216,338.688,670,2cad018f5d2c442c
50,2i,26,9,9505200000,9505400000,200000,-199980,199980,1857,0,0,-1565.8224,998.3232,1565.8224,-998.3232,1451.9904,-925.7472,-1451.9904,925.7472,1857,2cad018f5d2c442c
50,2i,26,10,9505200000,9505400000,200000,-199938,199938,3900,0,0,-3288.48,2096.64,3288.48,-2096.64,2934.336,-1870.848,-2934.336,1870.848,3900,2cad018f5d2c442c
50,2i,26,11,9505200000,9505400000,200000,-199851,199851,8055,0,0,-6791.976,4330.368,6791.976,-4330.368,5985.0336,-3815.8848,-5985.0336,3815.8848,8055,2cad018f5d2c442c
50,2i,26,12,9505200000,9505400000,200000,-199669,199669,14268,0,0,-12030.7776,7670.4768,12030.7776,-7670.4768,10189.2288,-6496.3584,-10189.2288,6496.3584,14268,2cad018f5d2c442c
50,2i,26,13,9505200000,9505400000,200000,-199351,199351,25409,0,0,-21424.8688,13659.8784,21424.8688,-13659.8784,17939.08,-11437.44,-17939.08,11437.44,25409,2cad018f5d2c442c
50,2i,26,14,9505200000,9505400000,200000,-198776,198776,40018,0,0,-33743.1776,21513.6768,33743.1776,-21513.6768,26955.4176,-17185.9968,-26955.4176,17185.9968,40018,2cad018f5d2c442c
50,2i,26,15,9505200000,9505400000,200000,-197888,197888,63965,0,0,-53935.288,34387.584,53935.288,-34387.584,42703.864,-27226.752,-42703.864,27226.752,63965,2cad018f5d2c442c
50,2i,26,16,9505200000,9505400000,200000,-196441,196441,97680,0,0,-82255.289344,52521.019392,82255.289344,-52521.019392,62733.522944,-40074.504192,-62733.522944,40074.504192,97680,2cad018f5d2c442c
50,2i,26,17,9505200000,9505400000,200000,-194249,194249,137518,0,0,-115848.286336,73937.806848,115848.286336,-73937.806848,84481.524864,-53900.554752,-84481.524864,53900.554752,137518,2cad018f5d2c442c
50,2i,26,18,9505200000,9505400000,200000,-191211,191211,194460,32,0,-163828.787456,104473.003008,163774.822656,-104438.596608,117720.973312,-75055.497216,-117720.973312,75055.497216,194492,2cad018f5d2c442c
50,2i,26,19,9505200000,9505400000,200000,-186842,186844,264032,50,0,-221882.056576,141924.423168,221896.65088,-141863.13984,151976.505024,-97319.365632,-152008.546624,97339.794432,264082,2cad018f5d2c442c
50,2i,26,20,9505200000,9505400000,200000,-181001,181005,349660,170,30,-293071.62048,187730.67264,292899.34016,-187575.29088,194940.83008,-124846.52544,-194910.7424,124872.8832,349830,2cad018f5d2c442c
50,2i,26,21,9505200000,9505400000,200000,-173234,173248,445317,1004,108,-371961.180096,237888.342528,370700.562368,-237084.609024,234811.992064,-150039.524352,-234953.649664,150129.841152,446321,2cad018f5d2c442c
50,2i,26,22,9505200000,9505400000,200000,-163468,163544,552578,3006,178,-459350.305024,293437.765632,455612.014336,-290799.310848,278869.758976,-177990.586368,-279718.62528,178531.79904,555584,2cad018f5d2c442c
50,2i,26,23,9505200000,9505400000,200000,-151299,151541,671557,9172,551,-555880.876736,355044.354048,543923.331648,-346842.200064,319295.147072,-203653.072896,-321668.602816,205375.807488,680729,2cad018f5d2c442c
50,2i,26,24,9505200000,9505400000,200000,-136453,137233,793590,24448,1526,-654807.320448,419442.238464,622799.794816,-398588.863488,349671.18464,-224345.19552,-358190.375168,230104.679424,818038,2cad018f5d2c442c
50,2i,26,25,9505200000,9505400000,200000,-118694,120858,903425,55000,3375,-747489.0896,480647.6928,677564.4464,-434528.7552,360916.2416,-231846.0288,-383501.1792,246359.3856,958425,2cad018f5d2c442c
50,2i,26,26,9505200000,9505400000,200000,-98116,103296,980092,113872,6064,-830234.637568,532976.922624,683370.339072,-436658.128896,345088.782592,-219715.808256,-394322.076416,252585.612288,1093964,2cad018f5d2c442c
50,2i,26,27,9505200000,9505400000,200000,-74827,86229,1013086,216799,10594,-903627.779904,579520.937472,620810.545856,-394290.974208,291383.11456,-185546.35008,-401217.994816,256926.463488,1229885,2cad018f5d2c442c
50,2i,26,28,9505200000,9505400000,200000,-48693,71643,978092,367108,15920,-961755.98336,614670.22848,469732.745728,-297436.437504,188867.47392,-117422.14656,-399454.687232,256021.963776,1345200,2cad018f5d2c442c
50,2i,26,29,9505200000,9505400000,200000,-20809,62435,867114,556045,19875,-999999.967936,635833.755648,238433.28864,-150572.26752,45966.915136,-29333.365248,-416950.765376,264805.421568,1423159,2cad018f5d2c442c
50,2i,26,30,9505200000,9505400000,200000,8454,60338,701680,755970,21290,-1016063.20192,647459.65056,-34079.69984,24039.42912,-118651.47008,76810.04544,-439324,280032,1457650,2cad018f5d2c442c
50,2i,26,31,9505200000,9505400000,200000,37442,66198,497602,927269,19143,-1006697.456448,641407.486464,-319501.254848,206864.177664,-286352.86944,184084.56192,-476506.649664,303633.841152,1424871,2cad018f5d2c442c
50,2i,26,32,9505200000,9505400000,200000,65139,79251,307798,1037740,15088,-976470.892928,620777.647104,-557035.59488,356855.33184,-424802.7488,272335.7184,-523979.048576,334911.879168,1345538,2cad018f5d2c442c
50,2i,26,33,9505200000,9505400000,200000,90652,96598,167260,1064139,9253,-927707.371584,587964.851712,-701666.851776,445785.696768,-513888.98112,325791.83616,-558106.284672,353248.029696,1231399,2cad018f5d2c442c
50,2i,26,34,9505200000,9505400000,200000,113562,115682,76610,1020314,5194,-855111.019264,543800.573952,-751369.938688,479238.518784,-549725.720832,349885.848576,-565032.194304,359535.516672,1096924,2cad018f5d2c442c
50,2i,26,35,9505200000,9505400000,200000,133436,134110,29115,915625,2500,-758379.25376,482923.01568,-720291.5552,458980.9536,-535519.68416,341602.68288,-540124.472,344436.096,944740,2cad018f5d2c442c
50,2i,26,36,9505200000,9505400000,200000,150046,150212,10124,779622,1142,-648609.37536,411892.88448,-636193.99872,404350.63296,-482950.040448,306667.198464,-484313.926272,307409.258496,789746,2cad018f5d2c442c
50,2i,26,37,9505200000,9505400000,200000,163745,163771,2746,645791,285,-540198.888,343512.384,-536389.743808,341450.386944,-419503.35104,267098.91072,-419707.93984,267199.74912,648537,2cad018f5d2c442c
50,2i,26,38,9505200000,9505400000,200000,174643,174645,468,515608,88,-433108.736256,275058.321408,-432510.707456,274763.563008,-346936.113664,220201.393152,-346936.113664,220201.393152,516076,2cad018f5d2c442c
50,2i,26,39,9505200000,9505400000,200000,183139,183139,39,398295,39,-335568.999424,213803.384832,-335568.999424,213803.384832,-279089.226624,177806.034432,-279089.226624,177806.034432,398334,2cad018f5d2c442c
50,2i,26,40,9505200000,9505400000,200000,189229,189229,0,287520,0,-242408.704,154495.872,-242408.704,154495.872,-205380.992,130899.456,-205380.992,130899.456,287520,2cad018f5d2c442c
50,2i,26,41,9505200000,9505400000,200000,193621,193621,0,206100,0,-173760.4288,110737.9584,-173760.4288,110737.9584,-151813.6192,96745.3056,-151813.6192,96745.3056,206100,2cad018f5d2c442c
50,2i,26,42,9505200000,9505400000,200000,196513,196513,0,135816,0,-114520.0512,73014.6816,-114520.0512,73014.6816,-102418.4448,65299.0464,-102418.4448,65299.0464,135816,2cad018f5d2c442c
50,2i,26,43,9505200000,9505400000,200000,198307,198307,0,84254,0,-71042.9728,45294.9504,-71042.9728,45294.9504,-65046.1344,41471.5392,-65046.1344,41471.5392,84254,2cad018f5d2c442c
50,2i,26,44,9505200000,9505400000,200000,199323,199323,0,47584,0,-40122.8288,25581.1584,-40122.8288,25581.1584,-37694.4128,24032.8704,-37694.4128,24032.8704,47584,2cad018f5d2c442c
50,2i,26,45,9505200000,9505400000,200000,199803,199803,0,22400,0,-18887.68,12042.24,-18887.68,12042.24,-18213.12,11612.16,-18213.12,11612.16,22400,2cad018f5d2c442c
50,2i,26,46,9505200000,9505400000,200000,199963,199963,0,7508,0,-6330.7456,4036.3008,-6330.7456,4036.3008,-6205.952,3956.736,-6205.952,3956.736,7508,2cad018f5d2c442c
50,2i,26,47,9505200000,9505400000,200000,200000,200000,0,1739,0,-1466.3248,934.8864,-1466.3248,934.8864,-1466.3248,934.8864,-1466.3248,934.8864,1739,2cad018f5d2c442c
50,2i,26,48,9505200000,9505400000,200000,200000,200000,0,0,0,0,0,0,0,0,0,0,0,0,2cad018f5d2c442c
50,2i,26,49,9505200000,9505400000,200000,200000,200000,0,0,0,0,0,0,0,0,0,0,0,0,2cad018f5d2c442c
50,2i,26,50,9505200000,9505400000,200000,200000,200000,0,0,0,0,0,0,0,0,0,0,0,0,2cad018f5d2c442c
50,2i,27,0,9505400000,9505600000,200000,-200000,200000,0,0,0,0,0,0,0,0,0,0,0,0,9ec76d9938aaa8fb
50,2i,27,1,9505400000,9505600000,200000,-200000,200000,0,0,0,0,0,0,0,0,0,0,0,0,9ec76d9938aaa8fb
50,2i,27,2,9505400000,9505600000,200000,-200000,200000,0,0,0,0,0,0,0,0,0,0,0,0,9ec76d9938aaa8fb
50,2i,27,3,9505400000,9505600000,200000,-200000,200000,0,0,0,0,0,0,0,0,0,0,0,0,9ec76d9938aaa8fb
50,2i,27,4,9505400000,9505600000,200000,-200000,200000,0,0,0,0,0,0,0,0,0,0,0,0,9ec76d9938aaa8fb
50,2i,27,5,9505400000,9505600000,200000,-200000,200000,0,0,0,0,0,0,0,0,0,0,0,0,9ec76d9938aaa8fb
50,2i,27,6,9505400000,9505600000,200000,-200000,200000,0,0,0,0,0,0,0,0,0,0,0,0,9ec76d9938aaa8fb
50,2i,27,7,9505400000,9505600000,200000,-200000,200000,43,0,0,-36.2576,23.1168,36.2576,-23.1168,36.2576,-23.1168,-36.2576,23.1168,43,9ec76d9938aaa8fb
50,2i,27,8,9505400000,9505600000,200000,-199999,199999,344,0,0,-290.0608,184.9344,290.0608,-184.9344,283.3152,-180.6336,-283.3152,180.6336,344,9ec76d9938aaa8fb
50,2i,27,9,9505400000,9505600000,200000,-199991,199991,1425,0,0,-1201.56,766.08,1201.56,-766.08,1140.8496,-727.3728,-1140.8496,727.3728,1425,9ec76d9938aaa8fb
50,2i,27,10,9505400000,9505600000,200000,-199958,199958,3850,0,0,-3246.32,2069.76,3246.32,-2069.76,2968.064,-1892.352,-2968.064,1892.352,3850,9ec76d9938aaa8fb
50,2i,27,11,9505400000,9505600000,200000,-199870,199870,8066,0,0,-6801.2512,4336.2816,6801.2512,-4336.2816,5985.0336,-3815.8848,-5985.0336,3815.8848,8066,9ec76d9938aaa8fb
50,2i,27,12,9505400000,9505600000,200000,-199688,199688,14078,0,0,-11870.5696,7568.3328,11870.5696,-7568.3328,10029.0208,-6394.2144,-10029.0208,6394.2144,14078,9ec76d9938aaa8fb
50,2i,27,13,9505400000,9505600000,200000,-199375,199375,25936,0,0,-21869.2352,13943.1936,21869.2352,-13943.1936,18438.2544,-11755.6992,-18438.2544,11755.6992,25936,9ec76d9938aaa8fb
50,2i,27,14,9505400000,9505600000,200000,-198784,198784,42078,0,0,-35480.1696,22621.1328,35480.1696,-22621.1328,28503.5328,-18173.0304,-28503.5328,18173.0304,42078,9ec76d9938aaa8fb
50,2i,27,15,9505400000,9505600000,200000,-197845,197845,67005,0,0,-56498.616,36021.888,56498.616,-36021.888,44622.144,-28449.792,-44622.144,28449.792,67005,9ec76d9938aaa8fb
50,2i,27,16,9505400000,9505600000,200000,-196333,196333,99162,0,0,-83559.155072,53313.616896,83559.155072,-53313.616896,63160.460672,-40307.997696,-63160.460672,40307.997696,99162,9ec76d9938aaa8fb
50,2i,27,17,9505400000,9505600000,200000,-194128,194128,141633,0,0,-119397.823936,76143.963648,119397.823936,-76143.963648,87817.5936,-55989.9648,-87817.5936,55989.9648,141633,9ec76d9938aaa8fb
50,2i,27,18,9505400000,9505600000,200000,-190972,190972,197096,0,0,-165867.009536,105934.184448,165867.009536,-105934.184448,117966.503936,-75394.203648,-117966.503936,75394.203648,197096,9ec76d9938aaa8fb
50,2i,27,19,9505400000,9505600000,200000,-186588,186588,265855,0,0,-223475.948096,142660.566528,223475.948096,-142660.566528,153433.336384,-97895.258112,-153433.336384,97895.258112,265855,9ec76d9938aaa8fb
50,2i,27,20,9505400000,9505600000,200000,-180699,180699,348090,180,0,-291739.19552,186220.81536,291565.15904,-186109.85472,192662.928,-123007.104,-192662.928,123007.104,348270,9ec76d9938aaa8fb
50,2i,27,21,9505400000,9505600000,200000,-173016,173028,446432,909,87,-372622.29216,238188.02688,371451.93056,-237441.83808,237112.148992,-151671.123456,-237233.974528,151748.795904,447341,9ec76d9938aaa8fb
50,2i,27,22,9505400000,9505600000,200000,-163154,163220,552594,3114,234,-459101.176064,294488.036352,455085.596928,-291481.519104,276771.27424,-177640.88832,-277566.715392,178148.038656,555708,9ec76d9938aaa8fb
50,2i,27,23,9505400000,9505600000,200000,-151056,151302,670141,9117,354,-555009.97312,354211.29216,543414.210304,-346328.604672,320215.003584,-203115.827712,-322860.116928,205168.879104,679258,9ec76d9938aaa8fb
50,2i,27,24,9505400000,9505600000,200000,-136204,136972,786230,24308,1388,-650633.649792,413433.977856,618930.306688,-393111.542784,344992.747136,-219221.941248,-352948.88,224403.84,810538,9ec76d9938aaa8fb
50,2i,27,25,9505400000,9505600000,200000,-118739,120895,896375,57125,3575,-745191.2864,472493.8752,670814.5632,-426553.4976,361037.1376,-228962.9568,-383870.9936,243521.1648,953500,9ec76d9938aaa8fb
50,2i,27,26,9505400000,9505600000,200000,-98064,103402,987944,117038,6362,-838168.465687479289941,532697.638251550295858,685998.748439479289941,-436015.617387550295858,347929.087895479289941,-222346.156395550295858,-401533.669783479289941,254983.612779550295858,1104982,9ec76d9938aaa8fb
50,2i,27,27,9505400000,9505600000,200000,-74421,86065,1022568,218899,10921,-911644.47658224852071,581701.581557396449704,625819.211310579881657,-399961.727036591715976,291716.154112,-186308.591616,-402601.931392,258358.726656,1241467,9ec76d9938aaa8fb
50,2i,27,28,9505400000,9505600000,200000,-48199,71475,987146,371540,16682,-969696.103558059171598,619038.931368142011834,475156.589433940828402,-306133.184087857988166,193313.040889940828402,-125151.339095857988166,-406282.852358059171598,258686.649768142011834,1358686,9ec76d9938aaa8fb
50,2i,27,29,9505400000,9505600000,200000,-19814,62062,869266,561870,20847,-1004476.580992,641684.499456,239428.669696,-150667.235328,41184.39168,-24970.31424,-412344.454272,261413.162496,1431136,9ec76d9938aaa8fb
50,2i,27,30,9505400000,9505600000,200000,9137,60423,686250,759640,21300,-1011631.64224,644713.91232,-47994.01664,36929.77152,-123478.82624,82506.42432,-439218.10048,281171.31264,1445890,9ec76d9938aaa8fb
50,2i,27,31,9505400000,9505600000,200000,38005,66551,490866,925934,18626,-1006292.406656,640418.308608,-327279.22624,211333.62432,-290311.114752,185846.555136,-479928.420096,307000.662528,1416800,9ec76d9938aaa8fb
50,2i,27,32,9505400000,9505600000,200000,65473,79451,306222,1032654,15238,-977307.43296,620418.40128,-558671.574528,354505.595904,-424744.726272,271303.658496,-524025.123072,333167.440896,1338876,9ec76d9938aaa8fb
50,2i,27,33,9505400000,9505600000,200000,91023,96875,165274,1063368,9557,-927377.946112,585902.447616,-702477.308032,445180.978176,-516831.772992,325929.555456,-559718.350272,353234.090496,1228642,9ec76d9938aaa8fb
50,2i,27,34,9505400000,9505600000,200000,113699,115881,74390,1013490,4532,-849083.218944,539549.832192,-747770.565376,475251.821568,-545535.381376,347075.309568,-561074.880384,356764.250112,1087880,9ec76d9938aaa8fb
50,2i,27,35,9505400000,9505600000,200000,133505,134187,30270,913350,2375,-757858.48832,481025.52576,-718304.64832,456524.40576,-533423.25984,338461.50912,-538984.44576,341768.07168,943620,9ec76d9938aaa8fb
50,2i,27,36,9505400000,9505600000,200000,150199,150345,10530,784508,940,-652961.862528,415533.179904,-638468.908672,406930.461696,-483933.463424,308450.936832,-485079.571072,309117.904896,795038,9ec76d9938aaa8fb
50,2i,27,37,9505400000,9505600000,200000,164060,164080,2435,650029,322,-544663.407488,346263.197184,-541502.869504,344416.630272,-425986.239616,270711.909888,-426117.778816,270795.775488,652464,9ec76d9938aaa8fb
50,2i,27,38,9505400000,9505600000,200000,174799,174803,328,509022,76,-427562.049664,272501.041152,-427137.076864,272230.090752,-342070.75648,218007.92064,-342111.23008,218033.72544,509350,9ec76d9938aaa8fb
50,2i,27,39,9505400000,9505600000,200000,183238,183238,78,396176,0,-333721.373824,212739.244032,-333589.834624,212655.378432,-277090.352448,176620.414464,-277090.352448,176620.414464,396254,9ec76d9938aaa8fb
50,2i,27,40,9505400000,9505600000,200000,189341,189341,0,286970,0,-241822.94464,154224.87552,-241822.94464,154224.87552,-205691.82464,131188.71552,-205691.82464,131188.71552,286970,9ec76d9938aaa8fb
50,2i,27,41,9505400000,9505600000,200000,193626,193626,0,201542,0,-169940.2144,108348.9792,-169940.2144,108348.9792,-148137.592,94448.256,-148137.592,94448.256,201542,9ec76d9938aaa8fb
50,2i,27,42,9505400000,9505600000,200000,196499,196499,0,135090,0,-113907.888,72624.384,-113907.888,72624.384,-101745.5712,64870.0416,-101745.5712,64870.0416,135090,9ec76d9938aaa8fb
50,2i,27,43,9505400000,9505600000,200000,198302,198302,0,84284,0,-71068.2688,45311.0784,-71068.2688,45311.0784,-65372.4528,41679.5904,-65372.4528,41679.5904,84284,9ec76d9938aaa8fb
50,2i,27,44,9505400000,9505600000,200000,199267,199267,0,45526,0,-38387.5232,24474.7776,-38387.5232,24474.7776,-35802.272,22826.496,-35802.272,22826.496,45526,9ec76d9938aaa8fb
50,2i,27,45,9505400000,9505600000,200000,199778,199778,0,23910,0,-20160.912,12854.016,-20160.912,12854.016,-19389.384,12362.112,-19389.384,12362.112,23910,9ec76d9938aaa8fb
50,2i,27,46,9505400000,9505600000,200000,199961,199961,0,8574,0,-7229.5968,4609.3824,-7229.5968,4609.3824,-7098.0576,4525.5168,-7098.0576,4525.5168,8574,9ec76d9938aaa8fb
50,2i,27,47,9505400000,9505600000,200000,200000,200000,0,1833,0,-1545.5856,985.4208,-1545.5856,985.4208,-1545.5856,985.4208,-1545.5856,985.4208,1833,9ec76d9938aaa8fb
50,2i,27,48,9505400000,9505600000,200000,200000,200000,0,0,0,0,0,0,0,0,0,0,0,0,9ec76d9938aaa8fb
50,2i,27,49,9505400000,9505600000,200000,200000,200000,0,0,0,0,0,0,0,0,0,0,0,0,9ec76d9938aaa8fb
50,2i,27,50,9505400000,9505600000,200000,200000,200000,0,0,0,0,0,0,0,0,0,0,0,0,9ec76d9938aaa8fb
50,2i,28,0,9505600000,9505800000,200000,-200000,200000,0,0,0,0,0,0,0,0,0,0,0,0,e0993ef5880f7352
50,2i,28,1,9505600000,9505800000,200000,-200000,200000,0,0,0,0,0,0,0,0,0,0,0,0,e0993ef5880f7352
50,2i,28,2,9505600000,9505800000,200000,-200000,200000,0,0,0,0,0,0,0,0,0,0,0,0,e0993ef5880f7352
50,2i,28,3,9505600000,9505800000,200000,-200000,200000,0,0,0,0,0,0,0,0,0,0,0,0,e0993ef5880f7352
50,2i,28,4,9505600000,9505800000,200000,-200000,200000,0,0,0,0,0,0,0,0,0,0,0,0,e0993ef5880f7352
50,2i,28,5,9505600000,9505800000,200000,-200000,200000,0,0,0,0,0,0,0,0,0,0,0,0,e0993ef5880f7352
50,2i,28,6,9505600000,9505800000,200000,-200000,200000,44,0,0,-37.1008,23.6544,37.1008,-23.6544,37.1008,-23.6544,-37.1008,23.6544,44,e0993ef5880f7352
50,2i,28,7,9505600000,9505800000,200000,-199999,199999,136,0,0,-114.6752,73.1136,114.6752,-73.1136,108.7728,-69.3504,-108.7728,69.3504,136,e0993ef5880f7352
50,2i,28,8,9505600000,9505800000,200000,-199996,199996,528,0,0,-445.2096,283.8528,445.2096,-283.8528,424.9728,-270.9504,-424.9728,270.9504,528,e0993ef5880f7352
50,2i,28,9,9505600000,9505800000,200000,-199984,199984,1748,0,0,-1473.9136,939.7248,1473.9136,-939.7248,1382.848,-881.664,-1382.848,881.664,1748,e0993ef5880f7352
50,2i,28,10,9505600000,9505800000,200000,-199944,199944,3880,0,0,-3271.616,2085.888,3271.616,-2085.888,2934.336,-1870.848,-2934.336,1870.848,3880,e0993ef5880f7352
50,2i,28,11,9505600000,9505800000,200000,-199857,199857,8016,0,0,-6759.0912,4309.4016,6759.0912,-4309.4016,5952.1488,-3794.9184,-5952.1488,3794.9184,8016,e0993ef5880f7352
50,2i,28,12,9505600000,9505800000,200000,-199676,199676,14598,0,0,-12309.0336,7847.8848,12309.0336,-7847.8848,10477.6032,-6680.2176,-10477.6032,6680.2176,14598,e0993ef5880f7352
50,2i,28,13,9505600000,9505800000,200000,-199349,199349,26673,0,0,-22490.6736,14339.4048,22490.6736,-14339.4048,18906.2304,-12054.0672,-18906.2304,12054.0672,26673,e0993ef5880f7352
50,2i,28,14,9505600000,9505800000,200000,-198743,198743,43584,0,0,-36750.0288,23430.7584,36750.0288,-23430.7584,29596.32,-18869.76,-29596.32,18869.76,43584,e0993ef5880f7352
50,2i,28,15,9505600000,9505800000,200000,-197768,197768,65900,0,0,-55566.88,35427.84,55566.88,-35427.84,43235.08,-27565.44,-43235.08,27565.44,65900,e0993ef5880f7352
50,2i,28,16,9505600000,9505800000,200000,-196303,196303,96676,0,0,-81517.2032,51973.0176,81517.2032,-51973.0176,61752.5952,-39371.6736,-61752.5952,39371.6736,96676,e0993ef5880f7352
50,2i,28,17,9505600000,9505800000,200000,-194149,194149,138852,0,0,-117027.358464,74650.839552,117027.358464,-74650.839552,86151.060864,-54965.002752,-86151.060864,54965.002752,138852,e0993ef5880f7352
50,2i,28,18,9505600000,9505800000,200000,-191051,191051,194196,0,0,-163579.200256,104313.873408,163579.200256,-104313.873408,116587.712512,-74332.962816,-116587.712512,74332.962816,194196,e0993ef5880f7352
50,2i,28,19,9505600000,9505800000,200000,-186725,186725,261250,31,0,-219598.788032,140221.618176,219546.509632,-140188.286976,150348.694528,-96069.755904,-150348.694528,96069.755904,261281,e0993ef5880f7352
50,2i,28,20,9505600000,9505800000,200000,-180948,180950,348740,290,60,-292301.41248,187148.52864,292200.71104,-186879.39072,195235.04,-125022.72,-195268.768,125044.224,349030,e0993ef5880f7352
50,2i,28,21,9505600000,9505800000,200000,-173165,173185,443336,769,71,-370817.432384,236909.786112,369966.542912,-236223.830016,233692.214144,-148956.705792,-233739.095552,149130.049536,444105,e0993ef5880f7352
50,2i,28,22,9505600000,9505800000,200000,-163487,163547,554636,2848,190,-461766.57408,295741.11744,458246.256896,-293050.364928,282399.915648,-181133.912064,-283009.8528,181522.7904,557484,e0993ef5880f7352
50,2i,28,23,9505600000,9505800000,200000,-151181,151413,670967,9727,921,-554730.609664,354723.121152,542371.350272,-346538.090496,315133.776128,-200736.904704,-317524.44544,202627.72992,680694,e0993ef5880f7352
50,2i,28,24,9505600000,9505800000,200000,-136453,137259,791158,26440,2022,-652750.002304,416354.460672,618638.043008,-395133.932544,350082.106368,-223673.601024,-358943.075328,229268.450304,817598,e0993ef5880f7352
50,2i,28,25,9505600000,9505800000,200000,-118602,120912,901675,58775,3400,-749303.5168,479555.9424,673693.2928,-430836.7104,358481.0144,-229923.3792,-382760.8128,244948.0704,960450,e0993ef5880f7352
50,2i,28,26,9505600000,9505800000,200000,-98035,103543,982504,117150,6482,-831854.513431479289941,534068.628843550295858,682295.198487479289941,-435248.268651550295858,344937.284503479289941,-220204.133739550295858,-398320.927127479289941,255246.456171550295858,1099654,e0993ef5880f7352
50,2i,28,27,9505600000,9505800000,200000,-74497,86303,1020278,216928,11637,-906376.036650414201183,581481.46216899408284,624774.850474414201183,-398126.62620099408284,293393.88384,-186487.94112,-401591.5152,258238.2336,1237206,e0993ef5880f7352
50,2i,28,28,9505600000,9505800000,200000,-48337,71613,979076,368326,16588,-961531.765600189349112,614513.92135725443787,470043.115167810650888,-299842.73886674556213,187202.859776,-118542.240768,-398302.839552,254408.641536,1347402,e0993ef5880f7352
50,2i,28,29,9505600000,9505800000,200000,-20386,62548,864311,557641,19892,-997265.422689704142012,637509.775799289940828,237346.431006295857988,-150997.971528710059172,46602.8193582958579882,-30596.7314647100591716,-416206.067041704142012,266293.943735289940828,1421952,e0993ef5880f7352
50,2i,28,30,9505600000,9505800000,200000,8727,60463,695730,757740,21220,-1015243.14944,653403.60192,-40371.95456,27527.47008,-121939.13856,78279.98208,-435654.78144,280026.57792,1453470,e0993ef5880f7352
50,2i,28,31,9505600000,9505800000,200000,37731,66691,493039,933411,19848,-1006952.92352,647882.31936,-329503.70432,214316.21376,-290371.431232,189604.555776,-481561.403968,310463.437824,1426450,e0993ef5880f7352
50,2i,28,32,9505600000,9505800000,200000,65485,79707,308474,1033146,15836,-973621.743104,620773.635072,-552765.33632,355139.18976,-425962.335872,273910.711296,-524814.578048,335993.355264,1341620,e0993ef5880f7352
50,2i,28,33,9505600000,9505800000,200000,90679,96827,166779,1050693,10336,-916299.712128,581356.552704,-690721.293056,440268.983808,-505467.997504,321873.334272,-549817.30592,349142.72256,1217472,e0993ef5880f7352
50,2i,28,34,9505600000,9505800000,200000,113389,115589,79420,1005424,6020,-844981.288704,536768.335872,-739788.647168,471859.175424,-543488.689408,345424.287744,-559982.714112,355794.671616,1084844,e0993ef5880f7352
50,2i,28,35,9505600000,9505800000,200000,132933,133595,30785,902600,2640,-748305.32832,476750.64576,-707076.92192,450612.61056,-523846.40608,334501.69344,-528994.13344,337954.51392,933385,e0993ef5880f7352
50,2i,28,36,9505600000,9505800000,200000,149556,149702,10142,781892,918,-650354.264704,412506.703872,-636848.230016,403517.657088,-482474.308352,305537.319936,-483625.797376,306239.597568,792034,e0993ef5880f7352
50,2i,28,37,9505600000,9505800000,200000,163385,163409,2413,652416,372,-545893.203136,347208.949248,-542667.316544,345266.068992,-424222.538368,269854.977024,-424405.203968,269941.837824,654829,e0993ef5880f7352
50,2i,28,38,9505600000,9505800000,200000,174397,174397,456,520564,114,-437294.90176,278235.07968,-436760.95616,277981.17888,-350670.982272,223145.066496,-350670.982272,223145.066496,521020,e0993ef5880f7352
50,2i,28,39,9505600000,9505800000,200000,182944,182944,0,402897,0,-339281.342912,216030.230016,-339281.342912,216030.230016,-280660.076736,178629.954048,-280660.076736,178629.954048,402897,e0993ef5880f7352
50,2i,28,40,9505600000,9505800000,200000,189268,189268,0,295900,0,-249375.24864,159085.54752,-249375.24864,159085.54752,-213168.24064,136001.00352,-213168.24064,136001.00352,295900,e0993ef5880f7352
50,2i,28,41,9505600000,9505800000,200000,193562,193562,0,201902,0,-170243.7664,108542.5152,-170243.7664,108542.5152,-148448.7328,94646.6304,-148448.7328,94646.6304,201902,e0993ef5880f7352
50,2i,28,42,9505600000,9505800000,200000,196434,196434,0,135376,0,-114149.0432,72778.1376,-114149.0432,72778.1376,-101710.1568,64847.4624,-101710.1568,64847.4624,135376,e0993ef5880f7352
50,2i,28,43,9505600000,9505800000,200000,198278,198278,0,86369,0,-72826.3408,46431.9744,-72826.3408,46431.9744,-66859.0144,42627.3792,-66859.0144,42627.3792,86369,e0993ef5880f7352
50,2i,28,44,9505600000,9505800000,200000,199289,199289,0,47364,0,-39937.3248,25462.8864,-39937.3248,25462.8864,-37508.9088,23914.5984,-37508.9088,23914.5984,47364,e0993ef5880f7352
50,2i,28,45,9505600000,9505800000,200000,199769,199769,0,22485,0,-18959.352,12087.936,-18959.352,12087.936,-18213.12,11612.16,-18213.12,11612.16,22485,e0993ef5880f7352
50,2i,28,46,9505600000,9505800000,200000,199946,199946,0,8358,0,-7047.4656,4493.2608,-7047.4656,4493.2608,-6865.3344,4377.1392,-6865.3344,4377.1392,8358,e0993ef5880f7352
50,2i,28,47,9505600000,9505800000,200000,200000,200000,0,2538,0,-2140.0416,1364.4288,-2140.0416,1364.4288,-2140.0416,1364.4288,-2140.0416,1364.4288,2538,e0993ef5880f7352
50,2i,28,48,9505600000,9505800000,200000,200000,200000,0,0,0,0,0,0,0,0,0,0,0,0,e0993ef5880f7352
50,2i,28,49,9505600000,9505800000,200000,200000,200000,0,0,0,0,0,0,0,0,0,0,0,0,e0993ef5880f7352
50,2i,28,50,9505600000,9505800000,200000,200000,200000,0,0,0,0,0,0,0,0,0,0,0,0,e0993ef5880f7352
50,2i,29,0,9505800000,9506000000,200000,-200000,200000,0,0,0,0,0,0,0,0,0,0,0,0,b6a1e528a4b1f181
50,2i,29,1,9505800000,9506000000,200000,-200000,200000,0,0,0,0,0,0,0,0,0,0,0,0,b6a1e528a4b1f181
50,2i,29,2,9505800000,9506000000,200000,-200000,200000,0,0,0,0,0,0,0,0,0,0,0,0,b6a1e528a4b1f181
50,2i,29,3,9505800000,9506000000,200000,-200000,200000,0,0,0,0,0,0,0,0,0,0,0,0,b6a1e528a4b1f181
50,2i,29,4,9505800000,9506000000,200000,-200000,200000,0,0,0,0,0,0,0,0,0,0,0,0,b6a1e528a4b1f181
50,2i,29,5,9505800000,9506000000,200000,-200000,200000,0,0,0,0,0,0,0,0,0,0,0,0,b6a1e528a4b1f181
50,2i,29,6,9505800000,9506000000,200000,-200000,200000,0,0,0,0,0,0,0,0,0,0,0,0,b6a1e528a4b1f181
50,2i,29,7,9505800000,9506000000,200000,-200000,200000,172,0,0,-145.0304,92.4672,145.0304,-92.4672,145.0304,-92.4672,-145.0304,92.4672,172,b6a1e528a4b1f181
50,2i,29,8,9505800000,9506000000,200000,-199996,199996,536,0,0,-451.9552,288.1536,451.9552,-288.1536,424.9728,-270.9504,-424.9728,270.9504,536,b6a1e528a4b1f181
50,2i,29,9,9505800000,9506000000,200000,-199984,199984,1461,0,0,-1231.9152,785.4336,1231.9152,-785.4336,1140.8496,-727.3728,-1140.8496,727.3728,1461,b6a1e528a4b1f181
50,2i,29,10,9505800000,9506000000,200000,-199951,199951,3810,0,0,-3212.592,2048.256,3212.592,-2048.256,2934.336,-1870.848,-2934.336,1870.848,3810,b6a1e528a4b1f181
50,2i,29,11,9505800000,9506000000,200000,-199864,199864,7821,0,0,-6594.6672,4204.5696,6594.6672,-4204.5696,5787.7248,-3690.0864,-5787.7248,3690.0864,7821,b6a1e528a4b1f181
50,2i,29,12,9505800000,9506000000,200000,-199688,199688,14272,0,0,-12034.1504,7672.6272,12034.1504,-7672.6272,10253.312,-6537.216,-10253.312,6537.216,14272,b6a1e528a4b1f181
50,2i,29,13,9505800000,9506000000,200000,-199368,199368,26323,0,0,-22195.5536,14151.2448,22195.5536,-14151.2448,18687.8416,-11914.8288,-18687.8416,11914.8288,26323,b6a1e528a4b1f181
50,2i,29,14,9505800000,9506000000,200000,-198769,198769,42118,0,0,-35513.8976,22642.6368,35513.8976,-22642.6368,28442.8224,-18134.3232,-28442.8224,18134.3232,42118,b6a1e528a4b1f181
50,2i,29,15,9505800000,9506000000,200000,-197832,197832,64875,0,0,-54702.6,34876.8,54702.6,-34876.8,42851.424,-27320.832,-42851.424,27320.832,64875,b6a1e528a4b1f181
50,2i,29,16,9505800000,9506000000,200000,-196380,196380,98474,0,0,-83033.2768,52939.6224,83033.2768,-52939.6224,63444.0544,-40450.0992,-63444.0544,40450.0992,98474,b6a1e528a4b1f181
50,2i,29,17,9505800000,9506000000,200000,-194167,194167,141736,0,0,-119474.624,76098.432,119474.624,-76098.432,87752.5968,-55873.3824,-87752.5968,55873.3824,141736,b6a1e528a4b1f181
50,2i,29,18,9505800000,9506000000,200000,-191012,191012,195510,0,0,-164695.606912,104964.182016,164695.606912,-104964.182016,116830.554112,-74487.791616,-116830.554112,74487.791616,195510,b6a1e528a4b1f181
50,2i,29,19,9505800000,9506000000,200000,-186677,186677,267776,62,0,-225011.276928,143707.759104,225005.634432,-143633.573376,155640.314176,-99443.539968,-155640.314176,99443.539968,267838,b6a1e528a4b1f181
50,2i,29,20,9505800000,9506000000,200000,-180694,180698,351550,220,30,-294339.50528,188231.63904,294370.07552,-188000.65536,193939.86432,-123935.09376,-193943.50464,123982.95552,351770,b6a1e528a4b1f181
50,2i,29,21,9505800000,9506000000,200000,-172957,172973,440751,880,50,-368261.350848,235046.705664,367280.389312,-234211.785216,232023.66464,-147793.83552,-231999.717248,147922.020864,441631,b6a1e528a4b1f181
50,2i,29,22,9505800000,9506000000,200000,-163331,163399,551960,3456,190,-459143.211008,293253.356544,454888.534272,-290490.602496,280625.831296,-179435.824128,-281388.176,179971.968,555416,b6a1e528a4b1f181
50,2i,29,23,9505800000,9506000000,200000,-151058,151332,668251,9389,597,-552579.646336,353430.286848,540136.30784,-345496.77312,314096.444864,-200935.114752,-316965.146176,202764.115968,677640,b6a1e528a4b1f181
50,2i,29,24,9505800000,9506000000,200000,-136415,137209,789090,25818,1760,-650419.297536,416177.768448,618345.679872,-394722.103296,349655.27616,-223314.93888,-358166.064768,228741.172224,814908,b6a1e528a4b1f181
50,2i,29,25,9505800000,9506000000,200000,-118589,120889,902800,58825,3950,-748214.2256,478092.9408,675427.4128,-430376.8704,360193.8144,-229193.7792,-382850.3808,244606.6944,961625,b6a1e528a4b1f181
50,2i,29,26,9505800000,9506000000,200000,-97950,103450,980006,119048,6644,-832357.408384,531304.154112,679412.960384,-432233.690112,343434.474752,-218595.035136,-395569.931008,252190.316544,1099054,b6a1e528a4b1f181
50,2i,29,27,9505800000,9506000000,200000,-74515,86469,1019232,219908,10469,-909759.596659124260355,581918.439045301775148,621979.175411124260355,-396404.546181301775148,293474.349939124260355,-187514.942085301775148,-406884.465651124260355,261174.522501301775148,1239140,b6a1e528a4b1f181
50,2i,29,28,9505800000,9506000000,200000,-48150,71650,985534,372228,16110,-969156.325755455621302,620412.332862106508876,473601.121403455621302,-301678.084926106508876,188934.91072,-119844.64896,-401211.804416,256015.116288,1357762,b6a1e528a4b1f181
50,2i,29,29,9505800000,9506000000,200000,-19989,62633,866366,562033,21136,-1000437.621696,639327.971328,236843.609664,-149907.121152,42974.121408,-26565.663744,-416386.44,267217.92,1428399,b6a1e528a4b1f181
50,2i,29,30,9505800000,9506000000,200000,9141,60593,697710,758230,21910,-1016783.23072,647850.40896,-42292.89088,26247.45984,-119570.7264,76735.7952,-437831.6928,278647.9104,1455940,b6a1e528a4b1f181
50,2i,29,31,9505800000,9506000000,200000,38243,66679,492902,931836,18661,-1011163.4017340591716,643208.483927857988166,-330069.472646059171598,210948.217943857988166,-294902.403776,187355.232768,-482691.834944,306651.720192,1424738,b6a1e528a4b1f181
50,2i,29,32,9505800000,9506000000,200000,65747,79851,301168,1033586,14368,-972156.240616520710059,620263.179627550295858,-558947.613928520710059,357705.876843550295858,-426177.216616520710059,272465.547627550295858,-523108.906600520710059,334102.450539550295858,1334754,b6a1e528a4b1f181
50,2i,29,33,9505800000,9506000000,200000,91004,97124,165362,1055260,9687,-920490.77632,586909.10976,-697993.510784,445661.517312,-510938.336768,326327.668224,-555727.504,354574.272,1220622,b6a1e528a4b1f181
50,2i,29,34,9505800000,9506000000,200000,113777,115941,79188,1010278,5438,-847720.640128,539507.656704,-741834.124672,472981.149696,-543664.35584,346652.03712,-559972.536832,356685.336576,1089466,b6a1e528a4b1f181
50,2i,29,35,9505800000,9506000000,200000,133476,134148,29905,906895,2185,-751696.08064,477734.12352,-710634.68928,452488.15104,-528779.04992,336485.31456,-534166.29536,339783.44448,936800,b6a1e528a4b1f181
50,2i,29,36,9505800000,9506000000,200000,149965,150131,9962,775568,876,-645784.335232,410686.027776,-631572.187776,401984.544768,-478621.130368,304351.233024,-479903.888768,305137.204224,785530,b6a1e528a4b1f181
50,2i,29,37,9505800000,9506000000,200000,163674,163718,2517,646078,235,-541605.545664,345054.769152,-537896.461248,342744.612864,-421153.59008,268374.20544,-421472.527296,268607.152128,648595,b6a1e528a4b1f181
50,2i,29,38,9505800000,9506000000,200000,174548,174552,784,513000,38,-431354.54336,274732.30848,-430381.791744,274025.582592,-346182.986368,220413.441024,-346223.459968,220439.245824,513784,b6a1e528a4b1f181
50,2i,29,39,9505800000,9506000000,200000,182929,182929,78,394728,0,-332472.260224,211885.919232,-332340.721024,211802.053632,-275161.069248,175345.956864,-275161.069248,175345.956864,394806,b6a1e528a4b1f181
50,2i,29,40,9505800000,9506000000,200000,189106,189106,0,291100,0,-245277.20064,156370.28352,-245277.20064,156370.28352,-208165.16864,132720.10752,-208165.16864,132720.10752,291100,b6a1e528a4b1f181
50,2i,29,41,9505800000,9506000000,200000,193508,193508,0,206798,0,-174348.9824,111113.2032,-174348.9824,111113.2032,-152159.3312,96965.7216,-152159.3312,96965.7216,206798,b6a1e528a4b1f181
50,2i,29,42,9505800000,9506000000,200000,196432,196432,0,137304,0,-115774.7328,73814.6304,-115774.7328,73814.6304,-103551.7056,66021.5808,-103551.7056,66021.5808,137304,b6a1e528a4b1f181
50,2i,29,43,9505800000,9506000000,200000,198244,198244,0,84902,0,-71589.3664,45643.3152,-71589.3664,45643.3152,-65698.7712,41887.6416,-65698.7712,41887.6416,84902,b6a1e528a4b1f181
50,2i,29,44,9505800000,9506000000,200000,199242,199242,0,46930,0,-39571.376,25229.568,-39571.376,25229.568,-37026.5984,23607.0912,-37026.5984,23607.0912,46930,b6a1e528a4b1f181
50,2i,29,45,9505800000,9506000000,200000,199745,199745,0,23640,0,-19933.248,12708.864,-19933.248,12708.864,-19085.832,12168.576,-19085.832,12168.576,23640,b6a1e528a4b1f181
50,2i,29,46,9505800000,9506000000,200000,199946,199946,0,9462,0,-7978.3584,5086.7712,-7978.3584,5086.7712,-7796.2272,4970.6496,-7796.2272,4970.6496,9462,b6a1e528a4b1f181
50,2i,29,47,9505800000,9506000000,200000,200000,200000,0,2538,0,-2140.0416,1364.4288,-2140.0416,1364.4288,-2140.0416,1364.4288,-2140.0416,1364.4288,2538,b6a1e528a4b1f181
50,2i,29,48,9505800000,9506000000,200000,200000,200000,0,0,0,0,0,0,0,0,0,0,0,0,b6a1e528a4b1f181
50,2i,29,49,9505800000,9506000000,200000,200000,200000,0,0,0,0,0,0,0,0,0,0,0,0,b6a1e528a4b1f181
50,2i,29,50,9505800000,9506000000,200000,200000,200000,0,0,0,0,0,0,0,0,0,0,0,0,b6a1e528a4b1f181
50,2i,30,0,9506000000,9506200000,200000,-200000,200000,0,0,0,0,0,0,0,0,0,0,0,0,af1e8073c0591fe
50,2i,30,1,9506000000,9506200000,200000,-200000,200000,0,0,0,0,0,0,0,0,0,0,0,0,af1e8073c0591fe
50,2i,30,2,9506000000,9506200000,200000,-200000,200000,0,0,0,0,0,0,0,0,0,0,0,0,af1e8073c0591fe
50,2i,30,3,9506000000,9506200000,200000,-200000,200000,0,0,0,0,0,0,0,0,0,0,0,0,af1e8073c0591fe
50,2i,30,4,9506000000,9506200000,200000,-200000,200000,0,0,0,0,0,0,0,0,0,0,0,0,af1e8073c0591fe
50,2i,30,5,9506000000,9506200000,200000,-200000,200000,0,0,0,0,0,0,0,0,0,0,0,0,af1e8073c0591fe
50,2i,30,6,9506000000,9506200000,200000,-200000,200000,44,0,0,-37.1008,23.6544,37.1008,-23.6544,37.1008,-23.6544,-37.1008,23.6544,44,af1e8073c0591fe
50,2i,30,7,9506000000,9506200000,200000,-199999,199999,136,0,0,-114.6752,73.1136,114.6752,-73.1136,108.7728,-69.3504,-108.7728,69.3504,136,af1e8073c0591fe
50,2i,30,8,9506000000,9506200000,200000,-199996,199996,402,0,0,-338.9664,216.1152,338.9664,-216.1152,318.7296,-203.2128,-318.7296,203.2128,402,af1e8073c0591fe
50,2i,30,9,9506000000,9506200000,200000,-199987,199987,1352,0,0,-1140.0064,726.8352,1140.0064,-726.8352,1071.7072,-683.2896,-1071.7072,683.2896,1352,af1e8073c0591fe
50,2i,30,10,9506000000,9506200000,200000,-199956,199956,4070,0,0,-3431.824,2188.032,3431.824,-2188.032,3170.432,-2021.376,-3170.432,2021.376,4070,af1e8073c0591fe
50,2i,30,11,9506000000,9506200000,200000,-199862,199862,8366,0,0,-7054.2112,4497.5616,7054.2112,-4497.5616,6182.3424,-3941.6832,-6182.3424,3941.6832,8366,af1e8073c0591fe
50,2i,30,12,9506000000,9506200000,200000,-199674,199674,14264,0,0,-12027.4048,7668.3264,12027.4048,-7668.3264,10125.1456,-6455.5008,-10125.1456,6455.5008,14264,af1e8073c0591fe
50,2i,30,13,9506000000,9506200000,200000,-199358,199358,25124,0,0,-21184.5568,13506.6624,21184.5568,-13506.6624,17720.6912,-11298.2016,-17720.6912,11298.2016,25124,af1e8073c0591fe
50,2i,30,14,9506000000,9506200000,200000,-198790,198790,43232,0,0,-36453.2224,23241.5232,36453.2224,-23241.5232,29748.096,-18966.528,-29748.096,18966.528,43232,af1e8073c0591fe
50,2i,30,15,9506000000,9506200000,200000,-197810,197810,63980,0,0,-53947.936,34395.648,53947.936,-34395.648,41552.896,-26492.928,-41552.896,26492.928,63980,af1e8073c0591fe
50,2i,30,16,9506000000,9506200000,200000,-196402,196402,96920,0,0,-81614.457344,52112.443392,81614.457344,-52112.443392,62618.847744,-40001.390592,-62618.847744,40001.390592,96920,af1e8073c0591fe
50,2i,30,17,9506000000,9506200000,200000,-194214,194214,141674,0,0,-119315.454336,76073.230848,119315.454336,-76073.230848,88006.030464,-56072.535552,-88006.030464,56072.535552,141674,af1e8073c0591fe
50,2i,30,18,9506000000,9506200000,200000,-191048,191048,195324,32,32,-164447.027456,104753.323008,164447.027456,-104753.323008,116443.738112,-74168.303616,-116443.738112,74168.303616,195356,af1e8073c0591fe
50,2i,30,19,9506000000,9506200000,200000,-186724,186726,267672,174,50,-225011.215232,143593.867776,224999.93024,-143445.49632,155867.103232,-99482.251776,-155867.103232,99482.251776,267846,af1e8073c0591fe
50,2i,30,20,9506000000,9506200000,200000,-180734,180746,348510,310,50,-291831.46496,186484.57728,291745.87136,-186270.61248,191225.6064,-122147.6352,-191232.88704,122243.35872,348820,af1e8073c0591fe
50,2i,30,21,9506000000,9506200000,200000,-173100,173126,441148,1278,137,-367652.797184,235379.392512,366381.611392,-234256.966656,233129.322048,-149239.947264,-233184.14112,149322.71616,442426,af1e8073c0591fe
50,2i,30,22,9506000000,9506200000,200000,-163372,163476,549662,3490,200,-455762.428416,292081.548288,451851.27808,-289004.98944,276467.952256,-176901.009408,-277390.713216,177689.714688,553152,af1e8073c0591fe
50,2i,30,23,9506000000,9506200000,200000,-151260,151552,669966,8912,389,-553249.540096,353556.822528,542734.96768,-345985.48224,319287.213504,-203196.022272,-321741.96192,205075.33056,678878,af1e8073c0591fe
50,2i,30,24,9506000000,9506200000,200000,-136434,137226,788262,22328,1434,-648331.858816,414833.215488,621172.750464,-396729.495552,346268.304896,-221797.628928,-353432.592896,226857.212928,810590,af1e8073c0591fe
50,2i,30,25,9506000000,9506200000,200000,-118943,120991,900275,55050,3225,-744474.024,477757.632,675098.9872,-431818.3296,363778.9488,-232817.3184,-383004.7376,245359.7568,955325,af1e8073c0591fe
50,2i,30,26,9506000000,9506200000,200000,-98221,103417,991696,114988,6168,-837871.778048,536882.955264,688402.604288,-440925.379584,348732.06528,-222885.71904,-400887.2832,257618.4576,1106684,af1e8073c0591fe
50,2i,30,27,9506000000,9506200000,200000,-74558,85926,1025860,218493,10991,-913940.063424,583999.736832,629488.791232,-403145.035776,295314.443648,-188849.816064,-404792.643968,257727.757824,1244353,af1e8073c0591fe
50,2i,30,28,9506000000,9506200000,200000,-48234,71356,982112,372192,16196,-968289.644288,616684.099584,473567.6992,-300302.7456,188271.18336,-118503.82848,-401281.879552,254823.361536,1354304,af1e8073c0591fe
50,2i,30,29,9506000000,9506200000,200000,-20178,62176,865590,559869,19619,-1000053.514048,637677.003264,237132.129088,-147557.865984,44350.43424,-27883.76832,-415697.080512,265237.986816,1425459,af1e8073c0591fe
50,2i,30,30,9506000000,9506200000,200000,8957,60295,691480,753570,20450,-1008765.56352,646381.83936,-40719.20832,29274.48576,-124278.432,81365.376,-435114.05184,279727.36512,1445050,af1e8073c0591fe
50,2i,30,31,9506000000,9506200000,200000,37507,66221,487111,922947,18499,-997917.50592,637056.32256,-327994.19584,211121.15712,-285757.473536,184549.736448,-473885.572864,303023.818752,1410058,af1e8073c0591fe
50,2i,30,32,9506000000,9506200000,200000,65139,79491,304330,1042548,14664,-979171.231104,622626.819072,-562980.086912,359588.822016,-427185.905536,271915.112448,-526529.724544,335417.812992,1346878,af1e8073c0591fe
50,2i,30,33,9506000000,9506200000,200000,90842,96912,169208,1067390,10092,-930721.930624,592533.906432,-704677.311104,447920.259072,-517442.238272,329546.474496,-561356.522944,357738.504192,1236598,af1e8073c0591fe
50,2i,30,34,9506000000,9506200000,200000,113689,115929,77846,1013464,5232,-850497.559936,541162.011648,-745728.462976,474086.458368,-548130.216704,347823.439872,-565070.74432,358514.93376,1091310,af1e8073c0591fe
50,2i,30,35,9506000000,9506200000,200000,133346,133994,31430,905610,2775,-750711.95392,479326.78656,-708928.53312,453233.37216,-525945.65312,336517.53216,-530671.66976,339223.30368,937040,af1e8073c0591fe
50,2i,30,36,9506000000,9506200000,200000,149949,150121,9604,781626,696,-650089.576064,413499.236352,-637354.544256,406181.265408,-482931.501056,307771.127808,-484324.092928,308595.247104,791230,af1e8073c0591fe
50,2i,30,37,9506000000,9506200000,200000,163772,163796,2894,649477,248,-543084.603712,344912.764416,-539184.950336,342594.958848,-422996.650944,268595.208192,-423215.882944,268734.984192,652371,af1e8073c0591fe
50,2i,30,38,9506000000,9506200000,200000,174612,174612,456,512264,76,-430275.211776,273814.176768,-429634.379776,273405.600768,-345006.41408,219490.23744,-345006.41408,219490.23744,512720,af1e8073c0591fe
50,2i,30,39,9506000000,9506200000,200000,183012,183012,0,396350,0,-334028.496,212833.728,-334028.496,212833.728,-276082.240512,175888.866816,-276082.240512,175888.866816,396350,af1e8073c0591fe
50,2i,30,40,9506000000,9506200000,200000,189262,189262,0,293780,0,-247623.32032,157866.10176,-247623.32032,157866.10176,-210713.65632,134344.94976,-210713.65632,134344.94976,293780,af1e8073c0591fe
50,2i,30,41,9506000000,9506200000,200000,193640,193640,0,205706,0,-173428.208,110526.144,-173428.208,110526.144,-151329.6224,96436.7232,-151329.6224,96436.7232,205706,af1e8073c0591fe
50,2i,30,42,9506000000,9506200000,200000,196552,196552,0,136200,0,-114843.84,73221.12,-114843.84,73221.12,-103126.7328,65750.6304,-103126.7328,65750.6304,136200,af1e8073c0591fe
50,2i,30,43,9506000000,9506200000,200000,198289,198289,0,81684,0,-68875.9488,43913.3184,-68875.9488,43913.3184,-62979.4512,40153.8816,-62979.4512,40153.8816,81684,af1e8073c0591fe
50,2i,30,44,9506000000,9506200000,200000,199288,199288,0,46854,0,-39507.2928,25188.7104,-39507.2928,25188.7104,-37063.6992,23630.7456,-37063.6992,23630.7456,46854,af1e8073c0591fe
50,2i,30,45,9506000000,9506200000,200000,199771,199771,0,22620,0,-19073.184,12160.512,-19073.184,12160.512,-18326.952,11684.736,-18326.952,11684.736,22620,af1e8073c0591fe
50,2i,30,46,9506000000,9506200000,200000,199948,199948,0,8350,0,-7040.72,4488.96,-7040.72,4488.96,-6865.3344,4377.1392,-6865.3344,4377.1392,8350,af1e8073c0591fe
50,2i,30,47,9506000000,9506200000,200000,200000,200000,0,2444,0,-2060.7808,1313.8944,-2060.7808,1313.8944,-2060.7808,1313.8944,-2060.7808,1313.8944,2444,af1e8073c0591fe
50,2i,30,48,9506000000,9506200000,200000,200000,200000,0,0,0,0,0,0,0,0,0,0,0,0,af1e8073c0591fe
50,2i,30,49,9506000000,9506200000,200000,200000,200000,0,0,0,0,0,0,0,0,0,0,0,0,af1e8073c0591fe
50,2i,30,50,9506000000,9506200000,200000,200000,200000,0,0,0,0,0,0,0,0,0,0,0,0,af1e8073c0591fe
50,2i,31,0,9506200000,9506400000,200000,-200000,200000,0,0,0,0,0,0,0,0,0,0,0,0,9baa74eb7b6e8601
50,2i,31,1,9506200000,9506400000,200000,-200000,200000,0,0,0,0,0,0,0,0,0,0,0,0,9baa74eb7b6e8601
50,2i,31,2,9506200000,9506400000,200000,-200000,200000,0,0,0,0,0,0,0,0,0,0,0,0,9baa74eb7b6e8601
50,2i,31,3,9506200000,9506400000,200000,-200000,200000,0,0,0,0,0,0,0,0,0,0,0,0,9baa74eb7b6e8601
50,2i,31,4,9506200000,9506400000,200000,-200000,200000,0,0,0,0,0,0,0,0,0,0,0,0,9baa74eb7b6e8601
50,2i,31,5,9506200000,9506400000,200000,-200000,200000,0,0,0,0,0,0,0,0,0,0,0,0,9baa74eb7b6e8601
50,2i,31,6,9506200000,9506400000,200000,-200000,200000,0,0,0,0,0,0,0,0,0,0,0,0,9baa74eb7b6e8601
50,2i,31,7,9506200000,9506400000,200000,-200000,200000,86,0,0,-72.5152,46.2336,72.5152,-46.2336,72.5152,-46.2336,-72.5152,46.2336,86,9baa74eb7b6e8601
50,2i,31,8,9506200000,9506400000,200000,-199998,199998,772,0,0,-650.9504,415.0272,650.9504,-415.0272,637.4592,-406.4256,-637.4592,406.4256,772,9baa74eb7b6e8601
50,2i,31,9,9506200000,9506400000,200000,-199980,199980,1679,0,0,-1415.7328,902.6304,1415.7328,-902.6304,1279.1344,-815.5392,-1279.1344,815.5392,1679,9baa74eb7b6e8601
50,2i,31,10,9506200000,9506400000,200000,-199943,199943,4130,0,0,-3482.416,2220.288,3482.416,-2220.288,3170.432,-2021.376,-3170.432,2021.376,4130,9baa74eb7b6e8601
50,2i,31,11,9506200000,9506400000,200000,-199849,199849,6767,0,0,-5705.9344,3637.9392,5705.9344,-3637.9392,4834.0656,-3082.0608,-4834.0656,3082.0608,6767,9baa74eb7b6e8601
50,2i,31,12,9506200000,9506400000,200000,-199702,199702,13278,0,0,-11196.0096,7138.2528,11196.0096,-7138.2528,9708.6048,-6189.9264,-9708.6048,6189.9264,13278,9baa74eb7b6e8601
50,2i,31,13,9506200000,9506400000,200000,-199399,199399,24659,0,0,-20792.4688,13256.6784,20792.4688,-13256.6784,17471.104,-11139.072,-17471.104,11139.072,24659,9baa74eb7b6e8601
50,2i,31,14,9506200000,9506400000,200000,-198839,198839,41428,0,0,-34932.0896,22271.6928,34932.0896,-22271.6928,28321.4016,-18056.9088,-28321.4016,18056.9088,41428,9baa74eb7b6e8601
50,2i,31,15,9506200000,9506400000,200000,-197906,197906,66775,0,0,-56304.68,35898.24,56304.68,-35898.24,44504.096,-28374.528,-44504.096,28374.528,66775,9baa74eb7b6e8601
50,2i,31,16,9506200000,9506400000,200000,-196398,196398,96956,0,0,-81753.2992,52123.5456,81753.2992,-52123.5456,61408.5696,-39152.3328,-61408.5696,39152.3328,96956,9baa74eb7b6e8601
50,2i,31,17,9506200000,9506400000,200000,-194256,194256,137328,0,0,-115794.9696,73827.5328,115794.9696,-73827.5328,85090.6848,-54251.3664,-85090.6848,54251.3664,137328,9baa74eb7b6e8601
50,2i,31,18,9506200000,9506400000,200000,-191198,191198,193444,0,0,-162871.725824,103915.180032,162871.725824,-103915.180032,116458.625024,-74323.525632,-116458.625024,74323.525632,193444,9baa74eb7b6e8601
50,2i,31,19,9506200000,9506400000,200000,-186873,186873,265416,62,31,-223007.335936,142402.779648,222955.057536,-142369.448448,153833.888128,-98256.520704,-153833.888128,98256.520704,265478,9baa74eb7b6e8601
50,2i,31,20,9506200000,9506400000,200000,-180960,180964,348170,160,20,-291528.09024,186120.37632,291387.71776,-185962.56768,192193.37024,-122639.41632,-192227.09824,122660.92032,348330,9baa74eb7b6e8601
50,2i,31,21,9506200000,9506400000,200000,-173291,173303,444295,925,116,-370934.587904,236691.881472,369980.226176,-235969.555968,235872.917504,-150427.894272,-235947.56864,150523.30752,445220,9baa74eb7b6e8601
50,2i,31,22,9506200000,9506400000,200000,-163492,163562,551836,3214,172,-458059.713152,292949.646336,454403.745664,-290632.369152,276931.654784,-177399.309312,-277599.02144,177874.89792,555050,9baa74eb7b6e8601
50,2i,31,23,9506200000,9506400000,200000,-151368,151622,666913,8812,663,-550221.419626414201183,352738.48053699408284,539771.518442414201183,-345452.01602499408284,316015.337386414201183,-202422.64821699408284,-318470.259498414201183,203935.46383299408284,675725,9baa74eb7b6e8601
50,2i,31,24,9506200000,9506400000,200000,-136669,137419,791554,24126,1828,-653052.857495479289941,418132.089195550295858,623623.493015479289941,-398530.824555550295858,352791.252608,-225161.785344,-359897.900672,230293.917696,815680,9baa74eb7b6e8601
50,2i,31,25,9506200000,9506400000,200000,-118865,121013,904425,56075,3675,-751302.984691124260355,480737.945978698224852,680067.978508875739645,-435050.751621301775148,362314.3904,-231968.9472,-383778.5408,245881.5744,960500,9baa74eb7b6e8601
50,2i,31,26,9506200000,9506400000,200000,-98249,103485,990368,114712,6722,-837693.434702769230769,539416.570249846153846,688569.023921230769231,-442601.240182153846154,349282.060081230769231,-226003.859062153846154,-401043.750094769230769,259049.408905846153846,1105080,9baa74eb7b6e8601
50,2i,31,27,9506200000,9506400000,200000,-74538,85988,1024910,219336,10935,-916827.671296,588800.944128,626041.783424,-400136.696832,294609.928704,-185755.855872,-404142.989568,257496.858624,1244246,9baa74eb7b6e8601
50,2i,31,28,9506200000,9506400000,200000,-48275,71503,978682,372418,16294,-971834.93632,619071.98976,473243.781632,-298374.782976,186883.687936,-117746.715648,-407539.303424,260088.056832,1351100,9baa74eb7b6e8601
50,2i,31,29,9506200000,9506400000,200000,-20287,62381,864015,557813,20753,-1001325.4816,636814.3488,239936.130944,-150859.848192,45667.229312,-27256.905216,-412036.803712,262362.364416,1421828,9baa74eb7b6e8601
50,2i,31,30,9506200000,9506400000,200000,8769,60397,693640,756140,21700,-1014068.59136,644935.57248,-45840.28032,29579.38176,-124974.27968,78370.69824,-439339.6864,279985.0752,1449780,9baa74eb7b6e8601
50,2i,31,31,9506200000,9506400000,200000,37674,66498,495164,927628,20072,-1005756.502528,643208.699904,-325299.924224,207231.071232,-287490.952896,183285.692928,-480681.150784,306761.037312,1422792,9baa74eb7b6e8601
50,2i,31,32,9506200000,9506400000,200000,65397,79305,309234,1035102,15576,-975966.286848,624618.353664,-556123.679488,356633.693184,-426773.02976,273475.78368,-521242.672256,333501.969408,1344336,9baa74eb7b6e8601
50,2i,31,33,9506200000,9506400000,200000,90797,96863,161234,1063631,9317,-920422.649024,588801.157632,-704473.386048,451300.299264,-514023.94976,329358.34368,-556778.86816,356811.19488,1224865,9baa74eb7b6e8601
50,2i,31,34,9506200000,9506400000,200000,113542,115862,76818,1011280,5250,-847800.584576,541512.327168,-745129.290112,475737.839616,-545512.48832,348497.52576,-562673.945984,359366.310912,1088098,9baa74eb7b6e8601
50,2i,31,35,9506200000,9506400000,200000,133215,133893,32590,907440,2815,-755121.45344,481432.27392,-712269.71264,454373.09952,-527532.61184,336749.44512,-532843.664,340033.152,940030,9baa74eb7b6e8601
50,2i,31,36,9506200000,9506400000,200000,149980,150144,10176,783204,904,-652503.409408,415145.247744,-638613.520128,406503.496704,-487846.18624,310446.90432,-488989.550336,311207.758848,793380,9baa74eb7b6e8601
50,2i,31,37,9506200000,9506400000,200000,163540,163572,2637,643773,322,-538027.985536,342656.552448,-534804.196352,340457.703936,-415199.127232,264183.883776,-415401.168448,264371.902464,646410,9baa74eb7b6e8601
50,2i,31,38,9506200000,9506400000,200000,174670,174672,582,523818,76,-439754.824192,280648.237056,-439144.005376,280085.741568,-354021.099904,225886.697472,-354041.336704,225899.599872,524400,9baa74eb7b6e8601
50,2i,31,39,9506200000,9506400000,200000,183125,183125,39,398082,0,-335296.66656,213819.88608,-335230.89696,213777.95328,-277609.13856,177039.98208,-277609.13856,177039.98208,398121,9baa74eb7b6e8601
50,2i,31,40,9506200000,9506400000,200000,189341,189341,0,292820,0,-246905.824,157420.032,-246905.824,157420.032,-209653.248,133668.864,-209653.248,133668.864,292820,9baa74eb7b6e8601
50,2i,31,41,9506200000,9506400000,200000,193759,193759,0,206995,0,-174538.184,111280.512,-174538.184,111280.512,-152735.5616,97379.7888,-152735.5616,97379.7888,206995,9baa74eb7b6e8601
50,2i,31,42,9506200000,9506400000,200000,196632,196632,0,134282,0,-113226.5824,72190.0032,-113226.5824,72190.0032,-101745.5712,64870.0416,-101745.5712,64870.0416,134282,9baa74eb7b6e8601
50,2i,31,43,9506200000,9506400000,200000,198334,198334,0,79878,0,-67353.1296,42942.4128,-67353.1296,42942.4128,-61710.4352,39344.7936,-61710.4352,39344.7936,79878,9baa74eb7b6e8601
50,2i,31,44,9506200000,9506400000,200000,199290,199290,0,45028,0,-37967.6096,24207.0528,-37967.6096,24207.0528,-35468.3648,22613.6064,-35468.3648,22613.6064,45028,9baa74eb7b6e8601
50,2i,31,45,9506200000,9506400000,200000,199784,199784,0,23135,0,-19507.432,12437.376,-19507.432,12437.376,-18744.336,11950.848,-18744.336,11950.848,23135,9baa74eb7b6e8601
50,2i,31,46,9506200000,9506400000,200000,199965,199965,0,8466,0,-7138.5312,4551.3216,-7138.5312,4551.3216,-7020.4832,4476.0576,-7020.4832,4476.0576,8466,9baa74eb7b6e8601
50,2i,31,47,9506200000,9506400000,200000,200000,200000,0,1645,0,-1387.064,884.352,-1387.064,884.352,-1387.064,884.352,-1387.064,884.352,1645,9baa74eb7b6e8601
50,2i,31,48,9506200000,9506400000,200000,200000,200000,0,0,0,0,0,0,0,0,0,0,0,0,9baa74eb7b6e8601
50,2i,31,49,9506200000,9506400000,200000,200000,200000,0,0,0,0,0,0,0,0,0,0,0,0,9baa74eb7b6e8601
50,2i,31,50,9506200000,9506400000,200000,200000,200000,0,0,0,0,0,0,0,0,0,0,0,0,9baa74eb7b6e8601
50,2i,32,0,9506400000,9506600000,200000,-200000,200000,0,0,0,0,0,0,0,0,0,0,0,0,34410e6af8df2636
50,2i,32,1,9506400000,9506600000,200000,-200000,200000,0,0,0,0,0,0,0,0,0,0,0,0,34410e6af8df2636
50,2i,32,2,9506400000,9506600000,200000,-200000,200000,0,0,0,0,0,0,0,0,0,0,0,0,34410e6af8df2636
50,2i,32,3,9506400000,9506600000,200000,-200000,200000,0,0,0,0,0,0,0,0,0,0,0,0,34410e6af8df2636
50,2i,32,4,9506400000,9506600000,200000,-200000,200000,0,0,0,0,0,0,0,0,0,0,0,0,34410e6af8df2636
50,2i,32,5,9506400000,9506600000,200000,-200000,200000,0,0,0,0,0,0,0,0,0,0,0,0,34410e6af8df2636
50,2i,32,6,9506400000,9506600000,200000,-200000,200000,0,0,0,0,0,0,0,0,0,0,0,0,34410e6af8df2636
50,2i,32,7,9506400000,9506600000,200000,-200000,200000,129,0,0,-108.7728,69.3504,108.7728,-69.3504,108.7728,-69.3504,-108.7728,69.3504,129,34410e6af8df2636
50,2i,32,8,9506400000,9506600000,200000,-199997,199997,948,0,0,-799.3536,509.6448,799.3536,-509.6448,779.1168,-496.7424,-779.1168,496.7424,948,34410e6af8df2636
50,2i,32,9,9506400000,9506600000,200000,-199975,199975,1756,0,0,-1480.6592,944.0256,1480.6592,-944.0256,1313.7056,-837.5808,-1313.7056,837.5808,1756,34410e6af8df2636
50,2i,32,10,9506400000,9506600000,200000,-199937,199937,4420,0,0,-3726.944,2376.192,3726.944,-2376.192,3406.528,-2171.904,-3406.528,2171.904,4420,34410e6af8df2636
50,2i,32,11,9506400000,9506600000,200000,-199836,199836,7468,0,0,-6297.0176,4014.7968,6297.0176,-4014.7968,5360.2224,-3417.5232,-5360.2224,3417.5232,7468,34410e6af8df2636
50,2i,32,12,9506400000,9506600000,200000,-199673,199673,13128,0,0,-11069.5296,7057.6128,11069.5296,-7057.6128,9420.2304,-6006.0672,-9420.2304,6006.0672,13128,34410e6af8df2636
50,2i,32,13,9506400000,9506600000,200000,-199379,199379,25393,0,0,-21411.3776,13651.2768,21411.3776,-13651.2768,18188.6672,-11596.5696,-18188.6672,11596.5696,25393,34410e6af8df2636
50,2i,32,14,9506400000,9506600000,200000,-198796,198796,40922,0,0,-34505.4304,21999.6672,34505.4304,-21999.6672,27623.232,-17611.776,-27623.232,17611.776,40922,34410e6af8df2636
50,2i,32,15,9506400000,9506600000,200000,-197886,197886,64715,0,0,-54567.688,34790.784,54567.688,-34790.784,43058.008,-27452.544,-43058.008,27452.544,64715,34410e6af8df2636
50,2i,32,16,9506400000,9506600000,200000,-196427,196427,96682,0,0,-81522.2624,51976.2432,81522.2624,-51976.2432,61838.6016,-39426.5088,-61838.6016,39426.5088,96682,34410e6af8df2636
50,2i,32,17,9506400000,9506600000,200000,-194270,194270,137484,0,0,-115873.860864,73915.402752,115873.860864,-73915.402752,84954.560064,-54202.148352,-84954.560064,54202.148352,137484,34410e6af8df2636
50,2i,32,18,9506400000,9506600000,200000,-191215,191215,197102,0,0,-165789.28448,105795.82464,165789.28448,-105795.82464,119450.433536,-76231.016448,-119450.433536,76231.016448,197102,34410e6af8df2636
50,2i,32,19,9506400000,9506600000,200000,-186774,186774,266814,31,0,-224246.615744,143157.614592,224194.337344,-143124.283392,153296.781632,-97878.782976,-153296.781632,97878.782976,266845,34410e6af8df2636
50,2i,32,20,9506400000,9506600000,200000,-180888,180890,349480,230,0,-293096.0672,187199.7696,292899.64224,-186937.91232,194079.84128,-123910.48704,-194113.56928,123931.99104,349710,34410e6af8df2636
50,2i,32,21,9506400000,9506600000,200000,-173155,173171,445112,814,0,-372109.325568,237743.706624,371088.339968,-236931.085824,235674.195136,-150508.405248,-235788.083008,150676.652544,445926,34410e6af8df2636
50,2i,32,22,9506400000,9506600000,200000,-163378,163440,552212,2662,84,-459436.776576,293365.383168,456100.580736,-291188.226048,278594.087808,-177789.778944,-279282.230912,178278.614016,554874,34410e6af8df2636
50,2i,32,23,9506400000,9506600000,200000,-151243,151459,669212,8818,555,-553244.605824,353351.020032,542381.384704,-346670.863872,317597.628416,-203075.148288,-319772.814592,204461.984256,678030,34410e6af8df2636
50,2i,32,24,9506400000,9506600000,200000,-136468,137206,788880,24828,1784,-651176.055552,415403.329536,619907.311872,-395745.079296,348404.5824,-222094.0032,-356127.280128,226799.176704,813708,34410e6af8df2636
50,2i,32,25,9506400000,9506600000,200000,-118810,120976,895475,55250,3925,-741501.3072,474496.0896,671763.3456,-428553.1008,356594.8704,-228521.5872,-379235.2992,242899.5456,950725,34410e6af8df2636
50,2i,32,26,9506400000,9506600000,200000,-98439,103597,983662,113968,6858,-832255.892352,532469.031936,685484.950656,-436255.300608,351748.016256,-222809.361408,-400729.450368,255636.993024,1097630,34410e6af8df2636
50,2i,32,27,9506400000,9506600000,200000,-74773,86187,1029292,215947,11429,-917351.940403124260355,584913.557637301775148,633791.463475124260355,-403060.198533301775148,297296.528947124260355,-189206.122629301775148,-407309.724979124260355,260515.484805301775148,1245239,34410e6af8df2636
50,2i,32,28,9506400000,9506600000,200000,-48414,71262,991642,366106,16202,-970951.370067313609467,618687.421240047337278,483981.181603597633136,-306670.615364165680473,192938.037248,-121647.780864,-404212.987904,256223.081472,1357748,34410e6af8df2636
50,2i,32,29,9506400000,9506600000,200000,-20246,61824,870745,558487,19247,-1004739.07701472189349,638948.121545467455621,243445.238121278106509,-151468.443702532544379,48807.1206172781065089,-29206.9494305325443787,-412223.570454721893491,263107.115465467455621,1429232,34410e6af8df2636
50,2i,32,30,9506400000,9506600000,200000,8914,59988,692440,761040,21320,-1020818.33984,647906.94912,-47528.57344,31236.43392,-126860.88832,81588.72576,-441535.38176,280667.71968,1453480,34410e6af8df2636
50,2i,32,31,9506400000,9506600000,200000,37848,66172,489824,924861,20506,-1002794.655168,635775.719424,-327987.887808,208068.178944,-293931.097216,186019.826688,-480992.399744,305154.926592,1414685,34410e6af8df2636
50,2i,32,32,9506400000,9506600000,200000,65097,78979,302370,1024440,15774,-964338.042496,613677.385728,-553417.803392,352110.022656,-420157.016064,266525.156352,-516026.640384,327443.930112,1326810,34410e6af8df2636
50,2i,32,33,9506400000,9506600000,200000,90366,96326,163064,1057784,10190,-918551.517056,585948.215808,-699755.082112,447483.695616,-511590.111808,327443.410944,-554625.568832,354223.512576,1220848,34410e6af8df2636
50,2i,32,34,9506400000,9506600000,200000,113129,115283,76974,1013880,6174,-847572.351104,538622.979072,-745172.64704,474907.03872,-543926.52352,346687.11936,-560255.313536,356842.856448,1090854,34410e6af8df2636
50,2i,32,35,9506400000,9506600000,200000,132936,133556,30460,911245,2590,-755802.70688,479230.94784,-715154.5968,454009.3824,-531901.51648,337559.60064,-536830.3984,340565.4912,941705,34410e6af8df2636
50,2i,32,36,9506400000,9506600000,200000,149500,149638,9516,781360,812,-650659.13856,412839.98208,-637736.31488,405024.29184,-482123.713024,305837.509632,-483217.220096,306439.062528,790876,34410e6af8df2636
50,2i,32,37,9506400000,9506600000,200000,163398,163416,2298,654668,174,-547974.606848,348504.113664,-545011.574272,346897.322496,-426856.94848,271660.97664,-426929.99808,271677.94944,656966,34410e6af8df2636
50,2i,32,38,9506400000,9506600000,200000,174378,174384,264,518532,76,-435208.14976,276783.94368,-434933.90976,276695.62368,-349568.52608,222225.85344,-349629.23648,222264.56064,518796,34410e6af8df2636
50,2i,32,39,9506400000,9506600000,200000,182841,182841,117,398217,0,-335435.71776,213826.56768,-335238.40896,213700.76928,-277784.48256,177107.37408,-277784.48256,177107.37408,398334,34410e6af8df2636
50,2i,32,40,9506400000,9506600000,200000,189048,189048,0,292570,0,-246627.44,157105.92,-246627.44,157105.92,-209282.112,133295.616,-209282.112,133295.616,292570,34410e6af8df2636
50,2i,32,41,9506400000,9506600000,200000,193477,193477,0,207824,0,-175237.1968,111726.1824,-175237.1968,111726.1824,-153115.8448,97622.2464,-153115.8448,97622.2464,207824,34410e6af8df2636
50,2i,32,42,9506400000,9506600000,200000,196392,196392,0,137166,0,-115658.3712,73740.4416,-115658.3712,73740.4416,-103232.976,65818.368,-103232.976,65818.368,137166,34410e6af8df2636
50,2i,32,43,9506400000,9506600000,200000,198234,198234,0,86500,0,-72936.8,46502.4,-72936.8,46502.4,-66786.4992,42581.1456,-66786.4992,42581.1456,86500,34410e6af8df2636
50,2i,32,44,9506400000,9506600000,200000,199276,199276,0,48794,0,-41143.1008,26231.6544,-41143.1008,26231.6544,-38659.0336,24647.8848,-38659.0336,24647.8848,48794,34410e6af8df2636
50,2i,32,45,9506400000,9506600000,200000,199767,199767,0,23005,0,-19397.816,12367.488,-19397.816,12367.488,-18630.504,11878.272,-18630.504,11878.272,23005,34410e6af8df2636
50,2i,32,46,9506400000,9506600000,200000,199949,199949,0,8576,0,-7231.2832,4610.4576,-7231.2832,4610.4576,-7059.2704,4500.7872,-7059.2704,4500.7872,8576,34410e6af8df2636
50,2i,32,47,9506400000,9506600000,200000,200000,200000,0,2397,0,-2021.1504,1288.6272,-2021.1504,1288.6272,-2021.1504,1288.6272,-2021.1504,1288.6272,2397,34410e6af8df2636
50,2i,32,48,9506400000,9506600000,200000,200000,200000,0,0,0,0,0,0,0,0,0,0,0,0,34410e6af8df2636
50,2i,32,49,9506400000,9506600000,200000,200000,200000,0,0,0,0,0,0,0,0,0,0,0,0,34410e6af8df2636
50,2i,32,50,9506400000,9506600000,200000,200000,200000,0,0,0,0,0,0,0,0,0,0,0,0,34410e6af8df2636
50,2i,33,0,9506600000,9506800000,200000,-200000,200000,0,0,0,0,0,0,0,0,0,0,0,0,78b7391f092d798b
50,2i,33,1,9506600000,9506800000,200000,-200000,200000,0,0,0,0,0,0,0,0,0,0,0,0,78b7391f092d798b
50,2i,33,2,9506600000,9506800000,200000,-200000,200000,0,0,0,0,0,0,0,0,0,0,0,0,78b7391f092d798b
50,2i,33,3,9506600000,9506800000,200000,-200000,200000,0,0,0,0,0,0,0,0,0,0,0,0,78b7391f092d798b
50,2i,33,4,9506600000,9506800000,200000,-200000,200000,0,0,0,0,0,0,0,0,0,0,0,0,78b7391f092d798b
50,2i,33,5,9506600000,9506800000,200000,-200000,200000,0,0,0,0,0,0,0,0,0,0,0,0,78b7391f092d798b
50,2i,33,6,9506600000,9506800000,200000,-200000,200000,0,0,0,0,0,0,0,0,0,0,0,0,78b7391f092d798b
50,2i,33,7,9506600000,9506800000,200000,-200000,200000,258,0,0,-217.5456,138.7008,217.5456,-138.7008,217.5456,-138.7008,-217.5456,138.7008,258,78b7391f092d798b
50,2i,33,8,9506600000,9506800000,200000,-199994,199994,594,0,0,-500.8608,319.3344,500.8608,-319.3344,460.3872,-293.5296,-460.3872,293.5296,594,78b7391f092d798b
50,2i,33,9,9506600000,9506800000,200000,-199981,199981,1880,0,0,-1585.216,1010.688,1585.216,-1010.688,1486.5616,-947.7888,-1486.5616,947.7888,1880,78b7391f092d798b
50,2i,33,10,9506600000,9506800000,200000,-199938,199938,3510,0,0,-2959.632,1886.976,2959.632,-1886.976,2597.056,-1655.808,-2597.056,1655.808,3510,78b7391f092d798b
50,2i,33,11,9506600000,9506800000,200000,-199861,199861,8842,0,0,-7455.5744,4753.4592,7455.5744,-4753.4592,6741.384,-4298.112,-6741.384,4298.112,8842,78b7391f092d798b
50,2i,33,12,9506600000,9506800000,200000,-199656,199656,16102,0,0,-13577.2064,8656.4352,13577.2064,-8656.4352,11502.9344,-7333.9392,-11502.9344,7333.9392,16102,78b7391f092d798b
50,2i,33,13,9506600000,9506800000,200000,-199297,199297,25017,0,0,-21094.3344,13449.1392,21094.3344,-13449.1392,17159.12,-10940.16,-17159.12,10940.16,25017,78b7391f092d798b
50,2i,33,14,9506600000,9506800000,200000,-198747,198747,42296,0,0,-35663.9872,22738.3296,35663.9872,-22738.3296,29171.3472,-18598.8096,-29171.3472,18598.8096,42296,78b7391f092d798b
50,2i,33,15,9506600000,9506800000,200000,-197786,197786,67965,0,0,-57308.088,36537.984,57308.088,-36537.984,45153.36,-28788.48,-45153.36,28788.48,67965,78b7391f092d798b
50,2i,33,16,9506600000,9506800000,200000,-196256,196256,99416,0,0,-83827.5712,53446.0416,83827.5712,-53446.0416,63186.0352,-40285.5936,-63186.0352,40285.5936,99416,78b7391f092d798b
50,2i,33,17,9506600000,9506800000,200000,-194052,194052,136897,0,0,-115431.5504,73595.8272,115431.5504,-73595.8272,83838.5328,-53453.0304,-83838.5328,53453.0304,136897,78b7391f092d798b
50,2i,33,18,9506600000,9506800000,200000,-191039,191039,191034,32,32,-160881.706368,102646.401024,160881.706368,-102646.401024,115151.597568,-73490.202624,-115151.597568,73490.202624,191066,78b7391f092d798b
50,2i,33,19,9506600000,9506800000,200000,-186763,186765,259568,19,19,-218232.20704,139217.11872,218232.20704,-139217.11872,149860.945984,-95582.310912,-149860.945984,95582.310912,259587,78b7391f092d798b
50,2i,33,20,9506600000,9506800000,200000,-181010,181012,346000,120,0,-290092.4288,185113.9584,289890.0608,-184984.9344,193306.76352,-123383.43936,-193306.76352,123383.43936,346120,78b7391f092d798b
50,2i,33,21,9506600000,9506800000,200000,-173308,173318,445307,780,116,-371278.462016,237505.433088,370283.890752,-236871.323136,235395.61312,-150774.81216,-235537.27072,150865.12896,446087,78b7391f092d798b
50,2i,33,22,9506600000,9506800000,200000,-163503,163561,555214,3440,396,-460945.693824,295113.004032,456963.66144,-292510.41792,280001.444096,-179190.294528,-280648.482048,179602.827264,558654,78b7391f092d798b
50,2i,33,23,9506600000,9506800000,200000,-151255,151521,672675,9034,820,-555525.907648,355593.368064,544487.48256,-348011.37408,318370.031296,-203541.424128,-321109.491008,205340.396544,681709,78b7391f092d798b
50,2i,33,24,9506600000,9506800000,200000,-136440,137198,790096,24052,1778,-649579.860736,417259.266048,619251.347456,-397367.083008,346514.054016,-223017.689088,-353890.912128,228158.152704,814148,78b7391f092d798b
50,2i,33,25,9506600000,9506800000,200000,-118802,120956,899275,57625,3650,-744883.456,478531.008,669996.3488,-430500.5184,359672.296,-230512.128,-381741.1952,244696.4736,956900,78b7391f092d798b
50,2i,33,26,9506600000,9506800000,200000,-98164,103532,986110,120862,7106,-838334.971648,537173.720064,680601.66272,-434735.78496,346467.8336,-221246.2848,-401398.76992,256446.27456,1106972,78b7391f092d798b
50,2i,33,27,9506600000,9506800000,200000,-74398,86356,1019617,224458,11873,-911925.683008,584433.452544,617374.956992,-391850.067456,286149.020928,-181618.351104,-401801.690112,257261.039616,1244075,78b7391f092d798b
50,2i,33,28,9506600000,9506800000,200000,-48207,71947,981494,368822,16206,-962776.20992,616352.19456,472323.819008,-297742.700544,189902.938368,-118722.177024,-407691.87712,261084.76416,1350316,78b7391f092d798b
50,2i,33,29,9506600000,9506800000,200000,-20163,62437,871314,554070,19426,-1001491.647744,637951.790592,251443.300352,-156620.775936,52888.16128,-30796.24704,-412308.1664,263121.7152,1425384,78b7391f092d798b
50,2i,33,30,9506600000,9506800000,200000,8985,60463,695550,754390,21490,-1014479.94551289940828,644782.044462958579882,-35142.003927100591716,26179.9574570414201183,-121634.364887100591716,78501.4627370414201183,-436406.124072899408284,277220.746542958579882,1449940,78b7391f092d798b
50,2i,33,31,9506600000,9506800000,200000,37760,66366,494128,929764,20440,-1006888.40535024852071,641301.505781396449704,-327298.11307626035503,209856.623434224852071,-285128.599104,182595.843072,-476822.66464,306025.83552,1423892,78b7391f092d798b
50,2i,33,32,9506600000,9506800000,200000,65753,79663,307316,1043662,15094,-983844.604404639053254,627149.882852733727811,-561372.050164639053254,356941.954532733727811,-432072.624116639053254,274130.935268733727811,-531692.015348639053254,336456.771044733727811,1350978,78b7391f092d798b
50,2i,33,33,9506600000,9506800000,200000,91042,96932,164375,1055110,8952,-922631.57984,588547.26912,-696399.642944,448190.664192,-511199.48736,329332.50048,-554795.873664,355425.073152,1219485,78b7391f092d798b
50,2i,33,34,9506600000,9506800000,200000,113686,115806,76074,1007118,5066,-845750.070016,535682.777088,-743089.357568,473817.882624,-545301.89184,347140.48512,-560769.83168,356820.23424,1083192,78b7391f092d798b
50,2i,33,35,9506600000,9506800000,200000,133267,133889,29875,903965,2725,-748568.84544,473246.92992,-709849.05536,449471.12448,-525585.34048,332883.63264,-530469.01216,335484.98688,933840,78b7391f092d798b
50,2i,33,36,9506600000,9506800000,200000,149834,149968,9484,779120,912,-648439.339264,409646.333952,-635818.993408,402988.959744,-482386.49088,305012.25984,-483286.024704,305426.383872,788604,78b7391f092d798b
50,2i,33,37,9506600000,9506800000,200000,163562,163596,2019,647734,248,-541163.054016,343449.689088,-538544.559424,342201.464832,-420867.823552,267111.553536,-421108.978752,267265.307136,649753,78b7391f092d798b
50,2i,33,38,9506600000,9506800000,200000,174471,174479,542,516216,76,-433857.438848,276168.689664,-433071.576448,275667.646464,-347412.250368,221067.393024,-347493.197568,221119.002624,516758,78b7391f092d798b
50,2i,33,39,9506600000,9506800000,200000,182989,182989,156,401258,0,-337999.454848,215441.777664,-337736.376448,215274.046464,-279538.29696,178181.15328,-279538.29696,178181.15328,401414,78b7391f092d798b
50,2i,33,40,9506600000,9506800000,200000,189281,189281,0,295120,0,-248730.68032,158526.58176,-248730.68032,158526.58176,-212107.70432,135188.21376,-212107.70432,135188.21376,295120,78b7391f092d798b
50,2i,33,41,9506600000,9506800000,200000,193625,193625,0,204141,0,-172108.6,109684.8,-172108.6,109684.8,-150154.2016,95687.3088,-150154.2016,95687.3088,204141,78b7391f092d798b
50,2i,33,42,9506600000,9506800000,200000,196518,196518,0,135682,0,-114407.0624,72942.6432,-114407.0624,72942.6432,-102453.8592,65321.6256,-102453.8592,65321.6256,135682,78b7391f092d798b
50,2i,33,43,9506600000,9506800000,200000,198290,198290,0,83245,0,-70192.184,44752.512,-70192.184,44752.512,-64248.4672,40962.9696,-64248.4672,40962.9696,83245,78b7391f092d798b
50,2i,33,44,9506600000,9506800000,200000,199297,199297,0,47140,0,-39748.448,25342.464,-39748.448,25342.464,-37360.5056,23819.9808,-37360.5056,23819.9808,47140,78b7391f092d798b
50,2i,33,45,9506600000,9506800000,200000,199769,199769,0,22160,0,-18685.312,11913.216,-18685.312,11913.216,-17909.568,11418.624,-17909.568,11418.624,22160,78b7391f092d798b
50,2i,33,46,9506600000,9506800000,200000,199953,199953,0,8652,0,-7295.3664,4651.3152,-7295.3664,4651.3152,-7136.8448,4550.2464,-7136.8448,4550.2464,8652,78b7391f092d798b
50,2i,33,47,9506600000,9506800000,200000,200000,200000,0,2209,0,-1862.6288,1187.5584,-1862.6288,1187.5584,-1862.6288,1187.5584,-1862.6288,1187.5584,2209,78b7391f092d798b
50,2i,33,48,9506600000,9506800000,200000,200000,200000,0,0,0,0,0,0,0,0,0,0,0,0,78b7391f092d798b
50,2i,33,49,9506600000,9506800000,200000,200000,200000,0,0,0,0,0,0,0,0,0,0,0,0,78b7391f092d798b
50,2i,33,50,9506600000,9506800000,200000,200000,200000,0,0,0,0,0,0,0,0,0,0,0,0,78b7391f092d798b
50,2i,34,0,9506800000,9507000000,200000,-200000,200000,0,0,0,0,0,0,0,0,0,0,0,0,d929b849804c1735
50,2i,34,1,9506800000,9507000000,200000,-200000,200000,0,0,0,0,0,0,0,0,0,0,0,0,d929b849804c1735
50,2i,34,2,9506800000,9507000000,200000,-200000,200000,0,0,0,0,0,0,0,0,0,0,0,0,d929b849804c1735
50,2i,34,3,9506800000,9507000000,200000,-200000,200000,0,0,0,0,0,0,0,0,0,0,0,0,d929b849804c1735
50,2i,34,4,9506800000,9507000000,200000,-200000,200000,0,0,0,0,0,0,0,0,0,0,0,0,d929b849804c1735
50,2i,34,5,9506800000,9507000000,200000,-200000,200000,0,0,0,0,0,0,0,0,0,0,0,0,d929b849804c1735
50,2i,34,6,9506800000,9507000000,200000,-200000,200000,44,0,0,-37.1008,23.6544,37.1008,-23.6544,37.1008,-23.6544,-37.1008,23.6544,44,d929b849804c1735
50,2i,34,7,9506800000,9507000000,200000,-199999,199999,50,0,0,-42.16,26.88,42.16,-26.88,36.2576,-23.1168,-36.2576,23.1168,50,d929b849804c1735
50,2i,34,8,9506800000,9507000000,200000,-199998,199998,554,0,0,-467.1328,297.8304,467.1328,-297.8304,460.3872,-293.5296,-460.3872,293.5296,554,d929b849804c1735
50,2i,34,9,9506800000,9507000000,200000,-199985,199985,1880,0,0,-1585.216,1010.688,1585.216,-1010.688,1486.5616,-947.7888,-1486.5616,947.7888,1880,d929b849804c1735
50,2i,34,10,9506800000,9507000000,200000,-199942,199942,3590,0,0,-3027.088,1929.984,3027.088,-1929.984,2664.512,-1698.816,-2664.512,1698.816,3590,d929b849804c1735
50,2i,34,11,9506800000,9507000000,200000,-199863,199863,6836,0,0,-5764.1152,3675.0336,5764.1152,-3675.0336,5031.3744,-3207.8592,-5031.3744,3207.8592,6836,d929b849804c1735
50,2i,34,12,9506800000,9507000000,200000,-199710,199710,15858,0,0,-13371.4656,8525.2608,13371.4656,-8525.2608,11823.3504,-7538.2272,-11823.3504,7538.2272,15858,d929b849804c1735
50,2i,34,13,9506800000,9507000000,200000,-199341,199341,26442,0,0,-22295.8944,14215.2192,22295.8944,-14215.2192,18251.064,-11636.352,-18251.064,11636.352,26442,d929b849804c1735
50,2i,34,14,9506800000,9507000000,200000,-198756,198756,40446,0,0,-34104.0672,21743.7696,34104.0672,-21743.7696,27198.2592,-17340.8256,-27198.2592,17340.8256,40446,d929b849804c1735
50,2i,34,15,9506800000,9507000000,200000,-197860,197860,64750,0,0,-54597.2,34809.6,54597.2,-34809.6,43264.592,-27584.256,-43264.592,27584.256,64750,d929b849804c1735
50,2i,34,16,9506800000,9507000000,200000,-196394,196394,97644,0,0,-82333.4208,52493.4144,82333.4208,-52493.4144,62555.3216,-39883.4688,-62555.3216,39883.4688,97644,d929b849804c1735
50,2i,34,17,9506800000,9507000000,200000,-194212,194212,138866,0,0,-117091.8112,74654.3616,117091.8112,-74654.3616,85814.1504,-54712.6272,-85814.1504,54712.6272,138866,d929b849804c1735
50,2i,34,18,9506800000,9507000000,200000,-191128,191128,188984,0,0,-159147.098624,101613.330432,159147.098624,-101613.330432,112339.380224,-71770.079232,-112339.380224,71770.079232,188984,d929b849804c1735
50,2i,34,19,9506800000,9507000000,200000,-186957,186957,260227,62,0,-218984.934848,139634.417664,218880.378048,-139567.755264,152231.14944,-96987.60192,-152231.14944,96987.60192,260289,d929b849804c1735
50,2i,34,20,9506800000,9507000000,200000,-181117,181121,344460,250,0,-288988.0928,184683.1104,288600.2848,-184504.1664,190546.816,-121999.488,-190614.272,122042.496,344710,d929b849804c1735
50,2i,34,21,9506800000,9507000000,200000,-173520,173538,443532,930,145,-370275.77536,236808.08448,369193.336832,-236099.736576,236216.052096,-150991.638528,-236440.298496,151086.793728,444462,d929b849804c1735
50,2i,34,22,9506800000,9507000000,200000,-163695,163767,556036,2946,166,-462465.641856,295633.502208,458573.294464,-292910.487552,280910.50368,-179457.93024,-281561.545984,179923.110912,558982,d929b849804c1735
50,2i,34,23,9506800000,9507000000,200000,-151451,151691,672395,9249,748,-556646.91392,355264.06656,544491.012864,-347233.738752,318222.406976,-202718.650368,-320884.907584,204573.299712,681644,d929b849804c1735
50,2i,34,24,9506800000,9507000000,200000,-136635,137417,789026,23846,1586,-652949.324288,416422.339584,622196.466176,-396113.875968,349305.910784,-222504.717312,-357744.48896,227994.20928,812872,d929b849804c1735
50,2i,34,25,9506800000,9507000000,200000,-119047,121163,902025,55475,3350,-749100.16,478970.88,678843.3696,-434518.7328,363315.6688,-233034.2784,-384771.7072,247283.2896,957500,d929b849804c1735
50,2i,34,26,9506800000,9507000000,200000,-98335,103555,990040,118136,7250,-840215.745024,538527.685632,686622.294784,-441602.829312,349037.193344,-224594.491392,-399789.975424,256005.752832,1108176,d929b849804c1735
50,2i,34,27,9506800000,9507000000,200000,-74599,86301,1019552,217871,10816,-914644.437312,584615.049216,622531.378624,-397124.370432,289524.749696,-183680.675328,-405220.501376,257383.469568,1237423,d929b849804c1735
50,2i,34,28,9506800000,9507000000,200000,-48662,71700,983156,363590,14700,-969129.696983857988166,617620.142073940828402,479310.296535857988166,-301076.463609940828402,193947.135319857988166,-121612.284921940828402,-408716.030807857988166,260136.666105940828402,1346746,d929b849804c1735
50,2i,34,29,9506800000,9507000000,200000,-20457,62121,873767,555320,19376,-1005598.86760331360947,642282.789688047337278,248489.073690130177515,-156298.251354887573964,48550.869248,-30352.356864,-411117.443968,265014.157824,1429087,d929b849804c1735
50,2i,34,30,9506800000,9507000000,200000,8645,60185,692050,761110,20400,-1021168.03281798816568,651702.363220828402367,-48504.1390579881656805,29783.8275408284023669,-123819.14769798816568,79533.0550608284023669,-439814.02257798816568,279499.426900828402367,1453160,d929b849804c1735
50,2i,34,31,9506800000,9507000000,200000,37650,66542,490694,937174,18398,-1017085.100672,648023.517696,-336598.976128,216970.504704,-296833.192,189349.056,-487527.26048,310454.19264,1427868,d929b849804c1735
50,2i,34,32,9506800000,9507000000,200000,65477,79669,307740,1041616,14674,-982381.910272,627816.170496,-562678.026752,361108.571136,-430162.95744,276158.54592,-528697.88352,338899.59936,1349356,d929b849804c1735
50,2i,34,33,9506800000,9507000000,200000,90971,97103,166327,1064768,9584,-929098.430528,591687.803904,-703316.578496,448853.833728,-514781.927616,328806.693888,-559916.415168,356615.399424,1231095,d929b849804c1735
50,2i,34,34,9506800000,9507000000,200000,113900,116110,78994,1013968,5262,-852166.803328,540809.954304,-745473.390464,475413.015552,-549504.44736,350229.78048,-565928.88512,360009.30816,1092962,d929b849804c1735
50,2i,34,35,9506800000,9507000000,200000,133486,134156,30505,904680,2380,-749909.0832,475000.8576,-709327.57472,450709.80096,-525087.22912,333220.70016,-529740.28,336119.04,935185,d929b849804c1735
50,2i,34,36,9506800000,9507000000,200000,150131,150327,9624,781410,854,-650389.319808,412697.554944,-637637.695872,404795.191296,-484498.827648,307171.928064,-486083.129472,308118.276096,791034,d929b849804c1735
50,2i,34,37,9506800000,9507000000,200000,163832,163872,3081,644295,285,-539380.274816,343541.503488,-534908.189824,340858.732032,-419338.46944,267105.36192,-419623.47104,267287.07072,647376,d929b849804c1735
50,2i,34,38,9506800000,9507000000,200000,174635,174645,630,510312,76,-428880.777856,273398.750208,-427946.512256,272803.089408,-343888.17408,219209.91744,-343989.35808,219274.42944,510942,d929b849804c1735
50,2i,34,39,9506800000,9507000000,200000,183004,183004,195,394880,0,-332609.739072,212037.328896,-332280.891072,211827.664896,-274543.356672,175040.925696,-274543.356672,175040.925696,395075,d929b849804c1735
50,2i,34,40,9506800000,9507000000,200000,189248,189248,0,293380,0,-247332.96,157601.28,-247332.96,157601.28,-210552.576,134151.168,-210552.576,134151.168,293380,d929b849804c1735
50,2i,34,41,9506800000,9507000000,200000,193610,193610,0,205014,0,-172867.8048,110215.5264,-172867.8048,110215.5264,-150799.5744,96145.4592,-150799.5744,96145.4592,205014,d929b849804c1735
50,2i,34,42,9506800000,9507000000,200000,196518,196518,0,136304,0,-114931.5328,73277.0304,-114931.5328,73277.0304,-102985.0752,65660.3136,-102985.0752,65660.3136,136304,d929b849804c1735
50,2i,34,43,9506800000,9507000000,200000,198289,198289,0,83062,0,-70037.8784,44654.1312,-70037.8784,44654.1312,-64212.2096,40939.8528,-64212.2096,40939.8528,83062,d929b849804c1735
50,2i,34,44,9506800000,9507000000,200000,199276,199276,0,46338,0,-39072.2016,24911.3088,-39072.2016,24911.3088,-36618.4896,23346.8928,-36618.4896,23346.8928,46338,d929b849804c1735
50,2i,34,45,9506800000,9507000000,200000,199761,199761,0,22790,0,-19216.528,12251.904,-19216.528,12251.904,-18402.84,11733.12,-18402.84,11733.12,22790,d929b849804c1735
50,2i,34,46,9506800000,9507000000,200000,199954,199954,0,9062,0,-7641.0784,4871.7312,-7641.0784,4871.7312,-7485.9296,4772.8128,-7485.9296,4772.8128,9062,d929b849804c1735
50,2i,34,47,9506800000,9507000000,200000,200000,200000,0,2162,0,-1822.9984,1162.2912,-1822.9984,1162.2912,-1822.9984,1162.2912,-1822.9984,1162.2912,2162,d929b849804c1735
50,2i,34,48,9506800000,9507000000,200000,200000,200000,0,0,0,0,0,0,0,0,0,0,0,0,d929b849804c1735
50,2i,34,49,9506800000,9507000000,200000,200000,200000,0,0,0,0,0,0,0,0,0,0,0,0,d929b849804c1735
50,2i,34,50,9506800000,9507000000,200000,200000,200000,0,0,0,0,0,0,0,0,0,0,0,0,d929b849804c1735
50,2i,35,0,9507000000,9507200000,200000,-200000,200000,0,0,0,0,0,0,0,0,0,0,0,0,c987a60f9300a9fb
50,2i,35,1,9507000000,9507200000,200000,-200000,200000,0,0,0,0,0,0,0,0,0,0,0,0,c987a60f9300a9fb
50,2i,35,2,9507000000,9507200000,200000,-200000,200000,0,0,0,0,0,0,0,0,0,0,0,0,c987a60f9300a9fb
50,2i,35,3,9507000000,9507200000,200000,-200000,200000,0,0,0,0,0,0,0,0,0,0,0,0,c987a60f9300a9fb
50,2i,35,4,9507000000,9507200000,200000,-200000,200000,0,0,0,0,0,0,0,0,0,0,0,0,c987a60f9300a9fb
50,2i,35,5,9507000000,9507200000,200000,-200000,200000,0,0,0,0,0,0,0,0,0,0,0,0,c987a60f9300a9fb
50,2i,35,6,9507000000,9507200000,200000,-200000,200000,0,0,0,0,0,0,0,0,0,0,0,0,c987a60f9300a9fb
50,2i,35,7,9507000000,9507200000,200000,-200000,200000,86,0,0,-72.5152,46.2336,72.5152,-46.2336,72.5152,-46.2336,-72.5152,46.2336,86,c987a60f9300a9fb
50,2i,35,8,9507000000,9507200000,200000,-199998,199998,772,0,0,-650.9504,415.0272,650.9504,-415.0272,637.4592,-406.4256,-637.4592,406.4256,772,c987a60f9300a9fb
50,2i,35,9,9507000000,9507200000,200000,-199980,199980,1228,0,0,-1035.4496,660.1728,1035.4496,-660.1728,898.8512,-573.0816,-898.8512,573.0816,1228,c987a60f9300a9fb
50,2i,35,10,9507000000,9507200000,200000,-199954,199954,3420,0,0,-2883.744,1838.592,2883.744,-1838.592,2664.512,-1698.816,-2664.512,1698.816,3420,c987a60f9300a9fb
50,2i,35,11,9507000000,9507200000,200000,-199875,199875,8279,0,0,-6980.8528,4450.7904,6980.8528,-4450.7904,6248.112,-3983.616,-6248.112,3983.616,8279,c987a60f9300a9fb
50,2i,35,12,9507000000,9507200000,200000,-199685,199685,13642,0,0,-11502.9344,7333.9392,11502.9344,-7333.9392,9580.4384,-6108.2112,-9580.4384,6108.2112,13642,c987a60f9300a9fb
50,2i,35,13,9507000000,9507200000,200000,-199386,199386,26383,0,0,-22246.1456,14183.5008,22246.1456,-14183.5008,18968.6272,-12093.8496,-18968.6272,12093.8496,26383,c987a60f9300a9fb
50,2i,35,14,9507000000,9507200000,200000,-198778,198778,40084,0,0,-33798.8288,21549.1584,33798.8288,-21549.1584,26621.5104,-16973.1072,-26621.5104,16973.1072,40084,c987a60f9300a9fb
50,2i,35,15,9507000000,9507200000,200000,-197901,197901,62505,0,0,-52704.216,33602.688,52704.216,-33602.688,41611.92,-26530.56,-41611.92,26530.56,62505,c987a60f9300a9fb
50,2i,35,16,9507000000,9507200000,200000,-196491,196491,97224,0,0,-81925.033472,52271.748096,81925.033472,-52271.748096,62902.441472,-40143.492096,-62902.441472,40143.492096,97224,c987a60f9300a9fb
50,2i,35,17,9507000000,9507200000,200000,-194295,194295,139698,0,0,-117555.640192,75119.725056,117555.640192,-75119.725056,86104.419456,-55047.979008,-86104.419456,55047.979008,139698,c987a60f9300a9fb
50,2i,35,18,9507000000,9507200000,200000,-191193,191193,196412,0,0,-165448.677632,105603.710976,165448.677632,-105603.710976,118482.630656,-75577.540608,-118482.630656,75577.540608,196412,c987a60f9300a9fb
50,2i,35,19,9507000000,9507200000,200000,-186800,186800,266832,62,0,-224546.293888,143185.872384,224441.737088,-143119.209984,154144.953536,-98278.376448,-154144.953536,98278.376448,266894,c987a60f9300a9fb
50,2i,35,20,9507000000,9507200000,200000,-180883,180887,345550,220,0,-289668.73536,184889.36448,289393.45088,-184645.53984,190049.008,-121340.544,-190116.464,121383.552,345770,c987a60f9300a9fb
50,2i,35,21,9507000000,9507200000,200000,-173302,173318,441042,764,29,-367887.889792,234962.297856,366748.057856,-234253.790208,234187.318656,-149584.324608,-234332.798592,149724.896256,441806,c987a60f9300a9fb
50,2i,35,22,9507000000,9507200000,200000,-163557,163617,547190,3088,246,-454352.135296,290328.496128,450551.216512,-287955.234816,274359.980672,-175395.357696,-275114.316672,175826.205696,550278,c987a60f9300a9fb
50,2i,35,23,9507000000,9507200000,200000,-151561,151807,668185,9105,724,-552444.718336,353327.182848,541431.20832,-345690.48576,320009.744704,-204459.343872,-322512.294848,206054.897664,677290,c987a60f9300a9fb
50,2i,35,24,9507000000,9507200000,200000,-136695,137457,796388,23430,1572,-656484.248704,419329.615872,626838.932352,-400355.751936,352313.590784,-224706.957312,-359878.888448,230076.862464,819818,c987a60f9300a9fb
50,2i,35,25,9507000000,9507200000,200000,-118886,120974,911475,56425,3875,-754755.9168,482719.1424,682549.1392,-437080.6656,365636.904,-234713.472,-386867.6912,247794.2016,967900,c987a60f9300a9fb
50,2i,35,26,9507000000,9507200000,200000,-97979,103255,991762,116948,6826,-839053.279616,538510.629888,687494.774912,-441275.606016,345464.122752,-222059.099136,-398479.152768,255919.156224,1108710,c987a60f9300a9fb
50,2i,35,27,9507000000,9507200000,200000,-74432,86000,1018141,217974,10423,-907892.790464,581632.215552,623541.264192,-398466.157056,291818.230336,-185537.998848,-402679.63936,256834.83648,1236115,c987a60f9300a9fb
50,2i,35,28,9507000000,9507200000,200000,-48330,71466,978522,368906,15614,-963298.837504,616710.454272,472753.86368,-298966.41024,189685.8368,-120473.7024,-400891.196928,256662.319104,1347428,c987a60f9300a9fb
50,2i,35,29,9507000000,9507200000,200000,-20304,62254,865703,560524,19569,-1001095.823808,643143.826944,236249.15104,-148313.31072,45318.33344,-27500.11392,-413538.733312,266823.177216,1426227,c987a60f9300a9fb
50,2i,35,30,9507000000,9507200000,200000,8909,60443,693540,766470,21000,-1019422.7424,653688.8832,-50353.51488,33993.89184,-126524.91456,82888.75008,-440084.04672,282121.89696,1460010,c987a60f9300a9fb
50,2i,35,31,9507000000,9507200000,200000,38090,66806,491106,940964,20082,-1011854.03968,645354.37824,-339572.139136,217612.597248,-296822.031552,190605.697536,-483087.277248,309536.100864,1432070,c987a60f9300a9fb
50,2i,35,32,9507000000,9507200000,200000,65851,80101,306480,1042618,15942,-978795.231104,624258.819072,-563779.207808,359897.938944,-430624.29632,273508.46976,-531930.432128,337565.512704,1349098,c987a60f9300a9fb
50,2i,35,33,9507000000,9507200000,200000,91448,97362,169861,1062083,10629,-923818.157952,590568.692736,-694630.724224,445925.471232,-509954.975552,328389.889536,-553414.493632,355595.198976,1231944,c987a60f9300a9fb
50,2i,35,34,9507000000,9507200000,200000,114227,116339,76570,1010876,5540,-849201.728384,539037.914112,-745596.106368,474425.601024,-546736.120064,347408.228352,-563422.70592,357609.92256,1087446,c987a60f9300a9fb
50,2i,35,35,9507000000,9507200000,200000,133787,134407,29665,902870,2215,-750886.39648,477411.44064,-709323.05696,452004.83328,-527543.19936,335816.91648,-532604.63232,338907.31776,932535,c987a60f9300a9fb
50,2i,35,36,9507000000,9507200000,200000,150316,150462,9330,773594,892,-642678.715136,408835.765248,-629308.958208,400671.366144,-479462.7872,305256.7296,-480685.105024,306004.165632,782924,c987a60f9300a9fb
50,2i,35,37,9507000000,9507200000,200000,163736,163768,2304,634753,87,-531668.067648,338220.248064,-528130.731456,336049.195008,-411920.53408,261870.39744,-412227.45888,262066.08384,637057,c987a60f9300a9fb
50,2i,35,38,9507000000,9507200000,200000,174545,174547,582,511200,38,-429985.015168,274180.199424,-429067.613568,273595.290624,-344402.598272,219710.954496,-344422.835072,219723.856896,511782,c987a60f9300a9fb
50,2i,35,39,9507000000,9507200000,200000,182965,182965,39,396772,0,-334329.352,212847.936,-334263.5824,212806.0032,-276619.192512,176053.602816,-276619.192512,176053.602816,396811,c987a60f9300a9fb
50,2i,35,40,9507000000,9507200000,200000,189186,189186,0,293890,0,-247721.70432,157940.21376,-247721.70432,157940.21376,-209735.54432,133721.33376,-209735.54432,133721.33376,293890,c987a60f9300a9fb
50,2i,35,41,9507000000,9507200000,200000,193691,193691,0,210319,0,-177340.9808,113067.4944,-177340.9808,113067.4944,-155743.256,99297.408,-155743.256,99297.408,210319,c987a60f9300a9fb
50,2i,35,42,9507000000,9507200000,200000,196537,196537,0,133324,0,-112418.7968,71674.9824,-112418.7968,71674.9824,-100789.3824,64260.4032,-100789.3824,64260.4032,133324,c987a60f9300a9fb
50,2i,35,43,9507000000,9507200000,200000,198261,198261,0,81258,0,-68516.7456,43684.3008,-68516.7456,43684.3008,-62508.1024,39853.3632,-62508.1024,39853.3632,81258,c987a60f9300a9fb
50,2i,35,44,9507000000,9507200000,200000,199279,199279,0,47714,0,-40232.4448,25651.0464,-40232.4448,25651.0464,-37768.6144,24080.1792,-37768.6144,24080.1792,47714,c987a60f9300a9fb
50,2i,35,45,9507000000,9507200000,200000,199766,199766,0,22855,0,-19271.336,12286.848,-19271.336,12286.848,-18478.728,11781.504,-18478.728,11781.504,22855,c987a60f9300a9fb
50,2i,35,46,9507000000,9507200000,200000,199954,199954,0,8832,0,-7447.1424,4748.0832,-7447.1424,4748.0832,-7291.9936,4649.1648,-7291.9936,4649.1648,8832,c987a60f9300a9fb
50,2i,35,47,9507000000,9507200000,200000,200000,200000,0,2162,0,-1822.9984,1162.2912,-1822.9984,1162.2912,-1822.9984,1162.2912,-1822.9984,1162.2912,2162,c987a60f9300a9fb
50,2i,35,48,9507000000,9507200000,200000,200000,200000,0,0,0,0,0,0,0,0,0,0,0,0,c987a60f9300a9fb
50,2i,35,49,9507000000,9507200000,200000,200000,200000,0,0,0,0,0,0,0,0,0,0,0,0,c987a60f9300a9fb
50,2i,35,50,9507000000,9507200000,200000,200000,200000,0,0,0,0,0,0,0,0,0,0,0,0,c987a60f9300a9fb
50,2i,36,0,9507200000,9507400000,200000,-200000,200000,0,0,0,0,0,0,0,0,0,0,0,0,db7bbb8b92d413db
50,2i,36,1,9507200000,9507400000,200000,-200000,200000,0,0,0,0,0,0,0,0,0,0,0,0,db7bbb8b92d413db
50,2i,36,2,9507200000,9507400000,200000,-200000,200000,0,0,0,0,0,0,0,0,0,0,0,0,db7bbb8b92d413db
50,2i,36,3,9507200000,9507400000,200000,-200000,200000,0,0,0,0,0,0,0,0,0,0,0,0,db7bbb8b92d413db
50,2i,36,4,9507200000,9507400000,200000,-200000,200000,0,0,0,0,0,0,0,0,0,0,0,0,db7bbb8b92d413db
50,2i,36,5,9507200000,9507400000,200000,-200000,200000,0,0,0,0,0,0,0,0,0,0,0,0,db7bbb8b92d413db
50,2i,36,6,9507200000,9507400000,200000,-200000,200000,0,0,0,0,0,0,0,0,0,0,0,0,db7bbb8b92d413db
50,2i,36,7,9507200000,9507400000,200000,-200000,200000,86,0,0,-72.5152,46.2336,72.5152,-46.2336,72.5152,-46.2336,-72.5152,46.2336,86,db7bbb8b92d413db
50,2i,36,8,9507200000,9507400000,200000,-199998,199998,268,0,0,-225.9776,144.0768,225.9776,-144.0768,212.4864,-135.4752,-212.4864,135.4752,268,db7bbb8b92d413db
50,2i,36,9,9507200000,9507400000,200000,-199992,199992,1284,0,0,-1082.6688,690.2784,1082.6688,-690.2784,1037.136,-661.248,-1037.136,661.248,1284,db7bbb8b92d413db
50,2i,36,10,9507200000,9507400000,200000,-199962,199962,3540,0,0,-2984.928,1903.104,2984.928,-1903.104,2731.968,-1741.824,-2731.968,1741.824,3540,db7bbb8b92d413db
50,2i,36,11,9507200000,9507400000,200000,-199881,199881,7560,0,0,-6374.592,4064.256,6374.592,-4064.256,5623.3008,-3585.2544,-5623.3008,3585.2544,7560,db7bbb8b92d413db
50,2i,36,12,9507200000,9507400000,200000,-199710,199710,13414,0,0,-11310.6848,7211.3664,11310.6848,-7211.3664,9580.4384,-6108.2112,-9580.4384,6108.2112,13414,db7bbb8b92d413db
50,2i,36,13,9507200000,9507400000,200000,-199411,199411,24274,0,0,-20467.8368,13049.7024,20467.8368,-13049.7024,17190.3184,-10960.0512,-17190.3184,10960.0512,24274,db7bbb8b92d413db
50,2i,36,14,9507200000,9507400000,200000,-198860,198860,43102,0,0,-36343.6064,23171.6352,36343.6064,-23171.6352,29839.1616,-19024.5888,-29839.1616,19024.5888,43102,db7bbb8b92d413db
50,2i,36,15,9507200000,9507400000,200000,-197877,197877,64725,0,0,-54576.12,34796.16,54576.12,-34796.16,42143.136,-26869.248,-42143.136,26869.248,64725,db7bbb8b92d413db
50,2i,36,16,9507200000,9507400000,200000,-196449,196449,96254,0,0,-81107.129472,51750.276096,81107.129472,-51750.276096,61841.695872,-39467.191296,-61841.695872,39467.191296,96254,db7bbb8b92d413db
50,2i,36,17,9507200000,9507400000,200000,-194290,194290,135340,0,0,-114038.9184,72764.8512,114038.9184,-72764.8512,83118.070464,-53031.255552,-83118.070464,53031.255552,135340,db7bbb8b92d413db
50,2i,36,18,9507200000,9507400000,200000,-191301,191301,194058,0,0,-163462.838656,104239.684608,163462.838656,-104239.684608,118125.709312,-75313.545216,-118125.709312,75313.545216,194058,db7bbb8b92d413db
50,2i,36,19,9507200000,9507400000,200000,-186918,186918,268626,31,0,-225998.60064,144125.48352,225946.32224,-144092.15232,155835.321536,-99391.400448,-155835.321536,99391.400448,268657,db7bbb8b92d413db
50,2i,36,20,9507200000,9507400000,200000,-180938,180940,347940,140,30,-291537.81632,186547.82976,291352.31232,-186429.55776,190889.2832,-122354.4576,-190923.0112,122375.9616,348080,db7bbb8b92d413db
50,2i,36,21,9507200000,9507400000,200000,-173322,173332,441500,954,166,-368208.344064,235543.460352,367004.6592,-234776.0256,233919.076992,-149470.227456,-234025.320192,149537.965056,442454,db7bbb8b92d413db
50,2i,36,22,9507200000,9507400000,200000,-163580,163650,549944,3320,250,-456620.11904,292207.13472,452373.465856,-288989.534208,276584.370816,-176916.031488,-277416.912768,177446.836224,553264,db7bbb8b92d413db
50,2i,36,23,9507200000,9507400000,200000,-151475,151735,668270,8962,628,-551243.050624,353490.066432,540869.982848,-345965.681664,317118.051008,-203082.476544,-319922.49952,205289.48736,677232,db7bbb8b92d413db
50,2i,36,24,9507200000,9507400000,200000,-136704,137466,789258,24458,1600,-650211.598592,416883.296256,619611.204608,-395870.521344,348418.437248,-222514.980864,-355146.098816,227241.535488,813716,db7bbb8b92d413db
50,2i,36,25,9507200000,9507400000,200000,-119042,121222,905675,57600,3725,-750899.8768,481968.4224,676763.464,-432879.552,364102.2144,-233364.9792,-387056.7648,249024.8064,963275,db7bbb8b92d413db
50,2i,36,26,9507200000,9507400000,200000,-98173,103543,991516,119830,7362,-840544.849536,540067.304448,685394.813568,-439444.890624,345752.59392,-221530.30656,-398981.730816,256296.511488,1111346,db7bbb8b92d413db
50,2i,36,27,9507200000,9507400000,200000,-74475,86375,1025077,219853,11237,-913336.661504,586306.486272,626512.991232,-401090.635776,293681.262976,-187876.858368,-408342.274432,261965.093376,1244930,db7bbb8b92d413db
50,2i,36,28,9507200000,9507400000,200000,-48167,71519,987146,368800,16224,-965258.205824,620475.820032,479077.746304,-304385.052672,190054.639232,-120970.699776,-399643.963008,256256.492544,1355946,db7bbb8b92d413db
50,2i,36,29,9507200000,9507400000,200000,-20016,62320,865395,558577,20578,-995263.715456,639176.107008,238151.391488,-147430.109184,45743.862528,-25509.179904,-410341.268736,263843.010048,1423972,db7bbb8b92d413db
50,2i,36,30,9507200000,9507400000,200000,8917,60413,690120,756370,20940,-1009128.08384,645713.54112,-45490.54912,33466.46016,-124324.1248,81565.2864,-436411.472,280452.096,1446490,db7bbb8b92d413db
50,2i,36,31,9507200000,9507400000,200000,37842,66586,493218,928047,19294,-999773.77952,639856.52736,-325572.502848,209757.041664,-287526.408768,184888.564224,-477992.29728,306713.49504,1421265,db7bbb8b92d413db
50,2i,36,32,9507200000,9507400000,200000,65452,79400,309978,1031606,15038,-971108.4224,619795.1232,-551544.168704,351924.175872,-422043.9488,270137.3184,-520823.54816,332829.43488,1341584,db7bbb8b92d413db
50,2i,36,33,9507200000,9507400000,200000,90900,96710,166560,1064666,9680,-924020.909056,588058.871808,-700959.537408,445089.951744,-510486.949888,324006.480384,-552452.389376,352039.853568,1231226,db7bbb8b92d413db
50,2i,36,34,9507200000,9507400000,200000,113926,115938,75862,1024254,4898,-856356.888832,546373.272576,-757704.738048,480884.235264,-554680.471296,352391.344128,-569401.743104,361813.635072,1100116,db7bbb8b92d413db
50,2i,36,35,9507200000,9507400000,200000,133753,134353,28265,913795,2075,-754646.78464,482085.99552,-717447.32736,458425.62048,-533416.6448,340876.6464,-538413.32,343925.76,942060,db7bbb8b92d413db
50,2i,36,36,9507200000,9507400000,200000,150294,150420,9232,779724,934,-647288.905984,413143.590912,-634371.104256,405267.345408,-479854.086016,306571.865088,-480779.867264,307130.237952,788956,db7bbb8b92d413db
50,2i,36,37,9507200000,9507400000,200000,164114,164140,1993,650124,211,-543461.227712,346347.196416,-540817.211328,344745.698304,-424114.34944,270445.20192,-424311.65824,270571.00032,652117,db7bbb8b92d413db
50,2i,36,38,9507200000,9507400000,200000,174943,174947,442,511596,76,-429638.21376,273492.29568,-429020.99136,273098.77248,-344687.16288,219329.95584,-344727.63648,219355.76064,512038,db7bbb8b92d413db
50,2i,36,39,9507200000,9507400000,200000,183321,183321,78,394765,0,-332504.49696,211982.75328,-332372.95776,211898.88768,-275022.15936,175346.19648,-275022.15936,175346.19648,394843,db7bbb8b92d413db
50,2i,36,40,9507200000,9507400000,200000,189512,189512,0,291340,0,-245635.36,156564.48,-245635.36,156564.48,-208787.52,133071.36,-208787.52,133071.36,291340,db7bbb8b92d413db
50,2i,36,41,9507200000,9507400000,200000,193882,193882,0,204343,0,-172302.0176,109854.7968,-172302.0176,109854.7968,-151076.144,96321.792,-151076.144,96321.792,204343,db7bbb8b92d413db
50,2i,36,42,9507200000,9507400000,200000,196679,196679,0,130898,0,-110373.1936,70370.7648,-110373.1936,70370.7648,-99054.0768,63154.0224,-99054.0768,63154.0224,130898,db7bbb8b92d413db
50,2i,36,43,9507200000,9507400000,200000,198357,198357,0,78713,0,-66370.8016,42316.1088,-66370.8016,42316.1088,-60840.2528,38789.9904,-60840.2528,38789.9904,78713,db7bbb8b92d413db
50,2i,36,44,9507200000,9507400000,200000,199294,199294,0,43958,0,-37065.3856,23631.8208,-37065.3856,23631.8208,-34763.4496,22164.1728,-34763.4496,22164.1728,43958,db7bbb8b92d413db
50,2i,36,45,9507200000,9507400000,200000,199749,199749,0,21445,0,-18082.424,11528.832,-18082.424,11528.832,-17264.52,11007.36,-17264.52,11007.36,21445,db7bbb8b92d413db
50,2i,36,46,9507200000,9507400000,200000,199943,199943,0,9152,0,-7716.9664,4920.1152,-7716.9664,4920.1152,-7524.7168,4797.5424,-7524.7168,4797.5424,9152,db7bbb8b92d413db
50,2i,36,47,9507200000,9507400000,200000,200000,200000,0,2679,0,-2258.9328,1440.2304,-2258.9328,1440.2304,-2258.9328,1440.2304,-2258.9328,1440.2304,2679,db7bbb8b92d413db
50,2i,36,48,9507200000,9507400000,200000,200000,200000,0,0,0,0,0,0,0,0,0,0,0,0,db7bbb8b92d413db
50,2i,36,49,9507200000,9507400000,200000,200000,200000,0,0,0,0,0,0,0,0,0,0,0,0,db7bbb8b92d413db
50,2i,36,50,9507200000,9507400000,200000,200000,200000,0,0,0,0,0,0,0,0,0,0,0,0,db7bbb8b92d413db
50,2i,37,0,9507400000,9507600000,200000,-200000,200000,0,0,0,0,0,0,0,0,0,0,0,0,a6d19fcad4a8b014
50,2i,37,1,9507400000,9507600000,200000,-200000,200000,0,0,0,0,0,0,0,0,0,0,0,0,a6d19fcad4a8b014
50,2i,37,2,9507400000,9507600000,200000,-200000,200000,0,0,0,0,0,0,0,0,0,0,0,0,a6d19fcad4a8b014
50,2i,37,3,9507400000,9507600000,200000,-200000,200000,0,0,0,0,0,0,0,0,0,0,0,0,a6d19fcad4a8b014
50,2i,37,4,9507400000,9507600000,200000,-200000,200000,0,0,0,0,0,0,0,0,0,0,0,0,a6d19fcad4a8b014
50,2i,37,5,9507400000,9507600000,200000,-200000,200000,0,0,0,0,0,0,0,0,0,0,0,0,a6d19fcad4a8b014
50,2i,37,6,9507400000,9507600000,200000,-200000,200000,88,0,0,-74.2016,47.3088,74.2016,-47.3088,74.2016,-47.3088,-74.2016,47.3088,88,a6d19fcad4a8b014
50,2i,37,7,9507400000,9507600000,200000,-199998,199998,57,0,0,-48.0624,30.6432,48.0624,-30.6432,36.2576,-23.1168,-36.2576,23.1168,57,a6d19fcad4a8b014
50,2i,37,8,9507400000,9507600000,200000,-199997,199997,386,0,0,-325.4752,207.5136,325.4752,-207.5136,318.7296,-203.2128,-318.7296,203.2128,386,a6d19fcad4a8b014
50,2i,37,9,9507400000,9507600000,200000,-199988,199988,1434,0,0,-1209.1488,770.9184,1209.1488,-770.9184,1140.8496,-727.3728,-1140.8496,727.3728,1434,a6d19fcad4a8b014
50,2i,37,10,9507400000,9507600000,200000,-199955,199955,3490,0,0,-2942.768,1876.224,2942.768,-1876.224,2664.512,-1698.816,-2664.512,1698.816,3490,a6d19fcad4a8b014
50,2i,37,11,9507400000,9507600000,200000,-199876,199876,7616,0,0,-6421.8112,4094.3616,6421.8112,-4094.3616,5689.0704,-3627.1872,-5689.0704,3627.1872,7616,a6d19fcad4a8b014
50,2i,37,12,9507400000,9507600000,200000,-199703,199703,15148,0,0,-12772.7936,8143.5648,12772.7936,-8143.5648,11022.3104,-7027.5072,-11022.3104,7027.5072,15148,a6d19fcad4a8b014
50,2i,37,13,9507400000,9507600000,200000,-199359,199359,25118,0,0,-21179.4976,13503.4368,21179.4976,-13503.4368,17408.7072,-11099.2896,-17408.7072,11099.2896,25118,a6d19fcad4a8b014
50,2i,37,14,9507400000,9507600000,200000,-198801,198801,41904,0,0,-35333.4528,22527.5904,35333.4528,-22527.5904,28746.3744,-18327.8592,-28746.3744,18327.8592,41904,a6d19fcad4a8b014
50,2i,37,15,9507400000,9507600000,200000,-197854,197854,64430,0,0,-54327.376,34637.568,54327.376,-34637.568,42349.72,-27000.96,-42349.72,27000.96,64430,a6d19fcad4a8b014
50,2i,37,16,9507400000,9507600000,200000,-196419,196419,98712,0,0,-83233.9584,53067.5712,83233.9584,-53067.5712,63874.0864,-40724.2752,-63874.0864,40724.2752,98712,a6d19fcad4a8b014
50,2i,37,17,9507400000,9507600000,200000,-194191,194191,142783,0,0,-120341.977664,76764.145152,120341.977664,-76764.145152,88404.934464,-56402.007552,-88404.934464,56402.007552,142783,a6d19fcad4a8b014
50,2i,37,18,9507400000,9507600000,200000,-191012,191012,199046,0,0,-167533.585024,106980.805632,167533.585024,-106980.805632,119312.71168,-76216.07424,-119312.71168,76216.07424,199046,a6d19fcad4a8b014
50,2i,37,19,9507400000,9507600000,200000,-186580,186580,267480,62,31,-224646.633984,143597.094912,224594.355584,-143563.763712,153778.572224,-98327.135232,-153778.572224,98327.135232,267542,a6d19fcad4a8b014
50,2i,37,20,9507400000,9507600000,200000,-180666,180670,345820,220,50,-289888.1216,185313.8688,289601.4336,-185131.0848,190515.93152,-121774.86336,-190549.65952,121796.36736,346040,a6d19fcad4a8b014
50,2i,37,21,9507400000,9507600000,200000,-173074,173090,440635,909,108,-368725.777408,235634.271744,367902.965888,-234911.568384,234852.878784,-149966.541312,-235029.950784,150079.437312,441544,a6d19fcad4a8b014
50,2i,37,22,9507400000,9507600000,200000,-163346,163416,551886,3198,206,-459569.565184,294087.616512,455586.612736,-291270.402048,279101.735168,-178637.159424,-279591.606528,179099.771904,555084,a6d19fcad4a8b014
50,2i,37,23,9507400000,9507600000,200000,-151165,151421,670172,9213,682,-554385.639616,354971.109888,542671.309632,-347274.686976,317630.479552,-203228.161536,-320499.79616,205162.29888,679385,a6d19fcad4a8b014
50,2i,37,24,9507400000,9507600000,200000,-136379,137159,795204,24592,1830,-654306.117376,419621.357568,623921.786368,-399251.841024,351569.378944,-225368.712192,-359431.613056,230490.743808,819796,a6d19fcad4a8b014
50,2i,37,25,9507400000,9507600000,200000,-118497,120685,914500,57675,3800,-756209.7104,484670.7072,683025.2272,-437042.6496,366962.1376,-234362.9568,-388618,249024,972175,a6d19fcad4a8b014
50,2i,37,26,9507400000,9507600000,200000,-97492,102886,991172,118238,6586,-838356.882816,536358.847488,686243.920768,-437891.380224,342603.847424,-218621.048832,-396193.613056,252906.743808,1109410,a6d19fcad4a8b014
50,2i,37,27,9507400000,9507600000,200000,-74022,85796,1019888,219622,10734,-908933.18016,581916.41088,623160.605696,-394774.883328,295054.023424,-187009.016832,-405892.619392,259213.510656,1239510,a6d19fcad4a8b014
50,2i,37,28,9507400000,9507600000,200000,-47682,71064,982272,370390,16994,-964913.282656189349112,616902.13716525443787,475104.149600189349112,-300620.03335725443787,186863.990112189349112,-117185.70017325443787,-399827.094368189349112,257109.04558125443787,1352662,a6d19fcad4a8b014
50,2i,37,29,9507400000,9507600000,200000,-19721,62001,859198,563191,21775,-994195.12387824852071,634040.893685396449704,233564.539293159763314,-148052.059769183431953,44730.37056,-28115.75808,-409663.77216,260588.66688,1422389,a6d19fcad4a8b014
50,2i,37,30,9507400000,9507600000,200000,9399,60421,688800,766200,21460,-1019191.56754934911243,648534.497734437869822,-52526.067389349112426,35700.3268544378698225,-123875.339709349112426,80883.1646144378698225,-441406.350269349112426,281282.442694437869822,1455000,a6d19fcad4a8b014
50,2i,37,31,9507400000,9507600000,200000,38469,66661,492280,932416,18855,-1015353.255168,644660.519424,-334432.989824,213745.132032,-298114.257856,189455.390208,-486861.456832,309751.896576,1424696,a6d19fcad4a8b014
50,2i,37,32,9507400000,9507600000,200000,66023,79645,303050,1037714,15494,-977042.724864,620862.154752,-564112.323072,359097.040896,-428109.729024,272902.597632,-523150.111488,332063.069184,1340764,a6d19fcad4a8b014
50,2i,37,33,9507400000,9507600000,200000,91525,97377,160352,1063085,10272,-922411.62144,586431.69792,-704654.62816,450922.87488,-518979.127424,330220.088832,-562495.41952,357268.04736,1223437,a6d19fcad4a8b014
50,2i,37,34,9507400000,9507600000,200000,113988,116058,76022,1000760,5130,-839480.317056,535706.615808,-736996.95936,471832.59648,-537866.315904,344977.385472,-553317.089408,354755.487744,1076782,a6d19fcad4a8b014
50,2i,37,35,9507400000,9507600000,200000,133553,134157,28955,904640,2820,-751506.68448,476879.02464,-713141.66624,452919.54432,-528506.94592,335378.24256,-533073.39712,337948.12416,933595,a6d19fcad4a8b014
50,2i,37,36,9507400000,9507600000,200000,150141,150305,8788,778262,804,-647155.963264,411200.765952,-635026.763136,404351.029248,-483096.750592,307425.632256,-484266.46784,308107.65312,787050,a6d19fcad4a8b014
50,2i,37,37,9507400000,9507600000,200000,163704,163744,2528,642667,235,-537734.090944,341581.128192,-534270.00096,339541.02528,-415825.145472,264191.364096,-416197.839872,264428.983296,645195,a6d19fcad4a8b014
50,2i,37,38,9507400000,9507600000,200000,174732,174736,708,519264,38,-436234.545664,277326.769152,-435104.657664,276606.385152,-350721.38048,222874.35264,-350761.85408,222900.15744,519972,a6d19fcad4a8b014
50,2i,37,39,9507400000,9507600000,200000,183141,183141,78,395248,0,-332879.928448,211987.582464,-332748.389248,211903.716864,-276015.949248,175757.796864,-276015.949248,175757.796864,395326,a6d19fcad4a8b014
50,2i,37,40,9507400000,9507600000,200000,189266,189266,0,288790,0,-243457.04,155118.72,-243457.04,155118.72,-206538.944,131592.192,-206538.944,131592.192,288790,a6d19fcad4a8b014
50,2i,37,41,9507400000,9507600000,200000,193645,193645,0,205612,0,-173348.9472,110475.6096,-173348.9472,110475.6096,-151364.1936,96458.7648,-151364.1936,96458.7648,205612,a6d19fcad4a8b014
50,2i,37,42,9507400000,9507600000,200000,196542,196542,0,135730,0,-114447.536,72968.448,-114447.536,72968.448,-102595.5168,65411.9424,-102595.5168,65411.9424,135730,a6d19fcad4a8b014
50,2i,37,43,9507400000,9507600000,200000,198299,198299,0,82355,0,-69441.736,44274.048,-69441.736,44274.048,-63704.6032,40616.2176,-63704.6032,40616.2176,82355,a6d19fcad4a8b014
50,2i,37,44,9507400000,9507600000,200000,199271,199271,0,45684,0,-38520.7488,24559.7184,-38520.7488,24559.7184,-36061.9776,22992.0768,-36061.9776,22992.0768,45684,a6d19fcad4a8b014
50,2i,37,45,9507400000,9507600000,200000,199757,199757,0,22835,0,-19254.472,12276.096,-19254.472,12276.096,-18440.784,11757.312,-18440.784,11757.312,22835,a6d19fcad4a8b014
50,2i,37,46,9507400000,9507600000,200000,199950,199950,0,9078,0,-7654.5696,4880.3328,-7654.5696,4880.3328,-7485.9296,4772.8128,-7485.9296,4772.8128,9078,a6d19fcad4a8b014
50,2i,37,47,9507400000,9507600000,200000,200000,200000,0,2350,0,-1981.52,1263.36,-1981.52,1263.36,-1981.52,1263.36,-1981.52,1263.36,2350,a6d19fcad4a8b014
50,2i,37,48,9507400000,9507600000,200000,200000,200000,0,0,0,0,0,0,0,0,0,0,0,0,a6d19fcad4a8b014
50,2i,37,49,9507400000,9507600000,200000,200000,200000,0,0,0,0,0,0,0,0,0,0,0,0,a6d19fcad4a8b014
50,2i,37,50,9507400000,9507600000,200000,200000,200000,0,0,0,0,0,0,0,0,0,0,0,0,a6d19fcad4a8b014
50,2i,38,0,9507600000,9507800000,200000,-200000,200000,0,0,0,0,0,0,0,0,0,0,0,0,e7db38ecc7177e43
50,2i,38,1,9507600000,9507800000,200000,-200000,200000,0,0,0,0,0,0,0,0,0,0,0,0,e7db38ecc7177e43
50,2i,38,2,9507600000,9507800000,200000,-200000,200000,0,0,0,0,0,0,0,0,0,0,0,0,e7db38ecc7177e43
50,2i,38,3,9507600000,9507800000,200000,-200000,200000,0,0,0,0,0,0,0,0,0,0,0,0,e7db38ecc7177e43
50,2i,38,4,9507600000,9507800000,200000,-200000,200000,0,0,0,0,0,0,0,0,0,0,0,0,e7db38ecc7177e43
50,2i,38,5,9507600000,9507800000,200000,-200000,200000,0,0,0,0,0,0,0,0,0,0,0,0,e7db38ecc7177e43
50,2i,38,6,9507600000,9507800000,200000,-200000,200000,44,0,0,-37.1008,23.6544,37.1008,-23.6544,37.1008,-23.6544,-37.1008,23.6544,44,e7db38ecc7177e43
50,2i,38,7,9507600000,9507800000,200000,-199999,199999,136,0,0,-114.6752,73.1136,114.6752,-73.1136,108.7728,-69.3504,-108.7728,69.3504,136,e7db38ecc7177e43
50,2i,38,8,9507600000,9507800000,200000,-199996,199996,360,0,0,-303.552,193.536,303.552,-193.536,283.3152,-180.6336,-283.3152,180.6336,360,e7db38ecc7177e43
50,2i,38,9,9507600000,9507800000,200000,-199988,199988,1343,0,0,-1132.4176,721.9968,1132.4176,-721.9968,1071.7072,-683.2896,-1071.7072,683.2896,1343,e7db38ecc7177e43
50,2i,38,10,9507600000,9507800000,200000,-199957,199957,3910,0,0,-3296.912,2102.016,3296.912,-2102.016,3035.52,-1935.36,-3035.52,1935.36,3910,e7db38ecc7177e43
50,2i,38,11,9507600000,9507800000,200000,-199867,199867,8010,0,0,-6754.032,4306.176,6754.032,-4306.176,5919.264,-3773.952,-5919.264,3773.952,8010,e7db38ecc7177e43
50,2i,38,12,9507600000,9507800000,200000,-199687,199687,15194,0,0,-12811.5808,8168.2944,12811.5808,-8168.2944,10990.2688,-7007.0784,-10990.2688,7007.0784,15194,e7db38ecc7177e43
50,2i,38,13,9507600000,9507800000,200000,-199344,199344,26030,0,0,-21948.496,13993.728,21948.496,-13993.728,18188.6672,-11596.5696,-18188.6672,11596.5696,26030,e7db38ecc7177e43
50,2i,38,14,9507600000,9507800000,200000,-198761,198761,43478,0,0,-36660.6496,23373.7728,36660.6496,-23373.7728,29778.4512,-18985.8816,-29778.4512,18985.8816,43478,e7db38ecc7177e43
50,2i,38,15,9507600000,9507800000,200000,-197780,197780,65220,0,0,-54993.504,35062.272,54993.504,-35062.272,42585.816,-27151.488,-42585.816,27151.488,65220,e7db38ecc7177e43
50,2i,38,16,9507600000,9507800000,200000,-196337,196337,97446,0,0,-82112.223872,52391.095296,82112.223872,-52391.095296,62644.422272,-39978.986496,-62644.422272,39978.986496,97446,e7db38ecc7177e43
50,2i,38,17,9507600000,9507800000,200000,-194150,194150,137499,0,0,-115859.3872,73925.5296,115859.3872,-73925.5296,84537.176064,-53936.036352,-84537.176064,53936.036352,137499,e7db38ecc7177e43
50,2i,38,18,9507600000,9507800000,200000,-191110,191110,196288,0,0,-165277.114368,105542.145024,165277.114368,-105542.145024,119165.927424,-76122.488832,-119165.927424,76122.488832,196288,e7db38ecc7177e43
50,2i,38,19,9507600000,9507800000,200000,-186686,186686,268010,62,0,-225253.737984,143984.166912,225149.181184,-143917.504512,154446.690176,-98753.107968,-154446.690176,98753.107968,268072,e7db38ecc7177e43
50,2i,38,20,9507600000,9507800000,200000,-180750,180754,346350,400,90,-290164.12992,185250.75456,289866.58496,-184992.73728,190338.60352,-121388.55936,-190406.05952,121431.56736,346750,e7db38ecc7177e43
50,2i,38,21,9507600000,9507800000,200000,-173149,173177,442815,1122,92,-369298.819648,236063.384064,367937.226048,-235081.419264,235276.859648,-150510.104064,-235437.92192,150660.61056,443937,e7db38ecc7177e43
50,2i,38,22,9507600000,9507800000,200000,-163345,163433,550048,2816,106,-457005.35168,292755.59424,453083.907584,-290205.299712,276042.269568,-176927.898624,-276953.017472,177558.660096,552864,e7db38ecc7177e43
50,2i,38,23,9507600000,9507800000,200000,-151303,151545,669368,8791,258,-553776.72096,355117.98528,542540.625856,-347216.414208,319799.073152,-204786.126336,-322272.145024,206362.885632,678159,e7db38ecc7177e43
50,2i,38,24,9507600000,9507800000,200000,-136444,137206,792662,23972,1390,-652726.0896,418463.6928,622813.958784,-398499.981312,348510.361344,-222937.915392,-356299.715328,228559.970304,816634,e7db38ecc7177e43
50,2i,38,25,9507600000,9507800000,200000,-118751,120877,903575,55725,3400,-746792.0896,478751.6928,676470.7936,-432607.5648,362144.4928,-231718.3104,-383416.3936,245508.3648,959300,e7db38ecc7177e43
50,2i,38,26,9507600000,9507800000,200000,-98072,103292,987512,117334,6418,-835289.207936,534642.075648,684035.656832,-435497.496576,346465.085952,-220087.796736,-397476.45696,253736.03328,1104846,e7db38ecc7177e43
50,2i,38,27,9507600000,9507800000,200000,-74439,86085,1022472,217598,11195,-909494.656187834319527,579847.080796402366864,624096.627259834319527,-396888.185692402366864,291942.297531834319527,-185000.036188402366864,-404714.750139834319527,258683.421532402366864,1240070,e7db38ecc7177e43
50,2i,38,28,9507600000,9507800000,200000,-48266,71290,984732,364860,16434,-962618.113798059171598,613865.867688142011834,478721.385478059171598,-304400.021928142011834,191541.195904,-122549.225472,-401694.071424,255580.280832,1349592,e7db38ecc7177e43
50,2i,38,29,9507600000,9507800000,200000,-20232,61944,868791,554623,21082,-994818.940164544378698,635426.344254106508876,246843.109243455621302,-153746.423489893491124,49412.968256,-29078.097408,-410257.137856,261651.230208,1423414,e7db38ecc7177e43
50,2i,38,30,9507600000,9507800000,200000,8836,59890,690370,753150,21450,-1007711.26674934911243,643173.243334437869822,-40742.805949349112426,26457.1089344378698225,-121374.174909349112426,77239.1582144378698225,-431671.055549349112426,278627.681734437869822,1443520,e7db38ecc7177e43
50,2i,38,31,9507600000,9507800000,200000,37410,66110,487714,924703,17658,-1001299.776192,640956.973056,-327024.870592,204557.792256,-287284.482432,181043.237376,-480599.22304,305290.20672,1412417,e7db38ecc7177e43
50,2i,38,32,9507600000,9507800000,200000,65127,78961,310162,1036178,15444,-975389.780224,624797.279232,-553371.708416,354792.588288,-423732.590976,272095.162368,-520167.94176,332841.79968,1346340,e7db38ecc7177e43
50,2i,38,33,9507600000,9507800000,200000,90649,96449,163892,1063843,10256,-923630.989504,588948.790272,-704188.758208,451397.766144,-514800.498816,330340.735488,-557444.587008,356522.924544,1227735,e7db38ecc7177e43
50,2i,38,34,9507600000,9507800000,200000,113326,115440,74086,1010420,4988,-848297.243776,539144.352768,-747599.819136,477574.837248,-547870.03776,348880.32768,-563279.286016,358085.465088,1084506,e7db38ecc7177e43
50,2i,38,35,9507600000,9507800000,200000,132919,133605,28890,912765,2465,-756348.22048,481639.47264,-717143.75648,458271.92064,-527444.47296,337177.12128,-532941.2064,340408.4352,941655,e7db38ecc7177e43
50,2i,38,36,9507600000,9507800000,200000,149979,150145,10326,793926,904,-660228.704512,419312.418816,-645790.81216,410667.38688,-495104.691072,314346.064896,-496350.423168,315235.943424,804252,e7db38ecc7177e43
50,2i,38,37,9507600000,9507800000,200000,163557,163585,2722,643418,296,-537842.109696,342621.155328,-534264.816128,340087.624704,-415531.888128,264720.520704,-415816.889728,264902.229504,646140,e7db38ecc7177e43
50,2i,38,38,9507600000,9507800000,200000,174615,174617,506,519850,0,-436695.82208,277777.98144,-435842.50368,277233.93024,-351867.174784,223734.669312,-351887.411584,223747.571712,520356,e7db38ecc7177e43
50,2i,38,39,9507600000,9507800000,200000,182961,182961,39,393721,0,-331850.8032,211457.8176,-331785.0336,211415.8848,-274273.576512,174735.714816,-274273.576512,174735.714816,393760,e7db38ecc7177e43
50,2i,38,40,9507600000,9507800000,200000,189167,189167,0,292430,0,-246513.16032,157215.22176,-246513.16032,157215.22176,-209252.15232,133458.67776,-209252.15232,133458.67776,292430,e7db38ecc7177e43
50,2i,38,41,9507600000,9507800000,200000,193586,193586,0,207270,0,-174770.064,111428.352,-174770.064,111428.352,-152770.1328,97401.8304,-152770.1328,97401.8304,207270,e7db38ecc7177e43
50,2i,38,42,9507600000,9507800000,200000,196485,196485,0,136086,0,-114747.7152,73159.8336,-114747.7152,73159.8336,-102666.3456,65457.1008,-102666.3456,65457.1008,136086,e7db38ecc7177e43
50,2i,38,43,9507600000,9507800000,200000,198276,198276,0,84097,0,-70910.5904,45210.5472,-70910.5904,45210.5472,-64937.3616,41402.1888,-64937.3616,41402.1888,84097,e7db38ecc7177e43
50,2i,38,44,9507600000,9507800000,200000,199288,199288,0,47420,0,-39984.544,25492.992,-39984.544,25492.992,-37546.0096,23938.2528,-37546.0096,23938.2528,47420,e7db38ecc7177e43
50,2i,38,45,9507600000,9507800000,200000,199770,199770,0,22625,0,-19077.4,12163.2,-19077.4,12163.2,-18289.008,11660.544,-18289.008,11660.544,22625,e7db38ecc7177e43
50,2i,38,46,9507600000,9507800000,200000,199957,199957,0,8774,0,-7398.2368,4716.9024,-7398.2368,4716.9024,-7253.2064,4624.4352,-7253.2064,4624.4352,8774,e7db38ecc7177e43
50,2i,38,47,9507600000,9507800000,200000,200000,200000,0,2021,0,-1704.1072,1086.4896,-1704.1072,1086.4896,-1704.1072,1086.4896,-1704.1072,1086.4896,2021,e7db38ecc7177e43
50,2i,38,48,9507600000,9507800000,200000,200000,200000,0,0,0,0,0,0,0,0,0,0,0,0,e7db38ecc7177e43
50,2i,38,49,9507600000,9507800000,200000,200000,200000,0,0,0,0,0,0,0,0,0,0,0,0,e7db38ecc7177e43
50,2i,38,50,9507600000,9507800000,200000,200000,200000,0,0,0,0,0,0,0,0,0,0,0,0,e7db38ecc7177e43
50,2i,39,0,9507800000,9508000000,200000,-200000,200000,0,0,0,0,0,0,0,0,0,0,0,0,28b1fec10020b162
50,2i,39,1,9507800000,9508000000,200000,-200000,200000,0,0,0,0,0,0,0,0,0,0,0,0,28b1fec10020b162
50,2i,39,2,9507800000,9508000000,200000,-200000,200000,0,0,0,0,0,0,0,0,0,0,0,0,28b1fec10020b162
50,2i,39,3,9507800000,9508000000,200000,-200000,200000,0,0,0,0,0,0,0,0,0,0,0,0,28b1fec10020b162
50,2i,39,4,9507800000,9508000000,200000,-200000,200000,0,0,0,0,0,0,0,0,0,0,0,0,28b1fec10020b162
50,2i,39,5,9507800000,9508000000,200000,-200000,200000,0,0,0,0,0,0,0,0,0,0,0,0,28b1fec10020b162
50,2i,39,6,9507800000,9508000000,200000,-200000,200000,0,0,0,0,0,0,0,0,0,0,0,0,28b1fec10020b162
50,2i,39,7,9507800000,9508000000,200000,-200000,200000,129,0,0,-108.7728,69.3504,108.7728,-69.3504,108.7728,-69.3504,-108.7728,69.3504,129,28b1fec10020b162
50,2i,39,8,9507800000,9508000000,200000,-199997,199997,612,0,0,-516.0384,329.0112,516.0384,-329.0112,495.8016,-316.1088,-495.8016,316.1088,612,28b1fec10020b162
50,2i,39,9,9507800000,9508000000,200000,-199983,199983,1602,0,0,-1350.8064,861.2352,1350.8064,-861.2352,1244.5632,-793.4976,-1244.5632,793.4976,1602,28b1fec10020b162
50,2i,39,10,9507800000,9508000000,200000,-199947,199947,3360,0,0,-2833.152,1806.336,2833.152,-1806.336,2529.6,-1612.8,-2529.6,1612.8,3360,28b1fec10020b162
50,2i,39,11,9507800000,9508000000,200000,-199872,199872,7611,0,0,-6417.5952,4091.6736,6417.5952,-4091.6736,5721.9552,-3648.1536,-5721.9552,3648.1536,7611,28b1fec10020b162
50,2i,39,12,9507800000,9508000000,200000,-199698,199698,14096,0,0,-11885.7472,7578.0096,11885.7472,-7578.0096,10125.1456,-6455.5008,-10125.1456,6455.5008,14096,28b1fec10020b162
50,2i,39,13,9507800000,9508000000,200000,-199382,199382,24532,0,0,-20685.3824,13188.4032,20685.3824,-13188.4032,17221.5168,-10979.9424,-17221.5168,10979.9424,24532,28b1fec10020b162
50,2i,39,14,9507800000,9508000000,200000,-198830,198830,41064,0,0,-34625.1648,22076.0064,34625.1648,-22076.0064,28108.9152,-17921.4336,-28108.9152,17921.4336,41064,28b1fec10020b162
50,2i,39,15,9507800000,9508000000,200000,-197904,197904,63100,0,0,-53205.92,33922.56,53205.92,-33922.56,41493.872,-26455.296,-41493.872,26455.296,63100,28b1fec10020b162
50,2i,39,16,9507800000,9508000000,200000,-196498,196498,96990,0,0,-81781.968,52141.824,81781.968,-52141.824,62813.3408,-40047.9744,-62813.3408,40047.9744,96990,28b1fec10020b162
50,2i,39,17,9507800000,9508000000,200000,-194307,194307,139778,0,0,-117808.161664,75148.657152,117808.161664,-75148.657152,86401.491264,-55124.669952,-86401.491264,55124.669952,139778,28b1fec10020b162
50,2i,39,18,9507800000,9508000000,200000,-191200,191200,195382,0,0,-164612.2656,104899.6608,164612.2656,-104899.6608,117484.179456,-74831.659008,-117484.179456,74831.659008,195382,28b1fec10020b162
50,2i,39,19,9507800000,9508000000,200000,-186842,186842,261455,93,0,-219892.991232,140330.635776,219736.156032,-140230.642176,150058.34208,-95849.34144,-150058.34208,95849.34144,261548,28b1fec10020b162
50,2i,39,20,9507800000,9508000000,200000,-181076,181082,342300,390,30,-287167.53984,183852.54912,286656.15936,-183458.19648,190049.424,-121784.832,-190150.608,121849.344,342690,28b1fec10020b162
50,2i,39,21,9507800000,9508000000,200000,-173497,173525,435762,1101,108,-364529.64768,232603.72224,363107.124416,-231516.876288,230604.80608,-146672.89344,-230891.943616,146903.781888,436863,28b1fec10020b162
50,2i,39,22,9507800000,9508000000,200000,-163921,164009,550380,3208,262,-457935.572992,291287.955456,453754.329344,-289095.739392,280363.796352,-178510.503936,-281225.123456,179159.851008,553588,28b1fec10020b162
50,2i,39,23,9507800000,9508000000,200000,-151674,151944,675030,9437,890,-557614.643264,356571.005952,545992.312256,-349017.489408,319787.348544,-205260.244992,-322514.422848,206527.601664,684467,28b1fec10020b162
50,2i,39,24,9507800000,9508000000,200000,-136756,137570,799354,25508,2104,-658299.350734769230769,422350.892425846153846,626315.354318769230769,-401234.720137846153846,352886.451150769230769,-225982.136713846153846,-360793.345998769230769,231569.834377846153846,824862,28b1fec10020b162
50,2i,39,25,9507800000,9508000000,200000,-118801,121075,906775,57650,3500,-751152.56298224852071,483537.856757396449704,676704.296,-435688.128,359237.6128,-232170.4704,-382388.672,247101.696,964425,28b1fec10020b162
50,2i,39,26,9507800000,9508000000,200000,-98179,103605,985324,117032,6528,-833070.581326769230769,537521.164681846153846,683046.284209230769231,-437659.227766153846154,345738.216625230769231,-221251.048054153846154,-399087.312718769230769,255486.291337846153846,1102356,28b1fec10020b162
50,2i,39,27,9507800000,9508000000,200000,-74588,86352,1021974,217698,11235,-909676.775168,583979.879424,626418.978176,-399156.691968,294703.71584,-186488.51712,-403463.316992,260318.547456,1239672,28b1fec10020b162
50,2i,39,28,9507800000,9508000000,200000,-48383,71637,986634,369090,15626,-972156.913152,622959.246336,478866.190848,-306515.825664,194324.021504,-125206.966272,-406756.607744,260329.070592,1355724,28b1fec10020b162
50,2i,39,29,9507800000,9508000000,200000,-20111,62295,869622,560925,19252,-1009531.559104,646557.123072,244267.967296,-152137.072128,45621.940608,-25736.569344,-415844.029056,264751.031808,1430547,28b1fec10020b162
50,2i,39,30,9507800000,9508000000,200000,8968,60496,690810,755900,20730,-1016349.46368,650067.21024,-39790.88448,31904.62464,-123511.76256,80842.41408,-440833.24224,284022.71232,1446710,28b1fec10020b162
50,2i,39,31,9507800000,9508000000,200000,37685,66449,492036,920197,19243,-1002553.479872,642752.503296,-321785.427264,208368.317952,-286681.511552,186030.337536,-475601.270656,305485.060608,1412233,28b1fec10020b162
50,2i,39,32,9507800000,9508000000,200000,65159,79271,307224,1029234,15638,-972780.881536,619349.480448,-556274.917248,357235.620864,-424147.762304,272362.140672,-522473.07968,333289.09824,1336458,28b1fec10020b162
50,2i,39,33,9507800000,9508000000,200000,90564,96588,165871,1060570,10535,-923708.89952,585564.68736,-699711.662272,446291.306496,-512031.632704,326235.727872,-555765.788096,353809.686528,1226441,28b1fec10020b162
50,2i,39,34,9507800000,9508000000,200000,113392,115602,77142,1017250,5960,-853562.478336,541494.862848,-749192.06656,475607.08608,-547172.090496,346440.649728,-564074.191488,357180.509184,1094392,28b1fec10020b162
50,2i,39,35,9507800000,9508000000,200000,133282,133954,30830,912580,2315,-758508.08896,483119.00928,-715776.34432,456295.73376,-534707.9632,341204.6976,-540466.36192,344534.53056,943410,28b1fec10020b162
50,2i,39,36,9507800000,9508000000,200000,149766,149916,10208,776080,810,-646570.865408,410388.255744,-631641.14688,401784.86784,-478377.348992,304104.723456,-479486.910592,304716.512256,786288,28b1fec10020b162
50,2i,39,37,9507800000,9508000000,200000,163542,163576,2341,651424,346,-545918.96544,346475.08992,-542694.27104,344701.47072,-423170.532416,268636.620288,-423462.814016,268793.369088,653765,28b1fec10020b162
50,2i,39,38,9507800000,9508000000,200000,174623,174627,594,520780,38,-438542.555008,278752.748544,-437647.719808,278268.754944,-353642.679424,224693.624832,-353683.153024,224719.429632,521374,28b1fec10020b162
50,2i,39,39,9507800000,9508000000,200000,182981,182981,78,395426,0,-333102.107648,212274.968064,-332970.568448,212191.102464,-274404.718848,174863.729664,-274404.718848,174863.729664,395504,28b1fec10020b162
50,2i,39,40,9507800000,9508000000,200000,189303,189303,0,297080,0,-250475.328,159650.304,-250475.328,159650.304,-213205.888,135888.384,-213205.888,135888.384,297080,28b1fec10020b162
50,2i,39,41,9507800000,9508000000,200000,193723,193723,0,206150,0,-173825.68,110826.24,-173825.68,110826.24,-152804.704,97423.872,-152804.704,97423.872,206150,28b1fec10020b162
50,2i,39,42,9507800000,9508000000,200000,196493,196493,0,130244,0,-109821.7408,70019.1744,-109821.7408,70019.1744,-98097.888,62544.384,-98097.888,62544.384,130244,28b1fec10020b162
50,2i,39,43,9507800000,9508000000,200000,198231,198231,0,81958,0,-69106.9856,44060.6208,-69106.9856,44060.6208,-63015.7088,40176.9984,-63015.7088,40176.9984,81958,28b1fec10020b162
50,2i,39,44,9507800000,9508000000,200000,199263,199263,0,48504,0,-40898.5728,26075.7504,-40898.5728,26075.7504,-38288.0256,24411.3408,-38288.0256,24411.3408,48504,28b1fec10020b162
50,2i,39,45,9507800000,9508000000,200000,199779,199779,0,24085,0,-20308.472,12948.096,-20308.472,12948.096,-19579.104,12483.072,-19579.104,12483.072,24085,28b1fec10020b162
50,2i,39,46,9507800000,9508000000,200000,199952,199952,0,8150,0,-6872.08,4381.44,-6872.08,4381.44,-6710.1856,4278.2208,-6710.1856,4278.2208,8150,28b1fec10020b162
50,2i,39,47,9507800000,9508000000,200000,200000,200000,0,2256,0,-1902.2592,1212.8256,-1902.2592,1212.8256,-1902.2592,1212.8256,-1902.2592,1212.8256,2256,28b1fec10020b162
50,2i,39,48,9507800000,9508000000,200000,200000,200000,0,0,0,0,0,0,0,0,0,0,0,0,28b1fec10020b162
50,2i,39,49,9507800000,9508000000,200000,200000,200000,0,0,0,0,0,0,0,0,0,0,0,0,28b1fec10020b162
50,2i,39,50,9507800000,9508000000,200000,200000,200000,0,0,0,0,0,0,0,0,0,0,0,0,28b1fec10020b162
50,2i,40,0,9508000000,9508200000,200000,-200000,200000,0,0,0,0,0,0,0,0,0,0,0,0,79d48d7fafc33ec0
50,2i,40,1,9508000000,9508200000,200000,-200000,200000,0,0,0,0,0,0,0,0,0,0,0,0,79d48d7fafc33ec0
50,2i,40,2,9508000000,9508200000,200000,-200000,200000,0,0,0,0,0,0,0,0,0,0,0,0,79d48d7fafc33ec0
50,2i,40,3,9508000000,9508200000,200000,-200000,200000,0,0,0,0,0,0,0,0,0,0,0,0,79d48d7fafc33ec0
50,2i,40,4,9508000000,9508200000,200000,-200000,200000,0,0,0,0,0,0,0,0,0,0,0,0,79d48d7fafc33ec0
50,2i,40,5,9508000000,9508200000,200000,-200000,200000,0,0,0,0,0,0,0,0,0,0,0,0,79d48d7fafc33ec0
50,2i,40,6,9508000000,9508200000,200000,-200000,200000,44,0,0,-37.1008,23.6544,37.1008,-23.6544,37.1008,-23.6544,-37.1008,23.6544,44,79d48d7fafc33ec0
50,2i,40,7,9508000000,9508200000,200000,-199999,199999,136,0,0,-114.6752,73.1136,114.6752,-73.1136,108.7728,-69.3504,-108.7728,69.3504,136,79d48d7fafc33ec0
50,2i,40,8,9508000000,9508200000,200000,-199996,199996,654,0,0,-551.4528,351.5904,551.4528,-351.5904,531.216,-338.688,-531.216,338.688,654,79d48d7fafc33ec0
50,2i,40,9,9508000000,9508200000,200000,-199981,199981,1283,0,0,-1081.8256,689.7408,1081.8256,-689.7408,967.9936,-617.1648,-967.9936,617.1648,1283,79d48d7fafc33ec0
50,2i,40,10,9508000000,9508200000,200000,-199953,199953,3960,0,0,-3339.072,2128.896,3339.072,-2128.896,3102.976,-1978.368,-3102.976,1978.368,3960,79d48d7fafc33ec0
50,2i,40,11,9508000000,9508200000,200000,-199861,199861,6745,0,0,-5687.384,3626.112,5687.384,-3626.112,4834.0656,-3082.0608,-4834.0656,3082.0608,6745,79d48d7fafc33ec0
50,2i,40,12,9508000000,9508200000,200000,-199714,199714,14684,0,0,-12381.5488,7894.1184,12381.5488,-7894.1184,10894.144,-6945.792,-10894.144,6945.792,14684,79d48d7fafc33ec0
50,2i,40,13,9508000000,9508200000,200000,-199374,199374,25954,0,0,-21884.4128,13952.8704,21884.4128,-13952.8704,18157.4688,-11576.6784,-18157.4688,11576.6784,25954,79d48d7fafc33ec0
50,2i,40,14,9508000000,9508200000,200000,-198792,198792,40008,0,0,-33734.7456,21508.3008,33734.7456,-21508.3008,26864.352,-17127.936,-26864.352,17127.936,40008,79d48d7fafc33ec0
50,2i,40,15,9508000000,9508200000,200000,-197907,197907,64550,0,0,-54428.56,34702.08,54428.56,-34702.08,43235.08,-27565.44,-43235.08,27565.44,64550,79d48d7fafc33ec0
50,2i,40,16,9508000000,9508200000,200000,-196442,196442,98546,0,0,-83093.9872,52978.3296,83093.9872,-52978.3296,63329.3792,-40376.9856,-63329.3792,40376.9856,98546,79d48d7fafc33ec0
50,2i,40,17,9508000000,9508200000,200000,-194233,194233,140942,0,0,-118842.2944,75770.4192,118842.2944,-75770.4192,87177.6048,-55581.9264,-87177.6048,55581.9264,140942,79d48d7fafc33ec0
50,2i,40,18,9508000000,9508200000,200000,-191100,191100,196170,0,0,-165050.161536,105340.520448,165050.161536,-105340.520448,117498.740736,-75023.106048,-117498.740736,75023.106048,196170,79d48d7fafc33ec0
50,2i,40,19,9508000000,9508200000,200000,-186732,186732,261893,31,0,-220320.296704,140428.879872,220366.932608,-140388.025344,150578.737344,-95863.483392,-150578.737344,95863.483392,261924,79d48d7fafc33ec0
50,2i,40,20,9508000000,9508200000,200000,-180960,180962,348130,230,90,-292213.25696,186238.43328,292040.97664,-186083.05152,194994.58816,-124300.15488,-194964.50048,124326.51264,348360,79d48d7fafc33ec0
50,2i,40,21,9508000000,9508200000,200000,-173196,173212,441761,1249,150,-368966.258944,235836.552192,367270.76928,-234821.59104,231562.004288,-148264.579584,-231703.661888,148354.896384,443010,79d48d7fafc33ec0
50,2i,40,22,9508000000,9508200000,200000,-163542,163634,553908,3244,234,-460580.873728,294837.141504,456581.066496,-291827.017728,282270.125952,-180470.516736,-283448.895104,181171.971072,557152,79d48d7fafc33ec0
50,2i,40,23,9508000000,9508200000,200000,-151229,151493,673504,8917,705,-557284.23904,356187.29472,546172.391616,-348622.245888,318220.79104,-202924.83072,-320538.07232,204821.23776,682421,79d48d7fafc33ec0
50,2i,40,24,9508000000,9508200000,200000,-136443,137221,796390,24160,1752,-657362.713728,420042.261504,626656.442496,-400528.585728,354208.053888,-226545.552384,-362025.446016,231584.345088,820550,79d48d7fafc33ec0
50,2i,40,25,9508000000,9508200000,200000,-118532,120694,909925,54200,3675,-753184.4464,481688.7552,684241.608,-436537.344,363365.7296,-231899.2128,-385374.2672,245817.3696,964125,79d48d7fafc33ec0
50,2i,40,26,9508000000,9508200000,200000,-97878,102992,988828,114192,6414,-837940.375808,536225.362944,688771.160064,-440030.948352,349605.133184,-223474.240512,-398416.806016,255956.825088,1103020,79d48d7fafc33ec0
50,2i,40,27,9508000000,9508200000,200000,-74294,85726,1021043,219567,10369,-913946.443776,584489.952768,624255.627264,-398841.917952,291887.576832,-186148.056576,-404789.812608,257823.865344,1240610,79d48d7fafc33ec0
50,2i,40,28,9508000000,9508200000,200000,-48040,71148,978098,372640,16032,-966381.839744,617876.846592,466148.659584,-296360.435712,184590.311296,-117500.464128,-399811.192192,256249.261056,1350738,79d48d7fafc33ec0
50,2i,40,29,9508000000,9508200000,200000,-20057,62181,859385,559736,19742,-998328.869824,640444.972032,231629.875392,-148702.918656,41956.638976,-27778.426368,-417654.669824,268699.372032,1419121,79d48d7fafc33ec0
50,2i,40,30,9508000000,9508200000,200000,8877,60295,689820,753700,20280,-1013015.4752,650127.5136,-41441.82016,25943.93088,-121793.36704,78835.99872,-436779.43808,279479.86944,1443520,79d48d7fafc33ec0
50,2i,40,31,9508000000,9508200000,200000,37652,66318,490235,926741,19803,-1004860.113536,641569.256448,-330371.175808,212119.762944,-291180.216128,187034.824704,-477440.743744,305486.318592,1416976,79d48d7fafc33ec0
50,2i,40,32,9508000000,9508200000,200000,65281,79465,306196,1035672,15636,-973233.69728,620628.69504,-558289.659904,358508.777472,-426524.492544,272830.036992,-527766.588672,335452.701696,1341868,79d48d7fafc33ec0
50,2i,40,33,9508000000,9508200000,200000,90711,96619,168157,1055879,9932,-918931.725952,585859.316736,-691296.265472,445147.524096,-508117.110848,326998.385664,-550142.06176,352901.95968,1224036,79d48d7fafc33ec0
50,2i,40,34,9508000000,9508200000,200000,113349,115539,75110,1010822,5364,-846434.483968,537612.877824,-746502.39744,476080.46592,-544027.726464,346243.863552,-559909.911168,355969.127424,1085932,79d48d7fafc33ec0
50,2i,40,35,9508000000,9508200000,200000,133114,133816,29940,912635,2320,-757526.2288,481912.3584,-717673.14592,457379.84256,-532287.52096,339052.38528,-537398.3248,342310.8864,942575,79d48d7fafc33ec0
50,2i,40,36,9508000000,9508200000,200000,149834,150016,10494,783632,710,-652305.314176,414563.539968,-638431.563136,405877.429248,-485812.32384,309081.86112,-487420.145664,309947.569152,794126,79d48d7fafc33ec0
50,2i,40,37,9508000000,9508200000,200000,163563,163583,3101,648431,272,-542076.593408,343905.759744,-537673.887616,341519.973888,-419482.664832,266102.040576,-419636.127232,266199.883776,651532,79d48d7fafc33ec0
50,2i,40,38,9508000000,9508200000,200000,174606,174610,328,519746,38,-436471.49376,277835.33568,-435982.43776,277523.52768,-351672.23168,223783.43424,-351712.70528,223809.23904,520074,79d48d7fafc33ec0
50,2i,40,39,9508000000,9508200000,200000,182976,182976,78,396400,0,-333854.96896,212786.84928,-333723.42976,212702.98368,-274737.11616,175120.05888,-274737.11616,175120.05888,396478,79d48d7fafc33ec0
50,2i,40,40,9508000000,9508200000,200000,189344,189344,0,298200,0,-251397.184,160192.512,-251397.184,160192.512,-214734.848,136817.664,-214734.848,136817.664,298200,79d48d7fafc33ec0
50,2i,40,41,9508000000,9508200000,200000,193692,193692,0,203990,0,-172004.368,109665.024,-172004.368,109665.024,-150315.5776,95836.8768,-150315.5776,95836.8768,203990,79d48d7fafc33ec0
50,2i,40,42,9508000000,9508200000,200000,196550,196550,0,134212,0,-113167.5584,72152.3712,-113167.5584,72152.3712,-101214.3552,64531.3536,-101214.3552,64531.3536,134212,79d48d7fafc33ec0
50,2i,40,43,9508000000,9508200000,200000,198322,198322,0,83084,0,-70056.4288,44665.9584,-70056.4288,44665.9584,-64248.4672,40962.9696,-64248.4672,40962.9696,83084,79d48d7fafc33ec0
50,2i,40,44,9508000000,9508200000,200000,199306,199306,0,46068,0,-38844.5376,24766.1568,-38844.5376,24766.1568,-36507.1872,23275.9296,-36507.1872,23275.9296,46068,79d48d7fafc33ec0
50,2i,40,45,9508000000,9508200000,200000,199768,199768,0,21680,0,-18280.576,11655.168,-18280.576,11655.168,-17530.128,11176.704,-17530.128,11176.704,21680,79d48d7fafc33ec0
50,2i,40,46,9508000000,9508200000,200000,199946,199946,0,8404,0,-7086.2528,4517.9904,-7086.2528,4517.9904,-6904.1216,4401.8688,-6904.1216,4401.8688,8404,79d48d7fafc33ec0
50,2i,40,47,9508000000,9508200000,200000,200000,200000,0,2538,0,-2140.0416,1364.4288,-2140.0416,1364.4288,-2140.0416,1364.4288,-2140.0416,1364.4288,2538,79d48d7fafc33ec0
50,2i,40,48,9508000000,9508200000,200000,200000,200000,0,0,0,0,0,0,0,0,0,0,0,0,79d48d7fafc33ec0
50,2i,40,49,9508000000,9508200000,200000,200000,200000,0,0,0,0,0,0,0,0,0,0,0,0,79d48d7fafc33ec0
50,2i,40,50,9508000000,9508200000,200000,200000,200000,0,0,0,0,0,0,0,0,0,0,0,0,79d48d7fafc33ec0
50,2i,41,0,9508200000,9508400000,200000,-200000,200000,0,0,0,0,0,0,0,0,0,0,0,0,3ab0da4ef6353ed4
50,2i,41,1,9508200000,9508400000,200000,-200000,200000,0,0,0,0,0,0,0,0,0,0,0,0,3ab0da4ef6353ed4
50,2i,41,2,9508200000,9508400000,200000,-200000,200000,0,0,0,0,0,0,0,0,0,0,0,0,3ab0da4ef6353ed4
50,2i,41,3,9508200000,9508400000,200000,-200000,200000,0,0,0,0,0,0,0,0,0,0,0,0,3ab0da4ef6353ed4
50,2i,41,4,9508200000,9508400000,200000,-200000,200000,0,0,0,0,0,0,0,0,0,0,0,0,3ab0da4ef6353ed4
50,2i,41,5,9508200000,9508400000,200000,-200000,200000,0,0,0,0,0,0,0,0,0,0,0,0,3ab0da4ef6353ed4
50,2i,41,6,9508200000,9508400000,200000,-200000,200000,0,0,0,0,0,0,0,0,0,0,0,0,3ab0da4ef6353ed4
50,2i,41,7,9508200000,9508400000,200000,-200000,200000,129,0,0,-108.7728,69.3504,108.7728,-69.3504,108.7728,-69.3504,-108.7728,69.3504,129,3ab0da4ef6353ed4
50,2i,41,8,9508200000,9508400000,200000,-199997,199997,612,0,0,-516.0384,329.0112,516.0384,-329.0112,495.8016,-316.1088,-495.8016,316.1088,612,3ab0da4ef6353ed4
50,2i,41,9,9508200000,9508400000,200000,-199983,199983,1069,0,0,-901.3808,574.6944,901.3808,-574.6944,795.1376,-506.9568,-795.1376,506.9568,1069,3ab0da4ef6353ed4
50,2i,41,10,9508200000,9508400000,200000,-199960,199960,4270,0,0,-3600.464,2295.552,3600.464,-2295.552,3406.528,-2171.904,-3406.528,2171.904,4270,3ab0da4ef6353ed4
50,2i,41,11,9508200000,9508400000,200000,-199859,199859,8131,0,0,-6856.0592,4371.2256,6856.0592,-4371.2256,5919.264,-3773.952,-5919.264,3773.952,8131,3ab0da4ef6353ed4
50,2i,41,12,9508200000,9508400000,200000,-199679,199679,15688,0,0,-13228.1216,8433.8688,13228.1216,-8433.8688,11406.8096,-7272.6528,-11406.8096,7272.6528,15688,3ab0da4ef6353ed4
50,2i,41,13,9508200000,9508400000,200000,-199323,199323,26051,0,0,-21966.2032,14005.0176,21966.2032,-14005.0176,18063.8736,-11517.0048,-18063.8736,11517.0048,26051,3ab0da4ef6353ed4
50,2i,41,14,9508200000,9508400000,200000,-198744,198744,43098,0,0,-36340.2336,23169.4848,36340.2336,-23169.4848,29505.2544,-18811.6992,-29505.2544,18811.6992,43098,3ab0da4ef6353ed4
50,2i,41,15,9508200000,9508400000,200000,-197772,197772,65400,0,0,-55145.28,35159.04,55145.28,-35159.04,42851.424,-27320.832,-42851.424,27320.832,65400,3ab0da4ef6353ed4
50,2i,41,16,9508200000,9508400000,200000,-196320,196320,94938,0,0,-80051.7216,51038.6688,80051.7216,-51038.6688,60462.4992,-38549.1456,-60462.4992,38549.1456,94938,3ab0da4ef6353ed4
50,2i,41,17,9508200000,9508400000,200000,-194211,194211,138879,0,0,-116926.243392,74623.942656,116926.243392,-74623.942656,86694.993792,-55349.369856,-86694.993792,55349.369856,138879,3ab0da4ef6353ed4
50,2i,41,18,9508200000,9508400000,200000,-191089,191089,193348,32,0,-162856.607488,103800.797184,162838.687488,-103862.237184,115559.469056,-73640.951808,-115559.469056,73640.951808,193380,3ab0da4ef6353ed4
50,2i,41,19,9508200000,9508400000,200000,-186802,186804,265512,50,0,-223044.849024,142410.757632,222981.930624,-142413.906432,154394.635072,-98706.256896,-154405.275072,98669.776896,265562,3ab0da4ef6353ed4
50,2i,41,20,9508200000,9508400000,200000,-180863,180867,352280,290,0,-295624.06208,188538.30144,295264.5216,-188309.0688,195814.5536,-124743.2448,-195848.2816,124764.7488,352570,3ab0da4ef6353ed4
50,2i,41,21,9508200000,9508400000,200000,-173070,173092,444271,1117,116,-371649.860992,236947.539456,370487.8976,-236074.6368,233872.852608,-149110.585344,-234100.921344,149255.995392,445388,3ab0da4ef6353ed4
50,2i,41,22,9508200000,9508400000,200000,-163355,163441,544826,3224,172,-452873.225088,288948.393984,448661.08864,-286162.66752,272905.627392,-174106.054656,-273614.0992,174657.9456,548050,3ab0da4ef6353ed4
50,2i,41,23,9508200000,9508400000,200000,-151415,151681,669180,9171,582,-552733.213376,353459.885568,541076.133696,-345658.787328,321002.20928,-205399.51104,-323880.21952,207234.44736,678351,3ab0da4ef6353ed4
50,2i,41,24,9508200000,9508400000,200000,-136462,137254,795496,22796,1574,-655624.974592,417968.864256,626592.654336,-399722.830848,350592.593024,-222801.349632,-358396.210304,228104.604672,818292,3ab0da4ef6353ed4
50,2i,41,25,9508200000,9508400000,200000,-118792,120852,905550,54975,3225,-749010.4464,478856.7552,678349.8064,-433293.2352,362614.0176,-233070.7968,-383026.232,245515.776,960525,3ab0da4ef6353ed4
50,2i,41,26,9508200000,9508400000,200000,-98041,103231,989780,117034,6556,-836626.147712,534781.756416,685839.188096,-437300.886528,347370.5568,-219954.6624,-399628.919424,254397.944832,1106814,3ab0da4ef6353ed4
50,2i,41,27,9508200000,9508400000,200000,-74404,85956,1019925,220874,11346,-911578.93216,578279.54688,622975.372736,-395966.082048,291667.611264,-184840.829952,-402512.28288,255758.11584,1240799,3ab0da4ef6353ed4
50,2i,41,28,9508200000,9508400000,200000,-48204,71494,979018,373266,15860,-968031.256576,613270.023168,472633.355008,-299527.148544,189586.960256,-120401.553408,-405989.084544,256014.292992,1352284,3ab0da4ef6353ed4
50,2i,41,29,9508200000,9508400000,200000,-20082,62366,866990,554881,19360,-1001231.76736,637107.54048,247390.397376,-156532.397568,47888.745088,-31323.753984,-415655.906048,266131.659264,1421871,3ab0da4ef6353ed4
50,2i,41,30,9508200000,9508400000,200000,8791,60109,693830,757340,21880,-1017895.7984,648912.6912,-45203.98016,26930.81088,-120524.70528,77025.23904,-431009.87904,274070.81472,1451170,3ab0da4ef6353ed4
50,2i,41,31,9508200000,9508400000,200000,38040,66670,490820,940926,21378,-1014369.671296,644456.944128,-343614.53632,218084.78976,-301711.467712,191203.516416,-491214.58336,312155.02848,1431746,3ab0da4ef6353ed4
50,2i,41,32,9508200000,9508400000,200000,65673,79655,306314,1035754,15770,-976174.001664,621865.777152,-559315.68384,355870.34112,-426990.859776,271326.240768,-524686.035456,333613.867008,1342068,3ab0da4ef6353ed4
50,2i,41,33,9508200000,9508400000,200000,91107,97095,163725,1059899,9273,-921045.487104,588532.227072,-698860.163328,446718.434304,-513622.973568,327919.770624,-556700.475264,355539.581952,1223624,3ab0da4ef6353ed4
50,2i,41,34,9508200000,9508400000,200000,113713,115957,76080,1007788,5656,-844563.570176,539780.947968,-741821.499392,474257.350656,-541288.667904,346649.321472,-557875.735296,356933.296128,1083868,3ab0da4ef6353ed4
50,2i,41,35,9508200000,9508400000,200000,133417,134107,31200,907575,2960,-754664.00416,480736.44288,-713063.36032,455328.82176,-530239.38688,338105.18784,-535555.8208,341016.6144,938775,3ab0da4ef6353ed4
50,2i,41,36,9508200000,9508400000,200000,150026,150182,10466,779328,1056,-648369.1744,412878.2592,-634479.394944,405265.800192,-481753.419136,308019.637248,-482883.757184,308644.672512,789794,3ab0da4ef6353ed4
50,2i,41,37,9508200000,9508400000,200000,163731,163765,2452,646658,222,-541151.022464,342923.991552,-537890.975872,341098.231296,-420357.264192,266154.157056,-420629.9888,266328.0384,649110,3ab0da4ef6353ed4
50,2i,41,38,9508200000,9508400000,200000,174656,174660,582,514564,12,-432452.218752,275345.627136,-431655.023744,274837.358592,-347926.166272,221481.578496,-347926.166272,221481.578496,515146,3ab0da4ef6353ed4
50,2i,41,39,9508200000,9508400000,200000,182989,182991,50,393225,39,-330988.475072,210927.376896,-330969.924672,210915.549696,-273404.953472,174226.308096,-273423.503872,174238.135296,393275,3ab0da4ef6353ed4
50,2i,41,40,9508200000,9508400000,200000,189197,189197,40,291820,0,-246073.824,156844.032,-246006.368,156801.024,-209327.168,133415.424,-209327.168,133415.424,291860,3ab0da4ef6353ed4
50,2i,41,41,9508200000,9508400000,200000,193551,193551,0,204632,0,-172545.7024,110010.1632,-172545.7024,110010.1632,-150523.0048,95969.1264,-150523.0048,95969.1264,204632,3ab0da4ef6353ed4
50,2i,41,42,9508200000,9508400000,200000,196453,196453,0,136324,0,-114948.3968,73287.7824,-114948.3968,73287.7824,-102772.5888,65524.8384,-102772.5888,65524.8384,136324,3ab0da4ef6353ed4
50,2i,41,43,9508200000,9508400000,200000,198258,198258,0,84790,0,-71494.928,45583.104,-71494.928,45583.104,-65444.968,41725.824,-65444.968,41725.824,84790,3ab0da4ef6353ed4
50,2i,41,44,9508200000,9508400000,200000,199283,199283,0,48184,0,-40628.7488,25903.7184,-40628.7488,25903.7184,-38028.32,24245.76,-38028.32,24245.76,48184,3ab0da4ef6353ed4
50,2i,41,45,9508200000,9508400000,200000,199797,199797,0,23920,0,-20169.344,12859.392,-20169.344,12859.392,-19503.216,12434.688,-19503.216,12434.688,23920,3ab0da4ef6353ed4
50,2i,41,46,9508200000,9508400000,200000,199955,199955,0,7448,0,-6280.1536,4004.0448,-6280.1536,4004.0448,-6128.3776,3907.2768,-6128.3776,3907.2768,7448,3ab0da4ef6353ed4
50,2i,41,47,9508200000,9508400000,200000,200000,200000,0,2115,0,-1783.368,1137.024,-1783.368,1137.024,-1783.368,1137.024,-1783.368,1137.024,2115,3ab0da4ef6353ed4
50,2i,41,48,9508200000,9508400000,200000,200000,200000,0,0,0,0,0,0,0,0,0,0,0,0,3ab0da4ef6353ed4
50,2i,41,49,9508200000,9508400000,200000,200000,200000,0,0,0,0,0,0,0,0,0,0,0,0,3ab0da4ef6353ed4
50,2i,41,50,9508200000,9508400000,200000,200000,200000,0,0,0,0,0,0,0,0,0,0,0,0,3ab0da4ef6353ed4
50,2i,42,0,9508400000,9508600000,200000,-200000,200000,0,0,0,0,0,0,0,0,0,0,0,0,18cf9a7db5141767
50,2i,42,1,9508400000,9508600000,200000,-200000,200000,0,0,0,0,0,0,0,0,0,0,0,0,18cf9a7db5141767
50,2i,42,2,9508400000,9508600000,200000,-200000,200000,0,0,0,0,0,0,0,0,0,0,0,0,18cf9a7db5141767
50,2i,42,3,9508400000,9508600000,200000,-200000,200000,0,0,0,0,0,0,0,0,0,0,0,0,18cf9a7db5141767
50,2i,42,4,9508400000,9508600000,200000,-200000,200000,0,0,0,0,0,0,0,0,0,0,0,0,18cf9a7db5141767
50,2i,42,5,9508400000,9508600000,200000,-200000,200000,0,0,0,0,0,0,0,0,0,0,0,0,18cf9a7db5141767
50,2i,42,6,9508400000,9508600000,200000,-200000,200000,0,0,0,0,0,0,0,0,0,0,0,0,18cf9a7db5141767
50,2i,42,7,9508400000,9508600000,200000,-200000,200000,172,0,0,-145.0304,92.4672,145.0304,-92.4672,145.0304,-92.4672,-145.0304,92.4672,172,18cf9a7db5141767
50,2i,42,8,9508400000,9508600000,200000,-199996,199996,410,0,0,-345.712,220.416,345.712,-220.416,318.7296,-203.2128,-318.7296,203.2128,410,18cf9a7db5141767
50,2i,42,9,9508400000,9508600000,200000,-199987,199987,1516,0,0,-1278.2912,815.0016,1278.2912,-815.0016,1209.992,-771.456,-1209.992,771.456,1516,18cf9a7db5141767
50,2i,42,10,9508400000,9508600000,200000,-199952,199952,3830,0,0,-3229.456,2059.008,3229.456,-2059.008,2934.336,-1870.848,-2934.336,1870.848,3830,18cf9a7db5141767
50,2i,42,11,9508400000,9508600000,200000,-199865,199865,8094,0,0,-6824.8608,4351.3344,6824.8608,-4351.3344,6017.9184,-3836.8512,-6017.9184,3836.8512,8094,18cf9a7db5141767
50,2i,42,12,9508400000,9508600000,200000,-199682,199682,15268,0,0,-12873.9776,8208.0768,12873.9776,-8208.0768,11022.3104,-7027.5072,-11022.3104,7027.5072,15268,18cf9a7db5141767
50,2i,42,13,9508400000,9508600000,200000,-199338,199338,24267,0,0,-20461.9344,13045.9392,20461.9344,-13045.9392,16691.144,-10641.792,-16691.144,10641.792,24267,18cf9a7db5141767
50,2i,42,14,9508400000,9508600000,200000,-198803,198803,41798,0,0,-35244.0736,22470.6048,35244.0736,-22470.6048,28928.5056,-18443.9808,-28928.5056,18443.9808,41798,18cf9a7db5141767
50,2i,42,15,9508400000,9508600000,200000,-197850,197850,68370,0,0,-57649.584,36755.712,57649.584,-36755.712,45596.04,-29070.72,-45596.04,29070.72,68370,18cf9a7db5141767
50,2i,42,16,9508400000,9508600000,200000,-196305,196305,97854,0,0,-82510.4928,52606.3104,82510.4928,-52606.3104,61666.5888,-39316.8384,-61666.5888,39316.8384,97854,18cf9a7db5141767
50,2i,42,17,9508400000,9508600000,200000,-194154,194154,139560,0,0,-117676.992,75027.456,117676.992,-75027.456,86843.6976,-55369.0368,-86843.6976,55369.0368,139560,18cf9a7db5141767
50,2i,42,18,9508400000,9508600000,200000,-191033,191033,196594,0,0,-165542.813568,105508.890624,165542.813568,-105508.890624,118173.523968,-75307.597824,-118173.523968,75307.597824,196594,18cf9a7db5141767
50,2i,42,19,9508400000,9508600000,200000,-186645,186645,267574,31,0,-224830.013632,143570.558976,224777.735232,-143537.227776,154638.344576,-98840.007168,-154638.344576,98840.007168,267605,18cf9a7db5141767
50,2i,42,20,9508400000,9508600000,200000,-180702,180704,345730,380,60,-289666.63616,185047.41888,289194.57216,-184883.06688,189647.06624,-121186.74432,-189680.79424,121208.24832,346110,18cf9a7db5141767
50,2i,42,21,9508400000,9508600000,200000,-173127,173153,445807,1151,129,-372278.584064,237959.780352,370950.599936,-237208.731648,238696.423232,-152696.011776,-239003.258432,152796.005376,446958,18cf9a7db5141767
50,2i,42,22,9508400000,9508600000,200000,-163200,163288,562112,3230,206,-467853.371008,298704.236544,463921.64672,-295878.69696,284303.745536,-181168.232448,-285078.41024,181662.13632,565342,18cf9a7db5141767
50,2i,42,23,9508400000,9508600000,200000,-150809,151079,683175,9167,790,-565495.978368,360288.897024,554386.774016,-352882.649088,324791.341312,-206608.521216,-327384.640256,208523.793408,692342,18cf9a7db5141767
50,2i,42,24,9508400000,9508600000,200000,-135722,136516,799282,24124,1874,-661245.759872,420607.543296,630450.250368,-401451.393024,352207.166464,-224085.783552,-359776.86016,228966.65088,823406,18cf9a7db5141767
50,2i,42,25,9508400000,9508600000,200000,-117979,120145,904650,56700,3850,-751739.1136,479173.3248,679270.1152,-433083.0336,362038.344,-231451.392,-384370.8592,245177.6256,961350,18cf9a7db5141767
50,2i,42,26,9508400000,9508600000,200000,-97268,102598,987770,120116,7506,-837142.556544,535122.388992,682129.827968,-436040.269824,345432.435328,-220904.930304,-397574.377856,254563.550208,1107886,18cf9a7db5141767
50,2i,42,27,9508400000,9508600000,200000,-73543,85455,1007394,218577,11353,-900315.849792,574723.577856,612032.970304,-391264.284672,280368.26048,-178742.19264,-396097.894784,252343.629312,1225971,18cf9a7db5141767
50,2i,42,28,9508400000,9508600000,200000,-48091,71283,963826,361882,15926,-948291.646464,607110.423552,463133.425152,-295474.062336,188918.118144,-122022.177792,-398982.938368,255762.177024,1325708,18cf9a7db5141767
50,2i,42,29,9508400000,9508600000,200000,-20225,61959,863495,551225,20868,-992259.28128,634752.40704,241796.70272,-151638.50496,48236.1904,-26951.3472,-410859.310016,261451.097088,1414720,18cf9a7db5141767
50,2i,42,30,9508400000,9508600000,200000,8661,59965,687600,748900,21830,-1003912.02944,638767.44192,-38371.70176,27857.47968,-122183.37856,78128.30208,-431872.99136,277034.77248,1436500,18cf9a7db5141767
50,2i,42,31,9508400000,9508600000,200000,37157,66021,486254,920420,18926,-996079.810048,636061.131264,-325914.233856,207129.758208,-283302.866816,181069.759488,-473449.543168,301696.103424,1406674,18cf9a7db5141767
50,2i,42,32,9508400000,9508600000,200000,64699,78991,306592,1030620,14348,-974781.482496,619871.305728,-556417.765376,355261.421568,-426934.613248,272790.948864,-525051.296512,334240.674816,1337212,18cf9a7db5141767
50,2i,42,33,9508400000,9508600000,200000,90025,96157,168130,1056435,9953,-920740.379584,584217.395712,-696174.961216,443766.578688,-508603.143744,323529.518592,-553287.976128,351322.504704,1224565,18cf9a7db5141767
50,2i,42,34,9508400000,9508600000,200000,112896,115088,79988,1021370,5750,-857490.98944,544896.72192,-750265.98208,478108.86144,-546096.549632,347531.006976,-563951.892224,358732.895232,1101358,18cf9a7db5141767
50,2i,42,35,9508400000,9508600000,200000,133130,133696,31695,925495,2660,-767309.96416,488121.72288,-724191.1936,460994.7648,-542338.6,345124.8,-546398.80864,347747.62752,957190,18cf9a7db5141767
50,2i,42,36,9508400000,9508600000,200000,149730,149864,8546,783430,1064,-649983.135744,413460.974592,-639110.755584,406478.963712,-482752.559232,307149.259776,-483880.438656,307836.484608,791976,18cf9a7db5141767
50,2i,42,37,9508400000,9508600000,200000,163614,163638,2178,656090,148,-548903.14624,349080.18432,-545681.166848,347110.193664,-425988.46016,270755.45088,-426229.61536,270909.20448,658268,18cf9a7db5141767
50,2i,42,38,9508400000,9508600000,200000,174734,174736,430,523350,0,-439804.851968,280365.901824,-439079.699968,279903.565824,-354217.459584,225838.835712,-354237.696384,225851.738112,523780,18cf9a7db5141767
50,2i,42,39,9508400000,9508600000,200000,183169,183169,39,395685,0,-333254.292736,212352.642048,-333188.523136,212310.709248,-276947.768448,176440.702464,-276947.768448,176440.702464,395724,18cf9a7db5141767
50,2i,42,40,9508400000,9508600000,200000,189238,189238,0,287020,0,-241951.44832,154306.80576,-241951.44832,154306.80576,-204631.41632,130512.62976,-204631.41632,130512.62976,287020,18cf9a7db5141767
50,2i,42,41,9508400000,9508600000,200000,193664,193664,0,208043,0,-175421.8576,111843.9168,-175421.8576,111843.9168,-153012.1312,97556.1216,-153012.1312,97556.1216,208043,18cf9a7db5141767
50,2i,42,42,9508400000,9508600000,200000,196617,196617,0,137666,0,-116079.9712,74009.2416,-116079.9712,74009.2416,-104578.7232,66676.3776,-104578.7232,66676.3776,137666,18cf9a7db5141767
50,2i,42,43,9508400000,9508600000,200000,198322,198322,0,80364,0,-67762.9248,43203.6864,-67762.9248,43203.6864,-61819.208,39414.144,-61819.208,39414.144,80364,18cf9a7db5141767
50,2i,42,44,9508400000,9508600000,200000,199329,199329,0,47086,0,-39702.9152,25313.4336,-39702.9152,25313.4336,-37360.5056,23819.9808,-37360.5056,23819.9808,47086,18cf9a7db5141767
50,2i,42,45,9508400000,9508600000,200000,199792,199792,0,21675,0,-18276.36,11652.48,-18276.36,11652.48,-17568.072,11200.896,-17568.072,11200.896,21675,18cf9a7db5141767
50,2i,42,46,9508400000,9508600000,200000,199960,199960,0,7888,0,-6651.1616,4240.5888,-6651.1616,4240.5888,-6516.2496,4154.5728,-6516.2496,4154.5728,7888,18cf9a7db5141767
50,2i,42,47,9508400000,9508600000,200000,200000,200000,0,1880,0,-1585.216,1010.688,-1585.216,1010.688,-1585.216,1010.688,-1585.216,1010.688,1880,18cf9a7db5141767
50,2i,42,48,9508400000,9508600000,200000,200000,200000,0,0,0,0,0,0,0,0,0,0,0,0,18cf9a7db5141767
50,2i,42,49,9508400000,9508600000,200000,200000,200000,0,0,0,0,0,0,0,0,0,0,0,0,18cf9a7db5141767
50,2i,42,50,9508400000,9508600000,200000,200000,200000,0,0,0,0,0,0,0,0,0,0,0,0,18cf9a7db5141767
50,2i,43,0,9508600000,9508800000,200000,-200000,200000,0,0,0,0,0,0,0,0,0,0,0,0,cba192eedbc95286
50,2i,43,1,9508600000,9508800000,200000,-200000,200000,0,0,0,0,0,0,0,0,0,0,0,0,cba192eedbc95286
50,2i,43,2,9508600000,9508800000,200000,-200000,200000,0,0,0,0,0,0,0,0,0,0,0,0,cba192eedbc95286
50,2i,43,3,9508600000,9508800000,200000,-200000,200000,0,0,0,0,0,0,0,0,0,0,0,0,cba192eedbc95286
50,2i,43,4,9508600000,9508800000,200000,-200000,200000,0,0,0,0,0,0,0,0,0,0,0,0,cba192eedbc95286
50,2i,43,5,9508600000,9508800000,200000,-200000,200000,0,0,0,0,0,0,0,0,0,0,0,0,cba192eedbc95286
50,2i,43,6,9508600000,9508800000,200000,-200000,200000,44,0,0,-37.1008,23.6544,37.1008,-23.6544,37.1008,-23.6544,-37.1008,23.6544,44,cba192eedbc95286
50,2i,43,7,9508600000,9508800000,200000,-199999,199999,222,0,0,-187.1904,119.3472,187.1904,-119.3472,181.288,-115.584,-181.288,115.584,222,cba192eedbc95286
50,2i,43,8,9508600000,9508800000,200000,-199994,199994,418,0,0,-352.4576,224.7168,352.4576,-224.7168,318.7296,-203.2128,-318.7296,203.2128,418,cba192eedbc95286
50,2i,43,9,9508600000,9508800000,200000,-199985,199985,1598,0,0,-1347.4336,859.0848,1347.4336,-859.0848,1279.1344,-815.5392,-1279.1344,815.5392,1598,cba192eedbc95286
50,2i,43,10,9508600000,9508800000,200000,-199948,199948,3610,0,0,-3043.952,1940.736,3043.952,-1940.736,2731.968,-1741.824,-2731.968,1741.824,3610,cba192eedbc95286
50,2i,43,11,9508600000,9508800000,200000,-199867,199867,7560,0,0,-6374.592,4064.256,6374.592,-4064.256,5623.3008,-3585.2544,-5623.3008,3585.2544,7560,cba192eedbc95286
50,2i,43,12,9508600000,9508800000,200000,-199696,199696,13908,0,0,-11727.2256,7476.9408,11727.2256,-7476.9408,9996.9792,-6373.7856,-9996.9792,6373.7856,13908,cba192eedbc95286
50,2i,43,13,9508600000,9508800000,200000,-199384,199384,26108,0,0,-22014.2656,14035.6608,22014.2656,-14035.6608,18594.2464,-11855.1552,-18594.2464,11855.1552,26108,cba192eedbc95286
50,2i,43,14,9508600000,9508800000,200000,-198788,198788,42256,0,0,-35630.2592,22716.8256,35630.2592,-22716.8256,28594.5984,-18231.0912,-28594.5984,18231.0912,42256,cba192eedbc95286
50,2i,43,15,9508600000,9508800000,200000,-197846,197846,62185,0,0,-52434.392,33430.656,52434.392,-33430.656,40519.976,-25834.368,-40519.976,25834.368,62185,cba192eedbc95286
50,2i,43,16,9508600000,9508800000,200000,-196473,196473,95306,0,0,-80288.627072,51189.712896,80288.627072,-51189.712896,61765.209472,-39379.716096,-61765.209472,39379.716096,95306,cba192eedbc95286
50,2i,43,17,9508600000,9508800000,200000,-194316,194316,139233,0,0,-117364.569536,74828.264448,117364.569536,-74828.264448,86481.9648,-55138.4064,-86481.9648,55138.4064,139233,cba192eedbc95286
50,2i,43,18,9508600000,9508800000,200000,-191208,191208,193928,32,0,-163255.76448,104196.46464,163237.84448,-104257.90464,116074.82368,-74151.69024,-116074.82368,74151.69024,193960,cba192eedbc95286
50,2i,43,19,9508600000,9508800000,200000,-186895,186897,260612,81,0,-218959.671488,139773.149184,218844.474688,-139742.966784,149977.326528,-95748.731904,-149987.966528,95712.251904,260693,cba192eedbc95286
50,2i,43,20,9508600000,9508800000,200000,-181129,181135,343790,340,0,-288265.29856,183618.86208,287855.23008,-183425.72544,191263.53856,-121739.18208,-191330.99456,121782.19008,344130,cba192eedbc95286
50,2i,43,21,9508600000,9508800000,200000,-173502,173528,442620,964,58,-370754.503552,235785.793536,369531.469952,-235185.908736,236114.985792,-150200.825856,-236354.814528,150305.915904,443584,cba192eedbc95286
50,2i,43,22,9508600000,9508800000,200000,-163729,163807,548894,2784,184,-456223.18912,290325.98016,452739.73568,-288077.70624,274895.839744,-175028.846592,-275641.719296,175404.208128,551678,cba192eedbc95286
50,2i,43,23,9508600000,9508800000,200000,-151705,151941,670015,8945,655,-553359.08992,353268.03456,542534.187008,-346015.724544,320708.63744,-204944.78592,-322957.358848,206483.249664,678960,cba192eedbc95286
50,2i,43,24,9508600000,9508800000,200000,-136801,137565,796922,23912,1650,-657688.073344,419334.331392,626935.97632,-399982.70976,352426.61248,-224262.12864,-360049.884928,229341.103104,820834,cba192eedbc95286
50,2i,43,25,9508600000,9508800000,200000,-118988,121104,912875,56150,3850,-756920.0176,481878.7968,683801.3488,-436740.5184,366704.2784,-234369.3312,-388943.5328,248093.0304,969025,cba192eedbc95286
50,2i,43,26,9508600000,9508800000,200000,-98040,103296,998732,119180,7754,-845729.767168,540975.335424,691920.534016,-442938.329088,349430.99328,-224740.82304,-402345.584256,257411.985408,1117912,cba192eedbc95286
50,2i,43,27,9508600000,9508800000,200000,-74154,85940,1027439,221348,11883,-914156.966592,588636.320256,625028.726592,-403076.000256,289965.285504,-187876.918272,-403471.757952,261413.492736,1248787,cba192eedbc95286
50,2i,43,28,9508600000,9508800000,200000,-47899,71267,983424,369608,15648,-962955.280384,620831.450112,471138.115072,-303842.896896,188054.377984,-120667.686912,-401854.790656,257044.420608,1353032,cba192eedbc95286
50,2i,43,29,9508600000,9508800000,200000,-19813,62041,861337,560729,19974,-994847.816192,637363.693056,234595.114112,-144637.871616,42679.380672,-23014.557696,-409156.009152,261093.774336,1422066,cba192eedbc95286
50,2i,43,30,9508600000,9508800000,200000,9119,60467,682990,759430,21800,-1007784.65024,643126.45632,-49034.00832,38480.88576,-124632.8672,82502.1696,-437904.3808,281278.6944,1442420,cba192eedbc95286
50,2i,43,31,9508600000,9508800000,200000,37842,66650,489742,922753,18911,-1000007.654592,638571.104256,-322689.9856,208604.6208,-287194.681728,185384.085504,-478941.50464,307246.95552,1412495,cba192eedbc95286
50,2i,43,32,9508600000,9508800000,200000,65320,79352,308830,1025578,14474,-969212.114176,616825.939968,-548387.6288,347987.5584,-419742.095616,266766.117888,-517624.563456,330361.771008,1334408,cba192eedbc95286
50,2i,43,33,9508600000,9508800000,200000,90604,96590,165246,1055604,9010,-921076.984576,586507.527168,-697102.979584,442574.195712,-509618.919936,323374.491648,-554141.733888,350715.792384,1220850,cba192eedbc95286
50,2i,43,34,9508600000,9508800000,200000,113338,115502,77230,1014286,4442,-852965.230848,544290.545664,-747356.54016,478464.89088,-546137.778944,349419.912192,-562700.841728,360562.965504,1091516,cba192eedbc95286
50,2i,43,35,9508600000,9508800000,200000,133248,133880,30380,918005,2505,-761176.77344,485014.03392,-720210.46496,457756.57728,-535192.39136,340653.97248,-539927,343536,948385,cba192eedbc95286
50,2i,43,36,9508600000,9508800000,200000,150017,150173,9464,785586,846,-652054.819968,414731.725824,-639621.86176,407228.35968,-486986.467712,310003.516416,-488056.365184,310590.016512,795050,cba192eedbc95286
50,2i,43,37,9508600000,9508800000,200000,163686,163714,2550,646138,359,-539627.047808,343191.058944,-536619.343616,341466.981888,-418318.95552,266004.49536,-418499.073536,266178.536448,648688,cba192eedbc95286
50,2i,43,38,9508600000,9508800000,200000,174681,174681,532,516674,76,-433890.587776,276435.744768,-433364.08896,275927.00928,-349933.760384,222848.090112,-349933.760384,222848.090112,517206,cba192eedbc95286
50,2i,43,39,9508600000,9508800000,200000,182964,182964,0,391897,0,-330066.880448,210352.318464,-330066.880448,210352.318464,-272004.128448,173333.182464,-272004.128448,173333.182464,391897,cba192eedbc95286
50,2i,43,40,9508600000,9508800000,200000,189224,189224,0,294710,0,-248493.84,158421.12,-248493.84,158421.12,-211137.28,134615.04,-211137.28,134615.04,294710,cba192eedbc95286
50,2i,43,41,9508600000,9508800000,200000,193655,193655,0,207276,0,-174752.032,111370.176,-174752.032,111370.176,-153161.896,97604.928,-153161.896,97604.928,207276,cba192eedbc95286
50,2i,43,42,9508600000,9508800000,200000,196500,196500,0,133794,0,-112815.1008,71927.6544,-112815.1008,71927.6544,-100753.968,64237.824,-100753.968,64237.824,133794,cba192eedbc95286
50,2i,43,43,9508600000,9508800000,200000,198288,198288,0,83856,0,-70707.3792,45080.9856,-70707.3792,45080.9856,-64828.5888,41332.8384,-64828.5888,41332.8384,83856,cba192eedbc95286
50,2i,43,44,9508600000,9508800000,200000,199284,199284,0,46716,0,-39390.9312,25114.5216,-39390.9312,25114.5216,-36952.3968,23559.7824,-36952.3968,23559.7824,46716,cba192eedbc95286
50,2i,43,45,9508600000,9508800000,200000,199766,199766,0,22565,0,-19026.808,12130.944,-19026.808,12130.944,-18289.008,11660.544,-18289.008,11660.544,22565,cba192eedbc95286
50,2i,43,46,9508600000,9508800000,200000,199941,199941,0,8286,0,-6986.7552,4454.5536,-6986.7552,4454.5536,-6787.76,4327.68,-6787.76,4327.68,8286,cba192eedbc95286
50,2i,43,47,9508600000,9508800000,200000,200000,200000,0,2773,0,-2338.1936,1490.7648,-2338.1936,1490.7648,-2338.1936,1490.7648,-2338.1936,1490.7648,2773,cba192eedbc95286
50,2i,43,48,9508600000,9508800000,200000,200000,200000,0,0,0,0,0,0,0,0,0,0,0,0,cba192eedbc95286
50,2i,43,49,9508600000,9508800000,200000,200000,200000,0,0,0,0,0,0,0,0,0,0,0,0,cba192eedbc95286
50,2i,43,50,9508600000,9508800000,200000,200000,200000,0,0,0,0,0,0,0,0,0,0,0,0,cba192eedbc95286
50,2i,44,0,9508800000,9509000000,200000,-200000,200000,0,0,0,0,0,0,0,0,0,0,0,0,925c293cd79e5c33
50,2i,44,1,9508800000,9509000000,200000,-200000,200000,0,0,0,0,0,0,0,0,0,0,0,0,925c293cd79e5c33
50,2i,44,2,9508800000,9509000000,200000,-200000,200000,0,0,0,0,0,0,0,0,0,0,0,0,925c293cd79e5c33
50,2i,44,3,9508800000,9509000000,200000,-200000,200000,0,0,0,0,0,0,0,0,0,0,0,0,925c293cd79e5c33
50,2i,44,4,9508800000,9509000000,200000,-200000,200000,0,0,0,0,0,0,0,0,0,0,0,0,925c293cd79e5c33
50,2i,44,5,9508800000,9509000000,200000,-200000,200000,0,0,0,0,0,0,0,0,0,0,0,0,925c293cd79e5c33
50,2i,44,6,9508800000,9509000000,200000,-200000,200000,0,0,0,0,0,0,0,0,0,0,0,0,925c293cd79e5c33
50,2i,44,7,9508800000,9509000000,200000,-200000,200000,129,0,0,-108.7728,69.3504,108.7728,-69.3504,108.7728,-69.3504,-108.7728,69.3504,129,925c293cd79e5c33
50,2i,44,8,9508800000,9509000000,200000,-199997,199997,948,0,0,-799.3536,509.6448,799.3536,-509.6448,779.1168,-496.7424,-779.1168,496.7424,948,925c293cd79e5c33
50,2i,44,9,9508800000,9509000000,200000,-199975,199975,1346,0,0,-1134.9472,723.6096,1134.9472,-723.6096,967.9936,-617.1648,-967.9936,617.1648,1346,925c293cd79e5c33
50,2i,44,10,9508800000,9509000000,200000,-199947,199947,3120,0,0,-2630.784,1677.312,2630.784,-1677.312,2394.688,-1526.784,-2394.688,1526.784,3120,925c293cd79e5c33
50,2i,44,11,9508800000,9509000000,200000,-199876,199876,7879,0,0,-6643.5728,4235.7504,6643.5728,-4235.7504,5985.0336,-3815.8848,-5985.0336,3815.8848,7879,925c293cd79e5c33
50,2i,44,12,9508800000,9509000000,200000,-199694,199694,14420,0,0,-12158.944,7752.192,12158.944,-7752.192,10317.3952,-6578.0736,-10317.3952,6578.0736,14420,925c293cd79e5c33
50,2i,44,13,9508800000,9509000000,200000,-199372,199372,25572,0,0,-21562.3104,13747.5072,21562.3104,-13747.5072,18032.6752,-11497.1136,-18032.6752,11497.1136,25572,925c293cd79e5c33
50,2i,44,14,9508800000,9509000000,200000,-198794,198794,41572,0,0,-34996.076288,22353.475584,34996.076288,-22353.475584,28172.901888,-18003.216384,-28172.901888,18003.216384,41572,925c293cd79e5c33
50,2i,44,15,9508800000,9509000000,200000,-197864,197864,66205,0,0,-55800.12512,35593.62816,55800.12512,-35593.62816,44061.416,-28092.288,-44061.416,28092.288,66205,925c293cd79e5c33
50,2i,44,16,9508800000,9509000000,200000,-196371,196371,94880,0,0,-80002.816,51007.488,80002.816,-51007.488,59860.4544,-38165.2992,-59860.4544,38165.2992,94880,925c293cd79e5c33
50,2i,44,17,9508800000,9509000000,200000,-194283,194283,137730,0,0,-116081.288064,74047.652352,116081.288064,-74047.652352,86151.060864,-54965.002752,-86151.060864,54965.002752,137730,925c293cd79e5c33
50,2i,44,18,9508800000,9509000000,200000,-191185,191185,195156,0,0,-164319.597312,104785.929216,164319.597312,-104785.929216,117328.109568,-74805.018624,-117328.109568,74805.018624,195156,925c293cd79e5c33
50,2i,44,19,9508800000,9509000000,200000,-186829,186829,260363,93,31,-218626.566528,139637.051904,218522.009728,-139570.389504,148910.723072,-95188.240896,-148910.723072,95188.240896,260456,925c293cd79e5c33
50,2i,44,20,9508800000,9509000000,200000,-181097,181103,344950,330,20,-289530.71232,184960.75776,289199.37536,-184612.88448,193259.8816,-123353.5488,-193327.3376,123396.5568,345280,925c293cd79e5c33
50,2i,44,21,9508800000,9509000000,200000,-173409,173433,442733,943,145,-369279.70944,235849.68192,368633.914112,-235276.271616,233558.92672,-149093.73696,-233743.643392,149307.142656,443676,925c293cd79e5c33
50,2i,44,22,9508800000,9509000000,200000,-163677,163753,552500,3372,418,-458220.86272,293241.38496,454693.42208,-290814.78144,279029.551488,-178704.989184,-279379.335296,178978.096128,555872,925c293cd79e5c33
50,2i,44,23,9508800000,9509000000,200000,-151471,151747,675446,9347,685,-557362.590656,357474.820608,545573.163968,-349423.117824,320816.261184,-205658.944512,-323426.479296,207427.888128,684793,925c293cd79e5c33
50,2i,44,24,9508800000,9509000000,200000,-136506,137304,794870,24230,1606,-654500.736,419586.048,624394.411008,-399534.956544,349037.818368,-223174.017024,-357197.11488,228758.69184,819100,925c293cd79e5c33
50,2i,44,25,9508800000,9509000000,200000,-118816,120996,904600,57825,3625,-750229.4896,482394.8928,677937.8096,-434880.6528,363996.168,-234407.424,-385099.08,248317.44,962425,925c293cd79e5c33
50,2i,44,26,9508800000,9509000000,200000,-98009,103433,982962,119068,6388,-836909.595008,538751.468544,683458.492288,-437613.763584,344036.355328,-219691.490304,-397272.674048,254639.883264,1102030,925c293cd79e5c33
50,2i,44,27,9508800000,9509000000,200000,-74632,86464,1016677,220460,11404,-908079.101376,583068.269568,619694.849472,-394735.236096,290529.8304,-184858.8672,-403271.4624,259321.8432,1237137,925c293cd79e5c33
50,2i,44,28,9508800000,9509000000,200000,-48286,71766,988546,368530,16808,-966519.184896,618137.468928,477351.499008,-299704.940544,192708.61248,-119238.12864,-406534.410624,257862.546432,1357076,925c293cd79e5c33
50,2i,44,29,9508800000,9509000000,200000,-20132,62290,869938,557418,19461,-1004095.344384,640819.802112,244720.692096,-151147.158528,47977.054272,-28929.962496,-410927.72448,265949.74464,1427356,925c293cd79e5c33
50,2i,44,30,9508800000,9509000000,200000,8958,60494,690610,759710,20610,-1017090.21110532544379,650454.336227218934911,-47360.108254674556213,30166.7402527810650888,-126084.063454674556213,80950.8938527810650888,-440235.910945325443787,279981.765347218934911,1450320,925c293cd79e5c33
50,2i,44,31,9508800000,9509000000,200000,37839,66643,491141,927240,18897,-1006124.28430731360947,641779.829560047337278,-329505.554936804733728,213167.347063668639053,-291209.334464,187701.207552,-480892.700224,307815.839232,1418381,925c293cd79e5c33
50,2i,44,32,9508800000,9509000000,200000,65369,79563,306228,1032616,13860,-974977.754984520710059,620224.524651550295858,-556886.507368520710059,354964.070763550295858,-425237.466984520710059,271196.940651550295858,-523861.993320520710059,334159.067499550295858,1338844,925c293cd79e5c33
50,2i,44,33,9508800000,9509000000,200000,90807,96949,165940,1065194,8561,-927443.080448,590233.918464,-701598.587008,446594.924544,-511684.637632,324908.990976,-556717.499456,353117.419008,1231134,925c293cd79e5c33
50,2i,44,34,9508800000,9509000000,200000,113847,116097,78164,1021964,5246,-858533.012992,547753.875456,-752303.203584,481213.427712,-552557.487488,353740.637184,-568721.573248,363864.228864,1100128,925c293cd79e5c33
50,2i,44,35,9508800000,9509000000,200000,133645,134395,30645,912305,2480,-757624.30272,481115.30496,-716631.74528,455343.95904,-532636.32928,338739.67104,-538269.94912,342365.66016,942950,925c293cd79e5c33
50,2i,44,36,9508800000,9509000000,200000,150313,150477,11374,779690,1164,-649578.477056,411941.495808,-634943.131392,402560.326656,-483462.394496,306085.321728,-484577.052544,306764.116992,791064,925c293cd79e5c33
50,2i,44,37,9508800000,9509000000,200000,163957,164003,2417,645489,248,-539467.24544,343738.12992,-536268.19584,341753.15712,-418081.986624,266373.714432,-418335.15424,266564.72832,647906,925c293cd79e5c33
50,2i,44,38,9508800000,9509000000,200000,174963,174973,744,517600,100,-434350.186496,276847.177728,-433549.44768,276250.12224,-349742.545408,222942.495744,-349803.255808,222981.202944,518344,925c293cd79e5c33
50,2i,44,39,9508800000,9509000000,200000,183306,183306,195,392106,78,-330103.94976,210198.34368,-329906.64096,210072.54528,-273574.97856,174157.10208,-273574.97856,174157.10208,392301,925c293cd79e5c33
50,2i,44,40,9508800000,9509000000,200000,189390,189390,0,287000,0,-241998.4,154291.2,-241998.4,154291.2,-205201.152,130830.336,-205201.152,130830.336,287000,925c293cd79e5c33
50,2i,44,41,9508800000,9509000000,200000,193754,193754,0,204538,0,-172466.4416,109959.6288,-172466.4416,109959.6288,-150868.7168,96189.5424,-150868.7168,96189.5424,204538,925c293cd79e5c33
50,2i,44,42,9508800000,9509000000,200000,196600,196600,0,133708,0,-112742.5856,71881.4208,-112742.5856,71881.4208,-100789.3824,64260.4032,-100789.3824,64260.4032,133708,925c293cd79e5c33
50,2i,44,43,9508800000,9509000000,200000,198372,198372,0,83042,0,-70021.0144,44643.3792,-70021.0144,44643.3792,-64248.4672,40962.9696,-64248.4672,40962.9696,83042,925c293cd79e5c33
50,2i,44,44,9508800000,9509000000,200000,199350,199350,0,45660,0,-38500.512,24546.816,-38500.512,24546.816,-36284.5824,23134.0032,-36284.5824,23134.0032,45660,925c293cd79e5c33
50,2i,44,45,9508800000,9509000000,200000,199788,199788,0,20515,0,-17298.248,11028.864,-17298.248,11028.864,-16619.472,10596.096,-16619.472,10596.096,20515,925c293cd79e5c33
50,2i,44,46,9508800000,9509000000,200000,199949,199949,0,7610,0,-6416.752,4091.136,-6416.752,4091.136,-6244.7392,3981.4656,-6244.7392,3981.4656,7610,925c293cd79e5c33
50,2i,44,47,9508800000,9509000000,200000,200000,200000,0,2397,0,-2021.1504,1288.6272,-2021.1504,1288.6272,-2021.1504,1288.6272,-2021.1504,1288.6272,2397,925c293cd79e5c33
50,2i,44,48,9508800000,9509000000,200000,200000,200000,0,0,0,0,0,0,0,0,0,0,0,0,925c293cd79e5c33
50,2i,44,49,9508800000,9509000000,200000,200000,200000,0,0,0,0,0,0,0,0,0,0,0,0,925c293cd79e5c33
50,2i,44,50,9508800000,9509000000,200000,200000,200000,0,0,0,0,0,0,0,0,0,0,0,0,925c293cd79e5c33
50,2i,45,0,9509000000,9509200000,200000,-200000,200000,0,0,0,0,0,0,0,0,0,0,0,0,ca642b35e3ec0442
50,2i,45,1,9509000000,9509200000,200000,-200000,200000,0,0,0,0,0,0,0,0,0,0,0,0,ca642b35e3ec0442
50,2i,45,2,9509000000,9509200000,200000,-200000,200000,0,0,0,0,0,0,0,0,0,0,0,0,ca642b35e3ec0442
50,2i,45,3,9509000000,9509200000,200000,-200000,200000,0,0,0,0,0,0,0,0,0,0,0,0,ca642b35e3ec0442
50,2i,45,4,9509000000,9509200000,200000,-200000,200000,0,0,0,0,0,0,0,0,0,0,0,0,ca642b35e3ec0442
50,2i,45,5,9509000000,9509200000,200000,-200000,200000,0,0,0,0,0,0,0,0,0,0,0,0,ca642b35e3ec0442
50,2i,45,6,9509000000,9509200000,200000,-200000,200000,44,0,0,-37.1008,23.6544,37.1008,-23.6544,37.1008,-23.6544,-37.1008,23.6544,44,ca642b35e3ec0442
50,2i,45,7,9509000000,9509200000,200000,-199999,199999,50,0,0,-42.16,26.88,42.16,-26.88,36.2576,-23.1168,-36.2576,23.1168,50,ca642b35e3ec0442
50,2i,45,8,9509000000,9509200000,200000,-199998,199998,344,0,0,-290.0608,184.9344,290.0608,-184.9344,283.3152,-180.6336,-283.3152,180.6336,344,ca642b35e3ec0442
50,2i,45,9,9509000000,9509200000,200000,-199990,199990,1425,0,0,-1201.56,766.08,1201.56,-766.08,1140.8496,-727.3728,-1140.8496,727.3728,1425,ca642b35e3ec0442
50,2i,45,10,9509000000,9509200000,200000,-199957,199957,3650,0,0,-3077.68,1962.24,3077.68,-1962.24,2799.424,-1784.832,-2799.424,1784.832,3650,ca642b35e3ec0442
50,2i,45,11,9509000000,9509200000,200000,-199874,199874,7933,0,0,-6689.1056,4264.7808,6689.1056,-4264.7808,5919.264,-3773.952,-5919.264,3773.952,7933,ca642b35e3ec0442
50,2i,45,12,9509000000,9509200000,200000,-199694,199694,14358,0,0,-12106.6656,7718.8608,12106.6656,-7718.8608,10285.3536,-6557.6448,-10285.3536,6557.6448,14358,ca642b35e3ec0442
50,2i,45,13,9509000000,9509200000,200000,-199373,199373,24523,0,0,-20677.7936,13183.5648,20677.7936,-13183.5648,17159.12,-10940.16,-17159.12,10940.16,24523,ca642b35e3ec0442
50,2i,45,14,9509000000,9509200000,200000,-198823,198823,41324,0,0,-34844.3968,22215.7824,34844.3968,-22215.7824,28351.7568,-18076.2624,-28351.7568,18076.2624,41324,ca642b35e3ec0442
50,2i,45,15,9509000000,9509200000,200000,-197889,197889,62765,0,0,-52923.448,33742.464,52923.448,-33742.464,41110.216,-26210.688,-41110.216,26210.688,62765,ca642b35e3ec0442
50,2i,45,16,9509000000,9509200000,200000,-196496,196496,97768,0,0,-82437.9776,52560.0768,82437.9776,-52560.0768,63644.736,-40578.048,-63644.736,40578.048,97768,ca642b35e3ec0442
50,2i,45,17,9509000000,9509200000,200000,-194276,194276,142185,0,0,-119890.392,76438.656,119890.392,-76438.656,88068.024,-56149.632,-88068.024,56149.632,142185,ca642b35e3ec0442
50,2i,45,18,9509000000,9509200000,200000,-191111,191111,198826,0,0,-167424.835968,106708.813824,167424.835968,-106708.813824,119387.731968,-76081.741824,-119387.731968,76081.741824,198826,ca642b35e3ec0442
50,2i,45,19,9509000000,9509200000,200000,-186678,186678,264368,93,31,-222469.994048,141677.643264,222365.437248,-141610.980864,151531.249792,-96470.777856,-151531.249792,96470.777856,264461,ca642b35e3ec0442
50,2i,45,20,9509000000,9509200000,200000,-180864,180870,347130,210,20,-290818.05184,185599.36512,290593.35936,-185387.79648,192909.88096,-123232.86528,-192977.33696,123275.87328,347340,ca642b35e3ec0442
50,2i,45,21,9509000000,9509200000,200000,-173162,173178,439138,888,58,-366128.657024,234317.701632,365323.946368,-233558.721024,230610.742656,-147601.156608,-230720.808192,147719.149056,440026,ca642b35e3ec0442
50,2i,45,22,9509000000,9509200000,200000,-163566,163636,547274,3422,296,-454728.385024,291627.205632,450787.480832,-288645.528576,277506.617216,-177875.186688,-278033.589376,178361.453568,550696,ca642b35e3ec0442
50,2i,45,23,9509000000,9509200000,200000,-151438,151710,675951,9505,828,-558860.763264,358727.165952,547145.708544,-350688.724992,323432.786112,-207371.567616,-326237.087424,209421.368832,685456,ca642b35e3ec0442
50,2i,45,24,9509000000,9509200000,200000,-136382,137186,796388,24636,1774,-656625.920256,420610.833408,625134.287872,-400555.447296,348177.6032,-222680.2176,-356098.272896,228003.452928,821024,ca642b35e3ec0442
50,2i,45,25,9509000000,9509200000,200000,-118702,120910,899600,55025,3800,-745357.864,476698.752,674911.2368,-431100.9024,360208.1856,-230142.2208,-382872.5728,244307.7504,954625,ca642b35e3ec0442
50,2i,45,26,9509000000,9509200000,200000,-98197,103403,986156,112966,6354,-834526.252928,533502.127104,688370.596224,-438108.767232,350199.665408,-222746.655744,-399893.195008,255436.268544,1099122,ca642b35e3ec0442
50,2i,45,27,9509000000,9509200000,200000,-74614,85986,1021274,216733,10655,-910830.03744,582699.98592,626856.458688,-399141.878784,292656.067584,-186672.179712,-401175.960576,257213.895168,1238007,ca642b35e3ec0442
50,2i,45,28,9509000000,9509200000,200000,-48472,71452,979170,369246,16324,-963749.176832,617336.856576,472496.447232,-300621.643776,188992.377472,-119995.140096,-402588.168832,257580.312576,1348416,ca642b35e3ec0442
50,2i,45,29,9509000000,9509200000,200000,-20452,62226,865210,554480,20034,-998367.937792,636053.561856,242927.753472,-151776.708096,47741.321728,-26995.605504,-413743.649408,263121.567744,1419690,ca642b35e3ec0442
50,2i,45,30,9509000000,9509200000,200000,8458,60170,691610,753810,21180,-1013891.08224,642795.83232,-40025.09184,28718.08512,-120869.02464,77438.31552,-435470.77056,277062.95808,1445420,ca642b35e3ec0442
50,2i,45,31,9509000000,9509200000,200000,37364,66364,492446,928705,19372,-1006487.292608,640032.505344,-329667.047104,209258.307072,-291027.923968,185006.797824,-480215.463296,306362.800128,1421151,ca642b35e3ec0442
50,2i,45,32,9509000000,9509200000,200000,64999,79219,310766,1033742,15380,-976353.59872,622203.43296,-557185.081856,355395.422208,-425446.050432,270197.861376,-525982.922112,332616.815616,1344508,ca642b35e3ec0442
50,2i,45,33,9509000000,9509200000,200000,90565,96531,168729,1061954,10068,-923251.582272,589725.866496,-695686.071232,447640.075776,-511976.609216,329726.642688,-555224.522176,357377.683968,1230683,ca642b35e3ec0442
50,2i,45,34,9509000000,9509200000,200000,113330,115468,77300,1015558,5508,-849918.178688,539758.838784,-746886.663552,474132.673536,-543468.677504,345099.574272,-560004.36672,355423.65696,1092858,ca642b35e3ec0442
50,2i,45,35,9509000000,9509200000,200000,133258,133868,29995,919290,2040,-764100.23008,485585.72544,-723418.23776,460057.92768,-537326.568,341274.624,-541836.74016,344218.49088,949285,ca642b35e3ec0442
50,2i,45,36,9509000000,9509200000,200000,150045,150221,8764,787648,710,-655287.728128,417357.640704,-643112.471296,409367.344128,-489350.769792,311718.137856,-490701.61344,312643.15392,796412,ca642b35e3ec0442
50,2i,45,37,9509000000,9509200000,200000,163765,163805,2724,648813,259,-543209.69504,345574.30272,-539303.480256,342944.913408,-420505.835968,267316.813824,-420841.963968,267501.517824,651537,ca642b35e3ec0442
50,2i,45,38,9509000000,9509200000,200000,174834,174842,656,519938,0,-437142.996864,278552.650752,-436079.521664,277961.137152,-352431.99808,224613.94944,-352512.94528,224665.55904,520594,ca642b35e3ec0442
50,2i,45,39,9509000000,9509200000,200000,183165,183165,156,391787,0,-330087.082048,210327.627264,-329824.003648,210159.896064,-273451.059648,174255.704064,-273451.059648,174255.704064,391943,ca642b35e3ec0442
50,2i,45,40,9509000000,9509200000,200000,189259,189259,0,286590,0,-241585.104,153891.072,-241585.104,153891.072,-205470.848,130865.664,-205470.848,130865.664,286590,ca642b35e3ec0442
50,2i,45,41,9509000000,9509200000,200000,193542,193542,0,202144,0,-170447.8208,108672.6144,-170447.8208,108672.6144,-148068.4496,94404.1728,-148068.4496,94404.1728,202144,ca642b35e3ec0442
50,2i,45,42,9509000000,9509200000,200000,196491,196491,0,138242,0,-116565.6544,74318.8992,-116565.6544,74318.8992,-104437.0656,66586.0608,-104437.0656,66586.0608,138242,ca642b35e3ec0442
50,2i,45,43,9509000000,9509200000,200000,198289,198289,0,84440,0,-71199.808,45394.944,-71199.808,45394.944,-65191.1648,41564.0064,-65191.1648,41564.0064,84440,ca642b35e3ec0442
50,2i,45,44,9509000000,9509200000,200000,199307,199307,0,47558,0,-40100.9056,25567.1808,-40100.9056,25567.1808,-37768.6144,24080.1792,-37768.6144,24080.1792,47558,ca642b35e3ec0442
50,2i,45,45,9509000000,9509200000,200000,199768,199768,0,21675,0,-18276.36,11652.48,-18276.36,11652.48,-17492.184,11152.512,-17492.184,11152.512,21675,ca642b35e3ec0442
50,2i,45,46,9509000000,9509200000,200000,199954,199954,0,8740,0,-7369.568,4698.624,-7369.568,4698.624,-7214.4192,4599.7056,-7214.4192,4599.7056,8740,ca642b35e3ec0442
50,2i,45,47,9509000000,9509200000,200000,200000,200000,0,2162,0,-1822.9984,1162.2912,-1822.9984,1162.2912,-1822.9984,1162.2912,-1822.9984,1162.2912,2162,ca642b35e3ec0442
50,2i,45,48,9509000000,9509200000,200000,200000,200000,0,0,0,0,0,0,0,0,0,0,0,0,ca642b35e3ec0442
50,2i,45,49,9509000000,9509200000,200000,200000,200000,0,0,0,0,0,0,0,0,0,0,0,0,ca642b35e3ec0442
50,2i,45,50,9509000000,9509200000,200000,200000,200000,0,0,0,0,0,0,0,0,0,0,0,0,ca642b35e3ec0442
50,2i,46,0,9509200000,9509400000,200000,-200000,200000,0,0,0,0,0,0,0,0,0,0,0,0,bed32de116250b4a
50,2i,46,1,9509200000,9509400000,200000,-200000,200000,0,0,0,0,0,0,0,0,0,0,0,0,bed32de116250b4a
50,2i,46,2,9509200000,9509400000,200000,-200000,200000,0,0,0,0,0,0,0,0,0,0,0,0,bed32de116250b4a
50,2i,46,3,9509200000,9509400000,200000,-200000,200000,0,0,0,0,0,0,0,0,0,0,0,0,bed32de116250b4a
50,2i,46,4,9509200000,9509400000,200000,-200000,200000,0,0,0,0,0,0,0,0,0,0,0,0,bed32de116250b4a
50,2i,46,5,9509200000,9509400000,200000,-200000,200000,0,0,0,0,0,0,0,0,0,0,0,0,bed32de116250b4a
50,2i,46,6,9509200000,9509400000,200000,-200000,200000,0,0,0,0,0,0,0,0,0,0,0,0,bed32de116250b4a
50,2i,46,7,9509200000,9509400000,200000,-200000,200000,129,0,0,-108.7728,69.3504,108.7728,-69.3504,108.7728,-69.3504,-108.7728,69.3504,129,bed32de116250b4a
50,2i,46,8,9509200000,9509400000,200000,-199997,199997,444,0,0,-374.3808,238.6944,374.3808,-238.6944,354.144,-225.792,-354.144,225.792,444,bed32de116250b4a
50,2i,46,9,9509200000,9509400000,200000,-199987,199987,1484,0,0,-1251.3088,797.7984,1251.3088,-797.7984,1175.4208,-749.4144,-1175.4208,749.4144,1484,bed32de116250b4a
50,2i,46,10,9509200000,9509400000,200000,-199953,199953,3300,0,0,-2782.56,1774.08,2782.56,-1774.08,2495.872,-1591.296,-2495.872,1591.296,3300,bed32de116250b4a
50,2i,46,11,9509200000,9509400000,200000,-199879,199879,7561,0,0,-6375.4352,4064.7936,6375.4352,-4064.7936,5689.0704,-3627.1872,-5689.0704,3627.1872,7561,bed32de116250b4a
50,2i,46,12,9509200000,9509400000,200000,-199706,199706,13514,0,0,-11395.0048,7265.1264,11395.0048,-7265.1264,9644.5216,-6149.0688,-9644.5216,6149.0688,13514,bed32de116250b4a
50,2i,46,13,9509200000,9509400000,200000,-199405,199405,25891,0,0,-21831.2912,13919.0016,21831.2912,-13919.0016,18531.8496,-11815.3728,-18531.8496,11815.3728,25891,bed32de116250b4a
50,2i,46,14,9509200000,9509400000,200000,-198811,198811,44208,0,0,-37276.1856,23766.2208,37276.1856,-23766.2208,30264.1344,-19295.5392,-30264.1344,19295.5392,44208,bed32de116250b4a
50,2i,46,15,9509200000,9509400000,200000,-197814,197814,67630,0,0,-57025.616,36357.888,57025.616,-36357.888,44415.56,-28318.08,-44415.56,28318.08,67630,bed32de116250b4a
50,2i,46,16,9509200000,9509400000,200000,-196309,196309,98268,0,0,-82805.334272,52833.002496,82805.334272,-52833.002496,62501.078272,-39887.594496,-62501.078272,39887.594496,98268,bed32de116250b4a
50,2i,46,17,9509200000,9509400000,200000,-194127,194127,141869,0,0,-119525.5856,76225.4208,119525.5856,-76225.4208,88275.046464,-56281.623552,-88275.046464,56281.623552,141869,bed32de116250b4a
50,2i,46,18,9509200000,9509400000,200000,-190952,190952,195870,32,0,-165127.689344,105244.219392,165073.724544,-105209.812992,116950.6816,-74527.9488,-116950.6816,74527.9488,195902,bed32de116250b4a
50,2i,46,19,9509200000,9509400000,200000,-186616,186618,261917,50,0,-220312.544832,140513.880576,220228.224832,-140460.120576,150814.896832,-96225.816576,-150846.938432,96246.245376,261967,bed32de116250b4a
50,2i,46,20,9509200000,9509400000,200000,-180823,180827,345640,80,0,-289954.13248,185253.48864,289819.22048,-185167.47264,192559.54304,-123111.96672,-192593.27104,123133.47072,345720,bed32de116250b4a
50,2i,46,21,9509200000,9509400000,200000,-173161,173169,445060,941,87,-371503.266752,237164.891136,370248.146624,-236232.594432,236036.80736,-150490.26048,-236107.63616,150535.41888,446001,bed32de116250b4a
50,2i,46,22,9509200000,9509400000,200000,-163330,163400,556612,3202,206,-462651.212928,294959.407104,458522.242688,-292099.190784,281048.242176,-179010.643968,-281946.67008,179683.64544,559814,bed32de116250b4a
50,2i,46,23,9509200000,9509400000,200000,-151061,151311,668188,9171,466,-552283.895104,352651.971072,540370.51232,-344767.15776,313770.320576,-200490.375168,-316423.980352,202287.015936,677359,bed32de116250b4a
50,2i,46,24,9509200000,9509400000,200000,-136425,137201,789786,24668,1612,-651501.977984,416904.486912,620124.946304,-396794.652672,351611.673728,-225131.541504,-359842.538624,230543.250432,814454,bed32de116250b4a
50,2i,46,25,9509200000,9509400000,200000,-118610,120798,901400,57500,3825,-750844.9728,478830.9504,677130.5248,-432800.4864,360814.4896,-229674.8928,-383070.4192,243807.7056,958900,bed32de116250b4a
50,2i,46,26,9509200000,9509400000,200000,-98069,103445,982990,116276,6710,-835326.418048,532238.475264,684056.337792,-435264.761856,346112.795776,-220953.888768,-399629.654912,254127.446016,1099266,bed32de116250b4a
50,2i,46,27,9509200000,9509400000,200000,-74519,86131,1017575,216160,10930,-906670.820544,577608.340992,622515.6976,-394465.0368,290126.94368,-182915.85024,-400099.31744,254691.02592,1233735,bed32de116250b4a
50,2i,46,28,9509200000,9509400000,200000,-48524,71612,979982,366958,15902,-963746.592736189349112,612517.30260525443787,471158.781920189349112,-299327.35111725443787,191290.681056189349112,-121763.62836525443787,-403339.245280189349112,257342.21959725443787,1346940,bed32de116250b4a
50,2i,46,29,9509200000,9509400000,200000,-20384,62226,872756,557932,19899,-1004564.03568624852071,641242.704629396449704,240141.557725159763314,-154623.745145183431953,45536.750912,-31005.974016,-415338.485056,265130.039808,1430688,bed32de116250b4a
50,2i,46,30,9509200000,9509400000,200000,8884,60196,700450,760350,22400,-1018151.76978934911243,651150.490054437869822,-42775.596989349112426,24997.9396544378698225,-123380.470589349112426,78802.9444544378698225,-440363.449149349112426,281904.046534437869822,1460800,bed32de116250b4a
50,2i,46,31,9509200000,9509400000,200000,38022,66236,493755,935633,21136,-1006506.449152,641663.694336,-331616.583808,210815.506944,-293534.047168,186446.375424,-477100.295744,302487.854592,1429388,bed32de116250b4a
50,2i,46,32,9509200000,9509400000,200000,65712,79638,301238,1043770,15798,-972473.82912,621009.50016,-566635.195648,362212.952064,-429548,274464,-526222.425344,337822.267392,1345008,bed32de116250b4a
50,2i,46,33,9509200000,9509400000,200000,91208,97064,164860,1063122,10263,-920461.741824,588252.268032,-701152.328832,445503.192576,-513690.566208,326728.710144,-555763.532736,353320.962048,1227982,bed32de116250b4a
50,2i,46,34,9509200000,9509400000,200000,113950,116076,75218,1010714,5272,-843664.854784,539856.909312,-743949.323264,476709.245952,-544375.17248,348724.20864,-559944.770944,358687.368192,1085932,bed32de116250b4a
50,2i,46,35,9509200000,9509400000,200000,133494,134144,29340,904780,2135,-749573.35808,479386.42944,-710723.39776,454468.80768,-526207.33728,336576.21504,-530998.80096,339699.42528,934120,bed32de116250b4a
50,2i,46,36,9509200000,9509400000,200000,150166,150348,9432,780936,1120,-647561.84064,413565.80352,-634719.50336,405309.58848,-483037.328896,308715.260928,-484380.153344,309475.771392,790368,bed32de116250b4a
50,2i,46,37,9509200000,9509400000,200000,163750,163788,2872,641709,322,-536913.270208,341976.582144,-533057.452224,339770.975232,-415916.64064,265092.20352,-416223.56544,265287.88992,644581,bed32de116250b4a
50,2i,46,38,9509200000,9509400000,200000,174671,174677,644,515214,76,-432955.907456,275637.163008,-431998.032256,275026.449408,-347568.091776,221210.016768,-347628.802176,221248.723968,515858,bed32de116250b4a
50,2i,46,39,9509200000,9509400000,200000,183076,183076,117,395053,0,-332758.25856,212100.14208,-332560.94976,211974.34368,-275855.19936,175832.91648,-275855.19936,175832.91648,395170,bed32de116250b4a
50,2i,46,40,9509200000,9509400000,200000,189201,189201,0,288790,0,-243485.2,155193.6,-243485.2,155193.6,-206561.472,131652.096,-206561.472,131652.096,288790,bed32de116250b4a
50,2i,46,41,9509200000,9509400000,200000,193580,193580,0,205999,0,-173698.3568,110745.0624,-173698.3568,110745.0624,-151387.2848,96520.1664,-151387.2848,96520.1664,205999,bed32de116250b4a
50,2i,46,42,9509200000,9509400000,200000,196520,196520,0,137368,0,-115828.6976,73849.0368,-115828.6976,73849.0368,-104118.336,66382.848,-104118.336,66382.848,137368,bed32de116250b4a
50,2i,46,43,9509200000,9509400000,200000,198256,198256,0,81613,0,-68816.0816,43875.1488,-68816.0816,43875.1488,-62943.1936,40130.7648,-62943.1936,40130.7648,81613,bed32de116250b4a
50,2i,46,44,9509200000,9509400000,200000,199251,199251,0,46774,0,-39439.8368,25145.7024,-39439.8368,25145.7024,-36915.296,23536.128,-36915.296,23536.128,46774,bed32de116250b4a
50,2i,46,45,9509200000,9509400000,200000,199750,199750,0,23465,0,-19785.688,12614.784,-19785.688,12614.784,-18934.056,12071.808,-18934.056,12071.808,23465,bed32de116250b4a
50,2i,46,46,9509200000,9509400000,200000,199952,199952,0,9484,0,-7996.9088,5098.5984,-7996.9088,5098.5984,-7835.0144,4995.3792,-7835.0144,4995.3792,9484,bed32de116250b4a
50,2i,46,47,9509200000,9509400000,200000,200000,200000,0,2256,0,-1902.2592,1212.8256,-1902.2592,1212.8256,-1902.2592,1212.8256,-1902.2592,1212.8256,2256,bed32de116250b4a
50,2i,46,48,9509200000,9509400000,200000,200000,200000,0,0,0,0,0,0,0,0,0,0,0,0,bed32de116250b4a
50,2i,46,49,9509200000,9509400000,200000,200000,200000,0,0,0,0,0,0,0,0,0,0,0,0,bed32de116250b4a
50,2i,46,50,9509200000,9509400000,200000,200000,200000,0,0,0,0,0,0,0,0,0,0,0,0,bed32de116250b4a
50,2i,47,0,9509400000,9509600000,200000,-200000,200000,0,0,0,0,0,0,0,0,0,0,0,0,cc6f9c8c13d62601
50,2i,47,1,9509400000,9509600000,200000,-200000,200000,0,0,0,0,0,0,0,0,0,0,0,0,cc6f9c8c13d62601
50,2i,47,2,9509400000,9509600000,200000,-200000,200000,0,0,0,0,0,0,0,0,0,0,0,0,cc6f9c8c13d62601
50,2i,47,3,9509400000,9509600000,200000,-200000,200000,0,0,0,0,0,0,0,0,0,0,0,0,cc6f9c8c13d62601
50,2i,47,4,9509400000,9509600000,200000,-200000,200000,0,0,0,0,0,0,0,0,0,0,0,0,cc6f9c8c13d62601
50,2i,47,5,9509400000,9509600000,200000,-200000,200000,0,0,0,0,0,0,0,0,0,0,0,0,cc6f9c8c13d62601
50,2i,47,6,9509400000,9509600000,200000,-200000,200000,0,0,0,0,0,0,0,0,0,0,0,0,cc6f9c8c13d62601
50,2i,47,7,9509400000,9509600000,200000,-200000,200000,301,0,0,-253.8032,161.8176,253.8032,-161.8176,253.8032,-161.8176,-253.8032,161.8176,301,cc6f9c8c13d62601
50,2i,47,8,9509400000,9509600000,200000,-199993,199993,686,0,0,-578.4352,368.7936,578.4352,-368.7936,531.216,-338.688,-531.216,338.688,686,cc6f9c8c13d62601
50,2i,47,9,9509400000,9509600000,200000,-199978,199978,1447,0,0,-1220.1104,777.9072,1220.1104,-777.9072,1106.2784,-705.3312,-1106.2784,705.3312,1447,cc6f9c8c13d62601
50,2i,47,10,9509400000,9509600000,200000,-199946,199946,3240,0,0,-2731.968,1741.824,2731.968,-1741.824,2462.144,-1569.792,-2462.144,1569.792,3240,cc6f9c8c13d62601
50,2i,47,11,9509400000,9509600000,200000,-199873,199873,8447,0,0,-7122.5104,4541.1072,7122.5104,-4541.1072,6445.4208,-4109.4144,-6445.4208,4109.4144,8447,cc6f9c8c13d62601
50,2i,47,12,9509400000,9509600000,200000,-199677,199677,15120,0,0,-12749.184,8128.512,12749.184,-8128.512,10765.9776,-6864.0768,-10765.9776,6864.0768,15120,cc6f9c8c13d62601
50,2i,47,13,9509400000,9509600000,200000,-199341,199341,26198,0,0,-22090.1536,14084.0448,22090.1536,-14084.0448,18407.056,-11735.808,-18407.056,11735.808,26198,cc6f9c8c13d62601
50,2i,47,14,9509400000,9509600000,200000,-198751,198751,43252,0,0,-36470.0864,23252.2752,36470.0864,-23252.2752,29505.2544,-18811.6992,-29505.2544,18811.6992,43252,cc6f9c8c13d62601
50,2i,47,15,9509400000,9509600000,200000,-197779,197779,66555,0,0,-56119.176,35779.968,56119.176,-35779.968,43825.32,-27941.76,-43825.32,27941.76,66555,cc6f9c8c13d62601
50,2i,47,16,9509400000,9509600000,200000,-196294,196294,96112,0,0,-81041.6384,51669.8112,81041.6384,-51669.8112,61007.2064,-38896.4352,-61007.2064,38896.4352,96112,cc6f9c8c13d62601
50,2i,47,17,9509400000,9509600000,200000,-194166,194166,137222,0,0,-115547.646592,73782.560256,115547.646592,-73782.560256,85044.043392,-54334.342656,-85044.043392,54334.342656,137222,cc6f9c8c13d62601
50,2i,47,18,9509400000,9509600000,200000,-191104,191104,191724,0,0,-161437.375744,102989.294592,161437.375744,-102989.294592,115049.715712,-73352.380416,-115049.715712,73352.380416,191724,cc6f9c8c13d62601
50,2i,47,19,9509400000,9509600000,200000,-186835,186835,264507,62,0,-222502.141888,141931.536384,222397.585088,-141864.873984,154139.094784,-98345.229312,-154139.094784,98345.229312,264569,cc6f9c8c13d62601
50,2i,47,20,9509400000,9509600000,200000,-180917,180921,350910,220,0,-293948.05696,188004.83328,293644.63296,-187948.00128,194318.03968,-124506.37824,-194385.49568,124549.38624,351130,cc6f9c8c13d62601
50,2i,47,21,9509400000,9509600000,200000,-173158,173174,446027,967,87,-372323.97824,238128.76032,371290.051584,-237367.091712,235678.188736,-150573.570048,-235843.366336,150583.246848,446994,cc6f9c8c13d62601
50,2i,47,22,9509400000,9509600000,200000,-163363,163437,551272,3186,318,-458060.92352,292226.31936,454192.106624,-289481.874432,276943.98592,-176336.96256,-277603.036928,176907.439104,554458,cc6f9c8c13d62601
50,2i,47,23,9509400000,9509600000,200000,-151257,151513,660798,9599,720,-547333.798208,349500.486144,535580.093632,-341655.998976,312378.264832,-199602.840576,-315014.85824,201388.60032,670397,cc6f9c8c13d62601
50,2i,47,24,9509400000,9509600000,200000,-136740,137552,792316,24430,1652,-654846.447232,417021.643776,624165.685632,-396768.254976,356612.628992,-225983.763456,-364716.727808,231369.298944,816746,cc6f9c8c13d62601
50,2i,47,25,9509400000,9509600000,200000,-118727,120905,915900,56750,3425,-759822.581491124260355,483067.328378698224852,686186.085491124260355,-436289.600378698224852,365357.208691124260355,-232649.177978698224852,-387065.538291124260355,246945.190778698224852,972650,cc6f9c8c13d62601
50,2i,47,26,9509400000,9509600000,200000,-97834,103186,989996,116910,6326,-839392.404174769230769,534451.966345846153846,686478.495438769230769,-438429.436297846153846,344672.974848,-220161.137664,-398678.267904,253942.121472,1106906,cc6f9c8c13d62601
50,2i,47,27,9509400000,9509600000,200000,-74347,86003,1021948,216664,10274,-910714.811067834319527,581212.492636402366864,627459.035972165680473,-403176.146083597633136,295315.753152,-190500.366336,-406587.945792,260522.105856,1238612,cc6f9c8c13d62601
50,2i,47,28,9509400000,9509600000,200000,-48066,71162,982246,366586,15422,-963709.482502059171598,616599.643560142011834,476676.351993940828402,-305519.598167857988166,188261.528569940828402,-120776.181335857988166,-397632.846342059171598,252272.224680142011834,1348832,cc6f9c8c13d62601
50,2i,47,29,9509400000,9509600000,200000,-20204,62066,859858,556552,20126,-993776.890624,634431.186432,235285.26336,-143741.26848,45369.044224,-24851.231232,-411377.797376,261575.597568,1416410,cc6f9c8c13d62601
50,2i,47,30,9509400000,9509600000,200000,8768,60184,690770,750890,22050,-1008908.47232,642408.43776,-38406.33856,31249.58208,-121341.5872,80415.1296,-439348.23296,282392.80128,1441660,cc6f9c8c13d62601
50,2i,47,31,9509400000,9509600000,200000,37393,66013,492760,919205,20657,-1000369.1952,637600.4736,-317960.90528,203586.83904,-282385.373312,180434.697216,-471883.362304,301382.940672,1411965,cc6f9c8c13d62601
50,2i,47,32,9509400000,9509600000,200000,65003,78947,307734,1035164,15436,-975973.365376,620442.221568,-559518.216576,356343.303168,-426348.723584,272428.787712,-523649.364608,332825.401344,1342898,cc6f9c8c13d62601
50,2i,47,33,9509400000,9509600000,200000,90524,96366,165660,1063300,9647,-924380.150272,584536.490496,-703005.362816,447135.487488,-515207.229824,327233.452032,-558197.508736,353907.330048,1228960,cc6f9c8c13d62601
50,2i,47,34,9509400000,9509600000,200000,113275,115355,75874,1014732,5026,-849758.71936,537792.27648,-747694.902144,474627.489792,-545939.144832,345622.680576,-562022.404224,355439.711232,1090606,cc6f9c8c13d62601
50,2i,47,35,9509400000,9509600000,200000,133092,133682,29525,915905,2265,-759383.10592,482117.12256,-719533.66336,457632.46848,-533048.29792,339042.17856,-537715.61056,342052.07808,945430,cc6f9c8c13d62601
50,2i,47,36,9509400000,9509600000,200000,149881,150011,9050,788484,746,-656124.145024,416098.885632,-643925.98464,408271.59552,-489285.127936,310084.635648,-490281.737984,310688.166912,797534,cc6f9c8c13d62601
50,2i,47,37,9509400000,9509600000,200000,163676,163696,2139,649534,272,-543319.961536,345186.920448,-540547.244352,343532.967936,-423426.331776,269010.336768,-423565.150976,269069.242368,651673,cc6f9c8c13d62601
50,2i,47,38,9509400000,9509600000,200000,174542,174546,328,516212,38,-433702.77376,275842.37568,-433256.52096,275644.38528,-346182.743168,220153.703424,-346223.216768,220179.508224,516540,cc6f9c8c13d62601
50,2i,47,39,9509400000,9509600000,200000,183178,183178,78,404728,0,-341035.639424,217174.904832,-340904.100224,217091.039232,-283649.169024,180624.517632,-283649.169024,180624.517632,404806,cc6f9c8c13d62601
50,2i,47,40,9509400000,9509600000,200000,189360,189360,0,290400,0,-244792.064,155924.352,-244792.064,155924.352,-208438.912,132758.016,-208438.912,132758.016,290400,cc6f9c8c13d62601
50,2i,47,41,9509400000,9509600000,200000,193672,193672,0,202703,0,-170896.0784,108911.7312,-170896.0784,108911.7312,-149047.9232,94981.9776,-149047.9232,94981.9776,202703,cc6f9c8c13d62601
50,2i,47,42,9509400000,9509600000,200000,196551,196551,0,134750,0,-113621.2,72441.6,-113621.2,72441.6,-101958.0576,65005.5168,-101958.0576,65005.5168,134750,cc6f9c8c13d62601
50,2i,47,43,9509400000,9509600000,200000,198280,198280,0,81487,0,-68709.8384,43807.4112,-68709.8384,43807.4112,-62689.3904,39968.9472,-62689.3904,39968.9472,81487,cc6f9c8c13d62601
50,2i,47,44,9509400000,9509600000,200000,199300,199300,0,47586,0,-40124.5152,25582.2336,-40124.5152,25582.2336,-37842.816,24127.488,-37842.816,24127.488,47586,cc6f9c8c13d62601
50,2i,47,45,9509400000,9509600000,200000,199751,199751,0,21305,0,-17964.376,11453.568,-17964.376,11453.568,-17112.744,10910.592,-17112.744,10910.592,21305,cc6f9c8c13d62601
50,2i,47,46,9509400000,9509600000,200000,199953,199953,0,9480,0,-7993.536,5096.448,-7993.536,5096.448,-7835.0144,4995.3792,-7835.0144,4995.3792,9480,cc6f9c8c13d62601
50,2i,47,47,9509400000,9509600000,200000,200000,200000,0,2209,0,-1862.6288,1187.5584,-1862.6288,1187.5584,-1862.6288,1187.5584,-1862.6288,1187.5584,2209,cc6f9c8c13d62601
50,2i,47,48,9509400000,9509600000,200000,200000,200000,0,0,0,0,0,0,0,0,0,0,0,0,cc6f9c8c13d62601
50,2i,47,49,9509400000,9509600000,200000,200000,200000,0,0,0,0,0,0,0,0,0,0,0,0,cc6f9c8c13d62601
50,2i,47,50,9509400000,9509600000,200000,200000,200000,0,0,0,0,0,0,0,0,0,0,0,0,cc6f9c8c13d62601
50,2i,48,0,9509600000,9509800000,200000,-200000,200000,0,0,0,0,0,0,0,0,0,0,0,0,fe9299b2ae0d80b7
50,2i,48,1,9509600000,9509800000,200000,-200000,200000,0,0,0,0,0,0,0,0,0,0,0,0,fe9299b2ae0d80b7
50,2i,48,2,9509600000,9509800000,200000,-200000,200000,0,0,0,0,0,0,0,0,0,0,0,0,fe9299b2ae0d80b7
50,2i,48,3,9509600000,9509800000,200000,-200000,200000,0,0,0,0,0,0,0,0,0,0,0,0,fe9299b2ae0d80b7
50,2i,48,4,9509600000,9509800000,200000,-200000,200000,0,0,0,0,0,0,0,0,0,0,0,0,fe9299b2ae0d80b7
50,2i,48,5,9509600000,9509800000,200000,-200000,200000,0,0,0,0,0,0,0,0,0,0,0,0,fe9299b2ae0d80b7
50,2i,48,6,9509600000,9509800000,200000,-200000,200000,0,0,0,0,0,0,0,0,0,0,0,0,fe9299b2ae0d80b7
50,2i,48,7,9509600000,9509800000,200000,-200000,200000,172,0,0,-145.0304,92.4672,145.0304,-92.4672,145.0304,-92.4672,-145.0304,92.4672,172,fe9299b2ae0d80b7
50,2i,48,8,9509600000,9509800000,200000,-199996,199996,830,0,0,-699.856,446.208,699.856,-446.208,672.8736,-429.0048,-672.8736,429.0048,830,fe9299b2ae0d80b7
50,2i,48,9,9509600000,9509800000,200000,-199977,199977,2385,0,0,-2011.032,1282.176,2011.032,-1282.176,1866.8448,-1190.2464,-1866.8448,1190.2464,2385,fe9299b2ae0d80b7
50,2i,48,10,9509600000,9509800000,200000,-199923,199923,4660,0,0,-3929.312,2505.216,3929.312,-2505.216,3473.984,-2214.912,-3473.984,2214.912,4660,fe9299b2ae0d80b7
50,2i,48,11,9509600000,9509800000,200000,-199820,199820,8699,0,0,-7334.9968,4676.5824,7334.9968,-4676.5824,6379.6512,-4067.4816,-6379.6512,4067.4816,8699,fe9299b2ae0d80b7
50,2i,48,12,9509600000,9509800000,200000,-199626,199626,15362,0,0,-12953.2384,8258.6112,12953.2384,-8258.6112,10990.2688,-7007.0784,-10990.2688,7007.0784,15362,fe9299b2ae0d80b7
50,2i,48,13,9509600000,9509800000,200000,-199283,199283,26252,0,0,-22135.6864,14113.0752,22135.6864,-14113.0752,18375.8576,-11715.9168,-18375.8576,11715.9168,26252,fe9299b2ae0d80b7
50,2i,48,14,9509600000,9509800000,200000,-198694,198694,42482,0,0,-35820.8224,22838.3232,35820.8224,-22838.3232,28867.7952,-18405.2736,-28867.7952,18405.2736,42482,fe9299b2ae0d80b7
50,2i,48,15,9509600000,9509800000,200000,-197743,197743,66660,0,0,-56207.712,35836.416,56207.712,-35836.416,44179.464,-28167.552,-44179.464,28167.552,66660,fe9299b2ae0d80b7
50,2i,48,16,9509600000,9509800000,200000,-196246,196246,97528,0,0,-82181.366272,52435.178496,82181.366272,-52435.178496,61985.039872,-39558.583296,-61985.039872,39558.583296,97528,fe9299b2ae0d80b7
50,2i,48,17,9509600000,9509800000,200000,-194082,194082,138527,0,0,-116760.259136,74424.757248,116760.259136,-74424.757248,85767.7392,-54645.4656,-85767.7392,54645.4656,138527,fe9299b2ae0d80b7
50,2i,48,18,9509600000,9509800000,200000,-190999,190999,193542,32,0,-162800.024192,103921.837056,162746.059392,-103887.430656,115990.638592,-74098.016256,-115990.638592,74098.016256,193574,fe9299b2ae0d80b7
50,2i,48,19,9509600000,9509800000,200000,-186684,186686,260495,81,0,-219121.451904,139862.633472,218984.853504,-139775.542272,150167.69024,-95813.17632,-150199.73184,95833.60512,260576,fe9299b2ae0d80b7
50,2i,48,20,9509600000,9509800000,200000,-180923,180929,344200,190,0,-288740.74432,184274.93376,288516.05184,-184063.36512,191701.95328,-122326.10304,-191769.40928,122369.11104,344390,fe9299b2ae0d80b7
50,2i,48,21,9509600000,9509800000,200000,-173284,173300,441063,772,145,-368449.677504,235107.574272,367557.307968,-234688.909824,233733.483072,-149195.920896,-233843.548608,149313.913344,441835,fe9299b2ae0d80b7
50,2i,48,22,9509600000,9509800000,200000,-163580,163642,553098,2690,278,-459312.723456,293716.651008,455955.414016,-291790.169088,279980.527616,-179411.493888,-280573.999616,179639.589888,555788,fe9299b2ae0d80b7
50,2i,48,23,9509600000,9509800000,200000,-151355,151573,669099,9462,678,-553664.555712,353501.500416,541573.055168,-345106.919424,316255.905664,-201139.249152,-318526.200704,202534.351872,678561,fe9299b2ae0d80b7
50,2i,48,24,9509600000,9509800000,200000,-136637,137423,790366,25068,1598,-653637.41248,416396.52864,621439.104896,-395212.028928,351047.897856,-223282.910208,-359777.858304,229504.668672,815434,fe9299b2ae0d80b7
50,2i,48,25,9509600000,9509800000,200000,-118860,121050,911400,56050,3525,-754042.2272,480698.6496,682961.296,-435664.128,365475.7504,-233301.4272,-388041.4688,247688.6784,967450,fe9299b2ae0d80b7
50,2i,48,26,9509600000,9509800000,200000,-97939,103209,993674,117608,6172,-841498.532736,537400.962048,690266.196864,-441330.250752,348825.50016,-223314.17088,-399281.321472,255187.332096,1111282,fe9299b2ae0d80b7
50,2i,48,27,9509600000,9509800000,200000,-74300,86034,1022420,218962,10103,-913772.13888,583084.32384,626445.042432,-398121.317376,292611.714048,-185334.603264,-405985.292928,257556.847104,1241382,fe9299b2ae0d80b7
50,2i,48,28,9509600000,9509800000,200000,-48077,71263,982478,367106,15344,-967492.476672,613901.085696,477106.16576,-299865.03168,191181.610624,-118672.146432,-402951.110272,255921.770496,1349584,fe9299b2ae0d80b7
50,2i,48,29,9509600000,9509800000,200000,-20107,62091,863891,555651,19460,-1000758.807168,633190.055424,241557.207808,-152801.938944,45936.724928,-29586.223104,-413204.339776,262622.880768,1419542,fe9299b2ae0d80b7
50,2i,48,30,9509600000,9509800000,200000,8865,60079,692240,752580,21300,-1011311.72608,643963.45344,-41857.54624,24979.38432,-123183.65952,75908.36736,-436722.03264,277450.85952,1444820,fe9299b2ae0d80b7
50,2i,48,31,9509600000,9509800000,200000,37648,66114,490363,927298,19797,-1004141.424192,641637.037056,-330164.646976,209430.970368,-288283.125184,184669.696512,-476275.424064,304484.900352,1417661,fe9299b2ae0d80b7
50,2i,48,32,9509600000,9509800000,200000,65300,79264,305292,1038176,14778,-979233.458432,623349.605376,-561548.929024,359168.197632,-429254.426496,273575.497728,-530320.347264,335962.877952,1343468,fe9299b2ae0d80b7
50,2i,48,33,9509600000,9509800000,200000,90778,96602,166848,1060574,9324,-923980.517504,588744.694272,-695575.57568,446954.82624,-511214.93568,328191.30624,-554332.356096,355604.310528,1227422,fe9299b2ae0d80b7
50,2i,48,34,9509600000,9509800000,200000,113522,115518,76164,1010156,5406,-846539.556864,537078.730752,-746018.298112,472998.383616,-546865.592448,347276.734464,-561152.010368,356531.073024,1086320,fe9299b2ae0d80b7
50,2i,48,35,9509600000,9509800000,200000,133086,133696,27750,905645,2085,-749473.88896,475093.40928,-713366.4336,451651.0848,-527537.94272,333382.82496,-532393.85888,336581.28384,933395,fe9299b2ae0d80b7
50,2i,48,36,9509600000,9509800000,200000,149663,149807,9270,780786,790,-650315.819264,414526.973952,-637368.473856,406058.078208,-482843.65184,307740.16512,-484136.798464,308532.759552,790056,fe9299b2ae0d80b7
50,2i,48,37,9509600000,9509800000,200000,163469,163487,2435,651348,211,-545406.37024,347423.41632,-541857.229248,345244.836864,-423721.451264,269941.949952,-423852.990464,270025.815552,653783,fe9299b2ae0d80b7
50,2i,48,38,9509600000,9509800000,200000,174466,174468,316,520866,76,-437515.133568,278746.650624,-437110.397568,278488.602624,-350304.80448,223171.18464,-350325.04128,223184.08704,521182,fe9299b2ae0d80b7
50,2i,48,39,9509600000,9509800000,200000,183074,183074,39,403433,0,-339876.006912,216631.382016,-339810.237312,216589.449216,-282742.988736,180179.970048,-282742.988736,180179.970048,403472,fe9299b2ae0d80b7
50,2i,48,40,9509600000,9509800000,200000,189234,189234,0,290560,0,-244872.56064,156214.76352,-244872.56064,156214.76352,-207636.84864,132474.34752,-207636.84864,132474.34752,290560,fe9299b2ae0d80b7
50,2i,48,41,9509600000,9509800000,200000,193650,193650,0,207336,0,-174825.7152,111463.8336,-174825.7152,111463.8336,-152666.4192,97335.7056,-152666.4192,97335.7056,207336,fe9299b2ae0d80b7
50,2i,48,42,9509600000,9509800000,200000,196570,196570,0,136648,0,-115221.5936,73461.9648,-115221.5936,73461.9648,-103410.048,65931.264,-103410.048,65931.264,136648,fe9299b2ae0d80b7
50,2i,48,43,9509600000,9509800000,200000,198321,198321,0,82069,0,-69200.5808,44120.2944,-69200.5808,44120.2944,-63487.0576,40477.5168,-63487.0576,40477.5168,82069,fe9299b2ae0d80b7
50,2i,48,44,9509600000,9509800000,200000,199289,199289,0,45388,0,-38271.1616,24400.5888,-38271.1616,24400.5888,-35913.5744,22897.4592,-35913.5744,22897.4592,45388,fe9299b2ae0d80b7
50,2i,48,45,9509600000,9509800000,200000,199755,199755,0,21920,0,-18482.944,11784.192,-18482.944,11784.192,-17681.904,11273.472,-17681.904,11273.472,21920,fe9299b2ae0d80b7
50,2i,48,46,9509600000,9509800000,200000,199945,199945,0,8960,0,-7555.072,4816.896,-7555.072,4816.896,-7369.568,4698.624,-7369.568,4698.624,8960,fe9299b2ae0d80b7
50,2i,48,47,9509600000,9509800000,200000,200000,200000,0,2585,0,-2179.672,1389.696,-2179.672,1389.696,-2179.672,1389.696,-2179.672,1389.696,2585,fe9299b2ae0d80b7
50,2i,48,48,9509600000,9509800000,200000,200000,200000,0,0,0,0,0,0,0,0,0,0,0,0,fe9299b2ae0d80b7
50,2i,48,49,9509600000,9509800000,200000,200000,200000,0,0,0,0,0,0,0,0,0,0,0,0,fe9299b2ae0d80b7
50,2i,48,50,9509600000,9509800000,200000,200000,200000,0,0,0,0,0,0,0,0,0,0,0,0,fe9299b2ae0d80b7
50,2i,49,0,9509800000,9510000000,200000,-200000,200000,0,0,0,0,0,0,0,0,0,0,0,0,16ba24db2c3ed1ae
50,2i,49,1,9509800000,9510000000,200000,-200000,200000,0,0,0,0,0,0,0,0,0,0,0,0,16ba24db2c3ed1ae
50,2i,49,2,9509800000,9510000000,200000,-200000,200000,0,0,0,0,0,0,0,0,0,0,0,0,16ba24db2c3ed1ae
50,2i,49,3,9509800000,9510000000,200000,-200000,200000,0,0,0,0,0,0,0,0,0,0,0,0,16ba24db2c3ed1ae
50,2i,49,4,9509800000,9510000000,200000,-200000,200000,0,0,0,0,0,0,0,0,0,0,0,0,16ba24db2c3ed1ae
50,2i,49,5,9509800000,9510000000,200000,-200000,200000,0,0,0,0,0,0,0,0,0,0,0,0,16ba24db2c3ed1ae
50,2i,49,6,9509800000,9510000000,200000,-200000,200000,88,0,0,-74.2016,47.3088,74.2016,-47.3088,74.2016,-47.3088,-74.2016,47.3088,88,16ba24db2c3ed1ae
50,2i,49,7,9509800000,9510000000,200000,-199998,199998,229,0,0,-193.0928,123.1104,193.0928,-123.1104,181.288,-115.584,-181.288,115.584,229,16ba24db2c3ed1ae
50,2i,49,8,9509800000,9510000000,200000,-199993,199993,754,0,0,-635.7728,405.3504,635.7728,-405.3504,602.0448,-383.8464,-602.0448,383.8464,754,16ba24db2c3ed1ae
50,2i,49,9,9509800000,9510000000,200000,-199976,199976,1547,0,0,-1304.4304,831.6672,1304.4304,-831.6672,1175.4208,-749.4144,-1175.4208,749.4144,1547,16ba24db2c3ed1ae
50,2i,49,10,9509800000,9510000000,200000,-199942,199942,4460,0,0,-3760.672,2397.696,3760.672,-2397.696,3473.984,-2214.912,-3473.984,2214.912,4460,16ba24db2c3ed1ae
50,2i,49,11,9509800000,9510000000,200000,-199839,199839,8075,0,0,-6808.84,4341.12,6808.84,-4341.12,5853.4944,-3732.0192,-5853.4944,3732.0192,8075,16ba24db2c3ed1ae
50,2i,49,12,9509800000,9510000000,200000,-199661,199661,14448,0,0,-12182.5536,7767.2448,12182.5536,-7767.2448,10381.4784,-6618.9312,-10381.4784,6618.9312,14448,16ba24db2c3ed1ae
50,2i,49,13,9509800000,9510000000,200000,-199337,199337,25339,0,0,-21365.8448,13622.2464,21365.8448,-13622.2464,17814.2864,-11357.8752,-17814.2864,11357.8752,25339,16ba24db2c3ed1ae
50,2i,49,14,9509800000,9510000000,200000,-198766,198766,41366,0,0,-34879.8112,22238.3616,34879.8112,-22238.3616,28139.2704,-17940.7872,-28139.2704,17940.7872,41366,16ba24db2c3ed1ae
50,2i,49,15,9509800000,9510000000,200000,-197839,197839,65845,0,0,-55520.504,35398.272,55520.504,-35398.272,43795.808,-27922.944,-43795.808,27922.944,65845,16ba24db2c3ed1ae
50,2i,49,16,9509800000,9510000000,200000,-196355,196355,95892,0,0,-80801.891072,51555.664896,80801.891072,-51555.664896,60780.950272,-38790.890496,-60780.950272,38790.890496,95892,16ba24db2c3ed1ae
50,2i,49,17,9509800000,9510000000,200000,-194233,194233,136130,0,0,-114686.4608,73140.1344,114686.4608,-73140.1344,84295.985664,-53744.689152,-84295.985664,53744.689152,136130,16ba24db2c3ed1ae
50,2i,49,18,9509800000,9510000000,200000,-191201,191201,190800,64,0,-160657.415168,102503.399424,160585.530368,-102530.433024,114641.844224,-73201.631232,-114641.844224,73201.631232,190864,16ba24db2c3ed1ae
50,2i,49,19,9509800000,9510000000,200000,-186942,186946,260714,162,0,-219461.412096,140036.118528,219209.616896,-139918.844928,151245.578688,-96522.038784,-151288.260288,96505.987584,260876,16ba24db2c3ed1ae
50,2i,49,20,9509800000,9510000000,200000,-181137,181149,349090,320,0,-293243.14432,186838.13376,292703.49632,-186494.06976,195314.30336,-124355.98848,-195449.21536,124442.00448,349410,16ba24db2c3ed1ae
50,2i,49,21,9509800000,9510000000,200000,-173360,173388,443405,951,0,-371238.705536,236505.512448,370168.21248,-235690.92864,233794.569856,-148928.606208,-234077.885056,149109.239808,444356,16ba24db2c3ed1ae
50,2i,49,22,9509800000,9510000000,200000,-163669,163751,550428,2554,196,-457267.498624,292000.530432,454036.995968,-290095.693824,277884.800384,-177758.810112,-278481.969792,178239.737856,552982,16ba24db2c3ed1ae
50,2i,49,23,9509800000,9510000000,200000,-151534,151756,675988,9224,782,-557661.748992,357043.923456,546051.50848,-349851.05664,322267.300544,-206648.980992,-324430.395712,207818.620416,685212,16ba24db2c3ed1ae
50,2i,49,24,9509800000,9510000000,200000,-136493,137279,798426,24526,1852,-656354.998272,419074.154496,626971.2576,-400103.1168,350043.198336,-222703.822848,-358440.660864,228057.802752,822952,16ba24db2c3ed1ae
50,2i,49,25,9509800000,9510000000,200000,-118725,120877,907925,55875,3950,-750059.8016,479668.1088,681473.3024,-434686.9632,365059.7552,-233918.5536,-385238.8688,247011.8784,963800,16ba24db2c3ed1ae
50,2i,49,26,9509800000,9510000000,200000,-97941,103197,988288,117080,7080,-837024.787456,535801.003008,687468.547072,-438344.272896,346919.542272,-220407.146496,-397263.223296,253570.480128,1105368,16ba24db2c3ed1ae
50,2i,49,27,9509800000,9510000000,200000,-74400,86050,1019155,220248,11384,-911426.36256,580935.21408,622231.645888,-396641.808384,292419.133952,-186011.060736,-404033.263232,258341.131776,1239403,16ba24db2c3ed1ae
50,2i,49,28,9509800000,9510000000,200000,-48148,71444,985832,370042,16632,-967692.514944,618477.960192,474560.866688,-304549.622784,189106.613248,-122886.948864,-405291.67616,259190.13888,1355874,16ba24db2c3ed1ae
50,2i,49,29,9509800000,9510000000,200000,-19929,62043,868113,557453,20020,-998881.188096,639956.886528,242416.64064,-154692.20352,46353.428736,-28429.890048,-411419.382144,262572.129792,1425566,16ba24db2c3ed1ae
50,2i,49,30,9509800000,9510000000,200000,8986,60232,687950,757560,21160,-1012808.67648,644906.48064,-43694.04096,30715.74528,-121993.68576,80136.39168,-437147.16288,278609.95584,1445510,16ba24db2c3ed1ae
50,2i,49,31,9509800000,9510000000,200000,37889,66429,488876,928401,20024,-1004022.28064,638615.72352,-329807.544,212956.992,-292592.024768,186566.452224,-478318.871872,304591.159296,1417277,16ba24db2c3ed1ae
50,2i,49,32,9509800000,9510000000,200000,65325,79451,304748,1029792,15090,-969626.165248,618968.484864,-556618.769664,355278.001152,-423934.849664,271051.441152,-524139.134336,335963.470848,1334540,16ba24db2c3ed1ae
50,2i,49,33,9509800000,9510000000,200000,90691,96581,168602,1052948,10095,-919996.811648,585818.840064,-692040.087808,439917.778944,-507865.604032,323181.106176,-552114.47264,350076.77952,1221550,16ba24db2c3ed1ae
50,2i,49,34,9509800000,9510000000,200000,113307,115349,76920,1010728,5372,-850428.1024,541213.3632,-746551.030016,477908.057088,-544367.1552,347721.7536,-559746.490368,357235.713024,1087648,16ba24db2c3ed1ae
50,2i,49,35,9509800000,9510000000,200000,133226,133830,28480,920190,2695,-761763.01824,485023.48032,-723740.06592,461350.40256,-536881.29792,342186.17856,-541261.95456,345047.47008,948670,16ba24db2c3ed1ae
50,2i,49,36,9509800000,9510000000,200000,149993,150155,8950,786196,840,-653443.335552,415858.369536,-641426.674816,408096.703488,-488080.255616,310520.997888,-489583.340416,311415.564288,795146,16ba24db2c3ed1ae
50,2i,49,37,9509800000,9510000000,200000,163674,163694,2757,644074,248,-539287.945792,343322.105856,-535140.121792,340846.073856,-419077.926144,266897.121792,-419253.311744,267008.942592,646831,16ba24db2c3ed1ae
50,2i,49,38,9509800000,9510000000,200000,174492,174492,380,513820,76,-432132.067328,275111.906304,-431619.401728,274785.045504,-345064.597248,219613.860864,-345064.597248,219613.860864,514200,16ba24db2c3ed1ae
50,2i,49,39,9509800000,9510000000,200000,183085,183085,0,403393,0,-339680.538048,216538.635264,-339680.538048,216538.635264,-282136.19616,179837.49888,-282136.19616,179837.49888,403393,16ba24db2c3ed1ae
50,2i,49,40,9509800000,9510000000,200000,189291,189291,0,290630,0,-244995.40032,156247.54176,-244995.40032,156247.54176,-209252.15232,133458.67776,-209252.15232,133458.67776,290630,16ba24db2c3ed1ae
50,2i,49,41,9509800000,9510000000,200000,193530,193530,0,200178,0,-168790.0896,107615.6928,-168790.0896,107615.6928,-146547.3168,93434.3424,-146547.3168,93434.3424,200178,16ba24db2c3ed1ae
50,2i,49,42,9509800000,9510000000,200000,196461,196461,0,137446,0,-115894.4672,73890.9696,-115894.4672,73890.9696,-103799.6064,66179.6352,-103799.6064,66179.6352,137446,16ba24db2c3ed1ae
50,2i,49,43,9509800000,9510000000,200000,198254,198254,0,84141,0,-70947.6912,45234.2016,-70947.6912,45234.2016,-65009.8768,41448.4224,-65009.8768,41448.4224,84141,16ba24db2c3ed1ae
50,2i,49,44,9509800000,9510000000,200000,199260,199260,0,47288,0,-39873.2416,25422.0288,-39873.2416,25422.0288,-37323.4048,23796.3264,-37323.4048,23796.3264,47288,16ba24db2c3ed1ae
50,2i,49,45,9509800000,9510000000,200000,199764,199764,0,23605,0,-19903.736,12690.048,-19903.736,12690.048,-19123.776,12192.768,-19123.776,12192.768,23605,16ba24db2c3ed1ae
50,2i,49,46,9509800000,9510000000,200000,199949,199949,0,8714,0,-7347.6448,4684.6464,-7347.6448,4684.6464,-7175.632,4574.976,-7175.632,4574.976,8714,16ba24db2c3ed1ae
50,2i,49,47,9509800000,9510000000,200000,200000,200000,0,2397,0,-2021.1504,1288.6272,-2021.1504,1288.6272,-2021.1504,1288.6272,-2021.1504,1288.6272,2397,16ba24db2c3ed1ae
50,2i,49,48,9509800000,9510000000,200000,200000,200000,0,0,0,0,0,0,0,0,0,0,0,0,16ba24db2c3ed1ae
50,2i,49,49,9509800000,9510000000,200000,200000,200000,0,0,0,0,0,0,0,0,0,0,0,0,16ba24db2c3ed1ae
50,2i,49,50,9509800000,9510000000,200000,200000,200000,0,0,0,0,0,0,0,0,0,0,0,0,16ba24db2c3ed1ae
50,2i,50,0,9510000000,9510200000,200000,-200000,200000,0,0,0,0,0,0,0,0,0,0,0,0,ac8ebad941d6e50f
50,2i,50,1,9510000000,9510200000,200000,-200000,200000,0,0,0,0,0,0,0,0,0,0,0,0,ac8ebad941d6e50f
50,2i,50,2,9510000000,9510200000,200000,-200000,200000,0,0,0,0,0,0,0,0,0,0,0,0,ac8ebad941d6e50f
50,2i,50,3,9510000000,9510200000,200000,-200000,200000,0,0,0,0,0,0,0,0,0,0,0,0,ac8ebad941d6e50f
50,2i,50,4,9510000000,9510200000,200000,-200000,200000,0,0,0,0,0,0,0,0,0,0,0,0,ac8ebad941d6e50f
50,2i,50,5,9510000000,9510200000,200000,-200000,200000,0,0,0,0,0,0,0,0,0,0,0,0,ac8ebad941d6e50f
50,2i,50,6,9510000000,9510200000,200000,-200000,200000,0,0,0,0,0,0,0,0,0,0,0,0,ac8ebad941d6e50f
50,2i,50,7,9510000000,9510200000,200000,-200000,200000,215,0,0,-181.288,115.584,181.288,-115.584,181.288,-115.584,-181.288,115.584,215,ac8ebad941d6e50f
50,2i,50,8,9510000000,9510200000,200000,-199995,199995,796,0,0,-671.1872,427.9296,671.1872,-427.9296,637.4592,-406.4256,-637.4592,406.4256,796,ac8ebad941d6e50f
50,2i,50,9,9510000000,9510200000,200000,-199977,199977,1556,0,0,-1312.0192,836.5056,1312.0192,-836.5056,1175.4208,-749.4144,-1175.4208,749.4144,1556,ac8ebad941d6e50f
50,2i,50,10,9510000000,9510200000,200000,-199943,199943,3860,0,0,-3254.752,2075.136,3254.752,-2075.136,2968.064,-1892.352,-2968.064,1892.352,3860,ac8ebad941d6e50f
50,2i,50,11,9510000000,9510200000,200000,-199855,199855,7520,0,0,-6340.864,4042.752,6340.864,-4042.752,5524.6464,-3522.3552,-5524.6464,3522.3552,7520,ac8ebad941d6e50f
50,2i,50,12,9510000000,9510200000,200000,-199687,199687,13986,0,0,-11792.9952,7518.8736,11792.9952,-7518.8736,10093.104,-6435.072,-10093.104,6435.072,13986,ac8ebad941d6e50f
50,2i,50,13,9510000000,9510200000,200000,-199372,199372,24630,0,0,-20768.016,13241.088,20768.016,-13241.088,17315.112,-11039.616,-17315.112,11039.616,24630,ac8ebad941d6e50f
50,2i,50,14,9510000000,9510200000,200000,-198817,198817,40674,0,0,-34296.3168,21866.3424,34296.3168,-21866.3424,27744.6528,-17689.1904,-27744.6528,17689.1904,40674,ac8ebad941d6e50f
50,2i,50,15,9510000000,9510200000,200000,-197903,197903,63375,0,0,-53437.8,34070.4,53437.8,-34070.4,41877.528,-26699.904,-41877.528,26699.904,63375,ac8ebad941d6e50f
50,2i,50,16,9510000000,9510200000,200000,-196484,196484,97266,0,0,-81960.447872,52294.327296,81960.447872,-52294.327296,62816.435072,-40088.656896,-62816.435072,40088.656896,97266,ac8ebad941d6e50f
50,2i,50,17,9510000000,9510200000,200000,-194291,194291,140571,0,0,-118449.6976,75577.0368,118449.6976,-75577.0368,87041.480064,-55532.708352,-87041.480064,55532.708352,140571,ac8ebad941d6e50f
50,2i,50,18,9510000000,9510200000,200000,-191161,191161,196756,0,0,-165806.8672,105734.1696,165806.8672,-105734.1696,118329.696256,-75443.601408,-118329.696256,75443.601408,196756,ac8ebad941d6e50f
50,2i,50,19,9510000000,9510200000,200000,-186773,186773,266458,0,0,-224135.959936,142973.211648,224135.959936,-142973.211648,153877.702784,-98178.573312,-153877.702784,98178.573312,266458,ac8ebad941d6e50f
50,2i,50,20,9510000000,9510200000,200000,-180867,180867,348040,240,0,-291865.99552,186643.21536,291461.25952,-186385.16736,192387.69024,-123173.17632,-192387.69024,123173.17632,348280,ac8ebad941d6e50f
50,2i,50,21,9510000000,9510200000,200000,-173195,173211,445637,1154,87,-372314.950464,238099.095552,370673.4256,-237118.5408,236681.147264,-151297.277952,-236964.462464,151477.911552,446791,ac8ebad941d6e50f
50,2i,50,22,9510000000,9510200000,200000,-163344,163428,557910,3296,290,-462981.025152,296510.862336,458845.915264,-293669.501952,280739.60768,-179941.00224,-281769.973632,180547.838976,561206,ac8ebad941d6e50f
50,2i,50,23,9510000000,9510200000,200000,-151041,151307,670756,9923,778,-554799.845184,354926.656512,542433.574336,-346525.390848,316310.826176,-201750.355968,-318861.151552,203585.857536,680679,ac8ebad941d6e50f
50,2i,50,24,9510000000,9510200000,200000,-136311,137157,790042,24250,1854,-651366.908416,416866.188288,621034.117632,-397253.630976,349539.213824,-223992.364032,-358264.498688,229828.598784,814292,ac8ebad941d6e50f
50,2i,50,25,9510000000,9510200000,200000,-118589,120765,900925,55125,3675,-746797.1776,478185.6768,675835.1808,-432373.0944,360637.7088,-230472.9984,-381414.1568,243719.4624,956050,ac8ebad941d6e50f
50,2i,50,26,9510000000,9510200000,200000,-98069,103325,981040,117416,6792,-834349.454848,532241.777664,681823.713792,-434622.329856,346123.128832,-219917.592576,-398316.099584,253786.355712,1098456,ac8ebad941d6e50f
50,2i,50,27,9510000000,9510200000,200000,-74530,86234,1024030,220402,10353,-915510.434944,586016.520192,624949.176064,-399752.036352,295045.556224,-190566.047232,-407919.922816,262285.567488,1244432,ac8ebad941d6e50f
50,2i,50,28,9510000000,9510200000,200000,-48057,71357,988276,368594,14794,-968430.743424,621145.976832,475679.649664,-303297.841152,186005.92704,-116850.07872,-402320.404608,256296.121344,1356870,ac8ebad941d6e50f
50,2i,50,29,9510000000,9510200000,200000,-20074,62124,860386,553674,19631,-989273.986108591715976,631755.483502579881657,238834.997436591715976,-149979.581806579881657,44097.0943325917159763,-27347.0667345798816568,-408490.815676591715976,262513.462126579881657,1414060,ac8ebad941d6e50f
50,2i,50,30,9510000000,9510200000,200000,8619,60269,687080,752510,21560,-1004776.87624331360947,643216.017208047337278,-41660.6429273372781065,26752.2085263905325444,-117465.58144,74960.97792,-434027.6576,277338.3168,1439590,ac8ebad941d6e50f
50,2i,50,31,9510000000,9510200000,200000,37559,66323,493528,931299,20508,-1008937.00007725443787,644416.839904189349112,-326555.26644525443787,210709.320928189349112,-287726.55930925443787,186182.099680189349112,-479437.07489325443787,306204.743392189349112,1424827,ac8ebad941d6e50f
50,2i,50,32,9510000000,9510200000,200000,65332,79486,308046,1037152,15952,-980242.62848,623567.21664,-556024.515712,357838.780416,-427923.910272,273672.170496,-529261.154688,337257.206784,1345198,ac8ebad941d6e50f
50,2i,50,33,9510000000,9510200000,200000,90691,96591,167947,1054834,9866,-922029.650752,586943.003136,-693587.891392,444064.006656,-509496.833664,326450.353152,-552153.644928,352756.783104,1222781,ac8ebad941d6e50f
50,2i,50,34,9510000000,9510200000,200000,113393,115557,75992,1013220,5396,-850066.152192,538746.541056,-748229.243136,475999.669248,-545705.420288,346732.867584,-562228.706816,356866.879488,1089212,ac8ebad941d6e50f
50,2i,50,35,9510000000,9510200000,200000,133227,133831,30915,913910,2525,-759541.8512,481797.0816,-718389.3392,456914.2656,-533828.72576,338959.11168,-538836.54848,341673.77664,944825,ac8ebad941d6e50f
50,2i,50,36,9510000000,9510200000,200000,149936,150058,9362,785138,950,-653280.002304,415394.460672,-640219.946752,408279.131136,-485798.45888,309394.08384,-486839.739904,309994.217472,794500,ac8ebad941d6e50f
50,2i,50,37,9510000000,9510200000,200000,163720,163744,1969,650935,50,-545298.128256,347128.977408,-542346.496256,345386.001408,-423896.046784,269869.965312,-424095.721792,270026.873856,652904,ac8ebad941d6e50f
50,2i,50,38,9510000000,9510200000,200000,174712,174712,456,518004,38,-435433.43616,277389.81888,-434849.770752,276931.163136,-350261.866368,223057.281024,-350261.866368,223057.281024,518460,ac8ebad941d6e50f
50,2i,50,39,9510000000,9510200000,200000,183109,183109,0,395342,0,-333054.109824,212301.292032,-333054.109824,212301.292032,-275859.145536,175835.432448,-275859.145536,175835.432448,395342,ac8ebad941d6e50f
50,2i,50,40,9510000000,9510200000,200000,189278,189278,0,290890,0,-245192.10432,156327.41376,-245192.10432,156327.41376,-207981.68832,132603.12576,-207981.68832,132603.12576,290890,ac8ebad941d6e50f
50,2i,50,41,9510000000,9510200000,200000,193691,193691,0,206826,0,-174395.6832,111189.6576,-174395.6832,111189.6576,-152562.7056,97269.5808,-152562.7056,97269.5808,206826,ac8ebad941d6e50f
50,2i,50,42,9510000000,9510200000,200000,196568,196568,0,135002,0,-113833.6864,72577.0752,-113833.6864,72577.0752,-101887.2288,64960.3584,-101887.2288,64960.3584,135002,ac8ebad941d6e50f
50,2i,50,43,9510000000,9510200000,200000,198339,198339,0,83034,0,-70014.2688,44639.0784,-70014.2688,44639.0784,-64212.2096,40939.8528,-64212.2096,40939.8528,83034,ac8ebad941d6e50f
50,2i,50,44,9510000000,9510200000,200000,199322,199322,0,45994,0,-38782.1408,24726.3744,-38782.1408,24726.3744,-36470.0864,23252.2752,-36470.0864,23252.2752,45994,ac8ebad941d6e50f
50,2i,50,45,9510000000,9510200000,200000,199779,199779,0,21475,0,-18107.72,11544.96,-18107.72,11544.96,-17340.408,11055.744,-17340.408,11055.744,21475,ac8ebad941d6e50f
50,2i,50,46,9510000000,9510200000,200000,199961,199961,0,8528,0,-7190.8096,4584.6528,-7190.8096,4584.6528,-7059.2704,4500.7872,-7059.2704,4500.7872,8528,ac8ebad941d6e50f
50,2i,50,47,9510000000,9510200000,200000,200000,200000,0,1833,0,-1545.5856,985.4208,-1545.5856,985.4208,-1545.5856,985.4208,-1545.5856,985.4208,1833,ac8ebad941d6e50f
50,2i,50,48,9510000000,9510200000,200000,200000,200000,0,0,0,0,0,0,0,0,0,0,0,0,ac8ebad941d6e50f
50,2i,50,49,9510000000,9510200000,200000,200000,200000,0,0,0,0,0,0,0,0,0,0,0,0,ac8ebad941d6e50f
50,2i,50,50,9510000000,9510200000,200000,200000,200000,0,0,0,0,0,0,0,0,0,0,0,0,ac8ebad941d6e50f
50,2i,51,0,9510200000,9510400000,200000,-200000,200000,0,0,0,0,0,0,0,0,0,0,0,0,c9c871ba5cfe42f1
50,2i,51,1,9510200000,9510400000,200000,-200000,200000,0,0,0,0,0,0,0,0,0,0,0,0,c9c871ba5cfe42f1
50,2i,51,2,9510200000,9510400000,200000,-200000,200000,0,0,0,0,0,0,0,0,0,0,0,0,c9c871ba5cfe42f1
50,2i,51,3,9510200000,9510400000,200000,-200000,200000,0,0,0,0,0,0,0,0,0,0,0,0,c9c871ba5cfe42f1
50,2i,51,4,9510200000,9510400000,200000,-200000,200000,0,0,0,0,0,0,0,0,0,0,0,0,c9c871ba5cfe42f1
50,2i,51,5,9510200000,9510400000,200000,-200000,200000,0,0,0,0,0,0,0,0,0,0,0,0,c9c871ba5cfe42f1
50,2i,51,6,9510200000,9510400000,200000,-200000,200000,0,0,0,0,0,0,0,0,0,0,0,0,c9c871ba5cfe42f1
50,2i,51,7,9510200000,9510400000,200000,-200000,200000,86,0,0,-72.5152,46.2336,72.5152,-46.2336,72.5152,-46.2336,-72.5152,46.2336,86,c9c871ba5cfe42f1
50,2i,51,8,9510200000,9510400000,200000,-199998,199998,520,0,0,-438.464,279.552,438.464,-279.552,424.9728,-270.9504,-424.9728,270.9504,520,c9c871ba5cfe42f1
50,2i,51,9,9510200000,9510400000,200000,-199986,199986,1543,0,0,-1301.0576,829.5168,1301.0576,-829.5168,1209.992,-771.456,-1209.992,771.456,1543,c9c871ba5cfe42f1
50,2i,51,10,9510200000,9510400000,200000,-199951,199951,3830,0,0,-3229.456,2059.008,3229.456,-2059.008,2934.336,-1870.848,-2934.336,1870.848,3830,c9c871ba5cfe42f1
50,2i,51,11,9510200000,9510400000,200000,-199864,199864,7782,0,0,-6561.7824,4183.6032,6561.7824,-4183.6032,5754.84,-3669.12,-5754.84,3669.12,7782,c9c871ba5cfe42f1
50,2i,51,12,9510200000,9510400000,200000,-199689,199689,13234,0,0,-11158.9088,7114.5984,11158.9088,-7114.5984,9388.1888,-5985.6384,-9388.1888,5985.6384,13234,c9c871ba5cfe42f1
50,2i,51,13,9510200000,9510400000,200000,-199396,199396,24381,0,0,-20558.0592,13107.2256,20558.0592,-13107.2256,17346.3104,-11059.5072,-17346.3104,11059.5072,24381,c9c871ba5cfe42f1
50,2i,51,14,9510200000,9510400000,200000,-198840,198840,41804,0,0,-35249.1328,22473.8304,35249.1328,-22473.8304,28685.664,-18289.152,-28685.664,18289.152,41804,c9c871ba5cfe42f1
50,2i,51,15,9510200000,9510400000,200000,-197895,197895,64540,0,0,-54420.128,34696.704,54420.128,-34696.704,42467.768,-27076.224,-42467.768,27076.224,64540,c9c871ba5cfe42f1
50,2i,51,16,9510200000,9510400000,200000,-196456,196456,97518,0,0,-82172.934272,52429.802496,82172.934272,-52429.802496,62759.097472,-40052.100096,-62759.097472,40052.100096,97518,c9c871ba5cfe42f1
50,2i,51,17,9510200000,9510400000,200000,-194265,194265,136874,33,0,-115394.275136,73553.845248,115338.623936,-73518.363648,83986.9008,-53510.0544,-83986.9008,53510.0544,136907,c9c871ba5cfe42f1
50,2i,51,18,9510200000,9510400000,200000,-191245,191247,197254,18,0,-166089.357824,105946.156032,166059.002624,-105926.802432,120247.965824,-76739.500032,-120278.321024,76758.853632,197272,c9c871ba5cfe42f1
50,2i,51,19,9510200000,9510400000,200000,-186779,186781,261151,31,0,-219172.482176,140098.963968,219120.203776,-140065.632768,147740.101568,-94512.474624,-147740.101568,94512.474624,261182,c9c871ba5cfe42f1
50,2i,51,20,9510200000,9510400000,200000,-181091,181095,343690,350,60,-288151.12064,183716.84352,287791.58016,-183487.61088,192638.29184,-122615.68512,-192672.01984,122637.18912,344040,c9c871ba5cfe42f1
50,2i,51,21,9510200000,9510400000,200000,-173415,173441,436871,1072,100,-365294.249664,232790.641152,363870.928064,-231883.172352,229609.945408,-146425.695744,-229838.014144,146571.105792,437943,c9c871ba5cfe42f1
50,2i,51,22,9510200000,9510400000,200000,-163872,163956,546260,3214,128,-454376.765312,290041.353216,449961.260672,-287162.397696,277442.277248,-177176.100864,-278349.0208,177754.2144,549474,c9c871ba5cfe42f1
50,2i,51,23,9510200000,9510400000,200000,-151746,152014,672089,9649,582,-556311.75424,354673.52832,544413.372032,-346297.330176,320650.038848,-203765.489664,-323532.235456,205655.467008,681738,c9c871ba5cfe42f1
50,2i,51,24,9510200000,9510400000,200000,-136826,137652,801704,23622,1938,-659481.314944,420516.360192,630341.369472,-401518.596096,354600.915584,-226169.843712,-362615.302784,231935.373312,825326,c9c871ba5cfe42f1
50,2i,51,25,9510200000,9510400000,200000,-118855,120983,914800,54875,4200,-754776.952,480284.736,686801.992,-438027.456,365817.464,-232551.552,-386130.5008,245274.8544,969675,c9c871ba5cfe42f1
50,2i,51,26,9510200000,9510400000,200000,-98039,103255,988968,116440,7158,-836405.631232,531230.155776,687173.517824,-438229.036032,345992.432768,-220902.196224,-395560.832896,251617.532928,1105408,c9c871ba5cfe42f1
50,2i,51,27,9510200000,9510400000,200000,-74531,86105,1019555,219095,11844,-907673.448192,577138.669056,623122.150016,-397864.217088,292213.248448,-186673.342464,-404334.925888,256744.848384,1238650,c9c871ba5cfe42f1
50,2i,51,28,9510200000,9510400000,200000,-48273,71435,985426,371100,17082,-964668.733056,614534.903808,474343.572352,-303311.271936,190563.147008,-122545.004544,-400477.467904,255487.721472,1356526,c9c871ba5cfe42f1
50,2i,51,29,9510200000,9510400000,200000,-20032,62182,871620,566953,19980,-1005869.68608,642564.73344,236242.435008,-150524.588544,46690.329024,-29883.397632,-416322.79968,264890.05824,1438573,c9c871ba5cfe42f1
50,2i,51,30,9510200000,9510400000,200000,9472,60452,696490,762930,21290,-1017815.70304,648690.84672,-43072.8576,28611.9168,-129062.79808,84108.34944,-442358.3168,283082.3424,1459420,c9c871ba5cfe42f1
50,2i,51,31,9510200000,9510400000,200000,38187,66369,488877,922344,20069,-996214.829632,633754.046976,-326102.61408,208531.83744,-287085.189696,181930.595328,-471589.351232,298743.115776,1411221,c9c871ba5cfe42f1
50,2i,51,32,9510200000,9510400000,200000,65611,79529,299972,1027452,14714,-964798.010368,615059.073024,-557723.921664,358380.337152,-426481.536128,274544.584704,-522811.773824,334486.444032,1327424,c9c871ba5cfe42f1
50,2i,51,33,9510200000,9510400000,200000,90603,96549,164348,1047852,9035,-912478.15424,578588.72832,-691713.918848,440889.329664,-503380.170432,320138.021376,-547538.970048,347944.011264,1212200,c9c871ba5cfe42f1
50,2i,51,34,9510200000,9510400000,200000,113395,115481,77316,1014556,4988,-849626.725376,540030.701568,-746161.942016,475162.073088,-545699.340544,346767.700992,-560846.524672,356024.349696,1091872,c9c871ba5cfe42f1
50,2i,51,35,9510200000,9510400000,200000,133204,133828,29020,914210,2465,-755690.88512,481425.30816,-717824.14016,458261.69088,-532743.17504,340230.94272,-537475.45472,343145.64096,943230,c9c871ba5cfe42f1
50,2i,51,36,9510200000,9510400000,200000,149865,150031,9168,785116,848,-651574.471936,413904.027648,-638934.527232,406091.083776,-483314.437888,307163.664384,-484596.91136,307981.33248,794284,c9c871ba5cfe42f1
50,2i,51,37,9510200000,9510400000,200000,163757,163791,2624,653405,161,-546916.410176,347514.067968,-543339.617984,345204.006912,-426196.052672,270620.253696,-426383.450688,270769.334784,656029,c9c871ba5cfe42f1
50,2i,51,38,9510200000,9510400000,200000,174682,174688,568,514146,38,-431467.860096,274722.582528,-430859.37088,274248.09984,-347343.0272,221153.0496,-347403.7376,221191.7568,514714,c9c871ba5cfe42f1
50,2i,51,39,9510200000,9510400000,200000,182979,182979,117,391974,0,-330146.722624,210111.762432,-329949.413824,209985.964032,-272318.257536,173267.048448,-272318.257536,173267.048448,392091,c9c871ba5cfe42f1
50,2i,51,40,9510200000,9510400000,200000,189207,189207,0,293610,0,-247440.55232,157669.87776,-247440.55232,157669.87776,-209926.58432,133752.05376,-209926.58432,133752.05376,293610,c9c871ba5cfe42f1
50,2i,51,41,9510200000,9510400000,200000,193656,193656,0,208545,0,-175845.144,112113.792,-175845.144,112113.792,-153807.2688,98063.0784,-153807.2688,98063.0784,208545,c9c871ba5cfe42f1
50,2i,51,42,9510200000,9510400000,200000,196560,196560,0,135976,0,-114654.9632,73100.6976,-114654.9632,73100.6976,-102843.4176,65569.9968,-102843.4176,65569.9968,135976,c9c871ba5cfe42f1
50,2i,51,43,9510200000,9510400000,200000,198311,198311,0,82139,0,-69259.6048,44157.9264,-69259.6048,44157.9264,-63487.0576,40477.5168,-63487.0576,40477.5168,82139,c9c871ba5cfe42f1
50,2i,51,44,9510200000,9510400000,200000,199289,199289,0,45882,0,-38687.7024,24666.1632,-38687.7024,24666.1632,-36284.5824,23134.0032,-36284.5824,23134.0032,45882,c9c871ba5cfe42f1
50,2i,51,45,9510200000,9510400000,200000,199764,199764,0,22325,0,-18824.44,12001.92,-18824.44,12001.92,-18023.4,11491.2,-18023.4,11491.2,22325,c9c871ba5cfe42f1
50,2i,51,46,9510200000,9510400000,200000,199954,199954,0,8924,0,-7524.7168,4797.5424,-7524.7168,4797.5424,-7369.568,4698.624,-7369.568,4698.624,8924,c9c871ba5cfe42f1
50,2i,51,47,9510200000,9510400000,200000,200000,200000,0,2162,0,-1822.9984,1162.2912,-1822.9984,1162.2912,-1822.9984,1162.2912,-1822.9984,1162.2912,2162,c9c871ba5cfe42f1
50,2i,51,48,9510200000,9510400000,200000,200000,200000,0,0,0,0,0,0,0,0,0,0,0,0,c9c871ba5cfe42f1
50,2i,51,49,9510200000,9510400000,200000,200000,200000,0,0,0,0,0,0,0,0,0,0,0,0,c9c871ba5cfe42f1
50,2i,51,50,9510200000,9510400000,200000,200000,200000,0,0,0,0,0,0,0,0,0,0,0,0,c9c871ba5cfe42f1
50,2i,52,0,9510400000,9510600000,200000,-200000,200000,0,0,0,0,0,0,0,0,0,0,0,0,79a8dd7647055509
50,2i,52,1,9510400000,9510600000,200000,-200000,200000,0,0,0,0,0,0,0,0,0,0,0,0,79a8dd7647055509
50,2i,52,2,9510400000,9510600000,200000,-200000,200000,0,0,0,0,0,0,0,0,0,0,0,0,79a8dd7647055509
50,2i,52,3,9510400000,9510600000,200000,-200000,200000,0,0,0,0,0,0,0,0,0,0,0,0,79a8dd7647055509
50,2i,52,4,9510400000,9510600000,200000,-200000,200000,0,0,0,0,0,0,0,0,0,0,0,0,79a8dd7647055509
50,2i,52,5,9510400000,9510600000,200000,-200000,200000,0,0,0,0,0,0,0,0,0,0,0,0,79a8dd7647055509
50,2i,52,6,9510400000,9510600000,200000,-200000,200000,44,0,0,-37.1008,23.6544,37.1008,-23.6544,37.1008,-23.6544,-37.1008,23.6544,44,79a8dd7647055509
50,2i,52,7,9510400000,9510600000,200000,-199999,199999,179,0,0,-150.9328,96.2304,150.9328,-96.2304,145.0304,-92.4672,-145.0304,92.4672,179,79a8dd7647055509
50,2i,52,8,9510400000,9510600000,200000,-199995,199995,242,0,0,-204.0544,130.0992,204.0544,-130.0992,177.072,-112.896,-177.072,112.896,242,79a8dd7647055509
50,2i,52,9,9510400000,9510600000,200000,-199990,199990,1234,0,0,-1040.5088,663.3984,1040.5088,-663.3984,1002.5648,-639.2064,-1002.5648,639.2064,1234,79a8dd7647055509
50,2i,52,10,9510400000,9510600000,200000,-199961,199961,4210,0,0,-3549.872,2263.296,3549.872,-2263.296,3305.344,-2107.392,-3305.344,2107.392,4210,79a8dd7647055509
50,2i,52,11,9510400000,9510600000,200000,-199863,199863,7825,0,0,-6598.04,4206.72,6598.04,-4206.72,5689.0704,-3627.1872,-5689.0704,3627.1872,7825,79a8dd7647055509
50,2i,52,12,9510400000,9510600000,200000,-199690,199690,14958,0,0,-12612.5856,8041.4208,12612.5856,-8041.4208,10862.1024,-6925.3632,-10862.1024,6925.3632,14958,79a8dd7647055509
50,2i,52,13,9510400000,9510600000,200000,-199351,199351,25053,0,0,-21124.6896,13468.4928,21124.6896,-13468.4928,17408.7072,-11099.2896,-17408.7072,11099.2896,25053,79a8dd7647055509
50,2i,52,14,9510400000,9510600000,200000,-198793,198793,42228,0,0,-35606.6496,22701.7728,35606.6496,-22701.7728,29019.5712,-18502.0416,-29019.5712,18502.0416,42228,79a8dd7647055509
50,2i,52,15,9510400000,9510600000,200000,-197837,197837,64110,0,0,-54057.552,34465.536,54057.552,-34465.536,41966.064,-26756.352,-41966.064,26756.352,64110,79a8dd7647055509
50,2i,52,16,9510400000,9510600000,200000,-196415,196415,96532,0,0,-81395.7824,51895.6032,81395.7824,-51895.6032,62211.296,-39664.128,-62211.296,39664.128,96532,79a8dd7647055509
50,2i,52,17,9510400000,9510600000,200000,-194245,194245,139091,0,0,-117210.297664,74729.905152,117210.297664,-74729.905152,86104.649664,-54897.841152,-86104.649664,54897.841152,139091,79a8dd7647055509
50,2i,52,18,9510400000,9510600000,200000,-191148,191148,195618,0,0,-164614.935424,105063.032832,164614.935424,-105063.032832,117648.76288,-75118.75584,-117648.76288,75118.75584,195618,79a8dd7647055509
50,2i,52,19,9510400000,9510600000,200000,-186777,186777,264213,62,0,-222084.769088,141977.385984,221980.212288,-141910.723584,152178.537728,-97342.293504,-152178.537728,97342.293504,264275,79a8dd7647055509
50,2i,52,20,9510400000,9510600000,200000,-180931,180935,349200,340,0,-292796.01024,187258.93632,292543.5968,-186961.3824,194456.37376,-124287.17568,-194523.82976,124330.18368,349540,79a8dd7647055509
50,2i,52,21,9510400000,9510600000,200000,-173177,173201,446418,993,87,-372813.268032,238486.258176,371635.26176,-237639.55968,236016.45856,-150957.74208,-236145.928768,151135.924224,447411,79a8dd7647055509
50,2i,52,22,9510400000,9510600000,200000,-163364,163442,551936,3058,178,-458547.652992,292789.395456,454926.256512,-290097.954816,277243.156224,-176602.847232,-278038.597376,177109.997568,554994,79a8dd7647055509
50,2i,52,23,9510400000,9510600000,200000,-151253,151507,673294,9719,713,-557215.63296,354676.00128,545240.259904,-346849.577472,322005.137408,-204590.751744,-324326.457856,206384.990208,683013,79a8dd7647055509
50,2i,52,24,9510400000,9510600000,200000,-136273,137097,795200,25508,1644,-657417.456128,419107.144704,624632.530432,-397958.501376,349475.816448,-223195.966464,-358057.196544,228557.908992,820708,79a8dd7647055509
50,2i,52,25,9510400000,9510600000,200000,-118535,120795,900900,57225,3325,-748569.5984,479031.0912,674564.6384,-431733.8112,359770.696,-230603.328,-383043.336,245782.848,958125,79a8dd7647055509
50,2i,52,26,9510400000,9510600000,200000,-97948,103350,982768,116782,6374,-831155.279744,533110.766592,680391.5616,-436787.7888,343129.317632,-220527.230976,-395890.930432,253929.701376,1099550,79a8dd7647055509
50,2i,52,27,9510400000,9510600000,200000,-74436,86166,1017009,218897,10926,-905163.524096,579091.734528,618883.272064,-394766.564352,291198.324288,-184654.339584,-401450.6928,255439.9104,1235906,79a8dd7647055509
50,2i,52,28,9510400000,9510600000,200000,-48302,71638,983264,372386,15842,-969133.004928,617513.263104,473084.121216,-297849.458688,192348.710528,-120686.843904,-406643.525248,258908.964864,1355650,79a8dd7647055509
50,2i,52,29,9510400000,9510600000,200000,-19943,62361,873469,559391,19321,-1005957.999232,641159.179776,244590.426752,-152351.771136,44782.330304,-26980.764672,-416185.421248,266153.892864,1432860,79a8dd7647055509
50,2i,52,30,9510400000,9510600000,200000,9126,60216,693590,753140,20420,-1010853.10912,642680.54016,-40894.91264,27086.69952,-122829.63968,79895.17824,-434262.4768,276725.2224,1446730,79a8dd7647055509
50,2i,52,31,9510400000,9510600000,200000,37859,66411,486747,926704,19280,-998663.71552,633908.17536,-330865.26624,211124.34432,-290819.55072,183840.16896,-475897.102464,301537.431552,1413451,79a8dd7647055509
50,2i,52,32,9510400000,9510600000,200000,65371,79459,305170,1033836,15812,-969840.195712,618185.020416,-558626.383744,357049.838592,-424195.098496,271413.193728,-523699.349632,334321.406976,1339006,79a8dd7647055509
50,2i,52,33,9510400000,9510600000,200000,90850,96744,167008,1057829,9430,-919434.01312,584786.01216,-693568.857024,441951.301632,-510470.772544,324957.076992,-553911.468224,352460.063232,1224837,79a8dd7647055509
50,2i,52,34,9510400000,9510600000,200000,113440,115592,75950,1012606,5208,-847797.334784,539745.549312,-745310.318592,474316.256256,-540817.81696,344108.51328,-556423.441792,354531.833856,1088556,79a8dd7647055509
50,2i,52,35,9510400000,9510600000,200000,133471,134081,30435,919275,2975,-762531.69408,485889.27744,-723718.7904,459868.1472,-540016.06944,343382.16192,-544691.6688,346602.2784,949710,79a8dd7647055509
50,2i,52,36,9510400000,9510600000,200000,150046,150196,9190,778834,546,-646496.36992,412283.07456,-633992.457984,403737.126912,-481210.058752,306518.747136,-482492.532224,307336.415232,788024,79a8dd7647055509
50,2i,52,37,9510400000,9510600000,200000,163712,163732,2535,644482,124,-538937.84416,343597.56288,-535351.141184,341310.784512,-418511.730112,267083.759616,-418709.038912,267209.558016,647017,79a8dd7647055509
50,2i,52,38,9510400000,9510600000,200000,174587,174587,380,514402,38,-432229.054336,274798.030848,-431652.305536,274430.312448,-346484.31616,220129.65888,-346484.31616,220129.65888,514782,79a8dd7647055509
50,2i,52,39,9510400000,9510600000,200000,183048,183048,0,399081,0,-335993.793472,214207.428096,-335993.793472,214207.428096,-277733.182272,177074.666496,-277733.182272,177074.666496,399081,79a8dd7647055509
50,2i,52,40,9510400000,9510600000,200000,189330,189330,0,294880,0,-248620.288,158467.584,-248620.288,158467.584,-211856.768,135028.224,-211856.768,135028.224,294880,79a8dd7647055509
50,2i,52,41,9510400000,9510600000,200000,193690,193690,0,205049,0,-172897.3168,110234.3424,-172897.3168,110234.3424,-150730.432,96101.376,-150730.432,96101.376,205049,79a8dd7647055509
50,2i,52,42,9510400000,9510600000,200000,196611,196611,0,136554,0,-115142.3328,73411.4304,-115142.3328,73411.4304,-103445.4624,65953.8432,-103445.4624,65953.8432,136554,79a8dd7647055509
50,2i,52,43,9510400000,9510600000,200000,198345,198345,0,81492,0,-68714.0544,43810.0992,-68714.0544,43810.0992,-62870.6784,40084.5312,-62870.6784,40084.5312,81492,79a8dd7647055509
50,2i,52,44,9510400000,9510600000,200000,199335,199335,0,46218,0,-38971.0176,24846.7968,-38971.0176,24846.7968,-36729.792,23417.856,-36729.792,23417.856,46218,79a8dd7647055509
50,2i,52,45,9510400000,9510600000,200000,199778,199778,0,20825,0,-17559.64,11195.52,-17559.64,11195.52,-16809.192,10717.056,-16809.192,10717.056,20825,79a8dd7647055509
50,2i,52,46,9510400000,9510600000,200000,199956,199956,0,8364,0,-7052.5248,4496.4864,-7052.5248,4496.4864,-6904.1216,4401.8688,-6904.1216,4401.8688,8364,79a8dd7647055509
50,2i,52,47,9510400000,9510600000,200000,200000,200000,0,2068,0,-1743.7376,1111.7568,-1743.7376,1111.7568,-1743.7376,1111.7568,-1743.7376,1111.7568,2068,79a8dd7647055509
50,2i,52,48,9510400000,9510600000,200000,200000,200000,0,0,0,0,0,0,0,0,0,0,0,0,79a8dd7647055509
50,2i,52,49,9510400000,9510600000,200000,200000,200000,0,0,0,0,0,0,0,0,0,0,0,0,79a8dd7647055509
50,2i,52,50,9510400000,9510600000,200000,200000,200000,0,0,0,0,0,0,0,0,0,0,0,0,79a8dd7647055509
50,2i,53,0,9510600000,9510800000,200000,-200000,200000,0,0,0,0,0,0,0,0,0,0,0,0,330690ee4049216b
50,2i,53,1,9510600000,9510800000,200000,-200000,200000,0,0,0,0,0,0,0,0,0,0,0,0,330690ee4049216b
50,2i,53,2,9510600000,9510800000,200000,-200000,200000,0,0,0,0,0,0,0,0,0,0,0,0,330690ee4049216b
50,2i,53,3,9510600000,9510800000,200000,-200000,200000,0,0,0,0,0,0,0,0,0,0,0,0,330690ee4049216b
50,2i,53,4,9510600000,9510800000,200000,-200000,200000,0,0,0,0,0,0,0,0,0,0,0,0,330690ee4049216b
50,2i,53,5,9510600000,9510800000,200000,-200000,200000,0,0,0,0,0,0,0,0,0,0,0,0,330690ee4049216b
50,2i,53,6,9510600000,9510800000,200000,-200000,200000,0,0,0,0,0,0,0,0,0,0,0,0,330690ee4049216b
50,2i,53,7,9510600000,9510800000,200000,-200000,200000,215,0,0,-181.288,115.584,181.288,-115.584,181.288,-115.584,-181.288,115.584,215,330690ee4049216b
50,2i,53,8,9510600000,9510800000,200000,-199995,199995,334,0,0,-281.6288,179.5584,281.6288,-179.5584,247.9008,-158.0544,-247.9008,158.0544,334,330690ee4049216b
50,2i,53,9,9510600000,9510800000,200000,-199988,199988,1252,0,0,-1055.6864,673.0752,1055.6864,-673.0752,1002.5648,-639.2064,-1002.5648,639.2064,1252,330690ee4049216b
50,2i,53,10,9510600000,9510800000,200000,-199959,199959,3410,0,0,-2875.312,1833.216,2875.312,-1833.216,2630.784,-1677.312,-2630.784,1677.312,3410,330690ee4049216b
50,2i,53,11,9510600000,9510800000,200000,-199881,199881,7839,0,0,-6609.8448,4214.2464,6609.8448,-4214.2464,5886.3792,-3752.9856,-5886.3792,3752.9856,7839,330690ee4049216b
50,2i,53,12,9510600000,9510800000,200000,-199702,199702,14802,0,0,-12481.0464,7957.5552,12481.0464,-7957.5552,10669.8528,-6802.7904,-10669.8528,6802.7904,14802,330690ee4049216b
50,2i,53,13,9510600000,9510800000,200000,-199369,199369,24901,0,0,-20996.5232,13386.7776,20996.5232,-13386.7776,17346.3104,-11059.5072,-17346.3104,11059.5072,24901,330690ee4049216b
50,2i,53,14,9510600000,9510800000,200000,-198813,198813,42740,0,0,-36038.368,22977.024,36038.368,-22977.024,29474.8992,-18792.3456,-29474.8992,18792.3456,42740,330690ee4049216b
50,2i,53,15,9510600000,9510800000,200000,-197842,197842,65805,0,0,-55430.93728,35381.01504,55430.93728,-35381.01504,43149.72928,-27550.87104,-43149.72928,27550.87104,65805,330690ee4049216b
50,2i,53,16,9510600000,9510800000,200000,-196378,196378,99482,0,0,-83803.4528,53487.5904,83803.4528,-53487.5904,64077.862272,-40892.906496,-64077.862272,40892.906496,99482,330690ee4049216b
50,2i,53,17,9510600000,9510800000,200000,-194141,194141,141352,0,0,-119142.299136,75943.477248,119142.299136,-75943.477248,87103.368,-55497.024,-87103.368,55497.024,141352,330690ee4049216b
50,2i,53,18,9510600000,9510800000,200000,-191010,191010,191494,0,0,-161304.445568,102931.866624,161304.445568,-102931.866624,113793.517568,-72660.762624,-113793.517568,72660.762624,191494,330690ee4049216b
50,2i,53,19,9510600000,9510800000,200000,-186787,186787,262858,62,0,-221303.543296,141232.240128,221198.986496,-141165.577728,153686.36384,-98056.58112,-153686.36384,98056.58112,262920,330690ee4049216b
50,2i,53,20,9510600000,9510800000,200000,-180894,180898,341470,370,0,-286506.10176,183396.67968,285977.85728,-182991.57504,187055.75872,-119910.31296,-187123.21472,119953.32096,341840,330690ee4049216b
50,2i,53,21,9510600000,9510800000,200000,-173428,173454,433418,1043,87,-362404.848448,231702.142464,360952.189248,-230662.116864,230554.602176,-147103.123968,-230877.154112,147356.591616,434461,330690ee4049216b
50,2i,53,22,9510600000,9510800000,200000,-163853,163935,553510,3108,206,-460626.627712,294094.396416,456412.573568,-291612.570624,283065.100672,-180863.517696,-283922.423424,181460.216832,556618,330690ee4049216b
50,2i,53,23,9510600000,9510800000,200000,-151497,151757,678312,8716,628,-560865.136768,357950.068224,549657.106816,-351198.079488,321012.588288,-204988.291584,-323769.90336,206536.78848,687028,330690ee4049216b
50,2i,53,24,9510600000,9510800000,200000,-136577,137331,793190,22776,1366,-653874.870656,417089.860608,625058.036864,-397815.370752,349140.584192,-222239.917056,-356652.330752,226865.243136,815966,330690ee4049216b
50,2i,53,25,9510600000,9510800000,200000,-118966,121016,903450,56150,3475,-749588.496,478513.728,678320.1408,-431310.3744,364387.9712,-231953.2416,-384873.632,246038.976,959600,330690ee4049216b
50,2i,53,26,9510600000,9510800000,200000,-98193,103439,986638,117172,7000,-835592.770432,534894.821376,685841.802112,-437500.655616,344694.25152,-220420.62336,-397508.253696,254862.947328,1103810,330690ee4049216b
50,2i,53,27,9510600000,9510800000,200000,-74705,86253,1012664,218845,10813,-903055.131328,579644.258304,616554.806464,-394065.303552,287789.016256,-184097.361408,-396843.103168,254918.183424,1231509,330690ee4049216b
50,2i,53,28,9510600000,9510800000,200000,-48734,71914,980140,364610,15068,-960603.69984,614871.42912,473458.385792,-300652.025856,192287.694848,-120682.097664,-408309.20192,260387.65056,1344750,330690ee4049216b
50,2i,53,29,9510600000,9510800000,200000,-20663,62185,878430,552378,19443,-1005440.680448,642270.718464,254855.664,-160249.152,55604.98112,-35079.83616,-412995.453952,265120.820736,1430808,330690ee4049216b
50,2i,53,30,9510600000,9510800000,200000,8706,60094,697020,756990,20850,-1018741.21152,650373.90336,-39131.18784,25028.61312,-125762.83008,81742.52544,-435943.6608,278229.7344,1454010,330690ee4049216b
50,2i,53,31,9510600000,9510800000,200000,37353,66229,488510,929324,18723,-1004167.056128,638879.944704,-335270.192,213565.056,-290470.290816,184078.591488,-478586.867328,304838.306304,1417834,330690ee4049216b
50,2i,53,32,9510600000,9510800000,200000,65236,79420,307936,1042834,15306,-980524.448128,623974.600704,-563567.673472,357611.268096,-430255.647616,274639.653888,-530384.503936,337618.203648,1350770,330690ee4049216b
50,2i,53,33,9510600000,9510800000,200000,90709,96797,166394,1058211,9605,-922485.143616,585441.381888,-693996.45792,442077.05856,-512371.414656,324598.852608,-557290.530432,352502.501376,1224605,330690ee4049216b
50,2i,53,34,9510600000,9510800000,200000,113297,115525,78164,1004148,5680,-842020.275968,538038.733824,-735622.73152,471637.26336,-538540,345120,-555099.312896,355714.172928,1082312,330690ee4049216b
50,2i,53,35,9510600000,9510800000,200000,132942,133602,31250,909015,2535,-754403.50816,481526.71488,-712990.18784,454940.61312,-526784.12928,336090.07104,-531973.95264,339501.41952,940265,330690ee4049216b
50,2i,53,36,9510600000,9510800000,200000,149788,149940,9942,790302,624,-657937.7984,419568.6912,-644462.092288,410858.563584,-489852.671872,312789.559296,-490872.80192,313312.45056,800244,330690ee4049216b
50,2i,53,37,9510600000,9510800000,200000,163630,163668,2330,651784,235,-545538.956544,346477.588992,-542533.607552,344868.865536,-424915.11968,269887.81824,-425224.410688,270114.614784,654114,330690ee4049216b
50,2i,53,38,9510600000,9510800000,200000,174550,174554,670,517358,38,-434969.853952,276780.020736,-434025.298944,276091.272192,-347728.043264,221182.205952,-347768.516864,221208.010752,518028,330690ee4049216b
50,2i,53,39,9510600000,9510800000,200000,183139,183139,78,404006,0,-340264.674048,216695.883264,-340133.134848,216612.017664,-281935.213248,179531.748864,-281935.213248,179531.748864,404084,330690ee4049216b
50,2i,53,40,9510600000,9510800000,200000,189422,189422,0,294320,0,-248125.568,158106.624,-248125.568,158106.624,-211867.968,134989.824,-211867.968,134989.824,294320,330690ee4049216b
50,2i,53,41,9510600000,9510800000,200000,193722,193722,0,201716,0,-170086.9312,108442.5216,-170086.9312,108442.5216,-148656.16,94778.88,-148656.16,94778.88,201716,330690ee4049216b
50,2i,53,42,9510600000,9510800000,200000,196546,196546,0,133208,0,-112320.9856,71612.6208,-112320.9856,71612.6208,-100010.2656,63763.6608,-100010.2656,63763.6608,133208,330690ee4049216b
50,2i,53,43,9510600000,9510800000,200000,198371,198371,0,85307,0,-71930.8624,45861.0432,-71930.8624,45861.0432,-66170.12,42188.16,-66170.12,42188.16,85307,330690ee4049216b
50,2i,53,44,9510600000,9510800000,200000,199347,199347,0,45626,0,-38471.8432,24528.5376,-38471.8432,24528.5376,-36210.3808,23086.6944,-36210.3808,23086.6944,45626,330690ee4049216b
50,2i,53,45,9510600000,9510800000,200000,199794,199794,0,20955,0,-17669.256,11265.408,-17669.256,11265.408,-16960.968,10813.824,-16960.968,10813.824,20955,330690ee4049216b
50,2i,53,46,9510600000,9510800000,200000,199962,199962,0,7880,0,-6644.416,4236.288,-6644.416,4236.288,-6516.2496,4154.5728,-6516.2496,4154.5728,7880,330690ee4049216b
50,2i,53,47,9510600000,9510800000,200000,200000,200000,0,1786,0,-1505.9552,960.1536,-1505.9552,960.1536,-1505.9552,960.1536,-1505.9552,960.1536,1786,330690ee4049216b
50,2i,53,48,9510600000,9510800000,200000,200000,200000,0,0,0,0,0,0,0,0,0,0,0,0,330690ee4049216b
50,2i,53,49,9510600000,9510800000,200000,200000,200000,0,0,0,0,0,0,0,0,0,0,0,0,330690ee4049216b
50,2i,53,50,9510600000,9510800000,200000,200000,200000,0,0,0,0,0,0,0,0,0,0,0,0,330690ee4049216b
50,2i,54,0,9510800000,9511000000,200000,-200000,200000,0,0,0,0,0,0,0,0,0,0,0,0,dce865d491141f9
50,2i,54,1,9510800000,9511000000,200000,-200000,200000,0,0,0,0,0,0,0,0,0,0,0,0,dce865d491141f9
50,2i,54,2,9510800000,9511000000,200000,-200000,200000,0,0,0,0,0,0,0,0,0,0,0,0,dce865d491141f9
50,2i,54,3,9510800000,9511000000,200000,-200000,200000,0,0,0,0,0,0,0,0,0,0,0,0,dce865d491141f9
50,2i,54,4,9510800000,9511000000,200000,-200000,200000,0,0,0,0,0,0,0,0,0,0,0,0,dce865d491141f9
50,2i,54,5,9510800000,9511000000,200000,-200000,200000,0,0,0,0,0,0,0,0,0,0,0,0,dce865d491141f9
50,2i,54,6,9510800000,9511000000,200000,-200000,200000,0,0,0,0,0,0,0,0,0,0,0,0,dce865d491141f9
50,2i,54,7,9510800000,9511000000,200000,-200000,200000,86,0,0,-72.5152,46.2336,72.5152,-46.2336,72.5152,-46.2336,-72.5152,46.2336,86,dce865d491141f9
50,2i,54,8,9510800000,9511000000,200000,-199998,199998,478,0,0,-403.0496,256.9728,403.0496,-256.9728,389.5584,-248.3712,-389.5584,248.3712,478,dce865d491141f9
50,2i,54,9,9510800000,9511000000,200000,-199987,199987,1657,0,0,-1397.1824,890.8032,1397.1824,-890.8032,1313.7056,-837.5808,-1313.7056,837.5808,1657,dce865d491141f9
50,2i,54,10,9510800000,9511000000,200000,-199949,199949,3220,0,0,-2715.104,1731.072,2715.104,-1731.072,2394.688,-1526.784,-2394.688,1526.784,3220,dce865d491141f9
50,2i,54,11,9510800000,9511000000,200000,-199878,199878,7801,0,0,-6577.8032,4193.8176,6577.8032,-4193.8176,5919.264,-3773.952,-5919.264,3773.952,7801,dce865d491141f9
50,2i,54,12,9510800000,9511000000,200000,-199698,199698,15764,0,0,-13292.2048,8474.7264,13292.2048,-8474.7264,11470.8928,-7313.5104,-11470.8928,7313.5104,15764,dce865d491141f9
50,2i,54,13,9510800000,9511000000,200000,-199340,199340,24486,0,0,-20646.5952,13163.6736,20646.5952,-13163.6736,16722.3424,-10661.6832,-16722.3424,10661.6832,24486,dce865d491141f9
50,2i,54,14,9510800000,9511000000,200000,-198804,198804,41452,0,0,-34952.3264,22284.5952,34952.3264,-22284.5952,28624.9536,-18250.4448,-28624.9536,18250.4448,41452,dce865d491141f9
50,2i,54,15,9510800000,9511000000,200000,-197861,197861,65630,0,0,-55339.216,35282.688,55339.216,-35282.688,43412.152,-27678.336,-43412.152,27678.336,65630,dce865d491141f9
50,2i,54,16,9510800000,9511000000,200000,-196390,196390,95480,0,0,-80454.492672,51334.173696,80454.492672,-51334.173696,60608.937472,-38681.220096,-60608.937472,38681.220096,95480,dce865d491141f9
50,2i,54,17,9510800000,9511000000,200000,-194274,194274,140516,0,0,-118298.025728,75555.477504,118298.025728,-75555.477504,87993.556992,-56214.867456,-87993.556992,56214.867456,140516,dce865d491141f9
50,2i,54,18,9510800000,9511000000,200000,-191106,191106,193920,32,0,-163198.912512,104294.562816,163144.947712,-104260.156416,115175.44448,-73614.70464,-115175.44448,73614.70464,193952,dce865d491141f9
50,2i,54,19,9510800000,9511000000,200000,-186827,186829,259098,50,0,-217692.96704,139008.79872,217608.64704,-138955.03872,149249.36608,-95262.97344,-149281.40768,95283.40224,259148,dce865d491141f9
50,2i,54,20,9510800000,9511000000,200000,-181090,181094,343470,440,30,-288196.39744,183472.46592,287735.67296,-183178.72128,191648.9216,-121848.2688,-191682.6496,121869.7728,343910,dce865d491141f9
50,2i,54,21,9510800000,9511000000,200000,-173451,173483,444905,1135,21,-371828.150912,237521.174016,370453.920384,-236578.970112,236825.53696,-151653.47328,-237124.434496,151844.041728,446040,dce865d491141f9
50,2i,54,22,9510800000,9511000000,200000,-163602,163692,558452,2934,224,-463963.7216,296654.6688,460468.180608,-294120.889344,282033.939072,-179982.928896,-282849.708928,180553.135104,561386,dce865d491141f9
50,2i,54,23,9510800000,9511000000,200000,-151291,151545,671066,9203,697,-554734.57568,354866.82624,543238.112064,-346835.684352,315879.939584,-201967.475712,-318081.18016,203580.41088,680269,dce865d491141f9
50,2i,54,24,9510800000,9511000000,200000,-136583,137379,795222,25016,1730,-656748.913792,420135.929856,626062.778752,-399423.707136,355514.138368,-226683.777024,-363776.558848,232388.849664,820238,dce865d491141f9
50,2i,54,25,9510800000,9511000000,200000,-118612,120832,905850,56875,3600,-751492.2384,480410.6112,678015.4992,-432653.1456,358160.4016,-228608.9088,-379721.6656,243038.8608,962725,dce865d491141f9
50,2i,54,26,9510800000,9511000000,200000,-98074,103420,982758,116646,6838,-833137.252352,532361.511936,679641.999872,-436391.863296,345694.904064,-221789.540352,-399686.998272,256450.154496,1099404,dce865d491141f9
50,2i,54,27,9510800000,9511000000,200000,-74515,86195,1023142,214746,11515,-910466.439552,582733.441536,629729.951232,-404203.915776,294850.3488,-189972.5184,-406791.401856,258945.182208,1237888,dce865d491141f9
50,2i,54,28,9510800000,9511000000,200000,-48350,71268,983366,363736,16550,-961827.18144,618349.77792,480026.15104,-304049.31072,191095.33568,-121258.50624,-396585.430784,254632.077312,1347102,dce865d491141f9
50,2i,54,29,9510800000,9511000000,200000,-20419,62101,864366,560450,20337,-998464.094592,641549.024256,236679.300608,-148197.049344,48122.62144,-27879.69792,-412350.672512,266374.242816,1424816,dce865d491141f9
50,2i,54,30,9510800000,9511000000,200000,8858,60288,691730,760400,20820,-1015295.2928,650772.7104,-45564.5728,32363.7504,-128013.23776,83017.92768,-439924.9664,281064.1152,1452130,dce865d491141f9
50,2i,54,31,9510800000,9511000000,200000,37549,66441,487279,924224,18246,-997776.81056,639613.67808,-327124.979392,212473.990656,-288419.961728,187183.125504,-475608.613504,307351.222272,1411503,dce865d491141f9
50,2i,54,32,9510800000,9511000000,200000,65027,79399,306282,1029746,14580,-969998.81216,619611.38688,-554509.573888,353568.912384,-422202.215808,269270.482944,-522426.356352,332924.583936,1336028,dce865d491141f9
50,2i,54,33,9510800000,9511000000,200000,90401,96555,169206,1058592,9881,-924053.378304,589160.028672,-695641.598336,444795.022848,-509222.734912,326236.886016,-553890.257216,353902.706688,1227798,dce865d491141f9
50,2i,54,34,9510800000,9511000000,200000,113369,115569,79506,1021022,5054,-856795.913728,543699.861504,-751048.889344,477685.819392,-548375.994624,348474.258432,-564787.9744,359156.6592,1100528,dce865d491141f9
50,2i,54,35,9510800000,9511000000,200000,133345,134009,30555,918085,1925,-762966.29888,484447.20384,-722265.91872,458361.19296,-538657.57504,341810.14272,-543456.74944,344528.40192,948640,dce865d491141f9
50,2i,54,36,9510800000,9511000000,200000,149977,150151,9786,780220,840,-648499.58848,412000.49664,-635722.795648,404769.752064,-483112.084608,307410.361344,-484370.85888,308117.28384,790006,dce865d491141f9
50,2i,54,37,9510800000,9511000000,200000,163638,163674,2774,645761,222,-540032.96096,343182.30528,-536333.505984,341076.390912,-418362.19936,265808.91648,-418734.89376,266046.53568,648535,dce865d491141f9
50,2i,54,38,9510800000,9511000000,200000,174644,174646,658,518046,0,-434836.816896,276968.444928,-433727.165696,276260.963328,-349691.274112,222736.751616,-349711.510912,222749.654016,518704,dce865d491141f9
50,2i,54,39,9510800000,9511000000,200000,183017,183017,39,393927,0,-331732.433024,211350.469632,-331666.663424,211308.536832,-274886.946048,175082.379264,-274886.946048,175082.379264,393966,dce865d491141f9
50,2i,54,40,9510800000,9511000000,200000,189146,189146,0,289980,0,-244383.50464,155902.95552,-244383.50464,155902.95552,-206591.28064,131807.72352,-206591.28064,131807.72352,289980,dce865d491141f9
50,2i,54,41,9510800000,9511000000,200000,193628,193628,0,209376,0,-176545.8432,112560.5376,-176545.8432,112560.5376,-154948.1184,98790.4512,-154948.1184,98790.4512,209376,dce865d491141f9
50,2i,54,42,9510800000,9511000000,200000,196474,196474,0,134068,0,-113046.1376,72074.9568,-113046.1376,72074.9568,-100789.3824,64260.4032,-100789.3824,64260.4032,134068,dce865d491141f9
50,2i,54,43,9510800000,9511000000,200000,198291,198291,0,85229,0,-71865.0928,45819.1104,-71865.0928,45819.1104,-65880.0592,42003.2256,-65880.0592,42003.2256,85229,dce865d491141f9
50,2i,54,44,9510800000,9511000000,200000,199305,199305,0,47430,0,-39992.976,25498.368,-39992.976,25498.368,-37620.2112,23985.5616,-37620.2112,23985.5616,47430,dce865d491141f9
50,2i,54,45,9510800000,9511000000,200000,199774,199774,0,22050,0,-18592.56,11854.08,-18592.56,11854.08,-17795.736,11346.048,-17795.736,11346.048,22050,dce865d491141f9
50,2i,54,46,9510800000,9511000000,200000,199963,199963,0,8842,0,-7455.5744,4753.4592,-7455.5744,4753.4592,-7330.7808,4673.8944,-7330.7808,4673.8944,8842,dce865d491141f9
50,2i,54,47,9510800000,9511000000,200000,200000,200000,0,1739,0,-1466.3248,934.8864,-1466.3248,934.8864,-1466.3248,934.8864,-1466.3248,934.8864,1739,dce865d491141f9
50,2i,54,48,9510800000,9511000000,200000,200000,200000,0,0,0,0,0,0,0,0,0,0,0,0,dce865d491141f9
50,2i,54,49,9510800000,9511000000,200000,200000,200000,0,0,0,0,0,0,0,0,0,0,0,0,dce865d491141f9
50,2i,54,50,9510800000,9511000000,200000,200000,200000,0,0,0,0,0,0,0,0,0,0,0,0,dce865d491141f9
50,2i,55,0,9511000000,9511200000,200000,-200000,200000,0,0,0,0,0,0,0,0,0,0,0,0,72ac9120faa1341
50,2i,55,1,9511000000,9511200000,200000,-200000,200000,0,0,0,0,0,0,0,0,0,0,0,0,72ac9120faa1341
50,2i,55,2,9511000000,9511200000,200000,-200000,200000,0,0,0,0,0,0,0,0,0,0,0,0,72ac9120faa1341
50,2i,55,3,9511000000,9511200000,200000,-200000,200000,0,0,0,0,0,0,0,0,0,0,0,0,72ac9120faa1341
50,2i,55,4,9511000000,9511200000,200000,-200000,200000,0,0,0,0,0,0,0,0,0,0,0,0,72ac9120faa1341
50,2i,55,5,9511000000,9511200000,200000,-200000,200000,0,0,0,0,0,0,0,0,0,0,0,0,72ac9120faa1341
50,2i,55,6,9511000000,9511200000,200000,-200000,200000,0,0,0,0,0,0,0,0,0,0,0,0,72ac9120faa1341
50,2i,55,7,9511000000,9511200000,200000,-200000,200000,86,0,0,-72.5152,46.2336,72.5152,-46.2336,72.5152,-46.2336,-72.5152,46.2336,86,72ac9120faa1341
50,2i,55,8,9511000000,9511200000,200000,-199998,199998,688,0,0,-580.1216,369.8688,580.1216,-369.8688,566.6304,-361.2672,-566.6304,361.2672,688,72ac9120faa1341
50,2i,55,9,9511000000,9511200000,200000,-199982,199982,1374,0,0,-1158.5568,738.6624,1158.5568,-738.6624,1037.136,-661.248,-1037.136,661.248,1374,72ac9120faa1341
50,2i,55,10,9511000000,9511200000,200000,-199952,199952,3620,0,0,-3052.384,1946.112,3052.384,-1946.112,2799.424,-1784.832,-2799.424,1784.832,3620,72ac9120faa1341
50,2i,55,11,9511000000,9511200000,200000,-199869,199869,6919,0,0,-5834.1008,3719.6544,5834.1008,-3719.6544,5064.2592,-3228.8256,-5064.2592,3228.8256,6919,72ac9120faa1341
50,2i,55,12,9511000000,9511200000,200000,-199715,199715,13172,0,0,-11106.6304,7081.2672,11106.6304,-7081.2672,9548.3968,-6087.7824,-9548.3968,6087.7824,13172,72ac9120faa1341
50,2i,55,13,9511000000,9511200000,200000,-199417,199417,23558,0,0,-19864.1056,12664.7808,19864.1056,-12664.7808,16597.5488,-10582.1184,-16597.5488,10582.1184,23558,72ac9120faa1341
50,2i,55,14,9511000000,9511200000,200000,-198885,198885,41144,0,0,-34692.6208,22119.0144,34692.6208,-22119.0144,28412.4672,-18114.9696,-28412.4672,18114.9696,41144,72ac9120faa1341
50,2i,55,15,9511000000,9511200000,200000,-197949,197949,64860,0,0,-54689.952,34868.736,54689.952,-34868.736,42851.424,-27320.832,-42851.424,27320.832,64860,72ac9120faa1341
50,2i,55,16,9511000000,9511200000,200000,-196497,196497,98338,0,0,-82918.6016,52866.5088,82918.6016,-52866.5088,63329.3792,-40376.9856,-63329.3792,40376.9856,98338,72ac9120faa1341
50,2i,55,17,9511000000,9511200000,200000,-194288,194288,142130,0,0,-119844.016,76409.088,119844.016,-76409.088,88179.3264,-56220.5952,-88179.3264,56220.5952,142130,72ac9120faa1341
50,2i,55,18,9511000000,9511200000,200000,-191119,191119,198002,0,0,-166817.136512,106357.794816,166817.136512,-106357.794816,118719.322112,-75692.015616,-118719.322112,75692.015616,198002,72ac9120faa1341
50,2i,55,19,9511000000,9511200000,200000,-186714,186714,263247,62,0,-221506.62624,141296.82432,221402.06944,-141230.16192,150964.750336,-96321.358848,-150964.750336,96321.358848,263309,72ac9120faa1341
50,2i,55,20,9511000000,9511200000,200000,-180920,180924,346390,160,30,-290160.43456,185624.11008,289941.20256,-185484.33408,192620.47744,-123389.90592,-192687.93344,123432.91392,346550,72ac9120faa1341
50,2i,55,21,9511000000,9511200000,200000,-173231,173243,438683,1070,79,-366623.656384,233957.018112,365208.29472,-233318.76096,231004.910144,-147216.033792,-231111.153344,147283.771392,439753,72ac9120faa1341
50,2i,55,22,9511000000,9511200000,200000,-163635,163715,545692,3632,156,-453400.11264,290040.29952,448636.258304,-287075.868672,275236.219904,-176634.857472,-276229.344256,177067.665408,549324,72ac9120faa1341
50,2i,55,23,9511000000,9511200000,200000,-151556,151842,667893,9038,632,-551738.814272,352289.642496,540657.001024,-344689.093632,318154.429696,-202178.915328,-321251.81504,204258.46272,676931,72ac9120faa1341
50,2i,55,24,9511000000,9511200000,200000,-136774,137554,797444,24180,1650,-658784.457984,419193.126912,628638.149632,-400359.806976,355982.115968,-226683.853824,-363079.385216,231591.410688,821624,72ac9120faa1341
50,2i,55,25,9511000000,9511200000,200000,-118818,121002,910375,56850,3075,-757541.7616,482901.3888,682550.7376,-435487.7568,363262.336,-232174.848,-385424.8736,245565.0048,967225,72ac9120faa1341
50,2i,55,26,9511000000,9511200000,200000,-98085,103413,987426,116592,6180,-838663.482752,535775.579136,686739.965824,-438995.500032,345913.562368,-221268.609024,-400855.188224,256653.023232,1104018,72ac9120faa1341
50,2i,55,27,9511000000,9511200000,200000,-74545,86183,1017686,216193,11479,-905307.666752,578464.091136,624912.169536,-398665.064448,290500.182208,-185198.598144,-399604.809664,254268.721152,1233879,72ac9120faa1341
50,2i,55,28,9511000000,9511200000,200000,-48532,71562,981068,366640,15790,-962472.749056,613423.991808,475546.66368,-302076.81024,194681.790592,-122848.352256,-403209.805952,257648.756736,1347708,72ac9120faa1341
50,2i,55,29,9511000000,9511200000,200000,-20380,62242,869159,557362,19003,-1001837.664576,639613.767168,243889.677504,-154227.574272,45309.11808,-29778.10944,-412288.392192,262498.861056,1426521,72ac9120faa1341
50,2i,55,30,9511000000,9511200000,200000,8673,60265,696470,755320,21200,-1014189.45856,648621.74208,-40162.2624,27496.2432,-119105.1328,78681.8304,-439421.6,282268.8,1451790,72ac9120faa1341
50,2i,55,31,9511000000,9511200000,200000,37683,66173,494121,927176,18664,-1008003.806784,641157.645312,-325816.42208,207678.78144,-291415.935552,185295.169536,-477112.796096,303214.230528,1421297,72ac9120faa1341
50,2i,55,32,9511000000,9511200000,200000,65156,79326,303532,1032930,14004,-972820.98752,619174.67136,-560542.754944,357734.280192,-426272.132352,272013.351936,-525797.757696,334853.219328,1336462,72ac9120faa1341
50,2i,55,33,9511000000,9511200000,200000,90563,96465,169130,1055881,9676,-921600.425664,586786.609152,-695572.797888,444192.144384,-511070.707392,325511.494656,-554634.688704,352899.535872,1225011,72ac9120faa1341
50,2i,55,34,9511000000,9511200000,200000,113303,115357,76840,1007184,5940,-843296.847616,537641.253888,-740591.610624,473152.146432,-543679.190272,347711.210496,-559256.46464,357424.23552,1084024,72ac9120faa1341
50,2i,55,35,9511000000,9511200000,200000,132732,133358,28515,905165,2570,-749741.16224,476681.27232,-711395.2992,452779.5456,-523906.84096,332986.14528,-528177.41632,335640.62976,933680,72ac9120faa1341
50,2i,55,36,9511000000,9511200000,200000,149643,149799,9426,791156,1226,-655315.703168,417354.983424,-643909.736832,410214.936576,-490284.352256,312616.209408,-491440.937728,313385.493504,800582,72ac9120faa1341
50,2i,55,37,9511000000,9511200000,200000,163342,163360,2644,648623,494,-542314.084416,344550.156288,-539125.85504,342433.18272,-419488.000064,266316.068352,-419619.539264,266399.933952,651267,72ac9120faa1341
50,2i,55,38,9511000000,9511200000,200000,174450,174454,278,523970,50,-440263.973632,280339.838976,-439879.474432,280094.693376,-354178.123264,225467.645952,-354178.123264,225467.645952,524248,72ac9120faa1341
50,2i,55,39,9511000000,9511200000,200000,182962,182964,50,400404,50,-336883.047296,214742.512128,-336883.047296,214742.512128,-279154.202496,177936.265728,-279154.202496,177936.265728,400454,72ac9120faa1341
50,2i,55,40,9511000000,9511200000,200000,189188,189188,40,293040,40,-247057.6,157516.8,-247057.6,157516.8,-209923.072,133840.896,-209923.072,133840.896,293080,72ac9120faa1341
50,2i,55,41,9511000000,9511200000,200000,193592,193592,0,206655,0,-174251.496,111097.728,-174251.496,111097.728,-152251.5648,97071.2064,-152251.5648,97071.2064,206655,72ac9120faa1341
50,2i,55,42,9511000000,9511200000,200000,196491,196491,0,136182,0,-114828.6624,73211.4432,-114828.6624,73211.4432,-102666.3456,65457.1008,-102666.3456,65457.1008,136182,72ac9120faa1341
50,2i,55,43,9511000000,9511200000,200000,198294,198294,0,84438,0,-71198.1216,45393.8688,-71198.1216,45393.8688,-65372.4528,41679.5904,-65372.4528,41679.5904,84438,72ac9120faa1341
50,2i,55,44,9511000000,9511200000,200000,199281,199281,0,46338,0,-39072.2016,24911.3088,-39072.2016,24911.3088,-36618.4896,23346.8928,-36618.4896,23346.8928,46338,72ac9120faa1341
50,2i,55,45,9511000000,9511200000,200000,199766,199766,0,22740,0,-19174.368,12225.024,-19174.368,12225.024,-18402.84,11733.12,-18402.84,11733.12,22740,72ac9120faa1341
50,2i,55,46,9511000000,9511200000,200000,199949,199949,0,8622,0,-7270.0704,4635.1872,-7270.0704,4635.1872,-7098.0576,4525.5168,-7098.0576,4525.5168,8622,72ac9120faa1341
50,2i,55,47,9511000000,9511200000,200000,200000,200000,0,2397,0,-2021.1504,1288.6272,-2021.1504,1288.6272,-2021.1504,1288.6272,-2021.1504,1288.6272,2397,72ac9120faa1341
50,2i,55,48,9511000000,9511200000,200000,200000,200000,0,0,0,0,0,0,0,0,0,0,0,0,72ac9120faa1341
50,2i,55,49,9511000000,9511200000,200000,200000,200000,0,0,0,0,0,0,0,0,0,0,0,0,72ac9120faa1341
50,2i,55,50,9511000000,9511200000,200000,200000,200000,0,0,0,0,0,0,0,0,0,0,0,0,72ac9120faa1341
50,2i,56,0,9511200000,9511400000,200000,-200000,200000,0,0,0,0,0,0,0,0,0,0,0,0,16b433b6fbadcd59
50,2i,56,1,9511200000,9511400000,200000,-200000,200000,0,0,0,0,0,0,0,0,0,0,0,0,16b433b6fbadcd59
50,2i,56,2,9511200000,9511400000,200000,-200000,200000,0,0,0,0,0,0,0,0,0,0,0,0,16b433b6fbadcd59
50,2i,56,3,9511200000,9511400000,200000,-200000,200000,0,0,0,0,0,0,0,0,0,0,0,0,16b433b6fbadcd59
50,2i,56,4,9511200000,9511400000,200000,-200000,200000,0,0,0,0,0,0,0,0,0,0,0,0,16b433b6fbadcd59
50,2i,56,5,9511200000,9511400000,200000,-200000,200000,0,0,0,0,0,0,0,0,0,0,0,0,16b433b6fbadcd59
50,2i,56,6,9511200000,9511400000,200000,-200000,200000,0,0,0,0,0,0,0,0,0,0,0,0,16b433b6fbadcd59
50,2i,56,7,9511200000,9511400000,200000,-200000,200000,129,0,0,-108.7728,69.3504,108.7728,-69.3504,108.7728,-69.3504,-108.7728,69.3504,129,16b433b6fbadcd59
50,2i,56,8,9511200000,9511400000,200000,-199997,199997,486,0,0,-409.7952,261.2736,409.7952,-261.2736,389.5584,-248.3712,-389.5584,248.3712,486,16b433b6fbadcd59
50,2i,56,9,9511200000,9511400000,200000,-199986,199986,1698,0,0,-1431.7536,912.8448,1431.7536,-912.8448,1348.2768,-859.6224,-1348.2768,859.6224,1698,16b433b6fbadcd59
50,2i,56,10,9511200000,9511400000,200000,-199947,199947,3590,0,0,-3027.088,1929.984,3027.088,-1929.984,2698.24,-1720.32,-2698.24,1720.32,3590,16b433b6fbadcd59
50,2i,56,11,9511200000,9511400000,200000,-199867,199867,7744,0,0,-6529.7408,4163.1744,6529.7408,-4163.1744,5787.7248,-3690.0864,-5787.7248,3690.0864,7744,16b433b6fbadcd59
50,2i,56,12,9511200000,9511400000,200000,-199691,199691,14044,0,0,-11841.9008,7550.0544,11841.9008,-7550.0544,10061.0624,-6414.6432,-10061.0624,6414.6432,14044,16b433b6fbadcd59
50,2i,56,13,9511200000,9511400000,200000,-199377,199377,26615,0,0,-22441.768,14308.224,22441.768,-14308.224,18999.8256,-12113.7408,-18999.8256,12113.7408,26615,16b433b6fbadcd59
50,2i,56,14,9511200000,9511400000,200000,-198768,198768,43122,0,0,-36360.4704,23182.3872,36360.4704,-23182.3872,29171.3472,-18598.8096,-29171.3472,18598.8096,43122,16b433b6fbadcd59
50,2i,56,15,9511200000,9511400000,200000,-197807,197807,65865,0,0,-55537.368,35409.024,55537.368,-35409.024,43382.64,-27659.52,-43382.64,27659.52,65865,16b433b6fbadcd59
50,2i,56,16,9511200000,9511400000,200000,-196337,196337,96688,0,0,-81527.3216,51979.4688,81527.3216,-51979.4688,61695.2576,-39335.1168,-61695.2576,39335.1168,96688,16b433b6fbadcd59
50,2i,56,17,9511200000,9511400000,200000,-194185,194185,143009,0,0,-120532.540864,76885.642752,120532.540864,-76885.642752,89684.912064,-57218.084352,-89684.912064,57218.084352,143009,16b433b6fbadcd59
50,2i,56,18,9511200000,9511400000,200000,-190960,190960,196354,32,0,-165356.733312,105447.177216,165404.8736,-105405.0048,116461.760512,-74216.226816,-116461.760512,74216.226816,196386,16b433b6fbadcd59
50,2i,56,19,9511200000,9511400000,200000,-186637,186639,261484,50,0,-219715.806336,140049.166848,219692.111232,-139990.795776,150569.080128,-95941.576704,-150540.496832,95966.616576,261534,16b433b6fbadcd59
50,2i,56,20,9511200000,9511400000,200000,-180850,180854,342880,200,30,-287631.43296,182850.40128,287446.12096,-182937.18528,190389.79136,-120977.17248,-190423.51936,120998.67648,343080,16b433b6fbadcd59
50,2i,56,21,9511200000,9511400000,200000,-173272,173288,442661,735,79,-369943.284352,235803.687936,369098.498688,-235540.598784,236183.178368,-151018.497024,-236289.287168,150942.695424,443396,16b433b6fbadcd59
50,2i,56,22,9511200000,9511400000,200000,-163470,163528,552750,2674,128,-459185.480192,292988.845056,455703.9296,-290996.8128,277950.823296,-177327.280128,-278511.198848,177584.369664,555424,16b433b6fbadcd59
50,2i,56,23,9511200000,9511400000,200000,-151335,151551,670651,8540,447,-553949.509824,354688.492032,543054.306112,-347354.927616,318755.237696,-204541.859328,-321154.774336,205966.990848,679191,16b433b6fbadcd59
50,2i,56,24,9511200000,9511400000,200000,-136517,137231,792332,24176,1662,-653588.178944,418847.112192,622792.122112,-398242.415616,350009.848704,-223470.415872,-357561.552768,228722.356224,816508,16b433b6fbadcd59
50,2i,56,25,9511200000,9511400000,200000,-118791,120905,906275,57250,3850,-750163.2976,480701.8368,677344.6032,-433136.2176,362400.2224,-232137.5232,-384750.5616,246899.7888,963525,16b433b6fbadcd59
50,2i,56,26,9511200000,9511400000,200000,-97976,103270,994082,117060,6566,-840982.601856,536946.782208,690073.61216,-439697.78688,350766.154624,-222165.138432,-403253.244032,256280.626176,1111142,16b433b6fbadcd59
50,2i,56,27,9511200000,9511400000,200000,-74228,85832,1022060,218884,10262,-911058.454656,580757.572608,624330.088832,-397150.872576,288196.041088,-184315.881984,-398920.678912,255341.078016,1240944,16b433b6fbadcd59
50,2i,56,28,9511200000,9511400000,200000,-48152,71382,971746,368266,15176,-955249.430016,612999.257088,466190.189824,-296434.732032,185342.14592,-118571.84256,-399607.55392,255627.58656,1340012,16b433b6fbadcd59
50,2i,56,29,9511200000,9511400000,200000,-20430,62342,855609,554767,19334,-990230.978688,635629.238784,236576.222976,-148294.138368,46754.45472,-27017.64096,-408982.688064,263642.852352,1410376,16b433b6fbadcd59
50,2i,56,30,9511200000,9511400000,200000,8448,60500,691040,755000,20860,-1013171.40736,646743.06048,-42952.65536,29115.92448,-120007.52768,77879.56224,-439173.21856,280277.42208,1446040,16b433b6fbadcd59
50,2i,56,31,9511200000,9511400000,200000,37433,66461,497795,932132,19166,-1013806.440512,644834.466816,-324865.816512,208448.034816,-288014.168704,184884.175872,-482247.97184,307553.92512,1429927,16b433b6fbadcd59
50,2i,56,32,9511200000,9511400000,200000,65401,79595,310280,1044416,14826,-985396.333056,625411.703808,-559342.935808,356559.442944,-429199.76,272743.68,-528122.54144,334994.25792,1354696,16b433b6fbadcd59
50,2i,56,33,9511200000,9511400000,200000,90941,97031,166322,1062449,10065,-927153.841728,590266.965504,-701826.426304,447875.292672,-516481.06208,328914.30144,-560450.044864,357179.914752,1228771,16b433b6fbadcd59
50,2i,56,34,9511200000,9511400000,200000,113644,115898,77980,1009010,5512,-847852.791424,540293.240832,-743227.058304,473450.268672,-543705.277312,346892.169216,-560393.044864,357203.914752,1086990,16b433b6fbadcd59
50,2i,56,35,9511200000,9511400000,200000,133337,133995,31755,907325,2660,-755029.67168,479529.35424,-713405.25248,454049.64864,-530076.08192,337215.49056,-535196.0096,340138.2528,939080,16b433b6fbadcd59
50,2i,56,36,9511200000,9511400000,200000,149992,150140,10034,779932,1120,-648106.702464,411390.231552,-634672.678784,403612.941312,-483222.300544,307088.980992,-484368.497792,307851.641856,789966,16b433b6fbadcd59
50,2i,56,37,9511200000,9511400000,200000,163591,163617,2426,641098,335,-535861.199488,340305.053184,-532627.375104,338188.611072,-416396.904448,264317.950464,-416601.493248,264418.788864,643524,16b433b6fbadcd59
50,2i,56,38,9511200000,9511400000,200000,174388,174388,494,511564,114,-430130.06912,273673.82016,-429532.04032,273379.06176,-344177.950848,218875.505664,-344177.950848,218875.505664,512058,16b433b6fbadcd59
50,2i,56,39,9511200000,9511400000,200000,182869,182869,0,400004,0,-336747.581184,214808.704512,-336747.581184,214808.704512,-278372.587584,177615.539712,-278372.587584,177615.539712,400004,16b433b6fbadcd59
50,2i,56,40,9511200000,9511400000,200000,189164,189164,0,296330,0,-249820.4,159187.2,-249820.4,159187.2,-212272.704,135247.872,-212272.704,135247.872,296330,16b433b6fbadcd59
50,2i,56,41,9511200000,9511400000,200000,193617,193617,0,209123,0,-176332.5136,112424.5248,-176332.5136,112424.5248,-153945.5536,98151.2448,-153945.5536,98151.2448,209123,16b433b6fbadcd59
50,2i,56,42,9511200000,9511400000,200000,196567,196567,0,138244,0,-116567.3408,74319.9744,-116567.3408,74319.9744,-104472.48,66608.64,-104472.48,66608.64,138244,16b433b6fbadcd59
50,2i,56,43,9511200000,9511400000,200000,198360,198360,0,83882,0,-70729.3024,45094.9632,-70729.3024,45094.9632,-65009.8768,41448.4224,-65009.8768,41448.4224,83882,16b433b6fbadcd59
50,2i,56,44,9511200000,9511400000,200000,199329,199329,0,45300,0,-38196.96,24353.28,-38196.96,24353.28,-35950.6752,22921.1136,-35950.6752,22921.1136,45300,16b433b6fbadcd59
50,2i,56,45,9511200000,9511400000,200000,199773,199773,0,20830,0,-17563.856,11198.208,-17563.856,11198.208,-16847.136,10741.248,-16847.136,10741.248,20830,16b433b6fbadcd59
50,2i,56,46,9511200000,9511400000,200000,199943,199943,0,8048,0,-6786.0736,4326.6048,-6786.0736,4326.6048,-6593.824,4204.032,-6593.824,4204.032,8048,16b433b6fbadcd59
50,2i,56,47,9511200000,9511400000,200000,200000,200000,0,2679,0,-2258.9328,1440.2304,-2258.9328,1440.2304,-2258.9328,1440.2304,-2258.9328,1440.2304,2679,16b433b6fbadcd59
50,2i,56,48,9511200000,9511400000,200000,200000,200000,0,0,0,0,0,0,0,0,0,0,0,0,16b433b6fbadcd59
50,2i,56,49,9511200000,9511400000,200000,200000,200000,0,0,0,0,0,0,0,0,0,0,0,0,16b433b6fbadcd59
50,2i,56,50,9511200000,9511400000,200000,200000,200000,0,0,0,0,0,0,0,0,0,0,0,0,16b433b6fbadcd59
50,2i,57,0,9511400000,9511600000,200000,-200000,200000,0,0,0,0,0,0,0,0,0,0,0,0,82e424dbdadb5343
50,2i,57,1,9511400000,9511600000,200000,-200000,200000,0,0,0,0,0,0,0,0,0,0,0,0,82e424dbdadb5343
50,2i,57,2,9511400000,9511600000,200000,-200000,200000,0,0,0,0,0,0,0,0,0,0,0,0,82e424dbdadb5343
50,2i,57,3,9511400000,9511600000,200000,-200000,200000,0,0,0,0,0,0,0,0,0,0,0,0,82e424dbdadb5343
50,2i,57,4,9511400000,9511600000,200000,-200000,200000,0,0,0,0,0,0,0,0,0,0,0,0,82e424dbdadb5343
50,2i,57,5,9511400000,9511600000,200000,-200000,200000,0,0,0,0,0,0,0,0,0,0,0,0,82e424dbdadb5343
50,2i,57,6,9511400000,9511600000,200000,-200000,200000,44,0,0,-37.1008,23.6544,37.1008,-23.6544,37.1008,-23.6544,-37.1008,23.6544,44,82e424dbdadb5343
50,2i,57,7,9511400000,9511600000,200000,-199999,199999,222,0,0,-187.1904,119.3472,187.1904,-119.3472,181.288,-115.584,-181.288,115.584,222,82e424dbdadb5343
50,2i,57,8,9511400000,9511600000,200000,-199994,199994,586,0,0,-494.1152,315.0336,494.1152,-315.0336,460.3872,-293.5296,-460.3872,293.5296,586,82e424dbdadb5343
50,2i,57,9,9511400000,9511600000,200000,-199981,199981,1634,0,0,-1377.7888,878.4384,1377.7888,-878.4384,1279.1344,-815.5392,-1279.1344,815.5392,1634,82e424dbdadb5343
50,2i,57,10,9511400000,9511600000,200000,-199944,199944,3690,0,0,-3111.408,1983.744,3111.408,-1983.744,2799.424,-1784.832,-2799.424,1784.832,3690,82e424dbdadb5343
50,2i,57,11,9511400000,9511600000,200000,-199861,199861,7660,0,0,-6458.912,4118.016,6458.912,-4118.016,5689.0704,-3627.1872,-5689.0704,3627.1872,7660,82e424dbdadb5343
50,2i,57,12,9511400000,9511600000,200000,-199688,199688,14578,0,0,-12292.1696,7837.1328,12292.1696,-7837.1328,10541.6864,-6721.0752,-10541.6864,6721.0752,14578,82e424dbdadb5343
50,2i,57,13,9511400000,9511600000,200000,-199359,199359,25034,0,0,-21108.6688,13458.2784,21108.6688,-13458.2784,17502.3024,-11158.9632,-17502.3024,11158.9632,25034,82e424dbdadb5343
50,2i,57,14,9511400000,9511600000,200000,-198798,198798,40938,0,0,-34518.9216,22008.2688,34518.9216,-22008.2688,27896.4288,-17785.9584,-27896.4288,17785.9584,40938,82e424dbdadb5343
50,2i,57,15,9511400000,9511600000,200000,-197879,197879,67650,0,0,-57042.48,36368.64,57042.48,-36368.64,45418.968,-28957.824,-45418.968,28957.824,67650,82e424dbdadb5343
50,2i,57,16,9511400000,9511600000,200000,-196340,196340,100070,0,0,-84324.780672,53801.757696,84324.780672,-53801.757696,63561.823872,-40563.895296,-63561.823872,40563.895296,100070,82e424dbdadb5343
50,2i,57,17,9511400000,9511600000,200000,-194121,194121,141706,0,0,-119354.081664,76191.217152,119354.081664,-76191.217152,87573.169728,-55909.269504,-87573.169728,55909.269504,141706,82e424dbdadb5343
50,2i,57,18,9511400000,9511600000,200000,-190970,190970,196046,0,0,-164870.148224,105230.303232,164870.148224,-105230.303232,117102.964736,-74734.338048,-117102.964736,74734.338048,196046,82e424dbdadb5343
50,2i,57,19,9511400000,9511600000,200000,-186616,186616,264262,31,0,-222010.393792,141696.569856,222057.029696,-141655.715328,152503.826432,-97302.629376,-152503.826432,97302.629376,264293,82e424dbdadb5343
50,2i,57,20,9511400000,9511600000,200000,-180759,180761,346530,350,60,-290385.2928,185892.7104,289960.05248,-185576.04864,191798.15104,-122945.31072,-191768.06336,122971.66848,346880,82e424dbdadb5343
50,2i,57,21,9511400000,9511600000,200000,-173101,173125,441771,666,71,-368325.33536,236038.16448,367724.723904,-235457.129472,233617.489792,-149575.097856,-233936.219392,149778.310656,442437,82e424dbdadb5343
50,2i,57,22,9511400000,9511600000,200000,-163390,163444,550712,2570,274,-456813.4688,292184.6784,453788.391552,-289978.177536,277846.050816,-177390.271488,-278059.892224,177676.895232,553282,82e424dbdadb5343
50,2i,57,23,9511400000,9511600000,200000,-151260,151474,667570,9265,828,-552620.696,352403.328,541320.19872,-345032.23296,317497.32032,-202098.10176,-319806.54976,203675.14368,676835,82e424dbdadb5343
50,2i,57,24,9511400000,9511600000,200000,-136525,137289,790236,24982,2008,-650833.566848,416273.393664,619450.7104,-395558.7072,347899.855104,-222997.251072,-355892.093184,228147.520512,815218,82e424dbdadb5343
50,2i,57,25,9511400000,9511600000,200000,-118772,120950,903250,56275,3875,-746521.7776,476558.4768,676656.4784,-430818.9312,361982.1248,-229309.2864,-384473.104,244275.072,959525,82e424dbdadb5343
50,2i,57,26,9511400000,9511600000,200000,-98144,103410,994808,113944,6798,-840125.312256,536361.489408,697256.980992,-443751.699456,355899.781248,-227790.372864,-405169.074048,259795.083264,1108752,82e424dbdadb5343
50,2i,57,27,9511400000,9511600000,200000,-74293,85709,1026242,212699,11376,-909374.910144,581976.033792,634742.0048,-407561.1264,291307.767232,-186411.403776,-396606.685504,254592.118272,1238941,82e424dbdadb5343
50,2i,57,28,9511400000,9511600000,200000,-48425,71117,973660,365808,15830,-959013.291264,611027.069952,470067.014144,-301443.105792,192736.75456,-123133.87008,-398882.477952,252462.452736,1339468,82e424dbdadb5343
50,2i,57,29,9511400000,9511600000,200000,-20463,62059,860085,555109,18679,-996043.52064,635800.04352,235126.059392,-148527.430656,39262.658176,-25806.931968,-412045.206272,263416.298496,1415194,82e424dbdadb5343
50,2i,57,30,9511400000,9511600000,200000,8313,60045,691150,750790,20260,-1006858.64576,643913.67168,-42758.1824,30938.8032,-117551.75232,78431.47776,-436926.69504,278230.30272,1441940,82e424dbdadb5343
50,2i,57,31,9511400000,9511600000,200000,37246,66048,494400,933535,19398,-1013670.486848,645003.953664,-326391.57152,214258.38336,-287608.368064,186069.092352,-479856.122176,307126.483968,1427935,82e424dbdadb5343
50,2i,57,32,9511400000,9511600000,200000,65194,79366,308582,1042126,15512,-983890.535936,624260.379648,-560658.949376,358445.933568,-432464.47808,277302.58944,-531910.373504,339230.902272,1350708,82e424dbdadb5343
50,2i,57,33,9511400000,9511600000,200000,90548,96442,169346,1053474,10321,-919913.856384,580790.618112,-694309.805312,439928.073216,-510183.45952,321994.76736,-553470.035648,349322.072064,1222820,82e424dbdadb5343
50,2i,57,34,9511400000,9511600000,200000,113262,115302,76766,1014422,5914,-847993.398528,538613.627904,-746344.39808,474857.14944,-543032.242432,344850.917376,-558108.090624,353952.786432,1091188,82e424dbdadb5343
50,2i,57,35,9511400000,9511600000,200000,133194,133828,28400,921805,2200,-762852.6288,485507.5584,-724748.744,462158.592,-536871.99232,342447.79776,-541997.4592,345886.4256,950205,82e424dbdadb5343
50,2i,57,36,9511400000,9511600000,200000,150033,150161,9808,787202,884,-655376.27072,416617.12896,-642141.52896,407832.92928,-490011.494912,310932.566016,-490945.11616,311464.05888,797010,82e424dbdadb5343
50,2i,57,37,9511400000,9511600000,200000,163662,163690,2019,645371,174,-539714.265984,344228.070912,-537005.6832,342669.6576,-418192.421632,266922.302976,-418433.576832,267076.056576,647390,82e424dbdadb5343
50,2i,57,38,9511400000,9511600000,200000,174671,174673,506,519032,88,-436428.696448,277871.806464,-435723.781248,277422.372864,-350906.54336,223468.30848,-350906.54336,223468.30848,519538,82e424dbdadb5343
50,2i,57,39,9511400000,9511600000,200000,183104,183104,39,398555,39,-335554.708224,213540.383232,-335554.708224,213540.383232,-276801.510336,176081.038848,-276801.510336,176081.038848,398594,82e424dbdadb5343
50,2i,57,40,9511400000,9511600000,200000,189441,189441,0,297040,0,-250372.15232,159618.67776,-250372.15232,159618.67776,-213647.99232,136215.79776,-213647.99232,136215.79776,297040,82e424dbdadb5343
50,2i,57,41,9511400000,9511600000,200000,193797,193797,0,203886,0,-171893.584,109547.712,-171893.584,109547.712,-150569.056,95951.808,-150569.056,95951.808,203886,82e424dbdadb5343
50,2i,57,42,9511400000,9511600000,200000,196607,196607,0,131660,0,-111015.712,70780.416,-111015.712,70780.416,-99514.464,63447.552,-99514.464,63447.552,131660,82e424dbdadb5343
50,2i,57,43,9511400000,9511600000,200000,198312,198312,0,80413,0,-67804.2416,43230.0288,-67804.2416,43230.0288,-61819.208,39414.144,-61819.208,39414.144,80413,82e424dbdadb5343
50,2i,57,44,9511400000,9511600000,200000,199326,199326,0,47364,0,-39937.3248,25462.8864,-39937.3248,25462.8864,-37620.2112,23985.5616,-37620.2112,23985.5616,47364,82e424dbdadb5343
50,2i,57,45,9511400000,9511600000,200000,199784,199784,0,21515,0,-18141.448,11566.464,-18141.448,11566.464,-17378.352,11079.936,-17378.352,11079.936,21515,82e424dbdadb5343
50,2i,57,46,9511400000,9511600000,200000,199965,199965,0,8466,0,-7138.5312,4551.3216,-7138.5312,4551.3216,-7020.4832,4476.0576,-7020.4832,4476.0576,8466,82e424dbdadb5343
50,2i,57,47,9511400000,9511600000,200000,200000,200000,0,1645,0,-1387.064,884.352,-1387.064,884.352,-1387.064,884.352,-1387.064,884.352,1645,82e424dbdadb5343
50,2i,57,48,9511400000,9511600000,200000,200000,200000,0,0,0,0,0,0,0,0,0,0,0,0,82e424dbdadb5343
50,2i,57,49,9511400000,9511600000,200000,200000,200000,0,0,0,0,0,0,0,0,0,0,0,0,82e424dbdadb5343
50,2i,57,50,9511400000,9511600000,200000,200000,200000,0,0,0,0,0,0,0,0,0,0,0,0,82e424dbdadb5343
50,2i,58,0,9511600000,9511800000,200000,-200000,200000,0,0,0,0,0,0,0,0,0,0,0,0,da1125177e433f87
50,2i,58,1,9511600000,9511800000,200000,-200000,200000,0,0,0,0,0,0,0,0,0,0,0,0,da1125177e433f87
50,2i,58,2,9511600000,9511800000,200000,-200000,200000,0,0,0,0,0,0,0,0,0,0,0,0,da1125177e433f87
50,2i,58,3,9511600000,9511800000,200000,-200000,200000,0,0,0,0,0,0,0,0,0,0,0,0,da1125177e433f87
50,2i,58,4,9511600000,9511800000,200000,-200000,200000,0,0,0,0,0,0,0,0,0,0,0,0,da1125177e433f87
50,2i,58,5,9511600000,9511800000,200000,-200000,200000,0,0,0,0,0,0,0,0,0,0,0,0,da1125177e433f87
50,2i,58,6,9511600000,9511800000,200000,-200000,200000,0,0,0,0,0,0,0,0,0,0,0,0,da1125177e433f87
50,2i,58,7,9511600000,9511800000,200000,-200000,200000,129,0,0,-108.7728,69.3504,108.7728,-69.3504,108.7728,-69.3504,-108.7728,69.3504,129,da1125177e433f87
50,2i,58,8,9511600000,9511800000,200000,-199997,199997,486,0,0,-409.7952,261.2736,409.7952,-261.2736,389.5584,-248.3712,-389.5584,248.3712,486,da1125177e433f87
50,2i,58,9,9511600000,9511800000,200000,-199986,199986,1739,0,0,-1466.3248,934.8864,1466.3248,-934.8864,1382.848,-881.664,-1382.848,881.664,1739,da1125177e433f87
50,2i,58,10,9511600000,9511800000,200000,-199946,199946,3320,0,0,-2799.424,1784.832,2799.424,-1784.832,2462.144,-1569.792,-2462.144,1569.792,3320,da1125177e433f87
50,2i,58,11,9511600000,9511800000,200000,-199873,199873,7667,0,0,-6464.8144,4121.7792,6464.8144,-4121.7792,5787.7248,-3690.0864,-5787.7248,3690.0864,7667,da1125177e433f87
50,2i,58,12,9511600000,9511800000,200000,-199697,199697,14576,0,0,-12290.4832,7836.0576,12290.4832,-7836.0576,10509.6448,-6700.6464,-10509.6448,6700.6464,14576,da1125177e433f87
50,2i,58,13,9511600000,9511800000,200000,-199369,199369,27426,0,0,-23125.6032,14744.2176,23125.6032,-14744.2176,19530.1984,-12451.8912,-19530.1984,12451.8912,27426,da1125177e433f87
50,2i,58,14,9511600000,9511800000,200000,-198743,198743,41884,0,0,-35316.5888,22516.8384,35316.5888,-22516.8384,27926.784,-17805.312,-27926.784,17805.312,41884,da1125177e433f87
50,2i,58,15,9511600000,9511800000,200000,-197823,197823,64725,0,0,-54576.12,34796.16,54576.12,-34796.16,42939.96,-27377.28,-42939.96,27377.28,64725,da1125177e433f87
50,2i,58,16,9511600000,9511800000,200000,-196368,196368,98386,0,0,-82904.831872,52896.439296,82904.831872,-52896.439296,63275.135872,-40381.111296,-63275.135872,40381.111296,98386,da1125177e433f87
50,2i,58,17,9511600000,9511800000,200000,-194159,194159,142196,0,0,-119819.8976,76450.6368,119819.8976,-76450.6368,88182.329664,-56260.081152,-88182.329664,56260.081152,142196,da1125177e433f87
50,2i,58,18,9511600000,9511800000,200000,-190988,190988,196662,0,0,-165436.29888,105607.20384,165436.29888,-105607.20384,117336.846336,-74919.886848,-117336.846336,74919.886848,196662,da1125177e433f87
50,2i,58,19,9511600000,9511800000,200000,-186626,186626,261221,31,0,-219625.674496,140268.361728,219573.396096,-140235.030528,149930.782784,-95768.013312,-149930.782784,95768.013312,261252,da1125177e433f87
50,2i,58,20,9511600000,9511800000,200000,-180872,180874,343390,200,30,-288015.52832,183744.24576,287728.84032,-183561.46176,191125.78304,-121856.28672,-191159.51104,121877.79072,343590,da1125177e433f87
50,2i,58,21,9511600000,9511800000,200000,-173255,173269,439942,967,79,-367592.196928,234630.319104,366127.339328,-233762.402304,232971.3792,-148832.9856,-233148.4512,148945.8816,440909,da1125177e433f87
50,2i,58,22,9511600000,9511800000,200000,-163567,163639,547658,2962,184,-455708.08448,290874.22464,451857.399296,-288150.448128,276490.197888,-176275.344384,-277467.138688,176848.118784,550620,da1125177e433f87
50,2i,58,23,9511600000,9511800000,200000,-151514,151752,666675,9118,709,-551092.78752,352357.07136,539476.853696,-344627.747328,316586.340928,-202576.111104,-318946.916672,204343.005696,675793,da1125177e433f87
50,2i,58,24,9511600000,9511800000,200000,-136752,137524,787514,22580,1672,-647036.104064,412791.140352,617730.718592,-394703.456256,345810.693248,-220244.388864,-354037.678208,225544.326144,810094,da1125177e433f87
50,2i,58,25,9511600000,9511800000,200000,-119221,121237,901075,54025,3575,-745016.576681656804734,474239.990684023668639,675098.215081656804734,-430629.801884023668639,363457.986281656804734,-231965.443484023668639,-383725.679081656804734,244261.353884023668639,955100,da1125177e433f87
50,2i,58,26,9511600000,9511800000,200000,-98548,103642,992244,116934,6150,-842757.648339313609467,536328.615736047337278,690176.628918532544379,-440754.572566721893491,352113.284864,-224620.234752,-403749.980416,257187.084288,1109178,da1125177e433f87
50,2i,58,27,9511600000,9511800000,200000,-74728,86232,1022493,220533,10854,-913103.322080189349112,582838.96389074556213,624429.361823810650888,-399419.44558125443787,286812.073055810650888,-184671.04135725443787,-400374.437408189349112,255554.13419474556213,1243026,da1125177e433f87
50,2i,58,28,9511600000,9511800000,200000,-48646,71802,974718,368080,15708,-956739.829888,612082.320384,468334.939776,-298603.680768,187660.276608,-118879.417344,-400839.610752,255880.283136,1342798,da1125177e433f87
50,2i,58,29,9511600000,9511800000,200000,-20805,62593,864615,553769,18921,-993437.755264,634754.621952,242065.183616,-153424.101888,48477.881792,-30773.753856,-411275.205568,263403.546624,1418384,da1125177e433f87
50,2i,58,30,9511600000,9511800000,200000,8290,60508,698600,752230,21430,-1010653.83872,644659.75296,-35566.35712,24429.40416,-118405.07008,77654.84544,-436702.42688,277631.90784,1450830,da1125177e433f87
50,2i,58,31,9511600000,9511800000,200000,37189,66317,498305,928120,20078,-1007677.3264,639684.5952,-322766.932928,208848.367104,-284837.596416,182760.972288,-476387.086848,303632.753664,1426425,da1125177e433f87
50,2i,58,32,9511600000,9511800000,200000,65113,79461,310856,1048066,16452,-986021.035392,626761.798656,-563405.145984,360287.910912,-429339.69024,273509.17632,-529345.911552,336409.537536,1358922,da1125177e433f87
50,2i,58,33,9511600000,9511800000,200000,90966,97050,169404,1071107,10179,-931524.44256,593284.65408,-704065.557568,449299.482624,-519455.124992,331369.491456,-563569.270912,360037.334016,1240511,da1125177e433f87
50,2i,58,34,9511600000,9511800000,200000,113752,115948,78560,1011444,5458,-848126.674432,539304.293376,-743017.402624,471898.002432,-544125.11424,346142.00832,-561006.094208,356212.614144,1090004,da1125177e433f87
50,2i,58,35,9511600000,9511800000,200000,133457,134095,30700,907600,2705,-753199.01312,478106.01216,-711623.97376,453283.97568,-529252.6272,336405.8496,-533900.52288,339198.43584,938300,da1125177e433f87
50,2i,58,36,9511600000,9511800000,200000,150032,150212,9224,779318,934,-647095.85344,412091.47392,-634511.39136,404445.97248,-481289.047936,306471.195648,-482718.560384,307414.490112,788542,da1125177e433f87
50,2i,58,37,9511600000,9511800000,200000,163735,163775,2824,646550,224,-540830.309504,344922.550272,-536767.39392,342336.70656,-419542.77472,267743.40096,-419827.69312,267836.25216,649374,da1125177e433f87
50,2i,58,38,9511600000,9511800000,200000,174686,174690,708,516134,114,-433372.025472,275859.204096,-432498.713472,275561.988096,-348158.030592,221672.672256,-348198.504192,221698.477056,516842,da1125177e433f87
50,2i,58,39,9511600000,9511800000,200000,183078,183078,78,395685,0,-333264.47136,212435.41248,-333132.93216,212351.54688,-275460.58176,175581.31968,-275460.58176,175581.31968,395763,da1125177e433f87
50,2i,58,40,9511600000,9511800000,200000,189303,189303,0,293240,0,-247259.968,157645.824,-247259.968,157645.824,-209956.8,133862.4,-209956.8,133862.4,293240,da1125177e433f87
50,2i,58,41,9511600000,9511800000,200000,193727,193727,0,207232,0,-174738.0224,111407.9232,-174738.0224,111407.9232,-152942.9888,97512.0384,-152942.9888,97512.0384,207232,da1125177e433f87
50,2i,58,42,9511600000,9511800000,200000,196599,196599,0,134400,0,-113326.08,72253.44,-113326.08,72253.44,-101710.1568,64847.4624,-101710.1568,64847.4624,134400,da1125177e433f87
50,2i,58,43,9511600000,9511800000,200000,198321,198321,0,80871,0,-68190.4272,43476.2496,-68190.4272,43476.2496,-62435.5872,39807.1296,-62435.5872,39807.1296,80871,da1125177e433f87
50,2i,58,44,9511600000,9511800000,200000,199296,199296,0,45876,0,-38682.6432,24662.9376,-38682.6432,24662.9376,-36173.28,23063.04,-36173.28,23063.04,45876,da1125177e433f87
50,2i,58,45,9511600000,9511800000,200000,199792,199792,0,23175,0,-19541.16,12458.88,-19541.16,12458.88,-18820.224,11999.232,-18820.224,11999.232,23175,da1125177e433f87
50,2i,58,46,9511600000,9511800000,200000,199963,199963,0,8014,0,-6757.4048,4308.3264,-6757.4048,4308.3264,-6632.6112,4228.7616,-6632.6112,4228.7616,8014,da1125177e433f87
50,2i,58,47,9511600000,9511800000,200000,200000,200000,0,1739,0,-1466.3248,934.8864,-1466.3248,934.8864,-1466.3248,934.8864,-1466.3248,934.8864,1739,da1125177e433f87
50,2i,58,48,9511600000,9511800000,200000,200000,200000,0,0,0,0,0,0,0,0,0,0,0,0,da1125177e433f87
50,2i,58,49,9511600000,9511800000,200000,200000,200000,0,0,0,0,0,0,0,0,0,0,0,0,da1125177e433f87
50,2i,58,50,9511600000,9511800000,200000,200000,200000,0,0,0,0,0,0,0,0,0,0,0,0,da1125177e433f87
50,2i,59,0,9511800000,9512000000,200000,-200000,200000,0,0,0,0,0,0,0,0,0,0,0,0,da059e9af1a15602
50,2i,59,1,9511800000,9512000000,200000,-200000,200000,0,0,0,0,0,0,0,0,0,0,0,0,da059e9af1a15602
50,2i,59,2,9511800000,9512000000,200000,-200000,200000,0,0,0,0,0,0,0,0,0,0,0,0,da059e9af1a15602
50,2i,59,3,9511800000,9512000000,200000,-200000,200000,0,0,0,0,0,0,0,0,0,0,0,0,da059e9af1a15602
50,2i,59,4,9511800000,9512000000,200000,-200000,200000,0,0,0,0,0,0,0,0,0,0,0,0,da059e9af1a15602
50,2i,59,5,9511800000,9512000000,200000,-200000,200000,0,0,0,0,0,0,0,0,0,0,0,0,da059e9af1a15602
50,2i,59,6,9511800000,9512000000,200000,-200000,200000,0,0,0,0,0,0,0,0,0,0,0,0,da059e9af1a15602
50,2i,59,7,9511800000,9512000000,200000,-200000,200000,86,0,0,-72.5152,46.2336,72.5152,-46.2336,72.5152,-46.2336,-72.5152,46.2336,86,da059e9af1a15602
50,2i,59,8,9511800000,9512000000,200000,-199998,199998,520,0,0,-438.464,279.552,438.464,-279.552,424.9728,-270.9504,-424.9728,270.9504,520,da059e9af1a15602
50,2i,59,9,9511800000,9512000000,200000,-199986,199986,1174,0,0,-989.9168,631.1424,989.9168,-631.1424,898.8512,-573.0816,-898.8512,573.0816,1174,da059e9af1a15602
50,2i,59,10,9511800000,9512000000,200000,-199960,199960,3260,0,0,-2748.832,1752.576,2748.832,-1752.576,2529.6,-1612.8,-2529.6,1612.8,3260,da059e9af1a15602
50,2i,59,11,9511800000,9512000000,200000,-199885,199885,7182,0,0,-6055.8624,3861.0432,6055.8624,-3861.0432,5360.2224,-3417.5232,-5360.2224,3417.5232,7182,da059e9af1a15602
50,2i,59,12,9511800000,9512000000,200000,-199722,199722,14458,0,0,-12190.9856,7772.6208,12190.9856,-7772.6208,10541.6864,-6721.0752,-10541.6864,6721.0752,14458,da059e9af1a15602
50,2i,59,13,9511800000,9512000000,200000,-199393,199393,26366,0,0,-22231.8112,14174.3616,22231.8112,-14174.3616,18625.4448,-11875.0464,-18625.4448,11875.0464,26366,da059e9af1a15602
50,2i,59,14,9511800000,9512000000,200000,-198796,198796,40758,0,0,-34367.1456,21911.5008,34367.1456,-21911.5008,27319.68,-17418.24,-27319.68,17418.24,40758,da059e9af1a15602
50,2i,59,15,9511800000,9512000000,200000,-197896,197896,63200,0,0,-53290.24,33976.32,53290.24,-33976.32,41907.04,-26718.72,-41907.04,26718.72,63200,da059e9af1a15602
50,2i,59,16,9511800000,9512000000,200000,-196476,196476,95276,0,0,-80336.7232,51220.3776,80336.7232,-51220.3776,61179.2192,-39006.1056,-61179.2192,39006.1056,95276,da059e9af1a15602
50,2i,59,17,9511800000,9512000000,200000,-194342,194342,139106,0,0,-117222.945664,74737.969152,117222.945664,-74737.969152,86633.336064,-55234.916352,-86633.336064,55234.916352,139106,da059e9af1a15602
50,2i,59,18,9511800000,9512000000,200000,-191226,191226,198712,0,0,-167205.773824,106678.444032,167205.773824,-106678.444032,119951.22688,-76550.30784,-119951.22688,76550.30784,198712,da059e9af1a15602
50,2i,59,19,9511800000,9512000000,200000,-186769,186769,266002,31,0,-223652.407744,142743.470592,223600.129344,-142710.139392,152405.227584,-97275.059712,-152405.227584,97275.059712,266033,da059e9af1a15602
50,2i,59,20,9511800000,9512000000,200000,-180919,180921,346900,170,0,-291129.99232,185991.79776,290843.30432,-185809.01376,192643.83104,-123131.55072,-192677.55904,123153.05472,347070,da059e9af1a15602
50,2i,59,21,9511800000,9512000000,200000,-173250,173262,437981,1091,87,-365738.766848,234026.993664,364045.621248,-232947.492864,229941.17152,-147231.18336,-230118.24352,147344.07936,439072,da059e9af1a15602
50,2i,59,22,9511800000,9512000000,200000,-163663,163743,545074,3016,150,-452873.215872,290330.551296,449301.332096,-287670.678528,276006.916224,-176898.527232,-277157.041024,177631.813632,548090,da059e9af1a15602
50,2i,59,23,9511800000,9512000000,200000,-151621,151863,669087,8883,852,-552704.170624,353366.226432,542269.444864,-346399.114752,319299.817152,-203480.718336,-321289.119168,205063.271424,677970,da059e9af1a15602
50,2i,59,24,9511800000,9512000000,200000,-136769,137531,797902,24908,1918,-656985.321344,419995.195392,625864.723584,-399916.787712,352965.30688,-225987.74784,-360472.350208,230774.022144,822810,da059e9af1a15602
50,2i,59,25,9511800000,9512000000,200000,-118832,121030,911900,57450,3450,-755080.8032,482897.8176,683149.5328,-435101.0304,364763.624,-232050.432,-387468.9648,246754.4064,969350,da059e9af1a15602
50,2i,59,26,9511800000,9512000000,200000,-97995,103353,993138,116608,6374,-839321.976704,537623.119872,690853.97312,-439603.29216,348329.545344,-222426.427392,-399524.512128,256842.952704,1109746,da059e9af1a15602
50,2i,59,27,9511800000,9512000000,200000,-74329,85981,1026502,220715,10282,-916994.378432,586112.165376,627562.33376,-402152.45568,296894.365568,-188766.426624,-406326.531968,260320.141824,1247217,da059e9af1a15602
50,2i,59,28,9511800000,9512000000,200000,-47884,71340,986164,372848,15344,-973483.539712,619476.412416,474870.366976,-302239.930368,186564.3072,-119080.0896,-405694.593792,255922.169856,1359012,da059e9af1a15602
50,2i,59,29,9511800000,9512000000,200000,-19768,62096,862705,559496,20076,-998198.476224,635584.607232,235639.901376,-145202.669568,42362.101824,-24336.748032,-410771.360832,262129.368576,1422201,da059e9af1a15602
50,2i,59,30,9511800000,9512000000,200000,9129,60423,687610,758480,22260,-1011179.41952,644380.04736,-46422.83072,31943.20896,-122823.69024,78821.17632,-440246.76096,282020.70528,1446090,da059e9af1a15602
50,2i,59,31,9511800000,9512000000,200000,38088,66476,491995,930913,19965,-1008321.377664,642463.345152,-328589.939328,209719.202304,-289399.304896,185605.628928,-477124.983616,303390.501888,1422908,da059e9af1a15602
50,2i,59,32,9511800000,9512000000,200000,65729,79701,303214,1038642,13374,-978435.04384,621346.82112,-564025.030144,359804.193792,-431205.693952,274257.140736,-529446.143488,337425.245184,1341856,da059e9af1a15602
50,2i,59,33,9511800000,9512000000,200000,91137,97047,165102,1058854,9458,-921772.62464,587083.11552,-698472.956928,443581.999104,-511728.128384,324833.114112,-554920.30528,352526.03904,1223956,da059e9af1a15602
50,2i,59,34,9511800000,9512000000,200000,113813,115949,76510,1010490,5542,-849531.846656,542140.228608,-746735.392256,476326.929408,-545391.0976,348092.2368,-561803.198208,358519.686144,1087000,da059e9af1a15602
50,2i,59,35,9511800000,9512000000,200000,133564,134156,30455,909395,2055,-756351.15584,481954.43712,-715793.59936,456244.11648,-532595.48832,339641.52576,-537251.57472,342541.80096,939850,da059e9af1a15602
50,2i,59,36,9511800000,9512000000,200000,150135,150269,9014,776570,774,-645373.498112,410751.983616,-633309.94048,403256.43264,-482312.755456,306950.827008,-483201.705728,307485.717504,785584,da059e9af1a15602
50,2i,59,37,9511800000,9512000000,200000,163637,163661,2165,639733,346,-534244.095616,340302.117888,-531738.898432,338759.525376,-413752.520128,263655.496704,-413908.348736,263784.450048,641898,da059e9af1a15602
50,2i,59,38,9511800000,9512000000,200000,174585,174589,404,517920,38,-434614.851072,276596.944896,-434157.167872,276191.287296,-348315.860096,221586.582528,-348318.044288,221615.299584,518324,da059e9af1a15602
50,2i,59,39,9511800000,9512000000,200000,183110,183110,78,400146,0,-336824.00256,214514.73408,-336816.903936,214421.403648,-279724.43616,178077.81888,-279724.43616,178077.81888,400224,da059e9af1a15602
50,2i,59,40,9511800000,9512000000,200000,189269,189269,0,289520,0,-244014.39232,155530.99776,-244014.39232,155530.99776,-207621.88032,132328.18176,-207621.88032,132328.18176,289520,da059e9af1a15602
50,2i,59,41,9511800000,9512000000,200000,193585,193585,0,203335,0,-171452.072,109312.896,-171452.072,109312.896,-149209.2992,95131.5456,-149209.2992,95131.5456,203335,da059e9af1a15602
50,2i,59,42,9511800000,9512000000,200000,196516,196516,0,137630,0,-116049.616,73989.888,-116049.616,73989.888,-103799.6064,66179.6352,-103799.6064,66179.6352,137630,da059e9af1a15602
50,2i,59,43,9511800000,9512000000,200000,198332,198332,0,84850,0,-71545.52,45615.36,-71545.52,45615.36,-65843.8016,41980.1088,-65843.8016,41980.1088,84850,da059e9af1a15602
50,2i,59,44,9511800000,9512000000,200000,199298,199298,0,45450,0,-38323.44,24433.92,-38323.44,24433.92,-35839.3728,22850.1504,-35839.3728,22850.1504,45450,da059e9af1a15602
50,2i,59,45,9511800000,9512000000,200000,199789,199789,0,22945,0,-19347.224,12335.232,-19347.224,12335.232,-18630.504,11878.272,-18630.504,11878.272,22945,da059e9af1a15602
50,2i,59,46,9511800000,9512000000,200000,199959,199959,0,7984,0,-6732.1088,4292.1984,-6732.1088,4292.1984,-6593.824,4204.032,-6593.824,4204.032,7984,da059e9af1a15602
50,2i,59,47,9511800000,9512000000,200000,200000,200000,0,1927,0,-1624.8464,1035.9552,-1624.8464,1035.9552,-1624.8464,1035.9552,-1624.8464,1035.9552,1927,da059e9af1a15602
50,2i,59,48,9511800000,9512000000,200000,200000,200000,0,0,0,0,0,0,0,0,0,0,0,0,da059e9af1a15602
50,2i,59,49,9511800000,9512000000,200000,200000,200000,0,0,0,0,0,0,0,0,0,0,0,0,da059e9af1a15602
50,2i,59,50,9511800000,9512000000,200000,200000,200000,0,0,0,0,0,0,0,0,0,0,0,0,da059e9af1a15602
50,2i,60,0,9512000000,9512200000,200000,-200000,200000,0,0,0,0,0,0,0,0,0,0,0,0,5e05c0303eccbf87
50,2i,60,1,9512000000,9512200000,200000,-200000,200000,0,0,0,0,0,0,0,0,0,0,0,0,5e05c0303eccbf87
50,2i,60,2,9512000000,9512200000,200000,-200000,200000,0,0,0,0,0,0,0,0,0,0,0,0,5e05c0303eccbf87
50,2i,60,3,9512000000,9512200000,200000,-200000,200000,0,0,0,0,0,0,0,0,0,0,0,0,5e05c0303eccbf87
50,2i,60,4,9512000000,9512200000,200000,-200000,200000,0,0,0,0,0,0,0,0,0,0,0,0,5e05c0303eccbf87
50,2i,60,5,9512000000,9512200000,200000,-200000,200000,0,0,0,0,0,0,0,0,0,0,0,0,5e05c0303eccbf87
50,2i,60,6,9512000000,9512200000,200000,-200000,200000,44,0,0,-37.1008,23.6544,37.1008,-23.6544,37.1008,-23.6544,-37.1008,23.6544,44,5e05c0303eccbf87
50,2i,60,7,9512000000,9512200000,200000,-199999,199999,93,0,0,-78.4176,49.9968,78.4176,-49.9968,72.5152,-46.2336,-72.5152,46.2336,93,5e05c0303eccbf87
50,2i,60,8,9512000000,9512200000,200000,-199997,199997,394,0,0,-332.2208,211.8144,332.2208,-211.8144,318.7296,-203.2128,-318.7296,203.2128,394,5e05c0303eccbf87
50,2i,60,9,9512000000,9512200000,200000,-199988,199988,1434,0,0,-1209.1488,770.9184,1209.1488,-770.9184,1140.8496,-727.3728,-1140.8496,727.3728,1434,5e05c0303eccbf87
50,2i,60,10,9512000000,9512200000,200000,-199955,199955,4730,0,0,-3988.336,2542.848,3988.336,-2542.848,3710.08,-2365.44,-3710.08,2365.44,4730,5e05c0303eccbf87
50,2i,60,11,9512000000,9512200000,200000,-199845,199845,8620,0,0,-7268.384,4634.112,7268.384,-4634.112,6248.112,-3983.616,-6248.112,3983.616,8620,5e05c0303eccbf87
50,2i,60,12,9512000000,9512200000,200000,-199655,199655,15314,0,0,-12912.7648,8232.8064,12912.7648,-8232.8064,10990.2688,-7007.0784,-10990.2688,7007.0784,15314,5e05c0303eccbf87
50,2i,60,13,9512000000,9512200000,200000,-199312,199312,27066,0,0,-22822.0512,14550.6816,22822.0512,-14550.6816,19062.2224,-12153.5232,-19062.2224,12153.5232,27066,5e05c0303eccbf87
50,2i,60,14,9512000000,9512200000,200000,-198701,198701,40990,0,0,-34562.768,22036.224,34562.768,-22036.224,27350.0352,-17437.5936,-27350.0352,17437.5936,40990,5e05c0303eccbf87
50,2i,60,15,9512000000,9512200000,200000,-197800,197800,62865,0,0,-53007.768,33796.224,53007.768,-33796.224,41611.92,-26530.56,-41611.92,26530.56,62865,5e05c0303eccbf87
50,2i,60,16,9512000000,9512200000,200000,-196390,196390,95558,0,0,-80466.018944,51380.232192,80466.018944,-51380.232192,61443.426944,-39251.976192,-61443.426944,39251.976192,95558,5e05c0303eccbf87
50,2i,60,17,9512000000,9512200000,200000,-194243,194243,141043,0,0,-118749.3328,75787.4304,118749.3328,-75787.4304,88027.619328,-56161.442304,-88027.619328,56161.442304,141043,5e05c0303eccbf87
50,2i,60,18,9512000000,9512200000,200000,-191075,191075,198368,0,0,-167007.123456,106535.851008,167007.123456,-106535.851008,118992.058368,-75902.337024,-118992.058368,75902.337024,198368,5e05c0303eccbf87
50,2i,60,19,9512000000,9512200000,200000,-186658,186658,265645,0,0,-223547.863744,142690.478592,223547.863744,-142690.478592,152896.329088,-97623.465984,-152896.329088,97623.465984,265645,5e05c0303eccbf87
50,2i,60,20,9512000000,9512200000,200000,-180796,180796,346230,180,0,-289990.0064,185526.8352,289782.17792,-185326.01856,191243.2992,-122443.5456,-191243.2992,122443.5456,346410,5e05c0303eccbf87
50,2i,60,21,9512000000,9512200000,200000,-173157,173169,440810,909,58,-368440.991552,235454.977536,367383.135424,-234600.632832,233969.01408,-149247.03744,-234114.494016,149387.609088,441719,5e05c0303eccbf87
50,2i,60,22,9512000000,9512200000,200000,-163457,163523,548134,2750,184,-455687.685632,291264.254976,452110.819584,-288947.315712,276004.262016,-176559.833088,-276696.409472,177101.316096,550884,5e05c0303eccbf87
50,2i,60,23,9512000000,9512200000,200000,-151404,151624,674400,9169,763,-555657.859136,354461.557248,544408.65056,-347218.79808,321846.398208,-204857.286144,-324215.98848,206315.69664,683569,5e05c0303eccbf87
50,2i,60,24,9512000000,9512200000,200000,-136354,137122,795948,25452,2266,-654646.402304,417909.660672,624051.13344,-398530.51392,348263.43232,-222905.71776,-356156.426368,228047.361024,821400,5e05c0303eccbf87
50,2i,60,25,9512000000,9512200000,200000,-118654,120874,898250,57400,3950,-745299.8432,476832.5376,672395.2736,-429952.2048,359269.6096,-229743.0528,-381098.72,243432.96,955650,5e05c0303eccbf87
50,2i,60,26,9512000000,9512200000,200000,-98128,103488,985408,115508,6978,-833359.958528,532899.707904,683369.98528,-437384.27904,346814.201728,-221831.445504,-399932.679296,256349.488128,1100916,5e05c0303eccbf87
50,2i,60,27,9512000000,9512200000,200000,-74493,86077,1020814,215975,12513,-905114.899776,578100.960768,627113.8512,-397893.0816,291579.038592,-184709.216256,-400559.471232,253331.275776,1236789,5e05c0303eccbf87
50,2i,60,28,9512000000,9512200000,200000,-48465,71523,977700,365830,16886,-958211.656151857988166,611936.533497940828402,477184.424919857988166,-297637.577721940828402,193514.224855857988166,-120231.909369940828402,-399278.452951857988166,256075.515897940828402,1343530,5e05c0303eccbf87
50,2i,60,29,9512000000,9512200000,200000,-20522,62234,866288,555495,19021,-1000050.82177931360947,635057.849656047337278,243006.477850130177515,-153165.894234887573964,49401.04192,-28472.77056,-412247.727872,263709.367296,1421783,5e05c0303eccbf87
50,2i,60,30,9512000000,9512200000,200000,8594,60262,695240,756280,21060,-1018645.51761798816568,642056.129620828402367,-43263.7140979881656805,24529.9702608284023669,-123627.97521798816568,76120.8464208284023669,-439511.53617798816568,276243.951700828402367,1451520,5e05c0303eccbf87
50,2i,60,31,9512000000,9512200000,200000,37496,66272,492956,930218,19411,-1010749.270656,638149.060608,-332215.98208,211708.86144,-292089.648704,185396.815872,-481003.417792,301646.201856,1423174,5e05c0303eccbf87
50,2i,60,32,9512000000,9512200000,200000,65244,79480,305072,1040532,13730,-980092.175616,620251.557888,-562934.890496,361311.049728,-430399.004032,273952.306176,-529385.730688,337104.374784,1345604,5e05c0303eccbf87
50,2i,60,33,9512000000,9512200000,200000,90670,96858,167166,1058506,9745,-922904.941952,586054.004736,-695642.63296,442012.00128,-511745.482048,325498.827264,-557532.125504,353762.038272,1225672,5e05c0303eccbf87
50,2i,60,34,9512000000,9512200000,200000,113412,115556,80844,1004080,6224,-843206.676992,535227.027456,-735505.24672,468563.49696,-541205.89568,343736.58624,-557334.03904,353873.69472,1084924,5e05c0303eccbf87
50,2i,60,35,9512000000,9512200000,200000,132893,133525,30150,902545,2625,-747537.99008,476113.40544,-707365.62208,451024.38144,-522742.08576,333427.59168,-527634.14016,336341.69088,932695,5e05c0303eccbf87
50,2i,60,36,9512000000,9512200000,200000,149617,149757,9584,784812,798,-651178.486784,414015.885312,-638356.896,406364.928,-484892.533376,308513.645568,-485973.1936,309170.7648,794396,5e05c0303eccbf87
50,2i,60,37,9512000000,9512200000,200000,163355,163391,2093,650162,137,-543324.307392,345556.294656,-540227.1216,343665.8688,-420978.610432,267771.941376,-421219.765632,267925.694976,652255,5e05c0303eccbf87
50,2i,60,38,9512000000,9512200000,200000,174428,174438,530,520864,76,-437864.301952,278650.484736,-437098.676352,278162.343936,-352716.414464,224362.647552,-352777.124864,224401.354752,521394,5e05c0303eccbf87
50,2i,60,39,9512000000,9512200000,200000,182813,182817,139,397298,0,-334860.127936,213484.635648,-334625.718336,213335.182848,-275369.287936,175567.515648,-275406.388736,175591.170048,397437,5e05c0303eccbf87
50,2i,60,40,9512000000,9512200000,200000,189215,189215,80,299900,0,-252920.608,161209.344,-252785.696,161123.328,-215836.672,137565.696,-215836.672,137565.696,299980,5e05c0303eccbf87
50,2i,60,41,9512000000,9512200000,200000,193605,193605,0,205820,0,-173547.424,110648.832,-173547.424,110648.832,-151767.568,96762.624,-151767.568,96762.624,205820,5e05c0303eccbf87
50,2i,60,42,9512000000,9512200000,200000,196475,196475,0,135316,0,-114098.4512,72745.8816,-114098.4512,72745.8816,-101639.328,64802.304,-101639.328,64802.304,135316,5e05c0303eccbf87
50,2i,60,43,9512000000,9512200000,200000,198322,198322,0,86351,0,-72811.1632,46422.2976,-72811.1632,46422.2976,-66967.7872,42696.7296,-66967.7872,42696.7296,86351,5e05c0303eccbf87
50,2i,60,44,9512000000,9512200000,200000,199312,199312,0,46272,0,-39016.5504,24875.8272,-39016.5504,24875.8272,-36729.792,23417.856,-36729.792,23417.856,46272,5e05c0303eccbf87
50,2i,60,45,9512000000,9512200000,200000,199764,199764,0,21275,0,-17939.08,11437.44,-17939.08,11437.44,-17150.688,10934.784,-17150.688,10934.784,21275,5e05c0303eccbf87
50,2i,60,46,9512000000,9512200000,200000,199951,199951,0,8798,0,-7418.4736,4729.8048,-7418.4736,4729.8048,-7253.2064,4624.4352,-7253.2064,4624.4352,8798,5e05c0303eccbf87
50,2i,60,47,9512000000,9512200000,200000,200000,200000,0,2303,0,-1941.8896,1238.0928,-1941.8896,1238.0928,-1941.8896,1238.0928,-1941.8896,1238.0928,2303,5e05c0303eccbf87
50,2i,60,48,9512000000,9512200000,200000,200000,200000,0,0,0,0,0,0,0,0,0,0,0,0,5e05c0303eccbf87
50,2i,60,49,9512000000,9512200000,200000,200000,200000,0,0,0,0,0,0,0,0,0,0,0,0,5e05c0303eccbf87
50,2i,60,50,9512000000,9512200000,200000,200000,200000,0,0,0,0,0,0,0,0,0,0,0,0,5e05c0303eccbf87
50,2i,61,0,9512200000,9512400000,200000,-200000,200000,0,0,0,0,0,0,0,0,0,0,0,0,e62bafbda2a807d1
50,2i,61,1,9512200000,9512400000,200000,-200000,200000,0,0,0,0,0,0,0,0,0,0,0,0,e62bafbda2a807d1
50,2i,61,2,9512200000,9512400000,200000,-200000,200000,0,0,0,0,0,0,0,0,0,0,0,0,e62bafbda2a807d1
50,2i,61,3,9512200000,9512400000,200000,-200000,200000,0,0,0,0,0,0,0,0,0,0,0,0,e62bafbda2a807d1
50,2i,61,4,9512200000,9512400000,200000,-200000,200000,0,0,0,0,0,0,0,0,0,0,0,0,e62bafbda2a807d1
50,2i,61,5,9512200000,9512400000,200000,-200000,200000,0,0,0,0,0,0,0,0,0,0,0,0,e62bafbda2a807d1
50,2i,61,6,9512200000,9512400000,200000,-200000,200000,44,0,0,-37.1008,23.6544,37.1008,-23.6544,37.1008,-23.6544,-37.1008,23.6544,44,e62bafbda2a807d1
50,2i,61,7,9512200000,9512400000,200000,-199999,199999,265,0,0,-223.448,142.464,223.448,-142.464,217.5456,-138.7008,-217.5456,138.7008,265,e62bafbda2a807d1
50,2i,61,8,9512200000,9512400000,200000,-199993,199993,468,0,0,-394.6176,251.5968,394.6176,-251.5968,354.144,-225.792,-354.144,225.792,468,e62bafbda2a807d1
50,2i,61,9,9512200000,9512400000,200000,-199983,199983,1566,0,0,-1320.4512,841.8816,1320.4512,-841.8816,1244.5632,-793.4976,-1244.5632,793.4976,1566,e62bafbda2a807d1
50,2i,61,10,9512200000,9512400000,200000,-199947,199947,3480,0,0,-2934.336,1870.848,2934.336,-1870.848,2630.784,-1677.312,-2630.784,1677.312,3480,e62bafbda2a807d1
50,2i,61,11,9512200000,9512400000,200000,-199869,199869,8112,0,0,-6840.0384,4361.0112,6840.0384,-4361.0112,6116.5728,-3899.7504,-6116.5728,3899.7504,8112,e62bafbda2a807d1
50,2i,61,12,9512200000,9512400000,200000,-199683,199683,14392,0,0,-12135.3344,7737.1392,12135.3344,-7737.1392,10253.312,-6537.216,-10253.312,6537.216,14392,e62bafbda2a807d1
50,2i,61,13,9512200000,9512400000,200000,-199363,199363,25398,0,0,-21415.5936,13653.9648,21415.5936,-13653.9648,17907.8816,-11417.5488,-17907.8816,11417.5488,25398,e62bafbda2a807d1
50,2i,61,14,9512200000,9512400000,200000,-198789,198789,41552,0,0,-35036.6464,22338.3552,35036.6464,-22338.3552,28260.6912,-18018.2016,-28260.6912,18018.2016,41552,e62bafbda2a807d1
50,2i,61,15,9512200000,9512400000,200000,-197858,197858,62230,0,0,-52472.336,33454.848,52472.336,-33454.848,40697.048,-25947.264,-40697.048,25947.264,62230,e62bafbda2a807d1
50,2i,61,16,9512200000,9512400000,200000,-196479,196479,94586,0,0,-79754.9152,50849.4336,79754.9152,-50849.4336,61150.5504,-38987.8272,-61150.5504,38987.8272,94586,e62bafbda2a807d1
50,2i,61,17,9512200000,9512400000,200000,-194346,194346,138759,0,0,-117001.5888,74596.8384,117001.5888,-74596.8384,86426.3136,-55102.9248,-86426.3136,55102.9248,138759,e62bafbda2a807d1
50,2i,61,18,9512200000,9512400000,200000,-191240,191240,193732,0,0,-163183.642368,104114.049024,163183.642368,-104114.049024,116042.016768,-74057.908224,-116042.016768,74057.908224,193732,e62bafbda2a807d1
50,2i,61,19,9512200000,9512400000,200000,-186933,186933,263462,31,0,-221726.538944,141515.592192,221674.260544,-141482.260992,152800.452288,-97527.043584,-152800.452288,97527.043584,263493,e62bafbda2a807d1
50,2i,61,20,9512200000,9512400000,200000,-181073,181075,342720,230,0,-287832.42304,183547.80672,287478.34304,-183390.36672,189057.58208,-120537.66144,-189091.31008,120559.16544,342950,e62bafbda2a807d1
50,2i,61,21,9512200000,9512400000,200000,-173548,173564,440773,959,116,-367960.425344,235006.267392,366562.444544,-234162.772992,234797.199488,-150153.053184,-235021.445888,150248.208384,441732,e62bafbda2a807d1
50,2i,61,22,9512200000,9512400000,200000,-163765,163837,550274,3304,312,-457179.602048,292638.987264,452706.759808,-289723.474944,276290.898944,-176952.072192,-277181.318144,177519.777792,553578,e62bafbda2a807d1
50,2i,61,23,9512200000,9512400000,200000,-151681,151945,670140,9147,643,-553272.395072,353953.936896,541763.510592,-346625.312256,318727.654208,-203738.694144,-321670.358848,205667.249664,679287,e62bafbda2a807d1
50,2i,61,24,9512200000,9512400000,200000,-136816,137594,790720,24264,1812,-652140.065792,417286.265856,621534.641664,-396229.297152,348408.823552,-222399.553536,-356023.205632,227199.614976,814984,e62bafbda2a807d1
50,2i,61,25,9512200000,9512400000,200000,-119192,121362,904875,55250,3900,-749572.6864,479329.0752,679281.352,-430983.936,364704.3888,-231187.2384,-386811.16,246818.88,960125,e62bafbda2a807d1
50,2i,61,26,9512200000,9512400000,200000,-98411,103609,999302,117700,7140,-845945.895552,538592.449536,694170.813056,-441556.343808,354214.296064,-224500.196352,-404326.241792,258522.233856,1117002,e62bafbda2a807d1
50,2i,61,27,9512200000,9512400000,200000,-74382,86108,1032638,220815,10523,-924720.256064,586965.476352,633454.892096,-403972.758528,295223.007104,-188323.587072,-409594.035968,259214.413824,1253453,e62bafbda2a807d1
50,2i,61,28,9512200000,9512400000,200000,-48092,71356,985834,369916,15200,-973684.19648,618761.84064,476373.098112,-305324.783616,188334.764928,-121392.943104,-403684.390272,257864.810496,1355750,e62bafbda2a807d1
50,2i,61,29,9512200000,9512400000,200000,-19927,62135,869424,559217,20933,-1002285.955904,639252.905472,240907.30912,-154266.14016,45563.945728,-30158.037504,-417240.432896,263430.332928,1428641,e62bafbda2a807d1
50,2i,61,30,9512200000,9512400000,200000,9209,60097,693750,761830,22370,-1017154.77504,650819.74272,-43257.2928,31188.7104,-121984.50048,79686.51264,-434732.8704,279905.5872,1455580,e62bafbda2a807d1
50,2i,61,31,9512200000,9512400000,200000,38284,66558,487336,936755,19849,-1007644.294848,644630.897664,-337819.91712,215131.48416,-297831.187968,190292.749824,-482895.59232,309452.59776,1424091,e62bafbda2a807d1
50,2i,61,32,9512200000,9512400000,200000,65798,79670,302504,1035648,15708,-971073.906432,619748.069376,-563136.022272,359207.786496,-427443.130368,273247.233024,-523693.596672,333097.245696,1338152,e62bafbda2a807d1
50,2i,61,33,9512200000,9512400000,200000,91226,97090,164857,1060915,10745,-921053.548544,585861.844992,-700903.505152,449519.502336,-512638.340608,328251.769344,-556329.195776,354869.088768,1225772,e62bafbda2a807d1
50,2i,61,34,9512200000,9512400000,200000,113970,115984,77066,1012406,5638,-848865.740032,539026.354176,-745405.961984,475759.398912,-544950.483456,347244.331008,-561028.551168,357276.647424,1089472,e62bafbda2a807d1
50,2i,61,35,9512200000,9512400000,200000,133731,134293,28485,909855,2370,-754085.09568,478722.18624,-715076.20416,454466.04288,-532151.04576,338196.87168,-535989.16416,340507.32288,938340,e62bafbda2a807d1
50,2i,61,36,9512200000,9512400000,200000,150178,150330,8290,776190,1012,-645928.288768,409796.404224,-635491.93856,403470.38208,-480612.87488,304990.37184,-481837.740928,305771.311104,784480,e62bafbda2a807d1
50,2i,61,37,9512200000,9512400000,200000,163920,163942,2496,646644,296,-541130.53056,343886.63808,-537781.402368,341721.729024,-421439.566976,267545.530368,-421551.549184,267646.528512,649140,e62bafbda2a807d1
50,2i,61,38,9512200000,9512400000,200000,174742,174750,302,511410,0,-429556.103168,273902.183424,-429168.06016,273568.25088,-344776.992384,219819.866112,-344837.702784,219858.573312,511712,e62bafbda2a807d1
50,2i,61,39,9512200000,9512400000,200000,183115,183117,128,394256,0,-332077.954048,211678.923264,-331862.094848,211541.297664,-274793.61056,175156.07808,-274812.16096,175167.90528,394384,e62bafbda2a807d1
50,2i,61,40,9512200000,9512400000,200000,189282,189282,40,289630,0,-244163.40032,155671.54176,-244095.94432,155628.53376,-207880.50432,132538.61376,-207880.50432,132538.61376,289670,e62bafbda2a807d1
50,2i,61,41,9512200000,9512400000,200000,193581,193581,0,202143,0,-170446.9776,108672.0768,-170446.9776,108672.0768,-148621.5888,94756.8384,-148621.5888,94756.8384,202143,e62bafbda2a807d1
50,2i,61,42,9512200000,9512400000,200000,196457,196457,0,135184,0,-113987.1488,72674.9184,-113987.1488,72674.9184,-101851.8144,64937.7792,-101851.8144,64937.7792,135184,e62bafbda2a807d1
50,2i,61,43,9512200000,9512400000,200000,198256,198256,0,84364,0,-71135.7248,45354.0864,-71135.7248,45354.0864,-65227.4224,41587.1232,-65227.4224,41587.1232,84364,e62bafbda2a807d1
50,2i,61,44,9512200000,9512400000,200000,199257,199257,0,47008,0,-39637.1456,25271.5008,-39637.1456,25271.5008,-37137.9008,23678.0544,-37137.9008,23678.0544,47008,e62bafbda2a807d1
50,2i,61,45,9512200000,9512400000,200000,199751,199751,0,23265,0,-19617.048,12507.264,-19617.048,12507.264,-18744.336,11950.848,-18744.336,11950.848,23265,e62bafbda2a807d1
50,2i,61,46,9512200000,9512400000,200000,199958,199958,0,9690,0,-8170.608,5209.344,-8170.608,5209.344,-8028.9504,5119.0272,-8028.9504,5119.0272,9690,e62bafbda2a807d1
50,2i,61,47,9512200000,9512400000,200000,200000,200000,0,1974,0,-1664.4768,1061.2224,-1664.4768,1061.2224,-1664.4768,1061.2224,-1664.4768,1061.2224,1974,e62bafbda2a807d1
50,2i,61,48,9512200000,9512400000,200000,200000,200000,0,0,0,0,0,0,0,0,0,0,0,0,e62bafbda2a807d1
50,2i,61,49,9512200000,9512400000,200000,200000,200000,0,0,0,0,0,0,0,0,0,0,0,0,e62bafbda2a807d1
50,2i,61,50,9512200000,9512400000,200000,200000,200000,0,0,0,0,0,0,0,0,0,0,0,0,e62bafbda2a807d1
50,2i,62,0,9512400000,9512600000,200000,-200000,200000,0,0,0,0,0,0,0,0,0,0,0,0,d8f0d7ce0ee5585d
50,2i,62,1,9512400000,9512600000,200000,-200000,200000,0,0,0,0,0,0,0,0,0,0,0,0,d8f0d7ce0ee5585d
50,2i,62,2,9512400000,9512600000,200000,-200000,200000,0,0,0,0,0,0,0,0,0,0,0,0,d8f0d7ce0ee5585d
50,2i,62,3,9512400000,9512600000,200000,-200000,200000,0,0,0,0,0,0,0,0,0,0,0,0,d8f0d7ce0ee5585d
50,2i,62,4,9512400000,9512600000,200000,-200000,200000,0,0,0,0,0,0,0,0,0,0,0,0,d8f0d7ce0ee5585d
50,2i,62,5,9512400000,9512600000,200000,-200000,200000,0,0,0,0,0,0,0,0,0,0,0,0,d8f0d7ce0ee5585d
50,2i,62,6,9512400000,9512600000,200000,-200000,200000,0,0,0,0,0,0,0,0,0,0,0,0,d8f0d7ce0ee5585d
50,2i,62,7,9512400000,9512600000,200000,-200000,200000,258,0,0,-217.5456,138.7008,217.5456,-138.7008,217.5456,-138.7008,-217.5456,138.7008,258,d8f0d7ce0ee5585d
50,2i,62,8,9512400000,9512600000,200000,-199994,199994,552,0,0,-465.4464,296.7552,465.4464,-296.7552,424.9728,-270.9504,-424.9728,270.9504,552,d8f0d7ce0ee5585d
50,2i,62,9,9512400000,9512600000,200000,-199982,199982,1625,0,0,-1370.2,873.6,1370.2,-873.6,1279.1344,-815.5392,-1279.1344,815.5392,1625,d8f0d7ce0ee5585d
50,2i,62,10,9512400000,9512600000,200000,-199945,199945,3930,0,0,-3313.776,2112.768,3313.776,-2112.768,3001.792,-1913.856,-3001.792,1913.856,3930,d8f0d7ce0ee5585d
50,2i,62,11,9512400000,9512600000,200000,-199856,199856,8233,0,0,-6942.0656,4426.0608,6942.0656,-4426.0608,6116.5728,-3899.7504,-6116.5728,3899.7504,8233,d8f0d7ce0ee5585d
50,2i,62,12,9512400000,9512600000,200000,-199670,199670,14848,0,0,-12519.8336,7982.2848,12519.8336,-7982.2848,10637.8112,-6782.3616,-10637.8112,6782.3616,14848,d8f0d7ce0ee5585d
50,2i,62,13,9512400000,9512600000,200000,-199338,199338,25813,0,0,-21765.5216,13877.0688,21765.5216,-13877.0688,18126.2704,-11556.7872,-18126.2704,11556.7872,25813,d8f0d7ce0ee5585d
50,2i,62,14,9512400000,9512600000,200000,-198757,198757,42802,0,0,-36090.6464,23010.3552,36090.6464,-23010.3552,29232.0576,-18637.5168,-29232.0576,18637.5168,42802,d8f0d7ce0ee5585d
50,2i,62,15,9512400000,9512600000,200000,-197794,197794,65720,0,0,-55359.26528,35335.31904,55359.26528,-35335.31904,43179.24128,-27569.68704,-43179.24128,27569.68704,65720,d8f0d7ce0ee5585d
50,2i,62,16,9512400000,9512600000,200000,-196329,196329,96710,0,0,-81520.345728,51993.237504,81520.345728,-51993.237504,61781.264,-39389.952,-61781.264,39389.952,96710,d8f0d7ce0ee5585d
50,2i,62,17,9512400000,9512600000,200000,-194174,194174,140222,0,0,-118092.723328,75292.514304,118092.723328,-75292.514304,87202.091328,-55597.538304,-87202.091328,55597.538304,140222,d8f0d7ce0ee5585d
50,2i,62,18,9512400000,9512600000,200000,-191035,191035,196726,32,0,-165555.351168,105699.047424,165501.386368,-105664.641024,117963.59168,-75355.91424,-117963.59168,75355.91424,196758,d8f0d7ce0ee5585d
50,2i,62,19,9512400000,9512600000,200000,-186652,186654,261198,143,0,-219732.053696,140181.347328,219624.7312,-140112.9216,149621.489088,-95394.345984,-149653.530688,95414.774784,261341,d8f0d7ce0ee5585d
50,2i,62,20,9512400000,9512600000,200000,-180908,180918,340430,470,30,-285613.13536,182508.56448,284991.25504,-182180.38272,188737.58208,-120777.66144,-188786.1504,120808.6272,340900,d8f0d7ce0ee5585d
50,2i,62,21,9512400000,9512600000,200000,-173374,173410,441416,969,108,-369133.00064,236064.68352,367797.197376,-235194.797568,236131.13344,-150970.51392,-236532.45184,151178.56512,442385,d8f0d7ce0ee5585d
50,2i,62,22,9512400000,9512600000,200000,-163575,163659,555418,3160,318,-461443.571328,295198.178304,457383.228288,-292431.811584,279772.752512,-178955.682816,-280481.672064,179457.764352,558578,d8f0d7ce0ee5585d
50,2i,62,23,9512400000,9512600000,200000,-151325,151597,672519,9020,612,-556508.364352,356009.127936,544596.031296,-348309.424128,319071.224512,-204023.778816,-321824.17952,205883.72736,681539,d8f0d7ce0ee5585d
50,2i,62,24,9512400000,9512600000,200000,-136518,137298,788802,23464,1842,-649615.359872,416940.343296,619392.673408,-397079.199744,345590.78016,-222233.21088,-353732.449536,227424.104448,812266,d8f0d7ce0ee5585d
50,2i,62,25,9512400000,9512600000,200000,-118945,121061,900925,54575,3700,-744956.2176,477040.3968,673785.936,-431379.648,362542.112,-230975.616,-383773.8592,245081.6256,955500,d8f0d7ce0ee5585d
50,2i,62,26,9512400000,9512600000,200000,-98298,103444,988184,116526,5990,-838329.556096,536213.910528,686521.5776,-437644.8768,348373.223936,-222971.163648,-400309.299712,255788.092416,1104710,d8f0d7ce0ee5585d
50,2i,62,27,9512400000,9512600000,200000,-74636,86210,1016581,220224,10747,-909617.952704,581625.487872,621968.447552,-395577.985536,288481.335296,-182314.096128,-400837.225856,256285.214208,1236805,d8f0d7ce0ee5585d
50,2i,62,28,9512400000,9512600000,200000,-48639,71817,974594,369718,16678,-961847.86176,613196.35968,468702.390784,-296745.357312,188989.45408,-119776.95744,-402390.376192,256217.773056,1344312,d8f0d7ce0ee5585d
50,2i,62,29,9512400000,9512600000,200000,-20621,62641,869076,554525,19681,-1001713.955776,638892.768768,245908.007616,-152060.133888,49660.82272,-29018.66496,-418415.000768,266304.820224,1423601,d8f0d7ce0ee5585d
50,2i,62,30,9512400000,9512600000,200000,8478,60334,701810,756120,20060,-1021959.96096,650718.30528,-35185.45472,24425.64096,-117418.17088,76046.49984,-435512.92928,280448.47104,1457930,d8f0d7ce0ee5585d
50,2i,62,31,9512400000,9512600000,200000,37726,66510,498330,933670,18706,-1014885.060096,645892.182528,-328590.246144,206854.881792,-294142.125312,185845.833216,-487390.063744,308060.078592,1432000,d8f0d7ce0ee5585d
50,2i,62,32,9512400000,9512600000,200000,65374,79346,309298,1029578,14604,-974818.125312,620413.833216,-549562.34368,353623.05024,-423322.471808,271703.890944,-523108.041344,332660.155392,1338876,d8f0d7ce0ee5585d
50,2i,62,33,9512400000,9512600000,200000,90604,96542,164810,1057573,9851,-922073.23296,585992.80128,-696273.512128,446874.952704,-508357.704512,325184.418816,-551217.214528,352549.115904,1222383,d8f0d7ce0ee5585d
50,2i,62,34,9512400000,9512600000,200000,113533,115677,76690,1017904,5450,-852803.546752,541363.931136,-750959.94688,476463.26784,-550709.536128,350048.584704,-566834.115968,360219.853824,1094594,d8f0d7ce0ee5585d
50,2i,62,35,9512400000,9512600000,200000,133221,133841,30240,907660,2435,-752931.59168,476779.91424,-712876.2976,451685.8368,-529411.56384,334970.18112,-534194.33952,337814.60736,937900,d8f0d7ce0ee5585d
50,2i,62,36,9512400000,9512600000,200000,149809,149953,9422,780582,1070,-648990.731776,412789.536768,-636389.572096,405310.998528,-482081.13408,306491.19744,-483203.632128,307143.112704,790004,d8f0d7ce0ee5585d
50,2i,62,37,9512400000,9512600000,200000,163583,163605,2400,652617,285,-546413.44672,348621.09696,-543291.016128,346769.224704,-422905.474752,270123.035136,-423061.30336,270251.98848,655017,d8f0d7ce0ee5585d
50,2i,62,38,9512400000,9512600000,200000,174766,174766,418,524748,76,-440860.52416,280519.80288,-440405.025152,280142.862336,-356232.000768,226560.820224,-356232.000768,226560.820224,525166,d8f0d7ce0ee5585d
50,2i,62,39,9512400000,9512600000,200000,183117,183117,0,394307,0,-332155.017536,211626.728448,-332155.017536,211626.728448,-274302.515136,174754.165248,-274302.515136,174754.165248,394307,d8f0d7ce0ee5585d
50,2i,62,40,9512400000,9512600000,200000,189355,189355,0,292880,0,-246933.888,157392.384,-246933.888,157392.384,-210372.736,134082.048,-210372.736,134082.048,292880,d8f0d7ce0ee5585d
50,2i,62,41,9512400000,9512600000,200000,193691,193691,0,204065,0,-172067.608,109705.344,-172067.608,109705.344,-149900.7232,95572.3776,-149900.7232,95572.3776,204065,d8f0d7ce0ee5585d
50,2i,62,42,9512400000,9512600000,200000,196612,196612,0,136522,0,-115115.3504,73394.2272,-115115.3504,73394.2272,-103445.4624,65953.8432,-103445.4624,65953.8432,136522,d8f0d7ce0ee5585d
50,2i,62,43,9512400000,9512600000,200000,198342,198342,0,81180,0,-68450.976,43642.368,-68450.976,43642.368,-62725.648,39992.064,-62725.648,39992.064,81180,d8f0d7ce0ee5585d
50,2i,62,44,9512400000,9512600000,200000,199312,199312,0,45494,0,-38360.5408,24457.5744,-38360.5408,24457.5744,-35987.776,22944.768,-35987.776,22944.768,45494,d8f0d7ce0ee5585d
50,2i,62,45,9512400000,9512600000,200000,199781,199781,0,21975,0,-18529.32,11813.76,-18529.32,11813.76,-17795.736,11346.048,-17795.736,11346.048,21975,d8f0d7ce0ee5585d
50,2i,62,46,9512400000,9512600000,200000,199955,199955,0,8184,0,-6900.7488,4399.7184,-6900.7488,4399.7184,-6748.9728,4302.9504,-6748.9728,4302.9504,8184,d8f0d7ce0ee5585d
50,2i,62,47,9512400000,9512600000,200000,200000,200000,0,2115,0,-1783.368,1137.024,-1783.368,1137.024,-1783.368,1137.024,-1783.368,1137.024,2115,d8f0d7ce0ee5585d
50,2i,62,48,9512400000,9512600000,200000,200000,200000,0,0,0,0,0,0,0,0,0,0,0,0,d8f0d7ce0ee5585d
50,2i,62,49,9512400000,9512600000,200000,200000,200000,0,0,0,0,0,0,0,0,0,0,0,0,d8f0d7ce0ee5585d
50,2i,62,50,9512400000,9512600000,200000,200000,200000,0,0,0,0,0,0,0,0,0,0,0,0,d8f0d7ce0ee5585d
50,2i,63,0,9512600000,9512800000,200000,-200000,200000,0,0,0,0,0,0,0,0,0,0,0,0,722a842bd2c62eba
50,2i,63,1,9512600000,9512800000,200000,-200000,200000,0,0,0,0,0,0,0,0,0,0,0,0,722a842bd2c62eba
50,2i,63,2,9512600000,9512800000,200000,-200000,200000,0,0,0,0,0,0,0,0,0,0,0,0,722a842bd2c62eba
50,2i,63,3,9512600000,9512800000,200000,-200000,200000,0,0,0,0,0,0,0,0,0,0,0,0,722a842bd2c62eba
50,2i,63,4,9512600000,9512800000,200000,-200000,200000,0,0,0,0,0,0,0,0,0,0,0,0,722a842bd2c62eba
50,2i,63,5,9512600000,9512800000,200000,-200000,200000,0,0,0,0,0,0,0,0,0,0,0,0,722a842bd2c62eba
50,2i,63,6,9512600000,9512800000,200000,-200000,200000,44,0,0,-37.1008,23.6544,37.1008,-23.6544,37.1008,-23.6544,-37.1008,23.6544,44,722a842bd2c62eba
50,2i,63,7,9512600000,9512800000,200000,-199999,199999,50,0,0,-42.16,26.88,42.16,-26.88,36.2576,-23.1168,-36.2576,23.1168,50,722a842bd2c62eba
50,2i,63,8,9512600000,9512800000,200000,-199998,199998,554,0,0,-467.1328,297.8304,467.1328,-297.8304,460.3872,-293.5296,-460.3872,293.5296,554,722a842bd2c62eba
50,2i,63,9,9512600000,9512800000,200000,-199985,199985,1552,0,0,-1308.6464,834.3552,1308.6464,-834.3552,1209.992,-771.456,-1209.992,771.456,1552,722a842bd2c62eba
50,2i,63,10,9512600000,9512800000,200000,-199950,199950,3590,0,0,-3027.088,1929.984,3027.088,-1929.984,2731.968,-1741.824,-2731.968,1741.824,3590,722a842bd2c62eba
50,2i,63,11,9512600000,9512800000,200000,-199869,199869,7482,0,0,-6308.8224,4022.3232,6308.8224,-4022.3232,5557.5312,-3543.3216,-5557.5312,3543.3216,7482,722a842bd2c62eba
50,2i,63,12,9512600000,9512800000,200000,-199700,199700,15024,0,0,-12668.2368,8076.9024,12668.2368,-8076.9024,10958.2272,-6986.6496,-10958.2272,6986.6496,15024,722a842bd2c62eba
50,2i,63,13,9512600000,9512800000,200000,-199358,199358,24611,0,0,-20751.9952,13230.8736,20751.9952,-13230.8736,17003.128,-10840.704,-17003.128,10840.704,24611,722a842bd2c62eba
50,2i,63,14,9512600000,9512800000,200000,-198813,198813,39958,0,0,-33692.5856,21481.4208,33692.5856,-21481.4208,27258.9696,-17379.5328,-27258.9696,17379.5328,39958,722a842bd2c62eba
50,2i,63,15,9512600000,9512800000,200000,-197915,197915,63660,0,0,-53678.112,34223.616,53678.112,-34223.616,42320.208,-26982.144,-42320.208,26982.144,63660,722a842bd2c62eba
50,2i,63,16,9512600000,9512800000,200000,-196481,196481,97268,0,0,-82016.3776,52291.2768,82016.3776,-52291.2768,62669.9968,-39956.5824,-62669.9968,39956.5824,97268,722a842bd2c62eba
50,2i,63,17,9512600000,9512800000,200000,-194295,194295,137911,0,0,-116162.673728,74099.541504,116162.673728,-74099.541504,84827.675328,-54121.250304,-84827.675328,54121.250304,137911,722a842bd2c62eba
50,2i,63,18,9512600000,9512800000,200000,-191242,191242,196586,32,0,-165498.493312,105646.857216,165444.528512,-105612.450816,119201.869824,-76108.972032,-119201.869824,76108.972032,196618,722a842bd2c62eba
50,2i,63,19,9512600000,9512800000,200000,-186815,186817,264917,50,0,-222642.360384,142332.890112,222558.040384,-142279.130112,151808.069376,-97106.093568,-151840.110976,97126.522368,264967,722a842bd2c62eba
50,2i,63,20,9512600000,9512800000,200000,-180981,180985,346970,140,0,-290681.40992,185705.79456,290445.31392,-185555.26656,192595.472,-122964.096,-192629.2,122985.6,347110,722a842bd2c62eba
50,2i,63,21,9512600000,9512800000,200000,-173300,173312,441067,635,29,-368255.637632,235436.990976,367358.877568,-234865.242624,232907.7936,-149023.5648,-233049.4512,149113.8816,441702,722a842bd2c62eba
50,2i,63,22,9512600000,9512800000,200000,-163631,163681,555748,2854,190,-461134.348928,294948.655104,457666.991744,-292419.182592,282371.84896,-180414.68928,-282944.685312,180779.913216,558602,722a842bd2c62eba
50,2i,63,23,9512600000,9512800000,200000,-151278,151502,676831,8859,462,-557864.409344,356861.179392,547209.280896,-349559.996928,319164.447488,-203973.917184,-321542.0896,205751.6928,685690,722a842bd2c62eba
50,2i,63,24,9512600000,9512800000,200000,-136405,137137,793064,24062,1484,-652445.4624,417553.8432,622208.871552,-397050.817536,348889.823232,-222747.211776,-356247.588864,227656.906752,817126,722a842bd2c62eba
50,2i,63,25,9512600000,9512800000,200000,-118706,120820,909675,57100,3300,-753126.797491124260355,482470.016378698224852,680467.699891124260355,-433753.779578698224852,366789.442291124260355,-234074.662778698224852,-388788.312691124260355,249068.249978698224852,966775,722a842bd2c62eba
50,2i,63,26,9512600000,9512800000,200000,-97734,103034,993502,120258,6076,-843956.07651824852071,540558.313205396449704,689268.778423289940828,-439211.379742295857988,347368.676736,-221114.754048,-400055.313024,256186.309632,1113760,722a842bd2c62eba
50,2i,63,27,9512600000,9512800000,200000,-74047,85917,1013982,220117,10714,-908107.961706414201183,581605.42197699408284,620329.817237585798817,-394214.49021500591716,286417.522965585798817,-182148.20771900591716,-401168.267498414201183,256708.00783299408284,1234099,722a842bd2c62eba
50,2i,63,28,9512600000,9512800000,200000,-48197,71495,974262,367738,16760,-960978.787328,614208.866304,468466.644224,-297688.031232,190871.208576,-120138.759168,-401513.260672,257498.397696,1342000,722a842bd2c62eba
50,2i,63,29,9512600000,9512800000,200000,-20097,62281,866301,559132,20358,-1004688.992832,639160.344576,237982.117952,-152777.972736,45122.322496,-28988.425728,-416678.351552,265155.457536,1425433,722a842bd2c62eba
50,2i,63,30,9512600000,9512800000,200000,8976,60378,692260,760090,21120,-1018878.77056,646806.95808,-43614.78848,29834.09664,-124476.23744,80341.58592,-440024.97088,277108.89984,1452350,722a842bd2c62eba
50,2i,63,31,9512600000,9512800000,200000,37984,66624,490200,927748,20488,-1003107.762816,635098.687488,-327204.03648,213950.96064,-292542.477056,189293.495808,-479345.66656,305451.88608,1417948,722a842bd2c62eba
50,2i,63,32,9512600000,9512800000,200000,65284,79462,306524,1023952,15218,-967868.496896,612002.684928,-552437.892352,351845.031936,-419844.146304,266100.252672,-520658.852736,330622.722048,1330476,722a842bd2c62eba
50,2i,63,33,9512600000,9512800000,200000,90666,96496,169566,1054348,9448,-921038.109696,584949.155328,-694356.212224,439546.655232,-510558.973184,322975.360512,-552413.908864,350086.666752,1223914,722a842bd2c62eba
50,2i,63,34,9512600000,9512800000,200000,113390,115476,75376,1011672,4878,-844668.320768,537750.580224,-745457.479424,473900.024832,-544670.95488,346619.81184,-560171.924864,356247.754752,1087048,722a842bd2c62eba
50,2i,63,35,9512600000,9512800000,200000,133042,133662,29210,907925,2165,-751076.04256,477993.45408,-712258.31904,453904.73472,-528323.5184,336217.6512,-533232.87008,339245.24544,937135,722a842bd2c62eba
50,2i,63,36,9512600000,9512800000,200000,149663,149809,9330,780784,996,-647173.244288,412568.899584,-634449.249408,404702.367744,-481662.79232,307422.19776,-482604.343168,308022.503424,790114,722a842bd2c62eba
50,2i,63,37,9512600000,9512800000,200000,163360,163392,2278,647706,457,-540750.853504,344063.542272,-538040.870912,342306.134016,-419251.638528,266613.947904,-419473.236736,266784.834048,649984,722a842bd2c62eba
50,2i,63,38,9512600000,9512800000,200000,174375,174381,530,519596,38,-436732.731264,278388.989952,-436024.272256,277850.769408,-350836.578176,223553.491968,-350897.288576,223592.199168,520126,722a842bd2c62eba
50,2i,63,39,9512600000,9512800000,200000,182838,182838,117,398800,0,-336050.259136,214344.757248,-335852.950336,214218.958848,-277912.597248,177277.860864,-277912.597248,177277.860864,398917,722a842bd2c62eba
50,2i,63,40,9512600000,9512800000,200000,189098,189098,0,294130,0,-247924.07232,158069.23776,-247924.07232,158069.23776,-211050.93632,134559.98976,-211050.93632,134559.98976,294130,722a842bd2c62eba
50,2i,63,41,9512600000,9512800000,200000,193471,193471,0,205519,0,-173293.6208,110487.0144,-173293.6208,110487.0144,-151179.8576,96387.9168,-151179.8576,96387.9168,205519,722a842bd2c62eba
50,2i,63,42,9512600000,9512800000,200000,196385,196385,0,137180,0,-115670.176,73747.968,-115670.176,73747.968,-103197.5616,65795.7888,-103197.5616,65795.7888,137180,722a842bd2c62eba
50,2i,63,43,9512600000,9512800000,200000,198234,198234,0,86542,0,-72972.2144,46524.9792,-72972.2144,46524.9792,-67040.3024,42742.9632,-67040.3024,42742.9632,86542,722a842bd2c62eba
50,2i,63,44,9512600000,9512800000,200000,199239,199239,0,47268,0,-39856.3776,25411.2768,-39856.3776,25411.2768,-37286.304,23772.672,-37286.304,23772.672,47268,722a842bd2c62eba
50,2i,63,45,9512600000,9512800000,200000,199747,199747,0,23920,0,-20169.344,12859.392,-20169.344,12859.392,-19275.552,12289.536,-19275.552,12289.536,23920,722a842bd2c62eba
50,2i,63,46,9512600000,9512800000,200000,199959,199959,0,9916,0,-8361.1712,5330.8416,-8361.1712,5330.8416,-8222.8864,5242.6752,-8222.8864,5242.6752,9916,722a842bd2c62eba
50,2i,63,47,9512600000,9512800000,200000,200000,200000,0,1927,0,-1624.8464,1035.9552,-1624.8464,1035.9552,-1624.8464,1035.9552,-1624.8464,1035.9552,1927,722a842bd2c62eba
50,2i,63,48,9512600000,9512800000,200000,200000,200000,0,0,0,0,0,0,0,0,0,0,0,0,722a842bd2c62eba
50,2i,63,49,9512600000,9512800000,200000,200000,200000,0,0,0,0,0,0,0,0,0,0,0,0,722a842bd2c62eba
50,2i,63,50,9512600000,9512800000,200000,200000,200000,0,0,0,0,0,0,0,0,0,0,0,0,722a842bd2c62eba
50,2i,64,0,9512800000,9513000000,200000,-200000,200000,0,0,0,0,0,0,0,0,0,0,0,0,9470f0489bc11bde
50,2i,64,1,9512800000,9513000000,200000,-200000,200000,0,0,0,0,0,0,0,0,0,0,0,0,9470f0489bc11bde
50,2i,64,2,9512800000,9513000000,200000,-200000,200000,0,0,0,0,0,0,0,0,0,0,0,0,9470f0489bc11bde
50,2i,64,3,9512800000,9513000000,200000,-200000,200000,0,0,0,0,0,0,0,0,0,0,0,0,9470f0489bc11bde
50,2i,64,4,9512800000,9513000000,200000,-200000,200000,0,0,0,0,0,0,0,0,0,0,0,0,9470f0489bc11bde
50,2i,64,5,9512800000,9513000000,200000,-200000,200000,0,0,0,0,0,0,0,0,0,0,0,0,9470f0489bc11bde
50,2i,64,6,9512800000,9513000000,200000,-200000,200000,44,0,0,-37.1008,23.6544,37.1008,-23.6544,37.1008,-23.6544,-37.1008,23.6544,44,9470f0489bc11bde
50,2i,64,7,9512800000,9513000000,200000,-199999,199999,265,0,0,-223.448,142.464,223.448,-142.464,217.5456,-138.7008,-217.5456,138.7008,265,9470f0489bc11bde
50,2i,64,8,9512800000,9513000000,200000,-199993,199993,384,0,0,-323.7888,206.4384,323.7888,-206.4384,283.3152,-180.6336,-283.3152,180.6336,384,9470f0489bc11bde
50,2i,64,9,9512800000,9513000000,200000,-199985,199985,1343,0,0,-1132.4176,721.9968,1132.4176,-721.9968,1071.7072,-683.2896,-1071.7072,683.2896,1343,9470f0489bc11bde
50,2i,64,10,9512800000,9513000000,200000,-199954,199954,3150,0,0,-2656.08,1693.44,2656.08,-1693.44,2394.688,-1526.784,-2394.688,1526.784,3150,9470f0489bc11bde
50,2i,64,11,9512800000,9513000000,200000,-199883,199883,6748,0,0,-5689.9136,3627.7248,5689.9136,-3627.7248,5031.3744,-3207.8592,-5031.3744,3207.8592,6748,9470f0489bc11bde
50,2i,64,12,9512800000,9513000000,200000,-199730,199730,13882,0,0,-11705.3024,7462.9632,11705.3024,-7462.9632,10157.1872,-6475.9296,-10157.1872,6475.9296,13882,9470f0489bc11bde
50,2i,64,13,9512800000,9513000000,200000,-199413,199413,25470,0,0,-21476.304,13692.672,21476.304,-13692.672,18001.4768,-11477.2224,-18001.4768,11477.2224,25470,9470f0489bc11bde
50,2i,64,14,9512800000,9513000000,200000,-198836,198836,42710,0,0,-36013.072,22960.896,36013.072,-22960.896,29201.7024,-18618.1632,-29201.7024,18618.1632,42710,9470f0489bc11bde
50,2i,64,15,9512800000,9513000000,200000,-197874,197874,64060,0,0,-54015.392,34438.656,54015.392,-34438.656,41848.016,-26681.088,-41848.016,26681.088,64060,9470f0489bc11bde
50,2i,64,16,9512800000,9513000000,200000,-196456,196456,96298,0,0,-81198.4736,51769.8048,81198.4736,-51769.8048,62067.952,-39572.736,-62067.952,39572.736,96298,9470f0489bc11bde
50,2i,64,17,9512800000,9513000000,200000,-194291,194291,140590,0,0,-118440.192128,75589.192704,118440.192128,-75589.192704,87406.216128,-55802.824704,-87406.216128,55802.824704,140590,9470f0489bc11bde
50,2i,64,18,9512800000,9513000000,200000,-191146,191146,196034,0,0,-164793.969536,105327.464448,164793.969536,-105327.464448,117117.851648,-74889.560064,-117117.851648,74889.560064,196034,9470f0489bc11bde
50,2i,64,19,9512800000,9513000000,200000,-186789,186789,267450,62,31,-224438.244736,143613.378048,224484.88064,-143572.52352,154922.838272,-99127.274496,-154922.838272,99127.274496,267512,9470f0489bc11bde
50,2i,64,20,9512800000,9513000000,200000,-180830,180834,349030,370,20,-292908.12672,187239.33696,292381.7024,-186858.1632,192709.74016,-123082.49088,-192679.65248,123108.84864,349400,9470f0489bc11bde
50,2i,64,21,9512800000,9513000000,200000,-173156,173182,442948,811,29,-370273.948992,236573.523456,368987.849792,-235819.577856,234549.832768,-149905.396224,-234939.391168,150153.767424,443759,9470f0489bc11bde
50,2i,64,22,9512800000,9513000000,200000,-163411,163477,549894,2708,218,-456873.40224,292113.59232,453392.615552,-289689.409536,276710.822272,-176894.186496,-277390.956672,177277.725696,552602,9470f0489bc11bde
50,2i,64,23,9512800000,9513000000,200000,-151332,151560,668588,9045,566,-551742.634176,354521.299968,539933.954624,-346475.538432,317110.510144,-204196.833792,-319411.045952,205873.076736,677633,9470f0489bc11bde
50,2i,64,24,9512800000,9513000000,200000,-136524,137284,793036,24740,1634,-652600.77824,420351.16032,620861.092096,-398894.358528,349606.624128,-224538.568704,-358058.307456,230200.363008,817776,9470f0489bc11bde
50,2i,64,25,9512800000,9513000000,200000,-118740,120912,909300,58450,3625,-754253.5232,484362.7776,679387.728,-435093.504,365400.9456,-233509.9008,-387793.256,248697.408,967750,9470f0489bc11bde
50,2i,64,26,9512800000,9513000000,200000,-97814,103250,987284,119136,7200,-837175.023104,536076.675072,686497.155584,-437554.163712,342888.892416,-218345.100288,-397461.316608,253790.137344,1106420,9470f0489bc11bde
50,2i,64,27,9512800000,9513000000,200000,-74383,86211,1014441,219347,11249,-905620.358912,579599.318016,621820.06016,-393904.25088,293213.905088,-185694.633984,-401332.528832,256656.792576,1233788,9470f0489bc11bde
50,2i,64,28,9512800000,9513000000,200000,-48246,71644,984270,366712,16492,-965343.618432,619200.485376,476643.948928,-302801.455104,191289.717376,-121906.157568,-405163.060864,261581.002752,1350982,9470f0489bc11bde
50,2i,64,29,9512800000,9513000000,200000,-20103,62113,866964,554046,21546,-996335.085568,639055.386624,243685.225728,-155485.077504,45758.018752,-28040.027136,-408029.084864,260994.634752,1421010,9470f0489bc11bde
50,2i,64,30,9512800000,9513000000,200000,8700,60374,687190,754340,22020,-1009182.05376,644313.41568,-43464.05952,30375.56736,-120116.64384,78495.62112,-437567.3472,279526.8096,1441530,9470f0489bc11bde
50,2i,64,31,9512800000,9513000000,200000,37572,66340,493173,922288,19206,-1004531.795776,639945.888768,-322838.919616,208474.149888,-288773.50176,185479.87968,-478417.787712,305353.276416,1415461,9470f0489bc11bde
50,2i,64,32,9512800000,9513000000,200000,64963,79191,306116,1025670,13932,-970737.036416,618362.892288,-551242.719872,353760.823296,-421683.335936,269770.779648,-521776.749824,332480.812032,1331786,9470f0489bc11bde
50,2i,64,33,9512800000,9513000000,200000,90256,96320,167125,1055960,9919,-921911.57792,587225.21856,-694501.420352,443992.935936,-508356.915264,324917.501952,-552262.480704,353181.391872,1223085,9470f0489bc11bde
50,2i,64,34,9512800000,9513000000,200000,113104,115354,77110,1020650,5858,-856080.056832,544716.696576,-752489.069568,478310.298624,-547903.674112,348179.951616,-563683.530496,358058.569728,1097760,9470f0489bc11bde
50,2i,64,35,9512800000,9513000000,200000,133162,133878,31015,921875,2940,-765614.73856,487820.78208,-725468.04736,462554.58048,-540759.84928,344659.03104,-546388.10464,348315.75552,952890,9470f0489bc11bde
50,2i,64,36,9512800000,9513000000,200000,149886,150046,10960,783828,854,-651554.039808,415218.514944,-636803.132672,405681.693696,-484100.251264,308500.349952,-485343.345536,309261.032448,794788,9470f0489bc11bde
50,2i,64,37,9512800000,9513000000,200000,163652,163676,2659,649358,298,-542778.533568,345557.850624,-539332.470592,343474.592256,-421341.13952,268397.00736,-421501.88192,268469.89056,652017,9470f0489bc11bde
50,2i,64,38,9512800000,9513000000,200000,174627,174629,430,516808,114,-434250.635136,276246.325248,-433760.535936,276020.379648,-349689.24096,222389.34528,-349709.47776,222402.24768,517238,9470f0489bc11bde
50,2i,64,39,9512800000,9513000000,200000,182976,182976,39,395268,0,-332759.65216,212088.50688,-332693.88256,212046.57408,-273995.235072,174647.056896,-273995.235072,174647.056896,395307,9470f0489bc11bde
50,2i,64,40,9512800000,9513000000,200000,189312,189312,0,297280,0,-250535.09632,159642.86976,-250535.09632,159642.86976,-213569.20832,136074.48576,-213569.20832,136074.48576,297280,9470f0489bc11bde
50,2i,64,41,9512800000,9513000000,200000,193696,193696,0,206006,0,-173704.2592,110748.8256,-173704.2592,110748.8256,-151560.1408,96630.3744,-151560.1408,96630.3744,206006,9470f0489bc11bde
50,2i,64,42,9512800000,9513000000,200000,196614,196614,0,136236,0,-114874.1952,73240.4736,-114874.1952,73240.4736,-103339.2192,65886.1056,-103339.2192,65886.1056,136236,9470f0489bc11bde
50,2i,64,43,9512800000,9513000000,200000,198324,198324,0,80327,0,-67731.7264,43183.7952,-67731.7264,43183.7952,-62000.496,39529.728,-62000.496,39529.728,80327,9470f0489bc11bde
50,2i,64,44,9512800000,9513000000,200000,199295,199295,0,45628,0,-38473.5296,24529.6128,-38473.5296,24529.6128,-36024.8768,22968.4224,-36024.8768,22968.4224,45628,9470f0489bc11bde
50,2i,64,45,9512800000,9513000000,200000,199779,199779,0,22655,0,-19102.696,12179.328,-19102.696,12179.328,-18364.896,11708.928,-18364.896,11708.928,22655,9470f0489bc11bde
50,2i,64,46,9512800000,9513000000,200000,199954,199954,0,8234,0,-6942.9088,4426.5984,-6942.9088,4426.5984,-6787.76,4327.68,-6787.76,4327.68,8234,9470f0489bc11bde
50,2i,64,47,9512800000,9513000000,200000,200000,200000,0,2162,0,-1822.9984,1162.2912,-1822.9984,1162.2912,-1822.9984,1162.2912,-1822.9984,1162.2912,2162,9470f0489bc11bde
50,2i,64,48,9512800000,9513000000,200000,200000,200000,0,0,0,0,0,0,0,0,0,0,0,0,9470f0489bc11bde
50,2i,64,49,9512800000,9513000000,200000,200000,200000,0,0,0,0,0,0,0,0,0,0,0,0,9470f0489bc11bde
50,2i,64,50,9512800000,9513000000,200000,200000,200000,0,0,0,0,0,0,0,0,0,0,0,0,9470f0489bc11bde
50,2i,65,0,9513000000,9513200000,200000,-200000,200000,0,0,0,0,0,0,0,0,0,0,0,0,12971e655037d675
50,2i,65,1,9513000000,9513200000,200000,-200000,200000,0,0,0,0,0,0,0,0,0,0,0,0,12971e655037d675
50,2i,65,2,9513000000,9513200000,200000,-200000,200000,0,0,0,0,0,0,0,0,0,0,0,0,12971e655037d675
50,2i,65,3,9513000000,9513200000,200000,-200000,200000,0,0,0,0,0,0,0,0,0,0,0,0,12971e655037d675
50,2i,65,4,9513000000,9513200000,200000,-200000,200000,0,0,0,0,0,0,0,0,0,0,0,0,12971e655037d675
50,2i,65,5,9513000000,9513200000,200000,-200000,200000,0,0,0,0,0,0,0,0,0,0,0,0,12971e655037d675
50,2i,65,6,9513000000,9513200000,200000,-200000,200000,0,0,0,0,0,0,0,0,0,0,0,0,12971e655037d675
50,2i,65,7,9513000000,9513200000,200000,-200000,200000,86,0,0,-72.5152,46.2336,72.5152,-46.2336,72.5152,-46.2336,-72.5152,46.2336,86,12971e655037d675
50,2i,65,8,9513000000,9513200000,200000,-199998,199998,730,0,0,-615.536,392.448,615.536,-392.448,602.0448,-383.8464,-602.0448,383.8464,730,12971e655037d675
50,2i,65,9,9513000000,9513200000,200000,-199981,199981,1424,0,0,-1200.7168,765.5424,1200.7168,-765.5424,1071.7072,-683.2896,-1071.7072,683.2896,1424,12971e655037d675
50,2i,65,10,9513000000,9513200000,200000,-199950,199950,4190,0,0,-3533.008,2252.544,3533.008,-2252.544,3271.616,-2085.888,-3271.616,2085.888,4190,12971e655037d675
50,2i,65,11,9513000000,9513200000,200000,-199853,199853,8360,0,0,-7049.152,4494.336,7049.152,-4494.336,6149.4576,-3920.7168,-6149.4576,3920.7168,8360,12971e655037d675
50,2i,65,12,9513000000,9513200000,200000,-199666,199666,14062,0,0,-11857.0784,7559.7312,11857.0784,-7559.7312,9964.9376,-6353.3568,-9964.9376,6353.3568,14062,12971e655037d675
50,2i,65,13,9513000000,9513200000,200000,-199355,199355,26021,0,0,-21940.9072,13988.8896,21940.9072,-13988.8896,18531.8496,-11815.3728,-18531.8496,11815.3728,26021,12971e655037d675
50,2i,65,14,9513000000,9513200000,200000,-198761,198761,42948,0,0,-36213.7536,23088.8448,36213.7536,-23088.8448,29201.7024,-18618.1632,-29201.7024,18618.1632,42948,12971e655037d675
50,2i,65,15,9513000000,9513200000,200000,-197799,197799,64410,0,0,-54310.512,34626.816,54310.512,-34626.816,42143.136,-26869.248,-42143.136,26869.248,64410,12971e655037d675
50,2i,65,16,9513000000,9513200000,200000,-196371,196371,98872,0,0,-83368.8704,53153.5872,83368.8704,-53153.5872,64103.4368,-40870.5024,-64103.4368,40870.5024,98872,12971e655037d675
50,2i,65,17,9513000000,9513200000,200000,-194135,194135,141830,0,0,-119538.408064,76251.812352,119538.408064,-76251.812352,87486.689664,-55816.561152,-87486.689664,55816.561152,141830,12971e655037d675
50,2i,65,18,9513000000,9513200000,200000,-190989,190989,197524,32,0,-166346.291968,106223.821824,166292.327168,-106189.415424,118599.297024,-75761.221632,-118599.297024,75761.221632,197556,12971e655037d675
50,2i,65,19,9513000000,9513200000,200000,-186585,186587,263922,50,0,-221942.068992,141625.683456,221857.748992,-141571.923456,151465.555584,-96605.363712,-151497.597184,96625.792512,263972,12971e655037d675
50,2i,65,20,9513000000,9513200000,200000,-180769,180773,339740,140,30,-284830.9568,181861.8624,284679.2448,-181833.4464,187008.18752,-119504.27136,-187041.91552,119525.77536,339880,12971e655037d675
50,2i,65,21,9513000000,9513200000,200000,-173317,173329,443334,867,79,-370406.221632,236360.702976,369318.723904,-235649.129472,238903.642304,-152341.980672,-238986.231104,152346.819072,444201,12971e655037d675
50,2i,65,22,9513000000,9513200000,200000,-163396,163462,559016,3030,296,-463961.285248,297076.644864,460451.35296,-294724.96128,280556.57408,-180061.11744,-281318.918784,180597.261312,562046,12971e655037d675
50,2i,65,23,9513000000,9513200000,200000,-151118,151358,669571,9237,666,-553246.281728,354492.885504,542281.87712,-346404.76416,315865.31424,-201575.60832,-318122.261184,203066.944512,678808,12971e655037d675
50,2i,65,24,9513000000,9513200000,200000,-136436,137212,789886,24242,1604,-650731.607808,416461.138944,620171.00032,-395988.34176,349809.067136,-223451.701248,-357549.029504,229315.510272,814128,12971e655037d675
50,2i,65,25,9513000000,9513200000,200000,-118676,120822,905900,54825,3500,-748416.456,479275.008,679317.0736,-434934.6048,362819.2928,-232404.7104,-384762.2208,246451.8144,960725,12971e655037d675
50,2i,65,26,9513000000,9513200000,200000,-98007,103169,993258,115696,6812,-839228.865408,536532.255744,692913.60448,-441369.58464,352807.491584,-224193.011712,-401850.20416,255698.04288,1108954,12971e655037d675
50,2i,65,27,9513000000,9513200000,200000,-74192,85728,1019877,218046,11469,-908273.311424,580508.600832,625338.99168,-397383.11424,287595.389248,-183199.716864,-397027.006144,254814.561792,1237923,12971e655037d675
50,2i,65,28,9513000000,9513200000,200000,-48326,71340,974340,368130,16516,-958096.856704,611594.959872,469919.98144,-297460.17792,191671.402752,-120034.139136,-402892.08448,255786.22464,1342470,12971e655037d675
50,2i,65,29,9513000000,9513200000,200000,-20225,62097,865917,561183,20492,-1003650.261888,638223.696384,240295.8656,-147384.4608,47562.365056,-27533.879808,-412640.983808,262674.706944,1427100,12971e655037d675
50,2i,65,30,9513000000,9513200000,200000,8926,60350,691290,766740,21980,-1021828.99392,649325.50656,-53455.50912,38043.74016,-129012.6336,84292.6848,-439952.76288,280990.75584,1458030,12971e655037d675
50,2i,65,31,9513000000,9513200000,200000,38101,66743,491821,933869,20677,-1007901.965824,639611.500032,-336281.076992,213286.227456,-297565.46336,188894.86848,-487229.151808,310338.130944,1425690,12971e655037d675
50,2i,65,32,9513000000,9513200000,200000,65536,79578,304862,1033336,15720,-973644.958592,618711.776256,-558059.073664,353322.673152,-422987.78688,267396.38784,-519140.091264,328249.469952,1338198,12971e655037d675
50,2i,65,33,9513000000,9513200000,200000,91107,97231,164851,1065062,9308,-926161.013312,590318.217216,-703706.237376,448849.517568,-517357.03232,330070.51776,-563532.583552,359975.233536,1229913,12971e655037d675
50,2i,65,34,9513000000,9513200000,200000,113817,115917,80088,1009156,5680,-848789.79712,539663.32416,-740876.958464,470223.639552,-541196.76672,344306.85696,-556758.502912,353937.110016,1089244,12971e655037d675
50,2i,65,35,9513000000,9513200000,200000,133636,134276,29330,914685,2670,-759392.76768,481815.88224,-720251.2816,457668.7488,-535259.34368,339319.05024,-540359.53184,342400.00512,944015,12971e655037d675
50,2i,65,36,9513000000,9513200000,200000,150326,150462,9772,780978,1004,-649080.513152,413564.046336,-636000.78912,405602.78016,-484410.572288,309035.203584,-485249.844736,309602.178048,790750,12971e655037d675
50,2i,65,37,9513000000,9513200000,200000,163891,163927,2058,643848,383,-538618.258176,342587.731968,-536142.099584,340954.355712,-416677.129088,264917.865984,-416935.210496,265052.809728,645906,12971e655037d675
50,2i,65,38,9513000000,9513200000,200000,174968,174972,632,521118,38,-437733.222784,278673.933312,-436938.357376,278253.677568,-352426.866688,224437.622784,-352467.340288,224463.427584,521750,12971e655037d675
50,2i,65,39,9513000000,9513200000,200000,183370,183370,78,394524,0,-332354.378112,211531.823616,-332222.838912,211447.958016,-275888.231424,175543.160832,-275888.231424,175543.160832,394602,12971e655037d675
50,2i,65,40,9513000000,9513200000,200000,189454,189454,0,285880,0,-240945.14432,153574.13376,-240945.14432,153574.13376,-205092.28032,130715.38176,-205092.28032,130715.38176,285880,12971e655037d675
50,2i,65,41,9513000000,9513200000,200000,193706,193706,0,200396,0,-168973.9072,107732.8896,-168973.9072,107732.8896,-146996.7424,93720.8832,-146996.7424,93720.8832,200396,12971e655037d675
50,2i,65,42,9513000000,9513200000,200000,196602,196602,0,135744,0,-114459.3408,72975.9744,-114459.3408,72975.9744,-102560.1024,65389.3632,-102560.1024,65389.3632,135744,12971e655037d675
50,2i,65,43,9513000000,9513200000,200000,198366,198366,0,82642,0,-69683.7344,44428.3392,-69683.7344,44428.3392,-63958.4064,40778.0352,-63958.4064,40778.0352,82642,12971e655037d675
50,2i,65,44,9513000000,9513200000,200000,199336,199336,0,45296,0,-38193.5872,24351.1296,-38193.5872,24351.1296,-35987.776,22944.768,-35987.776,22944.768,45296,12971e655037d675
50,2i,65,45,9513000000,9513200000,200000,199772,199772,0,20575,0,-17348.84,11061.12,-17348.84,11061.12,-16543.584,10547.712,-16543.584,10547.712,20575,12971e655037d675
50,2i,65,46,9513000000,9513200000,200000,199963,199963,0,8934,0,-7533.1488,4802.9184,-7533.1488,4802.9184,-7408.3552,4723.3536,-7408.3552,4723.3536,8934,12971e655037d675
50,2i,65,47,9513000000,9513200000,200000,200000,200000,0,1739,0,-1466.3248,934.8864,-1466.3248,934.8864,-1466.3248,934.8864,-1466.3248,934.8864,1739,12971e655037d675
50,2i,65,48,9513000000,9513200000,200000,200000,200000,0,0,0,0,0,0,0,0,0,0,0,0,12971e655037d675
50,2i,65,49,9513000000,9513200000,200000,200000,200000,0,0,0,0,0,0,0,0,0,0,0,0,12971e655037d675
50,2i,65,50,9513000000,9513200000,200000,200000,200000,0,0,0,0,0,0,0,0,0,0,0,0,12971e655037d675
50,2i,66,0,9513200000,9513400000,200000,-200000,200000,0,0,0,0,0,0,0,0,0,0,0,0,3a4d9a4a622a8f33
50,2i,66,1,9513200000,9513400000,200000,-200000,200000,0,0,0,0,0,0,0,0,0,0,0,0,3a4d9a4a622a8f33
50,2i,66,2,9513200000,9513400000,200000,-200000,200000,0,0,0,0,0,0,0,0,0,0,0,0,3a4d9a4a622a8f33
50,2i,66,3,9513200000,9513400000,200000,-200000,200000,0,0,0,0,0,0,0,0,0,0,0,0,3a4d9a4a622a8f33
50,2i,66,4,9513200000,9513400000,200000,-200000,200000,0,0,0,0,0,0,0,0,0,0,0,0,3a4d9a4a622a8f33
50,2i,66,5,9513200000,9513400000,200000,-200000,200000,0,0,0,0,0,0,0,0,0,0,0,0,3a4d9a4a622a8f33
50,2i,66,6,9513200000,9513400000,200000,-200000,200000,44,0,0,-37.1008,23.6544,37.1008,-23.6544,37.1008,-23.6544,-37.1008,23.6544,44,3a4d9a4a622a8f33
50,2i,66,7,9513200000,9513400000,200000,-199999,199999,93,0,0,-78.4176,49.9968,78.4176,-49.9968,72.5152,-46.2336,-72.5152,46.2336,93,3a4d9a4a622a8f33
50,2i,66,8,9513200000,9513400000,200000,-199997,199997,520,0,0,-438.464,279.552,438.464,-279.552,424.9728,-270.9504,-424.9728,270.9504,520,3a4d9a4a622a8f33
50,2i,66,9,9513200000,9513400000,200000,-199985,199985,1461,0,0,-1231.9152,785.4336,1231.9152,-785.4336,1140.8496,-727.3728,-1140.8496,727.3728,1461,3a4d9a4a622a8f33
50,2i,66,10,9513200000,9513400000,200000,-199952,199952,4130,0,0,-3482.416,2220.288,3482.416,-2220.288,3204.16,-2042.88,-3204.16,2042.88,4130,3a4d9a4a622a8f33
50,2i,66,11,9513200000,9513400000,200000,-199857,199857,8182,0,0,-6899.0624,4398.6432,6899.0624,-4398.6432,6017.9184,-3836.8512,-6017.9184,3836.8512,8182,3a4d9a4a622a8f33
50,2i,66,12,9513200000,9513400000,200000,-199674,199674,13824,0,0,-11656.3968,7431.7824,11656.3968,-7431.7824,9804.7296,-6251.2128,-9804.7296,6251.2128,13824,3a4d9a4a622a8f33
50,2i,66,13,9513200000,9513400000,200000,-199368,199368,25586,0,0,-21574.1152,13755.0336,21574.1152,-13755.0336,18219.8656,-11616.4608,-18219.8656,11616.4608,25586,3a4d9a4a622a8f33
50,2i,66,14,9513200000,9513400000,200000,-198784,198784,45292,0,0,-38190.2144,24348.9792,38190.2144,-24348.9792,31296.2112,-19953.5616,-31296.2112,19953.5616,45292,3a4d9a4a622a8f33
50,2i,66,15,9513200000,9513400000,200000,-197753,197753,67160,0,0,-56629.312,36105.216,56629.312,-36105.216,43589.224,-27791.232,-43589.224,27791.232,67160,3a4d9a4a622a8f33
50,2i,66,16,9513200000,9513400000,200000,-196276,196276,98874,0,0,-83370.5568,53154.6624,83370.5568,-53154.6624,63444.0544,-40450.0992,-63444.0544,40450.0992,98874,3a4d9a4a622a8f33
50,2i,66,17,9513200000,9513400000,200000,-194063,194063,143650,0,0,-121054.446464,77180.823552,121054.446464,-77180.823552,89332.419264,-56955.773952,-89332.419264,56955.773952,143650,3a4d9a4a622a8f33
50,2i,66,18,9513200000,9513400000,200000,-190850,190850,197354,0,0,-166012.670336,106099.918848,166012.670336,-106099.918848,117285.896192,-75033.133056,-117285.896192,75033.133056,197354,3a4d9a4a622a8f33
50,2i,66,19,9513200000,9513400000,200000,-186490,186490,265182,155,0,-222938.103744,142466.798592,222874.540352,-142285.095936,153267.821184,-97825.024512,-153267.821184,97825.024512,265337,3a4d9a4a622a8f33
50,2i,66,20,9513200000,9513400000,200000,-180603,180613,349060,370,0,-292662.0256,186843.3408,292165.68896,-186435.80928,193510.88768,-123468.04224,-193551.89632,123585.26976,349430,3a4d9a4a622a8f33
50,2i,66,21,9513200000,9513400000,200000,-172880,172908,439002,1001,87,-366501.168832,233964.312576,365400.53984,-233196.54912,230319.515136,-147010.165248,-230638.244736,147213.378048,440003,3a4d9a4a622a8f33
50,2i,66,22,9513200000,9513400000,200000,-163300,163384,552024,3192,234,-458711.909888,293663.760384,454509.87904,-290870.81472,281468.265088,-180451.113984,-282061.430144,180879.393792,555216,3a4d9a4a622a8f33
50,2i,66,23,9513200000,9513400000,200000,-150998,151266,672411,8731,597,-555632.802048,356656.587264,544060.510464,-348857.175552,316914.747264,-203382.077952,-319879.172736,205324.482048,681142,3a4d9a4a622a8f33
50,2i,66,24,9513200000,9513400000,200000,-136250,137008,795064,24002,1552,-655179.364224,421072.991232,625024.926848,-401045.873664,353256.907264,-226808.957952,-360908.343808,232015.186944,819066,3a4d9a4a622a8f33
50,2i,66,25,9513200000,9513400000,200000,-118361,120513,908650,56525,3600,-754041.56,483886.08,683140.04,-436062.72,364423.3712,-232260.4416,-386060.872,246511.296,965175,3a4d9a4a622a8f33
50,2i,66,26,9513200000,9513400000,200000,-97643,102923,985348,116552,6560,-836504.493568,533183.130624,686635.959296,-434452.528128,345701.129984,-217398.822912,-396935.709952,252314.228736,1101900,3a4d9a4a622a8f33
50,2i,66,27,9513200000,9513400000,200000,-74175,85779,1014633,218912,10205,-909064.24032,576868.66176,622157.915968,-393738.253824,292396.256384,-185193.818112,-403359.454976,256985.914368,1233545,3a4d9a4a622a8f33
50,2i,66,28,9513200000,9513400000,200000,-48092,71308,979222,368290,14854,-967181.011712,615576.508416,472545.072384,-300329.306112,189263.749888,-121028.880384,-403455.381248,256571.172864,1347512,3a4d9a4a622a8f33
50,2i,66,29,9513200000,9513400000,200000,-20038,61956,867068,556086,19530,-1000676.452096,637298.838528,240622.962944,-148796.424192,45155.622656,-25732.996608,-414832.210432,262616.741376,1423154,3a4d9a4a622a8f33
50,2i,66,30,9513200000,9513400000,200000,8990,60062,690270,755050,21530,-1009885.90336,641824.78848,-40493.43744,29711.18592,-122707.1488,79634.9184,-434974.13888,279820.32384,1445320,3a4d9a4a622a8f33
50,2i,66,31,9513200000,9513400000,200000,37714,66142,490062,925466,19530,-1002344.793856,637567.838208,-328684.01024,206842.93632,-287017.516672,181643.805696,-476664.465664,302081.329152,1415528,3a4d9a4a622a8f33
50,2i,66,32,9513200000,9513400000,200000,65350,79138,306384,1037004,15016,-980624.228608,622180.153344,-563034.235648,358787.672064,-428673.442048,273460.107264,-526858.047232,334010.443776,1343388,3a4d9a4a622a8f33
50,2i,66,33,9513200000,9513400000,200000,90852,96624,163561,1066659,9683,-929309.51808,588805.30944,-707677.528576,451488.519168,-518302.953728,329218.581504,-559929.833728,355526.421504,1230220,3a4d9a4a622a8f33
50,2i,66,34,9513200000,9513400000,200000,113714,115804,74786,1019082,5214,-853375.03872,541901.35296,-752966.808832,478967.832576,-550177.024256,350389.905408,-567331.494144,360707.745792,1093868,3a4d9a4a622a8f33
50,2i,66,35,9513200000,9513400000,200000,133499,134065,29925,908535,2305,-755504.17728,478101.33504,-713417.68768,452930.44224,-532380.9104,337512.3072,-536941.99712,340112.92416,938460,3a4d9a4a622a8f33
50,2i,66,36,9513200000,9513400000,200000,149898,150030,8624,773876,954,-644854.514688,408765.686784,-632843.015936,401909.019648,-478986.303616,303780.261888,-480051.19424,304395.44832,782500,3a4d9a4a622a8f33
50,2i,66,37,9513200000,9513400000,200000,163622,163638,2237,650722,333,-544451.624128,346098.568704,-541483.807936,344374.875648,-421009.740672,267539.037696,-421163.203072,267636.880896,652959,3a4d9a4a622a8f33
50,2i,66,38,9513200000,9513400000,200000,174789,174791,278,523908,0,-440474.903936,280565.403648,-440006.084736,280266.498048,-356258.13376,226966.85568,-356278.37056,226979.75808,524186,3a4d9a4a622a8f33
50,2i,66,39,9513200000,9513400000,200000,183109,183109,39,391794,0,-329722.331072,209885.584896,-329656.561472,209843.652096,-272909.787072,173688.592896,-272909.787072,173688.592896,391833,3a4d9a4a622a8f33
50,2i,66,40,9513200000,9513400000,200000,189232,189232,0,289680,0,-244213.12,155612.16,-244213.12,155612.16,-206471.488,131549.184,-206471.488,131549.184,289680,3a4d9a4a622a8f33
50,2i,66,41,9513200000,9513400000,200000,193708,193708,0,209526,0,-176672.3232,112641.1776,-176672.3232,112641.1776,-154740.6912,98658.2016,-154740.6912,98658.2016,209526,3a4d9a4a622a8f33
50,2i,66,42,9513200000,9513400000,200000,196598,196598,0,135452,0,-114213.1264,72818.9952,-114213.1264,72818.9952,-102347.616,65253.888,-102347.616,65253.888,135452,3a4d9a4a622a8f33
50,2i,66,43,9513200000,9513400000,200000,198357,198357,0,82217,0,-69325.3744,44199.8592,-69325.3744,44199.8592,-63777.1184,40662.4512,-63777.1184,40662.4512,82217,3a4d9a4a622a8f33
50,2i,66,44,9513200000,9513400000,200000,199297,199297,0,44198,0,-37267.7536,23760.8448,-37267.7536,23760.8448,-34874.752,22235.136,-34874.752,22235.136,44198,3a4d9a4a622a8f33
50,2i,66,45,9513200000,9513400000,200000,199770,199770,0,22255,0,-18765.416,11964.288,-18765.416,11964.288,-17947.512,11442.816,-17947.512,11442.816,22255,3a4d9a4a622a8f33
50,2i,66,46,9513200000,9513400000,200000,199964,199964,0,9068,0,-7646.1376,4874.9568,-7646.1376,4874.9568,-7524.7168,4797.5424,-7524.7168,4797.5424,9068,3a4d9a4a622a8f33
50,2i,66,47,9513200000,9513400000,200000,200000,200000,0,1692,0,-1426.6944,909.6192,-1426.6944,909.6192,-1426.6944,909.6192,-1426.6944,909.6192,1692,3a4d9a4a622a8f33
50,2i,66,48,9513200000,9513400000,200000,200000,200000,0,0,0,0,0,0,0,0,0,0,0,0,3a4d9a4a622a8f33
50,2i,66,49,9513200000,9513400000,200000,200000,200000,0,0,0,0,0,0,0,0,0,0,0,0,3a4d9a4a622a8f33
50,2i,66,50,9513200000,9513400000,200000,200000,200000,0,0,0,0,0,0,0,0,0,0,0,0,3a4d9a4a622a8f33
50,2i,67,0,9513400000,9513600000,200000,-200000,200000,0,0,0,0,0,0,0,0,0,0,0,0,7a83844c9eba2a5b
50,2i,67,1,9513400000,9513600000,200000,-200000,200000,0,0,0,0,0,0,0,0,0,0,0,0,7a83844c9eba2a5b
50,2i,67,2,9513400000,9513600000,200000,-200000,200000,0,0,0,0,0,0,0,0,0,0,0,0,7a83844c9eba2a5b
50,2i,67,3,9513400000,9513600000,200000,-200000,200000,0,0,0,0,0,0,0,0,0,0,0,0,7a83844c9eba2a5b
50,2i,67,4,9513400000,9513600000,200000,-200000,200000,0,0,0,0,0,0,0,0,0,0,0,0,7a83844c9eba2a5b
50,2i,67,5,9513400000,9513600000,200000,-200000,200000,0,0,0,0,0,0,0,0,0,0,0,0,7a83844c9eba2a5b
50,2i,67,6,9513400000,9513600000,200000,-200000,200000,0,0,0,0,0,0,0,0,0,0,0,0,7a83844c9eba2a5b
50,2i,67,7,9513400000,9513600000,200000,-200000,200000,172,0,0,-145.0304,92.4672,145.0304,-92.4672,145.0304,-92.4672,-145.0304,92.4672,172,7a83844c9eba2a5b
50,2i,67,8,9513400000,9513600000,200000,-199996,199996,662,0,0,-558.1984,355.8912,558.1984,-355.8912,531.216,-338.688,-531.216,338.688,662,7a83844c9eba2a5b
50,2i,67,9,9513400000,9513600000,200000,-199981,199981,1365,0,0,-1150.968,733.824,1150.968,-733.824,1037.136,-661.248,-1037.136,661.248,1365,7a83844c9eba2a5b
50,2i,67,10,9513400000,9513600000,200000,-199951,199951,3620,0,0,-3052.384,1946.112,3052.384,-1946.112,2799.424,-1784.832,-2799.424,1784.832,3620,7a83844c9eba2a5b
50,2i,67,11,9513400000,9513600000,200000,-199868,199868,8089,0,0,-6820.6448,4348.6464,6820.6448,-4348.6464,6050.8032,-3857.8176,-6050.8032,3857.8176,8089,7a83844c9eba2a5b
50,2i,67,12,9513400000,9513600000,200000,-199684,199684,14368,0,0,-12115.0976,7724.2368,12115.0976,-7724.2368,10253.312,-6537.216,-10253.312,6537.216,14368,7a83844c9eba2a5b
50,2i,67,13,9513400000,9513600000,200000,-199364,199364,25065,0,0,-21134.808,13474.944,21134.808,-13474.944,17627.096,-11238.528,-17627.096,11238.528,25065,7a83844c9eba2a5b
50,2i,67,14,9513400000,9513600000,200000,-198799,198799,41714,0,0,-35173.2448,22425.4464,35173.2448,-22425.4464,28503.5328,-18173.0304,-28503.5328,18173.0304,41714,7a83844c9eba2a5b
50,2i,67,15,9513400000,9513600000,200000,-197860,197860,66935,0,0,-56439.592,35984.256,56439.592,-35984.256,44563.12,-28412.16,-44563.12,28412.16,66935,7a83844c9eba2a5b
50,2i,67,16,9513400000,9513600000,200000,-196350,196350,99640,0,0,-84016.448,53566.464,84016.448,-53566.464,63644.736,-40578.048,-63644.736,40578.048,99640,7a83844c9eba2a5b
50,2i,67,17,9513400000,9513600000,200000,-194130,194130,140601,0,0,-118446.358464,75442.839552,118446.358464,-75442.839552,86623.990464,-55153.815552,-86623.990464,55153.815552,140601,7a83844c9eba2a5b
50,2i,67,18,9513400000,9513600000,200000,-191013,191013,194570,64,64,-163741.104512,104355.618816,163741.104512,-104355.618816,116491.655168,-74271.719424,-116491.655168,74271.719424,194634,7a83844c9eba2a5b
50,2i,67,19,9513400000,9513600000,200000,-186684,186688,264710,100,38,-222652.63424,142133.36832,222548.07744,-142066.70592,153433.435584,-98001.203712,-153433.435584,98001.203712,264810,7a83844c9eba2a5b
50,2i,67,20,9513400000,9513600000,200000,-180795,180803,345710,310,90,-290188.65536,185163.92448,289913.37088,-184920.09984,191027.97184,-121793.92512,-191095.42784,121836.93312,346020,7a83844c9eba2a5b
50,2i,67,21,9513400000,9513600000,200000,-173187,173213,439661,827,121,-367645.121792,234886.073856,366706.595328,-234107.810304,233359.928704,-149155.855872,-233505.40864,149296.42752,440488,7a83844c9eba2a5b
50,2i,67,22,9513400000,9513600000,200000,-163507,163577,554664,2892,296,-460898.798336,294684.622848,457654.432,-292133.376,281888.95232,-179961.07776,-282490.573824,180444.844032,557556,7a83844c9eba2a5b
50,2i,67,23,9513400000,9513600000,200000,-151200,151442,674068,8539,585,-556231.840832,355522.008576,545721.98048,-348015.15264,318092.763648,-202895.576064,-320263.58976,204593.86368,682607,7a83844c9eba2a5b
50,2i,67,24,9513400000,9513600000,200000,-136402,137130,794362,24240,1844,-653571.752576,418319.751168,622905.097344,-397915.963392,350818.252672,-224429.853696,-358230.727552,229593.025536,818602,7a83844c9eba2a5b
50,2i,67,25,9513400000,9513600000,200000,-118577,120721,905100,56925,3725,-749893.2912,479135.0016,677734.808,-432274.944,361745.2224,-230097.5232,-384105.0112,244751.9616,962025,7a83844c9eba2a5b
50,2i,67,26,9513400000,9513600000,200000,-97921,103203,989894,118242,6878,-837185.791744,536297.582592,686332.301056,-439425.527808,348021.60384,-224192.90112,-399812.246016,257686.745088,1108136,7a83844c9eba2a5b
50,2i,67,27,9513400000,9513600000,200000,-74126,85862,1022811,217999,11493,-906839.572096,582910.998528,623823.609216,-400022.642688,288952.197824,-184759.276032,-400397.9024,256059.7632,1240810,7a83844c9eba2a5b
50,2i,67,28,9513400000,9513600000,200000,-48111,71227,979268,366890,15798,-957905.334487857988166,614352.996345940828402,471388.622039857988166,-298280.101881940828402,190608.499159857988166,-120068.866041940828402,-399476.639703857988166,255914.967033940828402,1346158,7a83844c9eba2a5b
50,2i,67,29,9513400000,9513600000,200000,-20032,62018,863341,556695,20103,-994715.630998721893491,636899.776457467455621,239614.741654721893491,-150477.957065467455621,45249.786048,-27095.499264,-411241.085376,264667.181568,1420036,7a83844c9eba2a5b
50,2i,67,30,9513400000,9513600000,200000,8813,60133,688670,757060,22700,-1009795.92310532544379,645154.752227218934911,-44935.403425325443787,28279.7339872189349112,-121570.06976,77714.50368,-434300.77312,277785.69216,1445730,7a83844c9eba2a5b
50,2i,67,31,9513400000,9513600000,200000,37832,66380,492065,930043,20270,-1004249.35610925443787,640129.082080189349112,-328632.87982125443787,211388.406496189349112,-291174.93178925443787,187083.908320189349112,-482058.81786925443787,305714.241760189349112,1422108,7a83844c9eba2a5b
50,2i,67,32,9513400000,9513600000,200000,65333,79239,306290,1030168,14660,-971600.316032,617353.522176,-552363.002752,356462.939136,-422408.604288,271533.379584,-520157.267328,332625.506304,1336458,7a83844c9eba2a5b
50,2i,67,33,9513400000,9513600000,200000,90690,96594,163789,1057107,9413,-919713.72032,583213.30176,-697839.47008,444394.04544,-511613.475904,325444.265472,-554281.843904,352261.289472,1220896,7a83844c9eba2a5b
50,2i,67,34,9513400000,9513600000,200000,113285,115453,75928,1009278,5062,-847374.526848,538018.673664,-745189.431424,473824.760832,-543233.69088,344621.85984,-560082.050304,355181.724672,1085206,7a83844c9eba2a5b
50,2i,67,35,9513400000,9513600000,200000,133096,133712,30625,910605,2805,-756010.3648,481469.6064,-714169.1296,455430.4128,-532622.51296,339823.84128,-537607.96192,342763.33056,941230,7a83844c9eba2a5b
50,2i,67,36,9513400000,9513600000,200000,149619,149773,9254,776828,852,-644781.405056,409668.599808,-631609.779328,401908.322304,-479335.549312,304822.665216,-480542.097536,305528.168448,786082,7a83844c9eba2a5b
50,2i,67,37,9513400000,9513600000,200000,163280,163300,2609,645380,470,-539466.204096,342853.974528,-536102.083904,340877.609472,-418162.338944,265849.992192,-418337.724544,265961.812992,647989,7a83844c9eba2a5b
50,2i,67,38,9513400000,9513600000,200000,174244,174244,380,519188,76,-436361.388544,277434.964992,-435848.722944,277108.104192,-349407.405056,222036.599808,-349407.405056,222036.599808,519568,7a83844c9eba2a5b
50,2i,67,39,9513400000,9513600000,200000,182822,182822,0,403138,0,-339601.316736,216374.274048,-339601.316736,216374.274048,-281767.364736,179513.538048,-281767.364736,179513.538048,403138,7a83844c9eba2a5b
50,2i,67,40,9513400000,9513600000,200000,189058,189058,0,293150,0,-247161.552,157537.536,-247161.552,157537.536,-210305.28,134039.04,-210305.28,134039.04,293150,7a83844c9eba2a5b
50,2i,67,41,9513400000,9513600000,200000,193429,193429,0,206373,0,-174013.7136,110946.1248,-174013.7136,110946.1248,-151110.7152,96343.8336,-151110.7152,96343.8336,206373,7a83844c9eba2a5b
50,2i,67,42,9513400000,9513600000,200000,196447,196447,0,141356,0,-119191.3792,75992.9856,-119191.3792,75992.9856,-106880.6592,68144.0256,-106880.6592,68144.0256,141356,7a83844c9eba2a5b
50,2i,67,43,9513400000,9513600000,200000,198272,198272,0,85349,0,-71966.2768,45883.6224,-71966.2768,45883.6224,-66170.12,42188.16,-66170.12,42188.16,85349,7a83844c9eba2a5b
50,2i,67,44,9513400000,9513600000,200000,199254,199254,0,46124,0,-38891.7568,24796.2624,-38891.7568,24796.2624,-36432.9856,23228.6208,-36432.9856,23228.6208,46124,7a83844c9eba2a5b
50,2i,67,45,9513400000,9513600000,200000,199740,199740,0,22925,0,-19330.36,12324.48,-19330.36,12324.48,-18440.784,11757.312,-18440.784,11757.312,22925,7a83844c9eba2a5b
50,2i,67,46,9513400000,9513600000,200000,199951,199951,0,9902,0,-8349.3664,5323.3152,-8349.3664,5323.3152,-8184.0992,5217.9456,-8184.0992,5217.9456,9902,7a83844c9eba2a5b
50,2i,67,47,9513400000,9513600000,200000,200000,200000,0,2303,0,-1941.8896,1238.0928,-1941.8896,1238.0928,-1941.8896,1238.0928,-1941.8896,1238.0928,2303,7a83844c9eba2a5b
50,2i,67,48,9513400000,9513600000,200000,200000,200000,0,0,0,0,0,0,0,0,0,0,0,0,7a83844c9eba2a5b
50,2i,67,49,9513400000,9513600000,200000,200000,200000,0,0,0,0,0,0,0,0,0,0,0,0,7a83844c9eba2a5b
50,2i,67,50,9513400000,9513600000,200000,200000,200000,0,0,0,0,0,0,0,0,0,0,0,0,7a83844c9eba2a5b
50,2i,68,0,9513600000,9513800000,200000,-200000,200000,0,0,0,0,0,0,0,0,0,0,0,0,363c17b6aae13b40
50,2i,68,1,9513600000,9513800000,200000,-200000,200000,0,0,0,0,0,0,0,0,0,0,0,0,363c17b6aae13b40
50,2i,68,2,9513600000,9513800000,200000,-200000,200000,0,0,0,0,0,0,0,0,0,0,0,0,363c17b6aae13b40
50,2i,68,3,9513600000,9513800000,200000,-200000,200000,0,0,0,0,0,0,0,0,0,0,0,0,363c17b6aae13b40
50,2i,68,4,9513600000,9513800000,200000,-200000,200000,0,0,0,0,0,0,0,0,0,0,0,0,363c17b6aae13b40
50,2i,68,5,9513600000,9513800000,200000,-200000,200000,0,0,0,0,0,0,0,0,0,0,0,0,363c17b6aae13b40
50,2i,68,6,9513600000,9513800000,200000,-200000,200000,0,0,0,0,0,0,0,0,0,0,0,0,363c17b6aae13b40
50,2i,68,7,9513600000,9513800000,200000,-200000,200000,301,0,0,-253.8032,161.8176,253.8032,-161.8176,253.8032,-161.8176,-253.8032,161.8176,301,363c17b6aae13b40
50,2i,68,8,9513600000,9513800000,200000,-199993,199993,392,0,0,-330.5344,210.7392,330.5344,-210.7392,283.3152,-180.6336,-283.3152,180.6336,392,363c17b6aae13b40
50,2i,68,9,9513600000,9513800000,200000,-199985,199985,1384,0,0,-1166.9888,744.0384,1166.9888,-744.0384,1106.2784,-705.3312,-1106.2784,705.3312,1384,363c17b6aae13b40
50,2i,68,10,9513600000,9513800000,200000,-199953,199953,4320,0,0,-3642.624,2322.432,3642.624,-2322.432,3372.8,-2150.4,-3372.8,2150.4,4320,363c17b6aae13b40
50,2i,68,11,9513600000,9513800000,200000,-199853,199853,7418,0,0,-6254.8576,3987.9168,6254.8576,-3987.9168,5327.3376,-3396.5568,-5327.3376,3396.5568,7418,363c17b6aae13b40
50,2i,68,12,9513600000,9513800000,200000,-199691,199691,15168,0,0,-12789.6576,8154.3168,12789.6576,-8154.3168,11150.4768,-7109.2224,-11150.4768,7109.2224,15168,363c17b6aae13b40
50,2i,68,13,9513600000,9513800000,200000,-199343,199343,25503,0,0,-21504.1296,13710.4128,21504.1296,-13710.4128,17689.4928,-11278.3104,-17689.4928,11278.3104,25503,363c17b6aae13b40
50,2i,68,14,9513600000,9513800000,200000,-198776,198776,42138,0,0,-35530.7616,22653.3888,35530.7616,-22653.3888,28837.44,-18385.92,-28837.44,18385.92,42138,363c17b6aae13b40
50,2i,68,15,9513600000,9513800000,200000,-197826,197826,63810,0,0,-53804.592,34304.256,53804.592,-34304.256,41788.992,-26643.456,-41788.992,26643.456,63810,363c17b6aae13b40
50,2i,68,16,9513600000,9513800000,200000,-196410,196410,94430,0,0,-79623.376,50765.568,79623.376,-50765.568,60519.8368,-38585.7024,-60519.8368,38585.7024,94430,363c17b6aae13b40
50,2i,68,17,9513600000,9513800000,200000,-194299,194299,138088,0,0,-116435.8016,74236.1088,116435.8016,-74236.1088,86175.8832,-54943.2576,-86175.8832,54943.2576,138088,363c17b6aae13b40
50,2i,68,18,9513600000,9513800000,200000,-191202,191202,195522,32,0,-164719.952768,105093.556224,164665.987968,-105059.149824,117687.943168,-75107.303424,-117687.943168,75107.303424,195554,363c17b6aae13b40
50,2i,68,19,9513600000,9513800000,200000,-186833,186835,265210,50,31,-222963.445888,142304.208384,222931.404288,-142283.779584,153054.188032,-97688.818176,-153086.229632,97709.246976,265260,363c17b6aae13b40
50,2i,68,20,9513600000,9513800000,200000,-180954,180958,350060,110,20,-293486.90496,187494.49728,293368.92096,-187487.58528,194672.93952,-124459.40736,-194672.93952,124459.40736,350170,363c17b6aae13b40
50,2i,68,21,9513600000,9513800000,200000,-173201,173211,447008,759,29,-373662.5616,238715.7888,372455.144,-237993.792,236746.500736,-151230.786048,-236829.089536,151235.624448,447767,363c17b6aae13b40
50,2i,68,22,9513600000,9513800000,200000,-163375,163433,557580,3048,218,-463743.665664,296666.929152,459454.678272,-293932.394496,281540.39232,-180298.99776,-282393.71072,180843.04896,560628,363c17b6aae13b40
50,2i,68,23,9513600000,9513800000,200000,-151073,151311,675616,9360,539,-559702.422912,357043.670016,547499.237632,-349201.790976,320573.959616,-203896.869888,-323396.116288,205696.195584,684976,363c17b6aae13b40
50,2i,68,24,9513600000,9513800000,200000,-136183,136961,788044,25200,1714,-651430.09664,415663.21152,619155.473408,-395149.599744,344914.516352,-220679.463936,-353253.208448,226050.622464,813244,363c17b6aae13b40
50,2i,68,25,9513600000,9513800000,200000,-118649,120867,896400,56050,3275,-744041.3312,476741.7216,671670.8704,-429689.5872,360690.8816,-231161.5488,-383706.2,245721.6,952450,363c17b6aae13b40
50,2i,68,26,9513600000,9513800000,200000,-98085,103347,985340,114404,5868,-835710.381824,536399.788032,686074.44096,-438782.94528,348141.254912,-222716.246016,-399470.603008,256508.012544,1099744,363c17b6aae13b40
50,2i,68,27,9513600000,9513800000,200000,-74540,86038,1025812,214642,10323,-912539.93792,584213.69856,630637.820928,-402456.751104,295759.750912,-187869.974016,-406354.667776,259673.184768,1240454,363c17b6aae13b40
50,2i,68,28,9513600000,9513800000,200000,-48247,71089,988040,367574,15866,-968675.415936,620712.219648,479104.118656,-304326.724608,192241.825408,-123173.535744,-400789.721216,257030.258688,1355614,363c17b6aae13b40
50,2i,68,29,9513600000,9513800000,200000,-20092,61912,862026,558576,19681,-997976.3488,640740.5184,236649.920768,-149099.380224,41231.464448,-24028.030464,-411671.402752,264634.139136,1420602,363c17b6aae13b40
50,2i,68,30,9513600000,9513800000,200000,8675,60135,683000,755590,20140,-1008537.58144,643856.97792,-49675.7216,33470.6688,-123275.7536,80304.8448,-435133.51744,278316.62592,1438590,363c17b6aae13b40
50,2i,68,31,9513600000,9513800000,200000,37454,66430,490470,929993,18754,-1008451.001536,642337.640448,-333639.381952,214535.924736,-291632.081984,186555.558912,-483064.167616,307439.013888,1420463,363c17b6aae13b40
50,2i,68,32,9513600000,9513800000,200000,65260,79292,311320,1037976,14278,-980384.498944,623716.872192,-560051.599872,359044.663296,-428845.103744,275042.798592,-526766.06912,336121.82016,1349296,363c17b6aae13b40
50,2i,68,33,9513600000,9513800000,200000,90788,96796,165070,1064291,9794,-923335.64384,586287.62112,-700827.183296,446979.760128,-514596.170112,326965.679616,-557582.8608,354295.3344,1229361,363c17b6aae13b40
50,2i,68,34,9513600000,9513800000,200000,113549,115713,77220,1011582,6014,-845271.710848,538611.185664,-743437.321088,473802.921984,-544053.292032,346931.890176,-559914.300416,357080.844288,1088802,363c17b6aae13b40
50,2i,68,35,9513600000,9513800000,200000,133232,133912,29780,908005,2255,-750961.29312,477721.05216,-710999.20736,452333.46048,-527552.88448,335720.62464,-532819.0144,338907.3792,937785,363c17b6aae13b40
50,2i,68,36,9513600000,9513800000,200000,149824,149996,10124,779702,946,-648242.725504,412182.838272,-634423.908224,403845.983232,-481316.269184,306167.488512,-482496.374656,306856.132608,789826,363c17b6aae13b40
50,2i,68,37,9513600000,9513800000,200000,163575,163607,2772,648534,433,-542417.88672,345263.01696,-539092.081536,343311.080448,-421239.294848,268190.897664,-421446.249856,268322.846208,651306,363c17b6aae13b40
50,2i,68,38,9513600000,9513800000,200000,174538,174542,556,516862,76,-434218.55936,276501.39648,-433573.140352,276089.895936,-349030.843776,222229.152768,-349071.317376,222254.957568,517418,363c17b6aae13b40
50,2i,68,39,9513600000,9513800000,200000,182940,182940,78,396944,0,-334275.93536,212978.96448,-334144.39616,212895.09888,-275745.50016,175674.17088,-275745.50016,175674.17088,397022,363c17b6aae13b40
50,2i,68,40,9513600000,9513800000,200000,189244,189244,0,296220,0,-249750.176,159187.968,-249750.176,159187.968,-212598.784,135501.312,-212598.784,135501.312,296220,363c17b6aae13b40
50,2i,68,41,9513600000,9513800000,200000,193650,193650,0,206062,0,-173751.4784,110778.9312,-173751.4784,110778.9312,-152320.7072,97115.2896,-152320.7072,97115.2896,206062,363c17b6aae13b40
50,2i,68,42,9513600000,9513800000,200000,196474,196474,0,133056,0,-112192.8192,71530.9056,-112192.8192,71530.9056,-100010.2656,63763.6608,-100010.2656,63763.6608,133056,363c17b6aae13b40
50,2i,68,43,9513600000,9513800000,200000,198280,198280,0,84700,0,-71419.04,45534.72,-71419.04,45534.72,-65481.2256,41748.9408,-65481.2256,41748.9408,84700,363c17b6aae13b40
50,2i,68,44,9513600000,9513800000,200000,199286,199286,0,47000,0,-39630.4,25267.2,-39630.4,25267.2,-37323.4048,23796.3264,-37323.4048,23796.3264,47000,363c17b6aae13b40
50,2i,68,45,9513600000,9513800000,200000,199742,199742,0,21595,0,-18208.904,11609.472,-18208.904,11609.472,-17302.464,11031.552,-17302.464,11031.552,21595,363c17b6aae13b40
50,2i,68,46,9513600000,9513800000,200000,199957,199957,0,10062,0,-8484.2784,5409.3312,-8484.2784,5409.3312,-8339.248,5316.864,-8339.248,5316.864,10062,363c17b6aae13b40
50,2i,68,47,9513600000,9513800000,200000,200000,200000,0,2021,0,-1704.1072,1086.4896,-1704.1072,1086.4896,-1704.1072,1086.4896,-1704.1072,1086.4896,2021,363c17b6aae13b40
50,2i,68,48,9513600000,9513800000,200000,200000,200000,0,0,0,0,0,0,0,0,0,0,0,0,363c17b6aae13b40
50,2i,68,49,9513600000,9513800000,200000,200000,200000,0,0,0,0,0,0,0,0,0,0,0,0,363c17b6aae13b40
50,2i,68,50,9513600000,9513800000,200000,200000,200000,0,0,0,0,0,0,0,0,0,0,0,0,363c17b6aae13b40
50,2i,69,0,9513800000,9514000000,200000,-200000,200000,0,0,0,0,0,0,0,0,0,0,0,0,dd7cdde8eb0222fe
50,2i,69,1,9513800000,9514000000,200000,-200000,200000,0,0,0,0,0,0,0,0,0,0,0,0,dd7cdde8eb0222fe
50,2i,69,2,9513800000,9514000000,200000,-200000,200000,0,0,0,0,0,0,0,0,0,0,0,0,dd7cdde8eb0222fe
50,2i,69,3,9513800000,9514000000,200000,-200000,200000,0,0,0,0,0,0,0,0,0,0,0,0,dd7cdde8eb0222fe
50,2i,69,4,9513800000,9514000000,200000,-200000,200000,0,0,0,0,0,0,0,0,0,0,0,0,dd7cdde8eb0222fe
50,2i,69,5,9513800000,9514000000,200000,-200000,200000,0,0,0,0,0,0,0,0,0,0,0,0,dd7cdde8eb0222fe
50,2i,69,6,9513800000,9514000000,200000,-200000,200000,0,0,0,0,0,0,0,0,0,0,0,0,dd7cdde8eb0222fe
50,2i,69,7,9513800000,9514000000,200000,-200000,200000,344,0,0,-290.0608,184.9344,290.0608,-184.9344,290.0608,-184.9344,-290.0608,184.9344,344,dd7cdde8eb0222fe
50,2i,69,8,9513800000,9514000000,200000,-199992,199992,778,0,0,-656.0096,418.2528,656.0096,-418.2528,602.0448,-383.8464,-602.0448,383.8464,778,dd7cdde8eb0222fe
50,2i,69,9,9513800000,9514000000,200000,-199975,199975,1629,0,0,-1373.5728,875.7504,1373.5728,-875.7504,1244.5632,-793.4976,-1244.5632,793.4976,1629,dd7cdde8eb0222fe
50,2i,69,10,9513800000,9514000000,200000,-199939,199939,3680,0,0,-3102.976,1978.368,3102.976,-1978.368,2799.424,-1784.832,-2799.424,1784.832,3680,dd7cdde8eb0222fe
50,2i,69,11,9513800000,9514000000,200000,-199856,199856,8323,0,0,-7017.9536,4474.4448,7017.9536,-4474.4448,6248.112,-3983.616,-6248.112,3983.616,8323,dd7cdde8eb0222fe
50,2i,69,12,9513800000,9514000000,200000,-199666,199666,14782,0,0,-12464.1824,7946.8032,12464.1824,-7946.8032,10541.6864,-6721.0752,-10541.6864,6721.0752,14782,dd7cdde8eb0222fe
50,2i,69,13,9513800000,9514000000,200000,-199337,199337,27069,0,0,-22824.5808,14552.2944,22824.5808,-14552.2944,19218.2144,-12252.9792,-19218.2144,12252.9792,27069,dd7cdde8eb0222fe
50,2i,69,14,9513800000,9514000000,200000,-198721,198721,43292,0,0,-36503.8144,23273.7792,36503.8144,-23273.7792,29232.0576,-18637.5168,-29232.0576,18637.5168,43292,dd7cdde8eb0222fe
50,2i,69,15,9513800000,9514000000,200000,-197758,197758,63830,0,0,-53821.456,34315.008,53821.456,-34315.008,41641.432,-26549.376,-41641.432,26549.376,63830,dd7cdde8eb0222fe
50,2i,69,16,9513800000,9514000000,200000,-196347,196347,98328,0,0,-82910.1696,52861.1328,82910.1696,-52861.1328,63874.0864,-40724.2752,-63874.0864,40724.2752,98328,dd7cdde8eb0222fe
50,2i,69,17,9513800000,9514000000,200000,-194119,194119,140638,0,0,-118428.017792,75619.001856,118428.017792,-75619.001856,86490.974592,-55256.864256,-86490.974592,55256.864256,140638,dd7cdde8eb0222fe
50,2i,69,18,9513800000,9514000000,200000,-191005,191005,194708,64,0,-163821.261568,104691.354624,163713.331968,-104622.541824,116590.401536,-74516.840448,-116590.401536,74516.840448,194772,dd7cdde8eb0222fe
50,2i,69,19,9513800000,9514000000,200000,-186670,186674,261631,69,0,-220036.448,140326.464,219920.0864,-140252.2752,150720.674688,-96024.566784,-150784.757888,96065.424384,261700,dd7cdde8eb0222fe
50,2i,69,20,9513800000,9514000000,200000,-180885,180891,345180,170,0,-289467.57696,184852.19328,289276.61248,-184662.12864,192095.41376,-122781.89568,-192129.14176,122803.39968,345350,dd7cdde8eb0222fe
50,2i,69,21,9513800000,9514000000,200000,-173230,173246,440326,975,116,-368072.024768,235406.452224,366940.810304,-234637.404672,232972.790336,-149008.078848,-233082.855872,149126.071296,441301,dd7cdde8eb0222fe
50,2i,69,22,9513800000,9514000000,200000,-163556,163632,542288,3460,312,-450748.81152,287090.70336,446413.07008,-284198.84544,271413.880576,-172312.455168,-272188.54528,172806.35904,545748,dd7cdde8eb0222fe
50,2i,69,23,9513800000,9514000000,200000,-151666,151942,670311,10130,697,-555048.312256,353025.489408,541775.5152,-344950.2336,323684.046592,-206257.760256,-326609.216768,208227.508224,680441,dd7cdde8eb0222fe
50,2i,69,24,9513800000,9514000000,200000,-136593,137449,795492,24172,1444,-655847.367936,418556.955648,625154.943744,-398951.918592,346882.9824,-221825.2032,-356080.87296,227252.32128,819664,dd7cdde8eb0222fe
50,2i,69,25,9513800000,9514000000,200000,-118981,121161,907425,55375,3575,-750437.6352,479994.3936,680044.5664,-435796.9152,366943.7984,-235176.6912,-387611.6192,248809.3056,962800,dd7cdde8eb0222fe
50,2i,69,26,9513800000,9514000000,200000,-98081,103367,993414,117034,6858,-840473.68704,537817.75872,690240.26624,-442124.34432,347131.030528,-222404.603904,-398845.288448,254192.062464,1110448,dd7cdde8eb0222fe
50,2i,69,27,9513800000,9514000000,200000,-74454,86128,1020362,217200,10394,-908704.828032,581972.338176,624943.30688,-396891.74784,291795.358912,-185399.318016,-402629.417152,257293.518336,1237562,dd7cdde8eb0222fe
50,2i,69,28,9513800000,9514000000,200000,-48383,71445,979426,368212,14480,-961981.903232,616888.651776,472283.211648,-297694.040064,189179.020672,-118930.077696,-399699.410304,256722.204672,1347638,dd7cdde8eb0222fe
50,2i,69,29,9513800000,9514000000,200000,-20308,62350,862974,558059,18869,-994320.655552,636136.129536,236621.335744,-148558.574592,43342.6944,-25197.6192,-411350.456064,264319.076352,1421033,dd7cdde8eb0222fe
50,2i,69,30,9513800000,9514000000,200000,8590,60390,692230,755130,21350,-1011638.01472,642759.72096,-43061.1776,28137.6768,-118843.51616,76955.25888,-437858.70976,277982.02368,1447360,dd7cdde8eb0222fe
50,2i,69,31,9513800000,9514000000,200000,37611,66475,498084,932560,19775,-1012549.83616,642905.01888,-324679.640576,207144.135168,-289249.326208,182784.390144,-482645.971712,306953.788416,1430644,dd7cdde8eb0222fe
50,2i,69,32,9513800000,9514000000,200000,65558,79414,311660,1036820,14894,-977721.101056,623063.927808,-553920.041984,352796.838912,-427030.690944,272849.928192,-525111.083904,333989.609472,1348480,dd7cdde8eb0222fe
50,2i,69,33,9513800000,9514000000,200000,90790,96698,163510,1056542,9126,-919860.171136,584030.773248,-696877.547904,444573.161472,-509623.46944,324585.36192,-552792.038912,351953.558016,1220052,dd7cdde8eb0222fe
50,2i,69,34,9513800000,9514000000,200000,113578,115678,76704,1014456,5230,-850352.299008,540559.340544,-747524.373248,475454.628864,-546076.81728,346880.85504,-562567.604096,357249.174528,1091160,dd7cdde8eb0222fe
50,2i,69,35,9513800000,9514000000,200000,133351,133955,29555,913330,1790,-758379.46016,482843.45088,-717781.6048,457653.9264,-532835.6448,339868.6464,-537359.904,342377.472,942885,dd7cdde8eb0222fe
50,2i,69,36,9513800000,9514000000,200000,150073,150227,8954,781744,1034,-649677.51744,412908.62592,-637754.600064,406144.868352,-486626.271744,309530.222592,-487690.96704,310272.79872,790698,dd7cdde8eb0222fe
50,2i,69,37,9513800000,9514000000,200000,163552,163584,2426,637828,259,-533821.553152,339794.766336,-530722.713984,337650.534912,-413616.44608,263204.41344,-413901.44768,263386.12224,640254,dd7cdde8eb0222fe
50,2i,69,38,9513800000,9514000000,200000,174439,174445,530,512908,12,-430789.599872,274228.663296,-429916.044672,273671.709696,-346402.924288,220467.139584,-346443.397888,220492.944384,513438,dd7cdde8eb0222fe
50,2i,69,39,9513800000,9514000000,200000,182750,182750,117,393862,39,-331728.493248,211354.788864,-331596.954048,211270.923264,-272771.398848,173777.969664,-272771.398848,173777.969664,393979,dd7cdde8eb0222fe
50,2i,69,40,9513800000,9514000000,200000,189100,189100,0,298720,0,-251858.176,160531.968,-251858.176,160531.968,-214150.272,136490.496,-214150.272,136490.496,298720,dd7cdde8eb0222fe
50,2i,69,41,9513800000,9514000000,200000,193572,193572,0,209524,0,-176670.6368,112640.1024,-176670.6368,112640.1024,-154602.4064,98570.0352,-154602.4064,98570.0352,209524,dd7cdde8eb0222fe
50,2i,69,42,9513800000,9514000000,200000,196480,196480,0,136864,0,-115403.7248,73578.0864,-115403.7248,73578.0864,-102985.0752,65660.3136,-102985.0752,65660.3136,136864,dd7cdde8eb0222fe
50,2i,69,43,9513800000,9514000000,200000,198321,198321,0,86072,0,-72575.9104,46272.3072,-72575.9104,46272.3072,-66750.2416,42558.0288,-66750.2416,42558.0288,86072,dd7cdde8eb0222fe
50,2i,69,44,9513800000,9514000000,200000,199308,199308,0,46212,0,-38965.9584,24843.5712,-38965.9584,24843.5712,-36618.4896,23346.8928,-36618.4896,23346.8928,46212,dd7cdde8eb0222fe
50,2i,69,45,9513800000,9514000000,200000,199772,199772,0,21820,0,-18398.624,11730.432,-18398.624,11730.432,-17606.016,11225.088,-17606.016,11225.088,21820,dd7cdde8eb0222fe
50,2i,69,46,9513800000,9514000000,200000,199960,199960,0,8808,0,-7426.9056,4735.1808,-7426.9056,4735.1808,-7291.9936,4649.1648,-7291.9936,4649.1648,8808,dd7cdde8eb0222fe
50,2i,69,47,9513800000,9514000000,200000,200000,200000,0,1880,0,-1585.216,1010.688,-1585.216,1010.688,-1585.216,1010.688,-1585.216,1010.688,1880,dd7cdde8eb0222fe
50,2i,69,48,9513800000,9514000000,200000,200000,200000,0,0,0,0,0,0,0,0,0,0,0,0,dd7cdde8eb0222fe
50,2i,69,49,9513800000,9514000000,200000,200000,200000,0,0,0,0,0,0,0,0,0,0,0,0,dd7cdde8eb0222fe
50,2i,69,50,9513800000,9514000000,200000,200000,200000,0,0,0,0,0,0,0,0,0,0,0,0,dd7cdde8eb0222fe
50,2i,70,0,9514000000,9514200000,200000,-200000,200000,0,0,0,0,0,0,0,0,0,0,0,0,4e61e1c74ff7ce2c
50,2i,70,1,9514000000,9514200000,200000,-200000,200000,0,0,0,0,0,0,0,0,0,0,0,0,4e61e1c74ff7ce2c
50,2i,70,2,9514000000,9514200000,200000,-200000,200000,0,0,0,0,0,0,0,0,0,0,0,0,4e61e1c74ff7ce2c
50,2i,70,3,9514000000,9514200000,200000,-200000,200000,0,0,0,0,0,0,0,0,0,0,0,0,4e61e1c74ff7ce2c
50,2i,70,4,9514000000,9514200000,200000,-200000,200000,0,0,0,0,0,0,0,0,0,0,0,0,4e61e1c74ff7ce2c
50,2i,70,5,9514000000,9514200000,200000,-200000,200000,0,0,0,0,0,0,0,0,0,0,0,0,4e61e1c74ff7ce2c
50,2i,70,6,9514000000,9514200000,200000,-200000,200000,0,0,0,0,0,0,0,0,0,0,0,0,4e61e1c74ff7ce2c
50,2i,70,7,9514000000,9514200000,200000,-200000,200000,86,0,0,-72.5152,46.2336,72.5152,-46.2336,72.5152,-46.2336,-72.5152,46.2336,86,4e61e1c74ff7ce2c
50,2i,70,8,9514000000,9514200000,200000,-199998,199998,520,0,0,-438.464,279.552,438.464,-279.552,424.9728,-270.9504,-424.9728,270.9504,520,4e61e1c74ff7ce2c
50,2i,70,9,9514000000,9514200000,200000,-199986,199986,1297,0,0,-1093.6304,697.2672,1093.6304,-697.2672,1002.5648,-639.2064,-1002.5648,639.2064,1297,4e61e1c74ff7ce2c
50,2i,70,10,9514000000,9514200000,200000,-199957,199957,3890,0,0,-3280.048,2091.264,3280.048,-2091.264,3035.52,-1935.36,-3035.52,1935.36,3890,4e61e1c74ff7ce2c
50,2i,70,11,9514000000,9514200000,200000,-199867,199867,8322,0,0,-7017.1104,4473.9072,7017.1104,-4473.9072,6182.3424,-3941.6832,-6182.3424,3941.6832,8322,4e61e1c74ff7ce2c
50,2i,70,12,9514000000,9514200000,200000,-199679,199679,15100,0,0,-12732.32,8117.76,12732.32,-8117.76,10830.0608,-6904.9344,-10830.0608,6904.9344,15100,4e61e1c74ff7ce2c
50,2i,70,13,9514000000,9514200000,200000,-199341,199341,26039,0,0,-21956.0848,13998.5664,21956.0848,-13998.5664,18251.064,-11636.352,-18251.064,11636.352,26039,4e61e1c74ff7ce2c
50,2i,70,14,9514000000,9514200000,200000,-198756,198756,41850,0,0,-35287.92,22498.56,35287.92,-22498.56,28382.112,-18095.616,-28382.112,18095.616,41850,4e61e1c74ff7ce2c
50,2i,70,15,9514000000,9514200000,200000,-197821,197821,62080,0,0,-52345.856,33374.208,52345.856,-33374.208,40519.976,-25834.368,-40519.976,25834.368,62080,4e61e1c74ff7ce2c
50,2i,70,16,9514000000,9514200000,200000,-196448,196448,96394,0,0,-81279.4208,51821.4144,81279.4208,-51821.4144,62756.0032,-40011.4176,-62756.0032,40011.4176,96394,4e61e1c74ff7ce2c
50,2i,70,17,9514000000,9514200000,200000,-194259,194259,141427,0,0,-119232.6608,75981.7344,119232.6608,-75981.7344,87854.6592,-55976.0256,-87854.6592,55976.0256,141427,4e61e1c74ff7ce2c
50,2i,70,18,9514000000,9514200000,200000,-191101,191101,196012,0,0,-164975.87328,105272.66304,164975.87328,-105272.66304,117055.15008,-74740.28544,-117055.15008,74740.28544,196012,4e61e1c74ff7ce2c
50,2i,70,19,9514000000,9514200000,200000,-186752,186752,263330,0,0,-221317.022592,141276.128256,221317.022592,-141276.128256,151815.527232,-96899.083776,-151815.527232,96899.083776,263330,4e61e1c74ff7ce2c
50,2i,70,20,9514000000,9514200000,200000,-180923,180923,346980,180,60,-291055.872,185671.296,290853.504,-185542.272,193009.18656,-123091.24608,-193009.18656,123091.24608,347160,4e61e1c74ff7ce2c
50,2i,70,21,9514000000,9514200000,200000,-173237,173249,441130,938,100,-368307.210752,235077.083136,367051.871488,-234342.749184,232502.281728,-148500.885504,-232643.939328,148591.202304,442068,4e61e1c74ff7ce2c
50,2i,70,22,9514000000,9514200000,200000,-163559,163627,545024,3164,240,-452319.892736,289613.442048,448417.685248,-287111.844864,273511.584512,-175428.258816,-274356.446464,175916.823552,548188,4e61e1c74ff7ce2c
50,2i,70,23,9514000000,9514200000,200000,-151585,151835,669345,10220,890,-552576.762944,354154.824192,540173.8576,-345579.9168,320102.387776,-204738.144768,-322613.778752,206391.707136,679565,4e61e1c74ff7ce2c
50,2i,70,24,9514000000,9514200000,200000,-136616,137468,795254,23656,1610,-655394.83456,420363.31008,624984.04544,-399480.52992,350141.581824,-224121.388032,-358934.03904,230273.69472,818910,4e61e1c74ff7ce2c
50,2i,70,25,9514000000,9514200000,200000,-118937,121053,897450,54350,3300,-745211.7728,477573.3504,675257.2832,-431378.4576,358939.3584,-228934.7712,-379726.216,243098.688,951800,4e61e1c74ff7ce2c
50,2i,70,26,9514000000,9514200000,200000,-98544,103744,986062,117228,6502,-838870.33152,535074.06336,684835.803008,-438341.612544,352179.799936,-224594.331648,-403314.137216,257906.546688,1103290,4e61e1c74ff7ce2c
50,2i,70,27,9514000000,9514200000,200000,-74666,86294,1026323,218614,11137,-917270.70752,585575.63136,626182.638528,-400821.947904,288879.975808,-186118.162944,-404642.690944,257465.928192,1244937,4e61e1c74ff7ce2c
50,2i,70,28,9514000000,9514200000,200000,-48569,71661,978408,368286,16484,-962114.46464,616768.23552,469860.369536,-299842.664448,187123.404544,-119268.052992,-400562.96576,257327.43168,1346694,4e61e1c74ff7ce2c
50,2i,70,29,9514000000,9514200000,200000,-20570,62552,866611,560366,20040,-1000130.782784,640568.013312,238453.596736,-153109.314048,48189.321088,-30738.921984,-415717.570304,266517.084672,1426977,4e61e1c74ff7ce2c
50,2i,70,30,9514000000,9514200000,200000,8716,60548,701490,759730,20420,-1023721.08672,653480.61696,-38936.4736,26953.8048,-120504.7136,78834.1248,-442565.19616,280709.49888,1461220,4e61e1c74ff7ce2c
50,2i,70,31,9514000000,9514200000,200000,37848,66466,499182,930001,18585,-1013653.806528,645429.371904,-324110.183744,212848.238592,-292005.491776,188853.216768,-482355.366592,308527.520256,1429183,4e61e1c74ff7ce2c
50,2i,70,32,9514000000,9514200000,200000,65537,79485,307224,1038598,15412,-976077.207936,622626.075648,-556311.090048,357468.171264,-424856.315136,272112.565248,-524033.170176,335713.747968,1345822,4e61e1c74ff7ce2c
50,2i,70,33,9514000000,9514200000,200000,91080,96972,165224,1060467,10204,-920704.885824,587830.060032,-696362.290496,444274.249728,-513614.731072,327768.784896,-556133.09216,354722.42688,1225691,4e61e1c74ff7ce2c
50,2i,70,34,9514000000,9514200000,200000,113596,115688,75752,1005408,6004,-841893.608192,536869.549056,-742119.424768,473529.652224,-539950.622464,344896.791552,-554688.083712,354329.404416,1081160,4e61e1c74ff7ce2c
50,2i,70,35,9514000000,9514200000,200000,133322,134020,28550,911445,2635,-755344.79776,480624.00768,-717599.25216,456581.30688,-532499.49536,338641.04448,-538006.84448,342049.90464,939995,4e61e1c74ff7ce2c
50,2i,70,36,9514000000,9514200000,200000,149961,150105,10798,781840,1004,-650432.46912,414237.02016,-636089.500032,405402.034176,-482362.586496,307490.377728,-483487.917696,308144.099328,792638,4e61e1c74ff7ce2c
50,2i,70,37,9514000000,9514200000,200000,163792,163818,2352,649886,383,-543057.858816,345401.215488,-539835.334016,343544.729088,-423620.21824,269513.08032,-423868.65344,269641.87392,652238,4e61e1c74ff7ce2c
50,2i,70,38,9514000000,9514200000,200000,174599,174599,494,510780,38,-429203.184768,273185.332224,-428476.989568,272808.858624,-344052.469376,218925.293568,-344052.469376,218925.293568,511274,4e61e1c74ff7ce2c
50,2i,70,39,9514000000,9514200000,200000,182983,182983,0,395737,0,-333520.447424,212649.848832,-333520.447424,212649.848832,-275559.757824,175733.356032,-275559.757824,175733.356032,395737,4e61e1c74ff7ce2c
50,2i,70,40,9514000000,9514200000,200000,189234,189234,0,293150,0,-247116.496,157417.728,-247116.496,157417.728,-210766.144,134241.792,-210766.144,134241.792,293150,4e61e1c74ff7ce2c
50,2i,70,41,9514000000,9514200000,200000,193545,193545,0,203283,0,-171408.2256,109284.9408,-171408.2256,109284.9408,-149036.4432,95021.3376,-149036.4432,95021.3376,203283,4e61e1c74ff7ce2c
50,2i,70,42,9514000000,9514200000,200000,196493,196493,0,138168,0,-116503.2576,74279.1168,-116503.2576,74279.1168,-104401.6512,66563.4816,-104401.6512,66563.4816,138168,4e61e1c74ff7ce2c
50,2i,70,43,9514000000,9514200000,200000,198287,198287,0,84268,0,-71054.7776,45302.4768,-71054.7776,45302.4768,-65046.1344,41471.5392,-65046.1344,41471.5392,84268,4e61e1c74ff7ce2c
50,2i,70,44,9514000000,9514200000,200000,199305,199305,0,47588,0,-40126.2016,25583.3088,-40126.2016,25583.3088,-37768.6144,24080.1792,-37768.6144,24080.1792,47588,4e61e1c74ff7ce2c
50,2i,70,45,9514000000,9514200000,200000,199771,199771,0,21865,0,-18436.568,11754.624,-18436.568,11754.624,-17681.904,11273.472,-17681.904,11273.472,21865,4e61e1c74ff7ce2c
50,2i,70,46,9514000000,9514200000,200000,199950,199950,0,8434,0,-7111.5488,4534.1184,-7111.5488,4534.1184,-6942.9088,4426.5984,-6942.9088,4426.5984,8434,4e61e1c74ff7ce2c
50,2i,70,47,9514000000,9514200000,200000,200000,200000,0,2350,0,-1981.52,1263.36,-1981.52,1263.36,-1981.52,1263.36,-1981.52,1263.36,2350,4e61e1c74ff7ce2c
50,2i,70,48,9514000000,9514200000,200000,200000,200000,0,0,0,0,0,0,0,0,0,0,0,0,4e61e1c74ff7ce2c
50,2i,70,49,9514000000,9514200000,200000,200000,200000,0,0,0,0,0,0,0,0,0,0,0,0,4e61e1c74ff7ce2c
50,2i,70,50,9514000000,9514200000,200000,200000,200000,0,0,0,0,0,0,0,0,0,0,0,0,4e61e1c74ff7ce2c
50,2i,71,0,9514200000,9514400000,200000,-200000,200000,0,0,0,0,0,0,0,0,0,0,0,0,590c5d102c1e60ea
50,2i,71,1,9514200000,9514400000,200000,-200000,200000,0,0,0,0,0,0,0,0,0,0,0,0,590c5d102c1e60ea
50,2i,71,2,9514200000,9514400000,200000,-200000,200000,0,0,0,0,0,0,0,0,0,0,0,0,590c5d102c1e60ea
50,2i,71,3,9514200000,9514400000,200000,-200000,200000,0,0,0,0,0,0,0,0,0,0,0,0,590c5d102c1e60ea
50,2i,71,4,9514200000,9514400000,200000,-200000,200000,0,0,0,0,0,0,0,0,0,0,0,0,590c5d102c1e60ea
50,2i,71,5,9514200000,9514400000,200000,-200000,200000,0,0,0,0,0,0,0,0,0,0,0,0,590c5d102c1e60ea
50,2i,71,6,9514200000,9514400000,200000,-200000,200000,0,0,0,0,0,0,0,0,0,0,0,0,590c5d102c1e60ea
50,2i,71,7,9514200000,9514400000,200000,-200000,200000,129,0,0,-108.7728,69.3504,108.7728,-69.3504,108.7728,-69.3504,-108.7728,69.3504,129,590c5d102c1e60ea
50,2i,71,8,9514200000,9514400000,200000,-199997,199997,738,0,0,-622.2816,396.7488,622.2816,-396.7488,602.0448,-383.8464,-602.0448,383.8464,738,590c5d102c1e60ea
50,2i,71,9,9514200000,9514400000,200000,-199980,199980,1424,0,0,-1200.7168,765.5424,1200.7168,-765.5424,1071.7072,-683.2896,-1071.7072,683.2896,1424,590c5d102c1e60ea
50,2i,71,10,9514200000,9514400000,200000,-199949,199949,3510,0,0,-2959.632,1886.976,2959.632,-1886.976,2698.24,-1720.32,-2698.24,1720.32,3510,590c5d102c1e60ea
50,2i,71,11,9514200000,9514400000,200000,-199869,199869,7783,0,0,-6562.6256,4184.1408,6562.6256,-4184.1408,5820.6096,-3711.0528,-5820.6096,3711.0528,7783,590c5d102c1e60ea
50,2i,71,12,9514200000,9514400000,200000,-199692,199692,13942,0,0,-11755.8944,7495.2192,11755.8944,-7495.2192,9964.9376,-6353.3568,-9964.9376,6353.3568,13942,590c5d102c1e60ea
50,2i,71,13,9514200000,9514400000,200000,-199381,199381,25059,0,0,-21129.7488,13471.7184,21129.7488,-13471.7184,17720.6912,-11298.2016,-17720.6912,11298.2016,25059,590c5d102c1e60ea
50,2i,71,14,9514200000,9514400000,200000,-198813,198813,40748,0,0,-34358.7136,21906.1248,34358.7136,-21906.1248,27653.5872,-17631.1296,-27653.5872,17631.1296,40748,590c5d102c1e60ea
50,2i,71,15,9514200000,9514400000,200000,-197902,197902,64030,0,0,-53990.096,34422.528,53990.096,-34422.528,42467.768,-27076.224,-42467.768,27076.224,64030,590c5d102c1e60ea
50,2i,71,16,9514200000,9514400000,200000,-196463,196463,95750,0,0,-80682.156672,51479.325696,80682.156672,-51479.325696,61268.319872,-39101.623296,-61268.319872,39101.623296,95750,590c5d102c1e60ea
50,2i,71,17,9514200000,9514400000,200000,-194324,194324,136188,0,0,-114769.428736,73117.890048,114769.428736,-73117.890048,84135.2688,-53567.0784,-84135.2688,53567.0784,136188,590c5d102c1e60ea
50,2i,71,18,9514200000,9514400000,200000,-191299,191299,194546,0,0,-163675.53728,104313.81504,163675.53728,-104313.81504,117783.57248,-75095.40864,-117783.57248,75095.40864,194546,590c5d102c1e60ea
50,2i,71,19,9514200000,9514400000,200000,-186921,186921,265183,31,0,-222853.129344,142014.139392,222800.850944,-141980.808192,152892.993984,-97409.574912,-152892.993984,97409.574912,265214,590c5d102c1e60ea
50,2i,71,20,9514200000,9514400000,200000,-181049,181051,349920,230,30,-293822.82688,187219.10784,293519.33888,-187093.92384,195013.5776,-124300.8768,-195047.3056,124322.3808,350150,590c5d102c1e60ea
50,2i,71,21,9514200000,9514400000,200000,-173292,173308,445935,1162,50,-372423.992128,238587.592704,370980.630336,-237781.198848,235086.586112,-151129.967616,-235275.418112,151202.543616,447097,590c5d102c1e60ea
50,2i,71,22,9514200000,9514400000,200000,-163492,163578,554246,3514,246,-460340.944384,294720.602112,456264.249344,-292490.299392,279413.56672,-178649.25696,-280365.278976,179205.946368,557760,590c5d102c1e60ea
50,2i,71,23,9514200000,9514400000,200000,-151272,151554,667039,9382,589,-551209.02496,353018.65728,539747.163712,-345726.844416,314285.450496,-201709.129728,-316852.40064,203083.88352,676421,590c5d102c1e60ea
50,2i,71,24,9514200000,9514400000,200000,-136629,137439,790684,23938,1400,-650938.669952,416875.508736,620650.460288,-396635.587584,351335.55968,-224217.73824,-359242.147328,229477.346304,814622,590c5d102c1e60ea
50,2i,71,25,9514200000,9514400000,200000,-118814,120978,908150,55300,3250,-751341.9744,480428.6592,681817.5456,-433938.7008,364195.4672,-231858.9696,-385716.2576,246263.1168,963450,590c5d102c1e60ea
50,2i,71,26,9514200000,9514400000,200000,-98091,103325,987648,116710,6396,-836925.437824,535079.596032,686974.013056,-438973.943808,347033.736576,-221718.663168,-396957.520512,255087.906816,1104358,590c5d102c1e60ea
50,2i,71,27,9514200000,9514400000,200000,-74526,86160,1017537,223618,11555,-910874.050368,583169.793024,616777.141952,-396463.604736,289064.96608,-186323.77344,-401596.062016,256902.233088,1241155,590c5d102c1e60ea
50,2i,71,28,9514200000,9514400000,200000,-48226,71792,976242,371736,17048,-964389.602944,616567.944192,469283.632768,-299103.796224,185915.932288,-117359.683584,-406952.573568,258732.570624,1347978,590c5d102c1e60ea
50,2i,71,29,9514200000,9514400000,200000,-20427,62601,863283,553841,20387,-996536.377856,638179.550208,243113.97504,-153645.34272,48434.330816,-31973.311488,-409707.537088,264093.609984,1417124,590c5d102c1e60ea
50,2i,71,30,9514200000,9514400000,200000,8666,60558,696640,751230,21330,-1011001.82976,649834.18368,-40226.01024,25498.93632,-121962.85056,79604.39808,-438250.28736,280986.90048,1447870,590c5d102c1e60ea
50,2i,71,31,9514200000,9514400000,200000,37420,66352,496309,922866,19940,-1005052.435648,643725.272064,-320526.114368,207974.145024,-283395.996992,182120.787456,-477676.791232,305729.035776,1419175,590c5d102c1e60ea
50,2i,71,32,9514200000,9514400000,200000,65199,79349,310834,1038138,16054,-981272.619776,628645.920768,-552941.609728,357303.189504,-424812.647424,274819.448832,-525933.898752,337979.867136,1348972,590c5d102c1e60ea
50,2i,71,33,9514200000,9514400000,200000,90757,96649,168455,1062814,9684,-927091.730112,590723.759616,-698712.510016,447868.697088,-513350.24672,328523.49696,-556340.506048,355584.459264,1231269,590c5d102c1e60ea
50,2i,71,34,9514200000,9514400000,200000,113572,115676,76108,1014434,5234,-850682.87552,541271.05536,-748558.572928,476819.887104,-548041.595392,349319.878656,-564185.379328,359649.122304,1090542,590c5d102c1e60ea
50,2i,71,35,9514200000,9514400000,200000,133249,133889,29325,909285,2155,-755117.83552,479608.33536,-714843.76576,454021.83168,-530192.30944,336606.48192,-535151.85184,339597.76512,938610,590c5d102c1e60ea
50,2i,71,36,9514200000,9514400000,200000,149910,150056,9788,784846,818,-653831.532416,415684.620288,-640598.653056,407689.463808,-484875.9392,308503.0656,-486205.9168,309319.1424,794634,590c5d102c1e60ea
50,2i,71,37,9514200000,9514400000,200000,163827,163845,2485,653871,272,-547665.800576,348363.015168,-543975.474176,346094.419968,-427194.028288,271566.211584,-427369.413888,271678.032384,656356,590c5d102c1e60ea
50,2i,71,38,9514200000,9514400000,200000,174706,174706,342,512756,38,-430676.468864,274700.746752,-430163.803264,274373.885952,-346498.370688,221003.894784,-346498.370688,221003.894784,513098,590c5d102c1e60ea
50,2i,71,39,9514200000,9514400000,200000,183014,183014,0,392784,0,-330734.287872,210955.447296,-330734.287872,210955.447296,-272745.737472,173983.620096,-272745.737472,173983.620096,392784,590c5d102c1e60ea
50,2i,71,40,9514200000,9514400000,200000,189266,189266,0,293950,0,-247858.64,158027.52,-247858.64,158027.52,-210867.456,134443.008,-210867.456,134443.008,293950,590c5d102c1e60ea
50,2i,71,41,9514200000,9514400000,200000,193653,193653,0,206570,0,-174179.824,111052.032,-174179.824,111052.032,-151663.8544,96696.4992,-151663.8544,96696.4992,206570,590c5d102c1e60ea
50,2i,71,42,9514200000,9514400000,200000,196620,196620,0,138358,0,-116663.4656,74381.2608,-116663.4656,74381.2608,-105074.5248,66992.4864,-105074.5248,66992.4864,138358,590c5d102c1e60ea
50,2i,71,43,9514200000,9514400000,200000,198338,198338,0,80468,0,-67850.6176,43259.5968,-67850.6176,43259.5968,-62290.5568,39714.6624,-62290.5568,39714.6624,80468,590c5d102c1e60ea
50,2i,71,44,9514200000,9514400000,200000,199280,199280,0,44400,0,-37438.08,23869.44,-37438.08,23869.44,-34948.9536,22282.4448,-34948.9536,22282.4448,44400,590c5d102c1e60ea
50,2i,71,45,9514200000,9514400000,200000,199772,199772,0,23085,0,-19465.272,12410.496,-19465.272,12410.496,-18668.448,11902.464,-18668.448,11902.464,23085,590c5d102c1e60ea
50,2i,71,46,9514200000,9514400000,200000,199961,199961,0,8850,0,-7462.32,4757.76,-7462.32,4757.76,-7330.7808,4673.8944,-7330.7808,4673.8944,8850,590c5d102c1e60ea
50,2i,71,47,9514200000,9514400000,200000,200000,200000,0,1833,0,-1545.5856,985.4208,-1545.5856,985.4208,-1545.5856,985.4208,-1545.5856,985.4208,1833,590c5d102c1e60ea
50,2i,71,48,9514200000,9514400000,200000,200000,200000,0,0,0,0,0,0,0,0,0,0,0,0,590c5d102c1e60ea
50,2i,71,49,9514200000,9514400000,200000,200000,200000,0,0,0,0,0,0,0,0,0,0,0,0,590c5d102c1e60ea
50,2i,71,50,9514200000,9514400000,200000,200000,200000,0,0,0,0,0,0,0,0,0,0,0,0,590c5d102c1e60ea
50,2i,72,0,9514400000,9514600000,200000,-200000,200000,0,0,0,0,0,0,0,0,0,0,0,0,f650b2d50e449b3c
50,2i,72,1,9514400000,9514600000,200000,-200000,200000,0,0,0,0,0,0,0,0,0,0,0,0,f650b2d50e449b3c
50,2i,72,2,9514400000,9514600000,200000,-200000,200000,0,0,0,0,0,0,0,0,0,0,0,0,f650b2d50e449b3c
50,2i,72,3,9514400000,9514600000,200000,-200000,200000,0,0,0,0,0,0,0,0,0,0,0,0,f650b2d50e449b3c
50,2i,72,4,9514400000,9514600000,200000,-200000,200000,0,0,0,0,0,0,0,0,0,0,0,0,f650b2d50e449b3c
50,2i,72,5,9514400000,9514600000,200000,-200000,200000,0,0,0,0,0,0,0,0,0,0,0,0,f650b2d50e449b3c
50,2i,72,6,9514400000,9514600000,200000,-200000,200000,44,0,0,-37.1008,23.6544,37.1008,-23.6544,37.1008,-23.6544,-37.1008,23.6544,44,f650b2d50e449b3c
50,2i,72,7,9514400000,9514600000,200000,-199999,199999,50,0,0,-42.16,26.88,42.16,-26.88,36.2576,-23.1168,-36.2576,23.1168,50,f650b2d50e449b3c
50,2i,72,8,9514400000,9514600000,200000,-199998,199998,638,0,0,-537.9616,342.9888,537.9616,-342.9888,531.216,-338.688,-531.216,338.688,638,f650b2d50e449b3c
50,2i,72,9,9514400000,9514600000,200000,-199983,199983,1365,0,0,-1150.968,733.824,1150.968,-733.824,1037.136,-661.248,-1037.136,661.248,1365,f650b2d50e449b3c
50,2i,72,10,9514400000,9514600000,200000,-199953,199953,3660,0,0,-3086.112,1967.616,3086.112,-1967.616,2833.152,-1806.336,-2833.152,1806.336,3660,f650b2d50e449b3c
50,2i,72,11,9514400000,9514600000,200000,-199869,199869,7398,0,0,-6237.9936,3977.1648,6237.9936,-3977.1648,5458.8768,-3480.4224,-5458.8768,3480.4224,7398,f650b2d50e449b3c
50,2i,72,12,9514400000,9514600000,200000,-199703,199703,15292,0,0,-12894.2144,8220.9792,12894.2144,-8220.9792,11214.56,-7150.08,-11214.56,7150.08,15292,f650b2d50e449b3c
50,2i,72,13,9514400000,9514600000,200000,-199353,199353,25714,0,0,-21682.0448,13823.8464,21682.0448,-13823.8464,17845.4848,-11377.7664,-17845.4848,11377.7664,25714,f650b2d50e449b3c
50,2i,72,14,9514400000,9514600000,200000,-198781,198781,41272,0,0,-34800.5504,22187.8272,34800.5504,-22187.8272,28048.2048,-17882.7264,-28048.2048,17882.7264,41272,f650b2d50e449b3c
50,2i,72,15,9514400000,9514600000,200000,-197857,197857,67515,0,0,-56928.648,36296.064,56928.648,-36296.064,45241.896,-28844.928,-45241.896,28844.928,67515,f650b2d50e449b3c
50,2i,72,16,9514400000,9514600000,200000,-196324,196324,97594,0,0,-82291.2608,52466.5344,82291.2608,-52466.5344,61609.2512,-39280.2816,-61609.2512,39280.2816,97594,f650b2d50e449b3c
50,2i,72,17,9514400000,9514600000,200000,-194175,194175,139031,0,0,-117178.291264,74747.069952,117178.291264,-74747.069952,86373.665664,-55106.929152,-86373.665664,55106.929152,139031,f650b2d50e449b3c
50,2i,72,18,9514400000,9514600000,200000,-191069,191069,194756,0,0,-164069.414656,104662.852608,164069.414656,-104662.852608,116956.506112,-74604.527616,-116956.506112,74604.527616,194756,f650b2d50e449b3c
50,2i,72,19,9514400000,9514600000,200000,-186730,186730,266209,31,0,-223738.540032,142776.754176,223686.261632,-142743.422976,154269.475328,-98463.650304,-154269.475328,98463.650304,266240,f650b2d50e449b3c
50,2i,72,20,9514400000,9514600000,200000,-180801,180803,345960,140,0,-290160.12032,185168.50176,289957.81632,-185107.82976,190513.41056,-121602.47808,-190547.13856,121623.98208,346100,f650b2d50e449b3c
50,2i,72,21,9514400000,9514600000,200000,-173217,173227,443322,896,87,-371148.08064,236870.12352,370117.701248,-236128.932864,237202.697152,-151356.558336,-237320.700352,151383.975936,444218,f650b2d50e449b3c
50,2i,72,22,9514400000,9514600000,200000,-163391,163457,556512,3612,374,-463145.635072,296274.256896,458377.705472,-293325.444096,280423.963008,-179696.492544,-281116.110464,180237.975552,560124,f650b2d50e449b3c
50,2i,72,23,9514400000,9514600000,200000,-151107,151387,673974,10156,1063,-558370.967552,357169.345536,545276.990336,-348793.678848,319517.466816,-204162.559488,-322865.43072,206140.00896,684130,f650b2d50e449b3c
50,2i,72,24,9514400000,9514600000,200000,-136233,137083,794528,24286,2150,-654680.361856,419354.462208,624819.968896,-399974.780928,349915.093888,-224464.272384,-358578.216832,230151.576576,818814,f650b2d50e449b3c
50,2i,72,25,9514400000,9514600000,200000,-118470,120662,901500,55050,3700,-744974.1504,477592.6272,675593.4144,-430966.5792,359471.0032,-229131.4176,-379852.9936,242297.1648,956550,f650b2d50e449b3c
50,2i,72,26,9514400000,9514600000,200000,-97971,103225,979696,117878,6954,-830859.915392,529085.638656,680475.755648,-430131.032064,345740.009472,-217066.116096,-396698.704896,251864.828928,1097574,f650b2d50e449b3c
50,2i,72,27,9514400000,9514600000,200000,-74446,86206,1016153,220104,11175,-908363.263424,575777.336832,620726.293568,-392365.530624,290996.177984,-184210.086912,-402849.825344,256385.467392,1236257,f650b2d50e449b3c
50,2i,72,28,9514400000,9514600000,200000,-48312,71574,981288,368246,15224,-967740.559232,614733.259776,473481.073792,-303282.809856,191271.22688,-123110.30784,-405268.315136,258528.565248,1349534,f650b2d50e449b3c
50,2i,72,29,9514400000,9514600000,200000,-20231,62331,866320,554992,18934,-1003502.31872,640036.39296,243291.552384,-156169.946112,45504.748352,-30547.239936,-414941.54464,262589.67552,1421312,f650b2d50e449b3c
50,2i,72,30,9514400000,9514600000,200000,8672,60270,692900,752970,20340,-1016518.36736,648296.34048,-39656.79936,28141.71648,-119583.6896,79180.4928,-438664.83904,280568.09472,1445870,f650b2d50e449b3c
50,2i,72,31,9514400000,9514600000,200000,37611,66365,492744,928233,18618,-1012702.33504,643113.82272,-327245.561408,210863.583744,-290452.648512,185384.610816,-481333.640512,305484.066816,1420977,f650b2d50e449b3c
50,2i,72,32,9514400000,9514600000,200000,65183,79341,307984,1035948,14490,-982327.080192,625417.645056,-560864.779264,360016.253952,-428462.617472,274211.460096,-528441.1424,337340.0832,1343932,f650b2d50e449b3c
50,2i,72,33,9514400000,9514600000,200000,90829,96715,168686,1063464,9835,-926364.005888,589302.288384,-698994.719616,445968.549888,-515393.096,328926.528,-559468.419904,356524.457472,1232150,f650b2d50e449b3c
50,2i,72,34,9514400000,9514600000,200000,113525,115623,75660,1010708,5468,-847009.413888,536998.032384,-743479.430912,472288.214016,-542807.542016,345062.873088,-558186.877184,354576.832512,1086368,f650b2d50e449b3c
50,2i,72,35,9514400000,9514600000,200000,133194,133884,28450,910720,2325,-757989.59488,479327.33184,-719205.03232,455134.51776,-532813.39456,336985.39008,-537955.66144,340366.41792,939170,f650b2d50e449b3c
50,2i,72,36,9514400000,9514600000,200000,149911,150093,10166,785056,904,-654351.651968,414948.301824,-640717.34976,406009.54368,-487064.254592,308119.904256,-488357.116288,308944.195584,795222,f650b2d50e449b3c
50,2i,72,37,9514400000,9514600000,200000,163726,163762,2883,649361,296,-542518.365952,345990.836736,-538794.592384,343616.666112,-422238.049792,269333.177856,-422544.974592,269528.864256,652244,f650b2d50e449b3c
50,2i,72,38,9514400000,9514600000,200000,174579,174587,580,514542,0,-432703.385472,275751.684096,-431738.790272,275164.010496,-345663.880576,220312.455168,-345731.310976,220328.122368,515122,f650b2d50e449b3c
50,2i,72,39,9514400000,9514600000,200000,183138,183138,156,401482,0,-338474.9472,215643.6096,-338255.7984,215592.6912,-281201.349312,179197.065216,-281201.349312,179197.065216,401638,f650b2d50e449b3c
50,2i,72,40,9514400000,9514600000,200000,189305,189305,0,290290,0,-244641.12832,155885.04576,-244641.12832,155885.04576,-207869.17632,132440.30976,-207869.17632,132440.30976,290290,f650b2d50e449b3c
50,2i,72,41,9514400000,9514600000,200000,193666,193666,0,204757,0,-172651.1024,110077.3632,-172651.1024,110077.3632,-150765.0032,96123.4176,-150765.0032,96123.4176,204757,f650b2d50e449b3c
50,2i,72,42,9514400000,9514600000,200000,196550,196550,0,135048,0,-113872.4736,72601.8048,-113872.4736,72601.8048,-102135.1296,65118.4128,-102135.1296,65118.4128,135048,f650b2d50e449b3c
50,2i,72,43,9514400000,9514600000,200000,198290,198290,0,81946,0,-69096.8672,44054.1696,-69096.8672,44054.1696,-63088.224,40223.232,-63088.224,40223.232,81946,f650b2d50e449b3c
50,2i,72,44,9514400000,9514600000,200000,199308,199308,0,47630,0,-40161.616,25605.888,-40161.616,25605.888,-37768.6144,24080.1792,-37768.6144,24080.1792,47630,f650b2d50e449b3c
50,2i,72,45,9514400000,9514600000,200000,199781,199781,0,22165,0,-18689.528,11915.904,-18689.528,11915.904,-17947.512,11442.816,-17947.512,11442.816,22165,f650b2d50e449b3c
50,2i,72,46,9514400000,9514600000,200000,199957,199957,0,8268,0,-6971.5776,4444.8768,-6971.5776,4444.8768,-6826.5472,4352.4096,-6826.5472,4352.4096,8268,f650b2d50e449b3c
50,2i,72,47,9514400000,9514600000,200000,200000,200000,0,2021,0,-1704.1072,1086.4896,-1704.1072,1086.4896,-1704.1072,1086.4896,-1704.1072,1086.4896,2021,f650b2d50e449b3c
50,2i,72,48,9514400000,9514600000,200000,200000,200000,0,0,0,0,0,0,0,0,0,0,0,0,f650b2d50e449b3c
50,2i,72,49,9514400000,9514600000,200000,200000,200000,0,0,0,0,0,0,0,0,0,0,0,0,f650b2d50e449b3c
50,2i,72,50,9514400000,9514600000,200000,200000,200000,0,0,0,0,0,0,0,0,0,0,0,0,f650b2d50e449b3c
50,2i,73,0,9514600000,9514800000,200000,-200000,200000,0,0,0,0,0,0,0,0,0,0,0,0,ac77cf6af8971574
50,2i,73,1,9514600000,9514800000,200000,-200000,200000,0,0,0,0,0,0,0,0,0,0,0,0,ac77cf6af8971574
50,2i,73,2,9514600000,9514800000,200000,-200000,200000,0,0,0,0,0,0,0,0,0,0,0,0,ac77cf6af8971574
50,2i,73,3,9514600000,9514800000,200000,-200000,200000,0,0,0,0,0,0,0,0,0,0,0,0,ac77cf6af8971574
50,2i,73,4,9514600000,9514800000,200000,-200000,200000,0,0,0,0,0,0,0,0,0,0,0,0,ac77cf6af8971574
50,2i,73,5,9514600000,9514800000,200000,-200000,200000,0,0,0,0,0,0,0,0,0,0,0,0,ac77cf6af8971574
50,2i,73,6,9514600000,9514800000,200000,-200000,200000,88,0,0,-74.2016,47.3088,74.2016,-47.3088,74.2016,-47.3088,-74.2016,47.3088,88,ac77cf6af8971574
50,2i,73,7,9514600000,9514800000,200000,-199998,199998,229,0,0,-193.0928,123.1104,193.0928,-123.1104,181.288,-115.584,-181.288,115.584,229,ac77cf6af8971574
50,2i,73,8,9514600000,9514800000,200000,-199993,199993,376,0,0,-317.0432,202.1376,317.0432,-202.1376,283.3152,-180.6336,-283.3152,180.6336,376,ac77cf6af8971574
50,2i,73,9,9514600000,9514800000,200000,-199985,199985,1548,0,0,-1305.2736,832.2048,1305.2736,-832.2048,1244.5632,-793.4976,-1244.5632,793.4976,1548,ac77cf6af8971574
50,2i,73,10,9514600000,9514800000,200000,-199949,199949,3880,0,0,-3271.616,2085.888,3271.616,-2085.888,2968.064,-1892.352,-2968.064,1892.352,3880,ac77cf6af8971574
50,2i,73,11,9514600000,9514800000,200000,-199861,199861,8573,0,0,-7228.7536,4608.8448,7228.7536,-4608.8448,6412.536,-4088.448,-6412.536,4088.448,8573,ac77cf6af8971574
50,2i,73,12,9514600000,9514800000,200000,-199666,199666,14386,0,0,-12130.2752,7733.9136,12130.2752,-7733.9136,10157.1872,-6475.9296,-10157.1872,6475.9296,14386,ac77cf6af8971574
50,2i,73,13,9514600000,9514800000,200000,-199349,199349,25211,0,0,-21257.9152,13553.4336,21257.9152,-13553.4336,17783.088,-11337.984,-17783.088,11337.984,25211,ac77cf6af8971574
50,2i,73,14,9514600000,9514800000,200000,-198779,198779,42216,0,0,-35596.5312,22695.3216,35596.5312,-22695.3216,28867.7952,-18405.2736,-28867.7952,18405.2736,42216,ac77cf6af8971574
50,2i,73,15,9514600000,9514800000,200000,-197828,197828,65540,0,0,-55263.328,35234.304,55263.328,-35234.304,43235.08,-27565.44,-43235.08,27565.44,65540,ac77cf6af8971574
50,2i,73,16,9514600000,9514800000,200000,-196363,196363,97220,0,0,-81975.904,52265.472,81975.904,-52265.472,62211.296,-39664.128,-62211.296,39664.128,97220,ac77cf6af8971574
50,2i,73,17,9514600000,9514800000,200000,-194193,194193,137342,0,0,-115701.478528,73843.067904,115701.478528,-73843.067904,84595.830528,-54011.003904,-84595.830528,54011.003904,137342,ac77cf6af8971574
50,2i,73,18,9514600000,9514800000,200000,-191149,191149,192872,0,0,-162331.981312,103612.041216,162331.981312,-103612.041216,116188.801024,-74151.493632,-116188.801024,74151.493632,192872,ac77cf6af8971574
50,2i,73,19,9514600000,9514800000,200000,-186834,186834,265629,0,0,-223105.482432,142571.237376,223105.482432,-142571.237376,154118.381824,-98543.788032,-154118.381824,98543.788032,265629,ac77cf6af8971574
50,2i,73,20,9514600000,9514800000,200000,-180910,180910,340720,150,30,-285514.73984,182662.14912,285408.09536,-182525.84448,186030.20352,-119017.35936,-186030.20352,119017.35936,340870,ac77cf6af8971574
50,2i,73,21,9514600000,9514800000,200000,-173497,173507,440232,946,79,-367458.343424,234822.776832,366280.97216,-233958.26688,236611.18976,-151030.66368,-236685.840896,151126.076928,441178,ac77cf6af8971574
50,2i,73,22,9514600000,9514800000,200000,-163652,163720,550552,3074,212,-456314.04608,291841.21344,452314.953088,-289113.897984,274369.766528,-175574.651904,-275206.312832,176158.104576,553626,ac77cf6af8971574
50,2i,73,23,9514600000,9514800000,200000,-151615,151857,669617,9210,759,-552931.486016,353535.065088,541205.264064,-345954.020352,320050.725056,-204402.359808,-322648.531264,206163.389952,678827,ac77cf6af8971574
50,2i,73,24,9514600000,9514800000,200000,-136727,137503,794776,24790,2034,-654939.454848,418961.777664,624946.649472,-399957.636096,350241.864576,-224399.367168,-358356.011904,229572.713472,819566,ac77cf6af8971574
50,2i,73,25,9514600000,9514800000,200000,-118948,121138,908225,55725,3950,-752389.8688,481779.8784,683173.136,-436909.248,366590.8608,-234439.3344,-387628.032,247738.176,963950,ac77cf6af8971574
50,2i,73,26,9514600000,9514800000,200000,-98169,103403,992490,117596,7498,-838628.817536,539745.128448,687613.250944,-440224.008192,345873.837952,-222834.932736,-395980.582016,255669.593088,1110086,ac77cf6af8971574
50,2i,73,27,9514600000,9514800000,200000,-74426,86162,1024048,220694,11208,-909600.996224,585775.967232,622279.024512,-396854.178816,291885.686464,-184645.143552,-405408.111808,259667.410944,1244742,ac77cf6af8971574
50,2i,73,28,9514600000,9514800000,200000,-48179,71473,983118,370196,15200,-966917.37664,619878.25152,474265.837696,-300162.659328,190360.875648,-120239.192064,-401942.932096,258899.478528,1353314,ac77cf6af8971574
50,2i,73,29,9514600000,9514800000,200000,-20070,62308,867128,563543,20170,-1005140.332992,642271.635456,238948.5392,-149939.8656,46412.040256,-26886.993408,-416912.721728,265550.805504,1430671,ac77cf6af8971574
50,2i,73,30,9514600000,9514800000,200000,9240,60508,692530,759070,21340,-1015254.30528,646238.03904,-40984.97408,30992.31744,-126448.10176,82452.67968,-438824.91584,279930.11712,1451600,ac77cf6af8971574
50,2i,73,31,9514600000,9514800000,200000,37855,66535,488890,921492,19195,-997671.61536,635565.20448,-325731.46752,209767.31136,-286620.809856,184152.926208,-474376.895872,303860.791296,1410382,ac77cf6af8971574
50,2i,73,32,9514600000,9514800000,200000,65398,79470,305836,1031552,15460,-971286.662122792899408,616717.13530849704142,-557135.595029207100592,353229.50302750295858,-424639.382805207100592,269962.84779550295858,-522569.673450792899408,331837.23361249704142,1337388,ac77cf6af8971574
50,2i,73,33,9514600000,9514800000,200000,90732,96792,164294,1058682,9923,-920555.833555313609467,584598.426424047337278,-698507.32551573964497,444136.550218224852071,-511523.94656,323954.92608,-554033.588416,350980.428288,1222976,ac77cf6af8971574
50,2i,73,34,9514600000,9514800000,200000,113494,115778,76976,1017348,6002,-851854.399647053254438,543867.911810272189349,-749543.696287053254438,479156.723330272189349,-544859.914271053254438,348469.530242272189349,-562151.333919053254438,359129.714306272189349,1094324,ac77cf6af8971574
50,2i,73,35,9514600000,9514800000,200000,133520,134206,31670,916905,2690,-761865.18816,485600.95488,-719004.58528,459037.07904,-538217.80352,343374.15936,-543253.42592,346618.88256,948575,ac77cf6af8971574
50,2i,73,36,9514600000,9514800000,200000,150031,150223,9942,778480,982,-646813.985152,412112.142336,-633383.02912,403435.10016,-478605.521664,305129.137152,-479950.983936,306018.843648,788422,ac77cf6af8971574
50,2i,73,37,9514600000,9514800000,200000,163890,163932,3022,650889,420,-545207.866944,346573.896192,-541272.027968,344009.869824,-424834.970688,269992.694784,-425214.945088,270205.353984,653911,ac77cf6af8971574
50,2i,73,38,9514600000,9514800000,200000,174746,174750,746,513506,38,-431833.223168,274666.343424,-430682.055168,274018.919424,-345531.271168,219781.607424,-345571.744768,219807.412224,514252,ac77cf6af8971574
50,2i,73,39,9514600000,9514800000,200000,183223,183223,78,397636,0,-335198.6912,213402.2016,-335067.152,213318.336,-278544.9264,177281.3952,-278544.9264,177281.3952,397714,ac77cf6af8971574
50,2i,73,40,9514600000,9514800000,200000,189324,189324,0,287870,0,-242731.984,154758.912,-242731.984,154758.912,-205774.528,131195.904,-205774.528,131195.904,287870,ac77cf6af8971574
50,2i,73,41,9514600000,9514800000,200000,193707,193707,0,205488,0,-173267.4816,110470.3488,-173267.4816,110470.3488,-151525.5696,96608.3328,-151525.5696,96608.3328,205488,ac77cf6af8971574
50,2i,73,42,9514600000,9514800000,200000,196572,196572,0,134394,0,-113321.0208,72250.2144,-113321.0208,72250.2144,-101462.256,64689.408,-101462.256,64689.408,134394,ac77cf6af8971574
50,2i,73,43,9514600000,9514800000,200000,198330,198330,0,82342,0,-69430.7744,44267.0592,-69430.7744,44267.0592,-63740.8608,40639.3344,-63740.8608,40639.3344,82342,ac77cf6af8971574
50,2i,73,44,9514600000,9514800000,200000,199294,199294,0,45452,0,-38325.1264,24434.9952,-38325.1264,24434.9952,-35765.1712,22802.8416,-35765.1712,22802.8416,45452,ac77cf6af8971574
50,2i,73,45,9514600000,9514800000,200000,199800,199800,0,23560,0,-19865.792,12665.856,-19865.792,12665.856,-19199.664,12241.152,-19199.664,12241.152,23560,ac77cf6af8971574
50,2i,73,46,9514600000,9514800000,200000,199958,199958,0,7436,0,-6270.0352,3997.5936,-6270.0352,3997.5936,-6128.3776,3907.2768,-6128.3776,3907.2768,7436,ac77cf6af8971574
50,2i,73,47,9514600000,9514800000,200000,200000,200000,0,1974,0,-1664.4768,1061.2224,-1664.4768,1061.2224,-1664.4768,1061.2224,-1664.4768,1061.2224,1974,ac77cf6af8971574
50,2i,73,48,9514600000,9514800000,200000,200000,200000,0,0,0,0,0,0,0,0,0,0,0,0,ac77cf6af8971574
50,2i,73,49,9514600000,9514800000,200000,200000,200000,0,0,0,0,0,0,0,0,0,0,0,0,ac77cf6af8971574
50,2i,73,50,9514600000,9514800000,200000,200000,200000,0,0,0,0,0,0,0,0,0,0,0,0,ac77cf6af8971574
50,2i,74,0,9514800000,9515000000,200000,-200000,200000,0,0,0,0,0,0,0,0,0,0,0,0,752a44163a343e7f
50,2i,74,1,9514800000,9515000000,200000,-200000,200000,0,0,0,0,0,0,0,0,0,0,0,0,752a44163a343e7f
50,2i,74,2,9514800000,9515000000,200000,-200000,200000,0,0,0,0,0,0,0,0,0,0,0,0,752a44163a343e7f
50,2i,74,3,9514800000,9515000000,200000,-200000,200000,0,0,0,0,0,0,0,0,0,0,0,0,752a44163a343e7f
50,2i,74,4,9514800000,9515000000,200000,-200000,200000,0,0,0,0,0,0,0,0,0,0,0,0,752a44163a343e7f
50,2i,74,5,9514800000,9515000000,200000,-200000,200000,0,0,0,0,0,0,0,0,0,0,0,0,752a44163a343e7f
50,2i,74,6,9514800000,9515000000,200000,-200000,200000,0,0,0,0,0,0,0,0,0,0,0,0,752a44163a343e7f
50,2i,74,7,9514800000,9515000000,200000,-200000,200000,129,0,0,-108.7728,69.3504,108.7728,-69.3504,108.7728,-69.3504,-108.7728,69.3504,129,752a44163a343e7f
50,2i,74,8,9514800000,9515000000,200000,-199997,199997,360,0,0,-303.552,193.536,303.552,-193.536,283.3152,-180.6336,-283.3152,180.6336,360,752a44163a343e7f
50,2i,74,9,9514800000,9515000000,200000,-199989,199989,1261,0,0,-1063.2752,677.9136,1063.2752,-677.9136,1002.5648,-639.2064,-1002.5648,639.2064,1261,752a44163a343e7f
50,2i,74,10,9514800000,9515000000,200000,-199960,199960,3490,0,0,-2942.768,1876.224,2942.768,-1876.224,2698.24,-1720.32,-2698.24,1720.32,3490,752a44163a343e7f
50,2i,74,11,9514800000,9515000000,200000,-199880,199880,7549,0,0,-6365.3168,4058.3424,6365.3168,-4058.3424,5623.3008,-3585.2544,-5623.3008,3585.2544,7549,752a44163a343e7f
50,2i,74,12,9514800000,9515000000,200000,-199709,199709,14250,0,0,-12015.6,7660.8,12015.6,-7660.8,10285.3536,-6557.6448,-10285.3536,6557.6448,14250,752a44163a343e7f
50,2i,74,13,9514800000,9515000000,200000,-199388,199388,24856,0,0,-20958.5792,13362.5856,20958.5792,-13362.5856,17439.9056,-11119.1808,-17439.9056,11119.1808,24856,752a44163a343e7f
50,2i,74,14,9514800000,9515000000,200000,-198829,198829,41306,0,0,-34829.2192,22206.1056,34829.2192,-22206.1056,28230.336,-17998.848,-28230.336,17998.848,41306,752a44163a343e7f
50,2i,74,15,9514800000,9515000000,200000,-197899,197899,64140,0,0,-54027.00928,34485.91104,54027.00928,-34485.91104,42264.36928,-26986.39104,-42264.36928,26986.39104,64140,752a44163a343e7f
50,2i,74,16,9514800000,9515000000,200000,-196465,196465,96826,0,0,-81618.156928,52055.599104,81618.156928,-52055.599104,62297.3024,-39718.9632,-62297.3024,39718.9632,96826,752a44163a343e7f
50,2i,74,17,9514800000,9515000000,200000,-194292,194292,141089,0,0,-118966.2448,75849.4464,118966.2448,-75849.4464,87817.5936,-55989.9648,-87817.5936,55989.9648,141089,752a44163a343e7f
50,2i,74,18,9514800000,9515000000,200000,-191136,191136,196424,0,0,-165453.536768,105561.268224,165453.536768,-105561.268224,117553.031168,-75021.287424,-117553.031168,75021.287424,196424,752a44163a343e7f
50,2i,74,19,9514800000,9515000000,200000,-186773,186773,262170,0,0,-220526.708992,140821.203456,220526.708992,-140821.203456,150729.596736,-96277.314048,-150729.596736,96277.314048,262170,752a44163a343e7f
50,2i,74,20,9514800000,9515000000,200000,-180990,180990,346900,150,0,-290956.60992,185619.39456,290703.64992,-185458.11456,193585.2288,-123424.3584,-193585.2288,123424.3584,347050,752a44163a343e7f
50,2i,74,21,9514800000,9515000000,200000,-173277,173287,444966,917,29,-372299.436736,237466.434048,371084.975808,-236758.162944,236094.010112,-150658.799616,-236271.082112,150771.695616,445883,752a44163a343e7f
50,2i,74,22,9514800000,9515000000,200000,-163487,163553,551100,3500,274,-458978.03904,292865.69472,454934.997504,-290529.334272,277390.059904,-177135.977472,-278177.044608,177587.641344,554600,752a44163a343e7f
50,2i,74,23,9514800000,9515000000,200000,-151372,151644,671394,9281,504,-556597.489472,355554.756096,543907.649472,-347805.636096,320735.91392,-205216.06656,-323410.532032,206764.210176,680675,752a44163a343e7f
50,2i,74,24,9514800000,9515000000,200000,-136482,137266,789550,24188,1798,-651714.946176,416450.515968,619000.982912,-395105.750016,344619.445504,-219919.798272,-353521.86496,225431.77728,813738,752a44163a343e7f
50,2i,74,25,9514800000,9515000000,200000,-118929,121101,906275,56675,4575,-750259.472,478116.096,678168.6048,-431469.9264,367121.32,-233069.76,-390017.0352,248293.5936,962950,752a44163a343e7f
50,2i,74,26,9514800000,9515000000,200000,-97964,103282,987648,118994,7352,-839924.516992,536880.147456,685612.369792,-437506.937856,343475.019648,-220544.984064,-394637.977728,253224.213504,1106642,752a44163a343e7f
50,2i,74,27,9514800000,9515000000,200000,-74566,86392,1016308,219901,11153,-913420.657728,583026.453504,621161.19072,-396011.68896,294080.94432,-185508.53376,-410123.78208,260539.26144,1236209,752a44163a343e7f
50,2i,74,28,9514800000,9515000000,200000,-48285,71593,990788,367284,16108,-976372.977088378698225,620060.05109850887574,484998.875584378698225,-305767.64482650887574,194777.275072378698225,-123242.29801050887574,-409301.867200378698225,259570.69071450887574,1358072,752a44163a343e7f
50,2i,74,29,9514800000,9515000000,200000,-20003,62087,871179,559280,19272,-1006279.15457249704142,641342.266858792899408,244625.914234319526627,-152648.591602366863905,44840.468544,-27392.404992,-409778.458176,261981.331968,1430459,752a44163a343e7f
50,2i,74,30,9514800000,9515000000,200000,9058,60362,688650,760780,20620,-1015125.60613869822485,646548.066188875739645,-52499.8410186982248521,33670.918028875739645,-126782.958458698224852,81760.343948875739645,-439953.113978698224852,281246.439308875739645,1449430,752a44163a343e7f
50,2i,74,31,9514800000,9515000000,200000,37938,66556,489763,927371,19559,-1005980.480256,638480.913408,-331955.109632,209673.086976,-293883.450624,186037.266432,-482495.080192,305641.645056,1417134,752a44163a343e7f
50,2i,74,32,9514800000,9515000000,200000,65404,79482,305054,1032804,14874,-973768.879232,618579.019776,-557632.79424,355544.24832,-423652.958464,269391.639552,-522127.351552,330987.457536,1337858,752a44163a343e7f
50,2i,74,33,9514800000,9515000000,200000,90901,96933,165739,1061477,9852,-925431.669888,587767.440384,-700260.689664,446848.561152,-514502.28672,328602.21696,-559136.879616,356595.429888,1227216,752a44163a343e7f
50,2i,74,34,9514800000,9515000000,200000,113596,115748,78056,1011142,5470,-850309.617792,538967.801856,-744432.30912,472866.14016,-543749.131776,344360.736768,-560357.254656,354475.972608,1089198,752a44163a343e7f
50,2i,74,35,9514800000,9515000000,200000,133444,134084,30045,912405,2180,-757405.67616,482342.13888,-716172.03072,457088.80896,-534180.93408,340777.59744,-539084.31072,343903.84896,942450,752a44163a343e7f
50,2i,74,36,9514800000,9515000000,200000,149962,150124,9542,776584,668,-645792.439936,410893.851648,-632615.7792,402652.1856,-479670.676096,305330.070528,-481079.232896,306068.732928,786126,752a44163a343e7f
50,2i,74,37,9514800000,9515000000,200000,163639,163667,2661,644438,174,-540018.221632,343376.702976,-536032.528832,341256.792576,-419631.227776,267039.264768,-419894.306176,267206.995968,647099,752a44163a343e7f
50,2i,74,38,9514800000,9515000000,200000,174489,174489,532,514368,76,-432456.87424,275061.68832,-431687.87584,274571.39712,-345690.701056,219796.727808,-345690.701056,219796.727808,514900,752a44163a343e7f
50,2i,74,39,9514800000,9515000000,200000,183039,183039,0,402695,0,-339121.629248,216024.036864,-339121.629248,216024.036864,-280740.440448,178814.398464,-280740.440448,178814.398464,402695,752a44163a343e7f
50,2i,74,40,9514800000,9515000000,200000,189334,189334,0,295270,0,-248949.136,158677.248,-248949.136,158677.248,-212295.232,135307.776,-212295.232,135307.776,295270,752a44163a343e7f
50,2i,74,41,9514800000,9515000000,200000,193681,193681,0,204462,0,-172402.3584,109918.7712,-172402.3584,109918.7712,-150281.0064,95814.8352,-150281.0064,95814.8352,204462,752a44163a343e7f
50,2i,74,42,9514800000,9515000000,200000,196596,196596,0,136302,0,-114929.8464,73275.9552,-114929.8464,73275.9552,-103232.976,65818.368,-103232.976,65818.368,136302,752a44163a343e7f
50,2i,74,43,9514800000,9515000000,200000,198330,198330,0,81156,0,-68430.7392,43629.4656,-68430.7392,43629.4656,-62870.6784,40084.5312,-62870.6784,40084.5312,81156,752a44163a343e7f
50,2i,74,44,9514800000,9515000000,200000,199272,199272,0,44298,0,-37352.0736,23814.6048,-37352.0736,23814.6048,-34948.9536,22282.4448,-34948.9536,22282.4448,44298,752a44163a343e7f
50,2i,74,45,9514800000,9515000000,200000,199747,199747,0,22395,0,-18883.464,12039.552,-18883.464,12039.552,-18023.4,11491.2,-18023.4,11491.2,22395,752a44163a343e7f
50,2i,74,46,9514800000,9515000000,200000,199951,199951,0,9580,0,-8077.856,5150.208,-8077.856,5150.208,-7912.5888,5044.8384,-7912.5888,5044.8384,9580,752a44163a343e7f
50,2i,74,47,9514800000,9515000000,200000,200000,200000,0,2303,0,-1941.8896,1238.0928,-1941.8896,1238.0928,-1941.8896,1238.0928,-1941.8896,1238.0928,2303,752a44163a343e7f
50,2i,74,48,9514800000,9515000000,200000,200000,200000,0,0,0,0,0,0,0,0,0,0,0,0,752a44163a343e7f
50,2i,74,49,9514800000,9515000000,200000,200000,200000,0,0,0,0,0,0,0,0,0,0,0,0,752a44163a343e7f
50,2i,74,50,9514800000,9515000000,200000,200000,200000,0,0,0,0,0,0,0,0,0,0,0,0,752a44163a343e7f
50,2i,75,0,9515000000,9515200000,200000,-200000,200000,0,0,0,0,0,0,0,0,0,0,0,0,d414551653063426
50,2i,75,1,9515000000,9515200000,200000,-200000,200000,0,0,0,0,0,0,0,0,0,0,0,0,d414551653063426
50,2i,75,2,9515000000,9515200000,200000,-200000,200000,0,0,0,0,0,0,0,0,0,0,0,0,d414551653063426
50,2i,75,3,9515000000,9515200000,200000,-200000,200000,0,0,0,0,0,0,0,0,0,0,0,0,d414551653063426
50,2i,75,4,9515000000,9515200000,200000,-200000,200000,0,0,0,0,0,0,0,0,0,0,0,0,d414551653063426
50,2i,75,5,9515000000,9515200000,200000,-200000,200000,0,0,0,0,0,0,0,0,0,0,0,0,d414551653063426
50,2i,75,6,9515000000,9515200000,200000,-200000,200000,0,0,0,0,0,0,0,0,0,0,0,0,d414551653063426
50,2i,75,7,9515000000,9515200000,200000,-200000,200000,43,0,0,-36.2576,23.1168,36.2576,-23.1168,36.2576,-23.1168,-36.2576,23.1168,43,d414551653063426
50,2i,75,8,9515000000,9515200000,200000,-199999,199999,596,0,0,-502.5472,320.4096,502.5472,-320.4096,495.8016,-316.1088,-495.8016,316.1088,596,d414551653063426
50,2i,75,9,9515000000,9515200000,200000,-199985,199985,1479,0,0,-1247.0928,795.1104,1247.0928,-795.1104,1140.8496,-727.3728,-1140.8496,727.3728,1479,d414551653063426
50,2i,75,10,9515000000,9515200000,200000,-199952,199952,3370,0,0,-2841.584,1811.712,2841.584,-1811.712,2563.328,-1634.304,-2563.328,1634.304,3370,d414551653063426
50,2i,75,11,9515000000,9515200000,200000,-199876,199876,7466,0,0,-6295.3312,4013.7216,6295.3312,-4013.7216,5590.416,-3564.288,-5590.416,3564.288,7466,d414551653063426
50,2i,75,12,9515000000,9515200000,200000,-199706,199706,14466,0,0,-12197.7312,7776.9216,12197.7312,-7776.9216,10477.6032,-6680.2176,-10477.6032,6680.2176,14466,d414551653063426
50,2i,75,13,9515000000,9515200000,200000,-199379,199379,25526,0,0,-21523.5232,13722.7776,21523.5232,-13722.7776,17939.08,-11437.44,-17939.08,11437.44,25526,d414551653063426
50,2i,75,14,9515000000,9515200000,200000,-198804,198804,41170,0,0,-34714.544,22132.992,34714.544,-22132.992,27926.784,-17805.312,-27926.784,17805.312,41170,d414551653063426
50,2i,75,15,9515000000,9515200000,200000,-197884,197884,63920,0,0,-53897.344,34363.392,53897.344,-34363.392,42261.184,-26944.512,-42261.184,26944.512,63920,d414551653063426
50,2i,75,16,9515000000,9515200000,200000,-196452,196452,97542,0,0,-82138.927744,52446.830592,82138.927744,-52446.830592,62819.529344,-40129.339392,-62819.529344,40129.339392,97542,d414551653063426
50,2i,75,17,9515000000,9515200000,200000,-194257,194257,138196,0,0,-116401.390336,74252.878848,116401.390336,-74252.878848,84991.625664,-54188.209152,-84991.625664,54188.209152,138196,d414551653063426
50,2i,75,18,9515000000,9515200000,200000,-191200,191200,191698,32,0,-161405.648768,103016.884224,161351.683968,-102982.477824,115019.597824,-73442.476032,-115019.597824,73442.476032,191730,d414551653063426
50,2i,75,19,9515000000,9515200000,200000,-186928,186930,261476,19,0,-219845.68224,140408.63232,219813.64064,-140388.20352,151520.754432,-96781.733376,-151552.796032,96802.162176,261495,d414551653063426
50,2i,75,20,9515000000,9515200000,200000,-181111,181113,343530,300,0,-288568.82752,184267.79136,288158.63104,-183937.95072,190598.06784,-121656.45312,-190598.06784,121656.45312,343830,d414551653063426
50,2i,75,21,9515000000,9515200000,200000,-173528,173550,444277,993,145,-370954.855808,237290.002944,369716.993408,-236452.959744,236773.708352,-151596.519936,-237060.845888,151827.408384,445270,d414551653063426
50,2i,75,22,9515000000,9515200000,200000,-163665,163741,551132,2638,166,-456728.201088,292462.761984,453610.896256,-289965.201408,275078.580736,-175892.226048,-275799.820288,176352.067584,553770,d414551653063426
50,2i,75,23,9515000000,9515200000,200000,-151637,151859,671838,9536,640,-555521.63968,355151.17824,543170.143488,-346857.245184,322108.164352,-205495.527936,-324076.360832,207169.368576,681374,d414551653063426
50,2i,75,24,9515000000,9515200000,200000,-136647,137451,799066,25210,1464,-658990.392064,422170.724352,625502.31808,-401115.70944,350438.432896,-225294.332928,-359668.03264,231178.85952,824276,d414551653063426
50,2i,75,25,9515000000,9515200000,200000,-118781,120987,908150,56500,3225,-751040.2336,482769.4848,678990.0288,-435750.7584,361955.064,-232508.352,-385280.52,247095.36,964650,d414551653063426
50,2i,75,26,9515000000,9515200000,200000,-98061,103385,987522,116086,6090,-834532.658176,537966.931968,687008.635904,-439975.145472,346871.273984,-222712.614912,-397545.012736,256441.602048,1103608,d414551653063426
50,2i,75,27,9515000000,9515200000,200000,-74524,86144,1022762,219086,11008,-910990.746624,586829.394432,627410.296576,-400684.743168,295988.07584,-188084.99712,-404944.6448,260380.6464,1241848,d414551653063426
50,2i,75,28,9515000000,9515200000,200000,-48161,71441,986764,372438,16314,-967884.744064,623138.660352,476915.162496,-302441.545728,189452.456576,-120511.623168,-402038.050944,259110.408192,1359202,d414551653063426
50,2i,75,29,9515000000,9515200000,200000,-19932,62230,866784,559198,20129,-994960.418816,640935.295488,238094.575232,-148622.347776,43201.125504,-24554.038272,-410161.835904,264592.745472,1425982,d414551653063426
50,2i,75,30,9515000000,9515200000,200000,8989,60303,687820,756010,22340,-1006745.51744,643932.62592,-46805.43168,33041.03424,-122364.3104,81283.5072,-434643.02272,279108.26496,1443830,d414551653063426
50,2i,75,31,9515000000,9515200000,200000,37799,66603,487757,925250,19222,-1000118.093376,635511.725568,-325583.06656,208895.08608,-289569.79104,185356.83072,-480072.81376,305345.09568,1413007,d414551653063426
50,2i,75,32,9515000000,9515200000,200000,65162,79350,308142,1028922,13950,-973818.917632,618620.030976,-550770.327296,352357.552128,-417159.138816,265768.255488,-519360.532992,329945.235456,1337064,d414551653063426
50,2i,75,33,9515000000,9515200000,200000,90798,96732,168678,1066406,9543,-933089.3984,594077.4912,-701482.428672,449569.821696,-516944.901824,330567.148032,-561182.648896,357417.020928,1235084,d414551653063426
50,2i,75,34,9515000000,9515200000,200000,113686,115798,77102,1016066,6112,-852254.360064,542088.548352,-747812.51456,478245.55008,-548461.100672,350591.517696,-564427.452032,360734.770176,1093168,d414551653063426
50,2i,75,35,9515000000,9515200000,200000,133372,133968,29905,908645,2945,-754482.56704,478901.59872,-714933.66976,454039.30368,-530540.03776,336640.32768,-535162.54144,339314.25792,938550,d414551653063426
50,2i,75,36,9515000000,9515200000,200000,150008,150154,8954,782218,824,-650232.276224,413383.007232,-638026.157568,406320.282624,-483900.334208,308060.934144,-485012.444032,308706.226176,791172,d414551653063426
50,2i,75,37,9515000000,9515200000,200000,163742,163766,2387,648667,396,-543449.34976,345385.54368,-540334.816768,343568.308224,-421904.780608,268109.689344,-422080.166208,268221.510144,651054,d414551653063426
50,2i,75,38,9515000000,9515200000,200000,174734,174738,404,518272,76,-435709.516032,277379.122176,-435156.376832,277026.456576,-350455.545856,223050.974208,-350496.019456,223076.779008,518676,d414551653063426
50,2i,75,39,9515000000,9515200000,200000,183149,183149,78,395845,0,-333280.843072,212376.400896,-333149.303872,212292.535296,-276110.782272,175951.466496,-276110.782272,175951.466496,395923,d414551653063426
50,2i,75,40,9515000000,9515200000,200000,189307,189307,0,290460,0,-244870.816,156031.488,-244870.816,156031.488,-207651.968,132301.824,-207651.968,132301.824,290460,d414551653063426
50,2i,75,41,9515000000,9515200000,200000,193721,193721,0,206174,0,-173845.9168,110839.1424,-173845.9168,110839.1424,-152597.2768,97291.6224,-152597.2768,97291.6224,206174,d414551653063426
50,2i,75,42,9515000000,9515200000,200000,196521,196521,0,131536,0,-110911.1552,70713.7536,-110911.1552,70713.7536,-99160.32,63221.76,-99160.32,63221.76,131536,d414551653063426
50,2i,75,43,9515000000,9515200000,200000,198263,198263,0,81906,0,-69063.1392,44032.6656,-69063.1392,44032.6656,-63160.7392,40269.4656,-63160.7392,40269.4656,81906,d414551653063426
50,2i,75,44,9515000000,9515200000,200000,199263,199263,0,47066,0,-39686.0512,25302.6816,-39686.0512,25302.6816,-37100.8,23654.4,-37100.8,23654.4,47066,d414551653063426
50,2i,75,45,9515000000,9515200000,200000,199774,199774,0,23860,0,-20118.752,12827.136,-20118.752,12827.136,-19389.384,12362.112,-19389.384,12362.112,23860,d414551653063426
50,2i,75,46,9515000000,9515200000,200000,199947,199947,0,8170,0,-6888.944,4392.192,-6888.944,4392.192,-6710.1856,4278.2208,-6710.1856,4278.2208,8170,d414551653063426
50,2i,75,47,9515000000,9515200000,200000,200000,200000,0,2491,0,-2100.4112,1339.1616,-2100.4112,1339.1616,-2100.4112,1339.1616,-2100.4112,1339.1616,2491,d414551653063426
50,2i,75,48,9515000000,9515200000,200000,200000,200000,0,0,0,0,0,0,0,0,0,0,0,0,d414551653063426
50,2i,75,49,9515000000,9515200000,200000,200000,200000,0,0,0,0,0,0,0,0,0,0,0,0,d414551653063426
50,2i,75,50,9515000000,9515200000,200000,200000,200000,0,0,0,0,0,0,0,0,0,0,0,0,d414551653063426
50,2i,76,0,9515200000,9515400000,200000,-200000,200000,0,0,0,0,0,0,0,0,0,0,0,0,c370b510673933a6
50,2i,76,1,9515200000,9515400000,200000,-200000,200000,0,0,0,0,0,0,0,0,0,0,0,0,c370b510673933a6
50,2i,76,2,9515200000,9515400000,200000,-200000,200000,0,0,0,0,0,0,0,0,0,0,0,0,c370b510673933a6
50,2i,76,3,9515200000,9515400000,200000,-200000,200000,0,0,0,0,0,0,0,0,0,0,0,0,c370b510673933a6
50,2i,76,4,9515200000,9515400000,200000,-200000,200000,0,0,0,0,0,0,0,0,0,0,0,0,c370b510673933a6
50,2i,76,5,9515200000,9515400000,200000,-200000,200000,0,0,0,0,0,0,0,0,0,0,0,0,c370b510673933a6
50,2i,76,6,9515200000,9515400000,200000,-200000,200000,88,0,0,-74.2016,47.3088,74.2016,-47.3088,74.2016,-47.3088,-74.2016,47.3088,88,c370b510673933a6
50,2i,76,7,9515200000,9515400000,200000,-199998,199998,143,0,0,-120.5776,76.8768,120.5776,-76.8768,108.7728,-69.3504,-108.7728,69.3504,143,c370b510673933a6
50,2i,76,8,9515200000,9515400000,200000,-199995,199995,906,0,0,-763.9392,487.0656,763.9392,-487.0656,743.7024,-474.1632,-743.7024,474.1632,906,c370b510673933a6
50,2i,76,9,9515200000,9515400000,200000,-199974,199974,1378,0,0,-1161.9296,740.8128,1161.9296,-740.8128,1002.5648,-639.2064,-1002.5648,639.2064,1378,c370b510673933a6
50,2i,76,10,9515200000,9515400000,200000,-199945,199945,3130,0,0,-2639.216,1682.688,2639.216,-1682.688,2394.688,-1526.784,-2394.688,1526.784,3130,c370b510673933a6
50,2i,76,11,9515200000,9515400000,200000,-199874,199874,8035,0,0,-6775.112,4319.616,6775.112,-4319.616,6116.5728,-3899.7504,-6116.5728,3899.7504,8035,c370b510673933a6
50,2i,76,12,9515200000,9515400000,200000,-199688,199688,15684,0,0,-13224.7488,8431.7184,13224.7488,-8431.7184,11342.7264,-7231.7952,-11342.7264,7231.7952,15684,c370b510673933a6
50,2i,76,13,9515200000,9515400000,200000,-199334,199334,25470,0,0,-21476.304,13692.672,21476.304,-13692.672,17595.8976,-11218.6368,-17595.8976,11218.6368,25470,c370b510673933a6
50,2i,76,14,9515200000,9515400000,200000,-198770,198770,40404,0,0,-34068.6528,21721.1904,34068.6528,-21721.1904,27410.7456,-17476.3008,-27410.7456,17476.3008,40404,c370b510673933a6
50,2i,76,15,9515200000,9515400000,200000,-197867,197867,65520,0,0,-55246.464,35223.552,55246.464,-35223.552,43825.32,-27941.76,-43825.32,27941.76,65520,c370b510673933a6
50,2i,76,16,9515200000,9515400000,200000,-196382,196382,98152,0,0,-82761.7664,52766.5152,82761.7664,-52766.5152,62727.3344,-39993.1392,-62727.3344,39993.1392,98152,c370b510673933a6
50,2i,76,17,9515200000,9515400000,200000,-194194,194194,138968,0,0,-117072.521728,74717.205504,117072.521728,-74717.205504,85708.854528,-54720.635904,-85708.854528,54720.635904,138968,c370b510673933a6
50,2i,76,18,9515200000,9515400000,200000,-191110,191110,191512,0,0,-161236.281856,102877.022208,161236.281856,-102877.022208,114485.997568,-73029.402624,-114485.997568,73029.402624,191512,c370b510673933a6
50,2i,76,19,9515200000,9515400000,200000,-186860,186860,259992,31,0,-218938.3056,139610.3808,218886.0272,-139577.0496,150936.105344,-96232.507392,-150936.105344,96232.507392,260023,c370b510673933a6
50,2i,76,20,9515200000,9515400000,200000,-181077,181079,341270,140,0,-286570.51328,182948.18304,286334.41728,-182797.65504,189057.4688,-120776.6784,-189091.1968,120798.1824,341410,c370b510673933a6
50,2i,76,21,9515200000,9515400000,200000,-173552,173562,445563,867,29,-372364.553984,238335.654912,371043.88352,-237427.59936,239281.356992,-153285.267456,-239423.014592,153375.584256,446430,c370b510673933a6
50,2i,76,22,9515200000,9515400000,200000,-163607,163671,559236,3422,218,-465668.292736,297504.642048,460881.867392,-294530.374656,281250.348032,-179387.698176,-282144.771584,180008.051712,562658,c370b510673933a6
50,2i,76,23,9515200000,9515400000,200000,-151326,151592,673692,9613,782,-556891.75392,355453.18656,544601.86784,-347414.85312,317753.886016,-202858.265088,-320950.887488,204791.837184,683305,c370b510673933a6
50,2i,76,24,9515200000,9515400000,200000,-136480,137286,794112,24186,1644,-654393.8848,417668.9664,623114.624896,-397867.388928,350844.184576,-223877.127168,-358926.748672,229303.581696,818298,c370b510673933a6
50,2i,76,25,9515200000,9515400000,200000,-118711,120879,905850,55650,3475,-751469.0656,481762.0608,679983.296,-435160.128,363337.8976,-233674.6368,-385642.4128,247496.8704,961500,c370b510673933a6
50,2i,76,26,9515200000,9515400000,200000,-98020,103278,980844,117642,6530,-835591.018624,535519.890432,683052.809856,-435528.926208,344277.900544,-218269.780992,-395426.40512,252360.66816,1098486,c370b510673933a6
50,2i,76,27,9515200000,9515400000,200000,-74665,86379,1009248,222442,11685,-908897.637632,579692.990976,613479.263104,-389404.995072,288073.069824,-182750.572032,-402136.48704,256888.15872,1231690,c370b510673933a6
50,2i,76,28,9515200000,9515400000,200000,-48530,72008,977824,371958,16216,-968616.03904,617249.69472,466476.084608,-296562.361344,187028.531456,-118599.595008,-407808.479488,260000.093184,1349782,c370b510673933a6
50,2i,76,29,9515200000,9515400000,200000,-20439,62759,869408,559943,19457,-1004087.096256,640446.801408,240115.602624,-151675.602432,44607.860736,-28363.266048,-415491.505536,264695.912448,1429351,c370b510673933a6
50,2i,76,30,9515200000,9515400000,200000,8833,60795,698140,759600,22530,-1015542.3872,648869.5296,-40980.4224,28291.1232,-122138.45696,79352.03328,-439415.6128,281274.4704,1457740,c370b510673933a6
50,2i,76,31,9515200000,9515400000,200000,37812,66814,497525,924217,20112,-1005780.8608,642559.3344,-319913.442048,204580.107264,-286556.859776,182814.240768,-480644.686976,307813.690368,1421742,c370b510673933a6
50,2i,76,32,9515200000,9515400000,200000,65359,79451,310812,1027964,15150,-974226.711552,621903.937536,-549751.636224,350059.487232,-421514.53248,269560.68864,-519104.846208,330879.750144,1338776,c370b510673933a6
50,2i,76,33,9515200000,9515400000,200000,90763,96827,165833,1062513,10080,-925008.228736,587956.290048,-701568.059648,447111.704064,-512483.424704,326349.583872,-557008.018624,354775.890432,1228346,c370b510673933a6
50,2i,76,34,9515200000,9515400000,200000,113705,115843,78358,1016646,5394,-852928.909056,542602.871808,-748140.552448,475934.014464,-549215.260672,349034.397696,-564954.42944,358850.64192,1095004,c370b510673933a6
50,2i,76,35,9515200000,9515400000,200000,133391,134077,29310,910755,2490,-755373.1952,481672.4736,-715754.03616,456890.61888,-529951.76128,338121.04704,-535141.48864,341429.86752,940065,c370b510673933a6
50,2i,76,36,9515200000,9515400000,200000,150128,150294,10312,782326,782,-651630.968192,415370.029056,-637843.186304,406674.972672,-486574.559616,310437.669888,-487906.99584,311191.55712,792638,c370b510673933a6
50,2i,76,37,9515200000,9515400000,200000,163707,163737,2672,643609,272,-538630.988736,342563.970048,-534883.038144,340456.737792,-416126.96416,264777.72288,-416353.47616,264892.53888,646281,c370b510673933a6
50,2i,76,38,9515200000,9515400000,200000,174773,174779,492,519436,38,-436272.921856,277608.542208,-435550.099456,277234.219008,-352249.50208,224108.22144,-352310.21248,224146.92864,519928,c370b510673933a6
50,2i,76,39,9515200000,9515400000,200000,183058,183058,117,392188,0,-330230.145472,210431.364096,-330032.836672,210305.565696,-271802.873472,173204.868096,-271802.873472,173204.868096,392305,c370b510673933a6
50,2i,76,40,9515200000,9515400000,200000,189348,189348,0,295430,0,-249061.52,158703.36,-249061.52,158703.36,-212104.064,135140.352,-212104.064,135140.352,295430,c370b510673933a6
50,2i,76,41,9515200000,9515400000,200000,193731,193731,0,204516,0,-172447.8912,109947.8016,-172447.8912,109947.8016,-151525.5696,96608.3328,-151525.5696,96608.3328,204516,c370b510673933a6
50,2i,76,42,9515200000,9515400000,200000,196488,196488,0,130554,0,-110083.1328,70185.8304,-110083.1328,70185.8304,-97637.5008,62250.8544,-97637.5008,62250.8544,130554,c370b510673933a6
50,2i,76,43,9515200000,9515400000,200000,198333,198333,0,86153,0,-72644.2096,46315.8528,-72644.2096,46315.8528,-66895.272,42650.496,-66895.272,42650.496,86153,c370b510673933a6
50,2i,76,44,9515200000,9515400000,200000,199307,199307,0,45700,0,-38534.24,24568.32,-38534.24,24568.32,-36136.1792,23039.3856,-36136.1792,23039.3856,45700,c370b510673933a6
50,2i,76,45,9515200000,9515400000,200000,199781,199781,0,22215,0,-18731.688,11942.784,-18731.688,11942.784,-17985.456,11467.008,-17985.456,11467.008,22215,c370b510673933a6
50,2i,76,46,9515200000,9515400000,200000,199958,199958,0,8310,0,-7006.992,4467.456,-7006.992,4467.456,-6865.3344,4377.1392,-6865.3344,4377.1392,8310,c370b510673933a6
50,2i,76,47,9515200000,9515400000,200000,200000,200000,0,1974,0,-1664.4768,1061.2224,-1664.4768,1061.2224,-1664.4768,1061.2224,-1664.4768,1061.2224,1974,c370b510673933a6
50,2i,76,48,9515200000,9515400000,200000,200000,200000,0,0,0,0,0,0,0,0,0,0,0,0,c370b510673933a6
50,2i,76,49,9515200000,9515400000,200000,200000,200000,0,0,0,0,0,0,0,0,0,0,0,0,c370b510673933a6
50,2i,76,50,9515200000,9515400000,200000,200000,200000,0,0,0,0,0,0,0,0,0,0,0,0,c370b510673933a6
50,2i,77,0,9515400000,9515600000,200000,-200000,200000,0,0,0,0,0,0,0,0,0,0,0,0,d2f2de81b64ab6e4
50,2i,77,1,9515400000,9515600000,200000,-200000,200000,0,0,0,0,0,0,0,0,0,0,0,0,d2f2de81b64ab6e4
50,2i,77,2,9515400000,9515600000,200000,-200000,200000,0,0,0,0,0,0,0,0,0,0,0,0,d2f2de81b64ab6e4
50,2i,77,3,9515400000,9515600000,200000,-200000,200000,0,0,0,0,0,0,0,0,0,0,0,0,d2f2de81b64ab6e4
50,2i,77,4,9515400000,9515600000,200000,-200000,200000,0,0,0,0,0,0,0,0,0,0,0,0,d2f2de81b64ab6e4
50,2i,77,5,9515400000,9515600000,200000,-200000,200000,0,0,0,0,0,0,0,0,0,0,0,0,d2f2de81b64ab6e4
50,2i,77,6,9515400000,9515600000,200000,-200000,200000,0,0,0,0,0,0,0,0,0,0,0,0,d2f2de81b64ab6e4
50,2i,77,7,9515400000,9515600000,200000,-200000,200000,172,0,0,-145.0304,92.4672,145.0304,-92.4672,145.0304,-92.4672,-145.0304,92.4672,172,d2f2de81b64ab6e4
50,2i,77,8,9515400000,9515600000,200000,-199996,199996,830,0,0,-699.856,446.208,699.856,-446.208,672.8736,-429.0048,-672.8736,429.0048,830,d2f2de81b64ab6e4
50,2i,77,9,9515400000,9515600000,200000,-199977,199977,1770,0,0,-1492.464,951.552,1492.464,-951.552,1348.2768,-859.6224,-1348.2768,859.6224,1770,d2f2de81b64ab6e4
50,2i,77,10,9515400000,9515600000,200000,-199938,199938,4350,0,0,-3667.92,2338.56,3667.92,-2338.56,3339.072,-2128.896,-3339.072,2128.896,4350,d2f2de81b64ab6e4
50,2i,77,11,9515400000,9515600000,200000,-199839,199839,7602,0,0,-6410.0064,4086.8352,6410.0064,-4086.8352,5491.7616,-3501.3888,-5491.7616,3501.3888,7602,d2f2de81b64ab6e4
50,2i,77,12,9515400000,9515600000,200000,-199672,199672,15038,0,0,-12680.0416,8084.4288,12680.0416,-8084.4288,10990.2688,-7007.0784,-10990.2688,7007.0784,15038,d2f2de81b64ab6e4
50,2i,77,13,9515400000,9515600000,200000,-199329,199329,25142,0,0,-21199.7344,13516.3392,21199.7344,-13516.3392,17439.9056,-11119.1808,-17439.9056,11119.1808,25142,d2f2de81b64ab6e4
50,2i,77,14,9515400000,9515600000,200000,-198770,198770,43322,0,0,-36529.1104,23289.9072,36529.1104,-23289.9072,29930.2272,-19082.6496,-29930.2272,19082.6496,43322,d2f2de81b64ab6e4
50,2i,77,15,9515400000,9515600000,200000,-197784,197784,66100,0,0,-55735.52,35535.36,55735.52,-35535.36,43264.592,-27584.256,-43264.592,27584.256,66100,d2f2de81b64ab6e4
50,2i,77,16,9515400000,9515600000,200000,-196318,196318,96590,0,0,-81444.688,51926.784,81444.688,-51926.784,61666.5888,-39316.8384,-61666.5888,39316.8384,96590,d2f2de81b64ab6e4
50,2i,77,17,9515400000,9515600000,200000,-194167,194167,137580,0,0,-115988.8704,73913.5872,115988.8704,-73913.5872,85155.576,-54255.168,-85155.576,54255.168,137580,d2f2de81b64ab6e4
50,2i,77,18,9515400000,9515600000,200000,-191106,191106,194074,0,0,-163392.804224,104226.911232,163392.804224,-104226.911232,116944.308224,-74633.183232,-116944.308224,74633.183232,194074,d2f2de81b64ab6e4
50,2i,77,19,9515400000,9515600000,200000,-186763,186763,265386,0,0,-223232.246144,142510.881792,223232.246144,-142510.881792,153796.563136,-98197.429248,-153796.563136,98197.429248,265386,d2f2de81b64ab6e4
50,2i,77,20,9515400000,9515600000,200000,-180864,180864,350120,210,30,-293862.94592,187586.24256,293593.18592,-187482.56256,194504.4768,-124181.2224,-194504.4768,124181.2224,350330,d2f2de81b64ab6e4
50,2i,77,21,9515400000,9515600000,200000,-173119,173133,446611,1046,21,-372729.47424,238298.48832,371242.299712,-237332.092416,235738.337216,-150852.146688,-235927.169216,150924.722688,447657,d2f2de81b64ab6e4
50,2i,77,22,9515400000,9515600000,200000,-163291,163367,553662,3230,196,-459724.115456,293883.307008,455860.50432,-291178.61376,278392.229248,-177724.836864,-279377.178752,178402.907136,556892,d2f2de81b64ab6e4
50,2i,77,23,9515400000,9515600000,200000,-151124,151382,672110,9302,620,-556464.030208,355688.262144,544819.453952,-348352.820736,320375.570624,-204921.426432,-322740.185536,206586.152448,681412,d2f2de81b64ab6e4
50,2i,77,24,9515400000,9515600000,200000,-136251,137043,791140,24582,1760,-652595.373952,418635.380736,621565.35104,-398714.91072,347126.710272,-223262.570496,-355375.5648,228303.2064,815722,d2f2de81b64ab6e4
50,2i,77,25,9515400000,9515600000,200000,-118606,120796,900575,58350,3650,-747950.072,479176.896,672295.9728,-430998.9504,361429.0592,-230835.2256,-383334.0288,245142.7584,958925,d2f2de81b64ab6e4
50,2i,77,26,9515400000,9515600000,200000,-97894,103354,986802,118734,6236,-839542.21824,536609.08032,684420.306688,-438231.542784,346754.909312,-222299.145216,-402654.004096,257524.374528,1105536,d2f2de81b64ab6e4
50,2i,77,27,9515400000,9515600000,200000,-74268,86080,1015002,220555,10154,-911589.0672,583823.7696,620725.64512,-394048.98816,288802.007936,-183512.475648,-400427.6768,254558.8224,1235557,d2f2de81b64ab6e4
50,2i,77,28,9515400000,9515600000,200000,-48283,71817,978502,370402,15088,-969688.09728,621127.89504,473999.084288,-296766.019584,193211.237248,-120025.380864,-411413.719424,264564.344832,1348904,d2f2de81b64ab6e4
50,2i,77,29,9515400000,9515600000,200000,-20041,62329,870632,555832,19932,-1005431.1717165443787,643065.641790106508876,246186.201220544378698,-154589.152062106508876,44417.0242605443786982,-26828.1587821065088757,-410194.723972544378698,263867.451198106508876,1426464,d2f2de81b64ab6e4
50,2i,77,30,9515400000,9515600000,200000,8885,60441,688430,756930,21880,-1012444.64586224852071,645422.372597396449704,-50848.361323550295858,31989.7752085207100592,-124972.5856,80521.4208,-437123.51552,278674.57536,1445360,d2f2de81b64ab6e4
50,2i,77,31,9515400000,9515600000,200000,37764,66698,491374,927743,19641,-1005522.19170499408284,638891.107797585798817,-329270.85205699408284,209636.363733585798817,-292218.90306499408284,185558.840277585798817,-484636.30133699408284,307676.194773585798817,1419117,d2f2de81b64ab6e4
50,2i,77,32,9515400000,9515600000,200000,65336,79456,310302,1031920,16058,-974612.51904,620690.33472,-551154.984064,352554.980352,-420149.32736,267961.62048,-519535.45472,330425.64096,1342222,d2f2de81b64ab6e4
50,2i,77,33,9515400000,9515600000,200000,90887,96865,167289,1060553,11231,-925544.510208,589840.902144,-700197.510144,448012.833792,-515672.94432,329964.53376,-558812.044224,357275.231232,1227842,d2f2de81b64ab6e4
50,2i,77,34,9515400000,9515600000,200000,113514,115616,77556,1004210,6436,-843246.721408,536402.463744,-741523.451776,472334.496768,-543534.496896,345890.684928,-558979.56672,355337.25696,1081766,d2f2de81b64ab6e4
50,2i,77,35,9515400000,9515600000,200000,133042,133686,28995,905810,3045,-749740.02272,477204.26496,-711483.3968,454167.7824,-525232.352,335151.936,-529702.88768,337524.04224,934805,d2f2de81b64ab6e4
50,2i,77,36,9515400000,9515600000,200000,149797,149977,9346,786726,1106,-653243.41888,415011.36384,-641113.506048,408648.459264,-486845.502208,310100.358144,-488246.129408,310770.207744,796072,d2f2de81b64ab6e4
50,2i,77,37,9515400000,9515600000,200000,163575,163613,2835,649145,259,-543081.151104,344621.379072,-539028.722304,342627.420672,-421710.894848,267859.697664,-422061.666048,268083.339264,651980,d2f2de81b64ab6e4
50,2i,77,38,9515400000,9515600000,200000,174513,174519,644,515572,0,-433446.900224,275401.439232,-432399.148032,274706.098176,-348327.93856,221118.38208,-348350.359552,221160.001536,516216,d2f2de81b64ab6e4
50,2i,77,39,9515400000,9515600000,200000,182894,182894,117,395877,0,-333198.720384,212425.370112,-333125.85216,212290.10688,-274897.593984,175222.374912,-274897.593984,175222.374912,395994,d2f2de81b64ab6e4
50,2i,77,40,9515400000,9515600000,200000,189179,189179,0,294980,0,-248612.63232,158451.31776,-248612.63232,158451.31776,-211871.60832,135037.68576,-211871.60832,135037.68576,294980,d2f2de81b64ab6e4
50,2i,77,41,9515400000,9515600000,200000,193537,193537,0,205444,0,-173207.2896,110385.2928,-173207.2896,110385.2928,-150638.1984,95995.8912,-150638.1984,95995.8912,205444,d2f2de81b64ab6e4
50,2i,77,42,9515400000,9515600000,200000,196511,196511,0,139012,0,-117214.9184,74732.8512,-117214.9184,74732.8512,-105322.4256,67150.5408,-105322.4256,67150.5408,139012,d2f2de81b64ab6e4
50,2i,77,43,9515400000,9515600000,200000,198274,198274,0,82711,0,-69741.9152,44465.4336,-69741.9152,44465.4336,-63922.1488,40754.9184,-63922.1488,40754.9184,82711,d2f2de81b64ab6e4
50,2i,77,44,9515400000,9515600000,200000,199260,199260,0,46390,0,-39116.048,24939.264,-39116.048,24939.264,-36581.3888,23323.2384,-36581.3888,23323.2384,46390,d2f2de81b64ab6e4
50,2i,77,45,9515400000,9515600000,200000,199761,199761,0,23530,0,-19840.496,12649.728,-19840.496,12649.728,-19009.944,12120.192,-19009.944,12120.192,23530,d2f2de81b64ab6e4
50,2i,77,46,9515400000,9515600000,200000,199958,199958,0,9230,0,-7782.736,4962.048,-7782.736,4962.048,-7641.0784,4871.7312,-7641.0784,4871.7312,9230,d2f2de81b64ab6e4
50,2i,77,47,9515400000,9515600000,200000,200000,200000,0,1974,0,-1664.4768,1061.2224,-1664.4768,1061.2224,-1664.4768,1061.2224,-1664.4768,1061.2224,1974,d2f2de81b64ab6e4
50,2i,77,48,9515400000,9515600000,200000,200000,200000,0,0,0,0,0,0,0,0,0,0,0,0,d2f2de81b64ab6e4
50,2i,77,49,9515400000,9515600000,200000,200000,200000,0,0,0,0,0,0,0,0,0,0,0,0,d2f2de81b64ab6e4
50,2i,77,50,9515400000,9515600000,200000,200000,200000,0,0,0,0,0,0,0,0,0,0,0,0,d2f2de81b64ab6e4
50,2i,78,0,9515600000,9515800000,200000,-200000,200000,0,0,0,0,0,0,0,0,0,0,0,0,1096ed2b01acd960
50,2i,78,1,9515600000,9515800000,200000,-200000,200000,0,0,0,0,0,0,0,0,0,0,0,0,1096ed2b01acd960
50,2i,78,2,9515600000,9515800000,200000,-200000,200000,0,0,0,0,0,0,0,0,0,0,0,0,1096ed2b01acd960
50,2i,78,3,9515600000,9515800000,200000,-200000,200000,0,0,0,0,0,0,0,0,0,0,0,0,1096ed2b01acd960
50,2i,78,4,9515600000,9515800000,200000,-200000,200000,0,0,0,0,0,0,0,0,0,0,0,0,1096ed2b01acd960
50,2i,78,5,9515600000,9515800000,200000,-200000,200000,0,0,0,0,0,0,0,0,0,0,0,0,1096ed2b01acd960
50,2i,78,6,9515600000,9515800000,200000,-200000,200000,0,0,0,0,0,0,0,0,0,0,0,0,1096ed2b01acd960
50,2i,78,7,9515600000,9515800000,200000,-200000,200000,86,0,0,-72.5152,46.2336,72.5152,-46.2336,72.5152,-46.2336,-72.5152,46.2336,86,1096ed2b01acd960
50,2i,78,8,9515600000,9515800000,200000,-199998,199998,856,0,0,-721.7792,460.1856,721.7792,-460.1856,708.288,-451.584,-708.288,451.584,856,1096ed2b01acd960
50,2i,78,9,9515600000,9515800000,200000,-199978,199978,1779,0,0,-1500.0528,956.3904,1500.0528,-956.3904,1348.2768,-859.6224,-1348.2768,859.6224,1779,1096ed2b01acd960
50,2i,78,10,9515600000,9515800000,200000,-199939,199939,3470,0,0,-2925.904,1865.472,2925.904,-1865.472,2597.056,-1655.808,-2597.056,1655.808,3470,1096ed2b01acd960
50,2i,78,11,9515600000,9515800000,200000,-199862,199862,8296,0,0,-6995.1872,4459.9296,6995.1872,-4459.9296,6280.9968,-4004.5824,-6280.9968,4004.5824,8296,1096ed2b01acd960
50,2i,78,12,9515600000,9515800000,200000,-199671,199671,14186,0,0,-11961.6352,7626.3936,11961.6352,-7626.3936,10029.0208,-6394.2144,-10029.0208,6394.2144,14186,1096ed2b01acd960
50,2i,78,13,9515600000,9515800000,200000,-199358,199358,25455,0,0,-21463.656,13684.608,21463.656,-13684.608,18032.6752,-11497.1136,-18032.6752,11497.1136,25455,1096ed2b01acd960
50,2i,78,14,9515600000,9515800000,200000,-198780,198780,39772,0,0,-33535.7504,21381.4272,33535.7504,-21381.4272,26712.576,-17031.168,-26712.576,17031.168,39772,1096ed2b01acd960
50,2i,78,15,9515600000,9515800000,200000,-197900,197900,65140,0,0,-54926.048,35019.264,54926.048,-35019.264,43795.808,-27922.944,-43795.808,27922.944,65140,1096ed2b01acd960
50,2i,78,16,9515600000,9515800000,200000,-196416,196416,97796,0,0,-82461.5872,52575.1296,82461.5872,-52575.1296,62440.6464,-39810.3552,-62440.6464,39810.3552,97796,1096ed2b01acd960
50,2i,78,17,9515600000,9515800000,200000,-194238,194238,141669,0,0,-119436.7152,76111.8336,119436.7152,-76111.8336,88216.392,-56206.656,-88216.392,56206.656,141669,1096ed2b01acd960
50,2i,78,18,9515600000,9515800000,200000,-191067,191067,195606,0,0,-164753.661568,105094.554624,164753.661568,-105094.554624,116635.629568,-74436.378624,-116635.629568,74436.378624,195606,1096ed2b01acd960
50,2i,78,19,9515600000,9515800000,200000,-186738,186738,262671,0,0,-220631.930432,140817.701376,220631.930432,-140817.701376,151379.525376,-96621.101568,-151379.525376,96621.101568,262671,1096ed2b01acd960
50,2i,78,20,9515600000,9515800000,200000,-180918,180918,348960,330,30,-292722.37248,186733.80864,292407.89952,-186396.68736,194900.92608,-124229.05344,-194900.92608,124229.05344,349290,1096ed2b01acd960
50,2i,78,21,9515600000,9515800000,200000,-173155,173177,442004,985,108,-368955.774784,235259.469312,367643.480512,-234393.186816,231758.913856,-147747.998208,-231979.044928,147983.983104,442989,1096ed2b01acd960
50,2i,78,22,9515600000,9515800000,200000,-163501,163575,553304,2448,122,-459716.851456,293325.355008,456391.932416,-291191.820288,281739.51808,-179845.30944,-282568.05568,180323.46624,555752,1096ed2b01acd960
50,2i,78,23,9515600000,9515800000,200000,-151238,151446,674519,8993,667,-556725.066112,356026.607616,545055.192192,-348841.261056,318095.647552,-203827.585536,-320146.246592,205187.360256,683512,1096ed2b01acd960
50,2i,78,24,9515600000,9515800000,200000,-136369,137129,798004,24304,1982,-654713.712896,417893.372928,624278.102016,-398820.953088,351557.610112,-223983.599616,-360108.076672,229161.885696,822308,1096ed2b01acd960
50,2i,78,25,9515600000,9515800000,200000,-118467,120587,907625,56600,3475,-750923.2816,479364.7488,679655.8864,-433186.6752,362620.9152,-231737.4336,-383664.3232,245097.1776,964225,1096ed2b01acd960
50,2i,78,26,9515600000,9515800000,200000,-97800,103088,986574,117576,6264,-838175.707776,535343.904768,685414.949504,-436518.070272,347610.531328,-220911.458304,-399843.478016,255042.521088,1104150,1096ed2b01acd960
50,2i,78,27,9515600000,9515800000,200000,-74183,85837,1022873,221342,11007,-914448.481856,584806.622208,624170.925248,-398272.164864,292319.92928,-187424.47104,-405413.717312,260206.089216,1244215,1096ed2b01acd960
50,2i,78,28,9515600000,9515800000,200000,-47811,71239,982978,369656,15402,-966518.009472,620170.116096,474141.329792,-304036.217856,187771.243008,-120391.532544,-403473.222144,258873.249792,1352634,1096ed2b01acd960
50,2i,78,29,9515600000,9515800000,200000,-19892,61940,860982,552398,18741,-993405.56992,636308.67456,242355.785984,-153371.430912,45843.046016,-27781.145088,-410550.605824,261959.020032,1413380,1096ed2b01acd960
50,2i,78,30,9515600000,9515800000,200000,8857,60087,685810,757740,21320,-1010078.54656,644167.72608,-43610.1984,31891.8912,-118720.02304,78504.60672,-433197.44,276865.92,1443550,1096ed2b01acd960
50,2i,78,31,9515600000,9515800000,200000,37911,66463,489677,938076,20162,-1012778.362816,643599.487488,-334519.5024,216728.5632,-293463.311424,188828.600832,-484282.175552,308239.489536,1427753,1096ed2b01acd960
50,2i,78,32,9515600000,9515800000,200000,65652,79660,305874,1036374,14930,-978898.921984,621840.678912,-559257.01632,357053.42976,-430491.67232,274066.03776,-528754.4384,337740.2112,1342248,1096ed2b01acd960
50,2i,78,33,9515600000,9515800000,200000,90904,96782,165952,1057973,9618,-923701.930048,587385.291264,-700980.120384,443660.570112,-509380.63936,323002.83648,-551954.044544,349991.572992,1223925,1096ed2b01acd960
50,2i,78,34,9515600000,9515800000,200000,113881,116017,75518,1016868,5490,-854115.14944,543099.60192,-753536.239232,479319.499776,-555631.316608,353150.137344,-571063.416448,362952.766464,1092386,1096ed2b01acd960
50,2i,78,35,9515600000,9515800000,200000,133329,133977,29625,897745,2715,-744756.36352,474556.23936,-705872.7424,450288.8832,-523483.39072,333621.28896,-528609.29344,336445.39392,927370,1096ed2b01acd960
50,2i,78,36,9515600000,9515800000,200000,149775,149945,9570,775546,790,-644984.951808,411032.530944,-631455.566336,403312.846848,-477630.09664,305263.21152,-478857.315584,306205.043712,785116,1096ed2b01acd960
50,2i,78,37,9515600000,9515800000,200000,163565,163597,2748,648025,211,-542260.28704,344406.55872,-538731.921088,341735.721984,-422652.67488,267996.77184,-422937.67648,268178.48064,650773,1096ed2b01acd960
50,2i,78,38,9515600000,9515800000,200000,174376,174378,582,513040,76,-431046.128768,274649.524224,-430192.810368,274105.473024,-344038.749184,219176.128512,-344058.985984,219189.030912,513622,1096ed2b01acd960
50,2i,78,39,9515600000,9515800000,200000,182943,182943,39,403198,0,-339655.148736,216566.850048,-339589.379136,216524.917248,-281354.456448,179383.486464,-281354.456448,179383.486464,403237,1096ed2b01acd960
50,2i,78,40,9515600000,9515800000,200000,189227,189227,0,294510,0,-248267.01632,158333.42976,-248267.01632,158333.42976,-211882.93632,135135.98976,-211882.93632,135135.98976,294510,1096ed2b01acd960
50,2i,78,41,9515600000,9515800000,200000,193542,193542,0,203591,0,-171667.9312,109450.5216,-171667.9312,109450.5216,-149174.728,95109.504,-149174.728,95109.504,203591,1096ed2b01acd960
50,2i,78,42,9515600000,9515800000,200000,196506,196506,0,138824,0,-117056.3968,74631.7824,-117056.3968,74631.7824,-104968.2816,66924.7488,-104968.2816,66924.7488,138824,1096ed2b01acd960
50,2i,78,43,9515600000,9515800000,200000,198298,198298,0,84238,0,-71029.4816,45286.3488,-71029.4816,45286.3488,-64973.6192,41425.3056,-64973.6192,41425.3056,84238,1096ed2b01acd960
50,2i,78,44,9515600000,9515800000,200000,199324,199324,0,47970,0,-40448.304,25788.672,-40448.304,25788.672,-38065.4208,24269.4144,-38065.4208,24269.4144,47970,1096ed2b01acd960
50,2i,78,45,9515600000,9515800000,200000,199795,199795,0,21985,0,-18537.752,11819.136,-18537.752,11819.136,-17871.624,11394.432,-17871.624,11394.432,21985,1096ed2b01acd960
50,2i,78,46,9515600000,9515800000,200000,199953,199953,0,7456,0,-6286.8992,4008.3456,-6286.8992,4008.3456,-6128.3776,3907.2768,-6128.3776,3907.2768,7456,1096ed2b01acd960
50,2i,78,47,9515600000,9515800000,200000,200000,200000,0,2209,0,-1862.6288,1187.5584,-1862.6288,1187.5584,-1862.6288,1187.5584,-1862.6288,1187.5584,2209,1096ed2b01acd960
50,2i,78,48,9515600000,9515800000,200000,200000,200000,0,0,0,0,0,0,0,0,0,0,0,0,1096ed2b01acd960
50,2i,78,49,9515600000,9515800000,200000,200000,200000,0,0,0,0,0,0,0,0,0,0,0,0,1096ed2b01acd960
50,2i,78,50,9515600000,9515800000,200000,200000,200000,0,0,0,0,0,0,0,0,0,0,0,0,1096ed2b01acd960
50,2i,79,0,9515800000,9516000000,200000,-200000,200000,0,0,0,0,0,0,0,0,0,0,0,0,3c4a17333bb6f11
50,2i,79,1,9515800000,9516000000,200000,-200000,200000,0,0,0,0,0,0,0,0,0,0,0,0,3c4a17333bb6f11
50,2i,79,2,9515800000,9516000000,200000,-200000,200000,0,0,0,0,0,0,0,0,0,0,0,0,3c4a17333bb6f11
50,2i,79,3,9515800000,9516000000,200000,-200000,200000,0,0,0,0,0,0,0,0,0,0,0,0,3c4a17333bb6f11
50,2i,79,4,9515800000,9516000000,200000,-200000,200000,0,0,0,0,0,0,0,0,0,0,0,0,3c4a17333bb6f11
50,2i,79,5,9515800000,9516000000,200000,-200000,200000,0,0,0,0,0,0,0,0,0,0,0,0,3c4a17333bb6f11
50,2i,79,6,9515800000,9516000000,200000,-200000,200000,0,0,0,0,0,0,0,0,0,0,0,0,3c4a17333bb6f11
50,2i,79,7,9515800000,9516000000,200000,-200000,200000,86,0,0,-72.5152,46.2336,72.5152,-46.2336,72.5152,-46.2336,-72.5152,46.2336,86,3c4a17333bb6f11
50,2i,79,8,9515800000,9516000000,200000,-199998,199998,604,0,0,-509.2928,324.7104,509.2928,-324.7104,495.8016,-316.1088,-495.8016,316.1088,604,3c4a17333bb6f11
50,2i,79,9,9515800000,9516000000,200000,-199984,199984,1889,0,0,-1592.8048,1015.5264,1592.8048,-1015.5264,1486.5616,-947.7888,-1486.5616,947.7888,1889,3c4a17333bb6f11
50,2i,79,10,9515800000,9516000000,200000,-199941,199941,3350,0,0,-2824.72,1800.96,2824.72,-1800.96,2462.144,-1569.792,-2462.144,1569.792,3350,3c4a17333bb6f11
50,2i,79,11,9515800000,9516000000,200000,-199868,199868,7979,0,0,-6727.8928,4289.5104,6727.8928,-4289.5104,6050.8032,-3857.8176,-6050.8032,3857.8176,7979,3c4a17333bb6f11
50,2i,79,12,9515800000,9516000000,200000,-199684,199684,14710,0,0,-12403.472,7908.096,12403.472,-7908.096,10541.6864,-6721.0752,-10541.6864,6721.0752,14710,3c4a17333bb6f11
50,2i,79,13,9515800000,9516000000,200000,-199355,199355,25330,0,0,-21358.256,13617.408,21358.256,-13617.408,17751.8896,-11318.0928,-17751.8896,11318.0928,25330,3c4a17333bb6f11
50,2i,79,14,9515800000,9516000000,200000,-198786,198786,40474,0,0,-34127.6768,21758.8224,34127.6768,-21758.8224,27410.7456,-17476.3008,-27410.7456,17476.3008,40474,3c4a17333bb6f11
50,2i,79,15,9515800000,9516000000,200000,-197883,197883,66080,0,0,-55718.656,35524.608,55718.656,-35524.608,44297.512,-28242.816,-44297.512,28242.816,66080,3c4a17333bb6f11
50,2i,79,16,9515800000,9516000000,200000,-196382,196382,97082,0,0,-81859.5424,52191.2832,81859.5424,-52191.2832,61609.2512,-39280.2816,-61609.2512,39280.2816,97082,3c4a17333bb6f11
50,2i,79,17,9515800000,9516000000,200000,-194233,194233,139493,0,0,-117515.201728,74999.445504,117515.201728,-74999.445504,86710.576128,-55359.304704,-86710.576128,55359.304704,139493,3c4a17333bb6f11
50,2i,79,18,9515800000,9516000000,200000,-191113,191113,197568,32,0,-166252.570624,106257.426432,166198.605824,-106223.020032,118928.910336,-76044.238848,-118928.910336,76044.238848,197600,3c4a17333bb6f11
50,2i,79,19,9515800000,9516000000,200000,-186693,186695,267109,174,31,-224574.464192,143523.757056,224333.308992,-143370.003456,153823.82528,-98285.39904,-153855.86688,98305.82784,267283,3c4a17333bb6f11
50,2i,79,20,9515800000,9516000000,200000,-180780,180792,343070,430,50,-287560.75008,183921.08544,287015.6416,-183505.2288,187969.22624,-120253.62432,-188104.13824,120339.64032,343500,3c4a17333bb6f11
50,2i,79,21,9515800000,9516000000,200000,-173272,173306,437142,869,137,-364464.342464,232649.751552,363362.235328,-232031.330304,232144.04256,-148017.45408,-232431.180096,148248.342528,438011,3c4a17333bb6f11
50,2i,79,22,9515800000,9516000000,200000,-163605,163683,548498,3648,340,-454824.473472,291073.668096,450798.5248,-288224.4864,276284.184832,-177125.400576,-276902.437632,177419.390976,552146,3c4a17333bb6f11
50,2i,79,23,9515800000,9516000000,200000,-151481,151785,674881,9727,666,-557764.930432,356961.701376,545300.048896,-348700.220928,322931.251776,-206164.896768,-325730.430528,208263.803904,684608,3c4a17333bb6f11
50,2i,79,24,9515800000,9516000000,200000,-136453,137285,800678,23886,1864,-659252.61184,421709.44512,628853.95968,-402268.93824,351463.336832,-225059.736576,-360055.07264,230537.57952,824564,3c4a17333bb6f11
50,2i,79,25,9515800000,9516000000,200000,-118611,120793,908675,54300,3475,-749934.4048,479844.3264,682227.5088,-435879.3984,363520.704,-232111.872,-384488.8928,245537.5104,962975,3c4a17333bb6f11
50,2i,79,26,9515800000,9516000000,200000,-97934,103110,988016,117546,6502,-837567.117952,533657.972736,686855.48352,-436416.39936,348942.182656,-220779.076608,-397550.438144,252539.937792,1105562,3c4a17333bb6f11
50,2i,79,27,9515800000,9516000000,200000,-74269,85997,1017564,222979,11672,-912668.77216,580028.66688,622469.01216,-393684.98688,290233.642304,-183781.980672,-405099.943616,257447.781888,1240543,3c4a17333bb6f11
50,2i,79,28,9515800000,9516000000,200000,-48113,71539,980898,371320,16114,-967601.503104,616557.315072,473833.678976,-298457.146368,190746.346496,-120346.057728,-404195.774464,257519.127552,1352218,3c4a17333bb6f11
50,2i,79,29,9515800000,9516000000,200000,-19938,62232,868464,560677,18837,-1003981.112384,639720.026112,239040.61216,-150353.78688,44634.612352,-26741.991936,-414145.225472,265236.804096,1429141,3c4a17333bb6f11
50,2i,79,30,9515800000,9516000000,200000,9208,60428,692810,761110,20620,-1016861.79968,648242.05824,-43130.59584,27396.35712,-123284.2016,77327.3088,-441615.63712,281060.44416,1453920,3c4a17333bb6f11
50,2i,79,31,9515800000,9516000000,200000,38185,66549,491828,927344,19122,-1007022.10112,642563.99616,-325384.438912,207636.758016,-289584.762944,186298.824192,-477808.700096,305439.702528,1419172,3c4a17333bb6f11
50,2i,79,32,9515800000,9516000000,200000,65600,79484,304184,1028082,14210,-973353.753728,618072.981504,-558765.809024,354996.037632,-427010.881664,270653.617152,-524590.090112,333072.239616,1332266,3c4a17333bb6f11
50,2i,79,33,9515800000,9516000000,200000,90877,96705,164782,1055123,9576,-919340.801216,586083.698688,-698358.205376,444351.341568,-511098.351552,324915.457536,-553185.731904,352213.673472,1219905,3c4a17333bb6f11
50,2i,79,34,9515800000,9516000000,200000,113569,115649,75220,1013140,4766,-847610.757376,540976.877568,-748615.736832,477222.936576,-546004.793216,348727.154688,-560825.053056,357884.663808,1088360,3c4a17333bb6f11
50,2i,79,35,9515800000,9516000000,200000,133371,134013,28690,914055,2560,-755986.25184,480736.96512,-718767.06976,457610.50368,-532877.65184,339252.16512,-537677.51552,342346.57536,942745,3c4a17333bb6f11
50,2i,79,36,9515800000,9516000000,200000,150016,150188,9468,781594,1062,-650434.59136,413623.57248,-637671.913856,405531.998208,-484416.282752,307765.979136,-485659.287424,308430.968832,791062,3c4a17333bb6f11
50,2i,79,37,9515800000,9516000000,200000,163719,163747,2820,648127,372,-542549.678528,345820.667904,-539067.285952,343937.396736,-420156.50976,268132.42368,-420353.81856,268258.22208,650947,3c4a17333bb6f11
50,2i,79,38,9515800000,9516000000,200000,174791,174795,480,520972,114,-437447.806464,278289.303552,-436830.584064,277895.780352,-352366.38528,224139.47904,-352406.85888,224165.28384,521452,3c4a17333bb6f11
50,2i,79,39,9515800000,9516000000,200000,183184,183184,78,394492,0,-332186.149248,211431.396864,-332054.610048,211347.531264,-275445.862848,175305.521664,-275445.862848,175305.521664,394570,3c4a17333bb6f11
50,2i,79,40,9515800000,9516000000,200000,189297,189297,0,287530,0,-242355.184,154336.512,-242355.184,154336.512,-206089.152,131214.336,-206089.152,131214.336,287530,3c4a17333bb6f11
50,2i,79,41,9515800000,9516000000,200000,193598,193598,0,202585,0,-170819.672,108909.696,-170819.672,108909.696,-148690.7312,94800.9216,-148690.7312,94800.9216,202585,3c4a17333bb6f11
50,2i,79,42,9515800000,9516000000,200000,196514,196514,0,136440,0,-115046.208,73350.144,-115046.208,73350.144,-103268.3904,65840.9472,-103268.3904,65840.9472,136440,3c4a17333bb6f11
50,2i,79,43,9515800000,9516000000,200000,198260,198260,0,82036,0,-69172.7552,44102.5536,-69172.7552,44102.5536,-63305.7696,40361.9328,-63305.7696,40361.9328,82036,3c4a17333bb6f11
50,2i,79,44,9515800000,9516000000,200000,199254,199254,0,46820,0,-39478.624,25170.432,-39478.624,25170.432,-36878.1952,23512.4736,-36878.1952,23512.4736,46820,3c4a17333bb6f11
50,2i,79,45,9515800000,9516000000,200000,199768,199768,0,24035,0,-20266.312,12921.216,-20266.312,12921.216,-19503.216,12434.688,-19503.216,12434.688,24035,3c4a17333bb6f11
50,2i,79,46,9515800000,9516000000,200000,199949,199949,0,8530,0,-7192.496,4585.728,-7192.496,4585.728,-7020.4832,4476.0576,-7020.4832,4476.0576,8530,3c4a17333bb6f11
50,2i,79,47,9515800000,9516000000,200000,200000,200000,0,2397,0,-2021.1504,1288.6272,-2021.1504,1288.6272,-2021.1504,1288.6272,-2021.1504,1288.6272,2397,3c4a17333bb6f11
50,2i,79,48,9515800000,9516000000,200000,200000,200000,0,0,0,0,0,0,0,0,0,0,0,0,3c4a17333bb6f11
50,2i,79,49,9515800000,9516000000,200000,200000,200000,0,0,0,0,0,0,0,0,0,0,0,0,3c4a17333bb6f11
50,2i,79,50,9515800000,9516000000,200000,200000,200000,0,0,0,0,0,0,0,0,0,0,0,0,3c4a17333bb6f11
50,2i,80,0,9516000000,9516200000,200000,-200000,200000,0,0,0,0,0,0,0,0,0,0,0,0,7058bea936b82894
50,2i,80,1,9516000000,9516200000,200000,-200000,200000,0,0,0,0,0,0,0,0,0,0,0,0,7058bea936b82894
50,2i,80,2,9516000000,9516200000,200000,-200000,200000,0,0,0,0,0,0,0,0,0,0,0,0,7058bea936b82894
50,2i,80,3,9516000000,9516200000,200000,-200000,200000,0,0,0,0,0,0,0,0,0,0,0,0,7058bea936b82894
50,2i,80,4,9516000000,9516200000,200000,-200000,200000,0,0,0,0,0,0,0,0,0,0,0,0,7058bea936b82894
50,2i,80,5,9516000000,9516200000,200000,-200000,200000,0,0,0,0,0,0,0,0,0,0,0,0,7058bea936b82894
50,2i,80,6,9516000000,9516200000,200000,-200000,200000,0,0,0,0,0,0,0,0,0,0,0,0,7058bea936b82894
50,2i,80,7,9516000000,9516200000,200000,-200000,200000,86,0,0,-72.5152,46.2336,72.5152,-46.2336,72.5152,-46.2336,-72.5152,46.2336,86,7058bea936b82894
50,2i,80,8,9516000000,9516200000,200000,-199998,199998,352,0,0,-296.8064,189.2352,296.8064,-189.2352,283.3152,-180.6336,-283.3152,180.6336,352,7058bea936b82894
50,2i,80,9,9516000000,9516200000,200000,-199990,199990,1261,0,0,-1063.2752,677.9136,1063.2752,-677.9136,1002.5648,-639.2064,-1002.5648,639.2064,1261,7058bea936b82894
50,2i,80,10,9516000000,9516200000,200000,-199961,199961,3890,0,0,-3280.048,2091.264,3280.048,-2091.264,3035.52,-1935.36,-3035.52,1935.36,3890,7058bea936b82894
50,2i,80,11,9516000000,9516200000,200000,-199871,199871,9375,0,0,-7905,5040,7905,-5040,7070.232,-4507.776,-7070.232,4507.776,9375,7058bea936b82894
50,2i,80,12,9516000000,9516200000,200000,-199656,199656,14930,0,0,-12588.976,8026.368,12588.976,-8026.368,10413.52,-6639.36,-10413.52,6639.36,14930,7058bea936b82894
50,2i,80,13,9516000000,9516200000,200000,-199331,199331,25093,0,0,-21158.4176,13489.9968,21158.4176,-13489.9968,17595.8976,-11218.6368,-17595.8976,11218.6368,25093,7058bea936b82894
50,2i,80,14,9516000000,9516200000,200000,-198767,198767,40584,0,0,-34220.4288,21817.9584,34220.4288,-21817.9584,27562.5216,-17573.0688,-27562.5216,17573.0688,40584,7058bea936b82894
50,2i,80,15,9516000000,9516200000,200000,-197859,197859,63565,0,0,-53598.008,34172.544,53598.008,-34172.544,42113.624,-26850.432,-42113.624,26850.432,63565,7058bea936b82894
50,2i,80,16,9516000000,9516200000,200000,-196432,196432,97632,0,0,-82323.3024,52486.9632,82323.3024,-52486.9632,63071.36,-40212.48,-63071.36,40212.48,97632,7058bea936b82894
50,2i,80,17,9516000000,9516200000,200000,-194232,194232,140063,0,0,-118048.473664,75301.873152,118048.473664,-75301.873152,86512.793664,-55195.633152,-86512.793664,55195.633152,140063,7058bea936b82894
50,2i,80,18,9516000000,9516200000,200000,-191121,191121,196190,0,0,-165056.33088,105401.37984,165056.33088,-105401.37984,117867.534336,-75294.670848,-117867.534336,75294.670848,196190,7058bea936b82894
50,2i,80,19,9516000000,9516200000,200000,-186740,186740,263969,93,0,-221985.387648,141618.008064,221828.552448,-141518.014464,151923.121536,-96861.800448,-151923.121536,96861.800448,264062,7058bea936b82894
50,2i,80,20,9516000000,9516200000,200000,-180907,180913,345770,330,60,-290104.8384,185167.4112,289649.5104,-184877.1072,191811.66528,-122498.51904,-191912.84928,122563.03104,346100,7058bea936b82894
50,2i,80,21,9516000000,9516200000,200000,-173259,173283,443343,856,71,-370372.597696,236282.339328,369359.037504,-235504.054272,235438.287104,-150042.627072,-235686.187904,150200.681472,444199,7058bea936b82894
50,2i,80,22,9516000000,9516200000,200000,-163480,163550,552340,2886,218,-459188.87232,293275.63776,455765.82208,-290737.98144,278484.5376,-177886.1568,-279065.382656,178356.676608,555226,7058bea936b82894
50,2i,80,23,9516000000,9516200000,200000,-151334,151574,672467,9677,539,-556856.199296,356468.848128,544411.804544,-348079.252992,320472.9504,-205111.0272,-322807.618944,206809.032192,682144,7058bea936b82894
50,2i,80,24,9516000000,9516200000,200000,-136416,137228,795794,23764,1298,-656743.33632,421043.18976,626110.519424,-400346.744832,351031.24096,-224645.34528,-360017.664256,230593.425408,819558,7058bea936b82894
50,2i,80,25,9516000000,9516200000,200000,-118665,120777,908300,54600,3425,-751433.04,480486.72,681000.6016,-434442.5088,363959.4656,-231509.2608,-384773.3056,245690.3808,962900,7058bea936b82894
50,2i,80,26,9516000000,9516200000,200000,-97900,103080,992990,115196,7400,-838803.198336,536383.822848,689747.395968,-440402.893824,349132.58496,-223680.73728,-400735.927296,256818.352128,1108186,7058bea936b82894
50,2i,80,27,9516000000,9516200000,200000,-74221,85677,1023370,221461,11403,-917736.184768,585329.332224,626545.95808,-398823.22944,295523.024512,-186446.178816,-405157.042048,257144.907264,1244831,7058bea936b82894
50,2i,80,28,9516000000,9516200000,200000,-47895,71241,978526,369916,15800,-968145.374592,615556.064256,472180.315008,-299880.428544,183149.459584,-117214.835712,-404174.409856,258197.726208,1348442,7058bea936b82894
50,2i,80,29,9516000000,9516200000,200000,-20108,61950,863236,547870,19699,-991854.148352,633206.439936,242700.361088,-155929.641984,48966.905088,-31998.633984,-411387.958272,262275.434496,1411106,7058bea936b82894
50,2i,80,30,9516000000,9516200000,200000,8715,59763,689650,751480,19550,-1011896.30016,646328.57088,-40203.5872,26031.1296,-119216.21312,76475.61216,-433259.12128,276381.52704,1441130,7058bea936b82894
50,2i,80,31,9516000000,9516200000,200000,37537,66135,487359,935235,18025,-1010237.859712,645090.172416,-335503.913088,215523.177984,-293225.309056,187758.071808,-481192.748032,307470.898176,1422594,7058bea936b82894
50,2i,80,32,9516000000,9516200000,200000,65385,79311,306266,1044770,15432,-981312.60416,625941.24288,-568812.375296,362464.816128,-433152.9632,276764.6976,-529076.452736,338619.522048,1351036,7058bea936b82894
50,2i,80,33,9516000000,9516200000,200000,90935,96915,162848,1062717,10262,-921521.350592,587798.432256,-702548.786368,446987.841024,-517347.849856,328231.646208,-560460.683264,355641.725952,1225565,7058bea936b82894
50,2i,80,34,9516000000,9516200000,200000,113430,115676,76086,1002888,5364,-840537.442176,538876.243968,-737590.791296,473213.104128,-537901.111808,345491.410944,-554622.095872,356334.391296,1078974,7058bea936b82894
50,2i,80,35,9516000000,9516200000,200000,133064,133734,31465,904755,2380,-752613.81184,480471.04512,-711088.9536,453802.4448,-528656.64416,337875.96288,-533604.34976,340825.54368,936220,7058bea936b82894
50,2i,80,36,9516000000,9516200000,200000,149666,149818,10262,780582,896,-648065.764096,412284.054528,-634966.404608,404424.121344,-481117.6928,306295.9104,-482342.558848,307076.849664,790844,7058bea936b82894
50,2i,80,37,9516000000,9516200000,200000,163464,163482,2596,650748,370,-543660.691712,346074.748416,-540226.236928,343885.039104,-422192.807424,268630.328832,-422390.116224,268756.127232,653344,7058bea936b82894
50,2i,80,38,9516000000,9516200000,200000,174450,174450,342,518910,0,-435818.472192,277824.301056,-435241.723392,277456.582656,-349752.007296,222991.792128,-349752.007296,222991.792128,519252,7058bea936b82894
50,2i,80,39,9516000000,9516200000,200000,182932,182932,0,400505,0,-337549.541312,215066.121216,-337549.541312,215066.121216,-278778.794112,177608.111616,-278778.794112,177608.111616,400505,7058bea936b82894
50,2i,80,40,9516000000,9516200000,200000,189269,189269,0,296960,0,-250374.144,159585.792,-250374.144,159585.792,-213711.808,136210.944,-213711.808,136210.944,296960,7058bea936b82894
50,2i,80,41,9516000000,9516200000,200000,193617,193617,0,204116,0,-172110.6112,109732.7616,-172110.6112,109732.7616,-150315.5776,95836.8768,-150315.5776,95836.8768,204116,7058bea936b82894
50,2i,80,42,9516000000,9516200000,200000,196489,196489,0,134656,0,-113541.9392,72391.0656,-113541.9392,72391.0656,-101710.1568,64847.4624,-101710.1568,64847.4624,134656,7058bea936b82894
50,2i,80,43,9516000000,9516200000,200000,198243,198243,0,82569,0,-69622.1808,44389.0944,-69622.1808,44389.0944,-63595.8304,40546.8672,-63595.8304,40546.8672,82569,7058bea936b82894
50,2i,80,44,9516000000,9516200000,200000,199264,199264,0,47960,0,-40439.872,25783.296,-40439.872,25783.296,-37879.9168,24151.1424,-37879.9168,24151.1424,47960,7058bea936b82894
50,2i,80,45,9516000000,9516200000,200000,199770,199770,0,23705,0,-19988.056,12743.808,-19988.056,12743.808,-19199.664,12241.152,-19199.664,12241.152,23705,7058bea936b82894
50,2i,80,46,9516000000,9516200000,200000,199957,199957,0,8774,0,-7398.2368,4716.9024,-7398.2368,4716.9024,-7253.2064,4624.4352,-7253.2064,4624.4352,8774,7058bea936b82894
50,2i,80,47,9516000000,9516200000,200000,200000,200000,0,2021,0,-1704.1072,1086.4896,-1704.1072,1086.4896,-1704.1072,1086.4896,-1704.1072,1086.4896,2021,7058bea936b82894
50,2i,80,48,9516000000,9516200000,200000,200000,200000,0,0,0,0,0,0,0,0,0,0,0,0,7058bea936b82894
50,2i,80,49,9516000000,9516200000,200000,200000,200000,0,0,0,0,0,0,0,0,0,0,0,0,7058bea936b82894
50,2i,80,50,9516000000,9516200000,200000,200000,200000,0,0,0,0,0,0,0,0,0,0,0,0,7058bea936b82894
50,2i,81,0,9516200000,9516400000,200000,-200000,200000,0,0,0,0,0,0,0,0,0,0,0,0,9205b89d87af7fc
50,2i,81,1,9516200000,9516400000,200000,-200000,200000,0,0,0,0,0,0,0,0,0,0,0,0,9205b89d87af7fc
50,2i,81,2,9516200000,9516400000,200000,-200000,200000,0,0,0,0,0,0,0,0,0,0,0,0,9205b89d87af7fc
50,2i,81,3,9516200000,9516400000,200000,-200000,200000,0,0,0,0,0,0,0,0,0,0,0,0,9205b89d87af7fc
50,2i,81,4,9516200000,9516400000,200000,-200000,200000,0,0,0,0,0,0,0,0,0,0,0,0,9205b89d87af7fc
50,2i,81,5,9516200000,9516400000,200000,-200000,200000,0,0,0,0,0,0,0,0,0,0,0,0,9205b89d87af7fc
50,2i,81,6,9516200000,9516400000,200000,-200000,200000,0,0,0,0,0,0,0,0,0,0,0,0,9205b89d87af7fc
50,2i,81,7,9516200000,9516400000,200000,-200000,200000,258,0,0,-217.5456,138.7008,217.5456,-138.7008,217.5456,-138.7008,-217.5456,138.7008,258,9205b89d87af7fc
50,2i,81,8,9516200000,9516400000,200000,-199994,199994,888,0,0,-748.7616,477.3888,748.7616,-477.3888,708.288,-451.584,-708.288,451.584,888,9205b89d87af7fc
50,2i,81,9,9516200000,9516400000,200000,-199974,199974,1451,0,0,-1223.4832,780.0576,1223.4832,-780.0576,1071.7072,-683.2896,-1071.7072,683.2896,1451,9205b89d87af7fc
50,2i,81,10,9516200000,9516400000,200000,-199943,199943,3510,0,0,-2959.632,1886.976,2959.632,-1886.976,2698.24,-1720.32,-2698.24,1720.32,3510,9205b89d87af7fc
50,2i,81,11,9516200000,9516400000,200000,-199863,199863,7549,0,0,-6365.3168,4058.3424,6365.3168,-4058.3424,5623.3008,-3585.2544,-5623.3008,3585.2544,7549,9205b89d87af7fc
50,2i,81,12,9516200000,9516400000,200000,-199692,199692,14060,0,0,-11855.392,7558.656,11855.392,-7558.656,10125.1456,-6455.5008,-10125.1456,6455.5008,14060,9205b89d87af7fc
50,2i,81,13,9516200000,9516400000,200000,-199376,199376,25050,0,0,-21122.16,13466.88,21122.16,-13466.88,17658.2944,-11258.4192,-17658.2944,11258.4192,25050,9205b89d87af7fc
50,2i,81,14,9516200000,9516400000,200000,-198810,198810,41224,0,0,-34760.0768,22162.0224,34760.0768,-22162.0224,28078.56,-17902.08,-28078.56,17902.08,41224,9205b89d87af7fc
50,2i,81,15,9516200000,9516400000,200000,-197885,197885,64625,0,0,-54491.8,34742.4,54491.8,-34742.4,42792.4,-27283.2,-42792.4,27283.2,64625,9205b89d87af7fc
50,2i,81,16,9516200000,9516400000,200000,-196435,196435,99292,0,0,-83723.0144,53379.3792,83723.0144,-53379.3792,64160.7744,-40907.0592,-64160.7744,40907.0592,99292,9205b89d87af7fc
50,2i,81,17,9516200000,9516400000,200000,-194197,194197,141534,0,0,-119251.649664,75993.841152,119251.649664,-75993.841152,87171.262464,-55540.311552,-87171.262464,55540.311552,141534,9205b89d87af7fc
50,2i,81,18,9516200000,9516400000,200000,-191061,191061,195136,0,0,-164231.405568,104725.146624,164231.405568,-104725.146624,116683.444224,-74430.431232,-116683.444224,74430.431232,195136,9205b89d87af7fc
50,2i,81,19,9516200000,9516400000,200000,-186727,186727,260844,31,0,-219449.868096,140007.126528,219397.589696,-139973.795328,150142.933888,-95797.392384,-150142.933888,95797.392384,260875,9205b89d87af7fc
50,2i,81,20,9516200000,9516400000,200000,-180968,180970,343520,200,0,-288270.55872,184316.71296,288029.00224,-184094.39232,191266.50752,-122390.03136,-191300.23552,122411.53536,343720,9205b89d87af7fc
50,2i,81,21,9516200000,9516400000,200000,-173350,173364,437034,1112,87,-365463.599104,233475.843072,363894.578304,-232361.628672,230707.988672,-147167.901696,-230853.468608,147308.473344,438146,9205b89d87af7fc
50,2i,81,22,9516200000,9516400000,200000,-163758,163840,548516,3072,178,-455240.247296,291432.112128,451155.110656,-288586.180608,277582.67968,-177941.89824,-278662.607232,178680.523776,551588,9205b89d87af7fc
50,2i,81,23,9516200000,9516400000,200000,-151595,151843,674092,9118,632,-557397.412992,355533.075456,545709.163136,-348354.229248,321861.120064,-204608.228352,-324329.684672,206339.229696,683210,9205b89d87af7fc
50,2i,81,24,9516200000,9516400000,200000,-136652,137434,791286,23464,1858,-651386.534016,415626.329088,622183.268224,-396442.463232,345491.350016,-220969.817088,-353686.625792,225812.345856,814750,9205b89d87af7fc
50,2i,81,25,9516200000,9516400000,200000,-119109,121203,895500,54250,3850,-737955.0048,473345.1264,669857.2128,-428903.2704,357662.856,-229430.208,-377862.8464,243219.9552,949750,9205b89d87af7fc
50,2i,81,26,9516200000,9516400000,200000,-98662,103784,989130,116812,7474,-833435.776128,536472.904704,685445.52896,-439704.92928,352060.430464,-226371.735552,-401874.144128,258249.928704,1105942,9205b89d87af7fc
50,2i,81,27,9516200000,9516400000,200000,-74732,86308,1030343,222507,12469,-916238.156416,590159.052288,629204.688512,-403263.330816,293408.92416,-187611.00288,-403857.524352,260612.007936,1252850,9205b89d87af7fc
50,2i,81,28,9516200000,9516400000,200000,-48352,71700,985672,370992,17252,-967896.094208,620932.614144,478202.801152,-303567.630336,191139.950848,-120091.505664,-406112.83328,258745.94304,1356664,9205b89d87af7fc
50,2i,81,29,9516200000,9516400000,200000,-20260,62352,865776,557997,20766,-1000123.357248,637869.540864,241518.47904,-149755.61472,46111.312512,-26337.762816,-408242.76288,261910.75584,1423773,9205b89d87af7fc
50,2i,81,30,9516200000,9516400000,200000,8745,60605,687900,760850,21500,-1015158,645744,-52370.27264,36771.17952,-126340.0672,81791.7696,-440050.544,278980.992,1448750,9205b89d87af7fc
50,2i,81,31,9516200000,9516400000,200000,37675,66873,493837,931858,19441,-1012133.41216,644264.18688,-329707.444288,214194.499584,-290294.3232,187137.1776,-486469.052032,311563.570176,1425695,9205b89d87af7fc
50,2i,81,32,9516200000,9516400000,200000,65510,79700,313460,1038294,15858,-982061.700224,624207.839232,-554284.235136,352931.125248,-427165.760128,272095.816704,-524543.68192,333812.29056,1351754,9205b89d87af7fc
50,2i,81,33,9516200000,9516400000,200000,91123,97165,168034,1063061,10555,-922759.152192,585570.541056,-699268.629184,445187.968512,-513434.619008,326677.100544,-558398.952064,353912.804352,1231095,9205b89d87af7fc
50,2i,81,34,9516200000,9516400000,200000,113821,115911,78736,1005844,4980,-844132.251648,535468.760064,-738753.035264,471073.661952,-542468.935168,345206.759424,-557919.48544,355130.44992,1084580,9205b89d87af7fc
50,2i,81,35,9516200000,9516400000,200000,133374,134020,28990,905730,2090,-749906.23296,476336.80128,-710698.34304,451350.36672,-525026.04192,333272.77056,-530435.85312,336551.13216,934720,9205b89d87af7fc
50,2i,81,36,9516200000,9516400000,200000,150065,150215,9880,782950,732,-652067.088256,414778.257408,-637893.04768,406214.92224,-485575.970304,309088.284672,-486766.464,309783.552,792830,9205b89d87af7fc
50,2i,81,37,9516200000,9516400000,200000,163776,163790,2607,644710,222,-538743.2976,342941.8368,-535485.010624,341003.346432,-419653.114624,267038.418432,-419765.096832,267139.416576,647317,9205b89d87af7fc
50,2i,81,38,9516200000,9516400000,200000,174546,174546,266,510766,0,-429054.800384,273518.810112,-428727.467776,273223.584768,-343183.987584,218890.739712,-343183.987584,218890.739712,511032,9205b89d87af7fc
50,2i,81,39,9516200000,9516400000,200000,183027,183027,0,399509,0,-336500.6768,214022.8224,-336500.6768,214022.8224,-278548.226112,177061.487616,-278548.226112,177061.487616,399509,9205b89d87af7fc
50,2i,81,40,9516200000,9516400000,200000,189277,189277,0,294680,0,-248410.36032,158424.82176,-248410.36032,158424.82176,-210736.18432,134404.85376,-210736.18432,134404.85376,294680,9205b89d87af7fc
50,2i,81,41,9516200000,9516400000,200000,193745,193745,0,208838,0,-176092.2016,112271.3088,-176092.2016,112271.3088,-154464.1216,98481.8688,-154464.1216,98481.8688,208838,9205b89d87af7fc
50,2i,81,42,9516200000,9516400000,200000,196595,196595,0,133620,0,-112668.384,71834.112,-112668.384,71834.112,-100931.04,64350.72,-100931.04,64350.72,133620,9205b89d87af7fc
50,2i,81,43,9516200000,9516400000,200000,198335,198335,0,81694,0,-68884.3808,43918.6944,-68884.3808,43918.6944,-63088.224,40223.232,-63088.224,40223.232,81694,9205b89d87af7fc
50,2i,81,44,9516200000,9516400000,200000,199317,199317,0,45986,0,-38775.3952,24722.0736,-38775.3952,24722.0736,-36432.9856,23228.6208,-36432.9856,23228.6208,45986,9205b89d87af7fc
50,2i,81,45,9516200000,9516400000,200000,199780,199780,0,21745,0,-18335.384,11690.112,-18335.384,11690.112,-17568.072,11200.896,-17568.072,11200.896,21745,9205b89d87af7fc
50,2i,81,46,9516200000,9516400000,200000,199962,199962,0,8524,0,-7187.4368,4582.5024,-7187.4368,4582.5024,-7059.2704,4500.7872,-7059.2704,4500.7872,8524,9205b89d87af7fc
50,2i,81,47,9516200000,9516400000,200000,200000,200000,0,1786,0,-1505.9552,960.1536,-1505.9552,960.1536,-1505.9552,960.1536,-1505.9552,960.1536,1786,9205b89d87af7fc
50,2i,81,48,9516200000,9516400000,200000,200000,200000,0,0,0,0,0,0,0,0,0,0,0,0,9205b89d87af7fc
50,2i,81,49,9516200000,9516400000,200000,200000,200000,0,0,0,0,0,0,0,0,0,0,0,0,9205b89d87af7fc
50,2i,81,50,9516200000,9516400000,200000,200000,200000,0,0,0,0,0,0,0,0,0,0,0,0,9205b89d87af7fc
50,2i,82,0,9516400000,9516600000,200000,-200000,200000,0,0,0,0,0,0,0,0,0,0,0,0,8a4f37b91c472800
50,2i,82,1,9516400000,9516600000,200000,-200000,200000,0,0,0,0,0,0,0,0,0,0,0,0,8a4f37b91c472800
50,2i,82,2,9516400000,9516600000,200000,-200000,200000,0,0,0,0,0,0,0,0,0,0,0,0,8a4f37b91c472800
50,2i,82,3,9516400000,9516600000,200000,-200000,200000,0,0,0,0,0,0,0,0,0,0,0,0,8a4f37b91c472800
50,2i,82,4,9516400000,9516600000,200000,-200000,200000,0,0,0,0,0,0,0,0,0,0,0,0,8a4f37b91c472800
50,2i,82,5,9516400000,9516600000,200000,-200000,200000,0,0,0,0,0,0,0,0,0,0,0,0,8a4f37b91c472800
50,2i,82,6,9516400000,9516600000,200000,-200000,200000,0,0,0,0,0,0,0,0,0,0,0,0,8a4f37b91c472800
50,2i,82,7,9516400000,9516600000,200000,-200000,200000,215,0,0,-181.288,115.584,181.288,-115.584,181.288,-115.584,-181.288,115.584,215,8a4f37b91c472800
50,2i,82,8,9516400000,9516600000,200000,-199995,199995,586,0,0,-494.1152,315.0336,494.1152,-315.0336,460.3872,-293.5296,-460.3872,293.5296,586,8a4f37b91c472800
50,2i,82,9,9516400000,9516600000,200000,-199982,199982,1634,0,0,-1377.7888,878.4384,1377.7888,-878.4384,1279.1344,-815.5392,-1279.1344,815.5392,1634,8a4f37b91c472800
50,2i,82,10,9516400000,9516600000,200000,-199945,199945,3690,0,0,-3111.408,1983.744,3111.408,-1983.744,2799.424,-1784.832,-2799.424,1784.832,3690,8a4f37b91c472800
50,2i,82,11,9516400000,9516600000,200000,-199862,199862,7738,0,0,-6524.6816,4159.9488,6524.6816,-4159.9488,5754.84,-3669.12,-5754.84,3669.12,7738,8a4f37b91c472800
50,2i,82,12,9516400000,9516600000,200000,-199687,199687,13994,0,0,-11799.7408,7523.1744,11799.7408,-7523.1744,10029.0208,-6394.2144,-10029.0208,6394.2144,13994,8a4f37b91c472800
50,2i,82,13,9516400000,9516600000,200000,-199374,199374,25566,0,0,-21557.2512,13744.2816,21557.2512,-13744.2816,18126.2704,-11556.7872,-18126.2704,11556.7872,25566,8a4f37b91c472800
50,2i,82,14,9516400000,9516600000,200000,-198793,198793,42406,0,0,-35756.7392,22797.4656,35756.7392,-22797.4656,28898.1504,-18424.6272,-28898.1504,18424.6272,42406,8a4f37b91c472800
50,2i,82,15,9516400000,9516600000,200000,-197841,197841,62335,0,0,-52560.872,33511.296,52560.872,-33511.296,40519.976,-25834.368,-40519.976,25834.368,62335,8a4f37b91c472800
50,2i,82,16,9516400000,9516600000,200000,-196468,196468,95816,0,0,-80737.807872,51514.807296,80737.807872,-51514.807296,62214.390272,-39704.810496,-62214.390272,39704.810496,95816,8a4f37b91c472800
50,2i,82,17,9516400000,9516600000,200000,-194296,194296,141501,0,0,-119181.225664,76081.009152,119181.225664,-76081.009152,88074.030528,-56228.603904,-88074.030528,56228.603904,141501,8a4f37b91c472800
50,2i,82,18,9516400000,9516600000,200000,-191127,191127,193810,0,0,-162969.74528,104127.95904,162969.74528,-104127.95904,114929.364992,-73457.811456,-114929.364992,73457.811456,193810,8a4f37b91c472800
50,2i,82,19,9516400000,9516600000,200000,-186853,186853,263021,0,0,-221013.308096,141161.046528,221013.308096,-141161.046528,152773.997632,-97545.470976,-152773.997632,97545.470976,263021,8a4f37b91c472800
50,2i,82,20,9516400000,9516600000,200000,-180988,180988,348720,240,30,-292314.62144,186735.69792,291994.26944,-186599.76192,193590.576,-123735.168,-193590.576,123735.168,348960,8a4f37b91c472800
50,2i,82,21,9516400000,9516600000,200000,-173266,173282,446165,1038,79,-372254.648384,238256.474112,371063.841728,-237346.965504,236033.718656,-151139.524608,-236257.965056,151234.679808,447203,8a4f37b91c472800
50,2i,82,22,9516400000,9516600000,200000,-163437,163513,556450,2956,212,-462199.66528,295682.51904,459049.750144,-293205.153792,281112.96,-179441.28,-281846.212608,180059.065344,559406,8a4f37b91c472800
50,2i,82,23,9516400000,9516600000,200000,-151181,151421,668046,8906,597,-553096.163712,352758.844416,542464.008192,-345656.749056,315572.153664,-200792.113152,-317557.269312,202319.625216,676952,8a4f37b91c472800
50,2i,82,24,9516400000,9516600000,200000,-136549,137309,789138,24284,1552,-652278.782336,415507.534848,621372.363136,-395451.829248,351591.589248,-223841.316864,-359277.846912,228796.502016,813422,8a4f37b91c472800
50,2i,82,25,9516400000,9516600000,200000,-118770,120918,903125,57525,3875,-751046.2208,477763.8144,677969.9584,-431115.5712,361580.3984,-229565.4912,-383907.4768,244085.2224,960650,8a4f37b91c472800
50,2i,82,26,9516400000,9516600000,200000,-98123,103485,985384,116398,6582,-836115.356288,533144.515584,685235.734144,-435436.065792,346632.274432,-221285.093376,-399411.425792,254698.745856,1101782,8a4f37b91c472800
50,2i,82,27,9516400000,9516600000,200000,-74583,86163,1019618,216814,11311,-907876.020608,580894.009344,622202.483712,-396108.604416,290208.155968,-184594.573824,-400571.1856,256926.2208,1236432,8a4f37b91c472800
50,2i,82,28,9516400000,9516600000,200000,-48459,71593,984438,367192,16826,-965089.8848,616196.9664,475999.910272,-304440.170496,193359.77216,-123116.66688,-406781.259264,260016.893952,1351630,8a4f37b91c472800
50,2i,82,29,9516400000,9516600000,200000,-20270,62080,867664,555625,20361,-1000590.304832,638161.560576,243729.841472,-155506.692096,44921.981184,-29067.904512,-408303.169152,259560.654336,1423289,8a4f37b91c472800
50,2i,82,30,9516400000,9516600000,200000,8578,60358,687650,757970,22560,-1011751.62624,643856.82432,-49023.96288,33032.35584,-123425.04384,80866.82112,-438688.20672,279364.77696,1445620,8a4f37b91c472800
50,2i,82,31,9516400000,9516600000,200000,37587,66457,495648,929342,19905,-1009199.273216,641631.794688,-328615.611008,209776.556544,-290500.432512,183317.922816,-482426.192256,307501.329408,1424990,8a4f37b91c472800
50,2i,82,32,9516400000,9516600000,200000,65256,79332,310702,1034624,15210,-977408.968576,626066.439168,-555319.22368,353770.89024,-426272.196352,272081.703936,-525118.556416,335226.252288,1345326,8a4f37b91c472800
50,2i,82,33,9516400000,9516600000,200000,90807,96661,167385,1062344,10474,-920957.525952,589113.716736,-697842.288448,446288.062464,-511944.197504,327954.934272,-553841.108224,355015.583232,1229729,8a4f37b91c472800
50,2i,82,34,9516400000,9516600000,200000,113545,115667,75380,1011072,5178,-844956.78464,537765.99552,-744989.591808,473588.050944,-544927.822976,347402.938368,-561101.194368,357459.585024,1086452,8a4f37b91c472800
50,2i,82,35,9516400000,9516600000,200000,133130,133760,29890,905065,2225,-751002.90592,476563.52256,-710321.21312,451115.61216,-526633.39008,333500.60544,-531935.83296,336949.60128,934955,8a4f37b91c472800
50,2i,82,36,9516400000,9516600000,200000,149762,149888,9814,781242,552,-649618.945536,414601.832448,-635846.509824,405784.492032,-482782.5888,308404.8384,-483829.1616,308944.5888,791056,8a4f37b91c472800
50,2i,82,37,9516400000,9516600000,200000,163498,163518,2091,652599,248,-545667.346304,347277.852672,-542767.498496,345736.393728,-421275.443136,268241.269248,-421409.348544,268356.244992,654690,8a4f37b91c472800
50,2i,82,38,9516400000,9516600000,200000,174764,174764,380,527484,76,-443352.475648,282267.992064,-442961.05984,281931.90912,-359173.15456,228609.07008,-359173.15456,228609.07008,527864,8a4f37b91c472800
50,2i,82,39,9516400000,9516600000,200000,183077,183077,0,392550,0,-330567.365248,210570.084864,-330567.365248,210570.084864,-272946.742848,173845.361664,-272946.742848,173845.361664,392550,8a4f37b91c472800
50,2i,82,40,9516400000,9516600000,200000,189290,189290,0,292410,0,-246537.584,157139.712,-246537.584,157139.712,-209529.536,133544.448,-209529.536,133544.448,292410,8a4f37b91c472800
50,2i,82,41,9516400000,9516600000,200000,193679,193679,0,205365,0,-173163.768,110404.224,-173163.768,110404.224,-151732.9968,96740.5824,-151732.9968,96740.5824,205365,8a4f37b91c472800
50,2i,82,42,9516400000,9516600000,200000,196503,196503,0,133224,0,-112334.4768,71621.2224,-112334.4768,71621.2224,-100010.2656,63763.6608,-100010.2656,63763.6608,133224,8a4f37b91c472800
50,2i,82,43,9516400000,9516600000,200000,198330,198330,0,85617,0,-72192.2544,46027.6992,-72192.2544,46027.6992,-66242.6352,42234.3936,-66242.6352,42234.3936,85617,8a4f37b91c472800
50,2i,82,44,9516400000,9516600000,200000,199338,199338,0,47052,0,-39674.2464,25295.1552,-39674.2464,25295.1552,-37397.6064,23843.6352,-37397.6064,23843.6352,47052,8a4f37b91c472800
50,2i,82,45,9516400000,9516600000,200000,199788,199788,0,21100,0,-17791.52,11343.36,-17791.52,11343.36,-17074.8,10886.4,-17074.8,10886.4,21100,8a4f37b91c472800
50,2i,82,46,9516400000,9516600000,200000,199958,199958,0,7988,0,-6735.4816,4294.3488,-6735.4816,4294.3488,-6593.824,4204.032,-6593.824,4204.032,7988,8a4f37b91c472800
50,2i,82,47,9516400000,9516600000,200000,200000,200000,0,1974,0,-1664.4768,1061.2224,-1664.4768,1061.2224,-1664.4768,1061.2224,-1664.4768,1061.2224,1974,8a4f37b91c472800
50,2i,82,48,9516400000,9516600000,200000,200000,200000,0,0,0,0,0,0,0,0,0,0,0,0,8a4f37b91c472800
50,2i,82,49,9516400000,9516600000,200000,200000,200000,0,0,0,0,0,0,0,0,0,0,0,0,8a4f37b91c472800
50,2i,82,50,9516400000,9516600000,200000,200000,200000,0,0,0,0,0,0,0,0,0,0,0,0,8a4f37b91c472800
50,2i,83,0,9516600000,9516800000,200000,-200000,200000,0,0,0,0,0,0,0,0,0,0,0,0,277d8d2584812a74
50,2i,83,1,9516600000,9516800000,200000,-200000,200000,0,0,0,0,0,0,0,0,0,0,0,0,277d8d2584812a74
50,2i,83,2,9516600000,9516800000,200000,-200000,200000,0,0,0,0,0,0,0,0,0,0,0,0,277d8d2584812a74
50,2i,83,3,9516600000,9516800000,200000,-200000,200000,0,0,0,0,0,0,0,0,0,0,0,0,277d8d2584812a74
50,2i,83,4,9516600000,9516800000,200000,-200000,200000,0,0,0,0,0,0,0,0,0,0,0,0,277d8d2584812a74
50,2i,83,5,9516600000,9516800000,200000,-200000,200000,0,0,0,0,0,0,0,0,0,0,0,0,277d8d2584812a74
50,2i,83,6,9516600000,9516800000,200000,-200000,200000,0,0,0,0,0,0,0,0,0,0,0,0,277d8d2584812a74
50,2i,83,7,9516600000,9516800000,200000,-200000,200000,215,0,0,-181.288,115.584,181.288,-115.584,181.288,-115.584,-181.288,115.584,215,277d8d2584812a74
50,2i,83,8,9516600000,9516800000,200000,-199995,199995,880,0,0,-742.016,473.088,742.016,-473.088,708.288,-451.584,-708.288,451.584,880,277d8d2584812a74
50,2i,83,9,9516600000,9516800000,200000,-199975,199975,1902,0,0,-1603.7664,1022.5152,1603.7664,-1022.5152,1451.9904,-925.7472,-1451.9904,925.7472,1902,277d8d2584812a74
50,2i,83,10,9516600000,9516800000,200000,-199933,199933,3940,0,0,-3322.208,2118.144,3322.208,-2118.144,2968.064,-1892.352,-2968.064,1892.352,3940,277d8d2584812a74
50,2i,83,11,9516600000,9516800000,200000,-199845,199845,8222,0,0,-6932.7904,4420.1472,6932.7904,-4420.1472,6116.5728,-3899.7504,-6116.5728,3899.7504,8222,277d8d2584812a74
50,2i,83,12,9516600000,9516800000,200000,-199659,199659,14620,0,0,-12327.584,7859.712,12327.584,-7859.712,10445.5616,-6659.7888,-10445.5616,6659.7888,14620,277d8d2584812a74
50,2i,83,13,9516600000,9516800000,200000,-199333,199333,26031,0,0,-21949.3392,13994.2656,21949.3392,-13994.2656,18375.8576,-11715.9168,-18375.8576,11715.9168,26031,277d8d2584812a74
50,2i,83,14,9516600000,9516800000,200000,-198744,198744,43022,0,0,-36218.716288,23132.995584,36218.716288,-23132.995584,29265.689088,-18699.945984,-29265.689088,18699.945984,43022,277d8d2584812a74
50,2i,83,15,9516600000,9516800000,200000,-197778,197778,65450,0,0,-55163.50912,35187.74016,55163.50912,-35187.74016,42969.472,-27396.096,-42969.472,27396.096,65450,277d8d2584812a74
50,2i,83,16,9516600000,9516800000,200000,-196322,196322,95546,0,0,-80564.3872,51365.5296,80564.3872,-51365.5296,60921.2,-38841.6,-60921.2,38841.6,95546,277d8d2584812a74
50,2i,83,17,9516600000,9516800000,200000,-194197,194197,141560,0,0,-119363.392,76102.656,119363.392,-76102.656,88902.792,-56681.856,-88902.792,56681.856,141560,277d8d2584812a74
50,2i,83,18,9516600000,9516800000,200000,-191002,191002,197862,0,0,-166717.110912,106330.454016,166717.110912,-106330.454016,118224.678912,-75413.078016,-118224.678912,75413.078016,197862,277d8d2584812a74
50,2i,83,19,9516600000,9516800000,200000,-186616,186616,266110,62,0,-224097.239296,142899.568128,223992.682496,-142832.905728,153849.057792,-98089.721856,-153849.057792,98089.721856,266172,277d8d2584812a74
50,2i,83,20,9516600000,9516800000,200000,-180718,180722,350210,280,0,-294116.01344,187622.35392,293773.33696,-187403.87328,194653.49056,-124207.91808,-194720.94656,124250.92608,350490,277d8d2584812a74
50,2i,83,21,9516600000,9516800000,200000,-172967,172987,443497,1154,87,-370689.481024,236577.733632,369105.951424,-235568.120832,233520.336064,-149050.916352,-233712.9904,149173.7472,444651,277d8d2584812a74
50,2i,83,22,9516600000,9516800000,200000,-163247,163335,551864,3828,374,-458899.444992,293503.251456,454162.910208,-290292.102144,278777.170048,-178441.611264,-279832.3168,179114.3424,555692,277d8d2584812a74
50,2i,83,23,9516600000,9516800000,200000,-151038,151346,670236,8848,847,-554551.509248,354435.876864,543592.605056,-347230.199808,318131.162112,-202937.135616,-321155.159424,205022.264832,679084,277d8d2584812a74
50,2i,83,24,9516600000,9516800000,200000,-136287,137063,786560,24180,1854,-650459.842816,415320.127488,619362.647552,-395083.585536,347257.365888,-221610.768384,-354310.616448,226162.366464,810740,277d8d2584812a74
50,2i,83,25,9516600000,9516800000,200000,-118721,120925,901750,55850,3900,-748733.9424,479050.4832,677566.9024,-432651.7632,364298.5344,-233034.7392,-387417.712,248116.416,957600,277d8d2584812a74
50,2i,83,26,9516600000,9516800000,200000,-97983,103227,989124,114088,6498,-839052.403712,535823.164416,691441.853184,-440891.200512,349369.791872,-221873.719296,-399339.568768,254443.444224,1103212,277d8d2584812a74
50,2i,83,27,9516600000,9516800000,200000,-74482,85940,1020229,216990,9644,-913196.331584,581574.131712,627359.424832,-396381.720576,294205.92768,-185970.76224,-404051.798016,256128.281088,1237219,277d8d2584812a74
50,2i,83,28,9516600000,9516800000,200000,-48278,71310,982020,371498,15380,-969345.545344,616314.427392,470673.705344,-298389.307392,187858.204928,-118226.863104,-402108.162304,258269.340672,1353518,277d8d2584812a74
50,2i,83,29,9516600000,9516800000,200000,-20105,62179,865253,557215,20252,-1000063.932288,634823.683584,237599.476992,-152537.427456,42530.358144,-28294.497792,-417450.112512,262776.162816,1422468,277d8d2584812a74
50,2i,83,30,9516600000,9516800000,200000,8726,60120,689830,749740,20740,-1007333.79648,641734.64064,-39003.55776,27679.68768,-121210.0032,77883.4176,-432425.28384,276123.14112,1439570,277d8d2584812a74
50,2i,83,31,9516600000,9516800000,200000,37458,66204,490599,924550,20019,-999758.996032,637723.762176,-328451.828544,211124.884992,-287382.360832,184777.368576,-476305.843328,304104.674304,1415149,277d8d2584812a74
50,2i,83,32,9516600000,9516800000,200000,65061,79117,307238,1035598,16430,-975324.825344,619985.467392,-560982.69312,358076.25216,-427309.862656,272661.316608,-523465.076992,333598.227456,1342836,277d8d2584812a74
50,2i,83,33,9516600000,9516800000,200000,90591,96625,165190,1063115,10523,-922981.783104,586196.355072,-702135.91392,446416.06656,-514457.542464,326787.351552,-559018.852032,354849.970176,1228305,277d8d2584812a74
50,2i,83,34,9516600000,9516800000,200000,113286,115458,78054,1008312,5224,-846716.354944,538339.080192,-741214.339712,471770.812416,-543451.60448,345753.58464,-559831.000576,356196.615168,1086366,277d8d2584812a74
50,2i,83,35,9516600000,9516800000,200000,132957,133579,30740,912805,2430,-757133.72768,481161.16224,-716330.20384,455077.70112,-527597.05056,335429.99808,-532570.64544,338669.32992,943545,277d8d2584812a74
50,2i,83,36,9516600000,9516800000,200000,149961,150101,9460,796892,652,-663396.701696,421325.411328,-650387.25376,412867.01568,-495419.072512,314225.442816,-496491.892736,314909.442048,806352,277d8d2584812a74
50,2i,83,37,9516600000,9516800000,200000,163833,163861,2228,654270,309,-547017.211392,348477.766656,-543940.7456,346516.3008,-425211.588032,270892.018176,-425452.743232,271045.771776,656498,277d8d2584812a74
50,2i,83,38,9516600000,9516800000,200000,174851,174855,480,517432,50,-435030.71104,277119.39072,-434305.55904,276657.05472,-351188.257664,223691.185152,-351208.494464,223704.087552,517912,277d8d2584812a74
50,2i,83,39,9516600000,9516800000,200000,183120,183120,78,389678,39,-327990.278272,208953.194496,-327924.508672,208911.261696,-271276.716672,172869.405696,-271276.716672,172869.405696,389756,277d8d2584812a74
50,2i,83,40,9516600000,9516800000,200000,189235,189235,0,288840,0,-243414.72,154920.96,-243414.72,154920.96,-206111.552,131137.536,-206111.552,131137.536,288840,277d8d2584812a74
50,2i,83,41,9516600000,9516800000,200000,193659,193659,0,207619,0,-175064.3408,111615.9744,-175064.3408,111615.9744,-152942.9888,97512.0384,-152942.9888,97512.0384,207619,277d8d2584812a74
50,2i,83,42,9516600000,9516800000,200000,196574,196574,0,136510,0,-115105.232,73387.776,-115105.232,73387.776,-103232.976,65818.368,-103232.976,65818.368,136510,277d8d2584812a74
50,2i,83,43,9516600000,9516800000,200000,198334,198334,0,82687,0,-69721.6784,44452.5312,-69721.6784,44452.5312,-63813.376,40685.568,-63813.376,40685.568,82687,277d8d2584812a74
50,2i,83,44,9516600000,9516800000,200000,199335,199335,0,46804,0,-39465.1328,25161.8304,-39465.1328,25161.8304,-37137.9008,23678.0544,-37137.9008,23678.0544,46804,277d8d2584812a74
50,2i,83,45,9516600000,9516800000,200000,199795,199795,0,21540,0,-18162.528,11579.904,-18162.528,11579.904,-17454.24,11128.32,-17454.24,11128.32,21540,277d8d2584812a74
50,2i,83,46,9516600000,9516800000,200000,199963,199963,0,7876,0,-6641.0432,4234.1376,-6641.0432,4234.1376,-6516.2496,4154.5728,-6516.2496,4154.5728,7876,277d8d2584812a74
50,2i,83,47,9516600000,9516800000,200000,200000,200000,0,1739,0,-1466.3248,934.8864,-1466.3248,934.8864,-1466.3248,934.8864,-1466.3248,934.8864,1739,277d8d2584812a74
50,2i,83,48,9516600000,9516800000,200000,200000,200000,0,0,0,0,0,0,0,0,0,0,0,0,277d8d2584812a74
50,2i,83,49,9516600000,9516800000,200000,200000,200000,0,0,0,0,0,0,0,0,0,0,0,0,277d8d2584812a74
50,2i,83,50,9516600000,9516800000,200000,200000,200000,0,0,0,0,0,0,0,0,0,0,0,0,277d8d2584812a74
50,2i,84,0,9516800000,9517000000,200000,-200000,200000,0,0,0,0,0,0,0,0,0,0,0,0,c4430166c5b76509
50,2i,84,1,9516800000,9517000000,200000,-200000,200000,0,0,0,0,0,0,0,0,0,0,0,0,c4430166c5b76509
50,2i,84,2,9516800000,9517000000,200000,-200000,200000,0,0,0,0,0,0,0,0,0,0,0,0,c4430166c5b76509
50,2i,84,3,9516800000,9517000000,200000,-200000,200000,0,0,0,0,0,0,0,0,0,0,0,0,c4430166c5b76509
50,2i,84,4,9516800000,9517000000,200000,-200000,200000,0,0,0,0,0,0,0,0,0,0,0,0,c4430166c5b76509
50,2i,84,5,9516800000,9517000000,200000,-200000,200000,0,0,0,0,0,0,0,0,0,0,0,0,c4430166c5b76509
50,2i,84,6,9516800000,9517000000,200000,-200000,200000,0,0,0,0,0,0,0,0,0,0,0,0,c4430166c5b76509
50,2i,84,7,9516800000,9517000000,200000,-200000,200000,129,0,0,-108.7728,69.3504,108.7728,-69.3504,108.7728,-69.3504,-108.7728,69.3504,129,c4430166c5b76509
50,2i,84,8,9516800000,9517000000,200000,-199997,199997,612,0,0,-516.0384,329.0112,516.0384,-329.0112,495.8016,-316.1088,-495.8016,316.1088,612,c4430166c5b76509
50,2i,84,9,9516800000,9517000000,200000,-199983,199983,2094,0,0,-1765.6608,1125.7344,1765.6608,-1125.7344,1659.4176,-1057.9968,-1659.4176,1057.9968,2094,c4430166c5b76509
50,2i,84,10,9516800000,9517000000,200000,-199935,199935,4440,0,0,-3743.808,2386.944,3743.808,-2386.944,3339.072,-2128.896,-3339.072,2128.896,4440,c4430166c5b76509
50,2i,84,11,9516800000,9517000000,200000,-199836,199836,7797,0,0,-6574.4304,4191.6672,6574.4304,-4191.6672,5656.1856,-3606.2208,-5656.1856,3606.2208,7797,c4430166c5b76509
50,2i,84,12,9516800000,9517000000,200000,-199664,199664,15136,0,0,-12762.6752,8137.1136,12762.6752,-8137.1136,11022.3104,-7027.5072,-11022.3104,7027.5072,15136,c4430166c5b76509
50,2i,84,13,9516800000,9517000000,200000,-199320,199320,26117,0,0,-22021.8544,14040.4992,22021.8544,-14040.4992,18251.064,-11636.352,-18251.064,11636.352,26117,c4430166c5b76509
50,2i,84,14,9516800000,9517000000,200000,-198735,198735,40194,0,0,-33891.5808,21608.2944,33891.5808,-21608.2944,26985.7728,-17205.3504,-26985.7728,17205.3504,40194,c4430166c5b76509
50,2i,84,15,9516800000,9517000000,200000,-197846,197846,67690,0,0,-57076.208,36390.144,57076.208,-36390.144,45832.136,-29221.248,-45832.136,29221.248,67690,c4430166c5b76509
50,2i,84,16,9516800000,9517000000,200000,-196293,196293,96656,0,0,-81500.3392,51962.2656,81500.3392,-51962.2656,60548.5056,-38603.9808,-60548.5056,38603.9808,96656,c4430166c5b76509
50,2i,84,17,9516800000,9517000000,200000,-194181,194181,141273,0,0,-119068.745664,75952.369152,119068.745664,-75952.369152,88794.492864,-56650.378752,-88794.492864,56650.378752,141273,c4430166c5b76509
50,2i,84,18,9516800000,9517000000,200000,-190988,190988,197122,0,0,-166010.358656,105791.044608,166010.358656,-105791.044608,117576.998912,-74890.838016,-117576.998912,74890.838016,197122,c4430166c5b76509
50,2i,84,19,9516800000,9517000000,200000,-186624,186624,264111,31,0,-222018.859136,141509.557248,221966.580736,-141476.226048,152181.376832,-97026.456576,-152181.376832,97026.456576,264142,c4430166c5b76509
50,2i,84,20,9516800000,9517000000,200000,-180778,180780,343130,200,0,-287288.50112,183679.19616,286951.22112,-183464.15616,188921.46368,-120963.21024,-188955.19168,120984.71424,343330,c4430166c5b76509
50,2i,84,21,9516800000,9517000000,200000,-173231,173245,447897,706,29,-373548.939968,238951.885824,372532.445504,-238303.798272,240677.62016,-153878.33088,-240890.10656,154013.80608,448603,c4430166c5b76509
50,2i,84,22,9516800000,9517000000,200000,-163227,163281,558896,3100,386,-463396.205056,296474.999808,460002.223872,-294311.095296,278730.625408,-178411.935744,-279340.56256,178800.81408,561996,c4430166c5b76509
50,2i,84,23,9516800000,9517000000,200000,-151016,151260,670627,9772,731,-552261.841344,355018.555392,540756.7696,-347129.9328,316158.049472,-203632.836096,-318444.942784,205090.893312,680399,c4430166c5b76509
50,2i,84,24,9516800000,9517000000,200000,-136218,137024,789342,24736,1528,-648095.425152,416290.062336,617862.201472,-396167.172096,346836.070784,-221715.597312,-355030.007168,227431.655424,814078,c4430166c5b76509
50,2i,84,25,9516800000,9517000000,200000,-118567,120757,905725,55625,3350,-748630.9408,478244.7744,678210.656,-431980.608,365389.3728,-232250.1504,-386580.9952,246102.8736,961350,c4430166c5b76509
50,2i,84,26,9516800000,9517000000,200000,-97764,103020,985268,114690,6108,-835270.035584,533990.003712,688080.905088,-437550.633984,345051.974528,-220172.795904,-396249.783424,253880.696832,1099958,c4430166c5b76509
50,2i,84,27,9516800000,9517000000,200000,-74469,85961,1008873,219104,10863,-904431.585984,577225.830912,617648.019264,-392816.573952,290062.445376,-183079.661568,-398052.682176,253652.563968,1227977,c4430166c5b76509
50,2i,84,28,9516800000,9517000000,200000,-48425,71649,975042,369618,16094,-958797.802496,613301.065728,468264.205824,-296283.820032,185847.595264,-119663.741952,-403509.040384,258247.130112,1344660,c4430166c5b76509
50,2i,84,29,9516800000,9517000000,200000,-20451,62345,866808,553879,19720,-994894.523968,636235.597824,241672.906176,-152851.795968,49996.559872,-27861.943296,-409691.668736,263070.210048,1420687,c4430166c5b76509
50,2i,84,30,9516800000,9517000000,200000,8570,60292,696350,754780,21230,-1017569.5136,646040.5248,-43132.38336,26065.42848,-122220.53312,75089.37216,-439960.19392,279447.10656,1451130,c4430166c5b76509
50,2i,84,31,9516800000,9517000000,200000,37595,66293,495591,933695,19006,-1012646.794112,648032.111616,-330738.567168,210773.735424,-291648.030336,185864.398848,-481059.78304,306368.28672,1429286,c4430166c5b76509
50,2i,84,32,9516800000,9517000000,200000,65464,79560,307666,1046040,14598,-982486.514048,627621.003264,-562838.904192,361445.677056,-430251.395584,277082.483712,-530889.737728,340303.893504,1353706,c4430166c5b76509
50,2i,84,33,9516800000,9517000000,200000,91125,96995,167349,1063681,9607,-923404.351872,586983.799296,-696447.6,444436.8,-514275.69888,327386.40384,-556728.823488,354027.485184,1231030,c4430166c5b76509
50,2i,84,34,9516800000,9517000000,200000,113726,115876,75560,1011322,5608,-845824.924032,539234.866176,-744022.9472,475107.6096,-540399.565696,344584.163328,-557295.293312,355429.257216,1086882,c4430166c5b76509
50,2i,84,35,9516800000,9517000000,200000,133629,134239,30475,916270,2260,-761269.01856,486091.82208,-719583.00448,459388.78464,-535929.05216,342307.70688,-540655.66208,345287.10144,946745,c4430166c5b76509
50,2i,84,36,9516800000,9517000000,200000,150305,150445,9300,782248,1042,-650139.965952,414059.636736,-637573.78432,406161.65376,-484509.611648,309089.240064,-485731.929472,309836.676096,791548,c4430166c5b76509
50,2i,84,37,9516800000,9517000000,200000,163963,163983,2337,642226,185,-538083.03456,341460.91008,-534655.314368,339359.745024,-419418.193408,265934.559744,-419615.502208,266060.358144,644563,c4430166c5b76509
50,2i,84,38,9516800000,9517000000,200000,174672,174674,354,506836,0,-426314.876544,271560.148992,-425717.890944,271179.528192,-341558.221056,217508.087808,-341578.457856,217520.990208,507190,c4430166c5b76509
50,2i,84,39,9516800000,9517000000,200000,183026,183026,39,394858,0,-332729.010624,212195.346432,-332663.241024,212153.413632,-274456.143936,175029.723648,-274456.143936,175029.723648,394897,c4430166c5b76509
50,2i,84,40,9516800000,9517000000,200000,189307,189307,0,294810,0,-248519.97632,158494.70976,-248519.97632,158494.70976,-211781.75232,135071.47776,-211781.75232,135071.47776,294810,c4430166c5b76509
50,2i,84,41,9516800000,9517000000,200000,193664,193664,0,204827,0,-172710.1264,110114.9952,-172710.1264,110114.9952,-150626.7184,96035.2512,-150626.7184,96035.2512,204827,c4430166c5b76509
50,2i,84,42,9516800000,9517000000,200000,196574,196574,0,135964,0,-114644.8448,73094.2464,-114644.8448,73094.2464,-103055.904,65705.472,-103055.904,65705.472,135964,c4430166c5b76509
50,2i,84,43,9516800000,9517000000,200000,198292,198292,0,80965,0,-68269.688,43526.784,-68269.688,43526.784,-62290.5568,39714.6624,-62290.5568,39714.6624,80965,c4430166c5b76509
50,2i,84,44,9516800000,9517000000,200000,199305,199305,0,47410,0,-39976.112,25487.616,-39976.112,25487.616,-37583.1104,23961.9072,-37583.1104,23961.9072,47410,c4430166c5b76509
50,2i,84,45,9516800000,9517000000,200000,199778,199778,0,22165,0,-18689.528,11915.904,-18689.528,11915.904,-17947.512,11442.816,-17947.512,11442.816,22165,c4430166c5b76509
50,2i,84,46,9516800000,9517000000,200000,199954,199954,0,8280,0,-6981.696,4451.328,-6981.696,4451.328,-6826.5472,4352.4096,-6826.5472,4352.4096,8280,c4430166c5b76509
50,2i,84,47,9516800000,9517000000,200000,200000,200000,0,2162,0,-1822.9984,1162.2912,-1822.9984,1162.2912,-1822.9984,1162.2912,-1822.9984,1162.2912,2162,c4430166c5b76509
50,2i,84,48,9516800000,9517000000,200000,200000,200000,0,0,0,0,0,0,0,0,0,0,0,0,c4430166c5b76509
50,2i,84,49,9516800000,9517000000,200000,200000,200000,0,0,0,0,0,0,0,0,0,0,0,0,c4430166c5b76509
50,2i,84,50,9516800000,9517000000,200000,200000,200000,0,0,0,0,0,0,0,0,0,0,0,0,c4430166c5b76509
50,2i,85,0,9517000000,9517200000,200000,-200000,200000,0,0,0,0,0,0,0,0,0,0,0,0,89c908c1eb791623
50,2i,85,1,9517000000,9517200000,200000,-200000,200000,0,0,0,0,0,0,0,0,0,0,0,0,89c908c1eb791623
50,2i,85,2,9517000000,9517200000,200000,-200000,200000,0,0,0,0,0,0,0,0,0,0,0,0,89c908c1eb791623
50,2i,85,3,9517000000,9517200000,200000,-200000,200000,0,0,0,0,0,0,0,0,0,0,0,0,89c908c1eb791623
50,2i,85,4,9517000000,9517200000,200000,-200000,200000,0,0,0,0,0,0,0,0,0,0,0,0,89c908c1eb791623
50,2i,85,5,9517000000,9517200000,200000,-200000,200000,0,0,0,0,0,0,0,0,0,0,0,0,89c908c1eb791623
50,2i,85,6,9517000000,9517200000,200000,-200000,200000,44,0,0,-37.1008,23.6544,37.1008,-23.6544,37.1008,-23.6544,-37.1008,23.6544,44,89c908c1eb791623
50,2i,85,7,9517000000,9517200000,200000,-199999,199999,50,0,0,-42.16,26.88,42.16,-26.88,36.2576,-23.1168,-36.2576,23.1168,50,89c908c1eb791623
50,2i,85,8,9517000000,9517200000,200000,-199998,199998,638,0,0,-537.9616,342.9888,537.9616,-342.9888,531.216,-338.688,-531.216,338.688,638,89c908c1eb791623
50,2i,85,9,9517000000,9517200000,200000,-199983,199983,1488,0,0,-1254.6816,799.9488,1254.6816,-799.9488,1140.8496,-727.3728,-1140.8496,727.3728,1488,89c908c1eb791623
50,2i,85,10,9517000000,9517200000,200000,-199950,199950,3450,0,0,-2909.04,1854.72,2909.04,-1854.72,2630.784,-1677.312,-2630.784,1677.312,3450,89c908c1eb791623
50,2i,85,11,9517000000,9517200000,200000,-199872,199872,7488,0,0,-6313.8816,4025.5488,6313.8816,-4025.5488,5590.416,-3564.288,-5590.416,3564.288,7488,89c908c1eb791623
50,2i,85,12,9517000000,9517200000,200000,-199702,199702,14732,0,0,-12422.0224,7919.9232,12422.0224,-7919.9232,10701.8944,-6823.2192,-10701.8944,6823.2192,14732,89c908c1eb791623
50,2i,85,13,9517000000,9517200000,200000,-199368,199368,25654,0,0,-21631.4528,13791.5904,21631.4528,-13791.5904,17970.2784,-11457.3312,-17970.2784,11457.3312,25654,89c908c1eb791623
50,2i,85,14,9517000000,9517200000,200000,-198792,198792,42300,0,0,-35667.36,22740.48,35667.36,-22740.48,28867.7952,-18405.2736,-28867.7952,18405.2736,42300,89c908c1eb791623
50,2i,85,15,9517000000,9517200000,200000,-197841,197841,65015,0,0,-54820.648,34952.064,54820.648,-34952.064,42792.4,-27283.2,-42792.4,27283.2,65015,89c908c1eb791623
50,2i,85,16,9517000000,9517200000,200000,-196391,196391,96368,0,0,-81257.4976,51807.4368,81257.4976,-51807.4368,61695.2576,-39335.1168,-61695.2576,39335.1168,96368,89c908c1eb791623
50,2i,85,17,9517000000,9517200000,200000,-194239,194239,140930,0,0,-118832.176,75763.968,118832.176,-75763.968,87984.5472,-56096.4096,-87984.5472,56096.4096,140930,89c908c1eb791623
50,2i,85,18,9517000000,9517200000,200000,-191077,191077,195028,0,0,-164327.482112,104806.895616,164327.482112,-104806.895616,116335.910912,-74208.854016,-116335.910912,74208.854016,195028,89c908c1eb791623
50,2i,85,19,9517000000,9517200000,200000,-186761,186761,267043,31,0,-224607.599488,143260.253184,224555.321088,-143226.921984,155507.013184,-99182.080512,-155507.013184,99182.080512,267074,89c908c1eb791623
50,2i,85,20,9517000000,9517200000,200000,-180791,180793,349540,140,0,-293139.35232,186988.27776,292998.97984,-186830.46912,192725.1968,-122910.1824,-192758.9248,122931.6864,349680,89c908c1eb791623
50,2i,85,21,9517000000,9517200000,200000,-173115,173125,443862,838,58,-370640.772224,236456.735232,369669.984896,-235591.868928,235198.610432,-149931.941376,-235273.261568,150027.354624,444700,89c908c1eb791623
50,2i,85,22,9517000000,9517200000,200000,-163339,163401,553216,3176,296,-460715.660288,294069.187584,456673.825792,-291341.945856,279899.981312,-178636.041216,-280579.808768,179219.764224,556392,89c908c1eb791623
50,2i,85,23,9517000000,9517200000,200000,-151149,151397,677075,9672,855,-561481.245632,357886.334976,549009.083712,-350057.404416,323667.283712,-206115.004416,-326428.932352,207875.751936,686747,89c908c1eb791623
50,2i,85,24,9517000000,9517200000,200000,-136098,136904,797126,25702,1746,-658775.406592,421430.240256,625506.395648,-399854.552064,348893.465856,-223949.534208,-357525.033216,229343.474688,822828,89c908c1eb791623
50,2i,85,25,9517000000,9517200000,200000,-118344,120612,902575,57400,3675,-748004.1968,479382.1824,674716.872,-431119.296,359891.3312,-229541.7216,-383581.1808,245101.0944,959975,89c908c1eb791623
50,2i,85,26,9517000000,9517200000,200000,-97699,103097,990240,113074,5988,-837356.373888,533751.312384,692286.872704,-438932.047872,352425.229952,-222521.588736,-404006.60416,256533.24288,1103314,89c908c1eb791623
50,2i,85,27,9517000000,9517200000,200000,-74093,85523,1020875,215131,10147,-913256.158336,580945.102848,629716.57536,-399182.48448,293406.388736,-186391.170048,-398580.531584,254799.731712,1236006,89c908c1eb791623
50,2i,85,28,9517000000,9517200000,200000,-48065,71121,972580,367584,15506,-962654.119424,613111.544832,468594.031872,-299962.039296,185844.377984,-118987.686912,-402984.913792,256983.929856,1340164,89c908c1eb791623
50,2i,85,29,9517000000,9517200000,200000,-20275,61951,859257,554141,19524,-994733.753472,634584.708096,237279.460608,-153167.929344,45399.41472,-30634.92096,-410429.732928,261518.767104,1413398,89c908c1eb791623
50,2i,85,30,9517000000,9517200000,200000,8653,60085,689690,754530,22150,-1009216.04096,645211.74528,-45339.59424,29806.64832,-123956.864,79930.752,-436648.81408,277973.43744,1444220,89c908c1eb791623
50,2i,85,31,9517000000,9517200000,200000,37472,66126,490581,925574,20081,-1001133.153216,639115.634688,-328652.648128,212192.200704,-288907.225536,185784.872448,-476715.208,305742.144,1416155,89c908c1eb791623
50,2i,85,32,9517000000,9517200000,200000,64986,79164,305956,1037128,15186,-977577.513472,623120.388096,-560290.373888,358263.312384,-424595.462016,271561.433088,-525574.420608,334385.209344,1343084,89c908c1eb791623
50,2i,85,33,9517000000,9517200000,200000,90688,96606,168301,1065612,9959,-930113.872448,591139.774464,-701309.507904,449006.441472,-516885.034112,330672.431616,-560561.307904,357628.841472,1233913,89c908c1eb791623
50,2i,85,34,9517000000,9517200000,200000,113379,115531,76150,1009600,5052,-848364.226176,537481.555968,-745192.985984,473301.030912,-546067.692032,346711.090176,-561886.38464,356978.79552,1085750,89c908c1eb791623
50,2i,85,35,9517000000,9517200000,200000,133020,133656,30130,908000,2635,-753827.0848,477726.5664,-714213.06304,452071.32672,-528623.1136,334285.3248,-533633.74528,337479.95904,938130,89c908c1eb791623
50,2i,85,36,9517000000,9517200000,200000,149733,149889,9508,784534,962,-653061.777024,415489.861632,-639861.251968,407201.101824,-486352.44224,309328.31232,-487527.451264,309949.949952,794042,89c908c1eb791623
50,2i,85,37,9517000000,9517200000,200000,163474,163506,2463,649084,285,-543065.267648,346029.848064,-539748.017856,344311.070208,-421486.780352,268757.415936,-421698.649152,268833.294336,651547,89c908c1eb791623
50,2i,85,38,9517000000,9517200000,200000,174484,174490,518,519370,76,-436021.785088,277810.473984,-435375.519488,277598.813184,-350211.8496,223255.3728,-350238.8064,223245.2352,519888,89c908c1eb791623
50,2i,85,39,9517000000,9517200000,200000,182943,182945,89,398221,0,-335495.991936,213687.387648,-335389.831936,213708.507648,-277779.028736,176970.690048,-277797.579136,176982.517248,398310,89c908c1eb791623
50,2i,85,40,9517000000,9517200000,200000,189162,189162,40,293040,0,-247057.472,157380.096,-246990.016,157337.088,-209653.12,133532.16,-209653.12,133532.16,293080,89c908c1eb791623
50,2i,85,41,9517000000,9517200000,200000,193594,193594,0,208370,0,-175697.584,112019.712,-175697.584,112019.712,-153219.5584,97688.3712,-153219.5584,97688.3712,208370,89c908c1eb791623
50,2i,85,42,9517000000,9517200000,200000,196556,196556,0,138380,0,-116682.016,74393.088,-116682.016,74393.088,-104897.4528,66879.5904,-104897.4528,66879.5904,138380,89c908c1eb791623
50,2i,85,43,9517000000,9517200000,200000,198303,198303,0,82128,0,-69250.3296,44152.0128,-69250.3296,44152.0128,-63342.0272,40385.0496,-63342.0272,40385.0496,82128,89c908c1eb791623
50,2i,85,44,9517000000,9517200000,200000,199304,199304,0,46762,0,-39429.7184,25139.2512,-39429.7184,25139.2512,-37137.9008,23678.0544,-37137.9008,23678.0544,46762,89c908c1eb791623
50,2i,85,45,9517000000,9517200000,200000,199757,199757,0,21350,0,-18002.32,11477.76,-18002.32,11477.76,-17188.632,10958.976,-17188.632,10958.976,21350,89c908c1eb791623
50,2i,85,46,9517000000,9517200000,200000,199950,199950,0,9078,0,-7654.5696,4880.3328,-7654.5696,4880.3328,-7485.9296,4772.8128,-7485.9296,4772.8128,9078,89c908c1eb791623
50,2i,85,47,9517000000,9517200000,200000,200000,200000,0,2350,0,-1981.52,1263.36,-1981.52,1263.36,-1981.52,1263.36,-1981.52,1263.36,2350,89c908c1eb791623
50,2i,85,48,9517000000,9517200000,200000,200000,200000,0,0,0,0,0,0,0,0,0,0,0,0,89c908c1eb791623
50,2i,85,49,9517000000,9517200000,200000,200000,200000,0,0,0,0,0,0,0,0,0,0,0,0,89c908c1eb791623
50,2i,85,50,9517000000,9517200000,200000,200000,200000,0,0,0,0,0,0,0,0,0,0,0,0,89c908c1eb791623
50,2i,86,0,9517200000,9517400000,200000,-200000,200000,0,0,0,0,0,0,0,0,0,0,0,0,568a3e055e73abbe
50,2i,86,1,9517200000,9517400000,200000,-200000,200000,0,0,0,0,0,0,0,0,0,0,0,0,568a3e055e73abbe
50,2i,86,2,9517200000,9517400000,200000,-200000,200000,0,0,0,0,0,0,0,0,0,0,0,0,568a3e055e73abbe
50,2i,86,3,9517200000,9517400000,200000,-200000,200000,0,0,0,0,0,0,0,0,0,0,0,0,568a3e055e73abbe
50,2i,86,4,9517200000,9517400000,200000,-200000,200000,0,0,0,0,0,0,0,0,0,0,0,0,568a3e055e73abbe
50,2i,86,5,9517200000,9517400000,200000,-200000,200000,0,0,0,0,0,0,0,0,0,0,0,0,568a3e055e73abbe
50,2i,86,6,9517200000,9517400000,200000,-200000,200000,0,0,0,0,0,0,0,0,0,0,0,0,568a3e055e73abbe
50,2i,86,7,9517200000,9517400000,200000,-200000,200000,172,0,0,-145.0304,92.4672,145.0304,-92.4672,145.0304,-92.4672,-145.0304,92.4672,172,568a3e055e73abbe
50,2i,86,8,9517200000,9517400000,200000,-199996,199996,452,0,0,-381.1264,242.9952,381.1264,-242.9952,354.144,-225.792,-354.144,225.792,452,568a3e055e73abbe
50,2i,86,9,9517200000,9517400000,200000,-199986,199986,1525,0,0,-1285.88,819.84,1285.88,-819.84,1209.992,-771.456,-1209.992,771.456,1525,568a3e055e73abbe
50,2i,86,10,9517200000,9517400000,200000,-199951,199951,3110,0,0,-2622.352,1671.936,2622.352,-1671.936,2327.232,-1483.776,-2327.232,1483.776,3110,568a3e055e73abbe
50,2i,86,11,9517200000,9517400000,200000,-199882,199882,7701,0,0,-6493.4832,4140.0576,6493.4832,-4140.0576,5853.4944,-3732.0192,-5853.4944,3732.0192,7701,568a3e055e73abbe
50,2i,86,12,9517200000,9517400000,200000,-199704,199704,14220,0,0,-11990.304,7644.672,11990.304,-7644.672,10189.2288,-6496.3584,-10189.2288,6496.3584,14220,568a3e055e73abbe
50,2i,86,13,9517200000,9517400000,200000,-199386,199386,25890,0,0,-21830.448,13918.464,21830.448,-13918.464,18344.6592,-11696.0256,-18344.6592,11696.0256,25890,568a3e055e73abbe
50,2i,86,14,9517200000,9517400000,200000,-198798,198798,42432,0,0,-35778.6624,22811.4432,35778.6624,-22811.4432,28837.44,-18385.92,-28837.44,18385.92,42432,568a3e055e73abbe
50,2i,86,15,9517200000,9517400000,200000,-197848,197848,62655,0,0,-52830.696,33683.328,52830.696,-33683.328,40815.096,-26022.528,-40815.096,26022.528,62655,568a3e055e73abbe
50,2i,86,16,9517200000,9517400000,200000,-196465,196465,99580,0,0,-83965.856,53534.208,83965.856,-53534.208,65307.5264,-41638.1952,-65307.5264,41638.1952,99580,568a3e055e73abbe
50,2i,86,17,9517200000,9517400000,200000,-194187,194187,141356,0,0,-119138.731264,75996.989952,119138.731264,-75996.989952,86484.968064,-55177.892352,-86484.968064,55177.892352,141356,568a3e055e73abbe
50,2i,86,18,9517200000,9517400000,200000,-191077,191077,195692,0,0,-164684.557568,105091.482624,164684.557568,-105091.482624,117510.938624,-74994.450432,-117510.938624,74994.450432,195692,568a3e055e73abbe
50,2i,86,19,9517200000,9517400000,200000,-186711,186711,264800,31,31,-222560.656192,141976.813056,222560.656192,-141976.813056,152788.536384,-97448.858112,-152788.536384,97448.858112,264831,568a3e055e73abbe
50,2i,86,20,9517200000,9517400000,200000,-180844,180846,346310,140,20,-290210.26752,185325.71136,290007.89952,-185196.68736,191535.83424,-122390.96832,-191535.83424,122390.96832,346450,568a3e055e73abbe
50,2i,86,21,9517200000,9517400000,200000,-173207,173217,445537,606,58,-372015.078464,238235.799552,371368.529472,-237625.476096,237545.8912,-152211.8016,-237687.5488,152302.1184,446143,568a3e055e73abbe
50,2i,86,22,9517200000,9517400000,200000,-163353,163399,556620,2860,296,-462318.847488,296273.117184,458925.520896,-293704.316928,280169.713664,-179286.193152,-280552.73472,179680.68096,559480,568a3e055e73abbe
50,2i,86,23,9517200000,9517400000,200000,-151114,151336,678155,9152,828,-558247.233856,358473.758208,547588.266048,-350792.139264,321384.654592,-206307.104256,-323857.405568,208093.146624,687307,568a3e055e73abbe
50,2i,86,24,9517200000,9517400000,200000,-136084,136834,793056,24822,2268,-651864.372864,417782.218752,622333.7824,-397879.6032,346686.51008,-221032.76544,-353963.147264,226273.277952,817878,568a3e055e73abbe
50,2i,86,25,9517200000,9517400000,200000,-118501,120673,890250,58150,4400,-737920.432681656804734,473558.198684023668639,665909.392681656804734,-425767.478684023668639,354365.099881656804734,-227562.768284023668639,-375763.131881656804734,241660.944284023668639,948400,568a3e055e73abbe
50,2i,86,26,9517200000,9517400000,200000,-98148,103550,978204,118094,7276,-828658.890195313609467,532182.917944047337278,677910.942646532544379,-433865.634070721893491,347299.471744,-221507.822592,-399937.000064,256548.068352,1096298,568a3e055e73abbe
50,2i,86,27,9517200000,9517400000,200000,-74518,86262,1021915,217798,10511,-910643.616416189349112,584941.31473874556213,625329.731423810650888,-397714.17838125443787,292479.047711810650888,-186827.97396525443787,-402853.269344189349112,258014.64184274556213,1239713,568a3e055e73abbe
50,2i,86,28,9517200000,9517400000,200000,-48357,71595,985368,366066,15218,-964803.26208,619923.90144,476670.16256,-299213.61408,191005.941632,-118161.662976,-403975.966592,259428.320256,1351434,568a3e055e73abbe
50,2i,86,29,9517200000,9517400000,200000,-20224,62112,867971,554303,20594,-994071.591296,635707.504128,242761.036032,-149402.482176,44911.66592,-25419.20256,-407626.62784,261958.53312,1422274,568a3e055e73abbe
50,2i,86,30,9517200000,9517400000,200000,8653,60271,688170,757080,21630,-1006713.03488,639961.25184,-47582.92288,33001.63584,-121244.86336,80194.06848,-433891.69856,276614.06208,1445250,568a3e055e73abbe
50,2i,86,31,9517200000,9517400000,200000,37600,66478,491398,927908,18196,-1002145.110912,634234.454016,-329081.393536,209496.296448,-292617.970368,184876.353024,-481079.093184,305163.520512,1419306,568a3e055e73abbe
50,2i,86,32,9517200000,9517400000,200000,65071,79325,308972,1035202,13664,-972998.561152,617639.310336,-554325.711232,351675.595776,-418866.155008,266157.548544,-520130.79808,329532.34944,1344174,568a3e055e73abbe
50,2i,86,33,9517200000,9517400000,200000,90910,96832,169574,1069642,9994,-930050.469376,590589.293568,-701217.2224,446793.5232,-517709.342016,328685.273088,-560890.74336,356293.90848,1239216,568a3e055e73abbe
50,2i,86,34,9517200000,9517400000,200000,113647,115793,76016,1014066,5028,-848711.9264,540137.3952,-746343.676032,475262.002176,-544664.88256,347574.57408,-560670.33024,357232.69632,1090082,568a3e055e73abbe
50,2i,86,35,9517200000,9517400000,200000,133461,134129,29825,913325,2345,-757258.20672,480124.77696,-717107.04128,455960.08704,-533062.05184,338191.36512,-538201.30048,341228.91264,943150,568a3e055e73abbe
50,2i,86,36,9517200000,9517400000,200000,150105,150245,10246,781340,1134,-649735.727488,413300.957184,-636496.72128,405338.32704,-483269.87008,307661.24544,-484174.679552,308333.761536,791586,568a3e055e73abbe
50,2i,86,37,9517200000,9517400000,200000,163848,163882,2182,648308,372,-541445.385728,344535.957504,-538788.658944,342559.752192,-421122.71584,267680.51712,-421388.160448,267879.358464,650490,568a3e055e73abbe
50,2i,86,38,9517200000,9517400000,200000,174771,174771,646,515720,114,-433180.361088,276169.641984,-432404.44608,275588.41344,-347441.553792,221475.449856,-347441.553792,221475.449856,516366,568a3e055e73abbe
50,2i,86,39,9517200000,9517400000,200000,183212,183212,0,397509,0,-334954.1552,213537.7536,-334954.1552,213537.7536,-277390.261824,176811.628032,-277390.261824,176811.628032,397509,568a3e055e73abbe
50,2i,86,40,9517200000,9517400000,200000,189422,189422,0,291450,0,-245623.00864,156693.22752,-245623.00864,156693.22752,-209323.24864,133549.54752,-209323.24864,133549.54752,291450,568a3e055e73abbe
50,2i,86,41,9517200000,9517400000,200000,193727,193727,0,202380,0,-170646.816,108799.488,-170646.816,108799.488,-148829.016,94889.088,-148829.016,94889.088,202380,568a3e055e73abbe
50,2i,86,42,9517200000,9517400000,200000,196602,196602,0,134766,0,-113634.6912,72450.2016,-113634.6912,72450.2016,-101816.4,64915.2,-101816.4,64915.2,134766,568a3e055e73abbe
50,2i,86,43,9517200000,9517400000,200000,198354,198354,0,82175,0,-69289.96,44177.28,-69289.96,44177.28,-63523.3152,40500.6336,-63523.3152,40500.6336,82175,568a3e055e73abbe
50,2i,86,44,9517200000,9517400000,200000,199331,199331,0,45628,0,-38473.5296,24529.6128,-38473.5296,24529.6128,-36247.4816,23110.3488,-36247.4816,23110.3488,45628,568a3e055e73abbe
50,2i,86,45,9517200000,9517400000,200000,199771,199771,0,20755,0,-17500.616,11157.888,-17500.616,11157.888,-16695.36,10644.48,-16695.36,10644.48,20755,568a3e055e73abbe
50,2i,86,46,9517200000,9517400000,200000,199962,199962,0,8938,0,-7536.5216,4805.0688,-7536.5216,4805.0688,-7408.3552,4723.3536,-7408.3552,4723.3536,8938,568a3e055e73abbe
50,2i,86,47,9517200000,9517400000,200000,200000,200000,0,1786,0,-1505.9552,960.1536,-1505.9552,960.1536,-1505.9552,960.1536,-1505.9552,960.1536,1786,568a3e055e73abbe
50,2i,86,48,9517200000,9517400000,200000,200000,200000,0,0,0,0,0,0,0,0,0,0,0,0,568a3e055e73abbe
50,2i,86,49,9517200000,9517400000,200000,200000,200000,0,0,0,0,0,0,0,0,0,0,0,0,568a3e055e73abbe
50,2i,86,50,9517200000,9517400000,200000,200000,200000,0,0,0,0,0,0,0,0,0,0,0,0,568a3e055e73abbe
50,2i,87,0,9517400000,9517600000,200000,-200000,200000,0,0,0,0,0,0,0,0,0,0,0,0,30f3407a4f9b1251
50,2i,87,1,9517400000,9517600000,200000,-200000,200000,0,0,0,0,0,0,0,0,0,0,0,0,30f3407a4f9b1251
50,2i,87,2,9517400000,9517600000,200000,-200000,200000,0,0,0,0,0,0,0,0,0,0,0,0,30f3407a4f9b1251
50,2i,87,3,9517400000,9517600000,200000,-200000,200000,0,0,0,0,0,0,0,0,0,0,0,0,30f3407a4f9b1251
50,2i,87,4,9517400000,9517600000,200000,-200000,200000,0,0,0,0,0,0,0,0,0,0,0,0,30f3407a4f9b1251
50,2i,87,5,9517400000,9517600000,200000,-200000,200000,0,0,0,0,0,0,0,0,0,0,0,0,30f3407a4f9b1251
50,2i,87,6,9517400000,9517600000,200000,-200000,200000,0,0,0,0,0,0,0,0,0,0,0,0,30f3407a4f9b1251
50,2i,87,7,9517400000,9517600000,200000,-200000,200000,43,0,0,-36.2576,23.1168,36.2576,-23.1168,36.2576,-23.1168,-36.2576,23.1168,43,30f3407a4f9b1251
50,2i,87,8,9517400000,9517600000,200000,-199999,199999,470,0,0,-396.304,252.672,396.304,-252.672,389.5584,-248.3712,-389.5584,248.3712,470,30f3407a4f9b1251
50,2i,87,9,9517400000,9517600000,200000,-199988,199988,1616,0,0,-1362.6112,868.7616,1362.6112,-868.7616,1279.1344,-815.5392,-1279.1344,815.5392,1616,30f3407a4f9b1251
50,2i,87,10,9517400000,9517600000,200000,-199951,199951,3530,0,0,-2976.496,1897.728,2976.496,-1897.728,2664.512,-1698.816,-2664.512,1698.816,3530,30f3407a4f9b1251
50,2i,87,11,9517400000,9517600000,200000,-199872,199872,7421,0,0,-6257.3872,3989.5296,6257.3872,-3989.5296,5524.6464,-3522.3552,-5524.6464,3522.3552,7421,30f3407a4f9b1251
50,2i,87,12,9517400000,9517600000,200000,-199704,199704,14138,0,0,-11921.1616,7600.5888,11921.1616,-7600.5888,10221.2704,-6516.7872,-10221.2704,6516.7872,14138,30f3407a4f9b1251
50,2i,87,13,9517400000,9517600000,200000,-199385,199385,27235,0,0,-22964.552,14641.536,22964.552,-14641.536,19467.8016,-12412.1088,-19467.8016,12412.1088,27235,30f3407a4f9b1251
50,2i,87,14,9517400000,9517600000,200000,-198761,198761,41928,0,0,-35353.6896,22540.4928,35353.6896,-22540.4928,27987.4944,-17844.0192,-27987.4944,17844.0192,41928,30f3407a4f9b1251
50,2i,87,15,9517400000,9517600000,200000,-197839,197839,64825,0,0,-54660.44,34849.92,54660.44,-34849.92,42998.984,-27414.912,-42998.984,27414.912,64825,30f3407a4f9b1251
50,2i,87,16,9517400000,9517600000,200000,-196382,196382,98350,0,0,-82874.476672,52877.085696,82874.476672,-52877.085696,63217.798272,-40344.554496,-63217.798272,40344.554496,98350,30f3407a4f9b1251
50,2i,87,17,9517400000,9517600000,200000,-194175,194175,141172,0,0,-119009.108736,75896.130048,119009.108736,-75896.130048,87400.2096,-55723.8528,-87400.2096,55723.8528,141172,30f3407a4f9b1251
50,2i,87,18,9517400000,9517600000,200000,-191034,191034,193626,0,0,-163109.270912,103957.334016,163109.270912,-103957.334016,115436.429312,-73562.505216,-115436.429312,73562.505216,193626,30f3407a4f9b1251
50,2i,87,19,9517400000,9517600000,200000,-186750,186750,263924,0,0,-221633.374976,141532.474368,221633.374976,-141532.474368,153092.995072,-97854.736896,-153092.995072,97854.736896,263924,30f3407a4f9b1251
50,2i,87,20,9517400000,9517600000,200000,-180862,180862,345910,120,0,-289532.36672,184927.65696,289459.51424,-184881.20832,190726.26624,-121772.34432,-190726.26624,121772.34432,346030,30f3407a4f9b1251
50,2i,87,21,9517400000,9517600000,200000,-173253,173261,438975,722,87,-366602.324544,233854.612992,365905.18368,-233476.17024,232719.869376,-148408.493568,-232770.866112,148441.007616,439697,30f3407a4f9b1251
50,2i,87,22,9517400000,9517600000,200000,-163601,163653,548392,3032,262,-456745.293824,291685.804032,453161.134336,-289259.470848,278142.673536,-177743.336448,-278632.85184,178005.76512,551424,30f3407a4f9b1251
50,2i,87,23,9517400000,9517600000,200000,-151491,151725,671501,8816,593,-554532.339904,355791.017472,543454.193216,-348386.354688,319046.86208,-205088.70144,-321588.346624,206866.194432,680317,30f3407a4f9b1251
50,2i,87,24,9517400000,9517600000,200000,-136610,137342,793428,22252,1632,-651506.550272,417731.690496,623767.492608,-399586.105344,349116.189952,-223066.868736,-356704.33408,228068.79744,815680,30f3407a4f9b1251
50,2i,87,25,9517400000,9517600000,200000,-118974,120958,905175,53600,4025,-746747.1312,479036.1216,679490.9104,-433992.3072,364094.2912,-233303.0016,-383470.1696,245941.1328,958775,30f3407a4f9b1251
50,2i,87,26,9517400000,9517600000,200000,-98259,103279,990690,116532,7162,-837512.377984,536011.686912,688654.489472,-438330.756096,349452.136064,-221113.316352,-399247.69216,254815.22688,1107222,30f3407a4f9b1251
50,2i,87,27,9517400000,9517600000,200000,-74566,86008,1021363,218786,10870,-911702.834624,582639.378432,626662.9872,-396370.3296,292316.695552,-185806.849536,-403761.81952,257783.24736,1240149,30f3407a4f9b1251
50,2i,87,28,9517400000,9517600000,200000,-48460,71388,979738,367054,15742,-961841.618519857988166,614920.342521940828402,474156.899415857988166,-300088.339449940828402,188632.939863857988166,-117923.537913940828402,-399965.646679857988166,257062.417401940828402,1346792,30f3407a4f9b1251
50,2i,87,29,9517400000,9517600000,200000,-20468,62146,867178,554325,19942,-995858.119382721893491,634769.370569467455621,241184.916054721893491,-153124.216265467455621,48440.441216,-30999.218688,-412722.639232,262594.699776,1421503,30f3407a4f9b1251
50,2i,87,30,9517400000,9517600000,200000,8567,60011,695330,753200,22070,-1011246.83126532544379,644804.667107218934911,-39907.152545325443787,26667.7941472189349112,-122583.07904,79248.41472,-435118.35712,277965.40416,1448530,30f3407a4f9b1251
50,2i,87,31,9517400000,9517600000,200000,37441,66107,492557,929255,20473,-1003865.73946925443787,638906.510560189349112,-329059.33434925443787,209905.842400189349112,-287237.36238125443787,183055.780576189349112,-477614.08647725443787,304045.115104189349112,1421812,30f3407a4f9b1251
50,2i,87,32,9517400000,9517600000,200000,65163,79145,308024,1041014,14622,-981757.678208,624904.326144,-561802.614656,359120.452608,-428717.499008,273592.940544,-528038.079872,335605.303296,1349038,30f3407a4f9b1251
50,2i,87,33,9517400000,9517600000,200000,90826,96688,165770,1065479,9901,-924816.197824,587311.276032,-700046.317632,447183.230976,-516563.246848,330371.633664,-559245.395456,356810.347008,1231249,30f3407a4f9b1251
50,2i,87,34,9517400000,9517600000,200000,113436,115558,75516,1008168,5452,-843285.125888,533858.448384,-741600.468224,470612.063232,-540893.692928,342128.047104,-557214.053376,352497.005568,1083684,30f3407a4f9b1251
50,2i,87,35,9517400000,9517600000,200000,133120,133750,29680,910330,2275,-755698.19904,481196.57472,-714817.8976,455314.6368,-529823.51456,337293.55008,-535003.02752,340493.39136,940010,30f3407a4f9b1251
50,2i,87,36,9517400000,9517600000,200000,149858,150012,9422,786458,868,-654036.189696,416698.595328,-640503.83232,408252.91776,-486276.702336,310086.094848,-487378.228608,310852.153344,795880,30f3407a4f9b1251
50,2i,87,37,9517400000,9517600000,200000,163666,163698,2465,652133,322,-545869.845376,347282.861568,-542734.704384,345056.282112,-423914.74528,269487.95904,-424138.709696,269689.955328,654598,30f3407a4f9b1251
50,2i,87,38,9517400000,9517600000,200000,174720,174720,608,519536,76,-436215.116288,277888.195584,-435560.451072,277297.744896,-351574.676992,223851.027456,-351574.676992,223851.027456,520144,30f3407a4f9b1251
50,2i,87,39,9517400000,9517600000,200000,183061,183061,0,393532,0,-331545.467136,211326.901248,-331545.467136,211326.901248,-274017.596736,174661.314048,-274017.596736,174661.314048,393532,30f3407a4f9b1251
50,2i,87,40,9517400000,9517600000,200000,189264,189264,0,292040,0,-246225.6,156940.8,-246225.6,156940.8,-209192.256,133329.408,-209192.256,133329.408,292040,30f3407a4f9b1251
50,2i,87,41,9517400000,9517600000,200000,193656,193656,0,205821,0,-173548.2672,110649.3696,-173548.2672,110649.3696,-151836.7104,96806.7072,-151836.7104,96806.7072,205821,30f3407a4f9b1251
50,2i,87,42,9517400000,9517600000,200000,196517,196517,0,134434,0,-113354.7488,72271.7184,-113354.7488,72271.7184,-101320.5984,64599.0912,-101320.5984,64599.0912,134434,30f3407a4f9b1251
50,2i,87,43,9517400000,9517600000,200000,198301,198301,0,83894,0,-70739.4208,45101.4144,-70739.4208,45101.4144,-64683.5584,41240.3712,-64683.5584,41240.3712,83894,30f3407a4f9b1251
50,2i,87,44,9517400000,9517600000,200000,199327,199327,0,47766,0,-40276.2912,25679.0016,-40276.2912,25679.0016,-38065.4208,24269.4144,-38065.4208,24269.4144,47766,30f3407a4f9b1251
50,2i,87,45,9517400000,9517600000,200000,199764,199764,0,20585,0,-17357.272,11066.496,-17357.272,11066.496,-16581.528,10571.904,-16581.528,10571.904,20585,30f3407a4f9b1251
50,2i,87,46,9517400000,9517600000,200000,199948,199948,0,8672,0,-7312.2304,4662.0672,-7312.2304,4662.0672,-7136.8448,4550.2464,-7136.8448,4550.2464,8672,30f3407a4f9b1251
50,2i,87,47,9517400000,9517600000,200000,200000,200000,0,2444,0,-2060.7808,1313.8944,-2060.7808,1313.8944,-2060.7808,1313.8944,-2060.7808,1313.8944,2444,30f3407a4f9b1251
50,2i,87,48,9517400000,9517600000,200000,200000,200000,0,0,0,0,0,0,0,0,0,0,0,0,30f3407a4f9b1251
50,2i,87,49,9517400000,9517600000,200000,200000,200000,0,0,0,0,0,0,0,0,0,0,0,0,30f3407a4f9b1251
50,2i,87,50,9517400000,9517600000,200000,200000,200000,0,0,0,0,0,0,0,0,0,0,0,0,30f3407a4f9b1251
50,2i,88,0,9517600000,9517800000,200000,-200000,200000,0,0,0,0,0,0,0,0,0,0,0,0,9d5beb3b2eeba20f
50,2i,88,1,9517600000,9517800000,200000,-200000,200000,0,0,0,0,0,0,0,0,0,0,0,0,9d5beb3b2eeba20f
50,2i,88,2,9517600000,9517800000,200000,-200000,200000,0,0,0,0,0,0,0,0,0,0,0,0,9d5beb3b2eeba20f
50,2i,88,3,9517600000,9517800000,200000,-200000,200000,0,0,0,0,0,0,0,0,0,0,0,0,9d5beb3b2eeba20f
50,2i,88,4,9517600000,9517800000,200000,-200000,200000,0,0,0,0,0,0,0,0,0,0,0,0,9d5beb3b2eeba20f
50,2i,88,5,9517600000,9517800000,200000,-200000,200000,0,0,0,0,0,0,0,0,0,0,0,0,9d5beb3b2eeba20f
50,2i,88,6,9517600000,9517800000,200000,-200000,200000,44,0,0,-37.1008,23.6544,37.1008,-23.6544,37.1008,-23.6544,-37.1008,23.6544,44,9d5beb3b2eeba20f
50,2i,88,7,9517600000,9517800000,200000,-199999,199999,222,0,0,-187.1904,119.3472,187.1904,-119.3472,181.288,-115.584,-181.288,115.584,222,9d5beb3b2eeba20f
50,2i,88,8,9517600000,9517800000,200000,-199994,199994,460,0,0,-387.872,247.296,387.872,-247.296,354.144,-225.792,-354.144,225.792,460,9d5beb3b2eeba20f
50,2i,88,9,9517600000,9517800000,200000,-199984,199984,1607,0,0,-1355.0224,863.9232,1355.0224,-863.9232,1279.1344,-815.5392,-1279.1344,815.5392,1607,9d5beb3b2eeba20f
50,2i,88,10,9517600000,9517800000,200000,-199947,199947,3330,0,0,-2807.856,1790.208,2807.856,-1790.208,2495.872,-1591.296,-2495.872,1591.296,3330,9d5beb3b2eeba20f
50,2i,88,11,9517600000,9517800000,200000,-199873,199873,6703,0,0,-5651.9696,3603.5328,5651.9696,-3603.5328,4965.6048,-3165.9264,-4965.6048,3165.9264,6703,9d5beb3b2eeba20f
50,2i,88,12,9517600000,9517800000,200000,-199722,199722,13782,0,0,-11620.9824,7409.2032,11620.9824,-7409.2032,10093.104,-6435.072,-10093.104,6435.072,13782,9d5beb3b2eeba20f
50,2i,88,13,9517600000,9517800000,200000,-199407,199407,25999,0,0,-21922.3568,13977.0624,21922.3568,-13977.0624,18469.4528,-11775.5904,-18469.4528,11775.5904,25999,9d5beb3b2eeba20f
50,2i,88,14,9517600000,9517800000,200000,-198815,198815,40004,0,0,-33731.3728,21506.1504,33731.3728,-21506.1504,26742.9312,-17050.5216,-26742.9312,17050.5216,40004,9d5beb3b2eeba20f
50,2i,88,15,9517600000,9517800000,200000,-197934,197934,64980,0,0,-54791.136,34933.248,54791.136,-34933.248,43648.248,-27828.864,-43648.248,27828.864,64980,9d5beb3b2eeba20f
50,2i,88,16,9517600000,9517800000,200000,-196455,196455,98872,0,0,-83314.627072,53157.712896,83314.627072,-53157.712896,63361.142272,-40435.946496,-63361.142272,40435.946496,98872,9d5beb3b2eeba20f
50,2i,88,17,9517600000,9517800000,200000,-194243,194243,137495,0,0,-115908.662336,73919.374848,115908.662336,-73919.374848,84228.0912,-53701.4016,-84228.0912,53701.4016,137495,9d5beb3b2eeba20f
50,2i,88,18,9517600000,9517800000,200000,-191216,191216,193494,0,0,-162982.960768,103986.100224,162982.960768,-103986.100224,117040.365568,-74694.426624,-117040.365568,74694.426624,193494,9d5beb3b2eeba20f
50,2i,88,19,9517600000,9517800000,200000,-186872,186872,264103,62,31,-222107.05824,141758.20032,222054.77984,-141724.86912,152588.201984,-97391.718912,-152588.201984,97391.718912,264165,9d5beb3b2eeba20f
50,2i,88,20,9517600000,9517800000,200000,-181013,181017,345020,250,80,-289412.56256,184896.81408,289255.39008,-184796.60544,190873.11104,-122002.59072,-190906.83904,122024.09472,345270,9d5beb3b2eeba20f
50,2i,88,21,9517600000,9517800000,200000,-173410,173428,440555,930,100,-367967.420224,235216.799232,366968.632896,-234447.932928,233801.838464,-149395.479552,-233888.2496,149450.5728,441485,9d5beb3b2eeba20f
50,2i,88,22,9517600000,9517800000,200000,-163692,163764,552170,2862,268,-458752.179968,293712.205824,455185.897472,-291274.500096,279223.276416,-178867.212288,-279915.423872,179408.695296,555032,9d5beb3b2eeba20f
50,2i,88,23,9517600000,9517800000,200000,-151505,151739,672314,9234,616,-556621.962624,356168.082432,544596.116608,-347956.537344,319782.339392,-204134.470656,-322143.236032,205692.082176,681548,9d5beb3b2eeba20f
50,2i,88,24,9517600000,9517800000,200000,-136644,137424,794114,23374,1398,-653792.417024,418813.381632,623564.225792,-398689.145856,349082.532608,-223648.825344,-357673.59872,229563.43296,817488,9d5beb3b2eeba20f
50,2i,88,25,9517600000,9517800000,200000,-118920,120994,903050,56000,3525,-746921.8336,479318.2848,675366.9504,-432103.0272,360955.3264,-230988.5952,-381760.2544,244651.6992,959050,9d5beb3b2eeba20f
50,2i,88,26,9517600000,9517800000,200000,-98282,103542,992354,118050,7500,-839404.935168,538454.759424,688945.897216,-440026.226688,351573.337472,-224460.420096,-404353.29088,259354.65984,1110404,9d5beb3b2eeba20f
50,2i,88,27,9517600000,9517800000,200000,-74373,86019,1026945,217794,12147,-913124.649792,585321.977856,629340.677056,-400671.095808,291079.44992,-185112.51456,-400968.420032,256588.594176,1244739,9d5beb3b2eeba20f
50,2i,88,28,9517600000,9517800000,200000,-48321,71409,982956,368792,16772,-963791.108096,616951.446528,474957.3248,-298822.8864,192278.55488,-120136.61184,-403976.818944,257914.632192,1351748,9d5beb3b2eeba20f
50,2i,88,29,9517600000,9517800000,200000,-20035,62087,869997,559192,20482,-1000004.340928,635800.111104,245893.04544,-153192.52992,47304.695488,-26458.781184,-412619.698112,264193.583616,1429189,9d5beb3b2eeba20f
50,2i,88,30,9517600000,9517800000,200000,8960,60160,687430,754260,20760,-1008162.32256,637640.49408,-42052.016,28553.088,-123173.90848,77974.25664,-432249.36704,271843.99872,1441690,9d5beb3b2eeba20f
50,2i,88,31,9517600000,9517800000,200000,37552,66392,485774,923477,18552,-998164.300352,632948.775936,-328818.386752,211913.051136,-288323.59744,184922.06592,-478602.550272,305459.690496,1409251,9d5beb3b2eeba20f
50,2i,88,32,9517600000,9517800000,200000,65073,79261,308268,1033582,15288,-976474.506112,618828.527616,-555034.00128,352753.36704,-421141.21472,266977.32096,-522111.904256,330041.745408,1341850,9d5beb3b2eeba20f
50,2i,88,33,9517600000,9517800000,200000,90694,96678,168227,1064203,9947,-931435.988864,591468.106752,-702090.283136,448190.389248,-517117.718592,329519.456256,-561350.493504,357179.062272,1232430,9d5beb3b2eeba20f
50,2i,88,34,9517600000,9517800000,200000,113455,115573,77610,1013384,5390,-852831.430528,541431.803904,-748264.086912,475700.822016,-547007.163008,347754.092544,-563108.9568,358165.8624,1090994,9d5beb3b2eeba20f
50,2i,88,35,9517600000,9517800000,200000,133275,133907,29680,912780,2585,-758297.84064,481413.80352,-718076.37184,455485.12512,-534509.31872,338812.39296,-539508.1136,341965.3248,942460,9d5beb3b2eeba20f
50,2i,88,36,9517600000,9517800000,200000,149859,150001,9646,777806,674,-647071.511552,411750.337536,-633907.145216,403439.090688,-482244.50688,306973.34784,-483411.765504,307717.558272,787452,9d5beb3b2eeba20f
50,2i,88,37,9517600000,9517800000,200000,163461,163485,2300,644286,285,-538417.446912,342489.302016,-535179.08672,340424.61696,-416599.276736,264895.554048,-416752.739136,264993.397248,646586,9d5beb3b2eeba20f
50,2i,88,38,9517600000,9517800000,200000,174485,174491,378,519646,88,-436504.958464,278127.639552,-436015.902464,277815.831552,-351106.36608,223638.97344,-351146.83968,223664.77824,520024,9d5beb3b2eeba20f
50,2i,88,39,9517600000,9517800000,200000,182911,182911,117,396059,39,-333701.438336,212904.142848,-333569.899136,212820.277248,-276684.939648,176539.544064,-276684.939648,176539.544064,396176,9d5beb3b2eeba20f
50,2i,88,40,9517600000,9517800000,200000,189053,189053,0,290950,0,-245259.59232,156404.59776,-245259.59232,156404.59776,-207093.56032,132082.42176,-207093.56032,132082.42176,290950,9d5beb3b2eeba20f
50,2i,88,41,9517600000,9517800000,200000,193580,193580,0,212049,0,-178776.6256,113936.1408,-178776.6256,113936.1408,-156480.7312,99720.9216,-156480.7312,99720.9216,212049,9d5beb3b2eeba20f
50,2i,88,42,9517600000,9517800000,200000,196518,196518,0,137580,0,-116007.456,73963.008,-116007.456,73963.008,-104047.5072,66337.6896,-104047.5072,66337.6896,137580,9d5beb3b2eeba20f
50,2i,88,43,9517600000,9517800000,200000,198291,198291,0,83078,0,-70051.3696,44662.7328,-70051.3696,44662.7328,-64284.7248,40986.0864,-64284.7248,40986.0864,83078,9d5beb3b2eeba20f
50,2i,88,44,9517600000,9517800000,200000,199268,199268,0,45970,0,-38761.904,24713.472,-38761.904,24713.472,-36247.4816,23110.3488,-36247.4816,23110.3488,45970,9d5beb3b2eeba20f
50,2i,88,45,9517600000,9517800000,200000,199765,199765,0,23330,0,-19671.856,12542.208,-19671.856,12542.208,-18858.168,12023.424,-18858.168,12023.424,23330,9d5beb3b2eeba20f
50,2i,88,46,9517600000,9517800000,200000,199958,199958,0,9046,0,-7627.5872,4863.1296,-7627.5872,4863.1296,-7485.9296,4772.8128,-7485.9296,4772.8128,9046,9d5beb3b2eeba20f
50,2i,88,47,9517600000,9517800000,200000,200000,200000,0,1974,0,-1664.4768,1061.2224,-1664.4768,1061.2224,-1664.4768,1061.2224,-1664.4768,1061.2224,1974,9d5beb3b2eeba20f
50,2i,88,48,9517600000,9517800000,200000,200000,200000,0,0,0,0,0,0,0,0,0,0,0,0,9d5beb3b2eeba20f
50,2i,88,49,9517600000,9517800000,200000,200000,200000,0,0,0,0,0,0,0,0,0,0,0,0,9d5beb3b2eeba20f
50,2i,88,50,9517600000,9517800000,200000,200000,200000,0,0,0,0,0,0,0,0,0,0,0,0,9d5beb3b2eeba20f
50,2i,89,0,9517800000,9518000000,200000,-200000,200000,0,0,0,0,0,0,0,0,0,0,0,0,ead59a47cbc163be
50,2i,89,1,9517800000,9518000000,200000,-200000,200000,0,0,0,0,0,0,0,0,0,0,0,0,ead59a47cbc163be
50,2i,89,2,9517800000,9518000000,200000,-200000,200000,0,0,0,0,0,0,0,0,0,0,0,0,ead59a47cbc163be
50,2i,89,3,9517800000,9518000000,200000,-200000,200000,0,0,0,0,0,0,0,0,0,0,0,0,ead59a47cbc163be
50,2i,89,4,9517800000,9518000000,200000,-200000,200000,0,0,0,0,0,0,0,0,0,0,0,0,ead59a47cbc163be
50,2i,89,5,9517800000,9518000000,200000,-200000,200000,0,0,0,0,0,0,0,0,0,0,0,0,ead59a47cbc163be
50,2i,89,6,9517800000,9518000000,200000,-200000,200000,44,0,0,-37.1008,23.6544,37.1008,-23.6544,37.1008,-23.6544,-37.1008,23.6544,44,ead59a47cbc163be
50,2i,89,7,9517800000,9518000000,200000,-199999,199999,93,0,0,-78.4176,49.9968,78.4176,-49.9968,72.5152,-46.2336,-72.5152,46.2336,93,ead59a47cbc163be
50,2i,89,8,9517800000,9518000000,200000,-199997,199997,520,0,0,-438.464,279.552,438.464,-279.552,424.9728,-270.9504,-424.9728,270.9504,520,ead59a47cbc163be
50,2i,89,9,9517800000,9518000000,200000,-199985,199985,1420,0,0,-1197.344,763.392,1197.344,-763.392,1106.2784,-705.3312,-1106.2784,705.3312,1420,ead59a47cbc163be
50,2i,89,10,9517800000,9518000000,200000,-199953,199953,3960,0,0,-3339.072,2128.896,3339.072,-2128.896,3069.248,-1956.864,-3069.248,1956.864,3960,ead59a47cbc163be
50,2i,89,11,9517800000,9518000000,200000,-199862,199862,7241,0,0,-6105.6112,3892.7616,6105.6112,-3892.7616,5261.568,-3354.624,-5261.568,3354.624,7241,ead59a47cbc163be
50,2i,89,12,9517800000,9518000000,200000,-199702,199702,13092,0,0,-11039.1744,7038.2592,11039.1744,-7038.2592,9420.2304,-6006.0672,-9420.2304,6006.0672,13092,ead59a47cbc163be
50,2i,89,13,9517800000,9518000000,200000,-199408,199408,25023,0,0,-21099.3936,13452.3648,21099.3936,-13452.3648,17876.6832,-11397.6576,-17876.6832,11397.6576,25023,ead59a47cbc163be
50,2i,89,14,9517800000,9518000000,200000,-198835,198835,39306,0,0,-33142.8192,21130.9056,33142.8192,-21130.9056,26378.6688,-16818.2784,-26378.6688,16818.2784,39306,ead59a47cbc163be
50,2i,89,15,9517800000,9518000000,200000,-197966,197966,62980,0,0,-53104.736,33858.048,53104.736,-33858.048,42113.624,-26850.432,-42113.624,26850.432,62980,ead59a47cbc163be
50,2i,89,16,9517800000,9518000000,200000,-196539,196539,94402,0,0,-79599.7664,50750.5152,79599.7664,-50750.5152,60347.824,-38476.032,-60347.824,38476.032,94402,ead59a47cbc163be
50,2i,89,17,9517800000,9518000000,200000,-194434,194434,139900,0,0,-117911.032064,75214.244352,117911.032064,-75214.244352,87737.120064,-55976.228352,-87737.120064,55976.228352,139900,ead59a47cbc163be
50,2i,89,18,9517800000,9518000000,200000,-191279,191279,192182,0,0,-161658.76288,103198.75584,161658.76288,-103198.75584,113802.151936,-72666.267648,-113802.151936,72666.267648,192182,ead59a47cbc163be
50,2i,89,19,9517800000,9518000000,200000,-187048,187048,259786,62,0,-218223.71264,139445.09952,218119.15584,-139378.43712,150601.406528,-96266.171904,-150601.406528,96266.171904,259848,ead59a47cbc163be
50,2i,89,20,9517800000,9518000000,200000,-181259,181263,347250,250,30,-291320.96256,186068.01408,290949.95456,-185831.47008,193939.5328,-123821.0304,-194006.9888,123864.0384,347500,ead59a47cbc163be
50,2i,89,21,9517800000,9518000000,200000,-173535,173553,448490,1162,50,-374638.67008,239539.64544,372981.124352,-238416.807936,237922.371456,-152220.715008,-238134.857856,152356.190208,449652,ead59a47cbc163be
50,2i,89,22,9517800000,9518000000,200000,-163623,163711,556570,3010,134,-462164.553728,295407.381504,458409.876992,-292644.627456,279165.6576,-178122.3168,-280261.909504,178871.350272,559580,ead59a47cbc163be
50,2i,89,23,9517800000,9518000000,200000,-151426,151674,671946,9265,524,-555831.91584,354306.11712,544900.448192,-347074.669056,319509.435328,-203240.930304,-321693.14144,204895.05792,681211,ead59a47cbc163be
50,2i,89,24,9517800000,9518000000,200000,-136586,137384,800400,24280,1918,-659244.176896,420428.924928,629934.741248,-401327.652864,355722.642048,-227005.707264,-363498.43008,231963.32544,824680,ead59a47cbc163be
50,2i,89,25,9517800000,9518000000,200000,-118566,120724,912175,55975,4225,-755276.4832,481884.0576,687083.6128,-436698.4704,365047.9712,-231833.2416,-385753.4016,245432.9088,968150,ead59a47cbc163be
50,2i,89,26,9517800000,9518000000,200000,-97860,103136,984398,118198,6820,-837169.854208,535308.294144,685074.052608,-436592.185344,346011.770752,-221347.163136,-395398.708352,254196.519936,1102596,ead59a47cbc163be
50,2i,89,27,9517800000,9518000000,200000,-74350,86098,1014160,219967,10481,-910077.004224,582052.511232,615954.856128,-396350.344704,288198.79968,-184658.05824,-403746.27168,258758.15424,1234127,ead59a47cbc163be
50,2i,89,28,9517800000,9518000000,200000,-48291,71569,975298,367626,16422,-961185.75488,613826.21184,466932.224256,-300143.505408,184177.40416,-119147.64288,-401572.662016,255011.033088,1342924,ead59a47cbc163be
50,2i,89,29,9517800000,9518000000,200000,-20415,62439,863620,558656,20650,-996593.946496,639182.857728,236174.937216,-149440.946688,47847.127552,-30508.225536,-412796.668928,264906.415104,1422276,ead59a47cbc163be
50,2i,89,30,9517800000,9518000000,200000,8817,60525,696210,760210,20590,-1018830.59712,651637.72416,-44202.76992,31518.27456,-124195.56096,83339.10528,-440760.82176,281437.63968,1456420,ead59a47cbc163be
50,2i,89,31,9517800000,9518000000,200000,37790,66596,495372,928711,19056,-1009745.793728,641071.701504,-326534.714816,211783.423488,-289742.200512,185626.146816,-482277.125184,307861.696512,1424083,ead59a47cbc163be
50,2i,89,32,9517800000,9518000000,200000,65470,79498,309906,1035808,15584,-979847.322496,623588.425728,-556604.238976,354615.226368,-425680.44352,271073.67936,-524654.180224,334176.479232,1345714,ead59a47cbc163be
50,2i,89,33,9517800000,9518000000,200000,91023,96889,166650,1063485,10812,-926497.763776,590399.712768,-702017.830592,447239.072256,-515759.818304,328137.948672,-558787.900864,355610.122752,1230135,ead59a47cbc163be
50,2i,89,34,9517800000,9518000000,200000,113781,115885,75634,1014970,4552,-849447.558144,542264.097792,-747532.850432,477500.261376,-546038.603904,348980.969472,-561897.146496,358800.457728,1090604,ead59a47cbc163be
50,2i,89,35,9517800000,9518000000,200000,133583,134227,29105,914180,2300,-756596.7056,481581.5808,-717343.03328,457499.54304,-532611.03968,339930.37824,-537174.15008,342532.28544,943285,ead59a47cbc163be
50,2i,89,36,9517800000,9518000000,200000,150264,150434,9470,782286,998,-649364.399104,411930.243072,-637104.10752,404946.83136,-484331.045632,307572.734976,-485639.872256,308311.569408,791756,ead59a47cbc163be
50,2i,89,37,9517800000,9518000000,200000,163924,163960,2661,644303,272,-538758.155008,342213.548544,-535014.111616,340079.205888,-418086.455744,265506.734592,-418371.457344,265688.443392,646964,ead59a47cbc163be
50,2i,89,38,9517800000,9518000000,200000,174812,174820,580,513736,38,-432009.969664,275079.601152,-431095.940864,274496.842752,-346803.581568,220809.114624,-346884.528768,220860.724224,514316,ead59a47cbc163be
50,2i,89,39,9517800000,9518000000,200000,183193,183193,156,395332,0,-333279.6928,212311.9104,-333016.6144,212144.1792,-275303.925312,175348.233216,-275303.925312,175348.233216,395488,ead59a47cbc163be
50,2i,89,40,9517800000,9518000000,200000,189432,189432,0,291960,0,-246094.32832,156902.64576,-246094.32832,156902.64576,-210342.64832,134108.40576,-210342.64832,134108.40576,291960,ead59a47cbc163be
50,2i,89,41,9517800000,9518000000,200000,193672,193672,0,200012,0,-168650.1184,107526.4512,-168650.1184,107526.4512,-146581.888,93456.384,-146581.888,93456.384,200012,ead59a47cbc163be
50,2i,89,42,9517800000,9518000000,200000,196580,196580,0,136496,0,-115093.4272,73380.2496,-115093.4272,73380.2496,-102985.0752,65660.3136,-102985.0752,65660.3136,136496,ead59a47cbc163be
50,2i,89,43,9517800000,9518000000,200000,198375,198375,0,84059,0,-70878.5488,45190.1184,-70878.5488,45190.1184,-65082.392,41494.656,-65082.392,41494.656,84059,ead59a47cbc163be
50,2i,89,44,9517800000,9518000000,200000,199357,199357,0,45878,0,-38684.3296,24664.0128,-38684.3296,24664.0128,-36432.9856,23228.6208,-36432.9856,23228.6208,45878,ead59a47cbc163be
50,2i,89,45,9517800000,9518000000,200000,199802,199802,0,20830,0,-17563.856,11198.208,-17563.856,11198.208,-16885.08,10765.44,-16885.08,10765.44,20830,ead59a47cbc163be
50,2i,89,46,9517800000,9518000000,200000,199963,199963,0,7554,0,-6369.5328,4061.0304,-6369.5328,4061.0304,-6244.7392,3981.4656,-6244.7392,3981.4656,7554,ead59a47cbc163be
50,2i,89,47,9517800000,9518000000,200000,200000,200000,0,1739,0,-1466.3248,934.8864,-1466.3248,934.8864,-1466.3248,934.8864,-1466.3248,934.8864,1739,ead59a47cbc163be
50,2i,89,48,9517800000,9518000000,200000,200000,200000,0,0,0,0,0,0,0,0,0,0,0,0,ead59a47cbc163be
50,2i,89,49,9517800000,9518000000,200000,200000,200000,0,0,0,0,0,0,0,0,0,0,0,0,ead59a47cbc163be
50,2i,89,50,9517800000,9518000000,200000,200000,200000,0,0,0,0,0,0,0,0,0,0,0,0,ead59a47cbc163be
50,2i,90,0,9518000000,9518200000,200000,-200000,200000,0,0,0,0,0,0,0,0,0,0,0,0,a9ed0118bd0a4988
50,2i,90,1,9518000000,9518200000,200000,-200000,200000,0,0,0,0,0,0,0,0,0,0,0,0,a9ed0118bd0a4988
50,2i,90,2,9518000000,9518200000,200000,-200000,200000,0,0,0,0,0,0,0,0,0,0,0,0,a9ed0118bd0a4988
50,2i,90,3,9518000000,9518200000,200000,-200000,200000,0,0,0,0,0,0,0,0,0,0,0,0,a9ed0118bd0a4988
50,2i,90,4,9518000000,9518200000,200000,-200000,200000,0,0,0,0,0,0,0,0,0,0,0,0,a9ed0118bd0a4988
50,2i,90,5,9518000000,9518200000,200000,-200000,200000,0,0,0,0,0,0,0,0,0,0,0,0,a9ed0118bd0a4988
50,2i,90,6,9518000000,9518200000,200000,-200000,200000,0,0,0,0,0,0,0,0,0,0,0,0,a9ed0118bd0a4988
50,2i,90,7,9518000000,9518200000,200000,-200000,200000,43,0,0,-36.2576,23.1168,36.2576,-23.1168,36.2576,-23.1168,-36.2576,23.1168,43,a9ed0118bd0a4988
50,2i,90,8,9518000000,9518200000,200000,-199999,199999,428,0,0,-360.8896,230.0928,360.8896,-230.0928,354.144,-225.792,-354.144,225.792,428,a9ed0118bd0a4988
50,2i,90,9,9518000000,9518200000,200000,-199989,199989,1894,0,0,-1597.0208,1018.2144,1597.0208,-1018.2144,1521.1328,-969.8304,-1521.1328,969.8304,1894,a9ed0118bd0a4988
50,2i,90,10,9518000000,9518200000,200000,-199945,199945,4160,0,0,-3507.712,2236.416,3507.712,-2236.416,3136.704,-1999.872,-3136.704,1999.872,4160,a9ed0118bd0a4988
50,2i,90,11,9518000000,9518200000,200000,-199852,199852,7731,0,0,-6518.7792,4156.1856,6518.7792,-4156.1856,5656.1856,-3606.2208,-5656.1856,3606.2208,7731,a9ed0118bd0a4988
50,2i,90,12,9518000000,9518200000,200000,-199680,199680,15364,0,0,-12954.9248,8259.6864,12954.9248,-8259.6864,11214.56,-7150.08,-11214.56,7150.08,15364,a9ed0118bd0a4988
50,2i,90,13,9518000000,9518200000,200000,-199330,199330,26417,0,0,-22274.8144,14201.7792,22274.8144,-14201.7792,18438.2544,-11755.6992,-18438.2544,11755.6992,26417,a9ed0118bd0a4988
50,2i,90,14,9518000000,9518200000,200000,-198739,198739,41466,0,0,-34964.1312,22292.1216,34964.1312,-22292.1216,27987.4944,-17844.0192,-27987.4944,17844.0192,41466,a9ed0118bd0a4988
50,2i,90,15,9518000000,9518200000,200000,-197817,197817,65770,0,0,-55457.264,35357.952,55457.264,-35357.952,43795.808,-27922.944,-43795.808,27922.944,65770,a9ed0118bd0a4988
50,2i,90,16,9518000000,9518200000,200000,-196333,196333,98476,0,0,-83034.9632,52940.6976,83034.9632,-52940.6976,63014.0224,-40175.9232,-63014.0224,40175.9232,98476,a9ed0118bd0a4988
50,2i,90,17,9518000000,9518200000,200000,-194135,194135,138181,0,0,-116461.571264,74290.109952,116461.571264,-74290.109952,84954.560064,-54202.148352,-84954.560064,54202.148352,138181,a9ed0118bd0a4988
50,2i,90,18,9518000000,9518200000,200000,-191080,191080,197038,0,0,-165771.36448,105857.26464,165771.36448,-105857.26464,119432.513536,-76292.456448,-119432.513536,76292.456448,197038,a9ed0118bd0a4988
50,2i,90,19,9518000000,9518200000,200000,-186641,186641,266466,31,0,-224056.038848,142973.489664,224003.760448,-142940.158464,153116.844736,-97658.178048,-153116.844736,97658.178048,266497,a9ed0118bd0a4988
50,2i,90,20,9518000000,9518200000,200000,-180765,180767,347870,170,0,-291791.16288,186401.95584,291600.1984,-186211.8912,192893.75552,-123290.89536,-192927.48352,123312.39936,348040,a9ed0118bd0a4988
50,2i,90,21,9518000000,9518200000,200000,-173081,173093,444705,975,29,-371308.782464,236611.671552,370156.049536,-235828.904448,235639.949568,-149850.138624,-235750.015104,149968.131072,445680,a9ed0118bd0a4988
50,2i,90,22,9518000000,9518200000,200000,-163277,163349,554584,3180,162,-460408.598528,294447.227904,456329.264384,-291846.362112,279170.34688,-179170.46784,-279961.335936,179674.779648,557764,a9ed0118bd0a4988
50,2i,90,23,9518000000,9518200000,200000,-151060,151312,674444,9252,358,-558450.905984,356959.590912,546232.138368,-349107.777024,321347.582144,-204789.729792,-324048.722752,206511.899136,683696,a9ed0118bd0a4988
50,2i,90,24,9518000000,9518200000,200000,-136145,136929,784736,25650,1594,-650195.127168,414579.815424,617483.252608,-393017.785344,342766.331264,-218273.789952,-351226.44416,223722.36288,810386,a9ed0118bd0a4988
50,2i,90,25,9518000000,9518200000,200000,-118744,121010,896775,56650,4075,-744662.536,475088.448,672812.664,-428425.152,363427.7264,-231511.7952,-386746.728,247005.504,953425,a9ed0118bd0a4988
50,2i,90,26,9518000000,9518200000,200000,-98008,103324,990022,115202,7156,-838053.3824,535812.4032,688973.324288,-440854.339584,348186.584448,-223296.190464,-398658.689664,255712.561152,1105224,a9ed0118bd0a4988
50,2i,90,27,9518000000,9518200000,200000,-74421,86033,1020961,218235,11457,-912365.84832,583086.00576,626060.002816,-399291.007488,293645.485376,-186566.381568,-404579.432384,256925.786112,1239196,a9ed0118bd0a4988
50,2i,90,28,9518000000,9518200000,200000,-48232,71430,980156,366188,16512,-965803.443712,614333.884416,477434.480128,-301688.776704,189864.378112,-119011.823616,-403360.602368,257107.329024,1346344,a9ed0118bd0a4988
50,2i,90,29,9518000000,9518200000,200000,-20366,62108,862122,552682,19998,-997865.100416,632735.244288,241212.413824,-152769.964032,47383.441792,-29811.833856,-409715.689088,259899.945984,1414804,a9ed0118bd0a4988
50,2i,90,30,9518000000,9518200000,200000,8524,60246,689500,755780,20800,-1017805.01632,645917.42976,-45279.3408,30735.9744,-121893.99808,77829.94944,-441420.9152,279137.4336,1445280,a9ed0118bd0a4988
50,2i,90,31,9518000000,9518200000,200000,37453,66353,493524,930677,18887,-1014536.925376,646624.301568,-328712.135232,213276.427776,-292042.284672,187096.029696,-482600.35328,308417.30304,1424201,a9ed0118bd0a4988
50,2i,90,32,9518000000,9518200000,200000,65211,79397,309494,1037438,14520,-981585.563392,626677.702656,-562243.834368,359199.105024,-429625.549184,275278.528512,-528027.373184,338426.560512,1346932,a9ed0118bd0a4988
50,2i,90,33,9518000000,9518200000,200000,90693,96649,167823,1058711,9164,-924123.514368,588297.345024,-700423.876224,444611.807232,-515680.288704,327200.335872,-558976.582848,355114.481664,1226534,a9ed0118bd0a4988
50,2i,90,34,9518000000,9518200000,200000,113377,115565,76296,1007072,4928,-842464.264448,537258.430464,-739338.350336,471326.158848,-541623.856128,345542.344704,-558157.181952,355646.324736,1083368,a9ed0118bd0a4988
50,2i,90,35,9518000000,9518200000,200000,132884,133542,30540,902795,2855,-749578.24288,476503.39584,-708378.79648,451294.64064,-524694.70144,334661.13792,-529727.4976,337767.4368,933335,a9ed0118bd0a4988
50,2i,90,36,9518000000,9518200000,200000,149590,149746,9974,783858,1070,-650588.536064,411788.516352,-637321.879808,403671.634944,-483647.835648,306112.472064,-484835.78112,306774.23616,793832,a9ed0118bd0a4988
50,2i,90,37,9518000000,9518200000,200000,163334,163356,2622,649829,285,-544401.959872,345329.143296,-541065.080896,343454.396928,-422001.044416,267623.436288,-422198.353216,267749.234688,652451,a9ed0118bd0a4988
50,2i,90,38,9518000000,9518200000,200000,174405,174405,418,524092,76,-440327.463552,280107.073536,-439750.714752,279739.355136,-352621.939968,224215.885824,-352621.939968,224215.885824,524510,a9ed0118bd0a4988
50,2i,90,39,9518000000,9518200000,200000,183056,183056,0,405424,0,-341466.651648,217607.960064,-341466.651648,217607.960064,-284105.734848,181048.817664,-284105.734848,181048.817664,405424,a9ed0118bd0a4988
50,2i,90,40,9518000000,9518200000,200000,189241,189241,0,290880,0,-245247.488,156317.184,-245247.488,156317.184,-208585.152,132942.336,-208585.152,132942.336,290880,a9ed0118bd0a4988
50,2i,90,41,9518000000,9518200000,200000,193589,193589,0,204125,0,-172118.2,109737.6,-172118.2,109737.6,-150315.5776,95836.8768,-150315.5776,95836.8768,204125,a9ed0118bd0a4988
50,2i,90,42,9518000000,9518200000,200000,196462,196462,0,134842,0,-113698.7744,72491.0592,-113698.7744,72491.0592,-101745.5712,64870.0416,-101745.5712,64870.0416,134842,a9ed0118bd0a4988
50,2i,90,43,9518000000,9518200000,200000,198234,198234,0,83399,0,-70322.0368,44835.3024,-70322.0368,44835.3024,-64248.4672,40962.9696,-64248.4672,40962.9696,83399,a9ed0118bd0a4988
50,2i,90,44,9518000000,9518200000,200000,199263,199263,0,48462,0,-40863.1584,26053.1712,-40863.1584,26053.1712,-38176.7232,24340.3776,-38176.7232,24340.3776,48462,a9ed0118bd0a4988
50,2i,90,45,9518000000,9518200000,200000,199794,199794,0,24705,0,-20831.256,13281.408,-20831.256,13281.408,-20148.264,12845.952,-20148.264,12845.952,24705,a9ed0118bd0a4988
50,2i,90,46,9518000000,9518200000,200000,199956,199956,0,7628,0,-6431.9296,4100.8128,-6431.9296,4100.8128,-6283.5264,4006.1952,-6283.5264,4006.1952,7628,a9ed0118bd0a4988
50,2i,90,47,9518000000,9518200000,200000,200000,200000,0,2068,0,-1743.7376,1111.7568,-1743.7376,1111.7568,-1743.7376,1111.7568,-1743.7376,1111.7568,2068,a9ed0118bd0a4988
50,2i,90,48,9518000000,9518200000,200000,200000,200000,0,0,0,0,0,0,0,0,0,0,0,0,a9ed0118bd0a4988
50,2i,90,49,9518000000,9518200000,200000,200000,200000,0,0,0,0,0,0,0,0,0,0,0,0,a9ed0118bd0a4988
50,2i,90,50,9518000000,9518200000,200000,200000,200000,0,0,0,0,0,0,0,0,0,0,0,0,a9ed0118bd0a4988
50,2i,91,0,9518200000,9518400000,200000,-200000,200000,0,0,0,0,0,0,0,0,0,0,0,0,f8cbfff7ba89f232
50,2i,91,1,9518200000,9518400000,200000,-200000,200000,0,0,0,0,0,0,0,0,0,0,0,0,f8cbfff7ba89f232
50,2i,91,2,9518200000,9518400000,200000,-200000,200000,0,0,0,0,0,0,0,0,0,0,0,0,f8cbfff7ba89f232
50,2i,91,3,9518200000,9518400000,200000,-200000,200000,0,0,0,0,0,0,0,0,0,0,0,0,f8cbfff7ba89f232
50,2i,91,4,9518200000,9518400000,200000,-200000,200000,0,0,0,0,0,0,0,0,0,0,0,0,f8cbfff7ba89f232
50,2i,91,5,9518200000,9518400000,200000,-200000,200000,0,0,0,0,0,0,0,0,0,0,0,0,f8cbfff7ba89f232
50,2i,91,6,9518200000,9518400000,200000,-200000,200000,0,0,0,0,0,0,0,0,0,0,0,0,f8cbfff7ba89f232
50,2i,91,7,9518200000,9518400000,200000,-200000,200000,86,0,0,-72.5152,46.2336,72.5152,-46.2336,72.5152,-46.2336,-72.5152,46.2336,86,f8cbfff7ba89f232
50,2i,91,8,9518200000,9518400000,200000,-199998,199998,478,0,0,-403.0496,256.9728,403.0496,-256.9728,389.5584,-248.3712,-389.5584,248.3712,478,f8cbfff7ba89f232
50,2i,91,9,9518200000,9518400000,200000,-199987,199987,2067,0,0,-1742.8944,1111.2192,1742.8944,-1111.2192,1659.4176,-1057.9968,-1659.4176,1057.9968,2067,f8cbfff7ba89f232
50,2i,91,10,9518200000,9518400000,200000,-199939,199939,3920,0,0,-3305.344,2107.392,3305.344,-2107.392,2900.608,-1849.344,-2900.608,1849.344,3920,f8cbfff7ba89f232
50,2i,91,11,9518200000,9518400000,200000,-199853,199853,8161,0,0,-6881.3552,4387.3536,6881.3552,-4387.3536,6083.688,-3878.784,-6083.688,3878.784,8161,f8cbfff7ba89f232
50,2i,91,12,9518200000,9518400000,200000,-199668,199668,15558,0,0,-13118.5056,8363.9808,13118.5056,-8363.9808,11246.6016,-7170.5088,-11246.6016,7170.5088,15558,f8cbfff7ba89f232
50,2i,91,13,9518200000,9518400000,200000,-199317,199317,26393,0,0,-22254.5776,14188.8768,22254.5776,-14188.8768,18407.056,-11735.808,-18407.056,11735.808,26393,f8cbfff7ba89f232
50,2i,91,14,9518200000,9518400000,200000,-198727,198727,41092,0,0,-34648.7744,22091.0592,34648.7744,-22091.0592,27683.9424,-17650.4832,-27683.9424,17650.4832,41092,f8cbfff7ba89f232
50,2i,91,15,9518200000,9518400000,200000,-197815,197815,64465,0,0,-54356.888,34656.384,54356.888,-34656.384,42821.912,-27302.016,-42821.912,27302.016,64465,f8cbfff7ba89f232
50,2i,91,16,9518200000,9518400000,200000,-196364,196364,98526,0,0,-83077.1232,52967.5776,83077.1232,-52967.5776,63501.392,-40486.656,-63501.392,40486.656,98526,f8cbfff7ba89f232
50,2i,91,17,9518200000,9518400000,200000,-194149,194149,138041,0,0,-116290.875328,74218.850304,116290.875328,-74218.850304,84540.179328,-53975.522304,-84540.179328,53975.522304,138041,f8cbfff7ba89f232
50,2i,91,18,9518200000,9518400000,200000,-191107,191107,198020,0,0,-166588.692224,106435.295232,166588.692224,-106435.295232,120475.867136,-76994.101248,-120475.867136,76994.101248,198020,f8cbfff7ba89f232
50,2i,91,19,9518200000,9518400000,200000,-186630,186630,268676,62,31,-225691.705088,144285.033984,225639.426688,-144251.702784,154133.019776,-98553.120768,-154133.019776,98553.120768,268738,f8cbfff7ba89f232
50,2i,91,20,9518200000,9518400000,200000,-180705,180709,346670,280,80,-290766.224,185327.232,290620.39104,-185097.63072,191235.7856,-121619.0208,-191269.5136,121640.5248,346950,f8cbfff7ba89f232
50,2i,91,21,9518200000,9518400000,200000,-173090,173110,437712,951,100,-365883.95296,233241.76128,364800.57056,-232389.35808,231426.170304,-147601.884672,-231504.643776,147747.552768,438663,f8cbfff7ba89f232
50,2i,91,22,9518200000,9518400000,200000,-163478,163552,544994,3114,156,-453099.24224,289110.71232,449300.898304,-286511.388672,275224.4512,-175513.8816,-275986.795904,176050.025472,548108,f8cbfff7ba89f232
50,2i,91,23,9518200000,9518400000,200000,-151455,151709,668200,9036,551,-552186.66048,352593.39264,540680.575488,-345398.621184,318796.356096,-203756.310528,-321290.212608,205451.065344,677236,f8cbfff7ba89f232
50,2i,91,24,9518200000,9518400000,200000,-136614,137384,790614,24860,1630,-651440.877952,415633.652736,619538.286208,-395393.670144,347001.227776,-221199.264768,-355012.097536,226088.168448,815474,f8cbfff7ba89f232
50,2i,91,25,9518200000,9518400000,200000,-118949,121155,904000,56325,3625,-750950.9904,478357.7472,678378.7728,-432429.3504,365672.0704,-232971.1872,-388644.88,247731.84,960325,f8cbfff7ba89f232
50,2i,91,26,9518200000,9518400000,200000,-98201,103477,992426,118774,7588,-842467.044608,538307.641344,688593.279488,-440566.493184,347493.65568,-223264.26624,-399077.04,255678.72,1111200,f8cbfff7ba89f232
50,2i,91,27,9518200000,9518400000,200000,-74378,86226,1025424,223364,12777,-912732.085248,584491.044864,620179.343232,-396954.571776,288971.35872,-184571.11296,-404048.03712,258063.64416,1248788,f8cbfff7ba89f232
50,2i,91,28,9518200000,9518400000,200000,-48049,71605,985558,375486,17364,-967772.226816,619346.239488,468922.388992,-298807.443456,188480.506496,-120228.937728,-404538.323072,259065.040896,1361044,f8cbfff7ba89f232
50,2i,91,29,9518200000,9518400000,200000,-19693,62483,867209,566677,20976,-1004158.395264,641198.141952,233241.3248,-146734.8864,41460.890176,-24218.707968,-414232.190912,263735.894016,1433886,f8cbfff7ba89f232
50,2i,91,30,9518200000,9518400000,200000,9429,60769,690220,760880,21740,-1014694.56512,644355.54816,-48082.1184,34902.4512,-126578.67008,83059.64544,-442201.00096,281149.02528,1451100,f8cbfff7ba89f232
50,2i,91,31,9518200000,9518400000,200000,38301,66873,489818,926213,19101,-1001693.812928,635356.207104,-324666.63328,210304.34304,-288941.40128,185156.56704,-476753.968064,303169.892352,1416031,f8cbfff7ba89f232
50,2i,91,32,9518200000,9518400000,200000,65722,79882,303402,1032728,14902,-970727.076224,616029.407232,-555802.831232,356039.755776,-422834.840576,270297.735168,-521443.183616,331528.101888,1336130,f8cbfff7ba89f232
50,2i,91,33,9518200000,9518400000,200000,91203,97273,166210,1060444,9854,-922386.058112,584366.063616,-696904.682112,444656.495616,-511381.186112,325662.767616,-556080.599872,353116.663296,1226654,f8cbfff7ba89f232
50,2i,91,34,9518200000,9518400000,200000,113896,116116,77706,1007744,5702,-846831.368576,535989.639168,-741217.933184,471144.640512,-543721.650304,345274.524672,-559936.258176,355211.731968,1085450,f8cbfff7ba89f232
50,2i,91,35,9518200000,9518400000,200000,133514,134202,30680,904680,2600,-751154.36288,475299.55584,-710638.15552,450310.09536,-527279.71008,333770.36544,-532326.46272,337022.18496,935360,f8cbfff7ba89f232
50,2i,91,36,9518200000,9518400000,200000,150096,150268,10198,781676,1242,-650556.347264,412810.877952,-637395.304832,404401.560576,-482099.196672,305478.045696,-483148.032768,306082.996224,791874,f8cbfff7ba89f232
50,2i,91,37,9518200000,9518400000,200000,164019,164061,2678,654758,372,-547209.642368,348482.049024,-544072.3872,346709.5296,-426248.178624,271666.770432,-426613.509824,271840.492032,657436,f8cbfff7ba89f232
50,2i,91,38,9518200000,9518400000,200000,174964,174964,798,515168,114,-433210.742144,275544.609792,-432142.850944,275036.808192,-348460.49856,221692.46208,-348460.49856,221692.46208,515966,f8cbfff7ba89f232
50,2i,91,39,9518200000,9518400000,200000,183302,183302,0,392337,0,-330315.674048,210263.883264,-330315.674048,210263.883264,-273702.968448,174194.302464,-273702.968448,174194.302464,392337,f8cbfff7ba89f232
50,2i,91,40,9518200000,9518400000,200000,189407,189407,0,287700,0,-242543.584,154547.712,-242543.584,154547.712,-205864.384,131162.112,-205864.384,131162.112,287700,f8cbfff7ba89f232
50,2i,91,41,9518200000,9518400000,200000,193757,193757,0,203964,0,-171982.4448,109651.0464,-171982.4448,109651.0464,-150384.72,95880.96,-150384.72,95880.96,203964,f8cbfff7ba89f232
50,2i,91,42,9518200000,9518400000,200000,196603,196603,0,133524,0,-112587.4368,71782.5024,-112587.4368,71782.5024,-100789.3824,64260.4032,-100789.3824,64260.4032,133524,f8cbfff7ba89f232
50,2i,91,43,9518200000,9518400000,200000,198352,198352,0,81843,0,-69010.0176,43998.7968,-69010.0176,43998.7968,-63414.5424,40431.2832,-63414.5424,40431.2832,81843,f8cbfff7ba89f232
50,2i,91,44,9518200000,9518400000,200000,199300,199300,0,44754,0,-37736.5728,24059.7504,-37736.5728,24059.7504,-35171.5584,22424.3712,-35171.5584,22424.3712,44754,f8cbfff7ba89f232
50,2i,91,45,9518200000,9518400000,200000,199807,199807,0,23525,0,-19836.28,12647.04,-19836.28,12647.04,-19237.608,12265.344,-19237.608,12265.344,23525,f8cbfff7ba89f232
50,2i,91,46,9518200000,9518400000,200000,199949,199949,0,6736,0,-5679.7952,3621.2736,-5679.7952,3621.2736,-5507.7824,3511.6032,-5507.7824,3511.6032,6736,f8cbfff7ba89f232
50,2i,91,47,9518200000,9518400000,200000,200000,200000,0,2397,0,-2021.1504,1288.6272,-2021.1504,1288.6272,-2021.1504,1288.6272,-2021.1504,1288.6272,2397,f8cbfff7ba89f232
50,2i,91,48,9518200000,9518400000,200000,200000,200000,0,0,0,0,0,0,0,0,0,0,0,0,f8cbfff7ba89f232
50,2i,91,49,9518200000,9518400000,200000,200000,200000,0,0,0,0,0,0,0,0,0,0,0,0,f8cbfff7ba89f232
50,2i,91,50,9518200000,9518400000,200000,200000,200000,0,0,0,0,0,0,0,0,0,0,0,0,f8cbfff7ba89f232
50,2i,92,0,9518400000,9518600000,200000,-200000,200000,0,0,0,0,0,0,0,0,0,0,0,0,f705b52396ff615
50,2i,92,1,9518400000,9518600000,200000,-200000,200000,0,0,0,0,0,0,0,0,0,0,0,0,f705b52396ff615
50,2i,92,2,9518400000,9518600000,200000,-200000,200000,0,0,0,0,0,0,0,0,0,0,0,0,f705b52396ff615
50,2i,92,3,9518400000,9518600000,200000,-200000,200000,0,0,0,0,0,0,0,0,0,0,0,0,f705b52396ff615
50,2i,92,4,9518400000,9518600000,200000,-200000,200000,0,0,0,0,0,0,0,0,0,0,0,0,f705b52396ff615
50,2i,92,5,9518400000,9518600000,200000,-200000,200000,0,0,0,0,0,0,0,0,0,0,0,0,f705b52396ff615
50,2i,92,6,9518400000,9518600000,200000,-200000,200000,0,0,0,0,0,0,0,0,0,0,0,0,f705b52396ff615
50,2i,92,7,9518400000,9518600000,200000,-200000,200000,172,0,0,-145.0304,92.4672,145.0304,-92.4672,145.0304,-92.4672,-145.0304,92.4672,172,f705b52396ff615
50,2i,92,8,9518400000,9518600000,200000,-199996,199996,578,0,0,-487.3696,310.7328,487.3696,-310.7328,460.3872,-293.5296,-460.3872,293.5296,578,f705b52396ff615
50,2i,92,9,9518400000,9518600000,200000,-199983,199983,1593,0,0,-1343.2176,856.3968,1343.2176,-856.3968,1244.5632,-793.4976,-1244.5632,793.4976,1593,f705b52396ff615
50,2i,92,10,9518400000,9518600000,200000,-199947,199947,3840,0,0,-3237.888,2064.384,3237.888,-2064.384,2934.336,-1870.848,-2934.336,1870.848,3840,f705b52396ff615
50,2i,92,11,9518400000,9518600000,200000,-199860,199860,7509,0,0,-6331.5888,4036.8384,6331.5888,-4036.8384,5524.6464,-3522.3552,-5524.6464,3522.3552,7509,f705b52396ff615
50,2i,92,12,9518400000,9518600000,200000,-199692,199692,14024,0,0,-11825.0368,7539.3024,11825.0368,-7539.3024,10125.1456,-6455.5008,-10125.1456,6455.5008,14024,f705b52396ff615
50,2i,92,13,9518400000,9518600000,200000,-199376,199376,24347,0,0,-20529.3904,13088.9472,20529.3904,-13088.9472,17065.5248,-10880.4864,-17065.5248,10880.4864,24347,f705b52396ff615
50,2i,92,14,9518400000,9518600000,200000,-198829,198829,41174,0,0,-34717.9168,22135.1424,34717.9168,-22135.1424,28260.6912,-18018.2016,-28260.6912,18018.2016,41174,f705b52396ff615
50,2i,92,15,9518400000,9518600000,200000,-197898,197898,63665,0,0,-53682.328,34226.304,53682.328,-34226.304,41907.04,-26718.72,-41907.04,26718.72,63665,f705b52396ff615
50,2i,92,16,9518400000,9518600000,200000,-196478,196478,94324,0,0,-79533.9968,50708.5824,79533.9968,-50708.5824,60376.4928,-38494.3104,-60376.4928,38494.3104,94324,f705b52396ff615
50,2i,92,17,9518400000,9518600000,200000,-194372,194372,140478,0,0,-118398.401664,75524.977152,118398.401664,-75524.977152,88210.155264,-56277.821952,-88210.155264,56277.821952,140478,f705b52396ff615
50,2i,92,18,9518400000,9518600000,200000,-191200,191200,195528,0,0,-164636.282368,105133.569024,164636.282368,-105133.569024,116521.652224,-74436.575232,-116521.652224,74436.575232,195528,f705b52396ff615
50,2i,92,19,9518400000,9518600000,200000,-186874,186874,264970,31,0,-222876.737344,142327.483392,222923.373248,-142286.628864,153715.324288,-98110.339584,-153715.324288,98110.339584,265001,f705b52396ff615
50,2i,92,20,9518400000,9518600000,200000,-180977,180979,341270,230,30,-286158.52288,182742.43584,285885.05856,-182522.54208,186865.6576,-119322.3168,-186835.56992,119348.67456,341500,f705b52396ff615
50,2i,92,21,9518400000,9518600000,200000,-173525,173541,437065,843,50,-365434.734208,233200.134144,364222.617344,-232427.323392,233927.002944,-149211.144192,-234139.489344,149346.619392,437908,f705b52396ff615
50,2i,92,22,9518400000,9518600000,200000,-163821,163885,552124,3356,246,-458792.91392,293392.06656,454547.158784,-290557.581312,278748.403584,-178487.027712,-279506.743936,178970.523648,555480,f705b52396ff615
50,2i,92,23,9518400000,9518600000,200000,-151607,151873,669991,9532,670,-553636.519488,355046.813184,541836.358976,-346619.386368,317020.744,-203054.592,-319885.406144,204985.761792,679523,f705b52396ff615
50,2i,92,24,9518400000,9518600000,200000,-136844,137644,796196,23438,1316,-657716.09664,420511.21152,627404.948352,-400060.839936,355519.789824,-226047.532032,-363462.45504,231821.98272,819634,f705b52396ff615
50,2i,92,25,9518400000,9518600000,200000,-118947,121057,916125,57025,3450,-761841.312,487521.216,686615.2096,-439843.8528,367809.6416,-236497.2288,-389317.7984,250608.6912,973150,f705b52396ff615
50,2i,92,26,9518400000,9518600000,200000,-97918,103280,994150,117804,6376,-845738.06016,543328.25088,691787.91104,-444408.99072,347123.385088,-223119.273984,-402990.048512,258027.810816,1111954,f705b52396ff615
50,2i,92,27,9518400000,9518600000,200000,-74368,86024,1021691,218599,11123,-914825.128704,586589.455872,629325.018624,-400231.890432,294964.30656,-186759.40608,-405308.227968,258771.469824,1240290,f705b52396ff615
50,2i,92,28,9518400000,9518600000,200000,-48088,71364,983042,368754,16696,-968769.874176,619713.619968,476210.226688,-300266.102784,189620.392832,-119195.544576,-402854.013824,258398.764032,1351796,f705b52396ff615
50,2i,92,29,9518400000,9518600000,200000,-20090,62100,864161,549578,20112,-994574.511552,636054.337536,244776.561344,-153539.515392,45079.796416,-27130.572288,-413282.285888,264725.328384,1413739,f705b52396ff615
50,2i,92,30,9518400000,9518600000,200000,8567,59913,689340,744850,21660,-1002286.76032,641420.02176,-35720.67008,27715.64544,-116686.62848,76559.21664,-428449.744,273326.592,1434190,f705b52396ff615
50,2i,92,31,9518400000,9518600000,200000,37291,65969,489370,928229,19520,-1001910.985792,639128.825856,-330275.881024,216052.933632,-287773.932032,188375.410176,-476176.207744,306461.870592,1417599,f705b52396ff615
50,2i,92,32,9518400000,9518600000,200000,65036,79186,306626,1040016,15316,-981045.245056,619449.719808,-562543.60512,357730.26816,-427918.86656,272029.48608,-529111.41056,334866.47808,1346642,f705b52396ff615
50,2i,92,33,9518400000,9518600000,200000,90525,96433,168038,1058744,9677,-929402.29632,587212.46976,-699830.243456,444428.011008,-515652.497536,325635.368448,-559704.8864,353218.6752,1226782,f705b52396ff615
50,2i,92,34,9518400000,9518600000,200000,113210,115348,76378,1011888,5014,-850851.187584,540260.339712,-746468.449152,475079.694336,-545736.175488,347779.421184,-562014.136192,357793.453056,1088266,f705b52396ff615
50,2i,92,35,9518400000,9518600000,200000,133021,133623,30225,914815,2625,-759476.45184,480770.56512,-719361.46816,456127.99488,-533212.97696,337439.39328,-537719.9216,340176.2688,945040,f705b52396ff615
50,2i,92,36,9518400000,9518600000,200000,149798,149954,8854,789298,658,-656416.05888,416990.88384,-644542.34112,409780.31616,-488957.500416,310818.444288,-490014.55104,311460.51072,798152,f705b52396ff615
50,2i,92,37,9518400000,9518600000,200000,163668,163706,2326,654241,433,-547102.064448,347528.830464,-544125.765056,345745.079808,-425390.627776,270178.464768,-425573.293376,270265.325568,656567,f705b52396ff615
50,2i,92,38,9518400000,9518600000,200000,174697,174713,502,519352,88,-436180.071552,277492.417536,-435524.705152,277161.102336,-351094.232576,223328.391168,-351215.653376,223405.805568,519854,f705b52396ff615
50,2i,92,39,9518400000,9518600000,200000,183093,183095,284,395316,39,-332933.145472,212135.364096,-332519.977472,211871.940096,-275257.422272,175362.986496,-275275.972672,175374.813696,395600,f705b52396ff615
50,2i,92,40,9518400000,9518600000,200000,189289,189289,40,290810,0,-245239.088,156345.984,-245171.632,156302.976,-208944.96,133217.28,-208944.96,133217.28,290850,f705b52396ff615
50,2i,92,41,9518400000,9518600000,200000,193590,193590,0,202738,0,-170925.5904,108930.5472,-170925.5904,108930.5472,-148667.64,94739.52,-148667.64,94739.52,202738,f705b52396ff615
50,2i,92,42,9518400000,9518600000,200000,196523,196523,0,137322,0,-115789.9104,73824.3072,-115789.9104,73824.3072,-103870.4352,66224.7936,-103870.4352,66224.7936,137322,f705b52396ff615
50,2i,92,43,9518400000,9518600000,200000,198290,198290,0,83240,0,-70187.968,44749.824,-70187.968,44749.824,-64067.1792,40847.3856,-64067.1792,40847.3856,83240,f705b52396ff615
50,2i,92,44,9518400000,9518600000,200000,199327,199327,0,48442,0,-40846.2944,26042.4192,-40846.2944,26042.4192,-38473.5296,24529.6128,-38473.5296,24529.6128,48442,f705b52396ff615
50,2i,92,45,9518400000,9518600000,200000,199796,199796,0,21930,0,-18491.376,11789.568,-18491.376,11789.568,-17795.736,11346.048,-17795.736,11346.048,21930,f705b52396ff615
50,2i,92,46,9518400000,9518600000,200000,199961,199961,0,7746,0,-6531.4272,4164.2496,-6531.4272,4164.2496,-6399.888,4080.384,-6399.888,4080.384,7746,f705b52396ff615
50,2i,92,47,9518400000,9518600000,200000,200000,200000,0,1833,0,-1545.5856,985.4208,-1545.5856,985.4208,-1545.5856,985.4208,-1545.5856,985.4208,1833,f705b52396ff615
50,2i,92,48,9518400000,9518600000,200000,200000,200000,0,0,0,0,0,0,0,0,0,0,0,0,f705b52396ff615
50,2i,92,49,9518400000,9518600000,200000,200000,200000,0,0,0,0,0,0,0,0,0,0,0,0,f705b52396ff615
50,2i,92,50,9518400000,9518600000,200000,200000,200000,0,0,0,0,0,0,0,0,0,0,0,0,f705b52396ff615
50,2i,93,0,9518600000,9518800000,200000,-200000,200000,0,0,0,0,0,0,0,0,0,0,0,0,d019ec6dd72d0e2e
50,2i,93,1,9518600000,9518800000,200000,-200000,200000,0,0,0,0,0,0,0,0,0,0,0,0,d019ec6dd72d0e2e
50,2i,93,2,9518600000,9518800000,200000,-200000,200000,0,0,0,0,0,0,0,0,0,0,0,0,d019ec6dd72d0e2e
50,2i,93,3,9518600000,9518800000,200000,-200000,200000,0,0,0,0,0,0,0,0,0,0,0,0,d019ec6dd72d0e2e
50,2i,93,4,9518600000,9518800000,200000,-200000,200000,0,0,0,0,0,0,0,0,0,0,0,0,d019ec6dd72d0e2e
50,2i,93,5,9518600000,9518800000,200000,-200000,200000,0,0,0,0,0,0,0,0,0,0,0,0,d019ec6dd72d0e2e
50,2i,93,6,9518600000,9518800000,200000,-200000,200000,0,0,0,0,0,0,0,0,0,0,0,0,d019ec6dd72d0e2e
50,2i,93,7,9518600000,9518800000,200000,-200000,200000,215,0,0,-181.288,115.584,181.288,-115.584,181.288,-115.584,-181.288,115.584,215,d019ec6dd72d0e2e
50,2i,93,8,9518600000,9518800000,200000,-199995,199995,712,0,0,-600.3584,382.7712,600.3584,-382.7712,566.6304,-361.2672,-566.6304,361.2672,712,d019ec6dd72d0e2e
50,2i,93,9,9518600000,9518800000,200000,-199979,199979,1456,0,0,-1227.6992,782.7456,1227.6992,-782.7456,1106.2784,-705.3312,-1106.2784,705.3312,1456,d019ec6dd72d0e2e
50,2i,93,10,9518600000,9518800000,200000,-199947,199947,3240,0,0,-2731.968,1741.824,2731.968,-1741.824,2462.144,-1569.792,-2462.144,1569.792,3240,d019ec6dd72d0e2e
50,2i,93,11,9518600000,9518800000,200000,-199874,199874,7823,0,0,-6596.3536,4205.6448,6596.3536,-4205.6448,5919.264,-3773.952,-5919.264,3773.952,7823,d019ec6dd72d0e2e
50,2i,93,12,9518600000,9518800000,200000,-199694,199694,15042,0,0,-12683.4144,8086.5792,12683.4144,-8086.5792,10862.1024,-6925.3632,-10862.1024,6925.3632,15042,d019ec6dd72d0e2e
50,2i,93,13,9518600000,9518800000,200000,-199355,199355,24979,0,0,-21062.2928,13428.7104,21062.2928,-13428.7104,17346.3104,-11059.5072,-17346.3104,11059.5072,24979,d019ec6dd72d0e2e
50,2i,93,14,9518600000,9518800000,200000,-198799,198799,41120,0,0,-34672.384,22106.112,34672.384,-22106.112,28108.9152,-17921.4336,-28108.9152,17921.4336,41120,d019ec6dd72d0e2e
50,2i,93,15,9518600000,9518800000,200000,-197873,197873,65550,0,0,-55271.76,35239.68,55271.76,-35239.68,43559.712,-27772.416,-43559.712,27772.416,65550,d019ec6dd72d0e2e
50,2i,93,16,9518600000,9518800000,200000,-196397,196397,98246,0,0,-82841.0272,52817.0496,82841.0272,-52817.0496,62928.016,-40121.088,-62928.016,40121.088,98246,d019ec6dd72d0e2e
50,2i,93,17,9518600000,9518800000,200000,-194202,194202,138394,0,0,-116693.8208,74400.6144,116693.8208,-74400.6144,85229.8128,-54340.0704,-85229.8128,54340.0704,138394,d019ec6dd72d0e2e
50,2i,93,18,9518600000,9518800000,200000,-191139,191139,194558,0,0,-163898.147968,104606.029824,163898.147968,-104606.029824,117409.159168,-74965.991424,-117409.159168,74965.991424,194558,d019ec6dd72d0e2e
50,2i,93,19,9518600000,9518800000,200000,-186782,186782,261529,0,0,-219563.422528,140299.259904,219563.422528,-140299.259904,149851.734272,-95788.202496,-149851.734272,95788.202496,261529,d019ec6dd72d0e2e
50,2i,93,20,9518600000,9518800000,200000,-181016,181016,346110,180,0,-290187.97504,185277.34272,289980.14656,-185076.52608,193405.52256,-123378.09408,-193405.52256,123378.09408,346290,d019ec6dd72d0e2e
50,2i,93,21,9518600000,9518800000,200000,-173317,173329,447986,1054,58,-374689.680896,239227.196928,373354.631168,-238130.087424,238565.550272,-152243.690496,-238711.030208,152384.262144,449040,d019ec6dd72d0e2e
50,2i,93,22,9518600000,9518800000,200000,-163408,163484,555114,3084,212,-461205.006464,294378.903552,457302.819968,-291995.725824,277766.752768,-177275.956224,-278669.185024,178001.605632,558198,d019ec6dd72d0e2e
50,2i,93,23,9518600000,9518800000,200000,-151258,151504,666970,9542,624,-551031.330944,352133.448192,539728.827776,-344276.064768,315611.848704,-201606.415872,-318075.932544,202967.956992,676512,d019ec6dd72d0e2e
50,2i,93,24,9518600000,9518800000,200000,-136552,137360,789578,24398,1784,-647827.208704,415410.895872,619051.929856,-395589.086208,347872.369024,-222802.117632,-355728.74176,228576.19968,813976,d019ec6dd72d0e2e
50,2i,93,25,9518600000,9518800000,200000,-118820,120986,907900,56825,3625,-750275.16,481370.88,680186.136,-434293.248,366903.7168,-234069.5424,-387018.0496,247576.9728,964725,d019ec6dd72d0e2e
50,2i,93,26,9518600000,9518800000,200000,-97963,103317,991374,122156,6930,-842937.794432,539780.453376,685063.572608,-435599.545344,345974.525568,-219777.306624,-397948.204416,254690.316288,1113530,d019ec6dd72d0e2e
50,2i,93,27,9518600000,9518800000,200000,-74161,86241,1018224,224270,11148,-910356.998784,583666.701312,615089.863296,-391822.000128,284697.84,-181893.12,-403835.950848,259819.505664,1242494,d019ec6dd72d0e2e
50,2i,93,28,9518600000,9518800000,200000,-48081,71767,975306,370648,15114,-962247.729792,615671.417856,468554.115968,-298779.853824,189084.426496,-119015.497728,-403502.369536,257698.664448,1345954,d019ec6dd72d0e2e
50,2i,93,29,9518600000,9518800000,200000,-20094,62704,865140,555693,20112,-997600.715712,636920.380416,244354.129216,-153318.002688,46340.796608,-29374.777344,-414476.908096,264285.846528,1420833,d019ec6dd72d0e2e
50,2i,93,30,9518600000,9518800000,200000,8916,60484,696050,751110,22530,-1010314.7712,645775.6416,-34481.66272,25775.78496,-116317.85984,77394.30912,-433839.9616,277878.9888,1447160,d019ec6dd72d0e2e
50,2i,93,31,9518600000,9518800000,200000,37759,66567,494368,928079,19767,-1010054.332096,642174.678528,-323221.704256,207608.145408,-286008.239616,183207.909888,-480681.609728,307023.189504,1422447,d019ec6dd72d0e2e
50,2i,93,32,9518600000,9518800000,200000,65565,79469,309906,1036726,15534,-981995.96672,624252.45696,-557104.56448,354314.86464,-428614.97856,272077.10208,-525635.441664,333483.697152,1346632,d019ec6dd72d0e2e
50,2i,93,33,9518600000,9518800000,200000,90945,96911,164076,1059126,9399,-923925.984768,587935.732224,-700148.409728,447365.589504,-513159.23872,327926.95296,-559065.964736,355918.338048,1223202,d019ec6dd72d0e2e
50,2i,93,34,9518600000,9518800000,200000,113631,115703,77590,1008294,4800,-849878.489856,539155.166208,-742848.797184,473507.392512,-544241.07072,346623.52896,-559457.31136,356288.53248,1085884,d019ec6dd72d0e2e
50,2i,93,35,9518600000,9518800000,200000,133291,133939,28820,909090,1905,-755507.11296,479076.64128,-717217.54048,454573.23264,-532373.34176,337108.99968,-537377.38784,340470.21312,937910,d019ec6dd72d0e2e
50,2i,93,36,9518600000,9518800000,200000,149945,150073,10074,780430,890,-648621.742592,412117.088256,-635741.399552,403590.721536,-483133.392384,307055.066112,-484004.024832,307514.520576,790504,d019ec6dd72d0e2e
50,2i,93,37,9518600000,9518800000,200000,163585,163611,2017,644519,285,-539339.742976,342133.498368,-536863.400192,340807.405056,-419103.443712,265733.884416,-419278.829312,265845.705216,646536,d019ec6dd72d0e2e
50,2i,93,38,9518600000,9518800000,200000,174497,174503,416,516876,76,-434227.938048,276461.835264,-433654.562048,276096.267264,-347553.993472,221201.028096,-347614.703872,221239.735296,517292,d019ec6dd72d0e2e
50,2i,93,39,9518600000,9518800000,200000,183050,183050,117,402134,0,-338660.542272,215895.146496,-338463.233472,215769.348096,-280659.929472,178940.676096,-280659.929472,178940.676096,402251,d019ec6dd72d0e2e
50,2i,93,40,9518600000,9518800000,200000,189294,189294,0,293790,0,-247678.672,157821.696,-247678.672,157821.696,-210552.576,134151.168,-210552.576,134151.168,293790,d019ec6dd72d0e2e
50,2i,93,41,9518600000,9518800000,200000,193697,193697,0,206137,0,-173814.7184,110819.2512,-173814.7184,110819.2512,-152216.9936,97049.1648,-152216.9936,97049.1648,206137,d019ec6dd72d0e2e
50,2i,93,42,9518600000,9518800000,200000,196543,196543,0,133708,0,-112742.5856,71881.4208,-112742.5856,71881.4208,-100789.3824,64260.4032,-100789.3824,64260.4032,133708,d019ec6dd72d0e2e
50,2i,93,43,9518600000,9518800000,200000,198315,198315,0,82860,0,-69867.552,44545.536,-69867.552,44545.536,-64248.4672,40962.9696,-64248.4672,40962.9696,82860,d019ec6dd72d0e2e
50,2i,93,44,9518600000,9518800000,200000,199267,199267,0,44900,0,-37859.68,24138.24,-37859.68,24138.24,-35319.9616,22518.9888,-35319.9616,22518.9888,44900,d019ec6dd72d0e2e
50,2i,93,45,9518600000,9518800000,200000,199769,199769,0,23420,0,-19747.744,12590.592,-19747.744,12590.592,-19047.888,12144.384,-19047.888,12144.384,23420,d019ec6dd72d0e2e
50,2i,93,46,9518600000,9518800000,200000,199935,199935,0,7896,0,-6657.9072,4244.8896,-6657.9072,4244.8896,-6438.6752,4105.1136,-6438.6752,4105.1136,7896,d019ec6dd72d0e2e
50,2i,93,47,9518600000,9518800000,200000,200000,200000,0,3055,0,-2575.976,1642.368,-2575.976,1642.368,-2575.976,1642.368,-2575.976,1642.368,3055,d019ec6dd72d0e2e
50,2i,93,48,9518600000,9518800000,200000,200000,200000,0,0,0,0,0,0,0,0,0,0,0,0,d019ec6dd72d0e2e
50,2i,93,49,9518600000,9518800000,200000,200000,200000,0,0,0,0,0,0,0,0,0,0,0,0,d019ec6dd72d0e2e
50,2i,93,50,9518600000,9518800000,200000,200000,200000,0,0,0,0,0,0,0,0,0,0,0,0,d019ec6dd72d0e2e
50,2i,94,0,9518800000,9519000000,200000,-200000,200000,0,0,0,0,0,0,0,0,0,0,0,0,3a679de79a72fb2f
50,2i,94,1,9518800000,9519000000,200000,-200000,200000,0,0,0,0,0,0,0,0,0,0,0,0,3a679de79a72fb2f
50,2i,94,2,9518800000,9519000000,200000,-200000,200000,0,0,0,0,0,0,0,0,0,0,0,0,3a679de79a72fb2f
50,2i,94,3,9518800000,9519000000,200000,-200000,200000,0,0,0,0,0,0,0,0,0,0,0,0,3a679de79a72fb2f
50,2i,94,4,9518800000,9519000000,200000,-200000,200000,0,0,0,0,0,0,0,0,0,0,0,0,3a679de79a72fb2f
50,2i,94,5,9518800000,9519000000,200000,-200000,200000,0,0,0,0,0,0,0,0,0,0,0,0,3a679de79a72fb2f
50,2i,94,6,9518800000,9519000000,200000,-200000,200000,44,0,0,-37.1008,23.6544,37.1008,-23.6544,37.1008,-23.6544,-37.1008,23.6544,44,3a679de79a72fb2f
50,2i,94,7,9518800000,9519000000,200000,-199999,199999,179,0,0,-150.9328,96.2304,150.9328,-96.2304,145.0304,-92.4672,-145.0304,92.4672,179,3a679de79a72fb2f
50,2i,94,8,9518800000,9519000000,200000,-199995,199995,536,0,0,-451.9552,288.1536,451.9552,-288.1536,424.9728,-270.9504,-424.9728,270.9504,536,3a679de79a72fb2f
50,2i,94,9,9518800000,9519000000,200000,-199983,199983,1461,0,0,-1231.9152,785.4336,1231.9152,-785.4336,1140.8496,-727.3728,-1140.8496,727.3728,1461,3a679de79a72fb2f
50,2i,94,10,9518800000,9519000000,200000,-199950,199950,3370,0,0,-2841.584,1811.712,2841.584,-1811.712,2563.328,-1634.304,-2563.328,1634.304,3370,3a679de79a72fb2f
50,2i,94,11,9518800000,9519000000,200000,-199874,199874,8402,0,0,-7084.5664,4516.9152,7084.5664,-4516.9152,6379.6512,-4067.4816,-6379.6512,4067.4816,8402,3a679de79a72fb2f
50,2i,94,12,9518800000,9519000000,200000,-199680,199680,14260,0,0,-12024.032,7666.176,12024.032,-7666.176,10061.0624,-6414.6432,-10061.0624,6414.6432,14260,3a679de79a72fb2f
50,2i,94,13,9518800000,9519000000,200000,-199366,199366,23914,0,0,-20164.2848,12856.1664,20164.2848,-12856.1664,16722.3424,-10661.6832,-16722.3424,10661.6832,23914,3a679de79a72fb2f
50,2i,94,14,9518800000,9519000000,200000,-198830,198830,40120,0,0,-33829.184,21568.512,33829.184,-21568.512,27501.8112,-17534.3616,-27501.8112,17534.3616,40120,3a679de79a72fb2f
50,2i,94,15,9518800000,9519000000,200000,-197924,197924,64690,0,0,-54546.608,34777.344,54546.608,-34777.344,43087.52,-27471.36,-43087.52,27471.36,64690,3a679de79a72fb2f
50,2i,94,16,9518800000,9519000000,200000,-196464,196464,92448,0,0,-77897.910272,49704.170496,77897.910272,-49704.170496,58200.758272,-37145.834496,-58200.758272,37145.834496,92448,3a679de79a72fb2f
50,2i,94,17,9518800000,9519000000,200000,-194432,194432,134237,0,0,-113056.220864,72175.882752,113056.220864,-72175.882752,83955.841728,-53602.965504,-83955.841728,53602.965504,134237,3a679de79a72fb2f
50,2i,94,18,9518800000,9519000000,200000,-191411,191411,193098,0,0,-162486.499712,103637.692416,162486.499712,-103637.692416,116692.404224,-74399.711232,-116692.404224,74399.711232,193098,3a679de79a72fb2f
50,2i,94,19,9518800000,9519000000,200000,-187076,187076,264831,0,0,-222626.49504,142116.70272,222626.49504,-142116.70272,153340.380032,-97941.874176,-153340.380032,97941.874176,264831,3a679de79a72fb2f
50,2i,94,20,9518800000,9519000000,200000,-181190,181190,346320,270,0,-290682.16,185546.88,290452.07104,-185331.87072,191637.83808,-122251.06944,-191637.83808,122251.06944,346590,3a679de79a72fb2f
50,2i,94,21,9518800000,9519000000,200000,-173561,173579,444916,856,87,-371941.287296,237342.832128,370959.97696,-236735.39328,237223.614336,-151388.110848,-237384.676608,151538.617344,445772,3a679de79a72fb2f
50,2i,94,22,9518800000,9519000000,200000,-163714,163778,554592,3222,374,-461646.733952,294687.860736,457578.582656,-292654.276608,279277.695232,-178594.507776,-279899.952384,178941.146112,557814,3a679de79a72fb2f
50,2i,94,23,9518800000,9519000000,200000,-151529,151787,668444,9062,1009,-551882.7392,352965.4656,540869.781888,-345871.056384,315298.734464,-201880.407552,-318129.290368,203266.113024,677506,3a679de79a72fb2f
50,2i,94,24,9518800000,9519000000,200000,-136816,137580,786934,23882,2102,-647381.559808,414609.874944,618433.496064,-395005.796352,347747.338496,-222205.513728,-355020.584192,227279.917056,810816,3a679de79a72fb2f
50,2i,94,25,9518800000,9519000000,200000,-119212,121346,902775,55850,3650,-748725.2336,477849.4848,678332.44,-431545.92,365239.0576,-231613.5168,-386080.2288,245584.3584,958625,3a679de79a72fb2f
50,2i,94,26,9518800000,9519000000,200000,-98471,103703,990440,117314,6830,-839294.535552,535339.969536,687759.709568,-436753.818624,347074.249984,-221090.982912,-398607.93728,254717.01504,1107754,3a679de79a72fb2f
50,2i,94,27,9518800000,9519000000,200000,-74784,86436,1023620,218782,11738,-913285.40736,582495.06048,626693.67744,-398367.50592,294292.671552,-186249.217536,-406793.952576,259329.351168,1242402,3a679de79a72fb2f
50,2i,94,28,9518800000,9519000000,200000,-48573,71713,983310,363716,16096,-964842.905216,616230.770688,480406.306432,-305751.269376,189908.126592,-122175.200256,-401844.325248,257363.364864,1347026,3a679de79a72fb2f
50,2i,94,29,9518800000,9519000000,200000,-20704,62288,871891,550896,19407,-998471.953984,638938.854912,249111.882176,-157878.163968,54170.720192,-32725.165056,-413375.793088,263791.017984,1422787,3a679de79a72fb2f
50,2i,94,30,9518800000,9519000000,200000,8562,60018,699520,755960,21270,-1019546.72768,647745.16224,-36048.47872,25135.27296,-120894.8128,79060.0704,-436469.47136,278075.41248,1455480,3a679de79a72fb2f
50,2i,94,31,9518800000,9519000000,200000,37437,66245,489877,929078,20124,-1007092.856384,638462.618112,-327789.084608,208746.361344,-291047.439232,184081.099776,-481210.49024,305323.57632,1418955,3a679de79a72fb2f
50,2i,94,32,9518800000,9519000000,200000,65007,79201,306832,1035884,16218,-976433.6384,620325.8112,-558688.783104,355172.355072,-425053.519744,270831.086592,-522523.762816,331786.687488,1342716,3a679de79a72fb2f
50,2i,94,33,9518800000,9519000000,200000,90589,96671,166964,1065301,10448,-927768.438208,588096.006144,-703969.576128,448671.304704,-516031.335808,327970.642944,-561134.752256,355643.409408,1232265,3a679de79a72fb2f
50,2i,94,34,9518800000,9519000000,200000,113416,115602,78584,1013998,5846,-852811.551616,541945.125888,-745657.166464,476085.783552,-546098.150144,347896.353792,-563045.7024,358410.1632,1092582,3a679de79a72fb2f
50,2i,94,35,9518800000,9519000000,200000,133195,133837,30620,909745,2750,-757169.40832,481588.08576,-715072.12832,455693.04576,-532686.81696,339500.51328,-537711.3264,342396.5952,940365,3a679de79a72fb2f
50,2i,94,36,9518800000,9519000000,200000,149735,149897,9494,779944,762,-649844.542336,412539.214848,-636476.803456,404754.091008,-481557.613824,306043.564032,-482866.530048,306878.091264,789438,3a679de79a72fb2f
50,2i,94,37,9518800000,9519000000,200000,163592,163632,2439,652581,163,-546493.956736,347113.794048,-542871.569536,344804.264448,-425282.605376,270010.541568,-425445.713984,270114.534912,655020,3a679de79a72fb2f
50,2i,94,38,9518800000,9519000000,200000,174539,174551,604,516278,152,-433979.851648,276105.560064,-433381.65184,275724.16512,-348716.745856,221812.574208,-348838.166656,221889.988608,516882,3a679de79a72fb2f
50,2i,94,39,9518800000,9519000000,200000,182947,182947,234,394756,0,-332693.188736,211893.570048,-332298.571136,211641.973248,-275935.710336,175706.638848,-275935.710336,175706.638848,394990,3a679de79a72fb2f
50,2i,94,40,9518800000,9519000000,200000,189045,189045,0,288240,0,-243043.968,154957.824,-243043.968,154957.824,-205673.344,131131.392,-205673.344,131131.392,288240,3a679de79a72fb2f
50,2i,94,41,9518800000,9519000000,200000,193477,193477,0,207974,0,-175363.6768,111806.8224,-175363.6768,111806.8224,-153219.5584,97688.3712,-153219.5584,97688.3712,207974,3a679de79a72fb2f
50,2i,94,42,9518800000,9519000000,200000,196395,196395,0,137436,0,-115886.0352,73885.5936,-115886.0352,73885.5936,-103339.2192,65886.1056,-103339.2192,65886.1056,137436,3a679de79a72fb2f
50,2i,94,43,9518800000,9519000000,200000,198255,198255,0,87106,0,-73447.7792,46828.1856,-73447.7792,46828.1856,-67439.136,42997.248,-67439.136,42997.248,87106,3a679de79a72fb2f
50,2i,94,44,9518800000,9519000000,200000,199273,199273,0,47738,0,-40252.6816,25663.9488,-40252.6816,25663.9488,-37768.6144,24080.1792,-37768.6144,24080.1792,47738,3a679de79a72fb2f
50,2i,94,45,9518800000,9519000000,200000,199764,199764,0,23035,0,-19423.112,12383.616,-19423.112,12383.616,-18630.504,11878.272,-18630.504,11878.272,23035,3a679de79a72fb2f
50,2i,94,46,9518800000,9519000000,200000,199952,199952,0,8840,0,-7453.888,4752.384,-7453.888,4752.384,-7291.9936,4649.1648,-7291.9936,4649.1648,8840,3a679de79a72fb2f
50,2i,94,47,9518800000,9519000000,200000,200000,200000,0,2256,0,-1902.2592,1212.8256,-1902.2592,1212.8256,-1902.2592,1212.8256,-1902.2592,1212.8256,2256,3a679de79a72fb2f
50,2i,94,48,9518800000,9519000000,200000,200000,200000,0,0,0,0,0,0,0,0,0,0,0,0,3a679de79a72fb2f
50,2i,94,49,9518800000,9519000000,200000,200000,200000,0,0,0,0,0,0,0,0,0,0,0,0,3a679de79a72fb2f
50,2i,94,50,9518800000,9519000000,200000,200000,200000,0,0,0,0,0,0,0,0,0,0,0,0,3a679de79a72fb2f
50,2i,95,0,9519000000,9519200000,200000,-200000,200000,0,0,0,0,0,0,0,0,0,0,0,0,cd741f71e676ece
50,2i,95,1,9519000000,9519200000,200000,-200000,200000,0,0,0,0,0,0,0,0,0,0,0,0,cd741f71e676ece
50,2i,95,2,9519000000,9519200000,200000,-200000,200000,0,0,0,0,0,0,0,0,0,0,0,0,cd741f71e676ece
50,2i,95,3,9519000000,9519200000,200000,-200000,200000,0,0,0,0,0,0,0,0,0,0,0,0,cd741f71e676ece
50,2i,95,4,9519000000,9519200000,200000,-200000,200000,0,0,0,0,0,0,0,0,0,0,0,0,cd741f71e676ece
50,2i,95,5,9519000000,9519200000,200000,-200000,200000,0,0,0,0,0,0,0,0,0,0,0,0,cd741f71e676ece
50,2i,95,6,9519000000,9519200000,200000,-200000,200000,44,0,0,-37.1008,23.6544,37.1008,-23.6544,37.1008,-23.6544,-37.1008,23.6544,44,cd741f71e676ece
50,2i,95,7,9519000000,9519200000,200000,-199999,199999,179,0,0,-150.9328,96.2304,150.9328,-96.2304,145.0304,-92.4672,-145.0304,92.4672,179,cd741f71e676ece
50,2i,95,8,9519000000,9519200000,200000,-199995,199995,746,0,0,-629.0272,401.0496,629.0272,-401.0496,602.0448,-383.8464,-602.0448,383.8464,746,cd741f71e676ece
50,2i,95,9,9519000000,9519200000,200000,-199978,199978,1916,0,0,-1615.5712,1030.0416,1615.5712,-1030.0416,1486.5616,-947.7888,-1486.5616,947.7888,1916,cd741f71e676ece
50,2i,95,10,9519000000,9519200000,200000,-199935,199935,4070,0,0,-3431.824,2188.032,3431.824,-2188.032,3069.248,-1956.864,-3069.248,1956.864,4070,cd741f71e676ece
50,2i,95,11,9519000000,9519200000,200000,-199844,199844,8216,0,0,-6927.7312,4416.9216,6927.7312,-4416.9216,6083.688,-3878.784,-6083.688,3878.784,8216,cd741f71e676ece
50,2i,95,12,9519000000,9519200000,200000,-199659,199659,14988,0,0,-12637.8816,8057.5488,12637.8816,-8057.5488,10765.9776,-6864.0768,-10765.9776,6864.0768,14988,cd741f71e676ece
50,2i,95,13,9519000000,9519200000,200000,-199323,199323,25680,0,0,-21653.376,13805.568,21653.376,-13805.568,17970.2784,-11457.3312,-17970.2784,11457.3312,25680,cd741f71e676ece
50,2i,95,14,9519000000,9519200000,200000,-198747,198747,42048,0,0,-35454.8736,22605.0048,35454.8736,-22605.0048,28655.3088,-18269.7984,-28655.3088,18269.7984,42048,cd741f71e676ece
50,2i,95,15,9519000000,9519200000,200000,-197803,197803,68375,0,0,-57653.8,36758.4,57653.8,-36758.4,45714.088,-29145.984,-45714.088,29145.984,68375,cd741f71e676ece
50,2i,95,16,9519000000,9519200000,200000,-196254,196254,101998,0,0,-86004.7136,54834.1248,86004.7136,-54834.1248,65106.8448,-41510.2464,-65106.8448,41510.2464,101998,cd741f71e676ece
50,2i,95,17,9519000000,9519200000,200000,-193983,193983,141633,0,0,-119424.9456,76141.9008,119424.9456,-76141.9008,86871.5232,-55386.7776,-86871.5232,55386.7776,141633,cd741f71e676ece
50,2i,95,18,9519000000,9519200000,200000,-190861,190861,195300,0,0,-164625.907456,104997.163008,164625.907456,-104997.163008,117241.440256,-74786.193408,-117241.440256,74786.193408,195300,cd741f71e676ece
50,2i,95,19,9519000000,9519200000,200000,-186514,186514,265400,62,0,-223426.127488,142648.157184,223321.570688,-142581.494784,153761.743936,-98210.523648,-153761.743936,98210.523648,265462,cd741f71e676ece
50,2i,95,20,9519000000,9519200000,200000,-180615,180619,349360,250,30,-293222.0704,187371.1872,292851.0624,-187134.6432,193801.71328,-123869.78304,-193869.16928,123912.79104,349610,cd741f71e676ece
50,2i,95,21,9519000000,9519200000,200000,-172894,172912,446339,988,21,-373630.781632,239190.782976,372310.29664,-238216.81152,237179.48704,-151912.15872,-237391.97344,152047.63392,447327,cd741f71e676ece
50,2i,95,22,9519000000,9519200000,200000,-163060,163136,555574,2542,84,-462399.966976,295452.730368,458826.548224,-293265.503232,280183.117952,-178745.972736,-281023.668608,179382.073344,558116,cd741f71e676ece
50,2i,95,23,9519000000,9519200000,200000,-150854,151066,670836,8746,663,-554967.179776,355236.000768,543330.19456,-347727.79008,317530.61472,-203756.52096,-319775.470656,205030.660608,679582,cd741f71e676ece
50,2i,95,24,9519000000,9519200000,200000,-136082,136826,790144,24012,1516,-651573.152256,418254.609408,620179.48416,-397369.08288,348454.889472,-223357.956096,-356803.448832,228899.352576,814156,cd741f71e676ece
50,2i,95,25,9519000000,9519200000,200000,-118404,120504,905925,56775,3225,-751017.0016,481957.7088,678315.3376,-434580.5568,364520.2816,-233460.7488,-386679.04,248214.72,962700,cd741f71e676ece
50,2i,95,26,9519000000,9519200000,200000,-97574,102860,984242,118074,6566,-835617.177998390532544,536012.753168662721893,683794.819982390532544,-437926.392080662721893,342800.040846390532544,-219534.274832662721893,-395364.662670390532544,253462.382864662721893,1102316,cd741f71e676ece
50,2i,95,27,9519000000,9519200000,200000,-74210,85884,1015952,217522,11211,-907815.580371313609467,580416.025912047337278,621507.876717065088757,-395882.108973443786982,293611.606208,-185999.430144,-405276.559424,258177.464832,1233474,cd741f71e676ece
50,2i,95,28,9519000000,9519200000,200000,-48008,71098,980414,367196,15442,-967000.290939455621302,615959.149374106508876,474691.722628544378698,-298695.341249893491124,189131.536132544378698,-118568.163521893491124,-401740.101883455621302,255349.237566106508876,1347610,cd741f71e676ece
50,2i,95,29,9519000000,9519200000,200000,-20101,62043,862583,557694,18263,-1000021.024832,637370.520576,237649.290688,-149086.454784,45049.303744,-27828.398592,-413744.761664,265737.457152,1420277,cd741f71e676ece
50,2i,95,30,9519000000,9519200000,200000,8993,60029,694740,760340,20300,-1018915.26528,650143.31904,-45381.73568,27533.70624,-122140.62208,77224.38144,-440254.05824,280454.20032,1455080,cd741f71e676ece
50,2i,95,31,9519000000,9519200000,200000,38106,66330,491260,939006,18884,-1016209.858688,649673.078784,-333915.246976,212771.770368,-294364.905664,187051.249152,-483583.691328,308946.338304,1430266,cd741f71e676ece
50,2i,95,32,9519000000,9519200000,200000,65883,79615,302108,1043326,14018,-982730.104192,629247.277056,-569686.663296,364404.400128,-434653.264256,278814.225408,-529012.43456,338360.11008,1345434,cd741f71e676ece
50,2i,95,33,9519000000,9519200000,200000,91248,97176,161406,1064871,9780,-927005.431744,591173.102592,-710188.742336,454644.814848,-517776.041024,331423.813632,-561600.918208,358784.646144,1226277,cd741f71e676ece
50,2i,95,34,9519000000,9519200000,200000,114144,116232,76784,1013504,5222,-850308.745728,541804.437504,-747357.998336,477910.222848,-550166.718336,351023.182848,-565467.71136,360195.73248,1090288,cd741f71e676ece
50,2i,95,35,9519000000,9519200000,200000,133633,134283,28840,901015,2575,-746697.42752,476112.59136,-708171.23936,453063.63648,-524695.21088,335925.21984,-529750.4768,338909.2224,929855,cd741f71e676ece
50,2i,95,36,9519000000,9519200000,200000,150149,150309,9674,775918,846,-645549.803264,410021.885952,-632297.215232,402241.867776,-479947.600128,304900.936704,-481067.549952,305519.348736,785592,cd741f71e676ece
50,2i,95,37,9519000000,9519200000,200000,163793,163831,2478,645220,372,-539953.764736,343788.738048,-536716.258944,342036.552192,-418531.864064,266662.820352,-418809.502464,266780.631552,647698,cd741f71e676ece
50,2i,95,38,9519000000,9519200000,200000,174783,174787,658,518290,114,-435560.374272,277215.722496,-434728.579072,276858.448896,-349777.918976,222705.466368,-349798.155776,222718.368768,518948,cd741f71e676ece
50,2i,95,39,9519000000,9519200000,200000,183227,183229,50,395552,0,-333333.667712,212213.116416,-333249.347712,212159.356416,-277399.152512,176550.882816,-277417.702912,176562.710016,395602,cd741f71e676ece
50,2i,95,40,9519000000,9519200000,200000,189253,189253,40,285030,0,-240371.024,153253.632,-240303.568,153210.624,-203211.2,129561.6,-203211.2,129561.6,285070,cd741f71e676ece
50,2i,95,41,9519000000,9519200000,200000,193656,193656,0,205894,0,-173609.8208,110688.6144,-173609.8208,110688.6144,-152216.9936,97049.1648,-152216.9936,97049.1648,205894,cd741f71e676ece
50,2i,95,42,9519000000,9519200000,200000,196475,196475,0,133174,0,-112292.3168,71594.3424,-112292.3168,71594.3424,-99833.1936,63650.7648,-99833.1936,63650.7648,133174,cd741f71e676ece
50,2i,95,43,9519000000,9519200000,200000,198322,198322,0,86148,0,-72639.9936,46313.1648,-72639.9936,46313.1648,-66967.7872,42696.7296,-66967.7872,42696.7296,86148,cd741f71e676ece
50,2i,95,44,9519000000,9519200000,200000,199283,199283,0,45182,0,-38097.4624,24289.8432,-38097.4624,24289.8432,-35653.8688,22731.8784,-35653.8688,22731.8784,45182,cd741f71e676ece
50,2i,95,45,9519000000,9519200000,200000,199766,199766,0,22705,0,-19144.856,12206.208,-19144.856,12206.208,-18326.952,11684.736,-18326.952,11684.736,22705,cd741f71e676ece
50,2i,95,46,9519000000,9519200000,200000,199960,199960,0,9084,0,-7659.6288,4883.5584,-7659.6288,4883.5584,-7524.7168,4797.5424,-7524.7168,4797.5424,9084,cd741f71e676ece
50,2i,95,47,9519000000,9519200000,200000,200000,200000,0,1880,0,-1585.216,1010.688,-1585.216,1010.688,-1585.216,1010.688,-1585.216,1010.688,1880,cd741f71e676ece
50,2i,95,48,9519000000,9519200000,200000,200000,200000,0,0,0,0,0,0,0,0,0,0,0,0,cd741f71e676ece
50,2i,95,49,9519000000,9519200000,200000,200000,200000,0,0,0,0,0,0,0,0,0,0,0,0,cd741f71e676ece
50,2i,95,50,9519000000,9519200000,200000,200000,200000,0,0,0,0,0,0,0,0,0,0,0,0,cd741f71e676ece
50,2i,96,0,9519200000,9519400000,200000,-200000,200000,0,0,0,0,0,0,0,0,0,0,0,0,9621e53aa825ee92
50,2i,96,1,9519200000,9519400000,200000,-200000,200000,0,0,0,0,0,0,0,0,0,0,0,0,9621e53aa825ee92
50,2i,96,2,9519200000,9519400000,200000,-200000,200000,0,0,0,0,0,0,0,0,0,0,0,0,9621e53aa825ee92
50,2i,96,3,9519200000,9519400000,200000,-200000,200000,0,0,0,0,0,0,0,0,0,0,0,0,9621e53aa825ee92
50,2i,96,4,9519200000,9519400000,200000,-200000,200000,0,0,0,0,0,0,0,0,0,0,0,0,9621e53aa825ee92
50,2i,96,5,9519200000,9519400000,200000,-200000,200000,0,0,0,0,0,0,0,0,0,0,0,0,9621e53aa825ee92
50,2i,96,6,9519200000,9519400000,200000,-200000,200000,44,0,0,-37.1008,23.6544,37.1008,-23.6544,37.1008,-23.6544,-37.1008,23.6544,44,9621e53aa825ee92
50,2i,96,7,9519200000,9519400000,200000,-199999,199999,136,0,0,-114.6752,73.1136,114.6752,-73.1136,108.7728,-69.3504,-108.7728,69.3504,136,9621e53aa825ee92
50,2i,96,8,9519200000,9519400000,200000,-199996,199996,570,0,0,-480.624,306.432,480.624,-306.432,460.3872,-293.5296,-460.3872,293.5296,570,9621e53aa825ee92
50,2i,96,9,9519200000,9519400000,200000,-199983,199983,1183,0,0,-997.5056,635.9808,997.5056,-635.9808,898.8512,-573.0816,-898.8512,573.0816,1183,9621e53aa825ee92
50,2i,96,10,9519200000,9519400000,200000,-199957,199957,2980,0,0,-2512.736,1602.048,2512.736,-1602.048,2293.504,-1462.272,-2293.504,1462.272,2980,9621e53aa825ee92
50,2i,96,11,9519200000,9519400000,200000,-199889,199889,7105,0,0,-5990.936,3819.648,5990.936,-3819.648,5360.2224,-3417.5232,-5360.2224,3417.5232,7105,9621e53aa825ee92
50,2i,96,12,9519200000,9519400000,200000,-199726,199726,13470,0,0,-11357.904,7241.472,11357.904,-7241.472,9708.6048,-6189.9264,-9708.6048,6189.9264,13470,9621e53aa825ee92
50,2i,96,13,9519200000,9519400000,200000,-199423,199423,24955,0,0,-21042.056,13415.808,21042.056,-13415.808,17720.6912,-11298.2016,-17720.6912,11298.2016,24955,9621e53aa825ee92
50,2i,96,14,9519200000,9519400000,200000,-198855,198855,43628,0,0,-36787.1296,23454.4128,36787.1296,-23454.4128,30082.0032,-19179.4176,-30082.0032,19179.4176,43628,9621e53aa825ee92
50,2i,96,15,9519200000,9519400000,200000,-197864,197864,68205,0,0,-57510.456,36667.008,57510.456,-36667.008,44976.288,-28675.584,-44976.288,28675.584,68205,9621e53aa825ee92
50,2i,96,16,9519200000,9519400000,200000,-196340,196340,97926,0,0,-82571.2032,52645.0176,82571.2032,-52645.0176,62010.6144,-39536.1792,-62010.6144,39536.1792,97926,9621e53aa825ee92
50,2i,96,17,9519200000,9519400000,200000,-194177,194177,140688,0,0,-118575.473664,75637.873152,118575.473664,-75637.873152,87570.166464,-55869.783552,-87570.166464,55869.783552,140688,9621e53aa825ee92
50,2i,96,18,9519200000,9519400000,200000,-191028,191028,193194,0,0,-162650.231168,103830.887424,162650.231168,-103830.887424,114884.685824,-73356.460032,-114884.685824,73356.460032,193194,9621e53aa825ee92
50,2i,96,19,9519200000,9519400000,200000,-186762,186762,263148,62,0,-220989.285632,141173.054976,220884.728832,-141106.392576,152724.225024,-97584.325632,-152724.225024,97584.325632,263210,9621e53aa825ee92
50,2i,96,20,9519200000,9519400000,200000,-180886,180890,347790,280,30,-291459.2096,186235.8528,291172.5856,-186121.4208,192750.41152,-123199.50336,-192817.86752,123242.51136,348070,9621e53aa825ee92
50,2i,96,21,9519200000,9519400000,200000,-173201,173221,442140,1183,50,-369993.446976,235989.370368,368373.046976,-235202.170368,234157.640512,-149316.066816,-234311.058112,149366.063616,443323,9621e53aa825ee92
50,2i,96,22,9519200000,9519400000,200000,-163479,163569,549506,3402,246,-456685.844992,292178.451456,452237.397504,-289492.534272,276210.156032,-177262.642176,-277323.039232,177821.899776,552908,9621e53aa825ee92
50,2i,96,23,9519200000,9519400000,200000,-151371,151649,671791,9236,697,-556671.695168,355654.439424,544990.773952,-348022.580736,322117.279744,-205126.766592,-324857.207552,206873.665536,681027,9621e53aa825ee92
50,2i,96,24,9519200000,9519400000,200000,-136462,137264,791890,23240,1600,-655603.506048,417768.459264,626077.736832,-398838.936576,349322.630016,-222576.857088,-357270.179712,227807.932416,815130,9621e53aa825ee92
50,2i,96,25,9519200000,9519400000,200000,-118873,120979,904200,54200,3325,-751234.6624,479819.4432,680964.5984,-434391.0912,366017.4048,-233988.3264,-386765.6928,247159.9104,958400,9621e53aa825ee92
50,2i,96,26,9519200000,9519400000,200000,-98126,103264,991550,115400,6538,-841241.837696,538530.659328,690965.881216,-440369.138688,348905.325184,-222479.296512,-400407.972224,256026.335232,1106950,9621e53aa825ee92
50,2i,96,27,9519200000,9519400000,200000,-74479,85949,1022670,219250,10870,-915763.954048,584326.923264,626230.24448,-399141.10464,293948.382912,-186228.950016,-405068.356032,258920.242176,1241920,9621e53aa825ee92
50,2i,96,28,9519200000,9519400000,200000,-48242,71344,985652,366876,15324,-967433.82016,616199.93088,475962.295296,-302979.376128,187609.942272,-120154.346496,-404809.2736,257104.2048,1352528,9621e53aa825ee92
50,2i,96,29,9519200000,9519400000,200000,-20156,61806,869200,554693,19097,-998203.551612591715976,635983.441774579881657,241006.734972591715976,-151463.270254579881657,48376.7143645917159763,-28897.2609105798816568,-409917.333116591715976,261254.088046579881657,1423893,9621e53aa825ee92
50,2i,96,30,9519200000,9519400000,200000,8863,60001,685380,760090,20510,-1012890.41937798816568,645491.209300828402367,-50742.8913420118343195,34244.6396591715976331,-128890.69696,81744.35328,-436332.44288,278488.99584,1445470,9621e53aa825ee92
50,2i,96,31,9519200000,9519400000,200000,37608,66444,484533,932330,19276,-1001778.4156860591716,640919.384663857988166,-334740.000966059171598,214332.463703857988166,-291016.02816,186798.07488,-481519.736704,308430.799872,1416863,9621e53aa825ee92
50,2i,96,32,9519200000,9519400000,200000,65280,79500,307512,1034148,15510,-975607.853416520710059,621985.650027550295858,-554896.421480520710059,354608.342379550295858,-425001.219048520710059,271916.145003550295858,-524864.299752520710059,334438.336875550295858,1341660,9621e53aa825ee92
50,2i,96,33,9519200000,9519400000,200000,90622,96658,168050,1058675,9616,-926371.289024,587948.677632,-697971.896512,445941.474816,-509593.654144,325694.625792,-554910.732032,353077.810176,1226725,9621e53aa825ee92
50,2i,96,34,9519200000,9519400000,200000,113589,115741,77900,1020306,5210,-858993.065344,543465.787392,-752509.736576,479286.663168,-551914.212864,350411.338752,-567763.385856,359824.094208,1098206,9621e53aa825ee92
50,2i,96,35,9519200000,9519400000,200000,133422,134090,29855,918295,2445,-763204.77312,484257.69216,-723215.25504,460412.38272,-535274.08992,340188.03456,-540593.54208,343442.94144,948150,9621e53aa825ee92
50,2i,96,36,9519200000,9519400000,200000,150355,150505,10206,787514,996,-655505.030144,416444.193792,-641626.235136,407987.125248,-492106.82048,312924.27264,-493218.930304,313569.564672,797720,9621e53aa825ee92
50,2i,96,37,9519200000,9519400000,200000,163793,163817,2487,636029,483,-532047.04064,337759.40352,-528910.584448,335928.190464,-411930.061184,261497.344512,-412127.369984,261623.142912,638516,9621e53aa825ee92
50,2i,96,38,9519200000,9519400000,200000,174663,174663,456,512288,114,-430429.746944,273641.736192,-429852.998144,273274.017792,-346238.74496,220059.61728,-346238.74496,220059.61728,512744,9621e53aa825ee92
50,2i,96,39,9519200000,9519400000,200000,182970,182970,0,391975,0,-330022.826048,210102.219264,-330022.826048,210102.219264,-272683.539648,173544.344064,-272683.539648,173544.344064,391975,9621e53aa825ee92
50,2i,96,40,9519200000,9519400000,200000,189152,189152,0,292210,0,-246391.472,157092.096,-246391.472,157092.096,-208506.496,132937.728,-208506.496,132937.728,292210,9621e53aa825ee92
50,2i,96,41,9519200000,9519400000,200000,193645,193645,0,210754,0,-177707.7728,113301.3504,-177707.7728,113301.3504,-155328.4016,99032.9088,-155328.4016,99032.9088,210754,9621e53aa825ee92
50,2i,96,42,9519200000,9519400000,200000,196594,196594,0,137610,0,-116032.752,73979.136,-116032.752,73979.136,-104437.0656,66586.0608,-104437.0656,66586.0608,137610,9621e53aa825ee92
50,2i,96,43,9519200000,9519400000,200000,198313,198313,0,80777,0,-68111.1664,43425.7152,-68111.1664,43425.7152,-62326.8144,39737.7792,-62326.8144,39737.7792,80777,9621e53aa825ee92
50,2i,96,44,9519200000,9519400000,200000,199293,199293,0,45946,0,-38741.6672,24700.5696,-38741.6672,24700.5696,-36358.784,23181.312,-36358.784,23181.312,45946,9621e53aa825ee92
50,2i,96,45,9519200000,9519400000,200000,199764,199764,0,22195,0,-18714.824,11932.032,-18714.824,11932.032,-17871.624,11394.432,-17871.624,11394.432,22195,9621e53aa825ee92
50,2i,96,46,9519200000,9519400000,200000,199964,199964,0,9344,0,-7878.8608,5023.3344,-7878.8608,5023.3344,-7757.44,4945.92,-7757.44,4945.92,9344,9621e53aa825ee92
50,2i,96,47,9519200000,9519400000,200000,200000,200000,0,1692,0,-1426.6944,909.6192,-1426.6944,909.6192,-1426.6944,909.6192,-1426.6944,909.6192,1692,9621e53aa825ee92
50,2i,96,48,9519200000,9519400000,200000,200000,200000,0,0,0,0,0,0,0,0,0,0,0,0,9621e53aa825ee92
50,2i,96,49,9519200000,9519400000,200000,200000,200000,0,0,0,0,0,0,0,0,0,0,0,0,9621e53aa825ee92
50,2i,96,50,9519200000,9519400000,200000,200000,200000,0,0,0,0,0,0,0,0,0,0,0,0,9621e53aa825ee92
50,2i,97,0,9519400000,9519600000,200000,-200000,200000,0,0,0,0,0,0,0,0,0,0,0,0,530e4de5959cd726
50,2i,97,1,9519400000,9519600000,200000,-200000,200000,0,0,0,0,0,0,0,0,0,0,0,0,530e4de5959cd726
50,2i,97,2,9519400000,9519600000,200000,-200000,200000,0,0,0,0,0,0,0,0,0,0,0,0,530e4de5959cd726
50,2i,97,3,9519400000,9519600000,200000,-200000,200000,0,0,0,0,0,0,0,0,0,0,0,0,530e4de5959cd726
50,2i,97,4,9519400000,9519600000,200000,-200000,200000,0,0,0,0,0,0,0,0,0,0,0,0,530e4de5959cd726
50,2i,97,5,9519400000,9519600000,200000,-200000,200000,0,0,0,0,0,0,0,0,0,0,0,0,530e4de5959cd726
50,2i,97,6,9519400000,9519600000,200000,-200000,200000,44,0,0,-37.1008,23.6544,37.1008,-23.6544,37.1008,-23.6544,-37.1008,23.6544,44,530e4de5959cd726
50,2i,97,7,9519400000,9519600000,200000,-199999,199999,179,0,0,-150.9328,96.2304,150.9328,-96.2304,145.0304,-92.4672,-145.0304,92.4672,179,530e4de5959cd726
50,2i,97,8,9519400000,9519600000,200000,-199995,199995,410,0,0,-345.712,220.416,345.712,-220.416,318.7296,-203.2128,-318.7296,203.2128,410,530e4de5959cd726
50,2i,97,9,9519400000,9519600000,200000,-199986,199986,1229,0,0,-1036.2928,660.7104,1036.2928,-660.7104,967.9936,-617.1648,-967.9936,617.1648,1229,530e4de5959cd726
50,2i,97,10,9519400000,9519600000,200000,-199958,199958,4000,0,0,-3372.8,2150.4,3372.8,-2150.4,3136.704,-1999.872,-3136.704,1999.872,4000,530e4de5959cd726
50,2i,97,11,9519400000,9519600000,200000,-199865,199865,7731,0,0,-6518.7792,4156.1856,6518.7792,-4156.1856,5656.1856,-3606.2208,-5656.1856,3606.2208,7731,530e4de5959cd726
50,2i,97,12,9519400000,9519600000,200000,-199693,199693,13426,0,0,-11320.8032,7217.8176,11320.8032,-7217.8176,9580.4384,-6108.2112,-9580.4384,6108.2112,13426,530e4de5959cd726
50,2i,97,13,9519400000,9519600000,200000,-199394,199394,25791,0,0,-21746.9712,13865.2416,21746.9712,-13865.2416,18469.4528,-11775.5904,-18469.4528,11775.5904,25791,530e4de5959cd726
50,2i,97,14,9519400000,9519600000,200000,-198802,198802,41228,0,0,-34763.4496,22164.1728,34763.4496,-22164.1728,27775.008,-17708.544,-27775.008,17708.544,41228,530e4de5959cd726
50,2i,97,15,9519400000,9519600000,200000,-197887,197887,66050,0,0,-55693.36,35508.48,55693.36,-35508.48,44120.44,-28129.92,-44120.44,28129.92,66050,530e4de5959cd726
50,2i,97,16,9519400000,9519600000,200000,-196392,196392,96816,0,0,-81635.2512,52048.2816,81635.2512,-52048.2816,61465.9072,-39188.8896,-61465.9072,39188.8896,96816,530e4de5959cd726
50,2i,97,17,9519400000,9519600000,200000,-194248,194248,141817,0,0,-119508.860864,76195.402752,119508.860864,-76195.402752,88775.907264,-56600.957952,-88775.907264,56600.957952,141817,530e4de5959cd726
50,2i,97,18,9519400000,9519600000,200000,-191055,191055,197474,0,0,-166161.892224,106012.895232,166161.892224,-106012.895232,117738.67008,-75139.64544,-117738.67008,75139.64544,197474,530e4de5959cd726
50,2i,97,19,9519400000,9519600000,200000,-186680,186680,266273,62,0,-223956.610496,143008.009728,223950.968,-142933.824,154046.453888,-98356.752384,-154046.453888,98356.752384,266335,530e4de5959cd726
50,2i,97,20,9519400000,9519600000,200000,-180770,180774,346100,220,30,-290098.84288,185004.19584,289876.03456,-184884.91008,190600.8096,-121464.6528,-190604.44992,121512.51456,346320,530e4de5959cd726
50,2i,97,21,9519400000,9519600000,200000,-173166,173182,441989,1112,79,-368586.850112,235711.919616,367026.317248,-234830.820864,234308.034048,-150204.363264,-234461.451648,150254.360064,443101,530e4de5959cd726
50,2i,97,22,9519400000,9519600000,200000,-163393,163477,554318,3100,100,-460482.46976,294357.70368,456236.77632,-291637.10976,280016.7744,-178715.0592,-281084.241152,179345.550336,557418,530e4de5959cd726
50,2i,97,23,9519400000,9519600000,200000,-151164,151416,667595,9762,748,-552310.593728,353278.101504,539924.203712,-345205.564416,314359.8528,-201322.7904,-316970.539008,203039.660544,677357,530e4de5959cd726
50,2i,97,24,9519400000,9519600000,200000,-136494,137326,784364,23808,1846,-645031.12704,413163.67872,615128.391424,-393634.040832,345143.716736,-220857.474048,-353833.231232,226506.955776,808172,530e4de5959cd726
50,2i,97,25,9519400000,9519600000,200000,-118952,121080,904775,56350,4025,-746783.1344,479087.5392,676147.4704,-433198.3872,365220.0288,-234390.7584,-385617.3568,247737.0624,961125,530e4de5959cd726
50,2i,97,26,9519400000,9519600000,200000,-98049,103389,985442,117356,6804,-834955.445632,534631.934976,684126.838144,-437935.137792,342981.766656,-218654.788608,-395229.636096,252499.350528,1102798,530e4de5959cd726
50,2i,97,27,9519400000,9519600000,200000,-74744,86384,1012166,217392,10553,-904294.91328,578007.38304,619239.154048,-394640.523264,291071.454464,-185945.367552,-401974.784768,256654.132224,1229558,530e4de5959cd726
50,2i,97,28,9519400000,9519600000,200000,-48643,71791,981952,367428,15662,-964295.568896,615715.580928,475019.657984,-299586.726912,191797.55456,-119668.27008,-403809.207168,256817.255424,1349380,530e4de5959cd726
50,2i,97,29,9519400000,9519600000,200000,-20527,62431,867936,558066,19799,-998784.679552,636413.761536,242105.599488,-147724.253184,45143.785408,-25966.815744,-410628.489536,261894.824448,1426002,530e4de5959cd726
50,2i,97,30,9519400000,9519600000,200000,8551,60601,695240,759700,21360,-1014654.13376,647494.85568,-43562.08896,30791.00928,-119430.1568,77807.4624,-439418.95168,283280.39424,1454940,530e4de5959cd726
50,2i,97,31,9519400000,9519600000,200000,37681,66569,496229,927002,19826,-1005231.657024,642221.701632,-324626.872512,205855.842816,-294698.437312,186887.049216,-479320.58976,304769.86368,1423231,530e4de5959cd726
50,2i,97,32,9519400000,9519600000,200000,65060,79504,307172,1033068,16060,-968399.847424,618749.048832,-553682.340864,355972.042752,-416187.903488,268024.925184,-519962.837504,332262.454272,1340240,530e4de5959cd726
50,2i,97,33,9519400000,9519600000,200000,90844,96836,172030,1067836,10285,-932715.011584,591624.371712,-698820.152192,446418.541056,-515283.41984,329512.38912,-558924.233536,356949.416448,1239866,530e4de5959cd726
50,2i,97,34,9519400000,9519600000,200000,113726,115886,77224,1016700,5742,-853188.563968,538970.317824,-749839.336192,474107.053056,-549293.710208,346586.502144,-565361.310592,356575.712256,1093924,530e4de5959cd726
50,2i,97,35,9519400000,9519600000,200000,133472,134122,30145,912200,2360,-757084.53664,480105.13152,-717117.65088,455591.13984,-531748.33184,337638.40512,-536567.34176,340300.99968,942345,530e4de5959cd726
50,2i,97,36,9519400000,9519600000,200000,150221,150375,9838,786564,1142,-653325.96032,414485.62176,-640501.366912,407515.862016,-486434.331904,309018.473472,-487693.301504,309598.006272,796402,530e4de5959cd726
50,2i,97,37,9519400000,9519600000,200000,164038,164062,2548,649302,285,-541934.318592,344548.256256,-538424.376192,342929.773056,-422368.976896,268715.324928,-422551.642496,268802.185728,651850,530e4de5959cd726
50,2i,97,38,9519400000,9519600000,200000,174855,174857,430,509052,76,-427257.378688,272024.438784,-426703.196288,271757.635584,-344091.684096,219166.614528,-344111.920896,219179.516928,509482,530e4de5959cd726
50,2i,97,39,9519400000,9519600000,200000,183058,183058,39,387242,0,-326170.700224,207519.839232,-326104.930624,207477.906432,-269355.076224,171333.407232,-269355.076224,171333.407232,387281,530e4de5959cd726
50,2i,97,40,9519400000,9519600000,200000,189182,189182,0,289200,0,-243785.856,155294.208,-243785.856,155294.208,-206482.688,131510.784,-206482.688,131510.784,289200,530e4de5959cd726
50,2i,97,41,9519400000,9519600000,200000,193606,193606,0,207232,0,-174738.0224,111407.9232,-174738.0224,111407.9232,-152942.9888,97512.0384,-152942.9888,97512.0384,207232,530e4de5959cd726
50,2i,97,42,9519400000,9519600000,200000,196478,196478,0,134984,0,-113818.5088,72567.3984,-113818.5088,72567.3984,-101710.1568,64847.4624,-101710.1568,64847.4624,134984,530e4de5959cd726
50,2i,97,43,9519400000,9519600000,200000,198273,198273,0,84066,0,-70884.4512,45193.8816,-70884.4512,45193.8816,-65082.392,41494.656,-65082.392,41494.656,84066,530e4de5959cd726
50,2i,97,44,9519400000,9519600000,200000,199256,199256,0,46390,0,-39116.048,24939.264,-39116.048,24939.264,-36470.0864,23252.2752,-36470.0864,23252.2752,46390,530e4de5959cd726
50,2i,97,45,9519400000,9519600000,200000,199779,199779,0,24440,0,-20607.808,13138.944,-20607.808,13138.944,-19844.712,12652.416,-19844.712,12652.416,24440,530e4de5959cd726
50,2i,97,46,9519400000,9519600000,200000,199960,199960,0,8486,0,-7155.3952,4562.0736,-7155.3952,4562.0736,-7020.4832,4476.0576,-7020.4832,4476.0576,8486,530e4de5959cd726
50,2i,97,47,9519400000,9519600000,200000,200000,200000,0,1880,0,-1585.216,1010.688,-1585.216,1010.688,-1585.216,1010.688,-1585.216,1010.688,1880,530e4de5959cd726
50,2i,97,48,9519400000,9519600000,200000,200000,200000,0,0,0,0,0,0,0,0,0,0,0,0,530e4de5959cd726
50,2i,97,49,9519400000,9519600000,200000,200000,200000,0,0,0,0,0,0,0,0,0,0,0,0,530e4de5959cd726
50,2i,97,50,9519400000,9519600000,200000,200000,200000,0,0,0,0,0,0,0,0,0,0,0,0,530e4de5959cd726
50,2i,98,0,9519600000,9519800000,200000,-200000,200000,0,0,0,0,0,0,0,0,0,0,0,0,95463ad9c4315602
50,2i,98,1,9519600000,9519800000,200000,-200000,200000,0,0,0,0,0,0,0,0,0,0,0,0,95463ad9c4315602
50,2i,98,2,9519600000,9519800000,200000,-200000,200000,0,0,0,0,0,0,0,0,0,0,0,0,95463ad9c4315602
50,2i,98,3,9519600000,9519800000,200000,-200000,200000,0,0,0,0,0,0,0,0,0,0,0,0,95463ad9c4315602
50,2i,98,4,9519600000,9519800000,200000,-200000,200000,0,0,0,0,0,0,0,0,0,0,0,0,95463ad9c4315602
50,2i,98,5,9519600000,9519800000,200000,-200000,200000,0,0,0,0,0,0,0,0,0,0,0,0,95463ad9c4315602
50,2i,98,6,9519600000,9519800000,200000,-200000,200000,44,0,0,-37.1008,23.6544,37.1008,-23.6544,37.1008,-23.6544,-37.1008,23.6544,44,95463ad9c4315602
50,2i,98,7,9519600000,9519800000,200000,-199999,199999,136,0,0,-114.6752,73.1136,114.6752,-73.1136,108.7728,-69.3504,-108.7728,69.3504,136,95463ad9c4315602
50,2i,98,8,9519600000,9519800000,200000,-199996,199996,738,0,0,-622.2816,396.7488,622.2816,-396.7488,602.0448,-383.8464,-602.0448,383.8464,738,95463ad9c4315602
50,2i,98,9,9519600000,9519800000,200000,-199979,199979,1547,0,0,-1304.4304,831.6672,1304.4304,-831.6672,1175.4208,-749.4144,-1175.4208,749.4144,1547,95463ad9c4315602
50,2i,98,10,9519600000,9519800000,200000,-199945,199945,3700,0,0,-3119.84,1989.12,3119.84,-1989.12,2833.152,-1806.336,-2833.152,1806.336,3700,95463ad9c4315602
50,2i,98,11,9519600000,9519800000,200000,-199861,199861,8685,0,0,-7323.192,4669.056,7323.192,-4669.056,6544.0752,-4172.3136,-6544.0752,4172.3136,8685,95463ad9c4315602
50,2i,98,12,9519600000,9519800000,200000,-199662,199662,15384,0,0,-12971.7888,8270.4384,12971.7888,-8270.4384,10958.2272,-6986.6496,-10958.2272,6986.6496,15384,95463ad9c4315602
50,2i,98,13,9519600000,9519800000,200000,-199320,199320,24796,0,0,-20907.9872,13330.3296,20907.9872,-13330.3296,17159.12,-10940.16,-17159.12,10940.16,24796,95463ad9c4315602
50,2i,98,14,9519600000,9519800000,200000,-198770,198770,41828,0,0,-35269.3696,22486.7328,35269.3696,-22486.7328,28776.7296,-18347.2128,-28776.7296,18347.2128,41828,95463ad9c4315602
50,2i,98,15,9519600000,9519800000,200000,-197822,197822,64130,0,0,-54074.416,34476.288,54074.416,-34476.288,42084.112,-26831.616,-42084.112,26831.616,64130,95463ad9c4315602
50,2i,98,16,9519600000,9519800000,200000,-196396,196396,96256,0,0,-81163.0592,51747.2256,81163.0592,-51747.2256,61924.608,-39481.344,-61924.608,39481.344,96256,95463ad9c4315602
50,2i,98,17,9519600000,9519800000,200000,-194236,194236,138954,0,0,-117166.0128,74701.6704,117166.0128,-74701.6704,86203.7088,-54960.9984,-86203.7088,54960.9984,138954,95463ad9c4315602
50,2i,98,18,9519600000,9519800000,200000,-191138,191138,195508,0,0,-164612.090624,105024.786432,164612.090624,-105024.786432,117591.885824,-75046.060032,-117591.885824,75046.060032,195508,95463ad9c4315602
50,2i,98,19,9519600000,9519800000,200000,-186771,186771,263083,0,0,-220973.233984,141105.894912,220973.233984,-141105.894912,151153.051776,-96547.296768,-151153.051776,96547.296768,263083,95463ad9c4315602
50,2i,98,20,9519600000,9519800000,200000,-180961,180961,344950,90,0,-289116.16896,184548.44928,289060.11648,-184444.40064,191570.0448,-122207.8464,-191570.0448,122207.8464,345040,95463ad9c4315602
50,2i,98,21,9519600000,9519800000,200000,-173333,173339,440758,759,145,-368121.372096,234973.398528,367278.127296,-234387.952128,233581.099968,-149098.765824,-233620.336704,149171.599872,441517,95463ad9c4315602
50,2i,98,22,9519600000,9519800000,200000,-163632,163686,549762,2992,250,-456720.216192,291086.893056,453010.989952,-288913.268736,277346.296448,-176668.606464,-277956.2336,177057.4848,552754,95463ad9c4315602
50,2i,98,23,9519600000,9519800000,200000,-151513,151743,668564,9692,655,-552848.378496,352916.233728,540268.549376,-345298.733568,317214.859648,-203094.104064,-319760.704256,204560.145408,678256,95463ad9c4315602
50,2i,98,24,9519600000,9519800000,200000,-136716,137514,797618,25328,1728,-659074.148736,420158.850048,625984.799104,-399517.443072,354969.674624,-225924.498432,-363888.771968,231392.461824,822946,95463ad9c4315602
50,2i,98,25,9519600000,9519800000,200000,-118723,120945,913900,56700,3650,-758016.2144,483516.9792,685041.456,-437275.008,364303.4992,-233237.1456,-387544.1264,247826.9952,970600,95463ad9c4315602
50,2i,98,26,9519600000,9519800000,200000,-97892,103226,992310,116464,6268,-841733.09632,538506.86976,691481.644928,-442660.783104,349784.857088,-223971.369984,-401508.353536,256889.576448,1108774,95463ad9c4315602
50,2i,98,27,9519600000,9519800000,200000,-74260,85928,1020628,221048,10717,-915597.749632,587012.606976,625442.90048,-398857.71264,292495.919424,-187053.944832,-403339.868736,257847.810048,1241676,95463ad9c4315602
50,2i,98,28,9519600000,9519800000,200000,-48016,71470,982636,371254,15454,-971907.796096,622174.230528,474549.421184,-300773.824512,190530.62464,-119227.11552,-408822.15488,262101.41184,1353890,95463ad9c4315602
50,2i,98,29,9519600000,9519800000,200000,-19877,62081,868858,556425,19528,-1003498.479808,639980.434944,243216.790592,-153928.352256,44399.246528,-27959.291904,-412260.087232,263289.163776,1425283,95463ad9c4315602
50,2i,98,30,9519600000,9519800000,200000,9135,60169,690600,755280,22190,-1011732.66688,645928.22784,-46676.56576,29452.23168,-123957.79392,78883.90656,-436643.41824,279290.68032,1445880,95463ad9c4315602
50,2i,98,31,9519600000,9519800000,200000,37911,66271,486727,922281,20138,-999488.636288,637807.555584,-327887.75552,208682.89536,-292332.134336,186587.470848,-479270.297408,305081.631744,1409008,95463ad9c4315602
50,2i,98,32,9519600000,9519800000,200000,65119,79239,299390,1029564,16310,-967449.44064,616922.60352,-556050.315648,356161.112064,-419742.225408,268200.735744,-516298.128384,329393.114112,1328954,95463ad9c4315602
50,2i,98,33,9519600000,9519800000,200000,90580,96750,164682,1062451,10552,-924912.277184,590204.032512,-703731.11904,450055.13472,-516423.450944,330217.608192,-560585.453632,358180.478976,1227133,95463ad9c4315602
50,2i,98,34,9519600000,9519800000,200000,113340,115568,80134,1014186,6138,-851575.769088,543065.385984,-745429.656064,476104.676352,-542723.437824,346343.596032,-560545.545472,357378.564096,1094320,95463ad9c4315602
50,2i,98,35,9519600000,9519800000,200000,133370,133958,32165,916790,2585,-762880.85728,485895.57504,-718994.14112,458802.71616,-537573.80544,343544.20992,-542474.66112,346498.07616,948955,95463ad9c4315602
50,2i,98,36,9519600000,9519800000,200000,149897,150023,9058,779688,632,-649495.005568,412049.946624,-636696.962688,404300.150784,-481673.843584,305256.947712,-482709.832832,305917.464576,788746,95463ad9c4315602
50,2i,98,37,9519600000,9519800000,200000,163738,163758,2091,651401,187,-545200.925824,347500.780032,-542324.13504,345696.22272,-425177.26176,271095.55968,-425316.08096,271154.46528,653492,95463ad9c4315602
50,2i,98,38,9519600000,9519800000,200000,174613,174613,380,513358,114,-431229.069952,274622.708736,-430823.290752,274450.523136,-346430.972672,220614.813696,-346430.972672,220614.813696,513738,95463ad9c4315602
50,2i,98,39,9519600000,9519800000,200000,182987,182987,0,394709,0,-332339.603648,211820.696064,-332339.603648,211820.696064,-274934.42496,175245.85728,-274934.42496,175245.85728,394709,95463ad9c4315602
50,2i,98,40,9519600000,9519800000,200000,189180,189180,0,292090,0,-246158.88832,156852.72576,-246158.88832,156852.72576,-208746.10432,132999.41376,-208746.10432,132999.41376,292090,95463ad9c4315602
50,2i,98,41,9519600000,9519800000,200000,193617,193617,0,207864,0,-175270.9248,111747.6864,-175270.9248,111747.6864,-153392.4144,97798.5792,-153392.4144,97798.5792,207864,95463ad9c4315602
50,2i,98,42,9519600000,9519800000,200000,196500,196500,0,135438,0,-114201.3216,72811.4688,-114201.3216,72811.4688,-102099.7152,65095.8336,-102099.7152,65095.8336,135438,95463ad9c4315602
50,2i,98,43,9519600000,9519800000,200000,198294,198294,0,83925,0,-70765.56,45118.08,-70765.56,45118.08,-65046.1344,41471.5392,-65046.1344,41471.5392,83925,95463ad9c4315602
50,2i,98,44,9519600000,9519800000,200000,199263,199263,0,45726,0,-38556.1632,24582.2976,-38556.1632,24582.2976,-35950.6752,22921.1136,-35950.6752,22921.1136,45726,95463ad9c4315602
50,2i,98,45,9519600000,9519800000,200000,199778,199778,0,24070,0,-20295.824,12940.032,-20295.824,12940.032,-19541.16,12458.88,-19541.16,12458.88,24070,95463ad9c4315602
50,2i,98,46,9519600000,9519800000,200000,199957,199957,0,8406,0,-7087.9392,4519.0656,-7087.9392,4519.0656,-6942.9088,4426.5984,-6942.9088,4426.5984,8406,95463ad9c4315602
50,2i,98,47,9519600000,9519800000,200000,200000,200000,0,2021,0,-1704.1072,1086.4896,-1704.1072,1086.4896,-1704.1072,1086.4896,-1704.1072,1086.4896,2021,95463ad9c4315602
50,2i,98,48,9519600000,9519800000,200000,200000,200000,0,0,0,0,0,0,0,0,0,0,0,0,95463ad9c4315602
50,2i,98,49,9519600000,9519800000,200000,200000,200000,0,0,0,0,0,0,0,0,0,0,0,0,95463ad9c4315602
50,2i,98,50,9519600000,9519800000,200000,200000,200000,0,0,0,0,0,0,0,0,0,0,0,0,95463ad9c4315602
50,2i,99,0,9519800000,9520000000,200000,-200000,200000,0,0,0,0,0,0,0,0,0,0,0,0,2756874d566a30d6
50,2i,99,1,9519800000,9520000000,200000,-200000,200000,0,0,0,0,0,0,0,0,0,0,0,0,2756874d566a30d6
50,2i,99,2,9519800000,9520000000,200000,-200000,200000,0,0,0,0,0,0,0,0,0,0,0,0,2756874d566a30d6
50,2i,99,3,9519800000,9520000000,200000,-200000,200000,0,0,0,0,0,0,0,0,0,0,0,0,2756874d566a30d6
50,2i,99,4,9519800000,9520000000,200000,-200000,200000,0,0,0,0,0,0,0,0,0,0,0,0,2756874d566a30d6
50,2i,99,5,9519800000,9520000000,200000,-200000,200000,0,0,0,0,0,0,0,0,0,0,0,0,2756874d566a30d6
50,2i,99,6,9519800000,9520000000,200000,-200000,200000,44,0,0,-37.1008,23.6544,37.1008,-23.6544,37.1008,-23.6544,-37.1008,23.6544,44,2756874d566a30d6
50,2i,99,7,9519800000,9520000000,200000,-199999,199999,7,0,0,-5.9024,3.7632,5.9024,-3.7632,0,0,0,0,7,2756874d566a30d6
50,2i,99,8,9519800000,9520000000,200000,-199999,199999,588,0,0,-495.8016,316.1088,495.8016,-316.1088,495.8016,-316.1088,-495.8016,316.1088,588,2756874d566a30d6
50,2i,99,9,9519800000,9520000000,200000,-199985,199985,1315,0,0,-1108.808,706.944,1108.808,-706.944,1002.5648,-639.2064,-1002.5648,639.2064,1315,2756874d566a30d6
50,2i,99,10,9519800000,9520000000,200000,-199956,199956,3010,0,0,-2538.032,1618.176,2538.032,-1618.176,2293.504,-1462.272,-2293.504,1462.272,3010,2756874d566a30d6
50,2i,99,11,9519800000,9520000000,200000,-199888,199888,7729,0,0,-6517.0928,4155.1104,6517.0928,-4155.1104,5886.3792,-3752.9856,-5886.3792,3752.9856,7729,2756874d566a30d6
50,2i,99,12,9519800000,9520000000,200000,-199709,199709,15600,0,0,-13153.92,8386.56,13153.92,-8386.56,11342.7264,-7231.7952,-11342.7264,7231.7952,15600,2756874d566a30d6
50,2i,99,13,9519800000,9520000000,200000,-199355,199355,24693,0,0,-20821.1376,13274.9568,20821.1376,-13274.9568,16940.7312,-10800.9216,-16940.7312,10800.9216,24693,2756874d566a30d6
50,2i,99,14,9519800000,9520000000,200000,-198812,198812,40254,0,0,-33942.1728,21640.5504,33942.1728,-21640.5504,27532.1664,-17553.7152,-27532.1664,17553.7152,40254,2756874d566a30d6
50,2i,99,15,9519800000,9520000000,200000,-197905,197905,65790,0,0,-55454.416,35316.288,55454.416,-35316.288,43982.68,-28002.24,-43982.68,28002.24,65790,2756874d566a30d6
50,2i,99,16,9519800000,9520000000,200000,-196414,196414,95290,0,0,-80339.5168,51203.9424,80339.5168,-51203.9424,60233.1488,-38402.9184,-60233.1488,38402.9184,95290,2756874d566a30d6
50,2i,99,17,9519800000,9520000000,200000,-194313,194313,138380,0,0,-116663.4304,74343.6672,116663.4304,-74343.6672,86546.856,-55142.208,-86546.856,55142.208,138380,2756874d566a30d6
50,2i,99,18,9519800000,9520000000,200000,-191202,191202,193214,0,0,-162853.84,103701.12,162853.84,-103701.12,115646.464,-73623.552,-115646.464,73623.552,193214,2756874d566a30d6
50,2i,99,19,9519800000,9520000000,200000,-186914,186914,265302,31,0,-223263.187136,142351.861248,223245.827136,-142411.381248,154589.419136,-98667.637248,-154589.419136,98667.637248,265333,2756874d566a30d6
50,2i,99,20,9519800000,9520000000,200000,-180983,180985,347020,350,0,-291091.16736,186046.74048,290557.24736,-185820.18048,191083.49824,-122296.12032,-191094.69824,122257.72032,347370,2756874d566a30d6
50,2i,99,21,9519800000,9520000000,200000,-173358,173382,438961,1188,58,-366798.668736,234246.210048,365199.753408,-233340.639744,232053.890304,-148106.844672,-232419.794304,148292.316672,440149,2756874d566a30d6
50,2i,99,22,9519800000,9520000000,200000,-163702,163792,550926,3162,240,-458562.24128,292313.68704,454669.042688,-289881.590784,279968.27456,-178397.23008,-280903.662464,178943.511552,554088,2756874d566a30d6
50,2i,99,23,9519800000,9520000000,200000,-151500,151764,673601,8967,593,-557286.251008,355420.076544,545444.253184,-348054.400512,319792.32,-204197.76,-322221.950208,205746.822144,682568,2756874d566a30d6
50,2i,99,24,9519800000,9520000000,200000,-136614,137394,798064,25588,1892,-658807.764224,422004.191232,626457.823488,-400299.485184,353109.843712,-226369.084416,-361476.392704,231539.407872,823652,2756874d566a30d6
50,2i,99,25,9519800000,9520000000,200000,-118676,120948,907000,58650,4050,-754327.4624,482929.8432,679531.7696,-434729.9328,361848.064,-230732.352,-384909.0176,246630.7968,965650,2756874d566a30d6
50,2i,99,26,9519800000,9520000000,200000,-97988,103460,986152,117464,7096,-836182.06592,535006.40256,685157.78176,-438990.91968,345454.177024,-221973.061632,-399258.305792,255566.585856,1103616,2756874d566a30d6
50,2i,99,27,9519800000,9520000000,200000,-74416,86210,1018020,215849,11105,-904506.181312,580957.641216,623286.762432,-399178.277376,290309.36288,-186339.55584,-399682.037696,256564.259328,1233869,2756874d566a30d6
50,2i,99,28,9519800000,9520000000,200000,-48441,71583,986406,361404,15358,-962968.77248,616689.00864,480268.840576,-306009.735168,197021.675008,-123852.908544,-406226.406912,259658.582016,1347810,2756874d566a30d6
50,2i,99,29,9519800000,9520000000,200000,-20236,61790,872523,552070,18795,-1002383.500224,638790.239232,246843.646784,-154506.765312,46760.046784,-28621.965312,-407276.446784,259137.165312,1424593,2756874d566a30d6
50,2i,99,30,9519800000,9520000000,200000,8652,60054,684880,754040,20300,-1007260.30848,644249.45664,-46491.328,32738.304,-126086.90048,81049.71264,-438232.31872,281476.39296,1438920,2756874d566a30d6
50,2i,99,31,9519800000,9520000000,200000,37266,66116,489396,921791,19289,-996724.387392,637841.734656,-320304.3248,207718.8864,-283012.791232,183977.035776,-475607.455552,303438.529536,1411187,2756874d566a30d6
50,2i,99,32,9519800000,9520000000,200000,64853,78983,308150,1038944,15080,-979739.229312,621952.905216,-556108.319616,358493.349888,-420608.233344,270465.211392,-519869.18208,332726.46144,1347094,2756874d566a30d6
50,2i,99,33,9519800000,9520000000,200000,90648,96708,166186,1071306,9938,-935189.437184,591910.912512,-709058.034944,450853.320192,-523679.4576,332360.7168,-567832.453824,359272.684032,1237492,2756874d566a30d6
50,2i,99,34,9519800000,9520000000,200000,113369,115543,77870,1013028,5740,-851135.519104,538886.403072,-747184.479872,475160.503296,-544913.037312,346179.849216,-560558.084096,356081.814528,1090898,2756874d566a30d6
50,2i,99,35,9519800000,9520000000,200000,133268,133966,29625,916335,2475,-760438.11456,482186.35008,-721237.94432,457284.53376,-536565.14464,339394.47552,-541541.77504,342635.74272,945960,2756874d566a30d6
50,2i,99,36,9519800000,9520000000,200000,149901,150093,10214,781032,1264,-650254.837888,414510.864384,-636713.491328,405872.738304,-483484.25024,308499.25632,-485081.68384,309358.34112,791246,2756874d566a30d6
50,2i,99,37,9519800000,9520000000,200000,163648,163682,3131,648846,309,-543120.49312,345346.65216,-538584.49952,342905.48736,-420588.919744,267538.286592,-420903.124544,267709.012992,651977,2756874d566a30d6
50,2i,99,38,9519800000,9520000000,200000,174674,174676,620,518604,38,-435928.03456,277620.91008,-434989.35296,277108.96128,-351070.344576,223616.007168,-351090.581376,223628.909568,519224,2756874d566a30d6
50,2i,99,39,9519800000,9520000000,200000,183027,183027,39,393950,0,-331756.985536,211328.552448,-331691.215936,211286.619648,-274229.250048,174663.051264,-274229.250048,174663.051264,393989,2756874d566a30d6
50,2i,99,40,9519800000,9520000000,200000,189229,189229,0,292080,0,-246167.35232,156892.27776,-246167.35232,156892.27776,-209072.18432,133252.85376,-209072.18432,133252.85376,292080,2756874d566a30d6
50,2i,99,41,9519800000,9520000000,200000,193629,193629,0,206770,0,-174325.3728,111098.1504,-174325.3728,111098.1504,-152090.1888,96921.6384,-152090.1888,96921.6384,206770,2756874d566a30d6
50,2i,99,42,9519800000,9520000000,200000,196559,196559,0,136748,0,-115305.9136,73515.7248,-115305.9136,73515.7248,-103764.192,66157.056,-103764.192,66157.056,136748,2756874d566a30d6
50,2i,99,43,9519800000,9520000000,200000,198270,198270,0,80804,0,-68133.9328,43440.2304,-68133.9328,43440.2304,-62036.7536,39552.8448,-62036.7536,39552.8448,80804,2756874d566a30d6
50,2i,99,44,9519800000,9520000000,200000,199303,199303,0,48278,0,-40708.0096,25954.2528,-40708.0096,25954.2528,-38325.1264,24434.9952,-38325.1264,24434.9952,48278,2756874d566a30d6
50,2i,99,45,9519800000,9520000000,200000,199774,199774,0,22120,0,-18651.584,11891.712,-18651.584,11891.712,-17871.624,11394.432,-17871.624,11394.432,22120,2756874d566a30d6
50,2i,99,46,9519800000,9520000000,200000,199959,199959,0,8674,0,-7313.9168,4663.1424,-7313.9168,4663.1424,-7175.632,4574.976,-7175.632,4574.976,8674,2756874d566a30d6
50,2i,99,47,9519800000,9520000000,200000,200000,200000,0,1927,0,-1624.8464,1035.9552,-1624.8464,1035.9552,-1624.8464,1035.9552,-1624.8464,1035.9552,1927,2756874d566a30d6
50,2i,99,48,9519800000,9520000000,200000,200000,200000,0,0,0,0,0,0,0,0,0,0,0,0,2756874d566a30d6
50,2i,99,49,9519800000,9520000000,200000,200000,200000,0,0,0,0,0,0,0,0,0,0,0,0,2756874d566a30d6
50,2i,99,50,9519800000,9520000000,200000,200000,200000,0,0,0,0,0,0,0,0,0,0,0,0,2756874d566a30d6
