n,a,b,orientation,batch,samples,kind,k,count
144,12,0,first,0,1000,minus,50,1
144,12,0,first,0,1000,minus,56,1
144,12,0,first,0,1000,minus,57,2
144,12,0,first,0,1000,minus,58,1
144,12,0,first,0,1000,minus,59,1
144,12,0,first,0,1000,minus,60,4
144,12,0,first,0,1000,minus,61,1
144,12,0,first,0,1000,minus,62,3
144,12,0,first,0,1000,minus,63,1
144,12,0,first,0,1000,minus,64,2
144,12,0,first,0,1000,minus,65,5
144,12,0,first,0,1000,minus,66,7
144,12,0,first,0,1000,minus,67,11
144,12,0,first,0,1000,minus,68,15
144,12,0,first,0,1000,minus,69,7
144,12,0,first,0,1000,plus,69,3
144,12,0,first,0,1000,minus,70,17
144,12,0,first,0,1000,minus,71,14
144,12,0,first,0,1000,minus,72,25
144,12,0,first,0,1000,plus,72,5
144,12,0,first,0,1000,minus,73,34
144,12,0,first,0,1000,plus,73,1
144,12,0,first,0,1000,minus,74,30
144,12,0,first,0,1000,plus,74,1
144,12,0,first,0,1000,minus,75,26
144,12,0,first,0,1000,plus,75,6
144,12,0,first,0,1000,minus,76,30
144,12,0,first,0,1000,plus,76,5
144,12,0,first,0,1000,minus,77,49
144,12,0,first,0,1000,plus,77,7
144,12,0,first,0,1000,minus,78,50
144,12,0,first,0,1000,plus,78,20
144,12,0,first,0,1000,minus,79,48
144,12,0,first,0,1000,plus,79,15
144,12,0,first,0,1000,minus,80,58
144,12,0,first,0,1000,plus,80,20
144,12,0,first,0,1000,minus,81,50
144,12,0,first,0,1000,plus,81,22
144,12,0,first,0,1000,minus,82,56
144,12,0,first,0,1000,plus,82,30
144,12,0,first,0,1000,minus,83,48
144,12,0,first,0,1000,plus,83,38
144,12,0,first,0,1000,minus,84,69
144,12,0,first,0,1000,plus,84,37
144,12,0,first,0,1000,minus,85,51
144,12,0,first,0,1000,plus,85,48
144,12,0,first,0,1000,minus,86,50
144,12,0,first,0,1000,plus,86,43
144,12,0,first,0,1000,minus,87,37
144,12,0,first,0,1000,plus,87,59
144,12,0,first,0,1000,minus,88,37
144,12,0,first,0,1000,plus,88,55
144,12,0,first,0,1000,minus,89,41
144,12,0,first,0,1000,plus,89,59
144,12,0,first,0,1000,minus,90,32
144,12,0,first,0,1000,plus,90,52
144,12,0,first,0,1000,minus,91,24
144,12,0,first,0,1000,plus,91,71
144,12,0,first,0,1000,minus,92,16
144,12,0,first,0,1000,plus,92,62
144,12,0,first,0,1000,minus,93,14
144,12,0,first,0,1000,plus,93,56
144,12,0,first,0,1000,minus,94,11
144,12,0,first,0,1000,plus,94,44
144,12,0,first,0,1000,minus,95,6
144,12,0,first,0,1000,plus,95,40
144,12,0,first,0,1000,minus,96,8
144,12,0,first,0,1000,plus,96,39
144,12,0,first,0,1000,plus,97,31
144,12,0,first,0,1000,plus,98,26
144,12,0,first,0,1000,minus,99,4
144,12,0,first,0,1000,plus,99,16
144,12,0,first,0,1000,minus,100,1
144,12,0,first,0,1000,plus,100,14
144,12,0,first,0,1000,minus,101,1
144,12,0,first,0,1000,plus,101,13
144,12,0,first,0,1000,minus,102,1
144,12,0,first,0,1000,plus,102,18
144,12,0,first,0,1000,plus,103,14
144,12,0,first,0,1000,plus,104,8
144,12,0,first,0,1000,plus,105,1
144,12,0,first,0,1000,plus,106,9
144,12,0,first,0,1000,plus,107,2
144,12,0,first,0,1000,plus,108,3
144,12,0,first,0,1000,plus,109,4
144,12,0,first,0,1000,plus,112,2
144,12,0,first,0,1000,plus,114,1
144,6,0,second,0,1000,minus,32,2
144,6,0,second,0,1000,minus,33,1
144,6,0,second,0,1000,minus,34,3
144,6,0,second,0,1000,minus,35,1
144,6,0,second,0,1000,minus,37,2
144,6,0,second,0,1000,minus,38,3
144,6,0,second,0,1000,minus,39,1
144,6,0,second,0,1000,minus,40,3
144,6,0,second,0,1000,minus,41,2
144,6,0,second,0,1000,minus,42,5
144,6,0,second,0,1000,minus,43,6
144,6,0,second,0,1000,minus,44,4
144,6,0,second,0,1000,minus,45,4
144,6,0,second,0,1000,minus,46,5
144,6,0,second,0,1000,minus,47,8
144,6,0,second,0,1000,minus,48,9
144,6,0,second,0,1000,minus,49,4
144,6,0,second,0,1000,minus,50,9
144,6,0,second,0,1000,minus,51,11
144,6,0,second,0,1000,minus,52,12
144,6,0,second,0,1000,minus,53,13
144,6,0,second,0,1000,minus,54,14
144,6,0,second,0,1000,minus,55,22
144,6,0,second,0,1000,minus,56,19
144,6,0,second,0,1000,minus,57,17
144,6,0,second,0,1000,minus,58,18
144,6,0,second,0,1000,minus,59,15
144,6,0,second,0,1000,minus,60,17
144,6,0,second,0,1000,minus,61,30
144,6,0,second,0,1000,minus,62,17
144,6,0,second,0,1000,minus,63,28
144,6,0,second,0,1000,minus,64,24
144,6,0,second,0,1000,minus,65,20
144,6,0,second,0,1000,minus,66,31
144,6,0,second,0,1000,minus,67,41
144,6,0,second,0,1000,minus,68,34
144,6,0,second,0,1000,minus,69,42
144,6,0,second,0,1000,minus,70,32
144,6,0,second,0,1000,minus,71,53
144,6,0,second,0,1000,minus,72,49
144,6,0,second,0,1000,minus,73,27
144,6,0,second,0,1000,minus,74,40
144,6,0,second,0,1000,plus,74,2
144,6,0,second,0,1000,minus,75,29
144,6,0,second,0,1000,plus,75,1
144,6,0,second,0,1000,minus,76,29
144,6,0,second,0,1000,minus,77,37
144,6,0,second,0,1000,minus,78,28
144,6,0,second,0,1000,plus,78,3
144,6,0,second,0,1000,minus,79,24
144,6,0,second,0,1000,minus,80,27
144,6,0,second,0,1000,minus,81,28
144,6,0,second,0,1000,minus,82,23
144,6,0,second,0,1000,plus,82,3
144,6,0,second,0,1000,minus,83,17
144,6,0,second,0,1000,plus,83,5
144,6,0,second,0,1000,minus,84,8
144,6,0,second,0,1000,plus,84,8
144,6,0,second,0,1000,minus,85,12
144,6,0,second,0,1000,plus,85,5
144,6,0,second,0,1000,minus,86,12
144,6,0,second,0,1000,plus,86,15
144,6,0,second,0,1000,minus,87,7
144,6,0,second,0,1000,plus,87,9
144,6,0,second,0,1000,minus,88,5
144,6,0,second,0,1000,plus,88,13
144,6,0,second,0,1000,minus,89,9
144,6,0,second,0,1000,plus,89,22
144,6,0,second,0,1000,minus,90,2
144,6,0,second,0,1000,plus,90,22
144,6,0,second,0,1000,minus,91,1
144,6,0,second,0,1000,plus,91,17
144,6,0,second,0,1000,minus,92,2
144,6,0,second,0,1000,plus,92,22
144,6,0,second,0,1000,minus,93,1
144,6,0,second,0,1000,plus,93,24
144,6,0,second,0,1000,minus,94,1
144,6,0,second,0,1000,plus,94,34
144,6,0,second,0,1000,plus,95,39
144,6,0,second,0,1000,plus,96,44
144,6,0,second,0,1000,plus,97,25
144,6,0,second,0,1000,plus,98,39
144,6,0,second,0,1000,plus,99,36
144,6,0,second,0,1000,plus,100,44
144,6,0,second,0,1000,plus,101,42
144,6,0,second,0,1000,plus,102,44
144,6,0,second,0,1000,plus,103,46
144,6,0,second,0,1000,plus,104,52
144,6,0,second,0,1000,plus,105,31
144,6,0,second,0,1000,plus,106,42
144,6,0,second,0,1000,plus,107,31
144,6,0,second,0,1000,plus,108,38
144,6,0,second,0,1000,plus,109,36
144,6,0,second,0,1000,plus,110,34
144,6,0,second,0,1000,plus,111,28
144,6,0,second,0,1000,plus,112,22
144,6,0,second,0,1000,plus,113,14
144,6,0,second,0,1000,plus,114,14
144,6,0,second,0,1000,plus,115,11
144,6,0,second,0,1000,plus,116,21
144,6,0,second,0,1000,plus,117,8
144,6,0,second,0,1000,plus,118,7
144,6,0,second,0,1000,plus,119,14
144,6,0,second,0,1000,plus,120,8
144,6,0,second,0,1000,plus,121,6
144,6,0,second,0,1000,plus,122,3
144,6,0,second,0,1000,plus,123,2
144,6,0,second,0,1000,plus,124,6
144,6,0,second,0,1000,plus,125,2
144,6,0,second,0,1000,plus,126,2
144,6,0,second,0,1000,plus,128,2
144,6,0,second,0,1000,plus,130,2
144,12,0,first,1,1000,minus,51,1
144,12,0,first,1,1000,minus,54,1
144,12,0,first,1,1000,minus,57,1
144,12,0,first,1,1000,minus,59,1
144,12,0,first,1,1000,minus,60,3
144,12,0,first,1,1000,minus,61,2
144,12,0,first,1,1000,minus,62,1
144,12,0,first,1,1000,minus,63,6
144,12,0,first,1,1000,minus,64,8
144,12,0,first,1,1000,minus,65,4
144,12,0,first,1,1000,plus,65,1
144,12,0,first,1,1000,minus,66,8
144,12,0,first,1,1000,minus,67,9
144,12,0,first,1,1000,minus,68,12
144,12,0,first,1,1000,minus,69,9
144,12,0,first,1,1000,minus,70,19
144,12,0,first,1,1000,minus,71,24
144,12,0,first,1,1000,plus,71,2
144,12,0,first,1,1000,minus,72,20
144,12,0,first,1,1000,plus,72,2
144,12,0,first,1,1000,minus,73,22
144,12,0,first,1,1000,plus,73,1
144,12,0,first,1,1000,minus,74,15
144,12,0,first,1,1000,plus,74,4
144,12,0,first,1,1000,minus,75,32
144,12,0,first,1,1000,plus,75,1
144,12,0,first,1,1000,minus,76,44
144,12,0,first,1,1000,plus,76,8
144,12,0,first,1,1000,minus,77,47
144,12,0,first,1,1000,plus,77,3
144,12,0,first,1,1000,minus,78,49
144,12,0,first,1,1000,plus,78,13
144,12,0,first,1,1000,minus,79,60
144,12,0,first,1,1000,plus,79,20
144,12,0,first,1,1000,minus,80,56
144,12,0,first,1,1000,plus,80,17
144,12,0,first,1,1000,minus,81,68
144,12,0,first,1,1000,plus,81,26
144,12,0,first,1,1000,minus,82,66
144,12,0,first,1,1000,plus,82,27
144,12,0,first,1,1000,minus,83,59
144,12,0,first,1,1000,plus,83,32
144,12,0,first,1,1000,minus,84,46
144,12,0,first,1,1000,plus,84,32
144,12,0,first,1,1000,minus,85,57
144,12,0,first,1,1000,plus,85,56
144,12,0,first,1,1000,minus,86,48
144,12,0,first,1,1000,plus,86,43
144,12,0,first,1,1000,minus,87,36
144,12,0,first,1,1000,plus,87,52
144,12,0,first,1,1000,minus,88,34
144,12,0,first,1,1000,plus,88,73
144,12,0,first,1,1000,minus,89,29
144,12,0,first,1,1000,plus,89,63
144,12,0,first,1,1000,minus,90,23
144,12,0,first,1,1000,plus,90,59
144,12,0,first,1,1000,minus,91,22
144,12,0,first,1,1000,plus,91,81
144,12,0,first,1,1000,minus,92,11
144,12,0,first,1,1000,plus,92,57
144,12,0,first,1,1000,minus,93,16
144,12,0,first,1,1000,plus,93,41
144,12,0,first,1,1000,minus,94,6
144,12,0,first,1,1000,plus,94,38
144,12,0,first,1,1000,minus,95,4
144,12,0,first,1,1000,plus,95,43
144,12,0,first,1,1000,minus,96,9
144,12,0,first,1,1000,plus,96,29
144,12,0,first,1,1000,minus,97,4
144,12,0,first,1,1000,plus,97,29
144,12,0,first,1,1000,minus,98,4
144,12,0,first,1,1000,plus,98,23
144,12,0,first,1,1000,minus,99,1
144,12,0,first,1,1000,plus,99,28
144,12,0,first,1,1000,minus,100,1
144,12,0,first,1,1000,plus,100,17
144,12,0,first,1,1000,minus,101,1
144,12,0,first,1,1000,plus,101,17
144,12,0,first,1,1000,plus,102,16
144,12,0,first,1,1000,plus,103,11
144,12,0,first,1,1000,plus,104,9
144,12,0,first,1,1000,minus,105,1
144,12,0,first,1,1000,plus,105,5
144,12,0,first,1,1000,plus,106,6
144,12,0,first,1,1000,plus,107,4
144,12,0,first,1,1000,plus,108,8
144,12,0,first,1,1000,plus,109,3
144,6,0,second,1,1000,minus,19,1
144,6,0,second,1,1000,minus,23,1
144,6,0,second,1,1000,minus,28,1
144,6,0,second,1,1000,minus,29,1
144,6,0,second,1,1000,minus,31,1
144,6,0,second,1,1000,minus,32,1
144,6,0,second,1,1000,minus,33,1
144,6,0,second,1,1000,minus,34,1
144,6,0,second,1,1000,minus,35,1
144,6,0,second,1,1000,minus,36,3
144,6,0,second,1,1000,minus,37,2
144,6,0,second,1,1000,minus,38,2
144,6,0,second,1,1000,minus,39,2
144,6,0,second,1,1000,minus,40,1
144,6,0,second,1,1000,minus,41,1
144,6,0,second,1,1000,minus,42,6
144,6,0,second,1,1000,minus,43,5
144,6,0,second,1,1000,minus,44,4
144,6,0,second,1,1000,minus,45,5
144,6,0,second,1,1000,minus,46,10
144,6,0,second,1,1000,minus,47,9
144,6,0,second,1,1000,minus,48,9
144,6,0,second,1,1000,minus,49,6
144,6,0,second,1,1000,minus,50,4
144,6,0,second,1,1000,minus,51,9
144,6,0,second,1,1000,minus,52,14
144,6,0,second,1,1000,minus,53,7
144,6,0,second,1,1000,minus,54,13
144,6,0,second,1,1000,minus,55,15
144,6,0,second,1,1000,minus,56,9
144,6,0,second,1,1000,minus,57,20
144,6,0,second,1,1000,minus,58,27
144,6,0,second,1,1000,minus,59,30
144,6,0,second,1,1000,minus,60,29
144,6,0,second,1,1000,minus,61,18
144,6,0,second,1,1000,minus,62,29
144,6,0,second,1,1000,minus,63,26
144,6,0,second,1,1000,minus,64,26
144,6,0,second,1,1000,minus,65,27
144,6,0,second,1,1000,minus,66,36
144,6,0,second,1,1000,minus,67,38
144,6,0,second,1,1000,minus,68,32
144,6,0,second,1,1000,minus,69,36
144,6,0,second,1,1000,minus,70,43
144,6,0,second,1,1000,minus,71,30
144,6,0,second,1,1000,minus,72,33
144,6,0,second,1,1000,minus,73,38
144,6,0,second,1,1000,minus,74,34
144,6,0,second,1,1000,minus,75,31
144,6,0,second,1,1000,minus,76,33
144,6,0,second,1,1000,minus,77,25
144,6,0,second,1,1000,minus,78,34
144,6,0,second,1,1000,plus,78,2
144,6,0,second,1,1000,minus,79,27
144,6,0,second,1,1000,minus,80,25
144,6,0,second,1,1000,plus,80,3
144,6,0,second,1,1000,minus,81,15
144,6,0,second,1,1000,plus,81,5
144,6,0,second,1,1000,minus,82,22
144,6,0,second,1,1000,plus,82,5
144,6,0,second,1,1000,minus,83,20
144,6,0,second,1,1000,plus,83,9
144,6,0,second,1,1000,minus,84,16
144,6,0,second,1,1000,plus,84,5
144,6,0,second,1,1000,minus,85,14
144,6,0,second,1,1000,plus,85,6
144,6,0,second,1,1000,minus,86,8
144,6,0,second,1,1000,plus,86,5
144,6,0,second,1,1000,minus,87,8
144,6,0,second,1,1000,plus,87,20
144,6,0,second,1,1000,minus,88,7
144,6,0,second,1,1000,plus,88,19
144,6,0,second,1,1000,minus,89,5
144,6,0,second,1,1000,plus,89,12
144,6,0,second,1,1000,minus,90,3
144,6,0,second,1,1000,plus,90,15
144,6,0,second,1,1000,minus,91,5
144,6,0,second,1,1000,plus,91,24
144,6,0,second,1,1000,minus,92,3
144,6,0,second,1,1000,plus,92,29
144,6,0,second,1,1000,minus,93,1
144,6,0,second,1,1000,plus,93,30
144,6,0,second,1,1000,plus,94,25
144,6,0,second,1,1000,plus,95,37
144,6,0,second,1,1000,minus,96,1
144,6,0,second,1,1000,plus,96,32
144,6,0,second,1,1000,plus,97,35
144,6,0,second,1,1000,plus,98,47
144,6,0,second,1,1000,plus,99,37
144,6,0,second,1,1000,plus,100,40
144,6,0,second,1,1000,plus,101,43
144,6,0,second,1,1000,plus,102,31
144,6,0,second,1,1000,plus,103,32
144,6,0,second,1,1000,plus,104,50
144,6,0,second,1,1000,plus,105,41
144,6,0,second,1,1000,plus,106,46
144,6,0,second,1,1000,plus,107,32
144,6,0,second,1,1000,plus,108,24
144,6,0,second,1,1000,plus,109,32
144,6,0,second,1,1000,plus,110,33
144,6,0,second,1,1000,plus,111,26
144,6,0,second,1,1000,plus,112,23
144,6,0,second,1,1000,plus,113,16
144,6,0,second,1,1000,plus,114,20
144,6,0,second,1,1000,plus,115,16
144,6,0,second,1,1000,plus,116,26
144,6,0,second,1,1000,plus,117,22
144,6,0,second,1,1000,plus,118,5
144,6,0,second,1,1000,plus,119,9
144,6,0,second,1,1000,plus,120,10
144,6,0,second,1,1000,plus,121,6
144,6,0,second,1,1000,plus,122,2
144,6,0,second,1,1000,plus,123,4
144,6,0,second,1,1000,plus,124,2
144,6,0,second,1,1000,plus,125,3
144,6,0,second,1,1000,plus,126,3
144,6,0,second,1,1000,plus,128,1
144,12,0,first,2,1000,minus,59,1
144,12,0,first,2,1000,minus,60,3
144,12,0,first,2,1000,minus,61,1
144,12,0,first,2,1000,minus,62,5
144,12,0,first,2,1000,minus,63,3
144,12,0,first,2,1000,minus,64,5
144,12,0,first,2,1000,minus,65,5
144,12,0,first,2,1000,plus,65,1
144,12,0,first,2,1000,minus,66,9
144,12,0,first,2,1000,minus,67,8
144,12,0,first,2,1000,minus,68,11
144,12,0,first,2,1000,minus,69,4
144,12,0,first,2,1000,minus,70,15
144,12,0,first,2,1000,minus,71,19
144,12,0,first,2,1000,plus,71,2
144,12,0,first,2,1000,minus,72,21
144,12,0,first,2,1000,plus,72,1
144,12,0,first,2,1000,minus,73,26
144,12,0,first,2,1000,plus,73,3
144,12,0,first,2,1000,minus,74,27
144,12,0,first,2,1000,plus,74,7
144,12,0,first,2,1000,minus,75,37
144,12,0,first,2,1000,plus,75,4
144,12,0,first,2,1000,minus,76,38
144,12,0,first,2,1000,plus,76,4
144,12,0,first,2,1000,minus,77,40
144,12,0,first,2,1000,plus,77,6
144,12,0,first,2,1000,minus,78,49
144,12,0,first,2,1000,plus,78,7
144,12,0,first,2,1000,minus,79,52
144,12,0,first,2,1000,plus,79,13
144,12,0,first,2,1000,minus,80,56
144,12,0,first,2,1000,plus,80,19
144,12,0,first,2,1000,minus,81,57
144,12,0,first,2,1000,plus,81,20
144,12,0,first,2,1000,minus,82,67
144,12,0,first,2,1000,plus,82,22
144,12,0,first,2,1000,minus,83,54
144,12,0,first,2,1000,plus,83,32
144,12,0,first,2,1000,minus,84,55
144,12,0,first,2,1000,plus,84,45
144,12,0,first,2,1000,minus,85,53
144,12,0,first,2,1000,plus,85,46
144,12,0,first,2,1000,minus,86,60
144,12,0,first,2,1000,plus,86,47
144,12,0,first,2,1000,minus,87,36
144,12,0,first,2,1000,plus,87,52
144,12,0,first,2,1000,minus,88,38
144,12,0,first,2,1000,plus,88,59
144,12,0,first,2,1000,minus,89,29
144,12,0,first,2,1000,plus,89,62
144,12,0,first,2,1000,minus,90,32
144,12,0,first,2,1000,plus,90,58
144,12,0,first,2,1000,minus,91,25
144,12,0,first,2,1000,plus,91,50
144,12,0,first,2,1000,minus,92,18
144,12,0,first,2,1000,plus,92,70
144,12,0,first,2,1000,minus,93,12
144,12,0,first,2,1000,plus,93,57
144,12,0,first,2,1000,minus,94,10
144,12,0,first,2,1000,plus,94,46
144,12,0,first,2,1000,minus,95,5
144,12,0,first,2,1000,plus,95,40
144,12,0,first,2,1000,minus,96,2
144,12,0,first,2,1000,plus,96,33
144,12,0,first,2,1000,minus,97,4
144,12,0,first,2,1000,plus,97,40
144,12,0,first,2,1000,minus,98,4
144,12,0,first,2,1000,plus,98,29
144,12,0,first,2,1000,minus,99,4
144,12,0,first,2,1000,plus,99,27
144,12,0,first,2,1000,plus,100,16
144,12,0,first,2,1000,plus,101,19
144,12,0,first,2,1000,plus,102,18
144,12,0,first,2,1000,plus,103,15
144,12,0,first,2,1000,plus,104,6
144,12,0,first,2,1000,plus,105,8
144,12,0,first,2,1000,plus,106,7
144,12,0,first,2,1000,plus,107,4
144,12,0,first,2,1000,plus,109,1
144,12,0,first,2,1000,plus,111,1
144,12,0,first,2,1000,plus,113,1
144,12,0,first,2,1000,plus,115,2
144,6,0,second,2,1000,minus,26,1
144,6,0,second,2,1000,minus,29,1
144,6,0,second,2,1000,minus,36,1
144,6,0,second,2,1000,minus,37,1
144,6,0,second,2,1000,minus,38,2
144,6,0,second,2,1000,minus,39,2
144,6,0,second,2,1000,minus,40,4
144,6,0,second,2,1000,minus,41,2
144,6,0,second,2,1000,minus,42,4
144,6,0,second,2,1000,minus,43,5
144,6,0,second,2,1000,minus,44,6
144,6,0,second,2,1000,minus,45,3
144,6,0,second,2,1000,minus,46,3
144,6,0,second,2,1000,minus,47,7
144,6,0,second,2,1000,minus,48,10
144,6,0,second,2,1000,minus,49,7
144,6,0,second,2,1000,minus,50,4
144,6,0,second,2,1000,minus,51,8
144,6,0,second,2,1000,minus,52,16
144,6,0,second,2,1000,minus,53,12
144,6,0,second,2,1000,minus,54,15
144,6,0,second,2,1000,minus,55,17
144,6,0,second,2,1000,minus,56,15
144,6,0,second,2,1000,minus,57,20
144,6,0,second,2,1000,minus,58,20
144,6,0,second,2,1000,minus,59,20
144,6,0,second,2,1000,minus,60,22
144,6,0,second,2,1000,minus,61,24
144,6,0,second,2,1000,minus,62,28
144,6,0,second,2,1000,minus,63,28
144,6,0,second,2,1000,minus,64,33
144,6,0,second,2,1000,minus,65,28
144,6,0,second,2,1000,minus,66,42
144,6,0,second,2,1000,minus,67,30
144,6,0,second,2,1000,minus,68,33
144,6,0,second,2,1000,minus,69,43
144,6,0,second,2,1000,minus,70,33
144,6,0,second,2,1000,minus,71,32
144,6,0,second,2,1000,minus,72,41
144,6,0,second,2,1000,minus,73,32
144,6,0,second,2,1000,minus,74,34
144,6,0,second,2,1000,minus,75,23
144,6,0,second,2,1000,plus,75,1
144,6,0,second,2,1000,minus,76,41
144,6,0,second,2,1000,minus,77,28
144,6,0,second,2,1000,minus,78,27
144,6,0,second,2,1000,minus,79,30
144,6,0,second,2,1000,plus,79,5
144,6,0,second,2,1000,minus,80,21
144,6,0,second,2,1000,plus,80,4
144,6,0,second,2,1000,minus,81,28
144,6,0,second,2,1000,plus,81,3
144,6,0,second,2,1000,minus,82,24
144,6,0,second,2,1000,plus,82,6
144,6,0,second,2,1000,minus,83,15
144,6,0,second,2,1000,plus,83,3
144,6,0,second,2,1000,minus,84,13
144,6,0,second,2,1000,plus,84,4
144,6,0,second,2,1000,minus,85,15
144,6,0,second,2,1000,plus,85,8
144,6,0,second,2,1000,minus,86,13
144,6,0,second,2,1000,plus,86,11
144,6,0,second,2,1000,minus,87,8
144,6,0,second,2,1000,plus,87,14
144,6,0,second,2,1000,minus,88,7
144,6,0,second,2,1000,plus,88,23
144,6,0,second,2,1000,minus,89,6
144,6,0,second,2,1000,plus,89,23
144,6,0,second,2,1000,minus,90,4
144,6,0,second,2,1000,plus,90,15
144,6,0,second,2,1000,minus,91,3
144,6,0,second,2,1000,plus,91,19
144,6,0,second,2,1000,minus,92,1
144,6,0,second,2,1000,plus,92,27
144,6,0,second,2,1000,minus,93,1
144,6,0,second,2,1000,plus,93,25
144,6,0,second,2,1000,minus,94,2
144,6,0,second,2,1000,plus,94,33
144,6,0,second,2,1000,plus,95,34
144,6,0,second,2,1000,plus,96,28
144,6,0,second,2,1000,plus,97,38
144,6,0,second,2,1000,plus,98,51
144,6,0,second,2,1000,plus,99,48
144,6,0,second,2,1000,minus,100,1
144,6,0,second,2,1000,plus,100,45
144,6,0,second,2,1000,plus,101,33
144,6,0,second,2,1000,plus,102,43
144,6,0,second,2,1000,plus,103,40
144,6,0,second,2,1000,plus,104,40
144,6,0,second,2,1000,plus,105,42
144,6,0,second,2,1000,plus,106,51
144,6,0,second,2,1000,plus,107,31
144,6,0,second,2,1000,plus,108,27
144,6,0,second,2,1000,plus,109,26
144,6,0,second,2,1000,plus,110,24
144,6,0,second,2,1000,plus,111,29
144,6,0,second,2,1000,plus,112,24
144,6,0,second,2,1000,plus,113,21
144,6,0,second,2,1000,plus,114,17
144,6,0,second,2,1000,plus,115,15
144,6,0,second,2,1000,plus,116,12
144,6,0,second,2,1000,plus,117,11
144,6,0,second,2,1000,plus,118,11
144,6,0,second,2,1000,plus,119,7
144,6,0,second,2,1000,plus,120,3
144,6,0,second,2,1000,plus,121,7
144,6,0,second,2,1000,plus,122,6
144,6,0,second,2,1000,plus,123,4
144,6,0,second,2,1000,plus,124,3
144,6,0,second,2,1000,plus,125,2
144,6,0,second,2,1000,plus,126,1
144,6,0,second,2,1000,plus,129,2
144,12,0,first,3,1000,minus,56,1
144,12,0,first,3,1000,minus,57,1
144,12,0,first,3,1000,minus,58,1
144,12,0,first,3,1000,minus,59,3
144,12,0,first,3,1000,minus,60,2
144,12,0,first,3,1000,minus,61,4
144,12,0,first,3,1000,minus,62,2
144,12,0,first,3,1000,minus,63,3
144,12,0,first,3,1000,minus,64,3
144,12,0,first,3,1000,minus,65,9
144,12,0,first,3,1000,minus,66,3
144,12,0,first,3,1000,minus,67,4
144,12,0,first,3,1000,minus,68,7
144,12,0,first,3,1000,minus,69,14
144,12,0,first,3,1000,minus,70,20
144,12,0,first,3,1000,minus,71,25
144,12,0,first,3,1000,plus,71,1
144,12,0,first,3,1000,minus,72,23
144,12,0,first,3,1000,minus,73,30
144,12,0,first,3,1000,plus,73,2
144,12,0,first,3,1000,minus,74,28
144,12,0,first,3,1000,plus,74,6
144,12,0,first,3,1000,minus,75,39
144,12,0,first,3,1000,plus,75,8
144,12,0,first,3,1000,minus,76,42
144,12,0,first,3,1000,plus,76,8
144,12,0,first,3,1000,minus,77,42
144,12,0,first,3,1000,plus,77,12
144,12,0,first,3,1000,minus,78,47
144,12,0,first,3,1000,plus,78,12
144,12,0,first,3,1000,minus,79,44
144,12,0,first,3,1000,plus,79,17
144,12,0,first,3,1000,minus,80,48
144,12,0,first,3,1000,plus,80,19
144,12,0,first,3,1000,minus,81,58
144,12,0,first,3,1000,plus,81,19
144,12,0,first,3,1000,minus,82,64
144,12,0,first,3,1000,plus,82,28
144,12,0,first,3,1000,minus,83,63
144,12,0,first,3,1000,plus,83,30
144,12,0,first,3,1000,minus,84,55
144,12,0,first,3,1000,plus,84,29
144,12,0,first,3,1000,minus,85,50
144,12,0,first,3,1000,plus,85,39
144,12,0,first,3,1000,minus,86,52
144,12,0,first,3,1000,plus,86,47
144,12,0,first,3,1000,minus,87,31
144,12,0,first,3,1000,plus,87,46
144,12,0,first,3,1000,minus,88,36
144,12,0,first,3,1000,plus,88,64
144,12,0,first,3,1000,minus,89,32
144,12,0,first,3,1000,plus,89,55
144,12,0,first,3,1000,minus,90,30
144,12,0,first,3,1000,plus,90,69
144,12,0,first,3,1000,minus,91,20
144,12,0,first,3,1000,plus,91,60
144,12,0,first,3,1000,minus,92,17
144,12,0,first,3,1000,plus,92,61
144,12,0,first,3,1000,minus,93,16
144,12,0,first,3,1000,plus,93,52
144,12,0,first,3,1000,minus,94,10
144,12,0,first,3,1000,plus,94,54
144,12,0,first,3,1000,minus,95,2
144,12,0,first,3,1000,plus,95,37
144,12,0,first,3,1000,minus,96,7
144,12,0,first,3,1000,plus,96,28
144,12,0,first,3,1000,minus,97,3
144,12,0,first,3,1000,plus,97,33
144,12,0,first,3,1000,minus,98,4
144,12,0,first,3,1000,plus,98,28
144,12,0,first,3,1000,minus,99,1
144,12,0,first,3,1000,plus,99,33
144,12,0,first,3,1000,minus,100,2
144,12,0,first,3,1000,plus,100,20
144,12,0,first,3,1000,minus,101,2
144,12,0,first,3,1000,plus,101,27
144,12,0,first,3,1000,plus,102,17
144,12,0,first,3,1000,plus,103,11
144,12,0,first,3,1000,plus,104,7
144,12,0,first,3,1000,plus,105,5
144,12,0,first,3,1000,plus,106,1
144,12,0,first,3,1000,plus,107,4
144,12,0,first,3,1000,plus,108,3
144,12,0,first,3,1000,plus,109,4
144,12,0,first,3,1000,plus,111,1
144,12,0,first,3,1000,plus,112,2
144,12,0,first,3,1000,plus,113,1
144,6,0,second,3,1000,minus,26,1
144,6,0,second,3,1000,minus,32,1
144,6,0,second,3,1000,minus,35,1
144,6,0,second,3,1000,minus,36,3
144,6,0,second,3,1000,minus,37,1
144,6,0,second,3,1000,minus,38,1
144,6,0,second,3,1000,minus,39,2
144,6,0,second,3,1000,minus,40,1
144,6,0,second,3,1000,minus,41,7
144,6,0,second,3,1000,minus,42,2
144,6,0,second,3,1000,minus,43,2
144,6,0,second,3,1000,minus,44,5
144,6,0,second,3,1000,minus,45,10
144,6,0,second,3,1000,minus,46,8
144,6,0,second,3,1000,minus,47,4
144,6,0,second,3,1000,minus,48,10
144,6,0,second,3,1000,minus,49,6
144,6,0,second,3,1000,minus,50,8
144,6,0,second,3,1000,minus,51,15
144,6,0,second,3,1000,minus,52,10
144,6,0,second,3,1000,minus,53,9
144,6,0,second,3,1000,minus,54,10
144,6,0,second,3,1000,minus,55,19
144,6,0,second,3,1000,minus,56,18
144,6,0,second,3,1000,minus,57,22
144,6,0,second,3,1000,minus,58,19
144,6,0,second,3,1000,minus,59,30
144,6,0,second,3,1000,minus,60,27
144,6,0,second,3,1000,minus,61,30
144,6,0,second,3,1000,minus,62,33
144,6,0,second,3,1000,minus,63,25
144,6,0,second,3,1000,minus,64,29
144,6,0,second,3,1000,minus,65,35
144,6,0,second,3,1000,minus,66,27
144,6,0,second,3,1000,minus,67,38
144,6,0,second,3,1000,minus,68,40
144,6,0,second,3,1000,minus,69,38
144,6,0,second,3,1000,minus,70,39
144,6,0,second,3,1000,minus,71,35
144,6,0,second,3,1000,minus,72,34
144,6,0,second,3,1000,minus,73,37
144,6,0,second,3,1000,minus,74,42
144,6,0,second,3,1000,minus,75,29
144,6,0,second,3,1000,plus,75,1
144,6,0,second,3,1000,minus,76,21
144,6,0,second,3,1000,plus,76,1
144,6,0,second,3,1000,minus,77,29
144,6,0,second,3,1000,minus,78,23
144,6,0,second,3,1000,plus,78,3
144,6,0,second,3,1000,minus,79,27
144,6,0,second,3,1000,minus,80,27
144,6,0,second,3,1000,plus,80,2
144,6,0,second,3,1000,minus,81,16
144,6,0,second,3,1000,plus,81,2
144,6,0,second,3,1000,minus,82,16
144,6,0,second,3,1000,plus,82,1
144,6,0,second,3,1000,minus,83,18
144,6,0,second,3,1000,plus,83,6
144,6,0,second,3,1000,minus,84,10
144,6,0,second,3,1000,plus,84,5
144,6,0,second,3,1000,minus,85,17
144,6,0,second,3,1000,plus,85,6
144,6,0,second,3,1000,minus,86,6
144,6,0,second,3,1000,plus,86,12
144,6,0,second,3,1000,minus,87,10
144,6,0,second,3,1000,plus,87,11
144,6,0,second,3,1000,minus,88,4
144,6,0,second,3,1000,plus,88,12
144,6,0,second,3,1000,minus,89,1
144,6,0,second,3,1000,plus,89,18
144,6,0,second,3,1000,minus,90,3
144,6,0,second,3,1000,plus,90,20
144,6,0,second,3,1000,minus,91,5
144,6,0,second,3,1000,plus,91,23
144,6,0,second,3,1000,plus,92,17
144,6,0,second,3,1000,minus,93,3
144,6,0,second,3,1000,plus,93,31
144,6,0,second,3,1000,minus,94,1
144,6,0,second,3,1000,plus,94,33
144,6,0,second,3,1000,plus,95,39
144,6,0,second,3,1000,plus,96,49
144,6,0,second,3,1000,plus,97,40
144,6,0,second,3,1000,plus,98,43
144,6,0,second,3,1000,plus,99,47
144,6,0,second,3,1000,plus,100,42
144,6,0,second,3,1000,plus,101,37
144,6,0,second,3,1000,plus,102,38
144,6,0,second,3,1000,plus,103,45
144,6,0,second,3,1000,plus,104,44
144,6,0,second,3,1000,plus,105,36
144,6,0,second,3,1000,plus,106,39
144,6,0,second,3,1000,plus,107,30
144,6,0,second,3,1000,plus,108,41
144,6,0,second,3,1000,plus,109,27
144,6,0,second,3,1000,plus,110,23
144,6,0,second,3,1000,plus,111,19
144,6,0,second,3,1000,plus,112,25
144,6,0,second,3,1000,plus,113,16
144,6,0,second,3,1000,plus,114,28
144,6,0,second,3,1000,plus,115,25
144,6,0,second,3,1000,plus,116,10
144,6,0,second,3,1000,plus,117,7
144,6,0,second,3,1000,plus,118,8
144,6,0,second,3,1000,plus,119,6
144,6,0,second,3,1000,plus,120,4
144,6,0,second,3,1000,plus,121,8
144,6,0,second,3,1000,plus,122,2
144,6,0,second,3,1000,plus,123,6
144,6,0,second,3,1000,plus,124,2
144,6,0,second,3,1000,plus,125,3
144,6,0,second,3,1000,plus,126,5
144,6,0,second,3,1000,plus,128,1
144,6,0,second,3,1000,plus,131,1
144,12,0,first,4,1000,minus,47,1
144,12,0,first,4,1000,minus,52,1
144,12,0,first,4,1000,minus,57,1
144,12,0,first,4,1000,minus,59,2
144,12,0,first,4,1000,minus,60,3
144,12,0,first,4,1000,minus,61,1
144,12,0,first,4,1000,minus,62,4
144,12,0,first,4,1000,minus,63,6
144,12,0,first,4,1000,minus,64,8
144,12,0,first,4,1000,minus,65,4
144,12,0,first,4,1000,minus,66,10
144,12,0,first,4,1000,minus,67,10
144,12,0,first,4,1000,minus,68,14
144,12,0,first,4,1000,plus,68,3
144,12,0,first,4,1000,minus,69,8
144,12,0,first,4,1000,minus,70,18
144,12,0,first,4,1000,plus,70,2
144,12,0,first,4,1000,minus,71,24
144,12,0,first,4,1000,plus,71,3
144,12,0,first,4,1000,minus,72,19
144,12,0,first,4,1000,plus,72,2
144,12,0,first,4,1000,minus,73,25
144,12,0,first,4,1000,plus,73,1
144,12,0,first,4,1000,minus,74,30
144,12,0,first,4,1000,plus,74,3
144,12,0,first,4,1000,minus,75,24
144,12,0,first,4,1000,plus,75,1
144,12,0,first,4,1000,minus,76,37
144,12,0,first,4,1000,plus,76,6
144,12,0,first,4,1000,minus,77,56
144,12,0,first,4,1000,plus,77,12
144,12,0,first,4,1000,minus,78,46
144,12,0,first,4,1000,plus,78,14
144,12,0,first,4,1000,minus,79,59
144,12,0,first,4,1000,plus,79,17
144,12,0,first,4,1000,minus,80,60
144,12,0,first,4,1000,plus,80,15
144,12,0,first,4,1000,minus,81,49
144,12,0,first,4,1000,plus,81,22
144,12,0,first,4,1000,minus,82,57
144,12,0,first,4,1000,plus,82,36
144,12,0,first,4,1000,minus,83,56
144,12,0,first,4,1000,plus,83,24
144,12,0,first,4,1000,minus,84,50
144,12,0,first,4,1000,plus,84,38
144,12,0,first,4,1000,minus,85,51
144,12,0,first,4,1000,plus,85,43
144,12,0,first,4,1000,minus,86,36
144,12,0,first,4,1000,plus,86,38
144,12,0,first,4,1000,minus,87,38
144,12,0,first,4,1000,plus,87,46
144,12,0,first,4,1000,minus,88,42
144,12,0,first,4,1000,plus,88,55
144,12,0,first,4,1000,minus,89,26
144,12,0,first,4,1000,plus,89,56
144,12,0,first,4,1000,minus,90,30
144,12,0,first,4,1000,plus,90,72
144,12,0,first,4,1000,minus,91,29
144,12,0,first,4,1000,plus,91,44
144,12,0,first,4,1000,minus,92,18
144,12,0,first,4,1000,plus,92,69
144,12,0,first,4,1000,minus,93,13
144,12,0,first,4,1000,plus,93,55
144,12,0,first,4,1000,minus,94,7
144,12,0,first,4,1000,plus,94,38
144,12,0,first,4,1000,minus,95,12
144,12,0,first,4,1000,plus,95,44
144,12,0,first,4,1000,minus,96,4
144,12,0,first,4,1000,plus,96,44
144,12,0,first,4,1000,minus,97,3
144,12,0,first,4,1000,plus,97,40
144,12,0,first,4,1000,minus,98,6
144,12,0,first,4,1000,plus,98,25
144,12,0,first,4,1000,plus,99,36
144,12,0,first,4,1000,minus,100,2
144,12,0,first,4,1000,plus,100,21
144,12,0,first,4,1000,plus,101,22
144,12,0,first,4,1000,plus,102,10
144,12,0,first,4,1000,plus,103,12
144,12,0,first,4,1000,plus,104,6
144,12,0,first,4,1000,plus,105,2
144,12,0,first,4,1000,plus,106,9
144,12,0,first,4,1000,plus,107,1
144,12,0,first,4,1000,plus,108,3
144,12,0,first,4,1000,plus,109,5
144,12,0,first,4,1000,plus,112,1
144,12,0,first,4,1000,plus,115,1
144,12,0,first,4,1000,plus,117,2
144,12,0,first,4,1000,plus,118,1
144,6,0,second,4,1000,minus,30,1
144,6,0,second,4,1000,minus,33,1
144,6,0,second,4,1000,minus,35,1
144,6,0,second,4,1000,minus,36,1
144,6,0,second,4,1000,minus,38,1
144,6,0,second,4,1000,minus,39,1
144,6,0,second,4,1000,minus,40,2
144,6,0,second,4,1000,minus,41,1
144,6,0,second,4,1000,minus,42,4
144,6,0,second,4,1000,minus,43,3
144,6,0,second,4,1000,minus,44,3
144,6,0,second,4,1000,minus,45,6
144,6,0,second,4,1000,minus,46,5
144,6,0,second,4,1000,minus,47,8
144,6,0,second,4,1000,minus,48,14
144,6,0,second,4,1000,minus,49,3
144,6,0,second,4,1000,minus,50,11
144,6,0,second,4,1000,minus,51,12
144,6,0,second,4,1000,minus,52,12
144,6,0,second,4,1000,minus,53,16
144,6,0,second,4,1000,minus,54,17
144,6,0,second,4,1000,minus,55,15
144,6,0,second,4,1000,minus,56,16
144,6,0,second,4,1000,minus,57,23
144,6,0,second,4,1000,minus,58,19
144,6,0,second,4,1000,minus,59,20
144,6,0,second,4,1000,minus,60,24
144,6,0,second,4,1000,minus,61,30
144,6,0,second,4,1000,minus,62,17
144,6,0,second,4,1000,minus,63,35
144,6,0,second,4,1000,minus,64,26
144,6,0,second,4,1000,minus,65,31
144,6,0,second,4,1000,minus,66,32
144,6,0,second,4,1000,minus,67,41
144,6,0,second,4,1000,minus,68,33
144,6,0,second,4,1000,minus,69,38
144,6,0,second,4,1000,minus,70,33
144,6,0,second,4,1000,minus,71,40
144,6,0,second,4,1000,plus,71,1
144,6,0,second,4,1000,minus,72,30
144,6,0,second,4,1000,minus,73,41
144,6,0,second,4,1000,minus,74,43
144,6,0,second,4,1000,minus,75,38
144,6,0,second,4,1000,minus,76,26
144,6,0,second,4,1000,minus,77,32
144,6,0,second,4,1000,minus,78,42
144,6,0,second,4,1000,minus,79,25
144,6,0,second,4,1000,plus,79,1
144,6,0,second,4,1000,minus,80,23
144,6,0,second,4,1000,plus,80,2
144,6,0,second,4,1000,minus,81,14
144,6,0,second,4,1000,plus,81,1
144,6,0,second,4,1000,minus,82,17
144,6,0,second,4,1000,plus,82,6
144,6,0,second,4,1000,minus,83,15
144,6,0,second,4,1000,plus,83,2
144,6,0,second,4,1000,minus,84,9
144,6,0,second,4,1000,plus,84,4
144,6,0,second,4,1000,minus,85,10
144,6,0,second,4,1000,plus,85,11
144,6,0,second,4,1000,minus,86,9
144,6,0,second,4,1000,plus,86,14
144,6,0,second,4,1000,minus,87,11
144,6,0,second,4,1000,plus,87,14
144,6,0,second,4,1000,minus,88,6
144,6,0,second,4,1000,plus,88,17
144,6,0,second,4,1000,minus,89,6
144,6,0,second,4,1000,plus,89,16
144,6,0,second,4,1000,minus,90,2
144,6,0,second,4,1000,plus,90,18
144,6,0,second,4,1000,plus,91,24
144,6,0,second,4,1000,minus,92,1
144,6,0,second,4,1000,plus,92,33
144,6,0,second,4,1000,minus,93,1
144,6,0,second,4,1000,plus,93,36
144,6,0,second,4,1000,minus,94,2
144,6,0,second,4,1000,plus,94,30
144,6,0,second,4,1000,minus,95,1
144,6,0,second,4,1000,plus,95,36
144,6,0,second,4,1000,plus,96,27
144,6,0,second,4,1000,plus,97,41
144,6,0,second,4,1000,plus,98,49
144,6,0,second,4,1000,plus,99,44
144,6,0,second,4,1000,plus,100,48
144,6,0,second,4,1000,plus,101,46
144,6,0,second,4,1000,plus,102,51
144,6,0,second,4,1000,plus,103,34
144,6,0,second,4,1000,plus,104,38
144,6,0,second,4,1000,plus,105,37
144,6,0,second,4,1000,plus,106,27
144,6,0,second,4,1000,plus,107,22
144,6,0,second,4,1000,plus,108,32
144,6,0,second,4,1000,plus,109,24
144,6,0,second,4,1000,plus,110,32
144,6,0,second,4,1000,plus,111,17
144,6,0,second,4,1000,plus,112,27
144,6,0,second,4,1000,plus,113,16
144,6,0,second,4,1000,plus,114,20
144,6,0,second,4,1000,plus,115,22
144,6,0,second,4,1000,plus,116,13
144,6,0,second,4,1000,plus,117,12
144,6,0,second,4,1000,plus,118,11
144,6,0,second,4,1000,plus,119,9
144,6,0,second,4,1000,plus,120,6
144,6,0,second,4,1000,plus,121,7
144,6,0,second,4,1000,plus,122,4
144,6,0,second,4,1000,plus,123,7
144,6,0,second,4,1000,plus,124,6
144,6,0,second,4,1000,plus,125,2
144,6,0,second,4,1000,plus,126,1
144,6,0,second,4,1000,plus,128,2
144,12,0,first,5,1000,minus,53,1
144,12,0,first,5,1000,minus,57,1
144,12,0,first,5,1000,minus,58,1
144,12,0,first,5,1000,minus,60,1
144,12,0,first,5,1000,minus,61,1
144,12,0,first,5,1000,minus,62,2
144,12,0,first,5,1000,minus,63,4
144,12,0,first,5,1000,minus,64,3
144,12,0,first,5,1000,minus,65,7
144,12,0,first,5,1000,minus,66,6
144,12,0,first,5,1000,plus,66,1
144,12,0,first,5,1000,minus,67,8
144,12,0,first,5,1000,plus,67,1
144,12,0,first,5,1000,minus,68,16
144,12,0,first,5,1000,minus,69,11
144,12,0,first,5,1000,minus,70,18
144,12,0,first,5,1000,minus,71,16
144,12,0,first,5,1000,plus,71,3
144,12,0,first,5,1000,minus,72,21
144,12,0,first,5,1000,plus,72,1
144,12,0,first,5,1000,minus,73,20
144,12,0,first,5,1000,plus,73,3
144,12,0,first,5,1000,minus,74,33
144,12,0,first,5,1000,plus,74,3
144,12,0,first,5,1000,minus,75,29
144,12,0,first,5,1000,plus,75,3
144,12,0,first,5,1000,minus,76,41
144,12,0,first,5,1000,plus,76,4
144,12,0,first,5,1000,minus,77,49
144,12,0,first,5,1000,plus,77,9
144,12,0,first,5,1000,minus,78,35
144,12,0,first,5,1000,plus,78,14
144,12,0,first,5,1000,minus,79,46
144,12,0,first,5,1000,plus,79,16
144,12,0,first,5,1000,minus,80,62
144,12,0,first,5,1000,plus,80,13
144,12,0,first,5,1000,minus,81,58
144,12,0,first,5,1000,plus,81,22
144,12,0,first,5,1000,minus,82,69
144,12,0,first,5,1000,plus,82,33
144,12,0,first,5,1000,minus,83,60
144,12,0,first,5,1000,plus,83,36
144,12,0,first,5,1000,minus,84,46
144,12,0,first,5,1000,plus,84,31
144,12,0,first,5,1000,minus,85,53
144,12,0,first,5,1000,plus,85,48
144,12,0,first,5,1000,minus,86,37
144,12,0,first,5,1000,plus,86,38
144,12,0,first,5,1000,minus,87,48
144,12,0,first,5,1000,plus,87,47
144,12,0,first,5,1000,minus,88,47
144,12,0,first,5,1000,plus,88,70
144,12,0,first,5,1000,minus,89,27
144,12,0,first,5,1000,plus,89,52
144,12,0,first,5,1000,minus,90,29
144,12,0,first,5,1000,plus,90,46
144,12,0,first,5,1000,minus,91,19
144,12,0,first,5,1000,plus,91,68
144,12,0,first,5,1000,minus,92,25
144,12,0,first,5,1000,plus,92,53
144,12,0,first,5,1000,minus,93,14
144,12,0,first,5,1000,plus,93,64
144,12,0,first,5,1000,minus,94,11
144,12,0,first,5,1000,plus,94,53
144,12,0,first,5,1000,minus,95,10
144,12,0,first,5,1000,plus,95,60
144,12,0,first,5,1000,minus,96,5
144,12,0,first,5,1000,plus,96,39
144,12,0,first,5,1000,minus,97,3
144,12,0,first,5,1000,plus,97,27
144,12,0,first,5,1000,minus,98,2
144,12,0,first,5,1000,plus,98,28
144,12,0,first,5,1000,minus,99,2
144,12,0,first,5,1000,plus,99,24
144,12,0,first,5,1000,plus,100,19
144,12,0,first,5,1000,minus,101,2
144,12,0,first,5,1000,plus,101,17
144,12,0,first,5,1000,plus,102,11
144,12,0,first,5,1000,plus,103,14
144,12,0,first,5,1000,plus,104,8
144,12,0,first,5,1000,minus,105,1
144,12,0,first,5,1000,plus,105,7
144,12,0,first,5,1000,plus,106,4
144,12,0,first,5,1000,plus,107,1
144,12,0,first,5,1000,plus,108,4
144,12,0,first,5,1000,plus,109,2
144,12,0,first,5,1000,plus,110,1
144,12,0,first,5,1000,plus,111,1
144,12,0,first,5,1000,plus,113,1
144,6,0,second,5,1000,minus,24,1
144,6,0,second,5,1000,minus,36,1
144,6,0,second,5,1000,minus,38,3
144,6,0,second,5,1000,minus,39,5
144,6,0,second,5,1000,minus,41,2
144,6,0,second,5,1000,minus,42,3
144,6,0,second,5,1000,minus,43,4
144,6,0,second,5,1000,minus,44,1
144,6,0,second,5,1000,minus,45,4
144,6,0,second,5,1000,minus,46,6
144,6,0,second,5,1000,minus,47,11
144,6,0,second,5,1000,minus,48,11
144,6,0,second,5,1000,minus,49,15
144,6,0,second,5,1000,minus,50,12
144,6,0,second,5,1000,minus,51,17
144,6,0,second,5,1000,minus,52,12
144,6,0,second,5,1000,minus,53,11
144,6,0,second,5,1000,minus,54,12
144,6,0,second,5,1000,minus,55,12
144,6,0,second,5,1000,minus,56,14
144,6,0,second,5,1000,minus,57,19
144,6,0,second,5,1000,minus,58,16
144,6,0,second,5,1000,minus,59,25
144,6,0,second,5,1000,minus,60,18
144,6,0,second,5,1000,minus,61,16
144,6,0,second,5,1000,minus,62,32
144,6,0,second,5,1000,minus,63,29
144,6,0,second,5,1000,minus,64,32
144,6,0,second,5,1000,minus,65,36
144,6,0,second,5,1000,minus,66,32
144,6,0,second,5,1000,minus,67,39
144,6,0,second,5,1000,minus,68,39
144,6,0,second,5,1000,minus,69,42
144,6,0,second,5,1000,minus,70,38
144,6,0,second,5,1000,minus,71,29
144,6,0,second,5,1000,minus,72,29
144,6,0,second,5,1000,minus,73,25
144,6,0,second,5,1000,minus,74,31
144,6,0,second,5,1000,minus,75,28
144,6,0,second,5,1000,minus,76,42
144,6,0,second,5,1000,minus,77,38
144,6,0,second,5,1000,minus,78,31
144,6,0,second,5,1000,minus,79,37
144,6,0,second,5,1000,minus,80,30
144,6,0,second,5,1000,plus,80,1
144,6,0,second,5,1000,minus,81,24
144,6,0,second,5,1000,plus,81,4
144,6,0,second,5,1000,minus,82,15
144,6,0,second,5,1000,plus,82,3
144,6,0,second,5,1000,minus,83,17
144,6,0,second,5,1000,plus,83,5
144,6,0,second,5,1000,minus,84,10
144,6,0,second,5,1000,plus,84,8
144,6,0,second,5,1000,minus,85,7
144,6,0,second,5,1000,plus,85,8
144,6,0,second,5,1000,minus,86,8
144,6,0,second,5,1000,plus,86,10
144,6,0,second,5,1000,minus,87,8
144,6,0,second,5,1000,plus,87,15
144,6,0,second,5,1000,minus,88,8
144,6,0,second,5,1000,plus,88,20
144,6,0,second,5,1000,minus,89,5
144,6,0,second,5,1000,plus,89,20
144,6,0,second,5,1000,minus,90,3
144,6,0,second,5,1000,plus,90,27
144,6,0,second,5,1000,minus,91,1
144,6,0,second,5,1000,plus,91,30
144,6,0,second,5,1000,plus,92,24
144,6,0,second,5,1000,plus,93,22
144,6,0,second,5,1000,minus,94,3
144,6,0,second,5,1000,plus,94,32
144,6,0,second,5,1000,minus,95,1
144,6,0,second,5,1000,plus,95,29
144,6,0,second,5,1000,plus,96,44
144,6,0,second,5,1000,plus,97,36
144,6,0,second,5,1000,plus,98,43
144,6,0,second,5,1000,plus,99,39
144,6,0,second,5,1000,plus,100,38
144,6,0,second,5,1000,plus,101,45
144,6,0,second,5,1000,plus,102,53
144,6,0,second,5,1000,plus,103,55
144,6,0,second,5,1000,plus,104,37
144,6,0,second,5,1000,plus,105,34
144,6,0,second,5,1000,plus,106,37
144,6,0,second,5,1000,plus,107,42
144,6,0,second,5,1000,plus,108,35
144,6,0,second,5,1000,plus,109,32
144,6,0,second,5,1000,plus,110,22
144,6,0,second,5,1000,plus,111,23
144,6,0,second,5,1000,plus,112,22
144,6,0,second,5,1000,plus,113,14
144,6,0,second,5,1000,plus,114,18
144,6,0,second,5,1000,plus,115,13
144,6,0,second,5,1000,plus,116,5
144,6,0,second,5,1000,plus,117,13
144,6,0,second,5,1000,plus,118,12
144,6,0,second,5,1000,plus,119,5
144,6,0,second,5,1000,plus,120,3
144,6,0,second,5,1000,plus,121,7
144,6,0,second,5,1000,plus,122,5
144,6,0,second,5,1000,plus,123,3
144,6,0,second,5,1000,plus,124,1
144,6,0,second,5,1000,plus,125,1
144,6,0,second,5,1000,plus,126,3
144,6,0,second,5,1000,plus,127,1
144,6,0,second,5,1000,plus,128,1
144,12,0,first,6,1000,minus,46,1
144,12,0,first,6,1000,minus,53,1
144,12,0,first,6,1000,minus,54,1
144,12,0,first,6,1000,minus,55,1
144,12,0,first,6,1000,minus,56,1
144,12,0,first,6,1000,minus,59,1
144,12,0,first,6,1000,minus,60,1
144,12,0,first,6,1000,minus,61,1
144,12,0,first,6,1000,minus,62,3
144,12,0,first,6,1000,minus,63,1
144,12,0,first,6,1000,minus,64,2
144,12,0,first,6,1000,minus,66,8
144,12,0,first,6,1000,minus,67,11
144,12,0,first,6,1000,minus,68,12
144,12,0,first,6,1000,minus,69,7
144,12,0,first,6,1000,minus,70,17
144,12,0,first,6,1000,minus,71,16
144,12,0,first,6,1000,minus,72,28
144,12,0,first,6,1000,plus,72,1
144,12,0,first,6,1000,minus,73,35
144,12,0,first,6,1000,plus,73,3
144,12,0,first,6,1000,minus,74,38
144,12,0,first,6,1000,plus,74,4
144,12,0,first,6,1000,minus,75,30
144,12,0,first,6,1000,plus,75,11
144,12,0,first,6,1000,minus,76,48
144,12,0,first,6,1000,plus,76,6
144,12,0,first,6,1000,minus,77,38
144,12,0,first,6,1000,plus,77,17
144,12,0,first,6,1000,minus,78,58
144,12,0,first,6,1000,plus,78,12
144,12,0,first,6,1000,minus,79,55
144,12,0,first,6,1000,plus,79,9
144,12,0,first,6,1000,minus,80,49
144,12,0,first,6,1000,plus,80,24
144,12,0,first,6,1000,minus,81,57
144,12,0,first,6,1000,plus,81,18
144,12,0,first,6,1000,minus,82,52
144,12,0,first,6,1000,plus,82,35
144,12,0,first,6,1000,minus,83,54
144,12,0,first,6,1000,plus,83,38
144,12,0,first,6,1000,minus,84,55
144,12,0,first,6,1000,plus,84,43
144,12,0,first,6,1000,minus,85,50
144,12,0,first,6,1000,plus,85,48
144,12,0,first,6,1000,minus,86,52
144,12,0,first,6,1000,plus,86,46
144,12,0,first,6,1000,minus,87,40
144,12,0,first,6,1000,plus,87,48
144,12,0,first,6,1000,minus,88,30
144,12,0,first,6,1000,plus,88,61
144,12,0,first,6,1000,minus,89,35
144,12,0,first,6,1000,plus,89,58
144,12,0,first,6,1000,minus,90,34
144,12,0,first,6,1000,plus,90,58
144,12,0,first,6,1000,minus,91,22
144,12,0,first,6,1000,plus,91,53
144,12,0,first,6,1000,minus,92,12
144,12,0,first,6,1000,plus,92,58
144,12,0,first,6,1000,minus,93,10
144,12,0,first,6,1000,plus,93,46
144,12,0,first,6,1000,minus,94,7
144,12,0,first,6,1000,plus,94,24
144,12,0,first,6,1000,minus,95,8
144,12,0,first,6,1000,plus,95,39
144,12,0,first,6,1000,minus,96,7
144,12,0,first,6,1000,plus,96,38
144,12,0,first,6,1000,minus,97,5
144,12,0,first,6,1000,plus,97,37
144,12,0,first,6,1000,minus,98,1
144,12,0,first,6,1000,plus,98,34
144,12,0,first,6,1000,minus,99,2
144,12,0,first,6,1000,plus,99,15
144,12,0,first,6,1000,minus,100,1
144,12,0,first,6,1000,plus,100,19
144,12,0,first,6,1000,plus,101,23
144,12,0,first,6,1000,minus,102,1
144,12,0,first,6,1000,plus,102,14
144,12,0,first,6,1000,plus,103,11
144,12,0,first,6,1000,minus,104,1
144,12,0,first,6,1000,plus,104,6
144,12,0,first,6,1000,plus,105,7
144,12,0,first,6,1000,plus,106,13
144,12,0,first,6,1000,plus,107,7
144,12,0,first,6,1000,plus,108,5
144,12,0,first,6,1000,plus,109,2
144,12,0,first,6,1000,plus,110,3
144,12,0,first,6,1000,plus,111,3
144,12,0,first,6,1000,plus,112,1
144,12,0,first,6,1000,plus,114,1
144,12,0,first,6,1000,plus,119,1
144,6,0,second,6,1000,minus,25,1
144,6,0,second,6,1000,minus,27,1
144,6,0,second,6,1000,minus,30,1
144,6,0,second,6,1000,minus,31,1
144,6,0,second,6,1000,minus,33,1
144,6,0,second,6,1000,minus,34,1
144,6,0,second,6,1000,minus,35,2
144,6,0,second,6,1000,minus,36,3
144,6,0,second,6,1000,minus,37,2
144,6,0,second,6,1000,minus,38,3
144,6,0,second,6,1000,minus,39,4
144,6,0,second,6,1000,minus,41,3
144,6,0,second,6,1000,minus,42,1
144,6,0,second,6,1000,minus,43,1
144,6,0,second,6,1000,minus,44,9
144,6,0,second,6,1000,minus,45,7
144,6,0,second,6,1000,minus,46,5
144,6,0,second,6,1000,minus,47,1
144,6,0,second,6,1000,minus,48,7
144,6,0,second,6,1000,minus,49,4
144,6,0,second,6,1000,minus,50,12
144,6,0,second,6,1000,minus,51,14
144,6,0,second,6,1000,minus,52,19
144,6,0,second,6,1000,minus,53,13
144,6,0,second,6,1000,minus,54,16
144,6,0,second,6,1000,minus,55,18
144,6,0,second,6,1000,minus,56,13
144,6,0,second,6,1000,minus,57,21
144,6,0,second,6,1000,minus,58,18
144,6,0,second,6,1000,minus,59,23
144,6,0,second,6,1000,minus,60,20
144,6,0,second,6,1000,minus,61,30
144,6,0,second,6,1000,minus,62,23
144,6,0,second,6,1000,minus,63,24
144,6,0,second,6,1000,minus,64,26
144,6,0,second,6,1000,minus,65,28
144,6,0,second,6,1000,minus,66,27
144,6,0,second,6,1000,minus,67,34
144,6,0,second,6,1000,minus,68,50
144,6,0,second,6,1000,minus,69,32
144,6,0,second,6,1000,minus,70,34
144,6,0,second,6,1000,minus,71,40
144,6,0,second,6,1000,minus,72,37
144,6,0,second,6,1000,plus,72,1
144,6,0,second,6,1000,minus,73,25
144,6,0,second,6,1000,minus,74,30
144,6,0,second,6,1000,minus,75,28
144,6,0,second,6,1000,plus,75,1
144,6,0,second,6,1000,minus,76,33
144,6,0,second,6,1000,plus,76,1
144,6,0,second,6,1000,minus,77,39
144,6,0,second,6,1000,plus,77,1
144,6,0,second,6,1000,minus,78,23
144,6,0,second,6,1000,plus,78,1
144,6,0,second,6,1000,minus,79,31
144,6,0,second,6,1000,plus,79,2
144,6,0,second,6,1000,minus,80,29
144,6,0,second,6,1000,plus,80,3
144,6,0,second,6,1000,minus,81,21
144,6,0,second,6,1000,plus,81,6
144,6,0,second,6,1000,minus,82,18
144,6,0,second,6,1000,plus,82,6
144,6,0,second,6,1000,minus,83,19
144,6,0,second,6,1000,plus,83,7
144,6,0,second,6,1000,minus,84,17
144,6,0,second,6,1000,plus,84,11
144,6,0,second,6,1000,minus,85,14
144,6,0,second,6,1000,plus,85,7
144,6,0,second,6,1000,minus,86,13
144,6,0,second,6,1000,plus,86,9
144,6,0,second,6,1000,minus,87,9
144,6,0,second,6,1000,plus,87,6
144,6,0,second,6,1000,minus,88,3
144,6,0,second,6,1000,plus,88,10
144,6,0,second,6,1000,minus,89,5
144,6,0,second,6,1000,plus,89,17
144,6,0,second,6,1000,minus,90,5
144,6,0,second,6,1000,plus,90,31
144,6,0,second,6,1000,minus,91,5
144,6,0,second,6,1000,plus,91,23
144,6,0,second,6,1000,minus,92,1
144,6,0,second,6,1000,plus,92,27
144,6,0,second,6,1000,minus,93,1
144,6,0,second,6,1000,plus,93,19
144,6,0,second,6,1000,plus,94,25
144,6,0,second,6,1000,minus,95,1
144,6,0,second,6,1000,plus,95,25
144,6,0,second,6,1000,plus,96,37
144,6,0,second,6,1000,plus,97,40
144,6,0,second,6,1000,plus,98,42
144,6,0,second,6,1000,plus,99,44
144,6,0,second,6,1000,plus,100,28
144,6,0,second,6,1000,plus,101,39
144,6,0,second,6,1000,plus,102,44
144,6,0,second,6,1000,plus,103,41
144,6,0,second,6,1000,plus,104,44
144,6,0,second,6,1000,plus,105,40
144,6,0,second,6,1000,plus,106,37
144,6,0,second,6,1000,plus,107,36
144,6,0,second,6,1000,plus,108,35
144,6,0,second,6,1000,plus,109,34
144,6,0,second,6,1000,plus,110,27
144,6,0,second,6,1000,plus,111,24
144,6,0,second,6,1000,plus,112,30
144,6,0,second,6,1000,plus,113,27
144,6,0,second,6,1000,plus,114,23
144,6,0,second,6,1000,plus,115,20
144,6,0,second,6,1000,plus,116,13
144,6,0,second,6,1000,plus,117,12
144,6,0,second,6,1000,plus,118,10
144,6,0,second,6,1000,plus,119,10
144,6,0,second,6,1000,plus,120,2
144,6,0,second,6,1000,plus,121,3
144,6,0,second,6,1000,plus,122,6
144,6,0,second,6,1000,plus,123,1
144,6,0,second,6,1000,plus,124,5
144,6,0,second,6,1000,plus,125,3
144,6,0,second,6,1000,plus,126,3
144,6,0,second,6,1000,plus,128,1
144,12,0,first,7,1000,minus,54,2
144,12,0,first,7,1000,minus,55,1
144,12,0,first,7,1000,minus,56,1
144,12,0,first,7,1000,minus,57,1
144,12,0,first,7,1000,minus,58,4
144,12,0,first,7,1000,minus,59,1
144,12,0,first,7,1000,minus,60,2
144,12,0,first,7,1000,minus,61,4
144,12,0,first,7,1000,minus,62,6
144,12,0,first,7,1000,minus,63,4
144,12,0,first,7,1000,minus,64,1
144,12,0,first,7,1000,minus,65,7
144,12,0,first,7,1000,minus,66,13
144,12,0,first,7,1000,minus,67,5
144,12,0,first,7,1000,minus,68,12
144,12,0,first,7,1000,minus,69,14
144,12,0,first,7,1000,minus,70,13
144,12,0,first,7,1000,minus,71,18
144,12,0,first,7,1000,plus,71,2
144,12,0,first,7,1000,minus,72,13
144,12,0,first,7,1000,plus,72,1
144,12,0,first,7,1000,minus,73,27
144,12,0,first,7,1000,plus,73,2
144,12,0,first,7,1000,minus,74,34
144,12,0,first,7,1000,plus,74,6
144,12,0,first,7,1000,minus,75,34
144,12,0,first,7,1000,plus,75,4
144,12,0,first,7,1000,minus,76,34
144,12,0,first,7,1000,plus,76,8
144,12,0,first,7,1000,minus,77,41
144,12,0,first,7,1000,plus,77,11
144,12,0,first,7,1000,minus,78,46
144,12,0,first,7,1000,plus,78,13
144,12,0,first,7,1000,minus,79,38
144,12,0,first,7,1000,plus,79,14
144,12,0,first,7,1000,minus,80,47
144,12,0,first,7,1000,plus,80,17
144,12,0,first,7,1000,minus,81,50
144,12,0,first,7,1000,plus,81,20
144,12,0,first,7,1000,minus,82,48
144,12,0,first,7,1000,plus,82,23
144,12,0,first,7,1000,minus,83,61
144,12,0,first,7,1000,plus,83,39
144,12,0,first,7,1000,minus,84,52
144,12,0,first,7,1000,plus,84,30
144,12,0,first,7,1000,minus,85,52
144,12,0,first,7,1000,plus,85,38
144,12,0,first,7,1000,minus,86,52
144,12,0,first,7,1000,plus,86,45
144,12,0,first,7,1000,minus,87,45
144,12,0,first,7,1000,plus,87,47
144,12,0,first,7,1000,minus,88,49
144,12,0,first,7,1000,plus,88,54
144,12,0,first,7,1000,minus,89,43
144,12,0,first,7,1000,plus,89,60
144,12,0,first,7,1000,minus,90,26
144,12,0,first,7,1000,plus,90,82
144,12,0,first,7,1000,minus,91,25
144,12,0,first,7,1000,plus,91,64
144,12,0,first,7,1000,minus,92,21
144,12,0,first,7,1000,plus,92,55
144,12,0,first,7,1000,minus,93,15
144,12,0,first,7,1000,plus,93,51
144,12,0,first,7,1000,minus,94,11
144,12,0,first,7,1000,plus,94,49
144,12,0,first,7,1000,minus,95,7
144,12,0,first,7,1000,plus,95,41
144,12,0,first,7,1000,minus,96,8
144,12,0,first,7,1000,plus,96,39
144,12,0,first,7,1000,minus,97,6
144,12,0,first,7,1000,plus,97,39
144,12,0,first,7,1000,minus,98,4
144,12,0,first,7,1000,plus,98,38
144,12,0,first,7,1000,minus,99,2
144,12,0,first,7,1000,plus,99,29
144,12,0,first,7,1000,plus,100,20
144,12,0,first,7,1000,plus,101,9
144,12,0,first,7,1000,plus,102,15
144,12,0,first,7,1000,plus,103,9
144,12,0,first,7,1000,plus,104,7
144,12,0,first,7,1000,plus,105,4
144,12,0,first,7,1000,plus,106,5
144,12,0,first,7,1000,plus,107,5
144,12,0,first,7,1000,plus,108,2
144,12,0,first,7,1000,plus,109,1
144,12,0,first,7,1000,plus,110,1
144,12,0,first,7,1000,plus,113,1
144,6,0,second,7,1000,minus,30,1
144,6,0,second,7,1000,minus,34,1
144,6,0,second,7,1000,minus,36,2
144,6,0,second,7,1000,minus,37,1
144,6,0,second,7,1000,minus,38,3
144,6,0,second,7,1000,minus,39,3
144,6,0,second,7,1000,minus,40,3
144,6,0,second,7,1000,minus,41,1
144,6,0,second,7,1000,minus,42,3
144,6,0,second,7,1000,minus,43,3
144,6,0,second,7,1000,minus,44,1
144,6,0,second,7,1000,minus,45,2
144,6,0,second,7,1000,minus,46,5
144,6,0,second,7,1000,minus,47,8
144,6,0,second,7,1000,minus,48,9
144,6,0,second,7,1000,minus,49,5
144,6,0,second,7,1000,minus,50,9
144,6,0,second,7,1000,minus,51,17
144,6,0,second,7,1000,minus,52,12
144,6,0,second,7,1000,minus,53,9
144,6,0,second,7,1000,minus,54,11
144,6,0,second,7,1000,minus,55,18
144,6,0,second,7,1000,minus,56,24
144,6,0,second,7,1000,minus,57,14
144,6,0,second,7,1000,minus,58,15
144,6,0,second,7,1000,minus,59,24
144,6,0,second,7,1000,minus,60,34
144,6,0,second,7,1000,minus,61,18
144,6,0,second,7,1000,minus,62,27
144,6,0,second,7,1000,minus,63,29
144,6,0,second,7,1000,minus,64,23
144,6,0,second,7,1000,minus,65,41
144,6,0,second,7,1000,minus,66,36
144,6,0,second,7,1000,minus,67,29
144,6,0,second,7,1000,minus,68,40
144,6,0,second,7,1000,minus,69,32
144,6,0,second,7,1000,minus,70,48
144,6,0,second,7,1000,minus,71,36
144,6,0,second,7,1000,minus,72,43
144,6,0,second,7,1000,minus,73,31
144,6,0,second,7,1000,minus,74,33
144,6,0,second,7,1000,minus,75,30
144,6,0,second,7,1000,plus,75,1
144,6,0,second,7,1000,minus,76,31
144,6,0,second,7,1000,plus,76,1
144,6,0,second,7,1000,minus,77,30
144,6,0,second,7,1000,minus,78,27
144,6,0,second,7,1000,minus,79,38
144,6,0,second,7,1000,minus,80,22
144,6,0,second,7,1000,plus,80,1
144,6,0,second,7,1000,minus,81,26
144,6,0,second,7,1000,plus,81,1
144,6,0,second,7,1000,minus,82,20
144,6,0,second,7,1000,plus,82,4
144,6,0,second,7,1000,minus,83,14
144,6,0,second,7,1000,plus,83,2
144,6,0,second,7,1000,minus,84,14
144,6,0,second,7,1000,plus,84,11
144,6,0,second,7,1000,minus,85,14
144,6,0,second,7,1000,plus,85,7
144,6,0,second,7,1000,minus,86,4
144,6,0,second,7,1000,plus,86,13
144,6,0,second,7,1000,minus,87,11
144,6,0,second,7,1000,plus,87,16
144,6,0,second,7,1000,minus,88,1
144,6,0,second,7,1000,plus,88,17
144,6,0,second,7,1000,minus,89,3
144,6,0,second,7,1000,plus,89,16
144,6,0,second,7,1000,minus,90,3
144,6,0,second,7,1000,plus,90,26
144,6,0,second,7,1000,minus,91,5
144,6,0,second,7,1000,plus,91,25
144,6,0,second,7,1000,minus,92,1
144,6,0,second,7,1000,plus,92,28
144,6,0,second,7,1000,minus,93,1
144,6,0,second,7,1000,plus,93,25
144,6,0,second,7,1000,minus,94,1
144,6,0,second,7,1000,plus,94,36
144,6,0,second,7,1000,plus,95,37
144,6,0,second,7,1000,plus,96,35
144,6,0,second,7,1000,plus,97,38
144,6,0,second,7,1000,plus,98,43
144,6,0,second,7,1000,plus,99,38
144,6,0,second,7,1000,plus,100,27
144,6,0,second,7,1000,plus,101,53
144,6,0,second,7,1000,plus,102,40
144,6,0,second,7,1000,plus,103,56
144,6,0,second,7,1000,plus,104,44
144,6,0,second,7,1000,plus,105,33
144,6,0,second,7,1000,plus,106,38
144,6,0,second,7,1000,plus,107,31
144,6,0,second,7,1000,plus,108,49
144,6,0,second,7,1000,plus,109,29
144,6,0,second,7,1000,plus,110,20
144,6,0,second,7,1000,plus,111,19
144,6,0,second,7,1000,plus,112,20
144,6,0,second,7,1000,plus,113,13
144,6,0,second,7,1000,plus,114,24
144,6,0,second,7,1000,plus,115,10
144,6,0,second,7,1000,plus,116,11
144,6,0,second,7,1000,plus,117,8
144,6,0,second,7,1000,plus,118,11
144,6,0,second,7,1000,plus,119,7
144,6,0,second,7,1000,plus,120,6
144,6,0,second,7,1000,plus,121,8
144,6,0,second,7,1000,plus,122,4
144,6,0,second,7,1000,plus,123,6
144,6,0,second,7,1000,plus,124,1
144,6,0,second,7,1000,plus,125,3
144,6,0,second,7,1000,plus,126,3
144,6,0,second,7,1000,plus,127,1
144,6,0,second,7,1000,plus,128,1
144,6,0,second,7,1000,plus,129,3
144,12,0,first,8,1000,minus,54,1
144,12,0,first,8,1000,minus,56,1
144,12,0,first,8,1000,minus,58,1
144,12,0,first,8,1000,minus,60,2
144,12,0,first,8,1000,minus,61,1
144,12,0,first,8,1000,minus,62,7
144,12,0,first,8,1000,minus,63,2
144,12,0,first,8,1000,minus,64,10
144,12,0,first,8,1000,minus,65,1
144,12,0,first,8,1000,minus,66,4
144,12,0,first,8,1000,plus,66,1
144,12,0,first,8,1000,minus,67,11
144,12,0,first,8,1000,minus,68,12
144,12,0,first,8,1000,minus,69,9
144,12,0,first,8,1000,minus,70,20
144,12,0,first,8,1000,plus,70,1
144,12,0,first,8,1000,minus,71,18
144,12,0,first,8,1000,plus,71,2
144,12,0,first,8,1000,minus,72,20
144,12,0,first,8,1000,plus,72,1
144,12,0,first,8,1000,minus,73,36
144,12,0,first,8,1000,plus,73,2
144,12,0,first,8,1000,minus,74,32
144,12,0,first,8,1000,plus,74,2
144,12,0,first,8,1000,minus,75,27
144,12,0,first,8,1000,plus,75,7
144,12,0,first,8,1000,minus,76,40
144,12,0,first,8,1000,plus,76,6
144,12,0,first,8,1000,minus,77,42
144,12,0,first,8,1000,plus,77,11
144,12,0,first,8,1000,minus,78,44
144,12,0,first,8,1000,plus,78,9
144,12,0,first,8,1000,minus,79,52
144,12,0,first,8,1000,plus,79,14
144,12,0,first,8,1000,minus,80,46
144,12,0,first,8,1000,plus,80,17
144,12,0,first,8,1000,minus,81,50
144,12,0,first,8,1000,plus,81,22
144,12,0,first,8,1000,minus,82,53
144,12,0,first,8,1000,plus,82,35
144,12,0,first,8,1000,minus,83,63
144,12,0,first,8,1000,plus,83,34
144,12,0,first,8,1000,minus,84,67
144,12,0,first,8,1000,plus,84,42
144,12,0,first,8,1000,minus,85,54
144,12,0,first,8,1000,plus,85,39
144,12,0,first,8,1000,minus,86,50
144,12,0,first,8,1000,plus,86,52
144,12,0,first,8,1000,minus,87,43
144,12,0,first,8,1000,plus,87,50
144,12,0,first,8,1000,minus,88,39
144,12,0,first,8,1000,plus,88,55
144,12,0,first,8,1000,minus,89,24
144,12,0,first,8,1000,plus,89,59
144,12,0,first,8,1000,minus,90,32
144,12,0,first,8,1000,plus,90,58
144,12,0,first,8,1000,minus,91,26
144,12,0,first,8,1000,plus,91,66
144,12,0,first,8,1000,minus,92,19
144,12,0,first,8,1000,plus,92,56
144,12,0,first,8,1000,minus,93,8
144,12,0,first,8,1000,plus,93,47
144,12,0,first,8,1000,minus,94,15
144,12,0,first,8,1000,plus,94,40
144,12,0,first,8,1000,minus,95,4
144,12,0,first,8,1000,plus,95,47
144,12,0,first,8,1000,minus,96,4
144,12,0,first,8,1000,plus,96,33
144,12,0,first,8,1000,minus,97,4
144,12,0,first,8,1000,plus,97,34
144,12,0,first,8,1000,minus,98,1
144,12,0,first,8,1000,plus,98,30
144,12,0,first,8,1000,minus,99,4
144,12,0,first,8,1000,plus,99,27
144,12,0,first,8,1000,plus,100,29
144,12,0,first,8,1000,minus,101,1
144,12,0,first,8,1000,plus,101,12
144,12,0,first,8,1000,plus,102,12
144,12,0,first,8,1000,plus,103,16
144,12,0,first,8,1000,plus,104,3
144,12,0,first,8,1000,plus,105,9
144,12,0,first,8,1000,plus,106,4
144,12,0,first,8,1000,plus,107,7
144,12,0,first,8,1000,plus,108,5
144,12,0,first,8,1000,plus,109,2
144,12,0,first,8,1000,plus,110,1
144,12,0,first,8,1000,plus,116,1
144,6,0,second,8,1000,minus,29,1
144,6,0,second,8,1000,minus,35,1
144,6,0,second,8,1000,minus,36,1
144,6,0,second,8,1000,minus,38,2
144,6,0,second,8,1000,minus,39,5
144,6,0,second,8,1000,minus,40,1
144,6,0,second,8,1000,minus,41,1
144,6,0,second,8,1000,minus,42,2
144,6,0,second,8,1000,minus,43,3
144,6,0,second,8,1000,minus,44,8
144,6,0,second,8,1000,minus,45,4
144,6,0,second,8,1000,minus,46,4
144,6,0,second,8,1000,minus,47,4
144,6,0,second,8,1000,minus,48,5
144,6,0,second,8,1000,minus,49,6
144,6,0,second,8,1000,minus,50,16
144,6,0,second,8,1000,minus,51,15
144,6,0,second,8,1000,minus,52,13
144,6,0,second,8,1000,minus,53,9
144,6,0,second,8,1000,minus,54,10
144,6,0,second,8,1000,minus,55,14
144,6,0,second,8,1000,minus,56,12
144,6,0,second,8,1000,minus,57,18
144,6,0,second,8,1000,minus,58,19
144,6,0,second,8,1000,minus,59,20
144,6,0,second,8,1000,minus,60,24
144,6,0,second,8,1000,minus,61,29
144,6,0,second,8,1000,minus,62,22
144,6,0,second,8,1000,minus,63,28
144,6,0,second,8,1000,minus,64,29
144,6,0,second,8,1000,minus,65,34
144,6,0,second,8,1000,minus,66,28
144,6,0,second,8,1000,minus,67,31
144,6,0,second,8,1000,minus,68,30
144,6,0,second,8,1000,minus,69,42
144,6,0,second,8,1000,minus,70,28
144,6,0,second,8,1000,minus,71,33
144,6,0,second,8,1000,minus,72,34
144,6,0,second,8,1000,minus,73,53
144,6,0,second,8,1000,minus,74,51
144,6,0,second,8,1000,minus,75,41
144,6,0,second,8,1000,minus,76,35
144,6,0,second,8,1000,minus,77,41
144,6,0,second,8,1000,plus,77,3
144,6,0,second,8,1000,minus,78,24
144,6,0,second,8,1000,plus,78,1
144,6,0,second,8,1000,minus,79,19
144,6,0,second,8,1000,plus,79,2
144,6,0,second,8,1000,minus,80,25
144,6,0,second,8,1000,plus,80,2
144,6,0,second,8,1000,minus,81,24
144,6,0,second,8,1000,plus,81,1
144,6,0,second,8,1000,minus,82,28
144,6,0,second,8,1000,plus,82,4
144,6,0,second,8,1000,minus,83,18
144,6,0,second,8,1000,plus,83,2
144,6,0,second,8,1000,minus,84,10
144,6,0,second,8,1000,plus,84,4
144,6,0,second,8,1000,minus,85,8
144,6,0,second,8,1000,plus,85,8
144,6,0,second,8,1000,minus,86,8
144,6,0,second,8,1000,plus,86,10
144,6,0,second,8,1000,minus,87,13
144,6,0,second,8,1000,plus,87,11
144,6,0,second,8,1000,minus,88,4
144,6,0,second,8,1000,plus,88,10
144,6,0,second,8,1000,minus,89,3
144,6,0,second,8,1000,plus,89,19
144,6,0,second,8,1000,minus,90,3
144,6,0,second,8,1000,plus,90,33
144,6,0,second,8,1000,minus,91,2
144,6,0,second,8,1000,plus,91,23
144,6,0,second,8,1000,minus,92,2
144,6,0,second,8,1000,plus,92,18
144,6,0,second,8,1000,plus,93,39
144,6,0,second,8,1000,plus,94,31
144,6,0,second,8,1000,minus,95,2
144,6,0,second,8,1000,plus,95,46
144,6,0,second,8,1000,plus,96,47
144,6,0,second,8,1000,plus,97,33
144,6,0,second,8,1000,plus,98,42
144,6,0,second,8,1000,plus,99,37
144,6,0,second,8,1000,plus,100,40
144,6,0,second,8,1000,plus,101,43
144,6,0,second,8,1000,plus,102,49
144,6,0,second,8,1000,plus,103,35
144,6,0,second,8,1000,plus,104,42
144,6,0,second,8,1000,plus,105,33
144,6,0,second,8,1000,plus,106,45
144,6,0,second,8,1000,plus,107,29
144,6,0,second,8,1000,plus,108,23
144,6,0,second,8,1000,plus,109,32
144,6,0,second,8,1000,plus,110,31
144,6,0,second,8,1000,plus,111,25
144,6,0,second,8,1000,plus,112,19
144,6,0,second,8,1000,plus,113,22
144,6,0,second,8,1000,plus,114,18
144,6,0,second,8,1000,plus,115,17
144,6,0,second,8,1000,plus,116,16
144,6,0,second,8,1000,plus,117,14
144,6,0,second,8,1000,plus,118,7
144,6,0,second,8,1000,plus,119,9
144,6,0,second,8,1000,plus,120,6
144,6,0,second,8,1000,plus,121,8
144,6,0,second,8,1000,plus,122,5
144,6,0,second,8,1000,plus,123,1
144,6,0,second,8,1000,plus,124,1
144,6,0,second,8,1000,plus,125,2
144,6,0,second,8,1000,plus,129,1
144,6,0,second,8,1000,plus,132,1
144,12,0,first,9,1000,minus,55,1
144,12,0,first,9,1000,minus,58,2
144,12,0,first,9,1000,minus,59,2
144,12,0,first,9,1000,minus,60,6
144,12,0,first,9,1000,minus,61,3
144,12,0,first,9,1000,minus,63,3
144,12,0,first,9,1000,minus,64,2
144,12,0,first,9,1000,minus,65,5
144,12,0,first,9,1000,minus,66,7
144,12,0,first,9,1000,minus,67,10
144,12,0,first,9,1000,minus,68,11
144,12,0,first,9,1000,minus,69,14
144,12,0,first,9,1000,plus,69,1
144,12,0,first,9,1000,minus,70,17
144,12,0,first,9,1000,minus,71,13
144,12,0,first,9,1000,minus,72,32
144,12,0,first,9,1000,minus,73,32
144,12,0,first,9,1000,plus,73,2
144,12,0,first,9,1000,minus,74,29
144,12,0,first,9,1000,plus,74,5
144,12,0,first,9,1000,minus,75,39
144,12,0,first,9,1000,plus,75,5
144,12,0,first,9,1000,minus,76,32
144,12,0,first,9,1000,plus,76,6
144,12,0,first,9,1000,minus,77,38
144,12,0,first,9,1000,plus,77,7
144,12,0,first,9,1000,minus,78,40
144,12,0,first,9,1000,plus,78,13
144,12,0,first,9,1000,minus,79,49
144,12,0,first,9,1000,plus,79,19
144,12,0,first,9,1000,minus,80,52
144,12,0,first,9,1000,plus,80,22
144,12,0,first,9,1000,minus,81,73
144,12,0,first,9,1000,plus,81,29
144,12,0,first,9,1000,minus,82,45
144,12,0,first,9,1000,plus,82,27
144,12,0,first,9,1000,minus,83,56
144,12,0,first,9,1000,plus,83,39
144,12,0,first,9,1000,minus,84,60
144,12,0,first,9,1000,plus,84,35
144,12,0,first,9,1000,minus,85,58
144,12,0,first,9,1000,plus,85,49
144,12,0,first,9,1000,minus,86,46
144,12,0,first,9,1000,plus,86,60
144,12,0,first,9,1000,minus,87,47
144,12,0,first,9,1000,plus,87,58
144,12,0,first,9,1000,minus,88,38
144,12,0,first,9,1000,plus,88,62
144,12,0,first,9,1000,minus,89,29
144,12,0,first,9,1000,plus,89,57
144,12,0,first,9,1000,minus,90,28
144,12,0,first,9,1000,plus,90,58
144,12,0,first,9,1000,minus,91,17
144,12,0,first,9,1000,plus,91,62
144,12,0,first,9,1000,minus,92,19
144,12,0,first,9,1000,plus,92,51
144,12,0,first,9,1000,minus,93,15
144,12,0,first,9,1000,plus,93,40
144,12,0,first,9,1000,minus,94,7
144,12,0,first,9,1000,plus,94,46
144,12,0,first,9,1000,minus,95,7
144,12,0,first,9,1000,plus,95,39
144,12,0,first,9,1000,minus,96,8
144,12,0,first,9,1000,plus,96,30
144,12,0,first,9,1000,minus,97,3
144,12,0,first,9,1000,plus,97,32
144,12,0,first,9,1000,minus,98,1
144,12,0,first,9,1000,plus,98,23
144,12,0,first,9,1000,minus,99,1
144,12,0,first,9,1000,plus,99,25
144,12,0,first,9,1000,minus,100,2
144,12,0,first,9,1000,plus,100,22
144,12,0,first,9,1000,minus,101,1
144,12,0,first,9,1000,plus,101,19
144,12,0,first,9,1000,plus,102,15
144,12,0,first,9,1000,plus,103,8
144,12,0,first,9,1000,plus,104,13
144,12,0,first,9,1000,plus,105,7
144,12,0,first,9,1000,plus,106,3
144,12,0,first,9,1000,plus,107,6
144,12,0,first,9,1000,plus,108,2
144,12,0,first,9,1000,plus,109,2
144,12,0,first,9,1000,plus,111,1
144,6,0,second,9,1000,minus,25,1
144,6,0,second,9,1000,minus,29,1
144,6,0,second,9,1000,minus,31,1
144,6,0,second,9,1000,minus,32,1
144,6,0,second,9,1000,minus,34,3
144,6,0,second,9,1000,minus,35,2
144,6,0,second,9,1000,minus,37,3
144,6,0,second,9,1000,minus,39,1
144,6,0,second,9,1000,minus,40,4
144,6,0,second,9,1000,minus,41,6
144,6,0,second,9,1000,minus,42,2
144,6,0,second,9,1000,minus,43,4
144,6,0,second,9,1000,minus,44,5
144,6,0,second,9,1000,minus,45,3
144,6,0,second,9,1000,minus,46,3
144,6,0,second,9,1000,minus,47,5
144,6,0,second,9,1000,minus,48,7
144,6,0,second,9,1000,minus,49,6
144,6,0,second,9,1000,minus,50,12
144,6,0,second,9,1000,minus,51,10
144,6,0,second,9,1000,minus,52,14
144,6,0,second,9,1000,minus,53,8
144,6,0,second,9,1000,minus,54,9
144,6,0,second,9,1000,minus,55,15
144,6,0,second,9,1000,minus,56,19
144,6,0,second,9,1000,minus,57,13
144,6,0,second,9,1000,minus,58,24
144,6,0,second,9,1000,minus,59,32
144,6,0,second,9,1000,minus,60,22
144,6,0,second,9,1000,minus,61,23
144,6,0,second,9,1000,minus,62,25
144,6,0,second,9,1000,minus,63,33
144,6,0,second,9,1000,minus,64,50
144,6,0,second,9,1000,minus,65,27
144,6,0,second,9,1000,minus,66,30
144,6,0,second,9,1000,minus,67,31
144,6,0,second,9,1000,minus,68,36
144,6,0,second,9,1000,minus,69,34
144,6,0,second,9,1000,minus,70,40
144,6,0,second,9,1000,minus,71,24
144,6,0,second,9,1000,minus,72,40
144,6,0,second,9,1000,minus,73,43
144,6,0,second,9,1000,minus,74,27
144,6,0,second,9,1000,minus,75,29
144,6,0,second,9,1000,plus,75,1
144,6,0,second,9,1000,minus,76,32
144,6,0,second,9,1000,plus,76,1
144,6,0,second,9,1000,minus,77,31
144,6,0,second,9,1000,minus,78,25
144,6,0,second,9,1000,plus,78,1
144,6,0,second,9,1000,minus,79,26
144,6,0,second,9,1000,plus,79,2
144,6,0,second,9,1000,minus,80,26
144,6,0,second,9,1000,plus,80,2
144,6,0,second,9,1000,minus,81,25
144,6,0,second,9,1000,plus,81,5
144,6,0,second,9,1000,minus,82,16
144,6,0,second,9,1000,plus,82,3
144,6,0,second,9,1000,minus,83,26
144,6,0,second,9,1000,plus,83,3
144,6,0,second,9,1000,minus,84,19
144,6,0,second,9,1000,plus,84,4
144,6,0,second,9,1000,minus,85,9
144,6,0,second,9,1000,plus,85,11
144,6,0,second,9,1000,minus,86,8
144,6,0,second,9,1000,plus,86,14
144,6,0,second,9,1000,minus,87,8
144,6,0,second,9,1000,plus,87,13
144,6,0,second,9,1000,minus,88,7
144,6,0,second,9,1000,plus,88,16
144,6,0,second,9,1000,minus,89,5
144,6,0,second,9,1000,plus,89,17
144,6,0,second,9,1000,minus,90,2
144,6,0,second,9,1000,plus,90,17
144,6,0,second,9,1000,minus,91,5
144,6,0,second,9,1000,plus,91,21
144,6,0,second,9,1000,minus,92,1
144,6,0,second,9,1000,plus,92,26
144,6,0,second,9,1000,plus,93,21
144,6,0,second,9,1000,plus,94,38
144,6,0,second,9,1000,minus,95,1
144,6,0,second,9,1000,plus,95,45
144,6,0,second,9,1000,plus,96,44
144,6,0,second,9,1000,plus,97,42
144,6,0,second,9,1000,plus,98,36
144,6,0,second,9,1000,plus,99,32
144,6,0,second,9,1000,plus,100,37
144,6,0,second,9,1000,plus,101,46
144,6,0,second,9,1000,plus,102,42
144,6,0,second,9,1000,plus,103,53
144,6,0,second,9,1000,plus,104,43
144,6,0,second,9,1000,plus,105,30
144,6,0,second,9,1000,plus,106,41
144,6,0,second,9,1000,plus,107,36
144,6,0,second,9,1000,plus,108,32
144,6,0,second,9,1000,plus,109,39
144,6,0,second,9,1000,plus,110,28
144,6,0,second,9,1000,plus,111,19
144,6,0,second,9,1000,plus,112,23
144,6,0,second,9,1000,plus,113,12
144,6,0,second,9,1000,plus,114,15
144,6,0,second,9,1000,plus,115,12
144,6,0,second,9,1000,plus,116,12
144,6,0,second,9,1000,plus,117,9
144,6,0,second,9,1000,plus,118,15
144,6,0,second,9,1000,plus,119,6
144,6,0,second,9,1000,plus,120,10
144,6,0,second,9,1000,plus,121,3
144,6,0,second,9,1000,plus,122,4
144,6,0,second,9,1000,plus,123,6
144,6,0,second,9,1000,plus,124,1
144,6,0,second,9,1000,plus,125,5
144,6,0,second,9,1000,plus,127,1
144,6,0,second,9,1000,plus,129,4
144,6,0,second,9,1000,plus,131,1
144,12,0,first,10,1000,minus,48,1
144,12,0,first,10,1000,minus,54,1
144,12,0,first,10,1000,minus,55,1
144,12,0,first,10,1000,minus,56,1
144,12,0,first,10,1000,minus,57,2
144,12,0,first,10,1000,minus,58,3
144,12,0,first,10,1000,minus,59,3
144,12,0,first,10,1000,minus,60,1
144,12,0,first,10,1000,minus,61,3
144,12,0,first,10,1000,minus,62,2
144,12,0,first,10,1000,minus,63,1
144,12,0,first,10,1000,minus,64,2
144,12,0,first,10,1000,minus,65,11
144,12,0,first,10,1000,minus,66,10
144,12,0,first,10,1000,plus,66,1
144,12,0,first,10,1000,minus,67,7
144,12,0,first,10,1000,minus,68,16
144,12,0,first,10,1000,minus,69,13
144,12,0,first,10,1000,minus,70,13
144,12,0,first,10,1000,minus,71,19
144,12,0,first,10,1000,minus,72,27
144,12,0,first,10,1000,plus,72,2
144,12,0,first,10,1000,minus,73,23
144,12,0,first,10,1000,plus,73,2
144,12,0,first,10,1000,minus,74,23
144,12,0,first,10,1000,plus,74,2
144,12,0,first,10,1000,minus,75,30
144,12,0,first,10,1000,plus,75,2
144,12,0,first,10,1000,minus,76,27
144,12,0,first,10,1000,plus,76,4
144,12,0,first,10,1000,minus,77,39
144,12,0,first,10,1000,plus,77,14
144,12,0,first,10,1000,minus,78,47
144,12,0,first,10,1000,plus,78,9
144,12,0,first,10,1000,minus,79,41
144,12,0,first,10,1000,plus,79,10
144,12,0,first,10,1000,minus,80,62
144,12,0,first,10,1000,plus,80,16
144,12,0,first,10,1000,minus,81,58
144,12,0,first,10,1000,plus,81,24
144,12,0,first,10,1000,minus,82,63
144,12,0,first,10,1000,plus,82,28
144,12,0,first,10,1000,minus,83,61
144,12,0,first,10,1000,plus,83,31
144,12,0,first,10,1000,minus,84,46
144,12,0,first,10,1000,plus,84,40
144,12,0,first,10,1000,minus,85,45
144,12,0,first,10,1000,plus,85,43
144,12,0,first,10,1000,minus,86,39
144,12,0,first,10,1000,plus,86,50
144,12,0,first,10,1000,minus,87,45
144,12,0,first,10,1000,plus,87,53
144,12,0,first,10,1000,minus,88,48
144,12,0,first,10,1000,plus,88,52
144,12,0,first,10,1000,minus,89,43
144,12,0,first,10,1000,plus,89,55
144,12,0,first,10,1000,minus,90,21
144,12,0,first,10,1000,plus,90,67
144,12,0,first,10,1000,minus,91,27
144,12,0,first,10,1000,plus,91,76
144,12,0,first,10,1000,minus,92,20
144,12,0,first,10,1000,plus,92,54
144,12,0,first,10,1000,minus,93,16
144,12,0,first,10,1000,plus,93,54
144,12,0,first,10,1000,minus,94,8
144,12,0,first,10,1000,plus,94,45
144,12,0,first,10,1000,minus,95,11
144,12,0,first,10,1000,plus,95,46
144,12,0,first,10,1000,minus,96,8
144,12,0,first,10,1000,plus,96,37
144,12,0,first,10,1000,minus,97,5
144,12,0,first,10,1000,plus,97,32
144,12,0,first,10,1000,minus,98,1
144,12,0,first,10,1000,plus,98,33
144,12,0,first,10,1000,minus,99,3
144,12,0,first,10,1000,plus,99,29
144,12,0,first,10,1000,minus,100,1
144,12,0,first,10,1000,plus,100,22
144,12,0,first,10,1000,minus,101,1
144,12,0,first,10,1000,plus,101,16
144,12,0,first,10,1000,minus,102,1
144,12,0,first,10,1000,plus,102,17
144,12,0,first,10,1000,plus,103,8
144,12,0,first,10,1000,plus,104,7
144,12,0,first,10,1000,plus,105,8
144,12,0,first,10,1000,plus,106,3
144,12,0,first,10,1000,plus,108,4
144,12,0,first,10,1000,plus,109,2
144,12,0,first,10,1000,plus,113,1
144,12,0,first,10,1000,plus,119,1
144,6,0,second,10,1000,minus,26,1
144,6,0,second,10,1000,minus,29,1
144,6,0,second,10,1000,minus,34,1
144,6,0,second,10,1000,minus,35,2
144,6,0,second,10,1000,minus,37,1
144,6,0,second,10,1000,minus,38,2
144,6,0,second,10,1000,minus,39,1
144,6,0,second,10,1000,minus,40,1
144,6,0,second,10,1000,minus,41,5
144,6,0,second,10,1000,minus,42,3
144,6,0,second,10,1000,minus,43,5
144,6,0,second,10,1000,minus,44,4
144,6,0,second,10,1000,minus,45,6
144,6,0,second,10,1000,minus,46,8
144,6,0,second,10,1000,minus,47,10
144,6,0,second,10,1000,minus,48,6
144,6,0,second,10,1000,minus,49,5
144,6,0,second,10,1000,minus,50,12
144,6,0,second,10,1000,minus,51,9
144,6,0,second,10,1000,minus,52,13
144,6,0,second,10,1000,minus,53,19
144,6,0,second,10,1000,minus,54,13
144,6,0,second,10,1000,minus,55,12
144,6,0,second,10,1000,minus,56,17
144,6,0,second,10,1000,minus,57,19
144,6,0,second,10,1000,minus,58,23
144,6,0,second,10,1000,minus,59,23
144,6,0,second,10,1000,minus,60,17
144,6,0,second,10,1000,minus,61,21
144,6,0,second,10,1000,minus,62,43
144,6,0,second,10,1000,minus,63,20
144,6,0,second,10,1000,minus,64,30
144,6,0,second,10,1000,minus,65,30
144,6,0,second,10,1000,minus,66,35
144,6,0,second,10,1000,minus,67,28
144,6,0,second,10,1000,minus,68,34
144,6,0,second,10,1000,minus,69,37
144,6,0,second,10,1000,plus,69,1
144,6,0,second,10,1000,minus,70,26
144,6,0,second,10,1000,minus,71,35
144,6,0,second,10,1000,minus,72,31
144,6,0,second,10,1000,minus,73,32
144,6,0,second,10,1000,minus,74,41
144,6,0,second,10,1000,minus,75,33
144,6,0,second,10,1000,minus,76,24
144,6,0,second,10,1000,minus,77,32
144,6,0,second,10,1000,minus,78,38
144,6,0,second,10,1000,minus,79,30
144,6,0,second,10,1000,plus,79,1
144,6,0,second,10,1000,minus,80,30
144,6,0,second,10,1000,plus,80,1
144,6,0,second,10,1000,minus,81,15
144,6,0,second,10,1000,plus,81,4
144,6,0,second,10,1000,minus,82,23
144,6,0,second,10,1000,plus,82,3
144,6,0,second,10,1000,minus,83,18
144,6,0,second,10,1000,plus,83,4
144,6,0,second,10,1000,minus,84,12
144,6,0,second,10,1000,plus,84,8
144,6,0,second,10,1000,minus,85,14
144,6,0,second,10,1000,plus,85,11
144,6,0,second,10,1000,minus,86,17
144,6,0,second,10,1000,plus,86,9
144,6,0,second,10,1000,minus,87,7
144,6,0,second,10,1000,plus,87,14
144,6,0,second,10,1000,minus,88,9
144,6,0,second,10,1000,plus,88,10
144,6,0,second,10,1000,minus,89,6
144,6,0,second,10,1000,plus,89,15
144,6,0,second,10,1000,minus,90,3
144,6,0,second,10,1000,plus,90,21
144,6,0,second,10,1000,minus,91,3
144,6,0,second,10,1000,plus,91,37
144,6,0,second,10,1000,minus,92,1
144,6,0,second,10,1000,plus,92,26
144,6,0,second,10,1000,minus,93,1
144,6,0,second,10,1000,plus,93,26
144,6,0,second,10,1000,minus,94,2
144,6,0,second,10,1000,plus,94,29
144,6,0,second,10,1000,plus,95,36
144,6,0,second,10,1000,plus,96,43
144,6,0,second,10,1000,plus,97,35
144,6,0,second,10,1000,plus,98,35
144,6,0,second,10,1000,plus,99,44
144,6,0,second,10,1000,plus,100,32
144,6,0,second,10,1000,plus,101,54
144,6,0,second,10,1000,plus,102,46
144,6,0,second,10,1000,plus,103,36
144,6,0,second,10,1000,plus,104,43
144,6,0,second,10,1000,plus,105,47
144,6,0,second,10,1000,plus,106,20
144,6,0,second,10,1000,plus,107,28
144,6,0,second,10,1000,plus,108,33
144,6,0,second,10,1000,plus,109,28
144,6,0,second,10,1000,plus,110,26
144,6,0,second,10,1000,plus,111,31
144,6,0,second,10,1000,plus,112,22
144,6,0,second,10,1000,plus,113,16
144,6,0,second,10,1000,plus,114,20
144,6,0,second,10,1000,plus,115,16
144,6,0,second,10,1000,plus,116,19
144,6,0,second,10,1000,plus,117,13
144,6,0,second,10,1000,plus,118,14
144,6,0,second,10,1000,plus,119,5
144,6,0,second,10,1000,plus,120,9
144,6,0,second,10,1000,plus,121,3
144,6,0,second,10,1000,plus,122,9
144,6,0,second,10,1000,plus,123,2
144,6,0,second,10,1000,plus,124,2
144,6,0,second,10,1000,plus,125,2
144,6,0,second,10,1000,plus,126,2
144,6,0,second,10,1000,plus,127,4
144,6,0,second,10,1000,plus,128,3
144,6,0,second,10,1000,plus,129,1
144,6,0,second,10,1000,plus,131,1
144,12,0,first,11,1000,minus,56,2
144,12,0,first,11,1000,minus,57,1
144,12,0,first,11,1000,minus,59,1
144,12,0,first,11,1000,minus,60,3
144,12,0,first,11,1000,minus,61,4
144,12,0,first,11,1000,minus,62,6
144,12,0,first,11,1000,minus,63,5
144,12,0,first,11,1000,minus,64,5
144,12,0,first,11,1000,minus,65,5
144,12,0,first,11,1000,minus,66,7
144,12,0,first,11,1000,minus,67,7
144,12,0,first,11,1000,plus,67,1
144,12,0,first,11,1000,minus,68,9
144,12,0,first,11,1000,minus,69,9
144,12,0,first,11,1000,minus,70,12
144,12,0,first,11,1000,plus,70,2
144,12,0,first,11,1000,minus,71,23
144,12,0,first,11,1000,plus,71,2
144,12,0,first,11,1000,minus,72,19
144,12,0,first,11,1000,plus,72,2
144,12,0,first,11,1000,minus,73,20
144,12,0,first,11,1000,plus,73,3
144,12,0,first,11,1000,minus,74,28
144,12,0,first,11,1000,plus,74,6
144,12,0,first,11,1000,minus,75,36
144,12,0,first,11,1000,plus,75,7
144,12,0,first,11,1000,minus,76,39
144,12,0,first,11,1000,plus,76,9
144,12,0,first,11,1000,minus,77,36
144,12,0,first,11,1000,plus,77,6
144,12,0,first,11,1000,minus,78,52
144,12,0,first,11,1000,plus,78,10
144,12,0,first,11,1000,minus,79,58
144,12,0,first,11,1000,plus,79,15
144,12,0,first,11,1000,minus,80,43
144,12,0,first,11,1000,plus,80,15
144,12,0,first,11,1000,minus,81,55
144,12,0,first,11,1000,plus,81,23
144,12,0,first,11,1000,minus,82,67
144,12,0,first,11,1000,plus,82,24
144,12,0,first,11,1000,minus,83,62
144,12,0,first,11,1000,plus,83,35
144,12,0,first,11,1000,minus,84,46
144,12,0,first,11,1000,plus,84,39
144,12,0,first,11,1000,minus,85,46
144,12,0,first,11,1000,plus,85,45
144,12,0,first,11,1000,minus,86,53
144,12,0,first,11,1000,plus,86,30
144,12,0,first,11,1000,minus,87,30
144,12,0,first,11,1000,plus,87,36
144,12,0,first,11,1000,minus,88,37
144,12,0,first,11,1000,plus,88,59
144,12,0,first,11,1000,minus,89,38
144,12,0,first,11,1000,plus,89,48
144,12,0,first,11,1000,minus,90,30
144,12,0,first,11,1000,plus,90,56
144,12,0,first,11,1000,minus,91,23
144,12,0,first,11,1000,plus,91,61
144,12,0,first,11,1000,minus,92,26
144,12,0,first,11,1000,plus,92,65
144,12,0,first,11,1000,minus,93,20
144,12,0,first,11,1000,plus,93,56
144,12,0,first,11,1000,minus,94,18
144,12,0,first,11,1000,plus,94,57
144,12,0,first,11,1000,minus,95,7
144,12,0,first,11,1000,plus,95,48
144,12,0,first,11,1000,minus,96,5
144,12,0,first,11,1000,plus,96,46
144,12,0,first,11,1000,plus,97,35
144,12,0,first,11,1000,minus,98,5
144,12,0,first,11,1000,plus,98,34
144,12,0,first,11,1000,plus,99,20
144,12,0,first,11,1000,minus,100,2
144,12,0,first,11,1000,plus,100,17
144,12,0,first,11,1000,plus,101,17
144,12,0,first,11,1000,plus,102,17
144,12,0,first,11,1000,plus,103,16
144,12,0,first,11,1000,plus,104,5
144,12,0,first,11,1000,plus,105,6
144,12,0,first,11,1000,plus,106,5
144,12,0,first,11,1000,plus,107,7
144,12,0,first,11,1000,plus,108,3
144,12,0,first,11,1000,plus,109,4
144,12,0,first,11,1000,plus,110,3
144,12,0,first,11,1000,plus,111,1
144,12,0,first,11,1000,plus,112,2
144,12,0,first,11,1000,plus,114,1
144,12,0,first,11,1000,plus,116,1
144,6,0,second,11,1000,minus,25,2
144,6,0,second,11,1000,minus,28,1
144,6,0,second,11,1000,minus,31,1
144,6,0,second,11,1000,minus,32,1
144,6,0,second,11,1000,minus,35,1
144,6,0,second,11,1000,minus,36,4
144,6,0,second,11,1000,minus,38,2
144,6,0,second,11,1000,minus,39,4
144,6,0,second,11,1000,minus,41,5
144,6,0,second,11,1000,minus,42,1
144,6,0,second,11,1000,minus,43,8
144,6,0,second,11,1000,minus,44,3
144,6,0,second,11,1000,minus,46,6
144,6,0,second,11,1000,minus,47,6
144,6,0,second,11,1000,minus,48,9
144,6,0,second,11,1000,minus,49,7
144,6,0,second,11,1000,minus,50,9
144,6,0,second,11,1000,minus,51,13
144,6,0,second,11,1000,minus,52,19
144,6,0,second,11,1000,minus,53,15
144,6,0,second,11,1000,minus,54,21
144,6,0,second,11,1000,minus,55,21
144,6,0,second,11,1000,minus,56,18
144,6,0,second,11,1000,minus,57,24
144,6,0,second,11,1000,minus,58,13
144,6,0,second,11,1000,minus,59,18
144,6,0,second,11,1000,minus,60,22
144,6,0,second,11,1000,minus,61,21
144,6,0,second,11,1000,minus,62,15
144,6,0,second,11,1000,minus,63,22
144,6,0,second,11,1000,minus,64,32
144,6,0,second,11,1000,minus,65,32
144,6,0,second,11,1000,minus,66,39
144,6,0,second,11,1000,minus,67,38
144,6,0,second,11,1000,minus,68,35
144,6,0,second,11,1000,minus,69,39
144,6,0,second,11,1000,minus,70,40
144,6,0,second,11,1000,minus,71,38
144,6,0,second,11,1000,minus,72,41
144,6,0,second,11,1000,minus,73,29
144,6,0,second,11,1000,minus,74,35
144,6,0,second,11,1000,minus,75,39
144,6,0,second,11,1000,minus,76,36
144,6,0,second,11,1000,plus,76,1
144,6,0,second,11,1000,minus,77,26
144,6,0,second,11,1000,plus,77,1
144,6,0,second,11,1000,minus,78,29
144,6,0,second,11,1000,minus,79,20
144,6,0,second,11,1000,plus,79,2
144,6,0,second,11,1000,minus,80,22
144,6,0,second,11,1000,plus,80,1
144,6,0,second,11,1000,minus,81,22
144,6,0,second,11,1000,plus,81,3
144,6,0,second,11,1000,minus,82,22
144,6,0,second,11,1000,plus,82,7
144,6,0,second,11,1000,minus,83,11
144,6,0,second,11,1000,plus,83,7
144,6,0,second,11,1000,minus,84,13
144,6,0,second,11,1000,plus,84,7
144,6,0,second,11,1000,minus,85,8
144,6,0,second,11,1000,plus,85,9
144,6,0,second,11,1000,minus,86,10
144,6,0,second,11,1000,plus,86,11
144,6,0,second,11,1000,minus,87,9
144,6,0,second,11,1000,plus,87,15
144,6,0,second,11,1000,minus,88,8
144,6,0,second,11,1000,plus,88,10
144,6,0,second,11,1000,minus,89,8
144,6,0,second,11,1000,plus,89,28
144,6,0,second,11,1000,minus,90,4
144,6,0,second,11,1000,plus,90,14
144,6,0,second,11,1000,minus,91,1
144,6,0,second,11,1000,plus,91,19
144,6,0,second,11,1000,minus,92,1
144,6,0,second,11,1000,plus,92,36
144,6,0,second,11,1000,plus,93,31
144,6,0,second,11,1000,plus,94,34
144,6,0,second,11,1000,minus,95,1
144,6,0,second,11,1000,plus,95,36
144,6,0,second,11,1000,plus,96,30
144,6,0,second,11,1000,plus,97,38
144,6,0,second,11,1000,plus,98,35
144,6,0,second,11,1000,plus,99,31
144,6,0,second,11,1000,plus,100,51
144,6,0,second,11,1000,plus,101,48
144,6,0,second,11,1000,plus,102,37
144,6,0,second,11,1000,plus,103,38
144,6,0,second,11,1000,plus,104,40
144,6,0,second,11,1000,plus,105,33
144,6,0,second,11,1000,plus,106,41
144,6,0,second,11,1000,plus,107,32
144,6,0,second,11,1000,plus,108,33
144,6,0,second,11,1000,plus,109,28
144,6,0,second,11,1000,plus,110,29
144,6,0,second,11,1000,plus,111,25
144,6,0,second,11,1000,plus,112,32
144,6,0,second,11,1000,plus,113,16
144,6,0,second,11,1000,plus,114,20
144,6,0,second,11,1000,plus,115,15
144,6,0,second,11,1000,plus,116,10
144,6,0,second,11,1000,plus,117,9
144,6,0,second,11,1000,plus,118,10
144,6,0,second,11,1000,plus,119,8
144,6,0,second,11,1000,plus,120,8
144,6,0,second,11,1000,plus,121,3
144,6,0,second,11,1000,plus,122,6
144,6,0,second,11,1000,plus,123,6
144,6,0,second,11,1000,plus,124,4
144,6,0,second,11,1000,plus,125,1
144,6,0,second,11,1000,plus,126,4
144,6,0,second,11,1000,plus,127,2
144,6,0,second,11,1000,plus,128,1
144,6,0,second,11,1000,plus,129,2
144,6,0,second,11,1000,plus,130,1
144,6,0,second,11,1000,plus,131,1
144,12,0,first,12,1000,minus,50,1
144,12,0,first,12,1000,minus,52,1
144,12,0,first,12,1000,minus,54,1
144,12,0,first,12,1000,minus,55,1
144,12,0,first,12,1000,minus,56,1
144,12,0,first,12,1000,minus,60,1
144,12,0,first,12,1000,minus,61,1
144,12,0,first,12,1000,minus,62,1
144,12,0,first,12,1000,minus,63,6
144,12,0,first,12,1000,minus,64,5
144,12,0,first,12,1000,minus,65,10
144,12,0,first,12,1000,minus,66,6
144,12,0,first,12,1000,minus,67,9
144,12,0,first,12,1000,minus,68,10
144,12,0,first,12,1000,minus,69,6
144,12,0,first,12,1000,plus,69,2
144,12,0,first,12,1000,minus,70,9
144,12,0,first,12,1000,minus,71,20
144,12,0,first,12,1000,minus,72,28
144,12,0,first,12,1000,plus,72,3
144,12,0,first,12,1000,minus,73,25
144,12,0,first,12,1000,plus,73,3
144,12,0,first,12,1000,minus,74,33
144,12,0,first,12,1000,plus,74,5
144,12,0,first,12,1000,minus,75,30
144,12,0,first,12,1000,plus,75,4
144,12,0,first,12,1000,minus,76,43
144,12,0,first,12,1000,plus,76,6
144,12,0,first,12,1000,minus,77,35
144,12,0,first,12,1000,plus,77,9
144,12,0,first,12,1000,minus,78,49
144,12,0,first,12,1000,plus,78,12
144,12,0,first,12,1000,minus,79,56
144,12,0,first,12,1000,plus,79,12
144,12,0,first,12,1000,minus,80,51
144,12,0,first,12,1000,plus,80,14
144,12,0,first,12,1000,minus,81,51
144,12,0,first,12,1000,plus,81,34
144,12,0,first,12,1000,minus,82,64
144,12,0,first,12,1000,plus,82,27
144,12,0,first,12,1000,minus,83,54
144,12,0,first,12,1000,plus,83,39
144,12,0,first,12,1000,minus,84,45
144,12,0,first,12,1000,plus,84,42
144,12,0,first,12,1000,minus,85,56
144,12,0,first,12,1000,plus,85,38
144,12,0,first,12,1000,minus,86,58
144,12,0,first,12,1000,plus,86,38
144,12,0,first,12,1000,minus,87,42
144,12,0,first,12,1000,plus,87,62
144,12,0,first,12,1000,minus,88,28
144,12,0,first,12,1000,plus,88,67
144,12,0,first,12,1000,minus,89,31
144,12,0,first,12,1000,plus,89,55
144,12,0,first,12,1000,minus,90,29
144,12,0,first,12,1000,plus,90,59
144,12,0,first,12,1000,minus,91,25
144,12,0,first,12,1000,plus,91,56
144,12,0,first,12,1000,minus,92,21
144,12,0,first,12,1000,plus,92,67
144,12,0,first,12,1000,minus,93,23
144,12,0,first,12,1000,plus,93,43
144,12,0,first,12,1000,minus,94,7
144,12,0,first,12,1000,plus,94,56
144,12,0,first,12,1000,minus,95,4
144,12,0,first,12,1000,plus,95,42
144,12,0,first,12,1000,minus,96,9
144,12,0,first,12,1000,plus,96,33
144,12,0,first,12,1000,minus,97,7
144,12,0,first,12,1000,plus,97,45
144,12,0,first,12,1000,minus,98,2
144,12,0,first,12,1000,plus,98,22
144,12,0,first,12,1000,minus,99,1
144,12,0,first,12,1000,plus,99,23
144,12,0,first,12,1000,minus,100,1
144,12,0,first,12,1000,plus,100,16
144,12,0,first,12,1000,minus,101,2
144,12,0,first,12,1000,plus,101,20
144,12,0,first,12,1000,plus,102,12
144,12,0,first,12,1000,plus,103,10
144,12,0,first,12,1000,minus,104,1
144,12,0,first,12,1000,plus,104,4
144,12,0,first,12,1000,plus,105,8
144,12,0,first,12,1000,plus,106,2
144,12,0,first,12,1000,plus,107,1
144,12,0,first,12,1000,plus,108,3
144,12,0,first,12,1000,plus,109,2
144,12,0,first,12,1000,plus,110,3
144,12,0,first,12,1000,plus,112,1
144,6,0,second,12,1000,minus,25,1
144,6,0,second,12,1000,minus,27,1
144,6,0,second,12,1000,minus,30,1
144,6,0,second,12,1000,minus,32,1
144,6,0,second,12,1000,minus,33,1
144,6,0,second,12,1000,minus,35,3
144,6,0,second,12,1000,minus,37,1
144,6,0,second,12,1000,minus,38,2
144,6,0,second,12,1000,minus,40,3
144,6,0,second,12,1000,minus,41,2
144,6,0,second,12,1000,minus,43,4
144,6,0,second,12,1000,minus,44,4
144,6,0,second,12,1000,minus,45,6
144,6,0,second,12,1000,minus,46,3
144,6,0,second,12,1000,minus,47,3
144,6,0,second,12,1000,minus,48,6
144,6,0,second,12,1000,minus,49,10
144,6,0,second,12,1000,minus,50,12
144,6,0,second,12,1000,minus,51,10
144,6,0,second,12,1000,minus,52,11
144,6,0,second,12,1000,minus,53,18
144,6,0,second,12,1000,minus,54,12
144,6,0,second,12,1000,minus,55,15
144,6,0,second,12,1000,minus,56,28
144,6,0,second,12,1000,minus,57,14
144,6,0,second,12,1000,minus,58,14
144,6,0,second,12,1000,minus,59,15
144,6,0,second,12,1000,minus,60,21
144,6,0,second,12,1000,minus,61,32
144,6,0,second,12,1000,minus,62,23
144,6,0,second,12,1000,minus,63,33
144,6,0,second,12,1000,minus,64,25
144,6,0,second,12,1000,minus,65,39
144,6,0,second,12,1000,minus,66,24
144,6,0,second,12,1000,minus,67,28
144,6,0,second,12,1000,minus,68,31
144,6,0,second,12,1000,minus,69,34
144,6,0,second,12,1000,minus,70,38
144,6,0,second,12,1000,minus,71,41
144,6,0,second,12,1000,minus,72,40
144,6,0,second,12,1000,minus,73,33
144,6,0,second,12,1000,minus,74,38
144,6,0,second,12,1000,plus,74,1
144,6,0,second,12,1000,minus,75,28
144,6,0,second,12,1000,minus,76,43
144,6,0,second,12,1000,plus,76,1
144,6,0,second,12,1000,minus,77,41
144,6,0,second,12,1000,plus,77,2
144,6,0,second,12,1000,minus,78,34
144,6,0,second,12,1000,minus,79,27
144,6,0,second,12,1000,plus,79,1
144,6,0,second,12,1000,minus,80,25
144,6,0,second,12,1000,plus,80,2
144,6,0,second,12,1000,minus,81,23
144,6,0,second,12,1000,plus,81,1
144,6,0,second,12,1000,minus,82,16
144,6,0,second,12,1000,minus,83,18
144,6,0,second,12,1000,plus,83,5
144,6,0,second,12,1000,minus,84,10
144,6,0,second,12,1000,plus,84,6
144,6,0,second,12,1000,minus,85,13
144,6,0,second,12,1000,plus,85,7
144,6,0,second,12,1000,minus,86,6
144,6,0,second,12,1000,plus,86,12
144,6,0,second,12,1000,minus,87,11
144,6,0,second,12,1000,plus,87,13
144,6,0,second,12,1000,minus,88,9
144,6,0,second,12,1000,plus,88,15
144,6,0,second,12,1000,minus,89,5
144,6,0,second,12,1000,plus,89,17
144,6,0,second,12,1000,minus,90,4
144,6,0,second,12,1000,plus,90,22
144,6,0,second,12,1000,minus,91,2
144,6,0,second,12,1000,plus,91,29
144,6,0,second,12,1000,minus,92,2
144,6,0,second,12,1000,plus,92,25
144,6,0,second,12,1000,plus,93,18
144,6,0,second,12,1000,plus,94,35
144,6,0,second,12,1000,plus,95,37
144,6,0,second,12,1000,minus,96,1
144,6,0,second,12,1000,plus,96,43
144,6,0,second,12,1000,plus,97,42
144,6,0,second,12,1000,plus,98,42
144,6,0,second,12,1000,plus,99,37
144,6,0,second,12,1000,minus,100,1
144,6,0,second,12,1000,plus,100,48
144,6,0,second,12,1000,plus,101,42
144,6,0,second,12,1000,plus,102,47
144,6,0,second,12,1000,plus,103,45
144,6,0,second,12,1000,plus,104,33
144,6,0,second,12,1000,plus,105,39
144,6,0,second,12,1000,plus,106,37
144,6,0,second,12,1000,plus,107,37
144,6,0,second,12,1000,plus,108,30
144,6,0,second,12,1000,plus,109,33
144,6,0,second,12,1000,plus,110,24
144,6,0,second,12,1000,plus,111,28
144,6,0,second,12,1000,plus,112,28
144,6,0,second,12,1000,plus,113,15
144,6,0,second,12,1000,plus,114,10
144,6,0,second,12,1000,plus,115,20
144,6,0,second,12,1000,plus,116,11
144,6,0,second,12,1000,plus,117,6
144,6,0,second,12,1000,plus,118,14
144,6,0,second,12,1000,plus,119,8
144,6,0,second,12,1000,plus,120,10
144,6,0,second,12,1000,plus,121,2
144,6,0,second,12,1000,plus,122,6
144,6,0,second,12,1000,plus,123,4
144,6,0,second,12,1000,plus,124,6
144,6,0,second,12,1000,plus,125,1
144,6,0,second,12,1000,plus,126,2
144,6,0,second,12,1000,plus,128,1
144,12,0,first,13,1000,minus,51,1
144,12,0,first,13,1000,minus,54,1
144,12,0,first,13,1000,minus,56,1
144,12,0,first,13,1000,minus,57,1
144,12,0,first,13,1000,minus,59,1
144,12,0,first,13,1000,minus,60,1
144,12,0,first,13,1000,minus,61,2
144,12,0,first,13,1000,minus,62,3
144,12,0,first,13,1000,minus,63,2
144,12,0,first,13,1000,minus,64,5
144,12,0,first,13,1000,minus,65,7
144,12,0,first,13,1000,minus,66,5
144,12,0,first,13,1000,minus,67,10
144,12,0,first,13,1000,minus,68,14
144,12,0,first,13,1000,minus,69,12
144,12,0,first,13,1000,plus,69,1
144,12,0,first,13,1000,minus,70,22
144,12,0,first,13,1000,plus,70,1
144,12,0,first,13,1000,minus,71,25
144,12,0,first,13,1000,plus,71,2
144,12,0,first,13,1000,minus,72,22
144,12,0,first,13,1000,plus,72,2
144,12,0,first,13,1000,minus,73,24
144,12,0,first,13,1000,plus,73,5
144,12,0,first,13,1000,minus,74,37
144,12,0,first,13,1000,plus,74,1
144,12,0,first,13,1000,minus,75,26
144,12,0,first,13,1000,plus,75,5
144,12,0,first,13,1000,minus,76,46
144,12,0,first,13,1000,plus,76,9
144,12,0,first,13,1000,minus,77,32
144,12,0,first,13,1000,plus,77,5
144,12,0,first,13,1000,minus,78,54
144,12,0,first,13,1000,plus,78,11
144,12,0,first,13,1000,minus,79,37
144,12,0,first,13,1000,plus,79,16
144,12,0,first,13,1000,minus,80,56
144,12,0,first,13,1000,plus,80,14
144,12,0,first,13,1000,minus,81,53
144,12,0,first,13,1000,plus,81,31
144,12,0,first,13,1000,minus,82,61
144,12,0,first,13,1000,plus,82,31
144,12,0,first,13,1000,minus,83,54
144,12,0,first,13,1000,plus,83,30
144,12,0,first,13,1000,minus,84,62
144,12,0,first,13,1000,plus,84,41
144,12,0,first,13,1000,minus,85,58
144,12,0,first,13,1000,plus,85,42
144,12,0,first,13,1000,minus,86,54
144,12,0,first,13,1000,plus,86,54
144,12,0,first,13,1000,minus,87,27
144,12,0,first,13,1000,plus,87,54
144,12,0,first,13,1000,minus,88,41
144,12,0,first,13,1000,plus,88,57
144,12,0,first,13,1000,minus,89,33
144,12,0,first,13,1000,plus,89,51
144,12,0,first,13,1000,minus,90,26
144,12,0,first,13,1000,plus,90,64
144,12,0,first,13,1000,minus,91,15
144,12,0,first,13,1000,plus,91,52
144,12,0,first,13,1000,minus,92,24
144,12,0,first,13,1000,plus,92,45
144,12,0,first,13,1000,minus,93,13
144,12,0,first,13,1000,plus,93,57
144,12,0,first,13,1000,minus,94,10
144,12,0,first,13,1000,plus,94,58
144,12,0,first,13,1000,minus,95,7
144,12,0,first,13,1000,plus,95,46
144,12,0,first,13,1000,minus,96,3
144,12,0,first,13,1000,plus,96,46
144,12,0,first,13,1000,minus,97,3
144,12,0,first,13,1000,plus,97,29
144,12,0,first,13,1000,minus,98,3
144,12,0,first,13,1000,plus,98,33
144,12,0,first,13,1000,minus,99,4
144,12,0,first,13,1000,plus,99,23
144,12,0,first,13,1000,plus,100,21
144,12,0,first,13,1000,plus,101,14
144,12,0,first,13,1000,minus,102,1
144,12,0,first,13,1000,plus,102,12
144,12,0,first,13,1000,plus,103,8
144,12,0,first,13,1000,minus,104,1
144,12,0,first,13,1000,plus,104,9
144,12,0,first,13,1000,plus,105,3
144,12,0,first,13,1000,plus,106,6
144,12,0,first,13,1000,plus,107,4
144,12,0,first,13,1000,plus,108,1
144,12,0,first,13,1000,plus,109,1
144,12,0,first,13,1000,plus,110,2
144,12,0,first,13,1000,plus,111,1
144,12,0,first,13,1000,plus,114,1
144,12,0,first,13,1000,plus,118,1
144,6,0,second,13,1000,minus,20,1
144,6,0,second,13,1000,minus,27,1
144,6,0,second,13,1000,minus,28,1
144,6,0,second,13,1000,minus,30,1
144,6,0,second,13,1000,minus,31,1
144,6,0,second,13,1000,minus,32,2
144,6,0,second,13,1000,minus,34,2
144,6,0,second,13,1000,minus,35,2
144,6,0,second,13,1000,minus,36,1
144,6,0,second,13,1000,minus,37,1
144,6,0,second,13,1000,minus,39,1
144,6,0,second,13,1000,minus,40,2
144,6,0,second,13,1000,minus,41,3
144,6,0,second,13,1000,minus,42,1
144,6,0,second,13,1000,minus,43,4
144,6,0,second,13,1000,minus,44,4
144,6,0,second,13,1000,minus,45,3
144,6,0,second,13,1000,minus,46,4
144,6,0,second,13,1000,minus,47,9
144,6,0,second,13,1000,minus,48,7
144,6,0,second,13,1000,minus,49,14
144,6,0,second,13,1000,minus,50,7
144,6,0,second,13,1000,minus,51,15
144,6,0,second,13,1000,minus,52,10
144,6,0,second,13,1000,minus,53,14
144,6,0,second,13,1000,minus,54,8
144,6,0,second,13,1000,minus,55,22
144,6,0,second,13,1000,minus,56,27
144,6,0,second,13,1000,minus,57,18
144,6,0,second,13,1000,minus,58,21
144,6,0,second,13,1000,minus,59,25
144,6,0,second,13,1000,minus,60,19
144,6,0,second,13,1000,minus,61,26
144,6,0,second,13,1000,minus,62,29
144,6,0,second,13,1000,minus,63,32
144,6,0,second,13,1000,minus,64,34
144,6,0,second,13,1000,minus,65,23
144,6,0,second,13,1000,minus,66,32
144,6,0,second,13,1000,minus,67,31
144,6,0,second,13,1000,minus,68,27
144,6,0,second,13,1000,minus,69,43
144,6,0,second,13,1000,minus,70,36
144,6,0,second,13,1000,minus,71,25
144,6,0,second,13,1000,minus,72,32
144,6,0,second,13,1000,minus,73,46
144,6,0,second,13,1000,minus,74,31
144,6,0,second,13,1000,minus,75,30
144,6,0,second,13,1000,plus,75,1
144,6,0,second,13,1000,minus,76,33
144,6,0,second,13,1000,minus,77,31
144,6,0,second,13,1000,plus,77,1
144,6,0,second,13,1000,minus,78,27
144,6,0,second,13,1000,minus,79,27
144,6,0,second,13,1000,plus,79,1
144,6,0,second,13,1000,minus,80,23
144,6,0,second,13,1000,plus,80,1
144,6,0,second,13,1000,minus,81,26
144,6,0,second,13,1000,plus,81,2
144,6,0,second,13,1000,minus,82,19
144,6,0,second,13,1000,plus,82,2
144,6,0,second,13,1000,minus,83,19
144,6,0,second,13,1000,plus,83,2
144,6,0,second,13,1000,minus,84,12
144,6,0,second,13,1000,plus,84,7
144,6,0,second,13,1000,minus,85,14
144,6,0,second,13,1000,plus,85,10
144,6,0,second,13,1000,minus,86,10
144,6,0,second,13,1000,plus,86,14
144,6,0,second,13,1000,minus,87,5
144,6,0,second,13,1000,plus,87,13
144,6,0,second,13,1000,minus,88,7
144,6,0,second,13,1000,plus,88,8
144,6,0,second,13,1000,minus,89,3
144,6,0,second,13,1000,plus,89,15
144,6,0,second,13,1000,minus,90,4
144,6,0,second,13,1000,plus,90,26
144,6,0,second,13,1000,minus,91,5
144,6,0,second,13,1000,plus,91,25
144,6,0,second,13,1000,minus,92,1
144,6,0,second,13,1000,plus,92,26
144,6,0,second,13,1000,minus,93,1
144,6,0,second,13,1000,plus,93,29
144,6,0,second,13,1000,minus,94,3
144,6,0,second,13,1000,plus,94,35
144,6,0,second,13,1000,plus,95,37
144,6,0,second,13,1000,minus,96,1
144,6,0,second,13,1000,plus,96,30
144,6,0,second,13,1000,minus,97,1
144,6,0,second,13,1000,plus,97,28
144,6,0,second,13,1000,plus,98,32
144,6,0,second,13,1000,plus,99,49
144,6,0,second,13,1000,plus,100,42
144,6,0,second,13,1000,plus,101,47
144,6,0,second,13,1000,plus,102,45
144,6,0,second,13,1000,plus,103,39
144,6,0,second,13,1000,plus,104,40
144,6,0,second,13,1000,plus,105,31
144,6,0,second,13,1000,plus,106,35
144,6,0,second,13,1000,plus,107,40
144,6,0,second,13,1000,plus,108,43
144,6,0,second,13,1000,plus,109,28
144,6,0,second,13,1000,plus,110,25
144,6,0,second,13,1000,plus,111,20
144,6,0,second,13,1000,plus,112,26
144,6,0,second,13,1000,plus,113,24
144,6,0,second,13,1000,plus,114,21
144,6,0,second,13,1000,plus,115,15
144,6,0,second,13,1000,plus,116,17
144,6,0,second,13,1000,plus,117,13
144,6,0,second,13,1000,plus,118,13
144,6,0,second,13,1000,plus,119,7
144,6,0,second,13,1000,plus,120,6
144,6,0,second,13,1000,plus,121,5
144,6,0,second,13,1000,plus,122,10
144,6,0,second,13,1000,plus,123,6
144,6,0,second,13,1000,plus,124,4
144,6,0,second,13,1000,plus,125,2
144,6,0,second,13,1000,plus,127,1
144,6,0,second,13,1000,plus,128,1
144,12,0,first,14,1000,minus,55,2
144,12,0,first,14,1000,minus,57,2
144,12,0,first,14,1000,minus,59,1
144,12,0,first,14,1000,minus,60,1
144,12,0,first,14,1000,minus,61,1
144,12,0,first,14,1000,minus,62,2
144,12,0,first,14,1000,minus,63,4
144,12,0,first,14,1000,minus,64,2
144,12,0,first,14,1000,minus,65,6
144,12,0,first,14,1000,minus,66,5
144,12,0,first,14,1000,minus,67,11
144,12,0,first,14,1000,minus,68,13
144,12,0,first,14,1000,plus,68,1
144,12,0,first,14,1000,minus,69,8
144,12,0,first,14,1000,minus,70,16
144,12,0,first,14,1000,plus,70,1
144,12,0,first,14,1000,minus,71,13
144,12,0,first,14,1000,plus,71,1
144,12,0,first,14,1000,minus,72,19
144,12,0,first,14,1000,plus,72,3
144,12,0,first,14,1000,minus,73,31
144,12,0,first,14,1000,plus,73,1
144,12,0,first,14,1000,minus,74,34
144,12,0,first,14,1000,plus,74,5
144,12,0,first,14,1000,minus,75,24
144,12,0,first,14,1000,plus,75,6
144,12,0,first,14,1000,minus,76,35
144,12,0,first,14,1000,plus,76,6
144,12,0,first,14,1000,minus,77,36
144,12,0,first,14,1000,plus,77,9
144,12,0,first,14,1000,minus,78,43
144,12,0,first,14,1000,plus,78,11
144,12,0,first,14,1000,minus,79,47
144,12,0,first,14,1000,plus,79,18
144,12,0,first,14,1000,minus,80,59
144,12,0,first,14,1000,plus,80,14
144,12,0,first,14,1000,minus,81,56
144,12,0,first,14,1000,plus,81,20
144,12,0,first,14,1000,minus,82,69
144,12,0,first,14,1000,plus,82,23
144,12,0,first,14,1000,minus,83,68
144,12,0,first,14,1000,plus,83,26
144,12,0,first,14,1000,minus,84,59
144,12,0,first,14,1000,plus,84,44
144,12,0,first,14,1000,minus,85,58
144,12,0,first,14,1000,plus,85,54
144,12,0,first,14,1000,minus,86,48
144,12,0,first,14,1000,plus,86,57
144,12,0,first,14,1000,minus,87,41
144,12,0,first,14,1000,plus,87,51
144,12,0,first,14,1000,minus,88,50
144,12,0,first,14,1000,plus,88,45
144,12,0,first,14,1000,minus,89,31
144,12,0,first,14,1000,plus,89,63
144,12,0,first,14,1000,minus,90,16
144,12,0,first,14,1000,plus,90,59
144,12,0,first,14,1000,minus,91,21
144,12,0,first,14,1000,plus,91,52
144,12,0,first,14,1000,minus,92,13
144,12,0,first,14,1000,plus,92,45
144,12,0,first,14,1000,minus,93,19
144,12,0,first,14,1000,plus,93,70
144,12,0,first,14,1000,minus,94,16
144,12,0,first,14,1000,plus,94,47
144,12,0,first,14,1000,minus,95,10
144,12,0,first,14,1000,plus,95,40
144,12,0,first,14,1000,minus,96,3
144,12,0,first,14,1000,plus,96,39
144,12,0,first,14,1000,minus,97,1
144,12,0,first,14,1000,plus,97,25
144,12,0,first,14,1000,minus,98,2
144,12,0,first,14,1000,plus,98,37
144,12,0,first,14,1000,minus,99,2
144,12,0,first,14,1000,plus,99,21
144,12,0,first,14,1000,minus,100,1
144,12,0,first,14,1000,plus,100,24
144,12,0,first,14,1000,plus,101,17
144,12,0,first,14,1000,plus,102,18
144,12,0,first,14,1000,plus,103,10
144,12,0,first,14,1000,plus,104,9
144,12,0,first,14,1000,minus,105,1
144,12,0,first,14,1000,plus,105,6
144,12,0,first,14,1000,plus,106,9
144,12,0,first,14,1000,plus,107,5
144,12,0,first,14,1000,plus,108,4
144,12,0,first,14,1000,plus,109,1
144,12,0,first,14,1000,plus,110,1
144,12,0,first,14,1000,plus,111,2
144,6,0,second,14,1000,minus,14,1
144,6,0,second,14,1000,minus,21,1
144,6,0,second,14,1000,minus,32,1
144,6,0,second,14,1000,minus,33,1
144,6,0,second,14,1000,minus,34,1
144,6,0,second,14,1000,minus,35,4
144,6,0,second,14,1000,minus,37,3
144,6,0,second,14,1000,minus,38,3
144,6,0,second,14,1000,minus,39,2
144,6,0,second,14,1000,minus,40,1
144,6,0,second,14,1000,minus,41,2
144,6,0,second,14,1000,minus,42,1
144,6,0,second,14,1000,minus,43,4
144,6,0,second,14,1000,minus,44,7
144,6,0,second,14,1000,minus,45,3
144,6,0,second,14,1000,minus,46,6
144,6,0,second,14,1000,minus,47,5
144,6,0,second,14,1000,minus,48,6
144,6,0,second,14,1000,minus,49,2
144,6,0,second,14,1000,minus,50,11
144,6,0,second,14,1000,minus,51,5
144,6,0,second,14,1000,minus,52,7
144,6,0,second,14,1000,minus,53,13
144,6,0,second,14,1000,minus,54,11
144,6,0,second,14,1000,minus,55,16
144,6,0,second,14,1000,minus,56,12
144,6,0,second,14,1000,minus,57,22
144,6,0,second,14,1000,minus,58,20
144,6,0,second,14,1000,minus,59,20
144,6,0,second,14,1000,minus,60,26
144,6,0,second,14,1000,minus,61,26
144,6,0,second,14,1000,minus,62,19
144,6,0,second,14,1000,minus,63,33
144,6,0,second,14,1000,minus,64,27
144,6,0,second,14,1000,minus,65,34
144,6,0,second,14,1000,minus,66,34
144,6,0,second,14,1000,minus,67,32
144,6,0,second,14,1000,minus,68,42
144,6,0,second,14,1000,minus,69,36
144,6,0,second,14,1000,minus,70,48
144,6,0,second,14,1000,minus,71,31
144,6,0,second,14,1000,minus,72,38
144,6,0,second,14,1000,minus,73,38
144,6,0,second,14,1000,minus,74,52
144,6,0,second,14,1000,plus,74,1
144,6,0,second,14,1000,minus,75,42
144,6,0,second,14,1000,plus,75,1
144,6,0,second,14,1000,minus,76,31
144,6,0,second,14,1000,minus,77,26
144,6,0,second,14,1000,plus,77,1
144,6,0,second,14,1000,minus,78,28
144,6,0,second,14,1000,plus,78,3
144,6,0,second,14,1000,minus,79,19
144,6,0,second,14,1000,plus,79,2
144,6,0,second,14,1000,minus,80,23
144,6,0,second,14,1000,minus,81,24
144,6,0,second,14,1000,plus,81,1
144,6,0,second,14,1000,minus,82,21
144,6,0,second,14,1000,plus,82,3
144,6,0,second,14,1000,minus,83,14
144,6,0,second,14,1000,plus,83,3
144,6,0,second,14,1000,minus,84,8
144,6,0,second,14,1000,plus,84,2
144,6,0,second,14,1000,minus,85,15
144,6,0,second,14,1000,plus,85,7
144,6,0,second,14,1000,minus,86,12
144,6,0,second,14,1000,plus,86,16
144,6,0,second,14,1000,minus,87,4
144,6,0,second,14,1000,plus,87,6
144,6,0,second,14,1000,minus,88,10
144,6,0,second,14,1000,plus,88,19
144,6,0,second,14,1000,minus,89,3
144,6,0,second,14,1000,plus,89,19
144,6,0,second,14,1000,minus,90,6
144,6,0,second,14,1000,plus,90,22
144,6,0,second,14,1000,minus,91,2
144,6,0,second,14,1000,plus,91,24
144,6,0,second,14,1000,minus,92,3
144,6,0,second,14,1000,plus,92,35
144,6,0,second,14,1000,plus,93,33
144,6,0,second,14,1000,minus,94,1
144,6,0,second,14,1000,plus,94,24
144,6,0,second,14,1000,plus,95,40
144,6,0,second,14,1000,minus,96,1
144,6,0,second,14,1000,plus,96,31
144,6,0,second,14,1000,plus,97,41
144,6,0,second,14,1000,plus,98,43
144,6,0,second,14,1000,plus,99,46
144,6,0,second,14,1000,plus,100,38
144,6,0,second,14,1000,plus,101,45
144,6,0,second,14,1000,plus,102,36
144,6,0,second,14,1000,plus,103,48
144,6,0,second,14,1000,plus,104,30
144,6,0,second,14,1000,plus,105,23
144,6,0,second,14,1000,plus,106,37
144,6,0,second,14,1000,plus,107,28
144,6,0,second,14,1000,plus,108,30
144,6,0,second,14,1000,plus,109,36
144,6,0,second,14,1000,plus,110,27
144,6,0,second,14,1000,plus,111,32
144,6,0,second,14,1000,plus,112,23
144,6,0,second,14,1000,plus,113,23
144,6,0,second,14,1000,plus,114,19
144,6,0,second,14,1000,plus,115,17
144,6,0,second,14,1000,plus,116,14
144,6,0,second,14,1000,plus,117,9
144,6,0,second,14,1000,plus,118,14
144,6,0,second,14,1000,plus,119,11
144,6,0,second,14,1000,plus,120,11
144,6,0,second,14,1000,plus,121,3
144,6,0,second,14,1000,plus,122,5
144,6,0,second,14,1000,plus,123,3
144,6,0,second,14,1000,plus,124,5
144,6,0,second,14,1000,plus,125,4
144,6,0,second,14,1000,plus,126,2
144,6,0,second,14,1000,plus,127,2
144,6,0,second,14,1000,plus,128,1
144,6,0,second,14,1000,plus,134,1
144,12,0,first,15,1000,minus,49,1
144,12,0,first,15,1000,minus,51,1
144,12,0,first,15,1000,minus,54,1
144,12,0,first,15,1000,minus,57,1
144,12,0,first,15,1000,minus,58,1
144,12,0,first,15,1000,minus,59,1
144,12,0,first,15,1000,minus,60,1
144,12,0,first,15,1000,minus,62,2
144,12,0,first,15,1000,minus,63,7
144,12,0,first,15,1000,minus,64,2
144,12,0,first,15,1000,minus,65,4
144,12,0,first,15,1000,minus,66,12
144,12,0,first,15,1000,minus,67,5
144,12,0,first,15,1000,minus,68,7
144,12,0,first,15,1000,plus,68,1
144,12,0,first,15,1000,minus,69,7
144,12,0,first,15,1000,minus,70,16
144,12,0,first,15,1000,plus,70,3
144,12,0,first,15,1000,minus,71,19
144,12,0,first,15,1000,minus,72,22
144,12,0,first,15,1000,plus,72,1
144,12,0,first,15,1000,minus,73,25
144,12,0,first,15,1000,plus,73,2
144,12,0,first,15,1000,minus,74,40
144,12,0,first,15,1000,plus,74,1
144,12,0,first,15,1000,minus,75,33
144,12,0,first,15,1000,plus,75,6
144,12,0,first,15,1000,minus,76,30
144,12,0,first,15,1000,plus,76,6
144,12,0,first,15,1000,minus,77,50
144,12,0,first,15,1000,plus,77,7
144,12,0,first,15,1000,minus,78,58
144,12,0,first,15,1000,plus,78,10
144,12,0,first,15,1000,minus,79,53
144,12,0,first,15,1000,plus,79,17
144,12,0,first,15,1000,minus,80,59
144,12,0,first,15,1000,plus,80,23
144,12,0,first,15,1000,minus,81,56
144,12,0,first,15,1000,plus,81,19
144,12,0,first,15,1000,minus,82,51
144,12,0,first,15,1000,plus,82,39
144,12,0,first,15,1000,minus,83,52
144,12,0,first,15,1000,plus,83,35
144,12,0,first,15,1000,minus,84,40
144,12,0,first,15,1000,plus,84,36
144,12,0,first,15,1000,minus,85,53
144,12,0,first,15,1000,plus,85,44
144,12,0,first,15,1000,minus,86,62
144,12,0,first,15,1000,plus,86,48
144,12,0,first,15,1000,minus,87,50
144,12,0,first,15,1000,plus,87,61
144,12,0,first,15,1000,minus,88,40
144,12,0,first,15,1000,plus,88,46
144,12,0,first,15,1000,minus,89,38
144,12,0,first,15,1000,plus,89,39
144,12,0,first,15,1000,minus,90,28
144,12,0,first,15,1000,plus,90,58
144,12,0,first,15,1000,minus,91,14
144,12,0,first,15,1000,plus,91,45
144,12,0,first,15,1000,minus,92,17
144,12,0,first,15,1000,plus,92,54
144,12,0,first,15,1000,minus,93,14
144,12,0,first,15,1000,plus,93,57
144,12,0,first,15,1000,minus,94,9
144,12,0,first,15,1000,plus,94,49
144,12,0,first,15,1000,minus,95,8
144,12,0,first,15,1000,plus,95,46
144,12,0,first,15,1000,minus,96,4
144,12,0,first,15,1000,plus,96,51
144,12,0,first,15,1000,minus,97,3
144,12,0,first,15,1000,plus,97,41
144,12,0,first,15,1000,minus,98,1
144,12,0,first,15,1000,plus,98,35
144,12,0,first,15,1000,minus,99,2
144,12,0,first,15,1000,plus,99,27
144,12,0,first,15,1000,plus,100,27
144,12,0,first,15,1000,plus,101,15
144,12,0,first,15,1000,plus,102,10
144,12,0,first,15,1000,plus,103,10
144,12,0,first,15,1000,plus,104,6
144,12,0,first,15,1000,plus,105,5
144,12,0,first,15,1000,plus,106,3
144,12,0,first,15,1000,plus,107,5
144,12,0,first,15,1000,plus,108,5
144,12,0,first,15,1000,plus,109,3
144,12,0,first,15,1000,plus,110,1
144,12,0,first,15,1000,plus,112,1
144,12,0,first,15,1000,plus,118,1
144,12,0,first,15,1000,plus,119,1
144,6,0,second,15,1000,minus,27,1
144,6,0,second,15,1000,minus,29,1
144,6,0,second,15,1000,minus,32,2
144,6,0,second,15,1000,minus,34,1
144,6,0,second,15,1000,minus,35,1
144,6,0,second,15,1000,minus,36,3
144,6,0,second,15,1000,minus,37,1
144,6,0,second,15,1000,minus,39,3
144,6,0,second,15,1000,minus,40,1
144,6,0,second,15,1000,minus,41,5
144,6,0,second,15,1000,minus,42,4
144,6,0,second,15,1000,minus,43,3
144,6,0,second,15,1000,minus,44,1
144,6,0,second,15,1000,minus,45,6
144,6,0,second,15,1000,minus,46,9
144,6,0,second,15,1000,minus,47,4
144,6,0,second,15,1000,minus,48,10
144,6,0,second,15,1000,minus,49,9
144,6,0,second,15,1000,minus,50,8
144,6,0,second,15,1000,minus,51,11
144,6,0,second,15,1000,minus,52,7
144,6,0,second,15,1000,minus,53,10
144,6,0,second,15,1000,minus,54,13
144,6,0,second,15,1000,minus,55,14
144,6,0,second,15,1000,minus,56,21
144,6,0,second,15,1000,minus,57,20
144,6,0,second,15,1000,minus,58,10
144,6,0,second,15,1000,minus,59,29
144,6,0,second,15,1000,minus,60,24
144,6,0,second,15,1000,minus,61,22
144,6,0,second,15,1000,minus,62,26
144,6,0,second,15,1000,minus,63,28
144,6,0,second,15,1000,minus,64,24
144,6,0,second,15,1000,minus,65,33
144,6,0,second,15,1000,minus,66,25
144,6,0,second,15,1000,minus,67,35
144,6,0,second,15,1000,minus,68,28
144,6,0,second,15,1000,minus,69,29
144,6,0,second,15,1000,minus,70,42
144,6,0,second,15,1000,minus,71,41
144,6,0,second,15,1000,minus,72,39
144,6,0,second,15,1000,plus,72,1
144,6,0,second,15,1000,minus,73,34
144,6,0,second,15,1000,minus,74,29
144,6,0,second,15,1000,minus,75,27
144,6,0,second,15,1000,minus,76,37
144,6,0,second,15,1000,minus,77,39
144,6,0,second,15,1000,plus,77,2
144,6,0,second,15,1000,minus,78,31
144,6,0,second,15,1000,plus,78,3
144,6,0,second,15,1000,minus,79,29
144,6,0,second,15,1000,plus,79,2
144,6,0,second,15,1000,minus,80,26
144,6,0,second,15,1000,plus,80,4
144,6,0,second,15,1000,minus,81,13
144,6,0,second,15,1000,plus,81,3
144,6,0,second,15,1000,minus,82,23
144,6,0,second,15,1000,plus,82,4
144,6,0,second,15,1000,minus,83,28
144,6,0,second,15,1000,plus,83,3
144,6,0,second,15,1000,minus,84,18
144,6,0,second,15,1000,plus,84,8
144,6,0,second,15,1000,minus,85,11
144,6,0,second,15,1000,plus,85,9
144,6,0,second,15,1000,minus,86,17
144,6,0,second,15,1000,plus,86,8
144,6,0,second,15,1000,minus,87,7
144,6,0,second,15,1000,plus,87,18
144,6,0,second,15,1000,minus,88,7
144,6,0,second,15,1000,plus,88,12
144,6,0,second,15,1000,minus,89,7
144,6,0,second,15,1000,plus,89,19
144,6,0,second,15,1000,minus,90,2
144,6,0,second,15,1000,plus,90,18
144,6,0,second,15,1000,minus,91,6
144,6,0,second,15,1000,plus,91,24
144,6,0,second,15,1000,minus,92,3
144,6,0,second,15,1000,plus,92,29
144,6,0,second,15,1000,minus,93,2
144,6,0,second,15,1000,plus,93,41
144,6,0,second,15,1000,plus,94,35
144,6,0,second,15,1000,plus,95,29
144,6,0,second,15,1000,plus,96,37
144,6,0,second,15,1000,plus,97,30
144,6,0,second,15,1000,plus,98,59
144,6,0,second,15,1000,plus,99,38
144,6,0,second,15,1000,plus,100,32
144,6,0,second,15,1000,plus,101,44
144,6,0,second,15,1000,plus,102,41
144,6,0,second,15,1000,plus,103,26
144,6,0,second,15,1000,plus,104,28
144,6,0,second,15,1000,plus,105,36
144,6,0,second,15,1000,plus,106,37
144,6,0,second,15,1000,plus,107,29
144,6,0,second,15,1000,plus,108,35
144,6,0,second,15,1000,plus,109,28
144,6,0,second,15,1000,plus,110,36
144,6,0,second,15,1000,plus,111,31
144,6,0,second,15,1000,plus,112,28
144,6,0,second,15,1000,plus,113,23
144,6,0,second,15,1000,plus,114,17
144,6,0,second,15,1000,plus,115,20
144,6,0,second,15,1000,plus,116,12
144,6,0,second,15,1000,plus,117,13
144,6,0,second,15,1000,plus,118,12
144,6,0,second,15,1000,plus,119,9
144,6,0,second,15,1000,plus,120,6
144,6,0,second,15,1000,plus,121,8
144,6,0,second,15,1000,plus,122,1
144,6,0,second,15,1000,plus,123,4
144,6,0,second,15,1000,plus,125,2
144,6,0,second,15,1000,plus,126,2
144,6,0,second,15,1000,plus,127,2
144,6,0,second,15,1000,plus,128,1
144,6,0,second,15,1000,plus,133,1
144,12,0,first,16,1000,minus,55,1
144,12,0,first,16,1000,minus,56,2
144,12,0,first,16,1000,minus,57,1
144,12,0,first,16,1000,minus,58,1
144,12,0,first,16,1000,minus,59,1
144,12,0,first,16,1000,minus,60,1
144,12,0,first,16,1000,minus,61,4
144,12,0,first,16,1000,minus,62,2
144,12,0,first,16,1000,minus,63,7
144,12,0,first,16,1000,minus,64,3
144,12,0,first,16,1000,minus,65,3
144,12,0,first,16,1000,minus,66,3
144,12,0,first,16,1000,minus,67,3
144,12,0,first,16,1000,minus,68,10
144,12,0,first,16,1000,minus,69,13
144,12,0,first,16,1000,plus,69,1
144,12,0,first,16,1000,minus,70,8
144,12,0,first,16,1000,minus,71,17
144,12,0,first,16,1000,minus,72,30
144,12,0,first,16,1000,plus,72,1
144,12,0,first,16,1000,minus,73,22
144,12,0,first,16,1000,plus,73,4
144,12,0,first,16,1000,minus,74,30
144,12,0,first,16,1000,plus,74,3
144,12,0,first,16,1000,minus,75,38
144,12,0,first,16,1000,plus,75,4
144,12,0,first,16,1000,minus,76,38
144,12,0,first,16,1000,plus,76,7
144,12,0,first,16,1000,minus,77,40
144,12,0,first,16,1000,plus,77,8
144,12,0,first,16,1000,minus,78,37
144,12,0,first,16,1000,plus,78,10
144,12,0,first,16,1000,minus,79,44
144,12,0,first,16,1000,plus,79,14
144,12,0,first,16,1000,minus,80,57
144,12,0,first,16,1000,plus,80,20
144,12,0,first,16,1000,minus,81,51
144,12,0,first,16,1000,plus,81,15
144,12,0,first,16,1000,minus,82,66
144,12,0,first,16,1000,plus,82,20
144,12,0,first,16,1000,minus,83,59
144,12,0,first,16,1000,plus,83,38
144,12,0,first,16,1000,minus,84,56
144,12,0,first,16,1000,plus,84,45
144,12,0,first,16,1000,minus,85,61
144,12,0,first,16,1000,plus,85,45
144,12,0,first,16,1000,minus,86,49
144,12,0,first,16,1000,plus,86,55
144,12,0,first,16,1000,minus,87,39
144,12,0,first,16,1000,plus,87,58
144,12,0,first,16,1000,minus,88,38
144,12,0,first,16,1000,plus,88,53
144,12,0,first,16,1000,minus,89,39
144,12,0,first,16,1000,plus,89,67
144,12,0,first,16,1000,minus,90,29
144,12,0,first,16,1000,plus,90,57
144,12,0,first,16,1000,minus,91,18
144,12,0,first,16,1000,plus,91,58
144,12,0,first,16,1000,minus,92,15
144,12,0,first,16,1000,plus,92,44
144,12,0,first,16,1000,minus,93,18
144,12,0,first,16,1000,plus,93,53
144,12,0,first,16,1000,minus,94,21
144,12,0,first,16,1000,plus,94,48
144,12,0,first,16,1000,minus,95,8
144,12,0,first,16,1000,plus,95,44
144,12,0,first,16,1000,minus,96,3
144,12,0,first,16,1000,plus,96,47
144,12,0,first,16,1000,minus,97,3
144,12,0,first,16,1000,plus,97,26
144,12,0,first,16,1000,minus,98,3
144,12,0,first,16,1000,plus,98,37
144,12,0,first,16,1000,minus,99,3
144,12,0,first,16,1000,plus,99,26
144,12,0,first,16,1000,minus,100,2
144,12,0,first,16,1000,plus,100,20
144,12,0,first,16,1000,minus,101,2
144,12,0,first,16,1000,plus,101,14
144,12,0,first,16,1000,plus,102,17
144,12,0,first,16,1000,minus,103,1
144,12,0,first,16,1000,plus,103,11
144,12,0,first,16,1000,plus,104,7
144,12,0,first,16,1000,plus,105,3
144,12,0,first,16,1000,plus,106,6
144,12,0,first,16,1000,plus,107,5
144,12,0,first,16,1000,plus,108,1
144,12,0,first,16,1000,plus,109,2
144,12,0,first,16,1000,plus,110,2
144,12,0,first,16,1000,plus,111,1
144,12,0,first,16,1000,plus,112,3
144,6,0,second,16,1000,minus,30,1
144,6,0,second,16,1000,minus,32,3
144,6,0,second,16,1000,minus,33,1
144,6,0,second,16,1000,minus,35,3
144,6,0,second,16,1000,minus,36,1
144,6,0,second,16,1000,minus,37,1
144,6,0,second,16,1000,minus,38,2
144,6,0,second,16,1000,minus,39,5
144,6,0,second,16,1000,minus,40,3
144,6,0,second,16,1000,minus,41,5
144,6,0,second,16,1000,minus,42,3
144,6,0,second,16,1000,minus,43,2
144,6,0,second,16,1000,minus,44,3
144,6,0,second,16,1000,minus,45,2
144,6,0,second,16,1000,minus,46,3
144,6,0,second,16,1000,minus,47,5
144,6,0,second,16,1000,minus,48,8
144,6,0,second,16,1000,minus,49,9
144,6,0,second,16,1000,minus,50,7
144,6,0,second,16,1000,minus,51,12
144,6,0,second,16,1000,minus,52,8
144,6,0,second,16,1000,minus,53,12
144,6,0,second,16,1000,minus,54,13
144,6,0,second,16,1000,minus,55,22
144,6,0,second,16,1000,minus,56,11
144,6,0,second,16,1000,minus,57,21
144,6,0,second,16,1000,minus,58,30
144,6,0,second,16,1000,minus,59,14
144,6,0,second,16,1000,minus,60,24
144,6,0,second,16,1000,minus,61,29
144,6,0,second,16,1000,minus,62,28
144,6,0,second,16,1000,minus,63,28
144,6,0,second,16,1000,minus,64,31
144,6,0,second,16,1000,minus,65,28
144,6,0,second,16,1000,minus,66,42
144,6,0,second,16,1000,minus,67,32
144,6,0,second,16,1000,minus,68,37
144,6,0,second,16,1000,minus,69,39
144,6,0,second,16,1000,minus,70,44
144,6,0,second,16,1000,minus,71,40
144,6,0,second,16,1000,minus,72,31
144,6,0,second,16,1000,minus,73,40
144,6,0,second,16,1000,plus,73,1
144,6,0,second,16,1000,minus,74,29
144,6,0,second,16,1000,minus,75,33
144,6,0,second,16,1000,plus,75,1
144,6,0,second,16,1000,minus,76,39
144,6,0,second,16,1000,plus,76,1
144,6,0,second,16,1000,minus,77,30
144,6,0,second,16,1000,plus,77,2
144,6,0,second,16,1000,minus,78,24
144,6,0,second,16,1000,minus,79,22
144,6,0,second,16,1000,plus,79,1
144,6,0,second,16,1000,minus,80,21
144,6,0,second,16,1000,minus,81,13
144,6,0,second,16,1000,plus,81,5
144,6,0,second,16,1000,minus,82,22
144,6,0,second,16,1000,plus,82,3
144,6,0,second,16,1000,minus,83,22
144,6,0,second,16,1000,plus,83,6
144,6,0,second,16,1000,minus,84,14
144,6,0,second,16,1000,plus,84,3
144,6,0,second,16,1000,minus,85,11
144,6,0,second,16,1000,plus,85,8
144,6,0,second,16,1000,minus,86,15
144,6,0,second,16,1000,plus,86,17
144,6,0,second,16,1000,minus,87,6
144,6,0,second,16,1000,plus,87,16
144,6,0,second,16,1000,minus,88,6
144,6,0,second,16,1000,plus,88,14
144,6,0,second,16,1000,minus,89,5
144,6,0,second,16,1000,plus,89,18
144,6,0,second,16,1000,minus,90,2
144,6,0,second,16,1000,plus,90,24
144,6,0,second,16,1000,minus,91,1
144,6,0,second,16,1000,plus,91,27
144,6,0,second,16,1000,minus,92,2
144,6,0,second,16,1000,plus,92,26
144,6,0,second,16,1000,plus,93,25
144,6,0,second,16,1000,plus,94,34
144,6,0,second,16,1000,plus,95,38
144,6,0,second,16,1000,plus,96,38
144,6,0,second,16,1000,plus,97,36
144,6,0,second,16,1000,plus,98,38
144,6,0,second,16,1000,plus,99,47
144,6,0,second,16,1000,plus,100,33
144,6,0,second,16,1000,plus,101,42
144,6,0,second,16,1000,plus,102,47
144,6,0,second,16,1000,plus,103,39
144,6,0,second,16,1000,plus,104,27
144,6,0,second,16,1000,plus,105,40
144,6,0,second,16,1000,plus,106,38
144,6,0,second,16,1000,plus,107,36
144,6,0,second,16,1000,plus,108,36
144,6,0,second,16,1000,plus,109,29
144,6,0,second,16,1000,plus,110,34
144,6,0,second,16,1000,plus,111,25
144,6,0,second,16,1000,plus,112,24
144,6,0,second,16,1000,plus,113,22
144,6,0,second,16,1000,plus,114,17
144,6,0,second,16,1000,plus,115,10
144,6,0,second,16,1000,plus,116,13
144,6,0,second,16,1000,plus,117,12
144,6,0,second,16,1000,plus,118,8
144,6,0,second,16,1000,plus,119,11
144,6,0,second,16,1000,plus,120,3
144,6,0,second,16,1000,plus,121,11
144,6,0,second,16,1000,plus,122,5
144,6,0,second,16,1000,plus,125,4
144,6,0,second,16,1000,plus,126,2
144,6,0,second,16,1000,plus,127,1
144,6,0,second,16,1000,plus,128,1
144,6,0,second,16,1000,plus,129,1
144,12,0,first,17,1000,minus,57,2
144,12,0,first,17,1000,minus,58,2
144,12,0,first,17,1000,minus,59,3
144,12,0,first,17,1000,minus,60,3
144,12,0,first,17,1000,minus,61,1
144,12,0,first,17,1000,minus,62,1
144,12,0,first,17,1000,minus,63,4
144,12,0,first,17,1000,minus,64,11
144,12,0,first,17,1000,minus,65,5
144,12,0,first,17,1000,minus,66,9
144,12,0,first,17,1000,minus,67,8
144,12,0,first,17,1000,minus,68,7
144,12,0,first,17,1000,minus,69,11
144,12,0,first,17,1000,minus,70,14
144,12,0,first,17,1000,minus,71,25
144,12,0,first,17,1000,plus,71,2
144,12,0,first,17,1000,minus,72,26
144,12,0,first,17,1000,plus,72,2
144,12,0,first,17,1000,minus,73,15
144,12,0,first,17,1000,plus,73,2
144,12,0,first,17,1000,minus,74,36
144,12,0,first,17,1000,minus,75,39
144,12,0,first,17,1000,plus,75,8
144,12,0,first,17,1000,minus,76,43
144,12,0,first,17,1000,plus,76,13
144,12,0,first,17,1000,minus,77,41
144,12,0,first,17,1000,plus,77,7
144,12,0,first,17,1000,minus,78,51
144,12,0,first,17,1000,plus,78,12
144,12,0,first,17,1000,minus,79,61
144,12,0,first,17,1000,plus,79,17
144,12,0,first,17,1000,minus,80,42
144,12,0,first,17,1000,plus,80,19
144,12,0,first,17,1000,minus,81,54
144,12,0,first,17,1000,plus,81,28
144,12,0,first,17,1000,minus,82,52
144,12,0,first,17,1000,plus,82,25
144,12,0,first,17,1000,minus,83,69
144,12,0,first,17,1000,plus,83,37
144,12,0,first,17,1000,minus,84,45
144,12,0,first,17,1000,plus,84,33
144,12,0,first,17,1000,minus,85,45
144,12,0,first,17,1000,plus,85,53
144,12,0,first,17,1000,minus,86,44
144,12,0,first,17,1000,plus,86,52
144,12,0,first,17,1000,minus,87,51
144,12,0,first,17,1000,plus,87,61
144,12,0,first,17,1000,minus,88,33
144,12,0,first,17,1000,plus,88,54
144,12,0,first,17,1000,minus,89,29
144,12,0,first,17,1000,plus,89,60
144,12,0,first,17,1000,minus,90,24
144,12,0,first,17,1000,plus,90,62
144,12,0,first,17,1000,minus,91,25
144,12,0,first,17,1000,plus,91,41
144,12,0,first,17,1000,minus,92,18
144,12,0,first,17,1000,plus,92,44
144,12,0,first,17,1000,minus,93,15
144,12,0,first,17,1000,plus,93,62
144,12,0,first,17,1000,minus,94,7
144,12,0,first,17,1000,plus,94,45
144,12,0,first,17,1000,minus,95,10
144,12,0,first,17,1000,plus,95,42
144,12,0,first,17,1000,minus,96,5
144,12,0,first,17,1000,plus,96,49
144,12,0,first,17,1000,minus,97,4
144,12,0,first,17,1000,plus,97,35
144,12,0,first,17,1000,minus,98,1
144,12,0,first,17,1000,plus,98,34
144,12,0,first,17,1000,minus,99,4
144,12,0,first,17,1000,plus,99,18
144,12,0,first,17,1000,minus,100,3
144,12,0,first,17,1000,plus,100,17
144,12,0,first,17,1000,minus,101,2
144,12,0,first,17,1000,plus,101,19
144,12,0,first,17,1000,plus,102,9
144,12,0,first,17,1000,plus,103,8
144,12,0,first,17,1000,plus,104,9
144,12,0,first,17,1000,plus,105,3
144,12,0,first,17,1000,plus,106,7
144,12,0,first,17,1000,plus,107,3
144,12,0,first,17,1000,plus,109,2
144,12,0,first,17,1000,plus,110,3
144,12,0,first,17,1000,plus,111,2
144,12,0,first,17,1000,plus,112,1
144,6,0,second,17,1000,minus,32,1
144,6,0,second,17,1000,minus,38,7
144,6,0,second,17,1000,minus,39,4
144,6,0,second,17,1000,minus,40,3
144,6,0,second,17,1000,minus,41,3
144,6,0,second,17,1000,minus,42,5
144,6,0,second,17,1000,minus,43,4
144,6,0,second,17,1000,minus,44,3
144,6,0,second,17,1000,minus,45,4
144,6,0,second,17,1000,minus,46,5
144,6,0,second,17,1000,minus,47,6
144,6,0,second,17,1000,minus,48,8
144,6,0,second,17,1000,minus,49,8
144,6,0,second,17,1000,minus,50,12
144,6,0,second,17,1000,minus,51,8
144,6,0,second,17,1000,minus,52,10
144,6,0,second,17,1000,minus,53,10
144,6,0,second,17,1000,minus,54,15
144,6,0,second,17,1000,minus,55,17
144,6,0,second,17,1000,minus,56,15
144,6,0,second,17,1000,minus,57,21
144,6,0,second,17,1000,minus,58,19
144,6,0,second,17,1000,minus,59,23
144,6,0,second,17,1000,minus,60,22
144,6,0,second,17,1000,minus,61,24
144,6,0,second,17,1000,minus,62,21
144,6,0,second,17,1000,minus,63,33
144,6,0,second,17,1000,minus,64,38
144,6,0,second,17,1000,minus,65,37
144,6,0,second,17,1000,minus,66,23
144,6,0,second,17,1000,minus,67,42
144,6,0,second,17,1000,minus,68,37
144,6,0,second,17,1000,minus,69,31
144,6,0,second,17,1000,minus,70,39
144,6,0,second,17,1000,minus,71,49
144,6,0,second,17,1000,minus,72,47
144,6,0,second,17,1000,minus,73,33
144,6,0,second,17,1000,minus,74,33
144,6,0,second,17,1000,plus,74,1
144,6,0,second,17,1000,minus,75,26
144,6,0,second,17,1000,minus,76,30
144,6,0,second,17,1000,minus,77,25
144,6,0,second,17,1000,minus,78,28
144,6,0,second,17,1000,minus,79,23
144,6,0,second,17,1000,plus,79,3
144,6,0,second,17,1000,minus,80,29
144,6,0,second,17,1000,plus,80,2
144,6,0,second,17,1000,minus,81,21
144,6,0,second,17,1000,minus,82,18
144,6,0,second,17,1000,plus,82,1
144,6,0,second,17,1000,minus,83,21
144,6,0,second,17,1000,plus,83,4
144,6,0,second,17,1000,minus,84,14
144,6,0,second,17,1000,plus,84,7
144,6,0,second,17,1000,minus,85,5
144,6,0,second,17,1000,plus,85,7
144,6,0,second,17,1000,minus,86,10
144,6,0,second,17,1000,plus,86,6
144,6,0,second,17,1000,minus,87,3
144,6,0,second,17,1000,plus,87,12
144,6,0,second,17,1000,minus,88,14
144,6,0,second,17,1000,plus,88,16
144,6,0,second,17,1000,minus,89,5
144,6,0,second,17,1000,plus,89,16
144,6,0,second,17,1000,minus,90,1
144,6,0,second,17,1000,plus,90,25
144,6,0,second,17,1000,minus,91,2
144,6,0,second,17,1000,plus,91,24
144,6,0,second,17,1000,minus,92,3
144,6,0,second,17,1000,plus,92,22
144,6,0,second,17,1000,minus,93,1
144,6,0,second,17,1000,plus,93,40
144,6,0,second,17,1000,minus,94,1
144,6,0,second,17,1000,plus,94,43
144,6,0,second,17,1000,plus,95,42
144,6,0,second,17,1000,plus,96,46
144,6,0,second,17,1000,plus,97,26
144,6,0,second,17,1000,plus,98,34
144,6,0,second,17,1000,plus,99,42
144,6,0,second,17,1000,plus,100,40
144,6,0,second,17,1000,plus,101,54
144,6,0,second,17,1000,plus,102,39
144,6,0,second,17,1000,plus,103,46
144,6,0,second,17,1000,plus,104,51
144,6,0,second,17,1000,plus,105,32
144,6,0,second,17,1000,plus,106,36
144,6,0,second,17,1000,plus,107,35
144,6,0,second,17,1000,plus,108,29
144,6,0,second,17,1000,plus,109,25
144,6,0,second,17,1000,plus,110,29
144,6,0,second,17,1000,plus,111,23
144,6,0,second,17,1000,plus,112,17
144,6,0,second,17,1000,plus,113,14
144,6,0,second,17,1000,plus,114,19
144,6,0,second,17,1000,plus,115,15
144,6,0,second,17,1000,plus,116,18
144,6,0,second,17,1000,plus,117,8
144,6,0,second,17,1000,plus,118,7
144,6,0,second,17,1000,plus,119,11
144,6,0,second,17,1000,plus,120,8
144,6,0,second,17,1000,plus,121,5
144,6,0,second,17,1000,plus,122,5
144,6,0,second,17,1000,plus,123,4
144,6,0,second,17,1000,plus,124,5
144,6,0,second,17,1000,plus,125,1
144,6,0,second,17,1000,plus,126,2
144,6,0,second,17,1000,plus,127,3
144,12,0,first,18,1000,minus,50,1
144,12,0,first,18,1000,minus,54,1
144,12,0,first,18,1000,minus,57,1
144,12,0,first,18,1000,minus,58,3
144,12,0,first,18,1000,minus,59,1
144,12,0,first,18,1000,minus,60,1
144,12,0,first,18,1000,minus,61,2
144,12,0,first,18,1000,minus,63,4
144,12,0,first,18,1000,minus,64,5
144,12,0,first,18,1000,minus,65,8
144,12,0,first,18,1000,minus,66,7
144,12,0,first,18,1000,minus,67,7
144,12,0,first,18,1000,minus,68,15
144,12,0,first,18,1000,minus,69,14
144,12,0,first,18,1000,minus,70,14
144,12,0,first,18,1000,minus,71,20
144,12,0,first,18,1000,plus,71,1
144,12,0,first,18,1000,minus,72,21
144,12,0,first,18,1000,minus,73,23
144,12,0,first,18,1000,plus,73,3
144,12,0,first,18,1000,minus,74,32
144,12,0,first,18,1000,plus,74,5
144,12,0,first,18,1000,minus,75,33
144,12,0,first,18,1000,plus,75,5
144,12,0,first,18,1000,minus,76,38
144,12,0,first,18,1000,plus,76,5
144,12,0,first,18,1000,minus,77,46
144,12,0,first,18,1000,plus,77,11
144,12,0,first,18,1000,minus,78,38
144,12,0,first,18,1000,plus,78,7
144,12,0,first,18,1000,minus,79,54
144,12,0,first,18,1000,plus,79,13
144,12,0,first,18,1000,minus,80,51
144,12,0,first,18,1000,plus,80,28
144,12,0,first,18,1000,minus,81,66
144,12,0,first,18,1000,plus,81,15
144,12,0,first,18,1000,minus,82,75
144,12,0,first,18,1000,plus,82,26
144,12,0,first,18,1000,minus,83,51
144,12,0,first,18,1000,plus,83,37
144,12,0,first,18,1000,minus,84,43
144,12,0,first,18,1000,plus,84,46
144,12,0,first,18,1000,minus,85,59
144,12,0,first,18,1000,plus,85,43
144,12,0,first,18,1000,minus,86,49
144,12,0,first,18,1000,plus,86,47
144,12,0,first,18,1000,minus,87,43
144,12,0,first,18,1000,plus,87,51
144,12,0,first,18,1000,minus,88,27
144,12,0,first,18,1000,plus,88,57
144,12,0,first,18,1000,minus,89,38
144,12,0,first,18,1000,plus,89,68
144,12,0,first,18,1000,minus,90,27
144,12,0,first,18,1000,plus,90,74
144,12,0,first,18,1000,minus,91,24
144,12,0,first,18,1000,plus,91,64
144,12,0,first,18,1000,minus,92,15
144,12,0,first,18,1000,plus,92,44
144,12,0,first,18,1000,minus,93,17
144,12,0,first,18,1000,plus,93,51
144,12,0,first,18,1000,minus,94,9
144,12,0,first,18,1000,plus,94,44
144,12,0,first,18,1000,minus,95,5
144,12,0,first,18,1000,plus,95,45
144,12,0,first,18,1000,minus,96,4
144,12,0,first,18,1000,plus,96,38
144,12,0,first,18,1000,minus,97,2
144,12,0,first,18,1000,plus,97,28
144,12,0,first,18,1000,minus,98,2
144,12,0,first,18,1000,plus,98,22
144,12,0,first,18,1000,plus,99,31
144,12,0,first,18,1000,minus,100,2
144,12,0,first,18,1000,plus,100,20
144,12,0,first,18,1000,minus,101,2
144,12,0,first,18,1000,plus,101,15
144,12,0,first,18,1000,plus,102,15
144,12,0,first,18,1000,plus,103,10
144,12,0,first,18,1000,plus,104,6
144,12,0,first,18,1000,plus,105,7
144,12,0,first,18,1000,plus,106,5
144,12,0,first,18,1000,plus,107,4
144,12,0,first,18,1000,plus,108,3
144,12,0,first,18,1000,plus,109,3
144,12,0,first,18,1000,plus,110,1
144,12,0,first,18,1000,plus,112,1
144,12,0,first,18,1000,plus,113,1
144,6,0,second,18,1000,minus,23,1
144,6,0,second,18,1000,minus,32,1
144,6,0,second,18,1000,minus,33,1
144,6,0,second,18,1000,minus,35,1
144,6,0,second,18,1000,minus,38,3
144,6,0,second,18,1000,minus,39,1
144,6,0,second,18,1000,minus,40,3
144,6,0,second,18,1000,minus,41,2
144,6,0,second,18,1000,minus,42,4
144,6,0,second,18,1000,minus,43,2
144,6,0,second,18,1000,minus,44,5
144,6,0,second,18,1000,minus,45,4
144,6,0,second,18,1000,minus,46,5
144,6,0,second,18,1000,minus,47,6
144,6,0,second,18,1000,minus,48,7
144,6,0,second,18,1000,minus,49,6
144,6,0,second,18,1000,minus,50,13
144,6,0,second,18,1000,minus,51,17
144,6,0,second,18,1000,minus,52,5
144,6,0,second,18,1000,minus,53,11
144,6,0,second,18,1000,minus,54,15
144,6,0,second,18,1000,minus,55,14
144,6,0,second,18,1000,minus,56,11
144,6,0,second,18,1000,minus,57,20
144,6,0,second,18,1000,minus,58,17
144,6,0,second,18,1000,minus,59,26
144,6,0,second,18,1000,minus,60,19
144,6,0,second,18,1000,minus,61,25
144,6,0,second,18,1000,minus,62,24
144,6,0,second,18,1000,minus,63,25
144,6,0,second,18,1000,minus,64,29
144,6,0,second,18,1000,minus,65,32
144,6,0,second,18,1000,minus,66,32
144,6,0,second,18,1000,minus,67,28
144,6,0,second,18,1000,minus,68,47
144,6,0,second,18,1000,minus,69,38
144,6,0,second,18,1000,minus,70,45
144,6,0,second,18,1000,plus,70,1
144,6,0,second,18,1000,minus,71,29
144,6,0,second,18,1000,minus,72,54
144,6,0,second,18,1000,minus,73,32
144,6,0,second,18,1000,plus,73,1
144,6,0,second,18,1000,minus,74,27
144,6,0,second,18,1000,minus,75,36
144,6,0,second,18,1000,minus,76,36
144,6,0,second,18,1000,minus,77,32
144,6,0,second,18,1000,minus,78,30
144,6,0,second,18,1000,plus,78,1
144,6,0,second,18,1000,minus,79,23
144,6,0,second,18,1000,plus,79,2
144,6,0,second,18,1000,minus,80,27
144,6,0,second,18,1000,minus,81,24
144,6,0,second,18,1000,plus,81,3
144,6,0,second,18,1000,minus,82,18
144,6,0,second,18,1000,plus,82,1
144,6,0,second,18,1000,minus,83,13
144,6,0,second,18,1000,plus,83,6
144,6,0,second,18,1000,minus,84,15
144,6,0,second,18,1000,plus,84,8
144,6,0,second,18,1000,minus,85,15
144,6,0,second,18,1000,plus,85,10
144,6,0,second,18,1000,minus,86,8
144,6,0,second,18,1000,plus,86,13
144,6,0,second,18,1000,minus,87,15
144,6,0,second,18,1000,plus,87,18
144,6,0,second,18,1000,minus,88,5
144,6,0,second,18,1000,plus,88,17
144,6,0,second,18,1000,minus,89,6
144,6,0,second,18,1000,plus,89,18
144,6,0,second,18,1000,minus,90,3
144,6,0,second,18,1000,plus,90,19
144,6,0,second,18,1000,minus,91,4
144,6,0,second,18,1000,plus,91,34
144,6,0,second,18,1000,plus,92,28
144,6,0,second,18,1000,minus,93,2
144,6,0,second,18,1000,plus,93,33
144,6,0,second,18,1000,plus,94,33
144,6,0,second,18,1000,minus,95,1
144,6,0,second,18,1000,plus,95,25
144,6,0,second,18,1000,plus,96,34
144,6,0,second,18,1000,plus,97,39
144,6,0,second,18,1000,plus,98,42
144,6,0,second,18,1000,plus,99,50
144,6,0,second,18,1000,plus,100,43
144,6,0,second,18,1000,plus,101,39
144,6,0,second,18,1000,plus,102,38
144,6,0,second,18,1000,plus,103,46
144,6,0,second,18,1000,plus,104,42
144,6,0,second,18,1000,plus,105,36
144,6,0,second,18,1000,plus,106,25
144,6,0,second,18,1000,plus,107,32
144,6,0,second,18,1000,plus,108,33
144,6,0,second,18,1000,plus,109,26
144,6,0,second,18,1000,plus,110,23
144,6,0,second,18,1000,plus,111,24
144,6,0,second,18,1000,plus,112,29
144,6,0,second,18,1000,plus,113,22
144,6,0,second,18,1000,plus,114,12
144,6,0,second,18,1000,plus,115,15
144,6,0,second,18,1000,plus,116,15
144,6,0,second,18,1000,plus,117,12
144,6,0,second,18,1000,plus,118,10
144,6,0,second,18,1000,plus,119,8
144,6,0,second,18,1000,plus,120,7
144,6,0,second,18,1000,plus,121,3
144,6,0,second,18,1000,plus,122,4
144,6,0,second,18,1000,plus,123,6
144,6,0,second,18,1000,plus,124,3
144,6,0,second,18,1000,plus,125,2
144,6,0,second,18,1000,plus,127,5
144,6,0,second,18,1000,plus,128,3
144,6,0,second,18,1000,plus,130,1
144,12,0,first,19,1000,minus,48,1
144,12,0,first,19,1000,minus,56,2
144,12,0,first,19,1000,minus,60,1
144,12,0,first,19,1000,minus,62,3
144,12,0,first,19,1000,minus,63,1
144,12,0,first,19,1000,minus,64,7
144,12,0,first,19,1000,minus,65,16
144,12,0,first,19,1000,minus,66,5
144,12,0,first,19,1000,minus,67,10
144,12,0,first,19,1000,minus,68,12
144,12,0,first,19,1000,minus,69,8
144,12,0,first,19,1000,minus,70,12
144,12,0,first,19,1000,plus,70,1
144,12,0,first,19,1000,minus,71,21
144,12,0,first,19,1000,plus,71,2
144,12,0,first,19,1000,minus,72,13
144,12,0,first,19,1000,minus,73,27
144,12,0,first,19,1000,minus,74,23
144,12,0,first,19,1000,plus,74,2
144,12,0,first,19,1000,minus,75,42
144,12,0,first,19,1000,plus,75,6
144,12,0,first,19,1000,minus,76,47
144,12,0,first,19,1000,plus,76,7
144,12,0,first,19,1000,minus,77,43
144,12,0,first,19,1000,plus,77,7
144,12,0,first,19,1000,minus,78,45
144,12,0,first,19,1000,plus,78,12
144,12,0,first,19,1000,minus,79,39
144,12,0,first,19,1000,plus,79,10
144,12,0,first,19,1000,minus,80,48
144,12,0,first,19,1000,plus,80,23
144,12,0,first,19,1000,minus,81,57
144,12,0,first,19,1000,plus,81,14
144,12,0,first,19,1000,minus,82,56
144,12,0,first,19,1000,plus,82,25
144,12,0,first,19,1000,minus,83,52
144,12,0,first,19,1000,plus,83,37
144,12,0,first,19,1000,minus,84,44
144,12,0,first,19,1000,plus,84,40
144,12,0,first,19,1000,minus,85,62
144,12,0,first,19,1000,plus,85,43
144,12,0,first,19,1000,minus,86,55
144,12,0,first,19,1000,plus,86,40
144,12,0,first,19,1000,minus,87,50
144,12,0,first,19,1000,plus,87,47
144,12,0,first,19,1000,minus,88,39
144,12,0,first,19,1000,plus,88,67
144,12,0,first,19,1000,minus,89,35
144,12,0,first,19,1000,plus,89,61
144,12,0,first,19,1000,minus,90,27
144,12,0,first,19,1000,plus,90,67
144,12,0,first,19,1000,minus,91,20
144,12,0,first,19,1000,plus,91,53
144,12,0,first,19,1000,minus,92,26
144,12,0,first,19,1000,plus,92,58
144,12,0,first,19,1000,minus,93,11
144,12,0,first,19,1000,plus,93,49
144,12,0,first,19,1000,minus,94,17
144,12,0,first,19,1000,plus,94,51
144,12,0,first,19,1000,minus,95,11
144,12,0,first,19,1000,plus,95,54
144,12,0,first,19,1000,minus,96,3
144,12,0,first,19,1000,plus,96,39
144,12,0,first,19,1000,minus,97,3
144,12,0,first,19,1000,plus,97,34
144,12,0,first,19,1000,minus,98,1
144,12,0,first,19,1000,plus,98,29
144,12,0,first,19,1000,minus,99,1
144,12,0,first,19,1000,plus,99,32
144,12,0,first,19,1000,minus,100,2
144,12,0,first,19,1000,plus,100,23
144,12,0,first,19,1000,plus,101,10
144,12,0,first,19,1000,minus,102,1
144,12,0,first,19,1000,plus,102,10
144,12,0,first,19,1000,minus,103,1
144,12,0,first,19,1000,plus,103,8
144,12,0,first,19,1000,plus,104,7
144,12,0,first,19,1000,plus,105,10
144,12,0,first,19,1000,plus,106,9
144,12,0,first,19,1000,plus,107,6
144,12,0,first,19,1000,plus,110,3
144,12,0,first,19,1000,plus,111,1
144,12,0,first,19,1000,plus,113,3
144,6,0,second,19,1000,minus,26,1
144,6,0,second,19,1000,minus,31,2
144,6,0,second,19,1000,minus,35,2
144,6,0,second,19,1000,minus,36,1
144,6,0,second,19,1000,minus,37,1
144,6,0,second,19,1000,minus,38,1
144,6,0,second,19,1000,minus,39,2
144,6,0,second,19,1000,minus,40,1
144,6,0,second,19,1000,minus,41,2
144,6,0,second,19,1000,minus,42,1
144,6,0,second,19,1000,minus,43,4
144,6,0,second,19,1000,minus,44,5
144,6,0,second,19,1000,minus,45,7
144,6,0,second,19,1000,minus,46,4
144,6,0,second,19,1000,minus,47,8
144,6,0,second,19,1000,minus,48,10
144,6,0,second,19,1000,minus,49,8
144,6,0,second,19,1000,minus,50,3
144,6,0,second,19,1000,minus,51,13
144,6,0,second,19,1000,minus,52,9
144,6,0,second,19,1000,minus,53,14
144,6,0,second,19,1000,minus,54,9
144,6,0,second,19,1000,minus,55,12
144,6,0,second,19,1000,minus,56,17
144,6,0,second,19,1000,minus,57,16
144,6,0,second,19,1000,minus,58,20
144,6,0,second,19,1000,minus,59,18
144,6,0,second,19,1000,minus,60,21
144,6,0,second,19,1000,minus,61,24
144,6,0,second,19,1000,minus,62,36
144,6,0,second,19,1000,minus,63,28
144,6,0,second,19,1000,minus,64,39
144,6,0,second,19,1000,minus,65,28
144,6,0,second,19,1000,minus,66,33
144,6,0,second,19,1000,minus,67,38
144,6,0,second,19,1000,minus,68,40
144,6,0,second,19,1000,minus,69,37
144,6,0,second,19,1000,minus,70,33
144,6,0,second,19,1000,minus,71,41
144,6,0,second,19,1000,minus,72,36
144,6,0,second,19,1000,minus,73,37
144,6,0,second,19,1000,minus,74,44
144,6,0,second,19,1000,minus,75,33
144,6,0,second,19,1000,plus,75,1
144,6,0,second,19,1000,minus,76,40
144,6,0,second,19,1000,minus,77,26
144,6,0,second,19,1000,plus,77,2
144,6,0,second,19,1000,minus,78,29
144,6,0,second,19,1000,minus,79,27
144,6,0,second,19,1000,plus,79,2
144,6,0,second,19,1000,minus,80,30
144,6,0,second,19,1000,plus,80,1
144,6,0,second,19,1000,minus,81,18
144,6,0,second,19,1000,plus,81,4
144,6,0,second,19,1000,minus,82,17
144,6,0,second,19,1000,plus,82,2
144,6,0,second,19,1000,minus,83,24
144,6,0,second,19,1000,plus,83,5
144,6,0,second,19,1000,minus,84,13
144,6,0,second,19,1000,plus,84,5
144,6,0,second,19,1000,minus,85,8
144,6,0,second,19,1000,plus,85,7
144,6,0,second,19,1000,minus,86,10
144,6,0,second,19,1000,plus,86,10
144,6,0,second,19,1000,minus,87,8
144,6,0,second,19,1000,plus,87,17
144,6,0,second,19,1000,minus,88,4
144,6,0,second,19,1000,plus,88,16
144,6,0,second,19,1000,minus,89,2
144,6,0,second,19,1000,plus,89,19
144,6,0,second,19,1000,minus,90,3
144,6,0,second,19,1000,plus,90,20
144,6,0,second,19,1000,minus,91,1
144,6,0,second,19,1000,plus,91,20
144,6,0,second,19,1000,plus,92,32
144,6,0,second,19,1000,minus,93,1
144,6,0,second,19,1000,plus,93,34
144,6,0,second,19,1000,plus,94,39
144,6,0,second,19,1000,plus,95,46
144,6,0,second,19,1000,plus,96,42
144,6,0,second,19,1000,plus,97,29
144,6,0,second,19,1000,plus,98,31
144,6,0,second,19,1000,plus,99,41
144,6,0,second,19,1000,plus,100,49
144,6,0,second,19,1000,plus,101,45
144,6,0,second,19,1000,plus,102,42
144,6,0,second,19,1000,plus,103,41
144,6,0,second,19,1000,plus,104,38
144,6,0,second,19,1000,plus,105,39
144,6,0,second,19,1000,plus,106,27
144,6,0,second,19,1000,plus,107,39
144,6,0,second,19,1000,plus,108,31
144,6,0,second,19,1000,plus,109,23
144,6,0,second,19,1000,plus,110,27
144,6,0,second,19,1000,plus,111,26
144,6,0,second,19,1000,plus,112,22
144,6,0,second,19,1000,plus,113,17
144,6,0,second,19,1000,plus,114,25
144,6,0,second,19,1000,plus,115,15
144,6,0,second,19,1000,plus,116,12
144,6,0,second,19,1000,plus,117,14
144,6,0,second,19,1000,plus,118,10
144,6,0,second,19,1000,plus,119,8
144,6,0,second,19,1000,plus,120,4
144,6,0,second,19,1000,plus,121,9
144,6,0,second,19,1000,plus,122,4
144,6,0,second,19,1000,plus,123,2
144,6,0,second,19,1000,plus,124,2
144,6,0,second,19,1000,plus,125,1
144,6,0,second,19,1000,plus,127,1
144,6,0,second,19,1000,plus,129,1
144,6,0,second,19,1000,plus,135,1
