N,p,prefixes,original_batches,mean_F1,mean_F2,mean_A,mean_E,pointwise_se_F1,pointwise_se_F2,pointwise_se_A,pointwise_se_E
325,0.0,20000,20,0.0,0.0,0.0,0.0,0.0,0.0,0.0,0.0
325,0.001,20000,20,0.0,0.0,0.0,0.0,0.0,0.0,0.0,0.0
325,0.002,20000,20,0.0,0.0,0.0,0.0,0.0,0.0,0.0,0.0
325,0.003,20000,20,0.0,0.0,0.0,0.0,0.0,0.0,0.0,0.0
325,0.004,20000,20,0.0,0.0,0.0,0.0,0.0,0.0,0.0,0.0
325,0.005,20000,20,0.0,0.0,0.0,0.0,0.0,0.0,0.0,0.0
325,0.006,20000,20,0.0,0.0,0.0,0.0,0.0,0.0,0.0,0.0
325,0.007,20000,20,0.0,0.0,0.0,0.0,0.0,0.0,0.0,0.0
325,0.008,20000,20,-4.74e-320,-8.05e-322,-4.8206e-320,4.6595e-320,0.0,0.0,0.0,0.0
325,0.009000000000000001,20000,20,-3.92881883049287e-310,-6.70916117593e-312,-3.99591044225216e-310,3.8617272187336e-310,0.0,0.0,0.0,0.0
325,0.01,20000,20,-2.888293513735179e-301,-4.9511256859351375e-303,-2.9378047705945304e-301,2.8387822568758276e-301,0.0,0.0,0.0,0.0
325,0.011,20000,20,-2.9910765850003113e-293,-5.146917550331147e-295,-3.0425457605036235e-293,2.939607409497e-293,0.0,0.0,0.0,0.0
325,0.012,20000,20,-6.139787455988199e-286,-1.0605489491942514e-287,-6.245842350907624e-286,6.033732561068775e-286,0.0,0.0,0.0,0.0
325,0.013000000000000001,20000,20,-3.2379057705477984e-279,-5.614355934894585e-281,-3.294049329896746e-279,3.1817622111988532e-279,0.0,0.0,0.0,0.0
325,0.014,20000,20,-5.3668717468995395e-273,-9.341485946756821e-275,-5.460286606367107e-273,5.27345688743197e-273,0.0,0.0,0.0,0.0
325,0.015,20000,20,-3.2804771977030605e-267,-5.7318054435541324e-269,-3.337795252138602e-267,3.2231591432675195e-267,0.0,0.0,0.0,0.0
325,0.016,20000,20,-8.41140908073413e-262,-1.4753107342205289e-263,-8.558940154156184e-262,8.26387800731208e-262,0.0,0.0,0.0,0.0
325,0.017,20000,20,-1.005276903706857e-256,-1.7699518235933298e-258,-1.0229764219427902e-256,9.875773854709235e-257,0.0,0.0,0.0,0.0
325,0.018000000000000002,20000,20,-6.11084948026903e-252,-1.0800378769977362e-253,-6.218853267968804e-252,6.002845692569255e-252,0.0,0.0,0.0,0.0
325,0.019,20000,20,-2.0327097762630876e-247,-3.6064100425324e-249,-2.0687738766884115e-247,1.9966456758377637e-247,0.0,0.0,0.0,0.0
325,0.02,20000,20,-3.9361838324147764e-243,-7.010324155258697e-245,-4.006287073967363e-243,3.8660805908621893e-243,0.0,0.0,0.0,0.0
325,0.021,20000,20,-4.677723385321844e-239,-8.362977655235551e-241,-4.761353161874198e-239,4.594093608769489e-239,0.0,0.0,0.0,0.0
325,0.022,20000,20,-3.570124572233994e-235,-6.407286148184855e-237,-3.634197433715842e-235,3.5060517107521455e-235,0.0,0.0,0.0,0.0
325,0.023,20000,20,-1.8202027543235707e-231,-3.27925769450624e-233,-1.852995331268633e-231,1.7874101773785082e-231,0.0,0.0,0.0,0.0
325,0.024,20000,20,-6.415898488585694e-228,-1.1603231970665633e-229,-6.531930808292352e-228,6.299866168879039e-228,0.0,0.0,0.0,0.0
325,0.025,20000,20,-1.611324479751036e-224,-2.925303243462246e-226,-1.640577512185658e-224,1.5820714473164134e-224,0.0,0.0,0.0,0.0
325,0.026000000000000002,20000,20,-2.961027044321127e-221,-5.396315667507282e-223,-3.0149902009962007e-221,2.9070638876460545e-221,0.0,0.0,0.0,0.0
325,0.027,20000,20,-4.076372492862997e-218,-7.457557506668075e-220,-4.1509480679296783e-218,4.001796917796317e-218,0.0,0.0,0.0,0.0
325,0.028,20000,20,-4.293369872873562e-215,-7.884778964181577e-217,-4.3722176625153773e-215,4.214522083231748e-215,0.0,0.0,0.0,0.0
325,0.029,20000,20,-3.5251371435136113e-212,-6.498848357879111e-214,-3.5901256270924033e-212,3.46014865993482e-212,0.0,0.0,0.0,0.0
325,0.03,20000,20,-2.2947591414676682e-209,-4.246854298660558e-211,-2.3372276844542734e-209,2.2522905984810624e-209,0.0,0.0,0.0,0.0
325,0.031,20000,20,-1.2025147328419393e-206,-2.2340414617856023e-208,-1.2248551474597952e-206,1.1801743182240827e-206,0.0,0.0,0.0,0.0
325,0.032,20000,20,-5.142983038665972e-204,-9.591514584284745e-206,-5.2388981845088206e-204,5.047067892823125e-204,0.0,0.0,0.0,0.0
325,0.033,20000,20,-1.817767066303556e-201,-3.403159592359067e-203,-1.851798662227147e-201,1.783735470379965e-201,0.0,0.0,0.0,0.0
325,0.034,20000,20,-5.370326840975472e-199,-1.0092935581852279e-200,-5.471256196793994e-199,5.269397485156949e-199,0.0,0.0,0.0,0.0
325,0.035,20000,20,-1.3400273720692444e-196,-2.528155990921903e-198,-1.3653089319784633e-196,1.3147458121600254e-196,0.0,0.0,0.0,0.0
325,0.036000000000000004,20000,20,-2.8510633345659726e-194,-5.399719442372643e-196,-2.9050605289896994e-194,2.7970661401422465e-194,0.0,0.0,0.0,0.0
325,0.037,20000,20,-5.217597227140158e-192,-9.919955781371543e-194,-5.316796784953875e-192,5.118397669326443e-192,0.0,0.0,0.0,0.0
325,0.038,20000,20,-8.279262805865986e-190,-1.5801795419287946e-191,-8.437280760058867e-190,8.121244851673109e-190,0.0,0.0,0.0,0.0
325,0.039,20000,20,-1.1475863589203759e-187,-2.1987530415778822e-189,-1.169573889336155e-187,1.1255988285045971e-187,0.0,0.0,0.0,0.0
325,0.04,20000,20,-1.3990156822815999e-185,-2.690857507659659e-187,-1.425924257358196e-185,1.3721071072050032e-185,0.0,0.0,0.0,0.0
325,0.041,20000,20,-1.509572820491657e-183,-2.9147409554026596e-185,-1.5387202300456836e-183,1.4804254109376307e-183,0.0,0.0,0.0,0.0
325,0.042,20000,20,-1.450212735242952e-181,-2.810969457619432e-183,-1.4783224298191465e-181,1.422103040666758e-181,0.0,0.0,0.0,0.0
325,0.043000000000000003,20000,20,-1.247174517946287e-179,-2.426782756564948e-181,-1.271442345511936e-179,1.2229066903806376e-179,0.0,0.0,0.0,0.0
325,0.044,20000,20,-9.650475483319075e-178,-1.885091298914223e-179,-9.838984613210499e-178,9.461966353427654e-178,0.0,0.0,0.0,0.0
325,0.045,20000,20,-6.750801983500009e-176,-1.32379215060884e-177,-6.88318119856089e-176,6.618422768439124e-176,0.0,0.0,0.0,0.0
325,0.046,20000,20,-4.288156279607672e-174,-8.441440145398501e-176,-4.372570681061658e-174,4.203741878153688e-174,0.0,0.0,0.0,0.0
325,0.047,20000,20,-2.4836689165592608e-172,-4.908196126363442e-174,-2.5327508778228953e-172,2.4345869552956268e-172,0.0,0.0,0.0,0.0
325,0.048,20000,20,-1.3167710863884332e-170,-2.612290758656388e-172,-1.342893993974997e-170,1.2906481788018692e-170,0.0,0.0,0.0,0.0
325,0.049,20000,20,-6.413597113408903e-169,-1.2773111337845719e-170,-6.541328226787361e-169,6.285866000030447e-169,0.0,0.0,0.0,0.0
325,0.05,20000,20,-2.879740499361323e-167,-5.757486590641362e-169,-2.9373153652677364e-167,2.822165633454909e-167,0.0,0.0,0.0,0.0
325,0.051000000000000004,20000,20,-1.195810948234853e-165,-2.400089497084803e-167,-1.2198118432057015e-165,1.1718100532640054e-165,0.0,0.0,0.0,0.0
325,0.052000000000000005,20000,20,-4.60622328160001e-164,-9.281026293320519e-166,-4.699033544533215e-164,4.513413018666804e-164,0.0,0.0,0.0,0.0
325,0.053,20000,20,-1.6505980543234464e-162,-3.3387140984664914e-164,-1.6839851953081113e-162,1.6172109133387818e-162,4.970239661431059e-163,0.0,4.970239661431059e-163,4.970239661431059e-163
325,0.054,20000,20,-5.517248739816803e-161,-1.1203355961922268e-162,-5.629282299436027e-161,5.405215180197581e-161,1.639425848697153e-161,1.1113793747425387e-162,1.6964469891585946e-161,1.5873672523365086e-161
325,0.055,20000,20,-1.7246271890845254e-159,-3.5156793268040985e-161,-1.7597839823525668e-159,1.6894703958164847e-159,5.1183020292296597e-160,3.405248993523683e-161,5.2981449270919737e-160,4.955358853527975e-160
325,0.056,20000,20,-5.05366013811902e-158,-1.034211364456681e-159,-5.157081274564688e-158,4.950239001673352e-158,1.498136557691374e-158,9.974866092331759e-160,1.5508307383067458e-158,1.4503964648633116e-158
325,0.057,20000,20,-1.39138108074264e-156,-2.8585079854550873e-158,-1.4199661605971907e-156,1.3627960008880893e-156,4.120074908521171e-157,2.7454770525183273e-158,4.2651388444136206e-157,3.988656167983673e-157
325,0.058,20000,20,-3.607071991718585e-155,-7.439418114024417e-157,-3.6814661728588294e-155,3.5326778105783405e-155,1.0669066647951521e-155,7.115406257956159e-157,1.1045099316273329e-155,1.0328423282129606e-155
325,0.059000000000000004,20000,20,-8.82314450223386e-154,-1.8268344567011427e-155,-9.005827947903975e-154,8.640461056563745e-154,2.606793061427718e-154,1.7399788361120067e-155,2.698764340241667e-154,2.523482057209383e-154
325,0.06,20000,20,-2.040319138303633e-152,-4.2409813047205e-154,-2.0827289513508373e-152,1.997909325256428e-152,6.021320683558545e-153,4.022507676846377e-154,6.233980613846828e-153,5.828696476476329e-153
325,0.061,20000,20,-4.468720933222779e-151,-9.324912231783531e-153,-4.561970055540614e-151,4.3754718109049445e-151,1.3173049321517732e-151,8.807704682560858e-153,1.3638775009254604e-151,1.275122685613873e-151
325,0.062,20000,20,-9.286323981546178e-150,-1.945357525632481e-151,-9.480859734109434e-150,9.091788228982935e-150,2.7343574044353286e-150,1.8298125698051864e-151,2.8311296565245073e-150,2.6467130519080443e-150
325,0.063,20000,20,-1.834037488198549e-148,-3.85708052817199e-150,-1.8726082934802687e-148,1.7954666829168294e-148,5.394198878488149e-149,3.612907042989359e-150,5.58530559365183e-149,5.221128848526226e-149
325,0.064,20000,20,-3.4480238590402636e-147,-7.2797503122410494e-149,-3.5208213621626743e-147,3.3752263559178534e-147,1.012966851006667e-147,6.7905849954922605e-149,1.0488920669940689e-147,9.804343543500688e-148
325,0.065,20000,20,-6.180044548171828e-146,-1.3098886508547177e-147,-6.311033413257299e-146,6.049055683086357e-146,1.8135173979732522e-146,1.2168006427985547e-147,1.877902113565471e-146,1.7552169192028625e-146
325,0.066,20000,20,-1.057556405064186e-144,-2.2503169875697316e-146,-1.0800595749398833e-144,1.0350532351884887e-144,3.099828954223565e-145,2.0817319955308783e-146,3.209997452709175e-145,3.0000779334061407e-145
325,0.067,20000,20,-1.730250080265928e-143,-3.696130182022642e-145,-1.7672113820861547e-143,1.6932887784457015e-143,5.0657768523741115e-144,3.405070969822252e-145,5.246006464154125e-144,4.902601001544222e-144
325,0.068,20000,20,-2.7100894987368318e-142,-5.811939414712286e-144,-2.768208892883955e-142,2.6519701045897093e-142,7.925427721409989e-143,5.33211492492394e-144,8.207697865796846e-143,7.669884866791271e-143
325,0.069,20000,20,-4.0689146875533465e-141,-8.7602386841018e-143,-4.156517074394365e-141,3.9813123007123286e-141,1.1885527692404678e-141,8.003788435544641e-143,1.230929222314422e-141,1.1501916127563146e-141
325,0.07,20000,20,-5.863011234340759e-140,-1.2672399101948301e-141,-5.989735225360243e-140,5.736287243321276e-140,1.7106466966322067e-140,1.1530322807534761e-141,1.7717032263845327e-140,1.655379590252698e-140
325,0.07100000000000001,20000,20,-8.117356559630782e-139,-1.7613852467135184e-140,-8.29349508430213e-139,7.941218034959429e-139,2.365662759217799e-139,1.5960322643125027e-140,2.4501890962477237e-139,2.2891571272202424e-139
325,0.07200000000000001,20000,20,-1.0810447184796602e-137,-2.3549726408986523e-139,-1.1045944448886467e-137,1.057494992070674e-137,3.146874184928259e-138,2.12510107718694e-139,3.259435144137159e-138,3.045002118958965e-138
325,0.073,20000,20,-1.3863446511388708e-136,-3.0319131554137877e-138,-1.416663782693009e-136,1.3560255195847328e-136,4.030912163235428e-137,2.7246995588650385e-138,4.1752508339644657e-137,3.9002904972116173e-137
325,0.074,20000,20,-1.713727373898835e-135,-3.762629781815705e-137,-1.7513536717169918e-135,1.6761010760806777e-135,4.9770172880827964e-136,3.3674659772797103e-137,5.155428134133409e-136,4.8155746767855795e-136
325,0.075,20000,20,-2.044004175733872e-134,-4.505433828250124e-136,-2.089058514016373e-134,1.9989498374513713e-134,5.929299265774984e-135,4.015687719145186e-136,6.142078866875967e-135,5.736772761446026e-135
325,0.076,20000,20,-2.354512176403767e-133,-5.2102880994602056e-135,-2.4066150573983687e-133,2.302409295409165e-133,6.822060872010503e-134,4.624857635843975e-135,7.067146875288323e-134,6.600321983734758e-134
325,0.077,20000,20,-2.6217588708354958e-132,-5.824523298913499e-134,-2.6800041038246305e-132,2.563513637846361e-132,7.587510929011277e-133,5.148871527300837e-134,7.860396351660881e-133,7.340642407216175e-133
325,0.078,20000,20,-2.824460341454464e-131,-6.299569232347831e-133,-2.887456033777943e-131,2.761464649130987e-131,8.164561621950342e-132,5.545992574906823e-133,8.458525357435192e-132,7.898648137984947e-132
325,0.079,20000,20,-2.946408568744725e-130,-6.597463025999672e-132,-3.0123831990047213e-130,2.8804339384847277e-130,8.507070539524366e-131,5.784474094493125e-132,8.813706154264669e-131,8.229719616497345e-131
325,0.08,20000,20,-2.978621342079702e-129,-6.695897775096694e-131,-3.0455803198306693e-129,2.911662364328736e-129,8.589955248637997e-130,5.846769021233178e-131,8.899923303443464e-130,8.309616218561721e-130
325,0.081,20000,20,-2.9203809045958144e-128,-6.590880570324e-130,-2.986289710299054e-128,2.8544720988925746e-128,8.412062752805727e-129,5.731555375925151e-130,8.715950940968377e-129,8.137248506065259e-129
325,0.082,20000,20,-2.7790105831959617e-127,-6.296590857423239e-129,-2.8419764917701936e-127,2.716044674621729e-127,7.995386448456272e-128,5.453284722226668e-129,8.284546213673037e-128,7.73391681097395e-128
325,0.083,20000,20,-2.568503789239862e-126,-5.842621180501151e-128,-2.6269300010448734e-126,2.5100775774348503e-126,7.380989319518098e-127,5.039480796128197e-128,7.648229576554396e-127,7.139364001638376e-127
325,0.084,20000,20,-2.3073373570720984e-125,-5.269286073721654e-127,-2.3600302178093143e-125,2.2546444963348817e-125,6.622613625522575e-126,4.526441663294383e-127,6.862666792059256e-126,6.405591342702545e-126
325,0.085,20000,20,-2.0159219616700235e-124,-4.6219844539648486e-126,-2.062141806209672e-124,1.969702117130375e-124,5.779294619544116e-125,3.954234589062412e-126,5.989017296878194e-125,5.589712321791141e-125
325,0.08600000000000001,20000,20,-1.714149554231838e-123,-3.9456493476414925e-125,-1.7536060477082528e-123,1.6746930607554234e-123,4.9083041381375945e-124,3.361885756829228e-125,5.086622631915462e-124,4.7471269987479904e-124
325,0.08700000000000001,20000,20,-1.419407135700065e-122,-3.280142459662671e-124,-1.452208560296691e-122,1.3866057111034378e-122,4.059478178330613e-123,2.783488280816736e-124,4.207127455485896e-123,3.926036280292185e-123
325,0.088,20000,20,-1.1452759723826978e-121,-2.657129705013334e-123,-1.1718472694328314e-121,1.1187046753325644e-121,3.271543342975251e-122,2.245656790969561e-123,3.390670785525925e-122,3.1638904536296656e-122
325,0.089,20000,20,-9.009712709601345e-121,-2.098608245810406e-122,-9.219573534182389e-121,8.799851885020305e-121,2.5705828161037855e-121,1.7664349477217998e-122,2.6642938229365848e-121,2.485907541009672e-121
325,0.09,20000,20,-6.914386067927534e-120,-1.616936007740181e-121,-7.076079668701551e-120,6.752692467153513e-120,1.9703856311540474e-120,1.3554904343861008e-121,2.0422993821480812e-120,1.905413181162678e-120
325,0.091,20000,20,-5.179339183106917e-119,-1.2159992026993436e-120,-5.300939103376851e-119,5.057739262836982e-119,1.4741705365707687e-119,1.0152569465328662e-120,1.5280361971266057e-119,1.42550968267747e-119
325,0.092,20000,20,-3.788798740189992e-118,-8.930610794263577e-120,-3.8781048481326285e-118,3.6994926322473573e-118,1.0770837915438318e-118,7.426165063952266e-120,1.1164858723466942e-118,1.0414930966523624e-118
325,0.093,20000,20,-2.7080468361331233e-117,-6.408515688273195e-119,-2.7721319930158544e-117,2.643961679250391e-117,7.689135498320189e-118,5.307418594802948e-119,7.970749627208003e-118,7.434792105111481e-118
325,0.094,20000,20,-1.892135168765289e-116,-4.495479928629706e-118,-1.9370899680515868e-116,1.8471803694789926e-116,5.365938533921796e-117,3.7080544504032654e-118,5.562696234405135e-117,5.188255647087143e-117
325,0.095,20000,20,-1.2929942712371975e-115,-3.084211173004126e-117,-1.3238363829672384e-115,1.2621521595071557e-115,3.662360815823665e-116,2.5337279877978866e-117,3.796809995382618e-116,3.540960731192426e-116
325,0.096,20000,20,-8.64549955663069e-115,-2.0704377627867118e-116,-8.852543332909357e-115,8.43845578035202e-115,2.4458195299718213e-115,1.694047544968615e-116,2.5357142714136135e-115,2.3646596841458535e-115
325,0.097,20000,20,-5.658834421187221e-114,-1.3605817548233326e-115,-5.7948925966695544e-114,5.5227762457048894e-114,1.5989315810261827e-114,1.1087593018075359e-115,1.657769117974556e-114,1.545817873128182e-114
325,0.098,20000,20,-3.6274016714315135e-113,-8.756284560568218e-115,-3.714964517037196e-113,3.5398388258258316e-113,1.0236839804297085e-113,7.106952320083885e-115,1.0613983725854378e-113,9.896428812990057e-114
325,0.099,20000,20,-2.2781310552808952e-112,-5.521161901496475e-114,-2.33334267429586e-112,2.2229194362659304e-112,6.421183907680795e-113,4.463202570509874e-114,6.658034676072975e-113,6.207429689367057e-113
325,0.1,20000,20,-1.4023398222280301e-111,-3.41219317001709e-113,-1.4364617539282012e-111,1.3682178905278596e-111,3.947795012988679e-112,2.747286690103126e-113,4.093587335306708e-112,3.816237065556258e-112
325,0.101,20000,20,-8.464302149305006e-111,-2.0677644987969846e-112,-8.671078599184703e-111,8.257525699425304e-111,2.3798861440776488e-111,1.6581635957047469e-112,2.4678812466206705e-111,2.3004930776522614e-111
325,0.10200000000000001,20000,20,-5.0114005438064253e-110,-1.2291351051029554e-111,-5.134314054316721e-110,4.888487033296129e-110,1.4072997207337153e-110,9.817106914381423e-112,1.459396764459941e-110,1.3603018817424025e-110
325,0.10300000000000001,20000,20,-2.9115147429787275e-109,-7.169537031152996e-111,-2.983210113290257e-109,2.8398193726671976e-109,8.165968598486873e-110,5.703405772645419e-111,8.468632231651359e-110,7.892967197203589e-110
325,0.10400000000000001,20000,20,-1.6604582038887137e-108,-4.105184744543169e-110,-1.7015100513341456e-108,1.6194063564432823e-108,4.651324562098688e-109,3.252645890719498e-110,4.823931060571773e-109,4.495656080331798e-109
325,0.105,20000,20,-9.299050799809392e-108,-2.3082192110708765e-109,-9.52987272091648e-108,9.068228878702305e-108,2.6016331361461993e-108,1.8215609410814776e-109,2.6982952803018495e-108,2.5144689729105927e-108
325,0.106,20000,20,-5.1156321089727835e-107,-1.2748892181594442e-108,-5.2431210307887246e-107,4.9881431871568376e-107,1.4294343932753326e-107,1.0020821548870282e-108,1.482609256553922e-107,1.381491416781271e-107
325,0.107,20000,20,-2.7653755228151293e-106,-6.919313632721366e-108,-2.834568659142342e-106,2.6961823864879155e-106,7.717475670572325e-107,5.4170116337767185e-108,8.004918267582053e-107,7.45835271905882e-107
325,0.108,20000,20,-1.4694104912662521e-105,-3.6913807937969735e-107,-1.5063242992042215e-105,1.4324966833282822e-105,4.0956162953469707e-106,2.878413038252223e-107,4.2483485451566616e-106,3.957952191306025e-106
325,0.109,20000,20,-7.67719512034014e-105,-1.936360249049341e-106,-7.870831145245074e-105,7.483559095435206e-105,2.137137233544167e-105,1.503902123924718e-106,2.2169332945611116e-105,2.0652245179241295e-105
325,0.11,20000,20,-3.945162654998406e-104,-9.990504633104934e-106,-4.045067701329456e-104,3.845257608667358e-104,1.0968498536923335e-104,7.728436088517471e-106,1.137854749606851e-104,1.059901654287688e-104
325,0.111,20000,20,-1.9946146829370105e-103,-5.071325966929151e-105,-2.045327942606302e-103,1.9439014232677184e-103,5.538503584171518e-104,3.907492260361155e-105,5.745814609810179e-104,5.3517313356285953e-104
325,0.112,20000,20,-9.924537389839784e-103,-2.533458917595646e-104,-1.0177883281599344e-102,9.671191498080215e-103,2.752286139767023e-103,1.9443054450900823e-104,2.8554355886240257e-103,2.6593706140368664e-103
325,0.113,20000,20,-4.861169287642535e-102,-1.2459095126151505e-103,-4.985760238904049e-102,4.73657833638102e-102,1.3463955048666382e-102,9.523854870182606e-104,1.3969187571064609e-102,1.300892178242294e-102
325,0.114,20000,20,-2.3446026469668993e-101,-6.033346377141118e-103,-2.4049361107383102e-101,2.2842691831954877e-101,6.485574698632553e-102,4.593690972257618e-103,6.7292516098121615e-102,6.266144831544982e-102
325,0.115,20000,20,-1.1138109697559495e-100,-2.8776955601578015e-102,-1.1425879253575275e-100,1.0850340141543715e-100,3.0770653398940013e-101,2.1823641379270016e-102,3.1928235652651886e-101,2.97284277378597e-101
325,0.116,20000,20,-5.212909165291398e-100,-1.3522561444162904e-101,-5.348134779733028e-100,5.077683550849769e-100,1.438302045635999e-100,1.0214609844784307e-101,1.4924792297747358e-100,1.3895319170528775e-100
325,0.117,20000,20,-2.404279959318559e-99,-6.261961622238226e-101,-2.466899575540941e-99,2.3416603430961777e-99,6.625190735262227e-100,4.711457327611155e-101,6.875062896099891e-100,6.400294628755576e-100
325,0.11800000000000001,20000,20,-1.0930325774250294e-98,-2.8582890534490597e-100,-1.1216154679595196e-98,1.0644496868905387e-98,3.008074269693841e-99,2.1420747986813074e-100,3.1216703038267577e-99,2.9058502760908628e-99
325,0.11900000000000001,20000,20,-4.899239066164181e-98,-1.2863242851648988e-99,-5.02787149468067e-98,4.7706066376476914e-98,1.3465573832321157e-98,9.60205431261429e-100,1.3974736537732778e-98,1.3007462662210057e-98
325,0.12,20000,20,-2.1655751425767508e-97,-5.708802526974533e-99,-2.222663167846496e-97,2.1084871173070054e-97,5.94441274076144e-98,4.244685177074268e-99,6.169473491727668e-98,5.7419534607111704e-98
325,0.121,20000,20,-9.442045563220993e-97,-2.499130393414926e-98,-9.691958602562485e-97,9.192132523879497e-97,2.5884508970889567e-97,1.8508776874530067e-98,2.68657864074301e-97,2.5001932454638214e-97
325,0.122,20000,20,-4.061662107102137e-96,-1.0793910676876201e-97,-4.169601213870898e-96,3.953723000333376e-96,1.1120247182268854e-96,7.962648062396004e-98,1.154236082608285e-96,1.0740659971963379e-96
325,0.123,20000,20,-1.7241722131179786e-95,-4.6005422523447656e-97,-1.7701776356414264e-95,1.678166790594531e-95,4.7144036789005075e-96,3.380486243675872e-97,4.893590795288508e-96,4.553298471262618e-96
325,0.124,20000,20,-7.22418125597515e-95,-1.9354035161487094e-96,-7.417721607590023e-95,7.03064090436028e-95,1.9727356583875088e-95,1.4165589965733688e-96,2.0478142255179527e-95,1.905245821758694e-95
325,0.125,20000,20,-2.988254195901302e-94,-8.03814993341137e-96,-3.0686356952354144e-94,2.9078726965671886e-94,8.149492961001361e-95,5.860217991382437e-96,8.460053838274283e-95,7.870375035184315e-95
325,0.126,20000,20,-1.2205483091654227e-93,-3.2964795155474997e-95,-1.2535131043208983e-93,1.1875835140099478e-93,3.324294292939301e-94,2.3938895367322858e-95,3.4511431937036045e-94,3.2103099369021114e-94
325,0.127,20000,20,-4.9236421137972376e-93,-1.3351802702031916e-94,-5.057160140817558e-93,4.790124086776921e-93,1.339248140605982e-93,9.658089125066088e-95,1.390418845878934e-93,1.2932758152719773e-93
325,0.128,20000,20,-1.961984496944559e-92,-5.3420531523489e-94,-2.015405028468048e-92,1.9085639654210707e-92,5.329652193030782e-93,3.8490947153925646e-94,5.533560232684639e-93,5.146494608096667e-93
325,0.129,20000,20,-7.724383380453358e-92,-2.111722517296963e-93,-7.935555632183056e-92,7.513211128723663e-92,2.095532853285285e-92,1.5156113180419622e-93,2.1758128071707292e-92,2.023436695302155e-92
325,0.13,20000,20,-3.0051828267570734e-91,-8.249080160788396e-93,-3.0876736283649575e-91,2.922692025149189e-91,8.141933221459357e-92,5.897373117204668e-93,8.45426729840845e-92,7.861494629276239e-92
325,0.131,20000,20,-1.155565696077382e-90,-3.1848726259343754e-92,-1.1874144223367259e-90,1.1237169698180388e-90,3.126625646830886e-91,2.268029670416708e-92,3.246727291205854e-91,3.01881051725646e-91
325,0.132,20000,20,-4.392493275575074e-90,-1.2155492158201294e-91,-4.514048197157085e-90,4.270938353993061e-90,1.1869039497261108e-90,8.622521250069979e-92,1.2325572230236791e-90,1.14592942115325e-90
325,0.133,20000,20,-1.6508006146909607e-89,-4.586921418739739e-91,-1.696669828878358e-89,1.6049314005035637e-89,4.4547252999409e-90,3.241078575706731e-91,4.626303696306572e-90,4.300762829090361e-90
325,0.134,20000,20,-6.1350463306672184e-89,-1.7116343327479928e-90,-6.306209763942019e-89,5.963882897392421e-89,1.653349227266932e-89,1.204723124306007e-90,1.717115885584482e-89,1.5961414493103353e-89
325,0.135,20000,20,-2.2550273373301128e-88,-6.317025843512794e-90,-2.3181975957652414e-88,2.1918570788949852e-88,6.069006541178059e-89,4.428925375778489e-90,6.303394941393528e-89,5.8587712539595644e-89
325,0.136,20000,20,-8.199095961200328e-88,-2.306193561860326e-89,-8.42971531738636e-88,7.968476605014296e-88,2.2036844335606652e-88,1.6106173076989206e-89,2.2889079457309507e-88,2.127259350347786e-88
325,0.137,20000,20,-2.9493631196612242e-87,-8.329678242611467e-89,-3.032659902087338e-87,2.866066337235109e-87,7.916403277865181e-88,5.794782843046943e-89,8.222974596620865e-88,7.641541772631914e-88
325,0.138,20000,20,-1.0497963939234632e-86,-2.976984068122163e-88,-1.0795662346046852e-86,1.020026553242242e-86,2.8139706012544876e-87,2.0629999173375824e-88,2.92309423883807e-87,2.716155469316783e-87
325,0.139,20000,20,-3.697953602010255e-86,-1.0529448173645544e-87,-3.8032480837467105e-86,3.5926591202737986e-86,9.898954556027746e-87,7.268478152637405e-88,1.0283357194695153e-86,9.554464030181063e-87
325,0.14,20000,20,-1.2893207776258345e-85,-3.6862019872957276e-87,-1.3261827974987917e-85,1.2524587577528777e-85,3.446678863425896e-86,2.5347410187755996e-87,3.580707528362006e-86,3.326593184047396e-86
325,0.14100000000000001,20000,20,-4.450060119739737e-85,-1.2774952729069723e-86,-4.5778096470304354e-85,4.3223105924490406e-85,1.187999483996189e-85,8.750477450229457e-87,1.2342604886008875e-85,1.1465604063242882e-85
325,0.14200000000000002,20000,20,-1.5206772736458624e-84,-4.383359040037958e-86,-1.564510864046242e-84,1.4768436832454827e-84,4.0541193089806865e-85,2.9908791543695807e-86,4.2122074788366895e-85,3.9125416368970697e-85
325,0.14300000000000002,20000,20,-5.145577622144763e-84,-1.4892993077376653e-85,-5.29450755291853e-84,4.996647691370996e-84,1.3699390844567675e-84,1.0122657887118743e-85,1.4234337219540204e-84,1.3220424614922727e-84
325,0.14400000000000002,20000,20,-1.7243105452142586e-83,-5.0112089060425766e-85,-1.7744226342746848e-83,1.674198456153833e-83,4.5844665601586e-84,3.3929479614065263e-85,4.7637359175003615e-84,4.423994722885427e-84
325,0.145,20000,20,-5.723191272332273e-83,-1.670112661067195e-84,-5.890202538438995e-83,5.556180006225555e-83,1.5195546820360313e-83,1.1264292945789942e-84,1.5790583810888404e-83,1.466302953561117e-83
325,0.146,20000,20,-1.8817348796869208e-82,-5.51375861546182e-84,-1.936872465841539e-82,1.8265972935323025e-82,4.9893020164520926e-83,3.704509749251239e-84,5.184952051426684e-83,4.814250647483782e-83
325,0.147,20000,20,-6.129581579503069e-82,-1.8034465727063414e-83,-6.309926236773703e-82,5.949236922232433e-82,1.6229831371547316e-82,1.207014354574771e-83,1.686716785475948e-82,1.5659733987567936e-82
325,0.148,20000,20,-1.978377420418261e-81,-5.8447518049757445e-83,-2.0368249384680185e-81,1.9199299023685032e-81,5.2310957696393204e-82,3.89675153959339e-83,5.436809943868009e-82,5.047129579053937e-82
325,0.149,20000,20,-6.3277017428938625e-81,-1.877105794500058e-82,-6.515412322343868e-81,6.139991163443856e-81,1.6708151030904345e-81,1.246677712015055e-82,1.73661403671039e-81,1.6119869761519e-81
325,0.15,20000,20,-2.0058245605024208e-80,-5.974793130957279e-82,-2.0655724918119937e-80,1.946076629192848e-80,5.288989678546361e-81,3.95292364244211e-82,5.497575243184994e-81,5.102548597663613e-81
325,0.151,20000,20,-6.302320745693986e-80,-1.885033065833341e-81,-6.4908240522773174e-80,6.1138174391106515e-80,1.6594958432060677e-80,1.2423556098308872e-81,1.7250365200120476e-80,1.6009281248971562e-80
325,0.152,20000,20,-1.9629904660203352e-79,-5.895580527749152e-81,-2.0219462712978265e-79,1.9040346607428436e-79,5.16164643287896e-80,3.8706705732786657e-81,5.365795965860707e-80,4.979263325291611e-80
325,0.153,20000,20,-6.061701541639208e-79,-1.8280759315801712e-80,-6.244509134797226e-79,5.878893948481192e-79,1.591686395231399e-79,1.195605263977433e-80,1.6547306036823593e-79,1.5353785297806774e-79
325,0.154,20000,20,-1.8559965575483857e-78,-5.620429874989814e-80,-1.9122008562982833e-78,1.7997922587984873e-78,4.866665591269212e-79,3.6618313021507816e-80,5.059706310077138e-79,4.6942965585869443e-79
325,0.155,20000,20,-5.635243681037869e-78,-1.713559354398315e-79,-5.8065996164777e-78,5.463887745598037e-78,1.4755601177125895e-78,1.1121526730810926e-79,1.5341747762678986e-78,1.423236013174256e-78
325,0.156,20000,20,-1.6968634978238013e-77,-5.181182028015791e-79,-1.748675318103959e-77,1.6450516775436435e-77,4.436898185335255e-78,3.3498996864944355e-79,4.613405574881461e-78,4.2793757224514376e-78
325,0.157,20000,20,-5.0678606029519e-77,-1.553830032718981e-78,-5.223243606223798e-77,4.91247759968e-77,1.323256502649532e-77,1.0007955837114992e-78,1.375975089238099e-77,1.2762209579113946e-77
325,0.158,20000,20,-1.5013777509943128e-76,-4.622396111812797e-78,-1.5476017121124402e-76,1.4551537898761852e-76,3.914665326882831e-77,2.9658498218190834e-78,4.070855193304038e-77,3.775350651457235e-77
325,0.159,20000,20,-4.412513337665017e-76,-1.364152682634032e-77,-4.5489286059284204e-76,4.276098069401615e-76,1.1488793995706564e-76,8.71939406721012e-78,1.1947858122959871e-76,1.1079441226125717e-76
325,0.16,20000,20,-1.2866344901966555e-75,-3.9942325760070465e-77,-1.3265768159567261e-75,1.2466921644365852e-75,3.345228606196688e-76,2.5433093466626982e-77,3.4790937876845794e-76,3.225892701343968e-76
325,0.161,20000,20,-3.722536942369477e-75,-1.1604323804830284e-76,-3.8385801804177794e-75,3.6064937043211745e-75,9.66474230265994e-76,7.360873669009689e-77,1.005206883088109e-75,9.319551974011427e-76
325,0.162,20000,20,-1.0687553540441182e-74,-3.3455170643938205e-76,-1.1022105246880564e-74,1.0353001834001801e-74,2.7708221873195952e-75,2.114061531179061e-76,2.8820319678778174e-75,2.6717387684366977e-75
325,0.163,20000,20,-3.045180806377397e-74,-9.572020590665944e-76,-3.140901012284057e-74,2.9494606004707373e-74,7.883534327125603e-75,6.025651295998327e-76,8.200421665872165e-75,7.601281533179073e-75
325,0.164,20000,20,-8.611576278041906e-74,-2.7181928609953113e-75,-8.883395564141435e-74,8.339756991942373e-74,2.226211832065018e-74,1.7046207527708708e-75,2.3158312768765503e-74,2.1464105799470045e-74
325,0.165,20000,20,-2.417272352915684e-73,-7.661816801120544e-75,-2.4938905209268897e-73,2.3406541849044782e-73,6.23998859231706e-74,4.786604253510934e-75,6.491567162501985e-74,6.016037121296265e-74
325,0.166,20000,20,-6.735653717252627e-73,-2.143857886522204e-74,-6.950039505904849e-73,6.521267928600407e-73,1.7362439893966742e-73,1.334261996247215e-74,1.806350273010967e-73,1.6738548844263515e-73
325,0.167,20000,20,-1.8632980897036678e-72,-5.95538923178902e-74,-1.9228519820215583e-72,1.8037441973857775e-72,4.796059298950622e-73,3.692374426025154e-74,4.9900090996660715e-73,4.62351071820868e-73
325,0.168,20000,20,-5.117641518364812e-72,-1.642520365343289e-73,-5.281893554899141e-72,4.953389481830485e-72,1.3153510356833947e-72,1.0145136349862969e-73,1.368624058132888e-72,1.2679706778778788e-72
325,0.169,20000,20,-1.3956553357740025e-71,-4.498147572025606e-73,-1.4406368114942586e-71,1.3506738600537464e-71,3.5819373954334127e-72,2.7677919104346414e-73,3.727231102960914e-72,3.4527543723697934e-72
325,0.17,20000,20,-3.779571097237142e-71,-1.2232470948128453e-72,-3.9018958067184265e-71,3.657246387755858e-71,9.686094910739113e-72,7.49838258376621e-73,1.0079593307720109e-71,9.336336691556644e-72
325,0.171,20000,20,-1.016476814983196e-70,-3.3035954022369e-72,-1.0495127690055648e-70,9.834408609608269e-71,2.6011682914060512e-71,2.0174136846602972e-72,2.70700356126897e-71,2.5071266101277677e-71
325,0.17200000000000001,20000,20,-2.715045076132079e-70,-8.861060046013709e-72,-2.8036556765922168e-70,2.6264344756719435e-70,6.9376305338982554e-71,5.390754116103197e-72,7.220341828215324e-71,6.686501576481134e-71
325,0.17300000000000001,20000,20,-7.203019919405653e-70,-2.3607178165241557e-71,-7.43909170105807e-70,6.966948137753241e-70,1.8378508257094108e-70,1.4307530110929975e-71,1.9128600329459148e-70,1.7712421892713362e-70
325,0.17400000000000002,20000,20,-1.8982045304472532e-69,-6.247336105803825e-71,-1.9606778915052905e-69,1.835731169389215e-69,4.8361362611591396e-70,3.772013239331793e-71,5.0338229766787793e-70,4.6606454263343494e-70
325,0.17500000000000002,20000,20,-4.96929134391409e-69,-1.642367404700718e-70,-5.133528084384161e-69,4.805054603444017e-69,1.2641779765469036e-69,9.878872591734352e-71,1.3159343856066026e-69,1.2182475242278817e-69
325,0.176,20000,20,-1.2924110692069914e-68,-4.2894549973663907e-70,-1.3353056191806553e-68,1.2495165192333275e-68,3.283001004708567e-69,2.5703891723723304e-70,3.4176199611487524e-69,3.163574403256782e-69
325,0.177,20000,20,-3.3395871551362356e-68,-1.1130673050869197e-69,-3.450893885644928e-68,3.228280424627544e-68,8.470675736323049e-69,6.644753105124138e-70,8.818560079835422e-69,8.16215338343738e-69
325,0.178,20000,20,-8.574354139219877e-68,-2.8698478777247306e-69,-8.86133892699235e-68,8.287369351447403e-68,2.1716006118518504e-68,1.7067813755169025e-69,2.2609272004059293e-68,2.092407389236498e-68
325,0.179,20000,20,-2.187543376529603e-67,-7.352661588605985e-69,-2.261069992415663e-67,2.1140167606435427e-67,5.532059005204465e-68,4.356383632351812e-69,5.759974532517507e-68,5.330066474812653e-68
325,0.18,20000,20,-5.546105727542851e-67,-1.8720098638102037e-68,-5.733306713923872e-67,5.358904741161829e-67,1.4004518700934826e-67,1.1049766600263818e-68,1.4582407096286237e-67,1.3492532683164181e-67
325,0.181,20000,20,-1.397413477003059e-66,-4.736730213286035e-68,-1.4447807791359185e-66,1.3500461748701983e-66,3.5233289971346636e-67,2.785402422910501e-68,3.66894866157714e-67,3.394359953800178e-67
325,0.182,20000,20,-3.4994164957581677e-66,-1.191200183223574e-67,-3.6185365140805256e-66,3.380296477435811e-66,8.809889067611368e-67,6.978454619646097e-68,9.174584802719738e-67,8.487005422556878e-67
325,0.183,20000,20,-8.710205566535525e-66,-2.97751931694819e-67,-9.007957498230343e-66,8.412453634840709e-66,2.1895156034347112e-66,1.7377814914022917e-67,2.2802985110824893e-66,2.1091689230501012e-66
325,0.184,20000,20,-2.155018050382925e-65,-7.398025832937571e-67,-2.2289983087123e-65,2.081037792053548e-65,5.408958873684621e-66,4.301533852666401e-67,5.633588954434408e-66,5.210221833723642e-66
325,0.185,20000,20,-5.3001770548577326e-65,-1.8272406599402366e-66,-5.482901120851757e-65,5.117452988863709e-65,1.3282950616403646e-65,1.0584516103562302e-66,1.3835472368801637e-65,1.279429162207482e-65
325,0.186,20000,20,-1.2959062309170671e-64,-4.486638688359358e-66,-1.3407726178006608e-64,1.2510398440334738e-64,3.2427797329109657e-65,2.589196004261126e-66,3.3778859295050763e-65,3.123332540505013e-65
325,0.187,20000,20,-3.150118241133654e-64,-1.0952625438991583e-65,-3.25964449552357e-64,3.040591986743738e-64,7.870615390098614e-65,6.296967372574198e-66,8.199067396746794e-65,7.580336603551543e-65
325,0.188,20000,20,-7.61335581328529e-64,-2.658355726390966e-65,-7.879191385924387e-64,7.347520240646194e-64,1.899302714213598e-64,1.5226373016924893e-65,1.978692613758378e-64,1.829165281691741e-64
325,0.189,20000,20,-1.8295609989001706e-63,-6.415510021401167e-65,-1.8937160991141823e-63,1.7654058986861585e-63,4.557214166638545e-64,3.6608799708515036e-65,4.748015220361328e-64,4.38871213816296e-64
325,0.19,20000,20,-4.3718398911182e-63,-1.5395635395843906e-64,-4.5257962450766396e-63,4.2178835371597616e-63,1.087300345410131e-63,8.7523284341634e-65,1.1328981111555381e-63,1.0470466095652511e-63
325,0.191,20000,20,-1.0388500996215762e-62,-3.673982559669956e-64,-1.075589925218276e-62,1.002110274024877e-62,2.5796996067838624e-63,2.080824744769916e-64,2.6880619358083186e-63,2.484073224385506e-63
325,0.192,20000,20,-2.4549186726817114e-62,-8.719145435595024e-64,-2.5421101270376614e-62,2.3677272183257613e-62,6.086709425961049e-63,4.919777715897548e-64,6.342809306910461e-63,5.860794965174353e-63
325,0.193,20000,20,-5.7695353703842075e-62,-2.0579368526966656e-63,-5.975329055653874e-62,5.56374168511454e-62,1.4282812518175538e-62,1.1568510749233079e-63,1.488476280130814e-62,1.375201483516505e-62
325,0.194,20000,20,-1.3486138796305817e-61,-4.8309775198264444e-63,-1.3969236548288461e-61,1.3003041044323175e-61,3.333390356983237e-62,2.705546270609663e-63,3.4741102894281268e-62,3.209351936668129e-62
325,0.195,20000,20,-3.135455514682431e-61,-1.127992026324748e-62,-3.248254717314905e-61,3.0226563120499562e-61,7.7378990419029606e-62,6.293629740706106e-63,8.065102241741674e-62,7.449596264354263e-62
325,0.196,20000,20,-7.251080316305007e-61,-2.61979866044746e-62,-7.513060182349751e-61,6.989100450260262e-61,1.7866817488452943e-61,1.4562600679278398e-62,1.862359674082296e-61,1.7200272251841447e-61
325,0.197,20000,20,-1.668077826677703e-60,-6.052616462688451e-62,-1.7286039913045876e-60,1.6075516620508189e-60,4.1037515612390385e-61,3.3518971415368814e-62,4.277865328388656e-61,3.9504589953400076e-61
325,0.198,20000,20,-3.817363774768406e-60,-1.391085685761849e-61,-3.956472343344591e-60,3.678255206192221e-60,9.376629456385982e-61,7.675002650067313e-62,9.775132232761281e-61,9.025921729681287e-61
325,0.199,20000,20,-8.69092927737064e-60,-3.180694030071347e-61,-9.008998680377773e-60,8.372859874363504e-60,2.1314053777548261e-60,1.748333477863679e-61,2.2221426504652356e-60,2.0515830981522789e-60
325,0.2,20000,20,-1.9685469026750073e-59,-7.235501809446807e-61,-2.040901920769476e-59,1.8961918845805397e-59,4.8201484780850524e-60,3.962318210769918e-61,5.025698570892637e-60,4.6393982247880994e-60
325,0.201,20000,20,-4.436324742856265e-59,-1.637628210396512e-60,-4.6000875638959156e-59,4.272561921816614e-59,1.084553429800399e-59,8.934595352768661e-61,1.130881941495682e-59,1.0438312686474376e-59
325,0.202,20000,20,-9.947632077412573e-59,-3.6879300946237787e-60,-1.031642508687495e-58,9.578839067950198e-59,2.4280547039904374e-59,2.004572149088821e-60,2.531950637118033e-59,2.3367694478394346e-59
325,0.203,20000,20,-2.2195013795676828e-58,-8.264018395830571e-60,-2.3021415635259878e-58,2.136861195609377e-58,5.408831495792455e-59,4.475177399997053e-60,5.640671712994686e-59,5.205216919706939e-59
325,0.20400000000000001,20000,20,-4.9277723618036914e-58,-1.8427282798911138e-59,-5.1120451897928036e-58,4.7434995338145814e-58,1.1989638547985832e-58,9.941702584489768e-60,1.250443936060522e-58,1.1537703857579788e-58
325,0.20500000000000002,20000,20,-1.0887427119828767e-57,-4.088958120301067e-59,-1.1296322931858872e-57,1.047853130779866e-57,2.644759999672663e-58,2.197825015249268e-59,2.7585148146551832e-58,2.5449392183347075e-58
325,0.20600000000000002,20000,20,-2.39386077171267e-57,-9.029526379547809e-59,-2.4841560355081476e-57,2.3035655079171913e-57,5.8058200891865134e-58,4.835338534514159e-59,6.055969836738967e-58,5.5864061011869094e-58
325,0.20700000000000002,20000,20,-5.238305567212061e-57,-1.984438068012694e-58,-5.436749374013331e-57,5.039861760410793e-57,1.2684031447868688e-57,1.0587206691549143e-58,1.3231487645785276e-57,1.2204049374329284e-57
325,0.20800000000000002,20000,20,-1.1408278368442465e-56,-4.340596720850331e-58,-1.1842338040527497e-56,1.0974218696357436e-56,2.757950680545801e-57,2.3071490520758175e-58,2.8771947368791387e-57,2.653449282291064e-57
325,0.209,20000,20,-2.47289388440185e-56,-9.449729973880557e-58,-2.5673911841406555e-56,2.378396584663044e-56,5.968564223087179e-57,5.004128034966395e-58,6.227076345056686e-57,5.742113192098767e-57
325,0.21,20000,20,-5.335380760513787e-56,-2.047698076152713e-57,-5.540150568129057e-56,5.130610952898515e-56,1.2856593313139298e-56,1.0803342493898914e-57,1.3414421391111617e-56,1.236816583659084e-56
325,0.211,20000,20,-1.1458245770653769e-55,-4.41679489389566e-57,-1.1899925260043333e-55,1.1016566281264202e-55,2.7565939723449925e-56,2.3215767872827297e-57,2.876409561276504e-56,2.6517320882999456e-56
325,0.212,20000,20,-2.449523291503498e-55,-9.483339307899582e-57,-2.5443566845824938e-55,2.3546898984245027e-55,5.883401660010096e-56,4.966164265798072e-57,6.139577242008777e-56,5.659300065001397e-56
325,0.213,20000,20,-5.212828408370741e-55,-2.0269628984069434e-56,-5.415524698211436e-55,5.010132118530046e-55,1.2500019149778101e-55,1.057523225499439e-56,1.3045263629927637e-55,1.2023259335981532e-55
325,0.214,20000,20,-1.1043612003174399e-54,-4.312987641735605e-56,-1.1474910767347953e-54,1.0612313239000835e-54,2.6438497540368424e-55,2.241852251656699e-56,2.7593788581927298e-55,2.5428781707281006e-55
325,0.215,20000,20,-2.3292274324391175e-54,-9.136413298777267e-56,-2.4205915654268897e-54,2.2378632994513442e-54,5.567035103036611e-55,4.731398040926043e-56,5.8107349793841566e-55,5.35414243597223e-55
325,0.216,20000,20,-4.890943501944264e-54,-1.926882940796651e-55,-5.08363179602393e-54,4.6982552078646006e-54,1.1670492485086333e-54,9.941555761488274e-56,1.2182292079036837e-54,1.122360191779471e-54
325,0.217,20000,20,-1.0225159672373745e-53,-4.0460730609332214e-55,-1.0629766978467067e-53,9.820552366280424e-54,2.435842156878815e-54,2.0797842877284533e-55,2.5428565028781476e-54,2.3424442119068773e-54
325,0.218,20000,20,-2.12843665125158e-53,-8.459162990327572e-55,-2.2130282811548558e-53,2.043845021348305e-53,5.061978587807603e-54,4.332093049745127e-55,5.284769760927069e-54,4.8676281313047284e-54
325,0.219,20000,20,-4.41144411613794e-53,-1.7609726386894073e-54,-4.587541380006881e-53,4.235346852268999e-53,1.0474152758561879e-53,8.984813018267415e-55,1.0935984863433393e-53,1.0071470815407206e-53
325,0.22,20000,20,-9.104294079007107e-53,-3.650273451070559e-54,-9.46932142411416e-53,8.739266733900053e-53,2.1580472653394057e-53,1.8555305495973388e-54,2.2533743788965997e-53,2.0749698262432435e-53
325,0.221,20000,20,-1.8709966629949233e-52,-7.534623919691551e-54,-1.9463429021918385e-52,1.7956504237980084e-52,4.427537406392358e-53,3.8158453560283664e-54,4.6234718324107505e-53,4.256864656121217e-53
325,0.222,20000,20,-3.828922431343461e-52,-1.5487336811885462e-53,-3.983795799462315e-52,3.674049063224605e-52,9.045619903212139e-53,7.814345144643322e-54,9.446655220300707e-53,8.696462718619154e-53
325,0.223,20000,20,-7.80319229737802e-52,-3.1701971448590715e-53,-8.120212011863926e-52,7.486172582892113e-52,1.8403676754269785e-52,1.5936352991468398e-53,1.9221100831632722e-52,1.769235049124004e-52
325,0.224,20000,20,-1.583709029979925e-51,-6.462571075196658e-53,-1.6483347407318916e-51,1.5190833192279584e-51,3.728860804941026e-52,3.2366442856959763e-53,3.8947890515482194e-52,3.58454200335741e-52
325,0.225,20000,20,-3.2011112550320646e-51,-1.3120454937700634e-52,-3.332315804409071e-51,3.0699067056550586e-51,7.524332888525782e-52,6.546748062899666e-53,7.859773983688059e-52,7.232725763087069e-52
325,0.226,20000,20,-6.444113527526858e-51,-2.6529662020182934e-52,-6.709410147728687e-51,6.178816907325028e-51,1.5121498224050312e-51,1.3188507552632752e-52,1.579688103875455e-51,1.4534672378717988e-51
325,0.227,20000,20,-1.292043646063458e-50,-5.342793211179814e-52,-1.3454715781752555e-50,1.2386157139516594e-50,3.0267125368781113e-51,2.6461812497515135e-52,3.1621491516203427e-51,2.9090953591843207e-51
325,0.228,20000,20,-2.580222310691982e-50,-1.0716999401214772e-51,-2.6873923047041296e-50,2.4730523166798347e-50,6.034084714131635e-51,5.2882476219795505e-52,6.304598171746153e-51,5.799285285763809e-51
325,0.229,20000,20,-5.132360664247057e-50,-2.1412156841900545e-51,-5.346482232666062e-50,4.918239095828053e-50,1.1982009404788184e-50,1.0526558135733205e-51,1.2520183172711472e-50,1.151513267827674e-50
325,0.23,20000,20,-1.016883688224128e-49,-4.261318355154288e-51,-1.0594968717756708e-49,9.742705046725854e-50,2.3699538933735384e-50,2.087167898950541e-51,2.476601475493288e-50,2.2774840157036124e-50
325,0.231,20000,20,-2.006934743473343e-49,-8.447684827362889e-51,-2.0914115917469727e-49,1.922457895199715e-49,4.669344342326238e-50,4.1222900333742615e-51,4.879861806349157e-50,4.486910677487126e-50
325,0.232,20000,20,-3.945632959252296e-49,-1.6682272091800653e-50,-4.112455680170302e-49,3.7788102383342896e-49,9.164130519147721e-50,8.110422258275803e-51,9.578080130938835e-50,8.805596875477246e-50
325,0.233,20000,20,-7.727428566342236e-49,-3.281783403220622e-50,-8.055606906664298e-49,7.399250226020174e-49,1.791675696677569e-49,1.5895916434229634e-50,1.872761064438605e-49,1.721483555399148e-49
325,0.234,20000,20,-1.5076531806823104e-48,-6.431541975125212e-50,-1.5719686004335628e-48,1.4433377609310584e-48,3.48958314835927e-49,3.103688334844571e-50,3.647812268883585e-49,3.3526861432596678e-49
325,0.23500000000000001,20000,20,-2.9304148403381906e-48,-1.2556941566062044e-49,-3.0559842559988124e-48,2.80484542467757e-48,6.770905864358156e-49,6.037180148147977e-50,7.078510111596196e-49,6.5049195176307566e-49
325,0.23600000000000002,20000,20,-5.674542769706788e-48,-2.4424693894676793e-49,-5.918789708653556e-48,5.4302958307600185e-48,1.3088563130426813e-48,1.1699480167524916e-49,1.368432559699975e-48,1.2573693145509787e-48
325,0.23700000000000002,20000,20,-1.094761437342022e-47,-4.7332956335403204e-49,-1.142094393677425e-47,1.0474284810066188e-47,2.5207040946103288e-48,2.2588538251790097e-49,2.6356627268650744e-48,2.4214104706668864e-48
325,0.23800000000000002,20000,20,-2.1042993910330082e-47,-9.139027098558232e-49,-2.19568966201859e-47,2.0129091200474262e-47,4.8366985730288975e-48,4.345216204653361e-49,5.057707721211059e-48,4.645913995844654e-48
325,0.23900000000000002,20000,20,-4.030021834816163e-47,-1.7581282808270956e-48,-4.205834662898871e-47,3.8542090067334536e-47,9.246680249882417e-48,8.328154248760041e-49,9.670022428702303e-48,8.881442483028772e-48
325,0.24,20000,20,-7.690088736319706e-47,-3.36998279048214e-48,-8.027087015367919e-47,7.353090457271493e-47,1.7613455240646337e-47,1.5904224033308722e-48,1.8421429848543996e-47,1.6916779250368846e-47
325,0.241,20000,20,-1.4621484896424542e-46,-6.436406219446008e-48,-1.5265125518369145e-46,1.3977844274479943e-46,3.3430068581262094e-47,3.0263186538827125e-48,3.4966597944991277e-47,3.210596841770676e-47
325,0.242,20000,20,-2.7701272916027104e-46,-1.224925866714426e-47,-2.8926198782741536e-46,2.6476347049312684e-46,6.322311545154666e-47,5.738088041706953e-48,6.613472369294125e-47,6.071551931430932e-47
325,0.243,20000,20,-5.22959285062895e-46,-2.3229430834923034e-47,-5.461887158978182e-46,4.9972985422797215e-46,1.1914401050779605e-46,1.0841314132822801e-47,1.2464176994170994e-46,1.1441192179932375e-46
325,0.244,20000,20,-9.838017177636017e-46,-4.389766223747462e-47,-1.0276993800010764e-45,9.399040555261274e-46,2.2373702723388003e-46,2.041129006470007e-47,2.340815601364258e-46,2.1483849617611703e-46
325,0.245,20000,20,-1.8442946828454256e-45,-8.266654511884316e-47,-1.9269612279642692e-45,1.761628137726583e-45,4.186820304442748e-46,3.829519414987518e-47,4.380783752404606e-46,4.0200704741398836e-46
325,0.246,20000,20,-3.4454618079480853e-45,-1.5513690410523537e-46,-3.60059871205332e-45,3.2903249038428496e-45,7.807696597096163e-46,7.160028285877956e-47,8.170126578364003e-46,7.496306030253542e-46
325,0.247,20000,20,-6.4146085948395e-45,-2.9014067442051698e-46,-6.704749269260016e-45,6.124467920418982e-45,1.4509915419365243e-45,1.3341143198579183e-46,1.5184808163778352e-45,1.3930420453827538e-45
325,0.248,20000,20,-1.190171500201615e-44,-5.407809198751614e-46,-1.2442495921891313e-44,1.1360934082140992e-44,2.6873314568457686e-45,2.477366516843944e-46,2.812577177214667e-45,2.5798560497230022e-45
325,0.249,20000,20,-2.200779460289548e-44,-1.004533213137561e-45,-2.301232781603304e-44,2.1003261389757919e-44,4.960242545928991e-45,4.5847675197123124e-46,5.19188569391233e-45,4.7615897591490276e-45
325,0.25,20000,20,-4.055850046242997e-44,-1.8597229485907876e-45,-4.2418223411020755e-44,3.8698777513839184e-44,9.124744173470572e-45,8.456389992790451e-46,9.551731758778984e-45,8.758798062811273e-45
325,0.251,20000,20,-7.44965747756931e-44,-3.4314991003964887e-45,-7.79280738760896e-44,7.106507567529661e-44,1.6729587748735681e-44,1.5545474308605085e-45,1.7514029915179132e-44,1.6057714782779476e-44
325,0.252,20000,20,-1.3637987900929947e-43,-6.310761498278353e-45,-1.4269064050757782e-43,1.3006911751102112e-43,3.0570817990136705e-44,2.8482936941282004e-45,3.2007190353661387e-44,2.934135553740893e-44
325,0.253,20000,20,-2.488480711295167e-43,-1.1567840832395677e-44,-2.604159119619123e-43,2.3728023029712104e-43,5.567965670989402e-44,5.201609869971479e-45,5.830112123227749e-44,5.343726318030652e-44
325,0.254,20000,20,-4.525832886910787e-43,-2.1135172377581967e-44,-4.737184610686606e-43,4.314481163134966e-43,1.0107970649659555e-43,9.468327550197168e-45,1.0584842889987875e-43,9.7003209655654e-44
325,0.255,20000,20,-8.204519586343373e-43,-3.849039837005057e-44,-8.589423570043877e-43,7.819615602642866e-43,1.82902426957939e-43,1.7179139588510646e-44,1.9154914639466252e-43,1.755157137229816e-43
325,0.256,20000,20,-1.4825461877276513e-42,-6.987184088498548e-44,-1.552418028612637e-42,1.4126743468426664e-42,3.2989296421255203e-43,3.1069352754687737e-44,3.455209134750338e-43,3.165511702497039e-43
325,0.257,20000,20,-2.6703835780095634e-42,-1.264343435763481e-43,-2.7968179215859114e-42,2.5439492344332157e-42,5.9310914749744415e-43,5.601128935953372e-44,6.212646853415567e-43,5.69088430306909e-43
325,0.258,20000,20,-4.79467518503853e-42,-2.28060897785087e-43,-5.022736082823616e-42,4.566614287253442e-42,1.0629527277712115e-42,1.0065637497799675e-43,1.1135173381233451e-42,1.0198429056960886e-42
325,0.259,20000,20,-8.581723737239926e-42,-4.100805665919783e-43,-8.991804303831906e-42,8.171643170647949e-42,1.8989813395897393e-42,1.803179746215151e-43,1.9895045979312462e-42,1.8218564309444705e-42
325,0.26,20000,20,-1.531190469310311e-41,-7.350717106499344e-43,-1.6046976403753046e-41,1.4576832982453174e-41,3.38192836165219e-42,3.220166494648452e-43,3.5434809516633205e-42,3.244381462923137e-42
325,0.261,20000,20,-2.7235333258944296e-41,-1.3135356072197258e-42,-2.8548868866164016e-41,2.5921797651724576e-41,6.00419100279822e-42,5.732824450504494e-43,6.291611245268734e-42,5.759648657529403e-42
325,0.262,20000,20,-4.829412332742133e-41,-2.3399951607467663e-42,-5.063411848816809e-41,4.595412816667455e-41,1.0626745998438788e-41,1.0174645707998888e-42,1.1136522473218237e-41,1.019332117319182e-41
325,0.263,20000,20,-8.537352499766254e-41,-4.155834786031338e-42,-8.952935978369385e-41,8.121769021163116e-41,1.875042050999524e-41,1.8002776939655536e-42,1.9651805791438494e-41,1.7984578596388198e-41
325,0.264,20000,20,-1.504626068313668e-40,-7.358358162105325e-42,-1.5782096499347214e-40,1.431042486692615e-40,3.298342355528891e-41,3.175691928953729e-42,3.457240374482171e-41,3.163433888380562e-41
325,0.265,20000,20,-2.6437439649803114e-40,-1.298948485283264e-41,-2.7736388135086385e-40,2.5138491164519856e-40,5.784468352357826e-41,5.585022029063806e-42,6.06373100412307e-41,5.547536747944777e-41
325,0.266,20000,20,-4.631317374295127e-40,-2.2861262211645401e-41,-4.859929996411582e-40,4.402704752178674e-40,1.0114002314651172e-40,9.792824489741548e-42,1.0603333041976283e-40,9.699144409287355e-41
325,0.267,20000,20,-8.088962522968374e-40,-4.0115717714929954e-41,-8.490119700117672e-40,7.687805345819075e-40,1.7631258377558628e-40,1.711970978198453e-41,1.8486120689661444e-40,1.6907027386862586e-40
325,0.268,20000,20,-1.4086169902204001e-39,-7.01849060831282e-41,-1.4788018963035282e-39,1.338432084137272e-39,3.0644526147184274e-40,2.984000287608799e-41,3.2133553245395502e-40,2.938396223842444e-40
325,0.269,20000,20,-2.4457576954017335e-39,-1.2243237767109604e-40,-2.56819007307283e-39,2.323325317730638e-39,5.310561301742752e-40,5.185897715350655e-41,5.569162404811936e-40,5.091799631785041e-40
325,0.27,20000,20,-4.234116767794112e-39,-2.1295152691802627e-40,-4.447068294712139e-39,4.0211652408760856e-39,9.176019654143732e-40,8.986284104675745e-41,9.623823666372403e-40,8.797485860473631e-40
325,0.271,20000,20,-7.30885791410371e-39,-3.693223237661805e-40,-7.678180237869891e-39,6.939535590337532e-39,1.580894960793293e-39,1.5526581457439178e-40,1.6582135320267042e-39,1.5155858875951822e-39
325,0.272,20000,20,-1.2580033219012864e-38,-6.386736557094452e-40,-1.321870687472231e-38,1.1941359563303417e-38,2.7157810182313522e-39,2.6749726427606788e-40,2.8488957716698663e-39,2.603427650794881e-39
325,0.273,20000,20,-2.1590755318057712e-38,-1.1013093045037724e-39,-2.2692064622561476e-38,2.0489446013553935e-38,4.6519787489090105e-39,4.5953526007227795e-40,4.8804982678793075e-39,4.4592482021444556e-39
325,0.274,20000,20,-3.695011270661736e-38,-1.893671330154807e-39,-3.8843784036772163e-38,3.5056441376462557e-38,7.945843898881148e-39,7.871952021384228e-40,8.337029858396612e-39,7.616177272327398e-39
325,0.275,20000,20,-6.305704219759664e-38,-3.246929988575976e-39,-6.630397218617262e-38,5.981011220902067e-38,1.3533485716577823e-38,1.3446775448301348e-39,1.4201236003298706e-38,1.2971186632663386e-38
325,0.276,20000,20,-1.073072935007351e-37,-5.5516517178160875e-39,-1.128589452185512e-37,1.0175564178291901e-37,2.2985531554509602e-38,2.2905190334402553e-39,2.412217356193123e-38,2.20291402287943e-38
325,0.277,20000,20,-1.8210024745766166e-37,-9.465865381828798e-39,-1.9156611283949045e-37,1.726343820758329e-37,3.89298289747115e-38,3.8907876485750904e-39,4.085921866858324e-38,3.7307691899205985e-38
325,0.278,20000,20,-3.0816635564174057e-37,-1.609514979659084e-38,-3.2426150543833153e-37,2.9207120584514978e-37,6.575082889853087e-38,6.590779277295079e-39,6.901678684493795e-38,6.300716529294277e-38
325,0.279,20000,20,-5.2006898661917954e-37,-2.729191366413834e-38,-5.473609002833179e-37,4.927770729550413e-37,1.1074354047909193e-37,1.1133693954643363e-38,1.1625673437327686e-37,1.061157552425709e-37
325,0.28,20000,20,-8.75276576727457e-37,-4.615139297920409e-38,-9.214279697066612e-37,8.291251837482533e-37,1.860122592321956e-37,1.8756535988504523e-38,1.952934898718178e-37,1.7822791382831546e-37
325,0.281,20000,20,-1.4690810536110219e-36,-7.783142931901719e-38,-1.546912482930039e-36,1.3912496242920045e-36,3.1158618607315643e-37,3.1512606082590947e-38,3.2716824977123225e-37,2.9852793458752396e-37
325,0.28200000000000003,20000,20,-2.4590633144924083e-36,-1.3090372043570002e-37,-2.589967034928108e-36,2.3281595940567082e-36,5.2051790752150946e-37,5.280095045143601e-38,5.466075967008251e-37,4.986720365803956e-37
325,0.28300000000000003,20000,20,-4.105107021658132e-36,-2.195751091910278e-37,-4.32468213084916e-36,3.885531912467103e-36,8.67204080814771e-37,8.823323730651893e-38,9.107697791236615e-37,8.307553510690118e-37
325,0.28400000000000003,20000,20,-6.834666274099313e-36,-3.6732934078828977e-37,-7.201995614887602e-36,6.467336933311022e-36,1.4409281710939433e-36,1.4704930674985526e-37,1.513481867423054e-36,1.3802780961520487e-36
325,0.28500000000000003,20000,20,-1.1348941474848816e-35,-6.128817744972417e-37,-1.1961823249346055e-35,1.0736059700351577e-35,2.3878435951277023e-36,2.444225113922869e-37,2.5083529214920787e-36,2.2871913822366404e-36
325,0.28600000000000003,20000,20,-1.8795145403130512e-35,-1.0198903232704154e-36,-1.9815035726400928e-35,1.7775255079860104e-35,3.9465627408780014e-36,4.05204216959258e-37,4.146197018181786e-36,3.779966420046159e-36
325,0.28700000000000003,20000,20,-3.104526083809715e-35,-1.692750445298235e-36,-3.273801128339538e-35,2.9352510392798917e-35,6.505620449034633e-36,6.6998988644298705e-37,6.835465452045957e-36,6.230600276342007e-36
325,0.28800000000000003,20000,20,-5.114593805616621e-35,-2.8022188514623853e-36,-5.39481569076286e-35,4.834371920470385e-35,1.0696012898530867e-35,1.1049204198057199e-36,1.1239578518498864e-35,1.0243190755120373e-35
325,0.289,20000,20,-8.404270880059117e-35,-4.626874114337268e-36,-8.866958291492839e-35,7.941583468625387e-35,1.753983212064398e-35,1.8174775901542113e-36,1.843327785384883e-35,1.6796194175615494e-35
325,0.29,20000,20,-1.3774275493249738e-34,-7.62002915436294e-36,-1.4536278408686032e-34,1.3012272577813445e-34,2.8688379884371524e-35,2.981873510765758e-36,3.0153135882296583e-35,2.747030790712393e-35
325,0.291,20000,20,-2.251769927845698e-34,-1.2517442969714887e-35,-2.376944357542847e-34,2.12659549814855e-34,4.680264252378631e-35,4.879756581802092e-36,4.919788786010682e-35,4.4812571596799707e-35
325,0.292,20000,20,-3.6717441894775887e-34,-2.051026629708014e-35,-3.8768468524483896e-34,3.466641526506788e-34,7.615967770659895e-35,7.965306981667102e-36,8.006654775836206e-35,7.291661797854016e-35
325,0.293,20000,20,-5.972009935004629e-34,-3.352202491590128e-35,-6.307230184163643e-34,5.636789685845617e-34,1.2361658203773858e-34,1.2969070556072916e-35,1.2997294567472082e-34,1.1834502813468242e-34
325,0.294,20000,20,-9.688907554777007e-34,-5.465110725541543e-35,-1.0235418627331161e-33,9.142396482222852e-34,2.001390084226987e-34,2.1063165956189455e-35,2.1045463940618508e-34,1.915917640647704e-34
325,0.295,20000,20,-1.567984262986683e-33,-8.887587704112369e-35,-1.6568601400278063e-33,1.4791083859455593e-33,3.232187398606642e-34,3.4123480731285585e-35,3.3991797485411863e-34,3.093950578786658e-34
325,0.296,20000,20,-2.5312062030074787e-33,-1.441754832317412e-34,-2.67538168623922e-33,2.3870307197757378e-33,5.206878297517133e-34,5.514475678399045e-35,5.476538850073739e-34,4.983861381910208e-34
325,0.297,20000,20,-4.076041206332134e-33,-2.333070246143887e-34,-4.3093482309465235e-33,3.842734181717747e-33,8.367210335290012e-34,8.889608451003496e-35,8.801585125575574e-34,8.008309411820812e-34
325,0.298,20000,20,-6.547583196746577e-33,-3.766164900270561e-34,-6.924199686773635e-33,6.170966706719523e-33,1.341258553037314e-33,1.4295348858612266e-34,1.411056776378383e-33,1.2836429354871363e-33
325,0.299,20000,20,-1.0492066764106067e-32,-6.064739239937274e-34,-1.1098540688099798e-32,9.885592840112342e-33,2.1447615103017303e-33,2.2932254292080867e-34,2.256644184138888e-33,2.05249568957379e-33
325,0.3,20000,20,-1.6771994083821728e-32,-9.742542763878253e-34,-1.7746248360209555e-32,1.5797739807433906e-32,3.421261385038716e-33,3.6698193485668205e-34,3.600167877815572e-33,3.2738664698000876e-33
325,0.301,20000,20,-2.6745948298130745e-32,-1.5612984686488516e-33,-2.830724676677959e-32,2.5184649829481877e-32,5.4442774009613324e-33,5.858609970644661e-34,5.72966834150633e-33,5.2093838166657837e-33
325,0.302,20000,20,-4.2548758465581194e-32,-2.4960825595078506e-33,-4.5044841025089043e-32,4.005267590607334e-32,8.64264966820637e-33,9.330445983428707e-34,9.096811919746111e-33,8.269216644667988e-33
325,0.303,20000,20,-6.752696927345181e-32,-3.981046665332994e-33,-7.150801593878477e-32,6.354592260811881e-32,1.3687121267414213e-32,1.4824294230642552e-33,1.4408136680889688e-32,1.3094860386859393e-32
325,0.304,20000,20,-1.0691408404242228e-31,-6.334418470805448e-33,-1.132485025132277e-31,1.0057966557161683e-31,2.1624280693390617e-32,2.3497155150648725e-33,2.2766229294766654e-32,2.0687197990899467e-32
325,0.305,20000,20,-1.6887510642396673e-31,-1.0055257143309036e-32,-1.789303635672758e-31,1.5881984928065774e-31,3.408327503020853e-32,3.715625588568966e-33,3.588763351913004e-32,3.2604122147285965e-32
325,0.306,20000,20,-2.661185236245301e-31,-1.5924371022451423e-32,-2.8204289464698148e-31,2.501941526020787e-31,5.35940708829598e-32,5.861782699097958e-33,5.643839489660974e-32,5.126477779072745e-32
325,0.307,20000,20,-4.183781233276328e-31,-2.5160527270508413e-32,-4.435386505981413e-31,3.932175960571243e-31,8.407629709299742e-32,9.226016792526057e-33,8.854952399132334e-32,8.041683927114978e-32
325,0.308,20000,20,-6.562250458128169e-31,-3.966168324144881e-32,-6.958867290542658e-31,6.165633625713682e-31,1.3158832950076053e-31,1.448742202193463e-32,1.3860698612990698e-31,1.258524974375499e-31
325,0.309,20000,20,-1.0269094012306507e-30,-6.237665042328922e-32,-1.0892860516539397e-30,9.645327508073611e-31,2.0547247177139015e-31,2.2696864085533546e-32,2.1645959016449317e-31,1.9650296286861287e-31
325,0.31,20000,20,-1.6032912227195682e-30,-9.78763929755377e-32,-1.7011676156951056e-30,1.5054148297440304e-30,3.201015965667758e-31,3.5476760035863254e-32,3.372615389798972e-31,3.061076927804878e-31
325,0.311,20000,20,-2.4974630084617354e-30,-1.5323017493570833e-31,-2.6506931833974435e-30,2.3442328335260266e-30,4.975369621597081e-31,5.532619561691402e-32,5.242765973702872e-31,4.757542251235794e-31
325,0.312,20000,20,-3.881480675484015e-30,-2.3934615500838236e-31,-4.120826830492399e-30,3.642134520475633e-30,7.715632087062923e-31,8.608585354607201e-32,8.13135898194542e-31,7.377337795486708e-31
325,0.313,20000,20,-6.018840047809676e-30,-3.7301797062373396e-31,-6.391858018433408e-30,5.6458220771859424e-30,1.1938000737128071e-30,1.3364484182657355e-31,1.2582880964593274e-30,1.1413808241756436e-30
325,0.314,20000,20,-9.312159919732218e-30,-5.800420360749555e-31,-9.892201955807173e-30,8.732117883657259e-30,1.8429385208058426e-30,2.070128444812841e-31,1.942748404226623e-30,1.7618972888268568e-30
325,0.315,20000,20,-1.4375252613248905e-29,-8.999550380147778e-31,-1.5275207651263683e-29,1.347529757523413e-29,2.8386668117314588e-30,3.1994274103677453e-31,2.9928002190233607e-30,2.713656592155549e-30
325,0.316,20000,20,-2.2141809672930376e-29,-1.3932175987130594e-30,-2.353502727164343e-29,2.0748592074217317e-29,4.362620504303022e-30,4.933808057097711e-31,4.600115190401926e-30,4.1702163976284745e-30
325,0.317,20000,20,-3.4028937546466837e-29,-2.1520829040094186e-30,-3.6181020450476244e-29,3.187685464245741e-29,6.68982812267885e-30,7.591583091544538e-31,7.054960203394929e-30,6.394355309739983e-30
325,0.318,20000,20,-5.218267544736732e-29,-3.3170041099026946e-30,-5.549967955727004e-29,4.886567133746465e-29,1.0235804989077223e-29,1.1655411208570896e-30,1.0795936626242093e-29,9.783053312735165e-30
325,0.319,20000,20,-7.984577598634767e-29,-5.10134853519091e-30,-8.494712452153859e-29,7.47444274511568e-29,1.5626924952694858e-29,1.785553999943476e-30,1.6484316537995628e-29,1.4934700579620152e-29
325,0.32,20000,20,-1.2190741626095075e-28,-7.828542539734169e-30,-1.2973595880068492e-28,1.1407887372121663e-28,2.3805342763105032e-29,2.7294393801253807e-30,2.5114893320397186e-29,2.274929669907318e-29
325,0.321,20000,20,-1.8572302949127216e-28,-1.1987777550680051e-29,-1.9771080704195222e-28,1.7373525194059217e-28,3.6185085226810785e-29,4.163263320817131e-30,3.818091798898352e-29,3.4577504395467265e-29
325,0.322,20000,20,-2.823343166511145e-28,-1.8317370656259998e-29,-3.006516873073745e-28,2.6401694599485453e-28,5.488375511723267e-29,6.336641073124863e-30,5.79189717001692e-29,5.244189078314158e-29
325,0.323,20000,20,-4.282808240376333e-28,-2.792923882237446e-29,-4.562100628600077e-28,4.003515852152587e-28,8.306572369189513e-29,9.623962576068275e-30,8.767172093567548e-29,7.936459893696119e-29
325,0.324,20000,20,-6.4828410113667635e-28,-4.249436413722966e-29,-6.907784652739058e-28,6.057897369994464e-28,1.2544935037982466e-28,1.458555884052214e-29,1.324241357603886e-28,1.1985159299289625e-28
325,0.325,20000,20,-9.79216158469116e-28,-6.451854329413755e-29,-1.0437347017632537e-27,9.146976151749784e-28,1.890550018146004e-28,2.205825970093209e-29,1.9959440216261226e-28,1.8060674320095038e-28
325,0.326,20000,20,-1.4759541383291038e-27,-9.775149784440438e-29,-1.5737056361735079e-27,1.3782026404846987e-27,2.8430580972970914e-28,3.3289179235090717e-29,3.00197989802893e-28,2.715825707197081e-28
325,0.327,20000,20,-2.219999267709244e-27,-1.4779255514419437e-28,-2.367791822853438e-27,2.07220671256505e-27,4.266440302144243e-28,5.013294288622371e-29,4.505572564249079e-28,4.075230541244749e-28
325,0.328,20000,20,-3.3321382709391035e-27,-2.2298545604462113e-28,-3.555123726983724e-27,3.1091528148944826e-27,6.388994443296251e-28,7.534182472515348e-29,6.748068920669362e-28,6.102240895394096e-28
325,0.329,20000,20,-4.99100387014181e-27,-3.357375288195901e-28,-5.326741398961399e-27,4.6552663413222186e-27,9.54752320970175e-28,1.1299166317267738e-28,1.0085578712439575e-27,9.118383853736277e-28
325,0.33,20000,20,-7.460225499732153e-27,-5.044604196515994e-28,-7.964685919383755e-27,6.955765080080558e-27,1.4237860767466833e-27,1.6910578451463116e-28,1.5042442657718363e-27,1.3596971377040521e-27
325,0.331,20000,20,-1.1128062681208591e-26,-7.564192958671774e-28,-1.188448197707577e-26,1.0371643385341416e-26,2.1188438561864204e-27,2.525670782848023e-28,2.238909424266684e-27,2.023329785723115e-27
325,0.332,20000,20,-1.656513922386273e-26,-1.1319071187626802e-27,-1.769704634262541e-26,1.5433232105100048e-26,3.1467171023427336e-27,3.7644853116889976e-28,3.325520649238062e-27,3.0046624517709468e-27
325,0.333,20000,20,-2.460837021119751e-26,-1.6903476181262803e-27,-2.629871782932379e-26,2.291802259307123e-26,4.6636428217078554e-27,5.599501888924652e-28,4.929377069424012e-27,4.4528034845985024e-27
325,0.334,20000,20,-3.6482712423663785e-26,-2.5191997952610178e-27,-3.9001912218924795e-26,3.3963512628402763e-26,6.897726197612476e-27,8.312131307770003e-28,7.291853903454064e-27,6.585434729969831e-27
325,0.335,20000,20,-5.397742024050265e-26,-3.7469234224259596e-27,-5.772434366292859e-26,5.023049681807668e-26,1.0181316134407041e-26,1.2313991602199373e-27,1.0764692296402484e-26,9.719695674496602e-27
325,0.336,20000,20,-7.970068475604441e-26,-5.561819187857723e-27,-8.526250394390213e-26,7.41388655681867e-26,1.4997655239936096e-26,1.8205934430374207e-27,1.5859416309473125e-26,1.4316681203562673e-26
325,0.337,20000,20,-1.1744676278993914e-25,-8.23934982236128e-27,-1.256861126123005e-25,1.092074129675779e-25,2.2047959862406952e-26,2.686327281104896e-27,2.331840436840574e-26,2.1045422172590152e-26
325,0.338,20000,20,-1.727242131999352e-25,-1.2181680060560973e-26,-1.8490589326049617e-25,1.6054253313937417e-25,3.2347680187305287e-26,3.9558591600599826e-27,3.4216895296228284e-26,3.0874691037737964e-26
325,0.339,20000,20,-2.535144003184707e-25,-1.7974785174481002e-26,-2.714891854929517e-25,2.3553961514398965e-25,4.736435260881853e-26,5.813835672010238e-27,5.0109095681103453e-26,4.5204465449436335e-26
325,0.34,20000,20,-3.7135844590247898e-25,-2.647076933706748e-26,-3.9782921523954653e-25,3.4488767656541147e-25,6.921461543153185e-26,8.527638053481297e-27,7.323703140545681e-26,6.605379952075577e-26
325,0.341,20000,20,-5.429117277216282e-25,-3.890628619928849e-26,-5.818180139209168e-25,5.040054415223397e-25,1.0094521109159952e-25,1.2483686223154222e-26,1.0682848582244323e-25,9.632876385055275e-26
325,0.342,20000,20,-7.921625927608279e-25,-5.707255734974119e-26,-8.492351501105686e-25,7.350900354110863e-25,1.4693297198132417e-25,1.823933383140916e-26,1.5552117100926538e-25,1.4020381048909897e-25
325,0.343,20000,20,-1.153592789346643e-24,-8.355898905734844e-26,-1.2371517784039912e-24,1.0700338002892944e-24,2.1345303056316697e-25,2.6596902957549106e-26,2.259654073457523e-25,2.0366349130400222e-25
325,0.34400000000000003,20000,20,-1.6766703987273443e-24,-1.2210156091462252e-25,-1.7987719596419668e-24,1.5545688378127215e-24,3.0948439508587015e-25,3.8709095287011015e-26,3.2767872851252917e-25,2.952704194456736e-25
325,0.34500000000000003,20000,20,-2.4322244610860994e-24,-1.7808007064923008e-25,-2.6103045317353292e-24,2.254144390436869e-24,4.47849780184975e-25,5.622878237302585e-26,4.74255313869514e-25,4.272517997905871e-25
325,0.34600000000000003,20000,20,-3.521471585447702e-24,-2.5922645414089927e-25,-3.780698039588602e-24,3.2622451313068034e-24,6.468251931166157e-25,8.152144235480571e-26,6.850741872989366e-25,6.170336375957245e-25
325,0.34700000000000003,20000,20,-5.088772790769774e-24,-3.766318220911052e-25,-5.46540461286088e-24,4.71214096867867e-24,9.324083961664623e-25,1.1796585631522145e-25,9.877071221767334e-25,8.894028118896142e-25
325,0.34800000000000003,20000,20,-7.339626918297505e-24,-5.461754232798896e-25,-7.885802341577393e-24,6.793451495017613e-24,1.3415096780771067e-24,1.70378906593043e-25,1.421306207083974e-24,1.2795479834993824e-24
325,0.34900000000000003,20000,20,-1.0566000865714637e-23,-7.905484105800945e-25,-1.135654927629473e-23,9.77545245513454e-24,1.9264311514670586e-24,2.4561453543276965e-25,2.0413603393908384e-24,1.8373282035279457e-24
325,0.35000000000000003,20000,20,-1.518191921844363e-23,-1.1421145020450191e-24,-1.6324033720488656e-23,1.403980471639862e-23,2.7611426741632786e-24,3.53406640447599e-25,2.9263608398715054e-24,2.633253211535598e-24
325,0.35100000000000003,20000,20,-2.1773372193214347e-23,-1.646945902944409e-24,-2.342031809615876e-23,2.0126426290269943e-23,3.9500579522899416e-24,5.075529793132207e-25,4.1871243487333844e-24,3.7668455496292285e-24
325,0.352,20000,20,-3.116816798678778e-23,-2.3705065028218216e-24,-3.35386744896096e-23,2.8797661483965966e-23,5.640283121377043e-24,7.275748683220019e-25,5.9798071627632104e-24,5.378310520300486e-24
325,0.353,20000,20,-4.453351275360291e-23,-3.405639535098894e-24,-4.7939152288701786e-23,4.1127873218504016e-23,8.038678861133187e-24,1.041039461379191e-24,8.524037707330464e-24,7.664791135390761e-24
325,0.354,20000,20,-6.35120648047602e-23,-4.883772955635125e-24,-6.839583776039534e-23,5.862829184912507e-23,1.1435582109962607e-23,1.4868029631967467e-24,1.2128131530215824e-23,1.0902966021955665e-23
325,0.355,20000,20,-9.041127263795096e-23,-6.990609224145673e-24,-9.740188186209661e-23,8.342066341380527e-23,1.6237723692059996e-23,2.119531433623524e-24,1.7224088292565747e-23,1.548040538505078e-23
325,0.356,20000,20,-1.284663663226697e-22,-9.988053041431281e-24,-1.3845441936410098e-22,1.1847831328123843e-22,2.3013819751040982e-23,3.0159906070536292e-24,2.4416073218195006e-23,2.1938996475550576e-23
325,0.357,20000,20,-1.8220496534917265e-22,-1.4244800009970713e-23,-1.964497653591434e-22,1.6796016533920197e-22,3.2557596810531695e-23,4.283780552429913e-24,3.454745131290105e-23,3.1034970268710957e-23
325,0.358,20000,20,-2.5795161717004223e-22,-2.0278927839877634e-23,-2.782305450099198e-22,2.376726893301646e-22,4.597475218153411e-23,6.073442832858415e-24,4.879329904623724e-23,4.3821719046374867e-23
325,0.359,20000,20,-3.64524663571666e-22,-2.8817090027261193e-23,-3.9334175359892717e-22,3.357075735444048e-22,6.480271376380733e-23,8.59521109147558e-24,6.878783638162798e-23,6.176384294760421e-23
325,0.36,20000,20,-5.141969553823243e-22,-4.087663221222509e-23,-5.550735875945495e-22,4.733203231700993e-22,9.117526083398671e-23,1.214214299933309e-23,9.679963139220845e-23,8.68939066439995e-23
325,0.361,20000,20,-7.240178542931364e-22,-5.787929886435239e-23,-7.818971531574888e-22,6.661385554287842e-22,1.2804838713078167e-22,1.712200565343152e-23,1.359720366925197e-22,1.220274980751037e-22
325,0.362,20000,20,-1.017629021192616e-21,-8.18083951808848e-23,-1.099437416373501e-21,9.358206260117312e-22,1.7950961204457547e-22,2.410114600181695e-23,1.9065253030890114e-22,1.710577235812617e-22
325,0.363,20000,20,-1.4277538281791862e-21,-1.1542561561171336e-22,-1.543179443790899e-21,1.3123282125674732e-21,2.5120078413320834e-22,3.386474057255721e-23,2.668429974937623e-22,2.393577320558387e-22
325,0.364,20000,20,-1.9996040243696798e-21,-1.625696483645166e-22,-2.1621736727341953e-21,1.8370343760051635e-21,3.508949497005852e-22,4.749938870664161e-23,3.7281422716635503e-22,3.343298780069096e-22
325,0.365,20000,20,-2.7955330914639427e-21,-2.2856665347288787e-22,-3.024099744936831e-21,2.566966437991055e-21,4.8928197405777305e-22,6.650612929644083e-23,5.199429654734689e-22,4.661535620355029e-22
325,0.366,20000,20,-3.901380922390016e-21,-3.2079351131567323e-22,-4.22217443370569e-21,3.580587411074344e-21,6.810364900009576e-22,9.295480719367091e-23,7.238500375491547e-22,6.488017547190835e-22
325,0.367,20000,20,-5.4351088224651594e-21,-4.494493111270107e-22,-5.8845581335921705e-21,4.98565951133815e-21,9.462669724152441e-22,1.296945369598424e-22,1.0059449917255255e-21,9.01420204801631e-22
325,0.368,20000,20,-7.55853029795976e-21,-6.28610177270746e-22,-8.187140475230508e-21,6.929920120689014e-21,1.3124783625527945e-21,1.8064013320073982e-22,1.3955186458016604e-21,1.2501953163422069e-21
325,0.369,20000,20,-1.0493218729778218e-20,-8.77668920246627e-22,-1.1370887650024843e-20,9.615549809531594e-21,1.81722540334381e-21,2.51161227919158e-22,1.932572726708582e-21,1.7308792314653322e-21
325,0.37,20000,20,-1.4542040316323222e-20,-1.2232964134485414e-21,-1.5765336729771763e-20,1.3318743902874679e-20,2.511693259038528e-21,3.4860994333270613e-22,2.6716393062118996e-21,2.3921971611227256e-21
325,0.371,20000,20,-2.0118249176825593e-20,-1.7021090353087885e-21,-2.1820358212134377e-20,1.8416140141516802e-20,3.465520743576718e-21,4.830351809372966e-22,3.686926943170901e-21,3.300436900788709e-21
325,0.372,20000,20,-2.778473003867579e-20,-2.3642899468700505e-21,-3.014901998554585e-20,2.5420440091805735e-20,4.773285671910493e-21,6.681478075144102e-22,5.079241882976601e-21,4.545619549733675e-21
325,0.373,20000,20,-3.8306833318866757e-20,-3.2784966340609407e-21,-4.158532995292771e-20,3.502833668480582e-20,6.563209436882458e-21,9.226225572192447e-22,6.985279868686994e-21,6.249781287938135e-21
325,0.374,20000,20,-5.2723384104507894e-20,-4.538499932418677e-21,-5.726188403692657e-20,4.8184884172089204e-20,9.0088192685001e-21,1.271851017543562e-21,9.590078201588136e-21,8.578068508357492e-21
325,0.375,20000,20,-7.244194725662263e-20,-6.2721497448970145e-21,-7.871409700151964e-20,6.616979751172563e-20,1.234454522946137e-20,1.750297838514221e-21,1.3143673105615556e-20,1.1753575463839439e-20
325,0.376,20000,20,-9.936640854649983e-20,-8.65346177401698e-21,-1.0801987032051677e-19,9.071294677248284e-20,1.6886542326039545e-20,2.4046621876770125e-21,1.798334295978457e-20,1.6077151486588172e-20
325,0.377,20000,20,-1.3606753320322006e-19,-1.191888342797543e-20,-1.4798641663119544e-19,1.241486497752446e-19,2.3060438809512097e-20,3.2981122324146407e-21,2.4563257865901548e-20,2.19537952933641e-20
325,0.378,20000,20,-1.8601057900028605e-19,-1.6389146042507222e-20,-2.0239972504279327e-19,1.6962143295777885e-19,3.1438249074639307e-20,4.515946961781801e-21,3.349393173291105e-20,2.992776471359772e-20
325,0.379,20000,20,-2.538585177369683e-19,-2.24985713389441e-20,-2.763570890759124e-19,2.3135994639802417e-19,4.2787391278344276e-20,6.173153318071478e-21,4.5594625125515145e-20,4.072919724537718e-20
325,0.38,20000,20,-3.4587527555466684e-19,-3.083430734427461e-20,-3.7670958289894156e-19,3.150409682103923e-19,5.813566450658269e-20,8.424475629404159e-21,6.196282775750851e-20,5.533590634297105e-20
325,0.381,20000,20,-4.704610503711411e-19,-4.218876800406164e-20,-5.126498183752027e-19,4.282722823670795e-19,7.885723046624771e-20,1.14778093704768e-20,8.406622582952575e-20,7.505514961868373e-20
325,0.382,20000,20,-6.3886173358002735e-19,-5.762960007139039e-20,-6.964913336514176e-19,5.81232133508637e-19,1.0678619037496629e-19,1.5611986080095345e-20,1.138642175319384e-19,1.0163163431809353e-19
325,0.383,20000,20,-8.661074339504528e-19,-7.859287655722459e-20,-9.447003105076775e-19,7.875145573932284e-19,1.4436635150547885e-19,2.120034855011944e-20,1.5396819023267996e-19,1.3738992993583394e-19
325,0.384,20000,20,-1.1722519478745147e-18,-1.0700701639244686e-19,-1.2792589642669618e-18,1.0652449314820681e-18,1.9484837072428496e-19,2.874194796035744e-20,2.0785255609232675e-19,1.854219221635207e-19
325,0.385,20000,20,-1.584006860229747e-18,-1.454572819198821e-19,-1.7294641421496295e-18,1.4385495783098648e-18,2.6254881141369703e-19,3.8902756724432107e-20,2.801321388960768e-19,2.498331252426708e-19
325,0.386,20000,20,-2.1368922236209617e-18,-1.974037730108072e-19,-2.3342959966317685e-18,1.9394884506101542e-18,3.5318996802143602e-19,5.2570019922362376e-20,3.7692614269569147e-19,3.360657732703348e-19
325,0.387,20000,20,-2.8780622741416737e-18,-2.6746982946107147e-19,-3.1455321036027452e-18,2.610592444680602e-18,4.743448692667172e-19,7.092381227720973e-20,5.063349033444079e-19,4.513218917251776e-19
325,0.388,20000,20,-3.870011720825778e-18,-3.6182294214976115e-19,-4.2318346629755386e-18,3.508188778676017e-18,6.360190092412497e-19,9.55310879028025e-20,6.790632962000637e-19,6.051163338550138e-19
325,0.389,20000,20,-5.1954287443044785e-18,-4.88677004692024e-19,-5.684105748996501e-18,4.7067517396124525e-18,8.514095087021155e-19,1.2846908451719211e-19,9.092345143332416e-19,8.099984643907173e-19
325,0.39,20000,20,-6.963538700706485e-18,-6.5895345427327645e-19,-7.622492154979761e-18,6.30458524643321e-18,1.1378941242118635e-18,1.724869717080448e-19,1.2154505318097097e-18,1.0824923054568497e-18
325,0.391,20000,20,-9.31838238835767e-18,-8.871501191666782e-19,-1.020553250752435e-17,8.431232269190992e-18,1.5183174905847228e-18,2.312172401297835e-19,1.6221716704813423e-18,1.4443191822395836e-18
325,0.392,20000,20,-1.2449600585986433e-17,-1.1924811328809629e-18,-1.3642081718867395e-17,1.1257119453105474e-17,2.022661070735185e-18,3.0945167485858417e-19,2.1615082333274585e-18,1.923985044000704e-18
325,0.393,20000,20,-1.660645996567614e-17,-1.600370009452651e-18,-1.8206829975128792e-17,1.5006089956223493e-17,2.6902075870513162e-18,4.1350104347718556e-19,2.87554333007947e-18,2.5588377255320137e-18
325,0.394,20000,20,-2.2116063931948108e-17,-2.1444020678140507e-18,-2.4260465999762158e-17,1.997166186413406e-17,3.572341586796494e-18,5.516631127895607e-19,3.819339277996855e-18,3.397728753901226e-18
325,0.395,20000,20,-2.940695739092041e-17,-2.8688733248025476e-18,-3.2275830715722963e-17,2.6538084066117866e-17,4.736166960914259e-18,7.348306087256351e-19,5.0648221600121426e-18,4.50445152019663e-18
325,0.396,20000,20,-3.9039671900233564e-17,-3.832112618638226e-18,-4.2871784518871786e-17,3.520755928159535e-17,6.26917182636037e-18,9.772796562386135e-19,6.705792572263738e-18,5.962174754871702e-18
325,0.397,20000,20,-5.17461858572867e-17,-5.110804443167106e-18,-5.68569903004538e-17,4.663538141411958e-17,8.285233857941831e-18,1.2976905874161217e-18,8.864378171177906e-18,7.87914979685326e-18
325,0.398,20000,20,-6.848081680005698e-17,-6.805604751148749e-18,-7.528642155120572e-17,6.167521204890823e-17,1.0932338226890673e-17,1.7204674228167282e-18,1.1699328918113482e-17,1.0396045276258225e-17
325,0.399,20000,20,-9.048574876829114e-17,-9.048424577843868e-18,-9.9534173346135e-17,8.143732419044728e-17,1.440247987965071e-17,2.277440609098475e-18,1.5416663365287065e-17,1.3695357443485893e-17
325,0.4,20000,20,-1.1937526341280387e-16,-1.2011861463235898e-17,-1.3138712487603983e-16,1.0736340194956801e-16,1.8944347063913848e-17,3.010060729194593e-18,2.028330944454675e-17,1.8013463312746998e-17
325,0.401,20000,20,-1.5724383438708901e-16,-1.5921392231589812e-17,-1.7316522661867884e-16,1.4132244215549922e-16,2.4879540077448884e-17,3.9722201283865035e-18,2.6644552833223857e-17,2.3656033030604092e-17
325,0.402,20000,20,-2.0680461661642334e-16,-2.1071110131941824e-17,-2.278757267483652e-16,1.8573350648448153e-16,3.262327595224112e-17,5.233876261845407e-18,3.49463185043056e-17,3.101770481767458e-17
325,0.403,20000,20,-2.7156658476855666e-16,-2.7844003915002664e-17,-2.994105886835594e-16,2.4372258085355403e-16,4.2710775768307896e-17,6.885696980483734e-18,4.57635769061366e-17,4.0607159566159753e-17
325,0.404,20000,20,-3.5606073446053927e-16,-3.6738047676372505e-17,-3.927987821369119e-16,3.1932268678416685e-16,5.58308382933606e-17,9.045006304708674e-18,5.983649813480465e-17,5.3079023899716994e-17
325,0.405,20000,20,-4.661284612520485e-16,-4.8399712622863007e-17,-5.145281738749115e-16,4.177287486291855e-16,7.286848611615343e-17,1.1863382425172004e-17,7.811639114503012e-17,6.927439395136202e-17
325,0.406,20000,20,-6.092886065541402e-16,-6.36669432059346e-17,-6.729555497600748e-16,5.456216633482056e-16,9.49590460814829e-17,1.5536351340899406e-17,1.018239797134288e-16,9.027222411520256e-17
325,0.40700000000000003,20000,20,-7.952038662468749e-16,-8.362418250893486e-17,-8.7882804875580935e-16,7.115796837379398e-16,1.235566162781479e-16,2.0315734166710658e-17,1.3252320602879235e-16,1.1745438614852196e-16
325,0.40800000000000003,20000,20,-1.0362724932736685e-15,-1.0967271286389326e-16,-1.145945206137562e-15,9.265997804097753e-16,1.6052060347312403e-16,2.652534921169636e-17,1.7221454513243445e-16,1.5258789934062742e-16
325,0.40900000000000003,20000,20,-1.3483777299139207e-15,-1.4362043139685294e-16,-1.491998161310774e-15,1.204757298517068e-15,2.0822491986561566e-16,3.458094820091015e-17,2.234527939259491e-16,1.9792869258831454e-16
325,0.41000000000000003,20000,20,-1.7518354721827731e-15,-1.8779624850312642e-16,-1.939631720685899e-15,1.564039223679647e-15,2.696955454121683e-16,4.501548776055524e-17,2.89495509610557e-16,2.5635232127347536e-16
325,0.41100000000000003,20000,20,-2.272590655521822e-15,-2.4519563180625538e-16,-2.5177862873280777e-15,2.0273950237155663e-15,3.487835391206261e-16,5.85111126402979e-17,3.744897658036008e-16,3.3151837088794056e-16
325,0.41200000000000003,20000,20,-2.943725192849407e-15,-3.1966548249436467e-16,-3.2633906753437724e-15,2.6240597103550426e-15,4.503822769696248e-16,7.593956847350732e-17,4.837067326679805e-16,4.280768899488031e-16
325,0.41300000000000003,20000,20,-3.807355521713627e-15,-4.161386030411351e-16,-4.223494124754762e-15,3.391216918672492e-15,5.806997747548924e-16,9.841318425411569e-17,6.238358457041174e-16,5.519271728094779e-16
325,0.41400000000000003,20000,20,-4.917016567485975e-15,-5.409305907557299e-16,-5.457947158241704e-15,4.3760859767302445e-15,7.475995047155916e-16,1.2734908648201778e-16,8.033530974909572e-16,7.10541637984214e-16
325,0.41500000000000004,20000,20,-6.340651979435045e-15,-7.02115187218369e-16,-7.042767166653414e-15,5.6385367922166756e-15,9.610262357489162e-16,1.6454995037497257e-16,1.0329813773006533e-15,9.133705152249662e-16
325,0.41600000000000004,20000,20,-8.164358782192339e-15,-9.099980720946972e-16,-9.074356854287039e-15,7.254360710097645e-15,1.2335372390629991e-15,2.123053856679629e-16,1.3262649269409633e-15,1.1723466797171648e-15
325,0.417,20000,20,-1.0497069234611752e-14,-1.17771398489858e-15,-1.1674783219510334e-14,9.319355249713171e-15,1.5809638488683976e-15,2.7351902799075957e-16,1.7002850354277399e-15,1.5025143921121242e-15
325,0.418,20000,20,-1.3476395058200568e-14,-1.5219781014043843e-15,-1.4998373159604947e-14,1.1954416956796182e-14,2.0232340241463003e-15,3.5186760108321343e-16,2.1765502492891442e-15,1.922811083447861e-15
325,0.419,20000,20,-1.7275910916896363e-14,-1.964030039260547e-15,-1.9239940956156903e-14,1.531188087763581e-14,2.5853934291015716e-15,4.519996777238334e-16,2.7821018553200796e-15,2.457037861009195e-15
325,0.42,20000,20,-2.211421705040766e-14,-2.530818030969951e-15,-2.4645035081377615e-14,1.958339901943772e-14,3.2988708825263217e-15,5.797836554119878e-16,3.550884467665834e-15,3.135062339191246e-15
325,0.421,20000,20,-2.8266197617836232e-14,-3.2564820580079097e-15,-3.152267967584414e-14,2.5009715559828315e-14,4.203044112262436e-15,7.426166452349286e-16,4.525442541435934e-15,3.994306997085936e-15
325,0.422,20000,20,-3.60769843811832e-14,-4.184208541708189e-15,-4.0261192922891387e-14,3.189277583947501e-14,5.3471739369932525e-15,9.49808631270605e-16,5.7590169207448764e-15,5.081587862427087e-15
325,0.423,20000,20,-4.597924816543175e-14,-5.368546082096331e-15,-5.1347794247528084e-14,4.0610702083335414e-14,6.792789694138654e-15,1.2130594917611696e-15,7.318131560391293e-15,6.455382311180439e-15
325,0.424,20000,20,-5.851457701430327e-14,-6.878292383618549e-15,-6.539286939792182e-14,5.1636284630684747e-14,8.616626424510982e-15,1.5470503996498003e-15,9.285779869577499e-15,8.188621616061175e-15
325,0.425,20000,20,-7.435986479299361e-14,-8.80008769736985e-15,-8.315995249036347e-14,6.555977709562376e-14,1.0914235583076561e-14,1.9701758789039673e-15,1.1765343340952323e-14,1.0372124121072212e-14
325,0.426,20000,20,-9.435983270449803e-14,-1.1242880790517417e-14,-1.0560271349501547e-13,8.311695191398061e-14,1.3804416542854514e-14,2.505448550822097e-15,1.4885402987856952e-14,1.3118809204649754e-14
325,0.427,20000,20,-1.1956704532112782e-13,-1.4343470758616387e-14,-1.3391051607974418e-13,1.0522357456251146e-13,1.743464668465128e-14,3.1816155588018148e-15,1.880563748504974e-14,1.656886127487811e-14
325,0.428,20000,20,-1.512910699927803e-13,-1.8273373278667742e-14,-1.6956444327144802e-13,1.3301769671411252e-13,2.1987724342943116e-14,4.0345340448222134e-15,2.3724041810779355e-14,2.0896047799537554e-14
325,0.429,20000,20,-1.9115877294342716e-13,-2.3247314772754378e-14,-2.1440608771618152e-13,1.679114581706728e-13,2.768988238760785e-14,5.108863142753254e-15,2.988574781083549e-14,2.631543684397084e-14
325,0.43,20000,20,-2.411881576483918e-13,-2.95337243320018e-14,-2.7072188198039367e-13,2.1165443331639006e-13,3.482068202141569e-14,6.460142078834444e-15,3.7593784836738225e-14,3.309280897535854e-14
325,0.431,20000,20,-3.0387864366367114e-13,-3.746767341559598e-14,-3.413463170792671e-13,2.664109702480752e-13,4.3725057929077246e-14,8.157338512412893e-15,4.7222186067493693e-14,4.15561170950982e-14
325,0.432,20000,20,-3.823212715267977e-13,-4.746680998766204e-14,-4.2978808151445973e-13,3.348544615391358e-13,5.4827958925554666e-14,1.028596866162124e-14,5.923192618585863e-14,5.210941741003561e-14
325,0.433,20000,20,-4.803330186653344e-13,-6.005095007681026e-14,-5.403839687421446e-13,4.2028206858852427e-13,6.865211468869718e-14,1.2951911568333496e-14,7.41902709235555e-14,6.524977723561483e-14
325,0.434,20000,20,-6.026202422177305e-13,-7.586612950505471e-14,-6.78486371722785e-13,5.267541127126756e-13,8.583956129943794e-14,1.6286064683669438e-14,9.279423113371138e-14,8.158776282154454e-14
325,0.435,20000,20,-7.549772502704931e-13,-9.57140861712015e-14,-8.506913364416943e-13,6.592631640992916e-13,1.0717767877524872e-13,2.0450017522623086e-14,1.1589894639927973e-13,1.0187222542081268e-13
325,0.436,20000,20,-9.445271698701902e-13,-1.2058834400452242e-13,-1.065115513874712e-12,8.239388258656676e-13,1.3363063558589654e-13,2.5642955286581977e-14,1.4455197908846968e-13,1.2702023928275078e-13
325,0.437,20000,20,-1.1800136590660017e-12,-1.5171830964816046e-13,-1.3317319687141618e-12,1.028295349417841e-12,1.663773017463022e-13,3.211004606533634e-14,1.8003468306455244e-13,1.5815320446719495e-13
325,0.438,20000,20,-1.4721536366906078e-12,-1.9062307925531043e-13,-1.6627767159459185e-12,1.2815305574352973e-12,2.0685688745082356e-13,4.015261464235445e-14,2.2391202634950832e-13,1.966403141600859e-13
325,0.439,20000,20,-1.8340631184704234e-12,-2.3917699386175176e-13,-2.073240112332175e-12,1.5948861246086726e-12,2.568237928693165e-13,5.014046435484652e-14,2.780924989596547e-13,2.441508048755462e-13
325,0.44,20000,20,-2.2817704983024696e-12,-2.9968938740546443e-13,-2.581459885707935e-12,1.9820811108970058e-12,3.1841342181819965e-13,6.252677742389183e-14,3.4490003161185314e-13,3.027166635190835e-13
325,0.441,20000,20,-2.834834252915298e-12,-3.750014529709881e-13,-3.2098357058862862e-12,2.4598327999443095e-12,3.942210234002968e-13,7.786610542259767e-14,4.271601945638521e-13,3.748077634055796e-13
325,0.442,20000,20,-3.5170851380832184e-12,-4.686037234524775e-13,-3.985688861535697e-12,3.048481414630741e-12,4.873959880025248e-13,9.683605710773173e-14,5.283033458986236e-13,4.63421748374607e-13
325,0.443,20000,20,-4.357516555143549e-12,-5.847783378699609e-13,-4.942294893013509e-12,3.7727382172735896e-12,6.017544447404272e-13,1.2026340301631557e-13,6.524878634603023e-13,5.721913873669014e-13
325,0.444,20000,20,-5.391350977425823e-12,-7.287710617517989e-13,-6.120122039177622e-12,4.6625799156740245e-12,7.419134949807411e-13,1.4915544767195302e-13,8.047471338398609e-13,7.055125893887698e-13
325,0.445,20000,20,-6.661315227712626e-12,-9.069989697639957e-13,-7.568314197476621e-12,5.7543162579486305e-12,9.134509804409465e-13,1.8473767398241919e-13,9.911645959173623e-13,8.686968098904781e-13
325,0.446,20000,20,-8.219163092235042e-12,-1.1273008046778087e-12,-9.346463896912855e-12,7.091862287557235e-12,1.1230953351808463e-12,2.2849884388818134e-13,1.2190818574132695e-12,1.0681522045346537e-12
325,0.447,20000,20,-1.0127490359353424e-11,-1.399238325899776e-12,-1.1526728685253202e-11,8.728252033453649e-12,1.3789508204379547e-12,2.8224494846206404e-13,1.4973457340236303e-12,1.3115986066777291e-12
325,0.448,20000,20,-1.2461895011802901e-11,-1.7344584841939384e-12,-1.4196353495996842e-11,1.0727436527608967e-11,1.6907643029327495e-12,3.4816364390875066e-13,1.8366010168863565e-12,1.60832223350763e-12
325,0.449,20000,20,-1.5313544125942404e-11,-2.1471280424466564e-12,-1.746067216838906e-11,1.3166416083495744e-11,2.0702407256635886e-12,4.289010923000125e-13,2.249636871896308e-12,1.969476977004069e-12
325,0.45,20000,20,-1.8792219202920386e-11,-2.6544543459362228e-12,-2.1446673548856612e-11,1.6137764856984166e-11,2.5314155515698963e-12,5.276534530832564e-13,2.7517960320966084e-12,2.408440225602158e-12
325,0.451,20000,20,-2.302992335708131e-11,-3.2773083758067816e-12,-2.6307231732888093e-11,1.9752614981274525e-11,3.0910937526881367e-12,6.482756498065768e-13,3.3614573822919984e-12,2.9412324082115917e-12
325,0.452,20000,20,-2.8185147218778824e-11,-4.04096904885172e-12,-3.222611626763056e-11,2.414417816992711e-11,3.769366390257427e-12,7.954104732845012e-13,4.100604175478168e-12,3.5870108734260867e-12
325,0.453,20000,20,-3.44479057967268e-11,-4.9760110148820436e-12,-3.942391681160885e-11,2.9471894781844753e-11,4.59021750623732e-12,9.74641585616236e-13,4.995491988166641e-12,4.368650334614009e-12
325,0.454,20000,20,-4.204567613742433e-11,-6.119362017292067e-12,-4.816503815471639e-11,3.5926314120132265e-11,5.582235947416779e-12,1.1926745680253359e-12,6.077432642986889e-12,5.313423949361699e-12
325,0.455,20000,20,-5.1250385689899237e-11,-7.515560299031738e-12,-5.876594598893097e-11,4.37348253908675e-11,6.77944889533268e-12,1.457550819400043e-12,7.383712731269452e-12,6.453801184822149e-12
325,0.456,20000,20,-6.238662413364338e-11,-9.218247640687573e-12,-7.160487177433096e-11,5.316837649295581e-11,8.222296306272633e-12,1.7788998727542127e-12,8.958668087310538e-12,7.828380976438416e-12
325,0.457,20000,20,-7.584127738535256e-11,-1.1291939505959658e-11,-8.71332168913122e-11,6.45493378793929e-11,9.958768205583513e-12,2.168236565864239e-12,1.0854938633921675e-11,9.482981346073515e-12
325,0.458,20000,20,-9.207481192480991e-11,-1.381412055022445e-11,-1.0588893247503435e-10,7.826069137458547e-11,1.2045729861375291e-11,2.639310493595795e-12,1.3134931472486407e-11,1.1471909638885448e-11
325,0.459,20000,20,-1.1163447086180879e-10,-1.6877721540448813e-11,-1.2851219240225757e-10,9.475674932135996e-11,1.4550463318692093e-11,3.208516297794832e-12,1.5872523969490285e-11,1.3859440900757665e-11
325,0.46,20000,20,-1.3516968072626748e-10,-2.059404267358167e-11,-1.557637233998491e-10,1.1457563805268578e-10,1.7552457642638492e-11,3.895374632391907e-12,1.9155042937362255e-11,1.6721535686485542e-11
325,0.461,20000,20,-1.6345001025679076e-10,-2.5096198514657132e-11,-1.8854620877144794e-10,1.3835381174213365e-10,2.1145484536112176e-11,4.723095094367766e-12,2.3085560864934865e-11,2.01478328022194e-11
325,0.462,20000,20,-1.9738606997637365e-10,-3.0543171470331026e-11,-2.2792924144670468e-10,1.668428985060426e-10,2.544000080494048e-11,5.719234054850848e-12,2.778555556878806e-11,2.4243957185098036e-11
325,0.463,20000,20,-2.3805379459710314e-10,-3.712457405073876e-11,-2.751783686478419e-10,2.0092922054636434e-10,3.056592448219498e-11,6.916462179874243e-12,3.3397985660179673e-11,2.9134188351766156e-11
325,0.464,20000,20,-2.867226098411071e-10,-4.5066235353372395e-11,-3.317888451944794e-10,2.416563744877347e-10,3.66758373376613e-11,8.353458519936318e-12,4.009084090424517e-11,3.496454065072609e-11
325,0.465,20000,20,-3.4488805168408987e-10,-5.4636744447549113e-11,-3.9952479613163906e-10,2.9025130723654084e-10,4.394867303212579e-11,1.0075950395877123e-11,4.806123394106768e-11,4.190631297778077e-11
325,0.466,20000,20,-4.1430947993283986e-10,-6.615510288855448e-11,-4.804645828213942e-10,3.4815437704428536e-10,5.2593957374531916e-11,1.2137920941882424e-11,5.7540107995961666e-11,5.01601727072785e-11
325,0.467,20000,20,-4.970536100741741e-10,-7.99996607097815e-11,-5.770532707839556e-10,4.170539493643927e-10,6.285667504816721e-11,1.4603009112473708e-11,6.879764418297913e-11,5.996084640306497e-11
325,0.468,20000,20,-5.955446781396179e-10,-9.661853521563324e-11,-6.921632133552511e-10,4.989261429239843e-10,7.50228458347733e-11,1.7546130248717816e-11,8.21494618557113e-11,7.158249845125063e-11
325,0.46900000000000003,20000,20,-7.126221535911655e-10,-1.165417400373797e-10,-8.291638936285455e-10,5.96080413553786e-10,8.94259028261762e-11,2.1055348960691624e-11,9.796371623617143e-11,8.534488815075743e-11
325,0.47000000000000003,20000,20,-8.516070256356327e-10,-1.4039528355329222e-10,-9.920023091889248e-10,7.112117420823406e-10,1.0645397541349087e-10,2.5234040151150337e-11,1.1666920930798682e-10,1.0162040605518722e-10
325,0.47100000000000003,20000,20,-1.0163778096038083e-09,-1.689175312723178e-10,-1.185295340876126e-09,8.474602783314904e-10,1.265581910222505e-10,3.020337851328825e-11,1.3876464274285017e-10,1.2084210152646301e-10
325,0.47200000000000003,20000,20,-1.2114575527715035e-09,-2.0297816652244794e-10,-1.4144357192939514e-09,1.0084793862490558e-09,1.502621216529396e-10,3.610520181868844e-11,1.6482915548491545e-10,1.4351282558068348e-10
325,0.47300000000000003,20000,20,-1.4421132639118144e-09,-2.4360012817972416e-10,-1.685713392091539e-09,1.1985131357320904e-09,1.7817251431877264e-10,4.3105298805899013e-11,1.955343035856253e-10,1.702156262184019e-10
325,0.47400000000000003,20000,20,-1.7144693485918433e-09,-2.91984953656625e-10,-2.006454302248468e-09,1.4224843949352186e-09,2.1099145846916122e-10,5.139717852230576e-11,2.3165765599503702e-10,2.016255475699451e-10
325,0.47500000000000003,20000,20,-2.035636803347681e-09,-3.495420103965208e-10,-2.385178813744202e-09,1.6860947929511603e-09,2.495301584615904e-10,6.120638459870594e-11,2.740981972988484e-10,2.3852299937855854e-10
325,0.47600000000000003,20000,20,-2.4138601069246277e-09,-4.1792216017509e-10,-2.831782267099718e-09,1.9959379467495377e-09,2.947244951015014e-10,7.279542518389939e-11,3.238937468579613e-10,2.81808879610615e-10
325,0.47700000000000004,20000,20,-2.858683946197562e-09,-4.990564680892715e-10,-3.3577404142868333e-09,2.3596274781082905e-09,3.476525772005273e-10,8.646939717115369e-11,3.822406234601132e-10,3.3252165033189434e-10
325,0.47800000000000004,20000,20,-3.3811421285513288e-09,-5.952006427392564e-10,-3.9763427712905855e-09,2.785941485812073e-09,4.09554501988216e-10,1.0258239194414785e-10,4.505158054196001e-10,3.91856585422174e-10
325,0.47900000000000004,20000,20,-3.993971261614497e-09,-7.089859763086926e-10,-4.7029572379231875e-09,3.2849852853058044e-09,4.818545620120646e-10,1.2154477918854843e-10,5.303018580294777e-10,4.611874282004519e-10
325,0.48,20000,20,-4.711852025402043e-09,-8.434776435683434e-10,-5.5553296689703864e-09,3.868374381833698e-09,5.661861558225779e-10,1.4383147538648165e-10,6.234149233343407e-10,5.420907175722893e-10
325,0.481,20000,20,-5.551681121005202e-09,-1.002241317809886e-09,-6.553922438815086e-09,4.5494398031953155e-09,6.644196801846244e-10,1.6999131445905486e-10,7.319360912751775e-10,6.363730628374575e-10
325,0.482,20000,20,-6.532877253709452e-09,-1.1894191699117618e-09,-7.722296423621216e-09,5.3434580837976915e-09,7.786937026907554e-10,2.006576496682755e-10,8.582464962706743e-10,7.461016697477503e-10
325,0.483,20000,20,-7.677724796232799e-09,-1.4098164346754798e-09,-9.087541230908278e-09,6.267908361557317e-09,9.114497353455687e-10,2.3656032834692554e-10,1.0050665091100127e-09,8.736384436845927e-10
325,0.484,20000,20,-9.011759078890019e-09,-1.6689998567747026e-09,-1.0680758935664723e-08,7.342759222115317e-09,1.0654709517980524e-09,2.7853919430134395e-10,1.1754994204935305e-09,1.0216780198254012e-09
325,0.485,20000,20,-1.056419756674643e-08,-1.973409467616142e-09,-1.2537607034362572e-08,8.590788099130287e-09,1.2439252132332576e-09,3.2755928682479835e-10,1.3730800394748093e-09,1.193290094738495e-09
325,0.486,20000,20,-1.236842150778946e-08,-2.3304852945783717e-09,-1.4698906802367839e-08,1.0037936213211087e-08,1.4504127902857437e-09,3.847279201570118e-10,1.601828657211295e-09,1.3919664588208634e-09
325,0.487,20000,20,-1.4462512968942537e-08,-2.748810765869216e-09,-1.7211323734811757e-08,1.1713702203073328e-08,1.6890191904512245e-09,4.513138429040345e-10,1.8663108535520552e-09,1.621673154162834e-09
325,0.488,20000,20,-1.6889852516125723e-08,-3.238274747966118e-09,-2.012812726409185e-08,1.365157776815961e-08,1.9643735220657242e-09,5.287686933557336e-10,2.1717036507782754e-09,1.8869082075523355e-09
325,0.489,20000,20,-1.9699783137780783e-08,-3.810254338528856e-09,-2.351003747630964e-08,1.5889528799251928e-08,2.281712846665512e-09,6.187509837530611e-10,2.5238685449125996e-09,2.192765413141221e-09
325,0.49,20000,20,-2.2948346355095494e-08,-4.477820735961895e-09,-2.7426167091057386e-08,1.8470525619133596e-08,2.646952991068395e-09,7.231528642952444e-10,2.929431970030593e-09,2.545004663471436e-09
325,0.491,20000,20,-2.669909680281267e-08,-5.255970717493994e-09,-3.195506752030665e-08,2.144312608531867e-08,3.0667663084193803e-09,8.441299359503542e-10,3.3958737744976707e-09,2.950129350744895e-09
325,0.492,20000,20,-3.1024001897649906e-08,-6.16188648064527e-09,-3.7185888378295175e-08,2.486211541700462e-08,3.548666893268261e-09,9.841343998332745e-10,3.931624309523443e-09,3.4154713820190514e-09
325,0.493,20000,20,-3.6004433532011566e-08,-7.215226838007572e-09,-4.321966037001914e-08,2.878920669400399e-08,4.10110376899464e-09,1.1459518499114645e-09,4.546170749324946e-09,3.949284371976441e-09
325,0.494,20000,20,-4.1732259033295217e-08,-8.438453001949947e-09,-5.017071203524517e-08,3.3293806031345266e-08,4.7335625760327246e-09,1.332742034937299e-09,5.250173277931537e-09,4.560845594569754e-09
325,0.495,20000,20,-4.8311038907377884e-08,-9.857192453524459e-09,-5.816823136090234e-08,3.845384645385344e-08,5.45667629578621e-09,1.5480839346033648e-09,6.055591789595899e-09,5.2605672896488125e-09
325,0.496,20000,20,-5.585733913193335e-08,-1.1500644657635153e-08,-6.735798378956849e-08,4.43566944742982e-08,6.282345547244782e-09,1.7960255137666888e-09,6.975823757210265e-09,6.060117932063314e-09
325,0.497,20000,20,-6.450216597342058e-08,-1.340203266330075e-08,-7.790419863672135e-08,5.1100133310119846e-08,7.223868990455905e-09,2.0811385369496447e-09,8.025853925324326e-09,6.97255407808722e-09
325,0.498,20000,20,-7.439253146260108e-08,-1.559910491219688e-08,-8.999163637479795e-08,5.879342655040421e-08,8.296084362471084e-09,2.4085788429317504e-09,9.2224164805381e-09,8.012463406669057e-09
325,0.499,20000,20,-8.569315776831303e-08,-1.8134691868869087e-08,-1.0382784963718213e-07,6.755846589944397e-08,9.515520656458875e-09,2.784152495796543e-09,1.0584170341391698e-08,9.196119570291363e-09
325,0.5,20000,20,-9.858832874822258e-08,-2.1057322380013458e-08,-1.1964565112823604e-07,7.753100636820912e-08,1.09005619325939e-08,3.2143882439573612e-09,1.2131888191529834e-08,1.0541649461380886e-08
325,0.501,20000,20,-1.1328389691818715e-07,-2.4421904965597116e-08,-1.3770580188378425e-07,8.886199195259006e-08,1.2471623219343795e-08,3.7066167320913135e-09,1.3888659853029007e-08,1.2069213484508815e-08
325,0.502,20000,20,-1.3000945395772645e-07,-2.8290479538523816e-08,-1.5829993349625035e-07,1.0171897441920269e-07,1.4251338925093735e-08,4.269056922160271e-09,1.5880110560434763e-08,1.3801199401263682e-08
325,0.503,20000,20,-1.4902067264655973e-07,-3.273304533879966e-08,-1.8175371798535944e-07,1.1628762730776006e-07,1.6264764131909997e-08,4.9109101883622574e-09,1.813463464938947e-08,1.5762430282885176e-08
325,0.504,20000,20,-1.7060182779433015e-07,-3.782847114906299e-08,-2.0843029894339318e-07,1.3277335664526715e-07,1.8539589084876464e-08,5.642462556472116e-09,2.068364511584032e-08,1.798038706470179e-08
325,0.505,20000,20,-1.9506850327029656e-07,-4.366549412676326e-08,-2.387339973970598e-07,1.5140300914353323e-07,2.1106367121109702e-08,6.475195560103065e-09,2.3561839431848807e-08,2.0485446145326033e-08
325,0.506,20000,20,-2.2277049164954516e-07,-5.034381383963029e-08,-2.731143054891755e-07,1.7242667780991488e-07,2.3998756201569126e-08,7.421906184434794e-09,2.6807481921151643e-08,2.331113241163835e-08
325,0.507,20000,20,-2.5409489225444126e-07,-5.7975288320237654e-08,-3.120701805746789e-07,1.9611960393420362e-07,2.7253774115462325e-08,8.496836361356773e-09,3.046270290105681e-08,2.6494387997056703e-08
325,0.508,20000,20,-2.8946941247234416e-07,-6.668523915688853e-08,-3.561546516292327e-07,2.2278417331545562e-07,3.0912067320847455e-08,9.715812468211016e-09,3.45738146863208e-08,3.0075856994739953e-08
325,0.509,20000,20,-3.2936587616061096e-07,-7.661387280562998e-08,-4.0597974896624095e-07,2.5275200335498097e-07,3.501819326543504e-08,1.1096395264799259e-08,3.919164442470904e-08,3.4100186248512076e-08
325,0.51,20000,20,-3.7430394169574345e-07,-8.791782543534976e-08,-4.622217671310932e-07,2.863861162603937e-07,3.962091589818937e-08,1.2658040679454135e-08,4.4371883592477875e-08,3.861634223180409e-08
325,0.511,20000,20,-4.2485503077431864e-07,-1.0077183869761323e-07,-5.25626869471932e-07,3.2408319207670536e-07,4.47735139348965e-08,1.4422271824172817e-08,5.017545382070578e-08,4.3677943898306645e-08
325,0.512,20000,20,-4.81646467418295e-07,-1.1537057383758708e-07,-5.970170412558822e-07,3.66275893580708e-07,5.053410127920125e-08,1.6412862580473696e-08,5.6668888549959315e-08,4.9343611246811425e-08
325,0.513,20000,20,-5.453658247677653e-07,-1.3193057152417165e-07,-6.77296396291937e-07,4.1343525324359367e-07,5.696595882480708e-08,1.8656033051191838e-08,6.39247298212186e-08,5.5677329186642636e-08
325,0.514,20000,20,-6.167654751520404e-07,-1.5069236466793543e-07,-7.674578398199759e-07,4.66073110484105e-07,6.413787667475301e-08,2.1180657118307778e-08,7.202193930543357e-08,6.274882611892229e-08
325,0.515,20000,20,-6.966673366095623e-07,-1.7192275130600833e-07,-8.685900879155706e-07,5.24744585303554e-07,7.212450561035447e-08,2.4018482282593774e-08,8.104632245293118e-08,7.063396646267403e-08
325,0.516,20000,20,-7.859678064740237e-07,-1.9591723435467715e-07,-9.818850408287008e-07,5.900505721193467e-07,8.100671642613495e-08,2.720436188686013e-08,9.109096440775494e-08,7.941515615357117e-08
325,0.517,20000,20,-8.856428698569907e-07,-2.2300263465396195e-07,-1.1086455045109529e-06,6.62640235203029e-07,9.08719655187437e-08,3.077649974047587e-08,1.0225667608178683e-07,8.918175992732505e-08
325,0.518,20000,20,-9.967533678371572e-07,-2.5353988324460065e-07,-1.2502932510817576e-06,7.432134845925569e-07,1.0181466487858972e-07,3.477670706825676e-08,1.146524485203733e-07,1.0003052896983451e-07
325,0.519,20000,20,-1.120450406916738e-06,-2.879269982173204e-07,-1.4083774051340587e-06,8.325234086994176e-07,1.1393655438404167e-07,3.925067160146885e-08,1.2839591341656793e-07,1.1206603727299937e-07
325,0.52,20000,20,-1.2579808878341427e-06,-3.2660225074775495e-07,-1.5845831385818975e-06,9.313786370863873e-07,1.273470740412918e-07,4.4248238512407046e-08,1.436138073468951e-07,1.2540112477959335e-07
325,0.521,20000,20,-1.4106931281395916e-06,-3.7004752406902723e-07,-1.7807406522086187e-06,1.0406456040705647e-06,1.4216373355021755e-07,4.9823702766702593e-08,1.6044243700977174e-07,1.4015734513399355e-07
325,0.522,20000,20,-1.5800425490612705e-06,-4.1879186812897147e-07,-1.9988344171902424e-06,1.1612506809322993e-06,1.5851247631009997e-07,5.603611232920993e-08,1.7902814245091634e-07,1.5646541557941203e-07
325,0.523,20000,20,-1.7675973931330352e-06,-4.734152515222076e-07,-2.2410126446552434e-06,1.2941821416108278e-06,1.7652803471135592e-07,6.294958151021945e-08,1.9952775496098428e-07,1.744656662583223e-07
325,0.524,20000,20,-1.975044434844225e-06,-5.345525109713626e-07,-2.509596945815587e-06,1.4404919238728624e-06,1.963542732933956e-07,7.063361357917055e-08,2.2210904603249248e-07,1.9430848588312924e-07
325,0.525,20000,20,-2.204194642234922e-06,-6.028974971498301e-07,-2.8070921393847513e-06,1.6012971450850916e-06,2.1814451608739598e-07,7.916343160346332e-08,2.469511634692591e-07,2.1615476045107148e-07
325,0.526,20000,20,-2.4569887429289075e-06,-6.792074139851477e-07,-3.136196156914055e-06,1.7777813289437596e-06,2.420618542094867e-07,8.862031629107094e-08,2.742450504557978e-07,2.4017630138343265e-07
325,0.527,20000,20,-2.7355026436108355e-06,-7.643073467528893e-07,-3.4998099903637256e-06,1.9711952968579463e-06,2.682794295285612e-07,9.909194942831378e-08,3.0419384312082024e-07,2.665562591775576e-07
325,0.528,20000,20,-3.0419526474526118e-06,-8.590949722628273e-07,-3.901047619715439e-06,2.182857675189785e-06,2.9698069000691456e-07,1.1067276130933439e-07,3.3701324187192135e-07,2.954895183735115e-07
325,0.529,20000,20,-3.3787004095283974e-06,-9.645454422509406e-07,-4.343245851779338e-06,2.4141549672774553e-06,3.2835961210593214e-07,1.234642803528685e-07,3.729318515430061e-07,3.27183069359533e-07
325,0.53,20000,20,-3.7482575658775828e-06,-1.0817164287228198e-06,-4.829973994600402e-06,2.666541137154763e-06,3.6262088546684775e-07,1.3757548289619843e-07,4.121914851862933e-07,3.618563522748823e-07
325,0.531,20000,20,-4.1532899676380464e-06,-1.2117533174489596e-06,-5.365043285087006e-06,2.9415366501890877e-06,3.999800549227238e-07,1.5312314094742593e-07,4.5504742616199804e-07,3.9974156801929136e-07
325,0.532,20000,20,-4.596621447640366e-06,-1.3558945330947173e-06,-5.9525159807350824e-06,3.240726914545648e-06,4.406636147767437e-07,1.7023216546723664e-07,5.017686430360708e-07,4.4108395114907765e-07
325,0.533,20000,20,-5.08123704309255e-06,-1.5154769765852738e-06,-6.596714019677822e-06,3.565760066507274e-06,4.84909050198028e-07,1.8903594254230157e-07,5.526379516946647e-07,4.861419992351466e-07
325,0.534,20000,20,-5.6102855945626835e-06,-1.691941552267699e-06,-7.302227146830385e-06,3.918344042294984e-06,5.329648205439228e-07,2.0967665960653286e-07,6.079521190283199e-07,5.351876530819032e-07
325,0.535,20000,20,-6.187081638458033e-06,-1.8868387592513676e-06,-8.073920397709401e-06,4.300242879206667e-06,5.850902794215164e-07,2.3230561866614653e-07,6.680219025341949e-07,5.88506422063016e-07
325,0.536,20000,20,-6.81510650767679e-06,-2.101834318000659e-06,-8.916940825677446e-06,4.713272189676131e-06,6.415555263548899e-07,2.5708353329250136e-07,7.331720202355173e-07,6.46397448724145e-07
325,0.537,20000,20,-7.498008553150197e-06,-2.338714799837083e-06,-9.836723352987282e-06,5.159293753313113e-06,7.026411850325023e-07,2.8418080596567193e-07,8.037410454282881e-07,7.091735067387935e-07
325,0.538,20000,20,-8.239602397676809e-06,-2.599393223505667e-06,-1.0838995621182476e-05,5.640209174171144e-06,7.686381032746038e-07,3.137777821847349e-07,8.800812209402417e-07,7.771609262855645e-07
325,0.539,20000,20,-9.043867132852057e-06,-2.8859145793962126e-06,-1.1929781712248266e-05,6.157952553455843e-06,8.398469700865027e-07,3.4606497761068843e-07,9.625581878290176e-07,8.506994409470639e-07
325,0.54,20000,20,-9.914943370096286e-06,-3.2004612384130017e-06,-1.311540460850929e-05,6.7144821316832866e-06,9.165778454533182e-07,3.812432743779419e-07,1.0515506237593044e-06,9.301419503172308e-07
325,0.541,20000,20,-1.0857129057852185e-05,-3.5453581988881955e-06,-1.4402487256740383e-05,7.3117708589639895e-06,9.991495988867738e-07,4.195240826034548e-07,1.1474497866834944e-06,1.0158541926476183e-06
325,0.542,20000,20,-1.1874873979034494e-05,-3.92307812137027e-06,-1.579795210040477e-05,7.951795857664226e-06,1.087889253156644e-06,4.611294630421057e-07,1.250658959909222e-06,1.108214322068266e-06
325,0.543,20000,20,-1.2972772845831413e-05,-4.336246097625206e-06,-1.7309018943456626e-05,8.636526748206207e-06,1.1831312301291778e-06,5.062922067854446e-07,1.3615927951700629e-06,1.2076123851875202e-06
325,0.544,20000,20,-1.4155556913048581e-05,-4.78764409681016e-06,-1.8943201009858743e-05,9.367912816238424e-06,1.285216496192378e-06,5.552558678821592e-07,1.4806765509227117e-06,1.3144496922106943e-06
325,0.545,20000,20,-1.5428084036391566e-05,-5.280215028555652e-06,-2.0708299064947217e-05,1.0147869007835915e-05,1.3944916053717256e-06,6.082747447743595e-07,1.6083452237723227e-06,1.4291380781204469e-06
325,0.546,20000,20,-1.6795327108465573e-05,-5.817066359674458e-06,-2.2612393468140034e-05,1.0978260748791119e-05,1.5113076389294872e-06,6.656138064975729e-07,1.7450425716765857e-06,1.5520990499352758e-06
325,0.547,20000,20,-1.8262360812845292e-05,-6.4014732184482995e-06,-2.4663834031293597e-05,1.186088759439699e-05,1.6360190409911693e-06,7.275485596856993e-07,1.8912200283919738e-06,1.6837628166050796e-06
325,0.548,20000,20,-1.9834346645376686e-05,-7.036880917980693e-06,-2.6871227563357387e-05,1.2797465727395994e-05,1.7689823505525855e-06,7.943648525577358e-07,2.047335509500011e-06,1.8245671987163352e-06
325,0.549,20000,20,-2.1516516161911e-05,-7.726906827994996e-06,-2.924342298990599e-05,1.3789609333916001e-05,1.9105548310833977e-06,8.663586122419067e-07,2.2138521112782767e-06,1.974956415861468e-06
325,0.55,20000,20,-2.3314152422948545e-05,-8.475341522757275e-06,-3.1789493945705826e-05,1.4838810900191273e-05,2.0610929998536324e-06,9.438355120166512e-07,2.391236704654221e-06,2.135379750277027e-06
325,0.551,20000,20,-2.5232569618159784e-05,-9.286149131565003e-06,-3.45187187497248e-05,1.5946420486594782e-05,2.220951060060665e-06,1.0271105653170476e-06,2.5799584274895854e-06,2.3062900861700915e-06
325,0.552,20000,20,-2.727709086742357e-05,-1.0163466817517822e-05,-3.744055768494139e-05,1.711362404990575e-05,2.3904792398180945e-06,1.1165076436700028e-06,2.7804870794791552e-06,2.4881423250286857e-06
325,0.553,20000,20,-2.945302420982776e-05,-1.1111603310130533e-05,-4.056462751995829e-05,1.8341420899697226e-05,2.5700220430760026e-06,1.2123589160816896e-06,2.993291424998296e-06,2.681391678145942e-06
325,0.554,20000,20,-3.1765636807945776e-05,-1.2135036417811055e-05,-4.3900673225756836e-05,1.963060039013474e-05,2.7599164185642282e-06,1.3150042078052529e-06,3.218837410286397e-06,2.8864918385737022e-06
325,0.555,20000,20,-3.422012741154195e-05,-1.3238409447350903e-05,-4.7458536858892836e-05,2.098171796419104e-05,2.9604898538760805e-06,1.4247902768636161e-06,3.457586302393876e-06,3.103893035752822e-06
325,0.556,20000,20,-3.682159714258277e-05,-1.4426526459419967e-05,-5.1248123602002725e-05,2.2395070683162802e-05,3.172058402828604e-06,1.542070007190264e-06,3.70999275833529e-06,3.334039977139201e-06
325,0.557,20000,20,-3.957501868188897e-05,-1.570434629164858e-05,-5.5279364973537555e-05,2.387067239024038e-05,3.394924655233917e-06,1.6672015177757162e-06,3.976502833863397e-06,3.57736968224615e-06
325,0.558,20000,20,-4.248520395684311e-05,-1.7076975284265156e-05,-5.956217924110825e-05,2.5408228672577948e-05,3.6293756591837247e-06,1.8005471877666776e-06,4.257551942194895e-06,3.834309215649153e-06
325,0.559,20000,20,-4.555677044908928e-05,-1.854965864746721e-05,-6.410642909655648e-05,2.700711180162205e-05,3.875680806871555e-06,1.9424725980539644e-06,4.55356277386043e-06,4.10527332663717e-06
325,0.56,20000,20,-4.8794106260954416e-05,-2.0127770414754533e-05,-6.892187667570894e-05,2.8666335846199873e-05,4.134089695842378e-06,2.093345390498782e-06,4.864943189603566e-06,4.3906620043354665e-06
325,0.561,20000,20,-5.2201334099210615e-05,-2.181680193237947e-05,-7.401813603159008e-05,3.0384532166831136e-05,4.404829978355262e-06,2.2535340465809415e-06,5.192084098901701e-06,4.690857958259395e-06
325,0.562,20000,20,-5.578227435454337e-05,-2.362234884186285e-05,-7.940462319640622e-05,3.2159925512680534e-05,4.688105212256712e-06,2.4234065878991003e-06,5.535357337207796e-06,5.006224035372619e-06
325,0.5630000000000001,20000,20,-5.954040747451257e-05,-2.5550096520200802e-05,-8.509050399471338e-05,3.3990310954311757e-05,4.98409272738098e-06,2.603329201607567e-06,5.895113555404747e-06,5.3371005858080415e-06
325,0.5640000000000001,20000,20,-6.347883584663556e-05,-2.7605803950937622e-05,-9.108463979757321e-05,3.587303189569794e-05,5.292941522004964e-06,2.793664794528964e-06,6.271680135208403e-06,5.683802790451289e-06
325,0.5650000000000001,20000,20,-6.760024542625398e-05,-2.9795286008675526e-05,-9.739553143492952e-05,3.780495941757847e-05,5.614770204280645e-06,2.9947714803296017e-06,6.665359144340391e-06,6.0466179645736245e-06
325,0.5660000000000001,20000,20,-7.19068673608344e-05,-3.212439414982641e-05,-0.0001040312615106608,3.978247321100802e-05,5.9496649938364005e-06,3.2070010047790253e-06,7.076425345208612e-06,6.425802852621696e-06
325,0.5670000000000001,20000,20,-7.640043987803081e-05,-3.459899551342067e-05,-0.00011099943539145149,4.1801444364610146e-05,6.297677798872097e-06,3.430697114727423e-06,7.505124270572998e-06,6.821580930111967e-06
325,0.5680000000000001,20000,20,-8.108217071897827e-05,-3.7224950447550315e-05,-0.0001183071211665286,4.385722027142796e-05,6.6588243840648675e-06,3.666193877019338e-06,7.95167037923334e-06,7.234139729328216e-06
325,0.5690000000000001,20000,20,-8.595270041064086e-05,-4.0008088489457326e-05,-0.00012596078890009818,4.594461192118353e-05,7.033082644448338e-06,3.913813954110872e-06,8.416245304153391e-06,7.663628206168589e-06
325,0.5700000000000001,20000,20,-9.101206668134655e-05,-4.295418284032115e-05,-0.0001339662495216677,4.8057883841025376e-05,7.420391000121162e-06,4.173866843663537e-06,8.898996204628496e-06,8.11015416602136e-06
325,0.5710000000000001,20000,20,-9.625967033172749e-05,-4.606892338937592e-05,-0.00014232859372110342,5.019074694235157e-05,7.820646926184836e-06,4.446647089846685e-06,9.400034233124104e-06,8.57378176696068e-06
325,0.5720000000000001,20000,20,-0.00010169424287886488,-4.935788835598319e-05,-0.00015105213123484807,5.2336354522881695e-05,8.233705631700566e-06,4.732432474482928e-06,9.91943312626041e-06,9.054529118829096e-06
325,0.5730000000000001,20000,20,-0.00010731381629439903,-5.282651463263099e-05,-0.00016014033092703002,5.448730166176805e-05,8.65937890069828e-06,5.031482196516934e-06,1.0457227928113178e-05,9.552365996910954e-06
325,0.5740000000000001,20000,20,-0.00011311569515743318,-5.6480066926365696e-05,-0.00016959576208379882,5.663562823106748e-05,9.09743410736684e-06,5.344035048567629e-06,1.1013413852551427e-05,1.0067211688885346e-05
325,0.5750000000000001,20000,20,-0.00011909643154018285,-6.0323605810816576e-05,-0.00017942003735099942,5.877282572936631e-05,9.547593416516996e-06,5.670307599540129e-06,1.1587945289766335e-05,1.0598932993581206e-05
325,0.5760000000000001,20000,20,-0.0001252518029383043,-6.436195481557132e-05,-0.00018961375775387559,6.0889848122733e-05,1.000953317923946e-05,6.0104923924198546e-06,1.2180734960478572e-05,1.114734238972859e-05
325,0.577,20000,20,-0.00013157679354859275,-6.859966669408955e-05,-0.00020017646024268225,6.297712685450316e-05,1.048288353239542e-05,6.364756166448826e-06,1.2791653219574506e-05,1.1712196392409922e-05
325,0.578,20000,20,-0.0001380655791842616,-7.30409890254515e-05,-0.0002111065682097131,6.502459015881009e-05,1.0967228209189164e-05,6.733238112893305e-06,1.3420527509146136e-05,1.2293194114263337e-05
325,0.579,20000,20,-0.0001447115161021787,-7.76898293188701e-05,-0.0002224013454210488,6.70216867833086e-05,1.146210456659183e-05,7.116048173553027e-06,1.4067141959122174e-05,1.2889976047670912e-05
325,0.58,20000,20,-0.0001515071339973757,-8.254971980291921e-05,-0.000234056853800295,6.895741419445651e-05,1.1967003833837818e-05,7.513265391040762e-06,1.473123713192405e-05,1.3502123083190354e-05
325,0.581,20000,20,-0.0001584441333977784,-8.762378209366389e-05,-0.0002460679154914423,7.082035130411455e-05,1.2481371584606486e-05,7.924936319677267e-06,1.5412509905885145e-05,1.4129155778351239e-05
325,0.582,20000,20,-0.0001655133876666415,-9.29146919471872e-05,-0.00025842807961382866,7.259869571945425e-05,1.3004608433863179e-05,8.351073505609795e-06,1.611061349058427e-05,1.477053388965375e-05
325,0.583,20000,20,-0.0001727049497916502,-9.842464431223386e-05,-0.000271129594103884,7.428030547941634e-05,1.3536070958674662e-05,8.791654044475477e-06,1.682515756579416e-05,1.5425656179178717e-05
325,0.584,20000,20,-0.00018000806410832333,-0.00010415531890768976,-0.00028416338301601315,7.585274520063355e-05,1.4075072840663809e-05,9.246618224604367e-06,1.7555708534478885e-05,1.6093860505658076e-05
325,0.585,20000,20,-0.0001874111830713318,-0.00011010784655722289,-0.0002975190296285546,7.730333651410895e-05,1.4620886226137876e-05,9.715868263394443e-06,1.830178987921569e-05,1.6774424208170153e-05
325,0.586,20000,20,-0.0001949019891510206,-0.0001162827765195286,-0.00031118476567054915,7.861921263149196e-05,1.5172743298345615e-05,1.0199267144106436e-05,1.906288261061404e-05,1.746656478883671e-05
325,0.587,20000,20,-0.00020246742189392245,-0.00012268004505707963,-0.0003251474669510021,7.978737683684283e-05,1.5729838054798326e-05,1.0696637559923052e-05,1.9838425795772876e-05,1.816944089901199e-05
325,0.588,20000,20,-0.0002100937101458641,-0.00012929894548900162,-0.0003393926556348659,8.079476465686254e-05,1.629132828115779e-05,1.1207760971709221e-05,2.0627817154594086e-05,1.8882153631497497e-05
325,0.589,20000,20,-0.00021776640939459008,-0.0001361380999745387,-0.0003539045093691287,8.162830942005139e-05,1.6856337711859433e-05,1.1732376785501154e-05,2.1430413711864954e-05,1.9603748119294726e-05
325,0.59,20000,20,-0.00022547044414621202,-0.0001431954332724947,-0.0003686658774187066,8.227501087371734e-05,1.7423958366423813e-05,1.2270181655355832e-05,2.2245532493456445e-05,2.033321543935382e-05
325,0.591,20000,20,-0.00023319015520648274,-0.00015046814871890512,-0.0003836583039253879,8.272200648757762e-05,1.7993253049320005e-05,1.2820828916810125e-05,2.3072451255752873e-05,2.1069494817694713e-05
325,0.592,20000,20,-0.0002409093516944883,-0.00015795270666003672,-0.00039886205835452503,8.295664503445153e-05,1.8563258000302303e-05,1.3383928155844549e-05,2.391040923854262e-05,2.181147613020742e-05
325,0.59274605079,20000,20,-0.0002466580093892059,-0.0001636720093450395,-0.0004103300187342455,8.298600004416647e-05,1.898838531773293e-05,1.3811881681799349e-05,2.4542283879026148e-05,2.23680577416711e-05
325,0.593,20000,20,-0.0002486113675731352,-0.000165644805570483,-0.00041425617314361826,8.296656200265218e-05,1.9132985681342224e-05,1.395904491791578e-05,2.475860793302879e-05,2.2558002691378482e-05
325,0.594,20000,20,-0.00025627912243839996,-0.00017353936607674276,-0.0004298184885151427,8.273975636165722e-05,1.9701427685639728e-05,1.4545700561329438e-05,2.5616211858361742e-05,2.3307874321186586e-05
325,0.595,20000,20,-0.0002638951862680287,-0.0001816305180950995,-0.00044552570436312826,8.22646681729292e-05,2.0267557753717043e-05,1.514337225896072e-05,2.6482349342108553e-05,2.405985067846341e-05
325,0.596,20000,20,-0.00027144184779079414,-0.0001899115912790063,-0.0004613534390698005,8.153025651178789e-05,2.0830334881274585e-05,1.5751493152104038e-05,2.7356113302322552e-05,2.481265484715695e-05
325,0.597,20000,20,-0.0002789011860999288,-0.00019837510895549977,-0.00047727629505542844,8.052607714442898e-05,2.138870650332473e-05,1.6369452660035715e-05,2.823656203131611e-05,2.5564977160182825e-05
325,0.598,20000,20,-0.00028625514509942403,-0.00020701278571252975,-0.0004932679308119537,7.924235938689422e-05,2.1941611739103684e-05,1.6996596948705146e-05,2.9122719983810388e-05,2.6315479243919954e-05
325,0.599,20000,20,-0.0002934856103399373,-0.00021581552877955246,-0.0005093011391194898,7.767008156038482e-05,2.2487984682388325e-05,1.76322295618193e-05,3.0013578574778347e-05,2.70627982649182e-05
325,0.6,20000,20,-0.00030057448777249596,-0.00022477344332246904,-0.000525347931094965,7.580104445002698e-05,2.3026757722106162e-05,1.8275612217449303e-05,3.090809699494602e-05,2.780555135906002e-05
325,0.601,20000,20,-0.0003075037839233415,-0.000233875841751067,-0.0005413796256744086,7.362794217227445e-05,2.3556864878500614e-05,1.8925965773149278e-05,3.180520305449686e-05,2.8542340222254573e-05
325,0.602,20000,20,-0.0003142556869725422,-0.00024311125711274202,-0.0005573669440852842,7.114442985980008e-05,2.4077245140596414e-05,1.958247136242907e-05,3.270379406796522e-05,2.9271755840768756e-05
325,0.603,20000,20,-0.00032081264820266214,-0.00025246746062062,-0.000573280108823282,6.834518758204211e-05,2.458684579127936e-05,2.0244271705248864e-05,3.360273779553874e-05,2.9992383338515363e-05
325,0.604,20000,20,-0.00032715746327195694,-0.0002619314833374116,-0.0005890889466093686,6.522597993454536e-05,2.5084625706934893e-05,2.0910472594986075e-05,3.4500873457928264e-05,3.0702806918022734e-05
325,0.605,20000,20,-0.0003332733527597598,-0.000271489642008687,-0.0006047629947684468,6.178371075107281e-05,2.556955861928728e-05,2.1580144564054693e-05,3.5397012843569294e-05,3.140161487142861e-05
325,0.606,20000,20,-0.0003391440414296678,-0.0002811275690109252,-0.0006202716104405928,5.8016472418742595e-05,2.604063632779452e-05,2.2252324730011388e-05,3.6289941528099074e-05,3.208740463764256e-05
325,0.607,20000,20,-0.000344753835659294,-0.0002908302463509479,-0.0006355840820102417,5.3923589308346234e-05,2.6496871851694957e-05,2.2926018823549802e-05,3.717842022677938e-05,3.275878788183116e-05
325,0.608,20000,20,-0.0003500876984935174,-0.000300582043624413,-0.0006506697421179304,4.9505654869104454e-05,2.693730251153532e-05,2.3600203399249142e-05,3.8061186300753274e-05,3.341439557357198e-05
325,0.609,20000,20,-0.00035513132179143184,-0.00031036675981216394,-0.0006654980816035958,4.4764561979267924e-05,2.7360992930727886e-05,2.427382822928946e-05,3.8936955437704425e-05,3.405288304039766e-05
325,0.61,20000,20,-0.00035987119495536234,-0.0003201676687647008,-0.0006800388637200631,3.970352619066163e-05,2.7767037948369308e-05,2.4945818879565287e-05,3.980442352661321e-05,3.467293497398963e-05
325,0.611,20000,20,-0.00036429466975346274,-0.00032996756819708435,-0.0006942622379505468,3.432710155637845e-05,2.8154565435200792e-05,2.5615079466712932e-05,4.0662268744871807e-05,3.527327036697711e-05
325,0.612,20000,20,-0.0003683900207750169,-0.00033974883198943515,-0.0007081388527644522,2.8641188785581764e-05,2.852273900517847e-05,2.6280495593501742e-05,4.150915387403012e-05,3.585264735911814e-05
325,0.613,20000,20,-0.00037214650108968316,-0.00034949346556222634,-0.0007216399666519094,2.2653035527456856e-05,2.887076061565692e-05,2.6940937458837398e-05,4.234372885793429e-05,3.6409867972581995e-05
325,0.614,20000,20,-0.0003755543927180437,-0.00035918316407081293,-0.0007347375567888566,1.6371228647230784e-05,2.9197873049660403e-05,2.759526313726684e-05,4.316463361400785e-05,3.694378271707741e-05
325,0.615,20000,20,-0.0003786050515606688,-0.00036879937314058907,-0.0007474044247012577,9.805678420079688e-06,2.9503362274121223e-05,2.824232202138623e-05,4.397050110497449e-05,3.745329504666941e-05
325,0.616,20000,20,-0.0003812909464761078,-0.00037832335184283993,-0.0007596142983189477,2.9675946332677197e-06,2.9786559668312964e-05,2.888095841892705e-05,4.4759960674488144e-05,3.7937365651265186e-05
325,0.617,20000,20,-0.0003836056922442173,-0.0003877362375920608,-0.0007713419298362782,-4.130545347843415e-06,3.004684411699125e-05,2.9510015294554706e-05,4.55316416459868e-05,3.839501656690209e-05
325,0.618,20000,20,-0.00038554407619973964,-0.00039701911262842994,-0.0007825631888281698,-1.1475036428690332e-05,3.0283643962994143e-05,3.0128338144573306e-05,4.628417717970422e-05,3.882533509011912e-05
325,0.619,20000,20,-0.0003871020783713544,-0.00040615307173442393,-0.0007932551501057784,-1.9050993363069518e-05,3.0496438814247794e-05,3.073477899080982e-05,4.701620837824313e-05,3.922747748280261e-05
325,0.62,20000,20,-0.00038827688501320715,-0.00041511929082237755,-0.0008033961758355848,-2.6842405809170506e-05,3.068476120028959e-05,3.132820047798199e-05,4.7726388626525875e-05,3.960067245495562e-05
325,0.621,20000,20,-0.0003890668954684424,-0.0004238990960202327,-0.0008129659914886753,-3.483220055179011e-05,3.084819807356316e-05,3.190748005685422e-05,4.841338814736939e-05,3.9944224413810095e-05
325,0.622,20000,20,-0.00038947172235723627,-0.0004324740328760511,-0.0008219457552332875,-4.300231051881478e-05,3.098639215088466e-05,3.2471514233507076e-05,4.907589874950771e-05,4.0257516468587425e-05
325,0.623,20000,20,-0.0003894921851343457,-0.0004408259352978218,-0.0008303181204321674,-5.133375016347609e-05,3.109904309061815e-05,3.301922286309596e-05,4.9712638740639564e-05,4.054001318096117e-05
325,0.624,20000,20,-0.00038913029711318704,-0.00044893699384418727,-0.0008380672909573745,-5.98066967310002e-05,3.11859085012755e-05,3.354955346461834e-05,5.0322357974159806e-05,4.079126305192009e-05
325,0.625,20000,20,-0.00038838924610382075,-0.00045678982298344326,-0.000845179069087264,-6.840057687962237e-05,3.1246804777442893e-05,3.406148553145512e-05,5.0903842994647094e-05,4.101090073620214e-05
325,0.626,20000,20,-0.00038727336886113976,-0.00046436752694312535,-0.0008516408958042652,-7.709415808198566e-05,3.1281607759196086e-05,3.455403481087277e-05,5.145592224407761e-05,4.119864897583231e-05
325,0.627,20000,20,-0.00038578811958580586,-0.0004716537637799903,-0.0008574418833657959,-8.586564419418434e-05,3.129025321145165e-05,3.50262575242635e-05,5.1977471288081424e-05,4.1354320244470655e-05
325,0.628,20000,20,-0.00038394003276424513,-0.00047863280731074944,-0.0008625728400749944,-9.469277454650432e-05,3.1272737120070983e-05,3.547725449873868e-05,5.246741801949311e-05,4.147781809433142e-05
325,0.629,20000,20,-0.00038173668067452806,-0.0004852896065571371,-0.0008670262872316652,-0.00010355292588260903,3.12291158019658e-05,3.5906175179787734e-05,5.292474779495025e-05,4.156913819733697e-05
325,0.63,20000,20,-0.00037918662592180896,-0.0004916098423745497,-0.0008707964682963587,-0.00011242321645274073,3.1159505826946976e-05,3.6312221494093466e-05,5.334850845939948e-05,4.162836907192825e-05
325,0.631,20000,20,-0.000376299369400291,-0.0004975799809519696,-0.000873879350352261,-0.00012128061155167874,3.106408374965072e-05,3.669465153132462e-05,5.3737815213133615e-05,4.16556924866269e-05
325,0.632,20000,20,-0.00037308529410744906,-0.0005031873238912671,-0.0008762726179987161,-0.00013010202978381807,3.094308565051027e-05,3.705278301377285e-05,5.40918552763355e-05,4.1651383530983344e-05
325,0.633,20000,20,-0.0003695556052609921,-0.0005084200545968317,-0.0008779756598578239,-0.00013886444933583974,3.079680648547103e-05,3.7385996523142165e-05,5.440989230711982e-05,4.161581034404497e-05
325,0.634,20000,20,-0.00036572226718898336,-0.0005132672807309708,-0.0008789895479199541,-0.00014754501354198756,3.0625599244918476e-05,3.7693738454600366e-05,5.469127053064347e-05,4.154943348990825e-05
325,0.635,20000,20,-0.0003615979374790365,-0.0005177190725169734,-0.00087931700999601,-0.00015612113503793687,3.0429873923130985e-05,3.797552366941711e-05,5.4935418539046996e-05,4.145280496936175e-05
325,0.636,20000,20,-0.0003571958988831064,-0.0005217664966994288,-0.0008789623955825353,-0.00016457059781632246,3.0210096300441854e-05,3.8230937819102254e-05,5.514185272468262e-05,4.1326566856073064e-05
325,0.637,20000,20,-0.00035252998948040915,-0.00052540164600043,-0.0008779316354808394,-0.00017287165652002083,2.996678654121002e-05,3.845963931595471e-05,5.531018031228975e-05,4.117144954530437e-05
325,0.638,20000,20,-0.00034761453160225353,-0.0005286176639402886,-0.0008762321955425422,-0.00018100313233803506,2.9700517611627314e-05,3.866136092730784e-05,5.544010195941488e-05,4.098826960277759e-05
325,0.639,20000,20,-0.00034246426001930096,-0.0005314087649220254,-0.0008738730249413264,-0.0001889445049027245,2.941191352232699e-05,3.883591097349978e-05,5.5531413898383775e-05,4.077792720111302e-05
325,0.64,20000,20,-0.0003370942498840272,-0.0005337702495100283,-0.0008708644993940557,-0.00019667599962600127,2.9101647401685427e-05,3.8983174112693124e-05,5.5584009597467794e-05,4.054140313128972e-05
325,0.641,20000,20,-0.00033151984490923357,-0.000535698514864523,-0.0008672183597737565,-0.0002041786699552896,2.8770439406613797e-05,3.910311169907994e-05,5.5597880923463377e-05,4.027975537687766e-05
325,0.642,20000,20,-0.0003257565862475134,-0.0005371910603247043,-0.0008629476465722176,-0.000211434474077191,2.841905447850763e-05,3.9195761704715266e-05,5.5573118792670604e-05,3.999411523944663e-05
325,0.643,20000,20,-0.0003198201425168963,-0.0005382464881641037,-0.000858066630681,-0.00021842634564720728,2.804829995283603e-05,3.926123819916864e-05,5.550991330212414e-05,3.96856830046164e-05
325,0.644,20000,20,-0.000313726241394898,-0.0005388644995720552,-0.0008525907409669533,-0.00022513825817715717,2.7659023031619784e-05,3.9299730385352755e-05,5.5408553337860716e-05,3.935572313978781e-05
325,0.645,20000,20,-0.0003074906031770129,-0.0005390458859443673,-0.0008465364891213802,-0.00023155528276735444,2.7252108128728464e-05,3.931150119420102e-05,5.526942566189529e-05,3.900555901672713e-05
325,0.646,20000,20,-0.0003011288766669538,-0.0005387925155945568,-0.0008399213922615107,-0.0002376636389276029,2.682847409853837e-05,3.9296885445294814e-05,5.5093013484393285e-05,3.863656715498409e-05
325,0.647,20000,20,-0.0002946565777347477,-0.0005381073160239261,-0.0008327638937586741,-0.0002434507382891785,2.638907135901283e-05,3.925628758502009e-05,5.4879894532185366e-05,3.8250170985682645e-05
325,0.648,20000,20,-0.00028808903084581006,-0.0005369942519141589,-0.0008250832827599688,-0.0002489052210683489,2.5934878920696117e-05,3.919017901830102e-05,5.4630738629225936e-05,3.784783413962411e-05
325,0.649,20000,20,-0.0002814413138295361,-0.0005354582990297859,-0.0008168996128593219,-0.0002540169852002499,2.5466901333444584e-05,3.9099095054359416e-05,5.4346304808790334e-05,3.743105326897071e-05
325,0.65,20000,20,-0.0002747282061203137,-0.000533505414239734,-0.0008082336203600477,-0.0002587772081194202,2.4986165562954555e-05,3.898363149121439e-05,5.4027437981089625e-05,3.7001350418111425e-05
325,0.651,20000,20,-0.00026796414066749917,-0.000531142501886997,-0.0007991066425544962,-0.00026317836121949787,2.4493717809286193e-05,3.884444086770869e-05,5.367506518352211e-05,3.656026496671453e-05
325,0.652,20000,20,-0.0002611631596742498,-0.0005283773767531568,-0.0007895405364274069,-0.00026721421707890714,2.3990620279622027e-05,3.868222841565287e-05,5.329019144392374e-05,3.6109345176470105e-05
325,0.653,20000,20,-0.00025433887428852824,-0.0005252187238799752,-0.0007795575981685032,-0.0002708798495914469,2.347794792745016e-05,3.849774774816044e-05,5.2873895289916164e-05,3.565013938263195e-05
325,0.654,20000,20,-0.00024750442833348,-0.0005216760555234679,-0.0007691804838569477,-0.0002741716271899877,2.2956785170219754e-05,3.829179632333952e-05,5.2427323939743415e-05,3.5184186882130546e-05
325,0.655,20000,20,-0.00024067246612907364,-0.0005177596655266996,-0.0007584321316557733,-0.0002770871993976261,2.2428222597289416e-05,3.806521072514754e-05,5.1951688211822306e-05,3.471300858163272e-05
325,0.656,20000,20,-0.00023385510442267086,-0.0005134805814060092,-0.0007473356858286803,-0.0002796254769833386,2.189335367968185e-05,3.7818861805353666e-05,5.144825719160408e-05,3.4238097481295774e-05
325,0.657,20000,20,-0.00022706390841345883,-0.0005088505144514658,-0.0007359144228649246,-0.0002817866060380069,2.135327149277587e-05,3.7553649732133944e-05,5.091835269524372e-05,3.3760909082824835e-05
325,0.658,20000,20,-0.00022030987182454246,-0.000503881808146077,-0.0007241916799706197,-0.00028357193632153456,2.080906546261156e-05,3.7270498991800896e-05,5.036334357000491e-05,3.3282851823421266e-05
325,0.659,20000,20,-0.00021360340094737966,-0.0004985873852097213,-0.0007121907861571008,-0.0002849839842623415,2.026181814596854e-05,3.697035339050964e-05,4.978463987130917e-05,3.2805277649838445e-05
325,0.66,20000,20,-0.00020695430255616342,-0.0004929806935728943,-0.0006999349961290576,-0.00028602639101673097,1.9712602053796062e-05,3.665417110245208e-05,4.918368695586953e-05,3.2329472858451405e-05
325,0.661,20000,20,-0.00020037177556505773,-0.00048707565158241287,-0.0006874474271474707,-0.0002867038760173552,1.9162476526942482e-05,3.6322919810034144e-05,4.856195952946563e-05,3.1856649337338105e-05
325,0.662,20000,20,-0.00019386440627885192,-0.00048088659273609537,-0.0006747509990149473,-0.00028702218645724337,1.861248467244623e-05,3.597757197982287e-05,4.792095568664148e-05,3.138793635411074e-05
325,0.663,20000,20,-0.00018744016706786362,-0.0004744282102364684,-0.0006618683773043322,-0.00028698804316860504,1.806365036792539e-05,3.561910031565492e-05,4.726219097797068e-05,3.092437303785649e-05
325,0.664,20000,20,-0.00018110641828071567,-0.0004677155016446573,-0.0006488219199253729,-0.0002866090833639416,1.7516975340834494e-05,3.524847342723451e-05,4.658719253857304e-05,3.0466901704269932e-05
325,0.665,20000,20,-0.00017486991319410768,-0.000460763713905144,-0.0006356336270992517,-0.0002858938007110363,1.6973436328564705e-05,3.4866651748858626e-05,4.589749330932834e-05,3.001636216919387e-05
325,0.666,20000,20,-0.00016873680578678016,-0.00045358828900000464,-0.0006223250947867847,-0.0002848514832132244,1.643398232454597e-05,3.447458373863211e-05,4.51946263797545e-05,2.957348718675719e-05
325,0.667,20000,20,-0.0001627126611156022,-0.00044620481047787444,-0.0006089174715934768,-0.0002834921493622722,1.5899531914689772e-05,3.407320238374837e-05,4.4480119478854464e-05,2.9138899133753476e-05
325,0.668,20000,20,-0.00015680246806496905,-0.0004386289510882886,-0.0005954314191532577,-0.0002818264830233196,1.5370970707699257e-05,3.366342203218915e-05,4.375548963743432e-05,2.8713108041743427e-05
325,0.669,20000,20,-0.000151010654236443,-0.00043087642173646553,-0.0005818870759729084,-0.00027986576750002243,1.4849148861998884e-05,3.3246135565635344e-05,4.302223804251027e-05,2.8296511052820513e-05
325,0.67,20000,20,-0.00014534110274368872,-0.00042296292195718847,-0.000568304024700877,-0.00027762181921349964,1.4334878711325435e-05,3.282221192258803e-05,4.228184510150881e-05,2.78893933446283e-05
325,0.671,20000,20,-0.00013979717067810779,-0.00041490409208934793,-0.0005547012627674557,-0.00027510692141124006,1.3828932490417474e-05,3.239249397479201e-05,4.1535765731074286e-05,2.7491930535999734e-05
325,0.672,20000,20,-0.00013438170901304677,-0.0004067154673151639,-0.0005410971763282109,-0.0002723337583021171,1.3332040161789532e-05,3.1957796754158404e-05,4.078542488248878e-05,2.7104192547762765e-05
325,0.673,20000,20,-0.000129097083718856,-0.00039841243371023483,-0.0005275095174290908,-0.00026931534999137877,1.2844887344342355e-05,3.151890602163081e-05,4.0032213313031056e-05,2.672614885535254e-05
325,0.674,20000,20,-0.0001239451978672689,-0.00039001018643255515,-0.0005139553842998241,-0.0002660649885652862,1.2368113344611872e-05,3.107657716396027e-05,3.92774836101058e-05,2.635767503258504e-05
325,0.675,20000,20,-0.00011892751451135469,-0.0003815236901606648,-0.0005004512046720194,-0.0002625961756493101,1.1902309291883092e-05,3.0631534399282474e-05,3.85225464727112e-05,2.5998560451031725e-05
325,0.676,20000,20,-0.00011404508013648879,-0.0003729676418732596,-0.00048701272200974837,-0.0002589225617367709,1.1448016379280554e-05,3.0184470267842474e-05,3.776866725281833e-05,2.564851696856903e-05
325,0.677,20000,20,-0.00010929854848820968,-0.0003643564360450829,-0.00047365498453329246,-0.0002550578875568731,1.1005724214395888e-05,2.973604538030587e-05,3.7017062757553035e-05,2.5307188415335292e-05
325,0.678,20000,20,-0.00010468820459428366,-0.0003557041323168612,-0.00046039233691114493,-0.00025101592772257763,1.0575869285121736e-05,2.9286888392930324e-05,3.626889831173007e-05,2.4974160666682292e-05
325,0.679,20000,20,-0.00010021398881058632,-0.00034702442568049707,-0.00044723841449108347,-0.0002468104368699107,1.0158833549215184e-05,2.8837596176519642e-05,3.5525285079302466e-05,2.4648972081521992e-05
325,0.68,20000,20,-9.587552073337267e-05,-0.0003383306192048977,-0.00043420613993827025,-0.000242455098471525,9.754943159780341e-06,2.8388734144617575e-05,3.478727764168369e-05,2.4331124081082992e-05
325,0.681,20000,20,-9.167212283392681e-05,-0.0003296355993126876,-0.0004213077221466144,-0.00023796347647876085,9.364467343355025e-06,2.7940836705844675e-05,3.405587183066237e-05,2.4020091647376717e-05
325,0.682,20000,20,-8.760284368532391e-05,-0.00032095181360378177,-0.00040855465728910573,-0.0002333489699184578,8.98761745257525e-06,2.749440780565902e-05,3.333200281375867e-05,2.371533353210581e-05
325,0.683,20000,20,-8.366648066489998e-05,-0.00031229125120837704,-0.0003959577318732769,-0.000228624770543477,8.624546221340752e-06,2.7049921524112198e-05,3.26165434303373e-05,2.3416301984435197e-05
325,0.684,20000,20,-7.986160202989339e-05,-0.00030366542563948346,-0.00038352702766937676,-0.00022380382360959015,8.275347256781718e-06,2.6607822698338133e-05,3.191030277756185e-05,2.3122451828847513e-05
325,0.685,20000,20,-7.618656827741302e-05,-0.0002950853601036165,-0.0003712719283810295,-0.00021889879182620349,7.940054808758096e-06,2.6168527541489785e-05,3.121402504629347e-05,2.2833248750910305e-05
325,0.686,20000,20,-7.263955271330872e-05,-0.0002865615752177697,-0.00035920112793107846,-0.00021392202250446098,7.618643863596362e-06,2.573242423353299e-05,3.0528388608236204e-05,2.2548176677819755e-05
325,0.687,20000,20,-6.921856116752721e-05,-0.00027810407907133904,-0.0003473226402388663,-0.00020888551790381187,7.3110306136269805e-06,2.5299873463621177e-05,2.985400535694251e-05,2.2266744170733994e-05
325,0.6880000000000001,20000,20,-6.592145080603478e-05,-0.00026972235956312934,-0.0003356438103691641,-0.00020380090875709455,7.017073357051493e-06,2.4871208908560755e-05,2.9191420306606775e-05,2.1988489775927162e-05
325,0.6890000000000001,20000,20,-6.27459480013032e-05,-0.0002614253789361638,-0.000324171326937467,-0.00019867943093486058,6.736573882896087e-06,2.4446737637016602e-05,2.854111145381656e-05,2.1712986310650694e-05
325,0.6900000000000001,20000,20,-5.9689665234572774e-05,-0.00025322157042641377,-0.0003129112356609866,-0.00019353190519184099,6.469279392455524e-06,2.40267404344161e-05,2.7903489908463915e-05,2.1439844086400513e-05
325,0.6910000000000001,20000,20,-5.675011701361248e-05,-0.0002451188369360505,-0.00030186895394966303,-0.00018836871992243808,6.214885000981014e-06,2.3611472048856683e-05,2.7278900300766706e-05,2.116871309644372e-05
325,0.6920000000000001,20000,20,-5.3924734799401495e-05,-0.0002371245516371071,-0.00029104928643650856,-0.00018319981683770557,5.973036850934835e-06,2.320116136351719e-05,2.666762147167866e-05,2.0899284215504597e-05
325,0.6930000000000001,20000,20,-5.1210880944048835e-05,-0.00022924556040763012,-0.0002804564413516789,-0.00017803467946358125,5.743335850824047e-06,2.279601150597173e-05,2.6069867453797623e-05,2.063128947722211e-05
325,0.6940000000000001,20000,20,-4.860586165031043e-05,-0.0002214881859993766,-0.00027009404764968706,-0.00017288232434906623,5.525342031819377e-06,2.2396199909241684e-05,2.5485788749122362e-05,2.036450150928627e-05
325,0.6950000000000001,20000,20,-4.610693897025204e-05,-0.00021385823383385824,-0.00025996517280411034,-0.00016775129486360624,5.318579489004745e-06,2.200187834326134e-05,2.4915473908601534e-05,2.009873221710426e-05
325,0.6960000000000001,20000,20,-4.37113418669338e-05,-0.0002063609993219571,-0.0002500723411888909,-0.0001626496574550233,5.122541846678794e-06,2.1613172938541588e-05,2.4358951416324765e-05,1.9833830814587837e-05
325,0.6970000000000001,20000,20,-4.1416276368475696e-05,-0.00019900127660143764,-0.00024041755296991336,-0.00015758500023296194,4.936698159596828e-06,2.1230184226098208e-05,2.381619187842691e-05,1.9569681305428146e-05
325,0.6980000000000001,20000,20,-3.921893484850462e-05,-0.00019178336858630826,-0.0002310023034348129,-0.00015256443373780367,4.760499136631684e-06,2.0852987219074477e-05,2.3287110513334838e-05,1.9306199520289824e-05
325,0.6990000000000001,20000,20,-3.7116504470830454e-05,-0.00018471109822220462,-0.00022182760269303506,-0.00014759459375137418,4.5933835523165536e-06,2.0481631561895635e-05,2.2771569935962532e-05,1.9043329815014777e-05
325,0.7000000000000001,20000,20,-3.510617483926247e-05,-0.00017778782084260648,-0.00021289399568186893,-0.00014268164600334397,4.43478469712355e-06,2.011614177221173e-05,2.22693832239492e-05,1.8781041532460754e-05
325,0.7010000000000001,20000,20,-3.3185144895808454e-05,-0.0001710164375217848,-0.00020420158241759323,-0.0001378312926259763,4.2841367106230475e-06,1.9756517599340194e-05,2.1780317249185684e-05,1.8519325326304904e-05
325,0.7020000000000001,20000,20,-3.1350629112141386e-05,-0.00016439940932182467,-0.00019575003843396604,-0.00013304878020968327,4.140880643618861e-06,1.9402734520453105e-05,2.130409625285235e-05,1.825818943928894e-05
325,0.7030000000000001,20000,20,-2.9599863020214245e-05,-0.00015793877233284388,-0.00018753863535305812,-0.00012833890931262967,4.0044701058832155e-06,1.9054744392452302e-05,2.084040563719187e-05,1.7997656021229846e-05
325,0.704,20000,20,-2.7930108128306542e-05,-0.00015163615340757524,-0.0001795662615358818,-0.00012370604527926874,3.874376374322009e-06,1.87124762734495e-05,2.038889594246269e-05,1.7737757563910332e-05
325,0.705,20000,20,-2.6338656268652622e-05,-0.00014549278649378687,-0.0001718314427624395,-0.00011915413022513426,3.7500928606940497e-06,1.83758374231642e-05,1.9949186973173785e-05,1.7478533520926007e-05
325,0.706,20000,20,-2.4822833422181437e-05,-0.00013950952947052445,-0.00016433236289270587,-0.00011468669604834303,3.6311388663318417e-06,1.8044714486532542e-05,1.9520872033978545e-05,1.7220027170918186e-05
325,0.707,20000,20,-2.33800030648469e-05,-0.0001336868813968483,-0.00015706688446169518,-0.00011030687833200139,3.5170625814138957e-06,1.7718974859567507e-05,1.9103522232678885e-05,1.6962282772571554e-05
325,0.708,20000,20,-2.200756907860744e-05,-0.0001280250000846043,-0.0001500325691632117,-0.00010601743100599687,3.4074433160383526e-06,1.739846823121772e-05,1.869669080580068e-05,1.6705343049506692e-05
325,0.709,20000,20,-2.070297826836731e-05,-0.00012252371990974893,-0.00014322669817811625,-0.0001018207416413816,3.301892977756736e-06,1.7083028289828426e-05,1.8299917421245054e-05,1.644924703294613e-05
325,0.71,20000,20,-1.9463722524185016e-05,-0.00011718256977987776,-0.0001366462923040628,-9.771884725569276e-05,3.2000568339059675e-06,1.6772474577999472e-05,1.791273241265139e-05,1.6194028279970435e-05
325,0.711,20000,20,-1.8287340665828256e-05,-0.00011200079117883099,-0.0001302881318446592,-9.371345051300273e-05,3.101613616103092e-06,1.646661447532797e-05,1.753466090132888e-05,1.593971347549139e-05
325,0.712,20000,20,-1.7171420004364006e-05,-0.00010697735621258578,-0.00012414877621694977,-8.980593620822176e-05,3.0062750382342213e-06,1.616524528486486e-05,1.7165226763881963e-05,1.5686321416929522e-05
325,0.713,20000,20,-1.611359765296182e-05,-0.00010211098558407599,-0.00011822458323703783,-8.599738793111418e-05,2.91378480822032e-06,1.586815639621666e-05,1.6803956406879178e-05,1.5433862372151658e-05
325,0.714,20000,20,-1.5111561616499376e-05,-9.74001664280965e-05,-0.00011251172804459592,-8.228860481159712e-05,2.8239172181744055e-06,1.5575131496169394e-05,1.645038231397043e-05,1.5182337793645231e-05
325,0.715,20000,20,-1.4163051686937252e-05,-9.284316994106868e-05,-0.0001070062216280059,-7.868011825413142e-05,2.7364753979124565e-06,1.5285950796545524e-05,1.610404633558883e-05,1.4931740365302026e-05
325,0.716,20000,20,-1.3265860168803602e-05,-8.843806874413149e-05,-0.00010170392891293508,-7.517220857532791e-05,2.6512893139048726e-06,1.500039324873047e-05,1.57645026966013e-05,1.468205435264494e-05
325,0.717,20000,20,-1.2417832456540161e-05,-8.418275392181074e-05,-9.660058637835092e-05,-7.176492146527058e-05,2.5682135904533115e-06,1.4718238714898104e-05,1.543132070281721e-05,1.4433256222926059e-05
325,0.718,20000,20,-1.1616867482933192e-05,-8.007495168238376e-05,-9.169181916531692e-05,-6.845808419945055e-05,2.4871252229047825e-06,1.4439270067359027e-05,1.5104087132937495e-05,1.4185315498278877e-05
325,0.719,20000,20,-1.0860918055413894e-05,-7.611223959000047e-05,-8.697315764541436e-05,-6.525132153458658e-05,2.40792124474111e-06,1.4163275189565776e-05,1.4782408308157054e-05,1.3938195803023415e-05
325,0.72,20000,20,-1.0147991094685643e-05,-7.22920623226435e-05,-8.244005341732913e-05,-6.214407122795785e-05,2.3305164019641124e-06,1.3890048855021085e-05,1.4465911837059532e-05,1.3691856065260602e-05
325,0.721,20000,20,-9.476147787939047e-06,-6.861174691410555e-05,-7.808789470204459e-05,-5.9135599126166487e-05,2.254840879771145e-06,1.36193944635259e-05,1.4154248038532627e-05,1.3446251832987116e-05
325,0.722,20000,20,-8.843503666864229e-06,-6.506851744231807e-05,-7.391202110918232e-05,-5.622501377545385e-05,2.180838118400836e-06,1.3351125617737552e-05,1.3847091050072822e-05,1.3201336666017922e-05
325,0.723,20000,20,-8.248228618776804e-06,-6.165950913057662e-05,-6.990773774935341e-05,-5.34112805117998e-05,2.108462747440502e-06,1.3085067526749323e-05,1.3544139632958734e-05,1.2957063566903746e-05
325,0.724,20000,20,-7.688546837448842e-06,-5.838178183246674e-05,-6.607032866991558e-05,-5.069323499501791e-05,2.037678660954033e-06,1.2821058227220178e-05,1.3245117689297606e-05,1.2713386416640176e-05
325,0.725,20000,20,-7.162736718682656e-06,-5.523233287558049e-05,-6.239506959426315e-05,-4.8069596156897844e-05,1.968457249572309e-06,1.2558949616356253e-05,1.2949774508862004e-05,1.2470261384139679e-05
325,0.726,20000,20,-6.669130704290234e-06,-5.2208109243413075e-05,-5.887723994770331e-05,-4.553897853912284e-05,1.9007758001982914e-06,1.2298608294663606e-05,1.2657884765925852e-05,1.222764828202537e-05
325,0.727,20000,20,-6.206115076942284e-06,-4.930601907913068e-05,-5.5512134156072956e-05,-4.30999040021884e-05,1.834616069191999e-06,1.2039916219766564e-05,1.2369248287998859e-05,1.1985511845161573e-05
325,0.728,20000,20,-5.772129707328568e-06,-4.652294249917616e-05,-5.229507220650472e-05,-4.075081279184758e-05,1.7699630307713539e-06,1.1782771175641473e-05,1.2083689619474186e-05,1.1743822912316991e-05
325,0.729,20000,20,-5.365667754220967e-06,-4.385574170890781e-05,-4.9221409463128776e-05,-3.8490073954686836e-05,1.7068037988377733e-06,1.1527087064298443e-05,1.1801057403791155e-05,1.1502559495334634e-05
325,0.73,20000,20,-4.985275317347383e-06,-4.1301270416638405e-05,-4.628654573398579e-05,-3.631599509929102e-05,1.6451267174519024e-06,1.1272794029219255e-05,1.1521223607825612e-05,1.1261707724045784e-05
325,0.731,20000,20,-4.629551042460337e-06,-3.8856382546511025e-05,-4.348593358897136e-05,-3.422683150405068e-05,1.5849206126887404e-06,1.101983842170691e-05,1.1244082611911226e-05,1.1021262658816482e-05
325,0.732,20000,20,-4.297145677611045e-06,-3.651794025461067e-05,-4.081508593222172e-05,-3.222079457699964e-05,1.5261741965429728e-06,1.0768182622720973e-05,1.0969550188227037e-05,1.078122896598042e-05
325,0.733,20000,20,-3.986761579407017e-06,-3.428282125653249e-05,-3.82695828359395e-05,-3.0296059677125467e-05,1.4688756118919847e-06,1.0517804733774795e-05,1.0697562389320644e-05,1.0541621454436956e-05
325,0.734,20000,20,-3.697152167928884e-06,-3.2147925478281585e-05,-3.584507764621047e-05,-2.8450773310352707e-05,1.4130121062214885e-06,1.0268698151074604e-05,1.0428074367326801e-05,1.030246547433791e-05
325,0.735,20000,20,-3.427121328996885e-06,-3.011018104584793e-05,-3.353730237484481e-05,-2.6683059716851047e-05,1.3585698208499512e-06,1.0020871037323385e-05,1.0161059143047344e-05,1.0063797181038366e-05
325,0.736,20000,20,-3.175522762598971e-06,-2.8166549632058854e-05,-3.134207239465783e-05,-2.499102686945988e-05,1.305533681732156e-06,9.774345705528606e-06,9.896506342526138e-06,9.825663669339855e-06
325,0.737,20000,20,-2.941259276505619e-06,-2.6314031182331645e-05,-2.9255290458837263e-05,-2.3372771905826024e-05,1.2538873775618425e-06,9.529157928785693e-06,9.634420917128153e-06,9.588122984520997e-06
325,0.738,20000,20,-2.7232820243896375e-06,-2.454966804372401e-05,-2.7272950068113644e-05,-2.1826386019334367e-05,1.2036134108143838e-06,9.285356189406686e-06,9.374821861456901e-06,9.351244017757226e-06
325,0.739,20000,20,-2.520589688129266e-06,-2.2870548524178393e-05,-2.5391138212307655e-05,-2.0349958836049117e-05,1.1546932075573434e-06,9.043000879966159e-06,9.117740941748732e-06,9.115106294303674e-06
325,0.74,20000,20,-2.3322276043852713e-06,-2.127380991107045e-05,-2.3606037515455722e-05,-1.8941582306685184e-05,1.10710727229387e-06,8.802163467894504e-06,8.863221445700455e-06,8.8797996632965e-06
325,0.741,20000,20,-2.1572868359965697e-06,-1.9756640980091363e-05,-2.1913927816087928e-05,-1.7599354144094792e-05,1.0608353747717286e-06,8.562925634201664e-06,8.611316963040107e-06,8.64542389825553e-06
325,0.742,20000,20,-1.9949031892199628e-06,-1.8316284027097637e-05,-2.03111872163176e-05,-1.6321380837877678e-05,1.015856756565893e-06,8.325378395802978e-06,8.362090204560507e-06,8.412088217388137e-06
325,0.743,20000,20,-1.8442561783369407e-06,-1.695003645685739e-05,-1.8794292635194333e-05,-1.5105780278520451e-05,9.721503462980267e-07,8.08962121978029e-06,8.11561186581968e-06,8.179910732643765e-06
325,0.744,20000,20,-1.704567939652431e-06,-1.565525196359449e-05,-1.7359819903246927e-05,-1.3950684023942062e-05,9.296949735596081e-07,7.855761136774681e-06,7.871959540281403e-06,7.949017836186771e-06
325,0.745,20000,20,-1.5751020974058627e-06,-1.4429341338885627e-05,-1.6004443436291485e-05,-1.2854239241479762e-05,8.884695729224417e-07,7.623911859605191e-06,7.631216685339519e-06,7.719543532584753e-06
325,0.746,20000,20,-1.4551625845950742e-06,-1.3269772942804995e-05,-1.4724935527400066e-05,-1.181461035820992e-05,8.484533708126743e-07,7.39419291215762e-06,7.393471643442854e-06,7.4916287245763305e-06
325,0.747,20000,20,-1.3440924221678241e-06,-1.2174072874231042e-05,-1.3518165296398866e-05,-1.0829980452063214e-05,8.096260494535554e-07,7.166728772610107e-06,7.158816719423111e-06,7.265420459817228e-06
325,0.748,20000,20,-1.2412724604579995e-06,-1.1139824875958858e-05,-1.2381097336416856e-05,-9.898552415500858e-06,7.71967883510237e-07,6.941648034173993e-06,6.9273473141314824e-06,7.041071145531852e-06
325,0.749,20000,20,-1.1461200871250522e-06,-1.0164670009687308e-05,-1.131079009681236e-05,-9.018549922562258e-06,7.354598464595253e-07,6.7190825857338825e-06,6.69916111360892e-06,6.818737737532018e-06
325,0.75,20000,20,-1.0580879061909543e-06,-9.246306135105305e-06,-1.0304394041296257e-05,-8.18821822891435e-06,7.000836850260971e-07,6.499166814079463e-06,6.474357332254148e-06,6.598580909622158e-06
325,0.751,20000,20,-9.766623930537673e-07,-8.382487226191838e-06,-9.359149619245609e-06,-7.405824833138074e-06,6.658219612452108e-07,6.282036828835154e-06,6.253036007811403e-06,6.380764208999524e-06
325,0.752,20000,20,-9.013625305866723e-07,-7.5710225564937085e-06,-8.47238508708038e-06,-6.669660025907035e-06,6.326580628068458e-07,6.067829710708573e-06,6.035297345472694e-06,6.165453202880922e-06
325,0.753,20000,20,-8.317384316035995e-07,-6.80977578357018e-06,-7.641514215173782e-06,-5.978037351966581e-06,6.005761832898617e-07,5.85668278329359e-06,5.821241107975343e-06,5.9528146212479295e-06
325,0.754,20000,20,-7.673699530852335e-07,-6.0966639610185225e-06,-6.864033914103756e-06,-5.329294007933292e-06,5.695612746955851e-07,5.648732908369936e-06,5.610966048268591e-06,5.743015500296497e-06
325,0.755,20000,20,-7.078653076118588e-07,-5.4296565045437685e-06,-6.1375218121556245e-06,-4.721791196931908e-06,5.395989753324637e-07,5.44411580443008e-06,5.404569381116353e-06,5.536222330899476e-06
325,0.756,20000,20,-6.528596774421835e-07,-4.806774136430334e-06,-5.4596338138725176e-06,-4.15391445898815e-06,5.106755165870351e-07,5.242965388026499e-06,5.202146289890763e-06,5.332600216137185e-06
325,0.757,20000,20,-6.020138366112424e-07,-4.226087830542066e-06,-4.8281016671533085e-06,-3.6240739939308237e-06,4.827776124459553e-07,5.045413137453165e-06,5.003789464780646e-06,5.132312041709685e-06
325,0.758,20000,20,-5.550127862978239e-07,-3.68571777764318e-06,-4.240730563941004e-06,-3.1307049913453556e-06,4.558923358184432e-07,4.851587478244547e-06,4.809588668683439e-06,4.93551766280969e-06
325,0.759,20000,20,-5.115644085355899e-07,-3.183832388426255e-06,-3.695396796961845e-06,-2.672267979890665e-06,4.3000698576017935e-07,4.661613189977854e-06,4.619630327154847e-06,4.742373110794567e-06
325,0.76,20000,20,-4.7139814311525687e-07,-2.7186473491731118e-06,-3.1900454922883684e-06,-2.2472492060578556e-06,4.0510894963301335e-07,4.475610833885577e-06,4.433997138945003e-06,4.553029822740122e-06
325,0.761,20000,20,-4.342636922529282e-07,-2.2884247424968028e-06,-2.722688434749731e-06,-1.854161050243874e-06,3.8118556406618577e-07,4.293696200813375e-06,4.2527677038418665e-06,4.367633896679403e-06
325,0.762,20000,20,-3.9992975728593564e-07,-1.8914722431341114e-06,-2.291402000420047e-06,-1.4915424858481757e-06,3.582239783309207e-07,4.115979779079113e-06,4.076016164757566e-06,4.186325375017306e-06
325,0.763,20000,20,-3.681828113080532e-07,-1.5261423963085599e-06,-1.8943252076166127e-06,-1.1579595850005067e-06,3.362110234181967e-07,3.942566241788785e-06,3.903811861217341e-06,4.009237558257144e-06
325,0.764,20000,20,-3.3882591127615875e-07,-1.190831983786496e-06,-1.5296578950626546e-06,-8.520060725103372e-07,3.151330897361137e-07,3.7735539531367525e-06,3.736218991633851e-06,3.836496350775773e-06
325,0.765,20000,20,-3.116775527161222e-07,-8.839814804255113e-07,-1.1956590331416338e-06,-5.723039277093892e-07,2.9497601593398216e-07,3.6090344931503456e-06,3.573296281958711e-06,3.668219639933053e-06
325,0.766,20000,20,-2.8657056973302353e-07,-6.04074601790267e-07,-8.906451715232902e-07,-3.175040320572434e-07,2.757249909296834e-07,3.4490922002274917e-06,3.4150966584897994e-06,3.5045167092993576e-06
325,0.767,20000,20,-2.6335108259559804e-07,-3.4963794130229324e-07,-6.129890238978912e-07,-8.628685870669502e-08,2.573644707779254e-07,3.2938037306605136e-06,3.2616669227728025e-06,3.34548768623554e-06
325,0.768,20000,20,-2.4187749472329245e-07,-1.1924069341999446e-07,-3.611181881432866e-07,1.2263680130329776e-07,2.398781115812209e-07,3.1432376341415936e-06,3.1130474266661177e-06,3.1912230234703263e-06
325,0.769,20000,20,-2.2201954046212887e-07,8.850554247057841e-08,-1.3351399799155046e-07,3.10525082932707e-07,2.2324871922243303e-07,2.997453944015896e-06,2.9692717457447067e-06,3.041803013704865e-06
325,0.77,20000,20,-2.036573845984935e-07,2.749468844202456e-07,7.128949982175183e-08,4.786042690187384e-07,2.0745821629583205e-07,2.8565037808054015e-06,2.830366349313293e-06,2.897297335656689e-06
325,0.771,20000,20,-1.8668077413322052e-07,4.413872249648474e-07,2.5470645083162676e-07,6.280679990980676e-07,1.9248762623918026e-07,2.7204289672962794e-06,2.696350265402242e-06,2.7577646293665184e-06
325,0.772,20000,20,-1.7098824242692716e-07,5.890882325517864e-07,4.180999901248592e-07,7.600764749787135e-07,1.7831707432773266e-07,2.5892616533051966e-06,2.5672347392635874e-06,2.623252098076992e-06
325,0.773,20000,20,-1.5648636543588264e-07,7.192693081025108e-07,5.627829426666282e-07,8.757556735383931e-07,1.6492580488565456e-07,2.4630239481665517e-06,2.443022884112776e-06,2.493795133610528e-06
325,0.774,20000,20,-1.4308906938988795e-07,8.331075083182472e-07,6.900184389283589e-07,9.76196577708135e-07,1.5229221380394536e-07,2.3417275590810755e-06,2.3237093232324753e-06,2.369416961999873e-06
325,0.775,20000,20,-1.3071698892301292e-07,9.317374479700803e-07,8.010204590470676e-07,1.0624544368930936e-06,1.4039389522771697e-07,2.2253734338175354e-06,2.2092798231382023e-06,2.2501283062506797e-06
325,0.776,20000,20,-1.1929687435764384e-07,1.0162511938286718e-06,8.96954319471028e-07,1.1355480681863162e-06,1.292077010901453e-07,2.1139514069601696e-06,2.099710918385697e-06,2.1359270636498e-06
325,0.777,20000,20,-1.0876104656426161e-07,1.0876981630852882e-06,9.789371165210265e-07,1.19645920964955e-06,1.1870981202501271e-07,2.0074398500491114e-06,1.994969529866945e-06,2.0267979960950445e-06
325,0.778,20000,20,-9.904689757560142e-08,1.1470850390952347e-06,1.0480381415196333e-06,1.2461319366708362e-06,1.0887581808353729e-07,1.9058053276775044e-06,1.895012580188111e-06,1.9227124336372914e-06
325,0.779,20000,20,-9.009643492527661e-08,1.1953757170443351e-06,1.1052792821190584e-06,1.2854721519696119e-06,9.968080761217961e-08,1.8090022639811323e-06,1.799786612026861e-06,1.8236279939063856e-06
325,0.78,20000,20,-8.185586750821075e-08,1.2334912917058376e-06,1.1516354241976273e-06,1.315347159214048e-06,9.10994626142432e-08,1.716972627048658e-06,1.7092274182795944e-06,1.7294883234203172e-06
325,0.781,20000,20,-7.42752306232882e-08,1.2623100988291724e-06,1.1880348682058844e-06,1.3365853294524605e-06,8.310615891665922e-08,1.6296456425977003e-06,1.6232596963273002e-06,1.640222870970438e-06
325,0.782,20000,20,-6.73080477568522e-08,1.2826678208967175e-06,1.215359773139865e-06,1.3499758686535697e-06,7.567506949139341e-08,1.5469375527196536e-06,1.541796742788777e-06,1.5557467082528294e-06
325,0.783,20000,20,-6.091102659808652e-08,1.2953576670150484e-06,1.2344466404169615e-06,1.356268693613135e-06,6.878026933533519e-08,1.4687514403845854e-06,1.4647402094975186e-06,1.475960418454519e-06
325,0.784,20000,20,-5.504378674236306e-08,1.3011306355893805e-06,1.2460868488470174e-06,1.3561744223317434e-06,6.239584038999777e-08,1.3949771453518105e-06,1.3919799458040185e-06,1.4007500792015543e-06
325,0.785,20000,20,-4.966861653441961e-08,1.300695867184389e-06,1.2510272506499696e-06,1.350364483718809e-06,5.649597507947807e-08,1.325491301614291e-06,1.3233939561899323e-06,1.329987371530502e-06
325,0.786,20000,20,-4.4750256527523625e-08,1.2947210936209535e-06,1.2499708370934297e-06,1.339471350148477e-06,5.1055077158530525e-08,1.260157529814434e-06,1.2588485049661263e-06,1.2635298505567284e-06
325,0.787,20000,20,-4.025570708506012e-08,1.2838331879192464e-06,1.2435774808341863e-06,1.3240888950043065e-06,4.604785868891677e-08,1.198826819387246e-06,1.1981984007976788e-06,1.2012214153393348e-06
325,0.788,20000,20,-3.6154057724483634e-08,1.2686188181967783e-06,1.2324647604722947e-06,1.3047728759212618e-06,4.144943209814738e-08,1.1413381336743989e-06,1.1412874922249007e-06,1.1428930141059729e-06
325,0.789,20000,20,-3.241633589742679e-08,1.249625207090496e-06,1.2172088711930687e-06,1.2820415429879228e-06,3.7235396417181775e-08,1.0875192661907395e-06,1.087949400607748e-06,1.0883636156551815e-06
325,0.79,20000,20,-2.9015373010937394e-08,1.2273609967174319e-06,1.1983456237064948e-06,1.2563763697283697e-06,3.338191693964632e-08,1.0371879671892749e-06,1.0380085086452938e-06,1.0374414678918249e-06
325,0.791,20000,20,-2.5925685620279602e-08,1.2022972176452537e-06,1.176371532024974e-06,1.228222903265533e-06,2.986579769188077e-08,9.901533467107373e-07,9.912812108538007e-07,9.899256501155602e-07
325,0.792,20000,20,-2.3123369860467465e-08,1.1748683588347666e-06,1.1517449889742993e-06,1.1979917286952341e-06,2.666454624811406e-08,9.462175440702388e-07,9.475774176867801e-07,9.456079076212915e-07
325,0.793,20000,20,-2.0586007328716667e-08,1.1454735340653814e-06,1.1248875267366649e-06,1.1660595413940982e-06,2.3756430565989238e-08,9.051776355162197e-07,9.06702288461903e-07,9.04274736881381e-07
325,0.794,20000,20,-1.8292580780479327e-08,1.114477738983699e-06,1.0961851582032197e-06,1.1327703197641783e-06,2.1120527652516085e-08,8.668277334259924e-07,8.68458151510338e-07,8.657096691875255e-07
325,0.795,20000,20,-1.6223398154955122e-08,1.0822131916453926e-06,1.065989793490438e-06,1.0984365898003483e-06,1.8736763997560497e-08,8.309612140095107e-07,8.326465548480045e-07,8.296956826007167e-07
325,0.796,20000,20,-1.4360023599447546e-08,1.0489807482708744e-06,1.034620724671427e-06,1.063340771870322e-06,1.6585947829737795e-08,7.973729981673584e-07,7.990703790358962e-07,7.960176587809189e-07
325,0.797,20000,20,-1.2685214313398221e-08,1.0150513849220145e-06,1.002366170608616e-06,1.0277365992354125e-06,1.464979335690174e-08,7.65861803555024e-07,7.675359372591513e-07,7.644647946083747e-07
325,0.798,20000,20,-1.1182862180309221e-08,9.806677349455868e-07,9.694848727652775e-07,9.918505971258958e-07,1.2910937249401096e-08,7.36232285965404e-07,7.378549869030494e-07,7.348328794353891e-07
325,0.799,20000,20,-9.83793929730362e-09,9.460456713300309e-07,9.362077320327273e-07,9.558836106273347e-07,1.1352947708313785e-08,7.082969948558291e-07,7.09846582141009e-07,7.069263572039592e-07
325,0.8,20000,20,-8.636446646264098e-09,9.113759225950096e-07,9.027394759487457e-07,9.200123692412736e-07,9.960326532613653e-09,6.818780803079901e-07,6.833387075799807e-07,6.80560107368345e-07
325,0.801,20000,20,-7.565365276077264e-09,8.768257104835463e-07,8.69260345207469e-07,8.843910757596235e-07,8.718504658549875e-09,6.56808705297835e-07,6.581696474858424e-07,6.555608976177284e-07
325,0.802,20000,20,-6.612609481554502e-09,8.425403975568734e-07,8.359277880753191e-07,8.491530070384281e-07,7.613831691565638e-09,6.329341358523431e-07,6.341890617993095e-07,6.317684824478593e-07
325,0.803,20000,20,-5.766981570387971e-09,8.08645132802179e-07,8.028781512317912e-07,8.144121143725673e-07,6.633559986160277e-09,6.101125004298125e-07,6.112587572318546e-07,6.090363423515746e-07
325,0.804,20000,20,-5.018127904592769e-09,7.752464835495583e-07,7.702283556449657e-07,7.802646114541514e-07,5.7658238527225014e-09,5.882152269074856e-07,5.892531575781463e-07,5.872320768360965e-07
325,0.805,20000,20,-4.356495987069372e-09,7.424340423499115e-07,7.380775463628423e-07,7.467905383369808e-07,4.999614483185599e-09,5.671271796122292e-07,5.680594907701333e-07,5.662374792838968e-07
325,0.806,20000,20,-3.773292437210724e-09,7.102819979809385e-07,7.065087055437278e-07,7.140552904181491e-07,4.324751190180925e-09,5.467465291790145e-07,5.475777203930694e-07,5.459483321830383e-07
325,0.807,20000,20,-3.260441762071106e-09,6.788506604117149e-07,6.755902186496436e-07,6.82111102173786e-07,3.731849548080934e-09,5.269843945066807e-07,5.2772025613665e-07,5.262739674089088e-07
325,0.808,20000,20,-2.8105458818925427e-09,6.481879303527626e-07,6.453773844708701e-07,6.509984762346552e-07,3.212287009909755e-09,5.077642989778654e-07,5.084114811226539e-07,5.071366384627555e-07
325,0.809,20000,20,-2.4168444112619154e-09,6.183307049319849e-07,6.159138605207228e-07,6.207475493432469e-07,2.758166552576588e-09,4.890214829897665e-07,4.895871346787892e-07,4.884707505813398e-07
325,0.81,20000,20,-2.073175730497296e-09,5.893062120485808e-07,5.872330363180836e-07,5.913793877790782e-07,2.362278875318097e-09,4.7070211241964827e-07,4.711935875202513e-07,4.702219912715733e-07
325,0.811,20000,20,-1.7739389067616105e-09,5.611332670477426e-07,5.593593281409809e-07,5.62907205954504e-07,2.0180636436708407e-09,4.527624186616452e-07,4.53187043106456e-07,4.5234639893211546e-07
325,0.812,20000,20,-1.5140565416857934e-09,5.338234465079735e-07,5.323093899662875e-07,5.353375030496593e-07,1.7195702347858092e-09,4.351678009924744e-07,4.355326947740569e-07,4.3480940154012825e-07
325,0.8130000000000001,20000,20,-1.2889386327947376e-09,5.073821751191029e-07,5.06093236486308e-07,5.086711137518977e-07,1.461418400447578e-09,4.1789191681059365e-07,4.1820386363270334e-07,4.1758485149898074e-07
325,0.8140000000000001,20000,20,-1.094447540640654e-09,4.818097228314878e-07,4.807152752908471e-07,4.829041703721286e-07,1.238759222734263e-09,4.0091578016870065e-07,4.0118113755745556e-07,4.0065407709579784e-07
325,0.8150000000000001,20000,20,-9.268641531277271e-10,4.5710211065453895e-07,4.561752465014112e-07,4.580289748076669e-07,1.0472366947426782e-09,3.8422688427362136e-07,3.8445152721473515e-07,3.840049658909074e-07
325,0.8160000000000001,20000,20,-7.828553339165855e-10,4.3325192465558427e-07,4.324690693216677e-07,4.34034779989501e-07,8.829502160299166e-10,3.678183594353678e-07,3.680076511047146e-07,3.6763109091317283e-07
325,0.8170000000000001,20000,20,-6.594427338447338e-10,4.1024903883909383e-07,4.0958959610524916e-07,4.109084815729386e-07,7.424182501211973e-10,3.516881743906423e-07,3.518469581918975e-07,3.5153088682684927e-07
325,0.8180000000000001,20000,20,-5.539730337673837e-10,3.880812486539552e-07,3.8752727562018793e-07,3.886352216877227e-07,6.225433502551315e-10,3.358383860187169e-07,3.3597099385981755e-07,3.3570688025806944e-07
325,0.8190000000000001,20000,20,-4.640896748281377e-10,3.6673481786696343e-07,3.662707281921352e-07,3.6719890754179145e-07,5.205787200349574e-10,3.2027444017598974e-07,3.2038471265006465e-07,3.201649761679598e-07
325,0.8200000000000001,20000,20,-3.8770611856460163e-10,3.461949424401626e-07,3.4580723632159806e-07,3.465826485587272e-07,4.3409643829124125e-10,3.050045246374544e-07,3.0509583948421924e-07,3.0491380045431556e-07
325,0.8210000000000001,20000,20,-3.2298066502162945e-10,3.2644613584665816e-07,3.2612315518163644e-07,3.2676911651167977e-07,3.6095744260742806e-10,2.9003897387189924e-07,2.9011427975622223e-07,2.899640977628224e-07
325,0.8220000000000001,20000,20,-2.6829284269257737e-10,3.0747254094474073e-07,3.0720424810204815e-07,3.0774083378743346e-07,2.992833338953047e-10,2.753897245114049e-07,2.75451577751399e-07,2.7532818269880736e-07
325,0.8230000000000001,20000,20,-2.222213700692461e-10,2.892581740969744e-07,2.890359527269051e-07,2.894803954670438e-07,2.474300353294425e-10,2.6106981982523527e-07,2.6112042222544787e-07,2.610194421632424e-07
325,0.8240000000000001,20000,20,-1.835236752112004e-10,2.7178710766514487e-07,2.716035839899337e-07,2.7197063134035613e-07,2.03963312974521e-10,2.4709296120063523e-07,2.471341975951619e-07,2.4705188631309577e-07
325,0.8250000000000001,20000,20,-1.5111694733107014e-10,2.550435973319553e-07,2.5489248038462413e-07,2.5519471427928645e-07,1.6763614261361047e-10,2.3347310450407716e-07,2.335065789921841e-07,2.3343974559758032e-07
325,0.8260000000000001,20000,20,-1.2406068315041834e-10,2.390121608969062e-07,2.3888810021375584e-07,2.3913622158005654e-07,1.3736788758971315e-10,2.2022409919138716e-07,2.2025116935953233e-07,2.2019711139101609e-07
325,0.8270000000000001,20000,20,-1.0154068086419485e-10,2.2367761527014523e-07,2.2357607458928105e-07,2.2377915595100946e-07,1.1222523583293057e-10,2.0735936810901577e-07,2.0738117678453703e-07,2.0733761788350964e-07
325,0.8280000000000001,20000,20,-8.285442605592067e-11,2.0902507834935419e-07,2.0894222392329824e-07,2.0910793277541018e-07,9.140483053964162e-11,1.9489162604542144e-07,1.9490913032580006e-07,1.9487416306576717e-07
325,0.8290000000000001,20000,20,-6.739780687443471e-11,1.950399423184575e-07,1.9497254451158304e-07,1.9510734012533186e-07,7.421751803727858e-11,1.8283263522350995e-07,1.8284663267833984e-07,1.828186668264987e-07
325,0.8300000000000001,20000,20,-5.4653090214937654e-11,1.8170782466202144e-07,1.8165317157180654e-07,1.817624777522364e-07,6.007412801689433e-11,1.711929960519793e-07,1.7120414810963093e-07,1.7118186435006274e-07
325,0.8310000000000001,20000,20,-4.417808650380425e-11,1.6901450285610449e-07,1.689703247696007e-07,1.6905868094260826e-07,4.847269533204128e-11,1.599819715610571e-07,1.5999082417505584e-07,1.5997313314465185e-07
325,0.8320000000000001,20000,20,-3.559642789786502e-11,1.569458382868781e-07,1.569102418589802e-07,1.5698143471477596e-07,3.898702871665562e-11,1.4920734402781013e-07,1.4921434577508246e-07,1.4920035213952244e-07
325,0.833,20000,20,-2.8588883180597878e-11,1.45487694474916e-07,1.4545910559173543e-07,1.455162833580966e-07,3.125652982915992e-11,1.388753023433702e-07,1.3888082014294686e-07,1.3886979135970766e-07
325,0.834,20000,20,-2.288563225721343e-11,1.3462585415891045e-07,1.3460296852665318e-07,1.3464873979116764e-07,2.4977165744444637e-11,1.2899035868815436e-07,1.2899469134917386e-07,1.2898603071823875e-07
325,0.835,20000,20,-1.8259423793161818e-11,1.2434593923108018e-07,1.2432767980728699e-07,1.2436419865487335e-07,1.989349915268605e-11,1.195552930631929e-07,1.1955868287894526e-07,1.1955190646161317e-07
325,0.836,20000,20,-1.4519541073948117e-11,1.1463333693093281e-07,1.1461881738985885e-07,1.1464785647200681e-07,1.5791682854368882e-11,1.1057112417973557e-07,1.1057376678321536e-07,1.1056848376850702e-07
325,0.837,20000,20,-1.150650345358381e-11,1.0547313510755912e-07,1.0546162860410555e-07,1.0548464161101272e-07,1.2493328446059356e-11,1.0203710514073565e-07,1.0203915782935723e-07,1.0203505394052138e-07
325,0.838,20000,20,-9.087433670992905e-12,9.685006876550076e-08,9.684098133182976e-08,9.685915619917175e-08,9.850163167160934e-12,9.395074226260068e-08,9.395233098747201e-08,9.39491545436103e-08
325,0.839,20000,20,-7.152024719315144e-12,8.874847952722789e-08,8.874132750250855e-08,8.875563155194721e-08,7.739393536315762e-12,8.63078352904836e-08,8.63090604906114e-08,8.630661076697951e-08
325,0.84,20000,20,-5.60904373057545e-12,8.115228908692093e-08,8.114668004319034e-08,8.115789813065149e-08,6.059699477429295e-12,7.910253716200477e-08,7.910347860729763e-08,7.910159616971973e-08
325,0.841,20000,20,-4.3833143750019136e-12,7.404498720497454e-08,7.404060389059954e-08,7.404937051934954e-08,4.727787968324669e-12,7.232743137916755e-08,7.232815216909646e-08,7.232671089109723e-08
325,0.842,20000,20,-3.413123468457754e-12,6.740963430855217e-08,6.740622118508371e-08,6.741304743202063e-08,3.6754407077668175e-12,6.597362496239871e-08,6.597417481037318e-08,6.597307531460486e-08
325,0.843,20000,20,-2.6480017425487193e-12,6.12288783271775e-08,6.122623032543496e-08,6.123152632892004e-08,2.8469957758244097e-12,6.003085488940482e-08,6.003127280683205e-08,6.003043710408942e-08
325,0.844,20000,20,-2.046832981503447e-12,5.5484985009009217e-08,5.5482938176027735e-08,5.5487031841990745e-08,2.1972086633387116e-12,5.448760586952906e-08,5.448792234847515e-08,5.448728947734756e-08
325,0.845,20000,20,-1.576249901443186e-12,5.015988063664795e-08,5.0158304386746505e-08,5.016145688654939e-08,1.6894432910555127e-12,4.933123727503663e-08,4.9331476054599565e-08,4.9330998552176424e-08
325,0.846,20000,20,-1.2092791863931372e-12,4.523520579331206e-08,4.523399651412567e-08,4.523641507249846e-08,1.2941486662721134e-12,4.454811704699638e-08,4.4548296536031094e-08,4.4547937594834406e-08
325,0.847,20000,20,-9.242019577488468e-13,4.069237862161854e-08,4.0691454419660796e-08,4.069330282357629e-08,9.875815879479652e-13,4.0123760416735954e-08,4.0123894834464323e-08,4.0123626022865074e-08
325,0.848,20000,20,-7.035996066767215e-13,3.651266586741802e-08,3.651196226781133e-08,3.651336946702467e-08,7.507402766544102e-13,3.604297133495558e-08,3.6043071621217424e-08,3.604287106405192e-08
325,0.849,20000,20,-5.33558338346282e-13,3.267725990819917e-08,3.2676726349860825e-08,3.267779346653751e-08,5.684779517130617e-13,3.228998457916741e-08,3.229005911755428e-08,3.2289910050616774e-08
325,0.85,20000,20,-4.0300894765908115e-13,2.9167359926481866e-08,2.9166956917534204e-08,2.916776293542953e-08,4.287691927192887e-13,2.884860661506632e-08,2.8848661804836304e-08,2.8848551431563427e-08
325,0.851,20000,20,-3.0318126033301096e-13,2.5964255399326098e-08,2.5963952218065758e-08,2.5964558580586425e-08,3.221054032563307e-13,2.570235341677065e-08,2.5702394123164504e-08,2.5702312714348996e-08
325,0.852,20000,20,-2.2715532919795197e-13,2.304941013078742e-08,2.3049182975458222e-08,2.304963728611661e-08,2.409988449478882e-13,2.283458360200514e-08,2.283461350925991e-08,2.2834553697254734e-08
325,0.853,20000,20,-1.6949387698999068e-13,2.0404545149359874e-08,2.0404375655482877e-08,2.040471464323686e-08,1.7957753974919844e-13,2.0228625408029166e-08,2.0228647294905924e-08,2.022860352272291e-08
325,0.854,20000,20,-1.2594263166500859e-13,1.801171892125751e-08,1.8011592978625854e-08,1.8011844863889177e-08,1.3325586163919159e-13,1.7867896218846028e-08,1.7867912172745064e-08,1.786788026592656e-08
325,0.855,20000,20,-9.318711946308422e-14,1.5853403486580015e-08,1.5853310299460557e-08,1.5853496673699482e-08,9.846787303350293e-14,1.573601355003896e-08,1.5736025132669762e-08,1.5736001968015785e-08
325,0.856,20000,20,-6.865617827297652e-14,1.3912555302657927e-08,1.3912486646479653e-08,1.39126239588362e-08,7.245242594781589e-14,1.3816896600371463e-08,1.3816904975384392e-08,1.3816888225733383e-08
325,0.857,20000,20,-5.036394459259736e-14,1.217267977091524e-08,1.2172629406970646e-08,1.2172730134859834e-08,5.308076425437926e-14,1.2094857684933138e-08,1.2094863715821387e-08,1.2094851654274835e-08
325,0.858,20000,20,-3.678336791371074e-14,1.0617888624346647e-08,1.0617851840978738e-08,1.0617925407714565e-08,3.8718852999962977e-14,1.055468306904581e-08,1.0554687393918059e-08,1.0554678744313827e-08
325,0.859,20000,20,-2.6745433503082756e-14,9.232949556436011e-09,9.232922811002507e-09,9.232976301869516e-09,2.8117945440306673e-14,9.18170292148644e-09,9.181706009926961e-09,9.18169983313098e-09
325,0.86,20000,20,-1.9359245136980284e-14,8.003327673763251e-09,8.003308314518115e-09,8.003347033008386e-09,2.032799949275352e-14,7.96185029625485e-09,7.961852492374402e-09,7.961848100186595e-09
325,0.861,20000,20,-1.3948949827661297e-14,6.9152185489002026e-09,6.915204599950373e-09,6.91523249785003e-09,1.4629493180781818e-14,6.881709230887343e-09,6.8817107857763254e-09,6.881707676029107e-09
325,0.862,20000,20,-1.0004192748789445e-14,5.955572833352394e-09,5.955562829159644e-09,5.9555828375451414e-09,1.0479982688087173e-14,5.92855221341027e-09,5.928553309495796e-09,5.92855111734307e-09
325,0.863,20000,20,-7.141387328738223e-15,5.112112558804285e-09,5.112105417416955e-09,5.112119700191613e-09,7.47241488713772e-15,5.090367417151673e-09,5.090368186397593e-09,5.090366647916604e-09
325,0.864,20000,20,-5.073586709557741e-15,4.373339405999204e-09,4.373334332412493e-09,4.373344479585912e-09,5.3027652488778075e-15,4.355876231007309e-09,4.355876768453276e-09,4.355875693567731e-09
325,0.865,20000,20,-3.587161211410351e-15,3.7285353521786694e-09,3.728531765017459e-09,3.728538939339882e-09,3.7450369667047745e-15,3.714541721163422e-09,3.7145420949515407e-09,3.714541347379043e-09
325,0.866,20000,20,-2.523833672048477e-15,3.1677562187525545e-09,3.1677536949188813e-09,3.1677587425862265e-09,2.6320415172895356e-15,3.156568748014555e-09,3.1565690067813657e-09,3.156568489249918e-09
325,0.867,20000,20,-1.766910945316878e-15,2.6818187300817776e-09,2.6818169631708325e-09,2.6818204969927227e-09,1.840696829350736e-15,2.672896528916814e-09,2.6728967072180917e-09,2.672896350616791e-09
325,0.868,20000,20,-1.2307846866865891e-15,2.2622817618532545e-09,2.262280531068568e-09,2.262282992637941e-09,1.2808374136629198e-15,2.2551844838038e-09,2.2551846060773827e-09,2.2551843615309385e-09
325,0.869,20000,20,-8.529659696782642e-16,1.9014225040078623e-09,1.901421651041894e-09,1.901423356973833e-09,8.867405591458792e-16,1.8957922273409455e-09,1.895792310788132e-09,1.89579214389417e-09
325,0.87,20000,20,-5.880733707203713e-16,1.5922082895371313e-09,1.5922077014637614e-09,1.5922088776105025e-09,6.107421159641976e-16,1.5877545793764588e-09,1.5877546360472533e-09,1.5877545227058977e-09
325,0.871,20000,20,-4.0331907926840244e-16,1.3282648481015632e-09,1.3282644447824837e-09,1.3282652514206423e-09,4.184514286441132e-16,1.3247524564713145e-09,1.3247524947663242e-09,1.3247524181764361e-09
325,0.872,20000,20,-2.7513760904717407e-16,1.1038417340993142e-09,1.1038414589617052e-09,1.1038420092369232e-09,2.851835891176406e-16,1.1010804830434088e-09,1.1010805087903804e-09,1.1010804572965095e-09
325,0.873,20000,20,-1.8668129305346777e-16,9.137756545317962e-10,9.137754678505036e-10,9.137758412130894e-10,1.9331337841507467e-16,9.116121231221294e-10,9.116121403438324e-10,9.116121059004666e-10
325,0.874,20000,20,-1.259697282884348e-16,7.534523849624087e-10,7.534522589926798e-10,7.534525109321363e-10,1.3032327948776093e-16,7.517630850037199e-10,7.517630964629633e-10,7.517630735444987e-10
325,0.875,20000,20,-8.45298699663502e-17,6.187679143237734e-10,6.187678297939034e-10,6.187679988536433e-10,8.737129359123308e-17,6.174536934074031e-10,6.174537009919329e-10,6.174536858228856e-10
325,0.876,20000,20,-5.640219780398282e-17,5.060894036030534e-10,5.060893472008557e-10,5.060894600052515e-10,5.824589339609239e-17,5.050708592472286e-10,5.050708642401673e-10,5.050708542542964e-10
325,0.877,20000,20,-3.7418466257943255e-17,4.122164817829241e-10,4.122164443644581e-10,4.1221651920139063e-10,3.8607692614808255e-17,4.1143020798632775e-10,4.1143021125521344e-10,4.114302047174457e-10
325,0.878,20000,20,-2.4679789719660268e-17,3.3434333699448473e-10,3.3434331231469523e-10,3.3434336167427455e-10,2.5442258599461135e-17,3.3373885575309774e-10,3.337388578813306e-10,3.3373885362486687e-10
325,0.879,20000,20,-1.6181652964404227e-17,2.7002199365193136e-10,2.700219774702784e-10,2.700220098335844e-10,1.666752423222711e-17,2.6955924984494977e-10,2.695592512227093e-10,2.6955924846719117e-10
325,0.88,20000,20,-1.0546047412391098e-17,2.1712709920019778e-10,2.1712708865415025e-10,2.1712710974624513e-10,1.085374209348843e-17,2.167744186102185e-10,2.167744194970081e-10,2.167744177234293e-10
325,0.881,20000,20,-6.831253485597049e-18,1.7382247860788011e-10,1.738224717766267e-10,1.7382248543913362e-10,7.024884779950657e-18,1.7355490645483515e-10,1.7355490702227213e-10,1.7355490588739853e-10
325,0.882,20000,20,-4.3975654469776336e-18,1.385296522309182e-10,1.3852964783335272e-10,1.3852965662848366e-10,4.5186375001115685e-18,1.383276041096346e-10,1.3832760447056228e-10,1.383276037487071e-10
325,0.883,20000,20,-2.8130778294363797e-18,1.0989845426030441e-10,1.098984514472266e-10,1.0989845707338227e-10,2.8882885825847243e-18,1.0974662332008457e-10,1.0974662354826746e-10,1.097466230919018e-10
325,0.884,20000,20,-1.787985039842695e-18,8.677983550156502e-11,8.677983371357997e-11,8.677983728955006e-11,1.834397793537887e-18,8.666630954688852e-11,8.6666309690259e-11,8.666630940351806e-11
325,0.885,20000,20,-1.1290488053934326e-18,6.82008863241915e-11,6.820088519514269e-11,6.820088745324029e-11,1.1574979086962023e-18,6.811643662591376e-11,6.81164367154302e-11,6.811643653639737e-11
325,0.886,20000,20,-7.082409802983466e-19,5.3342073644634564e-11,5.334207293639356e-11,5.3342074352875535e-11,7.255600634442395e-19,5.327958394235175e-11,5.3279583997886245e-11,5.327958388681723e-11
325,0.887,20000,20,-4.412862972498367e-19,4.151664993594534e-11,4.1516649494659034e-11,4.151665037723163e-11,4.517565267128194e-19,4.1470659640039826e-11,4.1470659674268534e-11,4.147065960581109e-11
325,0.888,20000,20,-2.7307449694463116e-19,3.215216247258871e-11,3.2152162199514213e-11,3.215216274566321e-11,2.7935958056760033e-19,3.2118502647541905e-11,3.2118502668499165e-11,3.211850262658465e-11
325,0.889,20000,20,-1.6780777178526806e-19,2.4773967141397515e-11,2.4773966973589737e-11,2.477396730920528e-11,1.7155350337673436e-19,2.4749471640120037e-11,2.474947165286508e-11,2.4749471627374987e-11
325,0.89,20000,20,-1.0239075753584534e-19,1.8990632867193717e-11,1.8990632764802952e-11,1.8990632969584466e-11,1.0460680321757997e-19,1.8972910127415392e-11,1.8972910135113032e-11,1.8972910119717746e-11
325,0.891,20000,20,-6.202593041491279e-20,1.448110959767957e-11,1.4481109535653635e-11,1.4481109659705498e-11,6.332724247629607e-20,1.446836321802864e-11,1.4468363222645305e-11,1.4468363213411982e-11
325,0.892,20000,20,-3.729874859533132e-20,1.0983524373198682e-11,1.0983524335899932e-11,1.098352441049743e-11,3.805712981522349e-20,1.0974412749777044e-11,1.0974412752526172e-11,1.0974412747027914e-11
325,0.893,20000,20,-2.2262130480254446e-20,8.28546572855513e-12,8.285465706293e-12,8.285465750817264e-12,2.270069967060774e-20,8.278992827129688e-12,8.278992828754866e-12,8.278992825504514e-12
325,0.894,20000,20,-1.3186578238345407e-20,6.215615965238755e-12,6.215615952052175e-12,6.215615978425333e-12,1.3438214079060347e-20,6.211046790769471e-12,6.211046791723111e-12,6.211046789815833e-12
325,0.895,20000,20,-7.750508712816403e-21,4.6365931168787964e-12,4.636593109128288e-12,4.636593124629307e-12,7.893736858257148e-21,4.633388671438612e-12,4.633388671993984e-12,4.633388670883239e-12
325,0.896,20000,20,-4.5195900312915416e-21,3.438869145199154e-12,3.438869140679565e-12,3.438869149718746e-12,4.600451493842925e-21,3.436636679284848e-12,3.436636679605798e-12,3.436636678963896e-12
325,0.897,20000,20,-2.6144169797941512e-21,2.5356375129256128e-12,2.5356375103111953e-12,2.5356375155400298e-12,2.6596906978227043e-21,2.5340927086904077e-12,2.534092708874433e-12,2.5340927085063798e-12
325,0.898,20000,20,-1.5000026248126095e-21,1.858511288458848e-12,1.858511286958845e-12,1.85851128995885e-12,1.5251373492352307e-21,1.857449695901896e-12,1.8574496960065717e-12,1.8574496957972207e-12
325,0.899,20000,20,-8.534595825976984e-22,1.353941897335936e-12,1.353941896482476e-12,1.3539418981893954e-12,8.672938295599972e-22,1.3532175007654994e-12,1.3532175008245548e-12,1.353217500706444e-12
325,0.9,20000,20,-4.814798099588826e-22,9.802581539365352e-13,9.802581534550555e-13,9.802581544180151e-13,4.890275734922246e-22,9.797673970920254e-13,9.79767397125067e-13,9.79767397058984e-13
325,0.901,20000,20,-2.692809840770216e-22,7.052349462827806e-13,7.052349460134997e-13,7.052349465520615e-13,2.7336218677414145e-22,7.049049081846913e-13,7.049049082030213e-13,7.049049081663611e-13
325,0.902,20000,20,-1.492766530543079e-22,5.041106266416148e-13,5.04110626492338e-13,5.041106267908915e-13,1.5146335023633917e-22,5.038903316706385e-13,5.038903316807195e-13,5.038903316605574e-13
325,0.903,20000,20,-8.200881316628177e-23,3.5798155552700486e-13,3.579815554449962e-13,3.5798155560901373e-13,8.316956892184054e-23,3.578356332413134e-13,3.5783563324680887e-13,3.578356332358181e-13
325,0.904,20000,20,-4.4640912385518974e-23,2.525111830099999e-13,2.525111829653589e-13,2.525111830546408e-13,4.5251240568594307e-23,2.5241527663396393e-13,2.5241527663693267e-13,2.524152766309952e-13
325,0.905,20000,20,-2.4072904165271272e-23,1.7689940274133978e-13,1.7689940271726685e-13,1.7689940276541265e-13,2.4390717764540005e-23,1.7683686922393869e-13,1.7683686922552774e-13,1.7683686922234958e-13
325,0.906,20000,20,-1.2857697831972748e-23,1.230655966571958e-13,1.2306559664433814e-13,1.2306559667005352e-13,1.302156102899459e-23,1.2302515334165252e-13,1.2302515334249517e-13,1.2302515334080996e-13
325,0.907,20000,20,-6.800658616992814e-24,8.500575425190337e-14,8.500575424510271e-14,8.500575425870403e-14,6.884296089817954e-24,8.497981387228833e-14,8.497981387273083e-14,8.497981387184581e-14
325,0.908,20000,20,-3.5612518536012815e-24,5.829028235798241e-14,5.829028235442118e-14,5.829028236154367e-14,3.603503013872459e-24,5.827378452948884e-14,5.827378452971898e-14,5.827378452925874e-14
325,0.909,20000,20,-1.8459772914296505e-24,3.9674627100523387e-14,3.96746270986774e-14,3.967462710236937e-14,1.8670975549780037e-24,3.966422499565456e-14,3.966422499577304e-14,3.9664224995536096e-14
325,0.91,20000,20,-9.469497067399581e-25,2.6799635868638465e-14,2.6799635867691513e-14,2.6799635869585417e-14,9.573941311302445e-25,2.6793134863186316e-14,2.6793134863246692e-14,2.6793134863125952e-14
325,0.911,20000,20,-4.806247340493972e-25,1.796273476912784e-14,1.7962734768647215e-14,1.7962734769608465e-14,4.857332221963922e-25,1.7958708310930755e-14,1.7958708310961202e-14,1.795870831090032e-14
325,0.912,20000,20,-2.4130280798375416e-25,1.1944536843433829e-14,1.1944536843192524e-14,1.194453684367513e-14,2.437734950021005e-25,1.1942065886307512e-14,1.1942065886322698e-14,1.1942065886292322e-14
325,0.913,20000,20,-1.1980932293810376e-25,7.878484978045116e-15,7.878484977925307e-15,7.878484978164927e-15,1.2099059976561038e-25,7.876982805208254e-15,7.87698280521575e-15,7.876982805200759e-15
325,0.914,20000,20,-5.881418779607625e-26,5.1536302368483706e-15,5.1536302367895555e-15,5.153630236907185e-15,5.937237722229184e-26,5.1527257592980136e-15,5.152725759301671e-15,5.1527257592943564e-15
325,0.915,20000,20,-2.853805014226453e-26,3.342710695462891e-15,3.3427106954343532e-15,3.342710695491429e-15,2.879866003430092e-26,3.3421714252749565e-15,3.3421714252767203e-15,3.3421714252731926e-15
325,0.916,20000,20,-1.3683608506729278e-26,2.149385258278585e-15,2.149385258264901e-15,2.149385258292269e-15,1.3803795870933904e-26,2.149066948363838e-15,2.1490669483646785e-15,2.1490669483629975e-15
325,0.917,20000,20,-6.48172182634478e-27,1.3698455200697207e-15,1.3698455200632388e-15,1.3698455200762022e-15,6.536456213066485e-27,1.3696595555287081e-15,1.3696595555291043e-15,1.3696595555283121e-15
325,0.918,20000,20,-3.032273686965759e-27,8.651262799383153e-16,8.651262799352829e-16,8.651262799413475e-16,3.0568810787072155e-27,8.650187711578373e-16,8.650187711580217e-16,8.65018771157653e-16
325,0.919,20000,20,-1.400570285614767e-27,5.413066832988892e-16,5.413066832974886e-16,5.413066833002897e-16,1.4114882170200546e-27,5.412451959943016e-16,5.412451959943862e-16,5.412451959942169e-16
325,0.92,20000,20,-6.385064958435159e-28,3.354788381353461e-16,3.354788381347076e-16,3.354788381359846e-16,6.43285585120763e-28,3.3544405692203193e-16,3.354440569220703e-16,3.354440569219934e-16
325,0.921,20000,20,-2.8721686945231605e-28,2.0589363787555377e-16,2.0589363787526655e-16,2.0589363787584103e-16,2.892800403912547e-28,2.0587418393055588e-16,2.05874183930573e-16,2.0587418393053867e-16
325,0.922,20000,20,-1.2743647400537495e-28,1.2510397417805873e-16,1.2510397417793133e-16,1.2510397417818618e-16,1.2831460702929775e-28,1.2509321805072913e-16,1.2509321805073675e-16,1.2509321805072156e-16
325,0.923,20000,20,-5.575272129468208e-29,7.523846393519301e-17,7.523846393513724e-17,7.523846393524877e-17,5.612107441842701e-29,7.523258678838303e-17,7.523258678838633e-17,7.523258678837973e-17
325,0.924,20000,20,-2.404198610617409e-29,4.4774973335322375e-17,4.477497333529833e-17,4.4774973335346417e-17,2.4194210812150356e-29,4.477180076138018e-17,4.4771800761381596e-17,4.4771800761378755e-17
325,0.925,20000,20,-1.0215126723849246e-29,2.6359599255451966e-17,2.6359599255441748e-17,2.6359599255462184e-17,1.027707853495314e-29,2.6357907807020556e-17,2.635790780702115e-17,2.6357907807019955e-17
325,0.926,20000,20,-4.274811345018429e-30,1.5347124479699563e-17,1.5347124479695286e-17,1.5347124479703834e-17,4.299630985354964e-30,1.534623411198704e-17,1.534623411198729e-17,1.534623411198679e-17
325,0.927,20000,20,-1.761220114604386e-30,8.834289917111253e-18,8.834289917109494e-18,8.834289917113015e-18,1.7710043510906967e-30,8.833827323251414e-18,8.833827323251518e-18,8.833827323251312e-18
325,0.928,20000,20,-7.1408550337602195e-31,5.0261920424762466e-18,5.0261920424755324e-18,5.026192042476961e-18,7.17879161412104e-31,5.025954904906679e-18,5.0259549049067195e-18,5.025954904906636e-18
325,0.929,20000,20,-2.8479698517683354e-31,2.825466059586295e-18,2.8254660595860104e-18,2.8254660595865805e-18,2.8624306083343162e-31,2.8253461607923737e-18,2.8253461607923895e-18,2.825346160792357e-18
325,0.93,20000,20,-1.1167853160676733e-31,1.5688433223923054e-18,1.5688433223921939e-18,1.5688433223924169e-18,1.122201816922021e-31,1.568783552778288e-18,1.5687835527782946e-18,1.5687835527782819e-18
325,0.931,20000,20,-4.3037304697462925e-32,8.601142433759695e-19,8.601142433759264e-19,8.601142433760126e-19,4.3236567404582183e-32,8.600848785487757e-19,8.6008487854877795e-19,8.600848785487733e-19
325,0.932,20000,20,-1.6290870850169564e-32,4.654379605640067e-19,4.654379605639905e-19,4.654379605640231e-19,1.636283026783594e-32,4.654237478013272e-19,4.654237478013282e-19,4.654237478013263e-19
325,0.933,20000,20,-6.0539738809673604e-33,2.4850295402093384e-19,2.4850295402092778e-19,2.485029540209398e-19,6.079469680932755e-33,2.484961799711451e-19,2.484961799711454e-19,2.484961799711447e-19
325,0.934,20000,20,-2.2074795422690697e-33,1.3085579781821095e-19,1.3085579781820873e-19,1.3085579781821316e-19,2.216337292079385e-33,1.3085261989462468e-19,1.308526198946248e-19,1.3085261989462454e-19
325,0.935,20000,20,-7.893411791963998e-34,6.793064245092511e-20,6.793064245092432e-20,6.79306424509259e-20,7.923569272361005e-34,6.792917568389543e-20,6.792917568389545e-20,6.792917568389538e-20
325,0.936,20000,20,-2.7662106075989587e-34,3.475050458051022e-20,3.475050458050994e-20,3.47505045805105e-20,2.776266363805e-34,3.4749838863877335e-20,3.4749838863877353e-20,3.474983886387732e-20
325,0.937,20000,20,-9.494811430756042e-35,1.750981454667315e-20,1.7509814546673053e-20,1.7509814546673243e-20,9.527628583721011e-35,1.7509517581080598e-20,1.7509517581080604e-20,1.7509517581080595e-20
325,0.9380000000000001,20000,20,-3.1899451642038264e-35,8.686002260669125e-21,8.686002260669094e-21,8.686002260669157e-21,3.2004202713725046e-35,8.68587213035867e-21,8.685872130358673e-21,8.685872130358668e-21
325,0.9390000000000001,20000,20,-1.0482795392427559e-35,4.239934229157145e-21,4.2399342291571344e-21,4.2399342291571555e-21,1.0515475086033593e-35,4.239878245388633e-21,4.239878245388633e-21,4.239878245388631e-21
325,0.9400000000000001,20000,20,-3.367087782382734e-36,2.035500252822558e-21,2.035500252822555e-21,2.0355002528225615e-21,3.3770449213645685e-36,2.0354766208123943e-21,2.0354766208123943e-21,2.0354766208123943e-21
325,0.9410000000000001,20000,20,-1.0562964104810433e-36,9.605426330060548e-22,9.605426330060537e-22,9.605426330060558e-22,1.0592570602087226e-36,9.605328510747278e-22,9.605328510747278e-22,9.605328510747278e-22
325,0.9420000000000001,20000,20,-3.2338874172707906e-37,4.452909703987908e-22,4.452909703987905e-22,4.452909703987911e-22,3.2424711586363035e-37,4.452870025911616e-22,4.452870025911617e-22,4.452870025911616e-22
325,0.9430000000000001,20000,20,-9.654000740092122e-38,2.026693523972755e-22,2.0266935239727538e-22,2.0266935239727557e-22,9.678245946789885e-38,2.0266777630934122e-22,2.0266777630934126e-22,2.0266777630934122e-22
325,0.9440000000000001,20000,20,-2.8076912427645707e-38,9.050453767324858e-23,9.050453767324856e-23,9.050453767324862e-23,2.81435681313689e-38,9.050392504080987e-23,9.050392504080987e-23,9.050392504080987e-23
325,0.9450000000000001,20000,20,-7.947791187134913e-39,3.962750952391518e-23,3.9627509523915166e-23,3.962750952391519e-23,7.965610538526131e-39,3.962727667294469e-23,3.9627276672944694e-23,3.962727667294469e-23
325,0.9460000000000001,20000,20,-2.1876197861990505e-39,1.700032588613219e-23,1.7000325886132186e-23,1.700032588613219e-23,2.1922472978899847e-39,1.700023941619713e-23,1.700023941619713e-23,1.700023941619713e-23
325,0.9470000000000001,20000,20,-5.848908080926194e-40,7.140428334086674e-24,7.140428334086674e-24,7.140428334086674e-24,5.860569121988944e-40,7.140396987370866e-24,7.140396987370866e-24,7.140396987370866e-24
325,0.9480000000000001,20000,20,-1.5173256616318286e-40,2.9339427197453403e-24,2.9339427197453403e-24,2.9339427197453403e-24,1.5201738434463127e-40,2.93393163646218e-24,2.93393163646218e-24,2.93393163646218e-24
325,0.9490000000000001,20000,20,-3.814868597219921e-41,1.1783463977371437e-24,1.1783463977371437e-24,1.1783463977371438e-24,3.8216032673682293e-41,1.1783425793400676e-24,1.1783425793400676e-24,1.1783425793400678e-24
325,0.9500000000000001,20000,20,-9.284165736041685e-42,4.621683273462881e-25,4.621683273462881e-25,4.621683273462881e-25,9.299562512108059e-42,4.621670468090814e-25,4.621670468090814e-25,4.621670468090814e-25
325,0.9510000000000001,20000,20,-2.184248558268491e-42,1.7685672761026099e-25,1.7685672761026099e-25,1.7685672761026099e-25,2.187647323401629e-42,1.768563100325409e-25,1.768563100325409e-25,1.768563100325409e-25
325,0.9520000000000001,20000,20,-4.960841882807912e-43,6.596295196788542e-26,6.596295196788542e-26,6.596295196788542e-26,4.968075693606288e-43,6.596281970951358e-26,6.596281970951358e-26,6.596281970951358e-26
325,0.9530000000000001,20000,20,-1.0860832770144933e-43,2.3953608945838878e-26,2.3953608945838878e-26,2.3953608945838878e-26,1.0875654712500777e-43,2.3953568308501224e-26,2.3953568308501224e-26,2.3953568308501224e-26
325,0.9540000000000001,20000,20,-2.2884648689493486e-44,8.459398830700184e-27,8.459398830700184e-27,8.459398830700184e-27,2.2913838391555966e-44,8.459386733493572e-27,8.459386733493572e-27,8.459386733493572e-27
325,0.9550000000000001,20000,20,-4.6331119788287376e-45,2.9018729851616586e-27,2.9018729851616586e-27,2.9018729851616586e-27,4.6386275288587346e-45,2.901869500927282e-27,2.901869500927282e-27,2.901869500927282e-27
325,0.9560000000000001,20000,20,-8.996505449022361e-46,9.656611908928663e-28,9.656611908928663e-28,9.656611908928663e-28,9.006486584771261e-46,9.656602213736077e-28,9.656602213736077e-28,9.656602213736077e-28
325,0.9570000000000001,20000,20,-1.672318576039914e-46,3.112984367811799e-28,3.112984367811799e-28,3.112984367811799e-28,1.6740449903694184e-46,3.1129817655390957e-28,3.1129817655390957e-28,3.1129817655390957e-28
325,0.9580000000000001,20000,20,-2.969760384655401e-47,9.70712698955122e-29,9.70712698955122e-29,9.70712698955122e-29,2.9726085514351135e-47,9.707120263365379e-29,9.707120263365379e-29,9.707120263365379e-29
325,0.9590000000000001,20000,20,-5.027244503277145e-48,2.9233131726479946e-29,2.9233131726479946e-29,2.9233131726479946e-29,5.031716032410588e-48,2.923311501463825e-29,2.923311501463825e-29,2.923311501463825e-29
325,0.96,20000,20,-8.093256528662781e-49,8.487678356082675e-30,8.487678356082675e-30,8.487678356082675e-30,8.099920896074183e-49,8.487674372434676e-30,8.487674372434676e-30,8.487674372434676e-30
325,0.961,20000,20,-1.2359536591808025e-49,2.3715546549909716e-30,2.3715546549909716e-30,2.3715546549909716e-30,1.236894108915407e-49,2.3715537458382905e-30,2.3715537458382905e-30,2.3715537458382905e-30
325,0.962,20000,20,-1.7855904501146749e-50,6.364254186330379e-31,6.364254186330379e-31,6.364254186330379e-31,1.7868434725940663e-50,6.364252204257809e-31,6.364252204257809e-31,6.364252204257809e-31
325,0.963,20000,20,-2.433227337507541e-51,1.6368266781539553e-31,1.6368266781539553e-31,1.6368266781539553e-31,2.4347987976665048e-51,1.6368262663610387e-31,1.6368262663610387e-31,1.6368262663610387e-31
325,0.964,20000,20,-3.117596095597028e-52,4.025250492818492e-32,4.025250492818492e-32,4.025250492818492e-32,3.119445086488576e-52,4.0252496796546186e-32,4.0252496796546186e-32,4.0252496796546186e-32
325,0.965,20000,20,-3.742755240708095e-53,9.441204216709617e-33,9.441204216709617e-33,9.441204216709617e-33,3.7447889901272296e-53,9.441202694816076e-33,9.441202694816076e-33,9.441202694816076e-33
325,0.966,20000,20,-4.19435180908152e-54,2.1063012293731593e-33,2.1063012293731593e-33,2.1063012293731593e-33,4.1964348627228733e-54,2.1063009602461803e-33,2.1063009602461803e-33,2.1063009602461803e-33
325,0.967,20000,20,-4.369797428528418e-55,4.456360513862731e-34,4.456360513862731e-34,4.456360513862731e-34,4.371775770622885e-55,4.456360065699132e-34,4.456360065699132e-34,4.456360065699132e-34
325,0.968,20000,20,-4.21344841174825e-56,8.912422165604263e-35,8.912422165604263e-35,8.912422165604263e-35,4.215182565923787e-56,8.91242146539642e-35,8.91242146539642e-35,8.91242146539642e-35
325,0.969,20000,20,-3.741672323049433e-57,1.6788859228102632e-35,1.6788859228102632e-35,1.6788859228102632e-35,3.743068225590552e-57,1.678885820579643e-35,1.678885820579643e-35,1.678885820579643e-35
325,0.97,20000,20,-3.0437421484311743e-58,2.9672829285450672e-36,2.9672829285450672e-36,2.9672829285450672e-36,3.0447682311272942e-58,2.9672827896844195e-36,2.9672827896844195e-36,2.9672827896844195e-36
325,0.971,20000,20,-2.2546986618691584e-59,4.8993523897165295e-37,4.8993523897165295e-37,4.8993523897165295e-37,2.2553832068175114e-59,4.899352215091416e-37,4.899352215091416e-37,4.899352215091416e-37
325,0.972,20000,20,-1.5109878474950668e-60,7.521301512600751e-38,7.521301512600751e-38,7.521301512600751e-38,1.5113995328934122e-60,7.521301310379915e-38,7.521301310379915e-38,7.521301310379915e-38
325,0.973,20000,20,-9.094269503417096e-62,1.0678959677628102e-38,1.0678959677628102e-38,1.0678959677628102e-38,9.096484650619395e-62,1.0678959463268026e-38,1.0678959463268026e-38,1.0678959463268026e-38
325,0.974,20000,20,-4.876340154153907e-63,1.3940997223145632e-39,1.3940997223145632e-39,1.3940997223145632e-39,4.877397635458371e-63,1.3940997016524845e-39,1.3940997016524845e-39,1.3940997016524845e-39
325,0.975,20000,20,-2.3083978815738247e-64,1.6623961858838903e-40,1.6623961858838903e-40,1.6623961858838903e-40,2.3088415991069617e-64,1.662396167908029e-40,1.662396167908029e-40,1.662396167908029e-40
325,0.976,20000,20,-9.550094381524455e-66,1.7974148428129993e-41,1.7974148428129993e-41,1.7974148428129993e-41,9.551713715859357e-66,1.7974148288149011e-41,1.7974148288149011e-41,1.7974148288149011e-41
325,0.977,20000,20,-3.4135907614855805e-67,1.747525060542035e-42,1.747525060542035e-42,1.747525060542035e-42,3.4140987001723444e-67,1.7475250508764695e-42,1.7475250508764695e-42,1.7475250508764695e-42
325,0.978,20000,20,-1.0406026724472675e-68,1.5134431872995162e-43,1.5134431872995162e-43,1.5134431872995162e-43,1.0407377839762493e-68,1.5134431814444132e-43,1.5134431814444132e-43,1.5134431814444132e-43
325,0.979,20000,20,-2.66565460044697e-70,1.1550776242603136e-44,1.1550776242603136e-44,1.1550776242603136e-44,2.665954742015064e-70,1.1550776211862377e-44,1.1550776211862377e-44,1.1550776211862377e-44
325,0.98,20000,20,-5.641611497306264e-72,7.673792169466351e-46,7.673792169466351e-46,7.673792169466351e-46,5.642158619483239e-72,7.673792155671468e-46,7.673792155671468e-46,7.673792155671468e-46
325,0.981,20000,20,-9.673501311663603e-74,4.3751268745043265e-47,4.3751268745043265e-47,4.3751268745043265e-47,9.674303292858855e-74,4.3751268692976103e-47,4.3751268692976103e-47,4.3751268692976103e-47
325,0.982,20000,20,-1.3136109848846113e-75,2.1056160321274524e-48,2.1056160321274524e-48,2.1056160321274524e-48,1.3137033130531972e-75,2.105616030505124e-48,2.105616030505124e-48,2.105616030505124e-48
325,0.983,20000,20,-1.3755567727428814e-77,8.390169055357293e-50,8.390169055357293e-50,8.390169055357293e-50,1.3756379822983569e-77,8.390169051274709e-50,8.390169051274709e-50,8.390169051274709e-50
325,0.984,20000,20,-1.0763122920588208e-79,2.705393526074588e-51,2.705393526074588e-51,2.705393526074588e-51,1.076365113912169e-79,2.705393525266018e-51,2.705393525266018e-51,2.705393525266018e-51
325,0.985,20000,20,-6.060580198284646e-82,6.869074907615973e-53,6.869074907615973e-53,6.869074907615973e-53,6.060824562990424e-82,6.869074906393981e-53,6.869074906393981e-53,6.869074906393981e-53
325,0.986,20000,20,-2.3468772426409553e-84,1.3287908050943198e-54,1.3287908050943198e-54,1.3287908050943198e-54,2.346953954343901e-84,1.3287908049585522e-54,1.3287908049585522e-54,1.3287908049585522e-54
325,0.987,20000,20,-5.912380197200486e-87,1.88105309350067e-56,1.88105309350067e-56,1.88105309350067e-56,5.912534480060552e-87,1.881053093394719e-56,1.881053093394719e-56,1.881053093394719e-56
325,0.988,20000,20,-9.045435003437773e-90,1.8536081546596694e-58,1.8536081546596694e-58,1.8536081546596694e-58,9.045620116912293e-90,1.853608154604789e-58,1.853608154604789e-58,1.853608154604789e-58
325,0.989,20000,20,-7.705010157734184e-93,1.1937583123584568e-60,1.1937583123584568e-60,1.1937583123584568e-60,7.705131261338481e-93,1.1937583123408873e-60,1.1937583123408873e-60,1.1937583123408873e-60
325,0.99,20000,20,-3.26790615152419e-96,4.632961991430584e-63,4.632961991430584e-63,4.632961991430584e-63,3.2679446299843754e-96,4.6329619913988675e-63,4.6329619913988675e-63,4.6329619913988675e-63
325,0.991,20000,20,-5.956916595991633e-100,9.737410277660033e-66,9.737410277660033e-66,9.737410277660033e-66,5.956967580797818e-100,9.737410277631421e-66,9.737410277631421e-66,9.737410277631421e-66
325,0.992,20000,20,-3.823756409230163e-104,9.590182915523692e-69,9.590182915523692e-69,9.590182915523692e-69,3.82377932828915e-104,9.590182915512747e-69,9.590182915512747e-69,9.590182915512747e-69
325,0.993,20000,20,-6.536524372626346e-109,3.6132761501807834e-72,3.6132761501807834e-72,3.6132761501807834e-72,6.53655054383053e-109,3.6132761501793714e-72,3.6132761501793714e-72,3.6132761501793714e-72
325,0.994,20000,20,-1.976498974102364e-114,3.869241702133415e-76,3.869241702133415e-76,3.869241702133415e-76,1.9765039432319038e-114,3.869241702132974e-76,3.869241702132974e-76,3.869241702132974e-76
325,0.995,20000,20,-5.6059856508307e-121,7.429244876577877e-81,7.429244876577877e-81,7.429244876577877e-81,5.605993783636007e-121,7.429244876577681e-81,7.429244876577681e-81,7.429244876577681e-81
325,0.996,20000,20,-5.153368034306607e-129,1.182237577398316e-86,1.182237577398316e-86,1.182237577398316e-86,5.153371851103166e-129,1.182237577398311e-86,1.182237577398311e-86,1.182237577398311e-86
325,0.997,20000,20,-2.0941990675469665e-139,3.6695167198302825e-94,3.6695167198302825e-94,3.6695167198302825e-94,2.094199720016371e-139,3.6695167198302793e-94,3.6695167198302793e-94,3.6695167198302793e-94
325,0.998,20000,20,-4.2956954129843295e-154,8.63187988058257e-105,8.63187988058257e-105,8.63187988058257e-105,4.2956958083996084e-154,8.631879880582573e-105,8.631879880582573e-105,8.631879880582573e-105
325,0.999,20000,20,-2.819005462188963e-179,4.8555156483189214e-123,4.8555156483189214e-123,4.8555156483189214e-123,0.0,4.8555156483189194e-123,4.8555156483189194e-123,4.8555156483189194e-123
325,1.0,20000,20,0.0,0.0,0.0,0.0,0.0,0.0,0.0,0.0
425,0.0,20000,20,0.0,0.0,0.0,0.0,0.0,0.0,0.0,0.0
425,0.001,20000,20,0.0,0.0,0.0,0.0,0.0,0.0,0.0,0.0
425,0.002,20000,20,0.0,0.0,0.0,0.0,0.0,0.0,0.0,0.0
425,0.003,20000,20,0.0,0.0,0.0,0.0,0.0,0.0,0.0,0.0
425,0.004,20000,20,0.0,0.0,0.0,0.0,0.0,0.0,0.0,0.0
425,0.005,20000,20,0.0,0.0,0.0,0.0,0.0,0.0,0.0,0.0
425,0.006,20000,20,0.0,0.0,0.0,0.0,0.0,0.0,0.0,0.0
425,0.007,20000,20,0.0,0.0,0.0,0.0,0.0,0.0,0.0,0.0
425,0.008,20000,20,0.0,0.0,0.0,0.0,0.0,0.0,0.0,0.0
425,0.009000000000000001,20000,20,0.0,0.0,0.0,0.0,0.0,0.0,0.0,0.0
425,0.01,20000,20,0.0,0.0,0.0,0.0,0.0,0.0,0.0,0.0
425,0.011,20000,20,0.0,0.0,0.0,0.0,0.0,0.0,0.0,0.0
425,0.012,20000,20,0.0,0.0,0.0,0.0,0.0,0.0,0.0,0.0
425,0.013000000000000001,20000,20,0.0,0.0,0.0,0.0,0.0,0.0,0.0,0.0
425,0.014,20000,20,0.0,0.0,0.0,0.0,0.0,0.0,0.0,0.0
425,0.015,20000,20,0.0,0.0,0.0,0.0,0.0,0.0,0.0,0.0
425,0.016,20000,20,0.0,0.0,0.0,0.0,0.0,0.0,0.0,0.0
425,0.017,20000,20,0.0,0.0,0.0,0.0,0.0,0.0,0.0,0.0
425,0.018000000000000002,20000,20,0.0,0.0,0.0,0.0,0.0,0.0,0.0,0.0
425,0.019,20000,20,-4.91e-320,-1.097e-321,-5.0197e-320,4.801e-320,0.0,0.0,0.0,0.0
425,0.02,20000,20,-1.880188092e-314,-4.22630695e-316,-1.9224511617e-314,1.8379250227e-314,0.0,0.0,0.0,0.0
425,0.021,20000,20,-3.811543865639273e-309,-8.6319384670995e-311,-3.897863250310273e-309,3.725224480968277e-309,0.0,0.0,0.0,0.0
425,0.022,20000,20,-4.34013140749164e-304,-9.90236185360076e-306,-4.439155026027645e-304,4.2411077889556325e-304,0.0,0.0,0.0,0.0
425,0.023,20000,20,-2.921986913203742e-299,-6.7162022182043285e-301,-2.989148935385785e-299,2.854824891021698e-299,0.0,0.0,0.0,0.0
425,0.024,20000,20,-1.2163350059502711e-294,-2.8163694524660204e-296,-1.2444987004749313e-294,1.188171311425611e-294,0.0,0.0,0.0,0.0
425,0.025,20000,20,-3.2559196524591415e-290,-7.5942100848870265e-292,-3.331861753308011e-290,3.1799775516102714e-290,0.0,0.0,0.0,0.0
425,0.026000000000000002,20000,20,-5.802018979720564e-286,-1.3631461242352483e-287,-5.938333592144088e-286,5.665704367297039e-286,0.0,0.0,0.0,0.0
425,0.027,20000,20,-7.097503348738044e-282,-1.6795977505695992e-283,-7.265463123795005e-282,6.929543573681084e-282,0.0,0.0,0.0,0.0
425,0.028,20000,20,-6.125386972311746e-278,-1.4599968686834085e-279,-6.271386659180087e-278,5.979387285443405e-278,0.0,0.0,0.0,0.0
425,0.029,20000,20,-3.822013808399161e-274,-9.175123039729461e-276,-3.9137650387964546e-274,3.730262578001866e-274,0.0,0.0,0.0,0.0
425,0.03,20000,20,-1.7625023339689696e-270,-4.261214136661697e-272,-1.805114475335587e-270,1.7198901926023535e-270,0.0,0.0,0.0,0.0
425,0.031,20000,20,-6.127090532963145e-267,-1.4918492929376951e-268,-6.276275462256914e-267,5.9779056036693766e-267,0.0,0.0,0.0,0.0
425,0.032,20000,20,-1.6347611463795888e-263,-4.008437912525528e-265,-1.674845525504844e-263,1.5946767672543335e-263,0.0,0.0,0.0,0.0
425,0.033,20000,20,-3.402505419184626e-260,-8.401431550327321e-262,-3.4865197346879e-260,3.3184911036813525e-260,0.0,0.0,0.0,0.0
425,0.034,20000,20,-5.606911265746944e-257,-1.3941046956268353e-258,-5.74632173530963e-257,5.4675007961842625e-257,0.0,0.0,0.0,0.0
425,0.035,20000,20,-7.414893105806477e-254,-1.8564261267503572e-255,-7.600535718481512e-254,7.22925049313144e-254,0.0,0.0,0.0,0.0
425,0.036000000000000004,20000,20,-7.967494258506627e-251,-2.008536094358891e-252,-8.168347867942516e-251,7.766640649070738e-251,0.0,0.0,0.0,0.0
425,0.037,20000,20,-7.035764800428912e-248,-1.7858234884164641e-249,-7.214347149270558e-248,6.857182451587264e-248,0.0,0.0,0.0,0.0
425,0.038,20000,20,-5.159593869986098e-245,-1.318549687006167e-246,-5.291448838686714e-245,5.027738901285481e-245,0.0,0.0,0.0,0.0
425,0.039,20000,20,-3.1726511525887695e-242,-8.162847579955151e-244,-3.254279628388321e-242,3.0910226767892172e-242,0.0,0.0,0.0,0.0
425,0.04,20000,20,-1.6504467505063616e-239,-4.275078296428079e-241,-1.6931975334706424e-239,1.6076959675420807e-239,0.0,0.0,0.0,0.0
425,0.041,20000,20,-7.323794851803204e-237,-1.9097956970076744e-238,-7.514774421503972e-237,7.132815282102437e-237,0.0,0.0,0.0,0.0
425,0.042,20000,20,-2.7935102559534907e-234,-7.3332141571772385e-236,-2.8668423975252633e-234,2.720178114381719e-234,0.0,0.0,0.0,0.0
425,0.043000000000000003,20000,20,-9.224293458503909e-232,-2.4375634016168236e-233,-9.468049798665593e-232,8.980537118342227e-232,0.0,0.0,0.0,0.0
425,0.044,20000,20,-2.6543664752067698e-229,-7.060702836002422e-231,-2.7249735035667935e-229,2.5837594468467454e-229,0.0,0.0,0.0,0.0
425,0.045,20000,20,-6.697547963050023e-227,-1.7932994890758332e-228,-6.876877911957605e-227,6.518218014142441e-227,0.0,0.0,0.0,0.0
425,0.046,20000,20,-1.4904016070463715e-224,-4.016762150792546e-226,-1.530569228554297e-224,1.4502339855384463e-224,0.0,0.0,0.0,0.0
425,0.047,20000,20,-2.940810207083951e-222,-7.977405254340728e-224,-3.0205842596273585e-222,2.861036154540544e-222,0.0,0.0,0.0,0.0
425,0.048,20000,20,-5.171333161747091e-220,-1.4119041998061375e-221,-5.312523581727704e-220,5.0301427417664765e-220,0.0,0.0,0.0,0.0
425,0.049,20000,20,-8.142722891603168e-218,-2.2375192766655443e-219,-8.366474819269722e-218,7.918970963936614e-218,0.0,0.0,0.0,0.0
425,0.05,20000,20,-1.1531965342390438e-215,-3.189197384268769e-217,-1.185088508081731e-215,1.1213045603963557e-215,0.0,0.0,0.0,0.0
425,0.051000000000000004,20000,20,-1.4751068679934349e-213,-4.1055294799440383e-215,-1.5161621627928754e-213,1.434051573193995e-213,0.0,0.0,0.0,0.0
425,0.052000000000000005,20000,20,-1.7109764522541103e-211,-4.7923019476969766e-213,-1.7588994717310803e-211,1.6630534327771404e-211,0.0,0.0,0.0,0.0
425,0.053,20000,20,-1.8062627201286123e-209,-5.091227390224622e-211,-1.8571749940308587e-209,1.755350446226366e-209,0.0,0.0,0.0,0.0
425,0.054,20000,20,-1.741644273722499e-207,-4.940030140831052e-209,-1.79104457513081e-207,1.6922439723141884e-207,0.0,0.0,0.0,0.0
425,0.055,20000,20,-1.5389374811520616e-205,-4.392451394169505e-207,-1.5828619950937564e-205,1.4950129672103665e-205,0.0,0.0,0.0,0.0
425,0.056,20000,20,-1.2500543181443628e-203,-3.5901958359900033e-205,-1.2859562765042628e-203,1.2141523597844627e-203,0.0,0.0,0.0,0.0
425,0.057,20000,20,-9.362119321782254e-202,-2.705541855488356e-203,-9.63267350733109e-202,9.09156513623342e-202,0.0,0.0,0.0,0.0
425,0.058,20000,20,-6.483066252043096e-200,-1.8851203376102435e-201,-6.671578285804119e-200,6.294554218282072e-200,0.0,0.0,0.0,0.0
425,0.059000000000000004,20000,20,-4.162062557124577e-198,-1.2176811894115002e-199,-4.2838306760657276e-198,4.0402944381834276e-198,0.0,0.0,0.0,0.0
425,0.06,20000,20,-2.4834814093185574e-196,-7.31038512942726e-198,-2.55658526061283e-196,2.410377558024285e-196,0.0,0.0,0.0,0.0
425,0.061,20000,20,-1.3806545400945053e-194,-4.0889031915507954e-196,-1.4215435720100134e-194,1.3397655081789975e-194,0.0,0.0,0.0,0.0
425,0.062,20000,20,-7.16766101933477e-193,-2.1356494090054985e-194,-7.381225960235319e-193,6.954096078434219e-193,0.0,0.0,0.0,0.0
425,0.063,20000,20,-3.482465991415744e-191,-1.0438989323412924e-192,-3.586855884649873e-191,3.378076098181614e-191,0.0,0.0,0.0,0.0
425,0.064,20000,20,-1.5867815571766792e-189,-4.7851579433543725e-191,-1.6346331366102232e-189,1.5389299777431355e-189,0.0,0.0,0.0,0.0
425,0.065,20000,20,-6.794070176725229e-188,-2.0611298166044784e-189,-7.000183158385675e-188,6.587957195064782e-188,0.0,0.0,0.0,0.0
425,0.066,20000,20,-2.7387213278688286e-186,-8.358110147296117e-188,-2.8223024293417895e-186,2.6551402263958677e-186,0.0,0.0,0.0,0.0
425,0.067,20000,20,-1.0412518588365959e-184,-3.1966113018726273e-186,-1.0732179718553221e-184,1.0092857458178697e-184,0.0,0.0,0.0,0.0
425,0.068,20000,20,-3.7402803574159906e-183,-1.1550505131940573e-184,-3.855785408735396e-183,3.6247753060965853e-183,0.0,0.0,0.0,0.0
425,0.069,20000,20,-1.271482434729443e-181,-3.949654155735615e-183,-1.310978976286799e-181,1.2319858931720873e-181,0.0,0.0,0.0,0.0
425,0.07,20000,20,-4.096951825603155e-180,-1.2801199454342487e-181,-4.224963820146579e-180,3.96893983105973e-180,0.0,0.0,0.0,0.0
425,0.07100000000000001,20000,20,-1.2531782709162434e-178,-3.938520404817466e-180,-1.2925634749644182e-178,1.213793066868069e-178,0.0,0.0,0.0,0.0
425,0.07200000000000001,20000,20,-3.644147923182959e-177,-1.1519566203835199e-178,-3.759343585221311e-177,3.528952261144607e-177,0.0,0.0,0.0,0.0
425,0.073,20000,20,-1.0088203985150854e-175,-3.2074760656852042e-177,-1.0408951591719377e-175,9.767456378582336e-176,0.0,0.0,0.0,0.0
425,0.074,20000,20,-2.6622286756468764e-174,-8.513223507706836e-176,-2.7473609107239445e-174,2.5770964405698074e-174,0.0,0.0,0.0,0.0
425,0.075,20000,20,-6.705730720945809e-173,-2.1566698816734174e-174,-6.92139770911315e-173,6.490063732778466e-173,0.0,0.0,0.0,0.0
425,0.076,20000,20,-1.6141713455191868e-171,-5.221147527326614e-173,-1.6663828207924528e-171,1.5619598702459208e-171,0.0,0.0,0.0,0.0
425,0.077,20000,20,-3.7176501489805005e-170,-1.2093544414912972e-171,-3.838585593129629e-170,3.59671470483137e-170,0.0,0.0,0.0,0.0
425,0.078,20000,20,-8.201541774105039e-169,-2.6831159021374226e-170,-8.469853364318781e-169,7.933230183891293e-169,0.0,0.0,0.0,0.0
425,0.079,20000,20,-1.7350199903717517e-167,-5.708177297828296e-169,-1.7921017633500355e-167,1.6779382173934693e-167,0.0,0.0,0.0,0.0
425,0.08,20000,20,-3.52331498426236e-166,-1.165691889717819e-167,-3.639884173234142e-166,3.4067457952905783e-166,0.0,0.0,0.0,0.0
425,0.081,20000,20,-6.875043818566317e-165,-2.2873756889764685e-166,-7.103781387463961e-165,6.6463062496686695e-165,0.0,0.0,0.0,0.0
425,0.082,20000,20,-1.2903256181232927e-163,-4.3169952229999417e-165,-1.3334955703532921e-163,1.2471556658932934e-163,0.0,0.0,0.0,0.0
425,0.083,20000,20,-2.331473441999286e-162,-7.843746094135861e-164,-2.409910902940645e-162,2.2530359810579283e-162,4.970239661431059e-163,0.0,4.970239661431059e-163,4.970239661431059e-163
425,0.084,20000,20,-4.059398960815628e-161,-1.3732710976677574e-162,-4.196726070582403e-161,3.922071851048852e-161,8.060374211419959e-162,4.970239661431059e-163,8.227210552808939e-162,7.952383458289694e-162
425,0.085,20000,20,-6.816665192406014e-160,-2.318775881801942e-161,-7.048542780586209e-160,6.584787604225822e-160,1.3528367868629716e-160,1.0027081276657415e-161,1.379749630647966e-160,1.332960456598988e-160
425,0.08600000000000001,20000,20,-1.1049095006152364e-158,-3.779171984756472e-160,-1.142701220462801e-158,1.067117780767672e-158,2.191147051913188e-159,1.625047961452665e-160,2.2349870174457284e-159,2.158680026220928e-159
425,0.08700000000000001,20000,20,-1.7301303945366138e-157,-5.95008108951213e-159,-1.7896312054317354e-157,1.6706295836414933e-157,3.4284137185281866e-158,2.543479537102784e-159,3.4974177502785693e-158,3.377202406786491e-158
425,0.088,20000,20,-2.619202693009744e-156,-9.056873672530508e-158,-2.709771429735048e-156,2.528633956284438e-156,5.186238999839886e-157,3.848858039704426e-158,5.29124419844498e-157,5.1081463294955376e-157
425,0.089,20000,20,-3.83642514621181e-155,-1.3338046447211044e-156,-3.96980561068392e-155,3.703044681739699e-155,7.590644255345521e-156,5.635153112040058e-157,7.745243933354895e-156,7.475430144625212e-156
425,0.09,20000,20,-5.440888893533157e-154,-1.901878982369441e-155,-5.6310767917701034e-154,5.250700995296217e-154,1.0756964089604522e-154,7.988549024027406e-156,1.0977351115947843e-154,1.0592386588369352e-154
425,0.091,20000,20,-7.476633642626863e-153,-2.6275922041903382e-154,-7.739392863045896e-153,7.213874422207831e-153,1.4770438024886724e-153,1.0973017269243082e-154,1.5074842317103948e-153,1.4542659666247905e-153
425,0.092,20000,20,-9.961688847868158e-152,-3.5197764576862714e-153,-1.0313666493636784e-151,9.60971120209953e-152,1.966469067970578e-152,1.46142899543089e-153,2.00723528231952e-152,1.9359037182038654e-152
425,0.093,20000,20,-1.287770080984772e-150,-4.574484644152985e-152,-1.3335149274263018e-150,1.2420252345432425e-150,2.5401467666500264e-151,1.8884728461072094e-152,2.593115887168384e-151,2.500353531357072e-151
425,0.094,20000,20,-1.6162211673965343e-149,-5.7718885797664666e-151,-1.6739400531941988e-149,1.55850228159887e-149,3.185569332010325e-150,2.369211124124984e-151,3.252387807912271e-150,3.1352736263437317e-150
425,0.095,20000,20,-1.9705620464114884e-148,-7.074768315911023e-150,-2.041309729570599e-148,1.8998143632523786e-148,3.880982065566562e-149,2.887530293078876e-150,3.962864660869414e-149,3.819228179881363e-149
425,0.096,20000,20,-2.33543391751491e-147,-8.429200559090558e-149,-2.4197259231058157e-147,2.2511419119240047e-147,4.596040151617927e-148,3.4209001281027507e-149,4.693577105562337e-148,4.52233957796608e-148
425,0.097,20000,20,-2.692070012311042e-146,-9.767730466028889e-148,-2.7897473169713314e-146,2.5943927076507537e-146,5.293790475043162e-147,3.9418352132921386e-148,5.406791537679854e-147,5.208243634121191e-147
425,0.098,20000,20,-3.0198945021414454e-145,-1.1014873076301424e-146,-3.1300432329044606e-145,2.9097457713784324e-145,5.933839480718639e-146,4.4202427929469896e-147,6.061241706187763e-146,5.837210110319187e-146
425,0.099,20000,20,-3.298539758153769e-144,-1.209433051740555e-145,-3.419483063327823e-144,3.177596452979713e-144,6.476327869171263e-145,4.826377220142233e-146,6.616186917049303e-145,6.3700545019722246e-145
425,0.1,20000,20,-3.509998275349095e-143,-1.2936936603147088e-144,-3.639367641380565e-143,3.3806289093176233e-143,6.886151060208941e-144,5.133984898361259e-145,7.035724308613234e-144,6.772288558526897e-144
425,0.101,20000,20,-3.6405845022455235e-142,-1.3488145106684682e-143,-3.775465953312373e-142,3.505703051178676e-142,7.1367872946219015e-143,5.323164819976274e-144,7.292703384566642e-143,7.0178817884099555e-143
425,0.10200000000000001,20000,20,-3.6824049445214964e-141,-1.3713914285703354e-142,-3.819544087378529e-141,3.545265801664463e-141,7.21314450927587e-142,5.382504926743369e-143,7.371640696493955e-142,7.092055276921897e-142
425,0.10300000000000001,20000,20,-3.6341178787388236e-140,-1.3604104167102366e-141,-3.7701589204098466e-140,3.4980768370677997e-140,7.113003208642542e-141,5.310176859256882e-142,7.270201723597442e-141,6.992693026012991e-141
425,0.10400000000000001,20000,20,-3.5008879798872284e-139,-1.317293534770304e-140,-3.632617333364258e-139,3.3691586264101994e-139,6.846877700398252e-140,5.113853430691582e-141,6.999067146714613e-140,6.73019743413325e-140
425,0.105,20000,20,-3.293578187687489e-138,-1.245656098819366e-139,-3.4181437975694244e-138,3.169012577805552e-138,6.436387018101474e-139,4.809513394595336e-140,6.580275480950536e-139,6.325880070806547e-139
425,0.106,20000,20,-3.0273418156451453e-137,-1.1508268236459252e-138,-3.142424498009738e-137,2.9122591332805534e-137,5.911462012294077e-138,4.419373862600062e-139,6.044374548873318e-138,5.809209917473545e-138
425,0.107,20000,20,-2.7198588885329243e-136,-1.0392159313107172e-137,-2.8237804816639954e-136,2.615937295401852e-136,5.306871125862649e-137,3.969308116804604e-138,5.426874154952185e-137,5.214394244575686e-137
425,0.108,20000,20,-2.3894898167336777e-135,-9.176311692067423e-137,-2.4812529336543518e-135,2.2977266998130043e-135,4.65860117232362e-136,3.486148036967986e-137,4.76454783133651e-136,4.576819669942183e-136
425,0.109,20000,20,-2.0535974202892507e-134,-7.926373714924415e-136,-2.1328611574384945e-134,1.9743336831400072e-134,4.000583047048383e-135,2.9952371145142712e-136,4.0920846228443356e-135,3.929834828537462e-135
425,0.11,20000,20,-1.7272265295143164e-133,-6.700351367988504e-135,-1.794230043194202e-133,1.6602230158344316e-133,3.3621289469987346e-134,2.5185090865462374e-135,3.4394661957668056e-134,3.302234419457737e-134
425,0.111,20000,20,-1.422246952906263e-132,-5.545046376587209e-134,-1.4776974166721355e-132,1.3667964891403916e-132,2.766283054864317e-133,2.073245039852793e-134,2.830276515567542e-133,2.716642343885417e-133
425,0.112,20000,20,-1.1469798332867932e-131,-4.494286591279738e-133,-1.1919226991995905e-131,1.1020369673739953e-131,2.2291196365066612e-132,1.6715366135368802e-133,2.2809796449831276e-132,2.1888264572367787e-132
425,0.113,20000,20,-9.062553515290905e-131,-3.568809443718641e-132,-9.41943445966277e-131,8.705672570919042e-131,1.7598822991569964e-131,1.3203780117826545e-132,1.8010577809043038e-131,1.727839762679479e-131
425,0.114,20000,20,-7.0180132598847815e-130,-2.777459943082205e-131,-7.295759254193002e-130,6.740267265576563e-130,1.361764846783391e-130,1.0222393165444044e-131,1.393806042685805e-130,1.3367913732697057e-130
425,0.115,20000,20,-5.328405745359985e-129,-2.1192630570760237e-130,-5.540332051067587e-129,5.116479439652383e-129,1.0330933583123425e-129,7.759424299478451e-131,1.0575385479159393e-129,1.0140107133269662e-129
425,0.116,20000,20,-3.967771732881055e-128,-1.5859204483169833e-129,-4.1263637777127535e-128,3.8091796880493573e-128,7.68675004838452e-129,5.776647126632353e-130,7.86966094933683e-129,7.543744573862137e-129
425,0.117,20000,20,-2.8987139245627365e-127,-1.1643417235633045e-128,-3.0151480969190677e-127,2.782279752206407e-127,5.611186279702009e-128,4.219243646036504e-129,5.745459773352126e-128,5.506047154058632e-128
425,0.11800000000000001,20000,20,-2.078321175410861e-126,-8.389217565328392e-128,-2.162213351064145e-126,1.9944289997575768e-126,4.019894848342901e-127,3.0244412388127e-128,4.116630127252548e-127,3.9440347963734906e-127
425,0.11900000000000001,20000,20,-1.4628655233138401e-125,-5.9339005120988574e-127,-1.5222045284348282e-125,1.4035265181928515e-125,2.827213373002891e-126,2.1283512162173486e-127,2.8956296174364587e-126,2.7734811356108106e-126
425,0.12,20000,20,-1.0111439223895023e-124,-4.1216330575361714e-126,-1.0523602529648641e-124,9.69927591814141e-125,1.9526246131320447e-125,1.4708264896032075e-126,2.0001412555777732e-125,1.9152512442508093e-125
425,0.121,20000,20,-6.865425630066382e-124,-2.812145592133989e-125,-7.146640189279783e-124,6.5842110708529846e-124,1.3247206385301399e-124,9.984554537061417e-126,1.3571376936030254e-124,1.299186317183943e-124
425,0.122,20000,20,-4.580298433063389e-123,-1.8852617205983054e-124,-4.76882460512322e-123,4.391772261003559e-123,8.830821638084842e-124,6.659949802963936e-125,9.04812607989341e-124,8.65940729364589e-124
425,0.123,20000,20,-3.0034106094834046e-122,-1.2422063273004299e-123,-3.127631242213448e-122,2.879189976753362e-122,5.785914339746212e-123,4.366274635455853e-124,5.9290848997185166e-123,5.67281665749353e-123
425,0.124,20000,20,-1.9361994438210469e-121,-8.046813634474728e-123,-2.016667580165794e-121,1.8557313074763004e-121,3.7269775899103446e-122,2.8142897127009914e-123,3.819713678272384e-122,3.653616818872362e-122
425,0.125,20000,20,-1.2274868370847097e-120,-5.126007685267369e-122,-1.2787469139373838e-120,1.1762267602320362e-120,2.3608716912312415e-121,1.7838615938739316e-122,2.419942200341392e-121,2.3140771974251325e-121
425,0.126,20000,20,-7.654716207708693e-120,-3.2119875297484545e-121,-7.975914960683538e-120,7.333517454733849e-120,1.4710686321832216e-120,1.1122495578831256e-121,1.5080798781628742e-120,1.4417083282853379e-120
425,0.127,20000,20,-4.696758782462457e-119,-1.9802462827404767e-120,-4.894783410736506e-119,4.498734154188409e-119,9.018822628840272e-120,6.823441719671036e-121,9.24698771886706e-120,8.837574807950388e-120
425,0.128,20000,20,-2.8361755950800617e-118,-1.2015010782097839e-119,-2.9563257029010405e-118,2.7160254872590847e-118,5.441666264180307e-119,4.1197767873969956e-120,5.580094921692076e-119,5.331552807757033e-119
425,0.129,20000,20,-1.6859314553628724e-117,-7.176208067614031e-119,-1.7576935360390127e-117,1.6141693746867318e-117,3.232104154917889e-118,2.4486070320498327e-119,3.314778433063788e-118,3.1662520436816478e-118
425,0.13,20000,20,-9.867847381283334e-117,-4.220225025879765e-118,-1.028986988387131e-116,9.445824878695357e-117,1.8902269589119613e-117,1.432991087618803e-118,1.9388437419279534e-117,1.8514508165019753e-117
425,0.131,20000,20,-5.688293928784297e-116,-2.4442597818295297e-117,-5.93271990696725e-116,5.443867950601342e-116,1.0887272718445054e-116,8.259395644503914e-118,1.116883523793516e-116,1.0662405274969751e-116
425,0.132,20000,20,-3.23011358390064e-115,-1.3945349441729705e-116,-3.369567078317937e-115,3.0906600894833436e-115,6.177316571190596e-116,4.689564462733106e-117,6.337949797824566e-116,6.048860446288214e-116
425,0.133,20000,20,-1.8072845410369026e-114,-7.839323679741141e-116,-1.8856777778343143e-114,1.7288913042394913e-114,3.4534489299141737e-115,2.623572285743181e-116,3.54374413485803e-115,3.381147609981027e-115
425,0.134,20000,20,-9.965586949173808e-114,-4.342998063877408e-115,-1.0399886755561545e-113,9.531287142786067e-114,1.902712954217953e-114,1.4465201533703e-115,1.952734536476512e-114,1.8626082286491725e-114
425,0.135,20000,20,-5.416757070629765e-113,-2.371674533456186e-114,-5.653924523975384e-113,5.1795896172841474e-113,1.0333634280955269e-113,7.8617531097024835e-115,1.0606787387980019e-113,1.0114356106565269e-113
425,0.136,20000,20,-2.902862242042835e-112,-1.2769252559016735e-113,-3.030554767633003e-112,2.7751697164526683e-112,5.533283715445476e-113,4.212774822819562e-114,5.680346012209565e-113,5.415078574403029e-113
425,0.137,20000,20,-1.53409606445631e-111,-6.779681910185544e-113,-1.601892883558165e-111,1.466299245354454e-111,2.921805486016598e-112,2.2261760439941564e-113,2.9998839977178865e-112,2.858969708137285e-112
425,0.138,20000,20,-7.996579908279204e-111,-3.550366608375779e-112,-8.35161656911678e-111,7.641543247441626e-111,1.5217548883585828e-111,1.1603251945098004e-112,1.562641701171369e-111,1.4888095530950287e-111
425,0.139,20000,20,-4.112124528296317e-110,-1.8341794761066946e-111,-4.2955424759069856e-110,3.9287065806856465e-110,7.818938723104732e-111,5.966416450628777e-112,8.030161732515748e-111,7.64853388344588e-111
425,0.14,20000,20,-2.0865140536609676e-109,-9.349708807239164e-111,-2.1800111417333594e-109,1.9930169655885765e-109,3.964089406080073e-110,3.027219188200013e-111,4.0717578139636423e-110,3.8771225236619344e-110
425,0.14100000000000001,20000,20,-1.0448417182413232e-108,-4.7035208359632974e-110,-1.0918769266009564e-108,9.978065098816902e-109,1.9834107116264671e-109,1.5158341941383296e-110,2.037574064408816e-109,1.9396090070218104e-109
425,0.14200000000000002,20000,20,-5.1645580121740876e-108,-2.335587656361611e-109,-5.398116777810248e-108,4.930999246537926e-108,9.795684306788677e-109,7.49232143156663e-110,1.0064634793703368e-108,9.57792702804661e-109
425,0.14300000000000002,20000,20,-2.5202692208820978e-107,-1.1449725821755122e-108,-2.634766479099649e-107,2.405771962664547e-107,4.7762546558799125e-108,3.6560795541547183e-109,4.908100475022581e-108,4.66937952589403e-108
425,0.14400000000000002,20000,20,-1.2144170540619084e-106,-5.542374843295416e-108,-1.2698408024948627e-106,1.1589933056289537e-106,2.2995706753201842e-107,1.7616735951704934e-108,2.3633916865767457e-107,2.2477767225690815e-107
425,0.145,20000,20,-5.779235180092757e-106,-2.6495558928440028e-107,-6.044190769377155e-106,5.514279590808356e-106,1.0934201827952366e-106,8.383401719529793e-108,1.1239299409117922e-106,1.0686314449276493e-106
425,0.146,20000,20,-2.7166104663099743e-105,-1.2511218521690411e-106,-2.8417226515268783e-105,2.59149828109307e-105,5.135483627135588e-106,3.940697034401947e-107,5.279550638069142e-106,5.018297628833706e-106
425,0.147,20000,20,-1.2615668425792275e-104,-5.836425130522395e-106,-1.3199310938844514e-104,1.2032025912740033e-104,2.3828733191870813e-105,1.8300171868245365e-106,2.450080001949882e-105,2.3281447018418007e-105
425,0.148,20000,20,-5.788806110885411e-104,-2.6902027155630367e-105,-6.057826382441717e-104,5.519785839329108e-104,1.0924859216256714e-104,8.397240629981757e-106,1.1234638580409409e-104,1.0672313093307905e-104
425,0.149,20000,20,-2.6250169393271637e-103,-1.2254129012717713e-104,-2.747558229454341e-103,2.5024756491999874e-103,4.949878748129773e-104,3.807902986214668e-105,5.0909872487787046e-104,4.834713081269107e-104
425,0.15,20000,20,-1.1765400986088888e-102,-5.517043871552053e-104,-1.2317105373244095e-102,1.121369659893368e-102,2.2166862965306896e-103,1.7067509653627976e-104,2.2802167152423725e-103,2.1647789686567327e-103
425,0.151,20000,20,-5.212891387249864e-102,-2.455403236928141e-103,-5.458431710942679e-102,4.967351063557051e-102,9.813200683548219e-103,7.562323611845713e-104,1.009595154669234e-102,9.581928430448044e-103
425,0.152,20000,20,-2.283560039153923e-101,-1.080428791954023e-102,-2.391602918349325e-101,2.175517159958521e-101,4.295150517821247e-102,3.312879837708144e-103,4.419568847925615e-102,4.193274448006899e-102
425,0.153,20000,20,-9.891706666224814e-101,-4.7009938073950835e-102,-1.0361806046964322e-100,9.421607285485307e-101,1.8589622885356622e-101,1.4351082666800653e-102,1.9130983000068935e-101,1.8145873331554192e-101
425,0.154,20000,20,-4.2375715118356337e-100,-2.0228581968465912e-101,-4.4398573315202924e-100,4.035285692150974e-100,7.956997774758452e-101,6.148287905791585e-102,8.18995254722333e-101,7.765844019338913e-101
425,0.155,20000,20,-1.7956043117801723e-99,-8.609625219881307e-101,-1.8817005639789848e-99,1.709508059581359e-99,3.3687992386520363e-100,2.6054038799437968e-101,3.4679511840560715e-100,3.287353615484906e-100
425,0.156,20000,20,-7.526821570279242e-99,-3.6249810369023064e-100,-7.889319673969475e-99,7.164323466589012e-99,1.4109377540871268e-99,1.0922117622381661e-100,1.452685666347476e-99,1.3766094497993496e-99
425,0.157,20000,20,-3.1216084678318686e-98,-1.5100398423879917e-99,-3.272612452070668e-98,2.97060448359307e-98,5.846633299439544e-99,4.53010255422585e-100,6.020545742305187e-99,5.7034820438112735e-99
425,0.158,20000,20,-1.281056826773726e-97,-6.224287149844924e-99,-1.3432996982721752e-97,1.2188139552752772e-97,2.3973225016407806e-98,1.8592421126900666e-99,2.469010470796004e-98,2.3382543218217573e-98
425,0.159,20000,20,-5.202807447778235e-97,-2.5390173064498008e-98,-5.456709178423214e-97,4.948905717133254e-97,9.728052597515977e-98,7.55173669556351e-99,1.0020493351681721e-97,9.486848908428951e-98
425,0.16,20000,20,-2.0914220321111853e-96,-1.0251130136234582e-97,-2.193933333473531e-96,1.988910730748839e-96,3.9071436183707627e-97,3.035958935360431e-98,4.025219368383215e-97,3.8096577902335645e-97
425,0.161,20000,20,-8.32212643519651e-96,-4.096963151227018e-97,-8.73182275031921e-96,7.912430120073807e-96,1.553391753973713e-96,1.2081956226704923e-97,1.6005838099119525e-96,1.514390333872876e-96
425,0.162,20000,20,-3.2784515707990013e-95,-1.6210251897682299e-96,-3.440554089775825e-95,3.1163490518221785e-95,6.114259932511545e-96,4.760187634462302e-97,6.300990581661343e-96,5.9597864442237354e-96
425,0.163,20000,20,-1.278784044711908e-94,-6.350487231185814e-96,-1.3422889170237662e-94,1.21527917240005e-94,2.3828693077774283e-95,1.8569853882375766e-96,2.456025823106684e-95,2.3222913957492603e-95
425,0.164,20000,20,-4.939361332898228e-94,-2.463571262570271e-95,-5.185718459155255e-94,4.6930042066412e-94,9.196046356865961e-95,7.1736749099735875e-96,9.479859378207508e-95,8.960805521767912e-95
425,0.165,20000,20,-1.8894690353045255e-93,-9.464862137277347e-95,-1.984117656677299e-93,1.794820413931752e-93,3.5147701048436836e-94,2.744567645204399e-95,3.6238146126077625e-94,3.4243011643893517e-94
425,0.166,20000,20,-7.1590183903470215e-93,-3.6016698664813716e-94,-7.5191853769951575e-93,6.798851403698886e-93,1.3305673558147158e-93,1.0400508288469111e-94,1.3720643655426323e-93,1.2961066576710912e-93
425,0.167,20000,20,-2.686954580345386e-92,-1.3576331398795463e-93,-2.822717894333342e-92,2.5511912663574316e-92,4.989642200968562e-93,3.904199567708305e-94,5.14607211104181e-93,4.859614789324395e-93
425,0.168,20000,20,-9.990975154026238e-92,-5.069877619484699e-93,-1.049796291597471e-91,9.483987392077771e-92,1.8537113205824526e-92,1.4519572921904516e-93,1.9121311605359865e-92,1.80510646350438e-92
425,0.169,20000,20,-3.680805297919742e-91,-1.87583997093867e-92,-3.86838929501361e-91,3.493221300825876e-91,6.8234130977297e-92,5.3501601393751575e-93,7.039578029243647e-92,6.64339958493148e-92
425,0.17,20000,20,-1.3437271710738493e-90,-6.877383999590649e-92,-1.412501011069756e-90,1.2749533310779431e-90,2.488822743977812e-91,1.953514828070223e-92,2.56808023671182e-91,2.422759914511228e-91
425,0.171,20000,20,-4.861359090957128e-90,-2.4987628633489565e-91,-5.111235377292024e-90,4.611482804622234e-90,8.996302932810161e-91,7.068849047556184e-92,9.284288500507348e-91,8.756043198515361e-91
425,0.17200000000000001,20000,20,-1.7431185445476012e-89,-8.997987818622761e-91,-1.8330984227338284e-89,1.6531386663613727e-89,3.2229698760361184e-90,2.5351697717002543e-91,3.3266798965220892e-90,3.1363692743640973e-90
425,0.17300000000000001,20000,20,-6.195298788096022e-89,-3.211647564720076e-90,-6.516463544568032e-89,5.874134031624016e-89,1.1444952300566583e-89,9.012291656041858e-91,1.1815150106985651e-89,1.1135552177227535e-89
425,0.17400000000000002,20000,20,-2.1827622701954902e-88,-1.1363582245629879e-89,-2.2963980926517887e-88,2.069126447739191e-88,4.0288400900232204e-89,3.1759673246538827e-90,4.159834526889028e-89,3.9192623055626105e-89
425,0.17500000000000002,20000,20,-7.624326137706297e-88,-3.986112683104595e-89,-8.022937406016758e-88,7.225714869395838e-88,1.406035780206367e-88,1.10961270058139e-89,1.4519894055514989e-88,1.3675616269525452e-88
425,0.176,20000,20,-2.640514834055602e-87,-1.386347583207909e-88,-2.779149592376393e-87,2.5018800757348117e-87,4.8652402262329984e-88,3.843817000234831e-89,5.025076712741918e-88,4.731302942276706e-88
425,0.177,20000,20,-9.067935955455916e-87,-4.781052794195082e-88,-9.546041234875426e-87,8.58983067603641e-87,1.6693382572882944e-87,1.3203542168114192e-88,1.7244649431189889e-87,1.6231043711367722e-87
425,0.178,20000,20,-3.0881674374214604e-86,-1.635097728773466e-87,-3.251677210298807e-86,2.924657664544114e-86,5.680105763156834e-87,4.4977422879543314e-88,5.86865186703464e-87,5.521840448493854e-87
425,0.179,20000,20,-1.0430496898494167e-85,-5.5458982388784275e-87,-1.098508672238201e-85,9.875907074606325e-86,1.9168128754563615e-86,1.5195473873854046e-87,1.9807690074780247e-86,1.863082881488446e-86
425,0.18,20000,20,-3.494294155968822e-85,-1.8657208356607082e-86,-3.680866239534893e-85,3.3077220724027506e-85,6.415828917712157e-86,5.091995967775136e-87,6.63100516877666e-86,6.234906600188737e-86
425,0.181,20000,20,-1.161186893798174e-84,-6.225954512426295e-86,-1.223446438922437e-84,1.0989273486739112e-84,2.1301661950972528e-85,1.6925982326904172e-86,2.2019773523369367e-85,2.0697365901997204e-85
425,0.182,20000,20,-3.82798522171574e-84,-2.061042953474955e-85,-4.0340895170632367e-84,3.6218809263682457e-84,7.01615416480122e-85,5.5814754603057615e-86,7.25389963390058e-85,6.815925175358946e-85
425,0.183,20000,20,-1.2519889315192065e-83,-6.769033187429662e-85,-1.3196792633935034e-83,1.1842985996449102e-83,2.2926952217397292e-84,1.826039293749529e-85,2.3707846030596076e-84,2.2268748315786002e-84
425,0.184,20000,20,-4.062832128471703e-83,-2.205773037658719e-84,-4.2834094322375736e-83,3.8422548247058315e-83,7.4334622282061535e-84,5.927522811451623e-85,7.6879501616861805e-84,7.218784817500121e-84
425,0.185,20000,20,-1.3082503799708174e-82,-7.132225596770599e-84,-1.379572635938523e-82,1.2369281240031115e-82,2.3914924490892727e-83,1.9092984864165973e-84,2.47378743356544e-83,2.3220155933671884e-83
425,0.186,20000,20,-4.180433661588956e-82,-2.2885178076330688e-83,-4.4092854423522617e-82,3.951581880825648e-82,7.635101658250567e-83,6.103048004188834e-84,7.899187671658065e-83,7.411972253752375e-83
425,0.187,20000,20,-1.3257284743632532e-81,-7.287571686974196e-83,-1.3986041912329947e-81,1.252852757493511e-81,2.4191504349575043e-82,1.9360939396490862e-83,2.5032546242711564e-82,2.348033887071938e-82
425,0.188,20000,20,-4.172769224131929e-81,-2.303268094309705e-82,-4.403096033562901e-81,3.9424424147009596e-81,7.607586917604188e-82,6.096021802570748e-83,7.873429063426741e-82,7.382621610061035e-82
425,0.189,20000,20,-1.3036586585691708e-80,-7.225576403940945e-82,-1.37591442260858e-80,1.2314028945297613e-80,2.3746531068194574e-81,1.9051986565940964e-82,2.458059099177361e-81,2.3040173304095917e-81
425,0.19,20000,20,-4.043019577258853e-80,-2.2500883615329214e-81,-4.268028413412145e-80,3.8180107411055615e-80,7.357924304544083e-81,5.91071994092177e-82,7.617683300719741e-81,7.137768101944533e-81
425,0.191,20000,20,-1.2447506994115815e-79,-6.955973422940303e-81,-1.3143104336409847e-79,1.1751909651821788e-79,2.263312395734198e-80,1.820451155092178e-81,2.3436235841169576e-80,2.1951936920236586e-80
425,0.192,20000,20,-3.8047414388635533e-79,-2.1349082045093226e-80,-4.0182322593144844e-79,3.59125061841262e-79,6.911930884332789e-80,5.5665725727185995e-81,7.158446990025727e-80,6.702682179152263e-80
425,0.193,20000,20,-1.1546897364393087e-78,-6.505709068565872e-80,-1.2197468271249678e-78,1.0896326457536508e-78,2.0958062128995942e-79,1.6900442719483737e-80,2.1709355430653148e-79,2.031987013919059e-79
425,0.194,20000,20,-3.479633592480645e-78,-1.9684976882539897e-79,-3.676483361306045e-78,3.282783823655247e-78,6.310014793891965e-79,5.094954687863183e-80,6.537367119336008e-79,6.116745524437239e-79
425,0.195,20000,20,-1.0412618649456836e-77,-5.914666219394769e-79,-1.1004085271396313e-77,9.82115202751736e-78,1.8865457264008074e-78,1.5252632566709087e-79,1.9548653028536345e-78,1.8284254875012756e-78
425,0.196,20000,20,-3.094385153803838e-77,-1.764860518582444e-78,-3.2708712056620818e-77,2.9178991019455944e-77,5.601337210950346e-78,4.5346237639346055e-79,5.80521811822436e-78,5.427767124242019e-78
425,0.197,20000,20,-9.132842991158795e-77,-5.230035573004763e-78,-9.655846548459274e-77,8.60983943385832e-77,1.6517061498643736e-77,1.3389333295624758e-78,1.7121320134222576e-77,1.6002266179621236e-77
425,0.198,20000,20,-2.6772174157012587e-76,-1.539365862949853e-77,-2.831154001996244e-76,2.523280829406274e-76,4.837481846345543e-77,3.9266908440091108e-78,5.015356033550193e-77,4.685834301793601e-77
425,0.199,20000,20,-7.79535124713844e-76,-4.500392763131885e-77,-8.245390523451629e-76,7.345311970825252e-76,1.407277605692656e-76,1.1438601083913346e-77,1.459286203444908e-76,1.362905944794004e-76
425,0.2,20000,20,-2.2547067815926634e-75,-1.306948016547828e-76,-2.3854015832474465e-75,2.1240119799378813e-75,4.0666988241820285e-76,3.3099811280082693e-77,4.217754650300682e-76,3.937733340950018e-76
425,0.201,20000,20,-6.478497625972592e-75,-3.770449164227188e-76,-6.85554254239531e-75,6.101452709549872e-75,1.1674372988073753e-75,9.51507131507185e-77,1.2110213383377983e-75,1.1302010121257323e-75
425,0.202,20000,20,-1.8493345684111724e-74,-1.080642090889754e-75,-1.9573987775001475e-74,1.741270359322197e-74,3.329519335714183e-75,2.7174378374305507e-76,3.4544509270648813e-75,3.222709446148659e-75
425,0.203,20000,20,-5.244937487441092e-74,-3.0771694383026673e-75,-5.5526544312713585e-74,4.937220543610827e-74,9.43436414944096e-75,7.710720066203196e-76,9.790158116253071e-75,9.129970533690941e-75
425,0.20400000000000001,20000,20,-1.4780022162938915e-73,-8.706187430127747e-75,-1.5650640905951686e-73,1.3909403419926137e-73,2.6561533355634803e-74,2.1739237721871716e-75,2.7568309059994102e-74,2.5699617372875576e-74
425,0.20500000000000002,20000,20,-4.1385261071032566e-73,-2.4475841033840095e-74,-4.383284517441659e-73,3.893767696764857e-73,7.430687015030687e-74,6.090229542773329e-75,7.71376144833765e-74,7.188179273397722e-74
425,0.20600000000000002,20000,20,-1.1515364240289147e-72,-6.8376331954641e-74,-1.2199127559835557e-72,1.0831600920742739e-72,2.065692329265933e-73,1.6954638006135755e-74,2.1447834791747013e-73,1.997890231173703e-73
425,0.20700000000000002,20000,20,-3.1841694568800394e-72,-1.8982688372348152e-73,-3.37399634060352e-72,2.994342573156558e-72,5.706742711284554e-73,4.690661045835924e-74,5.926346400042753e-73,5.518359277288633e-73
425,0.20800000000000002,20000,20,-8.750360672978721e-72,-5.237429510450715e-73,-9.274103624023795e-72,8.226617721933653e-72,1.5668294108428894e-72,1.2897188325602787e-73,1.6274277436117515e-72,1.5148119480742584e-72
425,0.209,20000,20,-2.3899644509175974e-71,-1.4361892322540907e-72,-2.533583374143007e-71,2.246345527692189e-71,4.275533565041893e-72,3.524487071495804e-73,4.441727614102006e-72,4.1327799985078094e-72
425,0.21,20000,20,-6.48808743954677e-71,-3.9143732825647716e-72,-6.8795247678032455e-71,6.096650111290292e-71,1.1596266038338925e-71,9.573280134278953e-73,1.204929722557385e-71,1.120688013160806e-71
425,0.211,20000,20,-1.7507552058586597e-70,-1.0604584417004584e-71,-1.856801050028705e-70,1.6447093616886143e-70,3.1262879692151813e-71,2.584718823854341e-72,3.2490381986179394e-71,3.0207150055588493e-71
425,0.212,20000,20,-4.696139718729065e-70,-2.855810041670603e-71,-4.981720722896127e-70,4.410558714562006e-70,8.378111198126973e-71,6.937083508533838e-72,8.708725400382793e-71,8.093581342593415e-71
425,0.213,20000,20,-1.2522368514353123e-69,-7.645260647501058e-71,-1.3286894579103227e-69,1.175784244960302e-69,2.2319919850164916e-70,1.8508646860603356e-71,2.320513481283948e-70,2.1557614959121216e-70
425,0.214,20000,20,-3.3195907580997976e-69,-2.0347231872183626e-70,-3.5230630768216333e-69,3.1161184393779604e-69,5.911411879934921e-70,4.9094096115097745e-71,6.147039811570073e-70,5.70837353701697e-70
425,0.215,20000,20,-8.74898344257649e-69,-5.383823928466235e-70,-9.287365835423114e-69,8.21060104972987e-69,1.5565542970070787e-69,1.2946820308894823e-70,1.6189102606206896e-69,1.5027894590865404e-69
425,0.216,20000,20,-2.292596856276149e-68,-1.4163511519288617e-69,-2.4342319714690356e-68,2.1509617410832642e-68,4.0750586592797373e-69,3.3946758326103355e-70,4.239126898084767e-69,3.9335080748926827e-69
425,0.217,20000,20,-5.973331242705068e-68,-3.7048224526605e-69,-6.3438134879711185e-68,5.6028489974390216e-68,1.0607712708072387e-68,8.850271748962214e-70,1.1036940784484197e-68,1.0237168657123897e-68
425,0.218,20000,20,-1.547553834673056e-67,-9.636109209414178e-69,-1.643914926767198e-67,1.4511927425789147e-67,2.745676597335923e-68,2.2943490013532683e-69,2.857334713110823e-68,2.649226120656456e-68
425,0.219,20000,20,-3.98690922182947e-67,-2.4922698631639742e-68,-4.236136208145866e-67,3.7376822355130716e-67,7.06704599763683e-68,5.914637071970635e-69,7.355882593273573e-68,6.817398930183485e-68
425,0.22,20000,20,-1.021431395535275e-66,-6.410152318032991e-68,-1.0855329187156048e-66,9.573298723549455e-67,1.8088735879397082e-67,1.5162937392630464e-68,1.883174608469593e-67,1.7446156145070216e-67
425,0.221,20000,20,-2.6024650265979926e-66,-1.6396160697943885e-67,-2.766426633577432e-66,2.4385034196185544e-66,4.60448276898695e-67,3.8658570314850885e-68,4.7945637124356536e-67,4.4399976305115694e-67
425,0.222,20000,20,-6.594528237936351e-66,-4.1709677839493954e-67,-7.011625016331291e-66,6.177431459541412e-66,1.1656713159951559e-66,9.80247502239295e-68,1.2140332805193006e-66,1.1237971929900118e-66
425,0.223,20000,20,-1.661979650136958e-65,-1.0552913966151699e-66,-1.7675087897984748e-65,1.5564505104754405e-65,2.9350398363408587e-66,2.472140972791897e-67,3.057419958589699e-66,2.8290158179868913e-66
425,0.224,20000,20,-4.166108202977092e-65,-2.655636439534136e-66,-4.431671846930507e-65,3.9005445590236795e-65,7.350455609030094e-66,6.201232350836364e-67,7.658475802355901e-66,7.083448973399493e-66
425,0.225,20000,20,-1.038766006071047e-64,-6.647295700829166e-66,-1.1052389630793388e-64,9.722930490627553e-65,1.83103376925008e-65,1.54728223989296e-66,1.908146902434564e-65,1.7641503262464484e-65
425,0.226,20000,20,-2.576359444388928e-64,-1.6550867785237063e-65,-2.741868122241299e-64,2.410850766536557e-64,4.537111872461274e-65,3.840316873945839e-66,4.729145636826868e-65,4.370458843872777e-65
425,0.227,20000,20,-6.356465058471303e-64,-4.099349118866244e-65,-6.766399970357928e-64,5.946530146584678e-64,1.1183625222288582e-64,9.481772321408261e-66,1.1659339186380908e-64,1.0770554121735883e-64
425,0.228,20000,20,-1.5601417047270924e-63,-1.0100575729842376e-64,-1.661147462025516e-63,1.459135947428669e-63,2.7423595478867532e-64,2.3289256893902107e-65,2.8595931153751407e-64,2.6405069383745993e-64
425,0.229,20000,20,-3.809518074173224e-63,-2.4758989010939195e-64,-4.057107964282615e-63,3.561928184063831e-63,6.68995650640151e-64,5.690937823030336e-65,6.977374733742492e-64,6.44010973556597e-64
425,0.23,20000,20,-9.254475963891093e-63,-6.03800493094399e-64,-9.858276456985493e-63,8.650675470796695e-63,1.623668997389415e-63,1.3835420357293332e-64,1.6937743371128028e-63,1.5626945614539594e-63
425,0.231,20000,20,-2.236801143386091e-62,-1.4650275084509535e-63,-2.383303894231186e-62,2.0902983925409955e-62,3.92071213642658e-63,3.346564131614251e-64,4.090841914751714e-63,3.7726608079306603e-63
425,0.232,20000,20,-5.379159020356672e-62,-3.53677635923718e-63,-5.732836656280392e-62,5.025481384432955e-62,9.419836915129269e-63,8.05419146668377e-64,9.830626820582955e-63,9.062164825986076e-63
425,0.233,20000,20,-1.2871534695582932e-61,-8.495646477961356e-63,-1.3721099343379069e-61,1.20219700477868e-61,2.25190600423372e-62,1.9287602502820107e-63,2.350599126294476e-62,2.1659287553686446e-62
425,0.234,20000,20,-3.0647317691502354e-61,-2.030624209429669e-62,-3.2677941900932026e-61,2.8616693482072683e-61,5.356767931229879e-62,4.5960559909426453e-63,5.592706526836862e-62,5.1511196507380455e-62
425,0.23500000000000001,20000,20,-7.26135755260121e-61,-4.829743159226807e-62,-7.744331868523891e-61,6.77838323667853e-61,1.2679967138657095e-61,1.0898335699849436e-62,1.324123881129861e-61,1.2190496398323542e-61
425,0.23600000000000002,20000,20,-1.712076588032607e-60,-1.1431328215565546e-61,-1.8263898701882628e-60,1.5977633058769516e-60,2.9868468137376988e-61,2.571696285102376e-62,3.119716564920761e-61,2.8709142738307746e-61
425,0.23700000000000002,20000,20,-4.017215710237832e-60,-2.692552309732812e-61,-4.286470941211115e-60,3.747960479264551e-60,7.001706164703316e-61,6.039213739608138e-62,7.314727974113025e-61,6.728445225330344e-61
425,0.23800000000000002,20000,20,-9.380804441843781e-60,-6.311648448083499e-61,-1.0011969286652136e-59,8.749639597035431e-60,1.6334554444821734e-60,1.4114280254247488e-61,1.7068451172313206e-60,1.5693551877824223e-60
425,0.23900000000000002,20000,20,-2.180138760511785e-59,-1.4724780822410956e-60,-2.3273865687358946e-59,2.0328909522876755e-59,3.792620111705466e-60,3.282999841747328e-61,3.963867269234572e-60,3.64297305157953e-60
425,0.24,20000,20,-5.0428176472234615e-59,-3.418993261742438e-60,-5.384716973397704e-59,4.700918321049218e-59,8.764274787513513e-60,7.60033516681631e-61,9.161975015816518e-60,8.416563479508892e-60
425,0.241,20000,20,-1.160975919149716e-58,-7.901450002702811e-60,-1.2399904191767438e-58,1.0819614191226882e-58,2.0158256459732606e-59,1.7512983955239508e-60,2.10775371446175e-59,1.935412429045295e-59
425,0.242,20000,20,-2.6604158408282824e-58,-1.817565500825003e-59,-2.8421723909107832e-58,2.478659290745782e-58,4.614937591696356e-59,4.0166930189483623e-60,4.826440251553074e-59,4.429836216482728e-59
425,0.243,20000,20,-6.068307114060503e-58,-4.16162982934752e-59,-6.484470096995254e-58,5.6521441311257505e-58,1.0516468711751485e-58,9.170089759682097e-60,1.1000835453011613e-58,1.0092356443877278e-58
425,0.244,20000,20,-1.3778198802056337e-57,-9.485104346789788e-59,-1.4726709236735322e-57,1.282968836737736e-57,2.385505524929126e-58,2.083963741611803e-59,2.4959232424920536e-58,2.2887766348094724e-58
425,0.245,20000,20,-3.114147451405658e-57,-2.151994024388603e-58,-3.3293468538445173e-57,2.8989480489667974e-57,5.386569590381682e-58,4.71447502180897e-59,5.637136767657212e-58,5.166960272868544e-58
425,0.246,20000,20,-7.00684487984214e-57,-4.860434542928294e-58,-7.492888334134968e-57,6.520801425549312e-57,1.2108218666844757e-57,1.0617393733764013e-58,1.2674256378976695e-57,1.1611878607795539e-57
425,0.247,20000,20,-1.5694844954755402e-56,-1.0928457000439193e-57,-1.6787690654799327e-56,1.460199925471149e-56,2.709561170142299e-57,2.3804470185307694e-58,2.8368578121007395e-57,2.5978860220512873e-57
425,0.248,20000,20,-3.4999122880123166e-56,-2.446283287317099e-57,-3.7445406167440273e-56,3.255283959280607e-56,6.036466549413235e-57,5.3133638636852815e-58,6.321472128960874e-57,5.786318660262243e-57
425,0.249,20000,20,-7.77028815438495e-56,-5.451713957787973e-57,-8.315459550163746e-56,7.225116758606154e-56,1.3388934026144015e-56,1.1807699334128586e-57,1.4024219424889204e-56,1.283108777566181e-56
425,0.25,20000,20,-1.7175562722626263e-55,-1.2096281108225886e-56,-1.8385190833448852e-55,1.596593461180367e-55,2.9566684312341055e-56,2.6125209243902163e-57,3.0976549436133723e-56,2.8328105454526705e-56
425,0.251,20000,20,-3.780006884448044e-55,-2.6722500221689975e-56,-4.047231886664943e-55,3.512781882231144e-55,6.5007961512712245e-56,5.755286296793011e-57,6.812321474886477e-56,6.22699315325841e-56
425,0.252,20000,20,-8.283152967604244e-55,-5.877903571350506e-56,-8.870943324739293e-55,7.695362610469192e-55,1.423152640622879e-55,1.2624101578352681e-56,1.491690412397563e-55,1.362886707953764e-55
425,0.253,20000,20,-1.807314730672247e-54,-1.2873645533717989e-55,-1.9360511860094268e-54,1.6785782753350673e-54,3.1022084202699966e-55,2.7572362709173358e-56,3.252350012470976e-55,2.9701280442165143e-55
425,0.254,20000,20,-3.926632767892354e-54,-2.8075517273977742e-55,-4.2073879406321316e-54,3.6458775951525775e-54,6.733461686349794e-55,5.996541404119443e-56,7.060968148068249e-55,6.445223933369053e-55
425,0.255,20000,20,-8.495097913312518e-54,-6.096974249321561e-55,-9.104795338244674e-54,7.885400488380367e-54,1.4553483592222383e-54,1.2986564464171526e-55,1.526486055228778e-54,1.3927125288049295e-54
425,0.256,20000,20,-1.8301688030206575e-53,-1.3184826342276212e-54,-1.9620170664434193e-53,1.6983205395978956e-53,3.132346001323204e-54,2.8007050454898475e-55,3.286215971583181e-54,2.9968060509748e-54
425,0.257,20000,20,-3.9264625453888433e-53,-2.839362572631119e-54,-4.210398802651956e-53,3.6425262881257313e-53,6.713663868833552e-54,6.014964207498815e-55,7.045096317521937e-54,6.421586941913258e-54
425,0.258,20000,20,-8.389036059253345e-53,-6.089287090703485e-54,-8.997964768323692e-53,7.780107350182997e-53,1.433010252331197e-53,1.2864830177212963e-54,1.5041047574677256e-53,1.3703307689143172e-53
425,0.259,20000,20,-1.7849889867494662e-52,-1.3005403265826683e-53,-1.9150430194077334e-52,1.6549349540912e-52,3.0461510022815016e-53,2.7402678349790793e-54,3.1980271317571163e-53,2.9121943063770614e-53
425,0.26,20000,20,-3.7825470090389626e-52,-2.766339260461643e-53,-4.059180935085125e-52,3.505913082992799e-52,6.448792801330498e-53,5.813161270557954e-54,6.771915859848136e-53,6.163673389730485e-53
425,0.261,20000,20,-7.983084536490714e-52,-5.860350907695622e-53,-8.569119627260276e-52,7.397049445721153e-52,1.359698355932403e-52,1.228215129303695e-53,1.4281657263163521e-52,1.2992583055354532e-52
425,0.262,20000,20,-1.678057602416936e-51,-1.2364898067335188e-52,-1.8017065830902877e-51,1.554408621743584e-51,2.855328095270212e-52,2.5845884003753233e-53,2.9998217542103896e-52,2.7277222091393456e-52
425,0.263,20000,20,-3.513215102060364e-51,-2.5984731103087295e-52,-3.773062413091237e-51,3.253367791029491e-51,5.972150744447145e-52,5.417204567875984e-53,6.275872152215217e-52,5.703816254443606e-52
425,0.264,20000,20,-7.326156853696758e-51,-5.438993868285205e-52,-7.870056240525279e-51,6.78225746686824e-51,1.2441669428700703e-51,1.1309355521453768e-52,1.3077549750921954e-51,1.1879646430113363e-51
425,0.265,20000,20,-1.5217138592542262e-50,-1.1339745711200883e-51,-1.6351113163662352e-50,1.408316402142218e-50,2.581733600060172e-51,2.351749132467694e-52,2.714338778455119e-51,2.464482955667445e-51
425,0.266,20000,20,-3.148376553523606e-50,-2.354962944814083e-51,-3.3838728480050143e-50,2.912880259042198e-50,5.336305052762447e-51,4.871315349911128e-52,5.611754758968591e-51,5.092652159949173e-51
425,0.267,20000,20,-6.488565245508305e-50,-4.8716079584909104e-51,-6.975726041357397e-50,6.001404449659214e-50,1.0986965660035381e-50,1.0051134415829085e-51,1.1556909878052155e-50,1.0482612697275193e-50
425,0.268,20000,20,-1.332080053325789e-49,-1.0038744897502062e-50,-1.43246750230081e-49,1.2316926043507683e-49,2.2533782330691485e-50,2.0658978018960038e-51,2.3708522840684766e-50,2.1493824797426204e-50
425,0.269,20000,20,-2.7242238760656607e-49,-2.0607084379912525e-50,-2.9302947198647866e-49,2.5181530322665362e-49,4.603846248754181e-50,4.229983807008222e-51,4.8450490274575885e-50,4.390234133394163e-50
425,0.27,20000,20,-5.550053040081239e-49,-4.214002668441996e-50,-5.971453306925437e-49,5.128652773237039e-49,9.37020229437708e-50,8.628111867790329e-51,9.863562959060221e-50,8.933106632959013e-50
425,0.271,20000,20,-1.1264301381103947e-48,-8.584700385284506e-50,-1.2122771419632396e-48,1.0405831342575496e-48,1.8998944948083843e-49,1.7532787374470486e-50,2.000425388583591e-49,1.8107943489364757e-49
425,0.272,20000,20,-2.2775869934531493e-48,-1.7422817430162717e-49,-2.4518151677547768e-48,2.1033588191515218e-48,3.837718891542141e-49,3.549401433052283e-50,4.041797839709094e-49,3.656775603531185e-49
425,0.273,20000,20,-4.587963363792053e-48,-3.5227777136525e-49,-4.940241135157301e-48,4.2356855924268025e-48,7.723082368279125e-49,7.158778510308534e-50,8.135817291946296e-49,7.356999505349208e-49
425,0.274,20000,20,-9.207669277028735e-48,-7.096370591266108e-49,-9.917306336155347e-48,8.498032217902127e-48,1.5484334865980285e-48,1.4385102333929048e-49,1.631596297917446e-48,1.4746431023437024e-48
425,0.275,20000,20,-1.8410887047487772e-47,-1.4242360975826433e-48,-1.9835123145070412e-47,1.698665094990513e-47,3.093066478905595e-48,2.8799680089002414e-49,3.260014972104717e-48,2.944878126876862e-48
425,0.276,20000,20,-3.6677967018784617e-47,-2.8479521432618035e-48,-3.9525919162046424e-47,3.383001487552281e-47,6.155893196618322e-48,5.7447797627604235e-49,6.489812548582185e-48,5.859387772716634e-48
425,0.277,20000,20,-7.280337791547804e-47,-5.674121199018984e-48,-7.847749911449701e-47,6.712925671645905e-47,1.2206979487953661e-47,1.1417744864515379e-48,1.2872431354012736e-47,1.161587299477298e-47
425,0.278,20000,20,-1.4398710950325282e-46,-1.1263927900762398e-47,-1.5525103740401528e-46,1.3272318160249046e-46,2.411852522296673e-47,2.2610939990325864e-48,2.5439874991148227e-47,2.294437557314294e-47
425,0.279,20000,20,-2.837471242010766e-46,-2.2280064587201546e-47,-3.0602718878827824e-46,2.6146705961387512e-46,4.748196046451195e-47,4.461677981467371e-48,5.009625807651859e-47,4.515806912012982e-47
425,0.28,20000,20,-5.571664356444473e-46,-4.391250814208168e-47,-6.010789437865291e-46,5.132539275023657e-46,9.314332739098887e-47,8.772614102263163e-48,9.829725406935821e-47,8.856029716373122e-47
425,0.281,20000,20,-1.0901688938927355e-45,-8.62412474169927e-47,-1.176410141309728e-45,1.0039276464757429e-45,1.8206640178098005e-46,1.718781990003561e-47,1.9219098605856465e-46,1.7306015283309785e-46
425,0.28200000000000003,20000,20,-2.125531860539475e-45,-1.6877435993089802e-46,-2.2943062204703733e-45,1.9567575006085775e-45,3.54627538646294e-46,3.355700449089977e-47,3.744465317896427e-46,3.3699157595431112e-46
425,0.28300000000000003,20000,20,-4.129675897690387e-45,-3.2913352497849553e-46,-4.4588094226688846e-45,3.8005423727118925e-45,6.883181466343517e-46,6.528685542460322e-47,7.269780674792862e-46,6.5390471657485876e-46
425,0.28400000000000003,20000,20,-7.995548330079675e-45,-6.396191173608685e-46,-8.635167447440542e-45,7.355929212718806e-45,1.3313416330692205e-45,1.2657791394946814e-46,1.4064909046021712e-45,1.2644241217873864e-45
425,0.28500000000000003,20000,20,-1.542672661345592e-44,-1.2386932218608655e-45,-1.6665419835316789e-44,1.4188033391595056e-44,2.5661536374121868e-45,2.4456205506780975e-46,2.711727157183e-45,2.436482301220713e-45
425,0.28600000000000003,20000,20,-2.966209146982085e-44,-2.390607851776196e-45,-3.205269932159705e-44,2.727148361804466e-44,4.929216052338052e-45,4.708996975706903e-46,5.210239807250367e-45,4.6788071110639163e-45
425,0.28700000000000003,20000,20,-5.683833147309031e-44,-4.597950800243517e-45,-6.143628227333382e-44,5.22403806728468e-44,9.435919398380156e-45,9.036184275613084e-46,9.9765689795137e-45,8.954008806546678e-45
425,0.28800000000000003,20000,20,-1.085429054572239e-43,-8.813344340932477e-45,-1.1735624979815635e-43,9.97295611162914e-44,1.8001585972326821e-44,1.72809698685078e-45,1.9038182966990234e-44,1.7077307245156533e-44
425,0.289,20000,20,-2.0658131827680605e-43,-1.6836295566170878e-44,-2.234176138429769e-43,1.8974502271063514e-43,3.422680841788358e-44,3.293718281783816e-45,3.620757912217258e-44,3.2460086310731463e-44
425,0.29,20000,20,-3.918491754187443e-43,-3.2054615696075276e-44,-4.239037911148195e-43,3.59794559722669e-43,6.485746057911129e-44,6.256751847502021e-45,6.862968478848278e-44,6.149179326331184e-44
425,0.291,20000,20,-7.407878234536866e-43,-6.082492583900013e-44,-8.01612749292687e-43,6.799628976146864e-43,1.2248984772358613e-43,1.1845797294293187e-44,1.2964977451070361e-43,1.1609955808310944e-43
425,0.292,20000,20,-1.3958037399665746e-42,-1.1503453395198043e-43,-1.5108382739185542e-42,1.2807692060145941e-42,2.305661185620031e-43,2.2353276868518634e-44,2.4411102828155464e-43,2.18473371151586e-43
425,0.293,20000,20,-2.621313900601931e-42,-2.1683984283773134e-43,-2.8381537434396622e-42,2.4044740577641994e-42,4.32568259900731e-43,4.204246654965668e-44,4.581075407424421e-43,4.097599517390179e-43
425,0.294,20000,20,-4.906663634808091e-42,-4.074014748320521e-43,-5.314065109640144e-42,4.4992621599760396e-42,8.088835675431052e-43,7.881588005554168e-44,8.568806349472986e-43,7.660056886425162e-43
425,0.295,20000,20,-9.154496621385682e-42,-7.629343249527532e-43,-9.917430946338436e-42,8.39156229643293e-42,1.5076409406640188e-42,1.4727403801674123e-43,1.5975498263697662e-42,1.4272968327387351e-42
425,0.296,20000,20,-1.702440050898247e-41,-1.4241018322304155e-42,-1.844850234121289e-41,1.5600298676752058e-41,2.800906633229175e-42,2.7430508921547398e-43,2.968779572156628e-42,2.6508471008375642e-42
425,0.297,20000,20,-3.1557786013645667e-41,-2.6496741472203955e-42,-3.420746016086607e-41,2.890811186642527e-41,5.1867618379301834e-42,5.092662948913784e-43,5.499195013288731e-42,4.9073980122731995e-42
425,0.298,20000,20,-5.831048338010572e-41,-4.9141627557810005e-42,-6.32246461358867e-41,5.339632062432474e-41,9.574123467956235e-42,9.424699378907213e-43,1.0153739086356419e-41,9.055703290920814e-42
425,0.299,20000,20,-1.0739898089307552e-40,-9.084902568924884e-42,-1.164838834620004e-40,9.831407832415064e-41,1.7616303091513176e-41,1.7386397381787484e-42,1.8688161784970248e-41,1.6657329155697177e-41
425,0.3,20000,20,-1.971855047327233e-40,-1.6742203742166648e-41,-2.1392770847489e-40,1.8044330099055661e-40,3.231107905637036e-41,3.197268828851274e-42,3.4286944900155323e-41,3.054279170140856e-41
425,0.301,20000,20,-3.6089339914398082e-40,-3.0756324781342096e-41,-3.916497239253229e-40,3.301370743626387e-40,5.907679266249192e-41,5.861165873195899e-42,6.270763756828227e-41,5.582645953278163e-41
425,0.302,20000,20,-6.5844537728307205e-40,-5.63240005660402e-41,-7.1476937784911215e-40,6.021213767170319e-40,1.0767598486104752e-40,1.0711047475467969e-41,1.1432712419753246e-40,1.0172019062289705e-40
425,0.303,20000,20,-1.1975815115190461e-39,-1.0282470722234307e-40,-1.3004062187413893e-39,1.094756804296703e-39,1.956432859944305e-40,1.9513296092628495e-41,2.077891997827273e-40,1.847641107245887e-40
425,0.304,20000,20,-2.171413333291506e-39,-1.8713456457154874e-40,-2.3585478978630552e-39,1.984278768719957e-39,3.5437475075447832e-40,3.543950824171326e-41,3.764862279826798e-40,3.3456384379188354e-40
425,0.305,20000,20,-3.924998526373923e-39,-3.395241049159754e-40,-4.264522631289899e-39,3.585474421457947e-39,6.399113506258633e-40,6.41668360762675e-41,6.800410839105448e-40,6.039469870919815e-40
425,0.306,20000,20,-7.072997252435173e-39,-6.141221182636872e-40,-7.68711937069886e-39,6.458875134171485e-39,1.151976162387423e-39,1.1582622337702316e-40,1.224583948861686e-39,1.0868871779773628e-39
425,0.307,20000,20,-1.270696429364569e-38,-1.1074235728976308e-39,-1.3814387866543322e-38,1.159954072074806e-38,2.0674791768396803e-39,2.0844134421118048e-40,2.1984504075158478e-39,1.9500388937090183e-39
425,0.308,20000,20,-2.2759447591326865e-38,-1.99092538331995e-39,-2.475037297464681e-38,2.0768522208006914e-38,3.6993040582243945e-39,3.739803846376382e-40,3.934837028934284e-39,3.4880483428854604e-39
425,0.309,20000,20,-4.064156220810073e-38,-3.568499335339844e-39,-4.421006154344057e-38,3.707306287276089e-38,6.599139828479051e-39,6.6897361160191e-40,7.021436664523906e-39,6.220271015297953e-39
425,0.31,20000,20,-7.235606596984259e-38,-6.37694717973597e-39,-7.873301314957856e-38,6.597911879010662e-38,1.1736812274534226e-38,1.1930852972206128e-39,1.2491698348394192e-38,1.105938073134878e-38
425,0.311,20000,20,-1.2843470955321405e-37,-1.136170881533698e-38,-1.3979641836855103e-37,1.1707300073787708e-37,2.081208286029358e-38,2.1215018285707126e-39,2.215747704264949e-38,1.9604421365834034e-38
425,0.312,20000,20,-2.273001584785486e-37,-2.0182972319574694e-38,-2.4748313079812323e-37,2.0711718615897394e-37,3.6795139695811564e-38,3.761245918996899e-39,3.9185862520039275e-38,3.464861802086048e-38
425,0.313,20000,20,-4.010826032675634e-37,-3.5747375035623714e-38,-4.3682997830318715e-37,3.653352282319396e-37,6.486072168310397e-38,6.648801566918771e-39,6.90964431429468e-38,6.105670400580258e-38
425,0.314,20000,20,-7.05653473270253e-37,-6.312881061562794e-38,-7.687822838858806e-37,6.425246626546249e-37,1.1399776198652745e-37,1.1718855146262901e-38,1.2148033396558909e-37,1.0727614398066823e-37
425,0.315,20000,20,-1.2378826014569387e-36,-1.111583935035709e-37,-1.3490409949605098e-36,1.1267242079533676e-36,1.9977486648768946e-37,2.0595102216477419e-38,2.1295459756289594e-37,1.8793256877877148e-37
425,0.316,20000,20,-2.1652319504321813e-36,-1.9516180973920273e-37,-2.3603937601713838e-36,1.9700701406929788e-36,3.4907763510566266e-37,3.6089958119279305e-38,3.722249730128675e-37,3.2827416937918997e-37
425,0.317,20000,20,-3.77635656932556e-36,-3.4165830353334327e-37,-4.1180148728589044e-36,3.434698265792217e-36,6.082000640949957e-37,6.306074624594325e-38,6.487360802626907e-37,5.7175995796304644e-37
425,0.318,20000,20,-6.567373249571576e-36,-5.9640362154942526e-37,-7.163776871121002e-36,5.970969628022151e-36,1.0566245542425169e-36,1.098724244478535e-37,1.1274082399925941e-36,9.929780747636348e-37
425,0.319,20000,20,-1.1388512806829419e-35,-1.038116814414673e-36,-1.2426629621244091e-35,1.0350395992414747e-35,1.83042192711485e-36,1.9088934597409044e-37,1.9536710663852154e-36,1.7195742821139684e-36
425,0.32,20000,20,-1.969270359051117e-35,-1.8018402640154437e-36,-2.1494543854526606e-35,1.7890863326495725e-35,3.1618728460020254e-36,3.3070784104263244e-37,3.375865903086162e-36,2.9693677012462255e-36
425,0.321,20000,20,-3.3955726581249657e-35,-3.118579645475167e-36,-3.7074306226724833e-35,3.0837146935774507e-35,5.446363372852894e-36,5.713253422765544e-37,5.816862273768914e-36,5.112991938167505e-36
425,0.322,20000,20,-5.838433538739374e-35,-5.3823780697920336e-36,-6.376671345718578e-35,5.300195731760169e-35,9.355007142674809e-36,9.842490150112523e-37,9.994671187701239e-36,8.779314174571347e-36
425,0.323,20000,20,-1.0010631932439032e-34,-9.263489678126785e-36,-1.0936980900251708e-34,9.084282964626351e-35,1.602371245809731e-35,1.6908895458220012e-36,1.7125000668383025e-35,1.5032341431054158e-35
425,0.324,20000,20,-1.7116486978651137e-34,-1.5898798151021376e-35,-1.8706366793753273e-34,1.5526607163549e-34,2.7369686386110656e-35,2.8968127408282252e-36,2.9260463205278984e-35,2.566725164234508e-35
425,0.325,20000,20,-2.918514443981732e-34,-2.721130372693595e-35,-3.1906274812510907e-34,2.6464014067123723e-34,4.6619782595646903e-35,4.949104887126231e-36,4.985703014877419e-35,4.370437142486477e-35
425,0.326,20000,20,-4.9625986831416985e-34,-4.644466681327301e-35,-5.4270453512744285e-34,4.498152015008969e-34,7.919001696637638e-35,8.43218266604864e-36,8.471732906937833e-35,7.421115238727833e-35
425,0.327,20000,20,-8.415162818951061e-34,-7.905508453525166e-35,-9.20571366430358e-34,7.6246119735985446e-34,1.3414557791865346e-34,1.4327369594612426e-35,1.4355711397569239e-34,1.2566612199089453e-34
425,0.328,20000,20,-1.4230752021519058e-33,-1.3419525609387619e-34,-1.5572704582457824e-33,1.2888799460580292e-33,2.2661774902391943e-34,2.427794764041884e-35,2.4259939219262578e-34,2.122158823848177e-34
425,0.329,20000,20,-2.3999985614978757e-33,-2.271767106181971e-34,-2.6271752721160733e-33,2.172821850879679e-33,3.817938788696586e-34,4.1028194253767304e-35,4.088585427254486e-34,3.5739956543419493e-34
425,0.33,20000,20,-4.036618426161543e-33,-3.835443295494399e-34,-4.420162755710983e-33,3.653074096612105e-33,6.414861214183408e-34,6.914863027390821e-35,6.87195989394669e-34,6.002779574847724e-34
425,0.331,20000,20,-6.771014237803354e-33,-6.458002554215412e-34,-7.416814493224894e-33,6.1252139823818116e-33,1.0749160766622315e-33,1.1623081106932082e-34,1.1519087134075136e-33,1.005492248897702e-33
425,0.332,20000,20,-1.1327256508154062e-32,-1.0844697905917948e-33,-1.241172629874586e-32,1.0242786717562271e-32,1.7963729648390127e-33,1.9485033952388464e-34,1.925710932880119e-33,1.6797268736970723e-33
425,0.333,20000,20,-1.8898891607476283e-32,-1.8162639455978573e-33,-2.0715155553074136e-32,1.7082627661878422e-32,2.994047820941982e-33,3.2578338007502383e-34,3.2107414535536345e-33,2.798580648842082e-33
425,0.334,20000,20,-3.1448075854798356e-32,-3.033809614526181e-33,-3.4481885469324537e-32,2.8414266240272176e-32,4.976990141079133e-33,5.432630078032554e-34,5.339078987603991e-33,4.650308235398832e-33
425,0.335,20000,20,-5.219194323696938e-32,-5.054184468126538e-33,-5.724612770509592e-32,4.713775876884285e-32,8.251371744973668e-33,9.03546128862741e-34,8.854817970990855e-33,7.70683211586205e-33
425,0.336,20000,20,-8.639128710883287e-32,-8.397939654832346e-33,-9.478922676366525e-32,7.799334745400055e-32,1.3644018412610773e-32,1.4988390288293564e-33,1.4647066905509125e-32,1.273871833512097e-32
425,0.337,20000,20,-1.4262606504799112e-31,-1.3917420305219438e-32,-1.5654348535321054e-31,1.2870864474277167e-31,2.2501973059932565e-32,2.4798736388197956e-33,2.4164890358372323e-32,2.100083816605263e-32
425,0.338,20000,20,-2.3485276165724656e-31,-2.3004587664379755e-32,-2.578573493216264e-31,2.1184817399286684e-31,3.7014032410776153e-32,4.09241227940798e-33,3.976376288784024e-32,3.4531377443433896e-32
425,0.339,20000,20,-3.8571412259532615e-31,-3.792671355934357e-32,-4.236408361546698e-31,3.4778740903598255e-31,6.07274411403899e-32,6.73611968412488e-33,6.526252887403748e-32,5.663212124476863e-32
425,0.34,20000,20,-6.318496339345006e-31,-6.236720727242363e-32,-6.9421684120692425e-31,5.694824266620772e-31,9.937601413148945e-32,1.1059259977065649e-32,1.06836423027035e-31,9.26378839708306e-32
425,0.341,20000,20,-1.0323939323742962e-30,-1.0229465405715424e-31,-1.1346885864314502e-30,9.300992783171421e-31,1.6220392368079945e-31,1.8110623947420212e-32,1.74445185097293e-31,1.5114593117512027e-31
425,0.342,20000,20,-1.6825414946767896e-30,-1.673556236244474e-31,-1.849897118301237e-30,1.515185871052342e-30,2.640763171603834e-31,2.958264461865586e-32,2.8411095502859705e-31,2.4597527015533235e-31
425,0.343,20000,20,-2.7351417281549282e-30,-2.731011577581757e-31,-3.0082428859131034e-30,2.4620405703967522e-30,4.288357148126156e-31,4.819943328672124e-32,4.615421893375349e-31,3.992810022997979e-31
425,0.34400000000000003,20000,20,-4.4349897981787236e-30,-4.445367878106642e-31,-4.87952658598939e-30,3.9904530103680604e-30,6.946257212064532e-31,7.83345375958025e-32,7.478841023980557e-31,6.464918824425572e-31
425,0.34500000000000003,20000,20,-7.173137074285059e-30,-7.217683518794072e-31,-7.894905426164465e-30,6.45136872240565e-30,1.1223134572027374e-30,1.2699191361117035e-31,1.2088200509471696e-30,1.0441182735255892e-30
425,0.34600000000000003,20000,20,-1.1572688878756469e-29,-1.1689579922633009e-30,-1.274164687101977e-29,1.0403730886493163e-29,1.808780236257051e-30,2.0535971255143526e-31,1.9489397120193674e-30,1.68206750998303e-30
425,0.34700000000000003,20000,20,-1.8623999330392527e-29,-1.888495028950893e-30,-2.0512494359343417e-29,1.6735504301441635e-29,2.907840896299665e-30,3.3126514449551176e-31,3.1343640778503975e-30,2.703019122348558e-30
425,0.34800000000000003,20000,20,-2.989716238647337e-29,-3.043361500866096e-30,-3.294052388733947e-29,2.6853800885607277e-29,4.663086907114644e-30,5.330432151485219e-31,5.028281771521539e-30,4.332829510980557e-30
425,0.34900000000000003,20000,20,-4.7875148083350714e-29,-4.8923422376674025e-30,-5.276749032101812e-29,4.2982805845683323e-29,7.459319252493702e-30,8.556183748484028e-31,8.046623752907611e-30,6.928123786938706e-30
425,0.35000000000000003,20000,20,-7.647476728275514e-29,-7.845317030338538e-30,-8.432008431309369e-29,6.862945025241662e-29,1.1902890332997163e-29,1.3700410052102058e-30,1.2845069387586768e-29,1.105060241338502e-29
425,0.35100000000000003,20000,20,-1.2185932325466399e-28,-1.2549871834671672e-29,-1.3440919508933566e-28,1.093094514199923e-28,1.8946888991657785e-29,2.188404189225002e-30,2.045467516301118e-29,1.7582766980510626e-29
425,0.352,20000,20,-1.937030986946788e-28,-2.002663143771371e-29,-2.137297301323925e-28,1.7367646725696508e-28,3.008571057238846e-29,3.4871184563490815e-30,3.249277081400605e-29,2.79077013811018e-29
425,0.353,20000,20,-3.0715400454548626e-28,-3.188019691841866e-29,-3.39034201463905e-28,2.752738076270676e-28,4.765671661029614e-29,5.543138015288329e-30,5.149007752120348e-29,4.418766740982915e-29
425,0.354,20000,20,-4.858723183034633e-28,-5.062711376531338e-29,-5.364994320687768e-28,4.3524520453815e-28,7.530676575630877e-29,8.790207036877026e-30,8.139684040909242e-29,6.979475473321892e-29
425,0.355,20000,20,-7.667239015073571e-28,-8.020454719114381e-29,-8.469284486985006e-28,6.865193543162132e-28,1.1871194388000875e-28,1.390597630156757e-29,1.2836400899480812e-28,1.0997492799779886e-28
425,0.356,20000,20,-1.2070108754773092e-27,-1.2675730083763002e-28,-1.3337681763149393e-27,1.0802535746396792e-27,1.8668517979936515e-28,2.194660453501846e-29,2.0194597314031904e-28,1.72869440755401e-28
425,0.357,20000,20,-1.8955843834525135e-27,-1.9985251666284944e-28,-2.095436900115363e-27,1.6957318667896643e-27,2.9287661308086943e-28,3.455422235607797e-29,3.169478106969595e-28,2.7108208136856547e-28
425,0.358,20000,20,-2.9698820224597845e-27,-3.1434991181764897e-28,-3.284231934277432e-27,2.6555321106421345e-27,4.583775580991438e-28,5.427592816130988e-29,4.9625550569341675e-28,4.240780557425507e-28
425,0.359,20000,20,-4.641985132516842e-27,-4.932743579341485e-28,-5.135259490450992e-27,4.148710774582695e-27,7.156985468601879e-28,8.505309438006237e-29,7.751616712937449e-28,6.618468561834411e-28
425,0.36,20000,20,-7.238374668452578e-27,-7.722173665615118e-28,-8.01059203501409e-27,6.466157301891064e-27,1.1148318077385116e-27,1.3297011211557954e-28,1.2079610152040052e-27,1.030481540965389e-27
425,0.361,20000,20,-1.1260440787289741e-26,-1.2060650329623537e-27,-1.2466505820252094e-26,1.0054375754327388e-26,1.7324680877663575e-27,2.0739739564169766e-28,1.8779822601431898e-27,1.6006565341393596e-27
425,0.362,20000,20,-1.747635879558772e-26,-1.8792575136105117e-27,-1.9355616309198234e-26,1.5597101281977216e-26,2.6859753360353758e-27,3.2273209606605734e-28,2.9128103810098683e-27,2.4804787254730127e-27
425,0.363,20000,20,-2.7060256711691273e-26,-2.9213964725722755e-27,-2.9981653184263556e-26,2.4138860239119e-26,4.154548646912941e-27,5.010427976728562e-28,4.507329258578918e-27,3.834921074036648e-27
425,0.364,20000,20,-4.180251394125089e-26,-4.530931862956384e-27,-4.633344580420726e-26,3.727158207829449e-26,6.411134001971228e-27,7.760781593775918e-28,6.958519328053498e-27,5.9151400458902836e-27
425,0.365,20000,20,-6.442679182756709e-26,-7.011025344814468e-27,-7.143781717238157e-26,5.741576648275265e-26,9.870499335329537e-27,1.199328627231337e-27,1.071788209669896e-26,9.102598306579e-27
425,0.366,20000,20,-9.906683276430184e-26,-1.0823721990755126e-26,-1.0989055475505694e-25,8.824311077354671e-26,1.5161448757707995e-26,1.849171228599601e-27,1.647023354195185e-26,1.397531153155937e-26
425,0.367,20000,20,-1.5198185066814022e-25,-1.6671584514842703e-26,-1.6865343518298295e-25,1.3531026615329754e-25,2.3235049259610924e-26,2.844633320635887e-27,2.5251850300159317e-26,2.140707738270639e-26
425,0.368,20000,20,-2.326273790380255e-25,-2.562042440269099e-26,-2.582478034407165e-25,2.0700695463533453e-25,3.552644705136936e-26,4.366060063348375e-27,3.8627206761748516e-26,3.2715756737788636e-26
425,0.369,20000,20,-3.5525443530372185e-25,-3.9283389065357535e-26,-3.9453782436907937e-25,3.1597104623836434e-25,5.419624136268999e-26,6.68607645619738e-27,5.895274020576197e-26,4.988433436134103e-26
425,0.37,20000,20,-5.412920728876474e-25,-6.009643682047563e-26,-6.01388509708123e-25,4.811956360671718e-25,8.248968846095884e-26,1.0215864501245441e-26,8.976957916384521e-26,7.588970837033061e-26
425,0.371,20000,20,-8.228888157783001e-25,-9.172961381781313e-26,-9.146184295961132e-25,7.311592019604869e-25,1.252700107678345e-25,1.5574171696643452e-26,1.3638692919483142e-25,1.151905655356543e-25
425,0.372,20000,20,-1.248164444214355e-24,-1.3969966330920124e-25,-1.3878641075235564e-24,1.1084647809051537e-24,1.898083603183332e-25,2.3689980306155935e-26,2.067466655104578e-25,1.7444963149169291e-25
425,0.373,20000,20,-1.888980139246197e-24,-2.122804278818885e-25,-2.1012605671280857e-24,1.676699711364309e-24,2.8695124255371126e-25,3.5954907006130375e-26,3.127017211393405e-25,2.636004087219342e-25
425,0.374,20000,20,-2.8524080986440803e-24,-3.2185270423354576e-25,-3.174260802877626e-24,2.5305553944105355e-24,4.328417781817357e-25,5.444890541536141e-26,4.719019616128579e-25,3.9741906736699536e-25
425,0.375,20000,20,-4.297623091470794e-24,-4.8690110573156585e-25,-4.784524197202356e-24,3.810721985739227e-24,6.514517136764872e-25,8.227377024533265e-26,7.105698375637713e-25,5.978353644519718e-25
425,0.376,20000,20,-6.460722047520834e-24,-7.3496133338643925e-25,-7.195683380907271e-24,5.725760714134395e-24,9.782975217746034e-25,1.2404481639040573e-25,1.0675762783808567e-24,8.973222414527566e-25
425,0.377,20000,20,-9.691109445039626e-24,-1.106960339022194e-24,-1.0798069784061819e-23,8.584149106017433e-24,1.4658818683303756e-24,1.8661411687812249e-25,1.6004122723555785e-24,1.3438562123715336e-24
425,0.378,20000,20,-1.4504716718250709e-23,-1.663593222792631e-24,-1.6168309941043338e-23,1.284112349545808e-23,2.191643376969943e-24,2.801319610638832e-25,2.3939179283045232e-24,2.0081598958732376e-24
425,0.379,20000,20,-2.1661667519075823e-23,-2.4946715508119954e-24,-2.4156339069887818e-23,1.9166995968263834e-23,3.2695445471611293e-24,4.196012089009207e-25,3.573013427291928e-24,2.994252576045643e-24
425,0.38,20000,20,-3.2279361524502937e-23,-3.7327969069194574e-24,-3.6012158431422374e-23,2.854656461758347e-23,4.866924570744647e-24,6.271483358585599e-25,5.321224623602666e-24,4.454784857896165e-24
425,0.381,20000,20,-4.799675792706101e-23,-5.573316100235086e-24,-5.357007402729609e-23,4.242344182682591e-23,7.228953817639984e-24,9.353342345718637e-25,7.90758011178378e-24,6.613276315986596e-24
425,0.382,20000,20,-7.12125033544567e-23,-8.303378871265764e-24,-7.951588222572245e-23,6.290912448319093e-23,1.0714038993159093e-23,1.3919700921636315e-24,1.1725575066885714e-23,9.796290824574941e-24
425,0.383,20000,20,-1.0542932349319035e-22,-1.2344156087730244e-23,-1.1777347958092056e-22,9.308516740546009e-23,1.5844967695501785e-23,2.0671070418603696e-24,1.7349489056406564e-23,1.4479885879026682e-23
425,0.384,20000,20,-1.5575098560865983e-22,-1.8312042973945847e-23,-1.7406302858260575e-22,1.3743894263471404e-22,2.338262413926263e-23,3.0631584003146907e-24,2.5615605468035824e-23,2.135651794073241e-23
425,0.385,20000,20,-2.2959782612113236e-22,-2.710718868060374e-23,-2.5670501480173617e-22,2.024906374405287e-22,3.443200029819933e-23,4.529526198800593e-24,3.773908260421784e-23,3.143119705696337e-23
425,0.386,20000,20,-3.3773468085597117e-22,-4.00412709348514e-23,-3.777759517908224e-22,2.976934099211197e-22,5.05943124325662e-23,6.683690035225871e-24,5.548175300101943e-23,4.615936968759507e-23
425,0.387,20000,20,-4.957443447296783e-22,-5.902150811622366e-23,-5.547658528459019e-22,4.367228366134549e-22,7.418479090942785e-23,9.841546977934854e-24,8.139251099042647e-23,6.764419896090245e-23
425,0.388,20000,20,-7.261350008786144e-22,-8.681508037434497e-23,-8.129500812529591e-22,6.393199205042692e-22,1.085438072615809e-22,1.4460965558510674e-23,1.1915093021542138e-22,9.89182039275233e-23
425,0.389,20000,20,-1.0613477546045269e-21,-1.2742826736107076e-22,-1.1887760219655977e-21,9.339194872434565e-22,1.5848035999694041e-22,2.120417319952759e-23,1.7405736152157113e-22,1.4434444163811736e-22
425,0.39,20000,20,-1.5480392936582718e-21,-1.866488883138535e-22,-1.734688181972125e-21,1.3613904053444184e-21,2.309028374000767e-22,3.10269273485494e-23,2.537304218884966e-22,2.1018671244510763e-22
425,0.391,20000,20,-2.2531669486437487e-21,-2.7282069829201655e-22,-2.525987646935764e-21,1.980346250351732e-21,3.357141750107039e-22,4.5305693580735136e-23,3.690974646312646e-22,3.0541821810538776e-22
425,0.392,20000,20,-3.2726158351371112e-21,-3.979465371074566e-22,-3.670562372244567e-21,2.8746692980296548e-21,4.8707945618879e-22,6.601863949706352e-23,5.357980319708724e-22,4.428658755656859e-22
425,0.393,20000,20,-4.743403420652754e-21,-5.792564058164866e-22,-5.3226598264692415e-21,4.164147014836268e-21,7.052170027228219e-22,9.600266348849705e-23,7.761681621199689e-22,6.408260674814984e-22
425,0.394,20000,20,-6.860907478259652e-21,-8.414316225405873e-22,-7.702339100800235e-21,6.0194758557190626e-21,1.0189236420745144e-21,1.3931761855742578e-22,1.1220398694083195e-21,9.253410754397376e-22
425,0.395,20000,20,-9.903132377745338e-21,-1.219752793295401e-21,-1.112288517104074e-20,8.683379584449936e-21,1.469127372354897e-21,2.017613350217249e-22,1.6186821381871454e-21,1.333399370233164e-21
425,0.396,20000,20,-1.4264815334852694e-20,-1.7645457799558416e-21,-1.6029361114808534e-20,1.250026955489685e-20,2.1138746073659412e-21,2.915963258677521e-22,2.330336927834088e-21,1.9174249264638643e-21
425,0.397,20000,20,-2.0505259429145854e-20,-2.547447473603207e-21,-2.3052706902749054e-20,1.795781195554265e-20,3.035316184745579e-21,4.2057300154265706e-22,3.3479789981654108e-21,2.7515611223182803e-21
425,0.398,20000,20,-2.941527384078811e-20,-3.6702174660728426e-21,-3.3085491306860946e-20,2.5745056374715268e-20,4.3494721297012664e-21,6.05367323364231e-22,4.8001695286544945e-21,3.940447601817256e-21
425,0.399,20000,20,-4.2110652985924294e-20,-5.2771037781976436e-21,-4.7387756764121933e-20,3.683354920772665e-20,6.219851148839022e-21,8.695964898953314e-22,6.868204516786524e-21,5.631452694775833e-21
425,0.4,20000,20,-6.016243691757259e-20,-7.572159408871162e-21,-6.773459632644375e-20,5.2590277508701445e-20,8.876405859122024e-21,1.2466391082596614e-21,9.807212262267918e-21,8.031685235803142e-21
425,0.401,20000,20,-8.577803810991792e-20,-1.0843440681437068e-20,-9.662147879135497e-20,7.493459742848087e-20,1.2641857774900618e-20,1.783572635976863e-21,1.3975473687571614e-20,1.1431602420712278e-20
425,0.402,20000,20,-1.2205256183904574e-19,-1.5496751132117606e-20,-1.3754931297116334e-19,1.0655581070692822e-19,1.796817946805951e-20,2.546659197299863e-21,1.987508380852801e-20,1.6237701085164806e-20
425,0.403,20000,20,-1.7331678250309887e-19,-2.2102597611013527e-20,-1.9541938011411237e-19,1.5121418489208538e-19,2.5487045398225012e-20,3.628972677455938e-21,2.820822161165105e-20,2.3017690699933205e-20
425,0.404,20000,20,-2.456179284667914e-19,-3.146139495614236e-20,-2.7707932342293377e-19,2.1415653351064905e-19,3.607945184333454e-20,5.160980776000424e-21,3.9954855155402387e-20,3.256278067491015e-20
425,0.405,20000,20,-3.4738255921300835e-19,-4.469382210338539e-20,-3.920763813163939e-19,3.026887371096229e-19,5.097158594766167e-20,7.325196300605432e-21,5.647982095952127e-20,4.597338332236327e-20
425,0.406,20000,20,-4.90328573244727e-19,-6.336577048186034e-20,-5.536943437265873e-19,4.269628027628667e-19,7.186656182978435e-20,1.0376420376888972e-20,7.968007122764478e-20,6.477678494107067e-20
425,0.40700000000000003,20000,20,-6.907173381756158e-19,-8.966076909172863e-20,-7.803781072673441e-19,6.010565690838872e-19,1.0112506095073784e-19,1.4669653890960185e-20,1.121867314741619e-19,9.108836740378166e-20
425,0.40800000000000003,20000,20,-9.710691783734345e-19,-1.2661743274812967e-19,-1.0976866111215644e-18,8.444517456253051e-19,1.4201251039185962e-19,2.0698502403205552e-20,1.5764178977945191e-19,1.2783203172209302e-19
425,0.40900000000000003,20000,20,-1.3625087644656105e-18,-1.7845577813203658e-19,-1.540964542597647e-18,1.184052986333574e-18,1.9903659795506734e-19,2.914791066549822e-20,2.2107619116083623e-19,1.790409275702048e-19
425,0.41000000000000003,20000,20,-1.9079649920354426e-18,-2.510247422747333e-19,-2.1589897343101758e-18,1.6569402497607096e-18,2.784071742586002e-19,4.0966424433202133e-20,3.094254233412967e-19,2.5026688276529717e-19
425,0.41100000000000003,20000,20,-2.6665275554657775e-18,-3.524146579965502e-19,-3.0189422134623286e-18,2.3141128974692276e-18,3.886616106731687e-19,5.746500717785308e-20,4.3223112761411e-19,3.4913665181911226e-19
425,0.41200000000000003,20000,20,-3.719365991081486e-18,-4.937937686294462e-19,-4.213159759710933e-18,3.2255722224520405e-18,5.415133637433373e-19,8.045189339044285e-20,6.0259386913388565e-19,4.8610604749140415e-19
425,0.41300000000000003,20000,20,-5.177754853538262e-18,-6.905483930899208e-19,-5.868303246628184e-18,4.4872064604483425e-18,7.530010163489134e-19,1.1241624424346645e-19,8.384642920532353e-19,6.754802115060618e-19
425,0.41400000000000003,20000,20,-7.193931871861551e-18,-9.638337876661537e-19,-8.157765659527707e-18,6.230098084195396e-18,1.0450409602333743e-18,1.567777567270781e-19,1.1643892179878532e-18,9.367910632437577e-19
425,0.41500000000000004,20000,20,-9.975758750341773e-18,-1.34267933760823e-18,-1.131843808795e-17,8.633079412733542e-18,1.4475211599314368e-18,2.1822522072402276e-19,1.6138681101773516e-18,1.296653089215147e-18
425,0.41600000000000004,20000,20,-1.3806475444385215e-17,-1.866840397697458e-18,-1.5673315842082668e-17,1.1939635046687758e-17,2.00111870737569e-18,3.031747878970321e-19,2.2325267045275297e-18,1.7912583788002703e-18
425,0.417,20000,20,-1.9071262600624803e-17,-2.590653748906804e-18,-2.1661916349531607e-17,1.6480608851718e-17,2.7610835343375967e-18,4.2038902447076743e-19,3.082382384047005e-18,2.469724128215144e-18
425,0.418,20000,20,-2.6292885016764126e-17,-3.588239297441855e-18,-2.988112431420597e-17,2.2704645719322265e-17,3.8023090968902595e-18,5.818114673386447e-19,4.2475650823165475e-18,3.3985745504737045e-18
425,0.419,20000,20,-3.6179422398763036e-17,-4.960503899014312e-18,-4.1139926297777345e-17,3.121891849974872e-17,5.22611377315266e-18,8.0368943243162e-19,5.8419746664873526e-18,4.667729184903125e-18
425,0.42,20000,20,-4.968805529108938e-17,-6.844552616472352e-18,-5.653260790756169e-17,4.2843502674617006e-17,7.169291465155081e-18,1.1080815921785804e-18,8.019509295546055e-18,6.398487361337173e-18
425,0.421,20000,20,-6.811013206050057e-17,-9.426309442526534e-18,-7.75364415030271e-17,5.868382261797403e-17,9.816165918805964e-18,1.5248781046573081e-18,1.0987700032270353e-17,8.754152223946536e-18
425,0.422,20000,20,-9.318438499284778e-17,-1.2957407960461679e-17,-1.0614179295330944e-16,8.022697703238612e-17,1.341461270951431e-17,2.0945021182256714e-18,1.502584896693319e-17,1.1954137750667868e-17
425,0.423,20000,20,-1.2724730254857671e-16,-1.7777751212983932e-17,-1.4502505376156065e-16,1.0946955133559283e-16,1.8297311233978885e-17,2.871515233443339e-18,2.050910919365984e-17,1.6292662039719347e-17
425,0.424,20000,20,-1.734324448245416e-16,-2.434558324152118e-17,-1.9777802806606266e-16,1.4908686158302036e-16,2.490987627490727e-17,3.929419769213191e-18,2.7940388082329326e-17,2.216346690652374e-17
425,0.425,20000,20,-2.3593409448630987e-16,-3.3277493278311416e-17,-2.692115877646213e-16,2.0265660120799845e-16,3.384802010613925e-17,5.367042325207786e-18,3.799252966780616e-17,3.009243935431665e-17
425,0.426,20000,20,-3.2035530059979703e-16,-4.540152713670431e-17,-3.657568277365013e-16,2.7495377346309264e-16,4.59065439177966e-17,7.317002408558127e-18,5.1563974902379276e-17,4.0780572454462476e-17
425,0.427,20000,20,-4.3416639632413125e-16,-6.182755982561552e-17,-4.959939561497467e-16,3.723388364985157e-16,6.214379247542996e-17,9.956924799251011e-18,6.985205734576714e-17,5.5160426701922367e-17
425,0.428,20000,20,-5.873078318310427e-16,-8.404035383470059e-17,-6.713481856657431e-16,5.032674779963422e-16,8.396628017998956e-17,1.3524255080831676e-17,9.444932664228872e-17,7.447018237073185e-17
425,0.429,20000,20,-7.929811400178322e-16,-1.1402237181316217e-16,-9.070035118309942e-16,6.7895876820467e-16,1.1323957548703305e-16,1.8335797374808694e-17,1.2746987879759595e-16,1.0035056473699176e-16
425,0.43,20000,20,-1.0686846491572863e-15,-1.5441553599101218e-16,-1.2231001851482982e-15,9.142691131662744e-16,1.5243329640564257e-16,2.4813428330696712e-17,1.7171470664146609e-16,1.3497144764823965e-16
425,0.431,20000,20,-1.4375669349354039e-15,-2.0873386357917544e-16,-1.6463007985145795e-15,1.228833071356229e-15,2.0481032614489524e-16,3.3517872817063494e-17,2.3088768657124715e-16,1.8119688512029117e-16
425,0.432,20000,20,-1.930191920901809e-15,-2.816424271363174e-16,-2.2118343480381273e-15,1.6485494937654913e-15,2.746732348401058e-16,4.519298107573302e-17,3.0987714019519154e-16,2.4279979599770814e-16
425,0.433,20000,20,-2.58683619002869e-15,-3.793226058130276e-16,-2.966158795841718e-15,2.207513584215663e-15,3.676845532047017e-16,6.082365784837669e-17,4.1512214161218526e-16,3.2474067127803336e-16
425,0.434,20000,20,-3.460472959795645e-15,-5.099493776629585e-16,-3.970422337458605e-15,2.9505235821326876e-15,4.912821897439903e-16,8.171150336324773e-17,5.5508811996413765e-16,4.3352865944219193e-16
425,0.435,20000,20,-4.620640168599444e-15,-6.843137946839525e-16,-5.304953963283396e-15,3.936326373915493e-15,6.552171673175052e-16,1.0957338710626974e-16,7.408831283019587e-16,5.776884257249191e-16
425,0.436,20000,20,-6.158444548716776e-15,-9.166332074004638e-16,-7.07507775611724e-15,5.241811341316314e-15,8.722482908883724e-16,1.4666965447184886e-16,9.870547815419999e-16,7.683625415363711e-16
425,0.437,20000,20,-8.193022308099897e-15,-1.22560379857754e-15,-9.418626106677437e-15,6.967418509522358e-15,1.1590377346359316e-15,1.9597054683603592e-16,1.3126187647330793e-15,1.0200871676209936e-15
425,0.438,20000,20,-1.0879863685535823e-14,-1.635765213063369e-15,-1.2515628898599192e-14,9.244098472472455e-15,1.5373033331612914e-15,2.61371801063402e-16,1.7423835428977962e-15,1.351788852786858e-15
425,0.439,20000,20,-1.4421517597552267e-14,-2.179266364012178e-15,-1.660078396156445e-14,1.2242251233540094e-14,2.035298169827841e-15,3.479734140959564e-16,2.3086531628177835e-15,1.7880628758116298e-15
425,0.44,20000,20,-1.9081329302670833e-14,-2.8981458883449595e-15,-2.1979475191015794e-14,1.6183183414325876e-14,2.689706602676212e-15,4.624393724730508e-16,3.0534116843644666e-15,2.3608093207993554e-15
425,0.441,20000,20,-2.5201035157429783e-14,-3.847271498231073e-15,-2.9048306655660854e-14,2.1353763659198712e-14,3.548069046814493e-15,6.134609541236021e-16,4.0311198697709944e-15,3.1113227415252473e-15
425,0.442,20000,20,-3.3223252329113796e-14,-5.0981212171080334e-15,-3.832137354622184e-14,2.8125131112005774e-14,4.671876732896649e-15,8.123522562017798e-16,5.312288587124625e-15,4.0929557483779175e-15
425,0.443,20000,20,-4.372016779032847e-14,-6.743638156965332e-15,-5.046380594729381e-14,3.697652963336313e-14,6.140513615672439e-15,1.0738141910121015e-15,6.9880355306092884e-15,5.374507250446066e-15
425,0.444,20000,20,-5.743006228340103e-14,-8.904451500815094e-15,-6.633451378421615e-14,4.8525610782585944e-14,8.056267235043788e-15,1.4169126948253987e-15,9.175884252903451e-15,7.044523750525189e-15
425,0.445,20000,20,-7.530371609195246e-14,-1.1736832664801031e-14,-8.704054875675351e-14,6.356688342715143e-14,1.0550685601526259e-14,1.866328768915408e-15,1.2027129489889781e-14,9.21674865151986e-15
425,0.446,20000,20,-9.85632524572302e-14,-1.5442850862198798e-14,-1.1400610331942895e-13,8.31204015950314e-14,1.3792625470004237e-14,2.453952778306949e-15,1.5736173179824275e-14,1.2037011956566253e-14
425,0.447,20000,20,-1.2877660319331227e-13,-2.0283310920353195e-14,-1.4905991411366544e-13,1.0849329227295904e-13,1.7998421555721644e-14,3.2209138552242982e-15,2.0552334881164423e-14,1.5691923401959204e-14
425,0.448,20000,20,-1.6795155588899995e-13,-2.659420363283868e-14,-1.9454575952183866e-13,1.4135735225616125e-13,2.3444709797872398e-14,4.220158124056456e-15,2.6794762630838207e-14,2.041981879826616e-14
425,0.449,20000,20,-2.1865429482360242e-13,-3.4807581760269423e-14,-2.534618765838718e-13,1.8384671306333288e-13,3.0484564848265746e-14,5.5197177950629015e-15,3.487122065951729e-14,2.6524515580228096e-14
425,0.45,20000,20,-2.841585165497134e-13,-4.5478001034340345e-14,-3.2963651758405364e-13,2.3868051551537307e-13,3.956776753793644e-14,7.206848192236964e-15,4.530171479776067e-14,3.43925633529489e-14
425,0.451,20000,20,-3.686326317354055e-13,-5.931594487078863e-14,-4.27948576606194e-13,3.093166868646169e-13,5.1266208104457055e-14,9.393252970589356e-15,5.874814205638093e-14,4.451483342079644e-14
425,0.452,20000,20,-4.773743119384961e-13,-7.722999567712069e-14,-5.546043076156169e-13,4.0014431626137565e-13,6.630566253702685e-14,1.22216709295878e-14,7.605142633212664e-14,5.751348365748282e-14
425,0.453,20000,20,-6.171037685758147e-13,-1.0037993877138325e-13,-7.17483707347198e-13,5.167238298044314e-13,8.560546093620727e-14,1.5874163096007298e-14,9.827793769942181e-14,7.417556844235756e-14
425,0.454,20000,20,-7.963297387581229e-13,-1.3024350398460828e-13,-9.265732427427313e-13,6.66086234773515e-13,1.1032790826610134e-13,2.0582518715432095e-14,1.2677740044270708e-13,9.549484580373053e-14
425,0.455,20000,20,-1.0258052904574954e-12,-1.6870008535427852e-13,-1.1945053758117736e-12,8.571052051032165e-13,1.4193973107935436e-13,2.6641296550298198e-14,1.632549892394249e-13,1.2272367485516396e-13
425,0.456,20000,20,-1.3190943558459803e-12,-2.1813555527260323e-13,-1.5372299111185838e-12,1.100958800573377e-12,1.8228832259474055e-13,3.442413712686098e-14,2.0986091070142306e-13,1.5743730721222198e-13
425,0.457,20000,20,-1.6932744840006571e-12,-2.8157323506703976e-13,-1.9748477190676974e-12,1.411701248933618e-12,2.3369615919092203e-13,4.440412670071374e-14,2.693014888128668e-13,2.0161336934949795e-13
425,0.458,20000,20,-2.1698068221787133e-12,-3.628372338133237e-13,-2.532644055992037e-12,1.8069695883653893e-12,2.990774830185356e-13,5.717916994278088e-14,3.4497664114037385e-13,2.5772992398167767e-13
425,0.459,20000,20,-2.775610963742208e-12,-4.667557622093972e-13,-3.2423667259516052e-12,2.308855201532812e-12,3.820822102745523e-13,7.350354186900617e-14,4.411496755079638e-13,3.2888620516885485e-13
425,0.46,20000,20,-3.544390245164643e-12,-5.994137171025931e-13,-4.1438039622672355e-12,2.9449765280620484e-12,4.872730586172235e-13,9.432704765266288e-14,5.631565861949721e-13,4.189509643995694e-13
425,0.461,20000,20,-4.518262572450538e-12,-7.684658720370624e-13,-5.286728444487601e-12,3.749796700413476e-12,6.203431202383247e-13,1.2084353027139377e-13,7.176635219299662e-13,5.327443669922985e-13
425,0.462,20000,20,-5.749763185046875e-12,-9.835244674125004e-13,-6.733287652459376e-12,4.766238717634378e-12,7.883825739505741e-13,1.545508405589628e-13,9.129828782933682e-13,6.762605669385032e-13
425,0.463,20000,20,-7.30429924238322e-12,-1.2566379496767434e-12,-8.560937192059966e-12,6.0476612927064796e-12,1.0002049702501215e-12,1.9732483398997e-13,1.1594605846232669e-12,8.569394949175248e-13
425,0.464,20000,20,-9.263152112922079e-12,-1.6028811551060712e-12,-1.0866033268028149e-11,7.660270957816008e-12,1.2667455835627674e-12,2.5151049725020703e-13,1.469949667797668e-12,1.0839980542174277e-12
425,0.465,20000,20,-1.1727142181155849e-11,-2.0410814783530457e-12,-1.3768223659508892e-11,9.686060702802803e-12,1.6015467582533562e-12,3.200339514325927e-13,1.860388148541173e-12,1.3688328731625097e-12
425,0.466,20000,20,-1.482109334899394e-11,-2.5947106350419382e-12,-1.741580398403588e-11,1.2226382713952006e-11,2.0213480393039603e-12,4.0653984624156016e-13,2.350502835970715e-12,1.7255090562653608e-12
425,0.467,20000,20,-1.8699260747251084e-11,-3.292977667470655e-12,-2.1992238414721746e-11,1.540628307978043e-11,2.5468022427688268e-12,5.155595725201288e-13,2.9646647193770644e-12,2.171352061472264e-12
425,0.468,20000,20,-2.3551916119203996e-11,-4.172166022186034e-12,-2.7724082141390027e-11,1.9379750097017965e-11,3.2033425620566637e-12,6.527168037033138e-13,3.732926510991752e-12,2.727662965796142e-12
425,0.46900000000000003,20000,20,-2.961332160328888e-11,-5.277266043081332e-12,-3.489058764637021e-11,2.4336055560207557e-11,4.0222304103358085e-12,8.24978159164165e-13,4.692278580915591e-12,3.4205810314823537e-12
425,0.47000000000000003,20000,20,-3.717136502966746e-11,-6.663964298408879e-12,-4.383532932807635e-11,3.0507400731258595e-11,5.041819064092902e-12,1.0409582967936873e-12,5.888166170984318e-12,4.282121722266237e-12
425,0.47100000000000003,20000,20,-4.657917925821053e-11,-8.401063052266045e-12,-5.498024231047657e-11,3.817811620594448e-11,6.309074406591595e-12,1.3112905261705485e-12,7.376318519005698e-12,5.351423224717052e-12
425,0.47200000000000003,20000,20,-5.826912553461265e-11,-1.0573417195288519e-11,-6.884254272990117e-11,4.769570833932413e-11,7.881401293455752e-12,1.649076130214692e-12,9.224949526285216e-12,6.67624019197556e-12
425,0.47300000000000003,20000,20,-7.276958745262983e-11,-1.3285492400942067e-11,-8.605507985357191e-11,5.948409505168775e-11,9.828832409381322e-12,2.0704280409265522e-12,1.1517400035229255e-11,8.314729943733606e-12
425,0.47400000000000003,20000,20,-9.072509913431575e-11,-1.666566755418256e-11,-1.0739076668849832e-10,7.405943158013321e-11,1.2236646102340361e-11,2.595127388753078e-12,1.4355303845003862e-11,1.0337583833429034e-11
425,0.47500000000000003,20000,20,-1.1292042005562046e-10,-2.0871427039508277e-11,-1.3379184709512871e-10,9.20489930161122e-11,1.5208490730682264e-11,3.2474147972930132e-12,1.7862373496587076e-11,1.2830565046414578e-11
425,0.47600000000000003,20000,20,-1.4030927106930107e-10,-2.6095614762213673e-11,-1.6640488583151471e-10,1.142136563070874e-10,1.8870105715076606e-11,4.05694219512313e-12,2.2188917840402353e-11,1.5897523845471934e-11
425,0.47700000000000004,20000,20,-1.7404856326681472e-10,-3.257395235638892e-11,-2.0662251562320365e-10,1.4147461091042578e-10,2.3373743941305883e-11,5.059915442328802e-12,2.751722171781049e-11,1.9663972364895158e-11
425,0.47800000000000004,20000,20,-2.1553908517845323e-10,-4.0594059518103545e-11,-2.561331446965568e-10,1.749450256603497e-10,2.8903416616311433e-11,6.300463307614258e-12,3.406793902250219e-11,2.4281313612166778e-11
425,0.47900000000000004,20000,20,-2.6647376638111894e-10,-5.050625547447966e-11,-3.1698002185559867e-10,2.1596751090663933e-10,3.568110035698744e-11,7.832274378780901e-12,4.2107674261599215e-11,2.9931833514485705e-11
425,0.48,20000,20,-3.2889480895632157e-10,-6.273646801729886e-11,-3.916312769736204e-10,2.6615834093902266e-10,4.397406742085194e-11,9.72055045111371e-12,5.195795483383544e-11,3.68345807998092e-11
425,0.481,20000,20,-4.0526117464193e-10,-7.780163113148512e-11,-4.83062805773415e-10,3.2745954351044486e-10,5.4103523813030936e-11,1.2044332931428034e-11,6.400582692894951e-11,4.525227738624802e-11
425,0.482,20000,20,-4.985281373063419e-10,-9.632801495787104e-11,-5.948561522642128e-10,4.022001223484709e-10,6.645476677840936e-11,1.48992679478315e-11,7.87163425939601e-11,5.5499421929768105e-11
425,0.483,20000,20,-6.122408600098185e-10,-1.190730036577558e-10,-7.313138636675746e-10,4.931678563520627e-10,8.148910317152629e-11,1.8400886305362858e-11,9.664724449067423e-11,6.795177140741017e-11
425,0.484,20000,20,-7.506442359690263e-10,-1.4695091879805467e-10,-8.975951547670809e-10,6.036933171709716e-10,9.97578036544324e-11,2.2688486325719365e-11,1.1846619858171838e-10,8.305741024745549e-11
425,0.485,20000,20,-9.188115458392623e-10,-1.810635793483885e-10,-1.0998751251876505e-09,7.377479664908738e-10,1.2191840486862542e-10,2.7929721116681368e-11,1.449709738367222e-10,1.0134964370713747e-10
425,0.486,20000,20,-1.1227948325399644e-09,-2.2273639556800881e-10,-1.3455312281079733e-09,9.000584369719557e-10,1.48753712920289e-10,3.432600710595842e-11,1.771130224578649e-10,1.2346198207812793e-10
425,0.487,20000,20,-1.3698002820368365e-09,-2.735609143487209e-10,-1.6433611963855574e-09,1.0962393676881154e-09,1.8119390695665326e-10,4.211888792797061e-11,2.160249744957833e-10,1.5014551498831625e-10
425,0.488,20000,20,-1.668392326662386e-09,-3.3544486944893973e-10,-2.003837196111326e-09,1.3329474572134464e-09,2.203421915247319e-10,5.159750716301432e-11,2.630526274638504e-10,1.8228901065912484e-10
425,0.489,20000,20,-2.028730659197487e-09,-4.1067094306988407e-10,-2.43940160226737e-09,1.6180597161276029e-09,2.6750450099505293e-10,6.310736519722643e-11,3.1979208504385605e-10,2.2094211353383937e-10
425,0.49,20000,20,-2.462844863354017e-09,-5.019656170336371e-10,-2.9648104803876548e-09,1.9608792463203806e-09,3.242238187688518e-10,7.706055980635433e-11,3.8813277956205745e-10,2.673420552380104e-10
425,0.491,20000,20,-2.9849519315295523e-09,-6.125796841391254e-10,-3.5975316156686766e-09,2.3723722473904276e-09,3.923197383868979e-10,9.394773717866212e-11,4.70307200911906e-10,3.2294433834380514e-10
425,0.492,20000,20,-3.611822555425971e-09,-7.463822048659437e-10,-4.358204760291914e-09,2.865440350560027e-09,4.739339630818305e-10,1.1435201019627782e-10,5.689482502621979e-10,3.894578998047701e-10
425,0.493,20000,20,-4.363202740540946e-09,-9.079699332744753e-10,-5.271172673815421e-09,3.45523280726647e-09,5.715825147499733e-10,1.3896513410236793e-10,6.871552403965937e-10,4.688853110553634e-10
425,0.494,20000,20,-5.262298012275857e-09,-1.102794500535244e-09,-6.365092512811102e-09,4.159503511740613e-09,6.882155026619285e-10,1.6860626640054322e-10,8.285696759704853e-10,5.635686244013667e-10
425,0.495,20000,20,-6.336328249360688e-09,-1.3373099368201216e-09,-7.673638186180808e-09,4.999018312540564e-09,8.272853862781807e-10,2.0424367815959282e-10,9.974620663198361e-10,6.762415301415307e-10
425,0.496,20000,20,-7.617161998506903e-09,-1.6191434340653367e-09,-9.236305432572242e-09,5.998018564441567e-09,9.928247549577012e-10,2.470198280117132e-10,1.1988311505534461e-09,8.100885454308134e-10
425,0.497,20000,20,-9.142039990694193e-09,-1.9572926050511027e-09,-1.1099332595745295e-08,7.1847473856430885e-09,1.189534739677318e-09,2.98280258194729e-10,1.4385170491884361e-09,9.688120136796354e-10
425,0.498,20000,20,-1.0954398491086432e-08,-2.3623528798831155e-09,-1.3316751370969542e-08,8.592045611203308e-09,1.422885267486255e-09,3.596068241273781e-10,1.7233299980423295e-09,1.1567077516054959e-09
425,0.499,20000,20,-1.3104804066744154e-08,-2.8467791006777464e-09,-1.5951583167421907e-08,1.0258024966066406e-08,1.6992284674983303e-09,4.3285582531361514e-10,2.0611964677617755e-09,1.3787502390990513e-09
425,0.5,20000,20,-1.5652012342939418e-08,-3.425185830172679e-09,-1.9077198173112097e-08,1.2226826512766742e-08,2.0259266367607026e-09,5.20201665891787e-10,2.4613246252870323e-09,1.6406883038596623e-09
425,0.501,20000,20,-1.8664164332176855e-08,-4.114691380933996e-09,-2.277885571311085e-08,1.4549472951242857e-08,2.4114962741063855e-09,6.241867378662648e-10,2.9343912505003345e-09,1.949152307158502e-09
425,0.502,20000,20,-2.2220134950188014e-08,-4.9353110992528515e-09,-2.7155446049440874e-08,1.728482385093516e-08,2.865769788623335e-09,7.477782889032279e-10,3.492752380754728e-09,2.311773887778547e-09
425,0.503,20000,20,-2.64110493683068e-08,-5.9104060017072595e-09,-3.232145537001405e-08,2.0500643366599544e-08,3.4000765849280536e-09,8.944331093805756e-10,4.150680116075478e-09,2.7373193666578463e-09
425,0.504,20000,20,-3.1341983877539694e-08,-7.067193462152117e-09,-3.8409177339691814e-08,2.427479041538757e-08,4.027445318010454e-09,1.0681709499048988e-09,4.924628176357243e-09,3.2358379533280777e-09
425,0.505,20000,20,-3.713386893955805e-08,-8.437327281383417e-09,-4.5571196220941465e-08,2.8696541658174648e-08,4.7628291937165495e-09,1.2736576603893711e-09,5.8335289562442565e-09,3.81882592499764e-09
425,0.506,20000,20,-4.3925613054463356e-08,-1.0057555138977905e-08,-5.398316819344126e-08,3.386805791548545e-08,5.623356264367274e-09,1.5162991245543678e-09,6.8991249705865365e-09,4.49940796799704e-09
425,0.507,20000,20,-5.1876466962248894e-08,-1.197046212403203e-08,-6.384692908628093e-08,3.990600483821687e-08,6.6286067296542005e-09,1.802347148758207e-09,8.146337719966475e-09,5.2925368769956665e-09
425,0.508,20000,20,-6.116864848943678e-08,-1.4225309764993312e-08,-7.539395825443009e-08,4.694333872444348e-08,7.800919297600192e-09,2.1390185506387798e-09,9.603677127929779e-09,6.2152127974651254e-09
425,0.509,20000,20,-7.201024902622734e-08,-1.687898072366087e-08,-8.88892297498882e-08,5.513126830256649e-08,9.165728685479578e-09,2.5346287802305922e-09,1.1303694804886143e-08,7.286723168666623e-09
425,0.51,20000,20,-8.463844314179079e-08,-1.999704007876796e-08,-1.0463548322055877e-07,6.464140306302282e-08,1.0751936342356818e-08,2.9987414929324146e-09,1.3283484473414618e-08,8.528904475230589e-09
425,0.511,20000,20,-9.932302318182016e-08,-2.3654924893026848e-08,-1.2297794807484704e-07,7.566809828879333e-08,1.259231644919275e-08,3.54233557865752e-09,1.5585232940656172e-08,9.966426842271624e-09
425,0.512,20000,20,-1.1637028080643181e-07,-2.793927452545763e-08,-1.4430955533188945e-07,8.843100628097425e-08,1.472395919495122e-08,4.177991233233254e-09,1.8256825019968213e-08,1.16271024090006e-08
425,0.513,20000,20,-1.36127257278203e-07,-3.294941490801127e-08,-1.6907667218621434e-07,1.031778423701918e-07,1.718875323323404e-08,4.92009673494278e-09,2.1352505779973237e-08,1.3542218285961357e-08
425,0.514,20000,20,-1.589863838574454e-07,-3.879901074014088e-08,-1.9778539459758626e-07,1.201873731173045e-07,2.003390908893661e-08,5.785077659123301e-09,2.4933603428123773e-08,1.5746894738353456e-08
425,0.515,20000,20,-1.853905328606258e-07,-4.5617900253586973e-08,-2.3100843311421277e-07,1.3977263260703887e-07,2.3312525103429667e-08,6.791650324832989e-09,2.906931601121358e-08,1.828046903954836e-08
425,0.516,20000,20,-2.158384987418654e-07,-5.355412784694528e-08,-2.6939262658881067e-07,1.6228437089492008e-07,2.7084197274913906e-08,7.961101317425992e-09,3.383756492986571e-08,2.118690520209768e-08
425,0.517,20000,20,-2.508909269199175e-07,-6.277619046857657e-08,-3.136671173884941e-07,1.8811473645134096e-07,3.1415674063088804e-08,9.317594966875512e-09,3.9325918010847274e-08,2.451522951583502e-08
425,0.518,20000,20,-2.9117670594569175e-07,-7.347551411815072e-08,-3.6465222006384244e-07,2.17701191827541e-07,3.638155687937034e-08,1.0888510681069307e-08,4.5632584552831454e-08,2.831999150186889e-08
425,0.519,20000,20,-3.3739983594130314e-07,-8.586917722096476e-08,-4.2326901316226787e-07,2.5153065872033835e-07,4.206504657123739e-08,1.2704812033100256e-08,5.286748435091304e-08,3.266174952569934e-08
425,0.52,20000,20,-3.9034678299374326e-07,-1.0020289788255413e-07,-4.905496808762974e-07,2.9014388511118916e-07,4.8558735727750747e-08,1.4801449478602579e-08,6.11533922057689e-08,3.7607579901101406e-08
425,0.521,20000,20,-4.5089432531072806e-07,-1.1675430212993226e-07,-5.676486274406602e-07,3.3414002318079577e-07,5.596544607941557e-08,1.7217798530128366e-08,7.062715882836777e-08,4.323160785833245e-08
425,0.522,20000,20,-5.20017892401298e-07,-1.3583649016409347e-07,-6.558543825653913e-07,3.841814022372044e-07,6.439910963639591e-08,1.999813513692405e-08,8.14410083544382e-08,4.9615558245803856e-08
425,0.523,20000,20,-5.988003932930375e-07,-1.5780191735911673e-07,-7.566023106521543e-07,4.4099847593392076e-07,7.398569150266008e-08,2.319214990671956e-08,9.376391187928533e-08,5.684932328479116e-08
425,0.524,20000,20,-6.88441523809582e-07,-1.8304660621768864e-07,-8.714881300272705e-07,5.053949175918935e-07,8.486415151878145e-08,2.6855502657633928e-08,1.0778303550850848e-07,6.503154410411416e-08
425,0.525,20000,20,-7.902675361826419e-07,-2.1201470470177134e-07,-1.0022822408844132e-06,5.782528314808704e-07,9.718744102295768e-08,3.105041859942902e-08,1.237052603905062e-07,7.427020214930326e-08
425,0.526,20000,20,-9.057414467463933e-07,-2.4520340527035726e-07,-1.1509448520167509e-06,6.605380414760362e-07,1.111235300797122e-07,3.584632721053295e-08,1.4175877105043026e-07,8.468321589308176e-08
425,0.527,20000,20,-1.036473649153053e-06,-2.8316823754341597e-07,-1.3196418866964688e-06,7.533054116096367e-07,1.268564595115429e-07,4.13205445970706e-08,1.6219470708212244e-07,9.639903757688103e-08
425,0.528,20000,20,-1.1842328914631966e-06,-3.2652874574208625e-07,-1.5107616372052836e-06,8.577041457211106e-07,1.4458741098507597e-07,4.755899978933906e-08,1.8528887187607982e-07,1.0955724399394543e-07
425,0.529,20000,20,-1.3509575656216313e-06,-3.7597455990033786e-07,-1.726932125521969e-06,9.74983005721293e-07,1.645357872563081e-07,5.465700504678709e-08,2.113434905711296e-07,1.2430911459215702e-07
425,0.53,20000,20,-1.5387672472637295e-06,-4.322718672745527e-07,-1.9710391145382827e-06,1.1064953799891771e-06,1.8694029347764207e-07,6.272006980202849e-08,2.4068900782114785e-07,1.4081818943953242e-07
425,0.531,20000,20,-1.7499744125575407e-06,-4.96270287368179e-07,-2.24624469992572e-06,1.2537041251893614e-06,2.1206000922291037e-07,7.186475737559167e-08,2.736859142740464e-07,1.5926079886942127e-07
425,0.532,20000,20,-1.987096246941409e-06,-5.689101505149788e-07,-2.5560063974563885e-06,1.4181860964264305e-06,2.4017543960801904e-07,8.22195830344466e-08,3.10726588879433e-07,1.7982655591952715e-07
425,0.533,20000,20,-2.2528664482512023e-06,-6.512301760058113e-07,-2.904096624257013e-06,1.60163627224539e-06,2.715895325889667e-07,9.392595134796308e-08,3.5223714228760087e-07,2.0271880201424582e-07
425,0.534,20000,20,-2.5502469139509114e-06,-7.443755412835819e-07,-3.294622455234494e-06,1.80587137266733e-06,3.0662864822282235e-07,1.0713913011472082e-07,3.986792446926228e-07,2.2815499573033357e-07
425,0.535,20000,20,-2.8824391891115177e-06,-8.496063287572555e-07,-3.732045517868772e-06,2.032832860354262e-06,3.4564346440010346e-07,1.2202925739328353e-07,4.505519195261414e-07,2.5636703394982944e-07
425,0.536,20000,20,-3.2528955385719462e-06,-9.683063312924209e-07,-4.221201869864368e-06,2.284589207279524e-06,3.89009802320355e-07,1.3878237737142807e-07,5.083932824489422e-07,2.876014942610075e-07
425,0.537,20000,20,-3.665329493531167e-06,-1.1019921914231856e-06,-4.767321684954352e-06,2.56333730210798e-06,4.371293538103093e-07,1.5760149995420453e-07,5.727822031406477e-07,3.221197871385941e-07
425,0.538,20000,20,-4.123725709848716e-06,-1.25232284280569e-06,-5.3760485526544064e-06,2.8714028670430255e-06,4.904302915011783e-07,1.7870767804563775e-07,6.443398654828226e-07,3.6019820623979483e-07
425,0.539,20000,20,-4.6323489627816725e-06,-1.4211092154130257e-06,-6.053458178194698e-06,3.211239747368648e-06,5.493677419158295e-07,2.023410955470865e-07,7.237311998994549e-07,4.021278651149161e-07
425,0.54,20000,20,-5.195752090987014e-06,-1.610324158479877e-06,-6.806076249466892e-06,3.5854279325071374e-06,6.144241006966643e-07,2.287621581039944e-07,8.116661598960171e-07,4.4821450877259237e-07
425,0.541,20000,20,-5.818782691610768e-06,-1.8221125272765468e-06,-7.640895218887313e-06,3.996670164334219e-06,6.86109168560298e-07,2.5825257760984345e-07,9.089008132605014e-07,4.987781888812518e-07
425,0.542,20000,20,-6.50658835843202e-06,-2.0588013714713227e-06,-8.56538972990334e-06,4.447786986960696e-06,7.649600861267395e-07,2.9111644043114637e-07,1.0162382169966709e-06,5.541527919518995e-07
425,0.543,20000,20,-7.264620246601014e-06,-2.322910154183174e-06,-9.587530400784188e-06,4.941710092417837e-06,8.515410455689996e-07,3.276812482611551e-07,1.1345290438914042e-06,6.146854106519241e-07
425,0.544,20000,20,-8.098634740784951e-06,-2.6171609218998867e-06,-1.0715795662684835e-05,5.481473818885064e-06,9.464427570941995e-07,3.6829891945494646e-07,1.2646719277158977e-06,6.807355494631218e-07
425,0.545,20000,20,-9.014692998803594e-06,-2.9444883363193665e-06,-1.1959181335122962e-05,6.070204662484229e-06,1.0502816486292557e-06,4.1334673765852116e-07,1.4076134934671497e-06,7.526741572352976e-07
425,0.546,20000,20,-1.0019158140379552e-05,-3.308049469953851e-06,-1.3327207610333406e-05,6.711108670425701e-06,1.1636987777700875e-06,4.632282335346527e-07,1.5643480388123412e-06,8.3088248081088e-07
425,0.547,20000,20,-1.1118689850736662e-05,-3.7112332581215444e-06,-1.4829923108858204e-05,7.407456592615117e-06,1.2873584360895946e-06,5.183739844249587e-07,1.7359168330461408e-06,9.157507358153571e-07
425,0.548,20000,20,-1.2320236171718923e-05,-4.157669490849773e-06,-1.6477905662568694e-05,8.16256668086915e-06,1.421946427307902e-06,5.792423158884677e-07,1.9234070004470666e-06,1.0076765929256763e-06
425,0.549,20000,20,-1.3631022259141811e-05,-4.6512372193565035e-06,-1.828225947849831e-05,8.979785039785311e-06,1.5681680026284428e-06,6.463198882408208e-07,2.1279499559610898e-06,1.1070634804435586e-06
425,0.55,20000,20,-1.5058535894455155e-05,-5.196072443294677e-06,-2.0254608337749837e-05,9.86246345116048e-06,1.7267454387486395e-06,7.201221505041252e-07,2.350719362679425e-06,1.2143187068047152e-06
425,0.551,20000,20,-1.661050955171591e-05,-5.796574936986395e-06,-2.24070844887023e-05,1.0813934614729514e-05,1.898415246674387e-06,8.011936435860802e-07,2.592928582642196e-06,1.3298514097349938e-06
425,0.552,20000,20,-1.829489883750488e-05,-6.457414065589488e-06,-2.4752312903094368e-05,1.1837484771915397e-05,2.0839250025051145e-06,8.901081340579035e-07,2.8558275951103405e-06,1.4540703420984332e-06
425,0.553,20000,20,-2.0119857141930507e-05,-7.183533435695746e-06,-2.7303390577626254e-05,1.2936323706234755e-05,2.2840297948090735e-06,9.874685596154461e-07,3.1406993596228222e-06,1.5873815080420815e-06
425,0.554,20000,20,-2.209370636331627e-05,-7.9801542194158e-06,-3.0073860582732065e-05,1.4113552143900468e-05,2.4994882870635426e-06,1.0939067672056305e-06,3.4488556048998823e-06,1.730185666789231e-06
425,0.555,20000,20,-2.4224903597631618e-05,-8.852776986737937e-06,-3.3077680584369564e-05,1.537212661089368e-05,2.7310583978760148e-06,1.2100830249018808e-06,3.781632028968793e-06,1.882875725322028e-06
425,0.556,20000,20,-2.6522003716160353e-05,-9.807181878021114e-06,-3.6329185594181466e-05,1.6714821838139236e-05,2.97949260630044e-06,1.3366852889353394e-06,4.140382900763904e-06,2.045834045168904e-06
425,0.557,20000,20,-2.899361779124909e-05,-1.0849426947071876e-05,-3.984304473832098e-05,1.8144190844177224e-05,3.24553289448485e-06,1.4744282078516266e-06,4.526475058872297e-06,2.2194296925089974e-06
425,0.558,20000,20,-3.164836737007117e-05,-1.1985844505519102e-05,-4.363421187559026e-05,1.9662522864552066e-05,3.5299053450855707e-06,1.624051846580292e-06,4.941281309026451e-06,2.40401566474824e-06
425,0.559,20000,20,-3.449483463999031e-05,-1.3223035301307743e-05,-4.771786994129805e-05,2.1271799338682576e-05,3.8333144163099454e-06,1.7863201142911179e-06,5.386173228351879e-06,2.5999261305288823e-06
425,0.56,20000,20,-3.754150857600008e-05,-1.4567860368221592e-05,-5.210936894422167e-05,2.297364820777848e-05,4.156436923038911e-06,1.9620188812771456e-06,5.862513391204521e-06,2.8074737237107003e-06
425,0.561,20000,20,-4.07967272104966e-05,-1.6027430389562406e-05,-5.682415760005899e-05,2.476929682093419e-05,4.49991575816497e-06,2.151953771758853e-06,6.371647038622232e-06,3.0269469351069962e-06
425,0.562,20000,20,-4.426861621788966e-05,-1.760909242757037e-05,-6.187770864546002e-05,2.6659523790319298e-05,4.864353393984313e-06,2.356947621450656e-06,6.914893220894906e-06,3.258607648563861e-06
425,0.5630000000000001,20000,20,-4.7965024060718837e-05,-1.9320413880974423e-05,-6.728543794169325e-05,2.864461017974443e-05,5.250305209114571e-06,2.5778375909718343e-06,7.493535450442425e-06,3.5026888702151036e-06
425,0.5640000000000001,20000,20,-5.1893453999499554e-05,-2.1169163546290165e-05,-7.30626175457897e-05,3.072429045320939e-05,5.658272691889546e-06,2.8154719287166464e-06,8.108811909994915e-06,3.7593927013113986e-06
425,0.5650000000000001,20000,20,-5.606099332475364e-05,-2.3163289674184767e-05,-7.922428299893841e-05,3.2897703650568876e-05,6.088696576404803e-06,3.070706379614765e-06,8.761905268885219e-06,4.028888605774827e-06
425,0.5660000000000001,20000,20,-6.04742402259498e-05,-2.531089493043596e-05,-8.578513515638576e-05,3.5163345295513836e-05,6.541949972263863e-06,3.3444002393034155e-06,9.453932167992336e-06,4.3113120234461736e-06
425,0.5670000000000001,20000,20,-6.5139228767561e-05,-2.7620208191711412e-05,-9.275943695927243e-05,3.7519020575849595e-05,7.018331553495115e-06,3.6374120565793187e-06,1.0185932441393073e-05,4.606763378733891e-06
425,0.5680000000000001,20000,20,-7.00613524963846e-05,-3.0099553129550376e-05,-0.00010016090562593502,3.996179936683423e-05,7.518058875980127e-06,3.950594990582067e-06,1.0958858149976766e-05,4.915307531916927e-06
425,0.5690000000000001,20000,20,-7.524528725578624e-05,-3.275731356146279e-05,-0.00010800260081724902,4.248797369432345e-05,8.041261895950315e-06,4.284791832954702e-06,1.1773562509027793e-05,5.236973716570549e-06
425,0.5700000000000001,20000,20,-8.069491383079494e-05,-3.560189557586173e-05,-0.00011629680940665665,4.509301825493321e-05,8.587976764580247e-06,4.6408297092026075e-06,1.2630788797966375e-05,5.571756001364614e-06
425,0.5710000000000001,20000,20,-8.641324109207456e-05,-3.864168646745534e-05,-0.00012505492755952987,4.7771554624619195e-05,9.15813997533627e-06,5.019514477592706e-06,1.3531159345933336e-05,5.919614307722322e-06
425,0.5720000000000001,20000,20,-9.24023303459053e-05,-4.1885010551558145e-05,-0.0001342873408974634,5.0517319794347176e-05,9.751582941452188e-06,5.421624848162782e-06,1.4475164691598378e-05,6.280476006448737e-06
425,0.5730000000000001,20000,20,-9.866322163055031e-05,-4.534008195930838e-05,-0.00014400330358985868,5.3323139671241957e-05,1.0368027080623247e-05,5.8479062487029545e-06,1.546315301935086e-05,6.654238106383987e-06
425,0.5740000000000001,20000,20,-0.00010519586272592977,-4.901495455071867e-05,-0.00015421081727664846,5.618090817521109e-05,1.1007079482674306e-05,6.299064468878805e-06,1.649531997679149e-05,7.040770036385625e-06
425,0.5750000000000001,20000,20,-0.00011199904166265516,-5.29174691185442e-05,-0.00016491651078119935,5.908157254411099e-05,1.166822923352551e-05,6.77575911794105e-06,1.7571698980099395e-05,7.439917008521992e-06
425,0.5760000000000001,20000,20,-0.00011907032352743967,-5.705519809277896e-05,-0.00017612552162021863,6.201512543466074e-05,1.2350844465212144e-05,7.27859693565516e-06,1.8692152114313648e-05,7.851503935332392e-06
425,0.577,20000,20,-0.00012640599236410808,-6.14353879927965e-05,-0.0001878413803569046,6.497060437131159e-05,1.3054170197005331e-05,7.808125000130423e-06,1.9856361734784607e-05,8.275339857520615e-06
425,0.578,20000,20,-0.00013400099896236243,-6.606489991135588e-05,-0.00020006589887371835,6.793609905100657e-05,1.3777327026830588e-05,8.364823880078743e-06,2.1063822873971204e-05,8.711222820701541e-06
425,0.579,20000,20,-0.00014184891530965533,-7.095014835141708e-05,-0.00021279906366107243,7.089876695823824e-05,1.4519310725214026e-05,8.949100782625437e-06,2.2313836554350533e-05,9.15894512111162e-06
425,0.58,20000,20,-0.00014994189645478612,-7.60970387725574e-05,-0.00022603893522734356,7.384485768222871e-05,1.527899277595491e-05,9.56128275107919e-06,2.3605504103473844e-05,9.618298820914937e-06
425,0.581,20000,20,-0.00015827065049489822,-8.151090423820806e-05,-0.00023978155473310635,7.675974625669019e-05,1.6055121898685405e-05,1.0201609969980539e-05,2.4937722561143207e-05,1.008908141437852e-05
425,0.582,20000,20,-0.00016682441735047822,-8.71964415875103e-05,-0.00025402085893798854,7.962797576296799e-05,1.6846326578528195e-05,1.0870229237241258e-05,2.630918126134447e-05,1.0571101507360603e-05
425,0.583,20000,20,-0.0001755909569358746,-9.315764758579929e-05,-0.000268748604521674,8.243330935007536e-05,1.7651118617311666e-05,1.1567187665204309e-05,2.771835966301082e-05,1.1064184354976088e-05
425,0.584,20000,20,-0.0001845565472660128,-9.93977555350984e-05,-0.0002839543028011112,8.515879173091439e-05,1.846789770937099e-05,1.2292426673951065e-05,2.9163526493980996e-05,1.1568177086791889e-05
425,0.585,20000,20,-0.00019370599296387805,-0.00010591917285002946,-0.00029962516581390745,8.77868201138486e-05,1.929495703301097e-05,1.3045776341109749e-05,3.064274026176545e-05,1.2082953436390264e-05
425,0.586,20000,20,-0.00020302264454855767,-0.00011272342012481139,-0.00031574606467336914,9.029922442374625e-05,2.013048983638866e-05,1.3826950172745946e-05,3.215385117306022e-05,1.2608417783599444e-05
425,0.587,20000,20,-0.0002124884287909371,-0.00011981107223302914,-0.0003322995010239663,9.267735655790795e-05,2.097259698407842e-05,1.4635540359600518e-05,3.3694504491493414e-05,1.3144508314154348e-05
425,0.588,20000,20,-0.00022208389032444295,-0.00012718170201324457,-0.00034926559233768755,9.490218831119832e-05,2.1819295418095838e-05,1.5471013581962582e-05,3.5262145350009686e-05,1.3691199104008615e-05
425,0.589,20000,20,-0.000231788244592565,-0.00013483382709990295,-0.0003666220716924679,9.6954417492662e-05,2.266852747488478e-05,1.6332707424802208e-05,3.6854025020764225e-05,1.4248500944888046e-05
425,0.59,20000,20,-0.0002415794421044466,-0.0001427648604600408,-0.00038434430256448747,9.881458164440584e-05,2.351817098792222e-05,1.721982746242869e-05,3.846720863159369e-05,1.481646074470432e-05
425,0.591,20000,20,-0.0002514342438558513,-0.00015097106519175037,-0.00040240530904760163,0.00010046317866410086,2.4366050094370072e-05,1.8131445068879598e-05,4.009858430424074e-05,1.5395159361630484e-05
425,0.592,20000,20,-0.00026132830765676266,-0.000159447514130004,-0.00042077582178676675,0.0001018807935267586,2.5209946653824752e-05,1.906649600649184e-05,4.1744873675737807e-05,1.598470776414792e-05
425,0.59274605079,20000,20,-0.00026872027663672065,-0.00016594377057196726,-0.0004346640472086878,0.00010277650606475338,2.5835602712163356e-05,1.977864359328408e-05,4.298076155200044e-05,1.6431687563725168e-05
425,0.593,20000,20,-0.00027123628499006936,-0.00016818805478911866,-0.0004394243397791879,0.00010304823020095065,2.6047612177863604e-05,2.0023779840664193e-05,4.3402643750879774e-05,1.6585241450933816e-05
425,0.594,20000,20,-0.00028113192790986494,-0.0001771852801487824,-0.0004583172080586475,0.0001039466477610826,2.6876780160974995e-05,2.100196022371966e-05,4.5068320020747155e-05,1.719691311333768e-05
425,0.595,20000,20,-0.0002909882053742978,-0.0001864305057621685,-0.00047741871113646624,0.00010455769961212929,2.7695178696743463e-05,2.1999566085038526e-05,4.673820076994525e-05,1.7819883578108764e-05
425,0.596,20000,20,-0.00030077742829821375,-0.00019591375363028113,-0.0004966911819284949,0.0001048636746679326,2.8500543258010654e-05,2.3014993758300744e-05,4.840847248378608e-05,1.8454311127193145e-05
425,0.597,20000,20,-0.0003104713825065682,-0.00020562374324648234,-0.0005160951257530504,0.0001048476392600859,2.929062951627434e-05,2.4046510069791264e-05,5.0075226256209044e-05,1.91003393525324e-05
425,0.598,20000,20,-0.0003200414686722033,-0.00021554789016935074,-0.0005355893588415542,0.00010449357850285257,3.0063226073927082e-05,2.5092256404338286e-05,5.173447508995285e-05,1.975808376420283e-05
425,0.599,20000,20,-0.0003294588482325054,-0.00022567231243093098,-0.0005551311606634367,0.00010378653580157451,3.081616698315061e-05,2.6150253757629508e-05,5.338217197247208e-05,2.0427617427029828e-05
425,0.6,20000,20,-0.0003386945942000164,-0.00023598184503145384,-0.0005746764392314701,0.00010271274916856264,3.1547343927410336e-05,2.7218408775452882e-05,5.501422860443352e-05,2.1108955951042546e-05
425,0.601,20000,20,-0.00034771984571341284,-0.0002464600627111546,-0.0005941799084245675,0.00010125978300225819,3.225471794553907e-05,2.829452077190177e-05,5.6626534652383906e-05,2.1802042202006855e-05
425,0.602,20000,20,-0.00035650596511852336,-0.0002570893111254766,-0.0006135952762439999,9.941665399304688e-05,3.293633058433279e-05,2.937628970985018e-05,5.821497739340565e-05,2.25067311273822e-05
425,0.603,20000,20,-0.0003650246963250653,-0.00026785074648226454,-0.0006328754428073296,9.717394984280073e-05,3.359031437332104e-05,3.046132511811537e-05,5.977546161726631e-05,2.322277510856209e-05
425,0.604,20000,20,-0.0003732483231543243,-0.00027872438362920734,-0.0006519727067835317,9.452393952511687e-05,3.42149025248189e-05,3.1547155910763834e-05,6.130392965070321e-05,2.3949810251094657e-05
425,0.605,20000,20,-0.0003811498263766233,-0.00028968915250751187,-0.0006708389788841351,9.14606738691114e-05,3.480843777335468e-05,3.2631241065071794e-05,6.279638136902796e-05,2.4687344010489714e-05
425,0.606,20000,20,-0.0003887030381353874,-0.00030072296281423173,-0.0006894260009496192,8.798007532115556e-05,3.5369380280915745e-05,3.37109811057888e-05,6.424889406208588e-05,2.543474452281025e-05
425,0.607,20000,20,-0.00039588279246726994,-0.00031180277664179365,-0.0007076855691090638,8.408001582547622e-05,3.5896314547943203e-05,3.4783730334684136e-05,6.565764202469843e-05,2.6191231967938555e-05
425,0.608,20000,20,-0.00040266507065477524,-0.00032290468878965714,-0.0007255697594444322,7.976038186511811e-05,3.638795528437022e-05,3.584680973592613e-05,6.70189157458842e-05,2.69558722412781e-05
425,0.609,20000,20,-0.00040902714018919566,-0.0003340040143707183,-0.000743031154559914,7.502312581847737e-05,3.684315220997936e-05,3.689752047976924e-05,6.832914057629941e-05,2.7727573149298727e-05
425,0.61,20000,20,-0.0004149476861766149,-0.0003450753832647248,-0.0007600230694413399,6.987230291189005e-05,3.7260893768624214e-05,3.793315793935074e-05,6.958489475925417e-05,2.850508327860794e-05
425,0.611,20000,20,-0.000420406934087937,-0.0003560928409034876,-0.0007764997749914244,6.431409318444944e-05,3.764030975614476e-05,3.895102612822363e-05,7.078292671723693e-05,2.928699362007705e-05
425,0.612,20000,20,-0.0004253867628341454,-0.0003670299548088329,-0.0007924167176429784,5.835680802531255e-05,3.7980672876744095e-05,3.994845245962773e-05,7.19201714928788e-05,3.007174196174315e-05
425,0.613,20000,20,-0.00042987080723956496,-0.00037785992624476375,-0.0008077307334843287,5.20108809948012e-05,3.8281399256911e-05,4.0922802722499384e-05,7.299376625059281e-05,3.085761999923327e-05
425,0.614,20000,20,-0.00043384454908737113,-0.00038855570629101434,-0.0008224002553783855,4.528884279635688e-05,3.8542047959326965e-05,4.1871496163905445e-05,7.400106475252174e-05,3.164278305236603e-05
425,0.615,20000,20,-0.0004372953960218058,-0.00039909011559659605,-0.0008363855116184018,3.8205280425209825e-05,3.876231955133111e-05,4.2792020562998644e-05,7.493965072978156e-05,3.242526222292653e-05
425,0.616,20000,20,-0.00044021274770899676,-0.00040943596702985575,-0.0008496487147388526,3.0776780679141075e-05,3.894205379315338e-05,4.368194717780112e-05,7.580735007714436e-05,3.3202978782443595e-05
425,0.617,20000,20,-0.00044258804878144476,-0.000419566190406314,-0.0008621542391877589,2.302185837513091e-05,3.908122652005484e-05,4.4538945443151413e-05,7.660224180613181e-05,3.397376054066749e-05
425,0.618,20000,20,-0.00044441482821851045,-0.0004294539584477633,-0.0008738687866662737,1.496086977074723e-05,3.917994579954711e-05,4.536079729605444e-05,7.732266769789104e-05,3.4735359915508216e-05
425,0.619,20000,20,-0.00044568872494511616,-0.0004390728131060765,-0.0008847615380511925,6.615911839039684e-06,3.9238447449886766e-05,4.6145411003489603e-05,7.79672406031225e-05,3.548547340323665e-05
425,0.62,20000,20,-0.0004464074995614474,-0.0004483967913731115,-0.0008948042909345588,-1.989291811664014e-06,3.925709000895983e-05,4.6890834367469335e-05,7.853485134165718e-05,3.622176213330658e-05
425,0.621,20000,20,-0.00044657103224650916,-0.0004574005496944043,-0.0009039715819409136,-1.0829517447895102e-05,3.923634924350572e-05,4.7595267182871186e-05,7.902467415906612e-05,3.694187318461163e-05
425,0.622,20000,20,-0.0004461813070057678,-0.00046605948610874294,-0.0009122407931145108,-1.9878179102975094e-05,3.917681228737985e-05,4.825707282526103e-05,7.943617070186867e-05,3.7643461338589386e-05
425,0.623,20000,20,-0.00044524238255705466,-0.0004743498592486714,-0.0009195922418057262,-2.9107476691616675e-05,3.907917149439258e-05,4.887478884867764e-05,7.976909247665273e-05,3.832421094860485e-05
425,0.624,20000,20,-0.00044376035026704754,-0.0004822489033578409,-0.0009260092536248884,-3.848855309079324e-05,3.894421808627493e-05,4.944713647711957e-05,8.002348176167662e-05,3.898185761370378e-05
425,0.625,20000,20,-0.00044174327966266626,-0.0004897349385102229,-0.0009314782181728893,-4.799165884755668e-05,3.877283566981619e-05,4.997302887835969e-05,8.019967094256002e-05,3.9614209357463864e-05
425,0.626,20000,20,-0.00043920115214531676,-0.0004967874752526891,-0.0009359886273980061,-5.758632310737244e-05,3.856599368936718e-05,5.0451578114677226e-05,8.029828024648452e-05,4.021916702862468e-05
425,0.627,20000,20,-0.0004361457836311334,-0.0005033873129364749,-0.0009395330965676085,-6.724152930534156e-05,3.832474087210277e-05,5.0882100672250286e-05,8.032021385225484e-05,4.0794743658929e-05
425,0.628,20000,20,-0.00043259073692532366,-0.0005095166310536576,-0.0009421073679789813,-7.692589412833394e-05,3.805019871393761e-05,5.1264121479273454e-05,8.02666543566959e-05,4.1339082534647606e-05
425,0.629,20000,20,-0.00042855122471322236,-0.0005151590729516659,-0.0009437102976648882,-8.66078482384435e-05,3.774355504418444e-05,5.15973763324414e-05,8.013905558149158e-05,4.185047376119576e-05
425,0.63,20000,20,-0.0004240440041140878,-0.0005202998213614188,-0.0009443438254755066,-9.625581724733099e-05,3.740605769728007e-05,5.188181266232742e-05,7.993913370896847e-05,4.23273691247381e-05
425,0.631,20000,20,-0.0004190872637951122,-0.0005249256652419664,-0.0009440129290370785,-0.00010583840144685404,3.7039008310479145e-05,5.211758858040578e-05,7.966885674068307e-05,4.276839508039645e-05
425,0.632,20000,20,-0.0004137005046831745,-0.0005290250575162085,-0.000942725562199383,-0.00011532455283303393,3.6643756257719006e-05,5.230507016414747e-05,7.933043227940642e-05,4.3172363723399875e-05
425,0.633,20000,20,-0.0004079044153394877,-0.0005325881633471277,-0.0009404925786866154,-0.0001246837480076399,3.622169272209442e-05,5.2444826951753705e-05,7.892629364334512e-05,4.3538281626987724e-05
425,0.634,20000,20,-0.0004017207430784708,-0.0005356068986815925,-0.0009373276417600634,-0.0001338861556031216,3.57742449028613e-05,5.2537625634802606e-05,7.84590843316279e-05,4.3865356458914524e-05
425,0.635,20000,20,-0.00039517216191638314,-0.0005380749588680261,-0.0009332471207844091,-0.00014290279695164298,3.53028703477454e-05,5.258442195536969e-05,7.793164087235917e-05,4.415300131680533e-05
425,0.636,20000,20,-0.0003882821384284962,-0.0005399878372344766,-0.0009282699756629727,-0.0001517056988059805,3.480905139773804e-05,5.2586350834110835e-05,7.73469740992472e-05,4.440083675120883e-05
425,0.637,20000,20,-0.0003810747965759335,-0.0005413428335939284,-0.000922417630169862,-0.00016026803701799493,3.4294289729557905e-05,5.254471477733815e-05,7.670824892008062e-05,4.460869047381141e-05
425,0.638,20000,20,-0.0003735747825356777,-0.000542139052723246,-0.0009157138352589236,-0.0001685642701875683,3.376010098056406e-05,5.246097063424463e-05,7.601876266033802e-05,4.477659477674828e-05
425,0.639,20000,20,-0.0003658071305302368,-0.0005423773929402043,-0.0009081845234704415,-0.00017657026240996742,3.320800944205872e-05,5.233671480002805e-05,7.528192208801343e-05,4.4904781717106176e-05
425,0.64,20000,20,-0.0003577971306079596,-0.0005420605249787699,-0.0008998576555867298,-0.0001842633943708102,3.263954280950135e-05,5.217366698654987e-05,7.450121925128771e-05,4.499367614837561e-05
425,0.641,20000,20,-0.000349570199271927,-0.0005411928614356041,-0.0008907630607075309,-0.00019162266216367704,3.205622698200603e-05,5.197365270906616e-05,7.368020628880404e-05,4.504388670761331e-05
425,0.642,20000,20,-0.0003411517537955736,-0.0005397805171297426,-0.0008809322709253163,-0.00019862876333416897,3.1459580908383596e-05,5.173858466508467e-05,7.282246940266037e-05,4.505619489319008e-05
425,0.643,20000,20,-0.00033256709099785994,-0.0005378312607822721,-0.0008703983517801319,-0.00020526416978441207,3.08511114826826e-05,5.147044320903404e-05,7.193160221631749e-05,4.503154239303924e-05
425,0.644,20000,20,-0.00032384127118074464,-0.0005353544584826458,-0.0008591957296633902,-0.00021151318730190102,3.023230849838223e-05,5.117125615350011e-05,7.101117877266474e-05,4.4971016847004986e-05
425,0.645,20000,20,-0.0003149990078581032,-0.000532361009462968,-0.0008473600173210715,-0.00021736200160486476,2.9604639676816487e-05,5.084307815351085e-05,7.006472646055011e-05,4.48758362489724e-05
425,0.646,20000,20,-0.00030606456382897937,-0.0005288632747503629,-0.0008349278385793421,-0.00022279871092138363,2.896954579174986e-05,5.048796995378157e-05,6.909569918992842e-05,4.4747332214595816e-05
425,0.647,20000,20,-0.00029706165407014163,-0.0005248749993103472,-0.0008219366533804889,-0.00022781334524020553,2.832843591798971e-05,5.0107977798914644e-05,6.810745116497276e-05,4.458693235829529e-05
425,0.648,20000,20,-0.00028801335584436157,-0.0005204112283305097,-0.0008084245841748713,-0.00023239787248614815,2.768268283722953e-05,4.970511332213002e-05,6.710321162937101e-05,4.439614203834279e-05
425,0.649,20000,20,-0.000278942026342423,-0.0005154882183237003,-0.0007944302446661232,-0.0002365461919812773,2.7033618638715715e-05,4.928133423800088e-05,6.608606097677641e-05,4.417652574089476e-05
425,0.65,20000,20,-0.00026986922809952674,-0.0005101233437530905,-0.0007799925718526173,-0.0002402541156535637,2.6382530555593686e-05,4.883852616770544e-05,6.505890863009173e-05,4.392968838225858e-05
425,0.651,20000,20,-0.00026081566235120255,-0.0005043349998980103,-0.0007651506622492129,-0.00024351933754680784,2.573065707974521e-05,4.8378485920425435e-05,6.402447309409063e-05,4.36572568130495e-05
425,0.652,20000,20,-0.00025180111042079486,-0.0004981425026892533,-0.0007499436131100481,-0.0002463413922684585,2.5079184398437473e-05,4.790290654083477e-05,6.298526457508787e-05,4.3360861807714844e-05
425,0.653,20000,20,-0.00024284438316064813,-0.0004915659862457854,-0.0007344103694064335,-0.0002487216030851371,2.4429243195091723e-05,4.741336440953131e-05,6.194357053756871e-05,4.304212081774247e-05
425,0.654,20000,20,-0.0002339632784028592,-0.0004846262988415912,-0.0007185895772444506,-0.000250663020438732,2.3781905853919312e-05,4.691130865054086e-05,6.090144452995149e-05,4.270262175636556e-05
425,0.655,20000,20,-0.0002251745463133152,-0.0004773448980220022,-0.0007025194443353172,-0.00025217035170868693,2.313818410409806e-05,4.6398053057868874e-05,5.9860698559667244e-05,4.234390806645694e-05
425,0.656,20000,20,-0.00021649386248507623,-0.0004697437455734762,-0.0006862376080585523,-0.00025324988308839986,2.2499027133662764e-05,4.58747707021985e-05,5.8822899231950316e-05,4.1967465301456856e-05
425,0.657,20000,20,-0.0002079358085543453,-0.000461845203029892,-0.0006697810115842373,-0.00025390939447554665,2.1865320196507727e-05,4.5342491320451494e-05,5.7789367788426896e-05,4.157470942166625e-05
425,0.658,20000,20,-0.00019951386007442418,-0.0004536719283721862,-0.0006531857884466103,-0.00025415806829776197,2.1237883728038495e-05,4.4802101526744066e-05,5.6761184092911394e-05,4.1166976975330075e-05
425,0.659,20000,20,-0.00019124038134043811,-0.0004452467745471568,-0.000636487155887595,-0.0002540063932067188,2.0617472976311778e-05,4.425434781542893e-05,5.573919451575123e-05,4.074551729615248e-05
425,0.66,20000,20,-0.00018312662682022494,-0.0004365926903958337,-0.0006197193172160586,-0.0002534660635756087,2.000477814624209e-05,4.369984225788043e-05,5.472402356825733e-05,4.0311486806973605e-05
425,0.661,20000,20,-0.0001751827488146982,-0.0004277326245424708,-0.0006029153733571691,-0.0002525498757277726,1.9400425044942972e-05,4.3139070727112496e-05,5.371608903938463e-05,3.9865945474294646e-05
425,0.662,20000,20,-0.0001674178109441267,-0.0004186894327524563,-0.0005861072436965829,-0.0002512716218083296,1.8804976206828733e-05,4.2572403420901074e-05,5.271562029227113e-05,3.94098554113534e-05
425,0.663,20000,20,-0.00015983980703508757,-0.00040948578922176684,-0.0005693255962568543,-0.0002496459821866792,1.821893246806711e-05,4.200010739735941e-05,5.172267929283479e-05,3.894408157990105e-05
425,0.664,20000,20,-0.0001524556849661344,-0.000400144102212506,-0.0005525997871786403,-0.00024768841724637165,1.764273495165243e-05,4.142236078911679e-05,5.073718387029178e-05,3.846939449417215e-05
425,0.665,20000,20,-0.00014527137501838016,-0.00039068643439916595,-0.0005359578094175461,-0.0002454150593807857,1.7076767417072883e-05,4.0839268325166604e-05,4.975893265349126e-05,3.798647478628199e-05
425,0.666,20000,20,-0.00013829182226992912,-0.0003811344282389744,-0.0005194262505089035,-0.00024284260596904532,1.652135892252318e-05,4.025087776430059e-05,4.878763108970942e-05,3.749591945187399e-05
425,0.667,20000,20,-0.0001315210225702412,-0.00037150923662767314,-0.0005030302591979144,-0.0002399882140574319,1.5976786743089456e-05,3.9657196831450854e-05,4.7822917935341206e-05,3.699824955960498e-05
425,0.668,20000,20,-0.00012496206163172845,-0.0003618314590497193,-0.00048679352068144773,-0.00023686939741799075,1.5443279485451856e-05,3.905821024819223e-05,4.6864391610945404e-05,3.649391917911098e-05
425,0.669,20000,20,-0.00011861715678095805,-0.0003521210833798533,-0.0004707382401608113,-0.00023350392659889514,1.4921020338509705e-05,3.8453896460514504e-05,4.591163583545594e-05,3.598332526030437e-05
425,0.67,20000,20,-0.0001124877009203965,-0.0003423974334415956,-0.00045488513436199194,-0.00022990973252119893,1.4410150399945052e-05,3.78442436896276e-05,4.4964243994189584e-05,3.5466818182759156e-05
425,0.671,20000,20,-0.00010657430826343918,-0.00033267912237810836,-0.0004392534306415477,-0.00022610481411466937,1.3910772021056754e-05,3.722926496348905e-05,4.4021841749932524e-05,3.494471268777118e-05
425,0.672,20000,20,-0.00010087686142013646,-0.00032298401184235187,-0.0004238608732624882,-0.00022210715042221543,1.3422952116091436e-05,3.660901182613914e-05,4.308410747268917e-05,3.441729890732749e-05
425,0.673,20000,20,-9.539455942830773e-05,-0.0003133291769670472,-0.00040872373639535474,-0.0002179346175387394,1.2946725387588705e-05,3.5983586466848566e-05,4.2150790138172564e-05,3.388485321327713e-05
425,0.674,20000,20,-9.012596634424897e-05,-0.0003037308770310058,-0.00039385684337525477,-0.0002136049106867569,1.2482097425705964e-05,3.5353152059567966e-05,4.122172442431294e-05,3.334764862579522e-05
425,0.675,20000,20,-8.506906002871489e-05,-0.00029420453169723827,-0.0003792735917259532,-0.00020913547166852343,1.2029047646812864e-05,3.471794115335199e-05,4.02968428156556e-05,3.280596454189627e-05
425,0.676,20000,20,-8.022128078696223e-05,-0.0002847647026602524,-0.00036498598344721463,-0.00020454342187329016,1.1587532044540751e-05,3.407826200463563e-05,3.93761846045626e-05,3.226009557126439e-05
425,0.677,20000,20,-7.55795795460789e-05,-0.00027542508050536153,-0.0003510046600514403,-0.00019984550095928253,1.1157485734616158e-05,3.3434502791035354e-05,3.8459901753169354e-05,3.17103592969299e-05
425,0.678,20000,20,-7.11404652783074e-05,-0.0002661984765518619,-0.0003373389418301692,-0.0001950580112735545,1.0738825282882575e-05,3.2787133692581795e-05,3.7548261649160956e-05,3.1157102811223775e-05
425,0.679,20000,20,-6.690005140530335e-05,-0.00025709681942482596,-0.00032399687083012926,-0.0001901967680195226,1.0331450813619292e-05,3.2136706869123665e-05,3.66416468502977e-05,3.0600707911917635e-05
425,0.68,20000,20,-6.285410094499349e-05,-0.00024813115607710205,-0.0003109852570220954,-0.00018527705513210848,9.93524790232812e-06,3.148385440149853e-05,3.574055196643899e-05,3.004159487852169e-05
425,0.681,20000,20,-5.899807018963954e-05,-0.00023931165696403582,-0.00029830972715367535,-0.00018031358677439628,9.550089263347267e-06,3.0829284298661374e-05,3.4845577873312335e-05,2.9480224783507084e-05
425,0.682,20000,20,-5.5327150730636544e-05,-0.0002306476250584514,-0.000285974775789088,-0.00017532047432781481,9.175836247783434e-06,3.017377470321011e-05,3.395742348956945e-05,2.891710032701193e-05
425,0.683,20000,20,-5.183630967223959e-05,-0.00022214750838255807,-0.0002739838180547976,-0.0001703111987103185,8.812340171201398e-06,2.9518166453765977e-05,3.307687537824368e-05,2.835276521580472e-05
425,0.684,20000,20,-4.8520327902602704e-05,-0.00021381891572664203,-0.0002623392436292448,-0.0001652985878240394,8.459443493203907e-06,2.8863354184691844e-05,3.220479545627044e-05,2.778780213746923e-05
425,0.685,20000,20,-4.537383631602868e-05,-0.00020566863522152983,-0.00025104247153755844,-0.00016029479890550111,8.116980872461633e-06,2.821027616198657e-05,3.134210711212206e-05,2.722282940862648e-05
425,0.686,20000,20,-4.2391349904979504e-05,-0.00019770265543274132,-0.0002400940053377208,-0.00015531130552776175,7.784780120954278e-06,2.7559903069230207e-05,3.0489780042755905e-05,2.6658496401303348e-05
425,0.687,20000,20,-3.956729966401291e-05,-0.00018992618864881254,-0.00022949348831282544,-0.00015035888898479963,7.462663080254304e-06,2.6913225969523148e-05,2.9648814127901617e-05,2.6095477874167263e-05
425,0.6880000000000001,20000,20,-3.689606227024301e-05,-0.0001823436960441718,-0.00021923975831441477,-0.00014544763377392878,7.1504464407573255e-06,2.6271243678732316e-05,2.882022266302817e-05,2.5534467355173496e-05
425,0.6890000000000001,20000,20,-3.437198752603286e-05,-0.000174958914407992,-0.00020933090193402484,-0.00014058692688195918,6.847942522011958e-06,2.56349497922364e-05,2.800501527282252e-05,2.4976169739163327e-05
425,0.6900000000000001,20000,20,-3.198942356930082e-05,-0.0001677748841442588,-0.0001997643077135596,-0.00013578546057495792,6.554960028921511e-06,2.500531961180384e-05,2.7204180825140396e-05,2.442129327802899e-05
425,0.6910000000000001,20000,20,-2.9742739874961076e-05,-0.0001607939782645782,-0.0001905367181395393,-0.00013105123838961708,6.271304794794182e-06,2.4383297221174732e-05,2.641867066138902e-05,2.3870541152135086e-05
425,0.6920000000000001,20000,20,-2.7626348087546945e-05,-0.00015401793211363647,-0.0001816442802011834,-0.00012639158402608948,5.996780518225086e-06,2.376978295811656e-05,2.564938245312281e-05,2.332460281961732e-05
425,0.6930000000000001,20000,20,-2.5634720739917105e-05,-0.00014744787358731573,-0.00017308259432723285,-0.00012181315284739867,5.731189496814466e-06,2.316562152680634e-05,2.4897144985945754e-05,2.2784145344779903e-05
425,0.6940000000000001,20000,20,-2.3762407926093783e-05,-0.00014108435362491974,-0.00016484676155101356,-0.00011732194569882594,5.474333356962519e-06,2.2571590986859867e-05,2.416270416002452e-05,2.2249804907855394e-05
425,0.6950000000000001,20000,20,-2.2004052007688227e-05,-0.00013492737677928978,-0.00015693142878697806,-0.00011292332477160156,5.226013775604906e-06,2.1988392843588873e-05,2.3446710480791077e-05,2.1722178695599743e-05
425,0.6960000000000001,20000,20,-2.0354400443052776e-05,-0.00012897643169150087,-0.00014933083213455363,-0.00010862203124844807,4.986033186913654e-06,2.141664344752647e-05,2.2749708292791286e-05,2.120181736530784e-05
425,0.6970000000000001,20000,20,-1.8808316836261288e-05,-0.00012323052131981818,-0.0001420388381560794,-0.00010442220448355686,4.754195464792243e-06,2.0856866889360777e-05,2.2072126983089806e-05,2.068921826358572e-05
425,0.6980000000000001,20000,20,-1.7360790309303836e-05,-0.00011768819279535608,-0.00013504898310465996,-0.00010032740248605225,4.530306570515068e-06,2.030948954877751e-05,2.14142743472754e-05,2.0184819565434136e-05
425,0.6990000000000001,20000,20,-1.6006943305539545e-05,-0.00011234756679902593,-0.00012835451010456548,-9.634062349348639e-05,4.3141751541305096e-06,1.9774836422196296e-05,2.0776332270287574e-05,1.9688995478817178e-05
425,0.7000000000000001,20000,20,-1.4742037935547668e-05,-0.00010720636637553587,-0.00012194840431108353,-9.246432843998818e-05,4.105613098255088e-06,1.9253129315208095e-05,2.015835482581765e-05,1.9202052635013068e-05
425,0.7010000000000001,20000,20,-1.3561480978138991e-05,-0.00010226194512012584,-0.00011582342609826485,-8.870046414198684e-05,3.904435993589473e-06,1.8744486941328468e-05,1.9560268842349013e-05,1.872422775599494e-05
425,0.7020000000000001,20000,20,-1.246082764952969e-05,-9.751131469210105e-05,-0.00010997214234163073,-8.505048704257137e-05,3.71046353680941e-06,1.824892692058655e-05,1.8981876922140615e-05,1.8255686657436545e-05
425,0.7030000000000001,20000,20,-1.1435784252647435e-05,-9.295117162582222e-05,-0.00010438695587846965,-8.151538737317478e-05,3.523519843322571e-06,1.7766369621045287e-05,1.8422862833538173e-05,1.7796524610507952e-05
425,0.704,20000,20,-1.0482209816351197e-05,-8.857792342445664e-05,-9.906013324080784e-05,-7.809571360810544e-05,3.3434336696170564e-06,1.729664373558485e-05,1.78827991295766e-05,1.7346768048514555e-05
425,0.705,20000,20,-9.596116831125679e-06,-8.438771393430886e-05,-9.398383076543454e-05,-7.479159710318318e-05,3.170038542425293e-06,1.6839493437443512e-05,1.7361156780137296e-05,1.6906377566936768e-05
425,0.706,20000,20,-8.773671183692807e-06,-8.037644800788092e-05,-8.915011919157371e-05,-7.16027768241881e-05,3.0031727945556274e-06,1.639458691350591e-05,1.6857316544523268e-05,1.647525212901638e-05
425,0.707,20000,20,-8.011191388091215e-06,-7.653981547185102e-05,-8.455100685994226e-05,-6.85286240837598e-05,2.842679509869246e-06,1.5961526036473165e-05,1.6370581759786003e-05,1.605323435522712e-05
425,0.708,20000,20,-7.305147205258425e-06,-7.28733144219784e-05,-8.017846162723682e-05,-6.556816721671998e-05,2.6884063823851777e-06,1.553985690789775e-05,1.590019218073111e-05,1.5640116745260915e-05
425,0.709,20000,20,-6.652157737131537e-06,-6.93722738705224e-05,-7.602443160765393e-05,-6.272011613339089e-05,2.5402054967724062e-06,1.5129080985174525e-05,1.5445338482776715e-05,1.5235648656885636e-05
425,0.71,20000,20,-6.0489890749003765e-06,-6.603187577324237e-05,-7.208086484814273e-05,-5.998288669834199e-05,2.3979330394526587e-06,1.472866649789472e-05,1.5005177030310624e-05,1.4839543848274052e-05
425,0.711,20000,20,-5.492551574426735e-06,-6.284717646253353e-05,-6.833972803696025e-05,-5.7354624888106795e-05,2.2614489511241956e-06,1.4338059862705358e-05,1.457884452128493e-05,1.4451488379897986e-05
425,0.712,20000,20,-4.979896825105894e-06,-5.9813127510947945e-05,-6.479302433605386e-05,-5.483323068584206e-05,2.1306165326863345e-06,1.3956696820464345e-05,1.4165472142703803e-05,1.4071148669163948e-05
425,0.713,20000,20,-4.508214371705231e-06,-5.692459604543133e-05,-6.143281041713656e-05,-5.241638167372609e-05,2.0053020172756594e-06,1.3584013043842823e-05,1.3764198909479078e-05,1.3698179495533649e-05
425,0.714,20000,20,-4.074828242072761e-06,-5.417638452734323e-05,-5.825121276941599e-05,-5.010155628527046e-05,1.885374121420996e-06,1.321945399586854e-05,1.3374183908048478e-05,1.3332231765421517e-05
425,0.715,20000,20,-3.6771933271598035e-06,-5.156325000695702e-05,-5.524044333411682e-05,-4.7886056679797203e-05,1.7707035882042596e-06,1.2862483858099795e-05,1.2994617222766691e-05,1.2972959863812491e-05
425,0.716,20000,20,-3.3128916536268118e-06,-4.907992285394716e-05,-5.239281450757396e-05,-4.576703120032034e-05,1.661162734813568e-06,1.2512593388866247e-05,1.262472938374556e-05,1.262002844214135e-05
425,0.717,20000,20,-2.9796285834717544e-06,-4.6721124957649515e-05,-4.970075354112128e-05,-4.374149637417777e-05,1.5566250160409858e-06,1.2169306615011555e-05,1.2263799235974243e-05,1.2273118518175193e-05
425,0.718,20000,20,-2.6752289696905497e-06,-4.4481587382913396e-05,-4.715681635260395e-05,-4.180635841322285e-05,1.456964614164549e-06,1.1832186302700915e-05,1.1911160188005283e-05,1.1931932792015702e-05
425,0.719,20000,20,-2.3976332919963008e-06,-4.2356067459444876e-05,-4.475370075144117e-05,-3.995843416744857e-05,1.3620560643239146e-06,1.1500838192306585e-05,1.1566204851647292e-05,1.159620011148865e-05
425,0.72,20000,20,-2.144893792117902e-06,-4.033936527493868e-05,-4.248425906705659e-05,-3.819447148282078e-05,1.2717739230123809e-06,1.1174914017735125e-05,1.1228388130054304e-05,1.1265679048815045e-05
425,0.721,20000,20,-1.915170624191147e-06,-3.842633953528301e-05,-4.034151015947416e-05,-3.651116891109186e-05,1.1859924857267745e-06,1.0854113360833617e-05,1.0897228849188082e-05,1.0940160577453942e-05
425,0.722,20000,20,-1.7067280322526629e-06,-3.661192274892059e-05,-3.831865078117326e-05,-3.490519471666794e-05,1.1045855581977999e-06,1.0538184416147317e-05,1.0572310056378285e-05,1.0619469862475304e-05
425,0.723,20000,20,-1.5179305638487744e-06,-3.4891135687292214e-05,-3.6409066251141004e-05,-3.337320512344346e-05,1.0274262840200587e-06,1.022692376013647e-05,1.0253278129752104e-05,1.0303467199124068e-05
425,0.724,20000,20,-1.3472393262633056e-06,-3.325910106933537e-05,-3.4606340395598685e-05,-3.191186174307207e-05,9.543870299583278e-07,9.920175232152356e-06,9.939840854247922e-06,9.992048151973018e-06
425,0.725,20000,20,-1.1932082898305626e-06,-3.171105641541896e-05,-3.290426470524953e-05,-3.0517848125588395e-05,8.853393287640295e-07,9.617828042440341e-06,9.63176462470443e-06,9.685142961067153e-06
425,0.726,20000,20,-1.0544806412032968e-06,-3.0242366014967605e-05,-3.129684665617089e-05,-2.9187885373764304e-05,8.201538780234887e-07,9.319814225769363e-06,9.328870935256476e-06,9.382715291764261e-06
425,0.727,20000,20,-9.29785188255473e-07,-2.8848531952428706e-05,-2.9778317140684176e-05,-2.7918746764173233e-05,7.587005924008783e-07,9.026105558682693e-06,9.031032308187122e-06,9.08476041177006e-06
425,0.728,20000,20,-8.179328174762224e-07,-2.75252041381926e-05,-2.834313695566883e-05,-2.6707271320716376e-05,7.008487056488365e-07,8.736710054560976e-06,8.738167805677418e-06,8.791302882461492e-06
425,0.729,20000,20,-7.178130042118689e-07,-2.6268189294577588e-05,-2.698600229878946e-05,-2.555037629036572e-05,6.464669179474068e-07,8.451668144422e-06,8.450238255680768e-06,8.502393852386828e-06
425,0.73,20000,20,-6.28390375890315e-07,-2.507345885197294e-05,-2.570184922786326e-05,-2.4445068476082617e-05,5.954235834986378e-07,8.171048643335562e-06,8.16724130941011e-06,8.218108039259988e-06
425,0.731,20000,20,-5.487013283716499e-07,-2.3937155716620247e-05,-2.44858570449919e-05,-2.33884543882486e-05,5.47586932847197e-07,7.89494459313005e-06,7.889206433503553e-06,7.938540483288033e-06
425,0.732,20000,20,-4.778506957619997e-07,-2.285559987915905e-05,-2.3333450574921047e-05,-2.2377749183397048e-05,5.028253241077531e-07,7.62346906224046e-06,7.6161899254996705e-06,7.663803149724055e-06
425,0.733,20000,20,-4.150084743611638e-07,-2.1825292841833717e-05,-2.2240301316194882e-05,-2.1410284367472556e-05,4.610075171466499e-07,7.3567509735432365e-06,7.348270027330218e-06,7.394021452540595e-06
425,0.734,20000,20,-3.5940660184367353e-07,-2.084292085195079e-05,-2.1202327453794472e-05,-2.0483514250107118e-05,4.2200296477317453e-07,7.094931021195618e-06,7.0855421985027955e-06,7.129330764443368e-06
425,0.735,20000,20,-3.103357932588998e-07,-1.9905356939601912e-05,-2.0215692732860812e-05,-1.959502114634301e-05,3.856821151285591e-07,6.838157728117369e-06,6.8281145987520294e-06,6.869872971415999e-06
425,0.736,20000,20,-2.6714243594133714e-07,-1.9009661768596685e-05,-1.9276804204538025e-05,-1.8742519332655355e-05,3.519167197004764e-07,6.586583687017293e-06,6.576103819334002e-06,6.615793122877626e-06
425,0.737,20000,20,-2.2922554591575128e-07,-1.815308332075741e-05,-1.838230886667317e-05,-1.7923857774841663e-05,3.2058014171938774e-07,6.340362019900154e-06,6.3296308928830574e-06,6.367236221562287e-06
425,0.738,20000,20,-1.960337888355901e-07,-1.7333055444978454e-05,-1.7529089233814054e-05,-1.7137021656142868e-05,2.9154766009233847e-07,6.099643083864492e-06,6.088817603837481e-06,6.124344190562878e-06
425,0.739,20000,20,-1.6706256888414605e-07,-1.6547195313509282e-05,-1.6714257882393428e-05,-1.6380132744625136e-05,2.646967644825147e-07,5.864571444735879e-06,5.853783114806978e-06,5.8872530487383225e-06
425,0.74,20000,20,-1.418511893787313e-07,-1.5793299838561243e-05,-1.5935151027939973e-05,-1.5651448649182512e-05,2.399074376325284e-07,5.6352831346574484e-06,5.624640918802613e-06,5.656090319938631e-06
425,0.741,20000,20,-1.1998008903531328e-07,-1.5069341112345248e-05,-1.518932120138056e-05,-1.4949361023309935e-05,2.1706242154131698e-07,5.411903205126738e-06,5.401496122848788e-06,5.430972696291373e-06
425,0.742,20000,20,-1.0106815796649731e-07,-1.437346094282241e-05,-1.4474529100788912e-05,-1.4272392784855912e-05,1.960474646250517e-07,5.194543583049037e-06,5.184443065000632e-06,5.212003971116152e-06
425,0.743,20000,20,-8.477013749517316e-08,-1.3703964565619418e-05,-1.3788734703114591e-05,-1.3619194428124242e-05,1.7675154751023885e-07,4.9833012340770176e-06,4.973563264040882e-06,4.999273252862318e-06
425,0.744,20000,20,-7.077410776982286e-08,-1.3059313619569028e-05,-1.3130087727338853e-05,-1.2988539511799204e-05,1.5906708561211598e-07,4.778256634713904e-06,4.768923698964526e-06,4.792853467745454e-06
425,0.745,20000,20,-5.879906696888585e-08,-1.2438118479063429e-05,-1.2496917546032314e-05,-1.2379319412094541e-05,1.4289010713554176e-07,4.579472552254865e-06,4.570575413614294e-06,4.592800155418293e-06
425,0.746,20000,20,-4.8592605587465306e-08,-1.1839130040757235e-05,-1.1887722646344696e-05,-1.1790537435169768e-05,1.281204055922962e-07,4.386993129506138e-06,4.378552440347993e-06,4.399150558965789e-06
425,0.747,20000,20,-3.992867891928595e-08,-1.1261231065069249e-05,-1.1301159743988534e-05,-1.122130238614996e-05,1.1466166635320126e-07,4.20084326923354e-06,4.19287103525157e-06,4.211923007669976e-06
425,0.748,20000,20,-3.2605480391592656e-08,-1.0703427174373057e-05,-1.0736032654764652e-05,-1.0670821693981468e-05,1.024215671422214e-07,4.0210283113371556e-06,4.013529216025553e-06,4.0311165882533e-06
425,0.749,20000,20,-2.6443417893339432e-08,-1.0164837609744205e-05,-1.0191281027637546e-05,-1.0138394191850862e-05,9.131185273062146e-08,3.847533993727937e-06,3.840506592154323e-06,3.85671109759358e-06
425,0.75,20000,20,-2.1283194671533427e-08,-9.644685846667598e-06,-9.665969041339133e-06,-9.623402651996066e-06,8.124838440096188e-08,3.680326685709383e-06,3.6737644752240168e-06,3.6886672671314175e-06
425,0.751,20000,20,-1.698399577109592e-08,-9.142290167283098e-06,-9.159274163054192e-06,-9.125306171512002e-06,7.215116502341344e-08,3.519353880293124e-06,3.513246255232509e-06,3.5269272463139566e-06
425,0.752,20000,20,-1.3421780374577941e-08,-8.657054282624164e-06,-8.670476062998742e-06,-8.643632502249586e-06,6.394434082062099e-08,3.364544929267117e-06,3.3588780263999963e-06,3.371415329402085e-06
425,0.753,20000,20,-1.0487679773319792e-08,-8.188458093019394e-06,-8.198945772792712e-06,-8.177970413246074e-06,5.655618109374234e-08,3.2158120020069773e-06,3.2105694433626983e-06,3.2220389068243406e-06
425,0.754,20000,20,-8.086500084440262e-09,-7.736048668497509e-06,-7.74413516858195e-06,-7.727962168413066e-06,4.991903734263678e-08,3.0730512460193905e-06,3.068214785765559e-06,3.0786896190279872e-06
425,0.755,20000,20,-6.135328230481433e-09,-7.2994315238146035e-06,-7.305566852045084e-06,-7.293296195584123e-06,4.396928333949769e-08,2.936144124120917e-06,2.9316942062592698e-06,2.941244687536246e-06
425,0.756,20000,20,-4.5622391314419795e-09,-6.878262254778558e-06,-6.882824493910001e-06,-6.873700015647117e-06,3.864723780978076e-08,2.8049589001161666e-06,2.800875133891597e-06,2.809568394791301e-06
425,0.757,20000,20,-3.305101531718107e-09,-6.472238594033439e-06,-6.475543695565154e-06,-6.46893349250172e-06,3.389707143915353e-08,2.6793522419991753e-06,2.6756138020248906e-06,2.6835136814874304e-06
425,0.758,20000,20,-2.3104794048605405e-09,-6.0810929355771416e-06,-6.083403414982003e-06,-6.0787824561722814e-06,2.9666699963018545e-08,2.5591709092485036e-06,2.555756867407979e-06,2.5629238276542616e-06
425,0.759,20000,20,-1.5326254532166733e-09,-5.704585368179608e-06,-5.706117993632826e-06,-5.703052742726392e-06,2.5907665108141026e-08,2.444253488906717e-06,2.441143085077494e-06,2.447634181912477e-06
425,0.76,20000,20,-9.325628518927704e-10,-5.3424972487237095e-06,-5.343429811575603e-06,-5.3415646858718175e-06,2.2575005146562177e-08,2.334432144016956e-06,2.331605002558328e-06,2.3374739022711933e-06
425,0.761,20000,20,-4.77251079892518e-10,-4.994625337464761e-06,-4.995102588544653e-06,-4.9941480863848675e-06,1.962711679259128e-08,2.229534337796211e-06,2.2269706365467642e-06,2.2322676717209457e-06
425,0.762,20000,20,-1.388314370431629e-10,-4.660776508450811e-06,-4.660915339887854e-06,-4.660637677013767e-06,1.7025610126571066e-08,2.1293844977830213e-06,2.1270650960264265e-06,2.131837352816521e-06
425,0.763,20000,20,1.0605233672968237e-10,-4.340763040000069e-06,-4.340656987663341e-06,-4.340869092336799e-06,1.4735158166518727e-08,2.0338055861807395e-06,2.0317121176668773e-06,2.0360035475062224e-06
425,0.764,20000,20,2.7686304451714343e-10,-4.0343984823159095e-06,-4.0341216192713926e-06,-4.034675345360427e-06,1.2723342632835713e-08,1.9426205457383215e-06,1.940735482404444e-06,1.9445870316551025e-06
425,0.765,20000,20,3.897133857940956e-10,-3.741494092136567e-06,-3.7411043787507715e-06,-3.7418838055223586e-06,1.0960497364123688e-08,1.8556535947152343e-06,1.853960286254367e-06,1.8574100379710747e-06
425,0.766,20000,20,4.5784845639327445e-10,-3.4618558178493017e-06,-3.461397969392908e-06,-3.4623136663056947e-06,9.419550745781436e-09,1.7727313496450693e-06,1.7712140435343383e-06,1.7742973662518075e-06
425,0.767,20000,20,4.920721296097723e-10,-3.1952818128109856e-06,-3.1947897406813736e-06,-3.195773884940595e-06,8.07586840938764e-09,1.6936837605655105e-06,1.69232760661411e-06,1.6950773058475975e-06
425,0.768,20000,20,5.011219657354078e-10,-2.9415604497521554e-06,-2.9410593277864206e-06,-2.9420615717178903e-06,6.907097351786355e-09,1.6183448498941053e-06,1.6171358928171025e-06,1.6195823617549793e-06
425,0.769,20000,20,4.919971700395122e-10,-2.700468805122544e-06,-2.699976807952505e-06,-2.7009608022925838e-06,5.8930125100210905e-09,1.5465532529400649e-06,1.5454784159264285e-06,1.5476497825598066e-06
425,0.77,20000,20,4.702439574672806e-10,-2.4717715790672833e-06,-2.471301335109817e-06,-2.4722418230247516e-06,5.015366713503121e-09,1.4781525648760605e-06,1.4771996266108439e-06,1.4791218952630904e-06
425,0.771,20000,20,4.4020249182060666e-10,-2.2552204143900796e-06,-2.2547802118982593e-06,-2.2556606168819003e-06,4.257744819611353e-09,1.4129915055719493e-06,1.4121490727042182e-06,1.4138462585725087e-06
425,0.772,20000,20,4.052193535550147e-10,-2.0505535763330356e-06,-2.0501483569794807e-06,-2.0509587956865906e-06,3.6054227247668167e-09,1.3509239197489682e-06,1.3501813963763402e-06,1.3516756522646687e-06
425,0.773,20000,20,3.678292590747667e-10,-1.8574959542378305e-06,-1.8571281249787548e-06,-1.8578637834969047e-06,3.0452318312502586e-09,1.2918086352044144e-06,1.291156190576427e-06,1.2924679254772102e-06
425,0.774,20000,20,3.2990951073382696e-10,-1.675759346091955e-06,-1.6754294365812212e-06,-1.676089255602689e-06,2.565429441844887e-09,1.2355092061707013e-06,1.2349377414982346e-06,1.2360857310659298e-06
425,0.775,20000,20,2.928104055281256e-10,-1.505042987540873e-06,-1.5047501771353448e-06,-1.5053357979464007e-06,2.1555754508667024e-09,1.1818935720328313e-06,1.1813946870287573e-06,1.182396176286241e-06
425,0.776,20000,20,2.574645761239739e-10,-1.3450342880870971e-06,-1.3447768235109736e-06,-1.3452917526632217e-06,1.806415602219929e-09,1.1308336634985664e-06,1.1303996230630851e-06,1.131270421895962e-06
425,0.777,20000,20,2.244779843881085e-10,-1.1954097388203175e-06,-1.1951852608359293e-06,-1.195634216804706e-06,1.509771493569211e-09,1.0822049888047858e-06,1.0818286901036805e-06,1.0825832622373273e-06
425,0.778,20000,20,1.9420503843716597e-10,-1.0558359580467214e-06,-1.0556417530082845e-06,-1.0560301630851585e-06,1.2584374211788003e-09,1.0358862316097354e-06,1.0355611716703668e-06,1.0362127178988976e-06
425,0.779,20000,20,1.6681006237745387e-10,-9.259708435265318e-07,-9.258040334641543e-07,-9.261376535889094e-07,1.0460840829077799e-09,9.917588898777972e-07,9.914791337410172e-07,9.920396701963385e-07
425,0.78,20000,20,1.4231711581474597e-10,-8.054648026045659e-07,-8.053224854887514e-07,-8.05607119720381e-07,8.671690875947537e-10,9.497069813873404e-07,9.494671307985065e-07,9.499475630209353e-07
425,0.781,20000,20,1.2064993983979717e-10,-6.939620342507946e-07,-6.938413843109549e-07,-6.940826841906346e-07,7.168541577891136e-10,9.096168366286423e-07,9.094119992224605e-07,9.098221927313989e-07
425,0.782,20000,20,1.0166359903122938e-10,-5.911018398413337e-07,-5.910001762423027e-07,-5.912035034403651e-07,5.90928859531679e-10,8.713769940253607e-07,8.712027529525337e-07,8.715516009251019e-07
425,0.783,20000,20,8.516919611244644e-11,-4.965199423386122e-07,-4.964347731424997e-07,-4.966051115347245e-07,4.857406475624678e-10,8.348782058980709e-07,8.347305898518495e-07,8.350260784075549e-07
425,0.784,20000,20,7.095285790788048e-11,-4.098497963100986e-07,-4.097788434521907e-07,-4.099207491680064e-07,3.9813097673154855e-10,8.000135567403764e-07,7.99889010363615e-07,8.001382818318598e-07
425,0.785,20000,20,5.879002845863292e-11,-3.3072387390681977e-07,-3.306650838783609e-07,-3.3078266393527835e-07,3.2537720020004e-10,7.666786885877402e-07,7.665740432714249e-07,7.667834576934864e-07
425,0.786,20000,20,4.8455957562785725e-11,-2.587749144603763e-07,-2.587264585028137e-07,-2.588233704179391e-07,2.6513995184348936e-10,7.347721219305082e-07,7.346845670487715e-07,7.348597620439359e-07
425,0.787,20000,20,3.9733140318087275e-11,-1.9363712771575765e-07,-1.9359739457543952e-07,-1.9367686085607578e-07,2.1541569363707324e-10,7.041956551404491e-07,7.041227098008542e-07,7.042686588141752e-07
425,0.788,20000,20,3.241634496225726e-11,-1.3494734286923434e-07,-1.3491492652427214e-07,-1.3497975921419683e-07,1.7449409818325988e-10,6.748548210731985e-07,6.747943064910792e-07,6.749153753435177e-07
425,0.789,20000,20,2.631576175180212e-11,-8.234609750827382e-08,-8.231978174652208e-08,-8.237241327002564e-08,1.4091993136703783e-10,6.466593766181043e-07,6.466093892471753e-07,6.467093908321414e-07
425,0.79,20000,20,2.1258713982725732e-11,-3.547866224286938e-08,-3.545740352888662e-08,-3.5499920956852147e-08,1.1345909979621262e-10,6.19523799620735e-07,6.194826851869509e-07,6.195649321035891e-07
425,0.791,20000,20,1.7090292629857017e-11,6.0040017278051064e-09,6.021092020435033e-09,5.986911435175365e-09,9.106853159646113e-11,5.933677678068198e-07,5.933340963974972e-07,5.934014512816906e-07
425,0.792,20000,20,1.3673207498743015e-11,4.244435364957419e-08,4.245802685707311e-08,4.243068044207562e-08,7.286956667684906e-11,5.681165959751033e-07,5.680891383304234e-07,5.681440616389667e-07
425,0.793,20000,20,1.0887089248006938e-11,7.4177453389342e-08,7.418834047858998e-08,7.416656630009398e-08,5.8124543168227205e-11,5.437016105831796e-07,5.436793157231203e-07,5.43723910742623e-07
425,0.794,20000,20,8.627427149323841e-12,1.015302105099972e-07,1.0153883793714658e-07,1.0152158308284785e-07,4.621627979458097e-11,5.200604446335179e-07,5.200424189314885e-07,5.200784738177501e-07
425,0.795,20000,20,6.804286022966469e-12,1.2482070140934967e-07,1.2482750569537275e-07,1.2481389712332675e-07,3.6630168928106975e-11,4.97137240145404e-07,4.971227279323894e-07,4.971517546337098e-07
425,0.796,20000,20,5.340911470576668e-12,1.4435755326802316e-07,1.4436289417949384e-07,1.4435221235655259e-07,2.8938611503016022e-11,4.74882750136805e-07,4.7487111588892385e-07,4.7489438586309387e-07
425,0.797,20000,20,4.172304423876582e-12,1.604393932790333e-07,1.6044356558345725e-07,1.6043522097460937e-07,2.2787542364891236e-11,4.5325433662880747e-07,4.5324504875915375e-07,4.5326362545377185e-07
425,0.798,20000,20,3.24382329792286e-12,1.7335436148347697e-07,1.7335760530677483e-07,1.7335111766017904e-07,1.7884812602783417e-11,4.3221586546504726e-07,4.322084817095875e-07,4.3222324983441805e-07
425,0.799,20000,20,2.5098539056274948e-12,1.8337968548740082e-07,1.8338219534130654e-07,1.8337717563349521e-07,1.3990213589874622e-11,4.1173750251369234e-07,4.117316568725629e-07,4.117433485471891e-07
425,0.8,20000,20,1.9325730519557004e-12,1.9078131536052186e-07,1.9078324793357392e-07,1.9077938278746986e-07,1.090694553441579e-11,3.91795418963098e-07,3.917908101341403e-07,3.91800028041469e-07
425,0.801,20000,20,1.4808207483149963e-12,1.9581361709460812e-07,1.958150979153564e-07,1.9581213627385975e-07,8.4743510533129e-12,3.723714158721592e-07,3.7236779709374214e-07,3.7237503480826424e-07
425,0.802,20000,20,1.1290877079344177e-12,1.9871912310663294e-07,1.9872025219434087e-07,1.9871799401892494e-07,6.5617514104706986e-12,3.5345247988671594e-07,3.5344965009212884e-07,3.5345530978046354e-07
425,0.803,20000,20,8.566187082290105e-13,1.9972833838975618e-07,1.9972919500846442e-07,1.9972748177104797e-07,5.063239439327492e-12,3.3503028312195323e-07,3.350280792978639e-07,3.350324870080651e-07
425,0.804,20000,20,6.466281083360957e-13,1.9905960102686325e-07,1.990602476549716e-07,1.9905895439875492e-07,3.893298663355402e-12,3.171006407054739e-07,3.170989313417529e-07,3.1710235010778134e-07
425,0.805,20000,20,4.856209225210868e-13,1.9691899587245481e-07,1.9691948149337728e-07,1.9691851025153222e-07,2.9831326463512307e-12,2.99662939462391e-07,2.996616189794463e-07,2.996642599692136e-07
425,0.806,20000,20,3.6281106238348866e-13,1.935003202679469e-07,1.935006830790093e-07,1.9349995745688458e-07,2.277602085984369e-12,2.8271955079511135e-07,2.8271853483705845e-07,2.827205667678617e-07
425,0.807,20000,20,2.6962741306853087e-13,1.8898510067420335e-07,1.8898537030161643e-07,1.8898483104679038e-07,1.732679578237894e-12,2.6627524005763976e-07,2.66274461544433e-07,2.6627601857984507e-07
425,0.808,20000,20,1.9929808665297788e-13,1.8354265907817238e-07,1.8354285837625903e-07,1.835424597800857e-07,1.313343320873994e-12,2.5033658373200534e-07,2.5033598957036876e-07,2.5033717789912175e-07
425,0.809,20000,20,1.4650332513044708e-13,1.773302279549373e-07,1.7733037445826245e-07,1.7733008145161215e-07,9.918413054370134e-13,2.3491140455678524e-07,2.349109529177581e-07,2.349118561991318e-07
425,0.81,20000,20,1.0708796625360164e-13,1.704931124423485e-07,1.7049321953031477e-07,1.704930053543823e-07,7.462668010311409e-13,2.200082334973781e-07,2.2000789157697576e-07,2.200085754197804e-07
425,0.811,20000,20,7.7825027881541e-14,1.6316489821523302e-07,1.6316497604026086e-07,1.6316482039020513e-07,5.593942038630669e-13,2.0563580613569279e-07,2.0563554832412378e-07,2.0563606394846027e-07
425,0.812,20000,20,5.622272554244951e-14,1.5546770333431716e-07,1.5546775955704267e-07,1.554676471115916e-07,4.1773166895405333e-13,1.9180259973318784e-07,1.9180240612689422e-07,1.9180279334019586e-07
425,0.8130000000000001,20000,20,4.03680496693903e-14,1.4751247209811293e-07,1.4751251246616258e-07,1.4751243173006326e-07,3.1075341609065767e-13,1.7851641591688903e-07,1.7851627111613278e-07,1.7851656071806872e-07
425,0.8140000000000001,20000,20,2.880084660566751e-14,1.3939930865190887e-07,1.393993374527555e-07,1.3939927985106225e-07,2.302802769628019e-13,1.6578401267615275e-07,1.6578390481876586e-07,1.657841205337893e-07
425,0.8150000000000001,20000,20,2.0413138076754798e-14,1.312178478158715e-07,1.312178682290096e-07,1.312178274027334e-07,1.6998199263517552e-13,1.536107881558195e-07,1.5361070814495935e-07,1.5361086816682609e-07
425,0.8160000000000001,20000,20,1.4369155477393496e-14,1.2304766029388887e-07,1.2304767466304435e-07,1.230476459247334e-07,1.2497904840106017e-13,1.420005176015443e-07,1.4200045849178973e-07,1.420005767113842e-07
425,0.8170000000000001,20000,20,1.0042244682458238e-14,1.149586891265544e-07,1.1495869916879908e-07,1.1495867908430969e-07,9.152551382847137e-14,1.3095514376478786e-07,1.309551002766609e-07,1.3095518725296429e-07
425,0.8180000000000001,20000,20,6.9654073300423226e-15,1.0701171396589594e-07,1.0701172093130325e-07,1.070117070004886e-07,6.675750415392111e-14,1.2047462011501675e-07,1.2047458825303686e-07,1.2047465197702522e-07
425,0.8190000000000001,20000,20,4.792783631797594e-15,9.925883948614023e-08,9.925884427892387e-08,9.925883469335662e-08,4.849455650842145e-14,1.1055680534013063e-07,1.1055678209384464e-07,1.1055682858643292e-07
425,0.8200000000000001,20000,20,3.2698511544733244e-15,9.174400401339664e-08,9.174400728324777e-08,9.174400074354548e-08,3.5083478205512584e-14,1.0119740684685669e-07,1.0119738995798934e-07,1.011974237357333e-07
425,0.8210000000000001,20000,20,2.2105174287583747e-15,8.450350426617445e-08,8.45035064766919e-08,8.450350205565703e-08,2.527612753269967e-14,9.238997030359655e-08,9.238995808559612e-08,9.23899825216023e-08
425,0.8220000000000001,20000,20,1.4796268763887529e-15,7.756653195539873e-08,7.75665334350256e-08,7.756653047577183e-08,1.8134178610953093e-14,8.412591170080188e-08,8.412590289967755e-08,8.412592050192917e-08
425,0.8230000000000001,20000,20,9.796903999026617e-16,7.095571790311547e-08,7.095571888280585e-08,7.095571692342505e-08,1.295524469865126e-14,7.639458793943631e-08,7.639458162696282e-08,7.639459425191149e-08
425,0.8240000000000001,20000,20,6.408853516731024e-16,6.468767930770232e-08,6.468767994858769e-08,6.4687678666817e-08,9.215827987256931e-15,6.918340159634704e-08,6.918339708850554e-08,6.91834061041895e-08
425,0.8250000000000001,20000,20,4.1357074030286e-16,5.87735658130076e-08,5.8773566226578304e-08,5.8773565399436847e-08,6.5274631934886056e-15,6.247793525545931e-08,6.247793205045257e-08,6.247793846046655e-08
425,0.8260000000000001,20000,20,2.6272340184525643e-16,5.321960013042362e-08,5.3219600393147015e-08,5.321959986770022e-08,4.603157615997918e-15,5.6262110633337433e-08,5.626210836470879e-08,5.626211290196634e-08
425,0.8270000000000001,20000,20,1.6383097301516141e-16,4.8027609115837006e-08,4.8027609279667955e-08,4.802760895200602e-08,3.2318283914728946e-15,5.0518367663392986e-08,5.0518366064739595e-08,5.051836926204652e-08
425,0.8280000000000001,20000,20,9.988183228538893e-17,4.31955414154114e-08,4.319554151529323e-08,4.319554131552956e-08,2.258921450654664e-15,4.522785873019047e-08,4.522785760873167e-08,4.522785985164935e-08
425,0.8290000000000001,20000,20,5.917513069773989e-17,3.871796806129609e-08,3.871796812047121e-08,3.8717968002120957e-08,1.5717858658807723e-15,4.0370653357827596e-08,4.037065257470181e-08,4.0370654140953436e-08
425,0.8300000000000001,20000,20,3.3739453898088304e-17,3.4586562715354155e-08,3.458656274909361e-08,3.45865626816147e-08,1.0886886951750212e-15,3.59259488470889e-08,3.592594830273741e-08,3.592594939144043e-08
425,0.8310000000000001,20000,20,1.8199829370035244e-17,3.079055861928037e-08,3.07905586374802e-08,3.079055860108054e-08,7.506032614632897e-16,3.187228261660906e-08,3.1872282239985954e-08,3.187228299323218e-08
425,0.8320000000000001,20000,20,8.97249950427743e-18,2.731717970541826e-08,2.7317179714390757e-08,2.7317179696445762e-08,5.150999751206938e-16,2.8187742324295323e-08,2.8187742064940985e-08,2.8187742583649665e-08
425,0.833,20000,20,3.697444844780729e-18,2.415204374581839e-08,2.4152043749515848e-08,2.4152043742120952e-08,3.5182324502258925e-16,2.4850170216641285e-08,2.4850170038887877e-08,2.4850170394394702e-08
425,0.834,20000,20,8.419800169939391e-19,2.1279535858664503e-08,2.127953585950649e-08,2.1279535857822526e-08,2.3915894830510273e-16,2.183735856461518e-08,2.1837358443371648e-08,2.1837358685858708e-08
425,0.835,20000,20,-5.735771524929286e-19,1.8683151141946805e-08,1.8683151141373228e-08,1.8683151142520382e-08,1.6179110130031647e-16,1.912723348452211e-08,1.9127233402223374e-08,1.912723356682084e-08
425,0.836,20000,20,-1.1638803011093128e-18,1.6345805654991884e-08,1.6345805653828005e-08,1.634580565615576e-08,1.0891931426133815e-16,1.669802489955171e-08,1.6698024843961413e-08,1.6698024955142005e-08
425,0.837,20000,20,-1.3059914962280297e-18,1.4250115410271941e-08,1.4250115408965949e-08,1.4250115411577929e-08,7.29648001870548e-17,1.4528420861810316e-08,1.452842082444637e-08,1.4528420899174263e-08
425,0.838,20000,20,-1.224783575952205e-18,1.2378643462374236e-08,1.2378643461149451e-08,1.2378643463599014e-08,4.8635754716850427e-17,1.2597704915091624e-08,1.2597704890103669e-08,1.2597704940079577e-08
425,0.839,20000,20,-1.0494501634103953e-18,1.0714115580462268e-08,1.0714115579412814e-08,1.0714115581511716e-08,3.2255722507052705e-17,1.0885875625831046e-08,1.0885875609204251e-08,1.0885875642457843e-08
425,0.84,20000,20,-8.5037126283893155e-19,9.239605358233969e-09,9.239605357383597e-09,9.239605359084338e-09,2.1283418179966597e-17,9.37374783487967e-09,9.373747823872858e-09,9.373747845886477e-09
425,0.841,20000,20,-6.627784253973556e-19,7.938689945580945e-09,7.938689944918165e-09,7.938689946243722e-09,1.3971197841575548e-17,8.043035578300292e-09,8.043035571051527e-09,8.043035585549053e-09
425,0.842,20000,20,-5.016632822412153e-19,6.795577874380641e-09,6.795577873878977e-09,6.795577874882303e-09,9.123411440843045e-18,6.876416984982906e-09,6.876416980234036e-09,6.876416989731774e-09
425,0.843,20000,20,-3.709600793964148e-19,5.795210693830069e-09,5.795210693459109e-09,5.795210694201028e-09,5.9263246030188434e-18,5.857581777465957e-09,5.857581774371291e-09,5.8575817805606204e-09
425,0.844,20000,20,-2.6904446013034827e-19,4.923340326486998e-09,4.923340326217954e-09,4.9233403267560434e-09,3.8290484814855744e-18,4.9712622763355575e-09,4.971262274329666e-09,4.971262278341449e-09
425,0.845,20000,20,-1.9190677770167727e-19,4.16658420398773e-09,4.1665842037958235e-09,4.166584204179636e-09,2.460626694050517e-18,4.203249035737139e-09,4.203249034444005e-09,4.203249037030274e-09
425,0.846,20000,20,-1.3489026826229245e-19,3.512460341751524e-09,3.512460341616634e-09,3.5124603418864147e-09,1.5726123523927767e-18,3.5403924170389722e-09,3.5403924162098945e-09,3.540392417868049e-09
425,0.847,20000,20,-9.356814397833488e-20,2.949404566462971e-09,2.949404566369402e-09,2.949404566556539e-09,9.995161661687713e-19,2.970591539980118e-09,2.9705915394515123e-09,2.970591540508723e-09
425,0.848,20000,20,-6.412274740991295e-20,2.466772121349827e-09,2.466772121285704e-09,2.4667721214139495e-09,6.317142792486629e-19,2.482772137339568e-09,2.4827721370044284e-09,2.4827721376747065e-09
425,0.849,20000,20,-4.34513113949394e-20,2.0548258457102632e-09,2.0548258456668127e-09,2.0548258457537146e-09,3.9699429074863004e-19,2.0668548829356387e-09,2.066854882724366e-09,2.0668548831469122e-09
425,0.85,20000,20,-2.9133302583321707e-20,1.7047130609469762e-09,1.704713060917843e-09,1.704713060976109e-09,2.4805609237315996e-19,1.7137157671245017e-09,1.71371576699208e-09,1.7137157672569245e-09
425,0.851,20000,20,-1.9337551169989152e-20,1.4084332002270127e-09,1.4084332002076753e-09,1.4084332002463502e-09,1.5409422701783736e-19,1.4151400631282964e-09,1.4151400630457793e-09,1.4151400632108128e-09
425,0.852,20000,20,-1.2712195784719089e-20,1.1587980978374672e-09,1.1587980978247553e-09,1.1587980978501795e-09,9.516161669788281e-20,1.1637713661925889e-09,1.163771366141473e-09,1.1637713662437051e-09
425,0.853,20000,20,-8.279291098720343e-21,9.493867125667652e-10,9.493867125584862e-10,9.493867125750449e-10,5.841760157410675e-20,9.530571007780557e-10,9.530571007465807e-10,9.530571008095316e-10
425,0.854,20000,20,-5.343632333363719e-21,7.744959022370681e-10,7.744959022317246e-10,7.744959022424118e-10,3.5645025918263135e-20,7.771917838902608e-10,7.771917838709967e-10,7.77191783909525e-10
425,0.855,20000,20,-3.418574082218834e-21,6.290886989350069e-10,6.290886989315884e-10,6.290886989384255e-10,2.1616909439289232e-20,6.31059210367776e-10,6.310592103560574e-10,6.310592103794943e-10
425,0.856,20000,20,-2.1681717969996807e-21,5.087413613596513e-10,5.087413613574831e-10,5.087413613618193e-10,1.302846294751256e-20,5.101745934270937e-10,5.101745934200098e-10,5.101745934341779e-10
425,0.857,20000,20,-1.3634596436399352e-21,4.095903064668051e-10,4.0959030646544164e-10,4.0959030646816845e-10,7.80301438724381e-21,4.106275556317183e-10,4.1062755562746274e-10,4.1062755563597396e-10
425,0.858,20000,20,-8.502318403058958e-22,3.282798512066688e-10,3.2827985120581854e-10,3.2827985120751896e-10,4.6437119817852525e-21,3.290267259260354e-10,3.290267259234952e-10,3.290267259285756e-10
425,0.859,20000,20,-5.257926038879321e-22,2.6191153006373573e-10,2.6191153006320996e-10,2.619115300642615e-10,2.745775468745624e-21,2.6244656117160196e-10,2.6244656117009546e-10,2.624465611731084e-10
425,0.86,20000,20,-3.2247774982845755e-22,2.0799559817222563e-10,2.0799559817190313e-10,2.0799559817254808e-10,1.6129618468491259e-21,2.083768789121951e-10,2.0837687891130752e-10,2.083768789130827e-10
425,0.861,20000,20,-1.9616035868449725e-22,1.6440518526558656e-10,1.6440518526539041e-10,1.6440518526578273e-10,9.412481666978996e-22,1.646754644655497e-10,1.6467546446503022e-10,1.646754644660692e-10
425,0.862,20000,20,-1.1834773062525585e-22,1.2933343430494162e-10,1.2933343430482333e-10,1.2933343430505998e-10,5.455894736368794e-22,1.2952400190131172e-10,1.2952400190100972e-10,1.2952400190161375e-10
425,0.863,20000,20,-7.081913432763224e-23,1.0125384143373907e-10,1.0125384143366828e-10,1.0125384143380991e-10,3.1410118478791114e-22,1.0138747645354148e-10,1.0138747645336706e-10,1.013874764537158e-10
425,0.864,20000,20,-4.2032246313849686e-23,7.888391151480858e-11,7.888391151476655e-11,7.88839115148506e-11,1.795866302588949e-22,7.897710633362611e-11,7.897710633352613e-11,7.89771063337261e-11
425,0.865,20000,20,-2.4742883785714093e-23,6.115215603739471e-11,6.115215603736997e-11,6.115215603741944e-11,1.0196178738583584e-22,6.121678516622717e-11,6.121678516617023e-11,6.121678516628408e-11
425,0.866,20000,20,-1.4445872238502043e-23,4.7168387339010465e-11,4.7168387338996034e-11,4.716838733902491e-11,5.748004954076046e-23,4.721295234499079e-11,4.72129523449586e-11,4.721295234502298e-11
425,0.867,20000,20,-8.364673039125195e-24,3.6197204227481535e-11,3.619720422747316e-11,3.61972042274899e-11,3.217135588672857e-23,3.622775710578324e-11,3.622775710576517e-11,3.622775710580131e-11
425,0.868,20000,20,-4.803394493474317e-24,2.7634518292608194e-11,2.7634518292603386e-11,2.7634518292613e-11,1.7875138901579655e-23,2.7655342352000623e-11,2.765534235199056e-11,2.7655342352010698e-11
425,0.869,20000,20,-2.735398371712405e-24,2.098693633714657e-11,2.0986936337143837e-11,2.098693633714931e-11,9.858516898053779e-24,2.100104531627746e-11,2.1001045316271894e-11,2.1001045316283042e-11
425,0.87,20000,20,-1.5446915265408884e-24,1.5853791164129212e-11,1.5853791164127668e-11,1.5853791164130757e-11,5.396461248295985e-24,1.586329291739636e-11,1.58632929173933e-11,1.5863292917399416e-11
425,0.871,20000,20,-8.649373640211058e-25,1.1911599082141565e-11,1.1911599082140697e-11,1.191159908214243e-11,2.931527621580402e-24,1.1917958978836476e-11,1.191795897883481e-11,1.1917958978838144e-11
425,0.872,20000,20,-4.801968945672902e-25,8.900716556299214e-12,8.900716556298734e-12,8.900716556299696e-12,1.5802193728474204e-24,8.904947077361368e-12,8.904947077360466e-12,8.904947077362268e-12
425,0.873,20000,20,-2.64309801227131e-25,6.6139690855494025e-12,6.613969085549139e-12,6.613969085549669e-12,8.451408516112846e-25,6.616765448833749e-12,6.616765448833265e-12,6.616765448834232e-12
425,0.874,20000,20,-1.4422193923378362e-25,4.887031331424442e-12,4.887031331424297e-12,4.8870313314245866e-12,4.484125885317147e-25,4.888867898398032e-12,4.888867898397774e-12,4.888867898398289e-12
425,0.875,20000,20,-7.80074374919577e-26,3.590347554302859e-12,3.590347554302781e-12,3.590347554302937e-12,2.3599941342371153e-25,3.5915459216421238e-12,3.591545921641988e-12,3.59154592164226e-12
425,0.876,20000,20,-4.1820327608275793e-26,2.622394437307398e-12,2.622394437307356e-12,2.6223944373074396e-12,1.2318976992584983e-25,2.62317121858795e-12,2.6231712185878784e-12,2.6231712185880205e-12
425,0.877,20000,20,-2.2219967140571335e-26,1.904103428075472e-12,1.9041034280754493e-12,1.9041034280754946e-12,6.376961791859818e-26,1.9046035635818483e-12,1.904603563581811e-12,1.9046035635818854e-12
425,0.878,20000,20,-1.1699290766603015e-26,1.3742759711559796e-12,1.374275971155968e-12,1.3742759711559915e-12,3.273195450616518e-26,1.3745957945833778e-12,1.3745957945833592e-12,1.374595794583397e-12
425,0.879,20000,20,-6.103643569979327e-27,9.858417397522752e-13,9.858417397522694e-13,9.858417397522813e-13,1.6656782721025545e-26,9.860448439556946e-13,9.860448439556851e-13,9.860448439557043e-13
425,0.88,20000,20,-3.1548846279781913e-27,7.028266368922465e-13,7.028266368922433e-13,7.028266368922497e-13,8.402567684420371e-27,7.029547120426447e-13,7.029547120426397e-13,7.029547120426493e-13
425,0.881,20000,20,-1.6154424725349274e-27,4.979134779134614e-13,4.979134779134598e-13,4.97913477913463e-13,4.2012042977544116e-27,4.979936638599786e-13,4.979936638599763e-13,4.97993663859981e-13
425,0.882,20000,20,-8.193322600145644e-28,3.5049355589580215e-13,3.5049355589580134e-13,3.5049355589580296e-13,2.0816805612481666e-27,3.5054339473874476e-13,3.505433947387436e-13,3.5054339473874597e-13
425,0.883,20000,20,-4.115606415625202e-28,2.45121496648204e-13,2.451214966482036e-13,2.451214966482044e-13,1.022042371207841e-27,2.4515224498102055e-13,2.4515224498102e-13,2.4515224498102116e-13
425,0.884,20000,20,-2.0471767660980465e-28,1.7029878348025995e-13,1.7029878348025975e-13,1.7029878348026015e-13,4.971330261639497e-28,1.7031761153479843e-13,1.7031761153479815e-13,1.703176115347987e-13
425,0.885,20000,20,-1.0082422553194382e-28,1.1752299981505647e-13,1.175229998150564e-13,1.175229998150566e-13,2.3952888568554647e-28,1.1753444082981885e-13,1.1753444082981875e-13,1.1753444082981903e-13
425,0.886,20000,20,-4.915872260207107e-29,8.055018376286667e-14,8.055018376286661e-14,8.055018376286671e-14,1.1430247381207718e-28,8.055708206862991e-14,8.055708206862983e-14,8.055708206862997e-14
425,0.887,20000,20,-2.37245665726396e-29,5.482674273605684e-14,5.482674273605681e-14,5.4826742736056845e-14,5.401257528818927e-29,5.48308692303839e-14,5.4830869230383874e-14,5.4830869230383924e-14
425,0.888,20000,20,-1.1331608764348387e-29,3.7055201643948635e-14,3.705520164394863e-14,3.705520164394865e-14,2.526985929361344e-29,3.705765026512168e-14,3.705765026512167e-14,3.7057650265121694e-14
425,0.889,20000,20,-5.3556441099197476e-30,2.4864742392304475e-14,2.4864742392304465e-14,2.4864742392304484e-14,1.170320053175447e-29,2.486618352026258e-14,2.486618352026257e-14,2.4866183520262588e-14
425,0.89,20000,20,-2.504307220416336e-30,1.6563137382333713e-14,1.656313738233371e-14,1.6563137382333716e-14,5.364429187233109e-30,1.6563978509236505e-14,1.6563978509236505e-14,1.656397850923651e-14
425,0.891,20000,20,-1.158365860009724e-30,1.095139505975908e-14,1.0951395059759082e-14,1.0951395059759083e-14,2.4332150083281342e-30,1.0951881841528564e-14,1.0951881841528564e-14,1.0951881841528565e-14
425,0.892,20000,20,-5.2991981585636205e-31,7.186332643239047e-15,7.186332643239045e-15,7.186332643239048e-15,1.0919290481539077e-30,7.186611932933269e-15,7.186611932933266e-15,7.18661193293327e-15
425,0.893,20000,20,-2.3971892607320323e-31,4.679478597023848e-15,4.679478597023848e-15,4.679478597023848e-15,4.847099207602315e-31,4.6796374354429794e-15,4.6796374354429794e-15,4.6796374354429794e-15
425,0.894,20000,20,-1.0721143896938193e-31,3.0232879185033327e-15,3.0232879185033327e-15,3.0232879185033327e-15,2.1279292850217163e-31,3.0233774480902327e-15,3.0233774480902327e-15,3.0233774480902327e-15
425,0.895,20000,20,-4.7396118403188716e-32,1.9377215226038224e-15,1.9377215226038224e-15,1.9377215226038228e-15,9.237023742144899e-32,1.93777152794266e-15,1.93777152794266e-15,1.9377715279426607e-15
425,0.896,20000,20,-2.0707169260904488e-32,1.2318822058765314e-15,1.2318822058765314e-15,1.2318822058765314e-15,3.963836817462512e-32,1.2319098772873735e-15,1.2319098772873735e-15,1.2319098772873735e-15
425,0.897,20000,20,-8.938931693661149e-33,7.766892355263425e-16,7.766892355263425e-16,7.766892355263427e-16,1.681182766677345e-32,7.767044037814826e-16,7.767044037814826e-16,7.767044037814828e-16
425,0.898,20000,20,-3.811931817235437e-33,4.855769817576691e-16,4.855769817576691e-16,4.855769817576691e-16,7.045850480710836e-33,4.855852165265587e-16,4.855852165265587e-16,4.855852165265587e-16
425,0.899,20000,20,-1.605476369133753e-33,3.009761157464129e-16,3.009761157464129e-16,3.009761157464129e-16,2.9172407734950132e-33,3.0098054263374916e-16,3.0098054263374916e-16,3.0098054263374916e-16
425,0.9,20000,20,-6.676725797954347e-34,1.8492579188583305e-16,1.8492579188583305e-16,1.8492579188583305e-16,1.1929700815709876e-33,1.8492814798853845e-16,1.8492814798853845e-16,1.8492814798853845e-16
425,0.901,20000,20,-2.7410837100744096e-34,1.1261096640965632e-16,1.1261096640965632e-16,1.1261096640965632e-16,4.817261697402126e-34,1.1261220764355342e-16,1.1261220764355342e-16,1.1261220764355342e-16
425,0.902,20000,20,-1.1106446882990581e-34,6.79525297717797e-17,6.79525297717797e-17,6.79525297717797e-17,1.9203311114378756e-34,6.795317689815261e-17,6.795317689815261e-17,6.795317689815261e-17
425,0.903,20000,20,-4.4403126857588965e-35,4.062505826523164e-17,4.062505826523164e-17,4.062505826523164e-17,7.555194137710095e-35,4.062539208370375e-17,4.062539208370375e-17,4.062539208370375e-17
425,0.904,20000,20,-1.751158276348067e-35,2.4058306042627194e-17,2.4058306042627194e-17,2.4058306042627194e-17,2.9328762413902483e-35,2.4058476385658943e-17,2.4058476385658943e-17,2.4058476385658943e-17
425,0.905,20000,20,-6.81074801513684e-36,1.4110276035285006e-17,1.4110276035285006e-17,1.4110276035285006e-17,1.1230569758189062e-35,1.411036200295768e-17,1.411036200295768e-17,1.411036200295768e-17
425,0.906,20000,20,-2.6115721324828205e-36,8.194444089194038e-18,8.194444089194038e-18,8.194444089194038e-18,4.240795743548931e-36,8.194486987859327e-18,8.194486987859327e-18,8.194486987859327e-18
425,0.907,20000,20,-9.870138166077684e-37,4.711165572952055e-18,4.711165572952055e-18,4.711165572952055e-18,1.5787162070309686e-36,4.711186734531211e-18,4.711186734531211e-18,4.711186734531211e-18
425,0.908,20000,20,-3.6756183692655437e-37,2.6808383310465073e-18,2.6808383310465073e-18,2.6808383310465073e-18,5.792172040073162e-37,2.6808486477898433e-18,2.6808486477898433e-18,2.6808486477898433e-18
425,0.909,20000,20,-1.3483143805160129e-37,1.509564866796132e-18,1.509564866796132e-18,1.509564866796132e-18,2.0937496513672626e-37,1.5095698363634673e-18,1.5095698363634673e-18,1.5095698363634673e-18
425,0.91,20000,20,-4.870443625874985e-38,8.409578433908388e-19,8.409578433908388e-19,8.409578433908388e-19,7.454434957439169e-38,8.409602080224112e-19,8.409602080224112e-19,8.409602080224112e-19
425,0.911,20000,20,-1.7318917428557555e-38,4.633797957383513e-19,4.633797957383513e-19,4.633797957383513e-19,2.6131688627463995e-38,4.633809068587982e-19,4.633809068587982e-19,4.633809068587982e-19
425,0.912,20000,20,-6.060397686438381e-39,2.5248530560435835e-19,2.5248530560435835e-19,2.5248530560435835e-19,9.016421141481433e-39,2.5248582106015135e-19,2.5248582106015135e-19,2.5248582106015135e-19
425,0.913,20000,20,-2.0862087967949463e-39,1.3600767772397312e-19,1.3600767772397312e-19,1.3600767772397312e-19,3.060983316713306e-39,1.3600791373381636e-19,1.3600791373381636e-19,1.3600791373381636e-19
425,0.914,20000,20,-7.062091993602931e-40,7.241148836577345e-20,7.241148836577345e-20,7.241148836577345e-20,1.0220885906728835e-39,7.241159498823367e-20,7.241159498823367e-20,7.241159498823367e-20
425,0.915,20000,20,-2.3499841493097864e-40,3.8093666593404004e-20,3.8093666593404004e-20,3.8093666593404004e-20,3.3554600220479635e-40,3.8093714106591244e-20,3.8093714106591244e-20,3.8093714106591244e-20
425,0.916,20000,20,-7.683932552276698e-41,1.9796105647651764e-20,1.9796105647651764e-20,1.9796105647651764e-20,1.0826319324266962e-40,1.9796126525647045e-20,1.9796126525647045e-20,1.9796126525647045e-20
425,0.917,20000,20,-2.4678234166844506e-41,1.0159318523938378e-20,1.0159318523938378e-20,1.0159318523938378e-20,3.431610380469673e-41,1.0159327567300916e-20,1.0159327567300916e-20,1.0159327567300916e-20
425,0.918,20000,20,-7.78170777580041e-42,5.147292708425722e-21,5.147292708425722e-21,5.147292708425722e-21,1.0681203525478686e-41,5.147296568447725e-21,5.147296568447725e-21,5.147296568447725e-21
425,0.919,20000,20,-2.4081171686538694e-42,2.573887491377992e-21,2.573887491377992e-21,2.573887491377992e-21,3.263303213729575e-42,2.573889114365058e-21,2.573889114365058e-21,2.573889114365058e-21
425,0.92,20000,20,-7.310154900293348e-43,1.2698681634138971e-21,1.2698681634138971e-21,1.2698681634138971e-21,9.781659437288684e-43,1.269868835379165e-21,1.269868835379165e-21,1.269868835379165e-21
425,0.921,20000,20,-2.175798745777529e-43,6.179351064107402e-22,6.179351064107402e-22,6.179351064107402e-22,2.8752851394698377e-43,6.17935380265406e-22,6.17935380265406e-22,6.17935380265406e-22
425,0.922,20000,20,-6.346628365999054e-44,2.9647874902601566e-22,2.9647874902601566e-22,2.9647874902601566e-22,8.284191791441032e-44,2.964788588415513e-22,2.964788588415513e-22,2.964788588415513e-22
425,0.923,20000,20,-1.8133446860174984e-44,1.402026730542848e-22,1.402026730542848e-22,1.402026730542848e-22,2.3382963487325837e-44,1.4020271636545308e-22,1.4020271636545308e-22,1.4020271636545308e-22
425,0.924,20000,20,-5.072273271377355e-45,6.532366584335788e-23,6.532366584335788e-23,6.532366584335788e-23,6.462488948499118e-45,6.532368263695287e-23,6.532368263695287e-23,6.532368263695287e-23
425,0.925,20000,20,-1.3882662768458504e-45,2.997570923703641e-23,2.997570923703641e-23,2.997570923703641e-23,1.747883494869945e-45,2.9975715635901687e-23,2.9975715635901687e-23,2.9975715635901687e-23
425,0.926,20000,20,-3.715728455535016e-46,1.3541895841415988e-23,1.3541895841415988e-23,1.3541895841415988e-23,4.623698351965779e-46,1.3541898236263683e-23,1.3541898236263683e-23,1.3541898236263683e-23
425,0.927,20000,20,-9.719843259904463e-47,6.020324360303875e-24,6.020324360303875e-24,6.020324360303875e-24,1.19556350719954e-46,6.0203252402588404e-24,6.0203252402588404e-24,6.0203252402588404e-24
425,0.928,20000,20,-2.4834244658728263e-47,2.6327074172063778e-24,2.6327074172063778e-24,2.6327074172063778e-24,3.0199034567350804e-47,2.6327077344800143e-24,2.6327077344800143e-24,2.6327077344800143e-24
425,0.929,20000,20,-6.193555303963553e-48,1.1319612554635823e-24,1.1319612554635823e-24,1.1319612554635823e-24,7.446814437858919e-48,1.1319613676584024e-24,1.1319613676584024e-24,1.1319613676584024e-24
425,0.93,20000,20,-1.5067300699555685e-48,4.783022468321161e-25,4.783022468321161e-25,4.783022468321161e-25,1.791484053459739e-48,4.78302285722444e-25,4.78302285722444e-25,4.78302285722444e-25
425,0.931,20000,20,-3.5730048624766315e-49,1.9851895880908152e-25,1.9851895880908152e-25,1.9851895880908152e-25,4.201608271420104e-49,1.9851897201580009e-25,1.9851897201580009e-25,1.9851897201580009e-25
425,0.932,20000,20,-8.253106097031509e-50,8.089240466253751e-26,8.089240466253751e-26,8.089240466253751e-26,9.599757614343456e-50,8.089240905367015e-26,8.089240905367015e-26,8.089240905367015e-26
425,0.933,20000,20,-1.85547749117969e-50,3.234352003129211e-26,3.234352003129211e-26,3.234352003129211e-26,2.1350832760149212e-50,3.2343521459919344e-26,3.2343521459919344e-26,3.2343521459919344e-26
425,0.934,20000,20,-4.056973153680403e-51,1.2682290878779575e-26,1.2682290878779575e-26,1.2682290878779575e-26,4.618829794320332e-51,1.2682291333288459e-26,1.2682291333288459e-26,1.2682291333288459e-26
425,0.935,20000,20,-8.61974766848661e-52,4.873994195288223e-27,4.873994195288223e-27,4.873994195288223e-27,9.710654789026207e-52,4.8739943365922214e-27,4.8739943365922214e-27,4.8739943365922214e-27
425,0.936,20000,20,-1.7780902796712572e-52,1.834777242613152e-27,1.834777242613152e-27,1.834777242613152e-27,1.98236861002638e-52,1.8347772855123422e-27,1.8347772855123422e-27,1.8347772855123422e-27
425,0.937,20000,20,-3.557810103369426e-53,6.761052831299555e-28,6.761052831299555e-28,6.761052831299555e-28,3.9259214198278017e-53,6.76105295838792e-28,6.76105295838792e-28,6.76105295838792e-28
425,0.9380000000000001,20000,20,-6.898666342884298e-54,2.43717214643411e-28,2.43717214643411e-28,2.43717214643411e-28,7.535341166842488e-54,2.43717218314447e-28,2.43717218314447e-28,2.43717218314447e-28
425,0.9390000000000001,20000,20,-1.29498359939416e-54,8.588018767197892e-29,8.588018767197892e-29,8.588018767197892e-29,1.400331422332423e-54,8.588018870508611e-29,8.588018870508611e-29,8.588018870508611e-29
425,0.9400000000000001,20000,20,-2.3508328131664793e-55,2.956061743304201e-29,2.956061743304201e-29,2.956061743304201e-29,2.5169008336175934e-55,2.9560617716054924e-29,2.9560617716054924e-29,2.9560617716054924e-29
425,0.9410000000000001,20000,20,-4.122455462984347e-56,9.931398162740434e-30,9.931398162740434e-30,9.931398162740434e-30,4.370451661715084e-56,9.93139823814243e-30,9.93139823814243e-30,9.93139823814243e-30
425,0.9420000000000001,20000,20,-6.975262914890508e-57,3.254085790462831e-30,3.254085790462831e-30,3.254085790462831e-30,7.323257744581973e-57,3.2540858099822494e-30,3.2540858099822494e-30,3.2540858099822494e-30
425,0.9430000000000001,20000,20,-1.1373724471334005e-57,1.0389535769540491e-30,1.0389535769540491e-30,1.0389535769540491e-30,1.1826778384646872e-57,1.0389535818589325e-30,1.0389535818589325e-30,1.0389535818589325e-30
425,0.9440000000000001,20000,20,-1.7849296182093986e-58,3.2293776452620545e-31,3.2293776452620545e-31,3.2293776452620545e-31,1.8384454470332943e-58,3.2293776572133757e-31,3.2293776572133757e-31,3.2293776572133757e-31
425,0.9450000000000001,20000,20,-2.6923040573686555e-59,9.762989789658668e-32,9.762989789658668e-32,9.762989789658668e-32,2.7470388323329785e-59,9.762989817865327e-32,9.762989817865327e-32,9.762989817865327e-32
425,0.9460000000000001,20000,20,-3.8975117487456755e-60,2.8678147684065083e-32,2.8678147684065083e-32,2.8678147684065083e-32,3.939885500814083e-60,2.867814774847202e-32,2.867814774847202e-32,2.867814774847202e-32
425,0.9470000000000001,20000,20,-5.406941807179219e-61,8.17639867493243e-33,8.17639867493243e-33,8.17639867493243e-33,5.4156061944669866e-61,8.17639868914353e-33,8.17639868914353e-33,8.17639868914353e-33
425,0.9480000000000001,20000,20,-7.176616771898878e-62,2.2601006445151902e-33,2.2601006445151902e-33,2.2601006445151902e-33,7.122909246275341e-62,2.2601006475412327e-33,2.2601006475412327e-33,2.2601006475412327e-33
425,0.9490000000000001,20000,20,-9.098164626741508e-63,6.049672746317729e-34,6.049672746317729e-34,6.049672746317729e-34,8.949033248911572e-63,6.049672752527565e-34,6.049672752527565e-34,6.049672752527565e-34
425,0.9500000000000001,20000,20,-1.0996945465997247e-63,1.5661282016471241e-34,1.5661282016471241e-34,1.5661282016471241e-34,1.0720643016738459e-63,1.5661282028734707e-34,1.5661282028734707e-34,1.5661282028734707e-34
425,0.9510000000000001,20000,20,-1.2648686077963934e-64,3.915920252903601e-35,3.915920252903601e-35,3.915920252903601e-35,1.2222547660505481e-64,3.915920255230655e-35,3.915920255230655e-35,3.915920255230655e-35
425,0.9520000000000001,20000,20,-1.3816348217148782e-65,9.443551320390425e-36,9.443551320390425e-36,9.443551320390425e-36,1.3234808867938404e-65,9.443551324626369e-36,9.443551324626369e-36,9.443551324626369e-36
425,0.9530000000000001,20000,20,-1.4301427894246174e-66,2.1931926372003203e-36,2.1931926372003203e-36,2.1931926372003203e-36,1.3581627048955532e-66,2.193192637938719e-36,2.193192637938719e-36,2.193192637938719e-36
425,0.9540000000000001,20000,20,-1.399610159999454e-67,4.897346354277542e-37,4.897346354277542e-37,4.897346354277542e-37,1.3178525367517077e-67,4.897346355507882e-37,4.897346355507882e-37,4.897346355507882e-37
425,0.9550000000000001,20000,20,-1.2918551238643912e-68,1.0496491349775233e-37,1.0496491349775233e-37,1.0496491349775233e-37,1.206145323664186e-68,1.0496491351730914e-37,1.0496491351730914e-37,1.0496491351730914e-37
425,0.9560000000000001,20000,20,-1.1216706413294876e-69,2.155427088601612e-38,2.155427088601612e-38,2.155427088601612e-38,1.0385214719578065e-69,2.1554270888975458e-38,2.1554270888975458e-38,2.1554270888975458e-38
425,0.9570000000000001,20000,20,-9.135854622254101e-71,4.232336555228207e-39,4.232336555228207e-39,4.232336555228207e-39,8.388827672863116e-71,4.232336555653552e-39,4.232336555653552e-39,4.232336555653552e-39
425,0.9580000000000001,20000,20,-6.959324582667691e-72,7.930063432573348e-40,7.930063432573348e-40,7.930063432573348e-40,6.338088260532847e-72,7.930063433152632e-40,7.930063433152632e-40,7.930063433152632e-40
425,0.9590000000000001,20000,20,-4.942275573164167e-73,1.4146499937450358e-40,1.4146499937450358e-40,1.4146499937450358e-40,4.464716187876247e-73,1.4146499938195987e-40,1.4146499938195987e-40,1.4146499938195987e-40
425,0.96,20000,20,-3.260869609276264e-74,2.3969078302876637e-41,2.3969078302876637e-41,2.3969078302876637e-41,2.922214872706507e-74,2.396907830378118e-41,2.396907830378118e-41,2.396907830378118e-41
425,0.961,20000,20,-1.991487191850002e-75,3.84732003482924e-42,3.84732003482924e-42,3.84732003482924e-42,1.770531479487545e-75,3.8473200349323545e-42,3.8473200349323545e-42,3.8473200349323545e-42
425,0.962,20000,20,-1.1213075228014365e-76,5.8338717801936635e-43,5.8338717801936635e-43,5.8338717801936635e-43,9.890845424913347e-77,5.833871780303767e-43,5.833871780303767e-43,5.833871780303767e-43
425,0.963,20000,20,-5.795644729856333e-78,8.331762684591002e-44,8.331762684591002e-44,8.331762684591002e-44,5.07256505133361e-78,8.331762684700739e-44,8.331762684700739e-44,8.331762684700739e-44
425,0.964,20000,20,-2.737040140037682e-79,1.11707025889374e-44,1.11707025889374e-44,1.11707025889374e-44,2.3771599739230144e-79,1.1170702589039107e-44,1.1170702589039107e-44,1.1170702589039107e-44
425,0.965,20000,20,-1.1750710204181563e-80,1.4010381212531217e-45,1.4010381212531217e-45,1.4010381212531217e-45,1.0128064499935858e-80,1.4010381212618523e-45,1.4010381212618523e-45,1.4010381212618523e-45
425,0.966,20000,20,-4.5610037046790517e-82,1.6374716747891609e-46,1.6374716747891609e-46,1.6374716747891609e-46,3.901585690083257e-82,1.6374716747960702e-46,1.6374716747960702e-46,1.6374716747960702e-46
425,0.967,20000,20,-1.5909837330223075e-83,1.7759502511655985e-47,1.7759502511655985e-47,1.7759502511655985e-47,1.3508206531568443e-83,1.7759502511706163e-47,1.7759502511706163e-47,1.7759502511706163e-47
425,0.968,20000,20,-4.9549030199811066e-85,1.779227771016311e-48,1.779227771016311e-48,1.779227771016311e-48,4.175906429986855e-85,1.7792277710196373e-48,1.7792277710196373e-48,1.7792277710196373e-48
425,0.969,20000,20,-1.3678947488320046e-86,1.638313875278425e-49,1.638313875278425e-49,1.638313875278425e-49,1.144416026038156e-86,1.6383138752804261e-49,1.6383138752804261e-49,1.6383138752804261e-49
425,0.97,20000,20,-3.3212046756920474e-88,1.3789042891952769e-50,1.3789042891952769e-50,1.3789042891952769e-50,2.7585072462079887e-88,1.3789042891963622e-50,1.3789042891963622e-50,1.3789042891963622e-50
425,0.971,20000,20,-7.030611428790568e-90,1.0544008205884906e-51,1.0544008205884906e-51,1.0544008205884906e-51,5.797623576979664e-90,1.054400820589018e-51,1.054400820589018e-51,1.054400820589018e-51
425,0.972,20000,20,-1.2852184164639892e-91,7.276079010765548e-53,7.276079010765548e-53,7.276079010765548e-53,1.0523085183056311e-91,7.276079010767825e-53,7.276079010767825e-53,7.276079010767825e-53
425,0.973,20000,20,-2.0073546006530668e-93,4.497555115919624e-54,4.497555115919624e-54,4.497555115919624e-54,1.6320365562803697e-93,4.4975551159204893e-54,4.4975551159204893e-54,4.4975551159204893e-54
425,0.974,20000,20,-2.647206456518907e-95,2.4697000699033046e-55,2.4697000699033046e-55,2.4697000699033046e-55,2.1372890987468406e-95,2.469700069903592e-55,2.469700069903592e-55,2.469700069903592e-55
425,0.975,20000,20,-2.908810703584387e-97,1.1936532097904928e-56,1.1936532097904928e-56,1.1936532097904928e-56,2.332331365387968e-97,1.193653209790575e-56,1.193653209790575e-56,1.193653209790575e-56
425,0.976,20000,20,-2.623913755445135e-99,5.025313382691769e-58,5.025313382691769e-58,5.025313382691769e-58,2.0895510468731465e-99,5.025313382691971e-58,5.025313382691971e-58,5.025313382691971e-58
425,0.977,20000,20,-1.9107669179597823e-101,1.8214077520396836e-59,1.8214077520396836e-59,1.8214077520396836e-59,1.5113627774694008e-101,1.821407752039725e-59,1.821407752039725e-59,1.821407752039725e-59
425,0.978,20000,20,-1.1021377341660715e-103,5.608399181834085e-61,5.608399181834085e-61,5.608399181834085e-61,8.659305339008551e-104,5.6083991818341556e-61,5.6083991818341556e-61,5.6083991818341556e-61
425,0.979,20000,20,-4.927508443473524e-106,1.4450442365662653e-62,1.4450442365662653e-62,1.4450442365662653e-62,3.845820266955806e-106,1.4450442365662748e-62,1.4450442365662748e-62,1.4450442365662748e-62
425,0.98,20000,20,-1.66570421016992e-108,3.0619167516242165e-64,3.0619167516242165e-64,3.0619167516242165e-64,1.2915220616747754e-108,3.0619167516242267e-64,3.0619167516242267e-64,3.0619167516242267e-64
425,0.981,20000,20,-4.137161430336665e-111,5.229667801072279e-66,5.229667801072279e-66,5.229667801072279e-66,3.186957970675992e-111,5.229667801072289e-66,5.229667801072289e-66,5.229667801072289e-66
425,0.982,20000,20,-7.302577746239926e-114,7.034114374782306e-68,7.034114374782306e-68,7.034114374782306e-68,5.589168993923874e-114,7.0341143747823126e-68,7.0341143747823126e-68,7.0341143747823126e-68
425,0.983,20000,20,-8.809916896178653e-117,7.250198131613532e-70,7.250198131613532e-70,7.250198131613532e-70,6.699879438263967e-117,7.250198131613533e-70,7.250198131613533e-70,7.250198131613533e-70
425,0.984,20000,20,-6.936768525106478e-120,5.544840591031957e-72,5.544840591031957e-72,5.544840591031957e-72,5.242073810801318e-120,5.544840591031958e-72,5.544840591031958e-72,5.544840591031958e-72
425,0.985,20000,20,-3.3737896754424444e-123,3.027653801890302e-74,3.027653801890302e-74,3.027653801890302e-74,2.533617257593885e-123,3.027653801890302e-74,3.027653801890302e-74,3.027653801890302e-74
425,0.986,20000,20,-9.48385265083777e-127,1.1267200677858456e-76,1.1267200677858456e-76,1.1267200677858456e-76,7.078005505510007e-127,1.1267200677858455e-76,1.1267200677858455e-76,1.1267200677858455e-76
425,0.987,20000,20,-1.4205678480278418e-130,2.6998530231218205e-79,2.6998530231218205e-79,2.6998530231218205e-79,1.0536997999835698e-130,2.6998530231218205e-79,2.6998530231218205e-79,2.6998530231218205e-79
425,0.988,20000,20,-1.0251009097103482e-134,3.882092453648011e-82,3.882092453648011e-82,3.882092453648011e-82,7.557458767575442e-135,3.88209245364801e-82,3.88209245364801e-82,3.88209245364801e-82
425,0.989,20000,20,-3.1381110068954368e-139,3.0646208093950786e-85,3.0646208093950786e-85,3.0646208093950786e-85,2.299624182238913e-139,3.064620809395078e-85,3.064620809395078e-85,3.064620809395078e-85
425,0.99,20000,20,-3.460303201229377e-144,1.1846589551957998e-88,1.1846589551957998e-88,1.1846589551957998e-88,2.5206177012057102e-144,1.1846589551958e-88,1.1846589551958e-88,1.1846589551958e-88
425,0.991,20000,20,-1.1080028580105342e-149,1.928844761599507e-92,1.928844761599507e-92,1.928844761599507e-92,8.023476024681669e-150,1.9288447615995073e-92,1.9288447615995073e-92,1.9288447615995073e-92
425,0.992,20000,20,-7.695398276221996e-156,1.0786716496132716e-96,1.0786716496132716e-96,1.0786716496132716e-96,5.539951321947403e-156,1.0786716496132716e-96,1.0786716496132716e-96,1.0786716496132716e-96
425,0.993,20000,20,-7.700607648771954e-163,1.556509350918289e-101,1.556509350918289e-101,1.556509350918289e-101,4.970239661431059e-163,1.5565093509182894e-101,1.5565093509182894e-101,1.5565093509182894e-101
425,0.994,20000,20,-6.098550216463848e-171,3.812052920030731e-107,3.812052920030731e-107,3.812052920030731e-107,0.0,3.812052920030731e-107,3.812052920030731e-107,3.812052920030731e-107
425,0.995,20000,20,-1.509885088923698e-180,8.276833842038361e-114,8.276833842038361e-114,8.276833842038361e-114,0.0,8.27683384203836e-114,8.27683384203836e-114,8.27683384203836e-114
425,0.996,20000,20,-2.4653417734509536e-192,5.36731606895918e-122,5.36731606895918e-122,5.36731606895918e-122,0.0,5.36731606895918e-122,5.36731606895918e-122,5.36731606895918e-122
425,0.997,20000,20,-1.4359261582559813e-207,1.3522022306413585e-132,1.3522022306413585e-132,1.3522022306413585e-132,0.0,1.352202230641358e-132,1.352202230641358e-132,1.352202230641358e-132
425,0.998,20000,20,-4.270532246280415e-229,1.3585360431461647e-147,1.3585360431461647e-147,1.3585360431461647e-147,0.0,1.358536043146164e-147,1.358536043146164e-147,1.358536043146164e-147
425,0.999,20000,20,-5.447822304666415e-266,2.4560177525116612e-173,2.4560177525116612e-173,2.4560177525116612e-173,0.0,0.0,0.0,0.0
425,1.0,20000,20,0.0,0.0,0.0,0.0,0.0,0.0,0.0,0.0
