n,a,b,orientation,batch,samples,kind,k,count
65,8,1,first,0,10000,minus,17,3
65,8,1,first,0,10000,minus,19,2
65,8,1,first,0,10000,minus,20,10
65,8,1,first,0,10000,minus,21,8
65,8,1,first,0,10000,minus,22,15
65,8,1,first,0,10000,minus,23,13
65,8,1,first,0,10000,minus,24,31
65,8,1,first,0,10000,minus,25,34
65,8,1,first,0,10000,minus,26,58
65,8,1,first,0,10000,minus,27,97
65,8,1,first,0,10000,minus,28,141
65,8,1,first,0,10000,plus,28,2
65,8,1,first,0,10000,minus,29,187
65,8,1,first,0,10000,plus,29,5
65,8,1,first,0,10000,minus,30,302
65,8,1,first,0,10000,plus,30,12
65,8,1,first,0,10000,minus,31,371
65,8,1,first,0,10000,plus,31,23
65,8,1,first,0,10000,minus,32,487
65,8,1,first,0,10000,plus,32,39
65,8,1,first,0,10000,minus,33,660
65,8,1,first,0,10000,plus,33,63
65,8,1,first,0,10000,minus,34,749
65,8,1,first,0,10000,plus,34,124
65,8,1,first,0,10000,minus,35,889
65,8,1,first,0,10000,plus,35,214
65,8,1,first,0,10000,minus,36,996
65,8,1,first,0,10000,plus,36,305
65,8,1,first,0,10000,minus,37,1012
65,8,1,first,0,10000,plus,37,485
65,8,1,first,0,10000,minus,38,975
65,8,1,first,0,10000,plus,38,670
65,8,1,first,0,10000,minus,39,814
65,8,1,first,0,10000,plus,39,831
65,8,1,first,0,10000,minus,40,709
65,8,1,first,0,10000,plus,40,1005
65,8,1,first,0,10000,minus,41,526
65,8,1,first,0,10000,plus,41,1048
65,8,1,first,0,10000,minus,42,402
65,8,1,first,0,10000,plus,42,1068
65,8,1,first,0,10000,minus,43,238
65,8,1,first,0,10000,plus,43,936
65,8,1,first,0,10000,minus,44,139
65,8,1,first,0,10000,plus,44,870
65,8,1,first,0,10000,minus,45,66
65,8,1,first,0,10000,plus,45,663
65,8,1,first,0,10000,minus,46,32
65,8,1,first,0,10000,plus,46,541
65,8,1,first,0,10000,minus,47,20
65,8,1,first,0,10000,plus,47,422
65,8,1,first,0,10000,minus,48,9
65,8,1,first,0,10000,plus,48,261
65,8,1,first,0,10000,minus,49,5
65,8,1,first,0,10000,plus,49,172
65,8,1,first,0,10000,plus,50,122
65,8,1,first,0,10000,plus,51,63
65,8,1,first,0,10000,plus,52,32
65,8,1,first,0,10000,plus,53,15
65,8,1,first,0,10000,plus,54,8
65,8,1,first,0,10000,plus,56,1
65,7,4,second,0,10000,minus,19,2
65,7,4,second,0,10000,minus,20,3
65,7,4,second,0,10000,minus,21,2
65,7,4,second,0,10000,minus,22,9
65,7,4,second,0,10000,minus,23,15
65,7,4,second,0,10000,minus,24,19
65,7,4,second,0,10000,minus,25,33
65,7,4,second,0,10000,plus,25,1
65,7,4,second,0,10000,minus,26,56
65,7,4,second,0,10000,minus,27,121
65,7,4,second,0,10000,plus,27,1
65,7,4,second,0,10000,minus,28,126
65,7,4,second,0,10000,plus,28,2
65,7,4,second,0,10000,minus,29,209
65,7,4,second,0,10000,plus,29,11
65,7,4,second,0,10000,minus,30,276
65,7,4,second,0,10000,plus,30,14
65,7,4,second,0,10000,minus,31,367
65,7,4,second,0,10000,plus,31,19
65,7,4,second,0,10000,minus,32,477
65,7,4,second,0,10000,plus,32,39
65,7,4,second,0,10000,minus,33,681
65,7,4,second,0,10000,plus,33,69
65,7,4,second,0,10000,minus,34,771
65,7,4,second,0,10000,plus,34,130
65,7,4,second,0,10000,minus,35,915
65,7,4,second,0,10000,plus,35,218
65,7,4,second,0,10000,minus,36,985
65,7,4,second,0,10000,plus,36,338
65,7,4,second,0,10000,minus,37,1050
65,7,4,second,0,10000,plus,37,476
65,7,4,second,0,10000,minus,38,958
65,7,4,second,0,10000,plus,38,622
65,7,4,second,0,10000,minus,39,841
65,7,4,second,0,10000,plus,39,866
65,7,4,second,0,10000,minus,40,701
65,7,4,second,0,10000,plus,40,948
65,7,4,second,0,10000,minus,41,526
65,7,4,second,0,10000,plus,41,1015
65,7,4,second,0,10000,minus,42,391
65,7,4,second,0,10000,plus,42,1058
65,7,4,second,0,10000,minus,43,231
65,7,4,second,0,10000,plus,43,965
65,7,4,second,0,10000,minus,44,128
65,7,4,second,0,10000,plus,44,856
65,7,4,second,0,10000,minus,45,65
65,7,4,second,0,10000,plus,45,688
65,7,4,second,0,10000,minus,46,22
65,7,4,second,0,10000,plus,46,536
65,7,4,second,0,10000,minus,47,13
65,7,4,second,0,10000,plus,47,387
65,7,4,second,0,10000,minus,48,3
65,7,4,second,0,10000,plus,48,296
65,7,4,second,0,10000,minus,49,2
65,7,4,second,0,10000,plus,49,184
65,7,4,second,0,10000,minus,50,1
65,7,4,second,0,10000,plus,50,113
65,7,4,second,0,10000,minus,51,1
65,7,4,second,0,10000,plus,51,71
65,7,4,second,0,10000,plus,52,41
65,7,4,second,0,10000,plus,53,21
65,7,4,second,0,10000,plus,54,7
65,7,4,second,0,10000,plus,55,5
65,7,4,second,0,10000,plus,56,1
65,7,4,second,0,10000,plus,57,2
65,8,1,first,1,10000,minus,17,1
65,8,1,first,1,10000,minus,19,2
65,8,1,first,1,10000,minus,20,2
65,8,1,first,1,10000,minus,21,6
65,8,1,first,1,10000,minus,22,7
65,8,1,first,1,10000,minus,23,17
65,8,1,first,1,10000,minus,24,37
65,8,1,first,1,10000,minus,25,43
65,8,1,first,1,10000,minus,26,76
65,8,1,first,1,10000,plus,26,1
65,8,1,first,1,10000,minus,27,85
65,8,1,first,1,10000,minus,28,159
65,8,1,first,1,10000,plus,28,1
65,8,1,first,1,10000,minus,29,228
65,8,1,first,1,10000,plus,29,8
65,8,1,first,1,10000,minus,30,260
65,8,1,first,1,10000,plus,30,12
65,8,1,first,1,10000,minus,31,383
65,8,1,first,1,10000,plus,31,20
65,8,1,first,1,10000,minus,32,474
65,8,1,first,1,10000,plus,32,29
65,8,1,first,1,10000,minus,33,672
65,8,1,first,1,10000,plus,33,76
65,8,1,first,1,10000,minus,34,773
65,8,1,first,1,10000,plus,34,138
65,8,1,first,1,10000,minus,35,919
65,8,1,first,1,10000,plus,35,229
65,8,1,first,1,10000,minus,36,948
65,8,1,first,1,10000,plus,36,362
65,8,1,first,1,10000,minus,37,997
65,8,1,first,1,10000,plus,37,461
65,8,1,first,1,10000,minus,38,948
65,8,1,first,1,10000,plus,38,714
65,8,1,first,1,10000,minus,39,863
65,8,1,first,1,10000,plus,39,792
65,8,1,first,1,10000,minus,40,716
65,8,1,first,1,10000,plus,40,961
65,8,1,first,1,10000,minus,41,542
65,8,1,first,1,10000,plus,41,984
65,8,1,first,1,10000,minus,42,364
65,8,1,first,1,10000,plus,42,1024
65,8,1,first,1,10000,minus,43,232
65,8,1,first,1,10000,plus,43,954
65,8,1,first,1,10000,minus,44,128
65,8,1,first,1,10000,plus,44,906
65,8,1,first,1,10000,minus,45,65
65,8,1,first,1,10000,plus,45,720
65,8,1,first,1,10000,minus,46,36
65,8,1,first,1,10000,plus,46,523
65,8,1,first,1,10000,minus,47,12
65,8,1,first,1,10000,plus,47,403
65,8,1,first,1,10000,minus,48,5
65,8,1,first,1,10000,plus,48,257
65,8,1,first,1,10000,plus,49,184
65,8,1,first,1,10000,plus,50,108
65,8,1,first,1,10000,plus,51,58
65,8,1,first,1,10000,plus,52,42
65,8,1,first,1,10000,plus,53,21
65,8,1,first,1,10000,plus,54,9
65,8,1,first,1,10000,plus,55,3
65,7,4,second,1,10000,minus,19,1
65,7,4,second,1,10000,minus,20,6
65,7,4,second,1,10000,minus,21,5
65,7,4,second,1,10000,minus,22,6
65,7,4,second,1,10000,minus,23,14
65,7,4,second,1,10000,minus,24,21
65,7,4,second,1,10000,minus,25,34
65,7,4,second,1,10000,minus,26,65
65,7,4,second,1,10000,plus,26,1
65,7,4,second,1,10000,minus,27,97
65,7,4,second,1,10000,plus,27,2
65,7,4,second,1,10000,minus,28,115
65,7,4,second,1,10000,plus,28,4
65,7,4,second,1,10000,minus,29,193
65,7,4,second,1,10000,plus,29,5
65,7,4,second,1,10000,minus,30,278
65,7,4,second,1,10000,plus,30,11
65,7,4,second,1,10000,minus,31,381
65,7,4,second,1,10000,plus,31,21
65,7,4,second,1,10000,minus,32,485
65,7,4,second,1,10000,plus,32,41
65,7,4,second,1,10000,minus,33,667
65,7,4,second,1,10000,plus,33,64
65,7,4,second,1,10000,minus,34,771
65,7,4,second,1,10000,plus,34,154
65,7,4,second,1,10000,minus,35,880
65,7,4,second,1,10000,plus,35,198
65,7,4,second,1,10000,minus,36,1004
65,7,4,second,1,10000,plus,36,299
65,7,4,second,1,10000,minus,37,1024
65,7,4,second,1,10000,plus,37,466
65,7,4,second,1,10000,minus,38,973
65,7,4,second,1,10000,plus,38,648
65,7,4,second,1,10000,minus,39,836
65,7,4,second,1,10000,plus,39,888
65,7,4,second,1,10000,minus,40,725
65,7,4,second,1,10000,plus,40,978
65,7,4,second,1,10000,minus,41,529
65,7,4,second,1,10000,plus,41,1045
65,7,4,second,1,10000,minus,42,364
65,7,4,second,1,10000,plus,42,1056
65,7,4,second,1,10000,minus,43,247
65,7,4,second,1,10000,plus,43,972
65,7,4,second,1,10000,minus,44,156
65,7,4,second,1,10000,plus,44,876
65,7,4,second,1,10000,minus,45,80
65,7,4,second,1,10000,plus,45,682
65,7,4,second,1,10000,minus,46,30
65,7,4,second,1,10000,plus,46,529
65,7,4,second,1,10000,minus,47,9
65,7,4,second,1,10000,plus,47,362
65,7,4,second,1,10000,minus,48,4
65,7,4,second,1,10000,plus,48,264
65,7,4,second,1,10000,plus,49,184
65,7,4,second,1,10000,plus,50,126
65,7,4,second,1,10000,plus,51,62
65,7,4,second,1,10000,plus,52,21
65,7,4,second,1,10000,plus,53,21
65,7,4,second,1,10000,plus,54,11
65,7,4,second,1,10000,plus,55,7
65,7,4,second,1,10000,plus,56,2
65,8,1,first,2,10000,minus,18,2
65,8,1,first,2,10000,minus,19,1
65,8,1,first,2,10000,minus,20,4
65,8,1,first,2,10000,minus,21,2
65,8,1,first,2,10000,minus,22,11
65,8,1,first,2,10000,minus,23,15
65,8,1,first,2,10000,minus,24,23
65,8,1,first,2,10000,minus,25,42
65,8,1,first,2,10000,minus,26,68
65,8,1,first,2,10000,minus,27,118
65,8,1,first,2,10000,minus,28,151
65,8,1,first,2,10000,plus,28,1
65,8,1,first,2,10000,minus,29,182
65,8,1,first,2,10000,plus,29,7
65,8,1,first,2,10000,minus,30,296
65,8,1,first,2,10000,plus,30,12
65,8,1,first,2,10000,minus,31,400
65,8,1,first,2,10000,plus,31,25
65,8,1,first,2,10000,minus,32,512
65,8,1,first,2,10000,plus,32,44
65,8,1,first,2,10000,minus,33,633
65,8,1,first,2,10000,plus,33,90
65,8,1,first,2,10000,minus,34,740
65,8,1,first,2,10000,plus,34,127
65,8,1,first,2,10000,minus,35,890
65,8,1,first,2,10000,plus,35,209
65,8,1,first,2,10000,minus,36,984
65,8,1,first,2,10000,plus,36,304
65,8,1,first,2,10000,minus,37,1010
65,8,1,first,2,10000,plus,37,484
65,8,1,first,2,10000,minus,38,965
65,8,1,first,2,10000,plus,38,681
65,8,1,first,2,10000,minus,39,811
65,8,1,first,2,10000,plus,39,827
65,8,1,first,2,10000,minus,40,756
65,8,1,first,2,10000,plus,40,935
65,8,1,first,2,10000,minus,41,515
65,8,1,first,2,10000,plus,41,1051
65,8,1,first,2,10000,minus,42,377
65,8,1,first,2,10000,plus,42,1054
65,8,1,first,2,10000,minus,43,266
65,8,1,first,2,10000,plus,43,1015
65,8,1,first,2,10000,minus,44,116
65,8,1,first,2,10000,plus,44,862
65,8,1,first,2,10000,minus,45,60
65,8,1,first,2,10000,plus,45,703
65,8,1,first,2,10000,minus,46,26
65,8,1,first,2,10000,plus,46,524
65,8,1,first,2,10000,minus,47,13
65,8,1,first,2,10000,plus,47,373
65,8,1,first,2,10000,minus,48,6
65,8,1,first,2,10000,plus,48,266
65,8,1,first,2,10000,minus,49,5
65,8,1,first,2,10000,plus,49,164
65,8,1,first,2,10000,plus,50,121
65,8,1,first,2,10000,plus,51,53
65,8,1,first,2,10000,plus,52,37
65,8,1,first,2,10000,plus,53,17
65,8,1,first,2,10000,plus,54,9
65,8,1,first,2,10000,plus,55,2
65,8,1,first,2,10000,plus,56,2
65,8,1,first,2,10000,plus,57,1
65,7,4,second,2,10000,minus,18,1
65,7,4,second,2,10000,minus,19,1
65,7,4,second,2,10000,minus,20,2
65,7,4,second,2,10000,minus,21,5
65,7,4,second,2,10000,minus,22,11
65,7,4,second,2,10000,minus,23,15
65,7,4,second,2,10000,minus,24,22
65,7,4,second,2,10000,minus,25,37
65,7,4,second,2,10000,minus,26,73
65,7,4,second,2,10000,minus,27,100
65,7,4,second,2,10000,minus,28,129
65,7,4,second,2,10000,plus,28,3
65,7,4,second,2,10000,minus,29,204
65,7,4,second,2,10000,plus,29,6
65,7,4,second,2,10000,minus,30,289
65,7,4,second,2,10000,plus,30,9
65,7,4,second,2,10000,minus,31,369
65,7,4,second,2,10000,plus,31,12
65,7,4,second,2,10000,minus,32,523
65,7,4,second,2,10000,plus,32,45
65,7,4,second,2,10000,minus,33,630
65,7,4,second,2,10000,plus,33,73
65,7,4,second,2,10000,minus,34,747
65,7,4,second,2,10000,plus,34,122
65,7,4,second,2,10000,minus,35,905
65,7,4,second,2,10000,plus,35,212
65,7,4,second,2,10000,minus,36,985
65,7,4,second,2,10000,plus,36,342
65,7,4,second,2,10000,minus,37,1007
65,7,4,second,2,10000,plus,37,466
65,7,4,second,2,10000,minus,38,1009
65,7,4,second,2,10000,plus,38,667
65,7,4,second,2,10000,minus,39,877
65,7,4,second,2,10000,plus,39,808
65,7,4,second,2,10000,minus,40,718
65,7,4,second,2,10000,plus,40,1005
65,7,4,second,2,10000,minus,41,520
65,7,4,second,2,10000,plus,41,1055
65,7,4,second,2,10000,minus,42,350
65,7,4,second,2,10000,plus,42,1068
65,7,4,second,2,10000,minus,43,213
65,7,4,second,2,10000,plus,43,947
65,7,4,second,2,10000,minus,44,125
65,7,4,second,2,10000,plus,44,836
65,7,4,second,2,10000,minus,45,74
65,7,4,second,2,10000,plus,45,667
65,7,4,second,2,10000,minus,46,41
65,7,4,second,2,10000,plus,46,540
65,7,4,second,2,10000,minus,47,10
65,7,4,second,2,10000,plus,47,412
65,7,4,second,2,10000,minus,48,5
65,7,4,second,2,10000,plus,48,260
65,7,4,second,2,10000,minus,49,1
65,7,4,second,2,10000,plus,49,189
65,7,4,second,2,10000,minus,50,2
65,7,4,second,2,10000,plus,50,107
65,7,4,second,2,10000,plus,51,77
65,7,4,second,2,10000,plus,52,35
65,7,4,second,2,10000,plus,53,18
65,7,4,second,2,10000,plus,54,12
65,7,4,second,2,10000,plus,55,6
65,7,4,second,2,10000,plus,56,1
65,8,1,first,3,10000,minus,16,1
65,8,1,first,3,10000,minus,18,1
65,8,1,first,3,10000,minus,19,3
65,8,1,first,3,10000,minus,20,2
65,8,1,first,3,10000,minus,21,5
65,8,1,first,3,10000,minus,22,18
65,8,1,first,3,10000,minus,23,22
65,8,1,first,3,10000,minus,24,26
65,8,1,first,3,10000,minus,25,40
65,8,1,first,3,10000,minus,26,76
65,8,1,first,3,10000,minus,27,107
65,8,1,first,3,10000,plus,27,1
65,8,1,first,3,10000,minus,28,140
65,8,1,first,3,10000,minus,29,193
65,8,1,first,3,10000,plus,29,9
65,8,1,first,3,10000,minus,30,267
65,8,1,first,3,10000,plus,30,8
65,8,1,first,3,10000,minus,31,388
65,8,1,first,3,10000,plus,31,14
65,8,1,first,3,10000,minus,32,515
65,8,1,first,3,10000,plus,32,41
65,8,1,first,3,10000,minus,33,641
65,8,1,first,3,10000,plus,33,70
65,8,1,first,3,10000,minus,34,782
65,8,1,first,3,10000,plus,34,140
65,8,1,first,3,10000,minus,35,889
65,8,1,first,3,10000,plus,35,221
65,8,1,first,3,10000,minus,36,935
65,8,1,first,3,10000,plus,36,336
65,8,1,first,3,10000,minus,37,1020
65,8,1,first,3,10000,plus,37,471
65,8,1,first,3,10000,minus,38,967
65,8,1,first,3,10000,plus,38,689
65,8,1,first,3,10000,minus,39,839
65,8,1,first,3,10000,plus,39,864
65,8,1,first,3,10000,minus,40,736
65,8,1,first,3,10000,plus,40,965
65,8,1,first,3,10000,minus,41,543
65,8,1,first,3,10000,plus,41,1052
65,8,1,first,3,10000,minus,42,339
65,8,1,first,3,10000,plus,42,1053
65,8,1,first,3,10000,minus,43,237
65,8,1,first,3,10000,plus,43,956
65,8,1,first,3,10000,minus,44,148
65,8,1,first,3,10000,plus,44,827
65,8,1,first,3,10000,minus,45,70
65,8,1,first,3,10000,plus,45,672
65,8,1,first,3,10000,minus,46,36
65,8,1,first,3,10000,plus,46,559
65,8,1,first,3,10000,minus,47,9
65,8,1,first,3,10000,plus,47,402
65,8,1,first,3,10000,minus,48,3
65,8,1,first,3,10000,plus,48,249
65,8,1,first,3,10000,minus,49,1
65,8,1,first,3,10000,plus,49,167
65,8,1,first,3,10000,minus,50,1
65,8,1,first,3,10000,plus,50,101
65,8,1,first,3,10000,plus,51,64
65,8,1,first,3,10000,plus,52,44
65,8,1,first,3,10000,plus,53,12
65,8,1,first,3,10000,plus,54,4
65,8,1,first,3,10000,plus,55,7
65,8,1,first,3,10000,plus,56,1
65,8,1,first,3,10000,plus,57,1
65,7,4,second,3,10000,minus,18,3
65,7,4,second,3,10000,minus,20,3
65,7,4,second,3,10000,minus,21,2
65,7,4,second,3,10000,minus,22,8
65,7,4,second,3,10000,minus,23,20
65,7,4,second,3,10000,minus,24,31
65,7,4,second,3,10000,minus,25,46
65,7,4,second,3,10000,minus,26,64
65,7,4,second,3,10000,minus,27,102
65,7,4,second,3,10000,plus,27,1
65,7,4,second,3,10000,minus,28,140
65,7,4,second,3,10000,plus,28,1
65,7,4,second,3,10000,minus,29,190
65,7,4,second,3,10000,plus,29,9
65,7,4,second,3,10000,minus,30,270
65,7,4,second,3,10000,plus,30,11
65,7,4,second,3,10000,minus,31,367
65,7,4,second,3,10000,plus,31,19
65,7,4,second,3,10000,minus,32,470
65,7,4,second,3,10000,plus,32,42
65,7,4,second,3,10000,minus,33,623
65,7,4,second,3,10000,plus,33,73
65,7,4,second,3,10000,minus,34,790
65,7,4,second,3,10000,plus,34,131
65,7,4,second,3,10000,minus,35,916
65,7,4,second,3,10000,plus,35,193
65,7,4,second,3,10000,minus,36,955
65,7,4,second,3,10000,plus,36,317
65,7,4,second,3,10000,minus,37,1045
65,7,4,second,3,10000,plus,37,457
65,7,4,second,3,10000,minus,38,950
65,7,4,second,3,10000,plus,38,645
65,7,4,second,3,10000,minus,39,890
65,7,4,second,3,10000,plus,39,866
65,7,4,second,3,10000,minus,40,712
65,7,4,second,3,10000,plus,40,1004
65,7,4,second,3,10000,minus,41,531
65,7,4,second,3,10000,plus,41,1056
65,7,4,second,3,10000,minus,42,368
65,7,4,second,3,10000,plus,42,1074
65,7,4,second,3,10000,minus,43,217
65,7,4,second,3,10000,plus,43,981
65,7,4,second,3,10000,minus,44,155
65,7,4,second,3,10000,plus,44,826
65,7,4,second,3,10000,minus,45,70
65,7,4,second,3,10000,plus,45,632
65,7,4,second,3,10000,minus,46,34
65,7,4,second,3,10000,plus,46,552
65,7,4,second,3,10000,minus,47,19
65,7,4,second,3,10000,plus,47,386
65,7,4,second,3,10000,minus,48,6
65,7,4,second,3,10000,plus,48,271
65,7,4,second,3,10000,minus,49,3
65,7,4,second,3,10000,plus,49,193
65,7,4,second,3,10000,plus,50,121
65,7,4,second,3,10000,plus,51,67
65,7,4,second,3,10000,plus,52,36
65,7,4,second,3,10000,plus,53,15
65,7,4,second,3,10000,plus,54,14
65,7,4,second,3,10000,plus,55,4
65,7,4,second,3,10000,plus,56,2
65,7,4,second,3,10000,plus,58,1
65,8,1,first,4,10000,minus,16,1
65,8,1,first,4,10000,minus,17,2
65,8,1,first,4,10000,minus,18,3
65,8,1,first,4,10000,minus,19,3
65,8,1,first,4,10000,minus,20,5
65,8,1,first,4,10000,minus,21,4
65,8,1,first,4,10000,minus,22,9
65,8,1,first,4,10000,minus,23,17
65,8,1,first,4,10000,minus,24,30
65,8,1,first,4,10000,plus,24,1
65,8,1,first,4,10000,minus,25,44
65,8,1,first,4,10000,minus,26,60
65,8,1,first,4,10000,minus,27,100
65,8,1,first,4,10000,plus,27,1
65,8,1,first,4,10000,minus,28,157
65,8,1,first,4,10000,plus,28,1
65,8,1,first,4,10000,minus,29,203
65,8,1,first,4,10000,plus,29,6
65,8,1,first,4,10000,minus,30,310
65,8,1,first,4,10000,plus,30,10
65,8,1,first,4,10000,minus,31,376
65,8,1,first,4,10000,plus,31,27
65,8,1,first,4,10000,minus,32,508
65,8,1,first,4,10000,plus,32,30
65,8,1,first,4,10000,minus,33,588
65,8,1,first,4,10000,plus,33,79
65,8,1,first,4,10000,minus,34,759
65,8,1,first,4,10000,plus,34,131
65,8,1,first,4,10000,minus,35,883
65,8,1,first,4,10000,plus,35,214
65,8,1,first,4,10000,minus,36,997
65,8,1,first,4,10000,plus,36,301
65,8,1,first,4,10000,minus,37,1007
65,8,1,first,4,10000,plus,37,458
65,8,1,first,4,10000,minus,38,975
65,8,1,first,4,10000,plus,38,690
65,8,1,first,4,10000,minus,39,881
65,8,1,first,4,10000,plus,39,804
65,8,1,first,4,10000,minus,40,699
65,8,1,first,4,10000,plus,40,1010
65,8,1,first,4,10000,minus,41,534
65,8,1,first,4,10000,plus,41,1005
65,8,1,first,4,10000,minus,42,374
65,8,1,first,4,10000,plus,42,1033
65,8,1,first,4,10000,minus,43,234
65,8,1,first,4,10000,plus,43,982
65,8,1,first,4,10000,minus,44,128
65,8,1,first,4,10000,plus,44,926
65,8,1,first,4,10000,minus,45,65
65,8,1,first,4,10000,plus,45,688
65,8,1,first,4,10000,minus,46,25
65,8,1,first,4,10000,plus,46,519
65,8,1,first,4,10000,minus,47,12
65,8,1,first,4,10000,plus,47,395
65,8,1,first,4,10000,minus,48,6
65,8,1,first,4,10000,plus,48,274
65,8,1,first,4,10000,minus,49,1
65,8,1,first,4,10000,plus,49,173
65,8,1,first,4,10000,plus,50,101
65,8,1,first,4,10000,plus,51,79
65,8,1,first,4,10000,plus,52,41
65,8,1,first,4,10000,plus,53,10
65,8,1,first,4,10000,plus,54,7
65,8,1,first,4,10000,plus,55,3
65,8,1,first,4,10000,plus,56,1
65,7,4,second,4,10000,minus,18,2
65,7,4,second,4,10000,minus,19,3
65,7,4,second,4,10000,minus,20,1
65,7,4,second,4,10000,minus,21,3
65,7,4,second,4,10000,minus,22,8
65,7,4,second,4,10000,minus,23,17
65,7,4,second,4,10000,plus,23,1
65,7,4,second,4,10000,minus,24,21
65,7,4,second,4,10000,minus,25,38
65,7,4,second,4,10000,minus,26,79
65,7,4,second,4,10000,minus,27,83
65,7,4,second,4,10000,minus,28,142
65,7,4,second,4,10000,minus,29,212
65,7,4,second,4,10000,minus,30,269
65,7,4,second,4,10000,plus,30,6
65,7,4,second,4,10000,minus,31,368
65,7,4,second,4,10000,plus,31,23
65,7,4,second,4,10000,minus,32,510
65,7,4,second,4,10000,plus,32,40
65,7,4,second,4,10000,minus,33,624
65,7,4,second,4,10000,plus,33,89
65,7,4,second,4,10000,minus,34,799
65,7,4,second,4,10000,plus,34,125
65,7,4,second,4,10000,minus,35,873
65,7,4,second,4,10000,plus,35,201
65,7,4,second,4,10000,minus,36,952
65,7,4,second,4,10000,plus,36,351
65,7,4,second,4,10000,minus,37,1054
65,7,4,second,4,10000,plus,37,491
65,7,4,second,4,10000,minus,38,952
65,7,4,second,4,10000,plus,38,630
65,7,4,second,4,10000,minus,39,895
65,7,4,second,4,10000,plus,39,814
65,7,4,second,4,10000,minus,40,700
65,7,4,second,4,10000,plus,40,927
65,7,4,second,4,10000,minus,41,522
65,7,4,second,4,10000,plus,41,1045
65,7,4,second,4,10000,minus,42,399
65,7,4,second,4,10000,plus,42,1031
65,7,4,second,4,10000,minus,43,227
65,7,4,second,4,10000,plus,43,1000
65,7,4,second,4,10000,minus,44,142
65,7,4,second,4,10000,plus,44,840
65,7,4,second,4,10000,minus,45,63
65,7,4,second,4,10000,plus,45,739
65,7,4,second,4,10000,minus,46,21
65,7,4,second,4,10000,plus,46,534
65,7,4,second,4,10000,minus,47,15
65,7,4,second,4,10000,plus,47,386
65,7,4,second,4,10000,minus,48,5
65,7,4,second,4,10000,plus,48,279
65,7,4,second,4,10000,plus,49,190
65,7,4,second,4,10000,minus,50,1
65,7,4,second,4,10000,plus,50,105
65,7,4,second,4,10000,plus,51,76
65,7,4,second,4,10000,plus,52,38
65,7,4,second,4,10000,plus,53,16
65,7,4,second,4,10000,plus,54,12
65,7,4,second,4,10000,plus,55,5
65,7,4,second,4,10000,plus,56,4
65,7,4,second,4,10000,plus,57,2
65,8,1,first,5,10000,minus,18,3
65,8,1,first,5,10000,minus,19,2
65,8,1,first,5,10000,minus,20,1
65,8,1,first,5,10000,minus,21,9
65,8,1,first,5,10000,minus,22,13
65,8,1,first,5,10000,minus,23,17
65,8,1,first,5,10000,minus,24,24
65,8,1,first,5,10000,minus,25,29
65,8,1,first,5,10000,minus,26,54
65,8,1,first,5,10000,minus,27,110
65,8,1,first,5,10000,plus,27,2
65,8,1,first,5,10000,minus,28,137
65,8,1,first,5,10000,plus,28,5
65,8,1,first,5,10000,minus,29,230
65,8,1,first,5,10000,plus,29,6
65,8,1,first,5,10000,minus,30,293
65,8,1,first,5,10000,plus,30,17
65,8,1,first,5,10000,minus,31,394
65,8,1,first,5,10000,plus,31,20
65,8,1,first,5,10000,minus,32,512
65,8,1,first,5,10000,plus,32,37
65,8,1,first,5,10000,minus,33,652
65,8,1,first,5,10000,plus,33,84
65,8,1,first,5,10000,minus,34,776
65,8,1,first,5,10000,plus,34,147
65,8,1,first,5,10000,minus,35,910
65,8,1,first,5,10000,plus,35,234
65,8,1,first,5,10000,minus,36,922
65,8,1,first,5,10000,plus,36,325
65,8,1,first,5,10000,minus,37,992
65,8,1,first,5,10000,plus,37,503
65,8,1,first,5,10000,minus,38,930
65,8,1,first,5,10000,plus,38,660
65,8,1,first,5,10000,minus,39,880
65,8,1,first,5,10000,plus,39,855
65,8,1,first,5,10000,minus,40,747
65,8,1,first,5,10000,plus,40,969
65,8,1,first,5,10000,minus,41,562
65,8,1,first,5,10000,plus,41,1045
65,8,1,first,5,10000,minus,42,326
65,8,1,first,5,10000,plus,42,1049
65,8,1,first,5,10000,minus,43,231
65,8,1,first,5,10000,plus,43,934
65,8,1,first,5,10000,minus,44,129
65,8,1,first,5,10000,plus,44,893
65,8,1,first,5,10000,minus,45,68
65,8,1,first,5,10000,plus,45,642
65,8,1,first,5,10000,minus,46,31
65,8,1,first,5,10000,plus,46,531
65,8,1,first,5,10000,minus,47,10
65,8,1,first,5,10000,plus,47,400
65,8,1,first,5,10000,minus,48,4
65,8,1,first,5,10000,plus,48,257
65,8,1,first,5,10000,minus,49,2
65,8,1,first,5,10000,plus,49,167
65,8,1,first,5,10000,plus,50,116
65,8,1,first,5,10000,plus,51,60
65,8,1,first,5,10000,plus,52,26
65,8,1,first,5,10000,plus,53,11
65,8,1,first,5,10000,plus,54,3
65,8,1,first,5,10000,plus,55,2
65,7,4,second,5,10000,minus,19,1
65,7,4,second,5,10000,minus,20,4
65,7,4,second,5,10000,minus,21,5
65,7,4,second,5,10000,minus,22,12
65,7,4,second,5,10000,minus,23,12
65,7,4,second,5,10000,minus,24,23
65,7,4,second,5,10000,minus,25,52
65,7,4,second,5,10000,minus,26,51
65,7,4,second,5,10000,minus,27,91
65,7,4,second,5,10000,minus,28,136
65,7,4,second,5,10000,plus,28,4
65,7,4,second,5,10000,minus,29,207
65,7,4,second,5,10000,plus,29,3
65,7,4,second,5,10000,minus,30,274
65,7,4,second,5,10000,plus,30,8
65,7,4,second,5,10000,minus,31,392
65,7,4,second,5,10000,plus,31,14
65,7,4,second,5,10000,minus,32,453
65,7,4,second,5,10000,plus,32,43
65,7,4,second,5,10000,minus,33,620
65,7,4,second,5,10000,plus,33,73
65,7,4,second,5,10000,minus,34,824
65,7,4,second,5,10000,plus,34,136
65,7,4,second,5,10000,minus,35,906
65,7,4,second,5,10000,plus,35,216
65,7,4,second,5,10000,minus,36,985
65,7,4,second,5,10000,plus,36,357
65,7,4,second,5,10000,minus,37,987
65,7,4,second,5,10000,plus,37,490
65,7,4,second,5,10000,minus,38,972
65,7,4,second,5,10000,plus,38,649
65,7,4,second,5,10000,minus,39,892
65,7,4,second,5,10000,plus,39,832
65,7,4,second,5,10000,minus,40,732
65,7,4,second,5,10000,plus,40,944
65,7,4,second,5,10000,minus,41,513
65,7,4,second,5,10000,plus,41,1044
65,7,4,second,5,10000,minus,42,353
65,7,4,second,5,10000,plus,42,1045
65,7,4,second,5,10000,minus,43,249
65,7,4,second,5,10000,plus,43,991
65,7,4,second,5,10000,minus,44,135
65,7,4,second,5,10000,plus,44,823
65,7,4,second,5,10000,minus,45,71
65,7,4,second,5,10000,plus,45,698
65,7,4,second,5,10000,minus,46,23
65,7,4,second,5,10000,plus,46,523
65,7,4,second,5,10000,minus,47,18
65,7,4,second,5,10000,plus,47,408
65,7,4,second,5,10000,minus,48,4
65,7,4,second,5,10000,plus,48,254
65,7,4,second,5,10000,minus,49,3
65,7,4,second,5,10000,plus,49,195
65,7,4,second,5,10000,plus,50,105
65,7,4,second,5,10000,plus,51,72
65,7,4,second,5,10000,plus,52,38
65,7,4,second,5,10000,plus,53,26
65,7,4,second,5,10000,plus,54,4
65,7,4,second,5,10000,plus,55,3
65,7,4,second,5,10000,plus,56,2
65,8,1,first,6,10000,minus,15,1
65,8,1,first,6,10000,minus,17,1
65,8,1,first,6,10000,minus,19,4
65,8,1,first,6,10000,minus,20,2
65,8,1,first,6,10000,minus,21,10
65,8,1,first,6,10000,minus,22,13
65,8,1,first,6,10000,minus,23,18
65,8,1,first,6,10000,minus,24,34
65,8,1,first,6,10000,minus,25,53
65,8,1,first,6,10000,minus,26,64
65,8,1,first,6,10000,minus,27,104
65,8,1,first,6,10000,minus,28,130
65,8,1,first,6,10000,minus,29,212
65,8,1,first,6,10000,plus,29,2
65,8,1,first,6,10000,minus,30,266
65,8,1,first,6,10000,plus,30,5
65,8,1,first,6,10000,minus,31,378
65,8,1,first,6,10000,plus,31,19
65,8,1,first,6,10000,minus,32,490
65,8,1,first,6,10000,plus,32,41
65,8,1,first,6,10000,minus,33,608
65,8,1,first,6,10000,plus,33,77
65,8,1,first,6,10000,minus,34,750
65,8,1,first,6,10000,plus,34,138
65,8,1,first,6,10000,minus,35,920
65,8,1,first,6,10000,plus,35,221
65,8,1,first,6,10000,minus,36,982
65,8,1,first,6,10000,plus,36,343
65,8,1,first,6,10000,minus,37,994
65,8,1,first,6,10000,plus,37,464
65,8,1,first,6,10000,minus,38,978
65,8,1,first,6,10000,plus,38,659
65,8,1,first,6,10000,minus,39,848
65,8,1,first,6,10000,plus,39,869
65,8,1,first,6,10000,minus,40,716
65,8,1,first,6,10000,plus,40,925
65,8,1,first,6,10000,minus,41,572
65,8,1,first,6,10000,plus,41,1085
65,8,1,first,6,10000,minus,42,373
65,8,1,first,6,10000,plus,42,1046
65,8,1,first,6,10000,minus,43,215
65,8,1,first,6,10000,plus,43,963
65,8,1,first,6,10000,minus,44,135
65,8,1,first,6,10000,plus,44,849
65,8,1,first,6,10000,minus,45,77
65,8,1,first,6,10000,plus,45,670
65,8,1,first,6,10000,minus,46,30
65,8,1,first,6,10000,plus,46,523
65,8,1,first,6,10000,minus,47,17
65,8,1,first,6,10000,plus,47,401
65,8,1,first,6,10000,minus,48,5
65,8,1,first,6,10000,plus,48,283
65,8,1,first,6,10000,plus,49,182
65,8,1,first,6,10000,plus,50,105
65,8,1,first,6,10000,plus,51,51
65,8,1,first,6,10000,plus,52,33
65,8,1,first,6,10000,plus,53,30
65,8,1,first,6,10000,plus,54,9
65,8,1,first,6,10000,plus,55,5
65,8,1,first,6,10000,plus,56,2
65,7,4,second,6,10000,minus,18,2
65,7,4,second,6,10000,minus,19,2
65,7,4,second,6,10000,minus,20,2
65,7,4,second,6,10000,minus,21,5
65,7,4,second,6,10000,minus,22,7
65,7,4,second,6,10000,minus,23,15
65,7,4,second,6,10000,minus,24,23
65,7,4,second,6,10000,minus,25,32
65,7,4,second,6,10000,minus,26,61
65,7,4,second,6,10000,plus,26,1
65,7,4,second,6,10000,minus,27,91
65,7,4,second,6,10000,plus,27,1
65,7,4,second,6,10000,minus,28,141
65,7,4,second,6,10000,plus,28,1
65,7,4,second,6,10000,minus,29,241
65,7,4,second,6,10000,plus,29,2
65,7,4,second,6,10000,minus,30,278
65,7,4,second,6,10000,plus,30,8
65,7,4,second,6,10000,minus,31,354
65,7,4,second,6,10000,plus,31,19
65,7,4,second,6,10000,minus,32,487
65,7,4,second,6,10000,plus,32,39
65,7,4,second,6,10000,minus,33,670
65,7,4,second,6,10000,plus,33,73
65,7,4,second,6,10000,minus,34,772
65,7,4,second,6,10000,plus,34,121
65,7,4,second,6,10000,minus,35,908
65,7,4,second,6,10000,plus,35,214
65,7,4,second,6,10000,minus,36,1000
65,7,4,second,6,10000,plus,36,329
65,7,4,second,6,10000,minus,37,951
65,7,4,second,6,10000,plus,37,478
65,7,4,second,6,10000,minus,38,1002
65,7,4,second,6,10000,plus,38,611
65,7,4,second,6,10000,minus,39,870
65,7,4,second,6,10000,plus,39,842
65,7,4,second,6,10000,minus,40,671
65,7,4,second,6,10000,plus,40,980
65,7,4,second,6,10000,minus,41,541
65,7,4,second,6,10000,plus,41,1085
65,7,4,second,6,10000,minus,42,378
65,7,4,second,6,10000,plus,42,1016
65,7,4,second,6,10000,minus,43,236
65,7,4,second,6,10000,plus,43,988
65,7,4,second,6,10000,minus,44,129
65,7,4,second,6,10000,plus,44,824
65,7,4,second,6,10000,minus,45,72
65,7,4,second,6,10000,plus,45,647
65,7,4,second,6,10000,minus,46,35
65,7,4,second,6,10000,plus,46,608
65,7,4,second,6,10000,minus,47,13
65,7,4,second,6,10000,plus,47,399
65,7,4,second,6,10000,minus,48,9
65,7,4,second,6,10000,plus,48,274
65,7,4,second,6,10000,minus,49,1
65,7,4,second,6,10000,plus,49,195
65,7,4,second,6,10000,minus,50,1
65,7,4,second,6,10000,plus,50,112
65,7,4,second,6,10000,plus,51,58
65,7,4,second,6,10000,plus,52,34
65,7,4,second,6,10000,plus,53,17
65,7,4,second,6,10000,plus,54,12
65,7,4,second,6,10000,plus,55,10
65,7,4,second,6,10000,plus,57,1
65,7,4,second,6,10000,plus,58,1
65,8,1,first,7,10000,minus,15,1
65,8,1,first,7,10000,minus,16,1
65,8,1,first,7,10000,minus,17,2
65,8,1,first,7,10000,minus,18,1
65,8,1,first,7,10000,minus,19,4
65,8,1,first,7,10000,minus,20,2
65,8,1,first,7,10000,minus,21,6
65,8,1,first,7,10000,minus,22,14
65,8,1,first,7,10000,minus,23,22
65,8,1,first,7,10000,minus,24,20
65,8,1,first,7,10000,minus,25,38
65,8,1,first,7,10000,minus,26,50
65,8,1,first,7,10000,plus,26,1
65,8,1,first,7,10000,minus,27,93
65,8,1,first,7,10000,minus,28,151
65,8,1,first,7,10000,plus,28,1
65,8,1,first,7,10000,minus,29,194
65,8,1,first,7,10000,plus,29,3
65,8,1,first,7,10000,minus,30,265
65,8,1,first,7,10000,plus,30,12
65,8,1,first,7,10000,minus,31,390
65,8,1,first,7,10000,plus,31,13
65,8,1,first,7,10000,minus,32,488
65,8,1,first,7,10000,plus,32,46
65,8,1,first,7,10000,minus,33,624
65,8,1,first,7,10000,plus,33,68
65,8,1,first,7,10000,minus,34,798
65,8,1,first,7,10000,plus,34,131
65,8,1,first,7,10000,minus,35,915
65,8,1,first,7,10000,plus,35,215
65,8,1,first,7,10000,minus,36,957
65,8,1,first,7,10000,plus,36,308
65,8,1,first,7,10000,minus,37,1026
65,8,1,first,7,10000,plus,37,460
65,8,1,first,7,10000,minus,38,988
65,8,1,first,7,10000,plus,38,687
65,8,1,first,7,10000,minus,39,871
65,8,1,first,7,10000,plus,39,792
65,8,1,first,7,10000,minus,40,671
65,8,1,first,7,10000,plus,40,970
65,8,1,first,7,10000,minus,41,527
65,8,1,first,7,10000,plus,41,1059
65,8,1,first,7,10000,minus,42,384
65,8,1,first,7,10000,plus,42,1049
65,8,1,first,7,10000,minus,43,240
65,8,1,first,7,10000,plus,43,1021
65,8,1,first,7,10000,minus,44,130
65,8,1,first,7,10000,plus,44,838
65,8,1,first,7,10000,minus,45,73
65,8,1,first,7,10000,plus,45,725
65,8,1,first,7,10000,minus,46,37
65,8,1,first,7,10000,plus,46,543
65,8,1,first,7,10000,minus,47,9
65,8,1,first,7,10000,plus,47,406
65,8,1,first,7,10000,minus,48,7
65,8,1,first,7,10000,plus,48,267
65,8,1,first,7,10000,minus,49,1
65,8,1,first,7,10000,plus,49,160
65,8,1,first,7,10000,plus,50,109
65,8,1,first,7,10000,plus,51,56
65,8,1,first,7,10000,plus,52,33
65,8,1,first,7,10000,plus,53,19
65,8,1,first,7,10000,plus,54,6
65,8,1,first,7,10000,plus,55,2
65,7,4,second,7,10000,minus,12,1
65,7,4,second,7,10000,minus,20,3
65,7,4,second,7,10000,minus,21,6
65,7,4,second,7,10000,minus,22,11
65,7,4,second,7,10000,minus,23,9
65,7,4,second,7,10000,minus,24,27
65,7,4,second,7,10000,minus,25,42
65,7,4,second,7,10000,minus,26,65
65,7,4,second,7,10000,minus,27,89
65,7,4,second,7,10000,minus,28,154
65,7,4,second,7,10000,plus,28,2
65,7,4,second,7,10000,minus,29,184
65,7,4,second,7,10000,plus,29,7
65,7,4,second,7,10000,minus,30,287
65,7,4,second,7,10000,plus,30,10
65,7,4,second,7,10000,minus,31,429
65,7,4,second,7,10000,plus,31,20
65,7,4,second,7,10000,minus,32,478
65,7,4,second,7,10000,plus,32,46
65,7,4,second,7,10000,minus,33,658
65,7,4,second,7,10000,plus,33,89
65,7,4,second,7,10000,minus,34,746
65,7,4,second,7,10000,plus,34,103
65,7,4,second,7,10000,minus,35,918
65,7,4,second,7,10000,plus,35,227
65,7,4,second,7,10000,minus,36,959
65,7,4,second,7,10000,plus,36,345
65,7,4,second,7,10000,minus,37,1022
65,7,4,second,7,10000,plus,37,474
65,7,4,second,7,10000,minus,38,974
65,7,4,second,7,10000,plus,38,669
65,7,4,second,7,10000,minus,39,880
65,7,4,second,7,10000,plus,39,782
65,7,4,second,7,10000,minus,40,673
65,7,4,second,7,10000,plus,40,972
65,7,4,second,7,10000,minus,41,536
65,7,4,second,7,10000,plus,41,1016
65,7,4,second,7,10000,minus,42,353
65,7,4,second,7,10000,plus,42,1071
65,7,4,second,7,10000,minus,43,238
65,7,4,second,7,10000,plus,43,967
65,7,4,second,7,10000,minus,44,128
65,7,4,second,7,10000,plus,44,820
65,7,4,second,7,10000,minus,45,75
65,7,4,second,7,10000,plus,45,694
65,7,4,second,7,10000,minus,46,32
65,7,4,second,7,10000,plus,46,542
65,7,4,second,7,10000,minus,47,15
65,7,4,second,7,10000,plus,47,383
65,7,4,second,7,10000,minus,48,5
65,7,4,second,7,10000,plus,48,278
65,7,4,second,7,10000,minus,49,2
65,7,4,second,7,10000,plus,49,210
65,7,4,second,7,10000,plus,50,116
65,7,4,second,7,10000,minus,51,1
65,7,4,second,7,10000,plus,51,78
65,7,4,second,7,10000,plus,52,48
65,7,4,second,7,10000,plus,53,15
65,7,4,second,7,10000,plus,54,8
65,7,4,second,7,10000,plus,55,4
65,7,4,second,7,10000,plus,56,3
65,7,4,second,7,10000,plus,58,1
65,8,1,first,8,10000,minus,16,1
65,8,1,first,8,10000,minus,17,1
65,8,1,first,8,10000,minus,18,2
65,8,1,first,8,10000,minus,19,2
65,8,1,first,8,10000,minus,20,6
65,8,1,first,8,10000,minus,21,4
65,8,1,first,8,10000,minus,22,4
65,8,1,first,8,10000,minus,23,20
65,8,1,first,8,10000,minus,24,35
65,8,1,first,8,10000,minus,25,50
65,8,1,first,8,10000,minus,26,53
65,8,1,first,8,10000,plus,26,1
65,8,1,first,8,10000,minus,27,77
65,8,1,first,8,10000,plus,27,1
65,8,1,first,8,10000,minus,28,132
65,8,1,first,8,10000,minus,29,215
65,8,1,first,8,10000,plus,29,5
65,8,1,first,8,10000,minus,30,299
65,8,1,first,8,10000,plus,30,7
65,8,1,first,8,10000,minus,31,364
65,8,1,first,8,10000,plus,31,18
65,8,1,first,8,10000,minus,32,491
65,8,1,first,8,10000,plus,32,45
65,8,1,first,8,10000,minus,33,621
65,8,1,first,8,10000,plus,33,71
65,8,1,first,8,10000,minus,34,733
65,8,1,first,8,10000,plus,34,120
65,8,1,first,8,10000,minus,35,911
65,8,1,first,8,10000,plus,35,240
65,8,1,first,8,10000,minus,36,982
65,8,1,first,8,10000,plus,36,332
65,8,1,first,8,10000,minus,37,991
65,8,1,first,8,10000,plus,37,462
65,8,1,first,8,10000,minus,38,920
65,8,1,first,8,10000,plus,38,659
65,8,1,first,8,10000,minus,39,902
65,8,1,first,8,10000,plus,39,775
65,8,1,first,8,10000,minus,40,743
65,8,1,first,8,10000,plus,40,978
65,8,1,first,8,10000,minus,41,601
65,8,1,first,8,10000,plus,41,1055
65,8,1,first,8,10000,minus,42,355
65,8,1,first,8,10000,plus,42,1063
65,8,1,first,8,10000,minus,43,234
65,8,1,first,8,10000,plus,43,981
65,8,1,first,8,10000,minus,44,132
65,8,1,first,8,10000,plus,44,880
65,8,1,first,8,10000,minus,45,73
65,8,1,first,8,10000,plus,45,743
65,8,1,first,8,10000,minus,46,22
65,8,1,first,8,10000,plus,46,529
65,8,1,first,8,10000,minus,47,17
65,8,1,first,8,10000,plus,47,380
65,8,1,first,8,10000,minus,48,3
65,8,1,first,8,10000,plus,48,259
65,8,1,first,8,10000,minus,49,3
65,8,1,first,8,10000,plus,49,177
65,8,1,first,8,10000,minus,50,1
65,8,1,first,8,10000,plus,50,103
65,8,1,first,8,10000,plus,51,56
65,8,1,first,8,10000,plus,52,35
65,8,1,first,8,10000,plus,53,17
65,8,1,first,8,10000,plus,54,5
65,8,1,first,8,10000,plus,55,2
65,8,1,first,8,10000,plus,56,1
65,7,4,second,8,10000,minus,18,2
65,7,4,second,8,10000,minus,19,1
65,7,4,second,8,10000,minus,20,1
65,7,4,second,8,10000,minus,21,4
65,7,4,second,8,10000,minus,22,11
65,7,4,second,8,10000,minus,23,13
65,7,4,second,8,10000,minus,24,13
65,7,4,second,8,10000,minus,25,45
65,7,4,second,8,10000,minus,26,55
65,7,4,second,8,10000,minus,27,110
65,7,4,second,8,10000,plus,27,1
65,7,4,second,8,10000,minus,28,131
65,7,4,second,8,10000,plus,28,2
65,7,4,second,8,10000,minus,29,186
65,7,4,second,8,10000,plus,29,2
65,7,4,second,8,10000,minus,30,316
65,7,4,second,8,10000,plus,30,10
65,7,4,second,8,10000,minus,31,365
65,7,4,second,8,10000,plus,31,23
65,7,4,second,8,10000,minus,32,497
65,7,4,second,8,10000,plus,32,36
65,7,4,second,8,10000,minus,33,609
65,7,4,second,8,10000,plus,33,69
65,7,4,second,8,10000,minus,34,780
65,7,4,second,8,10000,plus,34,120
65,7,4,second,8,10000,minus,35,861
65,7,4,second,8,10000,plus,35,212
65,7,4,second,8,10000,minus,36,932
65,7,4,second,8,10000,plus,36,367
65,7,4,second,8,10000,minus,37,1017
65,7,4,second,8,10000,plus,37,480
65,7,4,second,8,10000,minus,38,1020
65,7,4,second,8,10000,plus,38,661
65,7,4,second,8,10000,minus,39,866
65,7,4,second,8,10000,plus,39,820
65,7,4,second,8,10000,minus,40,706
65,7,4,second,8,10000,plus,40,950
65,7,4,second,8,10000,minus,41,550
65,7,4,second,8,10000,plus,41,1029
65,7,4,second,8,10000,minus,42,370
65,7,4,second,8,10000,plus,42,1044
65,7,4,second,8,10000,minus,43,258
65,7,4,second,8,10000,plus,43,951
65,7,4,second,8,10000,minus,44,133
65,7,4,second,8,10000,plus,44,886
65,7,4,second,8,10000,minus,45,85
65,7,4,second,8,10000,plus,45,683
65,7,4,second,8,10000,minus,46,42
65,7,4,second,8,10000,plus,46,518
65,7,4,second,8,10000,minus,47,15
65,7,4,second,8,10000,plus,47,440
65,7,4,second,8,10000,minus,48,4
65,7,4,second,8,10000,plus,48,272
65,7,4,second,8,10000,minus,49,2
65,7,4,second,8,10000,plus,49,172
65,7,4,second,8,10000,plus,50,93
65,7,4,second,8,10000,plus,51,82
65,7,4,second,8,10000,plus,52,40
65,7,4,second,8,10000,plus,53,20
65,7,4,second,8,10000,plus,54,13
65,7,4,second,8,10000,plus,55,3
65,7,4,second,8,10000,plus,56,1
65,8,1,first,9,10000,minus,16,1
65,8,1,first,9,10000,minus,17,1
65,8,1,first,9,10000,minus,18,2
65,8,1,first,9,10000,minus,19,2
65,8,1,first,9,10000,minus,20,4
65,8,1,first,9,10000,minus,21,2
65,8,1,first,9,10000,minus,22,9
65,8,1,first,9,10000,minus,23,21
65,8,1,first,9,10000,minus,24,22
65,8,1,first,9,10000,minus,25,44
65,8,1,first,9,10000,minus,26,69
65,8,1,first,9,10000,plus,26,1
65,8,1,first,9,10000,minus,27,98
65,8,1,first,9,10000,plus,27,1
65,8,1,first,9,10000,minus,28,138
65,8,1,first,9,10000,plus,28,2
65,8,1,first,9,10000,minus,29,211
65,8,1,first,9,10000,plus,29,3
65,8,1,first,9,10000,minus,30,263
65,8,1,first,9,10000,plus,30,9
65,8,1,first,9,10000,minus,31,369
65,8,1,first,9,10000,plus,31,22
65,8,1,first,9,10000,minus,32,521
65,8,1,first,9,10000,plus,32,30
65,8,1,first,9,10000,minus,33,672
65,8,1,first,9,10000,plus,33,63
65,8,1,first,9,10000,minus,34,766
65,8,1,first,9,10000,plus,34,118
65,8,1,first,9,10000,minus,35,896
65,8,1,first,9,10000,plus,35,217
65,8,1,first,9,10000,minus,36,987
65,8,1,first,9,10000,plus,36,333
65,8,1,first,9,10000,minus,37,1012
65,8,1,first,9,10000,plus,37,521
65,8,1,first,9,10000,minus,38,951
65,8,1,first,9,10000,plus,38,651
65,8,1,first,9,10000,minus,39,848
65,8,1,first,9,10000,plus,39,891
65,8,1,first,9,10000,minus,40,718
65,8,1,first,9,10000,plus,40,989
65,8,1,first,9,10000,minus,41,527
65,8,1,first,9,10000,plus,41,1058
65,8,1,first,9,10000,minus,42,363
65,8,1,first,9,10000,plus,42,1044
65,8,1,first,9,10000,minus,43,236
65,8,1,first,9,10000,plus,43,985
65,8,1,first,9,10000,minus,44,128
65,8,1,first,9,10000,plus,44,827
65,8,1,first,9,10000,minus,45,74
65,8,1,first,9,10000,plus,45,735
65,8,1,first,9,10000,minus,46,26
65,8,1,first,9,10000,plus,46,524
65,8,1,first,9,10000,minus,47,11
65,8,1,first,9,10000,plus,47,357
65,8,1,first,9,10000,minus,48,7
65,8,1,first,9,10000,plus,48,253
65,8,1,first,9,10000,minus,49,1
65,8,1,first,9,10000,plus,49,159
65,8,1,first,9,10000,plus,50,87
65,8,1,first,9,10000,plus,51,64
65,8,1,first,9,10000,plus,52,37
65,8,1,first,9,10000,plus,53,15
65,8,1,first,9,10000,plus,54,1
65,8,1,first,9,10000,plus,55,2
65,8,1,first,9,10000,plus,57,1
65,7,4,second,9,10000,minus,17,1
65,7,4,second,9,10000,minus,18,1
65,7,4,second,9,10000,minus,20,1
65,7,4,second,9,10000,minus,21,5
65,7,4,second,9,10000,minus,22,8
65,7,4,second,9,10000,minus,23,13
65,7,4,second,9,10000,minus,24,21
65,7,4,second,9,10000,minus,25,33
65,7,4,second,9,10000,minus,26,65
65,7,4,second,9,10000,minus,27,80
65,7,4,second,9,10000,minus,28,124
65,7,4,second,9,10000,plus,28,3
65,7,4,second,9,10000,minus,29,213
65,7,4,second,9,10000,plus,29,7
65,7,4,second,9,10000,minus,30,256
65,7,4,second,9,10000,plus,30,12
65,7,4,second,9,10000,minus,31,402
65,7,4,second,9,10000,plus,31,17
65,7,4,second,9,10000,minus,32,526
65,7,4,second,9,10000,plus,32,31
65,7,4,second,9,10000,minus,33,665
65,7,4,second,9,10000,plus,33,71
65,7,4,second,9,10000,minus,34,752
65,7,4,second,9,10000,plus,34,128
65,7,4,second,9,10000,minus,35,870
65,7,4,second,9,10000,plus,35,202
65,7,4,second,9,10000,minus,36,1026
65,7,4,second,9,10000,plus,36,344
65,7,4,second,9,10000,minus,37,1004
65,7,4,second,9,10000,plus,37,501
65,7,4,second,9,10000,minus,38,964
65,7,4,second,9,10000,plus,38,659
65,7,4,second,9,10000,minus,39,842
65,7,4,second,9,10000,plus,39,842
65,7,4,second,9,10000,minus,40,719
65,7,4,second,9,10000,plus,40,938
65,7,4,second,9,10000,minus,41,534
65,7,4,second,9,10000,plus,41,1002
65,7,4,second,9,10000,minus,42,384
65,7,4,second,9,10000,plus,42,1066
65,7,4,second,9,10000,minus,43,217
65,7,4,second,9,10000,plus,43,985
65,7,4,second,9,10000,minus,44,141
65,7,4,second,9,10000,plus,44,811
65,7,4,second,9,10000,minus,45,80
65,7,4,second,9,10000,plus,45,709
65,7,4,second,9,10000,minus,46,33
65,7,4,second,9,10000,plus,46,552
65,7,4,second,9,10000,minus,47,17
65,7,4,second,9,10000,plus,47,381
65,7,4,second,9,10000,minus,48,3
65,7,4,second,9,10000,plus,48,298
65,7,4,second,9,10000,plus,49,189
65,7,4,second,9,10000,plus,50,105
65,7,4,second,9,10000,plus,51,70
65,7,4,second,9,10000,plus,52,44
65,7,4,second,9,10000,plus,53,19
65,7,4,second,9,10000,plus,54,5
65,7,4,second,9,10000,plus,55,7
65,7,4,second,9,10000,plus,56,1
65,7,4,second,9,10000,plus,57,1
65,8,1,first,10,10000,minus,15,1
65,8,1,first,10,10000,minus,18,3
65,8,1,first,10,10000,minus,19,4
65,8,1,first,10,10000,minus,20,3
65,8,1,first,10,10000,minus,21,2
65,8,1,first,10,10000,minus,22,15
65,8,1,first,10,10000,minus,23,15
65,8,1,first,10,10000,minus,24,20
65,8,1,first,10,10000,minus,25,48
65,8,1,first,10,10000,plus,25,1
65,8,1,first,10,10000,minus,26,64
65,8,1,first,10,10000,minus,27,101
65,8,1,first,10,10000,minus,28,137
65,8,1,first,10,10000,plus,28,1
65,8,1,first,10,10000,minus,29,196
65,8,1,first,10,10000,plus,29,4
65,8,1,first,10,10000,minus,30,317
65,8,1,first,10,10000,plus,30,5
65,8,1,first,10,10000,minus,31,400
65,8,1,first,10,10000,plus,31,15
65,8,1,first,10,10000,minus,32,461
65,8,1,first,10,10000,plus,32,23
65,8,1,first,10,10000,minus,33,628
65,8,1,first,10,10000,plus,33,62
65,8,1,first,10,10000,minus,34,789
65,8,1,first,10,10000,plus,34,132
65,8,1,first,10,10000,minus,35,885
65,8,1,first,10,10000,plus,35,190
65,8,1,first,10,10000,minus,36,934
65,8,1,first,10,10000,plus,36,320
65,8,1,first,10,10000,minus,37,1049
65,8,1,first,10,10000,plus,37,495
65,8,1,first,10,10000,minus,38,966
65,8,1,first,10,10000,plus,38,675
65,8,1,first,10,10000,minus,39,814
65,8,1,first,10,10000,plus,39,856
65,8,1,first,10,10000,minus,40,692
65,8,1,first,10,10000,plus,40,934
65,8,1,first,10,10000,minus,41,579
65,8,1,first,10,10000,plus,41,1061
65,8,1,first,10,10000,minus,42,373
65,8,1,first,10,10000,plus,42,1057
65,8,1,first,10,10000,minus,43,252
65,8,1,first,10,10000,plus,43,983
65,8,1,first,10,10000,minus,44,131
65,8,1,first,10,10000,plus,44,848
65,8,1,first,10,10000,minus,45,75
65,8,1,first,10,10000,plus,45,698
65,8,1,first,10,10000,minus,46,27
65,8,1,first,10,10000,plus,46,532
65,8,1,first,10,10000,minus,47,12
65,8,1,first,10,10000,plus,47,418
65,8,1,first,10,10000,minus,48,6
65,8,1,first,10,10000,plus,48,275
65,8,1,first,10,10000,plus,49,180
65,8,1,first,10,10000,minus,50,1
65,8,1,first,10,10000,plus,50,101
65,8,1,first,10,10000,plus,51,64
65,8,1,first,10,10000,plus,52,41
65,8,1,first,10,10000,plus,53,17
65,8,1,first,10,10000,plus,54,5
65,8,1,first,10,10000,plus,55,4
65,8,1,first,10,10000,plus,56,3
65,7,4,second,10,10000,minus,18,1
65,7,4,second,10,10000,minus,19,2
65,7,4,second,10,10000,minus,20,3
65,7,4,second,10,10000,minus,21,5
65,7,4,second,10,10000,minus,22,6
65,7,4,second,10,10000,minus,23,17
65,7,4,second,10,10000,minus,24,28
65,7,4,second,10,10000,minus,25,35
65,7,4,second,10,10000,minus,26,54
65,7,4,second,10,10000,minus,27,96
65,7,4,second,10,10000,plus,27,1
65,7,4,second,10,10000,minus,28,131
65,7,4,second,10,10000,plus,28,1
65,7,4,second,10,10000,minus,29,207
65,7,4,second,10,10000,plus,29,4
65,7,4,second,10,10000,minus,30,258
65,7,4,second,10,10000,plus,30,9
65,7,4,second,10,10000,minus,31,371
65,7,4,second,10,10000,plus,31,19
65,7,4,second,10,10000,minus,32,517
65,7,4,second,10,10000,plus,32,49
65,7,4,second,10,10000,minus,33,620
65,7,4,second,10,10000,plus,33,76
65,7,4,second,10,10000,minus,34,759
65,7,4,second,10,10000,plus,34,117
65,7,4,second,10,10000,minus,35,854
65,7,4,second,10,10000,plus,35,220
65,7,4,second,10,10000,minus,36,1007
65,7,4,second,10,10000,plus,36,323
65,7,4,second,10,10000,minus,37,1033
65,7,4,second,10,10000,plus,37,482
65,7,4,second,10,10000,minus,38,990
65,7,4,second,10,10000,plus,38,663
65,7,4,second,10,10000,minus,39,896
65,7,4,second,10,10000,plus,39,851
65,7,4,second,10,10000,minus,40,706
65,7,4,second,10,10000,plus,40,1025
65,7,4,second,10,10000,minus,41,547
65,7,4,second,10,10000,plus,41,1018
65,7,4,second,10,10000,minus,42,388
65,7,4,second,10,10000,plus,42,1034
65,7,4,second,10,10000,minus,43,227
65,7,4,second,10,10000,plus,43,989
65,7,4,second,10,10000,minus,44,117
65,7,4,second,10,10000,plus,44,813
65,7,4,second,10,10000,minus,45,80
65,7,4,second,10,10000,plus,45,671
65,7,4,second,10,10000,minus,46,32
65,7,4,second,10,10000,plus,46,522
65,7,4,second,10,10000,minus,47,8
65,7,4,second,10,10000,plus,47,355
65,7,4,second,10,10000,minus,48,3
65,7,4,second,10,10000,plus,48,300
65,7,4,second,10,10000,minus,49,2
65,7,4,second,10,10000,plus,49,198
65,7,4,second,10,10000,plus,50,108
65,7,4,second,10,10000,plus,51,65
65,7,4,second,10,10000,plus,52,37
65,7,4,second,10,10000,plus,53,23
65,7,4,second,10,10000,plus,54,18
65,7,4,second,10,10000,plus,55,4
65,7,4,second,10,10000,plus,56,4
65,7,4,second,10,10000,plus,57,1
65,8,1,first,11,10000,minus,15,1
65,8,1,first,11,10000,minus,17,1
65,8,1,first,11,10000,minus,18,1
65,8,1,first,11,10000,minus,19,3
65,8,1,first,11,10000,minus,20,6
65,8,1,first,11,10000,minus,21,6
65,8,1,first,11,10000,minus,22,10
65,8,1,first,11,10000,minus,23,20
65,8,1,first,11,10000,minus,24,26
65,8,1,first,11,10000,minus,25,51
65,8,1,first,11,10000,minus,26,71
65,8,1,first,11,10000,minus,27,97
65,8,1,first,11,10000,plus,27,1
65,8,1,first,11,10000,minus,28,132
65,8,1,first,11,10000,plus,28,2
65,8,1,first,11,10000,minus,29,213
65,8,1,first,11,10000,plus,29,4
65,8,1,first,11,10000,minus,30,309
65,8,1,first,11,10000,plus,30,12
65,8,1,first,11,10000,minus,31,391
65,8,1,first,11,10000,plus,31,21
65,8,1,first,11,10000,minus,32,487
65,8,1,first,11,10000,plus,32,43
65,8,1,first,11,10000,minus,33,646
65,8,1,first,11,10000,plus,33,65
65,8,1,first,11,10000,minus,34,760
65,8,1,first,11,10000,plus,34,123
65,8,1,first,11,10000,minus,35,889
65,8,1,first,11,10000,plus,35,207
65,8,1,first,11,10000,minus,36,980
65,8,1,first,11,10000,plus,36,328
65,8,1,first,11,10000,minus,37,1002
65,8,1,first,11,10000,plus,37,483
65,8,1,first,11,10000,minus,38,924
65,8,1,first,11,10000,plus,38,647
65,8,1,first,11,10000,minus,39,867
65,8,1,first,11,10000,plus,39,820
65,8,1,first,11,10000,minus,40,718
65,8,1,first,11,10000,plus,40,991
65,8,1,first,11,10000,minus,41,529
65,8,1,first,11,10000,plus,41,1074
65,8,1,first,11,10000,minus,42,384
65,8,1,first,11,10000,plus,42,1077
65,8,1,first,11,10000,minus,43,233
65,8,1,first,11,10000,plus,43,1000
65,8,1,first,11,10000,minus,44,126
65,8,1,first,11,10000,plus,44,858
65,8,1,first,11,10000,minus,45,63
65,8,1,first,11,10000,plus,45,692
65,8,1,first,11,10000,minus,46,39
65,8,1,first,11,10000,plus,46,515
65,8,1,first,11,10000,minus,47,6
65,8,1,first,11,10000,plus,47,360
65,8,1,first,11,10000,minus,48,5
65,8,1,first,11,10000,plus,48,262
65,8,1,first,11,10000,minus,49,3
65,8,1,first,11,10000,plus,49,158
65,8,1,first,11,10000,minus,50,1
65,8,1,first,11,10000,plus,50,122
65,8,1,first,11,10000,plus,51,63
65,8,1,first,11,10000,plus,52,37
65,8,1,first,11,10000,plus,53,20
65,8,1,first,11,10000,plus,54,9
65,8,1,first,11,10000,plus,55,4
65,8,1,first,11,10000,plus,56,1
65,8,1,first,11,10000,plus,57,1
65,7,4,second,11,10000,minus,19,2
65,7,4,second,11,10000,minus,20,4
65,7,4,second,11,10000,minus,21,4
65,7,4,second,11,10000,minus,22,16
65,7,4,second,11,10000,minus,23,12
65,7,4,second,11,10000,minus,24,21
65,7,4,second,11,10000,minus,25,45
65,7,4,second,11,10000,minus,26,58
65,7,4,second,11,10000,minus,27,85
65,7,4,second,11,10000,minus,28,120
65,7,4,second,11,10000,plus,28,3
65,7,4,second,11,10000,minus,29,209
65,7,4,second,11,10000,plus,29,3
65,7,4,second,11,10000,minus,30,279
65,7,4,second,11,10000,plus,30,11
65,7,4,second,11,10000,minus,31,384
65,7,4,second,11,10000,plus,31,19
65,7,4,second,11,10000,minus,32,505
65,7,4,second,11,10000,plus,32,37
65,7,4,second,11,10000,minus,33,638
65,7,4,second,11,10000,plus,33,62
65,7,4,second,11,10000,minus,34,778
65,7,4,second,11,10000,plus,34,130
65,7,4,second,11,10000,minus,35,887
65,7,4,second,11,10000,plus,35,209
65,7,4,second,11,10000,minus,36,1024
65,7,4,second,11,10000,plus,36,317
65,7,4,second,11,10000,minus,37,991
65,7,4,second,11,10000,plus,37,523
65,7,4,second,11,10000,minus,38,966
65,7,4,second,11,10000,plus,38,644
65,7,4,second,11,10000,minus,39,899
65,7,4,second,11,10000,plus,39,815
65,7,4,second,11,10000,minus,40,714
65,7,4,second,11,10000,plus,40,993
65,7,4,second,11,10000,minus,41,508
65,7,4,second,11,10000,plus,41,1051
65,7,4,second,11,10000,minus,42,356
65,7,4,second,11,10000,plus,42,1004
65,7,4,second,11,10000,minus,43,244
65,7,4,second,11,10000,plus,43,989
65,7,4,second,11,10000,minus,44,134
65,7,4,second,11,10000,plus,44,816
65,7,4,second,11,10000,minus,45,59
65,7,4,second,11,10000,plus,45,722
65,7,4,second,11,10000,minus,46,38
65,7,4,second,11,10000,plus,46,539
65,7,4,second,11,10000,minus,47,12
65,7,4,second,11,10000,plus,47,377
65,7,4,second,11,10000,minus,48,5
65,7,4,second,11,10000,plus,48,287
65,7,4,second,11,10000,minus,49,2
65,7,4,second,11,10000,plus,49,192
65,7,4,second,11,10000,minus,50,1
65,7,4,second,11,10000,plus,50,107
65,7,4,second,11,10000,plus,51,75
65,7,4,second,11,10000,plus,52,41
65,7,4,second,11,10000,plus,53,18
65,7,4,second,11,10000,plus,54,10
65,7,4,second,11,10000,plus,55,5
65,7,4,second,11,10000,plus,56,1
65,8,1,first,12,10000,minus,15,1
65,8,1,first,12,10000,minus,16,1
65,8,1,first,12,10000,minus,17,1
65,8,1,first,12,10000,minus,18,2
65,8,1,first,12,10000,minus,19,3
65,8,1,first,12,10000,minus,20,4
65,8,1,first,12,10000,minus,21,6
65,8,1,first,12,10000,minus,22,14
65,8,1,first,12,10000,minus,23,18
65,8,1,first,12,10000,minus,24,26
65,8,1,first,12,10000,minus,25,43
65,8,1,first,12,10000,minus,26,64
65,8,1,first,12,10000,minus,27,113
65,8,1,first,12,10000,plus,27,1
65,8,1,first,12,10000,minus,28,145
65,8,1,first,12,10000,plus,28,1
65,8,1,first,12,10000,minus,29,235
65,8,1,first,12,10000,plus,29,1
65,8,1,first,12,10000,minus,30,314
65,8,1,first,12,10000,plus,30,7
65,8,1,first,12,10000,minus,31,372
65,8,1,first,12,10000,plus,31,23
65,8,1,first,12,10000,minus,32,430
65,8,1,first,12,10000,plus,32,34
65,8,1,first,12,10000,minus,33,625
65,8,1,first,12,10000,plus,33,76
65,8,1,first,12,10000,minus,34,777
65,8,1,first,12,10000,plus,34,119
65,8,1,first,12,10000,minus,35,900
65,8,1,first,12,10000,plus,35,203
65,8,1,first,12,10000,minus,36,924
65,8,1,first,12,10000,plus,36,322
65,8,1,first,12,10000,minus,37,1031
65,8,1,first,12,10000,plus,37,469
65,8,1,first,12,10000,minus,38,991
65,8,1,first,12,10000,plus,38,644
65,8,1,first,12,10000,minus,39,883
65,8,1,first,12,10000,plus,39,821
65,8,1,first,12,10000,minus,40,746
65,8,1,first,12,10000,plus,40,976
65,8,1,first,12,10000,minus,41,511
65,8,1,first,12,10000,plus,41,1093
65,8,1,first,12,10000,minus,42,370
65,8,1,first,12,10000,plus,42,1049
65,8,1,first,12,10000,minus,43,221
65,8,1,first,12,10000,plus,43,1021
65,8,1,first,12,10000,minus,44,107
65,8,1,first,12,10000,plus,44,863
65,8,1,first,12,10000,minus,45,77
65,8,1,first,12,10000,plus,45,697
65,8,1,first,12,10000,minus,46,30
65,8,1,first,12,10000,plus,46,520
65,8,1,first,12,10000,minus,47,12
65,8,1,first,12,10000,plus,47,388
65,8,1,first,12,10000,minus,48,2
65,8,1,first,12,10000,plus,48,280
65,8,1,first,12,10000,minus,49,1
65,8,1,first,12,10000,plus,49,169
65,8,1,first,12,10000,plus,50,97
65,8,1,first,12,10000,plus,51,66
65,8,1,first,12,10000,plus,52,37
65,8,1,first,12,10000,plus,53,13
65,8,1,first,12,10000,plus,54,7
65,8,1,first,12,10000,plus,55,2
65,8,1,first,12,10000,plus,56,1
65,7,4,second,12,10000,minus,18,1
65,7,4,second,12,10000,minus,21,7
65,7,4,second,12,10000,minus,22,10
65,7,4,second,12,10000,minus,23,18
65,7,4,second,12,10000,minus,24,27
65,7,4,second,12,10000,minus,25,33
65,7,4,second,12,10000,minus,26,64
65,7,4,second,12,10000,minus,27,105
65,7,4,second,12,10000,plus,27,2
65,7,4,second,12,10000,minus,28,129
65,7,4,second,12,10000,plus,28,1
65,7,4,second,12,10000,minus,29,185
65,7,4,second,12,10000,plus,29,3
65,7,4,second,12,10000,minus,30,293
65,7,4,second,12,10000,plus,30,14
65,7,4,second,12,10000,minus,31,391
65,7,4,second,12,10000,plus,31,26
65,7,4,second,12,10000,minus,32,510
65,7,4,second,12,10000,plus,32,50
65,7,4,second,12,10000,minus,33,609
65,7,4,second,12,10000,plus,33,54
65,7,4,second,12,10000,minus,34,737
65,7,4,second,12,10000,plus,34,114
65,7,4,second,12,10000,minus,35,890
65,7,4,second,12,10000,plus,35,218
65,7,4,second,12,10000,minus,36,1009
65,7,4,second,12,10000,plus,36,325
65,7,4,second,12,10000,minus,37,1007
65,7,4,second,12,10000,plus,37,489
65,7,4,second,12,10000,minus,38,969
65,7,4,second,12,10000,plus,38,680
65,7,4,second,12,10000,minus,39,839
65,7,4,second,12,10000,plus,39,800
65,7,4,second,12,10000,minus,40,757
65,7,4,second,12,10000,plus,40,938
65,7,4,second,12,10000,minus,41,540
65,7,4,second,12,10000,plus,41,1077
65,7,4,second,12,10000,minus,42,414
65,7,4,second,12,10000,plus,42,1094
65,7,4,second,12,10000,minus,43,228
65,7,4,second,12,10000,plus,43,967
65,7,4,second,12,10000,minus,44,124
65,7,4,second,12,10000,plus,44,809
65,7,4,second,12,10000,minus,45,60
65,7,4,second,12,10000,plus,45,712
65,7,4,second,12,10000,minus,46,29
65,7,4,second,12,10000,plus,46,550
65,7,4,second,12,10000,minus,47,11
65,7,4,second,12,10000,plus,47,399
65,7,4,second,12,10000,minus,48,3
65,7,4,second,12,10000,plus,48,268
65,7,4,second,12,10000,plus,49,168
65,7,4,second,12,10000,minus,50,1
65,7,4,second,12,10000,plus,50,101
65,7,4,second,12,10000,plus,51,55
65,7,4,second,12,10000,plus,52,31
65,7,4,second,12,10000,plus,53,31
65,7,4,second,12,10000,plus,54,9
65,7,4,second,12,10000,plus,55,8
65,7,4,second,12,10000,plus,56,2
65,7,4,second,12,10000,plus,57,4
65,7,4,second,12,10000,plus,58,1
65,8,1,first,13,10000,minus,18,2
65,8,1,first,13,10000,minus,19,2
65,8,1,first,13,10000,minus,20,5
65,8,1,first,13,10000,minus,21,5
65,8,1,first,13,10000,minus,22,11
65,8,1,first,13,10000,minus,23,21
65,8,1,first,13,10000,minus,24,28
65,8,1,first,13,10000,minus,25,45
65,8,1,first,13,10000,minus,26,73
65,8,1,first,13,10000,minus,27,109
65,8,1,first,13,10000,minus,28,142
65,8,1,first,13,10000,plus,28,3
65,8,1,first,13,10000,minus,29,207
65,8,1,first,13,10000,plus,29,3
65,8,1,first,13,10000,minus,30,297
65,8,1,first,13,10000,plus,30,12
65,8,1,first,13,10000,minus,31,357
65,8,1,first,13,10000,plus,31,20
65,8,1,first,13,10000,minus,32,521
65,8,1,first,13,10000,plus,32,42
65,8,1,first,13,10000,minus,33,622
65,8,1,first,13,10000,plus,33,81
65,8,1,first,13,10000,minus,34,768
65,8,1,first,13,10000,plus,34,138
65,8,1,first,13,10000,minus,35,863
65,8,1,first,13,10000,plus,35,200
65,8,1,first,13,10000,minus,36,977
65,8,1,first,13,10000,plus,36,358
65,8,1,first,13,10000,minus,37,1010
65,8,1,first,13,10000,plus,37,465
65,8,1,first,13,10000,minus,38,972
65,8,1,first,13,10000,plus,38,663
65,8,1,first,13,10000,minus,39,893
65,8,1,first,13,10000,plus,39,844
65,8,1,first,13,10000,minus,40,701
65,8,1,first,13,10000,plus,40,918
65,8,1,first,13,10000,minus,41,520
65,8,1,first,13,10000,plus,41,1069
65,8,1,first,13,10000,minus,42,373
65,8,1,first,13,10000,plus,42,1026
65,8,1,first,13,10000,minus,43,208
65,8,1,first,13,10000,plus,43,984
65,8,1,first,13,10000,minus,44,152
65,8,1,first,13,10000,plus,44,834
65,8,1,first,13,10000,minus,45,59
65,8,1,first,13,10000,plus,45,736
65,8,1,first,13,10000,minus,46,33
65,8,1,first,13,10000,plus,46,537
65,8,1,first,13,10000,minus,47,14
65,8,1,first,13,10000,plus,47,382
65,8,1,first,13,10000,minus,48,5
65,8,1,first,13,10000,plus,48,309
65,8,1,first,13,10000,minus,49,3
65,8,1,first,13,10000,plus,49,155
65,8,1,first,13,10000,minus,50,2
65,8,1,first,13,10000,plus,50,94
65,8,1,first,13,10000,plus,51,61
65,8,1,first,13,10000,plus,52,38
65,8,1,first,13,10000,plus,53,13
65,8,1,first,13,10000,plus,54,12
65,8,1,first,13,10000,plus,55,2
65,8,1,first,13,10000,plus,56,1
65,7,4,second,13,10000,minus,17,1
65,7,4,second,13,10000,minus,19,5
65,7,4,second,13,10000,minus,20,3
65,7,4,second,13,10000,minus,21,7
65,7,4,second,13,10000,minus,22,9
65,7,4,second,13,10000,minus,23,12
65,7,4,second,13,10000,minus,24,18
65,7,4,second,13,10000,minus,25,41
65,7,4,second,13,10000,minus,26,61
65,7,4,second,13,10000,plus,26,1
65,7,4,second,13,10000,minus,27,106
65,7,4,second,13,10000,minus,28,119
65,7,4,second,13,10000,plus,28,1
65,7,4,second,13,10000,minus,29,210
65,7,4,second,13,10000,plus,29,5
65,7,4,second,13,10000,minus,30,286
65,7,4,second,13,10000,plus,30,11
65,7,4,second,13,10000,minus,31,398
65,7,4,second,13,10000,plus,31,14
65,7,4,second,13,10000,minus,32,512
65,7,4,second,13,10000,plus,32,35
65,7,4,second,13,10000,minus,33,651
65,7,4,second,13,10000,plus,33,81
65,7,4,second,13,10000,minus,34,758
65,7,4,second,13,10000,plus,34,128
65,7,4,second,13,10000,minus,35,903
65,7,4,second,13,10000,plus,35,219
65,7,4,second,13,10000,minus,36,976
65,7,4,second,13,10000,plus,36,323
65,7,4,second,13,10000,minus,37,993
65,7,4,second,13,10000,plus,37,473
65,7,4,second,13,10000,minus,38,956
65,7,4,second,13,10000,plus,38,706
65,7,4,second,13,10000,minus,39,872
65,7,4,second,13,10000,plus,39,817
65,7,4,second,13,10000,minus,40,708
65,7,4,second,13,10000,plus,40,954
65,7,4,second,13,10000,minus,41,544
65,7,4,second,13,10000,plus,41,1020
65,7,4,second,13,10000,minus,42,370
65,7,4,second,13,10000,plus,42,1042
65,7,4,second,13,10000,minus,43,250
65,7,4,second,13,10000,plus,43,967
65,7,4,second,13,10000,minus,44,119
65,7,4,second,13,10000,plus,44,864
65,7,4,second,13,10000,minus,45,64
65,7,4,second,13,10000,plus,45,656
65,7,4,second,13,10000,minus,46,32
65,7,4,second,13,10000,plus,46,569
65,7,4,second,13,10000,minus,47,10
65,7,4,second,13,10000,plus,47,382
65,7,4,second,13,10000,minus,48,4
65,7,4,second,13,10000,plus,48,262
65,7,4,second,13,10000,minus,49,2
65,7,4,second,13,10000,plus,49,186
65,7,4,second,13,10000,plus,50,129
65,7,4,second,13,10000,plus,51,67
65,7,4,second,13,10000,plus,52,39
65,7,4,second,13,10000,plus,53,28
65,7,4,second,13,10000,plus,54,12
65,7,4,second,13,10000,plus,55,6
65,7,4,second,13,10000,plus,56,1
65,7,4,second,13,10000,plus,57,2
65,8,1,first,14,10000,minus,19,1
65,8,1,first,14,10000,minus,20,2
65,8,1,first,14,10000,minus,21,7
65,8,1,first,14,10000,minus,22,7
65,8,1,first,14,10000,minus,23,14
65,8,1,first,14,10000,minus,24,30
65,8,1,first,14,10000,minus,25,41
65,8,1,first,14,10000,plus,25,1
65,8,1,first,14,10000,minus,26,57
65,8,1,first,14,10000,minus,27,115
65,8,1,first,14,10000,plus,27,1
65,8,1,first,14,10000,minus,28,148
65,8,1,first,14,10000,plus,28,1
65,8,1,first,14,10000,minus,29,201
65,8,1,first,14,10000,plus,29,7
65,8,1,first,14,10000,minus,30,272
65,8,1,first,14,10000,plus,30,10
65,8,1,first,14,10000,minus,31,391
65,8,1,first,14,10000,plus,31,18
65,8,1,first,14,10000,minus,32,477
65,8,1,first,14,10000,plus,32,46
65,8,1,first,14,10000,minus,33,625
65,8,1,first,14,10000,plus,33,58
65,8,1,first,14,10000,minus,34,762
65,8,1,first,14,10000,plus,34,131
65,8,1,first,14,10000,minus,35,856
65,8,1,first,14,10000,plus,35,220
65,8,1,first,14,10000,minus,36,967
65,8,1,first,14,10000,plus,36,334
65,8,1,first,14,10000,minus,37,1039
65,8,1,first,14,10000,plus,37,488
65,8,1,first,14,10000,minus,38,1026
65,8,1,first,14,10000,plus,38,640
65,8,1,first,14,10000,minus,39,851
65,8,1,first,14,10000,plus,39,840
65,8,1,first,14,10000,minus,40,712
65,8,1,first,14,10000,plus,40,970
65,8,1,first,14,10000,minus,41,535
65,8,1,first,14,10000,plus,41,1009
65,8,1,first,14,10000,minus,42,385
65,8,1,first,14,10000,plus,42,1100
65,8,1,first,14,10000,minus,43,231
65,8,1,first,14,10000,plus,43,961
65,8,1,first,14,10000,minus,44,150
65,8,1,first,14,10000,plus,44,856
65,8,1,first,14,10000,minus,45,55
65,8,1,first,14,10000,plus,45,717
65,8,1,first,14,10000,minus,46,31
65,8,1,first,14,10000,plus,46,512
65,8,1,first,14,10000,minus,47,6
65,8,1,first,14,10000,plus,47,376
65,8,1,first,14,10000,minus,48,6
65,8,1,first,14,10000,plus,48,274
65,8,1,first,14,10000,plus,49,186
65,8,1,first,14,10000,plus,50,134
65,8,1,first,14,10000,plus,51,48
65,8,1,first,14,10000,plus,52,33
65,8,1,first,14,10000,plus,53,17
65,8,1,first,14,10000,plus,54,8
65,8,1,first,14,10000,plus,55,4
65,7,4,second,14,10000,minus,14,1
65,7,4,second,14,10000,minus,17,1
65,7,4,second,14,10000,minus,19,6
65,7,4,second,14,10000,minus,20,3
65,7,4,second,14,10000,minus,21,5
65,7,4,second,14,10000,minus,22,10
65,7,4,second,14,10000,minus,23,10
65,7,4,second,14,10000,minus,24,27
65,7,4,second,14,10000,minus,25,49
65,7,4,second,14,10000,minus,26,67
65,7,4,second,14,10000,plus,26,1
65,7,4,second,14,10000,minus,27,90
65,7,4,second,14,10000,plus,27,3
65,7,4,second,14,10000,minus,28,130
65,7,4,second,14,10000,minus,29,193
65,7,4,second,14,10000,plus,29,5
65,7,4,second,14,10000,minus,30,277
65,7,4,second,14,10000,plus,30,7
65,7,4,second,14,10000,minus,31,370
65,7,4,second,14,10000,plus,31,14
65,7,4,second,14,10000,minus,32,517
65,7,4,second,14,10000,plus,32,37
65,7,4,second,14,10000,minus,33,605
65,7,4,second,14,10000,plus,33,78
65,7,4,second,14,10000,minus,34,752
65,7,4,second,14,10000,plus,34,126
65,7,4,second,14,10000,minus,35,877
65,7,4,second,14,10000,plus,35,223
65,7,4,second,14,10000,minus,36,993
65,7,4,second,14,10000,plus,36,354
65,7,4,second,14,10000,minus,37,1002
65,7,4,second,14,10000,plus,37,486
65,7,4,second,14,10000,minus,38,1002
65,7,4,second,14,10000,plus,38,677
65,7,4,second,14,10000,minus,39,851
65,7,4,second,14,10000,plus,39,768
65,7,4,second,14,10000,minus,40,748
65,7,4,second,14,10000,plus,40,975
65,7,4,second,14,10000,minus,41,525
65,7,4,second,14,10000,plus,41,1045
65,7,4,second,14,10000,minus,42,390
65,7,4,second,14,10000,plus,42,1012
65,7,4,second,14,10000,minus,43,253
65,7,4,second,14,10000,plus,43,965
65,7,4,second,14,10000,minus,44,122
65,7,4,second,14,10000,plus,44,894
65,7,4,second,14,10000,minus,45,70
65,7,4,second,14,10000,plus,45,690
65,7,4,second,14,10000,minus,46,36
65,7,4,second,14,10000,plus,46,530
65,7,4,second,14,10000,minus,47,9
65,7,4,second,14,10000,plus,47,374
65,7,4,second,14,10000,minus,48,4
65,7,4,second,14,10000,plus,48,280
65,7,4,second,14,10000,minus,49,3
65,7,4,second,14,10000,plus,49,193
65,7,4,second,14,10000,minus,50,2
65,7,4,second,14,10000,plus,50,107
65,7,4,second,14,10000,plus,51,71
65,7,4,second,14,10000,plus,52,35
65,7,4,second,14,10000,plus,53,23
65,7,4,second,14,10000,plus,54,11
65,7,4,second,14,10000,plus,55,9
65,7,4,second,14,10000,plus,56,4
65,7,4,second,14,10000,plus,57,3
65,8,1,first,15,10000,minus,18,4
65,8,1,first,15,10000,minus,19,3
65,8,1,first,15,10000,minus,20,4
65,8,1,first,15,10000,minus,21,2
65,8,1,first,15,10000,minus,22,11
65,8,1,first,15,10000,minus,23,10
65,8,1,first,15,10000,minus,24,25
65,8,1,first,15,10000,minus,25,52
65,8,1,first,15,10000,minus,26,72
65,8,1,first,15,10000,minus,27,97
65,8,1,first,15,10000,minus,28,132
65,8,1,first,15,10000,plus,28,1
65,8,1,first,15,10000,minus,29,197
65,8,1,first,15,10000,plus,29,7
65,8,1,first,15,10000,minus,30,279
65,8,1,first,15,10000,plus,30,4
65,8,1,first,15,10000,minus,31,374
65,8,1,first,15,10000,plus,31,22
65,8,1,first,15,10000,minus,32,497
65,8,1,first,15,10000,plus,32,50
65,8,1,first,15,10000,minus,33,632
65,8,1,first,15,10000,plus,33,73
65,8,1,first,15,10000,minus,34,775
65,8,1,first,15,10000,plus,34,138
65,8,1,first,15,10000,minus,35,872
65,8,1,first,15,10000,plus,35,198
65,8,1,first,15,10000,minus,36,931
65,8,1,first,15,10000,plus,36,335
65,8,1,first,15,10000,minus,37,1031
65,8,1,first,15,10000,plus,37,490
65,8,1,first,15,10000,minus,38,970
65,8,1,first,15,10000,plus,38,682
65,8,1,first,15,10000,minus,39,885
65,8,1,first,15,10000,plus,39,837
65,8,1,first,15,10000,minus,40,709
65,8,1,first,15,10000,plus,40,952
65,8,1,first,15,10000,minus,41,587
65,8,1,first,15,10000,plus,41,1037
65,8,1,first,15,10000,minus,42,344
65,8,1,first,15,10000,plus,42,1077
65,8,1,first,15,10000,minus,43,257
65,8,1,first,15,10000,plus,43,984
65,8,1,first,15,10000,minus,44,137
65,8,1,first,15,10000,plus,44,858
65,8,1,first,15,10000,minus,45,63
65,8,1,first,15,10000,plus,45,657
65,8,1,first,15,10000,minus,46,34
65,8,1,first,15,10000,plus,46,530
65,8,1,first,15,10000,minus,47,9
65,8,1,first,15,10000,plus,47,394
65,8,1,first,15,10000,minus,48,5
65,8,1,first,15,10000,plus,48,281
65,8,1,first,15,10000,plus,49,167
65,8,1,first,15,10000,plus,50,111
65,8,1,first,15,10000,plus,51,49
65,8,1,first,15,10000,plus,52,34
65,8,1,first,15,10000,plus,53,19
65,8,1,first,15,10000,plus,54,13
65,7,4,second,15,10000,minus,19,1
65,7,4,second,15,10000,minus,20,2
65,7,4,second,15,10000,minus,21,7
65,7,4,second,15,10000,minus,22,10
65,7,4,second,15,10000,minus,23,16
65,7,4,second,15,10000,minus,24,18
65,7,4,second,15,10000,minus,25,48
65,7,4,second,15,10000,minus,26,68
65,7,4,second,15,10000,minus,27,104
65,7,4,second,15,10000,plus,27,2
65,7,4,second,15,10000,minus,28,134
65,7,4,second,15,10000,minus,29,198
65,7,4,second,15,10000,plus,29,4
65,7,4,second,15,10000,minus,30,282
65,7,4,second,15,10000,plus,30,9
65,7,4,second,15,10000,minus,31,398
65,7,4,second,15,10000,plus,31,11
65,7,4,second,15,10000,minus,32,463
65,7,4,second,15,10000,plus,32,41
65,7,4,second,15,10000,minus,33,681
65,7,4,second,15,10000,plus,33,68
65,7,4,second,15,10000,minus,34,774
65,7,4,second,15,10000,plus,34,132
65,7,4,second,15,10000,minus,35,892
65,7,4,second,15,10000,plus,35,209
65,7,4,second,15,10000,minus,36,958
65,7,4,second,15,10000,plus,36,332
65,7,4,second,15,10000,minus,37,977
65,7,4,second,15,10000,plus,37,488
65,7,4,second,15,10000,minus,38,1022
65,7,4,second,15,10000,plus,38,648
65,7,4,second,15,10000,minus,39,857
65,7,4,second,15,10000,plus,39,840
65,7,4,second,15,10000,minus,40,723
65,7,4,second,15,10000,plus,40,1019
65,7,4,second,15,10000,minus,41,492
65,7,4,second,15,10000,plus,41,1038
65,7,4,second,15,10000,minus,42,392
65,7,4,second,15,10000,plus,42,1027
65,7,4,second,15,10000,minus,43,204
65,7,4,second,15,10000,plus,43,979
65,7,4,second,15,10000,minus,44,157
65,7,4,second,15,10000,plus,44,824
65,7,4,second,15,10000,minus,45,65
65,7,4,second,15,10000,plus,45,699
65,7,4,second,15,10000,minus,46,34
65,7,4,second,15,10000,plus,46,541
65,7,4,second,15,10000,minus,47,13
65,7,4,second,15,10000,plus,47,395
65,7,4,second,15,10000,minus,48,8
65,7,4,second,15,10000,plus,48,256
65,7,4,second,15,10000,minus,49,1
65,7,4,second,15,10000,plus,49,170
65,7,4,second,15,10000,minus,50,1
65,7,4,second,15,10000,plus,50,116
65,7,4,second,15,10000,plus,51,61
65,7,4,second,15,10000,plus,52,41
65,7,4,second,15,10000,plus,53,25
65,7,4,second,15,10000,plus,54,11
65,7,4,second,15,10000,plus,55,11
65,7,4,second,15,10000,plus,56,3
65,8,1,first,16,10000,minus,14,1
65,8,1,first,16,10000,minus,17,1
65,8,1,first,16,10000,minus,20,5
65,8,1,first,16,10000,minus,21,8
65,8,1,first,16,10000,minus,22,11
65,8,1,first,16,10000,minus,23,23
65,8,1,first,16,10000,minus,24,23
65,8,1,first,16,10000,minus,25,47
65,8,1,first,16,10000,plus,25,1
65,8,1,first,16,10000,minus,26,58
65,8,1,first,16,10000,minus,27,108
65,8,1,first,16,10000,plus,27,2
65,8,1,first,16,10000,minus,28,147
65,8,1,first,16,10000,minus,29,197
65,8,1,first,16,10000,plus,29,4
65,8,1,first,16,10000,minus,30,286
65,8,1,first,16,10000,plus,30,12
65,8,1,first,16,10000,minus,31,399
65,8,1,first,16,10000,plus,31,14
65,8,1,first,16,10000,minus,32,493
65,8,1,first,16,10000,plus,32,42
65,8,1,first,16,10000,minus,33,581
65,8,1,first,16,10000,plus,33,78
65,8,1,first,16,10000,minus,34,774
65,8,1,first,16,10000,plus,34,147
65,8,1,first,16,10000,minus,35,901
65,8,1,first,16,10000,plus,35,205
65,8,1,first,16,10000,minus,36,977
65,8,1,first,16,10000,plus,36,311
65,8,1,first,16,10000,minus,37,1016
65,8,1,first,16,10000,plus,37,500
65,8,1,first,16,10000,minus,38,990
65,8,1,first,16,10000,plus,38,629
65,8,1,first,16,10000,minus,39,847
65,8,1,first,16,10000,plus,39,870
65,8,1,first,16,10000,minus,40,733
65,8,1,first,16,10000,plus,40,1009
65,8,1,first,16,10000,minus,41,504
65,8,1,first,16,10000,plus,41,1030
65,8,1,first,16,10000,minus,42,377
65,8,1,first,16,10000,plus,42,1029
65,8,1,first,16,10000,minus,43,234
65,8,1,first,16,10000,plus,43,1027
65,8,1,first,16,10000,minus,44,136
65,8,1,first,16,10000,plus,44,828
65,8,1,first,16,10000,minus,45,67
65,8,1,first,16,10000,plus,45,686
65,8,1,first,16,10000,minus,46,38
65,8,1,first,16,10000,plus,46,541
65,8,1,first,16,10000,minus,47,14
65,8,1,first,16,10000,plus,47,384
65,8,1,first,16,10000,minus,48,2
65,8,1,first,16,10000,plus,48,254
65,8,1,first,16,10000,minus,49,1
65,8,1,first,16,10000,plus,49,180
65,8,1,first,16,10000,plus,50,109
65,8,1,first,16,10000,minus,51,1
65,8,1,first,16,10000,plus,51,49
65,8,1,first,16,10000,plus,52,34
65,8,1,first,16,10000,plus,53,15
65,8,1,first,16,10000,plus,54,7
65,8,1,first,16,10000,plus,55,2
65,8,1,first,16,10000,plus,56,1
65,7,4,second,16,10000,minus,20,3
65,7,4,second,16,10000,minus,21,5
65,7,4,second,16,10000,minus,22,10
65,7,4,second,16,10000,minus,23,17
65,7,4,second,16,10000,minus,24,18
65,7,4,second,16,10000,minus,25,45
65,7,4,second,16,10000,minus,26,67
65,7,4,second,16,10000,minus,27,98
65,7,4,second,16,10000,plus,27,1
65,7,4,second,16,10000,minus,28,136
65,7,4,second,16,10000,plus,28,1
65,7,4,second,16,10000,minus,29,189
65,7,4,second,16,10000,plus,29,4
65,7,4,second,16,10000,minus,30,290
65,7,4,second,16,10000,plus,30,14
65,7,4,second,16,10000,minus,31,379
65,7,4,second,16,10000,plus,31,20
65,7,4,second,16,10000,minus,32,494
65,7,4,second,16,10000,plus,32,47
65,7,4,second,16,10000,minus,33,627
65,7,4,second,16,10000,plus,33,75
65,7,4,second,16,10000,minus,34,829
65,7,4,second,16,10000,plus,34,135
65,7,4,second,16,10000,minus,35,877
65,7,4,second,16,10000,plus,35,228
65,7,4,second,16,10000,minus,36,986
65,7,4,second,16,10000,plus,36,363
65,7,4,second,16,10000,minus,37,1039
65,7,4,second,16,10000,plus,37,478
65,7,4,second,16,10000,minus,38,965
65,7,4,second,16,10000,plus,38,659
65,7,4,second,16,10000,minus,39,907
65,7,4,second,16,10000,plus,39,793
65,7,4,second,16,10000,minus,40,714
65,7,4,second,16,10000,plus,40,999
65,7,4,second,16,10000,minus,41,486
65,7,4,second,16,10000,plus,41,1057
65,7,4,second,16,10000,minus,42,347
65,7,4,second,16,10000,plus,42,1080
65,7,4,second,16,10000,minus,43,223
65,7,4,second,16,10000,plus,43,998
65,7,4,second,16,10000,minus,44,134
65,7,4,second,16,10000,plus,44,812
65,7,4,second,16,10000,minus,45,66
65,7,4,second,16,10000,plus,45,636
65,7,4,second,16,10000,minus,46,30
65,7,4,second,16,10000,plus,46,548
65,7,4,second,16,10000,minus,47,13
65,7,4,second,16,10000,plus,47,384
65,7,4,second,16,10000,minus,48,5
65,7,4,second,16,10000,plus,48,264
65,7,4,second,16,10000,minus,49,1
65,7,4,second,16,10000,plus,49,169
65,7,4,second,16,10000,plus,50,101
65,7,4,second,16,10000,plus,51,63
65,7,4,second,16,10000,plus,52,30
65,7,4,second,16,10000,plus,53,25
65,7,4,second,16,10000,plus,54,11
65,7,4,second,16,10000,plus,55,3
65,7,4,second,16,10000,plus,56,2
65,8,1,first,17,10000,minus,19,3
65,8,1,first,17,10000,minus,20,3
65,8,1,first,17,10000,minus,21,4
65,8,1,first,17,10000,minus,22,10
65,8,1,first,17,10000,minus,23,19
65,8,1,first,17,10000,minus,24,24
65,8,1,first,17,10000,plus,24,1
65,8,1,first,17,10000,minus,25,46
65,8,1,first,17,10000,minus,26,67
65,8,1,first,17,10000,minus,27,88
65,8,1,first,17,10000,plus,27,1
65,8,1,first,17,10000,minus,28,145
65,8,1,first,17,10000,plus,28,2
65,8,1,first,17,10000,minus,29,199
65,8,1,first,17,10000,plus,29,5
65,8,1,first,17,10000,minus,30,281
65,8,1,first,17,10000,plus,30,8
65,8,1,first,17,10000,minus,31,408
65,8,1,first,17,10000,plus,31,23
65,8,1,first,17,10000,minus,32,480
65,8,1,first,17,10000,plus,32,37
65,8,1,first,17,10000,minus,33,664
65,8,1,first,17,10000,plus,33,73
65,8,1,first,17,10000,minus,34,798
65,8,1,first,17,10000,plus,34,128
65,8,1,first,17,10000,minus,35,902
65,8,1,first,17,10000,plus,35,224
65,8,1,first,17,10000,minus,36,975
65,8,1,first,17,10000,plus,36,335
65,8,1,first,17,10000,minus,37,987
65,8,1,first,17,10000,plus,37,471
65,8,1,first,17,10000,minus,38,964
65,8,1,first,17,10000,plus,38,716
65,8,1,first,17,10000,minus,39,858
65,8,1,first,17,10000,plus,39,800
65,8,1,first,17,10000,minus,40,680
65,8,1,first,17,10000,plus,40,961
65,8,1,first,17,10000,minus,41,535
65,8,1,first,17,10000,plus,41,1010
65,8,1,first,17,10000,minus,42,360
65,8,1,first,17,10000,plus,42,1084
65,8,1,first,17,10000,minus,43,221
65,8,1,first,17,10000,plus,43,960
65,8,1,first,17,10000,minus,44,149
65,8,1,first,17,10000,plus,44,828
65,8,1,first,17,10000,minus,45,75
65,8,1,first,17,10000,plus,45,697
65,8,1,first,17,10000,minus,46,36
65,8,1,first,17,10000,plus,46,528
65,8,1,first,17,10000,minus,47,15
65,8,1,first,17,10000,plus,47,387
65,8,1,first,17,10000,minus,48,2
65,8,1,first,17,10000,plus,48,313
65,8,1,first,17,10000,minus,49,2
65,8,1,first,17,10000,plus,49,177
65,8,1,first,17,10000,plus,50,108
65,8,1,first,17,10000,plus,51,66
65,8,1,first,17,10000,plus,52,33
65,8,1,first,17,10000,plus,53,16
65,8,1,first,17,10000,plus,54,4
65,8,1,first,17,10000,plus,55,4
65,7,4,second,17,10000,minus,17,1
65,7,4,second,17,10000,minus,19,1
65,7,4,second,17,10000,minus,21,4
65,7,4,second,17,10000,minus,22,12
65,7,4,second,17,10000,minus,23,10
65,7,4,second,17,10000,minus,24,28
65,7,4,second,17,10000,minus,25,33
65,7,4,second,17,10000,minus,26,47
65,7,4,second,17,10000,minus,27,99
65,7,4,second,17,10000,plus,27,1
65,7,4,second,17,10000,minus,28,145
65,7,4,second,17,10000,plus,28,4
65,7,4,second,17,10000,minus,29,199
65,7,4,second,17,10000,minus,30,281
65,7,4,second,17,10000,plus,30,10
65,7,4,second,17,10000,minus,31,339
65,7,4,second,17,10000,plus,31,18
65,7,4,second,17,10000,minus,32,497
65,7,4,second,17,10000,plus,32,40
65,7,4,second,17,10000,minus,33,593
65,7,4,second,17,10000,plus,33,85
65,7,4,second,17,10000,minus,34,792
65,7,4,second,17,10000,plus,34,131
65,7,4,second,17,10000,minus,35,906
65,7,4,second,17,10000,plus,35,208
65,7,4,second,17,10000,minus,36,1036
65,7,4,second,17,10000,plus,36,322
65,7,4,second,17,10000,minus,37,1000
65,7,4,second,17,10000,plus,37,500
65,7,4,second,17,10000,minus,38,971
65,7,4,second,17,10000,plus,38,655
65,7,4,second,17,10000,minus,39,904
65,7,4,second,17,10000,plus,39,836
65,7,4,second,17,10000,minus,40,708
65,7,4,second,17,10000,plus,40,968
65,7,4,second,17,10000,minus,41,508
65,7,4,second,17,10000,plus,41,1018
65,7,4,second,17,10000,minus,42,403
65,7,4,second,17,10000,plus,42,1079
65,7,4,second,17,10000,minus,43,230
65,7,4,second,17,10000,plus,43,958
65,7,4,second,17,10000,minus,44,128
65,7,4,second,17,10000,plus,44,831
65,7,4,second,17,10000,minus,45,69
65,7,4,second,17,10000,plus,45,684
65,7,4,second,17,10000,minus,46,36
65,7,4,second,17,10000,plus,46,532
65,7,4,second,17,10000,minus,47,8
65,7,4,second,17,10000,plus,47,403
65,7,4,second,17,10000,minus,48,5
65,7,4,second,17,10000,plus,48,267
65,7,4,second,17,10000,minus,49,5
65,7,4,second,17,10000,plus,49,199
65,7,4,second,17,10000,minus,50,2
65,7,4,second,17,10000,plus,50,108
65,7,4,second,17,10000,plus,51,66
65,7,4,second,17,10000,plus,52,35
65,7,4,second,17,10000,plus,53,27
65,7,4,second,17,10000,plus,54,8
65,7,4,second,17,10000,plus,55,5
65,7,4,second,17,10000,plus,56,2
65,8,1,first,18,10000,minus,18,2
65,8,1,first,18,10000,minus,19,3
65,8,1,first,18,10000,minus,20,7
65,8,1,first,18,10000,minus,21,6
65,8,1,first,18,10000,minus,22,11
65,8,1,first,18,10000,minus,23,18
65,8,1,first,18,10000,minus,24,30
65,8,1,first,18,10000,minus,25,41
65,8,1,first,18,10000,minus,26,51
65,8,1,first,18,10000,minus,27,94
65,8,1,first,18,10000,minus,28,155
65,8,1,first,18,10000,plus,28,1
65,8,1,first,18,10000,minus,29,208
65,8,1,first,18,10000,plus,29,6
65,8,1,first,18,10000,minus,30,284
65,8,1,first,18,10000,plus,30,5
65,8,1,first,18,10000,minus,31,365
65,8,1,first,18,10000,plus,31,13
65,8,1,first,18,10000,minus,32,483
65,8,1,first,18,10000,plus,32,36
65,8,1,first,18,10000,minus,33,627
65,8,1,first,18,10000,plus,33,68
65,8,1,first,18,10000,minus,34,715
65,8,1,first,18,10000,plus,34,113
65,8,1,first,18,10000,minus,35,878
65,8,1,first,18,10000,plus,35,210
65,8,1,first,18,10000,minus,36,979
65,8,1,first,18,10000,plus,36,293
65,8,1,first,18,10000,minus,37,1024
65,8,1,first,18,10000,plus,37,524
65,8,1,first,18,10000,minus,38,949
65,8,1,first,18,10000,plus,38,637
65,8,1,first,18,10000,minus,39,916
65,8,1,first,18,10000,plus,39,811
65,8,1,first,18,10000,minus,40,729
65,8,1,first,18,10000,plus,40,1017
65,8,1,first,18,10000,minus,41,556
65,8,1,first,18,10000,plus,41,1027
65,8,1,first,18,10000,minus,42,358
65,8,1,first,18,10000,plus,42,1053
65,8,1,first,18,10000,minus,43,229
65,8,1,first,18,10000,plus,43,951
65,8,1,first,18,10000,minus,44,143
65,8,1,first,18,10000,plus,44,890
65,8,1,first,18,10000,minus,45,73
65,8,1,first,18,10000,plus,45,695
65,8,1,first,18,10000,minus,46,46
65,8,1,first,18,10000,plus,46,545
65,8,1,first,18,10000,minus,47,15
65,8,1,first,18,10000,plus,47,387
65,8,1,first,18,10000,minus,48,2
65,8,1,first,18,10000,plus,48,285
65,8,1,first,18,10000,minus,49,3
65,8,1,first,18,10000,plus,49,183
65,8,1,first,18,10000,plus,50,112
65,8,1,first,18,10000,plus,51,72
65,8,1,first,18,10000,plus,52,32
65,8,1,first,18,10000,plus,53,16
65,8,1,first,18,10000,plus,54,10
65,8,1,first,18,10000,plus,55,3
65,8,1,first,18,10000,plus,56,3
65,8,1,first,18,10000,plus,57,2
65,7,4,second,18,10000,minus,19,3
65,7,4,second,18,10000,minus,20,4
65,7,4,second,18,10000,minus,21,2
65,7,4,second,18,10000,minus,22,7
65,7,4,second,18,10000,minus,23,15
65,7,4,second,18,10000,minus,24,27
65,7,4,second,18,10000,minus,25,47
65,7,4,second,18,10000,minus,26,61
65,7,4,second,18,10000,minus,27,92
65,7,4,second,18,10000,minus,28,164
65,7,4,second,18,10000,plus,28,1
65,7,4,second,18,10000,minus,29,207
65,7,4,second,18,10000,plus,29,9
65,7,4,second,18,10000,minus,30,255
65,7,4,second,18,10000,plus,30,13
65,7,4,second,18,10000,minus,31,382
65,7,4,second,18,10000,plus,31,15
65,7,4,second,18,10000,minus,32,526
65,7,4,second,18,10000,plus,32,42
65,7,4,second,18,10000,minus,33,646
65,7,4,second,18,10000,plus,33,84
65,7,4,second,18,10000,minus,34,764
65,7,4,second,18,10000,plus,34,125
65,7,4,second,18,10000,minus,35,886
65,7,4,second,18,10000,plus,35,211
65,7,4,second,18,10000,minus,36,984
65,7,4,second,18,10000,plus,36,347
65,7,4,second,18,10000,minus,37,1002
65,7,4,second,18,10000,plus,37,511
65,7,4,second,18,10000,minus,38,998
65,7,4,second,18,10000,plus,38,657
65,7,4,second,18,10000,minus,39,862
65,7,4,second,18,10000,plus,39,834
65,7,4,second,18,10000,minus,40,688
65,7,4,second,18,10000,plus,40,970
65,7,4,second,18,10000,minus,41,563
65,7,4,second,18,10000,plus,41,1051
65,7,4,second,18,10000,minus,42,354
65,7,4,second,18,10000,plus,42,1053
65,7,4,second,18,10000,minus,43,224
65,7,4,second,18,10000,plus,43,984
65,7,4,second,18,10000,minus,44,129
65,7,4,second,18,10000,plus,44,830
65,7,4,second,18,10000,minus,45,69
65,7,4,second,18,10000,plus,45,684
65,7,4,second,18,10000,minus,46,26
65,7,4,second,18,10000,plus,46,492
65,7,4,second,18,10000,minus,47,8
65,7,4,second,18,10000,plus,47,406
65,7,4,second,18,10000,minus,48,4
65,7,4,second,18,10000,plus,48,236
65,7,4,second,18,10000,minus,49,1
65,7,4,second,18,10000,plus,49,174
65,7,4,second,18,10000,plus,50,102
65,7,4,second,18,10000,plus,51,77
65,7,4,second,18,10000,plus,52,37
65,7,4,second,18,10000,plus,53,26
65,7,4,second,18,10000,plus,54,18
65,7,4,second,18,10000,plus,55,7
65,7,4,second,18,10000,plus,56,2
65,7,4,second,18,10000,plus,58,2
65,8,1,first,19,10000,minus,16,1
65,8,1,first,19,10000,minus,18,2
65,8,1,first,19,10000,minus,19,1
65,8,1,first,19,10000,minus,20,4
65,8,1,first,19,10000,minus,21,8
65,8,1,first,19,10000,minus,22,13
65,8,1,first,19,10000,minus,23,18
65,8,1,first,19,10000,minus,24,27
65,8,1,first,19,10000,minus,25,46
65,8,1,first,19,10000,minus,26,68
65,8,1,first,19,10000,minus,27,96
65,8,1,first,19,10000,minus,28,100
65,8,1,first,19,10000,plus,28,2
65,8,1,first,19,10000,minus,29,179
65,8,1,first,19,10000,plus,29,4
65,8,1,first,19,10000,minus,30,273
65,8,1,first,19,10000,plus,30,9
65,8,1,first,19,10000,minus,31,353
65,8,1,first,19,10000,plus,31,19
65,8,1,first,19,10000,minus,32,473
65,8,1,first,19,10000,plus,32,33
65,8,1,first,19,10000,minus,33,689
65,8,1,first,19,10000,plus,33,62
65,8,1,first,19,10000,minus,34,817
65,8,1,first,19,10000,plus,34,122
65,8,1,first,19,10000,minus,35,889
65,8,1,first,19,10000,plus,35,217
65,8,1,first,19,10000,minus,36,976
65,8,1,first,19,10000,plus,36,329
65,8,1,first,19,10000,minus,37,1024
65,8,1,first,19,10000,plus,37,539
65,8,1,first,19,10000,minus,38,972
65,8,1,first,19,10000,plus,38,689
65,8,1,first,19,10000,minus,39,853
65,8,1,first,19,10000,plus,39,863
65,8,1,first,19,10000,minus,40,718
65,8,1,first,19,10000,plus,40,1021
65,8,1,first,19,10000,minus,41,560
65,8,1,first,19,10000,plus,41,1028
65,8,1,first,19,10000,minus,42,345
65,8,1,first,19,10000,plus,42,1047
65,8,1,first,19,10000,minus,43,216
65,8,1,first,19,10000,plus,43,943
65,8,1,first,19,10000,minus,44,141
65,8,1,first,19,10000,plus,44,834
65,8,1,first,19,10000,minus,45,87
65,8,1,first,19,10000,plus,45,697
65,8,1,first,19,10000,minus,46,33
65,8,1,first,19,10000,plus,46,531
65,8,1,first,19,10000,minus,47,15
65,8,1,first,19,10000,plus,47,373
65,8,1,first,19,10000,minus,48,2
65,8,1,first,19,10000,plus,48,251
65,8,1,first,19,10000,plus,49,166
65,8,1,first,19,10000,minus,50,1
65,8,1,first,19,10000,plus,50,113
65,8,1,first,19,10000,plus,51,49
65,8,1,first,19,10000,plus,52,34
65,8,1,first,19,10000,plus,53,21
65,8,1,first,19,10000,plus,54,3
65,8,1,first,19,10000,plus,55,1
65,7,4,second,19,10000,minus,19,2
65,7,4,second,19,10000,minus,20,3
65,7,4,second,19,10000,minus,21,4
65,7,4,second,19,10000,minus,22,10
65,7,4,second,19,10000,minus,23,8
65,7,4,second,19,10000,minus,24,22
65,7,4,second,19,10000,minus,25,42
65,7,4,second,19,10000,minus,26,75
65,7,4,second,19,10000,minus,27,81
65,7,4,second,19,10000,minus,28,132
65,7,4,second,19,10000,plus,28,1
65,7,4,second,19,10000,minus,29,229
65,7,4,second,19,10000,plus,29,4
65,7,4,second,19,10000,minus,30,287
65,7,4,second,19,10000,plus,30,6
65,7,4,second,19,10000,minus,31,358
65,7,4,second,19,10000,plus,31,22
65,7,4,second,19,10000,minus,32,535
65,7,4,second,19,10000,plus,32,34
65,7,4,second,19,10000,minus,33,638
65,7,4,second,19,10000,plus,33,62
65,7,4,second,19,10000,minus,34,751
65,7,4,second,19,10000,plus,34,126
65,7,4,second,19,10000,minus,35,902
65,7,4,second,19,10000,plus,35,223
65,7,4,second,19,10000,minus,36,944
65,7,4,second,19,10000,plus,36,347
65,7,4,second,19,10000,minus,37,1034
65,7,4,second,19,10000,plus,37,450
65,7,4,second,19,10000,minus,38,947
65,7,4,second,19,10000,plus,38,689
65,7,4,second,19,10000,minus,39,877
65,7,4,second,19,10000,plus,39,832
65,7,4,second,19,10000,minus,40,739
65,7,4,second,19,10000,plus,40,912
65,7,4,second,19,10000,minus,41,534
65,7,4,second,19,10000,plus,41,1065
65,7,4,second,19,10000,minus,42,360
65,7,4,second,19,10000,plus,42,1024
65,7,4,second,19,10000,minus,43,241
65,7,4,second,19,10000,plus,43,970
65,7,4,second,19,10000,minus,44,113
65,7,4,second,19,10000,plus,44,905
65,7,4,second,19,10000,minus,45,80
65,7,4,second,19,10000,plus,45,649
65,7,4,second,19,10000,minus,46,27
65,7,4,second,19,10000,plus,46,534
65,7,4,second,19,10000,minus,47,17
65,7,4,second,19,10000,plus,47,380
65,7,4,second,19,10000,minus,48,4
65,7,4,second,19,10000,plus,48,294
65,7,4,second,19,10000,minus,49,3
65,7,4,second,19,10000,plus,49,185
65,7,4,second,19,10000,plus,50,125
65,7,4,second,19,10000,plus,51,80
65,7,4,second,19,10000,minus,52,1
65,7,4,second,19,10000,plus,52,48
65,7,4,second,19,10000,plus,53,19
65,7,4,second,19,10000,plus,54,13
65,7,4,second,19,10000,plus,55,1
65,8,1,first,20,10000,minus,16,1
65,8,1,first,20,10000,minus,18,2
65,8,1,first,20,10000,minus,19,1
65,8,1,first,20,10000,minus,20,5
65,8,1,first,20,10000,minus,21,9
65,8,1,first,20,10000,minus,22,8
65,8,1,first,20,10000,minus,23,13
65,8,1,first,20,10000,minus,24,27
65,8,1,first,20,10000,minus,25,39
65,8,1,first,20,10000,minus,26,70
65,8,1,first,20,10000,minus,27,90
65,8,1,first,20,10000,minus,28,155
65,8,1,first,20,10000,plus,28,1
65,8,1,first,20,10000,minus,29,200
65,8,1,first,20,10000,plus,29,4
65,8,1,first,20,10000,minus,30,277
65,8,1,first,20,10000,plus,30,8
65,8,1,first,20,10000,minus,31,398
65,8,1,first,20,10000,plus,31,25
65,8,1,first,20,10000,minus,32,472
65,8,1,first,20,10000,plus,32,37
65,8,1,first,20,10000,minus,33,645
65,8,1,first,20,10000,plus,33,65
65,8,1,first,20,10000,minus,34,768
65,8,1,first,20,10000,plus,34,131
65,8,1,first,20,10000,minus,35,853
65,8,1,first,20,10000,plus,35,226
65,8,1,first,20,10000,minus,36,1009
65,8,1,first,20,10000,plus,36,345
65,8,1,first,20,10000,minus,37,955
65,8,1,first,20,10000,plus,37,485
65,8,1,first,20,10000,minus,38,984
65,8,1,first,20,10000,plus,38,658
65,8,1,first,20,10000,minus,39,909
65,8,1,first,20,10000,plus,39,807
65,8,1,first,20,10000,minus,40,735
65,8,1,first,20,10000,plus,40,994
65,8,1,first,20,10000,minus,41,509
65,8,1,first,20,10000,plus,41,1054
65,8,1,first,20,10000,minus,42,366
65,8,1,first,20,10000,plus,42,1052
65,8,1,first,20,10000,minus,43,228
65,8,1,first,20,10000,plus,43,995
65,8,1,first,20,10000,minus,44,135
65,8,1,first,20,10000,plus,44,883
65,8,1,first,20,10000,minus,45,74
65,8,1,first,20,10000,plus,45,665
65,8,1,first,20,10000,minus,46,36
65,8,1,first,20,10000,plus,46,524
65,8,1,first,20,10000,minus,47,17
65,8,1,first,20,10000,plus,47,387
65,8,1,first,20,10000,minus,48,7
65,8,1,first,20,10000,plus,48,262
65,8,1,first,20,10000,minus,49,1
65,8,1,first,20,10000,plus,49,184
65,8,1,first,20,10000,minus,50,2
65,8,1,first,20,10000,plus,50,107
65,8,1,first,20,10000,plus,51,49
65,8,1,first,20,10000,plus,52,26
65,8,1,first,20,10000,plus,53,15
65,8,1,first,20,10000,plus,54,9
65,8,1,first,20,10000,plus,55,2
65,7,4,second,20,10000,minus,19,3
65,7,4,second,20,10000,minus,21,8
65,7,4,second,20,10000,minus,22,10
65,7,4,second,20,10000,minus,23,9
65,7,4,second,20,10000,minus,24,23
65,7,4,second,20,10000,minus,25,42
65,7,4,second,20,10000,minus,26,62
65,7,4,second,20,10000,minus,27,100
65,7,4,second,20,10000,minus,28,141
65,7,4,second,20,10000,plus,28,3
65,7,4,second,20,10000,minus,29,197
65,7,4,second,20,10000,plus,29,4
65,7,4,second,20,10000,minus,30,269
65,7,4,second,20,10000,plus,30,14
65,7,4,second,20,10000,minus,31,382
65,7,4,second,20,10000,plus,31,19
65,7,4,second,20,10000,minus,32,518
65,7,4,second,20,10000,plus,32,47
65,7,4,second,20,10000,minus,33,656
65,7,4,second,20,10000,plus,33,74
65,7,4,second,20,10000,minus,34,826
65,7,4,second,20,10000,plus,34,126
65,7,4,second,20,10000,minus,35,893
65,7,4,second,20,10000,plus,35,229
65,7,4,second,20,10000,minus,36,1020
65,7,4,second,20,10000,plus,36,340
65,7,4,second,20,10000,minus,37,944
65,7,4,second,20,10000,plus,37,516
65,7,4,second,20,10000,minus,38,929
65,7,4,second,20,10000,plus,38,620
65,7,4,second,20,10000,minus,39,822
65,7,4,second,20,10000,plus,39,808
65,7,4,second,20,10000,minus,40,762
65,7,4,second,20,10000,plus,40,947
65,7,4,second,20,10000,minus,41,546
65,7,4,second,20,10000,plus,41,1007
65,7,4,second,20,10000,minus,42,335
65,7,4,second,20,10000,plus,42,1059
65,7,4,second,20,10000,minus,43,223
65,7,4,second,20,10000,plus,43,995
65,7,4,second,20,10000,minus,44,154
65,7,4,second,20,10000,plus,44,857
65,7,4,second,20,10000,minus,45,81
65,7,4,second,20,10000,plus,45,698
65,7,4,second,20,10000,minus,46,25
65,7,4,second,20,10000,plus,46,549
65,7,4,second,20,10000,minus,47,13
65,7,4,second,20,10000,plus,47,383
65,7,4,second,20,10000,minus,48,5
65,7,4,second,20,10000,plus,48,274
65,7,4,second,20,10000,minus,49,2
65,7,4,second,20,10000,plus,49,182
65,7,4,second,20,10000,plus,50,112
65,7,4,second,20,10000,plus,51,67
65,7,4,second,20,10000,plus,52,32
65,7,4,second,20,10000,plus,53,20
65,7,4,second,20,10000,plus,54,12
65,7,4,second,20,10000,plus,55,5
65,7,4,second,20,10000,plus,57,1
65,8,1,first,21,10000,minus,19,1
65,8,1,first,21,10000,minus,20,4
65,8,1,first,21,10000,minus,21,11
65,8,1,first,21,10000,minus,22,17
65,8,1,first,21,10000,minus,23,15
65,8,1,first,21,10000,minus,24,27
65,8,1,first,21,10000,minus,25,42
65,8,1,first,21,10000,minus,26,66
65,8,1,first,21,10000,minus,27,109
65,8,1,first,21,10000,plus,27,1
65,8,1,first,21,10000,minus,28,137
65,8,1,first,21,10000,plus,28,3
65,8,1,first,21,10000,minus,29,206
65,8,1,first,21,10000,plus,29,7
65,8,1,first,21,10000,minus,30,287
65,8,1,first,21,10000,plus,30,11
65,8,1,first,21,10000,minus,31,395
65,8,1,first,21,10000,plus,31,20
65,8,1,first,21,10000,minus,32,493
65,8,1,first,21,10000,plus,32,29
65,8,1,first,21,10000,minus,33,648
65,8,1,first,21,10000,plus,33,68
65,8,1,first,21,10000,minus,34,747
65,8,1,first,21,10000,plus,34,110
65,8,1,first,21,10000,minus,35,878
65,8,1,first,21,10000,plus,35,198
65,8,1,first,21,10000,minus,36,1010
65,8,1,first,21,10000,plus,36,340
65,8,1,first,21,10000,minus,37,1035
65,8,1,first,21,10000,plus,37,487
65,8,1,first,21,10000,minus,38,942
65,8,1,first,21,10000,plus,38,710
65,8,1,first,21,10000,minus,39,819
65,8,1,first,21,10000,plus,39,825
65,8,1,first,21,10000,minus,40,719
65,8,1,first,21,10000,plus,40,998
65,8,1,first,21,10000,minus,41,535
65,8,1,first,21,10000,plus,41,1019
65,8,1,first,21,10000,minus,42,365
65,8,1,first,21,10000,plus,42,1104
65,8,1,first,21,10000,minus,43,233
65,8,1,first,21,10000,plus,43,961
65,8,1,first,21,10000,minus,44,149
65,8,1,first,21,10000,plus,44,827
65,8,1,first,21,10000,minus,45,66
65,8,1,first,21,10000,plus,45,705
65,8,1,first,21,10000,minus,46,27
65,8,1,first,21,10000,plus,46,525
65,8,1,first,21,10000,minus,47,9
65,8,1,first,21,10000,plus,47,395
65,8,1,first,21,10000,minus,48,7
65,8,1,first,21,10000,plus,48,253
65,8,1,first,21,10000,minus,49,1
65,8,1,first,21,10000,plus,49,184
65,8,1,first,21,10000,plus,50,100
65,8,1,first,21,10000,plus,51,54
65,8,1,first,21,10000,plus,52,36
65,8,1,first,21,10000,plus,53,19
65,8,1,first,21,10000,plus,54,7
65,8,1,first,21,10000,plus,55,3
65,8,1,first,21,10000,plus,57,1
65,7,4,second,21,10000,minus,17,2
65,7,4,second,21,10000,minus,18,1
65,7,4,second,21,10000,minus,19,1
65,7,4,second,21,10000,minus,20,2
65,7,4,second,21,10000,minus,21,5
65,7,4,second,21,10000,minus,22,7
65,7,4,second,21,10000,minus,23,17
65,7,4,second,21,10000,minus,24,22
65,7,4,second,21,10000,minus,25,51
65,7,4,second,21,10000,minus,26,48
65,7,4,second,21,10000,minus,27,88
65,7,4,second,21,10000,minus,28,142
65,7,4,second,21,10000,plus,28,2
65,7,4,second,21,10000,minus,29,176
65,7,4,second,21,10000,plus,29,6
65,7,4,second,21,10000,minus,30,304
65,7,4,second,21,10000,plus,30,6
65,7,4,second,21,10000,minus,31,405
65,7,4,second,21,10000,plus,31,11
65,7,4,second,21,10000,minus,32,494
65,7,4,second,21,10000,plus,32,40
65,7,4,second,21,10000,minus,33,630
65,7,4,second,21,10000,plus,33,61
65,7,4,second,21,10000,minus,34,794
65,7,4,second,21,10000,plus,34,121
65,7,4,second,21,10000,minus,35,891
65,7,4,second,21,10000,plus,35,231
65,7,4,second,21,10000,minus,36,1016
65,7,4,second,21,10000,plus,36,348
65,7,4,second,21,10000,minus,37,992
65,7,4,second,21,10000,plus,37,491
65,7,4,second,21,10000,minus,38,933
65,7,4,second,21,10000,plus,38,648
65,7,4,second,21,10000,minus,39,848
65,7,4,second,21,10000,plus,39,814
65,7,4,second,21,10000,minus,40,702
65,7,4,second,21,10000,plus,40,965
65,7,4,second,21,10000,minus,41,552
65,7,4,second,21,10000,plus,41,1033
65,7,4,second,21,10000,minus,42,377
65,7,4,second,21,10000,plus,42,1027
65,7,4,second,21,10000,minus,43,242
65,7,4,second,21,10000,plus,43,950
65,7,4,second,21,10000,minus,44,121
65,7,4,second,21,10000,plus,44,879
65,7,4,second,21,10000,minus,45,73
65,7,4,second,21,10000,plus,45,687
65,7,4,second,21,10000,minus,46,40
65,7,4,second,21,10000,plus,46,551
65,7,4,second,21,10000,minus,47,15
65,7,4,second,21,10000,plus,47,408
65,7,4,second,21,10000,minus,48,7
65,7,4,second,21,10000,plus,48,285
65,7,4,second,21,10000,minus,49,1
65,7,4,second,21,10000,plus,49,163
65,7,4,second,21,10000,minus,50,1
65,7,4,second,21,10000,plus,50,125
65,7,4,second,21,10000,plus,51,72
65,7,4,second,21,10000,plus,52,43
65,7,4,second,21,10000,plus,53,18
65,7,4,second,21,10000,plus,54,8
65,7,4,second,21,10000,plus,55,5
65,7,4,second,21,10000,plus,56,2
65,8,1,first,22,10000,minus,17,1
65,8,1,first,22,10000,minus,19,1
65,8,1,first,22,10000,minus,20,3
65,8,1,first,22,10000,minus,21,8
65,8,1,first,22,10000,minus,22,8
65,8,1,first,22,10000,minus,23,15
65,8,1,first,22,10000,minus,24,32
65,8,1,first,22,10000,minus,25,57
65,8,1,first,22,10000,minus,26,61
65,8,1,first,22,10000,minus,27,91
65,8,1,first,22,10000,minus,28,154
65,8,1,first,22,10000,minus,29,222
65,8,1,first,22,10000,plus,29,6
65,8,1,first,22,10000,minus,30,302
65,8,1,first,22,10000,plus,30,8
65,8,1,first,22,10000,minus,31,388
65,8,1,first,22,10000,plus,31,22
65,8,1,first,22,10000,minus,32,525
65,8,1,first,22,10000,plus,32,45
65,8,1,first,22,10000,minus,33,661
65,8,1,first,22,10000,plus,33,64
65,8,1,first,22,10000,minus,34,748
65,8,1,first,22,10000,plus,34,130
65,8,1,first,22,10000,minus,35,872
65,8,1,first,22,10000,plus,35,200
65,8,1,first,22,10000,minus,36,974
65,8,1,first,22,10000,plus,36,321
65,8,1,first,22,10000,minus,37,1029
65,8,1,first,22,10000,plus,37,486
65,8,1,first,22,10000,minus,38,959
65,8,1,first,22,10000,plus,38,639
65,8,1,first,22,10000,minus,39,850
65,8,1,first,22,10000,plus,39,849
65,8,1,first,22,10000,minus,40,671
65,8,1,first,22,10000,plus,40,966
65,8,1,first,22,10000,minus,41,524
65,8,1,first,22,10000,plus,41,1094
65,8,1,first,22,10000,minus,42,380
65,8,1,first,22,10000,plus,42,1022
65,8,1,first,22,10000,minus,43,221
65,8,1,first,22,10000,plus,43,969
65,8,1,first,22,10000,minus,44,150
65,8,1,first,22,10000,plus,44,848
65,8,1,first,22,10000,minus,45,55
65,8,1,first,22,10000,plus,45,716
65,8,1,first,22,10000,minus,46,16
65,8,1,first,22,10000,plus,46,582
65,8,1,first,22,10000,minus,47,15
65,8,1,first,22,10000,plus,47,400
65,8,1,first,22,10000,minus,48,7
65,8,1,first,22,10000,plus,48,239
65,8,1,first,22,10000,plus,49,181
65,8,1,first,22,10000,plus,50,99
65,8,1,first,22,10000,plus,51,68
65,8,1,first,22,10000,plus,52,27
65,8,1,first,22,10000,plus,53,10
65,8,1,first,22,10000,plus,54,5
65,8,1,first,22,10000,plus,55,2
65,8,1,first,22,10000,plus,56,2
65,7,4,second,22,10000,minus,18,1
65,7,4,second,22,10000,minus,20,4
65,7,4,second,22,10000,minus,21,10
65,7,4,second,22,10000,minus,22,8
65,7,4,second,22,10000,minus,23,10
65,7,4,second,22,10000,minus,24,21
65,7,4,second,22,10000,minus,25,44
65,7,4,second,22,10000,minus,26,58
65,7,4,second,22,10000,minus,27,89
65,7,4,second,22,10000,minus,28,138
65,7,4,second,22,10000,plus,28,3
65,7,4,second,22,10000,minus,29,176
65,7,4,second,22,10000,plus,29,3
65,7,4,second,22,10000,minus,30,289
65,7,4,second,22,10000,plus,30,8
65,7,4,second,22,10000,minus,31,387
65,7,4,second,22,10000,plus,31,18
65,7,4,second,22,10000,minus,32,521
65,7,4,second,22,10000,plus,32,37
65,7,4,second,22,10000,minus,33,614
65,7,4,second,22,10000,plus,33,73
65,7,4,second,22,10000,minus,34,782
65,7,4,second,22,10000,plus,34,116
65,7,4,second,22,10000,minus,35,980
65,7,4,second,22,10000,plus,35,224
65,7,4,second,22,10000,minus,36,975
65,7,4,second,22,10000,plus,36,361
65,7,4,second,22,10000,minus,37,951
65,7,4,second,22,10000,plus,37,505
65,7,4,second,22,10000,minus,38,939
65,7,4,second,22,10000,plus,38,656
65,7,4,second,22,10000,minus,39,837
65,7,4,second,22,10000,plus,39,803
65,7,4,second,22,10000,minus,40,728
65,7,4,second,22,10000,plus,40,1011
65,7,4,second,22,10000,minus,41,542
65,7,4,second,22,10000,plus,41,1025
65,7,4,second,22,10000,minus,42,402
65,7,4,second,22,10000,plus,42,1056
65,7,4,second,22,10000,minus,43,257
65,7,4,second,22,10000,plus,43,1014
65,7,4,second,22,10000,minus,44,117
65,7,4,second,22,10000,plus,44,858
65,7,4,second,22,10000,minus,45,61
65,7,4,second,22,10000,plus,45,640
65,7,4,second,22,10000,minus,46,32
65,7,4,second,22,10000,plus,46,513
65,7,4,second,22,10000,minus,47,16
65,7,4,second,22,10000,plus,47,383
65,7,4,second,22,10000,minus,48,7
65,7,4,second,22,10000,plus,48,285
65,7,4,second,22,10000,minus,49,3
65,7,4,second,22,10000,plus,49,170
65,7,4,second,22,10000,minus,50,1
65,7,4,second,22,10000,plus,50,103
65,7,4,second,22,10000,plus,51,66
65,7,4,second,22,10000,plus,52,32
65,7,4,second,22,10000,plus,53,22
65,7,4,second,22,10000,plus,54,11
65,7,4,second,22,10000,plus,56,2
65,7,4,second,22,10000,plus,57,1
65,7,4,second,22,10000,plus,58,1
65,8,1,first,23,10000,minus,17,1
65,8,1,first,23,10000,minus,19,2
65,8,1,first,23,10000,minus,20,5
65,8,1,first,23,10000,minus,21,6
65,8,1,first,23,10000,minus,22,15
65,8,1,first,23,10000,minus,23,19
65,8,1,first,23,10000,minus,24,21
65,8,1,first,23,10000,minus,25,36
65,8,1,first,23,10000,minus,26,58
65,8,1,first,23,10000,plus,26,1
65,8,1,first,23,10000,minus,27,108
65,8,1,first,23,10000,minus,28,154
65,8,1,first,23,10000,plus,28,2
65,8,1,first,23,10000,minus,29,200
65,8,1,first,23,10000,plus,29,5
65,8,1,first,23,10000,minus,30,283
65,8,1,first,23,10000,plus,30,12
65,8,1,first,23,10000,minus,31,374
65,8,1,first,23,10000,plus,31,19
65,8,1,first,23,10000,minus,32,535
65,8,1,first,23,10000,plus,32,43
65,8,1,first,23,10000,minus,33,566
65,8,1,first,23,10000,plus,33,94
65,8,1,first,23,10000,minus,34,751
65,8,1,first,23,10000,plus,34,120
65,8,1,first,23,10000,minus,35,871
65,8,1,first,23,10000,plus,35,193
65,8,1,first,23,10000,minus,36,947
65,8,1,first,23,10000,plus,36,310
65,8,1,first,23,10000,minus,37,964
65,8,1,first,23,10000,plus,37,512
65,8,1,first,23,10000,minus,38,968
65,8,1,first,23,10000,plus,38,632
65,8,1,first,23,10000,minus,39,903
65,8,1,first,23,10000,plus,39,823
65,8,1,first,23,10000,minus,40,762
65,8,1,first,23,10000,plus,40,919
65,8,1,first,23,10000,minus,41,586
65,8,1,first,23,10000,plus,41,1053
65,8,1,first,23,10000,minus,42,367
65,8,1,first,23,10000,plus,42,1102
65,8,1,first,23,10000,minus,43,251
65,8,1,first,23,10000,plus,43,972
65,8,1,first,23,10000,minus,44,128
65,8,1,first,23,10000,plus,44,889
65,8,1,first,23,10000,minus,45,69
65,8,1,first,23,10000,plus,45,700
65,8,1,first,23,10000,minus,46,33
65,8,1,first,23,10000,plus,46,511
65,8,1,first,23,10000,minus,47,10
65,8,1,first,23,10000,plus,47,382
65,8,1,first,23,10000,minus,48,6
65,8,1,first,23,10000,plus,48,290
65,8,1,first,23,10000,plus,49,180
65,8,1,first,23,10000,minus,50,1
65,8,1,first,23,10000,plus,50,116
65,8,1,first,23,10000,plus,51,61
65,8,1,first,23,10000,plus,52,35
65,8,1,first,23,10000,plus,53,11
65,8,1,first,23,10000,plus,54,9
65,8,1,first,23,10000,plus,55,3
65,8,1,first,23,10000,plus,57,1
65,7,4,second,23,10000,minus,18,2
65,7,4,second,23,10000,minus,19,2
65,7,4,second,23,10000,minus,20,1
65,7,4,second,23,10000,minus,21,4
65,7,4,second,23,10000,minus,22,5
65,7,4,second,23,10000,minus,23,14
65,7,4,second,23,10000,minus,24,34
65,7,4,second,23,10000,minus,25,44
65,7,4,second,23,10000,minus,26,46
65,7,4,second,23,10000,plus,26,1
65,7,4,second,23,10000,minus,27,98
65,7,4,second,23,10000,minus,28,126
65,7,4,second,23,10000,minus,29,177
65,7,4,second,23,10000,plus,29,2
65,7,4,second,23,10000,minus,30,260
65,7,4,second,23,10000,plus,30,9
65,7,4,second,23,10000,minus,31,383
65,7,4,second,23,10000,plus,31,19
65,7,4,second,23,10000,minus,32,494
65,7,4,second,23,10000,plus,32,41
65,7,4,second,23,10000,minus,33,611
65,7,4,second,23,10000,plus,33,69
65,7,4,second,23,10000,minus,34,780
65,7,4,second,23,10000,plus,34,125
65,7,4,second,23,10000,minus,35,897
65,7,4,second,23,10000,plus,35,214
65,7,4,second,23,10000,minus,36,959
65,7,4,second,23,10000,plus,36,325
65,7,4,second,23,10000,minus,37,1052
65,7,4,second,23,10000,plus,37,468
65,7,4,second,23,10000,minus,38,988
65,7,4,second,23,10000,plus,38,692
65,7,4,second,23,10000,minus,39,853
65,7,4,second,23,10000,plus,39,793
65,7,4,second,23,10000,minus,40,711
65,7,4,second,23,10000,plus,40,976
65,7,4,second,23,10000,minus,41,555
65,7,4,second,23,10000,plus,41,1009
65,7,4,second,23,10000,minus,42,398
65,7,4,second,23,10000,plus,42,1033
65,7,4,second,23,10000,minus,43,231
65,7,4,second,23,10000,plus,43,966
65,7,4,second,23,10000,minus,44,137
65,7,4,second,23,10000,plus,44,869
65,7,4,second,23,10000,minus,45,80
65,7,4,second,23,10000,plus,45,713
65,7,4,second,23,10000,minus,46,30
65,7,4,second,23,10000,plus,46,575
65,7,4,second,23,10000,minus,47,19
65,7,4,second,23,10000,plus,47,380
65,7,4,second,23,10000,minus,48,7
65,7,4,second,23,10000,plus,48,282
65,7,4,second,23,10000,minus,49,2
65,7,4,second,23,10000,plus,49,175
65,7,4,second,23,10000,plus,50,95
65,7,4,second,23,10000,plus,51,83
65,7,4,second,23,10000,plus,52,39
65,7,4,second,23,10000,plus,53,28
65,7,4,second,23,10000,plus,54,9
65,7,4,second,23,10000,plus,55,9
65,7,4,second,23,10000,plus,57,1
65,8,1,first,24,10000,minus,16,1
65,8,1,first,24,10000,minus,18,2
65,8,1,first,24,10000,minus,19,3
65,8,1,first,24,10000,minus,20,2
65,8,1,first,24,10000,minus,21,6
65,8,1,first,24,10000,minus,22,14
65,8,1,first,24,10000,minus,23,15
65,8,1,first,24,10000,minus,24,30
65,8,1,first,24,10000,minus,25,50
65,8,1,first,24,10000,minus,26,71
65,8,1,first,24,10000,minus,27,90
65,8,1,first,24,10000,minus,28,131
65,8,1,first,24,10000,plus,28,3
65,8,1,first,24,10000,minus,29,208
65,8,1,first,24,10000,plus,29,3
65,8,1,first,24,10000,minus,30,301
65,8,1,first,24,10000,plus,30,5
65,8,1,first,24,10000,minus,31,359
65,8,1,first,24,10000,plus,31,29
65,8,1,first,24,10000,minus,32,520
65,8,1,first,24,10000,plus,32,52
65,8,1,first,24,10000,minus,33,598
65,8,1,first,24,10000,plus,33,69
65,8,1,first,24,10000,minus,34,790
65,8,1,first,24,10000,plus,34,130
65,8,1,first,24,10000,minus,35,881
65,8,1,first,24,10000,plus,35,195
65,8,1,first,24,10000,minus,36,971
65,8,1,first,24,10000,plus,36,329
65,8,1,first,24,10000,minus,37,1052
65,8,1,first,24,10000,plus,37,480
65,8,1,first,24,10000,minus,38,971
65,8,1,first,24,10000,plus,38,671
65,8,1,first,24,10000,minus,39,855
65,8,1,first,24,10000,plus,39,806
65,8,1,first,24,10000,minus,40,679
65,8,1,first,24,10000,plus,40,999
65,8,1,first,24,10000,minus,41,520
65,8,1,first,24,10000,plus,41,1083
65,8,1,first,24,10000,minus,42,395
65,8,1,first,24,10000,plus,42,1042
65,8,1,first,24,10000,minus,43,213
65,8,1,first,24,10000,plus,43,982
65,8,1,first,24,10000,minus,44,151
65,8,1,first,24,10000,plus,44,884
65,8,1,first,24,10000,minus,45,71
65,8,1,first,24,10000,plus,45,699
65,8,1,first,24,10000,minus,46,35
65,8,1,first,24,10000,plus,46,528
65,8,1,first,24,10000,minus,47,9
65,8,1,first,24,10000,plus,47,353
65,8,1,first,24,10000,minus,48,4
65,8,1,first,24,10000,plus,48,266
65,8,1,first,24,10000,minus,49,1
65,8,1,first,24,10000,plus,49,177
65,8,1,first,24,10000,minus,50,1
65,8,1,first,24,10000,plus,50,109
65,8,1,first,24,10000,plus,51,59
65,8,1,first,24,10000,plus,52,27
65,8,1,first,24,10000,plus,53,12
65,8,1,first,24,10000,plus,54,5
65,8,1,first,24,10000,plus,55,2
65,8,1,first,24,10000,plus,56,1
65,7,4,second,24,10000,minus,20,3
65,7,4,second,24,10000,minus,21,6
65,7,4,second,24,10000,minus,22,8
65,7,4,second,24,10000,minus,23,16
65,7,4,second,24,10000,minus,24,14
65,7,4,second,24,10000,minus,25,39
65,7,4,second,24,10000,minus,26,56
65,7,4,second,24,10000,minus,27,94
65,7,4,second,24,10000,minus,28,139
65,7,4,second,24,10000,plus,28,2
65,7,4,second,24,10000,minus,29,186
65,7,4,second,24,10000,plus,29,6
65,7,4,second,24,10000,minus,30,285
65,7,4,second,24,10000,plus,30,12
65,7,4,second,24,10000,minus,31,379
65,7,4,second,24,10000,plus,31,19
65,7,4,second,24,10000,minus,32,477
65,7,4,second,24,10000,plus,32,45
65,7,4,second,24,10000,minus,33,664
65,7,4,second,24,10000,plus,33,73
65,7,4,second,24,10000,minus,34,814
65,7,4,second,24,10000,plus,34,140
65,7,4,second,24,10000,minus,35,907
65,7,4,second,24,10000,plus,35,229
65,7,4,second,24,10000,minus,36,981
65,7,4,second,24,10000,plus,36,324
65,7,4,second,24,10000,minus,37,994
65,7,4,second,24,10000,plus,37,481
65,7,4,second,24,10000,minus,38,1019
65,7,4,second,24,10000,plus,38,645
65,7,4,second,24,10000,minus,39,862
65,7,4,second,24,10000,plus,39,835
65,7,4,second,24,10000,minus,40,696
65,7,4,second,24,10000,plus,40,943
65,7,4,second,24,10000,minus,41,544
65,7,4,second,24,10000,plus,41,1055
65,7,4,second,24,10000,minus,42,360
65,7,4,second,24,10000,plus,42,1066
65,7,4,second,24,10000,minus,43,228
65,7,4,second,24,10000,plus,43,938
65,7,4,second,24,10000,minus,44,120
65,7,4,second,24,10000,plus,44,887
65,7,4,second,24,10000,minus,45,54
65,7,4,second,24,10000,plus,45,696
65,7,4,second,24,10000,minus,46,30
65,7,4,second,24,10000,plus,46,534
65,7,4,second,24,10000,minus,47,20
65,7,4,second,24,10000,plus,47,378
65,7,4,second,24,10000,minus,48,5
65,7,4,second,24,10000,plus,48,270
65,7,4,second,24,10000,plus,49,166
65,7,4,second,24,10000,plus,50,113
65,7,4,second,24,10000,plus,51,58
65,7,4,second,24,10000,plus,52,37
65,7,4,second,24,10000,plus,53,29
65,7,4,second,24,10000,plus,54,10
65,7,4,second,24,10000,plus,55,7
65,7,4,second,24,10000,plus,56,2
65,8,1,first,25,10000,minus,17,2
65,8,1,first,25,10000,minus,18,1
65,8,1,first,25,10000,minus,20,3
65,8,1,first,25,10000,minus,21,5
65,8,1,first,25,10000,minus,22,17
65,8,1,first,25,10000,minus,23,16
65,8,1,first,25,10000,plus,23,1
65,8,1,first,25,10000,minus,24,30
65,8,1,first,25,10000,minus,25,44
65,8,1,first,25,10000,minus,26,63
65,8,1,first,25,10000,minus,27,87
65,8,1,first,25,10000,plus,27,2
65,8,1,first,25,10000,minus,28,138
65,8,1,first,25,10000,plus,28,4
65,8,1,first,25,10000,minus,29,217
65,8,1,first,25,10000,plus,29,3
65,8,1,first,25,10000,minus,30,285
65,8,1,first,25,10000,plus,30,10
65,8,1,first,25,10000,minus,31,401
65,8,1,first,25,10000,plus,31,20
65,8,1,first,25,10000,minus,32,498
65,8,1,first,25,10000,plus,32,49
65,8,1,first,25,10000,minus,33,632
65,8,1,first,25,10000,plus,33,71
65,8,1,first,25,10000,minus,34,739
65,8,1,first,25,10000,plus,34,125
65,8,1,first,25,10000,minus,35,924
65,8,1,first,25,10000,plus,35,207
65,8,1,first,25,10000,minus,36,962
65,8,1,first,25,10000,plus,36,368
65,8,1,first,25,10000,minus,37,992
65,8,1,first,25,10000,plus,37,465
65,8,1,first,25,10000,minus,38,950
65,8,1,first,25,10000,plus,38,682
65,8,1,first,25,10000,minus,39,846
65,8,1,first,25,10000,plus,39,862
65,8,1,first,25,10000,minus,40,723
65,8,1,first,25,10000,plus,40,957
65,8,1,first,25,10000,minus,41,537
65,8,1,first,25,10000,plus,41,1041
65,8,1,first,25,10000,minus,42,376
65,8,1,first,25,10000,plus,42,1079
65,8,1,first,25,10000,minus,43,236
65,8,1,first,25,10000,plus,43,984
65,8,1,first,25,10000,minus,44,144
65,8,1,first,25,10000,plus,44,845
65,8,1,first,25,10000,minus,45,72
65,8,1,first,25,10000,plus,45,653
65,8,1,first,25,10000,minus,46,40
65,8,1,first,25,10000,plus,46,533
65,8,1,first,25,10000,minus,47,13
65,8,1,first,25,10000,plus,47,349
65,8,1,first,25,10000,minus,48,5
65,8,1,first,25,10000,plus,48,281
65,8,1,first,25,10000,minus,49,1
65,8,1,first,25,10000,plus,49,174
65,8,1,first,25,10000,minus,50,1
65,8,1,first,25,10000,plus,50,109
65,8,1,first,25,10000,plus,51,60
65,8,1,first,25,10000,plus,52,34
65,8,1,first,25,10000,plus,53,17
65,8,1,first,25,10000,plus,54,9
65,8,1,first,25,10000,plus,55,4
65,8,1,first,25,10000,plus,56,1
65,8,1,first,25,10000,plus,57,1
65,7,4,second,25,10000,minus,18,1
65,7,4,second,25,10000,minus,20,3
65,7,4,second,25,10000,minus,21,4
65,7,4,second,25,10000,minus,22,3
65,7,4,second,25,10000,minus,23,10
65,7,4,second,25,10000,minus,24,25
65,7,4,second,25,10000,minus,25,48
65,7,4,second,25,10000,minus,26,62
65,7,4,second,25,10000,minus,27,91
65,7,4,second,25,10000,plus,27,2
65,7,4,second,25,10000,minus,28,153
65,7,4,second,25,10000,plus,28,1
65,7,4,second,25,10000,minus,29,193
65,7,4,second,25,10000,plus,29,5
65,7,4,second,25,10000,minus,30,291
65,7,4,second,25,10000,plus,30,8
65,7,4,second,25,10000,minus,31,383
65,7,4,second,25,10000,plus,31,22
65,7,4,second,25,10000,minus,32,485
65,7,4,second,25,10000,plus,32,32
65,7,4,second,25,10000,minus,33,663
65,7,4,second,25,10000,plus,33,86
65,7,4,second,25,10000,minus,34,775
65,7,4,second,25,10000,plus,34,138
65,7,4,second,25,10000,minus,35,843
65,7,4,second,25,10000,plus,35,203
65,7,4,second,25,10000,minus,36,971
65,7,4,second,25,10000,plus,36,313
65,7,4,second,25,10000,minus,37,1035
65,7,4,second,25,10000,plus,37,467
65,7,4,second,25,10000,minus,38,949
65,7,4,second,25,10000,plus,38,658
65,7,4,second,25,10000,minus,39,844
65,7,4,second,25,10000,plus,39,834
65,7,4,second,25,10000,minus,40,674
65,7,4,second,25,10000,plus,40,1000
65,7,4,second,25,10000,minus,41,561
65,7,4,second,25,10000,plus,41,1051
65,7,4,second,25,10000,minus,42,391
65,7,4,second,25,10000,plus,42,1074
65,7,4,second,25,10000,minus,43,257
65,7,4,second,25,10000,plus,43,963
65,7,4,second,25,10000,minus,44,162
65,7,4,second,25,10000,plus,44,856
65,7,4,second,25,10000,minus,45,71
65,7,4,second,25,10000,plus,45,675
65,7,4,second,25,10000,minus,46,28
65,7,4,second,25,10000,plus,46,499
65,7,4,second,25,10000,minus,47,16
65,7,4,second,25,10000,plus,47,412
65,7,4,second,25,10000,minus,48,6
65,7,4,second,25,10000,plus,48,259
65,7,4,second,25,10000,minus,49,2
65,7,4,second,25,10000,plus,49,189
65,7,4,second,25,10000,plus,50,112
65,7,4,second,25,10000,plus,51,62
65,7,4,second,25,10000,plus,52,42
65,7,4,second,25,10000,plus,53,17
65,7,4,second,25,10000,plus,54,11
65,7,4,second,25,10000,plus,55,5
65,7,4,second,25,10000,plus,56,3
65,7,4,second,25,10000,plus,57,1
65,8,1,first,26,10000,minus,18,1
65,8,1,first,26,10000,minus,19,1
65,8,1,first,26,10000,minus,20,2
65,8,1,first,26,10000,minus,21,9
65,8,1,first,26,10000,minus,22,14
65,8,1,first,26,10000,minus,23,15
65,8,1,first,26,10000,minus,24,31
65,8,1,first,26,10000,minus,25,51
65,8,1,first,26,10000,minus,26,64
65,8,1,first,26,10000,minus,27,92
65,8,1,first,26,10000,minus,28,110
65,8,1,first,26,10000,plus,28,2
65,8,1,first,26,10000,minus,29,204
65,8,1,first,26,10000,plus,29,5
65,8,1,first,26,10000,minus,30,283
65,8,1,first,26,10000,plus,30,10
65,8,1,first,26,10000,minus,31,383
65,8,1,first,26,10000,plus,31,16
65,8,1,first,26,10000,minus,32,480
65,8,1,first,26,10000,plus,32,34
65,8,1,first,26,10000,minus,33,630
65,8,1,first,26,10000,plus,33,73
65,8,1,first,26,10000,minus,34,751
65,8,1,first,26,10000,plus,34,118
65,8,1,first,26,10000,minus,35,881
65,8,1,first,26,10000,plus,35,212
65,8,1,first,26,10000,minus,36,1038
65,8,1,first,26,10000,plus,36,324
65,8,1,first,26,10000,minus,37,1002
65,8,1,first,26,10000,plus,37,474
65,8,1,first,26,10000,minus,38,973
65,8,1,first,26,10000,plus,38,669
65,8,1,first,26,10000,minus,39,872
65,8,1,first,26,10000,plus,39,797
65,8,1,first,26,10000,minus,40,705
65,8,1,first,26,10000,plus,40,951
65,8,1,first,26,10000,minus,41,527
65,8,1,first,26,10000,plus,41,1043
65,8,1,first,26,10000,minus,42,378
65,8,1,first,26,10000,plus,42,1064
65,8,1,first,26,10000,minus,43,217
65,8,1,first,26,10000,plus,43,1022
65,8,1,first,26,10000,minus,44,135
65,8,1,first,26,10000,plus,44,873
65,8,1,first,26,10000,minus,45,95
65,8,1,first,26,10000,plus,45,720
65,8,1,first,26,10000,minus,46,32
65,8,1,first,26,10000,plus,46,519
65,8,1,first,26,10000,minus,47,20
65,8,1,first,26,10000,plus,47,354
65,8,1,first,26,10000,minus,48,1
65,8,1,first,26,10000,plus,48,271
65,8,1,first,26,10000,minus,49,3
65,8,1,first,26,10000,plus,49,198
65,8,1,first,26,10000,plus,50,121
65,8,1,first,26,10000,plus,51,64
65,8,1,first,26,10000,plus,52,34
65,8,1,first,26,10000,plus,53,19
65,8,1,first,26,10000,plus,54,8
65,8,1,first,26,10000,plus,55,4
65,8,1,first,26,10000,plus,56,1
65,7,4,second,26,10000,minus,20,8
65,7,4,second,26,10000,minus,21,3
65,7,4,second,26,10000,minus,22,9
65,7,4,second,26,10000,minus,23,12
65,7,4,second,26,10000,minus,24,23
65,7,4,second,26,10000,minus,25,49
65,7,4,second,26,10000,plus,25,1
65,7,4,second,26,10000,minus,26,55
65,7,4,second,26,10000,minus,27,90
65,7,4,second,26,10000,minus,28,144
65,7,4,second,26,10000,plus,28,2
65,7,4,second,26,10000,minus,29,229
65,7,4,second,26,10000,plus,29,4
65,7,4,second,26,10000,minus,30,274
65,7,4,second,26,10000,plus,30,10
65,7,4,second,26,10000,minus,31,353
65,7,4,second,26,10000,plus,31,18
65,7,4,second,26,10000,minus,32,488
65,7,4,second,26,10000,plus,32,40
65,7,4,second,26,10000,minus,33,614
65,7,4,second,26,10000,plus,33,69
65,7,4,second,26,10000,minus,34,752
65,7,4,second,26,10000,plus,34,135
65,7,4,second,26,10000,minus,35,875
65,7,4,second,26,10000,plus,35,189
65,7,4,second,26,10000,minus,36,1013
65,7,4,second,26,10000,plus,36,355
65,7,4,second,26,10000,minus,37,977
65,7,4,second,26,10000,plus,37,509
65,7,4,second,26,10000,minus,38,1007
65,7,4,second,26,10000,plus,38,640
65,7,4,second,26,10000,minus,39,888
65,7,4,second,26,10000,plus,39,825
65,7,4,second,26,10000,minus,40,701
65,7,4,second,26,10000,plus,40,949
65,7,4,second,26,10000,minus,41,573
65,7,4,second,26,10000,plus,41,1027
65,7,4,second,26,10000,minus,42,359
65,7,4,second,26,10000,plus,42,1025
65,7,4,second,26,10000,minus,43,261
65,7,4,second,26,10000,plus,43,974
65,7,4,second,26,10000,minus,44,139
65,7,4,second,26,10000,plus,44,826
65,7,4,second,26,10000,minus,45,56
65,7,4,second,26,10000,plus,45,729
65,7,4,second,26,10000,minus,46,30
65,7,4,second,26,10000,plus,46,518
65,7,4,second,26,10000,minus,47,8
65,7,4,second,26,10000,plus,47,453
65,7,4,second,26,10000,minus,48,8
65,7,4,second,26,10000,plus,48,278
65,7,4,second,26,10000,minus,49,1
65,7,4,second,26,10000,plus,49,167
65,7,4,second,26,10000,minus,50,1
65,7,4,second,26,10000,plus,50,100
65,7,4,second,26,10000,plus,51,80
65,7,4,second,26,10000,plus,52,39
65,7,4,second,26,10000,plus,53,20
65,7,4,second,26,10000,plus,54,8
65,7,4,second,26,10000,plus,55,4
65,7,4,second,26,10000,plus,56,4
65,7,4,second,26,10000,plus,57,2
65,8,1,first,27,10000,minus,17,1
65,8,1,first,27,10000,minus,18,1
65,8,1,first,27,10000,minus,19,3
65,8,1,first,27,10000,minus,20,1
65,8,1,first,27,10000,minus,21,10
65,8,1,first,27,10000,minus,22,8
65,8,1,first,27,10000,minus,23,24
65,8,1,first,27,10000,minus,24,26
65,8,1,first,27,10000,minus,25,46
65,8,1,first,27,10000,minus,26,67
65,8,1,first,27,10000,minus,27,102
65,8,1,first,27,10000,minus,28,121
65,8,1,first,27,10000,plus,28,2
65,8,1,first,27,10000,minus,29,188
65,8,1,first,27,10000,plus,29,5
65,8,1,first,27,10000,minus,30,283
65,8,1,first,27,10000,plus,30,6
65,8,1,first,27,10000,minus,31,414
65,8,1,first,27,10000,plus,31,22
65,8,1,first,27,10000,minus,32,485
65,8,1,first,27,10000,plus,32,36
65,8,1,first,27,10000,minus,33,591
65,8,1,first,27,10000,plus,33,66
65,8,1,first,27,10000,minus,34,775
65,8,1,first,27,10000,plus,34,121
65,8,1,first,27,10000,minus,35,869
65,8,1,first,27,10000,plus,35,200
65,8,1,first,27,10000,minus,36,1034
65,8,1,first,27,10000,plus,36,359
65,8,1,first,27,10000,minus,37,1003
65,8,1,first,27,10000,plus,37,494
65,8,1,first,27,10000,minus,38,984
65,8,1,first,27,10000,plus,38,663
65,8,1,first,27,10000,minus,39,857
65,8,1,first,27,10000,plus,39,808
65,8,1,first,27,10000,minus,40,688
65,8,1,first,27,10000,plus,40,978
65,8,1,first,27,10000,minus,41,557
65,8,1,first,27,10000,plus,41,1091
65,8,1,first,27,10000,minus,42,375
65,8,1,first,27,10000,plus,42,1051
65,8,1,first,27,10000,minus,43,221
65,8,1,first,27,10000,plus,43,981
65,8,1,first,27,10000,minus,44,137
65,8,1,first,27,10000,plus,44,828
65,8,1,first,27,10000,minus,45,72
65,8,1,first,27,10000,plus,45,680
65,8,1,first,27,10000,minus,46,33
65,8,1,first,27,10000,plus,46,522
65,8,1,first,27,10000,minus,47,17
65,8,1,first,27,10000,plus,47,391
65,8,1,first,27,10000,minus,48,4
65,8,1,first,27,10000,plus,48,281
65,8,1,first,27,10000,minus,49,1
65,8,1,first,27,10000,plus,49,183
65,8,1,first,27,10000,minus,50,1
65,8,1,first,27,10000,plus,50,121
65,8,1,first,27,10000,minus,51,1
65,8,1,first,27,10000,plus,51,49
65,8,1,first,27,10000,plus,52,35
65,8,1,first,27,10000,plus,53,13
65,8,1,first,27,10000,plus,54,11
65,8,1,first,27,10000,plus,55,1
65,8,1,first,27,10000,plus,56,2
65,7,4,second,27,10000,minus,17,1
65,7,4,second,27,10000,minus,20,3
65,7,4,second,27,10000,minus,21,6
65,7,4,second,27,10000,minus,22,12
65,7,4,second,27,10000,minus,23,12
65,7,4,second,27,10000,minus,24,26
65,7,4,second,27,10000,minus,25,42
65,7,4,second,27,10000,minus,26,64
65,7,4,second,27,10000,minus,27,91
65,7,4,second,27,10000,plus,27,2
65,7,4,second,27,10000,minus,28,135
65,7,4,second,27,10000,plus,28,1
65,7,4,second,27,10000,minus,29,181
65,7,4,second,27,10000,plus,29,5
65,7,4,second,27,10000,minus,30,275
65,7,4,second,27,10000,plus,30,8
65,7,4,second,27,10000,minus,31,368
65,7,4,second,27,10000,plus,31,25
65,7,4,second,27,10000,minus,32,488
65,7,4,second,27,10000,plus,32,48
65,7,4,second,27,10000,minus,33,615
65,7,4,second,27,10000,plus,33,72
65,7,4,second,27,10000,minus,34,834
65,7,4,second,27,10000,plus,34,127
65,7,4,second,27,10000,minus,35,883
65,7,4,second,27,10000,plus,35,190
65,7,4,second,27,10000,minus,36,1007
65,7,4,second,27,10000,plus,36,361
65,7,4,second,27,10000,minus,37,1005
65,7,4,second,27,10000,plus,37,504
65,7,4,second,27,10000,minus,38,1009
65,7,4,second,27,10000,plus,38,670
65,7,4,second,27,10000,minus,39,850
65,7,4,second,27,10000,plus,39,821
65,7,4,second,27,10000,minus,40,710
65,7,4,second,27,10000,plus,40,995
65,7,4,second,27,10000,minus,41,542
65,7,4,second,27,10000,plus,41,1016
65,7,4,second,27,10000,minus,42,356
65,7,4,second,27,10000,plus,42,1044
65,7,4,second,27,10000,minus,43,225
65,7,4,second,27,10000,plus,43,961
65,7,4,second,27,10000,minus,44,153
65,7,4,second,27,10000,plus,44,828
65,7,4,second,27,10000,minus,45,70
65,7,4,second,27,10000,plus,45,669
65,7,4,second,27,10000,minus,46,23
65,7,4,second,27,10000,plus,46,560
65,7,4,second,27,10000,minus,47,13
65,7,4,second,27,10000,plus,47,401
65,7,4,second,27,10000,minus,48,1
65,7,4,second,27,10000,plus,48,276
65,7,4,second,27,10000,plus,49,168
65,7,4,second,27,10000,plus,50,96
65,7,4,second,27,10000,plus,51,70
65,7,4,second,27,10000,plus,52,42
65,7,4,second,27,10000,plus,53,20
65,7,4,second,27,10000,plus,54,10
65,7,4,second,27,10000,plus,55,8
65,7,4,second,27,10000,plus,56,2
65,8,1,first,28,10000,minus,17,3
65,8,1,first,28,10000,minus,19,4
65,8,1,first,28,10000,minus,20,6
65,8,1,first,28,10000,minus,21,7
65,8,1,first,28,10000,minus,22,8
65,8,1,first,28,10000,minus,23,23
65,8,1,first,28,10000,minus,24,21
65,8,1,first,28,10000,minus,25,58
65,8,1,first,28,10000,minus,26,63
65,8,1,first,28,10000,plus,26,1
65,8,1,first,28,10000,minus,27,110
65,8,1,first,28,10000,minus,28,154
65,8,1,first,28,10000,minus,29,222
65,8,1,first,28,10000,plus,29,4
65,8,1,first,28,10000,minus,30,328
65,8,1,first,28,10000,plus,30,10
65,8,1,first,28,10000,minus,31,352
65,8,1,first,28,10000,plus,31,19
65,8,1,first,28,10000,minus,32,493
65,8,1,first,28,10000,plus,32,32
65,8,1,first,28,10000,minus,33,617
65,8,1,first,28,10000,plus,33,77
65,8,1,first,28,10000,minus,34,732
65,8,1,first,28,10000,plus,34,122
65,8,1,first,28,10000,minus,35,925
65,8,1,first,28,10000,plus,35,225
65,8,1,first,28,10000,minus,36,978
65,8,1,first,28,10000,plus,36,354
65,8,1,first,28,10000,minus,37,1008
65,8,1,first,28,10000,plus,37,470
65,8,1,first,28,10000,minus,38,942
65,8,1,first,28,10000,plus,38,669
65,8,1,first,28,10000,minus,39,890
65,8,1,first,28,10000,plus,39,833
65,8,1,first,28,10000,minus,40,650
65,8,1,first,28,10000,plus,40,989
65,8,1,first,28,10000,minus,41,527
65,8,1,first,28,10000,plus,41,1020
65,8,1,first,28,10000,minus,42,370
65,8,1,first,28,10000,plus,42,1030
65,8,1,first,28,10000,minus,43,248
65,8,1,first,28,10000,plus,43,992
65,8,1,first,28,10000,minus,44,130
65,8,1,first,28,10000,plus,44,844
65,8,1,first,28,10000,minus,45,67
65,8,1,first,28,10000,plus,45,687
65,8,1,first,28,10000,minus,46,30
65,8,1,first,28,10000,plus,46,514
65,8,1,first,28,10000,minus,47,23
65,8,1,first,28,10000,plus,47,418
65,8,1,first,28,10000,minus,48,6
65,8,1,first,28,10000,plus,48,262
65,8,1,first,28,10000,minus,49,3
65,8,1,first,28,10000,plus,49,167
65,8,1,first,28,10000,minus,50,1
65,8,1,first,28,10000,plus,50,127
65,8,1,first,28,10000,minus,51,1
65,8,1,first,28,10000,plus,51,71
65,8,1,first,28,10000,plus,52,32
65,8,1,first,28,10000,plus,53,20
65,8,1,first,28,10000,plus,54,10
65,8,1,first,28,10000,plus,55,1
65,7,4,second,28,10000,minus,17,2
65,7,4,second,28,10000,minus,19,5
65,7,4,second,28,10000,minus,20,3
65,7,4,second,28,10000,minus,21,2
65,7,4,second,28,10000,minus,22,13
65,7,4,second,28,10000,minus,23,15
65,7,4,second,28,10000,plus,23,1
65,7,4,second,28,10000,minus,24,25
65,7,4,second,28,10000,minus,25,34
65,7,4,second,28,10000,minus,26,69
65,7,4,second,28,10000,minus,27,105
65,7,4,second,28,10000,minus,28,161
65,7,4,second,28,10000,plus,28,3
65,7,4,second,28,10000,minus,29,195
65,7,4,second,28,10000,plus,29,6
65,7,4,second,28,10000,minus,30,282
65,7,4,second,28,10000,plus,30,8
65,7,4,second,28,10000,minus,31,374
65,7,4,second,28,10000,plus,31,19
65,7,4,second,28,10000,minus,32,493
65,7,4,second,28,10000,plus,32,35
65,7,4,second,28,10000,minus,33,656
65,7,4,second,28,10000,plus,33,75
65,7,4,second,28,10000,minus,34,745
65,7,4,second,28,10000,plus,34,153
65,7,4,second,28,10000,minus,35,908
65,7,4,second,28,10000,plus,35,214
65,7,4,second,28,10000,minus,36,1001
65,7,4,second,28,10000,plus,36,323
65,7,4,second,28,10000,minus,37,1007
65,7,4,second,28,10000,plus,37,425
65,7,4,second,28,10000,minus,38,970
65,7,4,second,28,10000,plus,38,633
65,7,4,second,28,10000,minus,39,848
65,7,4,second,28,10000,plus,39,870
65,7,4,second,28,10000,minus,40,717
65,7,4,second,28,10000,plus,40,923
65,7,4,second,28,10000,minus,41,519
65,7,4,second,28,10000,plus,41,1070
65,7,4,second,28,10000,minus,42,365
65,7,4,second,28,10000,plus,42,1038
65,7,4,second,28,10000,minus,43,231
65,7,4,second,28,10000,plus,43,958
65,7,4,second,28,10000,minus,44,145
65,7,4,second,28,10000,plus,44,856
65,7,4,second,28,10000,minus,45,51
65,7,4,second,28,10000,plus,45,736
65,7,4,second,28,10000,minus,46,39
65,7,4,second,28,10000,plus,46,516
65,7,4,second,28,10000,minus,47,11
65,7,4,second,28,10000,plus,47,405
65,7,4,second,28,10000,minus,48,8
65,7,4,second,28,10000,plus,48,276
65,7,4,second,28,10000,plus,49,188
65,7,4,second,28,10000,plus,50,111
65,7,4,second,28,10000,minus,51,1
65,7,4,second,28,10000,plus,51,68
65,7,4,second,28,10000,plus,52,50
65,7,4,second,28,10000,plus,53,24
65,7,4,second,28,10000,plus,54,7
65,7,4,second,28,10000,plus,55,5
65,7,4,second,28,10000,plus,56,4
65,8,1,first,29,10000,minus,16,1
65,8,1,first,29,10000,minus,17,1
65,8,1,first,29,10000,minus,18,1
65,8,1,first,29,10000,minus,19,4
65,8,1,first,29,10000,minus,20,4
65,8,1,first,29,10000,minus,21,2
65,8,1,first,29,10000,minus,22,6
65,8,1,first,29,10000,minus,23,14
65,8,1,first,29,10000,minus,24,32
65,8,1,first,29,10000,minus,25,37
65,8,1,first,29,10000,minus,26,67
65,8,1,first,29,10000,minus,27,102
65,8,1,first,29,10000,plus,27,1
65,8,1,first,29,10000,minus,28,147
65,8,1,first,29,10000,minus,29,186
65,8,1,first,29,10000,plus,29,3
65,8,1,first,29,10000,minus,30,283
65,8,1,first,29,10000,plus,30,12
65,8,1,first,29,10000,minus,31,383
65,8,1,first,29,10000,plus,31,15
65,8,1,first,29,10000,minus,32,519
65,8,1,first,29,10000,plus,32,43
65,8,1,first,29,10000,minus,33,601
65,8,1,first,29,10000,plus,33,71
65,8,1,first,29,10000,minus,34,694
65,8,1,first,29,10000,plus,34,121
65,8,1,first,29,10000,minus,35,848
65,8,1,first,29,10000,plus,35,201
65,8,1,first,29,10000,minus,36,1009
65,8,1,first,29,10000,plus,36,304
65,8,1,first,29,10000,minus,37,1058
65,8,1,first,29,10000,plus,37,525
65,8,1,first,29,10000,minus,38,1007
65,8,1,first,29,10000,plus,38,643
65,8,1,first,29,10000,minus,39,863
65,8,1,first,29,10000,plus,39,843
65,8,1,first,29,10000,minus,40,748
65,8,1,first,29,10000,plus,40,949
65,8,1,first,29,10000,minus,41,537
65,8,1,first,29,10000,plus,41,1057
65,8,1,first,29,10000,minus,42,389
65,8,1,first,29,10000,plus,42,1114
65,8,1,first,29,10000,minus,43,219
65,8,1,first,29,10000,plus,43,968
65,8,1,first,29,10000,minus,44,131
65,8,1,first,29,10000,plus,44,840
65,8,1,first,29,10000,minus,45,65
65,8,1,first,29,10000,plus,45,717
65,8,1,first,29,10000,minus,46,21
65,8,1,first,29,10000,plus,46,534
65,8,1,first,29,10000,minus,47,12
65,8,1,first,29,10000,plus,47,363
65,8,1,first,29,10000,minus,48,4
65,8,1,first,29,10000,plus,48,258
65,8,1,first,29,10000,minus,49,3
65,8,1,first,29,10000,plus,49,190
65,8,1,first,29,10000,minus,50,2
65,8,1,first,29,10000,plus,50,100
65,8,1,first,29,10000,plus,51,68
65,8,1,first,29,10000,plus,52,34
65,8,1,first,29,10000,plus,53,19
65,8,1,first,29,10000,plus,54,5
65,8,1,first,29,10000,plus,55,2
65,7,4,second,29,10000,minus,17,2
65,7,4,second,29,10000,minus,18,1
65,7,4,second,29,10000,minus,19,4
65,7,4,second,29,10000,minus,20,3
65,7,4,second,29,10000,minus,21,3
65,7,4,second,29,10000,minus,22,2
65,7,4,second,29,10000,minus,23,14
65,7,4,second,29,10000,minus,24,34
65,7,4,second,29,10000,minus,25,38
65,7,4,second,29,10000,minus,26,55
65,7,4,second,29,10000,minus,27,86
65,7,4,second,29,10000,minus,28,151
65,7,4,second,29,10000,plus,28,2
65,7,4,second,29,10000,minus,29,181
65,7,4,second,29,10000,plus,29,2
65,7,4,second,29,10000,minus,30,290
65,7,4,second,29,10000,plus,30,8
65,7,4,second,29,10000,minus,31,368
65,7,4,second,29,10000,plus,31,27
65,7,4,second,29,10000,minus,32,497
65,7,4,second,29,10000,plus,32,48
65,7,4,second,29,10000,minus,33,635
65,7,4,second,29,10000,plus,33,60
65,7,4,second,29,10000,minus,34,781
65,7,4,second,29,10000,plus,34,134
65,7,4,second,29,10000,minus,35,921
65,7,4,second,29,10000,plus,35,200
65,7,4,second,29,10000,minus,36,955
65,7,4,second,29,10000,plus,36,339
65,7,4,second,29,10000,minus,37,967
65,7,4,second,29,10000,plus,37,486
65,7,4,second,29,10000,minus,38,998
65,7,4,second,29,10000,plus,38,662
65,7,4,second,29,10000,minus,39,859
65,7,4,second,29,10000,plus,39,817
65,7,4,second,29,10000,minus,40,735
65,7,4,second,29,10000,plus,40,959
65,7,4,second,29,10000,minus,41,510
65,7,4,second,29,10000,plus,41,1095
65,7,4,second,29,10000,minus,42,396
65,7,4,second,29,10000,plus,42,1008
65,7,4,second,29,10000,minus,43,254
65,7,4,second,29,10000,plus,43,957
65,7,4,second,29,10000,minus,44,129
65,7,4,second,29,10000,plus,44,846
65,7,4,second,29,10000,minus,45,75
65,7,4,second,29,10000,plus,45,697
65,7,4,second,29,10000,minus,46,32
65,7,4,second,29,10000,plus,46,538
65,7,4,second,29,10000,minus,47,12
65,7,4,second,29,10000,plus,47,379
65,7,4,second,29,10000,minus,48,10
65,7,4,second,29,10000,plus,48,290
65,7,4,second,29,10000,minus,49,2
65,7,4,second,29,10000,plus,49,206
65,7,4,second,29,10000,plus,50,89
65,7,4,second,29,10000,plus,51,79
65,7,4,second,29,10000,plus,52,34
65,7,4,second,29,10000,plus,53,17
65,7,4,second,29,10000,plus,54,14
65,7,4,second,29,10000,plus,55,3
65,7,4,second,29,10000,plus,56,1
65,7,4,second,29,10000,plus,57,3
65,8,1,first,30,10000,minus,17,2
65,8,1,first,30,10000,minus,18,1
65,8,1,first,30,10000,minus,20,3
65,8,1,first,30,10000,minus,21,4
65,8,1,first,30,10000,minus,22,14
65,8,1,first,30,10000,minus,23,17
65,8,1,first,30,10000,minus,24,18
65,8,1,first,30,10000,minus,25,43
65,8,1,first,30,10000,minus,26,62
65,8,1,first,30,10000,minus,27,96
65,8,1,first,30,10000,plus,27,2
65,8,1,first,30,10000,minus,28,146
65,8,1,first,30,10000,plus,28,2
65,8,1,first,30,10000,minus,29,190
65,8,1,first,30,10000,plus,29,6
65,8,1,first,30,10000,minus,30,267
65,8,1,first,30,10000,plus,30,8
65,8,1,first,30,10000,minus,31,388
65,8,1,first,30,10000,plus,31,15
65,8,1,first,30,10000,minus,32,541
65,8,1,first,30,10000,plus,32,37
65,8,1,first,30,10000,minus,33,639
65,8,1,first,30,10000,plus,33,62
65,8,1,first,30,10000,minus,34,772
65,8,1,first,30,10000,plus,34,134
65,8,1,first,30,10000,minus,35,893
65,8,1,first,30,10000,plus,35,208
65,8,1,first,30,10000,minus,36,973
65,8,1,first,30,10000,plus,36,351
65,8,1,first,30,10000,minus,37,987
65,8,1,first,30,10000,plus,37,484
65,8,1,first,30,10000,minus,38,999
65,8,1,first,30,10000,plus,38,655
65,8,1,first,30,10000,minus,39,855
65,8,1,first,30,10000,plus,39,830
65,8,1,first,30,10000,minus,40,730
65,8,1,first,30,10000,plus,40,984
65,8,1,first,30,10000,minus,41,517
65,8,1,first,30,10000,plus,41,1053
65,8,1,first,30,10000,minus,42,334
65,8,1,first,30,10000,plus,42,1006
65,8,1,first,30,10000,minus,43,222
65,8,1,first,30,10000,plus,43,967
65,8,1,first,30,10000,minus,44,150
65,8,1,first,30,10000,plus,44,820
65,8,1,first,30,10000,minus,45,75
65,8,1,first,30,10000,plus,45,729
65,8,1,first,30,10000,minus,46,38
65,8,1,first,30,10000,plus,46,568
65,8,1,first,30,10000,minus,47,13
65,8,1,first,30,10000,plus,47,386
65,8,1,first,30,10000,minus,48,9
65,8,1,first,30,10000,plus,48,286
65,8,1,first,30,10000,minus,49,2
65,8,1,first,30,10000,plus,49,177
65,8,1,first,30,10000,plus,50,108
65,8,1,first,30,10000,plus,51,56
65,8,1,first,30,10000,plus,52,30
65,8,1,first,30,10000,plus,53,23
65,8,1,first,30,10000,plus,54,10
65,8,1,first,30,10000,plus,55,1
65,8,1,first,30,10000,plus,56,2
65,7,4,second,30,10000,minus,18,2
65,7,4,second,30,10000,minus,19,1
65,7,4,second,30,10000,minus,20,1
65,7,4,second,30,10000,minus,21,4
65,7,4,second,30,10000,minus,22,9
65,7,4,second,30,10000,minus,23,14
65,7,4,second,30,10000,minus,24,22
65,7,4,second,30,10000,minus,25,36
65,7,4,second,30,10000,minus,26,59
65,7,4,second,30,10000,minus,27,88
65,7,4,second,30,10000,minus,28,153
65,7,4,second,30,10000,minus,29,177
65,7,4,second,30,10000,plus,29,1
65,7,4,second,30,10000,minus,30,287
65,7,4,second,30,10000,plus,30,5
65,7,4,second,30,10000,minus,31,414
65,7,4,second,30,10000,plus,31,19
65,7,4,second,30,10000,minus,32,506
65,7,4,second,30,10000,plus,32,40
65,7,4,second,30,10000,minus,33,635
65,7,4,second,30,10000,plus,33,77
65,7,4,second,30,10000,minus,34,771
65,7,4,second,30,10000,plus,34,135
65,7,4,second,30,10000,minus,35,900
65,7,4,second,30,10000,plus,35,242
65,7,4,second,30,10000,minus,36,991
65,7,4,second,30,10000,plus,36,342
65,7,4,second,30,10000,minus,37,987
65,7,4,second,30,10000,plus,37,487
65,7,4,second,30,10000,minus,38,946
65,7,4,second,30,10000,plus,38,618
65,7,4,second,30,10000,minus,39,882
65,7,4,second,30,10000,plus,39,880
65,7,4,second,30,10000,minus,40,715
65,7,4,second,30,10000,plus,40,953
65,7,4,second,30,10000,minus,41,525
65,7,4,second,30,10000,plus,41,1038
65,7,4,second,30,10000,minus,42,389
65,7,4,second,30,10000,plus,42,1036
65,7,4,second,30,10000,minus,43,232
65,7,4,second,30,10000,plus,43,999
65,7,4,second,30,10000,minus,44,137
65,7,4,second,30,10000,plus,44,824
65,7,4,second,30,10000,minus,45,67
65,7,4,second,30,10000,plus,45,693
65,7,4,second,30,10000,minus,46,31
65,7,4,second,30,10000,plus,46,556
65,7,4,second,30,10000,minus,47,15
65,7,4,second,30,10000,plus,47,378
65,7,4,second,30,10000,minus,48,1
65,7,4,second,30,10000,plus,48,266
65,7,4,second,30,10000,minus,49,2
65,7,4,second,30,10000,plus,49,182
65,7,4,second,30,10000,plus,50,101
65,7,4,second,30,10000,minus,51,1
65,7,4,second,30,10000,plus,51,66
65,7,4,second,30,10000,plus,52,29
65,7,4,second,30,10000,plus,53,20
65,7,4,second,30,10000,plus,54,8
65,7,4,second,30,10000,plus,55,4
65,7,4,second,30,10000,plus,57,1
65,8,1,first,31,10000,minus,18,1
65,8,1,first,31,10000,minus,20,2
65,8,1,first,31,10000,minus,21,5
65,8,1,first,31,10000,minus,22,21
65,8,1,first,31,10000,minus,23,21
65,8,1,first,31,10000,minus,24,26
65,8,1,first,31,10000,minus,25,52
65,8,1,first,31,10000,minus,26,68
65,8,1,first,31,10000,minus,27,90
65,8,1,first,31,10000,plus,27,1
65,8,1,first,31,10000,minus,28,145
65,8,1,first,31,10000,minus,29,201
65,8,1,first,31,10000,plus,29,9
65,8,1,first,31,10000,minus,30,306
65,8,1,first,31,10000,plus,30,10
65,8,1,first,31,10000,minus,31,366
65,8,1,first,31,10000,plus,31,20
65,8,1,first,31,10000,minus,32,482
65,8,1,first,31,10000,plus,32,32
65,8,1,first,31,10000,minus,33,632
65,8,1,first,31,10000,plus,33,78
65,8,1,first,31,10000,minus,34,781
65,8,1,first,31,10000,plus,34,126
65,8,1,first,31,10000,minus,35,860
65,8,1,first,31,10000,plus,35,188
65,8,1,first,31,10000,minus,36,978
65,8,1,first,31,10000,plus,36,330
65,8,1,first,31,10000,minus,37,1031
65,8,1,first,31,10000,plus,37,490
65,8,1,first,31,10000,minus,38,946
65,8,1,first,31,10000,plus,38,660
65,8,1,first,31,10000,minus,39,883
65,8,1,first,31,10000,plus,39,877
65,8,1,first,31,10000,minus,40,689
65,8,1,first,31,10000,plus,40,974
65,8,1,first,31,10000,minus,41,537
65,8,1,first,31,10000,plus,41,1008
65,8,1,first,31,10000,minus,42,392
65,8,1,first,31,10000,plus,42,1023
65,8,1,first,31,10000,minus,43,212
65,8,1,first,31,10000,plus,43,944
65,8,1,first,31,10000,minus,44,151
65,8,1,first,31,10000,plus,44,871
65,8,1,first,31,10000,minus,45,65
65,8,1,first,31,10000,plus,45,689
65,8,1,first,31,10000,minus,46,42
65,8,1,first,31,10000,plus,46,554
65,8,1,first,31,10000,minus,47,13
65,8,1,first,31,10000,plus,47,421
65,8,1,first,31,10000,minus,48,2
65,8,1,first,31,10000,plus,48,292
65,8,1,first,31,10000,plus,49,161
65,8,1,first,31,10000,plus,50,112
65,8,1,first,31,10000,plus,51,65
65,8,1,first,31,10000,plus,52,34
65,8,1,first,31,10000,plus,53,16
65,8,1,first,31,10000,plus,54,11
65,8,1,first,31,10000,plus,55,3
65,8,1,first,31,10000,plus,56,1
65,7,4,second,31,10000,minus,19,2
65,7,4,second,31,10000,minus,20,4
65,7,4,second,31,10000,minus,21,6
65,7,4,second,31,10000,minus,22,6
65,7,4,second,31,10000,minus,23,12
65,7,4,second,31,10000,minus,24,21
65,7,4,second,31,10000,minus,25,27
65,7,4,second,31,10000,minus,26,72
65,7,4,second,31,10000,minus,27,82
65,7,4,second,31,10000,minus,28,132
65,7,4,second,31,10000,plus,28,6
65,7,4,second,31,10000,minus,29,206
65,7,4,second,31,10000,plus,29,2
65,7,4,second,31,10000,minus,30,288
65,7,4,second,31,10000,plus,30,6
65,7,4,second,31,10000,minus,31,399
65,7,4,second,31,10000,plus,31,20
65,7,4,second,31,10000,minus,32,520
65,7,4,second,31,10000,plus,32,31
65,7,4,second,31,10000,minus,33,653
65,7,4,second,31,10000,plus,33,72
65,7,4,second,31,10000,minus,34,756
65,7,4,second,31,10000,plus,34,142
65,7,4,second,31,10000,minus,35,908
65,7,4,second,31,10000,plus,35,207
65,7,4,second,31,10000,minus,36,964
65,7,4,second,31,10000,plus,36,336
65,7,4,second,31,10000,minus,37,1010
65,7,4,second,31,10000,plus,37,515
65,7,4,second,31,10000,minus,38,1003
65,7,4,second,31,10000,plus,38,672
65,7,4,second,31,10000,minus,39,814
65,7,4,second,31,10000,plus,39,857
65,7,4,second,31,10000,minus,40,736
65,7,4,second,31,10000,plus,40,915
65,7,4,second,31,10000,minus,41,501
65,7,4,second,31,10000,plus,41,1060
65,7,4,second,31,10000,minus,42,409
65,7,4,second,31,10000,plus,42,1058
65,7,4,second,31,10000,minus,43,243
65,7,4,second,31,10000,plus,43,999
65,7,4,second,31,10000,minus,44,118
65,7,4,second,31,10000,plus,44,807
65,7,4,second,31,10000,minus,45,61
65,7,4,second,31,10000,plus,45,673
65,7,4,second,31,10000,minus,46,31
65,7,4,second,31,10000,plus,46,510
65,7,4,second,31,10000,minus,47,10
65,7,4,second,31,10000,plus,47,390
65,7,4,second,31,10000,minus,48,4
65,7,4,second,31,10000,plus,48,275
65,7,4,second,31,10000,minus,49,2
65,7,4,second,31,10000,plus,49,193
65,7,4,second,31,10000,plus,50,114
65,7,4,second,31,10000,plus,51,74
65,7,4,second,31,10000,plus,52,30
65,7,4,second,31,10000,plus,53,25
65,7,4,second,31,10000,plus,54,9
65,7,4,second,31,10000,plus,56,2
65,8,1,first,32,10000,minus,18,4
65,8,1,first,32,10000,minus,19,5
65,8,1,first,32,10000,minus,20,3
65,8,1,first,32,10000,minus,21,4
65,8,1,first,32,10000,minus,22,9
65,8,1,first,32,10000,minus,23,17
65,8,1,first,32,10000,minus,24,32
65,8,1,first,32,10000,minus,25,54
65,8,1,first,32,10000,minus,26,64
65,8,1,first,32,10000,plus,26,1
65,8,1,first,32,10000,minus,27,111
65,8,1,first,32,10000,minus,28,154
65,8,1,first,32,10000,plus,28,4
65,8,1,first,32,10000,minus,29,194
65,8,1,first,32,10000,plus,29,3
65,8,1,first,32,10000,minus,30,288
65,8,1,first,32,10000,plus,30,10
65,8,1,first,32,10000,minus,31,396
65,8,1,first,32,10000,plus,31,16
65,8,1,first,32,10000,minus,32,486
65,8,1,first,32,10000,plus,32,41
65,8,1,first,32,10000,minus,33,619
65,8,1,first,32,10000,plus,33,94
65,8,1,first,32,10000,minus,34,805
65,8,1,first,32,10000,plus,34,129
65,8,1,first,32,10000,minus,35,835
65,8,1,first,32,10000,plus,35,240
65,8,1,first,32,10000,minus,36,935
65,8,1,first,32,10000,plus,36,287
65,8,1,first,32,10000,minus,37,1005
65,8,1,first,32,10000,plus,37,521
65,8,1,first,32,10000,minus,38,984
65,8,1,first,32,10000,plus,38,656
65,8,1,first,32,10000,minus,39,871
65,8,1,first,32,10000,plus,39,832
65,8,1,first,32,10000,minus,40,742
65,8,1,first,32,10000,plus,40,939
65,8,1,first,32,10000,minus,41,513
65,8,1,first,32,10000,plus,41,1074
65,8,1,first,32,10000,minus,42,368
65,8,1,first,32,10000,plus,42,1027
65,8,1,first,32,10000,minus,43,249
65,8,1,first,32,10000,plus,43,973
65,8,1,first,32,10000,minus,44,130
65,8,1,first,32,10000,plus,44,885
65,8,1,first,32,10000,minus,45,67
65,8,1,first,32,10000,plus,45,695
65,8,1,first,32,10000,minus,46,27
65,8,1,first,32,10000,plus,46,478
65,8,1,first,32,10000,minus,47,19
65,8,1,first,32,10000,plus,47,415
65,8,1,first,32,10000,minus,48,7
65,8,1,first,32,10000,plus,48,260
65,8,1,first,32,10000,minus,49,2
65,8,1,first,32,10000,plus,49,191
65,8,1,first,32,10000,minus,50,1
65,8,1,first,32,10000,plus,50,113
65,8,1,first,32,10000,plus,51,55
65,8,1,first,32,10000,plus,52,45
65,8,1,first,32,10000,plus,53,8
65,8,1,first,32,10000,plus,54,6
65,8,1,first,32,10000,plus,55,2
65,7,4,second,32,10000,minus,17,1
65,7,4,second,32,10000,minus,20,1
65,7,4,second,32,10000,minus,21,7
65,7,4,second,32,10000,minus,22,9
65,7,4,second,32,10000,minus,23,15
65,7,4,second,32,10000,minus,24,32
65,7,4,second,32,10000,minus,25,49
65,7,4,second,32,10000,minus,26,59
65,7,4,second,32,10000,minus,27,102
65,7,4,second,32,10000,minus,28,123
65,7,4,second,32,10000,plus,28,2
65,7,4,second,32,10000,minus,29,181
65,7,4,second,32,10000,plus,29,8
65,7,4,second,32,10000,minus,30,284
65,7,4,second,32,10000,plus,30,8
65,7,4,second,32,10000,minus,31,360
65,7,4,second,32,10000,plus,31,19
65,7,4,second,32,10000,minus,32,482
65,7,4,second,32,10000,plus,32,27
65,7,4,second,32,10000,minus,33,659
65,7,4,second,32,10000,plus,33,74
65,7,4,second,32,10000,minus,34,776
65,7,4,second,32,10000,plus,34,136
65,7,4,second,32,10000,minus,35,885
65,7,4,second,32,10000,plus,35,218
65,7,4,second,32,10000,minus,36,1038
65,7,4,second,32,10000,plus,36,342
65,7,4,second,32,10000,minus,37,1062
65,7,4,second,32,10000,plus,37,524
65,7,4,second,32,10000,minus,38,954
65,7,4,second,32,10000,plus,38,670
65,7,4,second,32,10000,minus,39,861
65,7,4,second,32,10000,plus,39,828
65,7,4,second,32,10000,minus,40,668
65,7,4,second,32,10000,plus,40,945
65,7,4,second,32,10000,minus,41,534
65,7,4,second,32,10000,plus,41,1066
65,7,4,second,32,10000,minus,42,354
65,7,4,second,32,10000,plus,42,1037
65,7,4,second,32,10000,minus,43,247
65,7,4,second,32,10000,plus,43,947
65,7,4,second,32,10000,minus,44,133
65,7,4,second,32,10000,plus,44,830
65,7,4,second,32,10000,minus,45,67
65,7,4,second,32,10000,plus,45,691
65,7,4,second,32,10000,minus,46,37
65,7,4,second,32,10000,plus,46,535
65,7,4,second,32,10000,minus,47,12
65,7,4,second,32,10000,plus,47,397
65,7,4,second,32,10000,minus,48,4
65,7,4,second,32,10000,plus,48,269
65,7,4,second,32,10000,minus,49,3
65,7,4,second,32,10000,plus,49,159
65,7,4,second,32,10000,minus,50,1
65,7,4,second,32,10000,plus,50,114
65,7,4,second,32,10000,plus,51,63
65,7,4,second,32,10000,plus,52,49
65,7,4,second,32,10000,plus,53,20
65,7,4,second,32,10000,plus,54,15
65,7,4,second,32,10000,plus,55,4
65,7,4,second,32,10000,plus,56,2
65,7,4,second,32,10000,plus,57,1
65,8,1,first,33,10000,minus,18,1
65,8,1,first,33,10000,minus,19,1
65,8,1,first,33,10000,minus,20,6
65,8,1,first,33,10000,minus,21,7
65,8,1,first,33,10000,minus,22,8
65,8,1,first,33,10000,minus,23,12
65,8,1,first,33,10000,minus,24,29
65,8,1,first,33,10000,minus,25,54
65,8,1,first,33,10000,minus,26,63
65,8,1,first,33,10000,minus,27,94
65,8,1,first,33,10000,plus,27,2
65,8,1,first,33,10000,minus,28,136
65,8,1,first,33,10000,plus,28,2
65,8,1,first,33,10000,minus,29,197
65,8,1,first,33,10000,plus,29,1
65,8,1,first,33,10000,minus,30,259
65,8,1,first,33,10000,plus,30,6
65,8,1,first,33,10000,minus,31,390
65,8,1,first,33,10000,plus,31,14
65,8,1,first,33,10000,minus,32,479
65,8,1,first,33,10000,plus,32,33
65,8,1,first,33,10000,minus,33,679
65,8,1,first,33,10000,plus,33,60
65,8,1,first,33,10000,minus,34,752
65,8,1,first,33,10000,plus,34,147
65,8,1,first,33,10000,minus,35,850
65,8,1,first,33,10000,plus,35,228
65,8,1,first,33,10000,minus,36,982
65,8,1,first,33,10000,plus,36,346
65,8,1,first,33,10000,minus,37,993
65,8,1,first,33,10000,plus,37,494
65,8,1,first,33,10000,minus,38,1005
65,8,1,first,33,10000,plus,38,680
65,8,1,first,33,10000,minus,39,835
65,8,1,first,33,10000,plus,39,819
65,8,1,first,33,10000,minus,40,747
65,8,1,first,33,10000,plus,40,1005
65,8,1,first,33,10000,minus,41,541
65,8,1,first,33,10000,plus,41,1015
65,8,1,first,33,10000,minus,42,363
65,8,1,first,33,10000,plus,42,1077
65,8,1,first,33,10000,minus,43,253
65,8,1,first,33,10000,plus,43,957
65,8,1,first,33,10000,minus,44,145
65,8,1,first,33,10000,plus,44,862
65,8,1,first,33,10000,minus,45,61
65,8,1,first,33,10000,plus,45,714
65,8,1,first,33,10000,minus,46,32
65,8,1,first,33,10000,plus,46,493
65,8,1,first,33,10000,minus,47,15
65,8,1,first,33,10000,plus,47,386
65,8,1,first,33,10000,minus,48,5
65,8,1,first,33,10000,plus,48,275
65,8,1,first,33,10000,minus,49,5
65,8,1,first,33,10000,plus,49,155
65,8,1,first,33,10000,minus,50,1
65,8,1,first,33,10000,plus,50,109
65,8,1,first,33,10000,plus,51,50
65,8,1,first,33,10000,plus,52,40
65,8,1,first,33,10000,plus,53,18
65,8,1,first,33,10000,plus,54,9
65,8,1,first,33,10000,plus,56,2
65,8,1,first,33,10000,plus,57,1
65,7,4,second,33,10000,minus,16,1
65,7,4,second,33,10000,minus,19,5
65,7,4,second,33,10000,minus,20,2
65,7,4,second,33,10000,minus,21,3
65,7,4,second,33,10000,minus,22,11
65,7,4,second,33,10000,minus,23,16
65,7,4,second,33,10000,minus,24,21
65,7,4,second,33,10000,minus,25,50
65,7,4,second,33,10000,minus,26,56
65,7,4,second,33,10000,plus,26,1
65,7,4,second,33,10000,minus,27,101
65,7,4,second,33,10000,plus,27,1
65,7,4,second,33,10000,minus,28,136
65,7,4,second,33,10000,plus,28,1
65,7,4,second,33,10000,minus,29,179
65,7,4,second,33,10000,plus,29,2
65,7,4,second,33,10000,minus,30,291
65,7,4,second,33,10000,plus,30,7
65,7,4,second,33,10000,minus,31,357
65,7,4,second,33,10000,plus,31,18
65,7,4,second,33,10000,minus,32,476
65,7,4,second,33,10000,plus,32,39
65,7,4,second,33,10000,minus,33,660
65,7,4,second,33,10000,plus,33,88
65,7,4,second,33,10000,minus,34,791
65,7,4,second,33,10000,plus,34,111
65,7,4,second,33,10000,minus,35,906
65,7,4,second,33,10000,plus,35,231
65,7,4,second,33,10000,minus,36,1015
65,7,4,second,33,10000,plus,36,302
65,7,4,second,33,10000,minus,37,954
65,7,4,second,33,10000,plus,37,476
65,7,4,second,33,10000,minus,38,968
65,7,4,second,33,10000,plus,38,652
65,7,4,second,33,10000,minus,39,900
65,7,4,second,33,10000,plus,39,858
65,7,4,second,33,10000,minus,40,725
65,7,4,second,33,10000,plus,40,997
65,7,4,second,33,10000,minus,41,522
65,7,4,second,33,10000,plus,41,1093
65,7,4,second,33,10000,minus,42,355
65,7,4,second,33,10000,plus,42,1030
65,7,4,second,33,10000,minus,43,231
65,7,4,second,33,10000,plus,43,956
65,7,4,second,33,10000,minus,44,135
65,7,4,second,33,10000,plus,44,801
65,7,4,second,33,10000,minus,45,80
65,7,4,second,33,10000,plus,45,733
65,7,4,second,33,10000,minus,46,35
65,7,4,second,33,10000,plus,46,509
65,7,4,second,33,10000,minus,47,14
65,7,4,second,33,10000,plus,47,387
65,7,4,second,33,10000,minus,48,1
65,7,4,second,33,10000,plus,48,281
65,7,4,second,33,10000,minus,49,3
65,7,4,second,33,10000,plus,49,170
65,7,4,second,33,10000,plus,50,120
65,7,4,second,33,10000,plus,51,62
65,7,4,second,33,10000,plus,52,37
65,7,4,second,33,10000,plus,53,25
65,7,4,second,33,10000,plus,54,8
65,7,4,second,33,10000,plus,55,3
65,7,4,second,33,10000,plus,58,1
65,8,1,first,34,10000,minus,17,1
65,8,1,first,34,10000,minus,18,1
65,8,1,first,34,10000,minus,19,1
65,8,1,first,34,10000,minus,20,5
65,8,1,first,34,10000,minus,21,8
65,8,1,first,34,10000,minus,22,10
65,8,1,first,34,10000,minus,23,18
65,8,1,first,34,10000,minus,24,32
65,8,1,first,34,10000,minus,25,45
65,8,1,first,34,10000,minus,26,52
65,8,1,first,34,10000,minus,27,99
65,8,1,first,34,10000,plus,27,1
65,8,1,first,34,10000,minus,28,159
65,8,1,first,34,10000,plus,28,1
65,8,1,first,34,10000,minus,29,215
65,8,1,first,34,10000,plus,29,6
65,8,1,first,34,10000,minus,30,286
65,8,1,first,34,10000,plus,30,5
65,8,1,first,34,10000,minus,31,408
65,8,1,first,34,10000,plus,31,14
65,8,1,first,34,10000,minus,32,492
65,8,1,first,34,10000,plus,32,48
65,8,1,first,34,10000,minus,33,622
65,8,1,first,34,10000,plus,33,61
65,8,1,first,34,10000,minus,34,798
65,8,1,first,34,10000,plus,34,134
65,8,1,first,34,10000,minus,35,908
65,8,1,first,34,10000,plus,35,228
65,8,1,first,34,10000,minus,36,952
65,8,1,first,34,10000,plus,36,354
65,8,1,first,34,10000,minus,37,981
65,8,1,first,34,10000,plus,37,469
65,8,1,first,34,10000,minus,38,987
65,8,1,first,34,10000,plus,38,659
65,8,1,first,34,10000,minus,39,833
65,8,1,first,34,10000,plus,39,780
65,8,1,first,34,10000,minus,40,735
65,8,1,first,34,10000,plus,40,962
65,8,1,first,34,10000,minus,41,527
65,8,1,first,34,10000,plus,41,1096
65,8,1,first,34,10000,minus,42,354
65,8,1,first,34,10000,plus,42,1057
65,8,1,first,34,10000,minus,43,226
65,8,1,first,34,10000,plus,43,926
65,8,1,first,34,10000,minus,44,132
65,8,1,first,34,10000,plus,44,916
65,8,1,first,34,10000,minus,45,77
65,8,1,first,34,10000,plus,45,716
65,8,1,first,34,10000,minus,46,21
65,8,1,first,34,10000,plus,46,545
65,8,1,first,34,10000,minus,47,9
65,8,1,first,34,10000,plus,47,364
65,8,1,first,34,10000,minus,48,4
65,8,1,first,34,10000,plus,48,257
65,8,1,first,34,10000,minus,49,2
65,8,1,first,34,10000,plus,49,169
65,8,1,first,34,10000,plus,50,101
65,8,1,first,34,10000,plus,51,68
65,8,1,first,34,10000,plus,52,36
65,8,1,first,34,10000,plus,53,13
65,8,1,first,34,10000,plus,54,8
65,8,1,first,34,10000,plus,55,4
65,8,1,first,34,10000,plus,56,2
65,7,4,second,34,10000,minus,15,1
65,7,4,second,34,10000,minus,20,7
65,7,4,second,34,10000,minus,21,3
65,7,4,second,34,10000,minus,22,8
65,7,4,second,34,10000,minus,23,17
65,7,4,second,34,10000,minus,24,31
65,7,4,second,34,10000,minus,25,43
65,7,4,second,34,10000,minus,26,59
65,7,4,second,34,10000,minus,27,79
65,7,4,second,34,10000,minus,28,159
65,7,4,second,34,10000,minus,29,206
65,7,4,second,34,10000,plus,29,5
65,7,4,second,34,10000,minus,30,318
65,7,4,second,34,10000,plus,30,7
65,7,4,second,34,10000,minus,31,391
65,7,4,second,34,10000,plus,31,21
65,7,4,second,34,10000,minus,32,537
65,7,4,second,34,10000,plus,32,44
65,7,4,second,34,10000,minus,33,624
65,7,4,second,34,10000,plus,33,80
65,7,4,second,34,10000,minus,34,795
65,7,4,second,34,10000,plus,34,142
65,7,4,second,34,10000,minus,35,821
65,7,4,second,34,10000,plus,35,229
65,7,4,second,34,10000,minus,36,987
65,7,4,second,34,10000,plus,36,317
65,7,4,second,34,10000,minus,37,1013
65,7,4,second,34,10000,plus,37,458
65,7,4,second,34,10000,minus,38,954
65,7,4,second,34,10000,plus,38,705
65,7,4,second,34,10000,minus,39,902
65,7,4,second,34,10000,plus,39,851
65,7,4,second,34,10000,minus,40,692
65,7,4,second,34,10000,plus,40,970
65,7,4,second,34,10000,minus,41,508
65,7,4,second,34,10000,plus,41,1074
65,7,4,second,34,10000,minus,42,364
65,7,4,second,34,10000,plus,42,1016
65,7,4,second,34,10000,minus,43,230
65,7,4,second,34,10000,plus,43,965
65,7,4,second,34,10000,minus,44,140
65,7,4,second,34,10000,plus,44,837
65,7,4,second,34,10000,minus,45,59
65,7,4,second,34,10000,plus,45,676
65,7,4,second,34,10000,minus,46,33
65,7,4,second,34,10000,plus,46,517
65,7,4,second,34,10000,minus,47,10
65,7,4,second,34,10000,plus,47,362
65,7,4,second,34,10000,minus,48,7
65,7,4,second,34,10000,plus,48,262
65,7,4,second,34,10000,minus,49,2
65,7,4,second,34,10000,plus,49,184
65,7,4,second,34,10000,plus,50,125
65,7,4,second,34,10000,plus,51,77
65,7,4,second,34,10000,plus,52,39
65,7,4,second,34,10000,plus,53,25
65,7,4,second,34,10000,plus,54,8
65,7,4,second,34,10000,plus,55,3
65,7,4,second,34,10000,plus,56,1
65,8,1,first,35,10000,minus,16,1
65,8,1,first,35,10000,minus,18,3
65,8,1,first,35,10000,minus,19,3
65,8,1,first,35,10000,minus,20,5
65,8,1,first,35,10000,minus,21,9
65,8,1,first,35,10000,minus,22,12
65,8,1,first,35,10000,minus,23,16
65,8,1,first,35,10000,minus,24,28
65,8,1,first,35,10000,minus,25,52
65,8,1,first,35,10000,minus,26,77
65,8,1,first,35,10000,minus,27,97
65,8,1,first,35,10000,minus,28,137
65,8,1,first,35,10000,plus,28,3
65,8,1,first,35,10000,minus,29,205
65,8,1,first,35,10000,plus,29,6
65,8,1,first,35,10000,minus,30,286
65,8,1,first,35,10000,plus,30,14
65,8,1,first,35,10000,minus,31,365
65,8,1,first,35,10000,plus,31,28
65,8,1,first,35,10000,minus,32,497
65,8,1,first,35,10000,plus,32,37
65,8,1,first,35,10000,minus,33,641
65,8,1,first,35,10000,plus,33,67
65,8,1,first,35,10000,minus,34,754
65,8,1,first,35,10000,plus,34,136
65,8,1,first,35,10000,minus,35,922
65,8,1,first,35,10000,plus,35,209
65,8,1,first,35,10000,minus,36,963
65,8,1,first,35,10000,plus,36,363
65,8,1,first,35,10000,minus,37,1000
65,8,1,first,35,10000,plus,37,519
65,8,1,first,35,10000,minus,38,1006
65,8,1,first,35,10000,plus,38,646
65,8,1,first,35,10000,minus,39,849
65,8,1,first,35,10000,plus,39,798
65,8,1,first,35,10000,minus,40,723
65,8,1,first,35,10000,plus,40,979
65,8,1,first,35,10000,minus,41,520
65,8,1,first,35,10000,plus,41,1042
65,8,1,first,35,10000,minus,42,371
65,8,1,first,35,10000,plus,42,996
65,8,1,first,35,10000,minus,43,216
65,8,1,first,35,10000,plus,43,1022
65,8,1,first,35,10000,minus,44,121
65,8,1,first,35,10000,plus,44,842
65,8,1,first,35,10000,minus,45,61
65,8,1,first,35,10000,plus,45,702
65,8,1,first,35,10000,minus,46,33
65,8,1,first,35,10000,plus,46,531
65,8,1,first,35,10000,minus,47,21
65,8,1,first,35,10000,plus,47,401
65,8,1,first,35,10000,minus,48,3
65,8,1,first,35,10000,plus,48,240
65,8,1,first,35,10000,minus,49,3
65,8,1,first,35,10000,plus,49,189
65,8,1,first,35,10000,plus,50,106
65,8,1,first,35,10000,plus,51,59
65,8,1,first,35,10000,plus,52,31
65,8,1,first,35,10000,plus,53,22
65,8,1,first,35,10000,plus,54,7
65,8,1,first,35,10000,plus,55,3
65,8,1,first,35,10000,plus,56,1
65,8,1,first,35,10000,plus,57,1
65,7,4,second,35,10000,minus,19,3
65,7,4,second,35,10000,minus,20,3
65,7,4,second,35,10000,minus,21,2
65,7,4,second,35,10000,minus,22,12
65,7,4,second,35,10000,minus,23,12
65,7,4,second,35,10000,minus,24,28
65,7,4,second,35,10000,minus,25,46
65,7,4,second,35,10000,minus,26,46
65,7,4,second,35,10000,minus,27,91
65,7,4,second,35,10000,plus,27,1
65,7,4,second,35,10000,minus,28,145
65,7,4,second,35,10000,plus,28,1
65,7,4,second,35,10000,minus,29,185
65,7,4,second,35,10000,plus,29,5
65,7,4,second,35,10000,minus,30,291
65,7,4,second,35,10000,plus,30,10
65,7,4,second,35,10000,minus,31,374
65,7,4,second,35,10000,plus,31,15
65,7,4,second,35,10000,minus,32,535
65,7,4,second,35,10000,plus,32,37
65,7,4,second,35,10000,minus,33,619
65,7,4,second,35,10000,plus,33,72
65,7,4,second,35,10000,minus,34,709
65,7,4,second,35,10000,plus,34,123
65,7,4,second,35,10000,minus,35,924
65,7,4,second,35,10000,plus,35,236
65,7,4,second,35,10000,minus,36,989
65,7,4,second,35,10000,plus,36,335
65,7,4,second,35,10000,minus,37,1047
65,7,4,second,35,10000,plus,37,445
65,7,4,second,35,10000,minus,38,965
65,7,4,second,35,10000,plus,38,612
65,7,4,second,35,10000,minus,39,855
65,7,4,second,35,10000,plus,39,858
65,7,4,second,35,10000,minus,40,733
65,7,4,second,35,10000,plus,40,933
65,7,4,second,35,10000,minus,41,538
65,7,4,second,35,10000,plus,41,1043
65,7,4,second,35,10000,minus,42,366
65,7,4,second,35,10000,plus,42,1063
65,7,4,second,35,10000,minus,43,215
65,7,4,second,35,10000,plus,43,1026
65,7,4,second,35,10000,minus,44,148
65,7,4,second,35,10000,plus,44,839
65,7,4,second,35,10000,minus,45,62
65,7,4,second,35,10000,plus,45,696
65,7,4,second,35,10000,minus,46,36
65,7,4,second,35,10000,plus,46,530
65,7,4,second,35,10000,minus,47,14
65,7,4,second,35,10000,plus,47,382
65,7,4,second,35,10000,minus,48,4
65,7,4,second,35,10000,plus,48,271
65,7,4,second,35,10000,minus,49,3
65,7,4,second,35,10000,plus,49,184
65,7,4,second,35,10000,plus,50,129
65,7,4,second,35,10000,plus,51,71
65,7,4,second,35,10000,plus,52,29
65,7,4,second,35,10000,plus,53,25
65,7,4,second,35,10000,plus,54,19
65,7,4,second,35,10000,plus,55,7
65,7,4,second,35,10000,plus,56,2
65,7,4,second,35,10000,plus,57,1
65,8,1,first,36,10000,minus,19,1
65,8,1,first,36,10000,minus,20,3
65,8,1,first,36,10000,minus,21,4
65,8,1,first,36,10000,minus,22,11
65,8,1,first,36,10000,minus,23,9
65,8,1,first,36,10000,minus,24,33
65,8,1,first,36,10000,minus,25,49
65,8,1,first,36,10000,minus,26,59
65,8,1,first,36,10000,minus,27,95
65,8,1,first,36,10000,plus,27,2
65,8,1,first,36,10000,minus,28,150
65,8,1,first,36,10000,plus,28,3
65,8,1,first,36,10000,minus,29,215
65,8,1,first,36,10000,plus,29,4
65,8,1,first,36,10000,minus,30,287
65,8,1,first,36,10000,plus,30,6
65,8,1,first,36,10000,minus,31,358
65,8,1,first,36,10000,plus,31,14
65,8,1,first,36,10000,minus,32,499
65,8,1,first,36,10000,plus,32,33
65,8,1,first,36,10000,minus,33,633
65,8,1,first,36,10000,plus,33,76
65,8,1,first,36,10000,minus,34,780
65,8,1,first,36,10000,plus,34,124
65,8,1,first,36,10000,minus,35,905
65,8,1,first,36,10000,plus,35,207
65,8,1,first,36,10000,minus,36,960
65,8,1,first,36,10000,plus,36,360
65,8,1,first,36,10000,minus,37,1006
65,8,1,first,36,10000,plus,37,477
65,8,1,first,36,10000,minus,38,975
65,8,1,first,36,10000,plus,38,679
65,8,1,first,36,10000,minus,39,891
65,8,1,first,36,10000,plus,39,899
65,8,1,first,36,10000,minus,40,698
65,8,1,first,36,10000,plus,40,941
65,8,1,first,36,10000,minus,41,505
65,8,1,first,36,10000,plus,41,1091
65,8,1,first,36,10000,minus,42,378
65,8,1,first,36,10000,plus,42,1021
65,8,1,first,36,10000,minus,43,235
65,8,1,first,36,10000,plus,43,980
65,8,1,first,36,10000,minus,44,130
65,8,1,first,36,10000,plus,44,837
65,8,1,first,36,10000,minus,45,69
65,8,1,first,36,10000,plus,45,658
65,8,1,first,36,10000,minus,46,39
65,8,1,first,36,10000,plus,46,510
65,8,1,first,36,10000,minus,47,14
65,8,1,first,36,10000,plus,47,376
65,8,1,first,36,10000,minus,48,7
65,8,1,first,36,10000,plus,48,278
65,8,1,first,36,10000,minus,49,1
65,8,1,first,36,10000,plus,49,185
65,8,1,first,36,10000,minus,50,1
65,8,1,first,36,10000,plus,50,114
65,8,1,first,36,10000,plus,51,63
65,8,1,first,36,10000,plus,52,43
65,8,1,first,36,10000,plus,53,11
65,8,1,first,36,10000,plus,54,7
65,8,1,first,36,10000,plus,55,1
65,7,4,second,36,10000,minus,14,1
65,7,4,second,36,10000,minus,20,5
65,7,4,second,36,10000,minus,21,10
65,7,4,second,36,10000,minus,22,11
65,7,4,second,36,10000,minus,23,12
65,7,4,second,36,10000,minus,24,29
65,7,4,second,36,10000,minus,25,38
65,7,4,second,36,10000,minus,26,54
65,7,4,second,36,10000,minus,27,104
65,7,4,second,36,10000,plus,27,1
65,7,4,second,36,10000,minus,28,134
65,7,4,second,36,10000,plus,28,3
65,7,4,second,36,10000,minus,29,202
65,7,4,second,36,10000,plus,29,3
65,7,4,second,36,10000,minus,30,270
65,7,4,second,36,10000,plus,30,11
65,7,4,second,36,10000,minus,31,366
65,7,4,second,36,10000,plus,31,21
65,7,4,second,36,10000,minus,32,477
65,7,4,second,36,10000,plus,32,33
65,7,4,second,36,10000,minus,33,572
65,7,4,second,36,10000,plus,33,76
65,7,4,second,36,10000,minus,34,793
65,7,4,second,36,10000,plus,34,127
65,7,4,second,36,10000,minus,35,914
65,7,4,second,36,10000,plus,35,189
65,7,4,second,36,10000,minus,36,976
65,7,4,second,36,10000,plus,36,305
65,7,4,second,36,10000,minus,37,1029
65,7,4,second,36,10000,plus,37,524
65,7,4,second,36,10000,minus,38,998
65,7,4,second,36,10000,plus,38,646
65,7,4,second,36,10000,minus,39,872
65,7,4,second,36,10000,plus,39,814
65,7,4,second,36,10000,minus,40,696
65,7,4,second,36,10000,plus,40,964
65,7,4,second,36,10000,minus,41,537
65,7,4,second,36,10000,plus,41,1023
65,7,4,second,36,10000,minus,42,384
65,7,4,second,36,10000,plus,42,1081
65,7,4,second,36,10000,minus,43,262
65,7,4,second,36,10000,plus,43,986
65,7,4,second,36,10000,minus,44,128
65,7,4,second,36,10000,plus,44,900
65,7,4,second,36,10000,minus,45,72
65,7,4,second,36,10000,plus,45,701
65,7,4,second,36,10000,minus,46,36
65,7,4,second,36,10000,plus,46,528
65,7,4,second,36,10000,minus,47,13
65,7,4,second,36,10000,plus,47,352
65,7,4,second,36,10000,minus,48,3
65,7,4,second,36,10000,plus,48,264
65,7,4,second,36,10000,minus,49,1
65,7,4,second,36,10000,plus,49,175
65,7,4,second,36,10000,minus,50,1
65,7,4,second,36,10000,plus,50,115
65,7,4,second,36,10000,plus,51,68
65,7,4,second,36,10000,plus,52,38
65,7,4,second,36,10000,plus,53,30
65,7,4,second,36,10000,plus,54,13
65,7,4,second,36,10000,plus,55,5
65,7,4,second,36,10000,plus,56,4
65,8,1,first,37,10000,minus,14,1
65,8,1,first,37,10000,minus,16,1
65,8,1,first,37,10000,minus,17,1
65,8,1,first,37,10000,minus,18,1
65,8,1,first,37,10000,minus,19,6
65,8,1,first,37,10000,minus,20,3
65,8,1,first,37,10000,minus,21,5
65,8,1,first,37,10000,minus,22,10
65,8,1,first,37,10000,minus,23,21
65,8,1,first,37,10000,minus,24,24
65,8,1,first,37,10000,minus,25,49
65,8,1,first,37,10000,plus,25,1
65,8,1,first,37,10000,minus,26,74
65,8,1,first,37,10000,minus,27,116
65,8,1,first,37,10000,plus,27,1
65,8,1,first,37,10000,minus,28,134
65,8,1,first,37,10000,plus,28,4
65,8,1,first,37,10000,minus,29,204
65,8,1,first,37,10000,plus,29,5
65,8,1,first,37,10000,minus,30,294
65,8,1,first,37,10000,plus,30,3
65,8,1,first,37,10000,minus,31,392
65,8,1,first,37,10000,plus,31,19
65,8,1,first,37,10000,minus,32,489
65,8,1,first,37,10000,plus,32,39
65,8,1,first,37,10000,minus,33,643
65,8,1,first,37,10000,plus,33,68
65,8,1,first,37,10000,minus,34,773
65,8,1,first,37,10000,plus,34,114
65,8,1,first,37,10000,minus,35,908
65,8,1,first,37,10000,plus,35,195
65,8,1,first,37,10000,minus,36,965
65,8,1,first,37,10000,plus,36,320
65,8,1,first,37,10000,minus,37,974
65,8,1,first,37,10000,plus,37,508
65,8,1,first,37,10000,minus,38,963
65,8,1,first,37,10000,plus,38,663
65,8,1,first,37,10000,minus,39,872
65,8,1,first,37,10000,plus,39,884
65,8,1,first,37,10000,minus,40,714
65,8,1,first,37,10000,plus,40,886
65,8,1,first,37,10000,minus,41,503
65,8,1,first,37,10000,plus,41,1008
65,8,1,first,37,10000,minus,42,395
65,8,1,first,37,10000,plus,42,1021
65,8,1,first,37,10000,minus,43,227
65,8,1,first,37,10000,plus,43,1028
65,8,1,first,37,10000,minus,44,128
65,8,1,first,37,10000,plus,44,915
65,8,1,first,37,10000,minus,45,71
65,8,1,first,37,10000,plus,45,658
65,8,1,first,37,10000,minus,46,28
65,8,1,first,37,10000,plus,46,562
65,8,1,first,37,10000,minus,47,6
65,8,1,first,37,10000,plus,47,393
65,8,1,first,37,10000,minus,48,3
65,8,1,first,37,10000,plus,48,280
65,8,1,first,37,10000,minus,49,1
65,8,1,first,37,10000,plus,49,180
65,8,1,first,37,10000,minus,50,1
65,8,1,first,37,10000,plus,50,114
65,8,1,first,37,10000,plus,51,75
65,8,1,first,37,10000,plus,52,22
65,8,1,first,37,10000,plus,53,21
65,8,1,first,37,10000,plus,54,8
65,8,1,first,37,10000,plus,55,5
65,7,4,second,37,10000,minus,20,5
65,7,4,second,37,10000,minus,21,2
65,7,4,second,37,10000,minus,22,8
65,7,4,second,37,10000,minus,23,17
65,7,4,second,37,10000,minus,24,25
65,7,4,second,37,10000,minus,25,45
65,7,4,second,37,10000,minus,26,69
65,7,4,second,37,10000,minus,27,101
65,7,4,second,37,10000,plus,27,2
65,7,4,second,37,10000,minus,28,147
65,7,4,second,37,10000,plus,28,1
65,7,4,second,37,10000,minus,29,199
65,7,4,second,37,10000,plus,29,4
65,7,4,second,37,10000,minus,30,264
65,7,4,second,37,10000,plus,30,8
65,7,4,second,37,10000,minus,31,392
65,7,4,second,37,10000,plus,31,27
65,7,4,second,37,10000,minus,32,504
65,7,4,second,37,10000,plus,32,41
65,7,4,second,37,10000,minus,33,627
65,7,4,second,37,10000,plus,33,79
65,7,4,second,37,10000,minus,34,783
65,7,4,second,37,10000,plus,34,119
65,7,4,second,37,10000,minus,35,826
65,7,4,second,37,10000,plus,35,196
65,7,4,second,37,10000,minus,36,963
65,7,4,second,37,10000,plus,36,321
65,7,4,second,37,10000,minus,37,992
65,7,4,second,37,10000,plus,37,489
65,7,4,second,37,10000,minus,38,1024
65,7,4,second,37,10000,plus,38,651
65,7,4,second,37,10000,minus,39,865
65,7,4,second,37,10000,plus,39,852
65,7,4,second,37,10000,minus,40,726
65,7,4,second,37,10000,plus,40,963
65,7,4,second,37,10000,minus,41,563
65,7,4,second,37,10000,plus,41,1047
65,7,4,second,37,10000,minus,42,359
65,7,4,second,37,10000,plus,42,1050
65,7,4,second,37,10000,minus,43,216
65,7,4,second,37,10000,plus,43,984
65,7,4,second,37,10000,minus,44,144
65,7,4,second,37,10000,plus,44,857
65,7,4,second,37,10000,minus,45,76
65,7,4,second,37,10000,plus,45,698
65,7,4,second,37,10000,minus,46,42
65,7,4,second,37,10000,plus,46,513
65,7,4,second,37,10000,minus,47,12
65,7,4,second,37,10000,plus,47,369
65,7,4,second,37,10000,minus,48,4
65,7,4,second,37,10000,plus,48,258
65,7,4,second,37,10000,plus,49,194
65,7,4,second,37,10000,plus,50,121
65,7,4,second,37,10000,plus,51,70
65,7,4,second,37,10000,plus,52,42
65,7,4,second,37,10000,plus,53,19
65,7,4,second,37,10000,plus,54,11
65,7,4,second,37,10000,plus,55,9
65,7,4,second,37,10000,plus,56,2
65,7,4,second,37,10000,plus,57,2
65,7,4,second,37,10000,plus,58,1
65,8,1,first,38,10000,minus,16,1
65,8,1,first,38,10000,minus,19,1
65,8,1,first,38,10000,minus,20,2
65,8,1,first,38,10000,minus,21,10
65,8,1,first,38,10000,minus,22,11
65,8,1,first,38,10000,minus,23,21
65,8,1,first,38,10000,minus,24,25
65,8,1,first,38,10000,minus,25,49
65,8,1,first,38,10000,minus,26,83
65,8,1,first,38,10000,minus,27,109
65,8,1,first,38,10000,plus,27,1
65,8,1,first,38,10000,minus,28,167
65,8,1,first,38,10000,plus,28,3
65,8,1,first,38,10000,minus,29,182
65,8,1,first,38,10000,plus,29,4
65,8,1,first,38,10000,minus,30,319
65,8,1,first,38,10000,plus,30,13
65,8,1,first,38,10000,minus,31,349
65,8,1,first,38,10000,plus,31,24
65,8,1,first,38,10000,minus,32,504
65,8,1,first,38,10000,plus,32,41
65,8,1,first,38,10000,minus,33,669
65,8,1,first,38,10000,plus,33,74
65,8,1,first,38,10000,minus,34,764
65,8,1,first,38,10000,plus,34,123
65,8,1,first,38,10000,minus,35,869
65,8,1,first,38,10000,plus,35,203
65,8,1,first,38,10000,minus,36,927
65,8,1,first,38,10000,plus,36,336
65,8,1,first,38,10000,minus,37,1031
65,8,1,first,38,10000,plus,37,478
65,8,1,first,38,10000,minus,38,974
65,8,1,first,38,10000,plus,38,635
65,8,1,first,38,10000,minus,39,864
65,8,1,first,38,10000,plus,39,851
65,8,1,first,38,10000,minus,40,723
65,8,1,first,38,10000,plus,40,984
65,8,1,first,38,10000,minus,41,511
65,8,1,first,38,10000,plus,41,1132
65,8,1,first,38,10000,minus,42,334
65,8,1,first,38,10000,plus,42,1050
65,8,1,first,38,10000,minus,43,236
65,8,1,first,38,10000,plus,43,925
65,8,1,first,38,10000,minus,44,138
65,8,1,first,38,10000,plus,44,845
65,8,1,first,38,10000,minus,45,70
65,8,1,first,38,10000,plus,45,678
65,8,1,first,38,10000,minus,46,35
65,8,1,first,38,10000,plus,46,531
65,8,1,first,38,10000,minus,47,12
65,8,1,first,38,10000,plus,47,371
65,8,1,first,38,10000,minus,48,6
65,8,1,first,38,10000,plus,48,305
65,8,1,first,38,10000,minus,49,3
65,8,1,first,38,10000,plus,49,166
65,8,1,first,38,10000,plus,50,97
65,8,1,first,38,10000,minus,51,1
65,8,1,first,38,10000,plus,51,63
65,8,1,first,38,10000,plus,52,36
65,8,1,first,38,10000,plus,53,15
65,8,1,first,38,10000,plus,54,10
65,8,1,first,38,10000,plus,55,3
65,8,1,first,38,10000,plus,56,2
65,8,1,first,38,10000,plus,57,1
65,7,4,second,38,10000,minus,17,1
65,7,4,second,38,10000,minus,20,2
65,7,4,second,38,10000,minus,21,2
65,7,4,second,38,10000,minus,22,8
65,7,4,second,38,10000,minus,23,5
65,7,4,second,38,10000,minus,24,26
65,7,4,second,38,10000,minus,25,43
65,7,4,second,38,10000,minus,26,59
65,7,4,second,38,10000,minus,27,71
65,7,4,second,38,10000,minus,28,133
65,7,4,second,38,10000,plus,28,2
65,7,4,second,38,10000,minus,29,217
65,7,4,second,38,10000,plus,29,6
65,7,4,second,38,10000,minus,30,299
65,7,4,second,38,10000,plus,30,14
65,7,4,second,38,10000,minus,31,402
65,7,4,second,38,10000,plus,31,21
65,7,4,second,38,10000,minus,32,478
65,7,4,second,38,10000,plus,32,41
65,7,4,second,38,10000,minus,33,625
65,7,4,second,38,10000,plus,33,79
65,7,4,second,38,10000,minus,34,703
65,7,4,second,38,10000,plus,34,121
65,7,4,second,38,10000,minus,35,916
65,7,4,second,38,10000,plus,35,217
65,7,4,second,38,10000,minus,36,1084
65,7,4,second,38,10000,plus,36,297
65,7,4,second,38,10000,minus,37,976
65,7,4,second,38,10000,plus,37,514
65,7,4,second,38,10000,minus,38,982
65,7,4,second,38,10000,plus,38,656
65,7,4,second,38,10000,minus,39,856
65,7,4,second,38,10000,plus,39,818
65,7,4,second,38,10000,minus,40,747
65,7,4,second,38,10000,plus,40,896
65,7,4,second,38,10000,minus,41,527
65,7,4,second,38,10000,plus,41,1034
65,7,4,second,38,10000,minus,42,365
65,7,4,second,38,10000,plus,42,1091
65,7,4,second,38,10000,minus,43,227
65,7,4,second,38,10000,plus,43,1018
65,7,4,second,38,10000,minus,44,128
65,7,4,second,38,10000,plus,44,866
65,7,4,second,38,10000,minus,45,72
65,7,4,second,38,10000,plus,45,648
65,7,4,second,38,10000,minus,46,29
65,7,4,second,38,10000,plus,46,554
65,7,4,second,38,10000,minus,47,10
65,7,4,second,38,10000,plus,47,418
65,7,4,second,38,10000,minus,48,5
65,7,4,second,38,10000,plus,48,254
65,7,4,second,38,10000,minus,49,1
65,7,4,second,38,10000,plus,49,195
65,7,4,second,38,10000,plus,50,92
65,7,4,second,38,10000,minus,51,1
65,7,4,second,38,10000,plus,51,65
65,7,4,second,38,10000,plus,52,38
65,7,4,second,38,10000,plus,53,27
65,7,4,second,38,10000,plus,54,10
65,7,4,second,38,10000,plus,55,5
65,7,4,second,38,10000,plus,56,1
65,7,4,second,38,10000,plus,57,1
65,7,4,second,38,10000,plus,58,1
65,8,1,first,39,10000,minus,18,1
65,8,1,first,39,10000,minus,19,1
65,8,1,first,39,10000,minus,20,3
65,8,1,first,39,10000,minus,21,9
65,8,1,first,39,10000,minus,22,9
65,8,1,first,39,10000,minus,23,19
65,8,1,first,39,10000,minus,24,18
65,8,1,first,39,10000,minus,25,35
65,8,1,first,39,10000,minus,26,84
65,8,1,first,39,10000,plus,26,1
65,8,1,first,39,10000,minus,27,93
65,8,1,first,39,10000,plus,27,3
65,8,1,first,39,10000,minus,28,146
65,8,1,first,39,10000,plus,28,1
65,8,1,first,39,10000,minus,29,186
65,8,1,first,39,10000,plus,29,8
65,8,1,first,39,10000,minus,30,274
65,8,1,first,39,10000,plus,30,10
65,8,1,first,39,10000,minus,31,396
65,8,1,first,39,10000,plus,31,13
65,8,1,first,39,10000,minus,32,484
65,8,1,first,39,10000,plus,32,43
65,8,1,first,39,10000,minus,33,612
65,8,1,first,39,10000,plus,33,80
65,8,1,first,39,10000,minus,34,812
65,8,1,first,39,10000,plus,34,115
65,8,1,first,39,10000,minus,35,901
65,8,1,first,39,10000,plus,35,228
65,8,1,first,39,10000,minus,36,1006
65,8,1,first,39,10000,plus,36,350
65,8,1,first,39,10000,minus,37,1009
65,8,1,first,39,10000,plus,37,534
65,8,1,first,39,10000,minus,38,955
65,8,1,first,39,10000,plus,38,663
65,8,1,first,39,10000,minus,39,836
65,8,1,first,39,10000,plus,39,819
65,8,1,first,39,10000,minus,40,723
65,8,1,first,39,10000,plus,40,957
65,8,1,first,39,10000,minus,41,565
65,8,1,first,39,10000,plus,41,1066
65,8,1,first,39,10000,minus,42,360
65,8,1,first,39,10000,plus,42,1067
65,8,1,first,39,10000,minus,43,223
65,8,1,first,39,10000,plus,43,949
65,8,1,first,39,10000,minus,44,119
65,8,1,first,39,10000,plus,44,855
65,8,1,first,39,10000,minus,45,72
65,8,1,first,39,10000,plus,45,670
65,8,1,first,39,10000,minus,46,28
65,8,1,first,39,10000,plus,46,533
65,8,1,first,39,10000,minus,47,13
65,8,1,first,39,10000,plus,47,378
65,8,1,first,39,10000,minus,48,5
65,8,1,first,39,10000,plus,48,258
65,8,1,first,39,10000,minus,49,3
65,8,1,first,39,10000,plus,49,172
65,8,1,first,39,10000,plus,50,100
65,8,1,first,39,10000,plus,51,62
65,8,1,first,39,10000,plus,52,34
65,8,1,first,39,10000,plus,53,22
65,8,1,first,39,10000,plus,54,6
65,8,1,first,39,10000,plus,55,1
65,8,1,first,39,10000,plus,56,2
65,7,4,second,39,10000,minus,18,1
65,7,4,second,39,10000,minus,19,2
65,7,4,second,39,10000,minus,20,3
65,7,4,second,39,10000,minus,21,4
65,7,4,second,39,10000,minus,22,6
65,7,4,second,39,10000,minus,23,13
65,7,4,second,39,10000,minus,24,20
65,7,4,second,39,10000,minus,25,39
65,7,4,second,39,10000,minus,26,62
65,7,4,second,39,10000,minus,27,109
65,7,4,second,39,10000,minus,28,138
65,7,4,second,39,10000,plus,28,3
65,7,4,second,39,10000,minus,29,223
65,7,4,second,39,10000,plus,29,5
65,7,4,second,39,10000,minus,30,261
65,7,4,second,39,10000,plus,30,6
65,7,4,second,39,10000,minus,31,395
65,7,4,second,39,10000,plus,31,22
65,7,4,second,39,10000,minus,32,457
65,7,4,second,39,10000,plus,32,37
65,7,4,second,39,10000,minus,33,649
65,7,4,second,39,10000,plus,33,65
65,7,4,second,39,10000,minus,34,813
65,7,4,second,39,10000,plus,34,135
65,7,4,second,39,10000,minus,35,849
65,7,4,second,39,10000,plus,35,229
65,7,4,second,39,10000,minus,36,923
65,7,4,second,39,10000,plus,36,356
65,7,4,second,39,10000,minus,37,1027
65,7,4,second,39,10000,plus,37,452
65,7,4,second,39,10000,minus,38,971
65,7,4,second,39,10000,plus,38,619
65,7,4,second,39,10000,minus,39,881
65,7,4,second,39,10000,plus,39,849
65,7,4,second,39,10000,minus,40,716
65,7,4,second,39,10000,plus,40,952
65,7,4,second,39,10000,minus,41,583
65,7,4,second,39,10000,plus,41,1002
65,7,4,second,39,10000,minus,42,337
65,7,4,second,39,10000,plus,42,1068
65,7,4,second,39,10000,minus,43,249
65,7,4,second,39,10000,plus,43,983
65,7,4,second,39,10000,minus,44,138
65,7,4,second,39,10000,plus,44,849
65,7,4,second,39,10000,minus,45,74
65,7,4,second,39,10000,plus,45,705
65,7,4,second,39,10000,minus,46,39
65,7,4,second,39,10000,plus,46,534
65,7,4,second,39,10000,minus,47,11
65,7,4,second,39,10000,plus,47,406
65,7,4,second,39,10000,minus,48,6
65,7,4,second,39,10000,plus,48,265
65,7,4,second,39,10000,minus,49,1
65,7,4,second,39,10000,plus,49,190
65,7,4,second,39,10000,plus,50,109
65,7,4,second,39,10000,plus,51,80
65,7,4,second,39,10000,plus,52,35
65,7,4,second,39,10000,plus,53,14
65,7,4,second,39,10000,plus,54,15
65,7,4,second,39,10000,plus,55,8
65,7,4,second,39,10000,plus,56,4
65,7,4,second,39,10000,plus,57,3
65,8,1,first,40,10000,minus,18,2
65,8,1,first,40,10000,minus,20,2
65,8,1,first,40,10000,minus,21,1
65,8,1,first,40,10000,minus,22,11
65,8,1,first,40,10000,minus,23,16
65,8,1,first,40,10000,minus,24,23
65,8,1,first,40,10000,minus,25,44
65,8,1,first,40,10000,minus,26,75
65,8,1,first,40,10000,minus,27,97
65,8,1,first,40,10000,minus,28,135
65,8,1,first,40,10000,plus,28,1
65,8,1,first,40,10000,minus,29,221
65,8,1,first,40,10000,plus,29,4
65,8,1,first,40,10000,minus,30,302
65,8,1,first,40,10000,plus,30,6
65,8,1,first,40,10000,minus,31,340
65,8,1,first,40,10000,plus,31,35
65,8,1,first,40,10000,minus,32,494
65,8,1,first,40,10000,plus,32,37
65,8,1,first,40,10000,minus,33,638
65,8,1,first,40,10000,plus,33,65
65,8,1,first,40,10000,minus,34,783
65,8,1,first,40,10000,plus,34,135
65,8,1,first,40,10000,minus,35,888
65,8,1,first,40,10000,plus,35,211
65,8,1,first,40,10000,minus,36,970
65,8,1,first,40,10000,plus,36,330
65,8,1,first,40,10000,minus,37,1008
65,8,1,first,40,10000,plus,37,460
65,8,1,first,40,10000,minus,38,991
65,8,1,first,40,10000,plus,38,602
65,8,1,first,40,10000,minus,39,916
65,8,1,first,40,10000,plus,39,818
65,8,1,first,40,10000,minus,40,689
65,8,1,first,40,10000,plus,40,1029
65,8,1,first,40,10000,minus,41,524
65,8,1,first,40,10000,plus,41,1075
65,8,1,first,40,10000,minus,42,367
65,8,1,first,40,10000,plus,42,1061
65,8,1,first,40,10000,minus,43,193
65,8,1,first,40,10000,plus,43,1000
65,8,1,first,40,10000,minus,44,128
65,8,1,first,40,10000,plus,44,824
65,8,1,first,40,10000,minus,45,76
65,8,1,first,40,10000,plus,45,713
65,8,1,first,40,10000,minus,46,42
65,8,1,first,40,10000,plus,46,522
65,8,1,first,40,10000,minus,47,12
65,8,1,first,40,10000,plus,47,395
65,8,1,first,40,10000,minus,48,10
65,8,1,first,40,10000,plus,48,262
65,8,1,first,40,10000,minus,49,2
65,8,1,first,40,10000,plus,49,166
65,8,1,first,40,10000,plus,50,116
65,8,1,first,40,10000,plus,51,63
65,8,1,first,40,10000,plus,52,38
65,8,1,first,40,10000,plus,53,14
65,8,1,first,40,10000,plus,54,11
65,8,1,first,40,10000,plus,55,5
65,8,1,first,40,10000,plus,56,1
65,8,1,first,40,10000,plus,57,1
65,7,4,second,40,10000,minus,17,1
65,7,4,second,40,10000,minus,18,1
65,7,4,second,40,10000,minus,19,2
65,7,4,second,40,10000,minus,20,3
65,7,4,second,40,10000,minus,21,6
65,7,4,second,40,10000,minus,22,7
65,7,4,second,40,10000,minus,23,20
65,7,4,second,40,10000,minus,24,26
65,7,4,second,40,10000,minus,25,31
65,7,4,second,40,10000,minus,26,60
65,7,4,second,40,10000,minus,27,87
65,7,4,second,40,10000,plus,27,3
65,7,4,second,40,10000,minus,28,140
65,7,4,second,40,10000,plus,28,3
65,7,4,second,40,10000,minus,29,231
65,7,4,second,40,10000,plus,29,3
65,7,4,second,40,10000,minus,30,293
65,7,4,second,40,10000,plus,30,11
65,7,4,second,40,10000,minus,31,379
65,7,4,second,40,10000,plus,31,18
65,7,4,second,40,10000,minus,32,497
65,7,4,second,40,10000,plus,32,38
65,7,4,second,40,10000,minus,33,628
65,7,4,second,40,10000,plus,33,72
65,7,4,second,40,10000,minus,34,806
65,7,4,second,40,10000,plus,34,104
65,7,4,second,40,10000,minus,35,871
65,7,4,second,40,10000,plus,35,242
65,7,4,second,40,10000,minus,36,950
65,7,4,second,40,10000,plus,36,321
65,7,4,second,40,10000,minus,37,1040
65,7,4,second,40,10000,plus,37,505
65,7,4,second,40,10000,minus,38,927
65,7,4,second,40,10000,plus,38,660
65,7,4,second,40,10000,minus,39,886
65,7,4,second,40,10000,plus,39,830
65,7,4,second,40,10000,minus,40,709
65,7,4,second,40,10000,plus,40,943
65,7,4,second,40,10000,minus,41,535
65,7,4,second,40,10000,plus,41,1048
65,7,4,second,40,10000,minus,42,369
65,7,4,second,40,10000,plus,42,1084
65,7,4,second,40,10000,minus,43,230
65,7,4,second,40,10000,plus,43,995
65,7,4,second,40,10000,minus,44,132
65,7,4,second,40,10000,plus,44,844
65,7,4,second,40,10000,minus,45,73
65,7,4,second,40,10000,plus,45,647
65,7,4,second,40,10000,minus,46,35
65,7,4,second,40,10000,plus,46,523
65,7,4,second,40,10000,minus,47,17
65,7,4,second,40,10000,plus,47,393
65,7,4,second,40,10000,minus,48,7
65,7,4,second,40,10000,plus,48,259
65,7,4,second,40,10000,minus,49,1
65,7,4,second,40,10000,plus,49,193
65,7,4,second,40,10000,plus,50,123
65,7,4,second,40,10000,plus,51,48
65,7,4,second,40,10000,plus,52,47
65,7,4,second,40,10000,plus,53,26
65,7,4,second,40,10000,plus,54,11
65,7,4,second,40,10000,plus,55,5
65,7,4,second,40,10000,plus,56,1
65,8,1,first,41,10000,minus,14,1
65,8,1,first,41,10000,minus,17,1
65,8,1,first,41,10000,minus,18,1
65,8,1,first,41,10000,minus,19,3
65,8,1,first,41,10000,minus,20,3
65,8,1,first,41,10000,minus,21,9
65,8,1,first,41,10000,minus,22,15
65,8,1,first,41,10000,minus,23,14
65,8,1,first,41,10000,minus,24,31
65,8,1,first,41,10000,minus,25,29
65,8,1,first,41,10000,minus,26,60
65,8,1,first,41,10000,plus,26,1
65,8,1,first,41,10000,minus,27,91
65,8,1,first,41,10000,plus,27,1
65,8,1,first,41,10000,minus,28,132
65,8,1,first,41,10000,plus,28,1
65,8,1,first,41,10000,minus,29,196
65,8,1,first,41,10000,plus,29,5
65,8,1,first,41,10000,minus,30,323
65,8,1,first,41,10000,plus,30,9
65,8,1,first,41,10000,minus,31,385
65,8,1,first,41,10000,plus,31,19
65,8,1,first,41,10000,minus,32,506
65,8,1,first,41,10000,plus,32,54
65,8,1,first,41,10000,minus,33,639
65,8,1,first,41,10000,plus,33,65
65,8,1,first,41,10000,minus,34,767
65,8,1,first,41,10000,plus,34,144
65,8,1,first,41,10000,minus,35,889
65,8,1,first,41,10000,plus,35,227
65,8,1,first,41,10000,minus,36,918
65,8,1,first,41,10000,plus,36,327
65,8,1,first,41,10000,minus,37,1028
65,8,1,first,41,10000,plus,37,493
65,8,1,first,41,10000,minus,38,1023
65,8,1,first,41,10000,plus,38,712
65,8,1,first,41,10000,minus,39,844
65,8,1,first,41,10000,plus,39,804
65,8,1,first,41,10000,minus,40,672
65,8,1,first,41,10000,plus,40,1003
65,8,1,first,41,10000,minus,41,511
65,8,1,first,41,10000,plus,41,969
65,8,1,first,41,10000,minus,42,393
65,8,1,first,41,10000,plus,42,1043
65,8,1,first,41,10000,minus,43,250
65,8,1,first,41,10000,plus,43,962
65,8,1,first,41,10000,minus,44,134
65,8,1,first,41,10000,plus,44,871
65,8,1,first,41,10000,minus,45,78
65,8,1,first,41,10000,plus,45,669
65,8,1,first,41,10000,minus,46,36
65,8,1,first,41,10000,plus,46,551
65,8,1,first,41,10000,minus,47,12
65,8,1,first,41,10000,plus,47,367
65,8,1,first,41,10000,minus,48,5
65,8,1,first,41,10000,plus,48,265
65,8,1,first,41,10000,minus,49,1
65,8,1,first,41,10000,plus,49,200
65,8,1,first,41,10000,plus,50,126
65,8,1,first,41,10000,plus,51,52
65,8,1,first,41,10000,plus,52,34
65,8,1,first,41,10000,plus,53,11
65,8,1,first,41,10000,plus,54,6
65,8,1,first,41,10000,plus,55,7
65,8,1,first,41,10000,plus,56,2
65,7,4,second,41,10000,minus,18,1
65,7,4,second,41,10000,minus,19,1
65,7,4,second,41,10000,minus,20,1
65,7,4,second,41,10000,minus,21,3
65,7,4,second,41,10000,minus,22,5
65,7,4,second,41,10000,minus,23,15
65,7,4,second,41,10000,minus,24,22
65,7,4,second,41,10000,minus,25,42
65,7,4,second,41,10000,minus,26,61
65,7,4,second,41,10000,plus,26,1
65,7,4,second,41,10000,minus,27,93
65,7,4,second,41,10000,plus,27,1
65,7,4,second,41,10000,minus,28,141
65,7,4,second,41,10000,minus,29,187
65,7,4,second,41,10000,plus,29,6
65,7,4,second,41,10000,minus,30,262
65,7,4,second,41,10000,plus,30,13
65,7,4,second,41,10000,minus,31,397
65,7,4,second,41,10000,plus,31,11
65,7,4,second,41,10000,minus,32,497
65,7,4,second,41,10000,plus,32,35
65,7,4,second,41,10000,minus,33,685
65,7,4,second,41,10000,plus,33,81
65,7,4,second,41,10000,minus,34,738
65,7,4,second,41,10000,plus,34,130
65,7,4,second,41,10000,minus,35,869
65,7,4,second,41,10000,plus,35,233
65,7,4,second,41,10000,minus,36,972
65,7,4,second,41,10000,plus,36,347
65,7,4,second,41,10000,minus,37,1032
65,7,4,second,41,10000,plus,37,503
65,7,4,second,41,10000,minus,38,999
65,7,4,second,41,10000,plus,38,619
65,7,4,second,41,10000,minus,39,855
65,7,4,second,41,10000,plus,39,780
65,7,4,second,41,10000,minus,40,725
65,7,4,second,41,10000,plus,40,965
65,7,4,second,41,10000,minus,41,485
65,7,4,second,41,10000,plus,41,1048
65,7,4,second,41,10000,minus,42,389
65,7,4,second,41,10000,plus,42,1106
65,7,4,second,41,10000,minus,43,269
65,7,4,second,41,10000,plus,43,958
65,7,4,second,41,10000,minus,44,139
65,7,4,second,41,10000,plus,44,824
65,7,4,second,41,10000,minus,45,67
65,7,4,second,41,10000,plus,45,754
65,7,4,second,41,10000,minus,46,28
65,7,4,second,41,10000,plus,46,542
65,7,4,second,41,10000,minus,47,15
65,7,4,second,41,10000,plus,47,372
65,7,4,second,41,10000,minus,48,3
65,7,4,second,41,10000,plus,48,234
65,7,4,second,41,10000,minus,49,2
65,7,4,second,41,10000,plus,49,176
65,7,4,second,41,10000,plus,50,92
65,7,4,second,41,10000,plus,51,69
65,7,4,second,41,10000,plus,52,60
65,7,4,second,41,10000,plus,53,25
65,7,4,second,41,10000,plus,54,7
65,7,4,second,41,10000,plus,55,7
65,7,4,second,41,10000,plus,56,1
65,8,1,first,42,10000,minus,19,1
65,8,1,first,42,10000,minus,20,1
65,8,1,first,42,10000,minus,21,3
65,8,1,first,42,10000,minus,22,5
65,8,1,first,42,10000,minus,23,18
65,8,1,first,42,10000,minus,24,30
65,8,1,first,42,10000,minus,25,46
65,8,1,first,42,10000,minus,26,72
65,8,1,first,42,10000,plus,26,1
65,8,1,first,42,10000,minus,27,109
65,8,1,first,42,10000,minus,28,143
65,8,1,first,42,10000,plus,28,3
65,8,1,first,42,10000,minus,29,222
65,8,1,first,42,10000,plus,29,7
65,8,1,first,42,10000,minus,30,298
65,8,1,first,42,10000,plus,30,10
65,8,1,first,42,10000,minus,31,375
65,8,1,first,42,10000,plus,31,13
65,8,1,first,42,10000,minus,32,497
65,8,1,first,42,10000,plus,32,40
65,8,1,first,42,10000,minus,33,628
65,8,1,first,42,10000,plus,33,68
65,8,1,first,42,10000,minus,34,797
65,8,1,first,42,10000,plus,34,134
65,8,1,first,42,10000,minus,35,928
65,8,1,first,42,10000,plus,35,195
65,8,1,first,42,10000,minus,36,964
65,8,1,first,42,10000,plus,36,314
65,8,1,first,42,10000,minus,37,1032
65,8,1,first,42,10000,plus,37,541
65,8,1,first,42,10000,minus,38,934
65,8,1,first,42,10000,plus,38,656
65,8,1,first,42,10000,minus,39,788
65,8,1,first,42,10000,plus,39,881
65,8,1,first,42,10000,minus,40,747
65,8,1,first,42,10000,plus,40,978
65,8,1,first,42,10000,minus,41,528
65,8,1,first,42,10000,plus,41,1028
65,8,1,first,42,10000,minus,42,366
65,8,1,first,42,10000,plus,42,1031
65,8,1,first,42,10000,minus,43,205
65,8,1,first,42,10000,plus,43,943
65,8,1,first,42,10000,minus,44,142
65,8,1,first,42,10000,plus,44,849
65,8,1,first,42,10000,minus,45,65
65,8,1,first,42,10000,plus,45,710
65,8,1,first,42,10000,minus,46,30
65,8,1,first,42,10000,plus,46,566
65,8,1,first,42,10000,minus,47,18
65,8,1,first,42,10000,plus,47,374
65,8,1,first,42,10000,minus,48,6
65,8,1,first,42,10000,plus,48,249
65,8,1,first,42,10000,minus,49,2
65,8,1,first,42,10000,plus,49,182
65,8,1,first,42,10000,plus,50,95
65,8,1,first,42,10000,plus,51,65
65,8,1,first,42,10000,plus,52,37
65,8,1,first,42,10000,plus,53,17
65,8,1,first,42,10000,plus,54,10
65,8,1,first,42,10000,plus,55,3
65,7,4,second,42,10000,minus,19,2
65,7,4,second,42,10000,minus,20,3
65,7,4,second,42,10000,minus,21,3
65,7,4,second,42,10000,minus,22,10
65,7,4,second,42,10000,minus,23,12
65,7,4,second,42,10000,minus,24,19
65,7,4,second,42,10000,minus,25,25
65,7,4,second,42,10000,minus,26,55
65,7,4,second,42,10000,minus,27,96
65,7,4,second,42,10000,minus,28,123
65,7,4,second,42,10000,plus,28,2
65,7,4,second,42,10000,minus,29,211
65,7,4,second,42,10000,plus,29,3
65,7,4,second,42,10000,minus,30,288
65,7,4,second,42,10000,plus,30,13
65,7,4,second,42,10000,minus,31,397
65,7,4,second,42,10000,plus,31,15
65,7,4,second,42,10000,minus,32,493
65,7,4,second,42,10000,plus,32,46
65,7,4,second,42,10000,minus,33,612
65,7,4,second,42,10000,plus,33,66
65,7,4,second,42,10000,minus,34,762
65,7,4,second,42,10000,plus,34,118
65,7,4,second,42,10000,minus,35,882
65,7,4,second,42,10000,plus,35,201
65,7,4,second,42,10000,minus,36,1035
65,7,4,second,42,10000,plus,36,354
65,7,4,second,42,10000,minus,37,1061
65,7,4,second,42,10000,plus,37,472
65,7,4,second,42,10000,minus,38,960
65,7,4,second,42,10000,plus,38,715
65,7,4,second,42,10000,minus,39,888
65,7,4,second,42,10000,plus,39,831
65,7,4,second,42,10000,minus,40,693
65,7,4,second,42,10000,plus,40,983
65,7,4,second,42,10000,minus,41,551
65,7,4,second,42,10000,plus,41,1014
65,7,4,second,42,10000,minus,42,356
65,7,4,second,42,10000,plus,42,1005
65,7,4,second,42,10000,minus,43,229
65,7,4,second,42,10000,plus,43,977
65,7,4,second,42,10000,minus,44,130
65,7,4,second,42,10000,plus,44,883
65,7,4,second,42,10000,minus,45,54
65,7,4,second,42,10000,plus,45,687
65,7,4,second,42,10000,minus,46,25
65,7,4,second,42,10000,plus,46,518
65,7,4,second,42,10000,minus,47,20
65,7,4,second,42,10000,plus,47,367
65,7,4,second,42,10000,minus,48,3
65,7,4,second,42,10000,plus,48,285
65,7,4,second,42,10000,minus,49,2
65,7,4,second,42,10000,plus,49,180
65,7,4,second,42,10000,plus,50,112
65,7,4,second,42,10000,plus,51,69
65,7,4,second,42,10000,plus,52,51
65,7,4,second,42,10000,plus,53,15
65,7,4,second,42,10000,plus,54,11
65,7,4,second,42,10000,plus,55,3
65,7,4,second,42,10000,plus,56,4
65,8,1,first,43,10000,minus,16,2
65,8,1,first,43,10000,minus,19,2
65,8,1,first,43,10000,minus,20,3
65,8,1,first,43,10000,minus,21,4
65,8,1,first,43,10000,minus,22,9
65,8,1,first,43,10000,minus,23,24
65,8,1,first,43,10000,minus,24,42
65,8,1,first,43,10000,minus,25,46
65,8,1,first,43,10000,minus,26,75
65,8,1,first,43,10000,minus,27,111
65,8,1,first,43,10000,plus,27,1
65,8,1,first,43,10000,minus,28,150
65,8,1,first,43,10000,plus,28,5
65,8,1,first,43,10000,minus,29,191
65,8,1,first,43,10000,plus,29,7
65,8,1,first,43,10000,minus,30,280
65,8,1,first,43,10000,plus,30,8
65,8,1,first,43,10000,minus,31,380
65,8,1,first,43,10000,plus,31,19
65,8,1,first,43,10000,minus,32,498
65,8,1,first,43,10000,plus,32,39
65,8,1,first,43,10000,minus,33,670
65,8,1,first,43,10000,plus,33,67
65,8,1,first,43,10000,minus,34,814
65,8,1,first,43,10000,plus,34,122
65,8,1,first,43,10000,minus,35,914
65,8,1,first,43,10000,plus,35,231
65,8,1,first,43,10000,minus,36,991
65,8,1,first,43,10000,plus,36,337
65,8,1,first,43,10000,minus,37,993
65,8,1,first,43,10000,plus,37,508
65,8,1,first,43,10000,minus,38,932
65,8,1,first,43,10000,plus,38,707
65,8,1,first,43,10000,minus,39,857
65,8,1,first,43,10000,plus,39,862
65,8,1,first,43,10000,minus,40,659
65,8,1,first,43,10000,plus,40,1018
65,8,1,first,43,10000,minus,41,556
65,8,1,first,43,10000,plus,41,1033
65,8,1,first,43,10000,minus,42,333
65,8,1,first,43,10000,plus,42,1002
65,8,1,first,43,10000,minus,43,218
65,8,1,first,43,10000,plus,43,960
65,8,1,first,43,10000,minus,44,127
65,8,1,first,43,10000,plus,44,857
65,8,1,first,43,10000,minus,45,77
65,8,1,first,43,10000,plus,45,693
65,8,1,first,43,10000,minus,46,24
65,8,1,first,43,10000,plus,46,554
65,8,1,first,43,10000,minus,47,16
65,8,1,first,43,10000,plus,47,342
65,8,1,first,43,10000,minus,48,1
65,8,1,first,43,10000,plus,48,266
65,8,1,first,43,10000,minus,49,1
65,8,1,first,43,10000,plus,49,148
65,8,1,first,43,10000,plus,50,93
65,8,1,first,43,10000,plus,51,63
65,8,1,first,43,10000,plus,52,23
65,8,1,first,43,10000,plus,53,21
65,8,1,first,43,10000,plus,54,13
65,8,1,first,43,10000,plus,56,1
65,7,4,second,43,10000,minus,20,3
65,7,4,second,43,10000,minus,21,4
65,7,4,second,43,10000,minus,22,8
65,7,4,second,43,10000,minus,23,17
65,7,4,second,43,10000,minus,24,26
65,7,4,second,43,10000,minus,25,46
65,7,4,second,43,10000,plus,25,1
65,7,4,second,43,10000,minus,26,62
65,7,4,second,43,10000,minus,27,93
65,7,4,second,43,10000,minus,28,138
65,7,4,second,43,10000,plus,28,3
65,7,4,second,43,10000,minus,29,181
65,7,4,second,43,10000,plus,29,2
65,7,4,second,43,10000,minus,30,254
65,7,4,second,43,10000,plus,30,9
65,7,4,second,43,10000,minus,31,384
65,7,4,second,43,10000,plus,31,25
65,7,4,second,43,10000,minus,32,476
65,7,4,second,43,10000,plus,32,47
65,7,4,second,43,10000,minus,33,629
65,7,4,second,43,10000,plus,33,74
65,7,4,second,43,10000,minus,34,763
65,7,4,second,43,10000,plus,34,119
65,7,4,second,43,10000,minus,35,919
65,7,4,second,43,10000,plus,35,210
65,7,4,second,43,10000,minus,36,991
65,7,4,second,43,10000,plus,36,332
65,7,4,second,43,10000,minus,37,1000
65,7,4,second,43,10000,plus,37,471
65,7,4,second,43,10000,minus,38,965
65,7,4,second,43,10000,plus,38,682
65,7,4,second,43,10000,minus,39,834
65,7,4,second,43,10000,plus,39,802
65,7,4,second,43,10000,minus,40,751
65,7,4,second,43,10000,plus,40,934
65,7,4,second,43,10000,minus,41,571
65,7,4,second,43,10000,plus,41,1071
65,7,4,second,43,10000,minus,42,406
65,7,4,second,43,10000,plus,42,1063
65,7,4,second,43,10000,minus,43,235
65,7,4,second,43,10000,plus,43,933
65,7,4,second,43,10000,minus,44,125
65,7,4,second,43,10000,plus,44,806
65,7,4,second,43,10000,minus,45,65
65,7,4,second,43,10000,plus,45,729
65,7,4,second,43,10000,minus,46,33
65,7,4,second,43,10000,plus,46,549
65,7,4,second,43,10000,minus,47,10
65,7,4,second,43,10000,plus,47,427
65,7,4,second,43,10000,minus,48,9
65,7,4,second,43,10000,plus,48,253
65,7,4,second,43,10000,minus,49,2
65,7,4,second,43,10000,plus,49,203
65,7,4,second,43,10000,plus,50,112
65,7,4,second,43,10000,plus,51,64
65,7,4,second,43,10000,plus,52,53
65,7,4,second,43,10000,plus,53,9
65,7,4,second,43,10000,plus,54,12
65,7,4,second,43,10000,plus,55,5
65,8,1,first,44,10000,minus,16,1
65,8,1,first,44,10000,minus,18,1
65,8,1,first,44,10000,minus,20,3
65,8,1,first,44,10000,minus,21,4
65,8,1,first,44,10000,minus,22,13
65,8,1,first,44,10000,minus,23,19
65,8,1,first,44,10000,minus,24,21
65,8,1,first,44,10000,minus,25,58
65,8,1,first,44,10000,minus,26,77
65,8,1,first,44,10000,plus,26,1
65,8,1,first,44,10000,minus,27,83
65,8,1,first,44,10000,minus,28,147
65,8,1,first,44,10000,plus,28,1
65,8,1,first,44,10000,minus,29,190
65,8,1,first,44,10000,plus,29,3
65,8,1,first,44,10000,minus,30,255
65,8,1,first,44,10000,plus,30,5
65,8,1,first,44,10000,minus,31,381
65,8,1,first,44,10000,plus,31,20
65,8,1,first,44,10000,minus,32,523
65,8,1,first,44,10000,plus,32,31
65,8,1,first,44,10000,minus,33,649
65,8,1,first,44,10000,plus,33,64
65,8,1,first,44,10000,minus,34,720
65,8,1,first,44,10000,plus,34,109
65,8,1,first,44,10000,minus,35,913
65,8,1,first,44,10000,plus,35,175
65,8,1,first,44,10000,minus,36,1037
65,8,1,first,44,10000,plus,36,334
65,8,1,first,44,10000,minus,37,1009
65,8,1,first,44,10000,plus,37,490
65,8,1,first,44,10000,minus,38,912
65,8,1,first,44,10000,plus,38,675
65,8,1,first,44,10000,minus,39,887
65,8,1,first,44,10000,plus,39,875
65,8,1,first,44,10000,minus,40,668
65,8,1,first,44,10000,plus,40,973
65,8,1,first,44,10000,minus,41,575
65,8,1,first,44,10000,plus,41,1006
65,8,1,first,44,10000,minus,42,343
65,8,1,first,44,10000,plus,42,1095
65,8,1,first,44,10000,minus,43,235
65,8,1,first,44,10000,plus,43,1000
65,8,1,first,44,10000,minus,44,141
65,8,1,first,44,10000,plus,44,830
65,8,1,first,44,10000,minus,45,80
65,8,1,first,44,10000,plus,45,709
65,8,1,first,44,10000,minus,46,36
65,8,1,first,44,10000,plus,46,555
65,8,1,first,44,10000,minus,47,12
65,8,1,first,44,10000,plus,47,410
65,8,1,first,44,10000,minus,48,4
65,8,1,first,44,10000,plus,48,266
65,8,1,first,44,10000,minus,49,3
65,8,1,first,44,10000,plus,49,164
65,8,1,first,44,10000,plus,50,105
65,8,1,first,44,10000,plus,51,47
65,8,1,first,44,10000,plus,52,26
65,8,1,first,44,10000,plus,53,18
65,8,1,first,44,10000,plus,54,7
65,8,1,first,44,10000,plus,55,5
65,8,1,first,44,10000,plus,57,1
65,7,4,second,44,10000,minus,18,1
65,7,4,second,44,10000,minus,19,1
65,7,4,second,44,10000,minus,20,6
65,7,4,second,44,10000,minus,21,6
65,7,4,second,44,10000,minus,22,12
65,7,4,second,44,10000,minus,23,17
65,7,4,second,44,10000,minus,24,20
65,7,4,second,44,10000,minus,25,37
65,7,4,second,44,10000,minus,26,64
65,7,4,second,44,10000,minus,27,79
65,7,4,second,44,10000,plus,27,2
65,7,4,second,44,10000,minus,28,129
65,7,4,second,44,10000,plus,28,1
65,7,4,second,44,10000,minus,29,210
65,7,4,second,44,10000,plus,29,2
65,7,4,second,44,10000,minus,30,298
65,7,4,second,44,10000,plus,30,13
65,7,4,second,44,10000,minus,31,381
65,7,4,second,44,10000,plus,31,16
65,7,4,second,44,10000,minus,32,498
65,7,4,second,44,10000,plus,32,48
65,7,4,second,44,10000,minus,33,606
65,7,4,second,44,10000,plus,33,65
65,7,4,second,44,10000,minus,34,802
65,7,4,second,44,10000,plus,34,138
65,7,4,second,44,10000,minus,35,943
65,7,4,second,44,10000,plus,35,203
65,7,4,second,44,10000,minus,36,956
65,7,4,second,44,10000,plus,36,325
65,7,4,second,44,10000,minus,37,1026
65,7,4,second,44,10000,plus,37,493
65,7,4,second,44,10000,minus,38,955
65,7,4,second,44,10000,plus,38,713
65,7,4,second,44,10000,minus,39,878
65,7,4,second,44,10000,plus,39,860
65,7,4,second,44,10000,minus,40,714
65,7,4,second,44,10000,plus,40,927
65,7,4,second,44,10000,minus,41,544
65,7,4,second,44,10000,plus,41,1086
65,7,4,second,44,10000,minus,42,344
65,7,4,second,44,10000,plus,42,1023
65,7,4,second,44,10000,minus,43,218
65,7,4,second,44,10000,plus,43,941
65,7,4,second,44,10000,minus,44,139
65,7,4,second,44,10000,plus,44,826
65,7,4,second,44,10000,minus,45,62
65,7,4,second,44,10000,plus,45,669
65,7,4,second,44,10000,minus,46,33
65,7,4,second,44,10000,plus,46,564
65,7,4,second,44,10000,minus,47,11
65,7,4,second,44,10000,plus,47,386
65,7,4,second,44,10000,minus,48,4
65,7,4,second,44,10000,plus,48,246
65,7,4,second,44,10000,minus,49,5
65,7,4,second,44,10000,plus,49,209
65,7,4,second,44,10000,minus,50,1
65,7,4,second,44,10000,plus,50,93
65,7,4,second,44,10000,plus,51,65
65,7,4,second,44,10000,plus,52,40
65,7,4,second,44,10000,plus,53,22
65,7,4,second,44,10000,plus,54,13
65,7,4,second,44,10000,plus,55,5
65,7,4,second,44,10000,plus,56,5
65,7,4,second,44,10000,plus,57,1
65,8,1,first,45,10000,minus,17,1
65,8,1,first,45,10000,minus,18,2
65,8,1,first,45,10000,minus,19,3
65,8,1,first,45,10000,minus,20,1
65,8,1,first,45,10000,minus,21,7
65,8,1,first,45,10000,minus,22,14
65,8,1,first,45,10000,minus,23,20
65,8,1,first,45,10000,minus,24,34
65,8,1,first,45,10000,minus,25,46
65,8,1,first,45,10000,minus,26,57
65,8,1,first,45,10000,minus,27,100
65,8,1,first,45,10000,plus,27,1
65,8,1,first,45,10000,minus,28,160
65,8,1,first,45,10000,plus,28,1
65,8,1,first,45,10000,minus,29,232
65,8,1,first,45,10000,plus,29,4
65,8,1,first,45,10000,minus,30,248
65,8,1,first,45,10000,plus,30,11
65,8,1,first,45,10000,minus,31,399
65,8,1,first,45,10000,plus,31,12
65,8,1,first,45,10000,minus,32,520
65,8,1,first,45,10000,plus,32,39
65,8,1,first,45,10000,minus,33,642
65,8,1,first,45,10000,plus,33,78
65,8,1,first,45,10000,minus,34,783
65,8,1,first,45,10000,plus,34,124
65,8,1,first,45,10000,minus,35,848
65,8,1,first,45,10000,plus,35,221
65,8,1,first,45,10000,minus,36,1002
65,8,1,first,45,10000,plus,36,331
65,8,1,first,45,10000,minus,37,1004
65,8,1,first,45,10000,plus,37,463
65,8,1,first,45,10000,minus,38,883
65,8,1,first,45,10000,plus,38,690
65,8,1,first,45,10000,minus,39,902
65,8,1,first,45,10000,plus,39,799
65,8,1,first,45,10000,minus,40,686
65,8,1,first,45,10000,plus,40,970
65,8,1,first,45,10000,minus,41,523
65,8,1,first,45,10000,plus,41,1072
65,8,1,first,45,10000,minus,42,377
65,8,1,first,45,10000,plus,42,1059
65,8,1,first,45,10000,minus,43,218
65,8,1,first,45,10000,plus,43,998
65,8,1,first,45,10000,minus,44,142
65,8,1,first,45,10000,plus,44,847
65,8,1,first,45,10000,minus,45,74
65,8,1,first,45,10000,plus,45,677
65,8,1,first,45,10000,minus,46,42
65,8,1,first,45,10000,plus,46,556
65,8,1,first,45,10000,minus,47,17
65,8,1,first,45,10000,plus,47,387
65,8,1,first,45,10000,minus,48,12
65,8,1,first,45,10000,plus,48,243
65,8,1,first,45,10000,minus,49,1
65,8,1,first,45,10000,plus,49,181
65,8,1,first,45,10000,plus,50,113
65,8,1,first,45,10000,plus,51,65
65,8,1,first,45,10000,plus,52,34
65,8,1,first,45,10000,plus,53,11
65,8,1,first,45,10000,plus,54,6
65,8,1,first,45,10000,plus,55,5
65,8,1,first,45,10000,plus,56,1
65,8,1,first,45,10000,plus,57,1
65,7,4,second,45,10000,minus,18,1
65,7,4,second,45,10000,minus,20,4
65,7,4,second,45,10000,minus,21,2
65,7,4,second,45,10000,minus,22,8
65,7,4,second,45,10000,minus,23,17
65,7,4,second,45,10000,minus,24,20
65,7,4,second,45,10000,minus,25,44
65,7,4,second,45,10000,minus,26,70
65,7,4,second,45,10000,plus,26,1
65,7,4,second,45,10000,minus,27,105
65,7,4,second,45,10000,minus,28,142
65,7,4,second,45,10000,minus,29,230
65,7,4,second,45,10000,plus,29,7
65,7,4,second,45,10000,minus,30,291
65,7,4,second,45,10000,plus,30,4
65,7,4,second,45,10000,minus,31,385
65,7,4,second,45,10000,plus,31,22
65,7,4,second,45,10000,minus,32,511
65,7,4,second,45,10000,plus,32,41
65,7,4,second,45,10000,minus,33,672
65,7,4,second,45,10000,plus,33,67
65,7,4,second,45,10000,minus,34,768
65,7,4,second,45,10000,plus,34,148
65,7,4,second,45,10000,minus,35,891
65,7,4,second,45,10000,plus,35,216
65,7,4,second,45,10000,minus,36,987
65,7,4,second,45,10000,plus,36,342
65,7,4,second,45,10000,minus,37,983
65,7,4,second,45,10000,plus,37,471
65,7,4,second,45,10000,minus,38,964
65,7,4,second,45,10000,plus,38,703
65,7,4,second,45,10000,minus,39,833
65,7,4,second,45,10000,plus,39,811
65,7,4,second,45,10000,minus,40,724
65,7,4,second,45,10000,plus,40,955
65,7,4,second,45,10000,minus,41,512
65,7,4,second,45,10000,plus,41,1068
65,7,4,second,45,10000,minus,42,345
65,7,4,second,45,10000,plus,42,1038
65,7,4,second,45,10000,minus,43,242
65,7,4,second,45,10000,plus,43,970
65,7,4,second,45,10000,minus,44,136
65,7,4,second,45,10000,plus,44,809
65,7,4,second,45,10000,minus,45,63
65,7,4,second,45,10000,plus,45,721
65,7,4,second,45,10000,minus,46,34
65,7,4,second,45,10000,plus,46,494
65,7,4,second,45,10000,minus,47,10
65,7,4,second,45,10000,plus,47,402
65,7,4,second,45,10000,minus,48,3
65,7,4,second,45,10000,plus,48,271
65,7,4,second,45,10000,minus,49,3
65,7,4,second,45,10000,plus,49,188
65,7,4,second,45,10000,plus,50,124
65,7,4,second,45,10000,plus,51,60
65,7,4,second,45,10000,plus,52,32
65,7,4,second,45,10000,plus,53,17
65,7,4,second,45,10000,plus,54,11
65,7,4,second,45,10000,plus,55,4
65,7,4,second,45,10000,plus,56,3
65,8,1,first,46,10000,minus,15,1
65,8,1,first,46,10000,minus,17,1
65,8,1,first,46,10000,minus,18,3
65,8,1,first,46,10000,minus,19,3
65,8,1,first,46,10000,minus,20,5
65,8,1,first,46,10000,minus,21,6
65,8,1,first,46,10000,minus,22,13
65,8,1,first,46,10000,minus,23,14
65,8,1,first,46,10000,minus,24,26
65,8,1,first,46,10000,minus,25,38
65,8,1,first,46,10000,minus,26,65
65,8,1,first,46,10000,minus,27,97
65,8,1,first,46,10000,minus,28,128
65,8,1,first,46,10000,plus,28,2
65,8,1,first,46,10000,minus,29,216
65,8,1,first,46,10000,plus,29,1
65,8,1,first,46,10000,minus,30,288
65,8,1,first,46,10000,plus,30,11
65,8,1,first,46,10000,minus,31,413
65,8,1,first,46,10000,plus,31,23
65,8,1,first,46,10000,minus,32,480
65,8,1,first,46,10000,plus,32,35
65,8,1,first,46,10000,minus,33,642
65,8,1,first,46,10000,plus,33,77
65,8,1,first,46,10000,minus,34,752
65,8,1,first,46,10000,plus,34,125
65,8,1,first,46,10000,minus,35,866
65,8,1,first,46,10000,plus,35,219
65,8,1,first,46,10000,minus,36,1014
65,8,1,first,46,10000,plus,36,321
65,8,1,first,46,10000,minus,37,1011
65,8,1,first,46,10000,plus,37,432
65,8,1,first,46,10000,minus,38,930
65,8,1,first,46,10000,plus,38,638
65,8,1,first,46,10000,minus,39,883
65,8,1,first,46,10000,plus,39,810
65,8,1,first,46,10000,minus,40,685
65,8,1,first,46,10000,plus,40,977
65,8,1,first,46,10000,minus,41,575
65,8,1,first,46,10000,plus,41,1055
65,8,1,first,46,10000,minus,42,375
65,8,1,first,46,10000,plus,42,1068
65,8,1,first,46,10000,minus,43,220
65,8,1,first,46,10000,plus,43,992
65,8,1,first,46,10000,minus,44,141
65,8,1,first,46,10000,plus,44,871
65,8,1,first,46,10000,minus,45,63
65,8,1,first,46,10000,plus,45,725
65,8,1,first,46,10000,minus,46,29
65,8,1,first,46,10000,plus,46,560
65,8,1,first,46,10000,minus,47,11
65,8,1,first,46,10000,plus,47,388
65,8,1,first,46,10000,minus,48,4
65,8,1,first,46,10000,plus,48,280
65,8,1,first,46,10000,minus,49,1
65,8,1,first,46,10000,plus,49,164
65,8,1,first,46,10000,plus,50,87
65,8,1,first,46,10000,plus,51,66
65,8,1,first,46,10000,plus,52,39
65,8,1,first,46,10000,minus,53,1
65,8,1,first,46,10000,plus,53,17
65,8,1,first,46,10000,plus,54,11
65,8,1,first,46,10000,plus,55,5
65,8,1,first,46,10000,plus,56,1
65,7,4,second,46,10000,minus,20,1
65,7,4,second,46,10000,minus,21,2
65,7,4,second,46,10000,minus,22,8
65,7,4,second,46,10000,minus,23,17
65,7,4,second,46,10000,minus,24,32
65,7,4,second,46,10000,minus,25,42
65,7,4,second,46,10000,minus,26,75
65,7,4,second,46,10000,plus,26,2
65,7,4,second,46,10000,minus,27,89
65,7,4,second,46,10000,minus,28,127
65,7,4,second,46,10000,plus,28,1
65,7,4,second,46,10000,minus,29,208
65,7,4,second,46,10000,plus,29,3
65,7,4,second,46,10000,minus,30,287
65,7,4,second,46,10000,plus,30,9
65,7,4,second,46,10000,minus,31,389
65,7,4,second,46,10000,plus,31,20
65,7,4,second,46,10000,minus,32,477
65,7,4,second,46,10000,plus,32,43
65,7,4,second,46,10000,minus,33,627
65,7,4,second,46,10000,plus,33,93
65,7,4,second,46,10000,minus,34,807
65,7,4,second,46,10000,plus,34,127
65,7,4,second,46,10000,minus,35,866
65,7,4,second,46,10000,plus,35,204
65,7,4,second,46,10000,minus,36,921
65,7,4,second,46,10000,plus,36,334
65,7,4,second,46,10000,minus,37,1000
65,7,4,second,46,10000,plus,37,476
65,7,4,second,46,10000,minus,38,1006
65,7,4,second,46,10000,plus,38,602
65,7,4,second,46,10000,minus,39,852
65,7,4,second,46,10000,plus,39,817
65,7,4,second,46,10000,minus,40,712
65,7,4,second,46,10000,plus,40,998
65,7,4,second,46,10000,minus,41,555
65,7,4,second,46,10000,plus,41,1029
65,7,4,second,46,10000,minus,42,377
65,7,4,second,46,10000,plus,42,1048
65,7,4,second,46,10000,minus,43,226
65,7,4,second,46,10000,plus,43,931
65,7,4,second,46,10000,minus,44,144
65,7,4,second,46,10000,plus,44,854
65,7,4,second,46,10000,minus,45,88
65,7,4,second,46,10000,plus,45,733
65,7,4,second,46,10000,minus,46,37
65,7,4,second,46,10000,plus,46,577
65,7,4,second,46,10000,minus,47,17
65,7,4,second,46,10000,plus,47,373
65,7,4,second,46,10000,minus,48,7
65,7,4,second,46,10000,plus,48,299
65,7,4,second,46,10000,minus,49,3
65,7,4,second,46,10000,plus,49,177
65,7,4,second,46,10000,minus,50,1
65,7,4,second,46,10000,plus,50,125
65,7,4,second,46,10000,plus,51,52
65,7,4,second,46,10000,plus,52,44
65,7,4,second,46,10000,plus,53,18
65,7,4,second,46,10000,plus,54,6
65,7,4,second,46,10000,plus,55,4
65,7,4,second,46,10000,plus,56,1
65,8,1,first,47,10000,minus,17,1
65,8,1,first,47,10000,minus,18,2
65,8,1,first,47,10000,minus,20,2
65,8,1,first,47,10000,minus,21,4
65,8,1,first,47,10000,minus,22,7
65,8,1,first,47,10000,minus,23,20
65,8,1,first,47,10000,minus,24,22
65,8,1,first,47,10000,minus,25,37
65,8,1,first,47,10000,minus,26,76
65,8,1,first,47,10000,minus,27,106
65,8,1,first,47,10000,minus,28,146
65,8,1,first,47,10000,minus,29,182
65,8,1,first,47,10000,plus,29,4
65,8,1,first,47,10000,minus,30,303
65,8,1,first,47,10000,plus,30,10
65,8,1,first,47,10000,minus,31,381
65,8,1,first,47,10000,plus,31,24
65,8,1,first,47,10000,minus,32,486
65,8,1,first,47,10000,plus,32,42
65,8,1,first,47,10000,minus,33,649
65,8,1,first,47,10000,plus,33,74
65,8,1,first,47,10000,minus,34,807
65,8,1,first,47,10000,plus,34,115
65,8,1,first,47,10000,minus,35,887
65,8,1,first,47,10000,plus,35,252
65,8,1,first,47,10000,minus,36,969
65,8,1,first,47,10000,plus,36,347
65,8,1,first,47,10000,minus,37,1019
65,8,1,first,47,10000,plus,37,496
65,8,1,first,47,10000,minus,38,980
65,8,1,first,47,10000,plus,38,664
65,8,1,first,47,10000,minus,39,820
65,8,1,first,47,10000,plus,39,816
65,8,1,first,47,10000,minus,40,723
65,8,1,first,47,10000,plus,40,958
65,8,1,first,47,10000,minus,41,517
65,8,1,first,47,10000,plus,41,1063
65,8,1,first,47,10000,minus,42,360
65,8,1,first,47,10000,plus,42,1059
65,8,1,first,47,10000,minus,43,215
65,8,1,first,47,10000,plus,43,997
65,8,1,first,47,10000,minus,44,133
65,8,1,first,47,10000,plus,44,820
65,8,1,first,47,10000,minus,45,88
65,8,1,first,47,10000,plus,45,650
65,8,1,first,47,10000,minus,46,34
65,8,1,first,47,10000,plus,46,560
65,8,1,first,47,10000,minus,47,17
65,8,1,first,47,10000,plus,47,372
65,8,1,first,47,10000,minus,48,7
65,8,1,first,47,10000,plus,48,278
65,8,1,first,47,10000,plus,49,175
65,8,1,first,47,10000,plus,50,94
65,8,1,first,47,10000,plus,51,66
65,8,1,first,47,10000,plus,52,36
65,8,1,first,47,10000,plus,53,7
65,8,1,first,47,10000,plus,54,14
65,8,1,first,47,10000,plus,55,6
65,8,1,first,47,10000,plus,56,1
65,7,4,second,47,10000,minus,18,2
65,7,4,second,47,10000,minus,19,1
65,7,4,second,47,10000,minus,20,4
65,7,4,second,47,10000,minus,21,8
65,7,4,second,47,10000,minus,22,8
65,7,4,second,47,10000,minus,23,17
65,7,4,second,47,10000,minus,24,28
65,7,4,second,47,10000,minus,25,36
65,7,4,second,47,10000,minus,26,64
65,7,4,second,47,10000,minus,27,83
65,7,4,second,47,10000,minus,28,161
65,7,4,second,47,10000,minus,29,204
65,7,4,second,47,10000,plus,29,6
65,7,4,second,47,10000,minus,30,291
65,7,4,second,47,10000,plus,30,5
65,7,4,second,47,10000,minus,31,372
65,7,4,second,47,10000,plus,31,17
65,7,4,second,47,10000,minus,32,484
65,7,4,second,47,10000,plus,32,31
65,7,4,second,47,10000,minus,33,636
65,7,4,second,47,10000,plus,33,69
65,7,4,second,47,10000,minus,34,814
65,7,4,second,47,10000,plus,34,125
65,7,4,second,47,10000,minus,35,892
65,7,4,second,47,10000,plus,35,225
65,7,4,second,47,10000,minus,36,1001
65,7,4,second,47,10000,plus,36,336
65,7,4,second,47,10000,minus,37,1013
65,7,4,second,47,10000,plus,37,494
65,7,4,second,47,10000,minus,38,925
65,7,4,second,47,10000,plus,38,637
65,7,4,second,47,10000,minus,39,843
65,7,4,second,47,10000,plus,39,823
65,7,4,second,47,10000,minus,40,726
65,7,4,second,47,10000,plus,40,935
65,7,4,second,47,10000,minus,41,526
65,7,4,second,47,10000,plus,41,1030
65,7,4,second,47,10000,minus,42,388
65,7,4,second,47,10000,plus,42,1043
65,7,4,second,47,10000,minus,43,238
65,7,4,second,47,10000,plus,43,966
65,7,4,second,47,10000,minus,44,105
65,7,4,second,47,10000,plus,44,934
65,7,4,second,47,10000,minus,45,64
65,7,4,second,47,10000,plus,45,733
65,7,4,second,47,10000,minus,46,36
65,7,4,second,47,10000,plus,46,512
65,7,4,second,47,10000,minus,47,21
65,7,4,second,47,10000,plus,47,370
65,7,4,second,47,10000,minus,48,5
65,7,4,second,47,10000,plus,48,278
65,7,4,second,47,10000,minus,49,3
65,7,4,second,47,10000,plus,49,165
65,7,4,second,47,10000,minus,50,1
65,7,4,second,47,10000,plus,50,104
65,7,4,second,47,10000,plus,51,76
65,7,4,second,47,10000,plus,52,49
65,7,4,second,47,10000,plus,53,23
65,7,4,second,47,10000,plus,54,10
65,7,4,second,47,10000,plus,55,2
65,7,4,second,47,10000,plus,56,1
65,7,4,second,47,10000,plus,57,1
65,8,1,first,48,10000,minus,15,1
65,8,1,first,48,10000,minus,16,1
65,8,1,first,48,10000,minus,18,2
65,8,1,first,48,10000,minus,19,5
65,8,1,first,48,10000,minus,20,6
65,8,1,first,48,10000,minus,21,4
65,8,1,first,48,10000,minus,22,11
65,8,1,first,48,10000,minus,23,21
65,8,1,first,48,10000,minus,24,24
65,8,1,first,48,10000,minus,25,49
65,8,1,first,48,10000,minus,26,74
65,8,1,first,48,10000,minus,27,99
65,8,1,first,48,10000,plus,27,1
65,8,1,first,48,10000,minus,28,142
65,8,1,first,48,10000,plus,28,1
65,8,1,first,48,10000,minus,29,197
65,8,1,first,48,10000,plus,29,7
65,8,1,first,48,10000,minus,30,290
65,8,1,first,48,10000,plus,30,6
65,8,1,first,48,10000,minus,31,388
65,8,1,first,48,10000,plus,31,14
65,8,1,first,48,10000,minus,32,482
65,8,1,first,48,10000,plus,32,51
65,8,1,first,48,10000,minus,33,641
65,8,1,first,48,10000,plus,33,60
65,8,1,first,48,10000,minus,34,759
65,8,1,first,48,10000,plus,34,129
65,8,1,first,48,10000,minus,35,888
65,8,1,first,48,10000,plus,35,216
65,8,1,first,48,10000,minus,36,964
65,8,1,first,48,10000,plus,36,334
65,8,1,first,48,10000,minus,37,1014
65,8,1,first,48,10000,plus,37,509
65,8,1,first,48,10000,minus,38,955
65,8,1,first,48,10000,plus,38,650
65,8,1,first,48,10000,minus,39,875
65,8,1,first,48,10000,plus,39,846
65,8,1,first,48,10000,minus,40,713
65,8,1,first,48,10000,plus,40,980
65,8,1,first,48,10000,minus,41,531
65,8,1,first,48,10000,plus,41,1011
65,8,1,first,48,10000,minus,42,378
65,8,1,first,48,10000,plus,42,1057
65,8,1,first,48,10000,minus,43,226
65,8,1,first,48,10000,plus,43,984
65,8,1,first,48,10000,minus,44,135
65,8,1,first,48,10000,plus,44,903
65,8,1,first,48,10000,minus,45,72
65,8,1,first,48,10000,plus,45,683
65,8,1,first,48,10000,minus,46,35
65,8,1,first,48,10000,plus,46,531
65,8,1,first,48,10000,minus,47,13
65,8,1,first,48,10000,plus,47,363
65,8,1,first,48,10000,minus,48,2
65,8,1,first,48,10000,plus,48,253
65,8,1,first,48,10000,minus,49,2
65,8,1,first,48,10000,plus,49,162
65,8,1,first,48,10000,minus,50,1
65,8,1,first,48,10000,plus,50,117
65,8,1,first,48,10000,plus,51,74
65,8,1,first,48,10000,plus,52,33
65,8,1,first,48,10000,plus,53,18
65,8,1,first,48,10000,plus,54,5
65,8,1,first,48,10000,plus,55,1
65,8,1,first,48,10000,plus,56,1
65,7,4,second,48,10000,minus,18,1
65,7,4,second,48,10000,minus,19,1
65,7,4,second,48,10000,minus,20,7
65,7,4,second,48,10000,minus,21,3
65,7,4,second,48,10000,minus,22,8
65,7,4,second,48,10000,minus,23,8
65,7,4,second,48,10000,minus,24,25
65,7,4,second,48,10000,minus,25,44
65,7,4,second,48,10000,minus,26,67
65,7,4,second,48,10000,minus,27,99
65,7,4,second,48,10000,minus,28,137
65,7,4,second,48,10000,plus,28,2
65,7,4,second,48,10000,minus,29,207
65,7,4,second,48,10000,plus,29,4
65,7,4,second,48,10000,minus,30,283
65,7,4,second,48,10000,plus,30,13
65,7,4,second,48,10000,minus,31,391
65,7,4,second,48,10000,plus,31,16
65,7,4,second,48,10000,minus,32,494
65,7,4,second,48,10000,plus,32,36
65,7,4,second,48,10000,minus,33,644
65,7,4,second,48,10000,plus,33,83
65,7,4,second,48,10000,minus,34,710
65,7,4,second,48,10000,plus,34,131
65,7,4,second,48,10000,minus,35,871
65,7,4,second,48,10000,plus,35,196
65,7,4,second,48,10000,minus,36,973
65,7,4,second,48,10000,plus,36,312
65,7,4,second,48,10000,minus,37,1034
65,7,4,second,48,10000,plus,37,489
65,7,4,second,48,10000,minus,38,1009
65,7,4,second,48,10000,plus,38,649
65,7,4,second,48,10000,minus,39,835
65,7,4,second,48,10000,plus,39,861
65,7,4,second,48,10000,minus,40,727
65,7,4,second,48,10000,plus,40,1007
65,7,4,second,48,10000,minus,41,567
65,7,4,second,48,10000,plus,41,1023
65,7,4,second,48,10000,minus,42,359
65,7,4,second,48,10000,plus,42,1064
65,7,4,second,48,10000,minus,43,245
65,7,4,second,48,10000,plus,43,963
65,7,4,second,48,10000,minus,44,135
65,7,4,second,48,10000,plus,44,838
65,7,4,second,48,10000,minus,45,68
65,7,4,second,48,10000,plus,45,701
65,7,4,second,48,10000,minus,46,32
65,7,4,second,48,10000,plus,46,518
65,7,4,second,48,10000,minus,47,9
65,7,4,second,48,10000,plus,47,395
65,7,4,second,48,10000,minus,48,6
65,7,4,second,48,10000,plus,48,265
65,7,4,second,48,10000,plus,49,181
65,7,4,second,48,10000,minus,50,1
65,7,4,second,48,10000,plus,50,108
65,7,4,second,48,10000,plus,51,70
65,7,4,second,48,10000,plus,52,38
65,7,4,second,48,10000,plus,53,17
65,7,4,second,48,10000,plus,54,10
65,7,4,second,48,10000,plus,55,4
65,7,4,second,48,10000,plus,56,4
65,7,4,second,48,10000,plus,57,2
65,8,1,first,49,10000,minus,14,2
65,8,1,first,49,10000,minus,16,1
65,8,1,first,49,10000,minus,17,1
65,8,1,first,49,10000,minus,18,1
65,8,1,first,49,10000,minus,19,3
65,8,1,first,49,10000,minus,20,2
65,8,1,first,49,10000,minus,21,4
65,8,1,first,49,10000,minus,22,12
65,8,1,first,49,10000,minus,23,20
65,8,1,first,49,10000,minus,24,33
65,8,1,first,49,10000,minus,25,48
65,8,1,first,49,10000,minus,26,65
65,8,1,first,49,10000,plus,26,1
65,8,1,first,49,10000,minus,27,93
65,8,1,first,49,10000,minus,28,155
65,8,1,first,49,10000,plus,28,2
65,8,1,first,49,10000,minus,29,202
65,8,1,first,49,10000,plus,29,4
65,8,1,first,49,10000,minus,30,288
65,8,1,first,49,10000,plus,30,6
65,8,1,first,49,10000,minus,31,404
65,8,1,first,49,10000,plus,31,16
65,8,1,first,49,10000,minus,32,499
65,8,1,first,49,10000,plus,32,38
65,8,1,first,49,10000,minus,33,641
65,8,1,first,49,10000,plus,33,77
65,8,1,first,49,10000,minus,34,753
65,8,1,first,49,10000,plus,34,154
65,8,1,first,49,10000,minus,35,856
65,8,1,first,49,10000,plus,35,224
65,8,1,first,49,10000,minus,36,923
65,8,1,first,49,10000,plus,36,317
65,8,1,first,49,10000,minus,37,1000
65,8,1,first,49,10000,plus,37,438
65,8,1,first,49,10000,minus,38,985
65,8,1,first,49,10000,plus,38,696
65,8,1,first,49,10000,minus,39,872
65,8,1,first,49,10000,plus,39,805
65,8,1,first,49,10000,minus,40,743
65,8,1,first,49,10000,plus,40,943
65,8,1,first,49,10000,minus,41,507
65,8,1,first,49,10000,plus,41,1066
65,8,1,first,49,10000,minus,42,385
65,8,1,first,49,10000,plus,42,1010
65,8,1,first,49,10000,minus,43,243
65,8,1,first,49,10000,plus,43,1017
65,8,1,first,49,10000,minus,44,127
65,8,1,first,49,10000,plus,44,873
65,8,1,first,49,10000,minus,45,72
65,8,1,first,49,10000,plus,45,682
65,8,1,first,49,10000,minus,46,34
65,8,1,first,49,10000,plus,46,551
65,8,1,first,49,10000,minus,47,15
65,8,1,first,49,10000,plus,47,390
65,8,1,first,49,10000,minus,48,7
65,8,1,first,49,10000,plus,48,296
65,8,1,first,49,10000,minus,49,3
65,8,1,first,49,10000,plus,49,144
65,8,1,first,49,10000,minus,50,1
65,8,1,first,49,10000,plus,50,116
65,8,1,first,49,10000,plus,51,66
65,8,1,first,49,10000,plus,52,33
65,8,1,first,49,10000,plus,53,21
65,8,1,first,49,10000,plus,54,10
65,8,1,first,49,10000,plus,55,2
65,8,1,first,49,10000,plus,56,2
65,7,4,second,49,10000,minus,15,1
65,7,4,second,49,10000,minus,20,1
65,7,4,second,49,10000,minus,21,5
65,7,4,second,49,10000,minus,22,8
65,7,4,second,49,10000,minus,23,16
65,7,4,second,49,10000,minus,24,26
65,7,4,second,49,10000,minus,25,48
65,7,4,second,49,10000,minus,26,62
65,7,4,second,49,10000,minus,27,95
65,7,4,second,49,10000,plus,27,1
65,7,4,second,49,10000,minus,28,130
65,7,4,second,49,10000,plus,28,3
65,7,4,second,49,10000,minus,29,209
65,7,4,second,49,10000,plus,29,3
65,7,4,second,49,10000,minus,30,255
65,7,4,second,49,10000,plus,30,8
65,7,4,second,49,10000,minus,31,417
65,7,4,second,49,10000,plus,31,14
65,7,4,second,49,10000,minus,32,493
65,7,4,second,49,10000,plus,32,46
65,7,4,second,49,10000,minus,33,657
65,7,4,second,49,10000,plus,33,75
65,7,4,second,49,10000,minus,34,745
65,7,4,second,49,10000,plus,34,127
65,7,4,second,49,10000,minus,35,929
65,7,4,second,49,10000,plus,35,242
65,7,4,second,49,10000,minus,36,974
65,7,4,second,49,10000,plus,36,343
65,7,4,second,49,10000,minus,37,996
65,7,4,second,49,10000,plus,37,470
65,7,4,second,49,10000,minus,38,1004
65,7,4,second,49,10000,plus,38,691
65,7,4,second,49,10000,minus,39,865
65,7,4,second,49,10000,plus,39,775
65,7,4,second,49,10000,minus,40,691
65,7,4,second,49,10000,plus,40,977
65,7,4,second,49,10000,minus,41,527
65,7,4,second,49,10000,plus,41,1001
65,7,4,second,49,10000,minus,42,324
65,7,4,second,49,10000,plus,42,1040
65,7,4,second,49,10000,minus,43,237
65,7,4,second,49,10000,plus,43,961
65,7,4,second,49,10000,minus,44,143
65,7,4,second,49,10000,plus,44,835
65,7,4,second,49,10000,minus,45,83
65,7,4,second,49,10000,plus,45,742
65,7,4,second,49,10000,minus,46,32
65,7,4,second,49,10000,plus,46,538
65,7,4,second,49,10000,minus,47,18
65,7,4,second,49,10000,plus,47,383
65,7,4,second,49,10000,minus,48,7
65,7,4,second,49,10000,plus,48,276
65,7,4,second,49,10000,minus,49,2
65,7,4,second,49,10000,plus,49,197
65,7,4,second,49,10000,plus,50,111
65,7,4,second,49,10000,plus,51,72
65,7,4,second,49,10000,plus,52,24
65,7,4,second,49,10000,plus,53,23
65,7,4,second,49,10000,plus,54,14
65,7,4,second,49,10000,plus,55,7
65,7,4,second,49,10000,plus,56,1
65,8,1,first,50,10000,minus,14,1
65,8,1,first,50,10000,minus,19,3
65,8,1,first,50,10000,minus,20,2
65,8,1,first,50,10000,minus,21,6
65,8,1,first,50,10000,minus,22,17
65,8,1,first,50,10000,minus,23,14
65,8,1,first,50,10000,minus,24,33
65,8,1,first,50,10000,minus,25,42
65,8,1,first,50,10000,minus,26,73
65,8,1,first,50,10000,minus,27,94
65,8,1,first,50,10000,plus,27,1
65,8,1,first,50,10000,minus,28,156
65,8,1,first,50,10000,plus,28,1
65,8,1,first,50,10000,minus,29,228
65,8,1,first,50,10000,plus,29,6
65,8,1,first,50,10000,minus,30,271
65,8,1,first,50,10000,plus,30,7
65,8,1,first,50,10000,minus,31,387
65,8,1,first,50,10000,plus,31,18
65,8,1,first,50,10000,minus,32,484
65,8,1,first,50,10000,plus,32,42
65,8,1,first,50,10000,minus,33,650
65,8,1,first,50,10000,plus,33,80
65,8,1,first,50,10000,minus,34,788
65,8,1,first,50,10000,plus,34,137
65,8,1,first,50,10000,minus,35,907
65,8,1,first,50,10000,plus,35,190
65,8,1,first,50,10000,minus,36,960
65,8,1,first,50,10000,plus,36,309
65,8,1,first,50,10000,minus,37,1047
65,8,1,first,50,10000,plus,37,528
65,8,1,first,50,10000,minus,38,947
65,8,1,first,50,10000,plus,38,659
65,8,1,first,50,10000,minus,39,823
65,8,1,first,50,10000,plus,39,852
65,8,1,first,50,10000,minus,40,686
65,8,1,first,50,10000,plus,40,943
65,8,1,first,50,10000,minus,41,541
65,8,1,first,50,10000,plus,41,1073
65,8,1,first,50,10000,minus,42,382
65,8,1,first,50,10000,plus,42,1022
65,8,1,first,50,10000,minus,43,208
65,8,1,first,50,10000,plus,43,980
65,8,1,first,50,10000,minus,44,134
65,8,1,first,50,10000,plus,44,840
65,8,1,first,50,10000,minus,45,62
65,8,1,first,50,10000,plus,45,666
65,8,1,first,50,10000,minus,46,32
65,8,1,first,50,10000,plus,46,527
65,8,1,first,50,10000,minus,47,18
65,8,1,first,50,10000,plus,47,414
65,8,1,first,50,10000,minus,48,3
65,8,1,first,50,10000,plus,48,272
65,8,1,first,50,10000,minus,49,1
65,8,1,first,50,10000,plus,49,193
65,8,1,first,50,10000,plus,50,119
65,8,1,first,50,10000,plus,51,64
65,8,1,first,50,10000,plus,52,36
65,8,1,first,50,10000,plus,53,13
65,8,1,first,50,10000,plus,54,5
65,8,1,first,50,10000,plus,55,2
65,8,1,first,50,10000,plus,56,1
65,7,4,second,50,10000,minus,18,2
65,7,4,second,50,10000,minus,20,3
65,7,4,second,50,10000,minus,21,11
65,7,4,second,50,10000,minus,22,9
65,7,4,second,50,10000,minus,23,9
65,7,4,second,50,10000,minus,24,28
65,7,4,second,50,10000,minus,25,46
65,7,4,second,50,10000,minus,26,37
65,7,4,second,50,10000,plus,26,2
65,7,4,second,50,10000,minus,27,83
65,7,4,second,50,10000,plus,27,1
65,7,4,second,50,10000,minus,28,134
65,7,4,second,50,10000,plus,28,1
65,7,4,second,50,10000,minus,29,200
65,7,4,second,50,10000,plus,29,4
65,7,4,second,50,10000,minus,30,311
65,7,4,second,50,10000,plus,30,9
65,7,4,second,50,10000,minus,31,354
65,7,4,second,50,10000,plus,31,14
65,7,4,second,50,10000,minus,32,517
65,7,4,second,50,10000,plus,32,31
65,7,4,second,50,10000,minus,33,656
65,7,4,second,50,10000,plus,33,75
65,7,4,second,50,10000,minus,34,784
65,7,4,second,50,10000,plus,34,119
65,7,4,second,50,10000,minus,35,896
65,7,4,second,50,10000,plus,35,187
65,7,4,second,50,10000,minus,36,970
65,7,4,second,50,10000,plus,36,335
65,7,4,second,50,10000,minus,37,1004
65,7,4,second,50,10000,plus,37,484
65,7,4,second,50,10000,minus,38,955
65,7,4,second,50,10000,plus,38,658
65,7,4,second,50,10000,minus,39,873
65,7,4,second,50,10000,plus,39,835
65,7,4,second,50,10000,minus,40,721
65,7,4,second,50,10000,plus,40,963
65,7,4,second,50,10000,minus,41,538
65,7,4,second,50,10000,plus,41,1067
65,7,4,second,50,10000,minus,42,364
65,7,4,second,50,10000,plus,42,1049
65,7,4,second,50,10000,minus,43,236
65,7,4,second,50,10000,plus,43,966
65,7,4,second,50,10000,minus,44,134
65,7,4,second,50,10000,plus,44,876
65,7,4,second,50,10000,minus,45,66
65,7,4,second,50,10000,plus,45,719
65,7,4,second,50,10000,minus,46,30
65,7,4,second,50,10000,plus,46,527
65,7,4,second,50,10000,minus,47,18
65,7,4,second,50,10000,plus,47,385
65,7,4,second,50,10000,minus,48,7
65,7,4,second,50,10000,plus,48,257
65,7,4,second,50,10000,minus,49,2
65,7,4,second,50,10000,plus,49,174
65,7,4,second,50,10000,minus,50,2
65,7,4,second,50,10000,plus,50,117
65,7,4,second,50,10000,plus,51,72
65,7,4,second,50,10000,plus,52,35
65,7,4,second,50,10000,plus,53,18
65,7,4,second,50,10000,plus,54,9
65,7,4,second,50,10000,plus,55,7
65,7,4,second,50,10000,plus,56,2
65,7,4,second,50,10000,plus,57,2
65,8,1,first,51,10000,minus,18,3
65,8,1,first,51,10000,minus,20,5
65,8,1,first,51,10000,minus,21,8
65,8,1,first,51,10000,minus,22,8
65,8,1,first,51,10000,minus,23,15
65,8,1,first,51,10000,minus,24,37
65,8,1,first,51,10000,minus,25,49
65,8,1,first,51,10000,minus,26,64
65,8,1,first,51,10000,plus,26,1
65,8,1,first,51,10000,minus,27,93
65,8,1,first,51,10000,plus,27,3
65,8,1,first,51,10000,minus,28,142
65,8,1,first,51,10000,plus,28,1
65,8,1,first,51,10000,minus,29,221
65,8,1,first,51,10000,plus,29,2
65,8,1,first,51,10000,minus,30,272
65,8,1,first,51,10000,plus,30,10
65,8,1,first,51,10000,minus,31,384
65,8,1,first,51,10000,plus,31,26
65,8,1,first,51,10000,minus,32,503
65,8,1,first,51,10000,plus,32,35
65,8,1,first,51,10000,minus,33,642
65,8,1,first,51,10000,plus,33,78
65,8,1,first,51,10000,minus,34,770
65,8,1,first,51,10000,plus,34,149
65,8,1,first,51,10000,minus,35,930
65,8,1,first,51,10000,plus,35,210
65,8,1,first,51,10000,minus,36,942
65,8,1,first,51,10000,plus,36,352
65,8,1,first,51,10000,minus,37,942
65,8,1,first,51,10000,plus,37,471
65,8,1,first,51,10000,minus,38,963
65,8,1,first,51,10000,plus,38,618
65,8,1,first,51,10000,minus,39,910
65,8,1,first,51,10000,plus,39,806
65,8,1,first,51,10000,minus,40,691
65,8,1,first,51,10000,plus,40,1040
65,8,1,first,51,10000,minus,41,527
65,8,1,first,51,10000,plus,41,1076
65,8,1,first,51,10000,minus,42,403
65,8,1,first,51,10000,plus,42,1022
65,8,1,first,51,10000,minus,43,213
65,8,1,first,51,10000,plus,43,956
65,8,1,first,51,10000,minus,44,128
65,8,1,first,51,10000,plus,44,830
65,8,1,first,51,10000,minus,45,78
65,8,1,first,51,10000,plus,45,695
65,8,1,first,51,10000,minus,46,38
65,8,1,first,51,10000,plus,46,556
65,8,1,first,51,10000,minus,47,13
65,8,1,first,51,10000,plus,47,368
65,8,1,first,51,10000,minus,48,5
65,8,1,first,51,10000,plus,48,247
65,8,1,first,51,10000,plus,49,193
65,8,1,first,51,10000,minus,50,1
65,8,1,first,51,10000,plus,50,111
65,8,1,first,51,10000,plus,51,54
65,8,1,first,51,10000,plus,52,46
65,8,1,first,51,10000,plus,53,26
65,8,1,first,51,10000,plus,54,11
65,8,1,first,51,10000,plus,55,6
65,8,1,first,51,10000,plus,56,1
65,7,4,second,51,10000,minus,20,1
65,7,4,second,51,10000,minus,22,6
65,7,4,second,51,10000,minus,23,12
65,7,4,second,51,10000,minus,24,29
65,7,4,second,51,10000,minus,25,32
65,7,4,second,51,10000,minus,26,65
65,7,4,second,51,10000,minus,27,94
65,7,4,second,51,10000,minus,28,135
65,7,4,second,51,10000,plus,28,1
65,7,4,second,51,10000,minus,29,254
65,7,4,second,51,10000,plus,29,5
65,7,4,second,51,10000,minus,30,312
65,7,4,second,51,10000,plus,30,10
65,7,4,second,51,10000,minus,31,382
65,7,4,second,51,10000,plus,31,16
65,7,4,second,51,10000,minus,32,471
65,7,4,second,51,10000,plus,32,43
65,7,4,second,51,10000,minus,33,593
65,7,4,second,51,10000,plus,33,69
65,7,4,second,51,10000,minus,34,781
65,7,4,second,51,10000,plus,34,141
65,7,4,second,51,10000,minus,35,927
65,7,4,second,51,10000,plus,35,195
65,7,4,second,51,10000,minus,36,965
65,7,4,second,51,10000,plus,36,317
65,7,4,second,51,10000,minus,37,1086
65,7,4,second,51,10000,plus,37,469
65,7,4,second,51,10000,minus,38,893
65,7,4,second,51,10000,plus,38,646
65,7,4,second,51,10000,minus,39,873
65,7,4,second,51,10000,plus,39,863
65,7,4,second,51,10000,minus,40,706
65,7,4,second,51,10000,plus,40,962
65,7,4,second,51,10000,minus,41,516
65,7,4,second,51,10000,plus,41,1040
65,7,4,second,51,10000,minus,42,374
65,7,4,second,51,10000,plus,42,1083
65,7,4,second,51,10000,minus,43,219
65,7,4,second,51,10000,plus,43,952
65,7,4,second,51,10000,minus,44,137
65,7,4,second,51,10000,plus,44,838
65,7,4,second,51,10000,minus,45,85
65,7,4,second,51,10000,plus,45,672
65,7,4,second,51,10000,minus,46,32
65,7,4,second,51,10000,plus,46,559
65,7,4,second,51,10000,minus,47,16
65,7,4,second,51,10000,plus,47,397
65,7,4,second,51,10000,minus,48,3
65,7,4,second,51,10000,plus,48,266
65,7,4,second,51,10000,minus,49,1
65,7,4,second,51,10000,plus,49,177
65,7,4,second,51,10000,plus,50,127
65,7,4,second,51,10000,plus,51,64
65,7,4,second,51,10000,plus,52,44
65,7,4,second,51,10000,plus,53,22
65,7,4,second,51,10000,plus,54,15
65,7,4,second,51,10000,plus,55,4
65,7,4,second,51,10000,plus,56,2
65,7,4,second,51,10000,plus,57,1
65,8,1,first,52,10000,minus,13,1
65,8,1,first,52,10000,minus,14,1
65,8,1,first,52,10000,minus,18,1
65,8,1,first,52,10000,minus,20,6
65,8,1,first,52,10000,minus,21,5
65,8,1,first,52,10000,minus,22,7
65,8,1,first,52,10000,minus,23,24
65,8,1,first,52,10000,minus,24,21
65,8,1,first,52,10000,minus,25,44
65,8,1,first,52,10000,minus,26,57
65,8,1,first,52,10000,minus,27,107
65,8,1,first,52,10000,plus,27,1
65,8,1,first,52,10000,minus,28,140
65,8,1,first,52,10000,plus,28,2
65,8,1,first,52,10000,minus,29,215
65,8,1,first,52,10000,plus,29,5
65,8,1,first,52,10000,minus,30,253
65,8,1,first,52,10000,plus,30,13
65,8,1,first,52,10000,minus,31,365
65,8,1,first,52,10000,plus,31,18
65,8,1,first,52,10000,minus,32,541
65,8,1,first,52,10000,plus,32,43
65,8,1,first,52,10000,minus,33,638
65,8,1,first,52,10000,plus,33,83
65,8,1,first,52,10000,minus,34,771
65,8,1,first,52,10000,plus,34,130
65,8,1,first,52,10000,minus,35,869
65,8,1,first,52,10000,plus,35,234
65,8,1,first,52,10000,minus,36,952
65,8,1,first,52,10000,plus,36,337
65,8,1,first,52,10000,minus,37,1023
65,8,1,first,52,10000,plus,37,474
65,8,1,first,52,10000,minus,38,971
65,8,1,first,52,10000,plus,38,666
65,8,1,first,52,10000,minus,39,890
65,8,1,first,52,10000,plus,39,849
65,8,1,first,52,10000,minus,40,718
65,8,1,first,52,10000,plus,40,985
65,8,1,first,52,10000,minus,41,554
65,8,1,first,52,10000,plus,41,1073
65,8,1,first,52,10000,minus,42,369
65,8,1,first,52,10000,plus,42,1066
65,8,1,first,52,10000,minus,43,221
65,8,1,first,52,10000,plus,43,1016
65,8,1,first,52,10000,minus,44,135
65,8,1,first,52,10000,plus,44,788
65,8,1,first,52,10000,minus,45,63
65,8,1,first,52,10000,plus,45,680
65,8,1,first,52,10000,minus,46,24
65,8,1,first,52,10000,plus,46,519
65,8,1,first,52,10000,minus,47,11
65,8,1,first,52,10000,plus,47,389
65,8,1,first,52,10000,minus,48,2
65,8,1,first,52,10000,plus,48,254
65,8,1,first,52,10000,minus,49,1
65,8,1,first,52,10000,plus,49,149
65,8,1,first,52,10000,plus,50,98
65,8,1,first,52,10000,plus,51,61
65,8,1,first,52,10000,plus,52,39
65,8,1,first,52,10000,plus,53,10
65,8,1,first,52,10000,plus,54,14
65,8,1,first,52,10000,plus,55,3
65,8,1,first,52,10000,plus,56,1
65,7,4,second,52,10000,minus,21,5
65,7,4,second,52,10000,minus,22,10
65,7,4,second,52,10000,minus,23,23
65,7,4,second,52,10000,minus,24,28
65,7,4,second,52,10000,minus,25,50
65,7,4,second,52,10000,minus,26,53
65,7,4,second,52,10000,minus,27,90
65,7,4,second,52,10000,plus,27,1
65,7,4,second,52,10000,minus,28,139
65,7,4,second,52,10000,plus,28,4
65,7,4,second,52,10000,minus,29,207
65,7,4,second,52,10000,plus,29,6
65,7,4,second,52,10000,minus,30,274
65,7,4,second,52,10000,plus,30,6
65,7,4,second,52,10000,minus,31,384
65,7,4,second,52,10000,plus,31,20
65,7,4,second,52,10000,minus,32,501
65,7,4,second,52,10000,plus,32,34
65,7,4,second,52,10000,minus,33,664
65,7,4,second,52,10000,plus,33,76
65,7,4,second,52,10000,minus,34,779
65,7,4,second,52,10000,plus,34,156
65,7,4,second,52,10000,minus,35,884
65,7,4,second,52,10000,plus,35,233
65,7,4,second,52,10000,minus,36,986
65,7,4,second,52,10000,plus,36,304
65,7,4,second,52,10000,minus,37,971
65,7,4,second,52,10000,plus,37,507
65,7,4,second,52,10000,minus,38,949
65,7,4,second,52,10000,plus,38,604
65,7,4,second,52,10000,minus,39,876
65,7,4,second,52,10000,plus,39,784
65,7,4,second,52,10000,minus,40,730
65,7,4,second,52,10000,plus,40,958
65,7,4,second,52,10000,minus,41,540
65,7,4,second,52,10000,plus,41,1076
65,7,4,second,52,10000,minus,42,354
65,7,4,second,52,10000,plus,42,1077
65,7,4,second,52,10000,minus,43,259
65,7,4,second,52,10000,plus,43,965
65,7,4,second,52,10000,minus,44,131
65,7,4,second,52,10000,plus,44,868
65,7,4,second,52,10000,minus,45,62
65,7,4,second,52,10000,plus,45,708
65,7,4,second,52,10000,minus,46,28
65,7,4,second,52,10000,plus,46,524
65,7,4,second,52,10000,minus,47,16
65,7,4,second,52,10000,plus,47,409
65,7,4,second,52,10000,minus,48,4
65,7,4,second,52,10000,plus,48,269
65,7,4,second,52,10000,minus,49,3
65,7,4,second,52,10000,plus,49,180
65,7,4,second,52,10000,plus,50,116
65,7,4,second,52,10000,plus,51,60
65,7,4,second,52,10000,plus,52,28
65,7,4,second,52,10000,plus,53,11
65,7,4,second,52,10000,plus,54,8
65,7,4,second,52,10000,plus,55,2
65,7,4,second,52,10000,plus,56,5
65,7,4,second,52,10000,plus,57,1
65,8,1,first,53,10000,minus,18,1
65,8,1,first,53,10000,minus,19,1
65,8,1,first,53,10000,minus,20,2
65,8,1,first,53,10000,minus,21,9
65,8,1,first,53,10000,minus,22,14
65,8,1,first,53,10000,minus,23,11
65,8,1,first,53,10000,minus,24,37
65,8,1,first,53,10000,minus,25,49
65,8,1,first,53,10000,minus,26,61
65,8,1,first,53,10000,minus,27,96
65,8,1,first,53,10000,plus,27,1
65,8,1,first,53,10000,minus,28,162
65,8,1,first,53,10000,plus,28,4
65,8,1,first,53,10000,minus,29,186
65,8,1,first,53,10000,plus,29,4
65,8,1,first,53,10000,minus,30,293
65,8,1,first,53,10000,plus,30,8
65,8,1,first,53,10000,minus,31,378
65,8,1,first,53,10000,plus,31,17
65,8,1,first,53,10000,minus,32,504
65,8,1,first,53,10000,plus,32,35
65,8,1,first,53,10000,minus,33,623
65,8,1,first,53,10000,plus,33,83
65,8,1,first,53,10000,minus,34,746
65,8,1,first,53,10000,plus,34,121
65,8,1,first,53,10000,minus,35,904
65,8,1,first,53,10000,plus,35,209
65,8,1,first,53,10000,minus,36,986
65,8,1,first,53,10000,plus,36,354
65,8,1,first,53,10000,minus,37,934
65,8,1,first,53,10000,plus,37,477
65,8,1,first,53,10000,minus,38,950
65,8,1,first,53,10000,plus,38,654
65,8,1,first,53,10000,minus,39,904
65,8,1,first,53,10000,plus,39,756
65,8,1,first,53,10000,minus,40,746
65,8,1,first,53,10000,plus,40,965
65,8,1,first,53,10000,minus,41,562
65,8,1,first,53,10000,plus,41,1070
65,8,1,first,53,10000,minus,42,357
65,8,1,first,53,10000,plus,42,1095
65,8,1,first,53,10000,minus,43,249
65,8,1,first,53,10000,plus,43,920
65,8,1,first,53,10000,minus,44,118
65,8,1,first,53,10000,plus,44,862
65,8,1,first,53,10000,minus,45,63
65,8,1,first,53,10000,plus,45,703
65,8,1,first,53,10000,minus,46,30
65,8,1,first,53,10000,plus,46,556
65,8,1,first,53,10000,minus,47,16
65,8,1,first,53,10000,plus,47,436
65,8,1,first,53,10000,minus,48,6
65,8,1,first,53,10000,plus,48,278
65,8,1,first,53,10000,minus,49,2
65,8,1,first,53,10000,plus,49,155
65,8,1,first,53,10000,plus,50,113
65,8,1,first,53,10000,plus,51,69
65,8,1,first,53,10000,plus,52,28
65,8,1,first,53,10000,plus,53,11
65,8,1,first,53,10000,plus,54,12
65,8,1,first,53,10000,plus,55,4
65,7,4,second,53,10000,minus,19,1
65,7,4,second,53,10000,minus,20,2
65,7,4,second,53,10000,minus,21,7
65,7,4,second,53,10000,minus,22,4
65,7,4,second,53,10000,minus,23,13
65,7,4,second,53,10000,minus,24,20
65,7,4,second,53,10000,minus,25,36
65,7,4,second,53,10000,minus,26,75
65,7,4,second,53,10000,minus,27,82
65,7,4,second,53,10000,plus,27,1
65,7,4,second,53,10000,minus,28,130
65,7,4,second,53,10000,plus,28,2
65,7,4,second,53,10000,minus,29,219
65,7,4,second,53,10000,plus,29,4
65,7,4,second,53,10000,minus,30,305
65,7,4,second,53,10000,plus,30,6
65,7,4,second,53,10000,minus,31,392
65,7,4,second,53,10000,plus,31,20
65,7,4,second,53,10000,minus,32,493
65,7,4,second,53,10000,plus,32,38
65,7,4,second,53,10000,minus,33,646
65,7,4,second,53,10000,plus,33,70
65,7,4,second,53,10000,minus,34,782
65,7,4,second,53,10000,plus,34,138
65,7,4,second,53,10000,minus,35,903
65,7,4,second,53,10000,plus,35,231
65,7,4,second,53,10000,minus,36,962
65,7,4,second,53,10000,plus,36,335
65,7,4,second,53,10000,minus,37,1047
65,7,4,second,53,10000,plus,37,458
65,7,4,second,53,10000,minus,38,953
65,7,4,second,53,10000,plus,38,676
65,7,4,second,53,10000,minus,39,854
65,7,4,second,53,10000,plus,39,828
65,7,4,second,53,10000,minus,40,677
65,7,4,second,53,10000,plus,40,982
65,7,4,second,53,10000,minus,41,520
65,7,4,second,53,10000,plus,41,1074
65,7,4,second,53,10000,minus,42,380
65,7,4,second,53,10000,plus,42,1041
65,7,4,second,53,10000,minus,43,235
65,7,4,second,53,10000,plus,43,940
65,7,4,second,53,10000,minus,44,130
65,7,4,second,53,10000,plus,44,882
65,7,4,second,53,10000,minus,45,75
65,7,4,second,53,10000,plus,45,712
65,7,4,second,53,10000,minus,46,32
65,7,4,second,53,10000,plus,46,493
65,7,4,second,53,10000,minus,47,19
65,7,4,second,53,10000,plus,47,375
65,7,4,second,53,10000,minus,48,5
65,7,4,second,53,10000,plus,48,257
65,7,4,second,53,10000,minus,49,1
65,7,4,second,53,10000,plus,49,186
65,7,4,second,53,10000,plus,50,109
65,7,4,second,53,10000,plus,51,60
65,7,4,second,53,10000,plus,52,46
65,7,4,second,53,10000,plus,53,22
65,7,4,second,53,10000,plus,54,9
65,7,4,second,53,10000,plus,55,2
65,7,4,second,53,10000,plus,56,3
65,8,1,first,54,10000,minus,17,1
65,8,1,first,54,10000,minus,19,2
65,8,1,first,54,10000,minus,20,2
65,8,1,first,54,10000,minus,21,9
65,8,1,first,54,10000,minus,22,9
65,8,1,first,54,10000,minus,23,14
65,8,1,first,54,10000,minus,24,24
65,8,1,first,54,10000,minus,25,43
65,8,1,first,54,10000,minus,26,61
65,8,1,first,54,10000,minus,27,98
65,8,1,first,54,10000,minus,28,175
65,8,1,first,54,10000,plus,28,1
65,8,1,first,54,10000,minus,29,194
65,8,1,first,54,10000,plus,29,6
65,8,1,first,54,10000,minus,30,276
65,8,1,first,54,10000,plus,30,10
65,8,1,first,54,10000,minus,31,376
65,8,1,first,54,10000,plus,31,26
65,8,1,first,54,10000,minus,32,499
65,8,1,first,54,10000,plus,32,35
65,8,1,first,54,10000,minus,33,604
65,8,1,first,54,10000,plus,33,66
65,8,1,first,54,10000,minus,34,802
65,8,1,first,54,10000,plus,34,121
65,8,1,first,54,10000,minus,35,915
65,8,1,first,54,10000,plus,35,218
65,8,1,first,54,10000,minus,36,1002
65,8,1,first,54,10000,plus,36,321
65,8,1,first,54,10000,minus,37,1017
65,8,1,first,54,10000,plus,37,466
65,8,1,first,54,10000,minus,38,955
65,8,1,first,54,10000,plus,38,706
65,8,1,first,54,10000,minus,39,767
65,8,1,first,54,10000,plus,39,858
65,8,1,first,54,10000,minus,40,741
65,8,1,first,54,10000,plus,40,937
65,8,1,first,54,10000,minus,41,534
65,8,1,first,54,10000,plus,41,1034
65,8,1,first,54,10000,minus,42,372
65,8,1,first,54,10000,plus,42,1080
65,8,1,first,54,10000,minus,43,246
65,8,1,first,54,10000,plus,43,982
65,8,1,first,54,10000,minus,44,135
65,8,1,first,54,10000,plus,44,849
65,8,1,first,54,10000,minus,45,63
65,8,1,first,54,10000,plus,45,654
65,8,1,first,54,10000,minus,46,40
65,8,1,first,54,10000,plus,46,515
65,8,1,first,54,10000,minus,47,17
65,8,1,first,54,10000,plus,47,423
65,8,1,first,54,10000,minus,48,5
65,8,1,first,54,10000,plus,48,285
65,8,1,first,54,10000,minus,49,2
65,8,1,first,54,10000,plus,49,159
65,8,1,first,54,10000,plus,50,122
65,8,1,first,54,10000,plus,51,62
65,8,1,first,54,10000,plus,52,35
65,8,1,first,54,10000,plus,53,16
65,8,1,first,54,10000,plus,54,10
65,8,1,first,54,10000,plus,55,2
65,8,1,first,54,10000,plus,56,1
65,7,4,second,54,10000,minus,17,1
65,7,4,second,54,10000,minus,20,3
65,7,4,second,54,10000,minus,21,1
65,7,4,second,54,10000,minus,22,11
65,7,4,second,54,10000,minus,23,9
65,7,4,second,54,10000,minus,24,26
65,7,4,second,54,10000,minus,25,36
65,7,4,second,54,10000,minus,26,52
65,7,4,second,54,10000,minus,27,102
65,7,4,second,54,10000,minus,28,135
65,7,4,second,54,10000,plus,28,1
65,7,4,second,54,10000,minus,29,212
65,7,4,second,54,10000,plus,29,1
65,7,4,second,54,10000,minus,30,261
65,7,4,second,54,10000,plus,30,7
65,7,4,second,54,10000,minus,31,364
65,7,4,second,54,10000,plus,31,13
65,7,4,second,54,10000,minus,32,503
65,7,4,second,54,10000,plus,32,43
65,7,4,second,54,10000,minus,33,658
65,7,4,second,54,10000,plus,33,76
65,7,4,second,54,10000,minus,34,779
65,7,4,second,54,10000,plus,34,121
65,7,4,second,54,10000,minus,35,907
65,7,4,second,54,10000,plus,35,208
65,7,4,second,54,10000,minus,36,933
65,7,4,second,54,10000,plus,36,335
65,7,4,second,54,10000,minus,37,977
65,7,4,second,54,10000,plus,37,484
65,7,4,second,54,10000,minus,38,948
65,7,4,second,54,10000,plus,38,647
65,7,4,second,54,10000,minus,39,921
65,7,4,second,54,10000,plus,39,815
65,7,4,second,54,10000,minus,40,757
65,7,4,second,54,10000,plus,40,954
65,7,4,second,54,10000,minus,41,524
65,7,4,second,54,10000,plus,41,992
65,7,4,second,54,10000,minus,42,386
65,7,4,second,54,10000,plus,42,1083
65,7,4,second,54,10000,minus,43,237
65,7,4,second,54,10000,plus,43,997
65,7,4,second,54,10000,minus,44,135
65,7,4,second,54,10000,plus,44,893
65,7,4,second,54,10000,minus,45,70
65,7,4,second,54,10000,plus,45,695
65,7,4,second,54,10000,minus,46,28
65,7,4,second,54,10000,plus,46,526
65,7,4,second,54,10000,minus,47,17
65,7,4,second,54,10000,plus,47,409
65,7,4,second,54,10000,minus,48,4
65,7,4,second,54,10000,plus,48,282
65,7,4,second,54,10000,minus,49,3
65,7,4,second,54,10000,plus,49,192
65,7,4,second,54,10000,plus,50,108
65,7,4,second,54,10000,plus,51,55
65,7,4,second,54,10000,plus,52,31
65,7,4,second,54,10000,plus,53,17
65,7,4,second,54,10000,plus,54,10
65,7,4,second,54,10000,plus,55,4
65,7,4,second,54,10000,plus,56,1
65,8,1,first,55,10000,minus,19,2
65,8,1,first,55,10000,minus,20,2
65,8,1,first,55,10000,minus,21,4
65,8,1,first,55,10000,minus,22,11
65,8,1,first,55,10000,minus,23,17
65,8,1,first,55,10000,minus,24,36
65,8,1,first,55,10000,minus,25,51
65,8,1,first,55,10000,plus,25,1
65,8,1,first,55,10000,minus,26,69
65,8,1,first,55,10000,minus,27,98
65,8,1,first,55,10000,plus,27,1
65,8,1,first,55,10000,minus,28,147
65,8,1,first,55,10000,plus,28,3
65,8,1,first,55,10000,minus,29,206
65,8,1,first,55,10000,plus,29,1
65,8,1,first,55,10000,minus,30,263
65,8,1,first,55,10000,plus,30,9
65,8,1,first,55,10000,minus,31,362
65,8,1,first,55,10000,plus,31,21
65,8,1,first,55,10000,minus,32,509
65,8,1,first,55,10000,plus,32,48
65,8,1,first,55,10000,minus,33,646
65,8,1,first,55,10000,plus,33,70
65,8,1,first,55,10000,minus,34,802
65,8,1,first,55,10000,plus,34,120
65,8,1,first,55,10000,minus,35,874
65,8,1,first,55,10000,plus,35,195
65,8,1,first,55,10000,minus,36,953
65,8,1,first,55,10000,plus,36,342
65,8,1,first,55,10000,minus,37,995
65,8,1,first,55,10000,plus,37,506
65,8,1,first,55,10000,minus,38,954
65,8,1,first,55,10000,plus,38,673
65,8,1,first,55,10000,minus,39,851
65,8,1,first,55,10000,plus,39,858
65,8,1,first,55,10000,minus,40,745
65,8,1,first,55,10000,plus,40,958
65,8,1,first,55,10000,minus,41,593
65,8,1,first,55,10000,plus,41,1035
65,8,1,first,55,10000,minus,42,358
65,8,1,first,55,10000,plus,42,1083
65,8,1,first,55,10000,minus,43,219
65,8,1,first,55,10000,plus,43,964
65,8,1,first,55,10000,minus,44,123
65,8,1,first,55,10000,plus,44,845
65,8,1,first,55,10000,minus,45,64
65,8,1,first,55,10000,plus,45,701
65,8,1,first,55,10000,minus,46,38
65,8,1,first,55,10000,plus,46,525
65,8,1,first,55,10000,minus,47,6
65,8,1,first,55,10000,plus,47,378
65,8,1,first,55,10000,minus,48,1
65,8,1,first,55,10000,plus,48,252
65,8,1,first,55,10000,minus,49,1
65,8,1,first,55,10000,plus,49,173
65,8,1,first,55,10000,plus,50,113
65,8,1,first,55,10000,plus,51,67
65,8,1,first,55,10000,plus,52,35
65,8,1,first,55,10000,plus,53,12
65,8,1,first,55,10000,plus,54,8
65,8,1,first,55,10000,plus,56,2
65,8,1,first,55,10000,plus,57,1
65,7,4,second,55,10000,minus,19,1
65,7,4,second,55,10000,minus,20,2
65,7,4,second,55,10000,minus,21,6
65,7,4,second,55,10000,minus,22,11
65,7,4,second,55,10000,minus,23,13
65,7,4,second,55,10000,minus,24,17
65,7,4,second,55,10000,minus,25,41
65,7,4,second,55,10000,minus,26,71
65,7,4,second,55,10000,minus,27,108
65,7,4,second,55,10000,minus,28,139
65,7,4,second,55,10000,plus,28,1
65,7,4,second,55,10000,minus,29,215
65,7,4,second,55,10000,plus,29,2
65,7,4,second,55,10000,minus,30,284
65,7,4,second,55,10000,plus,30,9
65,7,4,second,55,10000,minus,31,385
65,7,4,second,55,10000,plus,31,21
65,7,4,second,55,10000,minus,32,537
65,7,4,second,55,10000,plus,32,45
65,7,4,second,55,10000,minus,33,619
65,7,4,second,55,10000,plus,33,63
65,7,4,second,55,10000,minus,34,747
65,7,4,second,55,10000,plus,34,124
65,7,4,second,55,10000,minus,35,820
65,7,4,second,55,10000,plus,35,225
65,7,4,second,55,10000,minus,36,961
65,7,4,second,55,10000,plus,36,365
65,7,4,second,55,10000,minus,37,1001
65,7,4,second,55,10000,plus,37,475
65,7,4,second,55,10000,minus,38,1020
65,7,4,second,55,10000,plus,38,663
65,7,4,second,55,10000,minus,39,903
65,7,4,second,55,10000,plus,39,858
65,7,4,second,55,10000,minus,40,711
65,7,4,second,55,10000,plus,40,998
65,7,4,second,55,10000,minus,41,545
65,7,4,second,55,10000,plus,41,1022
65,7,4,second,55,10000,minus,42,372
65,7,4,second,55,10000,plus,42,1003
65,7,4,second,55,10000,minus,43,206
65,7,4,second,55,10000,plus,43,970
65,7,4,second,55,10000,minus,44,138
65,7,4,second,55,10000,plus,44,827
65,7,4,second,55,10000,minus,45,76
65,7,4,second,55,10000,plus,45,701
65,7,4,second,55,10000,minus,46,36
65,7,4,second,55,10000,plus,46,518
65,7,4,second,55,10000,minus,47,13
65,7,4,second,55,10000,plus,47,402
65,7,4,second,55,10000,minus,48,2
65,7,4,second,55,10000,plus,48,259
65,7,4,second,55,10000,plus,49,197
65,7,4,second,55,10000,plus,50,111
65,7,4,second,55,10000,plus,51,66
65,7,4,second,55,10000,plus,52,34
65,7,4,second,55,10000,plus,53,18
65,7,4,second,55,10000,plus,54,16
65,7,4,second,55,10000,plus,55,5
65,7,4,second,55,10000,plus,56,1
65,7,4,second,55,10000,plus,57,1
65,8,1,first,56,10000,minus,19,2
65,8,1,first,56,10000,minus,20,4
65,8,1,first,56,10000,minus,21,10
65,8,1,first,56,10000,minus,22,17
65,8,1,first,56,10000,minus,23,16
65,8,1,first,56,10000,minus,24,25
65,8,1,first,56,10000,minus,25,40
65,8,1,first,56,10000,plus,25,1
65,8,1,first,56,10000,minus,26,58
65,8,1,first,56,10000,plus,26,2
65,8,1,first,56,10000,minus,27,100
65,8,1,first,56,10000,minus,28,139
65,8,1,first,56,10000,minus,29,199
65,8,1,first,56,10000,plus,29,3
65,8,1,first,56,10000,minus,30,278
65,8,1,first,56,10000,plus,30,12
65,8,1,first,56,10000,minus,31,396
65,8,1,first,56,10000,plus,31,12
65,8,1,first,56,10000,minus,32,516
65,8,1,first,56,10000,plus,32,45
65,8,1,first,56,10000,minus,33,617
65,8,1,first,56,10000,plus,33,74
65,8,1,first,56,10000,minus,34,744
65,8,1,first,56,10000,plus,34,123
65,8,1,first,56,10000,minus,35,895
65,8,1,first,56,10000,plus,35,224
65,8,1,first,56,10000,minus,36,999
65,8,1,first,56,10000,plus,36,325
65,8,1,first,56,10000,minus,37,1009
65,8,1,first,56,10000,plus,37,476
65,8,1,first,56,10000,minus,38,1005
65,8,1,first,56,10000,plus,38,671
65,8,1,first,56,10000,minus,39,829
65,8,1,first,56,10000,plus,39,849
65,8,1,first,56,10000,minus,40,695
65,8,1,first,56,10000,plus,40,951
65,8,1,first,56,10000,minus,41,526
65,8,1,first,56,10000,plus,41,1063
65,8,1,first,56,10000,minus,42,360
65,8,1,first,56,10000,plus,42,1000
65,8,1,first,56,10000,minus,43,252
65,8,1,first,56,10000,plus,43,975
65,8,1,first,56,10000,minus,44,124
65,8,1,first,56,10000,plus,44,880
65,8,1,first,56,10000,minus,45,85
65,8,1,first,56,10000,plus,45,709
65,8,1,first,56,10000,minus,46,39
65,8,1,first,56,10000,plus,46,560
65,8,1,first,56,10000,minus,47,11
65,8,1,first,56,10000,plus,47,350
65,8,1,first,56,10000,minus,48,9
65,8,1,first,56,10000,plus,48,246
65,8,1,first,56,10000,minus,49,1
65,8,1,first,56,10000,plus,49,196
65,8,1,first,56,10000,plus,50,109
65,8,1,first,56,10000,plus,51,81
65,8,1,first,56,10000,plus,52,38
65,8,1,first,56,10000,plus,53,21
65,8,1,first,56,10000,plus,54,1
65,8,1,first,56,10000,plus,55,2
65,8,1,first,56,10000,plus,56,1
65,7,4,second,56,10000,minus,19,2
65,7,4,second,56,10000,minus,20,5
65,7,4,second,56,10000,minus,21,2
65,7,4,second,56,10000,minus,22,7
65,7,4,second,56,10000,minus,23,10
65,7,4,second,56,10000,minus,24,24
65,7,4,second,56,10000,minus,25,42
65,7,4,second,56,10000,minus,26,65
65,7,4,second,56,10000,minus,27,94
65,7,4,second,56,10000,plus,27,2
65,7,4,second,56,10000,minus,28,132
65,7,4,second,56,10000,plus,28,2
65,7,4,second,56,10000,minus,29,209
65,7,4,second,56,10000,plus,29,5
65,7,4,second,56,10000,minus,30,310
65,7,4,second,56,10000,plus,30,14
65,7,4,second,56,10000,minus,31,381
65,7,4,second,56,10000,plus,31,23
65,7,4,second,56,10000,minus,32,481
65,7,4,second,56,10000,plus,32,43
65,7,4,second,56,10000,minus,33,590
65,7,4,second,56,10000,plus,33,74
65,7,4,second,56,10000,minus,34,828
65,7,4,second,56,10000,plus,34,140
65,7,4,second,56,10000,minus,35,922
65,7,4,second,56,10000,plus,35,237
65,7,4,second,56,10000,minus,36,1026
65,7,4,second,56,10000,plus,36,324
65,7,4,second,56,10000,minus,37,963
65,7,4,second,56,10000,plus,37,512
65,7,4,second,56,10000,minus,38,945
65,7,4,second,56,10000,plus,38,649
65,7,4,second,56,10000,minus,39,842
65,7,4,second,56,10000,plus,39,801
65,7,4,second,56,10000,minus,40,732
65,7,4,second,56,10000,plus,40,956
65,7,4,second,56,10000,minus,41,528
65,7,4,second,56,10000,plus,41,1078
65,7,4,second,56,10000,minus,42,393
65,7,4,second,56,10000,plus,42,1054
65,7,4,second,56,10000,minus,43,224
65,7,4,second,56,10000,plus,43,966
65,7,4,second,56,10000,minus,44,138
65,7,4,second,56,10000,plus,44,840
65,7,4,second,56,10000,minus,45,56
65,7,4,second,56,10000,plus,45,699
65,7,4,second,56,10000,minus,46,27
65,7,4,second,56,10000,plus,46,507
65,7,4,second,56,10000,minus,47,12
65,7,4,second,56,10000,plus,47,361
65,7,4,second,56,10000,minus,48,8
65,7,4,second,56,10000,plus,48,271
65,7,4,second,56,10000,minus,49,1
65,7,4,second,56,10000,plus,49,189
65,7,4,second,56,10000,minus,50,1
65,7,4,second,56,10000,plus,50,108
65,7,4,second,56,10000,plus,51,59
65,7,4,second,56,10000,plus,52,45
65,7,4,second,56,10000,plus,53,22
65,7,4,second,56,10000,plus,54,12
65,7,4,second,56,10000,plus,55,4
65,7,4,second,56,10000,plus,56,1
65,7,4,second,56,10000,plus,57,1
65,7,4,second,56,10000,plus,59,1
65,8,1,first,57,10000,minus,18,2
65,8,1,first,57,10000,minus,19,3
65,8,1,first,57,10000,minus,20,2
65,8,1,first,57,10000,minus,21,9
65,8,1,first,57,10000,minus,22,9
65,8,1,first,57,10000,minus,23,16
65,8,1,first,57,10000,minus,24,23
65,8,1,first,57,10000,minus,25,42
65,8,1,first,57,10000,minus,26,63
65,8,1,first,57,10000,minus,27,100
65,8,1,first,57,10000,plus,27,1
65,8,1,first,57,10000,minus,28,151
65,8,1,first,57,10000,minus,29,216
65,8,1,first,57,10000,plus,29,1
65,8,1,first,57,10000,minus,30,296
65,8,1,first,57,10000,plus,30,10
65,8,1,first,57,10000,minus,31,404
65,8,1,first,57,10000,plus,31,22
65,8,1,first,57,10000,minus,32,510
65,8,1,first,57,10000,plus,32,43
65,8,1,first,57,10000,minus,33,659
65,8,1,first,57,10000,plus,33,70
65,8,1,first,57,10000,minus,34,803
65,8,1,first,57,10000,plus,34,137
65,8,1,first,57,10000,minus,35,912
65,8,1,first,57,10000,plus,35,218
65,8,1,first,57,10000,minus,36,1010
65,8,1,first,57,10000,plus,36,310
65,8,1,first,57,10000,minus,37,980
65,8,1,first,57,10000,plus,37,524
65,8,1,first,57,10000,minus,38,946
65,8,1,first,57,10000,plus,38,702
65,8,1,first,57,10000,minus,39,799
65,8,1,first,57,10000,plus,39,810
65,8,1,first,57,10000,minus,40,632
65,8,1,first,57,10000,plus,40,986
65,8,1,first,57,10000,minus,41,541
65,8,1,first,57,10000,plus,41,1018
65,8,1,first,57,10000,minus,42,367
65,8,1,first,57,10000,plus,42,1023
65,8,1,first,57,10000,minus,43,245
65,8,1,first,57,10000,plus,43,992
65,8,1,first,57,10000,minus,44,136
65,8,1,first,57,10000,plus,44,813
65,8,1,first,57,10000,minus,45,78
65,8,1,first,57,10000,plus,45,738
65,8,1,first,57,10000,minus,46,28
65,8,1,first,57,10000,plus,46,534
65,8,1,first,57,10000,minus,47,12
65,8,1,first,57,10000,plus,47,342
65,8,1,first,57,10000,minus,48,6
65,8,1,first,57,10000,plus,48,256
65,8,1,first,57,10000,plus,49,186
65,8,1,first,57,10000,plus,50,126
65,8,1,first,57,10000,plus,51,61
65,8,1,first,57,10000,plus,52,41
65,8,1,first,57,10000,plus,53,19
65,8,1,first,57,10000,plus,54,9
65,8,1,first,57,10000,plus,55,4
65,8,1,first,57,10000,plus,56,2
65,8,1,first,57,10000,plus,57,2
65,7,4,second,57,10000,minus,17,1
65,7,4,second,57,10000,minus,19,1
65,7,4,second,57,10000,minus,20,1
65,7,4,second,57,10000,minus,21,6
65,7,4,second,57,10000,minus,22,9
65,7,4,second,57,10000,minus,23,19
65,7,4,second,57,10000,minus,24,20
65,7,4,second,57,10000,minus,25,37
65,7,4,second,57,10000,minus,26,58
65,7,4,second,57,10000,minus,27,93
65,7,4,second,57,10000,plus,27,1
65,7,4,second,57,10000,minus,28,129
65,7,4,second,57,10000,plus,28,3
65,7,4,second,57,10000,minus,29,202
65,7,4,second,57,10000,plus,29,4
65,7,4,second,57,10000,minus,30,315
65,7,4,second,57,10000,plus,30,14
65,7,4,second,57,10000,minus,31,416
65,7,4,second,57,10000,plus,31,25
65,7,4,second,57,10000,minus,32,518
65,7,4,second,57,10000,plus,32,45
65,7,4,second,57,10000,minus,33,625
65,7,4,second,57,10000,plus,33,83
65,7,4,second,57,10000,minus,34,794
65,7,4,second,57,10000,plus,34,136
65,7,4,second,57,10000,minus,35,880
65,7,4,second,57,10000,plus,35,210
65,7,4,second,57,10000,minus,36,986
65,7,4,second,57,10000,plus,36,346
65,7,4,second,57,10000,minus,37,972
65,7,4,second,57,10000,plus,37,465
65,7,4,second,57,10000,minus,38,988
65,7,4,second,57,10000,plus,38,663
65,7,4,second,57,10000,minus,39,857
65,7,4,second,57,10000,plus,39,821
65,7,4,second,57,10000,minus,40,728
65,7,4,second,57,10000,plus,40,941
65,7,4,second,57,10000,minus,41,532
65,7,4,second,57,10000,plus,41,1085
65,7,4,second,57,10000,minus,42,357
65,7,4,second,57,10000,plus,42,1064
65,7,4,second,57,10000,minus,43,210
65,7,4,second,57,10000,plus,43,982
65,7,4,second,57,10000,minus,44,131
65,7,4,second,57,10000,plus,44,824
65,7,4,second,57,10000,minus,45,59
65,7,4,second,57,10000,plus,45,732
65,7,4,second,57,10000,minus,46,32
65,7,4,second,57,10000,plus,46,501
65,7,4,second,57,10000,minus,47,14
65,7,4,second,57,10000,plus,47,350
65,7,4,second,57,10000,minus,48,8
65,7,4,second,57,10000,plus,48,270
65,7,4,second,57,10000,minus,49,1
65,7,4,second,57,10000,plus,49,176
65,7,4,second,57,10000,minus,50,1
65,7,4,second,57,10000,plus,50,120
65,7,4,second,57,10000,plus,51,58
65,7,4,second,57,10000,plus,52,39
65,7,4,second,57,10000,plus,53,15
65,7,4,second,57,10000,plus,54,15
65,7,4,second,57,10000,plus,55,7
65,7,4,second,57,10000,plus,56,3
65,7,4,second,57,10000,plus,57,1
65,7,4,second,57,10000,plus,58,1
65,8,1,first,58,10000,minus,19,1
65,8,1,first,58,10000,minus,20,4
65,8,1,first,58,10000,minus,21,4
65,8,1,first,58,10000,minus,22,10
65,8,1,first,58,10000,minus,23,22
65,8,1,first,58,10000,minus,24,31
65,8,1,first,58,10000,minus,25,45
65,8,1,first,58,10000,minus,26,64
65,8,1,first,58,10000,plus,26,1
65,8,1,first,58,10000,minus,27,102
65,8,1,first,58,10000,minus,28,122
65,8,1,first,58,10000,plus,28,2
65,8,1,first,58,10000,minus,29,205
65,8,1,first,58,10000,plus,29,4
65,8,1,first,58,10000,minus,30,288
65,8,1,first,58,10000,plus,30,8
65,8,1,first,58,10000,minus,31,375
65,8,1,first,58,10000,plus,31,22
65,8,1,first,58,10000,minus,32,499
65,8,1,first,58,10000,plus,32,38
65,8,1,first,58,10000,minus,33,649
65,8,1,first,58,10000,plus,33,81
65,8,1,first,58,10000,minus,34,750
65,8,1,first,58,10000,plus,34,107
65,8,1,first,58,10000,minus,35,931
65,8,1,first,58,10000,plus,35,197
65,8,1,first,58,10000,minus,36,974
65,8,1,first,58,10000,plus,36,341
65,8,1,first,58,10000,minus,37,978
65,8,1,first,58,10000,plus,37,460
65,8,1,first,58,10000,minus,38,964
65,8,1,first,58,10000,plus,38,621
65,8,1,first,58,10000,minus,39,922
65,8,1,first,58,10000,plus,39,819
65,8,1,first,58,10000,minus,40,706
65,8,1,first,58,10000,plus,40,969
65,8,1,first,58,10000,minus,41,531
65,8,1,first,58,10000,plus,41,1041
65,8,1,first,58,10000,minus,42,369
65,8,1,first,58,10000,plus,42,1135
65,8,1,first,58,10000,minus,43,221
65,8,1,first,58,10000,plus,43,1039
65,8,1,first,58,10000,minus,44,111
65,8,1,first,58,10000,plus,44,868
65,8,1,first,58,10000,minus,45,66
65,8,1,first,58,10000,plus,45,663
65,8,1,first,58,10000,minus,46,35
65,8,1,first,58,10000,plus,46,509
65,8,1,first,58,10000,minus,47,15
65,8,1,first,58,10000,plus,47,383
65,8,1,first,58,10000,minus,48,2
65,8,1,first,58,10000,plus,48,297
65,8,1,first,58,10000,minus,49,2
65,8,1,first,58,10000,plus,49,168
65,8,1,first,58,10000,minus,50,2
65,8,1,first,58,10000,plus,50,100
65,8,1,first,58,10000,plus,51,70
65,8,1,first,58,10000,plus,52,30
65,8,1,first,58,10000,plus,53,13
65,8,1,first,58,10000,plus,54,9
65,8,1,first,58,10000,plus,55,4
65,8,1,first,58,10000,plus,56,1
65,7,4,second,58,10000,minus,19,3
65,7,4,second,58,10000,minus,20,2
65,7,4,second,58,10000,minus,21,4
65,7,4,second,58,10000,minus,22,7
65,7,4,second,58,10000,minus,23,12
65,7,4,second,58,10000,minus,24,22
65,7,4,second,58,10000,minus,25,41
65,7,4,second,58,10000,minus,26,68
65,7,4,second,58,10000,minus,27,98
65,7,4,second,58,10000,minus,28,148
65,7,4,second,58,10000,plus,28,1
65,7,4,second,58,10000,minus,29,203
65,7,4,second,58,10000,plus,29,1
65,7,4,second,58,10000,minus,30,268
65,7,4,second,58,10000,plus,30,13
65,7,4,second,58,10000,minus,31,367
65,7,4,second,58,10000,plus,31,18
65,7,4,second,58,10000,minus,32,497
65,7,4,second,58,10000,plus,32,32
65,7,4,second,58,10000,minus,33,638
65,7,4,second,58,10000,plus,33,72
65,7,4,second,58,10000,minus,34,747
65,7,4,second,58,10000,plus,34,115
65,7,4,second,58,10000,minus,35,919
65,7,4,second,58,10000,plus,35,230
65,7,4,second,58,10000,minus,36,979
65,7,4,second,58,10000,plus,36,364
65,7,4,second,58,10000,minus,37,996
65,7,4,second,58,10000,plus,37,488
65,7,4,second,58,10000,minus,38,987
65,7,4,second,58,10000,plus,38,668
65,7,4,second,58,10000,minus,39,883
65,7,4,second,58,10000,plus,39,790
65,7,4,second,58,10000,minus,40,729
65,7,4,second,58,10000,plus,40,990
65,7,4,second,58,10000,minus,41,526
65,7,4,second,58,10000,plus,41,1076
65,7,4,second,58,10000,minus,42,368
65,7,4,second,58,10000,plus,42,1007
65,7,4,second,58,10000,minus,43,234
65,7,4,second,58,10000,plus,43,946
65,7,4,second,58,10000,minus,44,133
65,7,4,second,58,10000,plus,44,864
65,7,4,second,58,10000,minus,45,66
65,7,4,second,58,10000,plus,45,693
65,7,4,second,58,10000,minus,46,35
65,7,4,second,58,10000,plus,46,500
65,7,4,second,58,10000,minus,47,9
65,7,4,second,58,10000,plus,47,390
65,7,4,second,58,10000,minus,48,9
65,7,4,second,58,10000,plus,48,284
65,7,4,second,58,10000,minus,49,2
65,7,4,second,58,10000,plus,49,194
65,7,4,second,58,10000,plus,50,125
65,7,4,second,58,10000,plus,51,60
65,7,4,second,58,10000,plus,52,33
65,7,4,second,58,10000,plus,53,31
65,7,4,second,58,10000,plus,54,8
65,7,4,second,58,10000,plus,55,4
65,7,4,second,58,10000,plus,56,3
65,8,1,first,59,10000,minus,15,1
65,8,1,first,59,10000,minus,18,2
65,8,1,first,59,10000,minus,19,2
65,8,1,first,59,10000,minus,20,4
65,8,1,first,59,10000,minus,21,6
65,8,1,first,59,10000,minus,22,14
65,8,1,first,59,10000,minus,23,11
65,8,1,first,59,10000,minus,24,28
65,8,1,first,59,10000,minus,25,40
65,8,1,first,59,10000,minus,26,68
65,8,1,first,59,10000,minus,27,96
65,8,1,first,59,10000,plus,27,1
65,8,1,first,59,10000,minus,28,142
65,8,1,first,59,10000,plus,28,1
65,8,1,first,59,10000,minus,29,221
65,8,1,first,59,10000,plus,29,2
65,8,1,first,59,10000,minus,30,266
65,8,1,first,59,10000,plus,30,7
65,8,1,first,59,10000,minus,31,353
65,8,1,first,59,10000,plus,31,23
65,8,1,first,59,10000,minus,32,501
65,8,1,first,59,10000,plus,32,36
65,8,1,first,59,10000,minus,33,573
65,8,1,first,59,10000,plus,33,59
65,8,1,first,59,10000,minus,34,787
65,8,1,first,59,10000,plus,34,116
65,8,1,first,59,10000,minus,35,907
65,8,1,first,59,10000,plus,35,215
65,8,1,first,59,10000,minus,36,962
65,8,1,first,59,10000,plus,36,317
65,8,1,first,59,10000,minus,37,1019
65,8,1,first,59,10000,plus,37,507
65,8,1,first,59,10000,minus,38,969
65,8,1,first,59,10000,plus,38,658
65,8,1,first,59,10000,minus,39,910
65,8,1,first,59,10000,plus,39,794
65,8,1,first,59,10000,minus,40,749
65,8,1,first,59,10000,plus,40,1006
65,8,1,first,59,10000,minus,41,473
65,8,1,first,59,10000,plus,41,1073
65,8,1,first,59,10000,minus,42,398
65,8,1,first,59,10000,plus,42,996
65,8,1,first,59,10000,minus,43,261
65,8,1,first,59,10000,plus,43,1001
65,8,1,first,59,10000,minus,44,107
65,8,1,first,59,10000,plus,44,872
65,8,1,first,59,10000,minus,45,81
65,8,1,first,59,10000,plus,45,720
65,8,1,first,59,10000,minus,46,28
65,8,1,first,59,10000,plus,46,556
65,8,1,first,59,10000,minus,47,14
65,8,1,first,59,10000,plus,47,371
65,8,1,first,59,10000,minus,48,4
65,8,1,first,59,10000,plus,48,258
65,8,1,first,59,10000,minus,49,1
65,8,1,first,59,10000,plus,49,186
65,8,1,first,59,10000,minus,50,2
65,8,1,first,59,10000,plus,50,89
65,8,1,first,59,10000,plus,51,61
65,8,1,first,59,10000,plus,52,42
65,8,1,first,59,10000,plus,53,22
65,8,1,first,59,10000,plus,54,7
65,8,1,first,59,10000,plus,55,3
65,8,1,first,59,10000,plus,56,1
65,7,4,second,59,10000,minus,20,1
65,7,4,second,59,10000,minus,21,9
65,7,4,second,59,10000,minus,22,6
65,7,4,second,59,10000,minus,23,15
65,7,4,second,59,10000,minus,24,15
65,7,4,second,59,10000,plus,24,1
65,7,4,second,59,10000,minus,25,46
65,7,4,second,59,10000,minus,26,60
65,7,4,second,59,10000,minus,27,99
65,7,4,second,59,10000,plus,27,1
65,7,4,second,59,10000,minus,28,141
65,7,4,second,59,10000,minus,29,220
65,7,4,second,59,10000,plus,29,3
65,7,4,second,59,10000,minus,30,273
65,7,4,second,59,10000,plus,30,8
65,7,4,second,59,10000,minus,31,334
65,7,4,second,59,10000,plus,31,18
65,7,4,second,59,10000,minus,32,505
65,7,4,second,59,10000,plus,32,40
65,7,4,second,59,10000,minus,33,660
65,7,4,second,59,10000,plus,33,68
65,7,4,second,59,10000,minus,34,815
65,7,4,second,59,10000,plus,34,142
65,7,4,second,59,10000,minus,35,883
65,7,4,second,59,10000,plus,35,226
65,7,4,second,59,10000,minus,36,943
65,7,4,second,59,10000,plus,36,377
65,7,4,second,59,10000,minus,37,1041
65,7,4,second,59,10000,plus,37,474
65,7,4,second,59,10000,minus,38,941
65,7,4,second,59,10000,plus,38,681
65,7,4,second,59,10000,minus,39,874
65,7,4,second,59,10000,plus,39,841
65,7,4,second,59,10000,minus,40,727
65,7,4,second,59,10000,plus,40,917
65,7,4,second,59,10000,minus,41,544
65,7,4,second,59,10000,plus,41,993
65,7,4,second,59,10000,minus,42,376
65,7,4,second,59,10000,plus,42,1035
65,7,4,second,59,10000,minus,43,247
65,7,4,second,59,10000,plus,43,999
65,7,4,second,59,10000,minus,44,131
65,7,4,second,59,10000,plus,44,859
65,7,4,second,59,10000,minus,45,51
65,7,4,second,59,10000,plus,45,691
65,7,4,second,59,10000,minus,46,28
65,7,4,second,59,10000,plus,46,557
65,7,4,second,59,10000,minus,47,7
65,7,4,second,59,10000,plus,47,359
65,7,4,second,59,10000,minus,48,7
65,7,4,second,59,10000,plus,48,252
65,7,4,second,59,10000,plus,49,190
65,7,4,second,59,10000,minus,50,1
65,7,4,second,59,10000,plus,50,118
65,7,4,second,59,10000,plus,51,69
65,7,4,second,59,10000,plus,52,40
65,7,4,second,59,10000,plus,53,18
65,7,4,second,59,10000,plus,54,16
65,7,4,second,59,10000,plus,55,6
65,7,4,second,59,10000,plus,56,1
65,8,1,first,60,10000,minus,17,2
65,8,1,first,60,10000,minus,18,2
65,8,1,first,60,10000,minus,19,2
65,8,1,first,60,10000,minus,20,5
65,8,1,first,60,10000,minus,21,9
65,8,1,first,60,10000,minus,22,7
65,8,1,first,60,10000,minus,23,24
65,8,1,first,60,10000,minus,24,25
65,8,1,first,60,10000,minus,25,44
65,8,1,first,60,10000,minus,26,74
65,8,1,first,60,10000,minus,27,115
65,8,1,first,60,10000,plus,27,1
65,8,1,first,60,10000,minus,28,147
65,8,1,first,60,10000,plus,28,2
65,8,1,first,60,10000,minus,29,208
65,8,1,first,60,10000,plus,29,4
65,8,1,first,60,10000,minus,30,256
65,8,1,first,60,10000,plus,30,11
65,8,1,first,60,10000,minus,31,362
65,8,1,first,60,10000,plus,31,15
65,8,1,first,60,10000,minus,32,502
65,8,1,first,60,10000,plus,32,35
65,8,1,first,60,10000,minus,33,638
65,8,1,first,60,10000,plus,33,68
65,8,1,first,60,10000,minus,34,775
65,8,1,first,60,10000,plus,34,124
65,8,1,first,60,10000,minus,35,880
65,8,1,first,60,10000,plus,35,211
65,8,1,first,60,10000,minus,36,980
65,8,1,first,60,10000,plus,36,352
65,8,1,first,60,10000,minus,37,988
65,8,1,first,60,10000,plus,37,523
65,8,1,first,60,10000,minus,38,977
65,8,1,first,60,10000,plus,38,625
65,8,1,first,60,10000,minus,39,850
65,8,1,first,60,10000,plus,39,872
65,8,1,first,60,10000,minus,40,727
65,8,1,first,60,10000,plus,40,944
65,8,1,first,60,10000,minus,41,534
65,8,1,first,60,10000,plus,41,1021
65,8,1,first,60,10000,minus,42,344
65,8,1,first,60,10000,plus,42,1077
65,8,1,first,60,10000,minus,43,231
65,8,1,first,60,10000,plus,43,960
65,8,1,first,60,10000,minus,44,150
65,8,1,first,60,10000,plus,44,853
65,8,1,first,60,10000,minus,45,84
65,8,1,first,60,10000,plus,45,688
65,8,1,first,60,10000,minus,46,36
65,8,1,first,60,10000,plus,46,577
65,8,1,first,60,10000,minus,47,17
65,8,1,first,60,10000,plus,47,403
65,8,1,first,60,10000,minus,48,5
65,8,1,first,60,10000,plus,48,233
65,8,1,first,60,10000,plus,49,165
65,8,1,first,60,10000,plus,50,123
65,8,1,first,60,10000,plus,51,56
65,8,1,first,60,10000,plus,52,31
65,8,1,first,60,10000,plus,53,13
65,8,1,first,60,10000,plus,54,8
65,8,1,first,60,10000,plus,55,5
65,7,4,second,60,10000,minus,18,1
65,7,4,second,60,10000,minus,19,1
65,7,4,second,60,10000,minus,20,2
65,7,4,second,60,10000,minus,21,12
65,7,4,second,60,10000,minus,22,11
65,7,4,second,60,10000,minus,23,16
65,7,4,second,60,10000,minus,24,28
65,7,4,second,60,10000,minus,25,39
65,7,4,second,60,10000,minus,26,68
65,7,4,second,60,10000,minus,27,93
65,7,4,second,60,10000,plus,27,1
65,7,4,second,60,10000,minus,28,146
65,7,4,second,60,10000,plus,28,2
65,7,4,second,60,10000,minus,29,172
65,7,4,second,60,10000,plus,29,9
65,7,4,second,60,10000,minus,30,293
65,7,4,second,60,10000,plus,30,13
65,7,4,second,60,10000,minus,31,371
65,7,4,second,60,10000,plus,31,12
65,7,4,second,60,10000,minus,32,502
65,7,4,second,60,10000,plus,32,45
65,7,4,second,60,10000,minus,33,633
65,7,4,second,60,10000,plus,33,77
65,7,4,second,60,10000,minus,34,767
65,7,4,second,60,10000,plus,34,130
65,7,4,second,60,10000,minus,35,905
65,7,4,second,60,10000,plus,35,212
65,7,4,second,60,10000,minus,36,991
65,7,4,second,60,10000,plus,36,311
65,7,4,second,60,10000,minus,37,998
65,7,4,second,60,10000,plus,37,478
65,7,4,second,60,10000,minus,38,965
65,7,4,second,60,10000,plus,38,632
65,7,4,second,60,10000,minus,39,851
65,7,4,second,60,10000,plus,39,858
65,7,4,second,60,10000,minus,40,721
65,7,4,second,60,10000,plus,40,970
65,7,4,second,60,10000,minus,41,561
65,7,4,second,60,10000,plus,41,1014
65,7,4,second,60,10000,minus,42,382
65,7,4,second,60,10000,plus,42,1061
65,7,4,second,60,10000,minus,43,220
65,7,4,second,60,10000,plus,43,1003
65,7,4,second,60,10000,minus,44,130
65,7,4,second,60,10000,plus,44,847
65,7,4,second,60,10000,minus,45,69
65,7,4,second,60,10000,plus,45,662
65,7,4,second,60,10000,minus,46,30
65,7,4,second,60,10000,plus,46,544
65,7,4,second,60,10000,minus,47,20
65,7,4,second,60,10000,plus,47,373
65,7,4,second,60,10000,minus,48,1
65,7,4,second,60,10000,plus,48,282
65,7,4,second,60,10000,minus,49,1
65,7,4,second,60,10000,plus,49,214
65,7,4,second,60,10000,plus,50,118
65,7,4,second,60,10000,plus,51,58
65,7,4,second,60,10000,plus,52,35
65,7,4,second,60,10000,plus,53,20
65,7,4,second,60,10000,plus,54,10
65,7,4,second,60,10000,plus,55,6
65,7,4,second,60,10000,plus,56,3
65,8,1,first,61,10000,minus,18,2
65,8,1,first,61,10000,minus,19,5
65,8,1,first,61,10000,minus,20,5
65,8,1,first,61,10000,minus,21,7
65,8,1,first,61,10000,minus,22,18
65,8,1,first,61,10000,minus,23,15
65,8,1,first,61,10000,minus,24,32
65,8,1,first,61,10000,minus,25,40
65,8,1,first,61,10000,minus,26,69
65,8,1,first,61,10000,minus,27,97
65,8,1,first,61,10000,minus,28,132
65,8,1,first,61,10000,plus,28,1
65,8,1,first,61,10000,minus,29,232
65,8,1,first,61,10000,plus,29,5
65,8,1,first,61,10000,minus,30,280
65,8,1,first,61,10000,plus,30,6
65,8,1,first,61,10000,minus,31,376
65,8,1,first,61,10000,plus,31,24
65,8,1,first,61,10000,minus,32,509
65,8,1,first,61,10000,plus,32,48
65,8,1,first,61,10000,minus,33,627
65,8,1,first,61,10000,plus,33,65
65,8,1,first,61,10000,minus,34,755
65,8,1,first,61,10000,plus,34,127
65,8,1,first,61,10000,minus,35,869
65,8,1,first,61,10000,plus,35,219
65,8,1,first,61,10000,minus,36,1021
65,8,1,first,61,10000,plus,36,344
65,8,1,first,61,10000,minus,37,1003
65,8,1,first,61,10000,plus,37,453
65,8,1,first,61,10000,minus,38,978
65,8,1,first,61,10000,plus,38,677
65,8,1,first,61,10000,minus,39,869
65,8,1,first,61,10000,plus,39,861
65,8,1,first,61,10000,minus,40,734
65,8,1,first,61,10000,plus,40,977
65,8,1,first,61,10000,minus,41,506
65,8,1,first,61,10000,plus,41,1028
65,8,1,first,61,10000,minus,42,329
65,8,1,first,61,10000,plus,42,1049
65,8,1,first,61,10000,minus,43,253
65,8,1,first,61,10000,plus,43,1002
65,8,1,first,61,10000,minus,44,115
65,8,1,first,61,10000,plus,44,832
65,8,1,first,61,10000,minus,45,69
65,8,1,first,61,10000,plus,45,724
65,8,1,first,61,10000,minus,46,35
65,8,1,first,61,10000,plus,46,488
65,8,1,first,61,10000,minus,47,11
65,8,1,first,61,10000,plus,47,397
65,8,1,first,61,10000,minus,48,7
65,8,1,first,61,10000,plus,48,264
65,8,1,first,61,10000,plus,49,195
65,8,1,first,61,10000,plus,50,92
65,8,1,first,61,10000,plus,51,64
65,8,1,first,61,10000,plus,52,25
65,8,1,first,61,10000,plus,53,23
65,8,1,first,61,10000,plus,54,5
65,8,1,first,61,10000,plus,55,4
65,8,1,first,61,10000,plus,56,1
65,7,4,second,61,10000,minus,18,1
65,7,4,second,61,10000,minus,20,5
65,7,4,second,61,10000,minus,21,3
65,7,4,second,61,10000,minus,22,13
65,7,4,second,61,10000,minus,23,14
65,7,4,second,61,10000,minus,24,17
65,7,4,second,61,10000,minus,25,34
65,7,4,second,61,10000,minus,26,63
65,7,4,second,61,10000,minus,27,91
65,7,4,second,61,10000,plus,27,2
65,7,4,second,61,10000,minus,28,127
65,7,4,second,61,10000,plus,28,4
65,7,4,second,61,10000,minus,29,207
65,7,4,second,61,10000,plus,29,1
65,7,4,second,61,10000,minus,30,273
65,7,4,second,61,10000,plus,30,10
65,7,4,second,61,10000,minus,31,377
65,7,4,second,61,10000,plus,31,15
65,7,4,second,61,10000,minus,32,440
65,7,4,second,61,10000,plus,32,45
65,7,4,second,61,10000,minus,33,657
65,7,4,second,61,10000,plus,33,67
65,7,4,second,61,10000,minus,34,714
65,7,4,second,61,10000,plus,34,129
65,7,4,second,61,10000,minus,35,915
65,7,4,second,61,10000,plus,35,215
65,7,4,second,61,10000,minus,36,1011
65,7,4,second,61,10000,plus,36,321
65,7,4,second,61,10000,minus,37,1023
65,7,4,second,61,10000,plus,37,454
65,7,4,second,61,10000,minus,38,969
65,7,4,second,61,10000,plus,38,647
65,7,4,second,61,10000,minus,39,881
65,7,4,second,61,10000,plus,39,825
65,7,4,second,61,10000,minus,40,752
65,7,4,second,61,10000,plus,40,957
65,7,4,second,61,10000,minus,41,529
65,7,4,second,61,10000,plus,41,1070
65,7,4,second,61,10000,minus,42,350
65,7,4,second,61,10000,plus,42,1036
65,7,4,second,61,10000,minus,43,241
65,7,4,second,61,10000,plus,43,966
65,7,4,second,61,10000,minus,44,156
65,7,4,second,61,10000,plus,44,869
65,7,4,second,61,10000,minus,45,86
65,7,4,second,61,10000,plus,45,685
65,7,4,second,61,10000,minus,46,31
65,7,4,second,61,10000,plus,46,534
65,7,4,second,61,10000,minus,47,13
65,7,4,second,61,10000,plus,47,400
65,7,4,second,61,10000,minus,48,6
65,7,4,second,61,10000,plus,48,300
65,7,4,second,61,10000,minus,49,1
65,7,4,second,61,10000,plus,49,177
65,7,4,second,61,10000,plus,50,122
65,7,4,second,61,10000,plus,51,76
65,7,4,second,61,10000,plus,52,36
65,7,4,second,61,10000,plus,53,19
65,7,4,second,61,10000,plus,54,10
65,7,4,second,61,10000,plus,55,5
65,7,4,second,61,10000,plus,56,2
65,7,4,second,61,10000,plus,57,1
65,8,1,first,62,10000,minus,17,2
65,8,1,first,62,10000,minus,18,2
65,8,1,first,62,10000,minus,19,1
65,8,1,first,62,10000,minus,20,8
65,8,1,first,62,10000,minus,21,9
65,8,1,first,62,10000,minus,22,7
65,8,1,first,62,10000,minus,23,10
65,8,1,first,62,10000,minus,24,25
65,8,1,first,62,10000,minus,25,42
65,8,1,first,62,10000,minus,26,80
65,8,1,first,62,10000,minus,27,90
65,8,1,first,62,10000,minus,28,146
65,8,1,first,62,10000,plus,28,1
65,8,1,first,62,10000,minus,29,222
65,8,1,first,62,10000,plus,29,2
65,8,1,first,62,10000,minus,30,288
65,8,1,first,62,10000,plus,30,11
65,8,1,first,62,10000,minus,31,354
65,8,1,first,62,10000,plus,31,22
65,8,1,first,62,10000,minus,32,484
65,8,1,first,62,10000,plus,32,40
65,8,1,first,62,10000,minus,33,651
65,8,1,first,62,10000,plus,33,85
65,8,1,first,62,10000,minus,34,726
65,8,1,first,62,10000,plus,34,136
65,8,1,first,62,10000,minus,35,900
65,8,1,first,62,10000,plus,35,192
65,8,1,first,62,10000,minus,36,972
65,8,1,first,62,10000,plus,36,330
65,8,1,first,62,10000,minus,37,983
65,8,1,first,62,10000,plus,37,475
65,8,1,first,62,10000,minus,38,967
65,8,1,first,62,10000,plus,38,660
65,8,1,first,62,10000,minus,39,908
65,8,1,first,62,10000,plus,39,808
65,8,1,first,62,10000,minus,40,751
65,8,1,first,62,10000,plus,40,1002
65,8,1,first,62,10000,minus,41,543
65,8,1,first,62,10000,plus,41,1090
65,8,1,first,62,10000,minus,42,349
65,8,1,first,62,10000,plus,42,1048
65,8,1,first,62,10000,minus,43,233
65,8,1,first,62,10000,plus,43,1001
65,8,1,first,62,10000,minus,44,127
65,8,1,first,62,10000,plus,44,830
65,8,1,first,62,10000,minus,45,70
65,8,1,first,62,10000,plus,45,733
65,8,1,first,62,10000,minus,46,26
65,8,1,first,62,10000,plus,46,548
65,8,1,first,62,10000,minus,47,11
65,8,1,first,62,10000,plus,47,342
65,8,1,first,62,10000,minus,48,10
65,8,1,first,62,10000,plus,48,256
65,8,1,first,62,10000,minus,49,3
65,8,1,first,62,10000,plus,49,166
65,8,1,first,62,10000,plus,50,97
65,8,1,first,62,10000,plus,51,69
65,8,1,first,62,10000,plus,52,26
65,8,1,first,62,10000,plus,53,15
65,8,1,first,62,10000,plus,54,11
65,8,1,first,62,10000,plus,55,4
65,7,4,second,62,10000,minus,16,1
65,7,4,second,62,10000,minus,17,1
65,7,4,second,62,10000,minus,18,1
65,7,4,second,62,10000,minus,19,2
65,7,4,second,62,10000,minus,20,2
65,7,4,second,62,10000,minus,21,4
65,7,4,second,62,10000,minus,22,6
65,7,4,second,62,10000,minus,23,13
65,7,4,second,62,10000,minus,24,21
65,7,4,second,62,10000,minus,25,47
65,7,4,second,62,10000,minus,26,54
65,7,4,second,62,10000,minus,27,94
65,7,4,second,62,10000,minus,28,142
65,7,4,second,62,10000,minus,29,184
65,7,4,second,62,10000,plus,29,2
65,7,4,second,62,10000,minus,30,289
65,7,4,second,62,10000,plus,30,2
65,7,4,second,62,10000,minus,31,361
65,7,4,second,62,10000,plus,31,25
65,7,4,second,62,10000,minus,32,516
65,7,4,second,62,10000,plus,32,50
65,7,4,second,62,10000,minus,33,661
65,7,4,second,62,10000,plus,33,66
65,7,4,second,62,10000,minus,34,790
65,7,4,second,62,10000,plus,34,129
65,7,4,second,62,10000,minus,35,865
65,7,4,second,62,10000,plus,35,225
65,7,4,second,62,10000,minus,36,1017
65,7,4,second,62,10000,plus,36,365
65,7,4,second,62,10000,minus,37,953
65,7,4,second,62,10000,plus,37,494
65,7,4,second,62,10000,minus,38,956
65,7,4,second,62,10000,plus,38,659
65,7,4,second,62,10000,minus,39,847
65,7,4,second,62,10000,plus,39,861
65,7,4,second,62,10000,minus,40,729
65,7,4,second,62,10000,plus,40,910
65,7,4,second,62,10000,minus,41,549
65,7,4,second,62,10000,plus,41,1049
65,7,4,second,62,10000,minus,42,378
65,7,4,second,62,10000,plus,42,1033
65,7,4,second,62,10000,minus,43,242
65,7,4,second,62,10000,plus,43,964
65,7,4,second,62,10000,minus,44,141
65,7,4,second,62,10000,plus,44,856
65,7,4,second,62,10000,minus,45,82
65,7,4,second,62,10000,plus,45,664
65,7,4,second,62,10000,minus,46,28
65,7,4,second,62,10000,plus,46,546
65,7,4,second,62,10000,minus,47,10
65,7,4,second,62,10000,plus,47,412
65,7,4,second,62,10000,minus,48,8
65,7,4,second,62,10000,plus,48,284
65,7,4,second,62,10000,minus,49,3
65,7,4,second,62,10000,plus,49,159
65,7,4,second,62,10000,minus,50,2
65,7,4,second,62,10000,plus,50,115
65,7,4,second,62,10000,minus,51,1
65,7,4,second,62,10000,plus,51,55
65,7,4,second,62,10000,plus,52,35
65,7,4,second,62,10000,plus,53,21
65,7,4,second,62,10000,plus,54,8
65,7,4,second,62,10000,plus,55,9
65,7,4,second,62,10000,plus,56,1
65,7,4,second,62,10000,plus,57,1
65,8,1,first,63,10000,minus,17,1
65,8,1,first,63,10000,minus,18,2
65,8,1,first,63,10000,minus,19,2
65,8,1,first,63,10000,minus,20,9
65,8,1,first,63,10000,minus,21,10
65,8,1,first,63,10000,minus,22,12
65,8,1,first,63,10000,minus,23,19
65,8,1,first,63,10000,minus,24,23
65,8,1,first,63,10000,minus,25,45
65,8,1,first,63,10000,minus,26,70
65,8,1,first,63,10000,plus,26,2
65,8,1,first,63,10000,minus,27,98
65,8,1,first,63,10000,minus,28,144
65,8,1,first,63,10000,plus,28,1
65,8,1,first,63,10000,minus,29,200
65,8,1,first,63,10000,plus,29,4
65,8,1,first,63,10000,minus,30,278
65,8,1,first,63,10000,plus,30,9
65,8,1,first,63,10000,minus,31,374
65,8,1,first,63,10000,plus,31,23
65,8,1,first,63,10000,minus,32,494
65,8,1,first,63,10000,plus,32,48
65,8,1,first,63,10000,minus,33,639
65,8,1,first,63,10000,plus,33,88
65,8,1,first,63,10000,minus,34,782
65,8,1,first,63,10000,plus,34,132
65,8,1,first,63,10000,minus,35,899
65,8,1,first,63,10000,plus,35,231
65,8,1,first,63,10000,minus,36,1020
65,8,1,first,63,10000,plus,36,338
65,8,1,first,63,10000,minus,37,951
65,8,1,first,63,10000,plus,37,499
65,8,1,first,63,10000,minus,38,962
65,8,1,first,63,10000,plus,38,645
65,8,1,first,63,10000,minus,39,853
65,8,1,first,63,10000,plus,39,826
65,8,1,first,63,10000,minus,40,705
65,8,1,first,63,10000,plus,40,952
65,8,1,first,63,10000,minus,41,569
65,8,1,first,63,10000,plus,41,981
65,8,1,first,63,10000,minus,42,388
65,8,1,first,63,10000,plus,42,1019
65,8,1,first,63,10000,minus,43,215
65,8,1,first,63,10000,plus,43,1000
65,8,1,first,63,10000,minus,44,127
65,8,1,first,63,10000,plus,44,881
65,8,1,first,63,10000,minus,45,62
65,8,1,first,63,10000,plus,45,751
65,8,1,first,63,10000,minus,46,26
65,8,1,first,63,10000,plus,46,523
65,8,1,first,63,10000,minus,47,11
65,8,1,first,63,10000,plus,47,392
65,8,1,first,63,10000,minus,48,7
65,8,1,first,63,10000,plus,48,267
65,8,1,first,63,10000,minus,49,2
65,8,1,first,63,10000,plus,49,171
65,8,1,first,63,10000,plus,50,101
65,8,1,first,63,10000,minus,51,1
65,8,1,first,63,10000,plus,51,59
65,8,1,first,63,10000,plus,52,21
65,8,1,first,63,10000,plus,53,17
65,8,1,first,63,10000,plus,54,10
65,8,1,first,63,10000,plus,55,5
65,8,1,first,63,10000,plus,56,3
65,8,1,first,63,10000,plus,57,1
65,7,4,second,63,10000,minus,17,1
65,7,4,second,63,10000,minus,18,1
65,7,4,second,63,10000,minus,19,1
65,7,4,second,63,10000,minus,20,2
65,7,4,second,63,10000,minus,21,3
65,7,4,second,63,10000,minus,22,9
65,7,4,second,63,10000,minus,23,17
65,7,4,second,63,10000,minus,24,24
65,7,4,second,63,10000,minus,25,39
65,7,4,second,63,10000,minus,26,65
65,7,4,second,63,10000,plus,26,1
65,7,4,second,63,10000,minus,27,84
65,7,4,second,63,10000,minus,28,130
65,7,4,second,63,10000,minus,29,191
65,7,4,second,63,10000,plus,29,8
65,7,4,second,63,10000,minus,30,274
65,7,4,second,63,10000,plus,30,10
65,7,4,second,63,10000,minus,31,380
65,7,4,second,63,10000,plus,31,17
65,7,4,second,63,10000,minus,32,512
65,7,4,second,63,10000,plus,32,32
65,7,4,second,63,10000,minus,33,622
65,7,4,second,63,10000,plus,33,58
65,7,4,second,63,10000,minus,34,800
65,7,4,second,63,10000,plus,34,168
65,7,4,second,63,10000,minus,35,878
65,7,4,second,63,10000,plus,35,206
65,7,4,second,63,10000,minus,36,966
65,7,4,second,63,10000,plus,36,364
65,7,4,second,63,10000,minus,37,1012
65,7,4,second,63,10000,plus,37,454
65,7,4,second,63,10000,minus,38,995
65,7,4,second,63,10000,plus,38,666
65,7,4,second,63,10000,minus,39,857
65,7,4,second,63,10000,plus,39,783
65,7,4,second,63,10000,minus,40,727
65,7,4,second,63,10000,plus,40,953
65,7,4,second,63,10000,minus,41,557
65,7,4,second,63,10000,plus,41,1084
65,7,4,second,63,10000,minus,42,379
65,7,4,second,63,10000,plus,42,1050
65,7,4,second,63,10000,minus,43,227
65,7,4,second,63,10000,plus,43,974
65,7,4,second,63,10000,minus,44,126
65,7,4,second,63,10000,plus,44,818
65,7,4,second,63,10000,minus,45,77
65,7,4,second,63,10000,plus,45,680
65,7,4,second,63,10000,minus,46,25
65,7,4,second,63,10000,plus,46,518
65,7,4,second,63,10000,minus,47,12
65,7,4,second,63,10000,plus,47,413
65,7,4,second,63,10000,minus,48,5
65,7,4,second,63,10000,plus,48,261
65,7,4,second,63,10000,plus,49,197
65,7,4,second,63,10000,minus,50,2
65,7,4,second,63,10000,plus,50,110
65,7,4,second,63,10000,plus,51,81
65,7,4,second,63,10000,plus,52,47
65,7,4,second,63,10000,plus,53,27
65,7,4,second,63,10000,plus,54,10
65,7,4,second,63,10000,plus,55,6
65,7,4,second,63,10000,plus,56,3
65,7,4,second,63,10000,plus,57,1
65,8,1,first,64,10000,minus,18,3
65,8,1,first,64,10000,minus,20,6
65,8,1,first,64,10000,minus,21,8
65,8,1,first,64,10000,minus,22,6
65,8,1,first,64,10000,minus,23,13
65,8,1,first,64,10000,minus,24,29
65,8,1,first,64,10000,minus,25,46
65,8,1,first,64,10000,plus,25,1
65,8,1,first,64,10000,minus,26,65
65,8,1,first,64,10000,minus,27,84
65,8,1,first,64,10000,minus,28,139
65,8,1,first,64,10000,plus,28,1
65,8,1,first,64,10000,minus,29,205
65,8,1,first,64,10000,plus,29,6
65,8,1,first,64,10000,minus,30,262
65,8,1,first,64,10000,plus,30,6
65,8,1,first,64,10000,minus,31,368
65,8,1,first,64,10000,plus,31,27
65,8,1,first,64,10000,minus,32,530
65,8,1,first,64,10000,plus,32,32
65,8,1,first,64,10000,minus,33,606
65,8,1,first,64,10000,plus,33,74
65,8,1,first,64,10000,minus,34,766
65,8,1,first,64,10000,plus,34,132
65,8,1,first,64,10000,minus,35,900
65,8,1,first,64,10000,plus,35,205
65,8,1,first,64,10000,minus,36,972
65,8,1,first,64,10000,plus,36,351
65,8,1,first,64,10000,minus,37,1015
65,8,1,first,64,10000,plus,37,508
65,8,1,first,64,10000,minus,38,980
65,8,1,first,64,10000,plus,38,710
65,8,1,first,64,10000,minus,39,838
65,8,1,first,64,10000,plus,39,818
65,8,1,first,64,10000,minus,40,709
65,8,1,first,64,10000,plus,40,982
65,8,1,first,64,10000,minus,41,533
65,8,1,first,64,10000,plus,41,1009
65,8,1,first,64,10000,minus,42,402
65,8,1,first,64,10000,plus,42,966
65,8,1,first,64,10000,minus,43,251
65,8,1,first,64,10000,plus,43,985
65,8,1,first,64,10000,minus,44,136
65,8,1,first,64,10000,plus,44,847
65,8,1,first,64,10000,minus,45,66
65,8,1,first,64,10000,plus,45,717
65,8,1,first,64,10000,minus,46,35
65,8,1,first,64,10000,plus,46,513
65,8,1,first,64,10000,minus,47,12
65,8,1,first,64,10000,plus,47,383
65,8,1,first,64,10000,minus,48,12
65,8,1,first,64,10000,plus,48,279
65,8,1,first,64,10000,minus,49,3
65,8,1,first,64,10000,plus,49,165
65,8,1,first,64,10000,plus,50,134
65,8,1,first,64,10000,plus,51,79
65,8,1,first,64,10000,plus,52,49
65,8,1,first,64,10000,plus,53,10
65,8,1,first,64,10000,plus,54,9
65,8,1,first,64,10000,plus,56,2
65,7,4,second,64,10000,minus,17,1
65,7,4,second,64,10000,minus,18,1
65,7,4,second,64,10000,minus,19,1
65,7,4,second,64,10000,minus,20,4
65,7,4,second,64,10000,minus,21,7
65,7,4,second,64,10000,minus,22,5
65,7,4,second,64,10000,minus,23,11
65,7,4,second,64,10000,minus,24,24
65,7,4,second,64,10000,minus,25,42
65,7,4,second,64,10000,minus,26,66
65,7,4,second,64,10000,minus,27,93
65,7,4,second,64,10000,minus,28,135
65,7,4,second,64,10000,plus,28,2
65,7,4,second,64,10000,minus,29,195
65,7,4,second,64,10000,plus,29,1
65,7,4,second,64,10000,minus,30,272
65,7,4,second,64,10000,plus,30,4
65,7,4,second,64,10000,minus,31,352
65,7,4,second,64,10000,plus,31,15
65,7,4,second,64,10000,minus,32,506
65,7,4,second,64,10000,plus,32,33
65,7,4,second,64,10000,minus,33,609
65,7,4,second,64,10000,plus,33,72
65,7,4,second,64,10000,minus,34,762
65,7,4,second,64,10000,plus,34,137
65,7,4,second,64,10000,minus,35,853
65,7,4,second,64,10000,plus,35,234
65,7,4,second,64,10000,minus,36,1035
65,7,4,second,64,10000,plus,36,338
65,7,4,second,64,10000,minus,37,1027
65,7,4,second,64,10000,plus,37,494
65,7,4,second,64,10000,minus,38,978
65,7,4,second,64,10000,plus,38,682
65,7,4,second,64,10000,minus,39,839
65,7,4,second,64,10000,plus,39,866
65,7,4,second,64,10000,minus,40,708
65,7,4,second,64,10000,plus,40,928
65,7,4,second,64,10000,minus,41,544
65,7,4,second,64,10000,plus,41,1032
65,7,4,second,64,10000,minus,42,401
65,7,4,second,64,10000,plus,42,1010
65,7,4,second,64,10000,minus,43,270
65,7,4,second,64,10000,plus,43,963
65,7,4,second,64,10000,minus,44,122
65,7,4,second,64,10000,plus,44,889
65,7,4,second,64,10000,minus,45,68
65,7,4,second,64,10000,plus,45,725
65,7,4,second,64,10000,minus,46,43
65,7,4,second,64,10000,plus,46,511
65,7,4,second,64,10000,minus,47,20
65,7,4,second,64,10000,plus,47,365
65,7,4,second,64,10000,minus,48,2
65,7,4,second,64,10000,plus,48,278
65,7,4,second,64,10000,minus,49,4
65,7,4,second,64,10000,plus,49,178
65,7,4,second,64,10000,plus,50,101
65,7,4,second,64,10000,plus,51,61
65,7,4,second,64,10000,plus,52,47
65,7,4,second,64,10000,plus,53,17
65,7,4,second,64,10000,plus,54,10
65,7,4,second,64,10000,plus,55,5
65,7,4,second,64,10000,plus,56,1
65,7,4,second,64,10000,plus,57,1
65,8,1,first,65,10000,minus,20,2
65,8,1,first,65,10000,minus,21,6
65,8,1,first,65,10000,minus,22,7
65,8,1,first,65,10000,minus,23,16
65,8,1,first,65,10000,minus,24,31
65,8,1,first,65,10000,minus,25,46
65,8,1,first,65,10000,minus,26,68
65,8,1,first,65,10000,minus,27,100
65,8,1,first,65,10000,minus,28,136
65,8,1,first,65,10000,plus,28,1
65,8,1,first,65,10000,minus,29,202
65,8,1,first,65,10000,plus,29,3
65,8,1,first,65,10000,minus,30,284
65,8,1,first,65,10000,plus,30,15
65,8,1,first,65,10000,minus,31,387
65,8,1,first,65,10000,plus,31,23
65,8,1,first,65,10000,minus,32,468
65,8,1,first,65,10000,plus,32,49
65,8,1,first,65,10000,minus,33,697
65,8,1,first,65,10000,plus,33,79
65,8,1,first,65,10000,minus,34,713
65,8,1,first,65,10000,plus,34,121
65,8,1,first,65,10000,minus,35,900
65,8,1,first,65,10000,plus,35,218
65,8,1,first,65,10000,minus,36,952
65,8,1,first,65,10000,plus,36,333
65,8,1,first,65,10000,minus,37,1016
65,8,1,first,65,10000,plus,37,462
65,8,1,first,65,10000,minus,38,1018
65,8,1,first,65,10000,plus,38,699
65,8,1,first,65,10000,minus,39,863
65,8,1,first,65,10000,plus,39,818
65,8,1,first,65,10000,minus,40,714
65,8,1,first,65,10000,plus,40,1006
65,8,1,first,65,10000,minus,41,524
65,8,1,first,65,10000,plus,41,1050
65,8,1,first,65,10000,minus,42,378
65,8,1,first,65,10000,plus,42,1030
65,8,1,first,65,10000,minus,43,235
65,8,1,first,65,10000,plus,43,976
65,8,1,first,65,10000,minus,44,118
65,8,1,first,65,10000,plus,44,896
65,8,1,first,65,10000,minus,45,67
65,8,1,first,65,10000,plus,45,658
65,8,1,first,65,10000,minus,46,29
65,8,1,first,65,10000,plus,46,538
65,8,1,first,65,10000,minus,47,16
65,8,1,first,65,10000,plus,47,381
65,8,1,first,65,10000,minus,48,6
65,8,1,first,65,10000,plus,48,262
65,8,1,first,65,10000,minus,49,1
65,8,1,first,65,10000,plus,49,160
65,8,1,first,65,10000,plus,50,97
65,8,1,first,65,10000,plus,51,64
65,8,1,first,65,10000,plus,52,37
65,8,1,first,65,10000,plus,53,16
65,8,1,first,65,10000,plus,54,4
65,8,1,first,65,10000,plus,55,2
65,8,1,first,65,10000,plus,56,1
65,8,1,first,65,10000,plus,58,1
65,7,4,second,65,10000,minus,18,3
65,7,4,second,65,10000,minus,20,2
65,7,4,second,65,10000,minus,21,3
65,7,4,second,65,10000,minus,22,7
65,7,4,second,65,10000,minus,23,16
65,7,4,second,65,10000,minus,24,27
65,7,4,second,65,10000,minus,25,37
65,7,4,second,65,10000,minus,26,50
65,7,4,second,65,10000,minus,27,79
65,7,4,second,65,10000,minus,28,143
65,7,4,second,65,10000,plus,28,2
65,7,4,second,65,10000,minus,29,217
65,7,4,second,65,10000,plus,29,6
65,7,4,second,65,10000,minus,30,319
65,7,4,second,65,10000,plus,30,9
65,7,4,second,65,10000,minus,31,396
65,7,4,second,65,10000,plus,31,18
65,7,4,second,65,10000,minus,32,475
65,7,4,second,65,10000,plus,32,39
65,7,4,second,65,10000,minus,33,626
65,7,4,second,65,10000,plus,33,65
65,7,4,second,65,10000,minus,34,787
65,7,4,second,65,10000,plus,34,136
65,7,4,second,65,10000,minus,35,900
65,7,4,second,65,10000,plus,35,232
65,7,4,second,65,10000,minus,36,994
65,7,4,second,65,10000,plus,36,325
65,7,4,second,65,10000,minus,37,1025
65,7,4,second,65,10000,plus,37,466
65,7,4,second,65,10000,minus,38,926
65,7,4,second,65,10000,plus,38,637
65,7,4,second,65,10000,minus,39,890
65,7,4,second,65,10000,plus,39,836
65,7,4,second,65,10000,minus,40,728
65,7,4,second,65,10000,plus,40,924
65,7,4,second,65,10000,minus,41,519
65,7,4,second,65,10000,plus,41,1041
65,7,4,second,65,10000,minus,42,355
65,7,4,second,65,10000,plus,42,1062
65,7,4,second,65,10000,minus,43,230
65,7,4,second,65,10000,plus,43,928
65,7,4,second,65,10000,minus,44,126
65,7,4,second,65,10000,plus,44,882
65,7,4,second,65,10000,minus,45,76
65,7,4,second,65,10000,plus,45,723
65,7,4,second,65,10000,minus,46,27
65,7,4,second,65,10000,plus,46,575
65,7,4,second,65,10000,minus,47,11
65,7,4,second,65,10000,plus,47,365
65,7,4,second,65,10000,minus,48,5
65,7,4,second,65,10000,plus,48,283
65,7,4,second,65,10000,plus,49,202
65,7,4,second,65,10000,minus,50,1
65,7,4,second,65,10000,plus,50,91
65,7,4,second,65,10000,plus,51,73
65,7,4,second,65,10000,plus,52,45
65,7,4,second,65,10000,plus,53,25
65,7,4,second,65,10000,plus,54,9
65,7,4,second,65,10000,plus,55,1
65,8,1,first,66,10000,minus,19,2
65,8,1,first,66,10000,minus,21,12
65,8,1,first,66,10000,minus,22,13
65,8,1,first,66,10000,minus,23,19
65,8,1,first,66,10000,minus,24,28
65,8,1,first,66,10000,minus,25,38
65,8,1,first,66,10000,minus,26,58
65,8,1,first,66,10000,minus,27,100
65,8,1,first,66,10000,plus,27,1
65,8,1,first,66,10000,minus,28,139
65,8,1,first,66,10000,plus,28,4
65,8,1,first,66,10000,minus,29,199
65,8,1,first,66,10000,plus,29,8
65,8,1,first,66,10000,minus,30,260
65,8,1,first,66,10000,plus,30,10
65,8,1,first,66,10000,minus,31,390
65,8,1,first,66,10000,plus,31,19
65,8,1,first,66,10000,minus,32,473
65,8,1,first,66,10000,plus,32,48
65,8,1,first,66,10000,minus,33,669
65,8,1,first,66,10000,plus,33,76
65,8,1,first,66,10000,minus,34,766
65,8,1,first,66,10000,plus,34,134
65,8,1,first,66,10000,minus,35,868
65,8,1,first,66,10000,plus,35,211
65,8,1,first,66,10000,minus,36,978
65,8,1,first,66,10000,plus,36,345
65,8,1,first,66,10000,minus,37,1002
65,8,1,first,66,10000,plus,37,470
65,8,1,first,66,10000,minus,38,969
65,8,1,first,66,10000,plus,38,657
65,8,1,first,66,10000,minus,39,885
65,8,1,first,66,10000,plus,39,843
65,8,1,first,66,10000,minus,40,719
65,8,1,first,66,10000,plus,40,968
65,8,1,first,66,10000,minus,41,554
65,8,1,first,66,10000,plus,41,1019
65,8,1,first,66,10000,minus,42,383
65,8,1,first,66,10000,plus,42,1067
65,8,1,first,66,10000,minus,43,236
65,8,1,first,66,10000,plus,43,982
65,8,1,first,66,10000,minus,44,122
65,8,1,first,66,10000,plus,44,778
65,8,1,first,66,10000,minus,45,66
65,8,1,first,66,10000,plus,45,725
65,8,1,first,66,10000,minus,46,33
65,8,1,first,66,10000,plus,46,534
65,8,1,first,66,10000,minus,47,13
65,8,1,first,66,10000,plus,47,394
65,8,1,first,66,10000,minus,48,3
65,8,1,first,66,10000,plus,48,272
65,8,1,first,66,10000,minus,49,2
65,8,1,first,66,10000,plus,49,187
65,8,1,first,66,10000,minus,50,1
65,8,1,first,66,10000,plus,50,114
65,8,1,first,66,10000,plus,51,69
65,8,1,first,66,10000,plus,52,27
65,8,1,first,66,10000,plus,53,21
65,8,1,first,66,10000,plus,54,11
65,8,1,first,66,10000,plus,55,4
65,8,1,first,66,10000,plus,56,2
65,7,4,second,66,10000,minus,17,2
65,7,4,second,66,10000,minus,20,2
65,7,4,second,66,10000,minus,21,8
65,7,4,second,66,10000,minus,22,9
65,7,4,second,66,10000,minus,23,18
65,7,4,second,66,10000,minus,24,28
65,7,4,second,66,10000,minus,25,31
65,7,4,second,66,10000,minus,26,52
65,7,4,second,66,10000,minus,27,110
65,7,4,second,66,10000,plus,27,1
65,7,4,second,66,10000,minus,28,137
65,7,4,second,66,10000,minus,29,211
65,7,4,second,66,10000,plus,29,1
65,7,4,second,66,10000,minus,30,327
65,7,4,second,66,10000,plus,30,7
65,7,4,second,66,10000,minus,31,358
65,7,4,second,66,10000,plus,31,17
65,7,4,second,66,10000,minus,32,514
65,7,4,second,66,10000,plus,32,51
65,7,4,second,66,10000,minus,33,630
65,7,4,second,66,10000,plus,33,77
65,7,4,second,66,10000,minus,34,788
65,7,4,second,66,10000,plus,34,125
65,7,4,second,66,10000,minus,35,895
65,7,4,second,66,10000,plus,35,208
65,7,4,second,66,10000,minus,36,1009
65,7,4,second,66,10000,plus,36,336
65,7,4,second,66,10000,minus,37,1018
65,7,4,second,66,10000,plus,37,476
65,7,4,second,66,10000,minus,38,905
65,7,4,second,66,10000,plus,38,665
65,7,4,second,66,10000,minus,39,827
65,7,4,second,66,10000,plus,39,849
65,7,4,second,66,10000,minus,40,712
65,7,4,second,66,10000,plus,40,1042
65,7,4,second,66,10000,minus,41,549
65,7,4,second,66,10000,plus,41,1059
65,7,4,second,66,10000,minus,42,380
65,7,4,second,66,10000,plus,42,1053
65,7,4,second,66,10000,minus,43,240
65,7,4,second,66,10000,plus,43,964
65,7,4,second,66,10000,minus,44,125
65,7,4,second,66,10000,plus,44,815
65,7,4,second,66,10000,minus,45,69
65,7,4,second,66,10000,plus,45,680
65,7,4,second,66,10000,minus,46,29
65,7,4,second,66,10000,plus,46,551
65,7,4,second,66,10000,minus,47,9
65,7,4,second,66,10000,plus,47,373
65,7,4,second,66,10000,minus,48,6
65,7,4,second,66,10000,plus,48,244
65,7,4,second,66,10000,minus,49,1
65,7,4,second,66,10000,plus,49,163
65,7,4,second,66,10000,plus,50,115
65,7,4,second,66,10000,minus,51,1
65,7,4,second,66,10000,plus,51,72
65,7,4,second,66,10000,plus,52,28
65,7,4,second,66,10000,plus,53,14
65,7,4,second,66,10000,plus,54,8
65,7,4,second,66,10000,plus,55,4
65,7,4,second,66,10000,plus,56,2
65,8,1,first,67,10000,minus,13,1
65,8,1,first,67,10000,minus,16,1
65,8,1,first,67,10000,minus,17,1
65,8,1,first,67,10000,minus,19,3
65,8,1,first,67,10000,minus,20,3
65,8,1,first,67,10000,minus,21,7
65,8,1,first,67,10000,minus,22,16
65,8,1,first,67,10000,minus,23,22
65,8,1,first,67,10000,minus,24,19
65,8,1,first,67,10000,minus,25,46
65,8,1,first,67,10000,minus,26,66
65,8,1,first,67,10000,minus,27,89
65,8,1,first,67,10000,minus,28,144
65,8,1,first,67,10000,plus,28,2
65,8,1,first,67,10000,minus,29,184
65,8,1,first,67,10000,plus,29,4
65,8,1,first,67,10000,minus,30,289
65,8,1,first,67,10000,plus,30,8
65,8,1,first,67,10000,minus,31,401
65,8,1,first,67,10000,plus,31,21
65,8,1,first,67,10000,minus,32,504
65,8,1,first,67,10000,plus,32,29
65,8,1,first,67,10000,minus,33,634
65,8,1,first,67,10000,plus,33,85
65,8,1,first,67,10000,minus,34,762
65,8,1,first,67,10000,plus,34,142
65,8,1,first,67,10000,minus,35,902
65,8,1,first,67,10000,plus,35,222
65,8,1,first,67,10000,minus,36,1008
65,8,1,first,67,10000,plus,36,328
65,8,1,first,67,10000,minus,37,994
65,8,1,first,67,10000,plus,37,502
65,8,1,first,67,10000,minus,38,1002
65,8,1,first,67,10000,plus,38,662
65,8,1,first,67,10000,minus,39,848
65,8,1,first,67,10000,plus,39,830
65,8,1,first,67,10000,minus,40,645
65,8,1,first,67,10000,plus,40,945
65,8,1,first,67,10000,minus,41,543
65,8,1,first,67,10000,plus,41,1034
65,8,1,first,67,10000,minus,42,367
65,8,1,first,67,10000,plus,42,1029
65,8,1,first,67,10000,minus,43,230
65,8,1,first,67,10000,plus,43,1009
65,8,1,first,67,10000,minus,44,138
65,8,1,first,67,10000,plus,44,873
65,8,1,first,67,10000,minus,45,75
65,8,1,first,67,10000,plus,45,652
65,8,1,first,67,10000,minus,46,33
65,8,1,first,67,10000,plus,46,566
65,8,1,first,67,10000,minus,47,17
65,8,1,first,67,10000,plus,47,400
65,8,1,first,67,10000,minus,48,3
65,8,1,first,67,10000,plus,48,267
65,8,1,first,67,10000,minus,49,3
65,8,1,first,67,10000,plus,49,176
65,8,1,first,67,10000,plus,50,115
65,8,1,first,67,10000,plus,51,44
65,8,1,first,67,10000,plus,52,29
65,8,1,first,67,10000,plus,53,14
65,8,1,first,67,10000,plus,54,8
65,8,1,first,67,10000,plus,55,3
65,8,1,first,67,10000,plus,56,1
65,7,4,second,67,10000,minus,18,2
65,7,4,second,67,10000,minus,20,3
65,7,4,second,67,10000,minus,21,6
65,7,4,second,67,10000,minus,22,11
65,7,4,second,67,10000,minus,23,20
65,7,4,second,67,10000,minus,24,21
65,7,4,second,67,10000,minus,25,28
65,7,4,second,67,10000,minus,26,57
65,7,4,second,67,10000,plus,26,1
65,7,4,second,67,10000,minus,27,92
65,7,4,second,67,10000,plus,27,1
65,7,4,second,67,10000,minus,28,131
65,7,4,second,67,10000,plus,28,2
65,7,4,second,67,10000,minus,29,183
65,7,4,second,67,10000,plus,29,4
65,7,4,second,67,10000,minus,30,283
65,7,4,second,67,10000,plus,30,8
65,7,4,second,67,10000,minus,31,390
65,7,4,second,67,10000,plus,31,23
65,7,4,second,67,10000,minus,32,522
65,7,4,second,67,10000,plus,32,49
65,7,4,second,67,10000,minus,33,650
65,7,4,second,67,10000,plus,33,63
65,7,4,second,67,10000,minus,34,790
65,7,4,second,67,10000,plus,34,124
65,7,4,second,67,10000,minus,35,906
65,7,4,second,67,10000,plus,35,195
65,7,4,second,67,10000,minus,36,991
65,7,4,second,67,10000,plus,36,355
65,7,4,second,67,10000,minus,37,1017
65,7,4,second,67,10000,plus,37,506
65,7,4,second,67,10000,minus,38,999
65,7,4,second,67,10000,plus,38,667
65,7,4,second,67,10000,minus,39,859
65,7,4,second,67,10000,plus,39,893
65,7,4,second,67,10000,minus,40,673
65,7,4,second,67,10000,plus,40,960
65,7,4,second,67,10000,minus,41,513
65,7,4,second,67,10000,plus,41,1011
65,7,4,second,67,10000,minus,42,355
65,7,4,second,67,10000,plus,42,1031
65,7,4,second,67,10000,minus,43,204
65,7,4,second,67,10000,plus,43,965
65,7,4,second,67,10000,minus,44,139
65,7,4,second,67,10000,plus,44,823
65,7,4,second,67,10000,minus,45,82
65,7,4,second,67,10000,plus,45,684
65,7,4,second,67,10000,minus,46,51
65,7,4,second,67,10000,plus,46,497
65,7,4,second,67,10000,minus,47,16
65,7,4,second,67,10000,plus,47,421
65,7,4,second,67,10000,minus,48,3
65,7,4,second,67,10000,plus,48,274
65,7,4,second,67,10000,minus,49,3
65,7,4,second,67,10000,plus,49,180
65,7,4,second,67,10000,plus,50,111
65,7,4,second,67,10000,plus,51,68
65,7,4,second,67,10000,plus,52,36
65,7,4,second,67,10000,plus,53,29
65,7,4,second,67,10000,plus,54,13
65,7,4,second,67,10000,plus,55,2
65,7,4,second,67,10000,plus,56,3
65,7,4,second,67,10000,plus,57,1
65,8,1,first,68,10000,minus,18,1
65,8,1,first,68,10000,minus,19,1
65,8,1,first,68,10000,minus,20,1
65,8,1,first,68,10000,minus,21,8
65,8,1,first,68,10000,minus,22,7
65,8,1,first,68,10000,minus,23,15
65,8,1,first,68,10000,minus,24,28
65,8,1,first,68,10000,minus,25,50
65,8,1,first,68,10000,minus,26,62
65,8,1,first,68,10000,minus,27,111
65,8,1,first,68,10000,minus,28,157
65,8,1,first,68,10000,plus,28,2
65,8,1,first,68,10000,minus,29,204
65,8,1,first,68,10000,plus,29,5
65,8,1,first,68,10000,minus,30,268
65,8,1,first,68,10000,plus,30,10
65,8,1,first,68,10000,minus,31,355
65,8,1,first,68,10000,plus,31,17
65,8,1,first,68,10000,minus,32,510
65,8,1,first,68,10000,plus,32,41
65,8,1,first,68,10000,minus,33,654
65,8,1,first,68,10000,plus,33,72
65,8,1,first,68,10000,minus,34,758
65,8,1,first,68,10000,plus,34,123
65,8,1,first,68,10000,minus,35,883
65,8,1,first,68,10000,plus,35,207
65,8,1,first,68,10000,minus,36,1010
65,8,1,first,68,10000,plus,36,336
65,8,1,first,68,10000,minus,37,1019
65,8,1,first,68,10000,plus,37,480
65,8,1,first,68,10000,minus,38,960
65,8,1,first,68,10000,plus,38,679
65,8,1,first,68,10000,minus,39,844
65,8,1,first,68,10000,plus,39,877
65,8,1,first,68,10000,minus,40,743
65,8,1,first,68,10000,plus,40,950
65,8,1,first,68,10000,minus,41,524
65,8,1,first,68,10000,plus,41,989
65,8,1,first,68,10000,minus,42,343
65,8,1,first,68,10000,plus,42,1036
65,8,1,first,68,10000,minus,43,226
65,8,1,first,68,10000,plus,43,993
65,8,1,first,68,10000,minus,44,141
65,8,1,first,68,10000,plus,44,818
65,8,1,first,68,10000,minus,45,80
65,8,1,first,68,10000,plus,45,725
65,8,1,first,68,10000,minus,46,24
65,8,1,first,68,10000,plus,46,552
65,8,1,first,68,10000,minus,47,10
65,8,1,first,68,10000,plus,47,409
65,8,1,first,68,10000,minus,48,3
65,8,1,first,68,10000,plus,48,276
65,8,1,first,68,10000,plus,49,194
65,8,1,first,68,10000,plus,50,95
65,8,1,first,68,10000,plus,51,59
65,8,1,first,68,10000,plus,52,32
65,8,1,first,68,10000,plus,53,13
65,8,1,first,68,10000,plus,54,7
65,8,1,first,68,10000,plus,55,3
65,7,4,second,68,10000,minus,17,1
65,7,4,second,68,10000,minus,19,1
65,7,4,second,68,10000,minus,21,2
65,7,4,second,68,10000,minus,22,6
65,7,4,second,68,10000,minus,23,16
65,7,4,second,68,10000,minus,24,12
65,7,4,second,68,10000,minus,25,35
65,7,4,second,68,10000,minus,26,52
65,7,4,second,68,10000,minus,27,76
65,7,4,second,68,10000,plus,27,1
65,7,4,second,68,10000,minus,28,145
65,7,4,second,68,10000,plus,28,2
65,7,4,second,68,10000,minus,29,182
65,7,4,second,68,10000,plus,29,6
65,7,4,second,68,10000,minus,30,294
65,7,4,second,68,10000,plus,30,14
65,7,4,second,68,10000,minus,31,381
65,7,4,second,68,10000,plus,31,18
65,7,4,second,68,10000,minus,32,488
65,7,4,second,68,10000,plus,32,31
65,7,4,second,68,10000,minus,33,627
65,7,4,second,68,10000,plus,33,76
65,7,4,second,68,10000,minus,34,765
65,7,4,second,68,10000,plus,34,119
65,7,4,second,68,10000,minus,35,866
65,7,4,second,68,10000,plus,35,207
65,7,4,second,68,10000,minus,36,1033
65,7,4,second,68,10000,plus,36,339
65,7,4,second,68,10000,minus,37,996
65,7,4,second,68,10000,plus,37,459
65,7,4,second,68,10000,minus,38,1032
65,7,4,second,68,10000,plus,38,659
65,7,4,second,68,10000,minus,39,855
65,7,4,second,68,10000,plus,39,808
65,7,4,second,68,10000,minus,40,727
65,7,4,second,68,10000,plus,40,986
65,7,4,second,68,10000,minus,41,577
65,7,4,second,68,10000,plus,41,1053
65,7,4,second,68,10000,minus,42,350
65,7,4,second,68,10000,plus,42,1054
65,7,4,second,68,10000,minus,43,236
65,7,4,second,68,10000,plus,43,954
65,7,4,second,68,10000,minus,44,127
65,7,4,second,68,10000,plus,44,886
65,7,4,second,68,10000,minus,45,73
65,7,4,second,68,10000,plus,45,708
65,7,4,second,68,10000,minus,46,25
65,7,4,second,68,10000,plus,46,563
65,7,4,second,68,10000,minus,47,12
65,7,4,second,68,10000,plus,47,373
65,7,4,second,68,10000,minus,48,6
65,7,4,second,68,10000,plus,48,249
65,7,4,second,68,10000,minus,49,2
65,7,4,second,68,10000,plus,49,158
65,7,4,second,68,10000,plus,50,116
65,7,4,second,68,10000,plus,51,80
65,7,4,second,68,10000,plus,52,39
65,7,4,second,68,10000,plus,53,21
65,7,4,second,68,10000,plus,54,15
65,7,4,second,68,10000,plus,55,4
65,7,4,second,68,10000,plus,56,2
65,8,1,first,69,10000,minus,19,3
65,8,1,first,69,10000,minus,20,5
65,8,1,first,69,10000,minus,21,9
65,8,1,first,69,10000,minus,22,6
65,8,1,first,69,10000,minus,23,10
65,8,1,first,69,10000,minus,24,28
65,8,1,first,69,10000,minus,25,46
65,8,1,first,69,10000,minus,26,70
65,8,1,first,69,10000,minus,27,91
65,8,1,first,69,10000,plus,27,1
65,8,1,first,69,10000,minus,28,129
65,8,1,first,69,10000,minus,29,182
65,8,1,first,69,10000,plus,29,5
65,8,1,first,69,10000,minus,30,275
65,8,1,first,69,10000,plus,30,8
65,8,1,first,69,10000,minus,31,452
65,8,1,first,69,10000,plus,31,20
65,8,1,first,69,10000,minus,32,490
65,8,1,first,69,10000,plus,32,36
65,8,1,first,69,10000,minus,33,701
65,8,1,first,69,10000,plus,33,82
65,8,1,first,69,10000,minus,34,763
65,8,1,first,69,10000,plus,34,147
65,8,1,first,69,10000,minus,35,892
65,8,1,first,69,10000,plus,35,223
65,8,1,first,69,10000,minus,36,967
65,8,1,first,69,10000,plus,36,319
65,8,1,first,69,10000,minus,37,962
65,8,1,first,69,10000,plus,37,499
65,8,1,first,69,10000,minus,38,932
65,8,1,first,69,10000,plus,38,663
65,8,1,first,69,10000,minus,39,885
65,8,1,first,69,10000,plus,39,811
65,8,1,first,69,10000,minus,40,709
65,8,1,first,69,10000,plus,40,911
65,8,1,first,69,10000,minus,41,535
65,8,1,first,69,10000,plus,41,1044
65,8,1,first,69,10000,minus,42,368
65,8,1,first,69,10000,plus,42,1092
65,8,1,first,69,10000,minus,43,233
65,8,1,first,69,10000,plus,43,988
65,8,1,first,69,10000,minus,44,132
65,8,1,first,69,10000,plus,44,855
65,8,1,first,69,10000,minus,45,71
65,8,1,first,69,10000,plus,45,738
65,8,1,first,69,10000,minus,46,39
65,8,1,first,69,10000,plus,46,479
65,8,1,first,69,10000,minus,47,12
65,8,1,first,69,10000,plus,47,412
65,8,1,first,69,10000,minus,48,3
65,8,1,first,69,10000,plus,48,276
65,8,1,first,69,10000,plus,49,171
65,8,1,first,69,10000,plus,50,100
65,8,1,first,69,10000,plus,51,64
65,8,1,first,69,10000,plus,52,28
65,8,1,first,69,10000,plus,53,21
65,8,1,first,69,10000,plus,54,4
65,8,1,first,69,10000,plus,55,2
65,8,1,first,69,10000,plus,56,1
65,7,4,second,69,10000,minus,17,1
65,7,4,second,69,10000,minus,19,1
65,7,4,second,69,10000,minus,20,1
65,7,4,second,69,10000,minus,21,4
65,7,4,second,69,10000,minus,22,6
65,7,4,second,69,10000,minus,23,12
65,7,4,second,69,10000,minus,24,31
65,7,4,second,69,10000,minus,25,45
65,7,4,second,69,10000,minus,26,56
65,7,4,second,69,10000,minus,27,85
65,7,4,second,69,10000,plus,27,1
65,7,4,second,69,10000,minus,28,149
65,7,4,second,69,10000,plus,28,1
65,7,4,second,69,10000,minus,29,181
65,7,4,second,69,10000,plus,29,3
65,7,4,second,69,10000,minus,30,273
65,7,4,second,69,10000,plus,30,10
65,7,4,second,69,10000,minus,31,393
65,7,4,second,69,10000,plus,31,9
65,7,4,second,69,10000,minus,32,515
65,7,4,second,69,10000,plus,32,42
65,7,4,second,69,10000,minus,33,579
65,7,4,second,69,10000,plus,33,84
65,7,4,second,69,10000,minus,34,780
65,7,4,second,69,10000,plus,34,110
65,7,4,second,69,10000,minus,35,866
65,7,4,second,69,10000,plus,35,217
65,7,4,second,69,10000,minus,36,968
65,7,4,second,69,10000,plus,36,332
65,7,4,second,69,10000,minus,37,986
65,7,4,second,69,10000,plus,37,479
65,7,4,second,69,10000,minus,38,972
65,7,4,second,69,10000,plus,38,653
65,7,4,second,69,10000,minus,39,897
65,7,4,second,69,10000,plus,39,791
65,7,4,second,69,10000,minus,40,770
65,7,4,second,69,10000,plus,40,973
65,7,4,second,69,10000,minus,41,597
65,7,4,second,69,10000,plus,41,1051
65,7,4,second,69,10000,minus,42,347
65,7,4,second,69,10000,plus,42,1062
65,7,4,second,69,10000,minus,43,246
65,7,4,second,69,10000,plus,43,947
65,7,4,second,69,10000,minus,44,125
65,7,4,second,69,10000,plus,44,883
65,7,4,second,69,10000,minus,45,55
65,7,4,second,69,10000,plus,45,689
65,7,4,second,69,10000,minus,46,37
65,7,4,second,69,10000,plus,46,547
65,7,4,second,69,10000,minus,47,14
65,7,4,second,69,10000,plus,47,399
65,7,4,second,69,10000,minus,48,8
65,7,4,second,69,10000,plus,48,272
65,7,4,second,69,10000,plus,49,195
65,7,4,second,69,10000,plus,50,121
65,7,4,second,69,10000,plus,51,65
65,7,4,second,69,10000,plus,52,40
65,7,4,second,69,10000,plus,53,9
65,7,4,second,69,10000,plus,54,8
65,7,4,second,69,10000,plus,55,7
65,8,1,first,70,10000,minus,17,1
65,8,1,first,70,10000,minus,18,2
65,8,1,first,70,10000,minus,19,1
65,8,1,first,70,10000,minus,20,3
65,8,1,first,70,10000,minus,21,9
65,8,1,first,70,10000,minus,22,13
65,8,1,first,70,10000,minus,23,16
65,8,1,first,70,10000,minus,24,27
65,8,1,first,70,10000,minus,25,38
65,8,1,first,70,10000,minus,26,62
65,8,1,first,70,10000,minus,27,88
65,8,1,first,70,10000,minus,28,167
65,8,1,first,70,10000,plus,28,4
65,8,1,first,70,10000,minus,29,187
65,8,1,first,70,10000,plus,29,2
65,8,1,first,70,10000,minus,30,270
65,8,1,first,70,10000,plus,30,11
65,8,1,first,70,10000,minus,31,369
65,8,1,first,70,10000,plus,31,23
65,8,1,first,70,10000,minus,32,494
65,8,1,first,70,10000,plus,32,34
65,8,1,first,70,10000,minus,33,605
65,8,1,first,70,10000,plus,33,63
65,8,1,first,70,10000,minus,34,800
65,8,1,first,70,10000,plus,34,129
65,8,1,first,70,10000,minus,35,970
65,8,1,first,70,10000,plus,35,226
65,8,1,first,70,10000,minus,36,933
65,8,1,first,70,10000,plus,36,360
65,8,1,first,70,10000,minus,37,1023
65,8,1,first,70,10000,plus,37,515
65,8,1,first,70,10000,minus,38,968
65,8,1,first,70,10000,plus,38,664
65,8,1,first,70,10000,minus,39,888
65,8,1,first,70,10000,plus,39,847
65,8,1,first,70,10000,minus,40,695
65,8,1,first,70,10000,plus,40,968
65,8,1,first,70,10000,minus,41,560
65,8,1,first,70,10000,plus,41,1060
65,8,1,first,70,10000,minus,42,342
65,8,1,first,70,10000,plus,42,1068
65,8,1,first,70,10000,minus,43,221
65,8,1,first,70,10000,plus,43,930
65,8,1,first,70,10000,minus,44,140
65,8,1,first,70,10000,plus,44,923
65,8,1,first,70,10000,minus,45,58
65,8,1,first,70,10000,plus,45,707
65,8,1,first,70,10000,minus,46,28
65,8,1,first,70,10000,plus,46,485
65,8,1,first,70,10000,minus,47,13
65,8,1,first,70,10000,plus,47,358
65,8,1,first,70,10000,minus,48,7
65,8,1,first,70,10000,plus,48,250
65,8,1,first,70,10000,minus,49,1
65,8,1,first,70,10000,plus,49,181
65,8,1,first,70,10000,minus,50,1
65,8,1,first,70,10000,plus,50,92
65,8,1,first,70,10000,plus,51,58
65,8,1,first,70,10000,plus,52,23
65,8,1,first,70,10000,plus,53,13
65,8,1,first,70,10000,plus,54,5
65,8,1,first,70,10000,plus,56,1
65,7,4,second,70,10000,minus,18,1
65,7,4,second,70,10000,minus,19,2
65,7,4,second,70,10000,minus,20,3
65,7,4,second,70,10000,minus,21,7
65,7,4,second,70,10000,minus,22,3
65,7,4,second,70,10000,minus,23,5
65,7,4,second,70,10000,minus,24,20
65,7,4,second,70,10000,minus,25,41
65,7,4,second,70,10000,minus,26,54
65,7,4,second,70,10000,minus,27,93
65,7,4,second,70,10000,minus,28,128
65,7,4,second,70,10000,plus,28,1
65,7,4,second,70,10000,minus,29,219
65,7,4,second,70,10000,plus,29,3
65,7,4,second,70,10000,minus,30,302
65,7,4,second,70,10000,plus,30,6
65,7,4,second,70,10000,minus,31,368
65,7,4,second,70,10000,plus,31,15
65,7,4,second,70,10000,minus,32,489
65,7,4,second,70,10000,plus,32,37
65,7,4,second,70,10000,minus,33,660
65,7,4,second,70,10000,plus,33,71
65,7,4,second,70,10000,minus,34,782
65,7,4,second,70,10000,plus,34,129
65,7,4,second,70,10000,minus,35,899
65,7,4,second,70,10000,plus,35,216
65,7,4,second,70,10000,minus,36,990
65,7,4,second,70,10000,plus,36,329
65,7,4,second,70,10000,minus,37,1013
65,7,4,second,70,10000,plus,37,503
65,7,4,second,70,10000,minus,38,1025
65,7,4,second,70,10000,plus,38,662
65,7,4,second,70,10000,minus,39,904
65,7,4,second,70,10000,plus,39,887
65,7,4,second,70,10000,minus,40,659
65,7,4,second,70,10000,plus,40,961
65,7,4,second,70,10000,minus,41,508
65,7,4,second,70,10000,plus,41,1034
65,7,4,second,70,10000,minus,42,352
65,7,4,second,70,10000,plus,42,1050
65,7,4,second,70,10000,minus,43,235
65,7,4,second,70,10000,plus,43,922
65,7,4,second,70,10000,minus,44,121
65,7,4,second,70,10000,plus,44,841
65,7,4,second,70,10000,minus,45,69
65,7,4,second,70,10000,plus,45,717
65,7,4,second,70,10000,minus,46,23
65,7,4,second,70,10000,plus,46,553
65,7,4,second,70,10000,minus,47,17
65,7,4,second,70,10000,plus,47,401
65,7,4,second,70,10000,minus,48,5
65,7,4,second,70,10000,plus,48,274
65,7,4,second,70,10000,minus,49,1
65,7,4,second,70,10000,plus,49,157
65,7,4,second,70,10000,minus,50,2
65,7,4,second,70,10000,plus,50,102
65,7,4,second,70,10000,plus,51,63
65,7,4,second,70,10000,plus,52,33
65,7,4,second,70,10000,plus,53,19
65,7,4,second,70,10000,plus,54,10
65,7,4,second,70,10000,plus,55,2
65,7,4,second,70,10000,plus,56,2
65,8,1,first,71,10000,minus,14,1
65,8,1,first,71,10000,minus,19,3
65,8,1,first,71,10000,minus,20,5
65,8,1,first,71,10000,minus,21,6
65,8,1,first,71,10000,minus,22,12
65,8,1,first,71,10000,minus,23,20
65,8,1,first,71,10000,minus,24,23
65,8,1,first,71,10000,minus,25,46
65,8,1,first,71,10000,minus,26,68
65,8,1,first,71,10000,minus,27,114
65,8,1,first,71,10000,minus,28,160
65,8,1,first,71,10000,plus,28,2
65,8,1,first,71,10000,minus,29,214
65,8,1,first,71,10000,plus,29,5
65,8,1,first,71,10000,minus,30,271
65,8,1,first,71,10000,plus,30,8
65,8,1,first,71,10000,minus,31,373
65,8,1,first,71,10000,plus,31,20
65,8,1,first,71,10000,minus,32,505
65,8,1,first,71,10000,plus,32,30
65,8,1,first,71,10000,minus,33,591
65,8,1,first,71,10000,plus,33,84
65,8,1,first,71,10000,minus,34,747
65,8,1,first,71,10000,plus,34,141
65,8,1,first,71,10000,minus,35,914
65,8,1,first,71,10000,plus,35,203
65,8,1,first,71,10000,minus,36,948
65,8,1,first,71,10000,plus,36,347
65,8,1,first,71,10000,minus,37,1034
65,8,1,first,71,10000,plus,37,490
65,8,1,first,71,10000,minus,38,934
65,8,1,first,71,10000,plus,38,677
65,8,1,first,71,10000,minus,39,884
65,8,1,first,71,10000,plus,39,812
65,8,1,first,71,10000,minus,40,714
65,8,1,first,71,10000,plus,40,949
65,8,1,first,71,10000,minus,41,574
65,8,1,first,71,10000,plus,41,1091
65,8,1,first,71,10000,minus,42,371
65,8,1,first,71,10000,plus,42,1052
65,8,1,first,71,10000,minus,43,240
65,8,1,first,71,10000,plus,43,991
65,8,1,first,71,10000,minus,44,113
65,8,1,first,71,10000,plus,44,844
65,8,1,first,71,10000,minus,45,63
65,8,1,first,71,10000,plus,45,710
65,8,1,first,71,10000,minus,46,35
65,8,1,first,71,10000,plus,46,506
65,8,1,first,71,10000,minus,47,8
65,8,1,first,71,10000,plus,47,383
65,8,1,first,71,10000,minus,48,7
65,8,1,first,71,10000,plus,48,264
65,8,1,first,71,10000,minus,49,2
65,8,1,first,71,10000,plus,49,185
65,8,1,first,71,10000,plus,50,96
65,8,1,first,71,10000,plus,51,51
65,8,1,first,71,10000,plus,52,28
65,8,1,first,71,10000,plus,53,18
65,8,1,first,71,10000,plus,54,6
65,8,1,first,71,10000,plus,55,6
65,8,1,first,71,10000,plus,56,1
65,7,4,second,71,10000,minus,19,2
65,7,4,second,71,10000,minus,20,1
65,7,4,second,71,10000,minus,21,4
65,7,4,second,71,10000,minus,22,11
65,7,4,second,71,10000,minus,23,13
65,7,4,second,71,10000,minus,24,26
65,7,4,second,71,10000,minus,25,36
65,7,4,second,71,10000,minus,26,67
65,7,4,second,71,10000,minus,27,86
65,7,4,second,71,10000,minus,28,140
65,7,4,second,71,10000,plus,28,1
65,7,4,second,71,10000,minus,29,213
65,7,4,second,71,10000,plus,29,4
65,7,4,second,71,10000,minus,30,307
65,7,4,second,71,10000,plus,30,13
65,7,4,second,71,10000,minus,31,387
65,7,4,second,71,10000,plus,31,19
65,7,4,second,71,10000,minus,32,484
65,7,4,second,71,10000,plus,32,43
65,7,4,second,71,10000,minus,33,706
65,7,4,second,71,10000,plus,33,65
65,7,4,second,71,10000,minus,34,770
65,7,4,second,71,10000,plus,34,139
65,7,4,second,71,10000,minus,35,938
65,7,4,second,71,10000,plus,35,223
65,7,4,second,71,10000,minus,36,973
65,7,4,second,71,10000,plus,36,367
65,7,4,second,71,10000,minus,37,951
65,7,4,second,71,10000,plus,37,480
65,7,4,second,71,10000,minus,38,985
65,7,4,second,71,10000,plus,38,655
65,7,4,second,71,10000,minus,39,801
65,7,4,second,71,10000,plus,39,821
65,7,4,second,71,10000,minus,40,751
65,7,4,second,71,10000,plus,40,954
65,7,4,second,71,10000,minus,41,511
65,7,4,second,71,10000,plus,41,1084
65,7,4,second,71,10000,minus,42,364
65,7,4,second,71,10000,plus,42,1053
65,7,4,second,71,10000,minus,43,227
65,7,4,second,71,10000,plus,43,942
65,7,4,second,71,10000,minus,44,121
65,7,4,second,71,10000,plus,44,879
65,7,4,second,71,10000,minus,45,60
65,7,4,second,71,10000,plus,45,676
65,7,4,second,71,10000,minus,46,41
65,7,4,second,71,10000,plus,46,476
65,7,4,second,71,10000,minus,47,16
65,7,4,second,71,10000,plus,47,385
65,7,4,second,71,10000,minus,48,7
65,7,4,second,71,10000,plus,48,280
65,7,4,second,71,10000,minus,49,1
65,7,4,second,71,10000,plus,49,186
65,7,4,second,71,10000,plus,50,128
65,7,4,second,71,10000,plus,51,65
65,7,4,second,71,10000,plus,52,33
65,7,4,second,71,10000,plus,53,15
65,7,4,second,71,10000,plus,54,12
65,7,4,second,71,10000,plus,56,2
65,8,1,first,72,10000,minus,19,3
65,8,1,first,72,10000,minus,20,9
65,8,1,first,72,10000,minus,21,7
65,8,1,first,72,10000,minus,22,17
65,8,1,first,72,10000,minus,23,18
65,8,1,first,72,10000,minus,24,42
65,8,1,first,72,10000,minus,25,41
65,8,1,first,72,10000,minus,26,75
65,8,1,first,72,10000,minus,27,116
65,8,1,first,72,10000,plus,27,3
65,8,1,first,72,10000,minus,28,160
65,8,1,first,72,10000,plus,28,2
65,8,1,first,72,10000,minus,29,203
65,8,1,first,72,10000,plus,29,5
65,8,1,first,72,10000,minus,30,306
65,8,1,first,72,10000,plus,30,14
65,8,1,first,72,10000,minus,31,348
65,8,1,first,72,10000,plus,31,15
65,8,1,first,72,10000,minus,32,502
65,8,1,first,72,10000,plus,32,47
65,8,1,first,72,10000,minus,33,612
65,8,1,first,72,10000,plus,33,76
65,8,1,first,72,10000,minus,34,771
65,8,1,first,72,10000,plus,34,131
65,8,1,first,72,10000,minus,35,855
65,8,1,first,72,10000,plus,35,217
65,8,1,first,72,10000,minus,36,989
65,8,1,first,72,10000,plus,36,305
65,8,1,first,72,10000,minus,37,1001
65,8,1,first,72,10000,plus,37,509
65,8,1,first,72,10000,minus,38,981
65,8,1,first,72,10000,plus,38,686
65,8,1,first,72,10000,minus,39,866
65,8,1,first,72,10000,plus,39,817
65,8,1,first,72,10000,minus,40,691
65,8,1,first,72,10000,plus,40,977
65,8,1,first,72,10000,minus,41,543
65,8,1,first,72,10000,plus,41,1080
65,8,1,first,72,10000,minus,42,359
65,8,1,first,72,10000,plus,42,988
65,8,1,first,72,10000,minus,43,221
65,8,1,first,72,10000,plus,43,975
65,8,1,first,72,10000,minus,44,146
65,8,1,first,72,10000,plus,44,846
65,8,1,first,72,10000,minus,45,60
65,8,1,first,72,10000,plus,45,707
65,8,1,first,72,10000,minus,46,39
65,8,1,first,72,10000,plus,46,548
65,8,1,first,72,10000,minus,47,10
65,8,1,first,72,10000,plus,47,404
65,8,1,first,72,10000,minus,48,5
65,8,1,first,72,10000,plus,48,264
65,8,1,first,72,10000,minus,49,2
65,8,1,first,72,10000,plus,49,158
65,8,1,first,72,10000,minus,50,2
65,8,1,first,72,10000,plus,50,104
65,8,1,first,72,10000,plus,51,51
65,8,1,first,72,10000,plus,52,40
65,8,1,first,72,10000,plus,53,21
65,8,1,first,72,10000,plus,54,7
65,8,1,first,72,10000,plus,55,3
65,7,4,second,72,10000,minus,19,2
65,7,4,second,72,10000,minus,20,3
65,7,4,second,72,10000,minus,21,3
65,7,4,second,72,10000,minus,22,13
65,7,4,second,72,10000,minus,23,14
65,7,4,second,72,10000,minus,24,29
65,7,4,second,72,10000,minus,25,31
65,7,4,second,72,10000,minus,26,57
65,7,4,second,72,10000,plus,26,2
65,7,4,second,72,10000,minus,27,95
65,7,4,second,72,10000,minus,28,139
65,7,4,second,72,10000,plus,28,3
65,7,4,second,72,10000,minus,29,178
65,7,4,second,72,10000,plus,29,6
65,7,4,second,72,10000,minus,30,283
65,7,4,second,72,10000,plus,30,6
65,7,4,second,72,10000,minus,31,351
65,7,4,second,72,10000,plus,31,23
65,7,4,second,72,10000,minus,32,504
65,7,4,second,72,10000,plus,32,46
65,7,4,second,72,10000,minus,33,688
65,7,4,second,72,10000,plus,33,61
65,7,4,second,72,10000,minus,34,736
65,7,4,second,72,10000,plus,34,133
65,7,4,second,72,10000,minus,35,906
65,7,4,second,72,10000,plus,35,210
65,7,4,second,72,10000,minus,36,981
65,7,4,second,72,10000,plus,36,335
65,7,4,second,72,10000,minus,37,1023
65,7,4,second,72,10000,plus,37,491
65,7,4,second,72,10000,minus,38,984
65,7,4,second,72,10000,plus,38,645
65,7,4,second,72,10000,minus,39,862
65,7,4,second,72,10000,plus,39,857
65,7,4,second,72,10000,minus,40,727
65,7,4,second,72,10000,plus,40,962
65,7,4,second,72,10000,minus,41,534
65,7,4,second,72,10000,plus,41,1037
65,7,4,second,72,10000,minus,42,387
65,7,4,second,72,10000,plus,42,1039
65,7,4,second,72,10000,minus,43,215
65,7,4,second,72,10000,plus,43,1003
65,7,4,second,72,10000,minus,44,129
65,7,4,second,72,10000,plus,44,850
65,7,4,second,72,10000,minus,45,68
65,7,4,second,72,10000,plus,45,666
65,7,4,second,72,10000,minus,46,30
65,7,4,second,72,10000,plus,46,532
65,7,4,second,72,10000,minus,47,18
65,7,4,second,72,10000,plus,47,357
65,7,4,second,72,10000,minus,48,9
65,7,4,second,72,10000,plus,48,294
65,7,4,second,72,10000,minus,49,1
65,7,4,second,72,10000,plus,49,178
65,7,4,second,72,10000,plus,50,114
65,7,4,second,72,10000,plus,51,78
65,7,4,second,72,10000,plus,52,39
65,7,4,second,72,10000,plus,53,16
65,7,4,second,72,10000,plus,54,7
65,7,4,second,72,10000,plus,55,8
65,7,4,second,72,10000,plus,56,1
65,7,4,second,72,10000,plus,57,1
65,8,1,first,73,10000,minus,19,1
65,8,1,first,73,10000,minus,20,4
65,8,1,first,73,10000,minus,21,9
65,8,1,first,73,10000,minus,22,6
65,8,1,first,73,10000,minus,23,18
65,8,1,first,73,10000,minus,24,32
65,8,1,first,73,10000,minus,25,49
65,8,1,first,73,10000,minus,26,72
65,8,1,first,73,10000,minus,27,98
65,8,1,first,73,10000,minus,28,155
65,8,1,first,73,10000,plus,28,2
65,8,1,first,73,10000,minus,29,207
65,8,1,first,73,10000,plus,29,4
65,8,1,first,73,10000,minus,30,283
65,8,1,first,73,10000,plus,30,11
65,8,1,first,73,10000,minus,31,385
65,8,1,first,73,10000,plus,31,25
65,8,1,first,73,10000,minus,32,481
65,8,1,first,73,10000,plus,32,43
65,8,1,first,73,10000,minus,33,630
65,8,1,first,73,10000,plus,33,66
65,8,1,first,73,10000,minus,34,786
65,8,1,first,73,10000,plus,34,110
65,8,1,first,73,10000,minus,35,847
65,8,1,first,73,10000,plus,35,200
65,8,1,first,73,10000,minus,36,969
65,8,1,first,73,10000,plus,36,340
65,8,1,first,73,10000,minus,37,1016
65,8,1,first,73,10000,plus,37,489
65,8,1,first,73,10000,minus,38,959
65,8,1,first,73,10000,plus,38,642
65,8,1,first,73,10000,minus,39,867
65,8,1,first,73,10000,plus,39,811
65,8,1,first,73,10000,minus,40,727
65,8,1,first,73,10000,plus,40,939
65,8,1,first,73,10000,minus,41,533
65,8,1,first,73,10000,plus,41,1041
65,8,1,first,73,10000,minus,42,367
65,8,1,first,73,10000,plus,42,1116
65,8,1,first,73,10000,minus,43,256
65,8,1,first,73,10000,plus,43,973
65,8,1,first,73,10000,minus,44,129
65,8,1,first,73,10000,plus,44,886
65,8,1,first,73,10000,minus,45,75
65,8,1,first,73,10000,plus,45,726
65,8,1,first,73,10000,minus,46,24
65,8,1,first,73,10000,plus,46,551
65,8,1,first,73,10000,minus,47,11
65,8,1,first,73,10000,plus,47,373
65,8,1,first,73,10000,minus,48,4
65,8,1,first,73,10000,plus,48,255
65,8,1,first,73,10000,plus,49,175
65,8,1,first,73,10000,plus,50,96
65,8,1,first,73,10000,plus,51,61
65,8,1,first,73,10000,plus,52,41
65,8,1,first,73,10000,plus,53,15
65,8,1,first,73,10000,plus,54,5
65,8,1,first,73,10000,plus,55,3
65,8,1,first,73,10000,plus,56,1
65,7,4,second,73,10000,minus,17,1
65,7,4,second,73,10000,minus,19,1
65,7,4,second,73,10000,minus,20,1
65,7,4,second,73,10000,minus,21,6
65,7,4,second,73,10000,minus,22,10
65,7,4,second,73,10000,minus,23,14
65,7,4,second,73,10000,minus,24,17
65,7,4,second,73,10000,minus,25,46
65,7,4,second,73,10000,minus,26,77
65,7,4,second,73,10000,minus,27,91
65,7,4,second,73,10000,minus,28,132
65,7,4,second,73,10000,plus,28,2
65,7,4,second,73,10000,minus,29,172
65,7,4,second,73,10000,plus,29,5
65,7,4,second,73,10000,minus,30,297
65,7,4,second,73,10000,plus,30,16
65,7,4,second,73,10000,minus,31,394
65,7,4,second,73,10000,plus,31,23
65,7,4,second,73,10000,minus,32,520
65,7,4,second,73,10000,plus,32,41
65,7,4,second,73,10000,minus,33,632
65,7,4,second,73,10000,plus,33,70
65,7,4,second,73,10000,minus,34,796
65,7,4,second,73,10000,plus,34,141
65,7,4,second,73,10000,minus,35,949
65,7,4,second,73,10000,plus,35,215
65,7,4,second,73,10000,minus,36,1001
65,7,4,second,73,10000,plus,36,375
65,7,4,second,73,10000,minus,37,997
65,7,4,second,73,10000,plus,37,530
65,7,4,second,73,10000,minus,38,974
65,7,4,second,73,10000,plus,38,654
65,7,4,second,73,10000,minus,39,815
65,7,4,second,73,10000,plus,39,836
65,7,4,second,73,10000,minus,40,687
65,7,4,second,73,10000,plus,40,959
65,7,4,second,73,10000,minus,41,515
65,7,4,second,73,10000,plus,41,1033
65,7,4,second,73,10000,minus,42,371
65,7,4,second,73,10000,plus,42,1021
65,7,4,second,73,10000,minus,43,226
65,7,4,second,73,10000,plus,43,979
65,7,4,second,73,10000,minus,44,145
65,7,4,second,73,10000,plus,44,814
65,7,4,second,73,10000,minus,45,61
65,7,4,second,73,10000,plus,45,689
65,7,4,second,73,10000,minus,46,28
65,7,4,second,73,10000,plus,46,539
65,7,4,second,73,10000,minus,47,16
65,7,4,second,73,10000,plus,47,379
65,7,4,second,73,10000,minus,48,6
65,7,4,second,73,10000,plus,48,259
65,7,4,second,73,10000,minus,49,2
65,7,4,second,73,10000,plus,49,163
65,7,4,second,73,10000,plus,50,106
65,7,4,second,73,10000,plus,51,72
65,7,4,second,73,10000,plus,52,48
65,7,4,second,73,10000,plus,53,18
65,7,4,second,73,10000,plus,54,8
65,7,4,second,73,10000,plus,55,3
65,7,4,second,73,10000,plus,56,2
65,8,1,first,74,10000,minus,17,1
65,8,1,first,74,10000,minus,20,7
65,8,1,first,74,10000,minus,21,4
65,8,1,first,74,10000,minus,22,10
65,8,1,first,74,10000,minus,23,19
65,8,1,first,74,10000,minus,24,32
65,8,1,first,74,10000,minus,25,45
65,8,1,first,74,10000,minus,26,80
65,8,1,first,74,10000,plus,26,1
65,8,1,first,74,10000,minus,27,82
65,8,1,first,74,10000,minus,28,148
65,8,1,first,74,10000,plus,28,4
65,8,1,first,74,10000,minus,29,191
65,8,1,first,74,10000,plus,29,3
65,8,1,first,74,10000,minus,30,283
65,8,1,first,74,10000,plus,30,9
65,8,1,first,74,10000,minus,31,380
65,8,1,first,74,10000,plus,31,25
65,8,1,first,74,10000,minus,32,486
65,8,1,first,74,10000,plus,32,45
65,8,1,first,74,10000,minus,33,672
65,8,1,first,74,10000,plus,33,71
65,8,1,first,74,10000,minus,34,729
65,8,1,first,74,10000,plus,34,132
65,8,1,first,74,10000,minus,35,897
65,8,1,first,74,10000,plus,35,205
65,8,1,first,74,10000,minus,36,972
65,8,1,first,74,10000,plus,36,338
65,8,1,first,74,10000,minus,37,975
65,8,1,first,74,10000,plus,37,492
65,8,1,first,74,10000,minus,38,945
65,8,1,first,74,10000,plus,38,675
65,8,1,first,74,10000,minus,39,856
65,8,1,first,74,10000,plus,39,834
65,8,1,first,74,10000,minus,40,703
65,8,1,first,74,10000,plus,40,875
65,8,1,first,74,10000,minus,41,554
65,8,1,first,74,10000,plus,41,1041
65,8,1,first,74,10000,minus,42,398
65,8,1,first,74,10000,plus,42,1051
65,8,1,first,74,10000,minus,43,251
65,8,1,first,74,10000,plus,43,990
65,8,1,first,74,10000,minus,44,141
65,8,1,first,74,10000,plus,44,880
65,8,1,first,74,10000,minus,45,75
65,8,1,first,74,10000,plus,45,706
65,8,1,first,74,10000,minus,46,41
65,8,1,first,74,10000,plus,46,526
65,8,1,first,74,10000,minus,47,14
65,8,1,first,74,10000,plus,47,412
65,8,1,first,74,10000,minus,48,8
65,8,1,first,74,10000,plus,48,289
65,8,1,first,74,10000,minus,49,1
65,8,1,first,74,10000,plus,49,177
65,8,1,first,74,10000,plus,50,90
65,8,1,first,74,10000,plus,51,62
65,8,1,first,74,10000,plus,52,41
65,8,1,first,74,10000,plus,53,8
65,8,1,first,74,10000,plus,54,13
65,8,1,first,74,10000,plus,55,3
65,8,1,first,74,10000,plus,56,2
65,7,4,second,74,10000,minus,18,2
65,7,4,second,74,10000,minus,20,2
65,7,4,second,74,10000,minus,21,7
65,7,4,second,74,10000,minus,22,6
65,7,4,second,74,10000,minus,23,10
65,7,4,second,74,10000,minus,24,22
65,7,4,second,74,10000,minus,25,42
65,7,4,second,74,10000,minus,26,69
65,7,4,second,74,10000,minus,27,97
65,7,4,second,74,10000,plus,27,2
65,7,4,second,74,10000,minus,28,132
65,7,4,second,74,10000,plus,28,2
65,7,4,second,74,10000,minus,29,189
65,7,4,second,74,10000,plus,29,8
65,7,4,second,74,10000,minus,30,280
65,7,4,second,74,10000,plus,30,5
65,7,4,second,74,10000,minus,31,374
65,7,4,second,74,10000,plus,31,20
65,7,4,second,74,10000,minus,32,527
65,7,4,second,74,10000,plus,32,39
65,7,4,second,74,10000,minus,33,639
65,7,4,second,74,10000,plus,33,74
65,7,4,second,74,10000,minus,34,775
65,7,4,second,74,10000,plus,34,132
65,7,4,second,74,10000,minus,35,927
65,7,4,second,74,10000,plus,35,222
65,7,4,second,74,10000,minus,36,979
65,7,4,second,74,10000,plus,36,326
65,7,4,second,74,10000,minus,37,989
65,7,4,second,74,10000,plus,37,492
65,7,4,second,74,10000,minus,38,945
65,7,4,second,74,10000,plus,38,642
65,7,4,second,74,10000,minus,39,877
65,7,4,second,74,10000,plus,39,813
65,7,4,second,74,10000,minus,40,706
65,7,4,second,74,10000,plus,40,985
65,7,4,second,74,10000,minus,41,495
65,7,4,second,74,10000,plus,41,1057
65,7,4,second,74,10000,minus,42,391
65,7,4,second,74,10000,plus,42,1051
65,7,4,second,74,10000,minus,43,259
65,7,4,second,74,10000,plus,43,961
65,7,4,second,74,10000,minus,44,138
65,7,4,second,74,10000,plus,44,842
65,7,4,second,74,10000,minus,45,68
65,7,4,second,74,10000,plus,45,691
65,7,4,second,74,10000,minus,46,35
65,7,4,second,74,10000,plus,46,531
65,7,4,second,74,10000,minus,47,10
65,7,4,second,74,10000,plus,47,406
65,7,4,second,74,10000,minus,48,6
65,7,4,second,74,10000,plus,48,279
65,7,4,second,74,10000,minus,49,2
65,7,4,second,74,10000,plus,49,165
65,7,4,second,74,10000,plus,50,105
65,7,4,second,74,10000,plus,51,78
65,7,4,second,74,10000,plus,52,27
65,7,4,second,74,10000,plus,53,25
65,7,4,second,74,10000,plus,54,13
65,7,4,second,74,10000,plus,55,3
65,7,4,second,74,10000,plus,56,3
65,7,4,second,74,10000,plus,57,1
65,8,1,first,75,10000,minus,17,1
65,8,1,first,75,10000,minus,18,1
65,8,1,first,75,10000,minus,19,3
65,8,1,first,75,10000,minus,20,2
65,8,1,first,75,10000,minus,21,9
65,8,1,first,75,10000,minus,22,9
65,8,1,first,75,10000,minus,23,15
65,8,1,first,75,10000,minus,24,27
65,8,1,first,75,10000,minus,25,38
65,8,1,first,75,10000,minus,26,78
65,8,1,first,75,10000,minus,27,100
65,8,1,first,75,10000,plus,27,1
65,8,1,first,75,10000,minus,28,170
65,8,1,first,75,10000,minus,29,214
65,8,1,first,75,10000,plus,29,3
65,8,1,first,75,10000,minus,30,269
65,8,1,first,75,10000,plus,30,17
65,8,1,first,75,10000,minus,31,380
65,8,1,first,75,10000,plus,31,21
65,8,1,first,75,10000,minus,32,483
65,8,1,first,75,10000,plus,32,39
65,8,1,first,75,10000,minus,33,620
65,8,1,first,75,10000,plus,33,65
65,8,1,first,75,10000,minus,34,780
65,8,1,first,75,10000,plus,34,138
65,8,1,first,75,10000,minus,35,868
65,8,1,first,75,10000,plus,35,216
65,8,1,first,75,10000,minus,36,962
65,8,1,first,75,10000,plus,36,335
65,8,1,first,75,10000,minus,37,997
65,8,1,first,75,10000,plus,37,442
65,8,1,first,75,10000,minus,38,974
65,8,1,first,75,10000,plus,38,665
65,8,1,first,75,10000,minus,39,864
65,8,1,first,75,10000,plus,39,859
65,8,1,first,75,10000,minus,40,714
65,8,1,first,75,10000,plus,40,961
65,8,1,first,75,10000,minus,41,527
65,8,1,first,75,10000,plus,41,1081
65,8,1,first,75,10000,minus,42,368
65,8,1,first,75,10000,plus,42,1034
65,8,1,first,75,10000,minus,43,254
65,8,1,first,75,10000,plus,43,1004
65,8,1,first,75,10000,minus,44,148
65,8,1,first,75,10000,plus,44,837
65,8,1,first,75,10000,minus,45,74
65,8,1,first,75,10000,plus,45,683
65,8,1,first,75,10000,minus,46,34
65,8,1,first,75,10000,plus,46,548
65,8,1,first,75,10000,minus,47,9
65,8,1,first,75,10000,plus,47,399
65,8,1,first,75,10000,minus,48,7
65,8,1,first,75,10000,plus,48,256
65,8,1,first,75,10000,minus,49,1
65,8,1,first,75,10000,plus,49,175
65,8,1,first,75,10000,plus,50,116
65,8,1,first,75,10000,plus,51,65
65,8,1,first,75,10000,plus,52,19
65,8,1,first,75,10000,plus,53,8
65,8,1,first,75,10000,plus,54,10
65,8,1,first,75,10000,plus,55,2
65,8,1,first,75,10000,plus,56,1
65,7,4,second,75,10000,minus,18,1
65,7,4,second,75,10000,minus,19,2
65,7,4,second,75,10000,minus,20,1
65,7,4,second,75,10000,minus,21,2
65,7,4,second,75,10000,minus,22,8
65,7,4,second,75,10000,minus,23,10
65,7,4,second,75,10000,minus,24,19
65,7,4,second,75,10000,minus,25,39
65,7,4,second,75,10000,minus,26,74
65,7,4,second,75,10000,minus,27,94
65,7,4,second,75,10000,minus,28,131
65,7,4,second,75,10000,plus,28,3
65,7,4,second,75,10000,minus,29,204
65,7,4,second,75,10000,plus,29,8
65,7,4,second,75,10000,minus,30,299
65,7,4,second,75,10000,plus,30,4
65,7,4,second,75,10000,minus,31,389
65,7,4,second,75,10000,plus,31,23
65,7,4,second,75,10000,minus,32,500
65,7,4,second,75,10000,plus,32,48
65,7,4,second,75,10000,minus,33,621
65,7,4,second,75,10000,plus,33,80
65,7,4,second,75,10000,minus,34,803
65,7,4,second,75,10000,plus,34,113
65,7,4,second,75,10000,minus,35,887
65,7,4,second,75,10000,plus,35,235
65,7,4,second,75,10000,minus,36,996
65,7,4,second,75,10000,plus,36,339
65,7,4,second,75,10000,minus,37,986
65,7,4,second,75,10000,plus,37,492
65,7,4,second,75,10000,minus,38,963
65,7,4,second,75,10000,plus,38,683
65,7,4,second,75,10000,minus,39,881
65,7,4,second,75,10000,plus,39,824
65,7,4,second,75,10000,minus,40,681
65,7,4,second,75,10000,plus,40,914
65,7,4,second,75,10000,minus,41,534
65,7,4,second,75,10000,plus,41,1094
65,7,4,second,75,10000,minus,42,368
65,7,4,second,75,10000,plus,42,1020
65,7,4,second,75,10000,minus,43,251
65,7,4,second,75,10000,plus,43,981
65,7,4,second,75,10000,minus,44,133
65,7,4,second,75,10000,plus,44,836
65,7,4,second,75,10000,minus,45,65
65,7,4,second,75,10000,plus,45,691
65,7,4,second,75,10000,minus,46,36
65,7,4,second,75,10000,plus,46,503
65,7,4,second,75,10000,minus,47,16
65,7,4,second,75,10000,plus,47,411
65,7,4,second,75,10000,minus,48,5
65,7,4,second,75,10000,plus,48,267
65,7,4,second,75,10000,plus,49,175
65,7,4,second,75,10000,minus,50,1
65,7,4,second,75,10000,plus,50,116
65,7,4,second,75,10000,plus,51,69
65,7,4,second,75,10000,plus,52,30
65,7,4,second,75,10000,plus,53,24
65,7,4,second,75,10000,plus,54,13
65,7,4,second,75,10000,plus,55,3
65,7,4,second,75,10000,plus,56,1
65,8,1,first,76,10000,minus,20,8
65,8,1,first,76,10000,minus,21,13
65,8,1,first,76,10000,minus,22,11
65,8,1,first,76,10000,minus,23,19
65,8,1,first,76,10000,minus,24,33
65,8,1,first,76,10000,minus,25,41
65,8,1,first,76,10000,minus,26,68
65,8,1,first,76,10000,plus,26,1
65,8,1,first,76,10000,minus,27,84
65,8,1,first,76,10000,plus,27,1
65,8,1,first,76,10000,minus,28,152
65,8,1,first,76,10000,plus,28,1
65,8,1,first,76,10000,minus,29,181
65,8,1,first,76,10000,plus,29,1
65,8,1,first,76,10000,minus,30,284
65,8,1,first,76,10000,plus,30,11
65,8,1,first,76,10000,minus,31,405
65,8,1,first,76,10000,plus,31,26
65,8,1,first,76,10000,minus,32,548
65,8,1,first,76,10000,plus,32,49
65,8,1,first,76,10000,minus,33,614
65,8,1,first,76,10000,plus,33,56
65,8,1,first,76,10000,minus,34,788
65,8,1,first,76,10000,plus,34,133
65,8,1,first,76,10000,minus,35,931
65,8,1,first,76,10000,plus,35,233
65,8,1,first,76,10000,minus,36,933
65,8,1,first,76,10000,plus,36,351
65,8,1,first,76,10000,minus,37,992
65,8,1,first,76,10000,plus,37,486
65,8,1,first,76,10000,minus,38,964
65,8,1,first,76,10000,plus,38,636
65,8,1,first,76,10000,minus,39,855
65,8,1,first,76,10000,plus,39,828
65,8,1,first,76,10000,minus,40,670
65,8,1,first,76,10000,plus,40,1018
65,8,1,first,76,10000,minus,41,551
65,8,1,first,76,10000,plus,41,1016
65,8,1,first,76,10000,minus,42,388
65,8,1,first,76,10000,plus,42,1099
65,8,1,first,76,10000,minus,43,217
65,8,1,first,76,10000,plus,43,976
65,8,1,first,76,10000,minus,44,134
65,8,1,first,76,10000,plus,44,845
65,8,1,first,76,10000,minus,45,66
65,8,1,first,76,10000,plus,45,685
65,8,1,first,76,10000,minus,46,31
65,8,1,first,76,10000,plus,46,537
65,8,1,first,76,10000,minus,47,11
65,8,1,first,76,10000,plus,47,375
65,8,1,first,76,10000,minus,48,6
65,8,1,first,76,10000,plus,48,255
65,8,1,first,76,10000,minus,49,2
65,8,1,first,76,10000,plus,49,145
65,8,1,first,76,10000,plus,50,113
65,8,1,first,76,10000,plus,51,71
65,8,1,first,76,10000,plus,52,23
65,8,1,first,76,10000,plus,53,19
65,8,1,first,76,10000,plus,54,8
65,8,1,first,76,10000,plus,55,1
65,8,1,first,76,10000,plus,56,1
65,7,4,second,76,10000,minus,15,1
65,7,4,second,76,10000,minus,19,2
65,7,4,second,76,10000,minus,21,4
65,7,4,second,76,10000,minus,22,8
65,7,4,second,76,10000,minus,23,11
65,7,4,second,76,10000,minus,24,26
65,7,4,second,76,10000,minus,25,37
65,7,4,second,76,10000,minus,26,58
65,7,4,second,76,10000,plus,26,1
65,7,4,second,76,10000,minus,27,116
65,7,4,second,76,10000,minus,28,144
65,7,4,second,76,10000,minus,29,206
65,7,4,second,76,10000,plus,29,5
65,7,4,second,76,10000,minus,30,301
65,7,4,second,76,10000,plus,30,11
65,7,4,second,76,10000,minus,31,390
65,7,4,second,76,10000,plus,31,13
65,7,4,second,76,10000,minus,32,515
65,7,4,second,76,10000,plus,32,47
65,7,4,second,76,10000,minus,33,654
65,7,4,second,76,10000,plus,33,96
65,7,4,second,76,10000,minus,34,766
65,7,4,second,76,10000,plus,34,139
65,7,4,second,76,10000,minus,35,901
65,7,4,second,76,10000,plus,35,216
65,7,4,second,76,10000,minus,36,1024
65,7,4,second,76,10000,plus,36,324
65,7,4,second,76,10000,minus,37,1021
65,7,4,second,76,10000,plus,37,512
65,7,4,second,76,10000,minus,38,878
65,7,4,second,76,10000,plus,38,625
65,7,4,second,76,10000,minus,39,853
65,7,4,second,76,10000,plus,39,842
65,7,4,second,76,10000,minus,40,730
65,7,4,second,76,10000,plus,40,941
65,7,4,second,76,10000,minus,41,523
65,7,4,second,76,10000,plus,41,1113
65,7,4,second,76,10000,minus,42,357
65,7,4,second,76,10000,plus,42,1037
65,7,4,second,76,10000,minus,43,201
65,7,4,second,76,10000,plus,43,940
65,7,4,second,76,10000,minus,44,167
65,7,4,second,76,10000,plus,44,857
65,7,4,second,76,10000,minus,45,60
65,7,4,second,76,10000,plus,45,666
65,7,4,second,76,10000,minus,46,32
65,7,4,second,76,10000,plus,46,521
65,7,4,second,76,10000,minus,47,10
65,7,4,second,76,10000,plus,47,396
65,7,4,second,76,10000,minus,48,2
65,7,4,second,76,10000,plus,48,259
65,7,4,second,76,10000,minus,49,1
65,7,4,second,76,10000,plus,49,200
65,7,4,second,76,10000,minus,50,1
65,7,4,second,76,10000,plus,50,102
65,7,4,second,76,10000,plus,51,55
65,7,4,second,76,10000,plus,52,39
65,7,4,second,76,10000,plus,53,22
65,7,4,second,76,10000,plus,54,12
65,7,4,second,76,10000,plus,55,3
65,7,4,second,76,10000,plus,56,4
65,7,4,second,76,10000,plus,57,2
65,8,1,first,77,10000,minus,17,1
65,8,1,first,77,10000,minus,19,2
65,8,1,first,77,10000,minus,20,8
65,8,1,first,77,10000,minus,21,7
65,8,1,first,77,10000,minus,22,9
65,8,1,first,77,10000,minus,23,20
65,8,1,first,77,10000,minus,24,26
65,8,1,first,77,10000,minus,25,43
65,8,1,first,77,10000,minus,26,59
65,8,1,first,77,10000,minus,27,101
65,8,1,first,77,10000,plus,27,1
65,8,1,first,77,10000,minus,28,148
65,8,1,first,77,10000,plus,28,3
65,8,1,first,77,10000,minus,29,190
65,8,1,first,77,10000,plus,29,2
65,8,1,first,77,10000,minus,30,293
65,8,1,first,77,10000,plus,30,11
65,8,1,first,77,10000,minus,31,377
65,8,1,first,77,10000,plus,31,14
65,8,1,first,77,10000,minus,32,521
65,8,1,first,77,10000,plus,32,36
65,8,1,first,77,10000,minus,33,660
65,8,1,first,77,10000,plus,33,83
65,8,1,first,77,10000,minus,34,725
65,8,1,first,77,10000,plus,34,150
65,8,1,first,77,10000,minus,35,926
65,8,1,first,77,10000,plus,35,220
65,8,1,first,77,10000,minus,36,985
65,8,1,first,77,10000,plus,36,295
65,8,1,first,77,10000,minus,37,1042
65,8,1,first,77,10000,plus,37,499
65,8,1,first,77,10000,minus,38,993
65,8,1,first,77,10000,plus,38,646
65,8,1,first,77,10000,minus,39,869
65,8,1,first,77,10000,plus,39,849
65,8,1,first,77,10000,minus,40,642
65,8,1,first,77,10000,plus,40,1033
65,8,1,first,77,10000,minus,41,525
65,8,1,first,77,10000,plus,41,1098
65,8,1,first,77,10000,minus,42,359
65,8,1,first,77,10000,plus,42,1005
65,8,1,first,77,10000,minus,43,229
65,8,1,first,77,10000,plus,43,979
65,8,1,first,77,10000,minus,44,125
65,8,1,first,77,10000,plus,44,857
65,8,1,first,77,10000,minus,45,68
65,8,1,first,77,10000,plus,45,669
65,8,1,first,77,10000,minus,46,22
65,8,1,first,77,10000,plus,46,520
65,8,1,first,77,10000,minus,47,18
65,8,1,first,77,10000,plus,47,376
65,8,1,first,77,10000,minus,48,7
65,8,1,first,77,10000,plus,48,253
65,8,1,first,77,10000,plus,49,189
65,8,1,first,77,10000,plus,50,102
65,8,1,first,77,10000,plus,51,63
65,8,1,first,77,10000,plus,52,25
65,8,1,first,77,10000,plus,53,13
65,8,1,first,77,10000,plus,54,7
65,8,1,first,77,10000,plus,55,2
65,7,4,second,77,10000,minus,19,1
65,7,4,second,77,10000,minus,20,3
65,7,4,second,77,10000,minus,21,1
65,7,4,second,77,10000,minus,22,8
65,7,4,second,77,10000,minus,23,17
65,7,4,second,77,10000,minus,24,24
65,7,4,second,77,10000,minus,25,44
65,7,4,second,77,10000,minus,26,52
65,7,4,second,77,10000,minus,27,90
65,7,4,second,77,10000,minus,28,158
65,7,4,second,77,10000,plus,28,2
65,7,4,second,77,10000,minus,29,213
65,7,4,second,77,10000,plus,29,5
65,7,4,second,77,10000,minus,30,254
65,7,4,second,77,10000,plus,30,5
65,7,4,second,77,10000,minus,31,359
65,7,4,second,77,10000,plus,31,30
65,7,4,second,77,10000,minus,32,518
65,7,4,second,77,10000,plus,32,33
65,7,4,second,77,10000,minus,33,630
65,7,4,second,77,10000,plus,33,62
65,7,4,second,77,10000,minus,34,833
65,7,4,second,77,10000,plus,34,158
65,7,4,second,77,10000,minus,35,933
65,7,4,second,77,10000,plus,35,217
65,7,4,second,77,10000,minus,36,963
65,7,4,second,77,10000,plus,36,385
65,7,4,second,77,10000,minus,37,987
65,7,4,second,77,10000,plus,37,477
65,7,4,second,77,10000,minus,38,958
65,7,4,second,77,10000,plus,38,652
65,7,4,second,77,10000,minus,39,873
65,7,4,second,77,10000,plus,39,817
65,7,4,second,77,10000,minus,40,708
65,7,4,second,77,10000,plus,40,973
65,7,4,second,77,10000,minus,41,530
65,7,4,second,77,10000,plus,41,1011
65,7,4,second,77,10000,minus,42,368
65,7,4,second,77,10000,plus,42,1000
65,7,4,second,77,10000,minus,43,231
65,7,4,second,77,10000,plus,43,995
65,7,4,second,77,10000,minus,44,133
65,7,4,second,77,10000,plus,44,855
65,7,4,second,77,10000,minus,45,59
65,7,4,second,77,10000,plus,45,685
65,7,4,second,77,10000,minus,46,29
65,7,4,second,77,10000,plus,46,536
65,7,4,second,77,10000,minus,47,14
65,7,4,second,77,10000,plus,47,390
65,7,4,second,77,10000,minus,48,7
65,7,4,second,77,10000,plus,48,269
65,7,4,second,77,10000,minus,49,1
65,7,4,second,77,10000,plus,49,184
65,7,4,second,77,10000,minus,50,1
65,7,4,second,77,10000,plus,50,115
65,7,4,second,77,10000,plus,51,60
65,7,4,second,77,10000,plus,52,47
65,7,4,second,77,10000,plus,53,15
65,7,4,second,77,10000,plus,54,15
65,7,4,second,77,10000,plus,55,3
65,7,4,second,77,10000,plus,56,3
65,7,4,second,77,10000,plus,59,1
65,8,1,first,78,10000,minus,18,2
65,8,1,first,78,10000,minus,19,1
65,8,1,first,78,10000,minus,21,5
65,8,1,first,78,10000,minus,22,15
65,8,1,first,78,10000,minus,23,18
65,8,1,first,78,10000,minus,24,30
65,8,1,first,78,10000,minus,25,38
65,8,1,first,78,10000,minus,26,66
65,8,1,first,78,10000,minus,27,98
65,8,1,first,78,10000,plus,27,1
65,8,1,first,78,10000,minus,28,145
65,8,1,first,78,10000,plus,28,2
65,8,1,first,78,10000,minus,29,195
65,8,1,first,78,10000,plus,29,10
65,8,1,first,78,10000,minus,30,298
65,8,1,first,78,10000,plus,30,17
65,8,1,first,78,10000,minus,31,393
65,8,1,first,78,10000,plus,31,18
65,8,1,first,78,10000,minus,32,498
65,8,1,first,78,10000,plus,32,41
65,8,1,first,78,10000,minus,33,621
65,8,1,first,78,10000,plus,33,70
65,8,1,first,78,10000,minus,34,737
65,8,1,first,78,10000,plus,34,115
65,8,1,first,78,10000,minus,35,929
65,8,1,first,78,10000,plus,35,218
65,8,1,first,78,10000,minus,36,979
65,8,1,first,78,10000,plus,36,319
65,8,1,first,78,10000,minus,37,982
65,8,1,first,78,10000,plus,37,476
65,8,1,first,78,10000,minus,38,1028
65,8,1,first,78,10000,plus,38,697
65,8,1,first,78,10000,minus,39,835
65,8,1,first,78,10000,plus,39,806
65,8,1,first,78,10000,minus,40,673
65,8,1,first,78,10000,plus,40,968
65,8,1,first,78,10000,minus,41,517
65,8,1,first,78,10000,plus,41,1008
65,8,1,first,78,10000,minus,42,380
65,8,1,first,78,10000,plus,42,1044
65,8,1,first,78,10000,minus,43,251
65,8,1,first,78,10000,plus,43,1010
65,8,1,first,78,10000,minus,44,142
65,8,1,first,78,10000,plus,44,884
65,8,1,first,78,10000,minus,45,82
65,8,1,first,78,10000,plus,45,712
65,8,1,first,78,10000,minus,46,26
65,8,1,first,78,10000,plus,46,557
65,8,1,first,78,10000,minus,47,11
65,8,1,first,78,10000,plus,47,390
65,8,1,first,78,10000,minus,48,5
65,8,1,first,78,10000,plus,48,254
65,8,1,first,78,10000,plus,49,159
65,8,1,first,78,10000,plus,50,91
65,8,1,first,78,10000,plus,51,77
65,8,1,first,78,10000,plus,52,27
65,8,1,first,78,10000,plus,53,19
65,8,1,first,78,10000,plus,54,5
65,8,1,first,78,10000,plus,55,4
65,8,1,first,78,10000,plus,57,1
65,7,4,second,78,10000,minus,18,1
65,7,4,second,78,10000,minus,19,2
65,7,4,second,78,10000,minus,20,1
65,7,4,second,78,10000,minus,21,4
65,7,4,second,78,10000,minus,22,11
65,7,4,second,78,10000,minus,23,23
65,7,4,second,78,10000,minus,24,29
65,7,4,second,78,10000,plus,24,1
65,7,4,second,78,10000,minus,25,40
65,7,4,second,78,10000,minus,26,75
65,7,4,second,78,10000,minus,27,98
65,7,4,second,78,10000,minus,28,135
65,7,4,second,78,10000,plus,28,2
65,7,4,second,78,10000,minus,29,203
65,7,4,second,78,10000,plus,29,3
65,7,4,second,78,10000,minus,30,286
65,7,4,second,78,10000,plus,30,9
65,7,4,second,78,10000,minus,31,376
65,7,4,second,78,10000,plus,31,17
65,7,4,second,78,10000,minus,32,506
65,7,4,second,78,10000,plus,32,39
65,7,4,second,78,10000,minus,33,637
65,7,4,second,78,10000,plus,33,84
65,7,4,second,78,10000,minus,34,759
65,7,4,second,78,10000,plus,34,133
65,7,4,second,78,10000,minus,35,849
65,7,4,second,78,10000,plus,35,217
65,7,4,second,78,10000,minus,36,948
65,7,4,second,78,10000,plus,36,341
65,7,4,second,78,10000,minus,37,1065
65,7,4,second,78,10000,plus,37,474
65,7,4,second,78,10000,minus,38,1023
65,7,4,second,78,10000,plus,38,655
65,7,4,second,78,10000,minus,39,873
65,7,4,second,78,10000,plus,39,859
65,7,4,second,78,10000,minus,40,696
65,7,4,second,78,10000,plus,40,930
65,7,4,second,78,10000,minus,41,524
65,7,4,second,78,10000,plus,41,1058
65,7,4,second,78,10000,minus,42,359
65,7,4,second,78,10000,plus,42,1070
65,7,4,second,78,10000,minus,43,231
65,7,4,second,78,10000,plus,43,1031
65,7,4,second,78,10000,minus,44,126
65,7,4,second,78,10000,plus,44,831
65,7,4,second,78,10000,minus,45,61
65,7,4,second,78,10000,plus,45,661
65,7,4,second,78,10000,minus,46,38
65,7,4,second,78,10000,plus,46,491
65,7,4,second,78,10000,minus,47,14
65,7,4,second,78,10000,plus,47,390
65,7,4,second,78,10000,minus,48,2
65,7,4,second,78,10000,plus,48,256
65,7,4,second,78,10000,minus,49,5
65,7,4,second,78,10000,plus,49,180
65,7,4,second,78,10000,plus,50,106
65,7,4,second,78,10000,plus,51,71
65,7,4,second,78,10000,plus,52,49
65,7,4,second,78,10000,plus,53,20
65,7,4,second,78,10000,plus,54,12
65,7,4,second,78,10000,plus,55,7
65,7,4,second,78,10000,plus,56,2
65,7,4,second,78,10000,plus,57,1
65,8,1,first,79,10000,minus,18,1
65,8,1,first,79,10000,minus,19,3
65,8,1,first,79,10000,minus,20,4
65,8,1,first,79,10000,minus,21,3
65,8,1,first,79,10000,minus,22,13
65,8,1,first,79,10000,minus,23,16
65,8,1,first,79,10000,minus,24,33
65,8,1,first,79,10000,minus,25,24
65,8,1,first,79,10000,minus,26,65
65,8,1,first,79,10000,plus,26,1
65,8,1,first,79,10000,minus,27,109
65,8,1,first,79,10000,plus,27,1
65,8,1,first,79,10000,minus,28,156
65,8,1,first,79,10000,plus,28,2
65,8,1,first,79,10000,minus,29,216
65,8,1,first,79,10000,plus,29,6
65,8,1,first,79,10000,minus,30,315
65,8,1,first,79,10000,plus,30,11
65,8,1,first,79,10000,minus,31,354
65,8,1,first,79,10000,plus,31,14
65,8,1,first,79,10000,minus,32,537
65,8,1,first,79,10000,plus,32,37
65,8,1,first,79,10000,minus,33,656
65,8,1,first,79,10000,plus,33,81
65,8,1,first,79,10000,minus,34,715
65,8,1,first,79,10000,plus,34,140
65,8,1,first,79,10000,minus,35,872
65,8,1,first,79,10000,plus,35,223
65,8,1,first,79,10000,minus,36,944
65,8,1,first,79,10000,plus,36,348
65,8,1,first,79,10000,minus,37,1023
65,8,1,first,79,10000,plus,37,473
65,8,1,first,79,10000,minus,38,993
65,8,1,first,79,10000,plus,38,654
65,8,1,first,79,10000,minus,39,856
65,8,1,first,79,10000,plus,39,822
65,8,1,first,79,10000,minus,40,681
65,8,1,first,79,10000,plus,40,1029
65,8,1,first,79,10000,minus,41,505
65,8,1,first,79,10000,plus,41,1058
65,8,1,first,79,10000,minus,42,384
65,8,1,first,79,10000,plus,42,1066
65,8,1,first,79,10000,minus,43,236
65,8,1,first,79,10000,plus,43,910
65,8,1,first,79,10000,minus,44,139
65,8,1,first,79,10000,plus,44,830
65,8,1,first,79,10000,minus,45,79
65,8,1,first,79,10000,plus,45,680
65,8,1,first,79,10000,minus,46,49
65,8,1,first,79,10000,plus,46,533
65,8,1,first,79,10000,minus,47,12
65,8,1,first,79,10000,plus,47,371
65,8,1,first,79,10000,minus,48,6
65,8,1,first,79,10000,plus,48,277
65,8,1,first,79,10000,plus,49,187
65,8,1,first,79,10000,minus,50,1
65,8,1,first,79,10000,plus,50,114
65,8,1,first,79,10000,plus,51,67
65,8,1,first,79,10000,plus,52,38
65,8,1,first,79,10000,plus,53,18
65,8,1,first,79,10000,plus,54,6
65,8,1,first,79,10000,plus,55,1
65,8,1,first,79,10000,plus,56,1
65,8,1,first,79,10000,plus,58,1
65,7,4,second,79,10000,minus,19,1
65,7,4,second,79,10000,minus,20,1
65,7,4,second,79,10000,minus,21,6
65,7,4,second,79,10000,minus,22,1
65,7,4,second,79,10000,minus,23,25
65,7,4,second,79,10000,minus,24,31
65,7,4,second,79,10000,minus,25,49
65,7,4,second,79,10000,minus,26,61
65,7,4,second,79,10000,minus,27,108
65,7,4,second,79,10000,plus,27,1
65,7,4,second,79,10000,minus,28,153
65,7,4,second,79,10000,plus,28,3
65,7,4,second,79,10000,minus,29,195
65,7,4,second,79,10000,plus,29,2
65,7,4,second,79,10000,minus,30,302
65,7,4,second,79,10000,plus,30,13
65,7,4,second,79,10000,minus,31,335
65,7,4,second,79,10000,plus,31,18
65,7,4,second,79,10000,minus,32,571
65,7,4,second,79,10000,plus,32,49
65,7,4,second,79,10000,minus,33,621
65,7,4,second,79,10000,plus,33,70
65,7,4,second,79,10000,minus,34,726
65,7,4,second,79,10000,plus,34,149
65,7,4,second,79,10000,minus,35,866
65,7,4,second,79,10000,plus,35,221
65,7,4,second,79,10000,minus,36,968
65,7,4,second,79,10000,plus,36,325
65,7,4,second,79,10000,minus,37,1004
65,7,4,second,79,10000,plus,37,516
65,7,4,second,79,10000,minus,38,967
65,7,4,second,79,10000,plus,38,612
65,7,4,second,79,10000,minus,39,861
65,7,4,second,79,10000,plus,39,874
65,7,4,second,79,10000,minus,40,736
65,7,4,second,79,10000,plus,40,949
65,7,4,second,79,10000,minus,41,517
65,7,4,second,79,10000,plus,41,1012
65,7,4,second,79,10000,minus,42,391
65,7,4,second,79,10000,plus,42,1082
65,7,4,second,79,10000,minus,43,246
65,7,4,second,79,10000,plus,43,969
65,7,4,second,79,10000,minus,44,133
65,7,4,second,79,10000,plus,44,801
65,7,4,second,79,10000,minus,45,69
65,7,4,second,79,10000,plus,45,658
65,7,4,second,79,10000,minus,46,31
65,7,4,second,79,10000,plus,46,553
65,7,4,second,79,10000,minus,47,16
65,7,4,second,79,10000,plus,47,405
65,7,4,second,79,10000,minus,48,6
65,7,4,second,79,10000,plus,48,264
65,7,4,second,79,10000,minus,49,3
65,7,4,second,79,10000,plus,49,173
65,7,4,second,79,10000,plus,50,118
65,7,4,second,79,10000,plus,51,84
65,7,4,second,79,10000,plus,52,41
65,7,4,second,79,10000,plus,53,17
65,7,4,second,79,10000,plus,54,9
65,7,4,second,79,10000,plus,55,4
65,7,4,second,79,10000,plus,56,6
65,7,4,second,79,10000,plus,57,2
65,8,1,first,80,10000,minus,17,1
65,8,1,first,80,10000,minus,20,8
65,8,1,first,80,10000,minus,21,6
65,8,1,first,80,10000,minus,22,13
65,8,1,first,80,10000,minus,23,19
65,8,1,first,80,10000,minus,24,29
65,8,1,first,80,10000,minus,25,49
65,8,1,first,80,10000,minus,26,75
65,8,1,first,80,10000,minus,27,115
65,8,1,first,80,10000,plus,27,1
65,8,1,first,80,10000,minus,28,115
65,8,1,first,80,10000,plus,28,3
65,8,1,first,80,10000,minus,29,189
65,8,1,first,80,10000,plus,29,2
65,8,1,first,80,10000,minus,30,259
65,8,1,first,80,10000,plus,30,10
65,8,1,first,80,10000,minus,31,369
65,8,1,first,80,10000,plus,31,15
65,8,1,first,80,10000,minus,32,481
65,8,1,first,80,10000,plus,32,44
65,8,1,first,80,10000,minus,33,652
65,8,1,first,80,10000,plus,33,69
65,8,1,first,80,10000,minus,34,785
65,8,1,first,80,10000,plus,34,146
65,8,1,first,80,10000,minus,35,900
65,8,1,first,80,10000,plus,35,209
65,8,1,first,80,10000,minus,36,1003
65,8,1,first,80,10000,plus,36,348
65,8,1,first,80,10000,minus,37,975
65,8,1,first,80,10000,plus,37,503
65,8,1,first,80,10000,minus,38,950
65,8,1,first,80,10000,plus,38,642
65,8,1,first,80,10000,minus,39,871
65,8,1,first,80,10000,plus,39,847
65,8,1,first,80,10000,minus,40,739
65,8,1,first,80,10000,plus,40,922
65,8,1,first,80,10000,minus,41,543
65,8,1,first,80,10000,plus,41,1029
65,8,1,first,80,10000,minus,42,359
65,8,1,first,80,10000,plus,42,1034
65,8,1,first,80,10000,minus,43,245
65,8,1,first,80,10000,plus,43,971
65,8,1,first,80,10000,minus,44,139
65,8,1,first,80,10000,plus,44,872
65,8,1,first,80,10000,minus,45,55
65,8,1,first,80,10000,plus,45,659
65,8,1,first,80,10000,minus,46,38
65,8,1,first,80,10000,plus,46,550
65,8,1,first,80,10000,minus,47,10
65,8,1,first,80,10000,plus,47,428
65,8,1,first,80,10000,minus,48,7
65,8,1,first,80,10000,plus,48,279
65,8,1,first,80,10000,minus,49,1
65,8,1,first,80,10000,plus,49,195
65,8,1,first,80,10000,plus,50,116
65,8,1,first,80,10000,plus,51,57
65,8,1,first,80,10000,plus,52,26
65,8,1,first,80,10000,plus,53,17
65,8,1,first,80,10000,plus,54,5
65,8,1,first,80,10000,plus,55,1
65,7,4,second,80,10000,minus,17,2
65,7,4,second,80,10000,minus,19,2
65,7,4,second,80,10000,minus,20,2
65,7,4,second,80,10000,minus,21,1
65,7,4,second,80,10000,minus,22,8
65,7,4,second,80,10000,minus,23,13
65,7,4,second,80,10000,minus,24,34
65,7,4,second,80,10000,minus,25,33
65,7,4,second,80,10000,minus,26,72
65,7,4,second,80,10000,minus,27,96
65,7,4,second,80,10000,minus,28,135
65,7,4,second,80,10000,plus,28,2
65,7,4,second,80,10000,minus,29,177
65,7,4,second,80,10000,plus,29,8
65,7,4,second,80,10000,minus,30,277
65,7,4,second,80,10000,plus,30,5
65,7,4,second,80,10000,minus,31,422
65,7,4,second,80,10000,plus,31,21
65,7,4,second,80,10000,minus,32,519
65,7,4,second,80,10000,plus,32,33
65,7,4,second,80,10000,minus,33,655
65,7,4,second,80,10000,plus,33,65
65,7,4,second,80,10000,minus,34,754
65,7,4,second,80,10000,plus,34,142
65,7,4,second,80,10000,minus,35,871
65,7,4,second,80,10000,plus,35,203
65,7,4,second,80,10000,minus,36,997
65,7,4,second,80,10000,plus,36,357
65,7,4,second,80,10000,minus,37,952
65,7,4,second,80,10000,plus,37,494
65,7,4,second,80,10000,minus,38,967
65,7,4,second,80,10000,plus,38,675
65,7,4,second,80,10000,minus,39,908
65,7,4,second,80,10000,plus,39,829
65,7,4,second,80,10000,minus,40,716
65,7,4,second,80,10000,plus,40,977
65,7,4,second,80,10000,minus,41,528
65,7,4,second,80,10000,plus,41,1069
65,7,4,second,80,10000,minus,42,367
65,7,4,second,80,10000,plus,42,1082
65,7,4,second,80,10000,minus,43,224
65,7,4,second,80,10000,plus,43,965
65,7,4,second,80,10000,minus,44,138
65,7,4,second,80,10000,plus,44,828
65,7,4,second,80,10000,minus,45,64
65,7,4,second,80,10000,plus,45,698
65,7,4,second,80,10000,minus,46,35
65,7,4,second,80,10000,plus,46,496
65,7,4,second,80,10000,minus,47,18
65,7,4,second,80,10000,plus,47,383
65,7,4,second,80,10000,minus,48,9
65,7,4,second,80,10000,plus,48,278
65,7,4,second,80,10000,minus,49,4
65,7,4,second,80,10000,plus,49,167
65,7,4,second,80,10000,plus,50,96
65,7,4,second,80,10000,plus,51,61
65,7,4,second,80,10000,plus,52,27
65,7,4,second,80,10000,plus,53,23
65,7,4,second,80,10000,plus,54,10
65,7,4,second,80,10000,plus,55,5
65,7,4,second,80,10000,plus,56,1
65,8,1,first,81,10000,minus,19,4
65,8,1,first,81,10000,minus,20,3
65,8,1,first,81,10000,minus,21,5
65,8,1,first,81,10000,minus,22,9
65,8,1,first,81,10000,minus,23,15
65,8,1,first,81,10000,minus,24,25
65,8,1,first,81,10000,minus,25,43
65,8,1,first,81,10000,minus,26,80
65,8,1,first,81,10000,minus,27,85
65,8,1,first,81,10000,plus,27,1
65,8,1,first,81,10000,minus,28,140
65,8,1,first,81,10000,plus,28,2
65,8,1,first,81,10000,minus,29,192
65,8,1,first,81,10000,plus,29,4
65,8,1,first,81,10000,minus,30,283
65,8,1,first,81,10000,plus,30,12
65,8,1,first,81,10000,minus,31,403
65,8,1,first,81,10000,plus,31,16
65,8,1,first,81,10000,minus,32,512
65,8,1,first,81,10000,plus,32,44
65,8,1,first,81,10000,minus,33,670
65,8,1,first,81,10000,plus,33,94
65,8,1,first,81,10000,minus,34,770
65,8,1,first,81,10000,plus,34,144
65,8,1,first,81,10000,minus,35,932
65,8,1,first,81,10000,plus,35,195
65,8,1,first,81,10000,minus,36,978
65,8,1,first,81,10000,plus,36,344
65,8,1,first,81,10000,minus,37,958
65,8,1,first,81,10000,plus,37,521
65,8,1,first,81,10000,minus,38,933
65,8,1,first,81,10000,plus,38,637
65,8,1,first,81,10000,minus,39,872
65,8,1,first,81,10000,plus,39,826
65,8,1,first,81,10000,minus,40,727
65,8,1,first,81,10000,plus,40,1000
65,8,1,first,81,10000,minus,41,499
65,8,1,first,81,10000,plus,41,1038
65,8,1,first,81,10000,minus,42,363
65,8,1,first,81,10000,plus,42,1014
65,8,1,first,81,10000,minus,43,229
65,8,1,first,81,10000,plus,43,997
65,8,1,first,81,10000,minus,44,129
65,8,1,first,81,10000,plus,44,825
65,8,1,first,81,10000,minus,45,83
65,8,1,first,81,10000,plus,45,669
65,8,1,first,81,10000,minus,46,33
65,8,1,first,81,10000,plus,46,546
65,8,1,first,81,10000,minus,47,19
65,8,1,first,81,10000,plus,47,389
65,8,1,first,81,10000,minus,48,3
65,8,1,first,81,10000,plus,48,270
65,8,1,first,81,10000,minus,49,2
65,8,1,first,81,10000,plus,49,191
65,8,1,first,81,10000,minus,50,1
65,8,1,first,81,10000,plus,50,97
65,8,1,first,81,10000,plus,51,61
65,8,1,first,81,10000,plus,52,34
65,8,1,first,81,10000,plus,53,16
65,8,1,first,81,10000,plus,54,6
65,8,1,first,81,10000,plus,55,2
65,8,1,first,81,10000,plus,56,5
65,7,4,second,81,10000,minus,19,2
65,7,4,second,81,10000,minus,20,5
65,7,4,second,81,10000,minus,21,3
65,7,4,second,81,10000,minus,22,8
65,7,4,second,81,10000,minus,23,9
65,7,4,second,81,10000,minus,24,15
65,7,4,second,81,10000,minus,25,33
65,7,4,second,81,10000,minus,26,48
65,7,4,second,81,10000,plus,26,1
65,7,4,second,81,10000,minus,27,109
65,7,4,second,81,10000,minus,28,136
65,7,4,second,81,10000,plus,28,2
65,7,4,second,81,10000,minus,29,207
65,7,4,second,81,10000,plus,29,6
65,7,4,second,81,10000,minus,30,247
65,7,4,second,81,10000,plus,30,11
65,7,4,second,81,10000,minus,31,391
65,7,4,second,81,10000,plus,31,21
65,7,4,second,81,10000,minus,32,498
65,7,4,second,81,10000,plus,32,27
65,7,4,second,81,10000,minus,33,618
65,7,4,second,81,10000,plus,33,84
65,7,4,second,81,10000,minus,34,786
65,7,4,second,81,10000,plus,34,115
65,7,4,second,81,10000,minus,35,911
65,7,4,second,81,10000,plus,35,204
65,7,4,second,81,10000,minus,36,947
65,7,4,second,81,10000,plus,36,280
65,7,4,second,81,10000,minus,37,1032
65,7,4,second,81,10000,plus,37,480
65,7,4,second,81,10000,minus,38,988
65,7,4,second,81,10000,plus,38,624
65,7,4,second,81,10000,minus,39,893
65,7,4,second,81,10000,plus,39,849
65,7,4,second,81,10000,minus,40,719
65,7,4,second,81,10000,plus,40,982
65,7,4,second,81,10000,minus,41,536
65,7,4,second,81,10000,plus,41,1099
65,7,4,second,81,10000,minus,42,377
65,7,4,second,81,10000,plus,42,1062
65,7,4,second,81,10000,minus,43,229
65,7,4,second,81,10000,plus,43,926
65,7,4,second,81,10000,minus,44,122
65,7,4,second,81,10000,plus,44,875
65,7,4,second,81,10000,minus,45,69
65,7,4,second,81,10000,plus,45,708
65,7,4,second,81,10000,minus,46,41
65,7,4,second,81,10000,plus,46,504
65,7,4,second,81,10000,minus,47,13
65,7,4,second,81,10000,plus,47,411
65,7,4,second,81,10000,minus,48,4
65,7,4,second,81,10000,plus,48,280
65,7,4,second,81,10000,minus,49,3
65,7,4,second,81,10000,plus,49,173
65,7,4,second,81,10000,minus,50,1
65,7,4,second,81,10000,plus,50,109
65,7,4,second,81,10000,plus,51,87
65,7,4,second,81,10000,plus,52,42
65,7,4,second,81,10000,plus,53,19
65,7,4,second,81,10000,plus,54,10
65,7,4,second,81,10000,plus,55,7
65,7,4,second,81,10000,plus,56,2
65,8,1,first,82,10000,minus,16,1
65,8,1,first,82,10000,minus,18,1
65,8,1,first,82,10000,minus,19,1
65,8,1,first,82,10000,minus,20,3
65,8,1,first,82,10000,minus,21,4
65,8,1,first,82,10000,minus,22,16
65,8,1,first,82,10000,minus,23,20
65,8,1,first,82,10000,minus,24,27
65,8,1,first,82,10000,minus,25,32
65,8,1,first,82,10000,minus,26,66
65,8,1,first,82,10000,minus,27,91
65,8,1,first,82,10000,minus,28,159
65,8,1,first,82,10000,plus,28,1
65,8,1,first,82,10000,minus,29,203
65,8,1,first,82,10000,plus,29,6
65,8,1,first,82,10000,minus,30,282
65,8,1,first,82,10000,plus,30,18
65,8,1,first,82,10000,minus,31,405
65,8,1,first,82,10000,plus,31,17
65,8,1,first,82,10000,minus,32,475
65,8,1,first,82,10000,plus,32,49
65,8,1,first,82,10000,minus,33,648
65,8,1,first,82,10000,plus,33,78
65,8,1,first,82,10000,minus,34,722
65,8,1,first,82,10000,plus,34,125
65,8,1,first,82,10000,minus,35,935
65,8,1,first,82,10000,plus,35,217
65,8,1,first,82,10000,minus,36,920
65,8,1,first,82,10000,plus,36,284
65,8,1,first,82,10000,minus,37,1024
65,8,1,first,82,10000,plus,37,486
65,8,1,first,82,10000,minus,38,1006
65,8,1,first,82,10000,plus,38,671
65,8,1,first,82,10000,minus,39,900
65,8,1,first,82,10000,plus,39,883
65,8,1,first,82,10000,minus,40,705
65,8,1,first,82,10000,plus,40,970
65,8,1,first,82,10000,minus,41,516
65,8,1,first,82,10000,plus,41,1016
65,8,1,first,82,10000,minus,42,342
65,8,1,first,82,10000,plus,42,1064
65,8,1,first,82,10000,minus,43,231
65,8,1,first,82,10000,plus,43,1041
65,8,1,first,82,10000,minus,44,133
65,8,1,first,82,10000,plus,44,834
65,8,1,first,82,10000,minus,45,77
65,8,1,first,82,10000,plus,45,680
65,8,1,first,82,10000,minus,46,42
65,8,1,first,82,10000,plus,46,514
65,8,1,first,82,10000,minus,47,10
65,8,1,first,82,10000,plus,47,383
65,8,1,first,82,10000,minus,48,2
65,8,1,first,82,10000,plus,48,257
65,8,1,first,82,10000,minus,49,1
65,8,1,first,82,10000,plus,49,167
65,8,1,first,82,10000,plus,50,109
65,8,1,first,82,10000,plus,51,65
65,8,1,first,82,10000,plus,52,39
65,8,1,first,82,10000,plus,53,18
65,8,1,first,82,10000,plus,54,4
65,8,1,first,82,10000,plus,55,2
65,8,1,first,82,10000,plus,56,2
65,7,4,second,82,10000,minus,18,1
65,7,4,second,82,10000,minus,20,5
65,7,4,second,82,10000,minus,21,4
65,7,4,second,82,10000,minus,22,8
65,7,4,second,82,10000,minus,23,17
65,7,4,second,82,10000,minus,24,23
65,7,4,second,82,10000,minus,25,24
65,7,4,second,82,10000,minus,26,60
65,7,4,second,82,10000,minus,27,94
65,7,4,second,82,10000,plus,27,1
65,7,4,second,82,10000,minus,28,129
65,7,4,second,82,10000,plus,28,1
65,7,4,second,82,10000,minus,29,214
65,7,4,second,82,10000,minus,30,253
65,7,4,second,82,10000,plus,30,8
65,7,4,second,82,10000,minus,31,369
65,7,4,second,82,10000,plus,31,17
65,7,4,second,82,10000,minus,32,530
65,7,4,second,82,10000,plus,32,39
65,7,4,second,82,10000,minus,33,674
65,7,4,second,82,10000,plus,33,75
65,7,4,second,82,10000,minus,34,820
65,7,4,second,82,10000,plus,34,130
65,7,4,second,82,10000,minus,35,882
65,7,4,second,82,10000,plus,35,231
65,7,4,second,82,10000,minus,36,948
65,7,4,second,82,10000,plus,36,341
65,7,4,second,82,10000,minus,37,990
65,7,4,second,82,10000,plus,37,506
65,7,4,second,82,10000,minus,38,953
65,7,4,second,82,10000,plus,38,648
65,7,4,second,82,10000,minus,39,859
65,7,4,second,82,10000,plus,39,805
65,7,4,second,82,10000,minus,40,698
65,7,4,second,82,10000,plus,40,903
65,7,4,second,82,10000,minus,41,575
65,7,4,second,82,10000,plus,41,1044
65,7,4,second,82,10000,minus,42,381
65,7,4,second,82,10000,plus,42,1104
65,7,4,second,82,10000,minus,43,241
65,7,4,second,82,10000,plus,43,964
65,7,4,second,82,10000,minus,44,129
65,7,4,second,82,10000,plus,44,856
65,7,4,second,82,10000,minus,45,60
65,7,4,second,82,10000,plus,45,697
65,7,4,second,82,10000,minus,46,32
65,7,4,second,82,10000,plus,46,550
65,7,4,second,82,10000,minus,47,18
65,7,4,second,82,10000,plus,47,384
65,7,4,second,82,10000,minus,48,8
65,7,4,second,82,10000,plus,48,258
65,7,4,second,82,10000,minus,49,1
65,7,4,second,82,10000,plus,49,185
65,7,4,second,82,10000,plus,50,118
65,7,4,second,82,10000,plus,51,61
65,7,4,second,82,10000,plus,52,46
65,7,4,second,82,10000,plus,53,21
65,7,4,second,82,10000,plus,54,4
65,7,4,second,82,10000,plus,55,2
65,7,4,second,82,10000,plus,56,1
65,8,1,first,83,10000,minus,18,3
65,8,1,first,83,10000,minus,19,1
65,8,1,first,83,10000,minus,20,4
65,8,1,first,83,10000,minus,21,5
65,8,1,first,83,10000,minus,22,7
65,8,1,first,83,10000,minus,23,6
65,8,1,first,83,10000,minus,24,16
65,8,1,first,83,10000,minus,25,49
65,8,1,first,83,10000,minus,26,51
65,8,1,first,83,10000,minus,27,93
65,8,1,first,83,10000,plus,27,1
65,8,1,first,83,10000,minus,28,142
65,8,1,first,83,10000,plus,28,2
65,8,1,first,83,10000,minus,29,223
65,8,1,first,83,10000,plus,29,4
65,8,1,first,83,10000,minus,30,292
65,8,1,first,83,10000,plus,30,5
65,8,1,first,83,10000,minus,31,367
65,8,1,first,83,10000,plus,31,21
65,8,1,first,83,10000,minus,32,539
65,8,1,first,83,10000,plus,32,44
65,8,1,first,83,10000,minus,33,643
65,8,1,first,83,10000,plus,33,74
65,8,1,first,83,10000,minus,34,746
65,8,1,first,83,10000,plus,34,129
65,8,1,first,83,10000,minus,35,865
65,8,1,first,83,10000,plus,35,216
65,8,1,first,83,10000,minus,36,918
65,8,1,first,83,10000,plus,36,337
65,8,1,first,83,10000,minus,37,1012
65,8,1,first,83,10000,plus,37,506
65,8,1,first,83,10000,minus,38,1005
65,8,1,first,83,10000,plus,38,642
65,8,1,first,83,10000,minus,39,888
65,8,1,first,83,10000,plus,39,823
65,8,1,first,83,10000,minus,40,749
65,8,1,first,83,10000,plus,40,968
65,8,1,first,83,10000,minus,41,511
65,8,1,first,83,10000,plus,41,1072
65,8,1,first,83,10000,minus,42,366
65,8,1,first,83,10000,plus,42,1037
65,8,1,first,83,10000,minus,43,233
65,8,1,first,83,10000,plus,43,919
65,8,1,first,83,10000,minus,44,142
65,8,1,first,83,10000,plus,44,876
65,8,1,first,83,10000,minus,45,68
65,8,1,first,83,10000,plus,45,678
65,8,1,first,83,10000,minus,46,36
65,8,1,first,83,10000,plus,46,536
65,8,1,first,83,10000,minus,47,13
65,8,1,first,83,10000,plus,47,420
65,8,1,first,83,10000,minus,48,4
65,8,1,first,83,10000,plus,48,300
65,8,1,first,83,10000,minus,49,3
65,8,1,first,83,10000,plus,49,180
65,8,1,first,83,10000,plus,50,89
65,8,1,first,83,10000,plus,51,63
65,8,1,first,83,10000,plus,52,22
65,8,1,first,83,10000,plus,53,23
65,8,1,first,83,10000,plus,54,8
65,8,1,first,83,10000,plus,55,5
65,7,4,second,83,10000,minus,19,2
65,7,4,second,83,10000,minus,20,2
65,7,4,second,83,10000,minus,21,6
65,7,4,second,83,10000,minus,22,12
65,7,4,second,83,10000,minus,23,15
65,7,4,second,83,10000,minus,24,14
65,7,4,second,83,10000,minus,25,40
65,7,4,second,83,10000,minus,26,57
65,7,4,second,83,10000,plus,26,1
65,7,4,second,83,10000,minus,27,97
65,7,4,second,83,10000,plus,27,1
65,7,4,second,83,10000,minus,28,147
65,7,4,second,83,10000,plus,28,1
65,7,4,second,83,10000,minus,29,205
65,7,4,second,83,10000,plus,29,6
65,7,4,second,83,10000,minus,30,252
65,7,4,second,83,10000,plus,30,12
65,7,4,second,83,10000,minus,31,387
65,7,4,second,83,10000,plus,31,23
65,7,4,second,83,10000,minus,32,510
65,7,4,second,83,10000,plus,32,32
65,7,4,second,83,10000,minus,33,657
65,7,4,second,83,10000,plus,33,72
65,7,4,second,83,10000,minus,34,769
65,7,4,second,83,10000,plus,34,124
65,7,4,second,83,10000,minus,35,877
65,7,4,second,83,10000,plus,35,212
65,7,4,second,83,10000,minus,36,992
65,7,4,second,83,10000,plus,36,347
65,7,4,second,83,10000,minus,37,994
65,7,4,second,83,10000,plus,37,469
65,7,4,second,83,10000,minus,38,972
65,7,4,second,83,10000,plus,38,699
65,7,4,second,83,10000,minus,39,904
65,7,4,second,83,10000,plus,39,816
65,7,4,second,83,10000,minus,40,700
65,7,4,second,83,10000,plus,40,936
65,7,4,second,83,10000,minus,41,535
65,7,4,second,83,10000,plus,41,1037
65,7,4,second,83,10000,minus,42,365
65,7,4,second,83,10000,plus,42,1038
65,7,4,second,83,10000,minus,43,249
65,7,4,second,83,10000,plus,43,1008
65,7,4,second,83,10000,minus,44,112
65,7,4,second,83,10000,plus,44,813
65,7,4,second,83,10000,minus,45,66
65,7,4,second,83,10000,plus,45,694
65,7,4,second,83,10000,minus,46,38
65,7,4,second,83,10000,plus,46,537
65,7,4,second,83,10000,minus,47,20
65,7,4,second,83,10000,plus,47,427
65,7,4,second,83,10000,minus,48,3
65,7,4,second,83,10000,plus,48,244
65,7,4,second,83,10000,plus,49,196
65,7,4,second,83,10000,minus,50,1
65,7,4,second,83,10000,plus,50,113
65,7,4,second,83,10000,plus,51,67
65,7,4,second,83,10000,plus,52,40
65,7,4,second,83,10000,plus,53,19
65,7,4,second,83,10000,plus,54,10
65,7,4,second,83,10000,plus,55,3
65,7,4,second,83,10000,plus,56,1
65,7,4,second,83,10000,plus,57,2
65,8,1,first,84,10000,minus,18,2
65,8,1,first,84,10000,minus,19,3
65,8,1,first,84,10000,minus,20,3
65,8,1,first,84,10000,minus,21,8
65,8,1,first,84,10000,minus,22,16
65,8,1,first,84,10000,minus,23,19
65,8,1,first,84,10000,minus,24,33
65,8,1,first,84,10000,minus,25,38
65,8,1,first,84,10000,minus,26,61
65,8,1,first,84,10000,minus,27,84
65,8,1,first,84,10000,plus,27,2
65,8,1,first,84,10000,minus,28,154
65,8,1,first,84,10000,plus,28,1
65,8,1,first,84,10000,minus,29,201
65,8,1,first,84,10000,plus,29,6
65,8,1,first,84,10000,minus,30,262
65,8,1,first,84,10000,plus,30,10
65,8,1,first,84,10000,minus,31,400
65,8,1,first,84,10000,plus,31,22
65,8,1,first,84,10000,minus,32,502
65,8,1,first,84,10000,plus,32,47
65,8,1,first,84,10000,minus,33,626
65,8,1,first,84,10000,plus,33,67
65,8,1,first,84,10000,minus,34,784
65,8,1,first,84,10000,plus,34,125
65,8,1,first,84,10000,minus,35,889
65,8,1,first,84,10000,plus,35,231
65,8,1,first,84,10000,minus,36,1013
65,8,1,first,84,10000,plus,36,339
65,8,1,first,84,10000,minus,37,1008
65,8,1,first,84,10000,plus,37,498
65,8,1,first,84,10000,minus,38,911
65,8,1,first,84,10000,plus,38,692
65,8,1,first,84,10000,minus,39,830
65,8,1,first,84,10000,plus,39,812
65,8,1,first,84,10000,minus,40,753
65,8,1,first,84,10000,plus,40,971
65,8,1,first,84,10000,minus,41,546
65,8,1,first,84,10000,plus,41,1056
65,8,1,first,84,10000,minus,42,374
65,8,1,first,84,10000,plus,42,1050
65,8,1,first,84,10000,minus,43,229
65,8,1,first,84,10000,plus,43,980
65,8,1,first,84,10000,minus,44,121
65,8,1,first,84,10000,plus,44,841
65,8,1,first,84,10000,minus,45,83
65,8,1,first,84,10000,plus,45,673
65,8,1,first,84,10000,minus,46,28
65,8,1,first,84,10000,plus,46,526
65,8,1,first,84,10000,minus,47,12
65,8,1,first,84,10000,plus,47,381
65,8,1,first,84,10000,minus,48,6
65,8,1,first,84,10000,plus,48,250
65,8,1,first,84,10000,minus,49,1
65,8,1,first,84,10000,plus,49,187
65,8,1,first,84,10000,plus,50,101
65,8,1,first,84,10000,plus,51,62
65,8,1,first,84,10000,plus,52,35
65,8,1,first,84,10000,plus,53,18
65,8,1,first,84,10000,plus,54,11
65,8,1,first,84,10000,plus,55,5
65,8,1,first,84,10000,plus,56,1
65,7,4,second,84,10000,minus,15,1
65,7,4,second,84,10000,minus,17,1
65,7,4,second,84,10000,minus,19,1
65,7,4,second,84,10000,minus,20,3
65,7,4,second,84,10000,minus,21,6
65,7,4,second,84,10000,minus,22,10
65,7,4,second,84,10000,minus,23,15
65,7,4,second,84,10000,minus,24,32
65,7,4,second,84,10000,minus,25,40
65,7,4,second,84,10000,minus,26,60
65,7,4,second,84,10000,minus,27,97
65,7,4,second,84,10000,minus,28,140
65,7,4,second,84,10000,plus,28,1
65,7,4,second,84,10000,minus,29,190
65,7,4,second,84,10000,plus,29,5
65,7,4,second,84,10000,minus,30,279
65,7,4,second,84,10000,plus,30,6
65,7,4,second,84,10000,minus,31,389
65,7,4,second,84,10000,plus,31,16
65,7,4,second,84,10000,minus,32,493
65,7,4,second,84,10000,plus,32,44
65,7,4,second,84,10000,minus,33,609
65,7,4,second,84,10000,plus,33,90
65,7,4,second,84,10000,minus,34,761
65,7,4,second,84,10000,plus,34,134
65,7,4,second,84,10000,minus,35,890
65,7,4,second,84,10000,plus,35,212
65,7,4,second,84,10000,minus,36,997
65,7,4,second,84,10000,plus,36,363
65,7,4,second,84,10000,minus,37,994
65,7,4,second,84,10000,plus,37,486
65,7,4,second,84,10000,minus,38,995
65,7,4,second,84,10000,plus,38,634
65,7,4,second,84,10000,minus,39,867
65,7,4,second,84,10000,plus,39,774
65,7,4,second,84,10000,minus,40,711
65,7,4,second,84,10000,plus,40,962
65,7,4,second,84,10000,minus,41,555
65,7,4,second,84,10000,plus,41,1059
65,7,4,second,84,10000,minus,42,378
65,7,4,second,84,10000,plus,42,1056
65,7,4,second,84,10000,minus,43,215
65,7,4,second,84,10000,plus,43,976
65,7,4,second,84,10000,minus,44,137
65,7,4,second,84,10000,plus,44,828
65,7,4,second,84,10000,minus,45,87
65,7,4,second,84,10000,plus,45,670
65,7,4,second,84,10000,minus,46,33
65,7,4,second,84,10000,plus,46,561
65,7,4,second,84,10000,minus,47,7
65,7,4,second,84,10000,plus,47,423
65,7,4,second,84,10000,minus,48,3
65,7,4,second,84,10000,plus,48,258
65,7,4,second,84,10000,minus,49,3
65,7,4,second,84,10000,plus,49,183
65,7,4,second,84,10000,minus,50,1
65,7,4,second,84,10000,plus,50,103
65,7,4,second,84,10000,plus,51,86
65,7,4,second,84,10000,plus,52,30
65,7,4,second,84,10000,plus,53,26
65,7,4,second,84,10000,plus,54,10
65,7,4,second,84,10000,plus,55,4
65,8,1,first,85,10000,minus,15,1
65,8,1,first,85,10000,minus,18,2
65,8,1,first,85,10000,minus,19,1
65,8,1,first,85,10000,minus,20,5
65,8,1,first,85,10000,minus,21,7
65,8,1,first,85,10000,minus,22,8
65,8,1,first,85,10000,minus,23,16
65,8,1,first,85,10000,minus,24,35
65,8,1,first,85,10000,minus,25,42
65,8,1,first,85,10000,plus,25,1
65,8,1,first,85,10000,minus,26,77
65,8,1,first,85,10000,minus,27,116
65,8,1,first,85,10000,plus,27,3
65,8,1,first,85,10000,minus,28,129
65,8,1,first,85,10000,plus,28,3
65,8,1,first,85,10000,minus,29,230
65,8,1,first,85,10000,plus,29,7
65,8,1,first,85,10000,minus,30,281
65,8,1,first,85,10000,plus,30,9
65,8,1,first,85,10000,minus,31,396
65,8,1,first,85,10000,plus,31,16
65,8,1,first,85,10000,minus,32,485
65,8,1,first,85,10000,plus,32,49
65,8,1,first,85,10000,minus,33,649
65,8,1,first,85,10000,plus,33,81
65,8,1,first,85,10000,minus,34,759
65,8,1,first,85,10000,plus,34,125
65,8,1,first,85,10000,minus,35,907
65,8,1,first,85,10000,plus,35,210
65,8,1,first,85,10000,minus,36,881
65,8,1,first,85,10000,plus,36,315
65,8,1,first,85,10000,minus,37,1029
65,8,1,first,85,10000,plus,37,486
65,8,1,first,85,10000,minus,38,1002
65,8,1,first,85,10000,plus,38,704
65,8,1,first,85,10000,minus,39,866
65,8,1,first,85,10000,plus,39,852
65,8,1,first,85,10000,minus,40,685
65,8,1,first,85,10000,plus,40,973
65,8,1,first,85,10000,minus,41,518
65,8,1,first,85,10000,plus,41,1087
65,8,1,first,85,10000,minus,42,367
65,8,1,first,85,10000,plus,42,1046
65,8,1,first,85,10000,minus,43,245
65,8,1,first,85,10000,plus,43,904
65,8,1,first,85,10000,minus,44,142
65,8,1,first,85,10000,plus,44,865
65,8,1,first,85,10000,minus,45,52
65,8,1,first,85,10000,plus,45,699
65,8,1,first,85,10000,minus,46,44
65,8,1,first,85,10000,plus,46,541
65,8,1,first,85,10000,minus,47,16
65,8,1,first,85,10000,plus,47,375
65,8,1,first,85,10000,minus,48,6
65,8,1,first,85,10000,plus,48,260
65,8,1,first,85,10000,minus,49,1
65,8,1,first,85,10000,plus,49,171
65,8,1,first,85,10000,plus,50,96
65,8,1,first,85,10000,plus,51,63
65,8,1,first,85,10000,plus,52,32
65,8,1,first,85,10000,plus,53,15
65,8,1,first,85,10000,plus,54,4
65,8,1,first,85,10000,plus,55,6
65,8,1,first,85,10000,plus,56,2
65,7,4,second,85,10000,minus,19,1
65,7,4,second,85,10000,minus,20,1
65,7,4,second,85,10000,minus,21,5
65,7,4,second,85,10000,minus,22,6
65,7,4,second,85,10000,minus,23,14
65,7,4,second,85,10000,minus,24,26
65,7,4,second,85,10000,minus,25,32
65,7,4,second,85,10000,minus,26,58
65,7,4,second,85,10000,minus,27,108
65,7,4,second,85,10000,plus,27,1
65,7,4,second,85,10000,minus,28,125
65,7,4,second,85,10000,plus,28,4
65,7,4,second,85,10000,minus,29,215
65,7,4,second,85,10000,plus,29,4
65,7,4,second,85,10000,minus,30,302
65,7,4,second,85,10000,plus,30,11
65,7,4,second,85,10000,minus,31,391
65,7,4,second,85,10000,plus,31,23
65,7,4,second,85,10000,minus,32,523
65,7,4,second,85,10000,plus,32,54
65,7,4,second,85,10000,minus,33,641
65,7,4,second,85,10000,plus,33,75
65,7,4,second,85,10000,minus,34,845
65,7,4,second,85,10000,plus,34,145
65,7,4,second,85,10000,minus,35,894
65,7,4,second,85,10000,plus,35,250
65,7,4,second,85,10000,minus,36,966
65,7,4,second,85,10000,plus,36,333
65,7,4,second,85,10000,minus,37,959
65,7,4,second,85,10000,plus,37,488
65,7,4,second,85,10000,minus,38,928
65,7,4,second,85,10000,plus,38,705
65,7,4,second,85,10000,minus,39,896
65,7,4,second,85,10000,plus,39,799
65,7,4,second,85,10000,minus,40,717
65,7,4,second,85,10000,plus,40,944
65,7,4,second,85,10000,minus,41,521
65,7,4,second,85,10000,plus,41,1038
65,7,4,second,85,10000,minus,42,338
65,7,4,second,85,10000,plus,42,1055
65,7,4,second,85,10000,minus,43,217
65,7,4,second,85,10000,plus,43,927
65,7,4,second,85,10000,minus,44,136
65,7,4,second,85,10000,plus,44,823
65,7,4,second,85,10000,minus,45,81
65,7,4,second,85,10000,plus,45,682
65,7,4,second,85,10000,minus,46,36
65,7,4,second,85,10000,plus,46,533
65,7,4,second,85,10000,minus,47,11
65,7,4,second,85,10000,plus,47,405
65,7,4,second,85,10000,minus,48,3
65,7,4,second,85,10000,plus,48,270
65,7,4,second,85,10000,minus,49,4
65,7,4,second,85,10000,plus,49,177
65,7,4,second,85,10000,plus,50,104
65,7,4,second,85,10000,plus,51,65
65,7,4,second,85,10000,plus,52,38
65,7,4,second,85,10000,plus,53,27
65,7,4,second,85,10000,plus,54,9
65,7,4,second,85,10000,plus,55,8
65,7,4,second,85,10000,plus,56,1
65,7,4,second,85,10000,plus,57,2
65,8,1,first,86,10000,minus,17,1
65,8,1,first,86,10000,minus,18,1
65,8,1,first,86,10000,minus,19,1
65,8,1,first,86,10000,minus,20,5
65,8,1,first,86,10000,minus,21,4
65,8,1,first,86,10000,minus,22,15
65,8,1,first,86,10000,minus,23,24
65,8,1,first,86,10000,minus,24,32
65,8,1,first,86,10000,minus,25,42
65,8,1,first,86,10000,minus,26,66
65,8,1,first,86,10000,minus,27,95
65,8,1,first,86,10000,plus,27,2
65,8,1,first,86,10000,minus,28,136
65,8,1,first,86,10000,minus,29,210
65,8,1,first,86,10000,plus,29,3
65,8,1,first,86,10000,minus,30,259
65,8,1,first,86,10000,plus,30,12
65,8,1,first,86,10000,minus,31,356
65,8,1,first,86,10000,plus,31,18
65,8,1,first,86,10000,minus,32,536
65,8,1,first,86,10000,plus,32,39
65,8,1,first,86,10000,minus,33,675
65,8,1,first,86,10000,plus,33,82
65,8,1,first,86,10000,minus,34,793
65,8,1,first,86,10000,plus,34,136
65,8,1,first,86,10000,minus,35,873
65,8,1,first,86,10000,plus,35,236
65,8,1,first,86,10000,minus,36,1015
65,8,1,first,86,10000,plus,36,369
65,8,1,first,86,10000,minus,37,997
65,8,1,first,86,10000,plus,37,489
65,8,1,first,86,10000,minus,38,942
65,8,1,first,86,10000,plus,38,645
65,8,1,first,86,10000,minus,39,856
65,8,1,first,86,10000,plus,39,809
65,8,1,first,86,10000,minus,40,642
65,8,1,first,86,10000,plus,40,992
65,8,1,first,86,10000,minus,41,551
65,8,1,first,86,10000,plus,41,1069
65,8,1,first,86,10000,minus,42,383
65,8,1,first,86,10000,plus,42,1010
65,8,1,first,86,10000,minus,43,214
65,8,1,first,86,10000,plus,43,1011
65,8,1,first,86,10000,minus,44,152
65,8,1,first,86,10000,plus,44,837
65,8,1,first,86,10000,minus,45,73
65,8,1,first,86,10000,plus,45,712
65,8,1,first,86,10000,minus,46,33
65,8,1,first,86,10000,plus,46,496
65,8,1,first,86,10000,minus,47,13
65,8,1,first,86,10000,plus,47,414
65,8,1,first,86,10000,minus,48,2
65,8,1,first,86,10000,plus,48,251
65,8,1,first,86,10000,minus,49,2
65,8,1,first,86,10000,plus,49,159
65,8,1,first,86,10000,minus,50,1
65,8,1,first,86,10000,plus,50,98
65,8,1,first,86,10000,plus,51,69
65,8,1,first,86,10000,plus,52,21
65,8,1,first,86,10000,plus,53,12
65,8,1,first,86,10000,plus,54,6
65,8,1,first,86,10000,plus,55,3
65,7,4,second,86,10000,minus,19,1
65,7,4,second,86,10000,minus,20,1
65,7,4,second,86,10000,minus,21,6
65,7,4,second,86,10000,minus,22,6
65,7,4,second,86,10000,minus,23,19
65,7,4,second,86,10000,minus,24,27
65,7,4,second,86,10000,minus,25,48
65,7,4,second,86,10000,minus,26,67
65,7,4,second,86,10000,minus,27,94
65,7,4,second,86,10000,plus,27,1
65,7,4,second,86,10000,minus,28,124
65,7,4,second,86,10000,plus,28,2
65,7,4,second,86,10000,minus,29,222
65,7,4,second,86,10000,plus,29,4
65,7,4,second,86,10000,minus,30,264
65,7,4,second,86,10000,plus,30,12
65,7,4,second,86,10000,minus,31,383
65,7,4,second,86,10000,plus,31,13
65,7,4,second,86,10000,minus,32,556
65,7,4,second,86,10000,plus,32,42
65,7,4,second,86,10000,minus,33,635
65,7,4,second,86,10000,plus,33,69
65,7,4,second,86,10000,minus,34,777
65,7,4,second,86,10000,plus,34,131
65,7,4,second,86,10000,minus,35,872
65,7,4,second,86,10000,plus,35,204
65,7,4,second,86,10000,minus,36,987
65,7,4,second,86,10000,plus,36,347
65,7,4,second,86,10000,minus,37,992
65,7,4,second,86,10000,plus,37,484
65,7,4,second,86,10000,minus,38,995
65,7,4,second,86,10000,plus,38,670
65,7,4,second,86,10000,minus,39,893
65,7,4,second,86,10000,plus,39,819
65,7,4,second,86,10000,minus,40,690
65,7,4,second,86,10000,plus,40,960
65,7,4,second,86,10000,minus,41,528
65,7,4,second,86,10000,plus,41,1062
65,7,4,second,86,10000,minus,42,346
65,7,4,second,86,10000,plus,42,1068
65,7,4,second,86,10000,minus,43,224
65,7,4,second,86,10000,plus,43,991
65,7,4,second,86,10000,minus,44,119
65,7,4,second,86,10000,plus,44,772
65,7,4,second,86,10000,minus,45,64
65,7,4,second,86,10000,plus,45,689
65,7,4,second,86,10000,minus,46,37
65,7,4,second,86,10000,plus,46,562
65,7,4,second,86,10000,minus,47,13
65,7,4,second,86,10000,plus,47,398
65,7,4,second,86,10000,minus,48,7
65,7,4,second,86,10000,plus,48,250
65,7,4,second,86,10000,minus,49,3
65,7,4,second,86,10000,plus,49,187
65,7,4,second,86,10000,plus,50,109
65,7,4,second,86,10000,plus,51,73
65,7,4,second,86,10000,plus,52,43
65,7,4,second,86,10000,plus,53,22
65,7,4,second,86,10000,plus,54,9
65,7,4,second,86,10000,plus,55,4
65,7,4,second,86,10000,plus,56,1
65,7,4,second,86,10000,plus,57,2
65,8,1,first,87,10000,minus,15,1
65,8,1,first,87,10000,minus,16,2
65,8,1,first,87,10000,minus,17,1
65,8,1,first,87,10000,minus,18,1
65,8,1,first,87,10000,minus,19,1
65,8,1,first,87,10000,minus,20,5
65,8,1,first,87,10000,minus,21,8
65,8,1,first,87,10000,minus,22,9
65,8,1,first,87,10000,minus,23,21
65,8,1,first,87,10000,minus,24,29
65,8,1,first,87,10000,minus,25,38
65,8,1,first,87,10000,minus,26,77
65,8,1,first,87,10000,plus,26,1
65,8,1,first,87,10000,minus,27,118
65,8,1,first,87,10000,plus,27,1
65,8,1,first,87,10000,minus,28,137
65,8,1,first,87,10000,minus,29,167
65,8,1,first,87,10000,plus,29,3
65,8,1,first,87,10000,minus,30,282
65,8,1,first,87,10000,plus,30,7
65,8,1,first,87,10000,minus,31,373
65,8,1,first,87,10000,plus,31,31
65,8,1,first,87,10000,minus,32,503
65,8,1,first,87,10000,plus,32,34
65,8,1,first,87,10000,minus,33,601
65,8,1,first,87,10000,plus,33,71
65,8,1,first,87,10000,minus,34,744
65,8,1,first,87,10000,plus,34,120
65,8,1,first,87,10000,minus,35,959
65,8,1,first,87,10000,plus,35,211
65,8,1,first,87,10000,minus,36,968
65,8,1,first,87,10000,plus,36,315
65,8,1,first,87,10000,minus,37,969
65,8,1,first,87,10000,plus,37,510
65,8,1,first,87,10000,minus,38,990
65,8,1,first,87,10000,plus,38,663
65,8,1,first,87,10000,minus,39,864
65,8,1,first,87,10000,plus,39,819
65,8,1,first,87,10000,minus,40,739
65,8,1,first,87,10000,plus,40,920
65,8,1,first,87,10000,minus,41,517
65,8,1,first,87,10000,plus,41,1047
65,8,1,first,87,10000,minus,42,355
65,8,1,first,87,10000,plus,42,1057
65,8,1,first,87,10000,minus,43,245
65,8,1,first,87,10000,plus,43,965
65,8,1,first,87,10000,minus,44,139
65,8,1,first,87,10000,plus,44,825
65,8,1,first,87,10000,minus,45,73
65,8,1,first,87,10000,plus,45,774
65,8,1,first,87,10000,minus,46,38
65,8,1,first,87,10000,plus,46,531
65,8,1,first,87,10000,minus,47,15
65,8,1,first,87,10000,plus,47,434
65,8,1,first,87,10000,minus,48,9
65,8,1,first,87,10000,plus,48,281
65,8,1,first,87,10000,plus,49,152
65,8,1,first,87,10000,minus,50,2
65,8,1,first,87,10000,plus,50,109
65,8,1,first,87,10000,plus,51,55
65,8,1,first,87,10000,plus,52,31
65,8,1,first,87,10000,plus,53,20
65,8,1,first,87,10000,plus,54,10
65,8,1,first,87,10000,plus,55,3
65,7,4,second,87,10000,minus,15,1
65,7,4,second,87,10000,minus,19,2
65,7,4,second,87,10000,minus,20,1
65,7,4,second,87,10000,minus,21,2
65,7,4,second,87,10000,minus,22,11
65,7,4,second,87,10000,minus,23,12
65,7,4,second,87,10000,minus,24,18
65,7,4,second,87,10000,minus,25,36
65,7,4,second,87,10000,minus,26,63
65,7,4,second,87,10000,minus,27,104
65,7,4,second,87,10000,minus,28,140
65,7,4,second,87,10000,plus,28,3
65,7,4,second,87,10000,minus,29,189
65,7,4,second,87,10000,plus,29,4
65,7,4,second,87,10000,minus,30,295
65,7,4,second,87,10000,plus,30,15
65,7,4,second,87,10000,minus,31,374
65,7,4,second,87,10000,plus,31,14
65,7,4,second,87,10000,minus,32,529
65,7,4,second,87,10000,plus,32,35
65,7,4,second,87,10000,minus,33,645
65,7,4,second,87,10000,plus,33,73
65,7,4,second,87,10000,minus,34,760
65,7,4,second,87,10000,plus,34,117
65,7,4,second,87,10000,minus,35,919
65,7,4,second,87,10000,plus,35,195
65,7,4,second,87,10000,minus,36,1001
65,7,4,second,87,10000,plus,36,323
65,7,4,second,87,10000,minus,37,1048
65,7,4,second,87,10000,plus,37,472
65,7,4,second,87,10000,minus,38,950
65,7,4,second,87,10000,plus,38,685
65,7,4,second,87,10000,minus,39,794
65,7,4,second,87,10000,plus,39,865
65,7,4,second,87,10000,minus,40,721
65,7,4,second,87,10000,plus,40,926
65,7,4,second,87,10000,minus,41,544
65,7,4,second,87,10000,plus,41,1034
65,7,4,second,87,10000,minus,42,345
65,7,4,second,87,10000,plus,42,1113
65,7,4,second,87,10000,minus,43,230
65,7,4,second,87,10000,plus,43,956
65,7,4,second,87,10000,minus,44,125
65,7,4,second,87,10000,plus,44,862
65,7,4,second,87,10000,minus,45,72
65,7,4,second,87,10000,plus,45,683
65,7,4,second,87,10000,minus,46,38
65,7,4,second,87,10000,plus,46,525
65,7,4,second,87,10000,minus,47,21
65,7,4,second,87,10000,plus,47,388
65,7,4,second,87,10000,minus,48,5
65,7,4,second,87,10000,plus,48,280
65,7,4,second,87,10000,minus,49,2
65,7,4,second,87,10000,plus,49,170
65,7,4,second,87,10000,minus,50,2
65,7,4,second,87,10000,plus,50,114
65,7,4,second,87,10000,minus,51,1
65,7,4,second,87,10000,plus,51,66
65,7,4,second,87,10000,plus,52,37
65,7,4,second,87,10000,plus,53,25
65,7,4,second,87,10000,plus,54,11
65,7,4,second,87,10000,plus,55,5
65,7,4,second,87,10000,plus,56,3
65,7,4,second,87,10000,plus,57,1
65,8,1,first,88,10000,minus,19,2
65,8,1,first,88,10000,minus,20,5
65,8,1,first,88,10000,minus,21,7
65,8,1,first,88,10000,minus,22,9
65,8,1,first,88,10000,minus,23,17
65,8,1,first,88,10000,minus,24,35
65,8,1,first,88,10000,minus,25,42
65,8,1,first,88,10000,minus,26,67
65,8,1,first,88,10000,minus,27,100
65,8,1,first,88,10000,plus,27,1
65,8,1,first,88,10000,minus,28,157
65,8,1,first,88,10000,plus,28,2
65,8,1,first,88,10000,minus,29,194
65,8,1,first,88,10000,plus,29,7
65,8,1,first,88,10000,minus,30,269
65,8,1,first,88,10000,plus,30,13
65,8,1,first,88,10000,minus,31,382
65,8,1,first,88,10000,plus,31,20
65,8,1,first,88,10000,minus,32,515
65,8,1,first,88,10000,plus,32,30
65,8,1,first,88,10000,minus,33,650
65,8,1,first,88,10000,plus,33,66
65,8,1,first,88,10000,minus,34,795
65,8,1,first,88,10000,plus,34,143
65,8,1,first,88,10000,minus,35,856
65,8,1,first,88,10000,plus,35,247
65,8,1,first,88,10000,minus,36,983
65,8,1,first,88,10000,plus,36,299
65,8,1,first,88,10000,minus,37,987
65,8,1,first,88,10000,plus,37,474
65,8,1,first,88,10000,minus,38,937
65,8,1,first,88,10000,plus,38,616
65,8,1,first,88,10000,minus,39,896
65,8,1,first,88,10000,plus,39,817
65,8,1,first,88,10000,minus,40,734
65,8,1,first,88,10000,plus,40,1003
65,8,1,first,88,10000,minus,41,496
65,8,1,first,88,10000,plus,41,1070
65,8,1,first,88,10000,minus,42,378
65,8,1,first,88,10000,plus,42,1042
65,8,1,first,88,10000,minus,43,233
65,8,1,first,88,10000,plus,43,974
65,8,1,first,88,10000,minus,44,140
65,8,1,first,88,10000,plus,44,850
65,8,1,first,88,10000,minus,45,62
65,8,1,first,88,10000,plus,45,736
65,8,1,first,88,10000,minus,46,32
65,8,1,first,88,10000,plus,46,573
65,8,1,first,88,10000,minus,47,19
65,8,1,first,88,10000,plus,47,384
65,8,1,first,88,10000,minus,48,1
65,8,1,first,88,10000,plus,48,243
65,8,1,first,88,10000,plus,49,181
65,8,1,first,88,10000,plus,50,93
65,8,1,first,88,10000,plus,51,55
65,8,1,first,88,10000,plus,52,39
65,8,1,first,88,10000,plus,53,14
65,8,1,first,88,10000,plus,54,5
65,8,1,first,88,10000,plus,55,2
65,8,1,first,88,10000,plus,56,1
65,7,4,second,88,10000,minus,21,1
65,7,4,second,88,10000,minus,22,4
65,7,4,second,88,10000,minus,23,19
65,7,4,second,88,10000,minus,24,17
65,7,4,second,88,10000,minus,25,42
65,7,4,second,88,10000,minus,26,66
65,7,4,second,88,10000,minus,27,106
65,7,4,second,88,10000,plus,27,1
65,7,4,second,88,10000,minus,28,137
65,7,4,second,88,10000,minus,29,185
65,7,4,second,88,10000,plus,29,3
65,7,4,second,88,10000,minus,30,272
65,7,4,second,88,10000,plus,30,8
65,7,4,second,88,10000,minus,31,385
65,7,4,second,88,10000,plus,31,14
65,7,4,second,88,10000,minus,32,505
65,7,4,second,88,10000,plus,32,25
65,7,4,second,88,10000,minus,33,611
65,7,4,second,88,10000,plus,33,85
65,7,4,second,88,10000,minus,34,773
65,7,4,second,88,10000,plus,34,140
65,7,4,second,88,10000,minus,35,927
65,7,4,second,88,10000,plus,35,219
65,7,4,second,88,10000,minus,36,1001
65,7,4,second,88,10000,plus,36,361
65,7,4,second,88,10000,minus,37,1032
65,7,4,second,88,10000,plus,37,507
65,7,4,second,88,10000,minus,38,946
65,7,4,second,88,10000,plus,38,684
65,7,4,second,88,10000,minus,39,878
65,7,4,second,88,10000,plus,39,849
65,7,4,second,88,10000,minus,40,683
65,7,4,second,88,10000,plus,40,972
65,7,4,second,88,10000,minus,41,542
65,7,4,second,88,10000,plus,41,1047
65,7,4,second,88,10000,minus,42,370
65,7,4,second,88,10000,plus,42,1057
65,7,4,second,88,10000,minus,43,229
65,7,4,second,88,10000,plus,43,946
65,7,4,second,88,10000,minus,44,135
65,7,4,second,88,10000,plus,44,838
65,7,4,second,88,10000,minus,45,74
65,7,4,second,88,10000,plus,45,663
65,7,4,second,88,10000,minus,46,45
65,7,4,second,88,10000,plus,46,517
65,7,4,second,88,10000,minus,47,10
65,7,4,second,88,10000,plus,47,366
65,7,4,second,88,10000,minus,48,3
65,7,4,second,88,10000,plus,48,262
65,7,4,second,88,10000,minus,49,2
65,7,4,second,88,10000,plus,49,160
65,7,4,second,88,10000,plus,50,131
65,7,4,second,88,10000,plus,51,68
65,7,4,second,88,10000,plus,52,43
65,7,4,second,88,10000,plus,53,21
65,7,4,second,88,10000,plus,54,7
65,7,4,second,88,10000,plus,55,4
65,7,4,second,88,10000,plus,56,2
65,8,1,first,89,10000,minus,16,1
65,8,1,first,89,10000,minus,19,2
65,8,1,first,89,10000,minus,20,6
65,8,1,first,89,10000,minus,21,7
65,8,1,first,89,10000,minus,22,10
65,8,1,first,89,10000,minus,23,23
65,8,1,first,89,10000,minus,24,27
65,8,1,first,89,10000,minus,25,34
65,8,1,first,89,10000,minus,26,78
65,8,1,first,89,10000,minus,27,93
65,8,1,first,89,10000,plus,27,1
65,8,1,first,89,10000,minus,28,142
65,8,1,first,89,10000,plus,28,3
65,8,1,first,89,10000,minus,29,201
65,8,1,first,89,10000,plus,29,5
65,8,1,first,89,10000,minus,30,248
65,8,1,first,89,10000,plus,30,8
65,8,1,first,89,10000,minus,31,373
65,8,1,first,89,10000,plus,31,16
65,8,1,first,89,10000,minus,32,539
65,8,1,first,89,10000,plus,32,40
65,8,1,first,89,10000,minus,33,649
65,8,1,first,89,10000,plus,33,62
65,8,1,first,89,10000,minus,34,815
65,8,1,first,89,10000,plus,34,131
65,8,1,first,89,10000,minus,35,920
65,8,1,first,89,10000,plus,35,247
65,8,1,first,89,10000,minus,36,939
65,8,1,first,89,10000,plus,36,349
65,8,1,first,89,10000,minus,37,991
65,8,1,first,89,10000,plus,37,506
65,8,1,first,89,10000,minus,38,952
65,8,1,first,89,10000,plus,38,621
65,8,1,first,89,10000,minus,39,873
65,8,1,first,89,10000,plus,39,827
65,8,1,first,89,10000,minus,40,696
65,8,1,first,89,10000,plus,40,976
65,8,1,first,89,10000,minus,41,539
65,8,1,first,89,10000,plus,41,1032
65,8,1,first,89,10000,minus,42,381
65,8,1,first,89,10000,plus,42,1036
65,8,1,first,89,10000,minus,43,218
65,8,1,first,89,10000,plus,43,1015
65,8,1,first,89,10000,minus,44,108
65,8,1,first,89,10000,plus,44,839
65,8,1,first,89,10000,minus,45,74
65,8,1,first,89,10000,plus,45,664
65,8,1,first,89,10000,minus,46,35
65,8,1,first,89,10000,plus,46,545
65,8,1,first,89,10000,minus,47,16
65,8,1,first,89,10000,plus,47,413
65,8,1,first,89,10000,minus,48,6
65,8,1,first,89,10000,plus,48,258
65,8,1,first,89,10000,minus,49,4
65,8,1,first,89,10000,plus,49,182
65,8,1,first,89,10000,plus,50,105
65,8,1,first,89,10000,plus,51,47
65,8,1,first,89,10000,plus,52,34
65,8,1,first,89,10000,plus,53,25
65,8,1,first,89,10000,plus,54,7
65,8,1,first,89,10000,plus,55,4
65,8,1,first,89,10000,plus,56,2
65,7,4,second,89,10000,minus,17,1
65,7,4,second,89,10000,minus,18,1
65,7,4,second,89,10000,minus,19,4
65,7,4,second,89,10000,minus,20,2
65,7,4,second,89,10000,minus,21,5
65,7,4,second,89,10000,minus,22,5
65,7,4,second,89,10000,minus,23,22
65,7,4,second,89,10000,minus,24,28
65,7,4,second,89,10000,minus,25,30
65,7,4,second,89,10000,minus,26,68
65,7,4,second,89,10000,minus,27,106
65,7,4,second,89,10000,plus,27,1
65,7,4,second,89,10000,minus,28,139
65,7,4,second,89,10000,plus,28,3
65,7,4,second,89,10000,minus,29,183
65,7,4,second,89,10000,plus,29,7
65,7,4,second,89,10000,minus,30,267
65,7,4,second,89,10000,plus,30,13
65,7,4,second,89,10000,minus,31,357
65,7,4,second,89,10000,plus,31,20
65,7,4,second,89,10000,minus,32,506
65,7,4,second,89,10000,plus,32,31
65,7,4,second,89,10000,minus,33,684
65,7,4,second,89,10000,plus,33,78
65,7,4,second,89,10000,minus,34,778
65,7,4,second,89,10000,plus,34,144
65,7,4,second,89,10000,minus,35,926
65,7,4,second,89,10000,plus,35,224
65,7,4,second,89,10000,minus,36,948
65,7,4,second,89,10000,plus,36,309
65,7,4,second,89,10000,minus,37,987
65,7,4,second,89,10000,plus,37,525
65,7,4,second,89,10000,minus,38,1008
65,7,4,second,89,10000,plus,38,649
65,7,4,second,89,10000,minus,39,884
65,7,4,second,89,10000,plus,39,797
65,7,4,second,89,10000,minus,40,684
65,7,4,second,89,10000,plus,40,936
65,7,4,second,89,10000,minus,41,544
65,7,4,second,89,10000,plus,41,1035
65,7,4,second,89,10000,minus,42,361
65,7,4,second,89,10000,plus,42,1097
65,7,4,second,89,10000,minus,43,223
65,7,4,second,89,10000,plus,43,951
65,7,4,second,89,10000,minus,44,138
65,7,4,second,89,10000,plus,44,821
65,7,4,second,89,10000,minus,45,60
65,7,4,second,89,10000,plus,45,671
65,7,4,second,89,10000,minus,46,34
65,7,4,second,89,10000,plus,46,544
65,7,4,second,89,10000,minus,47,11
65,7,4,second,89,10000,plus,47,418
65,7,4,second,89,10000,minus,48,6
65,7,4,second,89,10000,plus,48,267
65,7,4,second,89,10000,plus,49,200
65,7,4,second,89,10000,plus,50,121
65,7,4,second,89,10000,plus,51,72
65,7,4,second,89,10000,plus,52,34
65,7,4,second,89,10000,plus,53,18
65,7,4,second,89,10000,plus,54,9
65,7,4,second,89,10000,plus,55,2
65,7,4,second,89,10000,plus,56,2
65,7,4,second,89,10000,plus,57,1
65,8,1,first,90,10000,minus,14,1
65,8,1,first,90,10000,minus,17,1
65,8,1,first,90,10000,minus,19,2
65,8,1,first,90,10000,minus,20,7
65,8,1,first,90,10000,minus,21,2
65,8,1,first,90,10000,minus,22,15
65,8,1,first,90,10000,minus,23,16
65,8,1,first,90,10000,minus,24,22
65,8,1,first,90,10000,minus,25,41
65,8,1,first,90,10000,minus,26,68
65,8,1,first,90,10000,minus,27,100
65,8,1,first,90,10000,minus,28,148
65,8,1,first,90,10000,plus,28,2
65,8,1,first,90,10000,minus,29,227
65,8,1,first,90,10000,plus,29,5
65,8,1,first,90,10000,minus,30,303
65,8,1,first,90,10000,plus,30,12
65,8,1,first,90,10000,minus,31,382
65,8,1,first,90,10000,plus,31,24
65,8,1,first,90,10000,minus,32,494
65,8,1,first,90,10000,plus,32,37
65,8,1,first,90,10000,minus,33,602
65,8,1,first,90,10000,plus,33,64
65,8,1,first,90,10000,minus,34,806
65,8,1,first,90,10000,plus,34,116
65,8,1,first,90,10000,minus,35,860
65,8,1,first,90,10000,plus,35,221
65,8,1,first,90,10000,minus,36,993
65,8,1,first,90,10000,plus,36,358
65,8,1,first,90,10000,minus,37,1042
65,8,1,first,90,10000,plus,37,474
65,8,1,first,90,10000,minus,38,969
65,8,1,first,90,10000,plus,38,665
65,8,1,first,90,10000,minus,39,817
65,8,1,first,90,10000,plus,39,821
65,8,1,first,90,10000,minus,40,694
65,8,1,first,90,10000,plus,40,987
65,8,1,first,90,10000,minus,41,525
65,8,1,first,90,10000,plus,41,1081
65,8,1,first,90,10000,minus,42,375
65,8,1,first,90,10000,plus,42,971
65,8,1,first,90,10000,minus,43,237
65,8,1,first,90,10000,plus,43,977
65,8,1,first,90,10000,minus,44,130
65,8,1,first,90,10000,plus,44,827
65,8,1,first,90,10000,minus,45,70
65,8,1,first,90,10000,plus,45,720
65,8,1,first,90,10000,minus,46,33
65,8,1,first,90,10000,plus,46,528
65,8,1,first,90,10000,minus,47,15
65,8,1,first,90,10000,plus,47,431
65,8,1,first,90,10000,minus,48,3
65,8,1,first,90,10000,plus,48,258
65,8,1,first,90,10000,plus,49,176
65,8,1,first,90,10000,plus,50,111
65,8,1,first,90,10000,plus,51,68
65,8,1,first,90,10000,plus,52,29
65,8,1,first,90,10000,plus,53,20
65,8,1,first,90,10000,plus,54,11
65,8,1,first,90,10000,plus,55,3
65,8,1,first,90,10000,plus,56,1
65,8,1,first,90,10000,plus,57,2
65,7,4,second,90,10000,minus,17,1
65,7,4,second,90,10000,minus,19,3
65,7,4,second,90,10000,minus,20,4
65,7,4,second,90,10000,minus,21,8
65,7,4,second,90,10000,minus,22,7
65,7,4,second,90,10000,minus,23,11
65,7,4,second,90,10000,minus,24,23
65,7,4,second,90,10000,minus,25,42
65,7,4,second,90,10000,minus,26,66
65,7,4,second,90,10000,plus,26,1
65,7,4,second,90,10000,minus,27,86
65,7,4,second,90,10000,plus,27,1
65,7,4,second,90,10000,minus,28,133
65,7,4,second,90,10000,plus,28,1
65,7,4,second,90,10000,minus,29,193
65,7,4,second,90,10000,plus,29,1
65,7,4,second,90,10000,minus,30,288
65,7,4,second,90,10000,plus,30,11
65,7,4,second,90,10000,minus,31,409
65,7,4,second,90,10000,plus,31,20
65,7,4,second,90,10000,minus,32,538
65,7,4,second,90,10000,plus,32,44
65,7,4,second,90,10000,minus,33,632
65,7,4,second,90,10000,plus,33,79
65,7,4,second,90,10000,minus,34,780
65,7,4,second,90,10000,plus,34,146
65,7,4,second,90,10000,minus,35,912
65,7,4,second,90,10000,plus,35,208
65,7,4,second,90,10000,minus,36,900
65,7,4,second,90,10000,plus,36,351
65,7,4,second,90,10000,minus,37,1006
65,7,4,second,90,10000,plus,37,466
65,7,4,second,90,10000,minus,38,1000
65,7,4,second,90,10000,plus,38,646
65,7,4,second,90,10000,minus,39,853
65,7,4,second,90,10000,plus,39,855
65,7,4,second,90,10000,minus,40,716
65,7,4,second,90,10000,plus,40,962
65,7,4,second,90,10000,minus,41,518
65,7,4,second,90,10000,plus,41,1015
65,7,4,second,90,10000,minus,42,391
65,7,4,second,90,10000,plus,42,1067
65,7,4,second,90,10000,minus,43,223
65,7,4,second,90,10000,plus,43,979
65,7,4,second,90,10000,minus,44,129
65,7,4,second,90,10000,plus,44,862
65,7,4,second,90,10000,minus,45,76
65,7,4,second,90,10000,plus,45,663
65,7,4,second,90,10000,minus,46,27
65,7,4,second,90,10000,plus,46,562
65,7,4,second,90,10000,minus,47,17
65,7,4,second,90,10000,plus,47,365
65,7,4,second,90,10000,minus,48,6
65,7,4,second,90,10000,plus,48,253
65,7,4,second,90,10000,minus,49,2
65,7,4,second,90,10000,plus,49,198
65,7,4,second,90,10000,plus,50,101
65,7,4,second,90,10000,plus,51,69
65,7,4,second,90,10000,plus,52,39
65,7,4,second,90,10000,plus,53,17
65,7,4,second,90,10000,plus,54,8
65,7,4,second,90,10000,plus,55,8
65,7,4,second,90,10000,plus,56,2
65,8,1,first,91,10000,minus,18,2
65,8,1,first,91,10000,minus,19,1
65,8,1,first,91,10000,minus,20,4
65,8,1,first,91,10000,minus,21,7
65,8,1,first,91,10000,minus,22,11
65,8,1,first,91,10000,minus,23,29
65,8,1,first,91,10000,minus,24,24
65,8,1,first,91,10000,minus,25,31
65,8,1,first,91,10000,minus,26,74
65,8,1,first,91,10000,minus,27,111
65,8,1,first,91,10000,plus,27,1
65,8,1,first,91,10000,minus,28,130
65,8,1,first,91,10000,plus,28,1
65,8,1,first,91,10000,minus,29,213
65,8,1,first,91,10000,plus,29,5
65,8,1,first,91,10000,minus,30,282
65,8,1,first,91,10000,plus,30,9
65,8,1,first,91,10000,minus,31,365
65,8,1,first,91,10000,plus,31,13
65,8,1,first,91,10000,minus,32,477
65,8,1,first,91,10000,plus,32,31
65,8,1,first,91,10000,minus,33,643
65,8,1,first,91,10000,plus,33,66
65,8,1,first,91,10000,minus,34,760
65,8,1,first,91,10000,plus,34,143
65,8,1,first,91,10000,minus,35,835
65,8,1,first,91,10000,plus,35,195
65,8,1,first,91,10000,minus,36,948
65,8,1,first,91,10000,plus,36,306
65,8,1,first,91,10000,minus,37,997
65,8,1,first,91,10000,plus,37,472
65,8,1,first,91,10000,minus,38,965
65,8,1,first,91,10000,plus,38,692
65,8,1,first,91,10000,minus,39,921
65,8,1,first,91,10000,plus,39,849
65,8,1,first,91,10000,minus,40,721
65,8,1,first,91,10000,plus,40,989
65,8,1,first,91,10000,minus,41,550
65,8,1,first,91,10000,plus,41,999
65,8,1,first,91,10000,minus,42,389
65,8,1,first,91,10000,plus,42,1049
65,8,1,first,91,10000,minus,43,246
65,8,1,first,91,10000,plus,43,1023
65,8,1,first,91,10000,minus,44,129
65,8,1,first,91,10000,plus,44,870
65,8,1,first,91,10000,minus,45,78
65,8,1,first,91,10000,plus,45,705
65,8,1,first,91,10000,minus,46,36
65,8,1,first,91,10000,plus,46,547
65,8,1,first,91,10000,minus,47,11
65,8,1,first,91,10000,plus,47,405
65,8,1,first,91,10000,minus,48,8
65,8,1,first,91,10000,plus,48,248
65,8,1,first,91,10000,minus,49,1
65,8,1,first,91,10000,plus,49,167
65,8,1,first,91,10000,plus,50,111
65,8,1,first,91,10000,minus,51,1
65,8,1,first,91,10000,plus,51,53
65,8,1,first,91,10000,plus,52,28
65,8,1,first,91,10000,plus,53,14
65,8,1,first,91,10000,plus,54,4
65,8,1,first,91,10000,plus,55,3
65,8,1,first,91,10000,plus,56,1
65,8,1,first,91,10000,plus,57,1
65,7,4,second,91,10000,minus,18,1
65,7,4,second,91,10000,minus,19,2
65,7,4,second,91,10000,minus,20,4
65,7,4,second,91,10000,minus,21,6
65,7,4,second,91,10000,minus,22,6
65,7,4,second,91,10000,minus,23,18
65,7,4,second,91,10000,minus,24,27
65,7,4,second,91,10000,minus,25,32
65,7,4,second,91,10000,minus,26,61
65,7,4,second,91,10000,minus,27,104
65,7,4,second,91,10000,minus,28,142
65,7,4,second,91,10000,minus,29,227
65,7,4,second,91,10000,plus,29,3
65,7,4,second,91,10000,minus,30,276
65,7,4,second,91,10000,plus,30,10
65,7,4,second,91,10000,minus,31,368
65,7,4,second,91,10000,plus,31,23
65,7,4,second,91,10000,minus,32,494
65,7,4,second,91,10000,plus,32,42
65,7,4,second,91,10000,minus,33,645
65,7,4,second,91,10000,plus,33,69
65,7,4,second,91,10000,minus,34,770
65,7,4,second,91,10000,plus,34,139
65,7,4,second,91,10000,minus,35,886
65,7,4,second,91,10000,plus,35,198
65,7,4,second,91,10000,minus,36,970
65,7,4,second,91,10000,plus,36,364
65,7,4,second,91,10000,minus,37,1015
65,7,4,second,91,10000,plus,37,487
65,7,4,second,91,10000,minus,38,933
65,7,4,second,91,10000,plus,38,693
65,7,4,second,91,10000,minus,39,892
65,7,4,second,91,10000,plus,39,834
65,7,4,second,91,10000,minus,40,671
65,7,4,second,91,10000,plus,40,924
65,7,4,second,91,10000,minus,41,573
65,7,4,second,91,10000,plus,41,1008
65,7,4,second,91,10000,minus,42,385
65,7,4,second,91,10000,plus,42,1008
65,7,4,second,91,10000,minus,43,223
65,7,4,second,91,10000,plus,43,980
65,7,4,second,91,10000,minus,44,128
65,7,4,second,91,10000,plus,44,838
65,7,4,second,91,10000,minus,45,86
65,7,4,second,91,10000,plus,45,706
65,7,4,second,91,10000,minus,46,31
65,7,4,second,91,10000,plus,46,522
65,7,4,second,91,10000,minus,47,15
65,7,4,second,91,10000,plus,47,374
65,7,4,second,91,10000,minus,48,7
65,7,4,second,91,10000,plus,48,278
65,7,4,second,91,10000,plus,49,218
65,7,4,second,91,10000,minus,50,2
65,7,4,second,91,10000,plus,50,132
65,7,4,second,91,10000,plus,51,74
65,7,4,second,91,10000,plus,52,36
65,7,4,second,91,10000,plus,53,19
65,7,4,second,91,10000,plus,54,15
65,7,4,second,91,10000,plus,55,4
65,7,4,second,91,10000,plus,56,1
65,7,4,second,91,10000,plus,57,1
65,8,1,first,92,10000,minus,17,1
65,8,1,first,92,10000,minus,18,2
65,8,1,first,92,10000,minus,20,3
65,8,1,first,92,10000,minus,21,4
65,8,1,first,92,10000,minus,22,7
65,8,1,first,92,10000,minus,23,17
65,8,1,first,92,10000,minus,24,37
65,8,1,first,92,10000,minus,25,42
65,8,1,first,92,10000,minus,26,53
65,8,1,first,92,10000,minus,27,103
65,8,1,first,92,10000,minus,28,149
65,8,1,first,92,10000,plus,28,1
65,8,1,first,92,10000,minus,29,185
65,8,1,first,92,10000,plus,29,5
65,8,1,first,92,10000,minus,30,283
65,8,1,first,92,10000,plus,30,12
65,8,1,first,92,10000,minus,31,358
65,8,1,first,92,10000,plus,31,20
65,8,1,first,92,10000,minus,32,507
65,8,1,first,92,10000,plus,32,36
65,8,1,first,92,10000,minus,33,642
65,8,1,first,92,10000,plus,33,62
65,8,1,first,92,10000,minus,34,728
65,8,1,first,92,10000,plus,34,99
65,8,1,first,92,10000,minus,35,929
65,8,1,first,92,10000,plus,35,212
65,8,1,first,92,10000,minus,36,1001
65,8,1,first,92,10000,plus,36,318
65,8,1,first,92,10000,minus,37,963
65,8,1,first,92,10000,plus,37,486
65,8,1,first,92,10000,minus,38,980
65,8,1,first,92,10000,plus,38,661
65,8,1,first,92,10000,minus,39,863
65,8,1,first,92,10000,plus,39,806
65,8,1,first,92,10000,minus,40,723
65,8,1,first,92,10000,plus,40,964
65,8,1,first,92,10000,minus,41,514
65,8,1,first,92,10000,plus,41,1033
65,8,1,first,92,10000,minus,42,395
65,8,1,first,92,10000,plus,42,1051
65,8,1,first,92,10000,minus,43,224
65,8,1,first,92,10000,plus,43,1008
65,8,1,first,92,10000,minus,44,147
65,8,1,first,92,10000,plus,44,858
65,8,1,first,92,10000,minus,45,80
65,8,1,first,92,10000,plus,45,706
65,8,1,first,92,10000,minus,46,34
65,8,1,first,92,10000,plus,46,539
65,8,1,first,92,10000,minus,47,17
65,8,1,first,92,10000,plus,47,441
65,8,1,first,92,10000,minus,48,7
65,8,1,first,92,10000,plus,48,274
65,8,1,first,92,10000,minus,49,2
65,8,1,first,92,10000,plus,49,175
65,8,1,first,92,10000,plus,50,117
65,8,1,first,92,10000,plus,51,54
65,8,1,first,92,10000,plus,52,35
65,8,1,first,92,10000,plus,53,16
65,8,1,first,92,10000,plus,54,8
65,8,1,first,92,10000,plus,55,3
65,7,4,second,92,10000,minus,18,1
65,7,4,second,92,10000,minus,19,3
65,7,4,second,92,10000,minus,20,1
65,7,4,second,92,10000,minus,21,4
65,7,4,second,92,10000,minus,22,12
65,7,4,second,92,10000,minus,23,17
65,7,4,second,92,10000,minus,24,17
65,7,4,second,92,10000,minus,25,41
65,7,4,second,92,10000,minus,26,53
65,7,4,second,92,10000,plus,26,1
65,7,4,second,92,10000,minus,27,105
65,7,4,second,92,10000,plus,27,1
65,7,4,second,92,10000,minus,28,152
65,7,4,second,92,10000,plus,28,1
65,7,4,second,92,10000,minus,29,198
65,7,4,second,92,10000,plus,29,7
65,7,4,second,92,10000,minus,30,259
65,7,4,second,92,10000,plus,30,9
65,7,4,second,92,10000,minus,31,413
65,7,4,second,92,10000,plus,31,15
65,7,4,second,92,10000,minus,32,510
65,7,4,second,92,10000,plus,32,31
65,7,4,second,92,10000,minus,33,634
65,7,4,second,92,10000,plus,33,69
65,7,4,second,92,10000,minus,34,777
65,7,4,second,92,10000,plus,34,134
65,7,4,second,92,10000,minus,35,876
65,7,4,second,92,10000,plus,35,236
65,7,4,second,92,10000,minus,36,993
65,7,4,second,92,10000,plus,36,329
65,7,4,second,92,10000,minus,37,996
65,7,4,second,92,10000,plus,37,489
65,7,4,second,92,10000,minus,38,958
65,7,4,second,92,10000,plus,38,604
65,7,4,second,92,10000,minus,39,874
65,7,4,second,92,10000,plus,39,825
65,7,4,second,92,10000,minus,40,693
65,7,4,second,92,10000,plus,40,1033
65,7,4,second,92,10000,minus,41,555
65,7,4,second,92,10000,plus,41,998
65,7,4,second,92,10000,minus,42,372
65,7,4,second,92,10000,plus,42,1078
65,7,4,second,92,10000,minus,43,239
65,7,4,second,92,10000,plus,43,951
65,7,4,second,92,10000,minus,44,128
65,7,4,second,92,10000,plus,44,834
65,7,4,second,92,10000,minus,45,68
65,7,4,second,92,10000,plus,45,699
65,7,4,second,92,10000,minus,46,28
65,7,4,second,92,10000,plus,46,556
65,7,4,second,92,10000,minus,47,15
65,7,4,second,92,10000,plus,47,380
65,7,4,second,92,10000,minus,48,4
65,7,4,second,92,10000,plus,48,265
65,7,4,second,92,10000,minus,49,2
65,7,4,second,92,10000,plus,49,186
65,7,4,second,92,10000,minus,50,2
65,7,4,second,92,10000,plus,50,119
65,7,4,second,92,10000,plus,51,57
65,7,4,second,92,10000,plus,52,45
65,7,4,second,92,10000,plus,53,26
65,7,4,second,92,10000,plus,54,16
65,7,4,second,92,10000,plus,55,4
65,7,4,second,92,10000,plus,56,2
65,8,1,first,93,10000,minus,18,1
65,8,1,first,93,10000,minus,19,1
65,8,1,first,93,10000,minus,20,3
65,8,1,first,93,10000,minus,21,8
65,8,1,first,93,10000,minus,22,12
65,8,1,first,93,10000,minus,23,21
65,8,1,first,93,10000,minus,24,30
65,8,1,first,93,10000,minus,25,42
65,8,1,first,93,10000,minus,26,59
65,8,1,first,93,10000,plus,26,2
65,8,1,first,93,10000,minus,27,104
65,8,1,first,93,10000,minus,28,135
65,8,1,first,93,10000,plus,28,1
65,8,1,first,93,10000,minus,29,198
65,8,1,first,93,10000,plus,29,1
65,8,1,first,93,10000,minus,30,271
65,8,1,first,93,10000,plus,30,7
65,8,1,first,93,10000,minus,31,381
65,8,1,first,93,10000,plus,31,16
65,8,1,first,93,10000,minus,32,491
65,8,1,first,93,10000,plus,32,35
65,8,1,first,93,10000,minus,33,647
65,8,1,first,93,10000,plus,33,71
65,8,1,first,93,10000,minus,34,757
65,8,1,first,93,10000,plus,34,107
65,8,1,first,93,10000,minus,35,869
65,8,1,first,93,10000,plus,35,221
65,8,1,first,93,10000,minus,36,999
65,8,1,first,93,10000,plus,36,330
65,8,1,first,93,10000,minus,37,992
65,8,1,first,93,10000,plus,37,513
65,8,1,first,93,10000,minus,38,943
65,8,1,first,93,10000,plus,38,683
65,8,1,first,93,10000,minus,39,826
65,8,1,first,93,10000,plus,39,809
65,8,1,first,93,10000,minus,40,789
65,8,1,first,93,10000,plus,40,940
65,8,1,first,93,10000,minus,41,602
65,8,1,first,93,10000,plus,41,1058
65,8,1,first,93,10000,minus,42,350
65,8,1,first,93,10000,plus,42,1069
65,8,1,first,93,10000,minus,43,233
65,8,1,first,93,10000,plus,43,965
65,8,1,first,93,10000,minus,44,114
65,8,1,first,93,10000,plus,44,860
65,8,1,first,93,10000,minus,45,67
65,8,1,first,93,10000,plus,45,680
65,8,1,first,93,10000,minus,46,37
65,8,1,first,93,10000,plus,46,539
65,8,1,first,93,10000,minus,47,9
65,8,1,first,93,10000,plus,47,419
65,8,1,first,93,10000,minus,48,8
65,8,1,first,93,10000,plus,48,273
65,8,1,first,93,10000,minus,49,1
65,8,1,first,93,10000,plus,49,189
65,8,1,first,93,10000,plus,50,85
65,8,1,first,93,10000,plus,51,70
65,8,1,first,93,10000,plus,52,35
65,8,1,first,93,10000,plus,53,14
65,8,1,first,93,10000,plus,54,6
65,8,1,first,93,10000,plus,55,2
65,7,4,second,93,10000,minus,18,1
65,7,4,second,93,10000,minus,19,1
65,7,4,second,93,10000,minus,20,2
65,7,4,second,93,10000,minus,21,4
65,7,4,second,93,10000,minus,22,11
65,7,4,second,93,10000,minus,23,20
65,7,4,second,93,10000,minus,24,22
65,7,4,second,93,10000,minus,25,45
65,7,4,second,93,10000,minus,26,53
65,7,4,second,93,10000,minus,27,92
65,7,4,second,93,10000,minus,28,116
65,7,4,second,93,10000,plus,28,1
65,7,4,second,93,10000,minus,29,181
65,7,4,second,93,10000,plus,29,4
65,7,4,second,93,10000,minus,30,262
65,7,4,second,93,10000,plus,30,6
65,7,4,second,93,10000,minus,31,347
65,7,4,second,93,10000,plus,31,24
65,7,4,second,93,10000,minus,32,519
65,7,4,second,93,10000,plus,32,39
65,7,4,second,93,10000,minus,33,601
65,7,4,second,93,10000,plus,33,61
65,7,4,second,93,10000,minus,34,791
65,7,4,second,93,10000,plus,34,119
65,7,4,second,93,10000,minus,35,911
65,7,4,second,93,10000,plus,35,198
65,7,4,second,93,10000,minus,36,982
65,7,4,second,93,10000,plus,36,366
65,7,4,second,93,10000,minus,37,999
65,7,4,second,93,10000,plus,37,485
65,7,4,second,93,10000,minus,38,1003
65,7,4,second,93,10000,plus,38,642
65,7,4,second,93,10000,minus,39,837
65,7,4,second,93,10000,plus,39,781
65,7,4,second,93,10000,minus,40,761
65,7,4,second,93,10000,plus,40,985
65,7,4,second,93,10000,minus,41,541
65,7,4,second,93,10000,plus,41,1027
65,7,4,second,93,10000,minus,42,391
65,7,4,second,93,10000,plus,42,1081
65,7,4,second,93,10000,minus,43,255
65,7,4,second,93,10000,plus,43,1011
65,7,4,second,93,10000,minus,44,136
65,7,4,second,93,10000,plus,44,838
65,7,4,second,93,10000,minus,45,58
65,7,4,second,93,10000,plus,45,701
65,7,4,second,93,10000,minus,46,29
65,7,4,second,93,10000,plus,46,554
65,7,4,second,93,10000,minus,47,21
65,7,4,second,93,10000,plus,47,370
65,7,4,second,93,10000,minus,48,6
65,7,4,second,93,10000,plus,48,253
65,7,4,second,93,10000,minus,49,1
65,7,4,second,93,10000,plus,49,162
65,7,4,second,93,10000,minus,50,1
65,7,4,second,93,10000,plus,50,128
65,7,4,second,93,10000,plus,51,72
65,7,4,second,93,10000,plus,52,50
65,7,4,second,93,10000,plus,53,26
65,7,4,second,93,10000,plus,54,8
65,7,4,second,93,10000,plus,55,5
65,7,4,second,93,10000,plus,56,3
65,8,1,first,94,10000,minus,17,1
65,8,1,first,94,10000,minus,19,1
65,8,1,first,94,10000,minus,20,4
65,8,1,first,94,10000,minus,21,6
65,8,1,first,94,10000,minus,22,13
65,8,1,first,94,10000,minus,23,13
65,8,1,first,94,10000,minus,24,25
65,8,1,first,94,10000,minus,25,43
65,8,1,first,94,10000,minus,26,61
65,8,1,first,94,10000,minus,27,102
65,8,1,first,94,10000,minus,28,147
65,8,1,first,94,10000,plus,28,1
65,8,1,first,94,10000,minus,29,241
65,8,1,first,94,10000,plus,29,5
65,8,1,first,94,10000,minus,30,267
65,8,1,first,94,10000,plus,30,8
65,8,1,first,94,10000,minus,31,375
65,8,1,first,94,10000,plus,31,15
65,8,1,first,94,10000,minus,32,481
65,8,1,first,94,10000,plus,32,38
65,8,1,first,94,10000,minus,33,643
65,8,1,first,94,10000,plus,33,64
65,8,1,first,94,10000,minus,34,782
65,8,1,first,94,10000,plus,34,118
65,8,1,first,94,10000,minus,35,875
65,8,1,first,94,10000,plus,35,214
65,8,1,first,94,10000,minus,36,970
65,8,1,first,94,10000,plus,36,334
65,8,1,first,94,10000,minus,37,1023
65,8,1,first,94,10000,plus,37,465
65,8,1,first,94,10000,minus,38,963
65,8,1,first,94,10000,plus,38,691
65,8,1,first,94,10000,minus,39,805
65,8,1,first,94,10000,plus,39,820
65,8,1,first,94,10000,minus,40,720
65,8,1,first,94,10000,plus,40,957
65,8,1,first,94,10000,minus,41,534
65,8,1,first,94,10000,plus,41,995
65,8,1,first,94,10000,minus,42,387
65,8,1,first,94,10000,plus,42,1030
65,8,1,first,94,10000,minus,43,258
65,8,1,first,94,10000,plus,43,1060
65,8,1,first,94,10000,minus,44,141
65,8,1,first,94,10000,plus,44,826
65,8,1,first,94,10000,minus,45,62
65,8,1,first,94,10000,plus,45,719
65,8,1,first,94,10000,minus,46,31
65,8,1,first,94,10000,plus,46,573
65,8,1,first,94,10000,minus,47,17
65,8,1,first,94,10000,plus,47,403
65,8,1,first,94,10000,minus,48,7
65,8,1,first,94,10000,plus,48,270
65,8,1,first,94,10000,minus,49,2
65,8,1,first,94,10000,plus,49,175
65,8,1,first,94,10000,plus,50,92
65,8,1,first,94,10000,plus,51,64
65,8,1,first,94,10000,plus,52,37
65,8,1,first,94,10000,plus,53,11
65,8,1,first,94,10000,plus,54,9
65,8,1,first,94,10000,plus,55,5
65,8,1,first,94,10000,plus,57,1
65,7,4,second,94,10000,minus,18,1
65,7,4,second,94,10000,minus,19,4
65,7,4,second,94,10000,minus,20,3
65,7,4,second,94,10000,minus,21,5
65,7,4,second,94,10000,minus,22,14
65,7,4,second,94,10000,minus,23,17
65,7,4,second,94,10000,minus,24,29
65,7,4,second,94,10000,minus,25,45
65,7,4,second,94,10000,minus,26,70
65,7,4,second,94,10000,minus,27,95
65,7,4,second,94,10000,plus,27,1
65,7,4,second,94,10000,minus,28,173
65,7,4,second,94,10000,plus,28,3
65,7,4,second,94,10000,minus,29,212
65,7,4,second,94,10000,plus,29,3
65,7,4,second,94,10000,minus,30,265
65,7,4,second,94,10000,plus,30,14
65,7,4,second,94,10000,minus,31,363
65,7,4,second,94,10000,plus,31,14
65,7,4,second,94,10000,minus,32,528
65,7,4,second,94,10000,plus,32,36
65,7,4,second,94,10000,minus,33,624
65,7,4,second,94,10000,plus,33,59
65,7,4,second,94,10000,minus,34,772
65,7,4,second,94,10000,plus,34,115
65,7,4,second,94,10000,minus,35,934
65,7,4,second,94,10000,plus,35,223
65,7,4,second,94,10000,minus,36,1019
65,7,4,second,94,10000,plus,36,343
65,7,4,second,94,10000,minus,37,1017
65,7,4,second,94,10000,plus,37,482
65,7,4,second,94,10000,minus,38,918
65,7,4,second,94,10000,plus,38,719
65,7,4,second,94,10000,minus,39,837
65,7,4,second,94,10000,plus,39,811
65,7,4,second,94,10000,minus,40,725
65,7,4,second,94,10000,plus,40,945
65,7,4,second,94,10000,minus,41,514
65,7,4,second,94,10000,plus,41,1026
65,7,4,second,94,10000,minus,42,356
65,7,4,second,94,10000,plus,42,1035
65,7,4,second,94,10000,minus,43,228
65,7,4,second,94,10000,plus,43,1000
65,7,4,second,94,10000,minus,44,127
65,7,4,second,94,10000,plus,44,875
65,7,4,second,94,10000,minus,45,56
65,7,4,second,94,10000,plus,45,760
65,7,4,second,94,10000,minus,46,29
65,7,4,second,94,10000,plus,46,534
65,7,4,second,94,10000,minus,47,11
65,7,4,second,94,10000,plus,47,353
65,7,4,second,94,10000,minus,48,6
65,7,4,second,94,10000,plus,48,242
65,7,4,second,94,10000,minus,49,1
65,7,4,second,94,10000,plus,49,146
65,7,4,second,94,10000,minus,50,1
65,7,4,second,94,10000,plus,50,105
65,7,4,second,94,10000,minus,51,1
65,7,4,second,94,10000,plus,51,74
65,7,4,second,94,10000,plus,52,39
65,7,4,second,94,10000,plus,53,21
65,7,4,second,94,10000,plus,54,12
65,7,4,second,94,10000,plus,55,8
65,7,4,second,94,10000,plus,56,2
65,8,1,first,95,10000,minus,14,1
65,8,1,first,95,10000,minus,16,1
65,8,1,first,95,10000,minus,18,1
65,8,1,first,95,10000,minus,19,3
65,8,1,first,95,10000,minus,20,6
65,8,1,first,95,10000,minus,21,8
65,8,1,first,95,10000,minus,22,9
65,8,1,first,95,10000,minus,23,10
65,8,1,first,95,10000,minus,24,27
65,8,1,first,95,10000,minus,25,52
65,8,1,first,95,10000,minus,26,69
65,8,1,first,95,10000,plus,26,1
65,8,1,first,95,10000,minus,27,90
65,8,1,first,95,10000,plus,27,1
65,8,1,first,95,10000,minus,28,137
65,8,1,first,95,10000,plus,28,3
65,8,1,first,95,10000,minus,29,236
65,8,1,first,95,10000,plus,29,4
65,8,1,first,95,10000,minus,30,305
65,8,1,first,95,10000,plus,30,9
65,8,1,first,95,10000,minus,31,367
65,8,1,first,95,10000,plus,31,32
65,8,1,first,95,10000,minus,32,486
65,8,1,first,95,10000,plus,32,42
65,8,1,first,95,10000,minus,33,664
65,8,1,first,95,10000,plus,33,66
65,8,1,first,95,10000,minus,34,768
65,8,1,first,95,10000,plus,34,143
65,8,1,first,95,10000,minus,35,890
65,8,1,first,95,10000,plus,35,218
65,8,1,first,95,10000,minus,36,962
65,8,1,first,95,10000,plus,36,342
65,8,1,first,95,10000,minus,37,1020
65,8,1,first,95,10000,plus,37,512
65,8,1,first,95,10000,minus,38,966
65,8,1,first,95,10000,plus,38,671
65,8,1,first,95,10000,minus,39,858
65,8,1,first,95,10000,plus,39,806
65,8,1,first,95,10000,minus,40,688
65,8,1,first,95,10000,plus,40,966
65,8,1,first,95,10000,minus,41,511
65,8,1,first,95,10000,plus,41,1055
65,8,1,first,95,10000,minus,42,360
65,8,1,first,95,10000,plus,42,1044
65,8,1,first,95,10000,minus,43,260
65,8,1,first,95,10000,plus,43,942
65,8,1,first,95,10000,minus,44,129
65,8,1,first,95,10000,plus,44,880
65,8,1,first,95,10000,minus,45,59
65,8,1,first,95,10000,plus,45,697
65,8,1,first,95,10000,minus,46,27
65,8,1,first,95,10000,plus,46,534
65,8,1,first,95,10000,minus,47,21
65,8,1,first,95,10000,plus,47,370
65,8,1,first,95,10000,minus,48,6
65,8,1,first,95,10000,plus,48,254
65,8,1,first,95,10000,minus,49,2
65,8,1,first,95,10000,plus,49,175
65,8,1,first,95,10000,minus,50,1
65,8,1,first,95,10000,plus,50,107
65,8,1,first,95,10000,plus,51,62
65,8,1,first,95,10000,plus,52,35
65,8,1,first,95,10000,plus,53,13
65,8,1,first,95,10000,plus,54,8
65,8,1,first,95,10000,plus,55,5
65,8,1,first,95,10000,plus,56,2
65,8,1,first,95,10000,plus,57,1
65,7,4,second,95,10000,minus,20,3
65,7,4,second,95,10000,minus,21,7
65,7,4,second,95,10000,minus,22,4
65,7,4,second,95,10000,minus,23,24
65,7,4,second,95,10000,minus,24,27
65,7,4,second,95,10000,minus,25,37
65,7,4,second,95,10000,minus,26,60
65,7,4,second,95,10000,plus,26,1
65,7,4,second,95,10000,minus,27,99
65,7,4,second,95,10000,plus,27,2
65,7,4,second,95,10000,minus,28,154
65,7,4,second,95,10000,minus,29,223
65,7,4,second,95,10000,plus,29,7
65,7,4,second,95,10000,minus,30,298
65,7,4,second,95,10000,plus,30,8
65,7,4,second,95,10000,minus,31,366
65,7,4,second,95,10000,plus,31,18
65,7,4,second,95,10000,minus,32,494
65,7,4,second,95,10000,plus,32,43
65,7,4,second,95,10000,minus,33,688
65,7,4,second,95,10000,plus,33,58
65,7,4,second,95,10000,minus,34,732
65,7,4,second,95,10000,plus,34,139
65,7,4,second,95,10000,minus,35,859
65,7,4,second,95,10000,plus,35,220
65,7,4,second,95,10000,minus,36,942
65,7,4,second,95,10000,plus,36,347
65,7,4,second,95,10000,minus,37,1006
65,7,4,second,95,10000,plus,37,490
65,7,4,second,95,10000,minus,38,991
65,7,4,second,95,10000,plus,38,666
65,7,4,second,95,10000,minus,39,857
65,7,4,second,95,10000,plus,39,850
65,7,4,second,95,10000,minus,40,721
65,7,4,second,95,10000,plus,40,1004
65,7,4,second,95,10000,minus,41,539
65,7,4,second,95,10000,plus,41,1000
65,7,4,second,95,10000,minus,42,369
65,7,4,second,95,10000,plus,42,1065
65,7,4,second,95,10000,minus,43,237
65,7,4,second,95,10000,plus,43,946
65,7,4,second,95,10000,minus,44,137
65,7,4,second,95,10000,plus,44,853
65,7,4,second,95,10000,minus,45,73
65,7,4,second,95,10000,plus,45,670
65,7,4,second,95,10000,minus,46,34
65,7,4,second,95,10000,plus,46,549
65,7,4,second,95,10000,minus,47,14
65,7,4,second,95,10000,plus,47,380
65,7,4,second,95,10000,minus,48,2
65,7,4,second,95,10000,plus,48,257
65,7,4,second,95,10000,minus,49,3
65,7,4,second,95,10000,plus,49,163
65,7,4,second,95,10000,plus,50,123
65,7,4,second,95,10000,plus,51,71
65,7,4,second,95,10000,plus,52,31
65,7,4,second,95,10000,plus,53,18
65,7,4,second,95,10000,plus,54,9
65,7,4,second,95,10000,plus,55,8
65,7,4,second,95,10000,plus,56,2
65,7,4,second,95,10000,plus,57,2
65,8,1,first,96,10000,minus,17,1
65,8,1,first,96,10000,minus,18,1
65,8,1,first,96,10000,minus,19,3
65,8,1,first,96,10000,minus,20,5
65,8,1,first,96,10000,minus,21,5
65,8,1,first,96,10000,minus,22,7
65,8,1,first,96,10000,minus,23,15
65,8,1,first,96,10000,minus,24,33
65,8,1,first,96,10000,minus,25,43
65,8,1,first,96,10000,minus,26,57
65,8,1,first,96,10000,minus,27,107
65,8,1,first,96,10000,plus,27,1
65,8,1,first,96,10000,minus,28,151
65,8,1,first,96,10000,plus,28,1
65,8,1,first,96,10000,minus,29,210
65,8,1,first,96,10000,minus,30,286
65,8,1,first,96,10000,plus,30,12
65,8,1,first,96,10000,minus,31,399
65,8,1,first,96,10000,plus,31,18
65,8,1,first,96,10000,minus,32,522
65,8,1,first,96,10000,plus,32,37
65,8,1,first,96,10000,minus,33,635
65,8,1,first,96,10000,plus,33,69
65,8,1,first,96,10000,minus,34,716
65,8,1,first,96,10000,plus,34,136
65,8,1,first,96,10000,minus,35,885
65,8,1,first,96,10000,plus,35,198
65,8,1,first,96,10000,minus,36,976
65,8,1,first,96,10000,plus,36,344
65,8,1,first,96,10000,minus,37,1025
65,8,1,first,96,10000,plus,37,490
65,8,1,first,96,10000,minus,38,993
65,8,1,first,96,10000,plus,38,609
65,8,1,first,96,10000,minus,39,858
65,8,1,first,96,10000,plus,39,866
65,8,1,first,96,10000,minus,40,693
65,8,1,first,96,10000,plus,40,1000
65,8,1,first,96,10000,minus,41,517
65,8,1,first,96,10000,plus,41,1012
65,8,1,first,96,10000,minus,42,378
65,8,1,first,96,10000,plus,42,1100
65,8,1,first,96,10000,minus,43,224
65,8,1,first,96,10000,plus,43,956
65,8,1,first,96,10000,minus,44,130
65,8,1,first,96,10000,plus,44,869
65,8,1,first,96,10000,minus,45,70
65,8,1,first,96,10000,plus,45,683
65,8,1,first,96,10000,minus,46,34
65,8,1,first,96,10000,plus,46,512
65,8,1,first,96,10000,minus,47,16
65,8,1,first,96,10000,plus,47,397
65,8,1,first,96,10000,minus,48,5
65,8,1,first,96,10000,plus,48,271
65,8,1,first,96,10000,plus,49,189
65,8,1,first,96,10000,plus,50,96
65,8,1,first,96,10000,plus,51,81
65,8,1,first,96,10000,plus,52,29
65,8,1,first,96,10000,plus,53,10
65,8,1,first,96,10000,plus,54,9
65,8,1,first,96,10000,plus,55,1
65,8,1,first,96,10000,plus,56,4
65,7,4,second,96,10000,minus,19,2
65,7,4,second,96,10000,minus,20,2
65,7,4,second,96,10000,minus,21,7
65,7,4,second,96,10000,minus,22,5
65,7,4,second,96,10000,minus,23,23
65,7,4,second,96,10000,minus,24,19
65,7,4,second,96,10000,minus,25,36
65,7,4,second,96,10000,minus,26,42
65,7,4,second,96,10000,minus,27,98
65,7,4,second,96,10000,minus,28,137
65,7,4,second,96,10000,plus,28,1
65,7,4,second,96,10000,minus,29,194
65,7,4,second,96,10000,plus,29,5
65,7,4,second,96,10000,minus,30,307
65,7,4,second,96,10000,plus,30,9
65,7,4,second,96,10000,minus,31,386
65,7,4,second,96,10000,plus,31,8
65,7,4,second,96,10000,minus,32,500
65,7,4,second,96,10000,plus,32,43
65,7,4,second,96,10000,minus,33,643
65,7,4,second,96,10000,plus,33,62
65,7,4,second,96,10000,minus,34,785
65,7,4,second,96,10000,plus,34,130
65,7,4,second,96,10000,minus,35,905
65,7,4,second,96,10000,plus,35,209
65,7,4,second,96,10000,minus,36,992
65,7,4,second,96,10000,plus,36,336
65,7,4,second,96,10000,minus,37,964
65,7,4,second,96,10000,plus,37,484
65,7,4,second,96,10000,minus,38,966
65,7,4,second,96,10000,plus,38,636
65,7,4,second,96,10000,minus,39,890
65,7,4,second,96,10000,plus,39,830
65,7,4,second,96,10000,minus,40,736
65,7,4,second,96,10000,plus,40,942
65,7,4,second,96,10000,minus,41,540
65,7,4,second,96,10000,plus,41,1065
65,7,4,second,96,10000,minus,42,338
65,7,4,second,96,10000,plus,42,1102
65,7,4,second,96,10000,minus,43,224
65,7,4,second,96,10000,plus,43,989
65,7,4,second,96,10000,minus,44,129
65,7,4,second,96,10000,plus,44,829
65,7,4,second,96,10000,minus,45,78
65,7,4,second,96,10000,plus,45,700
65,7,4,second,96,10000,minus,46,27
65,7,4,second,96,10000,plus,46,494
65,7,4,second,96,10000,minus,47,16
65,7,4,second,96,10000,plus,47,389
65,7,4,second,96,10000,minus,48,4
65,7,4,second,96,10000,plus,48,277
65,7,4,second,96,10000,minus,49,5
65,7,4,second,96,10000,plus,49,188
65,7,4,second,96,10000,plus,50,122
65,7,4,second,96,10000,plus,51,71
65,7,4,second,96,10000,plus,52,29
65,7,4,second,96,10000,plus,53,25
65,7,4,second,96,10000,plus,54,15
65,7,4,second,96,10000,plus,55,6
65,7,4,second,96,10000,plus,56,3
65,7,4,second,96,10000,plus,57,1
65,8,1,first,97,10000,minus,17,1
65,8,1,first,97,10000,minus,18,1
65,8,1,first,97,10000,minus,19,4
65,8,1,first,97,10000,minus,20,7
65,8,1,first,97,10000,minus,21,2
65,8,1,first,97,10000,minus,22,8
65,8,1,first,97,10000,minus,23,15
65,8,1,first,97,10000,minus,24,29
65,8,1,first,97,10000,plus,24,1
65,8,1,first,97,10000,minus,25,45
65,8,1,first,97,10000,minus,26,60
65,8,1,first,97,10000,plus,26,1
65,8,1,first,97,10000,minus,27,106
65,8,1,first,97,10000,plus,27,1
65,8,1,first,97,10000,minus,28,152
65,8,1,first,97,10000,plus,28,1
65,8,1,first,97,10000,minus,29,203
65,8,1,first,97,10000,plus,29,2
65,8,1,first,97,10000,minus,30,278
65,8,1,first,97,10000,plus,30,6
65,8,1,first,97,10000,minus,31,391
65,8,1,first,97,10000,plus,31,28
65,8,1,first,97,10000,minus,32,513
65,8,1,first,97,10000,plus,32,32
65,8,1,first,97,10000,minus,33,599
65,8,1,first,97,10000,plus,33,72
65,8,1,first,97,10000,minus,34,777
65,8,1,first,97,10000,plus,34,138
65,8,1,first,97,10000,minus,35,918
65,8,1,first,97,10000,plus,35,211
65,8,1,first,97,10000,minus,36,984
65,8,1,first,97,10000,plus,36,338
65,8,1,first,97,10000,minus,37,966
65,8,1,first,97,10000,plus,37,532
65,8,1,first,97,10000,minus,38,939
65,8,1,first,97,10000,plus,38,646
65,8,1,first,97,10000,minus,39,851
65,8,1,first,97,10000,plus,39,807
65,8,1,first,97,10000,minus,40,712
65,8,1,first,97,10000,plus,40,961
65,8,1,first,97,10000,minus,41,561
65,8,1,first,97,10000,plus,41,1075
65,8,1,first,97,10000,minus,42,380
65,8,1,first,97,10000,plus,42,1035
65,8,1,first,97,10000,minus,43,217
65,8,1,first,97,10000,plus,43,958
65,8,1,first,97,10000,minus,44,161
65,8,1,first,97,10000,plus,44,831
65,8,1,first,97,10000,minus,45,71
65,8,1,first,97,10000,plus,45,716
65,8,1,first,97,10000,minus,46,32
65,8,1,first,97,10000,plus,46,533
65,8,1,first,97,10000,minus,47,11
65,8,1,first,97,10000,plus,47,396
65,8,1,first,97,10000,minus,48,4
65,8,1,first,97,10000,plus,48,260
65,8,1,first,97,10000,minus,49,2
65,8,1,first,97,10000,plus,49,176
65,8,1,first,97,10000,plus,50,110
65,8,1,first,97,10000,plus,51,57
65,8,1,first,97,10000,plus,52,41
65,8,1,first,97,10000,plus,53,23
65,8,1,first,97,10000,plus,54,11
65,8,1,first,97,10000,plus,55,1
65,7,4,second,97,10000,minus,17,1
65,7,4,second,97,10000,minus,19,1
65,7,4,second,97,10000,minus,20,1
65,7,4,second,97,10000,minus,21,2
65,7,4,second,97,10000,minus,22,8
65,7,4,second,97,10000,minus,23,19
65,7,4,second,97,10000,minus,24,21
65,7,4,second,97,10000,minus,25,36
65,7,4,second,97,10000,minus,26,63
65,7,4,second,97,10000,minus,27,113
65,7,4,second,97,10000,minus,28,129
65,7,4,second,97,10000,minus,29,210
65,7,4,second,97,10000,plus,29,4
65,7,4,second,97,10000,minus,30,280
65,7,4,second,97,10000,plus,30,7
65,7,4,second,97,10000,minus,31,411
65,7,4,second,97,10000,plus,31,12
65,7,4,second,97,10000,minus,32,532
65,7,4,second,97,10000,plus,32,37
65,7,4,second,97,10000,minus,33,654
65,7,4,second,97,10000,plus,33,85
65,7,4,second,97,10000,minus,34,800
65,7,4,second,97,10000,plus,34,119
65,7,4,second,97,10000,minus,35,911
65,7,4,second,97,10000,plus,35,212
65,7,4,second,97,10000,minus,36,932
65,7,4,second,97,10000,plus,36,347
65,7,4,second,97,10000,minus,37,962
65,7,4,second,97,10000,plus,37,493
65,7,4,second,97,10000,minus,38,954
65,7,4,second,97,10000,plus,38,633
65,7,4,second,97,10000,minus,39,832
65,7,4,second,97,10000,plus,39,825
65,7,4,second,97,10000,minus,40,718
65,7,4,second,97,10000,plus,40,981
65,7,4,second,97,10000,minus,41,537
65,7,4,second,97,10000,plus,41,1063
65,7,4,second,97,10000,minus,42,375
65,7,4,second,97,10000,plus,42,1023
65,7,4,second,97,10000,minus,43,235
65,7,4,second,97,10000,plus,43,980
65,7,4,second,97,10000,minus,44,147
65,7,4,second,97,10000,plus,44,856
65,7,4,second,97,10000,minus,45,68
65,7,4,second,97,10000,plus,45,670
65,7,4,second,97,10000,minus,46,20
65,7,4,second,97,10000,plus,46,496
65,7,4,second,97,10000,minus,47,20
65,7,4,second,97,10000,plus,47,399
65,7,4,second,97,10000,minus,48,6
65,7,4,second,97,10000,plus,48,263
65,7,4,second,97,10000,minus,49,1
65,7,4,second,97,10000,plus,49,205
65,7,4,second,97,10000,minus,50,1
65,7,4,second,97,10000,plus,50,128
65,7,4,second,97,10000,plus,51,70
65,7,4,second,97,10000,plus,52,44
65,7,4,second,97,10000,plus,53,26
65,7,4,second,97,10000,plus,54,9
65,7,4,second,97,10000,plus,55,9
65,7,4,second,97,10000,plus,56,3
65,7,4,second,97,10000,plus,57,1
65,8,1,first,98,10000,minus,14,1
65,8,1,first,98,10000,minus,18,1
65,8,1,first,98,10000,minus,19,2
65,8,1,first,98,10000,minus,21,8
65,8,1,first,98,10000,minus,22,9
65,8,1,first,98,10000,minus,23,15
65,8,1,first,98,10000,minus,24,36
65,8,1,first,98,10000,minus,25,46
65,8,1,first,98,10000,minus,26,65
65,8,1,first,98,10000,plus,26,1
65,8,1,first,98,10000,minus,27,99
65,8,1,first,98,10000,plus,27,1
65,8,1,first,98,10000,minus,28,140
65,8,1,first,98,10000,minus,29,190
65,8,1,first,98,10000,plus,29,4
65,8,1,first,98,10000,minus,30,282
65,8,1,first,98,10000,plus,30,9
65,8,1,first,98,10000,minus,31,388
65,8,1,first,98,10000,plus,31,14
65,8,1,first,98,10000,minus,32,496
65,8,1,first,98,10000,plus,32,42
65,8,1,first,98,10000,minus,33,647
65,8,1,first,98,10000,plus,33,75
65,8,1,first,98,10000,minus,34,786
65,8,1,first,98,10000,plus,34,125
65,8,1,first,98,10000,minus,35,875
65,8,1,first,98,10000,plus,35,204
65,8,1,first,98,10000,minus,36,985
65,8,1,first,98,10000,plus,36,358
65,8,1,first,98,10000,minus,37,996
65,8,1,first,98,10000,plus,37,455
65,8,1,first,98,10000,minus,38,999
65,8,1,first,98,10000,plus,38,653
65,8,1,first,98,10000,minus,39,835
65,8,1,first,98,10000,plus,39,860
65,8,1,first,98,10000,minus,40,728
65,8,1,first,98,10000,plus,40,976
65,8,1,first,98,10000,minus,41,522
65,8,1,first,98,10000,plus,41,1058
65,8,1,first,98,10000,minus,42,385
65,8,1,first,98,10000,plus,42,1053
65,8,1,first,98,10000,minus,43,211
65,8,1,first,98,10000,plus,43,996
65,8,1,first,98,10000,minus,44,127
65,8,1,first,98,10000,plus,44,873
65,8,1,first,98,10000,minus,45,73
65,8,1,first,98,10000,plus,45,669
65,8,1,first,98,10000,minus,46,31
65,8,1,first,98,10000,plus,46,510
65,8,1,first,98,10000,minus,47,13
65,8,1,first,98,10000,plus,47,393
65,8,1,first,98,10000,minus,48,7
65,8,1,first,98,10000,plus,48,250
65,8,1,first,98,10000,minus,49,2
65,8,1,first,98,10000,plus,49,197
65,8,1,first,98,10000,plus,50,114
65,8,1,first,98,10000,plus,51,50
65,8,1,first,98,10000,plus,52,35
65,8,1,first,98,10000,plus,53,12
65,8,1,first,98,10000,plus,54,6
65,8,1,first,98,10000,plus,55,3
65,8,1,first,98,10000,plus,56,3
65,8,1,first,98,10000,plus,57,1
65,7,4,second,98,10000,minus,16,1
65,7,4,second,98,10000,minus,19,4
65,7,4,second,98,10000,minus,20,3
65,7,4,second,98,10000,minus,21,4
65,7,4,second,98,10000,minus,22,5
65,7,4,second,98,10000,minus,23,15
65,7,4,second,98,10000,minus,24,20
65,7,4,second,98,10000,minus,25,39
65,7,4,second,98,10000,minus,26,67
65,7,4,second,98,10000,plus,26,1
65,7,4,second,98,10000,minus,27,85
65,7,4,second,98,10000,minus,28,141
65,7,4,second,98,10000,plus,28,3
65,7,4,second,98,10000,minus,29,214
65,7,4,second,98,10000,plus,29,6
65,7,4,second,98,10000,minus,30,268
65,7,4,second,98,10000,plus,30,7
65,7,4,second,98,10000,minus,31,396
65,7,4,second,98,10000,plus,31,23
65,7,4,second,98,10000,minus,32,516
65,7,4,second,98,10000,plus,32,35
65,7,4,second,98,10000,minus,33,629
65,7,4,second,98,10000,plus,33,84
65,7,4,second,98,10000,minus,34,781
65,7,4,second,98,10000,plus,34,164
65,7,4,second,98,10000,minus,35,834
65,7,4,second,98,10000,plus,35,227
65,7,4,second,98,10000,minus,36,961
65,7,4,second,98,10000,plus,36,316
65,7,4,second,98,10000,minus,37,1033
65,7,4,second,98,10000,plus,37,498
65,7,4,second,98,10000,minus,38,1001
65,7,4,second,98,10000,plus,38,627
65,7,4,second,98,10000,minus,39,876
65,7,4,second,98,10000,plus,39,831
65,7,4,second,98,10000,minus,40,672
65,7,4,second,98,10000,plus,40,987
65,7,4,second,98,10000,minus,41,526
65,7,4,second,98,10000,plus,41,1037
65,7,4,second,98,10000,minus,42,381
65,7,4,second,98,10000,plus,42,1025
65,7,4,second,98,10000,minus,43,253
65,7,4,second,98,10000,plus,43,1036
65,7,4,second,98,10000,minus,44,143
65,7,4,second,98,10000,plus,44,789
65,7,4,second,98,10000,minus,45,85
65,7,4,second,98,10000,plus,45,700
65,7,4,second,98,10000,minus,46,26
65,7,4,second,98,10000,plus,46,512
65,7,4,second,98,10000,minus,47,14
65,7,4,second,98,10000,plus,47,402
65,7,4,second,98,10000,minus,48,6
65,7,4,second,98,10000,plus,48,269
65,7,4,second,98,10000,minus,49,1
65,7,4,second,98,10000,plus,49,186
65,7,4,second,98,10000,plus,50,107
65,7,4,second,98,10000,plus,51,53
65,7,4,second,98,10000,plus,52,41
65,7,4,second,98,10000,plus,53,22
65,7,4,second,98,10000,plus,54,8
65,7,4,second,98,10000,plus,55,3
65,7,4,second,98,10000,plus,56,1
65,8,1,first,99,10000,minus,20,3
65,8,1,first,99,10000,minus,21,7
65,8,1,first,99,10000,minus,22,4
65,8,1,first,99,10000,minus,23,17
65,8,1,first,99,10000,minus,24,28
65,8,1,first,99,10000,minus,25,52
65,8,1,first,99,10000,minus,26,56
65,8,1,first,99,10000,minus,27,124
65,8,1,first,99,10000,minus,28,143
65,8,1,first,99,10000,minus,29,186
65,8,1,first,99,10000,plus,29,4
65,8,1,first,99,10000,minus,30,280
65,8,1,first,99,10000,plus,30,8
65,8,1,first,99,10000,minus,31,396
65,8,1,first,99,10000,plus,31,16
65,8,1,first,99,10000,minus,32,493
65,8,1,first,99,10000,plus,32,40
65,8,1,first,99,10000,minus,33,627
65,8,1,first,99,10000,plus,33,74
65,8,1,first,99,10000,minus,34,786
65,8,1,first,99,10000,plus,34,137
65,8,1,first,99,10000,minus,35,903
65,8,1,first,99,10000,plus,35,206
65,8,1,first,99,10000,minus,36,949
65,8,1,first,99,10000,plus,36,358
65,8,1,first,99,10000,minus,37,1035
65,8,1,first,99,10000,plus,37,532
65,8,1,first,99,10000,minus,38,1013
65,8,1,first,99,10000,plus,38,599
65,8,1,first,99,10000,minus,39,863
65,8,1,first,99,10000,plus,39,832
65,8,1,first,99,10000,minus,40,708
65,8,1,first,99,10000,plus,40,990
65,8,1,first,99,10000,minus,41,518
65,8,1,first,99,10000,plus,41,1043
65,8,1,first,99,10000,minus,42,338
65,8,1,first,99,10000,plus,42,1045
65,8,1,first,99,10000,minus,43,236
65,8,1,first,99,10000,plus,43,996
65,8,1,first,99,10000,minus,44,129
65,8,1,first,99,10000,plus,44,864
65,8,1,first,99,10000,minus,45,58
65,8,1,first,99,10000,plus,45,666
65,8,1,first,99,10000,minus,46,30
65,8,1,first,99,10000,plus,46,518
65,8,1,first,99,10000,minus,47,11
65,8,1,first,99,10000,plus,47,381
65,8,1,first,99,10000,minus,48,3
65,8,1,first,99,10000,plus,48,267
65,8,1,first,99,10000,minus,49,2
65,8,1,first,99,10000,plus,49,194
65,8,1,first,99,10000,minus,50,1
65,8,1,first,99,10000,plus,50,99
65,8,1,first,99,10000,minus,51,1
65,8,1,first,99,10000,plus,51,74
65,8,1,first,99,10000,plus,52,34
65,8,1,first,99,10000,plus,53,15
65,8,1,first,99,10000,plus,54,5
65,8,1,first,99,10000,plus,55,2
65,8,1,first,99,10000,plus,56,1
65,7,4,second,99,10000,minus,19,1
65,7,4,second,99,10000,minus,20,2
65,7,4,second,99,10000,minus,21,5
65,7,4,second,99,10000,minus,22,6
65,7,4,second,99,10000,minus,23,16
65,7,4,second,99,10000,minus,24,28
65,7,4,second,99,10000,minus,25,36
65,7,4,second,99,10000,minus,26,51
65,7,4,second,99,10000,minus,27,97
65,7,4,second,99,10000,minus,28,131
65,7,4,second,99,10000,plus,28,3
65,7,4,second,99,10000,minus,29,225
65,7,4,second,99,10000,plus,29,9
65,7,4,second,99,10000,minus,30,264
65,7,4,second,99,10000,plus,30,12
65,7,4,second,99,10000,minus,31,381
65,7,4,second,99,10000,plus,31,15
65,7,4,second,99,10000,minus,32,501
65,7,4,second,99,10000,plus,32,43
65,7,4,second,99,10000,minus,33,621
65,7,4,second,99,10000,plus,33,84
65,7,4,second,99,10000,minus,34,755
65,7,4,second,99,10000,plus,34,138
65,7,4,second,99,10000,minus,35,927
65,7,4,second,99,10000,plus,35,215
65,7,4,second,99,10000,minus,36,1029
65,7,4,second,99,10000,plus,36,341
65,7,4,second,99,10000,minus,37,1013
65,7,4,second,99,10000,plus,37,507
65,7,4,second,99,10000,minus,38,897
65,7,4,second,99,10000,plus,38,644
65,7,4,second,99,10000,minus,39,845
65,7,4,second,99,10000,plus,39,811
65,7,4,second,99,10000,minus,40,735
65,7,4,second,99,10000,plus,40,932
65,7,4,second,99,10000,minus,41,550
65,7,4,second,99,10000,plus,41,1014
65,7,4,second,99,10000,minus,42,404
65,7,4,second,99,10000,plus,42,1055
65,7,4,second,99,10000,minus,43,221
65,7,4,second,99,10000,plus,43,996
65,7,4,second,99,10000,minus,44,119
65,7,4,second,99,10000,plus,44,847
65,7,4,second,99,10000,minus,45,81
65,7,4,second,99,10000,plus,45,725
65,7,4,second,99,10000,minus,46,34
65,7,4,second,99,10000,plus,46,541
65,7,4,second,99,10000,minus,47,19
65,7,4,second,99,10000,plus,47,382
65,7,4,second,99,10000,minus,48,4
65,7,4,second,99,10000,plus,48,285
65,7,4,second,99,10000,minus,49,1
65,7,4,second,99,10000,plus,49,189
65,7,4,second,99,10000,minus,50,1
65,7,4,second,99,10000,plus,50,102
65,7,4,second,99,10000,plus,51,52
65,7,4,second,99,10000,plus,52,31
65,7,4,second,99,10000,plus,53,16
65,7,4,second,99,10000,plus,54,4
65,7,4,second,99,10000,plus,55,5
65,7,4,second,99,10000,plus,56,1
65,7,4,second,99,10000,plus,57,1
