J1,rank_b,dx_b,dy_b,nu_b,synergy_edges,nonlocal_candidates
153807,1,0,1,0,15807,15807
154680,2,0,0,-1,-1,-1
0,0,0,0,-1,-1,-1
155321,1,1,0,159,4991,4923
155078,1,1,0,215,9515,9407
0,0,0,0,-1,-1,-1
0,0,0,0,-1,-1,-1
155143,1,1,0,106,3788,3744
155202,1,0,1,81,1166,1123
155182,1,0,1,231,2719,2635
0,0,0,0,-1,-1,-1
153399,2,0,0,-1,-1,-1
0,0,0,0,-1,-1,-1
154280,2,0,0,-1,-1,-1
153288,2,0,0,-1,-1,-1
0,0,0,0,-1,-1,-1
154949,1,1,0,132,15327,15282
154035,2,0,0,-1,-1,-1
153995,2,0,0,-1,-1,-1
0,0,0,0,-1,-1,-1
154920,2,0,0,-1,-1,-1
0,0,0,0,-1,-1,-1
154457,1,1,0,0,3382,3382
154508,1,0,1,0,3074,3070
154804,1,1,0,153,2209,2115
0,0,0,0,-1,-1,-1
0,0,0,0,-1,-1,-1
152594,2,0,0,-1,-1,-1
154794,1,0,1,123,2112,2050
0,0,0,0,-1,-1,-1
0,0,0,0,-1,-1,-1
154704,2,0,0,-1,-1,-1
153729,1,0,1,104,11099,11068
155078,1,1,0,16,13316,13310
0,0,0,0,-1,-1,-1
0,0,0,0,-1,-1,-1
0,0,0,0,-1,-1,-1
153040,1,1,0,0,2120,2120
0,0,0,0,-1,-1,-1
154794,2,0,0,-1,-1,-1
0,0,0,0,-1,-1,-1
0,0,0,0,-1,-1,-1
153399,1,1,1,143,3087,3031
152211,1,1,0,19,1510,1496
0,0,0,0,-1,-1,-1
154903,1,0,1,77,9870,9833
0,0,0,0,-1,-1,-1
155005,2,0,0,-1,-1,-1
154255,1,1,0,29,2533,2526
155004,1,1,0,0,3349,3349
0,0,0,0,-1,-1,-1
0,0,0,0,-1,-1,-1
0,0,0,0,-1,-1,-1
154702,1,0,1,49,2155,2123
155217,1,0,1,123,3618,3538
155280,1,0,1,45,11083,11067
154944,1,1,0,171,2701,2633
0,0,0,0,-1,-1,-1
154153,2,0,0,-1,-1,-1
154583,2,0,0,-1,-1,-1
153998,2,0,0,-1,-1,-1
154048,1,1,0,83,2900,2859
0,0,0,0,-1,-1,-1
0,0,0,0,-1,-1,-1
0,0,0,0,-1,-1,-1
154170,1,1,0,86,3325,3293
154671,2,0,0,-1,-1,-1
155154,2,0,0,-1,-1,-1
154445,1,1,0,47,5720,5707
153416,1,1,0,109,1278,1225
152946,1,0,1,27,7788,7769
154393,1,1,0,0,477,477
154152,1,0,1,202,3314,3233
153641,2,0,0,-1,-1,-1
153007,2,0,0,-1,-1,-1
152828,2,0,0,-1,-1,-1
154335,1,1,0,65,3693,3651
154865,2,0,0,-1,-1,-1
153202,1,1,0,95,3795,3753
0,0,0,0,-1,-1,-1
155326,1,0,1,62,7041,7024
0,0,0,0,-1,-1,-1
154540,1,0,1,94,4797,4757
154940,1,0,1,0,5329,5329
154255,1,0,1,140,12672,12607
154507,2,0,0,-1,-1,-1
0,0,0,0,-1,-1,-1
0,0,0,0,-1,-1,-1
155291,1,0,1,162,4937,4877
0,0,0,0,-1,-1,-1
155230,2,0,0,-1,-1,-1
154843,2,0,0,-1,-1,-1
152167,2,0,0,-1,-1,-1
154713,2,0,0,-1,-1,-1
153498,2,0,0,-1,-1,-1
154482,1,1,1,241,5364,5266
0,0,0,0,-1,-1,-1
154750,2,0,0,-1,-1,-1
154855,1,1,0,82,5185,5128
154909,2,0,0,-1,-1,-1
0,0,0,0,-1,-1,-1
153799,1,1,0,80,2782,2758
0,0,0,0,-1,-1,-1
154766,2,0,0,-1,-1,-1
155304,1,1,0,219,2620,2529
154707,1,1,0,266,3825,3709
154885,1,0,1,89,2325,2289
154592,2,0,0,-1,-1,-1
155026,1,0,1,149,4087,4008
154360,2,0,0,-1,-1,-1
153920,1,1,0,0,2334,2334
0,0,0,0,-1,-1,-1
0,0,0,0,-1,-1,-1
154808,2,0,0,-1,-1,-1
153643,2,0,0,-1,-1,-1
154240,2,0,0,-1,-1,-1
154038,2,0,0,-1,-1,-1
0,0,0,0,-1,-1,-1
154534,1,1,0,209,5312,5217
0,0,0,0,-1,-1,-1
153493,2,0,0,-1,-1,-1
155223,1,0,1,99,4615,4573
155263,1,0,1,0,2006,2006
154237,2,0,0,-1,-1,-1
153037,2,0,0,-1,-1,-1
153489,1,0,1,54,3567,3536
154960,1,0,1,200,1639,1535
154435,1,1,1,262,2337,2210
0,0,0,0,-1,-1,-1
0,0,0,0,-1,-1,-1
155287,1,1,-1,169,7442,7381
155241,1,0,1,89,4159,4107
152917,2,0,0,-1,-1,-1
0,0,0,0,-1,-1,-1
155362,1,1,0,182,1864,1789
155089,1,1,0,39,2848,2830
0,0,0,0,-1,-1,-1
153736,2,0,0,-1,-1,-1
154589,1,1,0,113,1578,1512
153861,1,1,0,44,2383,2350
154299,2,0,0,-1,-1,-1
155191,1,1,0,77,2217,2168
154680,1,0,1,184,1573,1482
0,0,0,0,-1,-1,-1
153810,1,1,0,15,1464,1447
152540,1,0,1,105,2663,2616
154320,2,0,0,-1,-1,-1
154996,1,0,1,34,1103,1079
155186,1,0,1,75,5605,5566
154718,1,0,1,216,4788,4696
0,0,0,0,-1,-1,-1
0,0,0,0,-1,-1,-1
0,0,0,0,-1,-1,-1
154566,2,0,0,-1,-1,-1
155144,1,1,0,232,1628,1514
0,0,0,0,-1,-1,-1
155300,1,0,1,273,3652,3522
154038,2,0,0,-1,-1,-1
154560,1,1,1,277,2892,2759
153577,1,0,1,0,10786,10783
155225,2,0,0,-1,-1,-1
0,0,0,0,-1,-1,-1
0,0,0,0,-1,-1,-1
0,0,0,0,-1,-1,-1
154488,1,0,1,63,4416,4398
153380,2,0,0,-1,-1,-1
155300,1,0,1,12,5423,5420
0,0,0,0,-1,-1,-1
0,0,0,0,-1,-1,-1
153565,2,0,0,-1,-1,-1
0,0,0,0,-1,-1,-1
155303,1,1,2,272,13332,13177
0,0,0,0,-1,-1,-1
154229,2,0,0,-1,-1,-1
154656,1,0,1,98,3577,3528
155323,1,1,0,44,2098,2080
153641,2,0,0,-1,-1,-1
0,0,0,0,-1,-1,-1
154852,2,0,0,-1,-1,-1
154940,1,1,0,227,2953,2840
0,0,0,0,-1,-1,-1
154346,1,1,0,81,3521,3480
0,0,0,0,-1,-1,-1
0,0,0,0,-1,-1,-1
0,0,0,0,-1,-1,-1
155304,1,1,0,27,21185,21170
153406,1,1,1,113,6811,6767
153228,2,0,0,-1,-1,-1
0,0,0,0,-1,-1,-1
154559,1,1,0,82,6006,5974
154716,1,1,0,150,2478,2430
0,0,0,0,-1,-1,-1
154989,2,0,0,-1,-1,-1
155035,2,0,0,-1,-1,-1
153793,1,1,0,102,1605,1540
0,0,0,0,-1,-1,-1
154358,2,0,0,-1,-1,-1
153488,1,1,0,121,3451,3394
0,0,0,0,-1,-1,-1
153862,1,0,1,169,2312,2219
155130,1,1,0,193,1608,1528
154305,1,0,1,93,4714,4693
154748,2,0,0,-1,-1,-1
155298,1,0,1,206,5054,4968
154934,1,0,1,172,4737,4642
154494,2,0,0,-1,-1,-1
0,0,0,0,-1,-1,-1
154992,1,1,0,170,3688,3620
152863,2,0,0,-1,-1,-1
154827,1,1,0,37,2749,2720
154546,1,0,1,191,4387,4285
154507,2,0,0,-1,-1,-1
154695,2,0,0,-1,-1,-1
155154,1,0,1,76,8442,8407
0,0,0,0,-1,-1,-1
0,0,0,0,-1,-1,-1
154581,1,0,1,32,4327,4321
0,0,0,0,-1,-1,-1
0,0,0,0,-1,-1,-1
155139,1,1,0,46,2095,2078
153298,2,0,0,-1,-1,-1
154126,2,0,0,-1,-1,-1
0,0,0,0,-1,-1,-1
153724,1,1,-1,233,2475,2360
154418,1,1,0,88,1686,1638
153787,1,1,-1,186,3799,3732
155365,1,1,0,58,9695,9656
0,0,0,0,-1,-1,-1
153305,2,0,0,-1,-1,-1
0,0,0,0,-1,-1,-1
0,0,0,0,-1,-1,-1
153008,2,0,0,-1,-1,-1
0,0,0,0,-1,-1,-1
154867,2,0,0,-1,-1,-1
154119,1,0,1,126,3287,3239
154178,2,0,0,-1,-1,-1
0,0,0,0,-1,-1,-1
153739,2,0,0,-1,-1,-1
153922,1,0,1,171,1303,1199
154379,2,0,0,-1,-1,-1
0,0,0,0,-1,-1,-1
154755,2,0,0,-1,-1,-1
155158,1,1,0,0,2030,2030
154111,1,1,0,103,1768,1705
0,0,0,0,-1,-1,-1
154324,1,1,0,0,1308,1308
152896,2,0,0,-1,-1,-1
154938,1,1,0,368,3523,3383
0,0,0,0,-1,-1,-1
152813,2,0,0,-1,-1,-1
154515,1,1,0,150,4976,4889
154090,2,0,0,-1,-1,-1
0,0,0,0,-1,-1,-1
155251,2,0,0,-1,-1,-1
154930,1,1,0,124,2546,2489
0,0,0,0,-1,-1,-1
154321,1,0,1,64,4541,4514
0,0,0,0,-1,-1,-1
155021,1,0,1,202,2972,2877
0,0,0,0,-1,-1,-1
155085,1,0,1,176,2137,2054
0,0,0,0,-1,-1,-1
0,0,0,0,-1,-1,-1
0,0,0,0,-1,-1,-1
0,0,0,0,-1,-1,-1
153800,2,0,0,-1,-1,-1
154366,2,0,0,-1,-1,-1
153720,2,0,0,-1,-1,-1
0,0,0,0,-1,-1,-1
0,0,0,0,-1,-1,-1
154400,1,1,-1,113,13429,13382
153458,2,0,0,-1,-1,-1
155080,1,0,1,58,2016,1992
0,0,0,0,-1,-1,-1
154003,1,1,1,157,3900,3818
153746,2,0,0,-1,-1,-1
154436,2,0,0,-1,-1,-1
154835,1,1,1,233,3837,3737
0,0,0,0,-1,-1,-1
154913,1,0,1,168,4376,4275
0,0,0,0,-1,-1,-1
155296,2,0,0,-1,-1,-1
154952,1,0,1,0,11561,11561
0,0,0,0,-1,-1,-1
154083,1,0,1,17,7794,7788
154273,1,0,1,0,1217,1217
153668,1,1,1,94,4221,4166
153678,2,0,0,-1,-1,-1
155347,1,0,1,8,4039,4027
0,0,0,0,-1,-1,-1
154782,1,1,0,221,2786,2676
153819,2,0,0,-1,-1,-1
155377,1,1,1,199,5514,5430
153489,2,0,0,-1,-1,-1
0,0,0,0,-1,-1,-1
0,0,0,0,-1,-1,-1
154982,1,1,0,16,4491,4484
0,0,0,0,-1,-1,-1
155304,1,1,1,187,5663,5567
153710,1,1,0,182,1733,1668
153743,2,0,0,-1,-1,-1
0,0,0,0,-1,-1,-1
154199,2,0,0,-1,-1,-1
0,0,0,0,-1,-1,-1
153539,1,1,0,20,3047,3040
155335,1,0,1,92,2233,2179
0,0,0,0,-1,-1,-1
154215,2,0,0,-1,-1,-1
154127,2,0,0,-1,-1,-1
154803,1,0,1,0,22502,22502
0,0,0,0,-1,-1,-1
155009,1,0,1,74,3204,3165
0,0,0,0,-1,-1,-1
154070,1,0,1,99,3640,3598
155135,1,1,0,107,5750,5702
0,0,0,0,-1,-1,-1
0,0,0,0,-1,-1,-1
151681,1,1,0,211,5432,5351
153910,2,0,0,-1,-1,-1
154113,2,0,0,-1,-1,-1
154068,1,1,0,134,8739,8676
154453,2,0,0,-1,-1,-1
154808,1,0,1,0,5716,5716
154697,2,0,0,-1,-1,-1
0,0,0,0,-1,-1,-1
154492,1,0,1,103,3489,3441
0,0,0,0,-1,-1,-1
0,0,0,0,-1,-1,-1
0,0,0,0,-1,-1,-1
155286,1,0,1,61,6622,6591
0,0,0,0,-1,-1,-1
0,0,0,0,-1,-1,-1
153753,2,0,0,-1,-1,-1
154974,1,0,1,115,5357,5279
0,0,0,0,-1,-1,-1
0,0,0,0,-1,-1,-1
0,0,0,0,-1,-1,-1
0,0,0,0,-1,-1,-1
154236,1,0,1,163,5087,5000
0,0,0,0,-1,-1,-1
0,0,0,0,-1,-1,-1
154765,2,0,0,-1,-1,-1
0,0,0,0,-1,-1,-1
0,0,0,0,-1,-1,-1
0,0,0,0,-1,-1,-1
154430,1,0,1,127,2461,2412
0,0,0,0,-1,-1,-1
154468,2,0,0,-1,-1,-1
0,0,0,0,-1,-1,-1
154667,1,0,1,32,6384,6370
0,0,0,0,-1,-1,-1
154084,1,0,1,319,2496,2336
0,0,0,0,-1,-1,-1
0,0,0,0,-1,-1,-1
154488,1,0,1,92,4400,4357
154464,2,0,0,-1,-1,-1
154730,2,0,0,-1,-1,-1
154882,1,1,0,44,2413,2381
152901,2,0,0,-1,-1,-1
154071,2,0,0,-1,-1,-1
155299,1,0,1,54,2870,2838
154202,2,0,0,-1,-1,-1
0,0,0,0,-1,-1,-1
153970,2,0,0,-1,-1,-1
154895,2,0,0,-1,-1,-1
154192,2,0,0,-1,-1,-1
0,0,0,0,-1,-1,-1
154151,2,0,0,-1,-1,-1
154022,1,1,0,24,1076,1056
0,0,0,0,-1,-1,-1
153858,2,0,0,-1,-1,-1
154900,1,1,-1,117,4797,4721
154267,2,0,0,-1,-1,-1
154725,2,0,0,-1,-1,-1
0,0,0,0,-1,-1,-1
153656,2,0,0,-1,-1,-1
153962,2,0,0,-1,-1,-1
153892,2,0,0,-1,-1,-1
154374,1,0,1,23,5536,5526
152948,2,0,0,-1,-1,-1
0,0,0,0,-1,-1,-1
155152,1,1,-1,70,5442,5416
155281,1,0,1,150,2518,2425
154750,1,1,0,154,4256,4172
155176,1,1,0,48,28913,28886
0,0,0,0,-1,-1,-1
0,0,0,0,-1,-1,-1
153452,2,0,0,-1,-1,-1
0,0,0,0,-1,-1,-1
0,0,0,0,-1,-1,-1
154587,2,0,0,-1,-1,-1
154568,2,0,0,-1,-1,-1
0,0,0,0,-1,-1,-1
152815,1,1,0,24,952,941
0,0,0,0,-1,-1,-1
155131,1,1,0,186,8349,8276
153515,2,0,0,-1,-1,-1
154871,1,1,0,58,18090,18072
0,0,0,0,-1,-1,-1
155074,1,0,1,22,13559,13550
155225,1,1,1,301,3413,3285
154458,2,0,0,-1,-1,-1
0,0,0,0,-1,-1,-1
0,0,0,0,-1,-1,-1
0,0,0,0,-1,-1,-1
154588,2,0,0,-1,-1,-1
155085,1,0,1,2,2952,2951
0,0,0,0,-1,-1,-1
154430,2,0,0,-1,-1,-1
154698,1,1,0,182,1572,1473
153974,2,0,0,-1,-1,-1
152988,2,0,0,-1,-1,-1
155358,1,0,1,53,2963,2928
154914,1,1,0,130,1215,1160
154975,1,1,0,98,5704,5670
153278,1,1,0,200,3667,3548
154602,1,0,1,104,2075,2029
153775,2,0,0,-1,-1,-1
153883,2,0,0,-1,-1,-1
0,0,0,0,-1,-1,-1
0,0,0,0,-1,-1,-1
155073,1,0,1,10,5603,5605
0,0,0,0,-1,-1,-1
0,0,0,0,-1,-1,-1
154473,2,0,0,-1,-1,-1
0,0,0,0,-1,-1,-1
154155,1,1,0,92,3613,3566
154296,1,1,0,63,2190,2171
153288,1,1,0,41,4141,4120
0,0,0,0,-1,-1,-1
153802,2,0,0,-1,-1,-1
154433,2,0,0,-1,-1,-1
153697,2,0,0,-1,-1,-1
0,0,0,0,-1,-1,-1
152013,1,1,0,114,2927,2856
154210,2,0,0,-1,-1,-1
154952,1,0,1,22,3425,3418
152758,2,0,0,-1,-1,-1
0,0,0,0,-1,-1,-1
0,0,0,0,-1,-1,-1
0,0,0,0,-1,-1,-1
0,0,0,0,-1,-1,-1
155001,1,1,0,151,5339,5266
155129,1,1,0,82,4039,3984
153940,1,0,1,90,4166,4119
154273,2,0,0,-1,-1,-1
154912,2,0,0,-1,-1,-1
155127,1,1,0,103,2534,2503
155272,1,0,1,40,14301,14270
152534,2,0,0,-1,-1,-1
154395,1,0,1,145,1823,1737
155244,1,1,0,24,6243,6237
153321,2,0,0,-1,-1,-1
153479,1,1,0,18,5160,5151
155214,2,0,0,-1,-1,-1
155182,1,0,1,0,8549,8549
0,0,0,0,-1,-1,-1
155169,1,0,1,0,12800,12800
153816,2,0,0,-1,-1,-1
152363,2,0,0,-1,-1,-1
0,0,0,0,-1,-1,-1
155039,1,0,1,81,9545,9489
154472,2,0,0,-1,-1,-1
154192,1,0,1,111,3565,3523
153782,1,1,-1,94,4702,4664
154644,1,1,1,138,2765,2668
154780,2,0,0,-1,-1,-1
155219,1,1,0,0,4054,4054
0,0,0,0,-1,-1,-1
0,0,0,0,-1,-1,-1
153472,1,0,1,62,9495,9446
0,0,0,0,-1,-1,-1
0,0,0,0,-1,-1,-1
0,0,0,0,-1,-1,-1
154799,1,0,1,132,2009,1946
154105,1,1,0,0,5836,5836
153858,2,0,0,-1,-1,-1
152402,1,0,1,0,23328,23328
153026,1,0,1,93,7201,7150
0,0,0,0,-1,-1,-1
154981,2,0,0,-1,-1,-1
155301,2,0,0,-1,-1,-1
154364,2,0,0,-1,-1,-1
0,0,0,0,-1,-1,-1
154468,2,0,0,-1,-1,-1
153991,2,0,0,-1,-1,-1
0,0,0,0,-1,-1,-1
155115,2,0,0,-1,-1,-1
154679,2,0,0,-1,-1,-1
154828,2,0,0,-1,-1,-1
155310,1,1,0,16,8189,8180
153962,2,0,0,-1,-1,-1
0,0,0,0,-1,-1,-1
155062,1,0,1,116,2041,2003
154479,1,0,1,94,8343,8285
0,0,0,0,-1,-1,-1
155202,1,1,0,32,9726,9704
152821,2,0,0,-1,-1,-1
155313,1,0,1,133,6285,6227
0,0,0,0,-1,-1,-1
153838,2,0,0,-1,-1,-1
150445,2,0,0,-1,-1,-1
0,0,0,0,-1,-1,-1
153449,2,0,0,-1,-1,-1
0,0,0,0,-1,-1,-1
0,0,0,0,-1,-1,-1
0,0,0,0,-1,-1,-1
0,0,0,0,-1,-1,-1
0,0,0,0,-1,-1,-1
0,0,0,0,-1,-1,-1
153850,2,0,0,-1,-1,-1
0,0,0,0,-1,-1,-1
154143,1,0,1,196,1499,1420
154139,1,0,1,139,3498,3418
0,0,0,0,-1,-1,-1
0,0,0,0,-1,-1,-1
0,0,0,0,-1,-1,-1
0,0,0,0,-1,-1,-1
154118,1,1,1,88,5918,5882
155329,1,0,1,201,2144,2045
155323,1,1,0,264,4089,3955
154970,1,0,1,43,2809,2788
0,0,0,0,-1,-1,-1
154224,2,0,0,-1,-1,-1
154196,1,0,1,50,2273,2257
154031,2,0,0,-1,-1,-1
153175,2,0,0,-1,-1,-1
153802,1,1,0,115,1675,1611
0,0,0,0,-1,-1,-1
0,0,0,0,-1,-1,-1
155044,1,0,1,22,5487,5477
153873,1,0,1,46,2373,2350
0,0,0,0,-1,-1,-1
154424,1,0,1,51,2691,2665
154953,2,0,0,-1,-1,-1
153991,2,0,0,-1,-1,-1
152975,2,0,0,-1,-1,-1
0,0,0,0,-1,-1,-1
0,0,0,0,-1,-1,-1
0,0,0,0,-1,-1,-1
154830,2,0,0,-1,-1,-1
0,0,0,0,-1,-1,-1
154473,1,1,0,232,3970,3881
155070,1,1,-1,64,11596,11579
153881,2,0,0,-1,-1,-1
155286,1,1,-1,221,3751,3626
155348,1,1,0,123,1811,1763
0,0,0,0,-1,-1,-1
0,0,0,0,-1,-1,-1
153798,2,0,0,-1,-1,-1
155251,1,1,0,31,3640,3609
0,0,0,0,-1,-1,-1
154961,1,0,1,216,2597,2531
154892,1,1,0,112,2092,2073
154587,2,0,0,-1,-1,-1
153236,2,0,0,-1,-1,-1
0,0,0,0,-1,-1,-1
152576,1,0,1,66,7160,7122
154344,1,0,1,43,8310,8291
154837,2,0,0,-1,-1,-1
154965,1,1,0,153,13506,13437
0,0,0,0,-1,-1,-1
152835,2,0,0,-1,-1,-1
0,0,0,0,-1,-1,-1
0,0,0,0,-1,-1,-1
154771,2,0,0,-1,-1,-1
0,0,0,0,-1,-1,-1
153021,2,0,0,-1,-1,-1
0,0,0,0,-1,-1,-1
0,0,0,0,-1,-1,-1
0,0,0,0,-1,-1,-1
153096,2,0,0,-1,-1,-1
154577,1,0,1,13,13876,13875
154135,1,0,1,107,6541,6493
154659,1,1,1,193,3876,3785
155294,1,0,1,9,9533,9528
154180,1,0,1,121,1432,1391
0,0,0,0,-1,-1,-1
0,0,0,0,-1,-1,-1
0,0,0,0,-1,-1,-1
0,0,0,0,-1,-1,-1
154471,1,0,1,156,9142,9092
153952,2,0,0,-1,-1,-1
153346,1,1,0,0,6171,6171
152945,2,0,0,-1,-1,-1
154957,2,0,0,-1,-1,-1
155046,2,0,0,-1,-1,-1
154633,1,1,0,130,1919,1857
155021,1,0,1,115,3218,3172
154880,1,0,1,107,2255,2229
154060,2,0,0,-1,-1,-1
0,0,0,0,-1,-1,-1
153910,1,1,0,158,1860,1770
0,0,0,0,-1,-1,-1
0,0,0,0,-1,-1,-1
0,0,0,0,-1,-1,-1
154988,2,0,0,-1,-1,-1
0,0,0,0,-1,-1,-1
153858,2,0,0,-1,-1,-1
153425,1,1,0,207,3183,3075
154022,1,1,0,204,4325,4219
0,0,0,0,-1,-1,-1
155352,1,0,1,112,6809,6766
0,0,0,0,-1,-1,-1
0,0,0,0,-1,-1,-1
153557,2,0,0,-1,-1,-1
155212,1,0,1,128,8681,8588
154649,2,0,0,-1,-1,-1
153267,2,0,0,-1,-1,-1
153881,2,0,0,-1,-1,-1
154448,1,1,0,38,1328,1308
0,0,0,0,-1,-1,-1
0,0,0,0,-1,-1,-1
154555,1,1,-1,79,4839,4812
154049,2,0,0,-1,-1,-1
154918,1,1,-1,169,10438,10373
153972,1,0,1,15,1007,1002
0,0,0,0,-1,-1,-1
154616,1,1,0,108,2199,2163
0,0,0,0,-1,-1,-1
153621,2,0,0,-1,-1,-1
0,0,0,0,-1,-1,-1
154816,1,0,1,141,2407,2332
0,0,0,0,-1,-1,-1
155371,1,1,0,53,8803,8762
0,0,0,0,-1,-1,-1
154088,2,0,0,-1,-1,-1
155284,1,1,-1,193,2727,2626
154513,2,0,0,-1,-1,-1
153520,2,0,0,-1,-1,-1
0,0,0,0,-1,-1,-1
153626,2,0,0,-1,-1,-1
154966,1,1,0,213,3854,3777
155113,1,1,0,115,2060,2003
154096,1,0,1,255,2717,2639
154111,2,0,0,-1,-1,-1
154737,2,0,0,-1,-1,-1
154894,1,0,1,11,7749,7742
155043,1,1,-1,48,6604,6582
154978,1,1,0,278,2282,2148
0,0,0,0,-1,-1,-1
0,0,0,0,-1,-1,-1
153862,2,0,0,-1,-1,-1
154730,2,0,0,-1,-1,-1
154471,2,0,0,-1,-1,-1
0,0,0,0,-1,-1,-1
155355,1,1,0,65,3456,3422
154925,1,1,0,187,4255,4200
151719,1,1,1,141,7931,7857
0,0,0,0,-1,-1,-1
155229,1,0,1,185,7786,7684
0,0,0,0,-1,-1,-1
153434,2,0,0,-1,-1,-1
152988,2,0,0,-1,-1,-1
154458,2,0,0,-1,-1,-1
0,0,0,0,-1,-1,-1
153516,1,0,1,200,5845,5750
154743,1,1,1,33,21661,21645
154315,2,0,0,-1,-1,-1
154953,1,0,1,125,3316,3237
154010,2,0,0,-1,-1,-1
154284,1,0,1,66,6118,6098
154596,1,1,1,79,4995,4958
0,0,0,0,-1,-1,-1
154488,1,1,0,0,23880,23880
153108,1,0,1,83,7126,7097
154701,1,1,-1,11,12760,12748
154915,2,0,0,-1,-1,-1
154452,2,0,0,-1,-1,-1
0,0,0,0,-1,-1,-1
0,0,0,0,-1,-1,-1
155065,1,1,-1,154,2548,2500
0,0,0,0,-1,-1,-1
154919,1,1,0,0,1003,1003
154687,1,1,0,88,3257,3221
155064,2,0,0,-1,-1,-1
0,0,0,0,-1,-1,-1
154690,1,1,1,226,7250,7124
0,0,0,0,-1,-1,-1
0,0,0,0,-1,-1,-1
154816,1,1,0,47,3551,3537
155258,1,0,1,84,2878,2840
155374,1,1,0,63,2824,2786
154728,2,0,0,-1,-1,-1
0,0,0,0,-1,-1,-1
0,0,0,0,-1,-1,-1
0,0,0,0,-1,-1,-1
154719,1,1,-1,83,9146,9095
0,0,0,0,-1,-1,-1
0,0,0,0,-1,-1,-1
155322,1,0,1,94,3804,3762
153028,2,0,0,-1,-1,-1
0,0,0,0,-1,-1,-1
154177,2,0,0,-1,-1,-1
154509,1,1,-1,339,6275,6125
155103,1,0,1,57,1970,1949
153247,2,0,0,-1,-1,-1
0,0,0,0,-1,-1,-1
154452,2,0,0,-1,-1,-1
152543,2,0,0,-1,-1,-1
153871,1,1,1,146,6563,6512
154184,1,1,0,128,3989,3942
153820,1,1,0,106,6591,6523
154188,2,0,0,-1,-1,-1
154825,1,1,0,0,2776,2776
0,0,0,0,-1,-1,-1
153425,1,1,0,48,2214,2199
155150,1,1,0,62,3177,3158
0,0,0,0,-1,-1,-1
153945,2,0,0,-1,-1,-1
0,0,0,0,-1,-1,-1
155216,1,0,1,148,2674,2623
155044,1,0,1,24,5010,5004
155082,1,0,1,239,5281,5162
153044,2,0,0,-1,-1,-1
0,0,0,0,-1,-1,-1
0,0,0,0,-1,-1,-1
154880,1,1,0,92,3869,3832
0,0,0,0,-1,-1,-1
155370,1,1,0,4,4657,4651
154962,2,0,0,-1,-1,-1
154136,2,0,0,-1,-1,-1
155354,1,0,1,118,1953,1898
155221,1,1,0,22,4720,4701
155139,1,0,1,74,4574,4536
154556,1,1,0,128,4382,4305
154369,1,1,0,31,2971,2962
154346,1,1,0,89,1945,1894
0,0,0,0,-1,-1,-1
152563,2,0,0,-1,-1,-1
154186,1,0,1,156,4310,4250
154824,1,1,1,109,1970,1915
154137,1,0,1,236,2095,2030
155115,1,1,0,51,4693,4666
155382,1,0,1,55,3266,3242
154923,1,0,1,83,2964,2915
154935,1,1,0,281,5881,5758
155376,1,0,1,0,6923,6923
0,0,0,0,-1,-1,-1
155296,1,1,0,0,519,519
0,0,0,0,-1,-1,-1
153779,2,0,0,-1,-1,-1
153952,1,1,0,261,2898,2783
153282,2,0,0,-1,-1,-1
153546,1,1,0,0,1873,1873
153925,2,0,0,-1,-1,-1
154177,1,1,-1,42,7547,7519
154242,2,0,0,-1,-1,-1
0,0,0,0,-1,-1,-1
0,0,0,0,-1,-1,-1
0,0,0,0,-1,-1,-1
0,0,0,0,-1,-1,-1
153544,2,0,0,-1,-1,-1
154579,2,0,0,-1,-1,-1
154324,2,0,0,-1,-1,-1
155023,1,0,1,85,1653,1601
154332,2,0,0,-1,-1,-1
155200,1,1,0,127,4556,4495
0,0,0,0,-1,-1,-1
153995,1,1,0,148,2140,2068
0,0,0,0,-1,-1,-1
0,0,0,0,-1,-1,-1
0,0,0,0,-1,-1,-1
154926,1,1,1,155,8599,8545
0,0,0,0,-1,-1,-1
0,0,0,0,-1,-1,-1
154433,2,0,0,-1,-1,-1
0,0,0,0,-1,-1,-1
0,0,0,0,-1,-1,-1
154262,2,0,0,-1,-1,-1
153971,2,0,0,-1,-1,-1
154384,2,0,0,-1,-1,-1
154961,1,1,-1,226,4283,4156
155029,2,0,0,-1,-1,-1
154848,1,0,1,24,4988,4979
0,0,0,0,-1,-1,-1
154354,1,1,0,108,1241,1192
153087,1,1,0,147,2510,2451
0,0,0,0,-1,-1,-1
154421,1,0,1,0,24192,24192
154777,2,0,0,-1,-1,-1
0,0,0,0,-1,-1,-1
0,0,0,0,-1,-1,-1
155140,2,0,0,-1,-1,-1
0,0,0,0,-1,-1,-1
154404,2,0,0,-1,-1,-1
0,0,0,0,-1,-1,-1
153802,2,0,0,-1,-1,-1
154223,1,0,1,178,4781,4682
154032,1,0,1,169,3520,3457
0,0,0,0,-1,-1,-1
0,0,0,0,-1,-1,-1
0,0,0,0,-1,-1,-1
154802,1,0,1,0,910,910
154874,1,1,0,34,2112,2095
0,0,0,0,-1,-1,-1
154622,1,0,1,148,5976,5911
155151,1,1,-1,230,7058,6943
155075,1,1,0,91,8790,8753
0,0,0,0,-1,-1,-1
0,0,0,0,-1,-1,-1
154603,2,0,0,-1,-1,-1
153194,2,0,0,-1,-1,-1
0,0,0,0,-1,-1,-1
154130,1,1,0,171,1483,1422
154528,1,1,0,41,3221,3211
154912,1,0,1,69,2080,2048
153223,2,0,0,-1,-1,-1
155372,1,1,-1,164,5299,5209
154534,2,0,0,-1,-1,-1
154359,1,0,1,186,3902,3841
154613,1,1,0,74,4145,4106
154519,2,0,0,-1,-1,-1
0,0,0,0,-1,-1,-1
154423,1,1,0,113,2807,2742
154528,2,0,0,-1,-1,-1
0,0,0,0,-1,-1,-1
154400,1,1,0,159,4731,4682
0,0,0,0,-1,-1,-1
0,0,0,0,-1,-1,-1
153821,2,0,0,-1,-1,-1
0,0,0,0,-1,-1,-1
154757,1,1,0,184,2481,2417
0,0,0,0,-1,-1,-1
153856,2,0,0,-1,-1,-1
154669,2,0,0,-1,-1,-1
155169,1,0,1,153,4445,4377
155309,1,1,0,31,8042,8034
154590,1,1,0,115,13669,13621
152611,2,0,0,-1,-1,-1
153348,2,0,0,-1,-1,-1
154574,1,1,0,198,2853,2772
154655,1,1,0,0,12480,12480
0,0,0,0,-1,-1,-1
155370,1,1,0,152,4070,3993
154882,1,1,0,5,1996,1992
153787,2,0,0,-1,-1,-1
154361,1,1,0,65,1702,1680
155340,1,0,1,104,6498,6439
0,0,0,0,-1,-1,-1
0,0,0,0,-1,-1,-1
0,0,0,0,-1,-1,-1
155256,1,1,0,165,4212,4151
154785,1,0,1,129,6440,6365
154847,2,0,0,-1,-1,-1
155109,2,0,0,-1,-1,-1
0,0,0,0,-1,-1,-1
155036,2,0,0,-1,-1,-1
154046,2,0,0,-1,-1,-1
154047,1,1,-1,114,2387,2331
155002,1,1,0,70,3867,3833
153887,2,0,0,-1,-1,-1
0,0,0,0,-1,-1,-1
153315,2,0,0,-1,-1,-1
154410,2,0,0,-1,-1,-1
154750,2,0,0,-1,-1,-1
154770,2,0,0,-1,-1,-1
0,0,0,0,-1,-1,-1
154293,1,0,1,163,2568,2489
153110,2,0,0,-1,-1,-1
154398,2,0,0,-1,-1,-1
153758,2,0,0,-1,-1,-1
154522,2,0,0,-1,-1,-1
154232,1,1,0,25,1707,1677
0,0,0,0,-1,-1,-1
154709,1,0,1,33,2070,2057
154535,2,0,0,-1,-1,-1
0,0,0,0,-1,-1,-1
0,0,0,0,-1,-1,-1
154318,2,0,0,-1,-1,-1
0,0,0,0,-1,-1,-1
154953,1,1,0,86,3533,3479
154655,2,0,0,-1,-1,-1
154270,2,0,0,-1,-1,-1
154027,1,0,1,0,4304,4304
155050,1,0,1,124,12411,12342
0,0,0,0,-1,-1,-1
0,0,0,0,-1,-1,-1
155284,1,0,1,0,8499,8499
153812,1,0,1,198,3108,3001
153817,2,0,0,-1,-1,-1
155114,2,0,0,-1,-1,-1
0,0,0,0,-1,-1,-1
152475,1,1,0,0,4926,4926
154895,1,1,0,0,4094,4094
0,0,0,0,-1,-1,-1
155382,1,1,0,155,3390,3326
153830,1,1,0,38,6153,6129
153309,2,0,0,-1,-1,-1
155209,1,1,0,176,4277,4229
0,0,0,0,-1,-1,-1
155048,2,0,0,-1,-1,-1
154158,2,0,0,-1,-1,-1
154576,2,0,0,-1,-1,-1
0,0,0,0,-1,-1,-1
154127,2,0,0,-1,-1,-1
0,0,0,0,-1,-1,-1
154571,2,0,0,-1,-1,-1
0,0,0,0,-1,-1,-1
0,0,0,0,-1,-1,-1
154609,1,1,0,84,5143,5086
155150,1,1,1,74,5390,5358
0,0,0,0,-1,-1,-1
154185,1,1,0,0,8460,8460
0,0,0,0,-1,-1,-1
155274,1,1,-1,78,13533,13488
154289,2,0,0,-1,-1,-1
0,0,0,0,-1,-1,-1
152689,2,0,0,-1,-1,-1
154949,1,0,1,132,9364,9301
0,0,0,0,-1,-1,-1
153197,2,0,0,-1,-1,-1
154285,1,1,1,139,1676,1634
0,0,0,0,-1,-1,-1
155330,1,0,1,126,3527,3450
153869,2,0,0,-1,-1,-1
0,0,0,0,-1,-1,-1
0,0,0,0,-1,-1,-1
154903,2,0,0,-1,-1,-1
153931,2,0,0,-1,-1,-1
154664,2,0,0,-1,-1,-1
154587,1,1,0,90,5930,5869
154495,1,0,1,31,16977,16969
0,0,0,0,-1,-1,-1
0,0,0,0,-1,-1,-1
0,0,0,0,-1,-1,-1
154752,1,0,1,147,1900,1812
153603,2,0,0,-1,-1,-1
0,0,0,0,-1,-1,-1
154303,2,0,0,-1,-1,-1
154171,2,0,0,-1,-1,-1
154423,1,1,0,26,2161,2143
155197,1,0,1,152,2557,2502
153918,1,1,0,155,4649,4595
0,0,0,0,-1,-1,-1
154572,1,0,1,10,2042,2030
155266,2,0,0,-1,-1,-1
154776,2,0,0,-1,-1,-1
155379,1,1,-1,122,8935,8873
154283,2,0,0,-1,-1,-1
155134,1,1,0,62,4457,4441
0,0,0,0,-1,-1,-1
154905,2,0,0,-1,-1,-1
155257,1,1,0,186,2685,2596
153683,1,0,1,68,2897,2853
154471,1,1,0,51,1950,1927
154239,1,1,0,85,7800,7756
0,0,0,0,-1,-1,-1
0,0,0,0,-1,-1,-1
153116,1,0,1,101,3420,3369
0,0,0,0,-1,-1,-1
154741,1,1,0,113,1074,1030
154719,1,1,0,201,2829,2730
154483,1,1,0,28,1993,1984
154567,1,1,0,81,1457,1409
153637,2,0,0,-1,-1,-1
155007,1,1,0,57,4373,4360
153824,2,0,0,-1,-1,-1
154808,2,0,0,-1,-1,-1
154319,2,0,0,-1,-1,-1
155175,1,1,0,76,9175,9133
0,0,0,0,-1,-1,-1
154518,1,0,1,5,727,727
155347,1,1,-1,40,3910,3879
155132,2,0,0,-1,-1,-1
153225,1,0,1,0,5388,5388
0,0,0,0,-1,-1,-1
154237,1,0,1,120,2724,2669
155210,1,0,1,119,9686,9636
154644,1,1,0,15,2620,2611
154786,2,0,0,-1,-1,-1
0,0,0,0,-1,-1,-1
0,0,0,0,-1,-1,-1
0,0,0,0,-1,-1,-1
154937,2,0,0,-1,-1,-1
154737,1,0,1,46,3050,3032
154950,2,0,0,-1,-1,-1
0,0,0,0,-1,-1,-1
0,0,0,0,-1,-1,-1
155002,1,0,1,197,4122,4030
0,0,0,0,-1,-1,-1
153562,2,0,0,-1,-1,-1
0,0,0,0,-1,-1,-1
153801,2,0,0,-1,-1,-1
154791,1,0,1,39,3248,3224
155148,1,1,1,27,2761,2739
155316,1,1,0,108,3195,3153
154950,2,0,0,-1,-1,-1
154209,2,0,0,-1,-1,-1
0,0,0,0,-1,-1,-1
154701,2,0,0,-1,-1,-1
154825,1,0,1,206,3380,3284
154549,2,0,0,-1,-1,-1
153755,1,0,1,68,3050,3015
0,0,0,0,-1,-1,-1
153325,2,0,0,-1,-1,-1
155252,1,1,1,271,5255,5138
0,0,0,0,-1,-1,-1
0,0,0,0,-1,-1,-1
0,0,0,0,-1,-1,-1
0,0,0,0,-1,-1,-1
154477,1,1,0,44,2791,2757
155286,1,0,1,30,3450,3427
154322,1,0,1,107,3074,3021
154121,1,0,1,17,4898,4890
153987,2,0,0,-1,-1,-1
0,0,0,0,-1,-1,-1
154248,2,0,0,-1,-1,-1
155367,1,0,1,3,3369,3368
0,0,0,0,-1,-1,-1
153939,2,0,0,-1,-1,-1
154978,1,0,1,27,3903,3890
153776,2,0,0,-1,-1,-1
154208,2,0,0,-1,-1,-1
153757,1,0,1,115,1608,1573
154937,1,1,0,30,7919,7901
153755,2,0,0,-1,-1,-1
153113,2,0,0,-1,-1,-1
154922,1,0,1,16,4485,4460
0,0,0,0,-1,-1,-1
0,0,0,0,-1,-1,-1
0,0,0,0,-1,-1,-1
154071,1,0,1,0,21714,21714
154950,1,0,1,75,3549,3505
155374,1,1,-1,145,5619,5560
0,0,0,0,-1,-1,-1
155180,2,0,0,-1,-1,-1
154020,2,0,0,-1,-1,-1
0,0,0,0,-1,-1,-1
154834,1,1,-1,255,2945,2840
154958,1,0,1,170,3417,3307
154850,1,1,0,191,7485,7395
153661,2,0,0,-1,-1,-1
154203,1,1,0,46,5586,5564
154751,1,1,0,98,3788,3737
153534,1,0,1,9,5011,5005
155254,1,0,1,148,10578,10527
153866,2,0,0,-1,-1,-1
0,0,0,0,-1,-1,-1
154140,2,0,0,-1,-1,-1
153649,2,0,0,-1,-1,-1
154756,2,0,0,-1,-1,-1
0,0,0,0,-1,-1,-1
0,0,0,0,-1,-1,-1
0,0,0,0,-1,-1,-1
155377,1,1,0,157,3390,3325
154323,1,1,0,217,26286,26209
154549,2,0,0,-1,-1,-1
154810,1,1,1,173,4121,4028
0,0,0,0,-1,-1,-1
152740,2,0,0,-1,-1,-1
155237,2,0,0,-1,-1,-1
154224,2,0,0,-1,-1,-1
0,0,0,0,-1,-1,-1
152711,1,0,1,42,5045,5024
154811,2,0,0,-1,-1,-1
153159,1,1,0,251,1940,1832
154271,2,0,0,-1,-1,-1
155286,1,0,1,39,18472,18460
0,0,0,0,-1,-1,-1
0,0,0,0,-1,-1,-1
154885,2,0,0,-1,-1,-1
153426,1,1,0,92,8257,8220
0,0,0,0,-1,-1,-1
0,0,0,0,-1,-1,-1
154737,1,0,1,71,10076,10035
0,0,0,0,-1,-1,-1
0,0,0,0,-1,-1,-1
154813,1,0,1,49,3871,3844
154892,2,0,0,-1,-1,-1
153958,2,0,0,-1,-1,-1
0,0,0,0,-1,-1,-1
153105,2,0,0,-1,-1,-1
154861,1,1,0,152,2262,2168
0,0,0,0,-1,-1,-1
153399,2,0,0,-1,-1,-1
155027,2,0,0,-1,-1,-1
155184,2,0,0,-1,-1,-1
154704,1,1,0,333,1996,1816
154680,1,1,1,180,6774,6636
0,0,0,0,-1,-1,-1
0,0,0,0,-1,-1,-1
155140,1,1,0,0,6804,6804
0,0,0,0,-1,-1,-1
154756,1,0,1,108,1960,1911
0,0,0,0,-1,-1,-1
154670,1,0,1,80,2578,2536
0,0,0,0,-1,-1,-1
0,0,0,0,-1,-1,-1
154747,1,1,0,138,1860,1799
154391,1,1,0,0,4394,4394
0,0,0,0,-1,-1,-1
155252,2,0,0,-1,-1,-1
154129,1,0,1,86,5316,5256
154331,1,1,0,119,1684,1636
154607,1,0,1,23,4135,4119
152074,1,1,0,183,4052,3980
153140,2,0,0,-1,-1,-1
152989,2,0,0,-1,-1,-1
0,0,0,0,-1,-1,-1
154948,2,0,0,-1,-1,-1
0,0,0,0,-1,-1,-1
155239,1,0,1,199,3961,3869
152148,2,0,0,-1,-1,-1
0,0,0,0,-1,-1,-1
153107,2,0,0,-1,-1,-1
153397,1,0,1,74,3530,3492
154948,1,1,0,0,12062,12062
153895,1,1,0,119,1244,1170
154649,2,0,0,-1,-1,-1
0,0,0,0,-1,-1,-1
154381,1,1,0,121,3626,3587
155035,1,1,0,34,1297,1277
152568,1,1,0,111,3615,3573
0,0,0,0,-1,-1,-1
154236,2,0,0,-1,-1,-1
0,0,0,0,-1,-1,-1
154361,1,0,1,169,4991,4918
0,0,0,0,-1,-1,-1
154291,1,0,1,59,4669,4645
153585,2,0,0,-1,-1,-1
155296,1,1,0,23,1377,1376
152884,2,0,0,-1,-1,-1
154797,2,0,0,-1,-1,-1
0,0,0,0,-1,-1,-1
0,0,0,0,-1,-1,-1
155026,1,1,0,61,22551,22519
0,0,0,0,-1,-1,-1
0,0,0,0,-1,-1,-1
154980,1,1,-1,169,3421,3331
0,0,0,0,-1,-1,-1
154653,1,1,0,15,5163,5157
154603,1,0,1,215,6209,6112
153940,1,0,1,98,1770,1729
154629,2,0,0,-1,-1,-1
0,0,0,0,-1,-1,-1
155173,1,1,-1,206,2812,2736
154919,2,0,0,-1,-1,-1
0,0,0,0,-1,-1,-1
154644,2,0,0,-1,-1,-1
154906,2,0,0,-1,-1,-1
0,0,0,0,-1,-1,-1
154541,2,0,0,-1,-1,-1
154057,1,0,1,81,2614,2572
0,0,0,0,-1,-1,-1
153817,2,0,0,-1,-1,-1
152744,2,0,0,-1,-1,-1
154123,2,0,0,-1,-1,-1
0,0,0,0,-1,-1,-1
153357,2,0,0,-1,-1,-1
0,0,0,0,-1,-1,-1
154706,1,0,1,58,5287,5267
155184,1,1,0,25,7145,7130
153715,2,0,0,-1,-1,-1
0,0,0,0,-1,-1,-1
154595,1,1,0,135,4214,4171
155349,1,1,0,7,6109,6105
0,0,0,0,-1,-1,-1
0,0,0,0,-1,-1,-1
155234,1,1,0,42,13933,13921
154284,2,0,0,-1,-1,-1
0,0,0,0,-1,-1,-1
0,0,0,0,-1,-1,-1
0,0,0,0,-1,-1,-1
153312,2,0,0,-1,-1,-1
154826,2,0,0,-1,-1,-1
153301,2,0,0,-1,-1,-1
155372,1,1,0,293,4420,4273
154592,1,0,1,47,2371,2349
154993,1,0,1,127,5171,5120
154793,1,0,1,177,2732,2639
155039,1,0,1,97,3876,3835
154204,1,1,0,60,15834,15790
154291,1,1,0,0,7718,7718
154100,2,0,0,-1,-1,-1
154793,2,0,0,-1,-1,-1
154280,1,1,0,0,2303,2303
0,0,0,0,-1,-1,-1
0,0,0,0,-1,-1,-1
154872,1,1,0,122,5748,5715
155115,1,1,0,185,1427,1321
0,0,0,0,-1,-1,-1
153542,2,0,0,-1,-1,-1
152652,1,0,1,68,13392,13360
0,0,0,0,-1,-1,-1
0,0,0,0,-1,-1,-1
154643,2,0,0,-1,-1,-1
154286,1,1,-1,184,1721,1617
154380,2,0,0,-1,-1,-1
155099,1,1,0,158,4559,4495
0,0,0,0,-1,-1,-1
0,0,0,0,-1,-1,-1
154565,1,0,1,81,2500,2453
154965,1,0,1,303,6055,5916
154729,2,0,0,-1,-1,-1
154685,1,1,0,46,1743,1718
154552,1,0,1,31,3167,3144
154228,2,0,0,-1,-1,-1
0,0,0,0,-1,-1,-1
154658,1,1,-1,176,8548,8472
154602,1,1,0,43,898,865
0,0,0,0,-1,-1,-1
0,0,0,0,-1,-1,-1
153386,2,0,0,-1,-1,-1
155037,2,0,0,-1,-1,-1
154080,2,0,0,-1,-1,-1
0,0,0,0,-1,-1,-1
154628,2,0,0,-1,-1,-1
0,0,0,0,-1,-1,-1
153478,1,0,1,27,4000,3972
154911,1,0,1,119,4315,4260
155342,1,1,1,195,4216,4124
155042,1,0,1,124,2559,2488
0,0,0,0,-1,-1,-1
153667,1,0,1,105,3625,3574
154561,1,0,1,36,2724,2702
0,0,0,0,-1,-1,-1
154849,1,1,0,28,5292,5274
0,0,0,0,-1,-1,-1
151702,1,1,0,25,1268,1246
0,0,0,0,-1,-1,-1
154880,1,0,1,0,0,0
0,0,0,0,-1,-1,-1
153053,2,0,0,-1,-1,-1
0,0,0,0,-1,-1,-1
154544,2,0,0,-1,-1,-1
154647,1,0,1,112,2374,2325
0,0,0,0,-1,-1,-1
154267,2,0,0,-1,-1,-1
0,0,0,0,-1,-1,-1
154785,1,0,1,161,4588,4502
0,0,0,0,-1,-1,-1
154448,1,0,1,20,2999,2992
154866,2,0,0,-1,-1,-1
0,0,0,0,-1,-1,-1
154275,1,0,1,115,2177,2110
155169,1,1,0,59,7918,7898
154040,1,1,0,111,1936,1880
0,0,0,0,-1,-1,-1
0,0,0,0,-1,-1,-1
152236,2,0,0,-1,-1,-1
155050,1,1,0,169,4628,4544
155202,1,0,1,32,5369,5344
154147,2,0,0,-1,-1,-1
153635,2,0,0,-1,-1,-1
153859,2,0,0,-1,-1,-1
0,0,0,0,-1,-1,-1
151788,1,1,0,36,1927,1915
0,0,0,0,-1,-1,-1
153872,1,1,0,176,3194,3090
0,0,0,0,-1,-1,-1
154125,2,0,0,-1,-1,-1
0,0,0,0,-1,-1,-1
0,0,0,0,-1,-1,-1
0,0,0,0,-1,-1,-1
153358,2,0,0,-1,-1,-1
0,0,0,0,-1,-1,-1
155221,1,1,-1,127,4940,4897
153936,1,1,0,64,2822,2779
153914,2,0,0,-1,-1,-1
0,0,0,0,-1,-1,-1
0,0,0,0,-1,-1,-1
0,0,0,0,-1,-1,-1
155127,1,0,1,45,4664,4638
153937,2,0,0,-1,-1,-1
0,0,0,0,-1,-1,-1
154693,1,0,1,59,4245,4227
154182,2,0,0,-1,-1,-1
154245,2,0,0,-1,-1,-1
0,0,0,0,-1,-1,-1
0,0,0,0,-1,-1,-1
154571,2,0,0,-1,-1,-1
0,0,0,0,-1,-1,-1
154683,1,0,1,0,8235,8235
153568,2,0,0,-1,-1,-1
154269,2,0,0,-1,-1,-1
153679,2,0,0,-1,-1,-1
0,0,0,0,-1,-1,-1
155032,1,0,1,230,5771,5662
154313,2,0,0,-1,-1,-1
154959,1,1,-1,236,5084,4974
0,0,0,0,-1,-1,-1
154497,2,0,0,-1,-1,-1
0,0,0,0,-1,-1,-1
154727,1,1,0,360,4676,4510
154616,2,0,0,-1,-1,-1
0,0,0,0,-1,-1,-1
154866,1,0,1,0,19824,19824
154485,1,0,1,17,2498,2489
152212,2,0,0,-1,-1,-1
154003,2,0,0,-1,-1,-1
155176,1,1,0,0,4440,4440
155006,2,0,0,-1,-1,-1
154338,1,1,0,40,1560,1548
0,0,0,0,-1,-1,-1
155355,1,0,1,66,1178,1148
153801,2,0,0,-1,-1,-1
153730,2,0,0,-1,-1,-1
154609,1,1,0,55,2238,2201
153290,1,0,1,115,5882,5855
0,0,0,0,-1,-1,-1
153886,2,0,0,-1,-1,-1
0,0,0,0,-1,-1,-1
150957,2,0,0,-1,-1,-1
0,0,0,0,-1,-1,-1
154498,1,1,0,13,3452,3441
153853,2,0,0,-1,-1,-1
153132,2,0,0,-1,-1,-1
0,0,0,0,-1,-1,-1
154500,1,1,0,0,1499,1499
154371,2,0,0,-1,-1,-1
153136,1,1,0,119,5121,5064
0,0,0,0,-1,-1,-1
154661,1,0,1,0,3311,3311
155369,1,0,1,112,4208,4159
153744,1,0,1,56,16492,16449
155281,1,1,1,78,8193,8165
0,0,0,0,-1,-1,-1
154548,1,0,1,254,7272,7173
154608,2,0,0,-1,-1,-1
0,0,0,0,-1,-1,-1
153068,1,0,1,149,2102,2029
153943,2,0,0,-1,-1,-1
0,0,0,0,-1,-1,-1
155023,1,1,-1,282,7103,6960
152704,1,1,0,129,2817,2772
152844,1,0,1,154,3592,3521
152425,2,0,0,-1,-1,-1
153616,1,0,1,150,1597,1523
154167,2,0,0,-1,-1,-1
154041,2,0,0,-1,-1,-1
155150,2,0,0,-1,-1,-1
155285,1,0,1,134,2831,2784
154495,1,1,0,56,3821,3787
0,0,0,0,-1,-1,-1
154643,2,0,0,-1,-1,-1
154987,1,0,1,151,2760,2699
154227,1,1,0,92,6281,6251
155070,1,0,1,106,3567,3517
154714,1,0,1,151,5279,5231
155350,1,0,1,0,32368,32368
153272,1,1,0,0,0,0
155359,1,0,1,70,6733,6698
0,0,0,0,-1,-1,-1
154742,1,0,1,0,19968,19968
0,0,0,0,-1,-1,-1
155340,1,0,1,190,2158,2088
155251,1,1,0,123,26553,26499
0,0,0,0,-1,-1,-1
0,0,0,0,-1,-1,-1
0,0,0,0,-1,-1,-1
153082,2,0,0,-1,-1,-1
154153,2,0,0,-1,-1,-1
0,0,0,0,-1,-1,-1
154946,1,0,1,26,1322,1307
155370,1,0,1,257,6961,6859
0,0,0,0,-1,-1,-1
0,0,0,0,-1,-1,-1
154707,2,0,0,-1,-1,-1
154271,1,0,1,227,4029,3952
151860,2,0,0,-1,-1,-1
153983,1,1,0,161,3566,3478
152901,2,0,0,-1,-1,-1
154319,1,0,1,7,2167,2166
155256,1,1,-1,157,9531,9455
154600,2,0,0,-1,-1,-1
0,0,0,0,-1,-1,-1
0,0,0,0,-1,-1,-1
154456,1,0,1,21,3436,3432
154433,1,1,0,40,8943,8926
153629,1,0,1,96,5842,5787
155371,1,1,-1,151,25803,25726
0,0,0,0,-1,-1,-1
153200,2,0,0,-1,-1,-1
154905,2,0,0,-1,-1,-1
0,0,0,0,-1,-1,-1
0,0,0,0,-1,-1,-1
0,0,0,0,-1,-1,-1
154547,1,1,0,69,3860,3834
154360,2,0,0,-1,-1,-1
154514,2,0,0,-1,-1,-1
0,0,0,0,-1,-1,-1
0,0,0,0,-1,-1,-1
0,0,0,0,-1,-1,-1
154595,1,1,0,101,5051,5023
155230,1,1,0,84,5548,5506
0,0,0,0,-1,-1,-1
155284,1,0,1,108,2827,2780
153539,1,1,0,125,3168,3117
154687,1,1,0,8,1404,1395
153467,2,0,0,-1,-1,-1
0,0,0,0,-1,-1,-1
0,0,0,0,-1,-1,-1
154396,1,1,1,35,3661,3637
0,0,0,0,-1,-1,-1
153345,1,0,1,63,4238,4207
154929,1,1,0,13,4985,4976
153735,1,1,-1,283,2596,2481
155188,1,0,1,50,1334,1322
154634,1,0,1,47,4571,4556
154026,2,0,0,-1,-1,-1
0,0,0,0,-1,-1,-1
154178,2,0,0,-1,-1,-1
153009,1,0,1,46,10413,10397
0,0,0,0,-1,-1,-1
154446,2,0,0,-1,-1,-1
154720,2,0,0,-1,-1,-1
153759,2,0,0,-1,-1,-1
155322,1,0,1,116,8557,8481
0,0,0,0,-1,-1,-1
154946,1,1,0,0,7547,7547
155074,1,1,0,112,5095,5040
154916,1,1,0,235,4562,4427
155279,1,0,1,161,3549,3477
154110,2,0,0,-1,-1,-1
0,0,0,0,-1,-1,-1
154415,2,0,0,-1,-1,-1
153386,1,0,1,64,488,455
154419,2,0,0,-1,-1,-1
154722,2,0,0,-1,-1,-1
0,0,0,0,-1,-1,-1
0,0,0,0,-1,-1,-1
153863,1,1,-1,109,4582,4526
153546,1,1,0,27,6908,6897
154510,1,1,-1,144,10048,9968
154330,1,0,1,177,1875,1806
0,0,0,0,-1,-1,-1
154658,1,1,-1,40,11467,11428
154308,2,0,0,-1,-1,-1
154723,2,0,0,-1,-1,-1
154102,2,0,0,-1,-1,-1
154193,1,0,1,0,1978,1978
154455,2,0,0,-1,-1,-1
150869,1,0,1,117,3134,3078
155247,2,0,0,-1,-1,-1
155249,1,0,1,88,2484,2437
0,0,0,0,-1,-1,-1
154330,2,0,0,-1,-1,-1
154914,1,1,0,59,5043,5007
153690,2,0,0,-1,-1,-1
153546,2,0,0,-1,-1,-1
153651,2,0,0,-1,-1,-1
0,0,0,0,-1,-1,-1
0,0,0,0,-1,-1,-1
0,0,0,0,-1,-1,-1
0,0,0,0,-1,-1,-1
153850,2,0,0,-1,-1,-1
0,0,0,0,-1,-1,-1
0,0,0,0,-1,-1,-1
153123,2,0,0,-1,-1,-1
153683,2,0,0,-1,-1,-1
155113,1,1,1,95,8610,8545
154972,1,1,0,68,9271,9249
154525,1,1,0,122,1821,1751
0,0,0,0,-1,-1,-1
154659,1,1,-1,90,9436,9382
154793,2,0,0,-1,-1,-1
154485,2,0,0,-1,-1,-1
154321,2,0,0,-1,-1,-1
153681,2,0,0,-1,-1,-1
0,0,0,0,-1,-1,-1
0,0,0,0,-1,-1,-1
154476,2,0,0,-1,-1,-1
154603,2,0,0,-1,-1,-1
154230,1,1,0,72,3189,3158
0,0,0,0,-1,-1,-1
154916,1,1,1,55,4129,4107
155322,2,0,0,-1,-1,-1
0,0,0,0,-1,-1,-1
155255,1,1,0,91,5249,5232
0,0,0,0,-1,-1,-1
154138,2,0,0,-1,-1,-1
153278,2,0,0,-1,-1,-1
0,0,0,0,-1,-1,-1
0,0,0,0,-1,-1,-1
0,0,0,0,-1,-1,-1
153156,2,0,0,-1,-1,-1
154237,1,1,0,55,3670,3645
153087,1,0,1,50,5480,5443
154809,2,0,0,-1,-1,-1
153430,2,0,0,-1,-1,-1
0,0,0,0,-1,-1,-1
0,0,0,0,-1,-1,-1
155282,1,1,0,42,5487,5468
153892,2,0,0,-1,-1,-1
0,0,0,0,-1,-1,-1
154005,2,0,0,-1,-1,-1
155233,2,0,0,-1,-1,-1
0,0,0,0,-1,-1,-1
154438,2,0,0,-1,-1,-1
154757,1,1,0,9,1196,1185
154986,1,0,1,16,1336,1329
0,0,0,0,-1,-1,-1
0,0,0,0,-1,-1,-1
154771,2,0,0,-1,-1,-1
153856,1,1,0,152,9138,9072
0,0,0,0,-1,-1,-1
154570,2,0,0,-1,-1,-1
0,0,0,0,-1,-1,-1
154295,2,0,0,-1,-1,-1
154223,2,0,0,-1,-1,-1
154268,2,0,0,-1,-1,-1
154634,2,0,0,-1,-1,-1
154301,2,0,0,-1,-1,-1
153787,2,0,0,-1,-1,-1
155293,1,1,0,178,2537,2447
0,0,0,0,-1,-1,-1
153429,2,0,0,-1,-1,-1
0,0,0,0,-1,-1,-1
153959,1,1,0,121,1172,1120
0,0,0,0,-1,-1,-1
154150,1,0,1,54,9769,9730
0,0,0,0,-1,-1,-1
154212,1,1,0,169,2362,2297
155026,2,0,0,-1,-1,-1
155244,1,0,1,30,3814,3790
0,0,0,0,-1,-1,-1
154689,2,0,0,-1,-1,-1
0,0,0,0,-1,-1,-1
153724,2,0,0,-1,-1,-1
155052,1,0,1,44,2131,2110
0,0,0,0,-1,-1,-1
153718,2,0,0,-1,-1,-1
155144,1,0,1,167,3334,3251
155124,1,1,0,0,10235,10235
152386,2,0,0,-1,-1,-1
154431,1,1,0,93,7599,7560
154572,1,0,1,107,5200,5151
0,0,0,0,-1,-1,-1
154182,2,0,0,-1,-1,-1
0,0,0,0,-1,-1,-1
154844,1,1,-1,213,5482,5386
154091,1,0,1,117,17533,17462
0,0,0,0,-1,-1,-1
153547,2,0,0,-1,-1,-1
0,0,0,0,-1,-1,-1
0,0,0,0,-1,-1,-1
0,0,0,0,-1,-1,-1
153943,2,0,0,-1,-1,-1
154569,2,0,0,-1,-1,-1
154673,1,0,1,88,7475,7441
154274,1,0,1,77,8385,8371
154748,1,1,0,102,3479,3437
153496,2,0,0,-1,-1,-1
152995,2,0,0,-1,-1,-1
153275,2,0,0,-1,-1,-1
154754,1,1,0,31,10675,10649
0,0,0,0,-1,-1,-1
153773,1,1,0,168,7335,7260
0,0,0,0,-1,-1,-1
153713,2,0,0,-1,-1,-1
154654,1,1,0,142,3417,3318
0,0,0,0,-1,-1,-1
154301,1,0,1,8,3579,3574
0,0,0,0,-1,-1,-1
155067,1,1,0,59,2545,2510
154877,1,1,0,163,1265,1192
154913,1,1,0,284,5359,5217
154091,2,0,0,-1,-1,-1
0,0,0,0,-1,-1,-1
0,0,0,0,-1,-1,-1
154262,2,0,0,-1,-1,-1
0,0,0,0,-1,-1,-1
154642,2,0,0,-1,-1,-1
154930,2,0,0,-1,-1,-1
0,0,0,0,-1,-1,-1
0,0,0,0,-1,-1,-1
155099,1,0,1,34,6393,6371
154834,1,0,1,96,2709,2661
153763,2,0,0,-1,-1,-1
154254,1,1,0,205,4019,3924
153477,2,0,0,-1,-1,-1
153626,1,1,0,182,3191,3106
0,0,0,0,-1,-1,-1
0,0,0,0,-1,-1,-1
154994,2,0,0,-1,-1,-1
154784,1,1,0,167,3166,3050
154953,1,0,1,57,3455,3410
155147,1,0,1,335,3022,2869
154991,1,1,0,95,6602,6545
0,0,0,0,-1,-1,-1
154593,1,1,0,132,4210,4154
155104,2,0,0,-1,-1,-1
0,0,0,0,-1,-1,-1
154974,1,1,0,78,7885,7850
153333,2,0,0,-1,-1,-1
0,0,0,0,-1,-1,-1
153906,1,1,0,0,7314,7314
153639,2,0,0,-1,-1,-1
155324,1,0,1,40,1259,1244
0,0,0,0,-1,-1,-1
0,0,0,0,-1,-1,-1
0,0,0,0,-1,-1,-1
155319,1,0,1,142,2640,2568
154697,2,0,0,-1,-1,-1
0,0,0,0,-1,-1,-1
154807,2,0,0,-1,-1,-1
0,0,0,0,-1,-1,-1
0,0,0,0,-1,-1,-1
0,0,0,0,-1,-1,-1
154553,2,0,0,-1,-1,-1
0,0,0,0,-1,-1,-1
154232,2,0,0,-1,-1,-1
155071,2,0,0,-1,-1,-1
155047,1,1,0,175,4804,4735
0,0,0,0,-1,-1,-1
155230,1,1,0,107,1969,1911
0,0,0,0,-1,-1,-1
153609,1,1,0,174,3157,3081
153238,2,0,0,-1,-1,-1
154228,1,0,1,12,10083,10082
155354,1,1,0,41,2078,2046
154344,2,0,0,-1,-1,-1
0,0,0,0,-1,-1,-1
153415,2,0,0,-1,-1,-1
154857,1,1,-1,202,3708,3623
0,0,0,0,-1,-1,-1
0,0,0,0,-1,-1,-1
0,0,0,0,-1,-1,-1
154115,1,1,0,353,6124,5989
0,0,0,0,-1,-1,-1
153278,1,0,1,152,5870,5811
155056,2,0,0,-1,-1,-1
154082,2,0,0,-1,-1,-1
0,0,0,0,-1,-1,-1
0,0,0,0,-1,-1,-1
155306,2,0,0,-1,-1,-1
154256,1,1,0,0,6794,6794
154203,1,1,0,84,1268,1249
152460,2,0,0,-1,-1,-1
0,0,0,0,-1,-1,-1
154193,2,0,0,-1,-1,-1
155186,1,0,1,156,3306,3246
154259,1,1,0,172,4073,4022
154509,1,0,1,220,1752,1626
154400,2,0,0,-1,-1,-1
0,0,0,0,-1,-1,-1
155111,2,0,0,-1,-1,-1
153581,1,0,1,0,398,398
0,0,0,0,-1,-1,-1
0,0,0,0,-1,-1,-1
0,0,0,0,-1,-1,-1
155060,2,0,0,-1,-1,-1
154431,1,1,0,153,3887,3816
0,0,0,0,-1,-1,-1
153837,2,0,0,-1,-1,-1
154672,2,0,0,-1,-1,-1
154168,2,0,0,-1,-1,-1
153057,2,0,0,-1,-1,-1
0,0,0,0,-1,-1,-1
0,0,0,0,-1,-1,-1
0,0,0,0,-1,-1,-1
153156,2,0,0,-1,-1,-1
155178,1,1,-1,113,3646,3580
153036,1,0,1,93,6205,6169
154449,1,1,1,257,7932,7819
153987,2,0,0,-1,-1,-1
155092,1,0,1,133,4167,4114
154360,2,0,0,-1,-1,-1
154755,1,1,0,20,2401,2389
0,0,0,0,-1,-1,-1
0,0,0,0,-1,-1,-1
153749,2,0,0,-1,-1,-1
154415,1,1,0,52,4667,4641
153859,2,0,0,-1,-1,-1
154906,1,1,0,64,7103,7064
153240,2,0,0,-1,-1,-1
155053,1,0,1,91,2404,2359
155298,1,1,0,57,3971,3941
154528,2,0,0,-1,-1,-1
155313,1,0,1,54,1712,1679
155236,1,0,1,99,2291,2253
154878,1,0,1,129,1283,1231
154660,1,0,1,133,3093,3026
154684,1,1,0,53,7923,7903
154841,2,0,0,-1,-1,-1
0,0,0,0,-1,-1,-1
153646,2,0,0,-1,-1,-1
153542,2,0,0,-1,-1,-1
0,0,0,0,-1,-1,-1
154065,2,0,0,-1,-1,-1
155138,1,1,0,63,2603,2576
153606,2,0,0,-1,-1,-1
154895,1,0,1,209,4822,4716
154722,2,0,0,-1,-1,-1
154907,1,0,1,136,3150,3099
154524,2,0,0,-1,-1,-1
154095,2,0,0,-1,-1,-1
154563,1,1,-1,77,9840,9794
155323,1,0,1,189,2844,2753
155077,2,0,0,-1,-1,-1
155166,1,0,1,266,1979,1877
0,0,0,0,-1,-1,-1
154766,1,1,0,68,3389,3341
152320,2,0,0,-1,-1,-1
153622,2,0,0,-1,-1,-1
0,0,0,0,-1,-1,-1
153743,1,0,1,82,2376,2342
0,0,0,0,-1,-1,-1
154880,1,0,1,158,1905,1831
154864,1,1,0,295,3459,3319
0,0,0,0,-1,-1,-1
0,0,0,0,-1,-1,-1
154641,1,1,-1,132,8066,8024
154045,2,0,0,-1,-1,-1
0,0,0,0,-1,-1,-1
0,0,0,0,-1,-1,-1
0,0,0,0,-1,-1,-1
154704,1,1,0,5,7029,7028
154767,1,0,1,85,2625,2600
154554,1,0,1,77,1340,1316
0,0,0,0,-1,-1,-1
155191,1,1,0,0,22143,22143
154758,2,0,0,-1,-1,-1
0,0,0,0,-1,-1,-1
155384,1,0,1,154,5410,5317
155211,1,0,1,105,4460,4416
0,0,0,0,-1,-1,-1
0,0,0,0,-1,-1,-1
155029,1,1,-1,46,6008,5990
153835,1,1,0,73,1605,1569
154562,1,1,0,98,5971,5939
0,0,0,0,-1,-1,-1
154499,2,0,0,-1,-1,-1
0,0,0,0,-1,-1,-1
154692,1,1,0,0,10200,10200
0,0,0,0,-1,-1,-1
154630,2,0,0,-1,-1,-1
0,0,0,0,-1,-1,-1
0,0,0,0,-1,-1,-1
155023,1,0,1,0,27798,27798
155365,1,0,1,207,3333,3231
0,0,0,0,-1,-1,-1
154387,2,0,0,-1,-1,-1
154822,2,0,0,-1,-1,-1
0,0,0,0,-1,-1,-1
153848,1,0,1,179,2726,2656
154702,2,0,0,-1,-1,-1
153781,1,1,0,184,1501,1418
154430,1,1,0,151,4643,4543
153200,2,0,0,-1,-1,-1
153315,2,0,0,-1,-1,-1
153899,2,0,0,-1,-1,-1
155372,1,0,1,177,6039,5989
155120,2,0,0,-1,-1,-1
0,0,0,0,-1,-1,-1
0,0,0,0,-1,-1,-1
153432,2,0,0,-1,-1,-1
152814,2,0,0,-1,-1,-1
153430,1,0,1,70,3854,3833
155347,1,0,1,67,6557,6524
0,0,0,0,-1,-1,-1
0,0,0,0,-1,-1,-1
154357,1,0,1,63,6546,6523
155243,1,0,1,116,2469,2412
153275,2,0,0,-1,-1,-1
154035,1,1,-1,168,8041,7961
0,0,0,0,-1,-1,-1
153794,1,0,1,150,3411,3343
154956,1,0,1,29,3036,3022
154564,2,0,0,-1,-1,-1
153414,2,0,0,-1,-1,-1
154907,1,0,1,90,2680,2644
154307,2,0,0,-1,-1,-1
155242,1,1,-1,120,5683,5623
0,0,0,0,-1,-1,-1
0,0,0,0,-1,-1,-1
0,0,0,0,-1,-1,-1
0,0,0,0,-1,-1,-1
154459,1,1,0,41,5313,5294
153958,1,0,1,51,1402,1363
154090,1,1,0,95,5063,5005
154692,2,0,0,-1,-1,-1
154315,1,1,0,0,5178,5178
155340,1,0,1,27,4617,4606
154317,2,0,0,-1,-1,-1
155374,1,1,-1,146,4562,4472
153710,2,0,0,-1,-1,-1
0,0,0,0,-1,-1,-1
154685,2,0,0,-1,-1,-1
154952,2,0,0,-1,-1,-1
153766,1,0,1,40,5493,5473
153814,1,0,1,128,2395,2351
155044,1,0,1,25,12863,12855
0,0,0,0,-1,-1,-1
153953,2,0,0,-1,-1,-1
153996,2,0,0,-1,-1,-1
0,0,0,0,-1,-1,-1
0,0,0,0,-1,-1,-1
154081,1,0,1,96,2783,2725
0,0,0,0,-1,-1,-1
155200,1,0,1,109,4428,4365
154999,1,1,0,67,2638,2609
0,0,0,0,-1,-1,-1
0,0,0,0,-1,-1,-1
154365,1,1,0,215,6088,6003
0,0,0,0,-1,-1,-1
153764,1,0,1,117,1600,1538
153883,2,0,0,-1,-1,-1
0,0,0,0,-1,-1,-1
0,0,0,0,-1,-1,-1
0,0,0,0,-1,-1,-1
0,0,0,0,-1,-1,-1
152049,1,1,0,34,12030,12015
153872,2,0,0,-1,-1,-1
153650,2,0,0,-1,-1,-1
0,0,0,0,-1,-1,-1
154834,2,0,0,-1,-1,-1
154791,1,0,1,2,2829,2829
155259,1,1,0,129,4712,4655
154693,2,0,0,-1,-1,-1
0,0,0,0,-1,-1,-1
0,0,0,0,-1,-1,-1
154327,1,0,1,88,1546,1509
154099,1,0,1,0,7166,7166
155301,1,0,1,56,2769,2739
154861,1,1,1,286,6432,6300
154684,1,0,1,185,3111,3023
154086,2,0,0,-1,-1,-1
154610,1,1,0,285,3476,3357
153937,1,1,0,277,2854,2716
0,0,0,0,-1,-1,-1
154395,1,1,0,8,1974,1971
0,0,0,0,-1,-1,-1
154769,1,0,1,39,2516,2498
0,0,0,0,-1,-1,-1
0,0,0,0,-1,-1,-1
153994,1,0,1,32,18413,18397
0,0,0,0,-1,-1,-1
153661,1,1,0,130,2378,2318
155126,2,0,0,-1,-1,-1
0,0,0,0,-1,-1,-1
154254,2,0,0,-1,-1,-1
153726,2,0,0,-1,-1,-1
153213,2,0,0,-1,-1,-1
152326,2,0,0,-1,-1,-1
0,0,0,0,-1,-1,-1
152508,1,0,1,0,5184,5184
0,0,0,0,-1,-1,-1
0,0,0,0,-1,-1,-1
153867,1,1,0,16,1614,1613
154674,2,0,0,-1,-1,-1
152667,2,0,0,-1,-1,-1
0,0,0,0,-1,-1,-1
0,0,0,0,-1,-1,-1
154591,2,0,0,-1,-1,-1
154003,2,0,0,-1,-1,-1
154740,1,0,1,192,1439,1359
153363,2,0,0,-1,-1,-1
154683,1,1,0,0,4660,4660
153977,2,0,0,-1,-1,-1
0,0,0,0,-1,-1,-1
154471,2,0,0,-1,-1,-1
0,0,0,0,-1,-1,-1
153690,1,0,1,86,5344,5293
0,0,0,0,-1,-1,-1
0,0,0,0,-1,-1,-1
0,0,0,0,-1,-1,-1
155151,1,1,0,68,1896,1883
154872,1,1,0,115,2255,2203
0,0,0,0,-1,-1,-1
155231,1,1,-1,70,11469,11436
155017,1,0,1,170,3001,2941
0,0,0,0,-1,-1,-1
155173,1,1,0,161,3073,3018
0,0,0,0,-1,-1,-1
153311,1,1,0,283,3027,2891
153417,1,0,1,43,3829,3810
154307,2,0,0,-1,-1,-1
153968,1,1,0,188,8907,8823
0,0,0,0,-1,-1,-1
0,0,0,0,-1,-1,-1
0,0,0,0,-1,-1,-1
155139,2,0,0,-1,-1,-1
154249,2,0,0,-1,-1,-1
155312,1,0,1,44,3208,3195
154373,2,0,0,-1,-1,-1
154559,1,0,1,59,3605,3565
155065,1,0,1,0,10318,10318
0,0,0,0,-1,-1,-1
154955,1,1,0,170,3921,3847
0,0,0,0,-1,-1,-1
154638,1,1,1,161,6390,6321
154528,2,0,0,-1,-1,-1
0,0,0,0,-1,-1,-1
153382,2,0,0,-1,-1,-1
0,0,0,0,-1,-1,-1
0,0,0,0,-1,-1,-1
0,0,0,0,-1,-1,-1
153729,1,1,0,55,1781,1747
0,0,0,0,-1,-1,-1
0,0,0,0,-1,-1,-1
0,0,0,0,-1,-1,-1
155116,2,0,0,-1,-1,-1
0,0,0,0,-1,-1,-1
0,0,0,0,-1,-1,-1
154419,1,0,1,142,6613,6525
0,0,0,0,-1,-1,-1
0,0,0,0,-1,-1,-1
152395,2,0,0,-1,-1,-1
154209,1,0,1,65,1761,1739
152302,2,0,0,-1,-1,-1
153841,2,0,0,-1,-1,-1
154855,1,1,-1,93,8508,8465
0,0,0,0,-1,-1,-1
0,0,0,0,-1,-1,-1
154283,1,1,0,93,5451,5408
155223,1,0,1,24,4401,4397
153979,1,0,1,36,14296,14287
154881,2,0,0,-1,-1,-1
153528,1,1,-1,117,4570,4520
154990,1,1,0,8,5832,5828
155108,1,1,-1,295,5018,4877
153143,1,1,0,129,13105,13062
153689,2,0,0,-1,-1,-1
154017,2,0,0,-1,-1,-1
0,0,0,0,-1,-1,-1
155354,1,1,0,130,7024,6960
154050,2,0,0,-1,-1,-1
154335,2,0,0,-1,-1,-1
0,0,0,0,-1,-1,-1
0,0,0,0,-1,-1,-1
154583,1,1,0,135,3615,3553
155065,1,1,1,38,16757,16733
154721,1,1,1,153,3837,3778
155014,1,1,0,68,3384,3361
155252,1,1,0,136,9864,9818
0,0,0,0,-1,-1,-1
0,0,0,0,-1,-1,-1
0,0,0,0,-1,-1,-1
0,0,0,0,-1,-1,-1
152986,2,0,0,-1,-1,-1
155251,1,1,0,149,2962,2880
153206,1,1,0,130,2893,2840
0,0,0,0,-1,-1,-1
0,0,0,0,-1,-1,-1
154840,2,0,0,-1,-1,-1
0,0,0,0,-1,-1,-1
155034,2,0,0,-1,-1,-1
0,0,0,0,-1,-1,-1
0,0,0,0,-1,-1,-1
0,0,0,0,-1,-1,-1
153548,2,0,0,-1,-1,-1
0,0,0,0,-1,-1,-1
155384,1,1,0,0,6547,6547
152939,2,0,0,-1,-1,-1
154061,1,1,0,153,3457,3375
0,0,0,0,-1,-1,-1
0,0,0,0,-1,-1,-1
154025,1,1,1,104,11005,10962
153948,1,1,1,90,3589,3539
0,0,0,0,-1,-1,-1
0,0,0,0,-1,-1,-1
155129,1,1,0,78,3108,3082
154253,1,1,0,106,14436,14398
155038,1,0,1,167,3883,3787
154981,1,0,1,160,5152,5087
154188,2,0,0,-1,-1,-1
154942,2,0,0,-1,-1,-1
154845,1,0,1,159,6971,6899
154790,1,1,0,160,11620,11547
0,0,0,0,-1,-1,-1
154076,2,0,0,-1,-1,-1
155051,1,1,0,0,100,100
153952,2,0,0,-1,-1,-1
155032,1,1,0,149,3316,3266
154470,1,1,0,127,4717,4673
154307,1,1,0,129,4043,3983
0,0,0,0,-1,-1,-1
152901,1,0,1,102,4312,4250
154962,1,1,0,198,3974,3900
0,0,0,0,-1,-1,-1
0,0,0,0,-1,-1,-1
153464,2,0,0,-1,-1,-1
153366,1,0,1,146,2709,2622
155226,1,0,1,39,2257,2223
0,0,0,0,-1,-1,-1
154849,1,1,0,124,2254,2206
154849,1,1,0,0,2234,2234
154964,1,1,0,59,3747,3724
0,0,0,0,-1,-1,-1
155175,1,1,0,65,11121,11095
154147,1,0,1,99,16156,16119
155327,1,0,1,125,5822,5766
154385,1,0,1,151,4385,4338
154856,1,0,1,130,9686,9623
0,0,0,0,-1,-1,-1
0,0,0,0,-1,-1,-1
0,0,0,0,-1,-1,-1
153932,2,0,0,-1,-1,-1
155127,1,1,0,57,9128,9099
154897,1,1,0,56,1739,1696
153046,2,0,0,-1,-1,-1
153714,2,0,0,-1,-1,-1
155164,1,0,1,64,1419,1384
0,0,0,0,-1,-1,-1
155176,1,1,-1,257,11853,11730
154162,2,0,0,-1,-1,-1
0,0,0,0,-1,-1,-1
153989,2,0,0,-1,-1,-1
155258,1,1,-1,101,5882,5829
0,0,0,0,-1,-1,-1
154559,1,0,1,75,2964,2938
154597,1,1,0,154,1874,1786
155355,1,1,1,191,3068,2986
155317,1,0,1,159,2570,2481
0,0,0,0,-1,-1,-1
154189,2,0,0,-1,-1,-1
154999,1,1,0,0,240,240
154467,2,0,0,-1,-1,-1
153505,2,0,0,-1,-1,-1
154360,2,0,0,-1,-1,-1
0,0,0,0,-1,-1,-1
154056,2,0,0,-1,-1,-1
154809,2,0,0,-1,-1,-1
154158,1,1,0,109,6707,6669
0,0,0,0,-1,-1,-1
154379,2,0,0,-1,-1,-1
154444,1,1,1,91,6827,6795
154643,2,0,0,-1,-1,-1
155213,1,1,0,0,3816,3816
155139,1,2,1,227,9366,9256
0,0,0,0,-1,-1,-1
154472,1,1,0,0,11424,11424
0,0,0,0,-1,-1,-1
154132,2,0,0,-1,-1,-1
154884,2,0,0,-1,-1,-1
155267,1,1,0,16,5271,5268
154386,2,0,0,-1,-1,-1
155329,1,1,0,0,722,722
154238,2,0,0,-1,-1,-1
153895,2,0,0,-1,-1,-1
154115,1,1,0,178,2253,2172
152510,1,1,0,140,1536,1458
154045,1,1,0,0,3834,3834
0,0,0,0,-1,-1,-1
153964,1,0,1,89,1634,1598
155150,1,1,0,28,1784,1777
154208,2,0,0,-1,-1,-1
153556,2,0,0,-1,-1,-1
153893,1,0,1,54,1651,1600
0,0,0,0,-1,-1,-1
155194,2,0,0,-1,-1,-1
0,0,0,0,-1,-1,-1
155020,1,1,0,111,3913,3838
154927,2,0,0,-1,-1,-1
153926,2,0,0,-1,-1,-1
153962,2,0,0,-1,-1,-1
155191,1,0,1,227,2978,2866
153978,2,0,0,-1,-1,-1
153842,1,1,0,83,3968,3941
155065,1,0,1,164,4194,4127
154592,1,0,1,19,907,891
0,0,0,0,-1,-1,-1
0,0,0,0,-1,-1,-1
0,0,0,0,-1,-1,-1
0,0,0,0,-1,-1,-1
154156,2,0,0,-1,-1,-1
154648,2,0,0,-1,-1,-1
154422,1,0,1,116,5694,5661
154050,2,0,0,-1,-1,-1
0,0,0,0,-1,-1,-1
155255,1,1,0,361,5313,5166
0,0,0,0,-1,-1,-1
154638,2,0,0,-1,-1,-1
153534,2,0,0,-1,-1,-1
154993,1,1,0,113,5988,5901
154599,2,0,0,-1,-1,-1
154740,2,0,0,-1,-1,-1
155304,1,1,0,199,4094,3983
154988,2,0,0,-1,-1,-1
0,0,0,0,-1,-1,-1
154892,1,1,0,0,2955,2955
153845,1,1,0,100,946,895
152973,2,0,0,-1,-1,-1
155283,2,0,0,-1,-1,-1
153479,2,0,0,-1,-1,-1
154529,2,0,0,-1,-1,-1
155103,1,1,0,259,2148,2060
0,0,0,0,-1,-1,-1
154443,1,0,1,206,4414,4305
153713,2,0,0,-1,-1,-1
154346,1,0,1,0,12102,12102
153638,2,0,0,-1,-1,-1
154669,2,0,0,-1,-1,-1
154161,1,0,1,62,3227,3192
154872,1,0,1,90,3903,3866
154555,2,0,0,-1,-1,-1
155265,1,0,1,34,5027,4999
154393,1,1,0,142,2026,1958
154201,1,1,0,14,5045,5045
0,0,0,0,-1,-1,-1
154092,2,0,0,-1,-1,-1
0,0,0,0,-1,-1,-1
0,0,0,0,-1,-1,-1
0,0,0,0,-1,-1,-1
153317,1,0,1,0,4799,4799
153964,2,0,0,-1,-1,-1
155111,1,0,1,0,26160,26160
0,0,0,0,-1,-1,-1
154886,1,1,-1,51,4074,4064
154292,1,0,1,77,1153,1124
152882,2,0,0,-1,-1,-1
154342,2,0,0,-1,-1,-1
153324,2,0,0,-1,-1,-1
0,0,0,0,-1,-1,-1
0,0,0,0,-1,-1,-1
0,0,0,0,-1,-1,-1
0,0,0,0,-1,-1,-1
154648,2,0,0,-1,-1,-1
154220,2,0,0,-1,-1,-1
0,0,0,0,-1,-1,-1
155201,1,0,1,49,2002,1970
155239,1,0,1,2,4377,4377
154006,2,0,0,-1,-1,-1
0,0,0,0,-1,-1,-1
154117,1,0,1,45,2678,2651
155097,1,0,1,98,4724,4681
155301,1,0,1,0,16120,16120
154718,1,1,1,103,7193,7161
0,0,0,0,-1,-1,-1
154214,1,1,0,66,9864,9830
153243,2,0,0,-1,-1,-1
0,0,0,0,-1,-1,-1
153744,1,1,0,64,10054,10031
154767,2,0,0,-1,-1,-1
153762,2,0,0,-1,-1,-1
154216,1,1,0,38,7220,7210
0,0,0,0,-1,-1,-1
155221,1,0,1,102,6357,6314
155334,1,1,0,17,3990,3984
0,0,0,0,-1,-1,-1
154075,1,0,1,41,3364,3351
0,0,0,0,-1,-1,-1
0,0,0,0,-1,-1,-1
155044,1,1,0,0,1707,1707
154771,2,0,0,-1,-1,-1
0,0,0,0,-1,-1,-1
154808,1,1,0,71,3078,3044
0,0,0,0,-1,-1,-1
0,0,0,0,-1,-1,-1
0,0,0,0,-1,-1,-1
0,0,0,0,-1,-1,-1
0,0,0,0,-1,-1,-1
0,0,0,0,-1,-1,-1
155347,1,1,0,254,2704,2604
0,0,0,0,-1,-1,-1
153981,1,1,1,237,4638,4508
154463,1,1,1,201,5234,5161
154304,1,0,1,74,4450,4424
0,0,0,0,-1,-1,-1
154937,2,0,0,-1,-1,-1
155213,1,0,1,66,6466,6440
0,0,0,0,-1,-1,-1
154711,2,0,0,-1,-1,-1
155076,2,0,0,-1,-1,-1
154711,1,0,1,18,7677,7677
155370,1,0,1,196,1911,1838
153682,1,1,0,80,3908,3879
154069,2,0,0,-1,-1,-1
153999,2,0,0,-1,-1,-1
0,0,0,0,-1,-1,-1
0,0,0,0,-1,-1,-1
154620,1,1,1,207,3557,3465
155124,1,1,0,127,1543,1490
155231,1,0,1,240,4469,4342
152863,1,0,1,107,5501,5435
153422,2,0,0,-1,-1,-1
153964,1,0,1,36,908,878
154958,1,0,1,142,2940,2864
153642,2,0,0,-1,-1,-1
0,0,0,0,-1,-1,-1
155017,2,0,0,-1,-1,-1
154006,2,0,0,-1,-1,-1
154607,1,0,1,0,5508,5508
0,0,0,0,-1,-1,-1
155249,1,0,1,0,5508,5508
154676,1,1,0,230,6281,6181
153857,1,1,0,23,14620,14602
154160,1,1,0,102,4428,4375
154440,2,0,0,-1,-1,-1
154908,1,1,1,222,5437,5308
154983,1,0,1,190,3692,3576
154097,1,0,1,86,3899,3873
0,0,0,0,-1,-1,-1
155378,1,1,-1,108,4896,4848
154855,1,1,0,149,3369,3299
155367,1,0,1,152,4588,4537
154598,1,0,1,145,8405,8314
154866,2,0,0,-1,-1,-1
0,0,0,0,-1,-1,-1
155047,1,0,1,55,4975,4953
154889,1,0,1,34,7876,7859
0,0,0,0,-1,-1,-1
155060,1,0,1,21,15816,15810
153914,2,0,0,-1,-1,-1
154246,2,0,0,-1,-1,-1
0,0,0,0,-1,-1,-1
0,0,0,0,-1,-1,-1
0,0,0,0,-1,-1,-1
154176,1,1,0,97,17842,17774
155365,1,1,1,329,4215,4088
154303,1,1,0,0,7080,7080
0,0,0,0,-1,-1,-1
0,0,0,0,-1,-1,-1
0,0,0,0,-1,-1,-1
154041,2,0,0,-1,-1,-1
0,0,0,0,-1,-1,-1
155365,1,0,1,68,3598,3565
155161,1,1,0,201,4534,4440
154007,1,0,1,147,2195,2132
154662,2,0,0,-1,-1,-1
154200,2,0,0,-1,-1,-1
155003,1,0,1,61,3692,3648
0,0,0,0,-1,-1,-1
153201,2,0,0,-1,-1,-1
0,0,0,0,-1,-1,-1
0,0,0,0,-1,-1,-1
153382,2,0,0,-1,-1,-1
152800,2,0,0,-1,-1,-1
0,0,0,0,-1,-1,-1
0,0,0,0,-1,-1,-1
0,0,0,0,-1,-1,-1
155058,2,0,0,-1,-1,-1
154917,1,1,-1,56,13768,13733
154736,1,1,0,80,1285,1244
154395,1,1,0,23,24485,24469
0,0,0,0,-1,-1,-1
0,0,0,0,-1,-1,-1
154375,1,0,1,98,8501,8452
153174,2,0,0,-1,-1,-1
154914,1,0,1,141,1937,1851
153589,1,0,1,140,5468,5404
154889,1,1,0,116,4041,3967
153810,2,0,0,-1,-1,-1
154831,1,0,1,62,4241,4202
152997,1,0,1,144,2352,2285
154702,1,0,1,115,2516,2457
153987,2,0,0,-1,-1,-1
154151,1,0,1,149,2441,2379
154879,2,0,0,-1,-1,-1
0,0,0,0,-1,-1,-1
154288,1,1,0,25,2193,2178
152890,2,0,0,-1,-1,-1
155259,1,1,0,33,4381,4366
0,0,0,0,-1,-1,-1
0,0,0,0,-1,-1,-1
155280,1,0,1,37,4217,4204
154655,2,0,0,-1,-1,-1
0,0,0,0,-1,-1,-1
153779,2,0,0,-1,-1,-1
155253,1,0,1,89,3903,3853
154224,2,0,0,-1,-1,-1
153467,1,1,0,241,3796,3700
153004,2,0,0,-1,-1,-1
154331,2,0,0,-1,-1,-1
154830,1,1,-1,84,5546,5496
152338,2,0,0,-1,-1,-1
0,0,0,0,-1,-1,-1
154215,1,1,-1,38,4687,4653
154833,1,1,0,42,2783,2759
0,0,0,0,-1,-1,-1
151951,2,0,0,-1,-1,-1
0,0,0,0,-1,-1,-1
153641,2,0,0,-1,-1,-1
0,0,0,0,-1,-1,-1
153577,2,0,0,-1,-1,-1
154077,1,0,1,207,5704,5621
153328,1,0,1,129,5920,5868
0,0,0,0,-1,-1,-1
154274,2,0,0,-1,-1,-1
153602,2,0,0,-1,-1,-1
155368,1,1,0,167,3423,3333
0,0,0,0,-1,-1,-1
0,0,0,0,-1,-1,-1
0,0,0,0,-1,-1,-1
0,0,0,0,-1,-1,-1
0,0,0,0,-1,-1,-1
0,0,0,0,-1,-1,-1
0,0,0,0,-1,-1,-1
153462,2,0,0,-1,-1,-1
153306,2,0,0,-1,-1,-1
0,0,0,0,-1,-1,-1
152995,2,0,0,-1,-1,-1
153753,2,0,0,-1,-1,-1
155265,1,1,0,60,3097,3061
154296,2,0,0,-1,-1,-1
0,0,0,0,-1,-1,-1
154972,1,0,1,36,2117,2103
154399,2,0,0,-1,-1,-1
155192,1,1,0,111,1238,1180
153847,1,1,0,134,2025,1962
0,0,0,0,-1,-1,-1
153699,1,1,0,205,3334,3247
152996,1,1,0,119,3837,3782
154191,1,0,1,11,9072,9070
154975,1,0,1,205,2622,2528
154921,1,0,1,0,3509,3509
155078,1,1,-1,216,4678,4591
0,0,0,0,-1,-1,-1
154951,1,1,-1,20,7374,7350
155119,1,1,1,99,1749,1717
154891,2,0,0,-1,-1,-1
0,0,0,0,-1,-1,-1
0,0,0,0,-1,-1,-1
0,0,0,0,-1,-1,-1
0,0,0,0,-1,-1,-1
155243,1,1,0,75,14044,14017
154495,2,0,0,-1,-1,-1
154087,2,0,0,-1,-1,-1
154828,2,0,0,-1,-1,-1
0,0,0,0,-1,-1,-1
0,0,0,0,-1,-1,-1
0,0,0,0,-1,-1,-1
0,0,0,0,-1,-1,-1
153524,1,1,0,0,15753,15753
155040,1,0,1,7,21781,21780
154754,1,0,1,160,8972,8906
155045,1,1,0,0,2725,2725
0,0,0,0,-1,-1,-1
153357,2,0,0,-1,-1,-1
154809,1,0,1,214,1969,1854
154397,2,0,0,-1,-1,-1
154230,2,0,0,-1,-1,-1
0,0,0,0,-1,-1,-1
154985,2,0,0,-1,-1,-1
0,0,0,0,-1,-1,-1
153596,1,1,0,33,14213,14204
153872,1,0,1,0,2451,2451
0,0,0,0,-1,-1,-1
155376,1,1,0,92,4403,4351
154586,1,1,0,60,4330,4318
155149,2,0,0,-1,-1,-1
0,0,0,0,-1,-1,-1
154406,2,0,0,-1,-1,-1
0,0,0,0,-1,-1,-1
153448,1,0,1,108,2660,2613
154531,1,1,0,123,4681,4603
155037,1,1,0,122,3025,2964
154755,2,0,0,-1,-1,-1
0,0,0,0,-1,-1,-1
0,0,0,0,-1,-1,-1
0,0,0,0,-1,-1,-1
155025,1,1,0,20,6385,6383
0,0,0,0,-1,-1,-1
155045,1,0,1,160,3937,3833
154336,2,0,0,-1,-1,-1
154436,2,0,0,-1,-1,-1
155225,1,1,0,83,2759,2734
154003,2,0,0,-1,-1,-1
153941,2,0,0,-1,-1,-1
154805,1,1,0,141,3906,3842
154508,2,0,0,-1,-1,-1
0,0,0,0,-1,-1,-1
153855,1,0,1,65,8241,8205
0,0,0,0,-1,-1,-1
155258,1,0,1,113,5469,5429
154450,1,0,1,146,5026,4969
0,0,0,0,-1,-1,-1
154420,2,0,0,-1,-1,-1
152533,2,0,0,-1,-1,-1
153921,2,0,0,-1,-1,-1
151720,1,1,1,249,1726,1633
0,0,0,0,-1,-1,-1
154818,2,0,0,-1,-1,-1
153602,1,1,0,186,1903,1810
154736,1,0,1,0,38068,38068
154773,2,0,0,-1,-1,-1
152680,1,1,0,13,3237,3234
153930,2,0,0,-1,-1,-1
0,0,0,0,-1,-1,-1
154261,2,0,0,-1,-1,-1
154387,1,1,-1,87,5038,4996
154614,2,0,0,-1,-1,-1
153660,2,0,0,-1,-1,-1
0,0,0,0,-1,-1,-1
155032,2,0,0,-1,-1,-1
0,0,0,0,-1,-1,-1
154596,2,0,0,-1,-1,-1
154110,2,0,0,-1,-1,-1
0,0,0,0,-1,-1,-1
154756,2,0,0,-1,-1,-1
154716,1,1,0,70,1132,1096
0,0,0,0,-1,-1,-1
155374,1,0,1,96,4296,4249
154911,2,0,0,-1,-1,-1
155318,2,0,0,-1,-1,-1
153667,2,0,0,-1,-1,-1
154798,1,0,1,166,2742,2652
155304,1,1,0,17,3854,3849
0,0,0,0,-1,-1,-1
0,0,0,0,-1,-1,-1
153788,2,0,0,-1,-1,-1
0,0,0,0,-1,-1,-1
0,0,0,0,-1,-1,-1
152556,2,0,0,-1,-1,-1
154872,2,0,0,-1,-1,-1
0,0,0,0,-1,-1,-1
154473,1,0,1,165,3721,3661
154327,1,1,0,88,3095,3070
153958,2,0,0,-1,-1,-1
154418,2,0,0,-1,-1,-1
0,0,0,0,-1,-1,-1
154322,2,0,0,-1,-1,-1
154688,1,1,0,72,7980,7937
0,0,0,0,-1,-1,-1
155045,1,0,1,79,2368,2324
0,0,0,0,-1,-1,-1
154560,1,1,0,173,2752,2682
154033,2,0,0,-1,-1,-1
153863,1,1,0,27,3163,3146
0,0,0,0,-1,-1,-1
0,0,0,0,-1,-1,-1
155066,1,1,0,84,2802,2772
153701,1,1,0,47,6572,6544
153744,2,0,0,-1,-1,-1
0,0,0,0,-1,-1,-1
154130,1,1,0,68,4349,4315
0,0,0,0,-1,-1,-1
0,0,0,0,-1,-1,-1
154522,1,1,0,0,7935,7935
154703,1,1,-1,208,6720,6612
0,0,0,0,-1,-1,-1
0,0,0,0,-1,-1,-1
154130,2,0,0,-1,-1,-1
0,0,0,0,-1,-1,-1
0,0,0,0,-1,-1,-1
154959,2,0,0,-1,-1,-1
153368,1,1,0,107,2623,2586
154845,1,1,0,10,4296,4284
152733,2,0,0,-1,-1,-1
154994,2,0,0,-1,-1,-1
0,0,0,0,-1,-1,-1
0,0,0,0,-1,-1,-1
154674,2,0,0,-1,-1,-1
0,0,0,0,-1,-1,-1
153523,2,0,0,-1,-1,-1
0,0,0,0,-1,-1,-1
0,0,0,0,-1,-1,-1
153863,1,1,0,234,2198,2101
0,0,0,0,-1,-1,-1
0,0,0,0,-1,-1,-1
155011,2,0,0,-1,-1,-1
155205,2,0,0,-1,-1,-1
0,0,0,0,-1,-1,-1
154404,2,0,0,-1,-1,-1
154478,1,1,0,74,5806,5772
155156,1,1,1,115,2220,2168
155252,1,0,1,101,3105,3055
0,0,0,0,-1,-1,-1
155217,1,1,0,6,12049,12049
153993,1,1,0,164,2474,2391
0,0,0,0,-1,-1,-1
0,0,0,0,-1,-1,-1
0,0,0,0,-1,-1,-1
0,0,0,0,-1,-1,-1
154313,2,0,0,-1,-1,-1
0,0,0,0,-1,-1,-1
0,0,0,0,-1,-1,-1
154814,1,1,0,70,3769,3728
154963,1,0,1,70,5640,5609
155069,1,1,1,128,10231,10178
154168,2,0,0,-1,-1,-1
154553,2,0,0,-1,-1,-1
153574,1,0,1,164,1797,1724
154529,1,1,0,185,2370,2273
0,0,0,0,-1,-1,-1
155175,2,0,0,-1,-1,-1
0,0,0,0,-1,-1,-1
154715,1,0,1,54,10190,10175
155144,1,1,0,0,5460,5460
154667,2,0,0,-1,-1,-1
0,0,0,0,-1,-1,-1
154432,1,1,0,58,7406,7385
154308,2,0,0,-1,-1,-1
0,0,0,0,-1,-1,-1
0,0,0,0,-1,-1,-1
154277,1,0,1,132,3327,3264
153936,2,0,0,-1,-1,-1
154319,2,0,0,-1,-1,-1
0,0,0,0,-1,-1,-1
153979,1,0,1,56,10291,10266
0,0,0,0,-1,-1,-1
153779,2,0,0,-1,-1,-1
154657,1,1,-1,135,6585,6526
154636,1,0,1,132,1957,1901
154653,1,0,1,88,11525,11485
153973,1,1,0,0,1921,1921
154733,1,0,1,0,0,0
155203,1,1,0,62,2011,1994
154122,2,0,0,-1,-1,-1
154139,1,1,1,129,2037,1974
0,0,0,0,-1,-1,-1
155017,1,1,1,79,8359,8326
0,0,0,0,-1,-1,-1
0,0,0,0,-1,-1,-1
155013,1,1,-1,246,5399,5303
154812,2,0,0,-1,-1,-1
0,0,0,0,-1,-1,-1
0,0,0,0,-1,-1,-1
0,0,0,0,-1,-1,-1
0,0,0,0,-1,-1,-1
154131,2,0,0,-1,-1,-1
155158,1,0,1,104,6602,6557
154997,1,1,1,132,2041,1951
153818,1,1,0,143,4494,4418
155369,1,0,1,85,2460,2401
154078,2,0,0,-1,-1,-1
154298,1,0,1,20,15787,15765
154725,1,0,1,0,5584,5584
154897,1,0,1,148,5847,5777
154698,1,0,1,66,1230,1208
0,0,0,0,-1,-1,-1
153791,2,0,0,-1,-1,-1
0,0,0,0,-1,-1,-1
0,0,0,0,-1,-1,-1
154833,1,0,1,63,5511,5476
152931,1,0,1,63,3210,3195
153867,2,0,0,-1,-1,-1
153833,2,0,0,-1,-1,-1
154067,1,1,0,76,2682,2638
155030,2,0,0,-1,-1,-1
0,0,0,0,-1,-1,-1
0,0,0,0,-1,-1,-1
154242,1,1,1,196,3131,3060
153515,1,1,0,59,1289,1264
0,0,0,0,-1,-1,-1
154809,1,0,1,82,12015,11974
153810,2,0,0,-1,-1,-1
153058,1,0,1,114,6730,6664
153339,2,0,0,-1,-1,-1
151870,2,0,0,-1,-1,-1
154200,1,0,1,151,11896,11820
154958,1,1,0,48,6085,6058
0,0,0,0,-1,-1,-1
153948,2,0,0,-1,-1,-1
154908,1,0,1,63,2307,2292
155058,1,0,1,81,11591,11533
154747,1,1,0,0,12019,12019
154600,1,1,0,15,386,373
153772,2,0,0,-1,-1,-1
0,0,0,0,-1,-1,-1
154894,2,0,0,-1,-1,-1
155274,1,1,0,314,6348,6203
154903,1,0,1,84,4299,4254
154599,2,0,0,-1,-1,-1
152381,1,0,1,85,5261,5219
154765,2,0,0,-1,-1,-1
155221,1,0,1,0,561,561
154477,1,1,0,96,2610,2562
0,0,0,0,-1,-1,-1
154211,2,0,0,-1,-1,-1
0,0,0,0,-1,-1,-1
153334,2,0,0,-1,-1,-1
154534,1,0,1,62,3068,3032
153601,1,1,0,87,3023,2962
154275,2,0,0,-1,-1,-1
155267,1,0,1,100,1582,1550
0,0,0,0,-1,-1,-1
155061,1,0,1,70,2686,2664
0,0,0,0,-1,-1,-1
0,0,0,0,-1,-1,-1
154918,1,0,1,164,2391,2323
154658,1,1,0,146,3210,3155
155010,1,1,-1,311,3512,3351
154019,2,0,0,-1,-1,-1
154619,2,0,0,-1,-1,-1
0,0,0,0,-1,-1,-1
154048,2,0,0,-1,-1,-1
155043,2,0,0,-1,-1,-1
0,0,0,0,-1,-1,-1
0,0,0,0,-1,-1,-1
0,0,0,0,-1,-1,-1
0,0,0,0,-1,-1,-1
153947,2,0,0,-1,-1,-1
0,0,0,0,-1,-1,-1
152894,2,0,0,-1,-1,-1
0,0,0,0,-1,-1,-1
0,0,0,0,-1,-1,-1
154246,1,0,1,70,4982,4963
154857,2,0,0,-1,-1,-1
155349,1,1,0,189,4626,4545
154093,2,0,0,-1,-1,-1
154898,1,1,0,158,3769,3696
154983,1,1,0,176,3665,3599
154155,2,0,0,-1,-1,-1
154928,1,1,1,304,4238,4116
0,0,0,0,-1,-1,-1
0,0,0,0,-1,-1,-1
0,0,0,0,-1,-1,-1
152449,2,0,0,-1,-1,-1
154996,1,0,1,0,14308,14308
0,0,0,0,-1,-1,-1
0,0,0,0,-1,-1,-1
0,0,0,0,-1,-1,-1
152987,2,0,0,-1,-1,-1
154385,2,0,0,-1,-1,-1
153572,2,0,0,-1,-1,-1
155269,1,1,0,42,7657,7641
0,0,0,0,-1,-1,-1
154739,1,1,-1,252,5570,5465
0,0,0,0,-1,-1,-1
0,0,0,0,-1,-1,-1
0,0,0,0,-1,-1,-1
153694,1,1,0,88,7657,7599
0,0,0,0,-1,-1,-1
0,0,0,0,-1,-1,-1
153991,2,0,0,-1,-1,-1
155374,1,0,1,243,2272,2144
154872,1,1,0,120,2719,2664
154384,2,0,0,-1,-1,-1
151762,2,0,0,-1,-1,-1
154382,1,1,0,299,2656,2513
153602,1,1,0,125,2912,2806
154745,2,0,0,-1,-1,-1
155190,2,0,0,-1,-1,-1
0,0,0,0,-1,-1,-1
153965,2,0,0,-1,-1,-1
152137,2,0,0,-1,-1,-1
153488,2,0,0,-1,-1,-1
0,0,0,0,-1,-1,-1
0,0,0,0,-1,-1,-1
0,0,0,0,-1,-1,-1
0,0,0,0,-1,-1,-1
154336,2,0,0,-1,-1,-1
0,0,0,0,-1,-1,-1
0,0,0,0,-1,-1,-1
154031,1,0,1,6,14285,14278
155185,1,0,1,48,7669,7639
0,0,0,0,-1,-1,-1
153547,2,0,0,-1,-1,-1
154516,1,1,0,44,5118,5107
154256,1,0,1,21,2192,2188
154636,2,0,0,-1,-1,-1
154742,1,1,0,65,1550,1520
0,0,0,0,-1,-1,-1
154839,1,1,0,0,9967,9967
0,0,0,0,-1,-1,-1
0,0,0,0,-1,-1,-1
0,0,0,0,-1,-1,-1
153877,2,0,0,-1,-1,-1
0,0,0,0,-1,-1,-1
154932,1,1,-1,50,5718,5697
155209,1,1,1,113,3868,3780
0,0,0,0,-1,-1,-1
153722,1,1,0,104,6031,5986
0,0,0,0,-1,-1,-1
154811,2,0,0,-1,-1,-1
155029,1,0,1,72,1616,1587
154553,2,0,0,-1,-1,-1
153728,2,0,0,-1,-1,-1
154452,2,0,0,-1,-1,-1
153796,2,0,0,-1,-1,-1
155100,1,0,1,162,6059,5985
153532,2,0,0,-1,-1,-1
154800,1,0,1,179,5360,5281
154185,1,1,0,83,11531,11487
153446,2,0,0,-1,-1,-1
0,0,0,0,-1,-1,-1
153234,2,0,0,-1,-1,-1
0,0,0,0,-1,-1,-1
154947,2,0,0,-1,-1,-1
0,0,0,0,-1,-1,-1
0,0,0,0,-1,-1,-1
155332,1,0,1,0,21060,21060
0,0,0,0,-1,-1,-1
153844,1,0,1,0,930,930
154526,2,0,0,-1,-1,-1
154198,1,0,1,58,6442,6393
153986,1,1,0,117,4107,4058
154838,1,1,0,98,2342,2297
155329,1,0,1,27,8846,8828
0,0,0,0,-1,-1,-1
153647,2,0,0,-1,-1,-1
154277,1,1,1,292,7115,6965
154188,2,0,0,-1,-1,-1
152860,2,0,0,-1,-1,-1
153918,1,1,1,283,5170,5050
155343,1,1,0,97,9502,9461
0,0,0,0,-1,-1,-1
153760,1,0,1,89,2145,2090
155013,1,1,0,102,3317,3276
152853,2,0,0,-1,-1,-1
154716,2,0,0,-1,-1,-1
0,0,0,0,-1,-1,-1
151269,2,0,0,-1,-1,-1
154401,2,0,0,-1,-1,-1
0,0,0,0,-1,-1,-1
0,0,0,0,-1,-1,-1
0,0,0,0,-1,-1,-1
155052,1,1,-1,142,4293,4245
155094,1,1,0,124,2772,2715
154794,1,1,0,111,2811,2768
155165,1,1,0,155,10357,10266
154186,1,1,0,19,18673,18665
0,0,0,0,-1,-1,-1
0,0,0,0,-1,-1,-1
154413,1,1,0,61,7270,7237
0,0,0,0,-1,-1,-1
154819,1,0,1,207,3893,3790
154933,1,0,1,142,6363,6325
153837,1,1,0,129,4795,4741
153415,1,0,1,113,2599,2549
154156,1,1,0,114,4355,4290
152122,1,1,0,0,3310,3310
154354,2,0,0,-1,-1,-1
154078,2,0,0,-1,-1,-1
154605,1,1,0,162,2295,2214
154463,2,0,0,-1,-1,-1
153266,2,0,0,-1,-1,-1
154868,1,1,-1,114,6324,6250
154917,2,0,0,-1,-1,-1
153062,2,0,0,-1,-1,-1
154741,2,0,0,-1,-1,-1
0,0,0,0,-1,-1,-1
0,0,0,0,-1,-1,-1
0,0,0,0,-1,-1,-1
152898,1,1,0,27,6751,6739
154039,1,1,0,181,3120,3023
155023,1,1,0,249,4499,4375
0,0,0,0,-1,-1,-1
153770,2,0,0,-1,-1,-1
154797,1,0,1,149,7002,6941
154077,1,0,1,97,11380,11325
154926,1,0,1,90,2692,2637
155110,2,0,0,-1,-1,-1
154655,1,1,0,172,2306,2238
155016,1,0,1,133,4037,3976
153994,1,0,1,181,1805,1718
153318,1,0,1,79,2937,2910
152826,1,0,1,117,3126,3066
0,0,0,0,-1,-1,-1
0,0,0,0,-1,-1,-1
155323,1,0,1,0,18400,18400
0,0,0,0,-1,-1,-1
152579,2,0,0,-1,-1,-1
0,0,0,0,-1,-1,-1
153733,1,1,0,0,13498,13498
0,0,0,0,-1,-1,-1
153283,2,0,0,-1,-1,-1
153986,1,0,1,129,5066,5008
0,0,0,0,-1,-1,-1
154889,1,0,1,0,2097,2097
155272,1,0,1,260,3298,3196
152718,2,0,0,-1,-1,-1
0,0,0,0,-1,-1,-1
153476,2,0,0,-1,-1,-1
155062,2,0,0,-1,-1,-1
0,0,0,0,-1,-1,-1
155127,2,0,0,-1,-1,-1
153924,2,0,0,-1,-1,-1
155240,1,0,1,112,4686,4633
155157,1,0,1,189,1954,1869
0,0,0,0,-1,-1,-1
154744,1,1,0,74,2022,2000
155248,2,0,0,-1,-1,-1
154279,2,0,0,-1,-1,-1
155169,1,0,1,25,11050,11032
0,0,0,0,-1,-1,-1
154521,2,0,0,-1,-1,-1
0,0,0,0,-1,-1,-1
154920,1,1,-1,179,5342,5254
153783,2,0,0,-1,-1,-1
153259,2,0,0,-1,-1,-1
154160,2,0,0,-1,-1,-1
155285,1,1,0,0,4253,4253
154271,1,1,0,0,16192,16192
154917,2,0,0,-1,-1,-1
0,0,0,0,-1,-1,-1
155382,1,1,0,136,6716,6651
155064,1,1,0,130,3792,3748
154817,1,0,1,224,4178,4080
153789,2,0,0,-1,-1,-1
153432,1,0,1,31,2209,2198
154055,1,0,1,81,6702,6661
0,0,0,0,-1,-1,-1
0,0,0,0,-1,-1,-1
154159,1,1,0,0,2635,2635
0,0,0,0,-1,-1,-1
153246,2,0,0,-1,-1,-1
154662,2,0,0,-1,-1,-1
0,0,0,0,-1,-1,-1
0,0,0,0,-1,-1,-1
0,0,0,0,-1,-1,-1
152162,2,0,0,-1,-1,-1
154061,2,0,0,-1,-1,-1
154766,2,0,0,-1,-1,-1
155321,1,1,0,6,8734,8723
154034,2,0,0,-1,-1,-1
154967,2,0,0,-1,-1,-1
154873,2,0,0,-1,-1,-1
0,0,0,0,-1,-1,-1
154508,1,0,1,31,7142,7131
0,0,0,0,-1,-1,-1
153881,2,0,0,-1,-1,-1
0,0,0,0,-1,-1,-1
153092,1,0,1,174,1949,1892
0,0,0,0,-1,-1,-1
0,0,0,0,-1,-1,-1
154705,2,0,0,-1,-1,-1
0,0,0,0,-1,-1,-1
155335,1,1,0,65,2903,2875
0,0,0,0,-1,-1,-1
154463,2,0,0,-1,-1,-1
153655,2,0,0,-1,-1,-1
0,0,0,0,-1,-1,-1
0,0,0,0,-1,-1,-1
153713,1,0,1,10,5017,5015
151889,2,0,0,-1,-1,-1
154067,2,0,0,-1,-1,-1
154969,2,0,0,-1,-1,-1
154149,2,0,0,-1,-1,-1
0,0,0,0,-1,-1,-1
0,0,0,0,-1,-1,-1
153703,1,0,1,22,7155,7143
0,0,0,0,-1,-1,-1
154512,1,1,1,170,14429,14358
154314,2,0,0,-1,-1,-1
153695,1,0,1,187,7257,7162
152761,1,1,0,0,8424,8424
154065,1,1,0,54,6438,6395
154918,1,0,1,96,3586,3553
0,0,0,0,-1,-1,-1
0,0,0,0,-1,-1,-1
154240,1,1,0,141,4468,4396
154650,2,0,0,-1,-1,-1
154401,1,0,1,13,11301,11301
154741,1,1,0,110,12830,12766
154928,1,0,1,3,7049,7045
0,0,0,0,-1,-1,-1
153845,2,0,0,-1,-1,-1
0,0,0,0,-1,-1,-1
154621,2,0,0,-1,-1,-1
153588,1,1,0,97,6961,6912
155214,1,0,1,41,9741,9727
154978,1,0,1,0,2193,2193
0,0,0,0,-1,-1,-1
154247,2,0,0,-1,-1,-1
153058,2,0,0,-1,-1,-1
155036,1,1,0,102,7370,7322
0,0,0,0,-1,-1,-1
0,0,0,0,-1,-1,-1
0,0,0,0,-1,-1,-1
0,0,0,0,-1,-1,-1
0,0,0,0,-1,-1,-1
154161,1,1,0,105,2698,2646
154309,1,1,0,82,2743,2705
0,0,0,0,-1,-1,-1
154410,1,1,-1,47,12669,12642
154860,2,0,0,-1,-1,-1
153845,1,1,0,222,2107,2018
155212,1,1,0,123,9545,9480
155014,2,0,0,-1,-1,-1
155279,1,0,1,31,4879,4868
155384,1,0,1,135,6056,6016
154874,1,1,0,22,5185,5184
0,0,0,0,-1,-1,-1
155113,1,1,0,24,15877,15871
0,0,0,0,-1,-1,-1
153793,1,1,0,94,6887,6844
154064,2,0,0,-1,-1,-1
153803,2,0,0,-1,-1,-1
155234,1,0,1,56,4629,4599
154850,1,1,0,110,2733,2669
153661,2,0,0,-1,-1,-1
154189,2,0,0,-1,-1,-1
155099,2,0,0,-1,-1,-1
0,0,0,0,-1,-1,-1
0,0,0,0,-1,-1,-1
154300,1,0,1,77,9670,9630
155105,1,0,1,184,1653,1550
0,0,0,0,-1,-1,-1
153913,2,0,0,-1,-1,-1
155122,1,1,1,160,7100,7027
153838,2,0,0,-1,-1,-1
153581,2,0,0,-1,-1,-1
155278,1,1,0,146,4611,4562
0,0,0,0,-1,-1,-1
0,0,0,0,-1,-1,-1
154189,2,0,0,-1,-1,-1
0,0,0,0,-1,-1,-1
154441,1,1,0,4,4147,4143
152242,2,0,0,-1,-1,-1
154156,2,0,0,-1,-1,-1
0,0,0,0,-1,-1,-1
0,0,0,0,-1,-1,-1
0,0,0,0,-1,-1,-1
155217,2,0,0,-1,-1,-1
154204,2,0,0,-1,-1,-1
155027,1,1,0,95,2574,2531
155181,1,1,0,56,2184,2155
0,0,0,0,-1,-1,-1
153706,2,0,0,-1,-1,-1
154945,1,0,1,99,2186,2119
154947,1,0,1,90,4093,4068
152621,1,1,0,41,3986,3964
154464,1,1,0,88,3790,3759
155304,1,1,0,0,19519,19519
153420,1,1,0,112,20708,20663
0,0,0,0,-1,-1,-1
154716,1,0,1,0,4941,4941
153608,2,0,0,-1,-1,-1
0,0,0,0,-1,-1,-1
154836,1,0,1,43,4697,4691
0,0,0,0,-1,-1,-1
0,0,0,0,-1,-1,-1
0,0,0,0,-1,-1,-1
0,0,0,0,-1,-1,-1
153672,2,0,0,-1,-1,-1
0,0,0,0,-1,-1,-1
0,0,0,0,-1,-1,-1
153742,2,0,0,-1,-1,-1
0,0,0,0,-1,-1,-1
154448,2,0,0,-1,-1,-1
154049,2,0,0,-1,-1,-1
154011,1,0,1,36,357,339
154641,2,0,0,-1,-1,-1
153449,1,1,0,80,2323,2288
0,0,0,0,-1,-1,-1
154213,2,0,0,-1,-1,-1
155301,1,1,1,153,4933,4874
154082,1,0,1,100,2152,2107
0,0,0,0,-1,-1,-1
0,0,0,0,-1,-1,-1
153419,2,0,0,-1,-1,-1
154952,1,0,1,57,3697,3633
155213,1,1,0,74,11999,11954
155354,1,1,-1,161,2986,2910
154315,2,0,0,-1,-1,-1
154017,1,1,0,0,6780,6780
0,0,0,0,-1,-1,-1
0,0,0,0,-1,-1,-1
154627,1,1,0,180,3436,3348
155080,2,0,0,-1,-1,-1
154596,2,0,0,-1,-1,-1
154490,1,0,1,124,5762,5703
154195,2,0,0,-1,-1,-1
0,0,0,0,-1,-1,-1
154423,2,0,0,-1,-1,-1
0,0,0,0,-1,-1,-1
155355,1,0,1,0,15154,15154
153618,2,0,0,-1,-1,-1
154769,2,0,0,-1,-1,-1
153824,2,0,0,-1,-1,-1
154989,1,0,1,42,3262,3238
154983,2,0,0,-1,-1,-1
154444,2,0,0,-1,-1,-1
0,0,0,0,-1,-1,-1
154580,1,0,1,195,5603,5533
154669,1,1,0,125,3305,3268
154332,2,0,0,-1,-1,-1
154675,2,0,0,-1,-1,-1
155044,1,1,0,0,2588,2588
152577,1,0,1,44,5228,5193
0,0,0,0,-1,-1,-1
155224,1,1,0,0,16470,16470
0,0,0,0,-1,-1,-1
153498,1,0,1,72,3006,2949
154753,2,0,0,-1,-1,-1
155245,1,0,1,63,3779,3759
153302,2,0,0,-1,-1,-1
0,0,0,0,-1,-1,-1
154442,2,0,0,-1,-1,-1
0,0,0,0,-1,-1,-1
154096,1,1,0,228,2749,2675
154179,1,0,1,25,1824,1809
0,0,0,0,-1,-1,-1
0,0,0,0,-1,-1,-1
0,0,0,0,-1,-1,-1
154743,1,1,1,45,3054,3026
0,0,0,0,-1,-1,-1
154405,1,1,1,77,2617,2574
152944,1,0,1,217,2498,2403
154919,2,0,0,-1,-1,-1
154184,1,1,0,147,1601,1537
153706,2,0,0,-1,-1,-1
0,0,0,0,-1,-1,-1
154799,1,0,1,24,6569,6565
153906,2,0,0,-1,-1,-1
155007,1,1,0,0,4200,4200
153566,2,0,0,-1,-1,-1
154269,2,0,0,-1,-1,-1
154271,2,0,0,-1,-1,-1
0,0,0,0,-1,-1,-1
153134,1,1,0,135,4827,4779
154401,1,1,0,0,801,801
154601,1,1,0,50,7547,7518
154411,2,0,0,-1,-1,-1
0,0,0,0,-1,-1,-1
153465,1,1,0,159,3291,3223
0,0,0,0,-1,-1,-1
155206,2,0,0,-1,-1,-1
154717,2,0,0,-1,-1,-1
0,0,0,0,-1,-1,-1
155325,1,1,-1,60,2151,2114
154484,2,0,0,-1,-1,-1
154775,1,0,1,0,3201,3201
154904,1,1,0,76,827,799
0,0,0,0,-1,-1,-1
0,0,0,0,-1,-1,-1
154493,1,0,1,175,2621,2545
153745,2,0,0,-1,-1,-1
155049,2,0,0,-1,-1,-1
0,0,0,0,-1,-1,-1
0,0,0,0,-1,-1,-1
153072,2,0,0,-1,-1,-1
0,0,0,0,-1,-1,-1
0,0,0,0,-1,-1,-1
0,0,0,0,-1,-1,-1
152822,2,0,0,-1,-1,-1
155074,2,0,0,-1,-1,-1
0,0,0,0,-1,-1,-1
0,0,0,0,-1,-1,-1
153879,2,0,0,-1,-1,-1
154796,2,0,0,-1,-1,-1
154363,2,0,0,-1,-1,-1
154184,2,0,0,-1,-1,-1
0,0,0,0,-1,-1,-1
0,0,0,0,-1,-1,-1
154439,1,1,0,108,4438,4416
154197,2,0,0,-1,-1,-1
152271,2,0,0,-1,-1,-1
153401,1,0,1,127,4918,4871
154685,1,1,0,106,2376,2335
153196,1,1,0,72,2306,2270
154757,1,1,0,0,8361,8361
0,0,0,0,-1,-1,-1
153929,2,0,0,-1,-1,-1
155041,2,0,0,-1,-1,-1
154654,1,0,1,13,1962,1955
153222,2,0,0,-1,-1,-1
154498,2,0,0,-1,-1,-1
153124,2,0,0,-1,-1,-1
154282,1,0,1,0,750,750
154771,2,0,0,-1,-1,-1
155245,1,0,1,191,4374,4281
155239,2,0,0,-1,-1,-1
0,0,0,0,-1,-1,-1
154383,1,0,1,78,2912,2894
0,0,0,0,-1,-1,-1
151553,2,0,0,-1,-1,-1
153637,2,0,0,-1,-1,-1
154155,2,0,0,-1,-1,-1
155117,2,0,0,-1,-1,-1
154024,2,0,0,-1,-1,-1
0,0,0,0,-1,-1,-1
154486,1,1,0,149,3659,3586
0,0,0,0,-1,-1,-1
0,0,0,0,-1,-1,-1
153391,1,1,0,110,1758,1717
0,0,0,0,-1,-1,-1
155096,2,0,0,-1,-1,-1
153977,1,1,0,180,5930,5863
0,0,0,0,-1,-1,-1
0,0,0,0,-1,-1,-1
154207,2,0,0,-1,-1,-1
155330,1,0,1,80,2073,2010
155062,1,1,0,108,3296,3243
154660,2,0,0,-1,-1,-1
153581,2,0,0,-1,-1,-1
0,0,0,0,-1,-1,-1
155095,2,0,0,-1,-1,-1
153627,1,1,0,68,2187,2168
0,0,0,0,-1,-1,-1
154755,2,0,0,-1,-1,-1
154956,1,1,0,122,4363,4306
154968,1,1,1,68,21482,21443
153889,1,1,0,81,4018,3971
154378,1,0,1,34,3956,3940
154310,2,0,0,-1,-1,-1
154473,2,0,0,-1,-1,-1
154699,1,1,0,22,2163,2152
155135,2,0,0,-1,-1,-1
155306,1,1,0,55,4267,4237
152366,2,0,0,-1,-1,-1
154669,1,1,0,0,17420,17420
154972,1,1,1,94,5956,5891
154701,1,0,1,231,5097,4994
153768,2,0,0,-1,-1,-1
154450,2,0,0,-1,-1,-1
154771,2,0,0,-1,-1,-1
0,0,0,0,-1,-1,-1
154258,1,1,0,42,1943,1928
152622,1,0,1,51,4201,4171
154282,2,0,0,-1,-1,-1
153763,1,0,1,78,2502,2479
0,0,0,0,-1,-1,-1
154625,1,0,1,82,2155,2105
0,0,0,0,-1,-1,-1
153030,1,1,0,99,1805,1772
153794,2,0,0,-1,-1,-1
154708,2,0,0,-1,-1,-1
155188,1,1,0,80,4790,4756
0,0,0,0,-1,-1,-1
0,0,0,0,-1,-1,-1
0,0,0,0,-1,-1,-1
154034,2,0,0,-1,-1,-1
154626,1,1,1,244,4311,4201
155170,2,0,0,-1,-1,-1
0,0,0,0,-1,-1,-1
155368,1,1,0,0,1838,1838
0,0,0,0,-1,-1,-1
154513,2,0,0,-1,-1,-1
0,0,0,0,-1,-1,-1
0,0,0,0,-1,-1,-1
154647,1,1,0,97,3308,3264
154820,2,0,0,-1,-1,-1
153248,1,1,0,221,3473,3354
154775,2,0,0,-1,-1,-1
152969,1,1,0,0,2267,2267
0,0,0,0,-1,-1,-1
153786,2,0,0,-1,-1,-1
0,0,0,0,-1,-1,-1
154950,1,0,1,83,4995,4942
0,0,0,0,-1,-1,-1
0,0,0,0,-1,-1,-1
155331,1,1,1,125,3978,3922
154145,1,0,1,41,4717,4698
0,0,0,0,-1,-1,-1
0,0,0,0,-1,-1,-1
153666,2,0,0,-1,-1,-1
155251,2,0,0,-1,-1,-1
154732,2,0,0,-1,-1,-1
0,0,0,0,-1,-1,-1
155351,1,0,1,110,6135,6081
0,0,0,0,-1,-1,-1
0,0,0,0,-1,-1,-1
155075,1,1,0,116,9661,9595
0,0,0,0,-1,-1,-1
154214,1,1,0,145,2644,2589
155362,1,1,0,131,2198,2104
154627,1,0,1,99,8163,8119
153119,2,0,0,-1,-1,-1
153978,2,0,0,-1,-1,-1
154182,2,0,0,-1,-1,-1
0,0,0,0,-1,-1,-1
154170,2,0,0,-1,-1,-1
0,0,0,0,-1,-1,-1
0,0,0,0,-1,-1,-1
0,0,0,0,-1,-1,-1
153756,2,0,0,-1,-1,-1
154271,1,0,1,31,4199,4184
153322,2,0,0,-1,-1,-1
0,0,0,0,-1,-1,-1
154260,2,0,0,-1,-1,-1
153342,2,0,0,-1,-1,-1
153933,2,0,0,-1,-1,-1
0,0,0,0,-1,-1,-1
154878,1,0,1,100,2391,2340
154872,2,0,0,-1,-1,-1
154382,1,1,0,0,5373,5373
154838,1,1,0,199,2614,2533
155018,1,0,1,167,1763,1683
155197,1,0,1,0,3632,3632
154564,1,0,1,119,3638,3591
153603,2,0,0,-1,-1,-1
0,0,0,0,-1,-1,-1
153990,2,0,0,-1,-1,-1
155317,1,1,1,207,8163,8092
155090,1,1,0,214,2697,2609
154386,2,0,0,-1,-1,-1
0,0,0,0,-1,-1,-1
0,0,0,0,-1,-1,-1
155148,1,1,0,54,3131,3104
152889,1,0,1,0,8149,8149
154634,1,0,1,90,2545,2501
153215,2,0,0,-1,-1,-1
0,0,0,0,-1,-1,-1
153011,2,0,0,-1,-1,-1
154934,1,0,1,103,4469,4409
0,0,0,0,-1,-1,-1
154205,2,0,0,-1,-1,-1
154923,1,0,1,109,3369,3321
155284,2,0,0,-1,-1,-1
153383,1,1,0,141,8291,8240
0,0,0,0,-1,-1,-1
155224,2,0,0,-1,-1,-1
0,0,0,0,-1,-1,-1
0,0,0,0,-1,-1,-1
0,0,0,0,-1,-1,-1
0,0,0,0,-1,-1,-1
154343,2,0,0,-1,-1,-1
0,0,0,0,-1,-1,-1
0,0,0,0,-1,-1,-1
154247,1,1,1,204,3416,3335
153868,2,0,0,-1,-1,-1
0,0,0,0,-1,-1,-1
155362,1,1,0,5,7229,7225
155097,2,0,0,-1,-1,-1
0,0,0,0,-1,-1,-1
153964,1,1,1,32,22965,22961
0,0,0,0,-1,-1,-1
154943,1,0,1,138,2600,2515
154958,1,1,1,172,2294,2201
0,0,0,0,-1,-1,-1
0,0,0,0,-1,-1,-1
154933,1,1,0,0,5966,5966
0,0,0,0,-1,-1,-1
154553,1,1,0,198,2614,2495
154767,2,0,0,-1,-1,-1
155045,2,0,0,-1,-1,-1
0,0,0,0,-1,-1,-1
152513,1,1,0,159,9384,9314
153198,1,0,1,134,976,926
0,0,0,0,-1,-1,-1
154834,1,1,-1,222,9578,9481
0,0,0,0,-1,-1,-1
0,0,0,0,-1,-1,-1
0,0,0,0,-1,-1,-1
153285,1,1,0,226,2550,2459
0,0,0,0,-1,-1,-1
0,0,0,0,-1,-1,-1
0,0,0,0,-1,-1,-1
153474,2,0,0,-1,-1,-1
0,0,0,0,-1,-1,-1
154114,1,0,1,92,2800,2764
0,0,0,0,-1,-1,-1
154735,1,1,-1,142,2772,2709
154885,2,0,0,-1,-1,-1
153872,1,1,0,63,795,772
154755,2,0,0,-1,-1,-1
154132,2,0,0,-1,-1,-1
152689,2,0,0,-1,-1,-1
154536,1,0,1,215,6649,6558
154119,1,1,0,31,8650,8640
154738,2,0,0,-1,-1,-1
0,0,0,0,-1,-1,-1
154989,2,0,0,-1,-1,-1
155113,2,0,0,-1,-1,-1
0,0,0,0,-1,-1,-1
153362,1,0,1,0,12446,12446
0,0,0,0,-1,-1,-1
153120,1,0,1,32,1064,1043
0,0,0,0,-1,-1,-1
0,0,0,0,-1,-1,-1
0,0,0,0,-1,-1,-1
154881,1,1,0,39,887,869
152951,2,0,0,-1,-1,-1
154459,2,0,0,-1,-1,-1
0,0,0,0,-1,-1,-1
154578,2,0,0,-1,-1,-1
154548,2,0,0,-1,-1,-1
155127,2,0,0,-1,-1,-1
155199,2,0,0,-1,-1,-1
155262,1,0,1,199,4581,4487
154218,2,0,0,-1,-1,-1
154539,2,0,0,-1,-1,-1
154478,2,0,0,-1,-1,-1
154546,1,1,0,33,2200,2184
154318,2,0,0,-1,-1,-1
154915,2,0,0,-1,-1,-1
155126,2,0,0,-1,-1,-1
154394,2,0,0,-1,-1,-1
154877,1,1,0,71,1650,1633
154924,1,1,0,51,11709,11676
154697,2,0,0,-1,-1,-1
0,0,0,0,-1,-1,-1
154201,1,1,0,117,2571,2521
154817,1,1,-1,208,3741,3642
0,0,0,0,-1,-1,-1
154952,2,0,0,-1,-1,-1
153639,2,0,0,-1,-1,-1
153875,1,1,0,87,4981,4945
154166,1,1,0,141,5172,5118
153709,1,1,0,146,2363,2308
155336,1,1,0,108,1160,1116
154455,2,0,0,-1,-1,-1
153893,2,0,0,-1,-1,-1
0,0,0,0,-1,-1,-1
154391,1,1,0,81,16664,16620
153273,2,0,0,-1,-1,-1
154877,1,1,0,187,11664,11571
154337,2,0,0,-1,-1,-1
0,0,0,0,-1,-1,-1
0,0,0,0,-1,-1,-1
154475,2,0,0,-1,-1,-1
0,0,0,0,-1,-1,-1
155182,1,1,0,262,3350,3253
153214,1,1,0,124,2523,2470
0,0,0,0,-1,-1,-1
154835,1,1,-1,67,8147,8110
155373,1,1,0,205,3380,3293
154860,1,0,1,26,487,472
0,0,0,0,-1,-1,-1
0,0,0,0,-1,-1,-1
0,0,0,0,-1,-1,-1
0,0,0,0,-1,-1,-1
154770,2,0,0,-1,-1,-1
155203,1,0,1,71,2747,2724
154347,2,0,0,-1,-1,-1
0,0,0,0,-1,-1,-1
155325,1,0,1,42,6352,6333
0,0,0,0,-1,-1,-1
154146,2,0,0,-1,-1,-1
0,0,0,0,-1,-1,-1
154577,1,1,0,77,4021,3997
152803,2,0,0,-1,-1,-1
153839,2,0,0,-1,-1,-1
0,0,0,0,-1,-1,-1
153745,2,0,0,-1,-1,-1
0,0,0,0,-1,-1,-1
154507,2,0,0,-1,-1,-1
0,0,0,0,-1,-1,-1
152754,1,1,0,21,7489,7479
0,0,0,0,-1,-1,-1
0,0,0,0,-1,-1,-1
0,0,0,0,-1,-1,-1
153947,2,0,0,-1,-1,-1
0,0,0,0,-1,-1,-1
155010,1,1,0,27,4361,4346
154654,1,1,-1,216,3924,3815
155300,1,0,1,7,1923,1919
154103,1,0,1,84,1454,1428
0,0,0,0,-1,-1,-1
0,0,0,0,-1,-1,-1
0,0,0,0,-1,-1,-1
154490,2,0,0,-1,-1,-1
154777,1,1,0,230,2978,2875
154688,1,0,1,49,6579,6552
154628,2,0,0,-1,-1,-1
153675,1,1,0,77,4906,4881
0,0,0,0,-1,-1,-1
153835,1,1,0,57,6963,6932
155348,1,1,0,63,1743,1713
155083,2,0,0,-1,-1,-1
153945,1,0,1,116,4627,4577
154905,1,1,0,93,5520,5487
0,0,0,0,-1,-1,-1
154353,1,1,0,57,1906,1892
0,0,0,0,-1,-1,-1
155261,2,0,0,-1,-1,-1
153840,2,0,0,-1,-1,-1
153082,2,0,0,-1,-1,-1
155175,1,0,1,17,4125,4122
154677,2,0,0,-1,-1,-1
154868,1,1,0,49,1699,1678
0,0,0,0,-1,-1,-1
0,0,0,0,-1,-1,-1
0,0,0,0,-1,-1,-1
153738,1,0,1,0,0,0
0,0,0,0,-1,-1,-1
154621,2,0,0,-1,-1,-1
154035,2,0,0,-1,-1,-1
153775,2,0,0,-1,-1,-1
155247,1,1,0,69,2570,2534
154202,2,0,0,-1,-1,-1
155340,1,0,1,0,42706,42706
153835,1,0,1,48,6203,6192
0,0,0,0,-1,-1,-1
153854,1,0,1,149,3655,3598
154427,2,0,0,-1,-1,-1
0,0,0,0,-1,-1,-1
154859,1,1,0,223,3396,3290
155205,1,0,1,33,5685,5669
153822,1,1,0,127,2888,2828
0,0,0,0,-1,-1,-1
154013,1,0,1,327,3839,3669
153869,2,0,0,-1,-1,-1
153279,2,0,0,-1,-1,-1
0,0,0,0,-1,-1,-1
0,0,0,0,-1,-1,-1
155210,1,1,0,115,3910,3836
155352,1,0,1,225,7431,7333
155151,1,0,1,60,4847,4812
155347,1,1,0,140,766,695
154946,1,0,1,143,1097,1008
154297,2,0,0,-1,-1,-1
154726,1,0,1,76,2113,2079
154936,2,0,0,-1,-1,-1
153242,2,0,0,-1,-1,-1
155303,1,1,0,0,7758,7758
154229,2,0,0,-1,-1,-1
154915,1,1,0,197,4782,4704
152859,2,0,0,-1,-1,-1
152675,2,0,0,-1,-1,-1
153835,2,0,0,-1,-1,-1
154828,1,0,1,125,4062,4013
155190,1,1,0,72,3536,3511
154706,2,0,0,-1,-1,-1
154275,2,0,0,-1,-1,-1
0,0,0,0,-1,-1,-1
154470,2,0,0,-1,-1,-1
154645,1,0,1,167,4198,4105
154398,1,0,1,263,2159,1997
155089,1,0,1,48,2113,2098
155307,1,1,-1,130,4868,4830
0,0,0,0,-1,-1,-1
154522,2,0,0,-1,-1,-1
154629,1,0,1,215,2175,2092
154830,1,1,0,51,960,946
154740,1,0,1,114,6822,6772
0,0,0,0,-1,-1,-1
154374,2,0,0,-1,-1,-1
154379,2,0,0,-1,-1,-1
154215,1,0,1,0,1184,1184
153399,1,1,0,77,5890,5861
0,0,0,0,-1,-1,-1
152997,1,0,1,0,1568,1568
154522,2,0,0,-1,-1,-1
153532,2,0,0,-1,-1,-1
155066,1,1,-1,197,5081,4996
154001,1,1,0,107,1693,1645
0,0,0,0,-1,-1,-1
0,0,0,0,-1,-1,-1
155095,1,1,0,136,3669,3602
152334,2,0,0,-1,-1,-1
153682,2,0,0,-1,-1,-1
152944,2,0,0,-1,-1,-1
155216,1,1,0,0,4842,4842
154653,2,0,0,-1,-1,-1
152622,2,0,0,-1,-1,-1
153983,1,0,1,95,1889,1823
0,0,0,0,-1,-1,-1
0,0,0,0,-1,-1,-1
0,0,0,0,-1,-1,-1
154436,1,0,1,124,1674,1626
155250,1,1,0,156,8926,8847
154637,1,1,0,0,2136,2136
155175,1,0,1,35,2894,2879
0,0,0,0,-1,-1,-1
154643,1,0,1,216,2379,2260
155330,1,0,1,143,1255,1181
155214,1,0,1,87,2613,2550
154126,1,0,1,30,1860,1853
154794,1,1,0,114,2218,2160
154352,1,1,0,121,9933,9872
0,0,0,0,-1,-1,-1
154351,2,0,0,-1,-1,-1
0,0,0,0,-1,-1,-1
155297,1,1,1,105,5877,5830
0,0,0,0,-1,-1,-1
0,0,0,0,-1,-1,-1
153767,1,1,-1,166,4266,4198
154196,1,1,0,43,4089,4064
0,0,0,0,-1,-1,-1
154610,1,1,-1,154,7154,7087
154315,1,0,1,114,4724,4683
154524,1,0,1,0,2854,2854
0,0,0,0,-1,-1,-1
154685,1,1,0,25,9124,9118
153747,2,0,0,-1,-1,-1
0,0,0,0,-1,-1,-1
154428,2,0,0,-1,-1,-1
154173,2,0,0,-1,-1,-1
153538,1,0,1,19,12092,12080
154775,1,1,0,125,2366,2286
154610,1,0,1,185,2059,1985
153760,2,0,0,-1,-1,-1
155073,2,0,0,-1,-1,-1
0,0,0,0,-1,-1,-1
152916,1,1,0,163,1900,1843
0,0,0,0,-1,-1,-1
0,0,0,0,-1,-1,-1
0,0,0,0,-1,-1,-1
0,0,0,0,-1,-1,-1
153999,2,0,0,-1,-1,-1
155350,1,1,1,178,9247,9170
154620,1,0,1,192,3327,3228
0,0,0,0,-1,-1,-1
152373,2,0,0,-1,-1,-1
151801,2,0,0,-1,-1,-1
0,0,0,0,-1,-1,-1
153624,1,1,0,51,2002,1977
153011,1,1,0,128,3123,3050
154646,1,1,-1,142,5210,5160
0,0,0,0,-1,-1,-1
0,0,0,0,-1,-1,-1
155033,1,0,1,0,16917,16917
155303,1,1,0,208,4984,4894
0,0,0,0,-1,-1,-1
153505,2,0,0,-1,-1,-1
0,0,0,0,-1,-1,-1
154070,2,0,0,-1,-1,-1
153871,2,0,0,-1,-1,-1
0,0,0,0,-1,-1,-1
0,0,0,0,-1,-1,-1
0,0,0,0,-1,-1,-1
154465,2,0,0,-1,-1,-1
154350,1,1,0,63,3858,3839
0,0,0,0,-1,-1,-1
154659,2,0,0,-1,-1,-1
154678,2,0,0,-1,-1,-1
155243,1,1,0,126,4150,4105
154164,2,0,0,-1,-1,-1
154409,2,0,0,-1,-1,-1
154655,1,0,1,115,4355,4305
0,0,0,0,-1,-1,-1
155101,2,0,0,-1,-1,-1
154749,2,0,0,-1,-1,-1
0,0,0,0,-1,-1,-1
0,0,0,0,-1,-1,-1
154672,2,0,0,-1,-1,-1
154687,1,0,1,32,5897,5885
154498,1,1,0,153,2061,1986
0,0,0,0,-1,-1,-1
0,0,0,0,-1,-1,-1
155275,1,0,1,159,1511,1432
154868,1,1,0,22,1151,1129
155108,1,0,1,0,4671,4671
154333,1,1,0,135,2723,2668
155336,1,0,1,136,1805,1737
0,0,0,0,-1,-1,-1
154213,1,1,0,261,5807,5717
155380,1,0,1,137,2421,2366
153639,2,0,0,-1,-1,-1
0,0,0,0,-1,-1,-1
0,0,0,0,-1,-1,-1
153249,2,0,0,-1,-1,-1
155098,1,0,1,21,3398,3386
154833,2,0,0,-1,-1,-1
0,0,0,0,-1,-1,-1
154472,1,1,0,121,2520,2452
0,0,0,0,-1,-1,-1
155069,2,0,0,-1,-1,-1
154833,1,0,1,46,7194,7175
154426,1,1,0,88,3705,3660
153850,2,0,0,-1,-1,-1
154135,2,0,0,-1,-1,-1
153908,2,0,0,-1,-1,-1
152561,1,1,0,152,9761,9684
155226,1,1,-1,62,5108,5079
0,0,0,0,-1,-1,-1
0,0,0,0,-1,-1,-1
155242,1,1,0,139,1577,1524
153868,2,0,0,-1,-1,-1
0,0,0,0,-1,-1,-1
0,0,0,0,-1,-1,-1
154885,2,0,0,-1,-1,-1
154267,2,0,0,-1,-1,-1
153842,2,0,0,-1,-1,-1
0,0,0,0,-1,-1,-1
154556,1,1,0,161,1508,1446
155063,1,1,0,0,18876,18876
155079,2,0,0,-1,-1,-1
0,0,0,0,-1,-1,-1
154942,2,0,0,-1,-1,-1
155223,1,1,0,207,2908,2804
0,0,0,0,-1,-1,-1
154840,2,0,0,-1,-1,-1
0,0,0,0,-1,-1,-1
153157,2,0,0,-1,-1,-1
155315,1,1,0,164,2238,2162
0,0,0,0,-1,-1,-1
155178,2,0,0,-1,-1,-1
154502,2,0,0,-1,-1,-1
0,0,0,0,-1,-1,-1
0,0,0,0,-1,-1,-1
155126,1,0,1,147,6475,6412
154829,1,1,0,0,6229,6229
0,0,0,0,-1,-1,-1
154420,2,0,0,-1,-1,-1
0,0,0,0,-1,-1,-1
0,0,0,0,-1,-1,-1
153064,1,1,-1,138,4319,4251
153547,2,0,0,-1,-1,-1
0,0,0,0,-1,-1,-1
154094,2,0,0,-1,-1,-1
152950,2,0,0,-1,-1,-1
153601,2,0,0,-1,-1,-1
154558,1,1,0,116,4002,3958
154505,1,0,1,73,3507,3482
0,0,0,0,-1,-1,-1
154885,1,0,1,22,12368,12361
0,0,0,0,-1,-1,-1
0,0,0,0,-1,-1,-1
154262,2,0,0,-1,-1,-1
0,0,0,0,-1,-1,-1
153633,2,0,0,-1,-1,-1
153975,1,0,1,19,2601,2588
0,0,0,0,-1,-1,-1
155236,1,0,1,23,5205,5187
155343,1,0,1,189,3424,3353
0,0,0,0,-1,-1,-1
153749,1,1,0,95,3306,3257
0,0,0,0,-1,-1,-1
0,0,0,0,-1,-1,-1
0,0,0,0,-1,-1,-1
154925,1,0,1,213,2637,2556
0,0,0,0,-1,-1,-1
154699,2,0,0,-1,-1,-1
154228,1,0,1,101,24038,23989
0,0,0,0,-1,-1,-1
0,0,0,0,-1,-1,-1
0,0,0,0,-1,-1,-1
154924,2,0,0,-1,-1,-1
153541,2,0,0,-1,-1,-1
155337,2,0,0,-1,-1,-1
155233,1,0,1,56,9332,9300
154486,2,0,0,-1,-1,-1
154468,1,1,0,99,4410,4351
154560,2,0,0,-1,-1,-1
0,0,0,0,-1,-1,-1
154248,2,0,0,-1,-1,-1
0,0,0,0,-1,-1,-1
154599,1,1,0,164,1732,1663
153608,1,0,1,123,3592,3547
153153,1,0,1,42,5707,5675
0,0,0,0,-1,-1,-1
154491,1,0,1,152,1386,1325
153962,1,0,1,126,9823,9767
0,0,0,0,-1,-1,-1
155327,1,1,1,113,5810,5734
154344,2,0,0,-1,-1,-1
155229,1,0,1,37,2187,2162
0,0,0,0,-1,-1,-1
0,0,0,0,-1,-1,-1
153212,1,0,1,141,2210,2135
0,0,0,0,-1,-1,-1
155242,1,1,-1,162,9651,9555
153769,2,0,0,-1,-1,-1
154848,2,0,0,-1,-1,-1
151046,1,0,1,33,3932,3915
154804,1,1,0,83,4294,4250
154577,2,0,0,-1,-1,-1
155219,1,1,0,103,6444,6398
0,0,0,0,-1,-1,-1
0,0,0,0,-1,-1,-1
154227,2,0,0,-1,-1,-1
154267,2,0,0,-1,-1,-1
154992,1,1,-1,204,2601,2517
154231,2,0,0,-1,-1,-1
154625,2,0,0,-1,-1,-1
155309,1,1,0,221,4732,4608
0,0,0,0,-1,-1,-1
155341,1,1,0,189,4045,3967
154411,2,0,0,-1,-1,-1
154127,2,0,0,-1,-1,-1
153728,1,1,-1,118,4082,4023
0,0,0,0,-1,-1,-1
153711,2,0,0,-1,-1,-1
155170,2,0,0,-1,-1,-1
153542,2,0,0,-1,-1,-1
0,0,0,0,-1,-1,-1
0,0,0,0,-1,-1,-1
154878,1,1,1,303,5973,5861
0,0,0,0,-1,-1,-1
0,0,0,0,-1,-1,-1
0,0,0,0,-1,-1,-1
0,0,0,0,-1,-1,-1
0,0,0,0,-1,-1,-1
0,0,0,0,-1,-1,-1
154212,1,1,0,144,1940,1881
153554,2,0,0,-1,-1,-1
154995,1,1,0,245,3020,2897
154336,1,0,1,131,2239,2196
0,0,0,0,-1,-1,-1
152417,2,0,0,-1,-1,-1
0,0,0,0,-1,-1,-1
155291,1,0,1,366,7739,7531
0,0,0,0,-1,-1,-1
154955,1,0,1,133,2646,2597
153639,2,0,0,-1,-1,-1
152079,2,0,0,-1,-1,-1
154366,1,0,1,143,5220,5161
153971,1,0,1,16,14089,14082
155206,1,0,1,246,6469,6354
0,0,0,0,-1,-1,-1
155235,1,0,1,167,10471,10403
0,0,0,0,-1,-1,-1
154746,2,0,0,-1,-1,-1
155127,2,0,0,-1,-1,-1
155053,2,0,0,-1,-1,-1
0,0,0,0,-1,-1,-1
0,0,0,0,-1,-1,-1
154705,2,0,0,-1,-1,-1
153782,2,0,0,-1,-1,-1
155327,1,0,1,98,2722,2672
0,0,0,0,-1,-1,-1
154355,2,0,0,-1,-1,-1
154200,2,0,0,-1,-1,-1
0,0,0,0,-1,-1,-1
0,0,0,0,-1,-1,-1
154490,2,0,0,-1,-1,-1
155051,1,1,0,85,802,771
0,0,0,0,-1,-1,-1
153096,1,0,1,76,4065,4013
0,0,0,0,-1,-1,-1
155330,1,1,0,49,2439,2409
155293,1,0,1,163,1781,1723
0,0,0,0,-1,-1,-1
154086,1,0,1,120,1610,1543
153446,2,0,0,-1,-1,-1
153002,2,0,0,-1,-1,-1
154909,2,0,0,-1,-1,-1
155103,2,0,0,-1,-1,-1
153711,1,1,0,316,5916,5764
154962,1,1,1,132,3607,3549
0,0,0,0,-1,-1,-1
155196,1,1,0,81,4814,4773
153135,2,0,0,-1,-1,-1
152185,2,0,0,-1,-1,-1
154400,2,0,0,-1,-1,-1
154025,2,0,0,-1,-1,-1
155012,1,1,1,285,2849,2705
155278,1,1,0,39,7279,7253
154837,1,1,0,46,6951,6932
153635,2,0,0,-1,-1,-1
154930,1,0,1,130,6218,6176
154531,1,1,0,88,18710,18652
154528,1,1,0,83,3501,3459
154569,1,0,1,155,3666,3597
155268,1,1,0,102,7738,7703
0,0,0,0,-1,-1,-1
154149,2,0,0,-1,-1,-1
155342,1,1,0,22,1908,1902
154776,1,0,1,110,8092,8046
154334,2,0,0,-1,-1,-1
154849,1,1,-1,113,3610,3561
0,0,0,0,-1,-1,-1
0,0,0,0,-1,-1,-1
153950,1,0,1,176,4027,3952
155347,1,0,1,65,4537,4504
153739,1,0,1,108,3807,3770
0,0,0,0,-1,-1,-1
154894,2,0,0,-1,-1,-1
154946,1,1,1,128,3368,3317
0,0,0,0,-1,-1,-1
154650,2,0,0,-1,-1,-1
155323,1,0,1,164,5082,4982
0,0,0,0,-1,-1,-1
0,0,0,0,-1,-1,-1
154021,1,0,1,41,4832,4813
0,0,0,0,-1,-1,-1
155260,1,0,1,89,11964,11946
154026,2,0,0,-1,-1,-1
0,0,0,0,-1,-1,-1
0,0,0,0,-1,-1,-1
153903,1,0,1,67,1505,1491
154423,2,0,0,-1,-1,-1
0,0,0,0,-1,-1,-1
154973,2,0,0,-1,-1,-1
0,0,0,0,-1,-1,-1
0,0,0,0,-1,-1,-1
0,0,0,0,-1,-1,-1
154909,2,0,0,-1,-1,-1
153721,2,0,0,-1,-1,-1
0,0,0,0,-1,-1,-1
0,0,0,0,-1,-1,-1
0,0,0,0,-1,-1,-1
153899,2,0,0,-1,-1,-1
0,0,0,0,-1,-1,-1
155009,1,1,0,18,1875,1871
0,0,0,0,-1,-1,-1
155013,1,1,1,124,8891,8844
155326,1,1,-1,149,4271,4205
154070,2,0,0,-1,-1,-1
154529,2,0,0,-1,-1,-1
154286,2,0,0,-1,-1,-1
154655,2,0,0,-1,-1,-1
154821,1,1,0,66,7555,7529
0,0,0,0,-1,-1,-1
0,0,0,0,-1,-1,-1
154761,1,0,1,60,6678,6655
154240,1,0,1,26,2562,2554
155007,1,1,0,69,9801,9750
155118,1,0,1,110,2037,1999
154047,2,0,0,-1,-1,-1
0,0,0,0,-1,-1,-1
154822,1,1,-1,50,7810,7781
0,0,0,0,-1,-1,-1
0,0,0,0,-1,-1,-1
0,0,0,0,-1,-1,-1
0,0,0,0,-1,-1,-1
154995,2,0,0,-1,-1,-1
153778,2,0,0,-1,-1,-1
154993,2,0,0,-1,-1,-1
0,0,0,0,-1,-1,-1
154284,1,1,0,62,5744,5724
0,0,0,0,-1,-1,-1
0,0,0,0,-1,-1,-1
0,0,0,0,-1,-1,-1
154929,2,0,0,-1,-1,-1
0,0,0,0,-1,-1,-1
154433,2,0,0,-1,-1,-1
154680,2,0,0,-1,-1,-1
153790,1,0,1,189,2484,2381
154110,2,0,0,-1,-1,-1
155359,1,1,0,88,2649,2601
154063,2,0,0,-1,-1,-1
155326,1,1,1,261,4799,4699
0,0,0,0,-1,-1,-1
154022,1,0,1,58,6455,6419
154788,1,0,1,153,3764,3683
155157,1,1,-1,158,4737,4676
154763,1,1,0,21,3164,3160
154322,2,0,0,-1,-1,-1
0,0,0,0,-1,-1,-1
153629,2,0,0,-1,-1,-1
154701,2,0,0,-1,-1,-1
154784,2,0,0,-1,-1,-1
0,0,0,0,-1,-1,-1
0,0,0,0,-1,-1,-1
0,0,0,0,-1,-1,-1
154111,1,0,1,120,1257,1193
154757,2,0,0,-1,-1,-1
155180,1,0,1,27,1684,1675
153878,2,0,0,-1,-1,-1
0,0,0,0,-1,-1,-1
0,0,0,0,-1,-1,-1
154358,2,0,0,-1,-1,-1
0,0,0,0,-1,-1,-1
154928,1,0,1,25,5734,5719
0,0,0,0,-1,-1,-1
152915,2,0,0,-1,-1,-1
0,0,0,0,-1,-1,-1
154757,2,0,0,-1,-1,-1
154801,2,0,0,-1,-1,-1
0,0,0,0,-1,-1,-1
0,0,0,0,-1,-1,-1
155144,1,1,1,65,8912,8869
0,0,0,0,-1,-1,-1
0,0,0,0,-1,-1,-1
0,0,0,0,-1,-1,-1
154701,1,1,0,85,2075,2039
155256,1,1,1,166,13555,13473
155070,1,1,0,47,9582,9562
154313,1,0,1,6,7080,7076
155302,1,1,-1,103,11291,11237
0,0,0,0,-1,-1,-1
0,0,0,0,-1,-1,-1
153896,1,1,0,84,3828,3784
154931,2,0,0,-1,-1,-1
154447,2,0,0,-1,-1,-1
155294,1,1,0,130,3818,3739
155331,1,0,1,17,23672,23663
155169,1,0,1,127,2715,2672
155135,2,0,0,-1,-1,-1
0,0,0,0,-1,-1,-1
154762,2,0,0,-1,-1,-1
155107,1,0,1,187,1489,1388
154353,2,0,0,-1,-1,-1
153915,2,0,0,-1,-1,-1
155369,1,0,1,105,4400,4345
154939,1,0,1,266,8713,8578
154456,1,1,0,118,2438,2378
155317,1,0,1,103,5335,5274
153875,1,0,1,96,4782,4753
154966,2,0,0,-1,-1,-1
0,0,0,0,-1,-1,-1
0,0,0,0,-1,-1,-1
154072,1,0,1,0,14448,14448
154371,1,1,0,0,5437,5437
0,0,0,0,-1,-1,-1
154111,2,0,0,-1,-1,-1
153716,2,0,0,-1,-1,-1
155331,1,1,0,210,4505,4384
155159,1,1,-1,60,4840,4817
0,0,0,0,-1,-1,-1
0,0,0,0,-1,-1,-1
155316,1,1,0,56,2986,2964
0,0,0,0,-1,-1,-1
154650,2,0,0,-1,-1,-1
0,0,0,0,-1,-1,-1
153844,2,0,0,-1,-1,-1
155109,1,0,1,26,8248,8240
153795,2,0,0,-1,-1,-1
153933,2,0,0,-1,-1,-1
154917,1,0,1,88,5661,5617
0,0,0,0,-1,-1,-1
155239,1,1,0,191,3571,3475
153392,2,0,0,-1,-1,-1
0,0,0,0,-1,-1,-1
154257,1,0,1,80,2481,2452
0,0,0,0,-1,-1,-1
0,0,0,0,-1,-1,-1
153532,1,1,0,300,5621,5515
0,0,0,0,-1,-1,-1
154935,1,1,0,61,4485,4465
0,0,0,0,-1,-1,-1
0,0,0,0,-1,-1,-1
0,0,0,0,-1,-1,-1
154018,2,0,0,-1,-1,-1
0,0,0,0,-1,-1,-1
0,0,0,0,-1,-1,-1
153833,2,0,0,-1,-1,-1
155186,1,0,1,22,4054,4038
154728,1,1,0,88,7992,7943
154641,1,1,0,52,5597,5561
154547,2,0,0,-1,-1,-1
155063,1,0,1,139,1945,1875
154113,1,0,1,37,9367,9343
154556,2,0,0,-1,-1,-1
155372,1,1,0,47,2741,2721
0,0,0,0,-1,-1,-1
154600,1,0,1,49,3954,3920
154655,2,0,0,-1,-1,-1
0,0,0,0,-1,-1,-1
154935,2,0,0,-1,-1,-1
0,0,0,0,-1,-1,-1
0,0,0,0,-1,-1,-1
154470,2,0,0,-1,-1,-1
153672,2,0,0,-1,-1,-1
0,0,0,0,-1,-1,-1
0,0,0,0,-1,-1,-1
153471,2,0,0,-1,-1,-1
0,0,0,0,-1,-1,-1
154936,1,1,0,18,9693,9685
155027,1,1,-1,120,4053,3994
154895,1,0,1,152,9108,9032
155121,1,1,0,97,1390,1340
152968,1,1,0,51,4790,4772
153937,1,1,0,105,2137,2096
0,0,0,0,-1,-1,-1
0,0,0,0,-1,-1,-1
0,0,0,0,-1,-1,-1
0,0,0,0,-1,-1,-1
0,0,0,0,-1,-1,-1
153588,1,0,1,0,1000,1000
155366,1,1,-1,206,3584,3498
154313,2,0,0,-1,-1,-1
155364,1,1,1,226,4416,4298
0,0,0,0,-1,-1,-1
0,0,0,0,-1,-1,-1
155381,1,0,1,9,3296,3287
154802,1,0,1,76,3677,3642
154066,1,0,1,87,8095,8063
154723,2,0,0,-1,-1,-1
155371,1,1,0,167,3577,3504
155223,1,1,0,147,3432,3371
0,0,0,0,-1,-1,-1
153328,2,0,0,-1,-1,-1
154308,1,0,1,11,16198,16189
151974,2,0,0,-1,-1,-1
154400,2,0,0,-1,-1,-1
154207,1,1,0,159,4019,3950
153953,2,0,0,-1,-1,-1
153459,1,1,0,23,6838,6832
154538,2,0,0,-1,-1,-1
0,0,0,0,-1,-1,-1
153699,2,0,0,-1,-1,-1
0,0,0,0,-1,-1,-1
154100,2,0,0,-1,-1,-1
154434,1,0,1,132,3594,3533
154799,1,1,-1,158,6473,6404
153569,2,0,0,-1,-1,-1
0,0,0,0,-1,-1,-1
155268,1,1,0,323,4382,4236
154906,1,0,1,150,4110,4030
152164,2,0,0,-1,-1,-1
154909,1,1,0,252,6007,5904
153857,1,1,-1,110,1490,1457
154407,2,0,0,-1,-1,-1
0,0,0,0,-1,-1,-1
155132,1,1,0,62,11820,11793
153762,1,0,1,0,14511,14511
154358,2,0,0,-1,-1,-1
154255,1,1,0,74,969,917
0,0,0,0,-1,-1,-1
154587,1,1,-1,75,4785,4765
152841,2,0,0,-1,-1,-1
0,0,0,0,-1,-1,-1
0,0,0,0,-1,-1,-1
153615,2,0,0,-1,-1,-1
153732,2,0,0,-1,-1,-1
155301,1,0,1,84,1214,1175
154474,1,0,1,39,1714,1701
153747,2,0,0,-1,-1,-1
0,0,0,0,-1,-1,-1
0,0,0,0,-1,-1,-1
151908,2,0,0,-1,-1,-1
153773,1,0,1,65,11912,11880
0,0,0,0,-1,-1,-1
154666,1,1,-1,231,4743,4654
154579,2,0,0,-1,-1,-1
154636,1,1,0,74,11963,11935
154959,1,0,1,110,1954,1889
0,0,0,0,-1,-1,-1
154596,2,0,0,-1,-1,-1
153001,2,0,0,-1,-1,-1
153808,2,0,0,-1,-1,-1
154802,1,0,1,108,8781,8748
154822,1,0,1,266,2778,2627
153477,2,0,0,-1,-1,-1
154092,2,0,0,-1,-1,-1
154432,1,1,1,279,9761,9636
154719,2,0,0,-1,-1,-1
154935,1,0,1,224,5744,5632
0,0,0,0,-1,-1,-1
153624,2,0,0,-1,-1,-1
154855,2,0,0,-1,-1,-1
0,0,0,0,-1,-1,-1
155269,1,0,1,59,2626,2605
0,0,0,0,-1,-1,-1
153423,2,0,0,-1,-1,-1
154991,1,0,1,52,2468,2444
0,0,0,0,-1,-1,-1
153668,1,1,0,60,3372,3334
0,0,0,0,-1,-1,-1
0,0,0,0,-1,-1,-1
0,0,0,0,-1,-1,-1
154615,2,0,0,-1,-1,-1
0,0,0,0,-1,-1,-1
153685,1,1,0,133,3571,3504
154707,2,0,0,-1,-1,-1
152516,1,0,1,99,5418,5363
154254,1,0,1,231,2624,2510
154874,1,1,0,88,3014,2966
0,0,0,0,-1,-1,-1
0,0,0,0,-1,-1,-1
0,0,0,0,-1,-1,-1
154813,1,1,0,43,26110,26094
0,0,0,0,-1,-1,-1
152777,2,0,0,-1,-1,-1
153579,1,0,1,76,2297,2249
154960,1,1,1,183,5455,5352
0,0,0,0,-1,-1,-1
155366,1,0,1,123,7563,7487
154280,1,1,0,180,3615,3536
155045,1,0,1,38,11554,11527
155017,1,1,0,134,2665,2597
0,0,0,0,-1,-1,-1
154747,1,1,0,112,2597,2557
0,0,0,0,-1,-1,-1
153885,1,0,1,168,1930,1843
153401,1,1,0,102,6051,5989
0,0,0,0,-1,-1,-1
0,0,0,0,-1,-1,-1
154985,2,0,0,-1,-1,-1
0,0,0,0,-1,-1,-1
153778,1,1,0,9,5210,5195
0,0,0,0,-1,-1,-1
154368,1,1,0,80,2668,2606
0,0,0,0,-1,-1,-1
154337,2,0,0,-1,-1,-1
0,0,0,0,-1,-1,-1
0,0,0,0,-1,-1,-1
0,0,0,0,-1,-1,-1
155065,1,1,1,63,6366,6360
153949,2,0,0,-1,-1,-1
153695,2,0,0,-1,-1,-1
154759,1,1,0,0,10966,10966
0,0,0,0,-1,-1,-1
155385,1,1,0,57,5668,5632
0,0,0,0,-1,-1,-1
154888,2,0,0,-1,-1,-1
153258,2,0,0,-1,-1,-1
154754,1,0,1,83,2888,2827
154177,2,0,0,-1,-1,-1
154344,1,1,0,74,3675,3653
0,0,0,0,-1,-1,-1
154956,2,0,0,-1,-1,-1
154188,2,0,0,-1,-1,-1
154903,1,0,1,18,9290,9284
0,0,0,0,-1,-1,-1
0,0,0,0,-1,-1,-1
0,0,0,0,-1,-1,-1
0,0,0,0,-1,-1,-1
155375,1,0,1,80,2317,2282
154699,2,0,0,-1,-1,-1
0,0,0,0,-1,-1,-1
0,0,0,0,-1,-1,-1
155367,1,0,1,53,3613,3586
0,0,0,0,-1,-1,-1
154102,1,0,1,60,3594,3568
0,0,0,0,-1,-1,-1
154899,1,0,1,118,2931,2890
0,0,0,0,-1,-1,-1
155378,1,1,0,80,2331,2281
154731,1,1,0,92,3065,3027
0,0,0,0,-1,-1,-1
154024,1,1,0,71,2825,2777
0,0,0,0,-1,-1,-1
152808,1,1,0,0,1275,1275
154295,1,1,0,38,8473,8453
155022,1,0,1,16,4425,4416
0,0,0,0,-1,-1,-1
0,0,0,0,-1,-1,-1
0,0,0,0,-1,-1,-1
0,0,0,0,-1,-1,-1
154716,1,0,1,136,4396,4321
0,0,0,0,-1,-1,-1
153220,2,0,0,-1,-1,-1
0,0,0,0,-1,-1,-1
154057,1,0,1,79,2720,2665
153856,2,0,0,-1,-1,-1
154602,1,0,1,135,3253,3183
154750,1,1,0,0,16825,16825
0,0,0,0,-1,-1,-1
154439,2,0,0,-1,-1,-1
0,0,0,0,-1,-1,-1
155345,1,1,0,155,4344,4284
155326,1,1,0,0,5103,5103
154189,1,1,0,132,7540,7488
155066,1,0,1,53,3378,3354
0,0,0,0,-1,-1,-1
154903,2,0,0,-1,-1,-1
155009,1,1,0,383,3855,3716
152840,2,0,0,-1,-1,-1
154803,2,0,0,-1,-1,-1
0,0,0,0,-1,-1,-1
0,0,0,0,-1,-1,-1
0,0,0,0,-1,-1,-1
154750,1,0,1,264,1833,1714
0,0,0,0,-1,-1,-1
155155,2,0,0,-1,-1,-1
153214,2,0,0,-1,-1,-1
154048,2,0,0,-1,-1,-1
0,0,0,0,-1,-1,-1
154668,1,1,0,102,5608,5584
154434,1,1,0,0,8276,8276
155384,1,1,0,175,2709,2632
0,0,0,0,-1,-1,-1
153244,2,0,0,-1,-1,-1
155197,2,0,0,-1,-1,-1
154141,2,0,0,-1,-1,-1
0,0,0,0,-1,-1,-1
154883,1,1,0,31,3484,3479
154691,2,0,0,-1,-1,-1
154795,2,0,0,-1,-1,-1
0,0,0,0,-1,-1,-1
155234,1,1,0,172,3889,3810
153935,2,0,0,-1,-1,-1
154658,2,0,0,-1,-1,-1
0,0,0,0,-1,-1,-1
153958,1,0,1,0,2640,2640
154751,1,1,0,0,917,917
154877,2,0,0,-1,-1,-1
0,0,0,0,-1,-1,-1
154724,2,0,0,-1,-1,-1
0,0,0,0,-1,-1,-1
0,0,0,0,-1,-1,-1
0,0,0,0,-1,-1,-1
0,0,0,0,-1,-1,-1
153463,2,0,0,-1,-1,-1
0,0,0,0,-1,-1,-1
154737,2,0,0,-1,-1,-1
0,0,0,0,-1,-1,-1
154335,1,1,0,25,5540,5532
0,0,0,0,-1,-1,-1
154764,1,1,0,89,2469,2429
0,0,0,0,-1,-1,-1
0,0,0,0,-1,-1,-1
153357,2,0,0,-1,-1,-1
154521,1,0,1,58,13637,13599
154575,1,1,0,41,2526,2519
155072,1,1,-1,243,4514,4412
0,0,0,0,-1,-1,-1
0,0,0,0,-1,-1,-1
153204,2,0,0,-1,-1,-1
154404,1,0,1,121,9133,9080
0,0,0,0,-1,-1,-1
0,0,0,0,-1,-1,-1
0,0,0,0,-1,-1,-1
154896,1,1,0,59,2420,2394
155347,1,1,-1,108,2912,2862
153021,1,0,1,51,16517,16500
153901,2,0,0,-1,-1,-1
154317,1,1,0,200,5149,5089
154870,1,1,0,20,8482,8474
155184,1,1,0,83,12388,12360
154774,2,0,0,-1,-1,-1
154986,1,0,1,181,2749,2655
154649,2,0,0,-1,-1,-1
154329,2,0,0,-1,-1,-1
154925,1,1,0,114,2266,2209
154907,1,0,1,85,4837,4804
153484,2,0,0,-1,-1,-1
154136,1,0,1,80,3075,3041
153777,1,1,0,21,11316,11305
0,0,0,0,-1,-1,-1
155016,1,1,0,98,2693,2647
154854,1,1,0,0,8633,8633
155148,1,1,1,199,3956,3856
153728,1,0,1,82,3826,3799
155364,1,1,0,111,6993,6914
154278,2,0,0,-1,-1,-1
155381,1,0,1,129,2870,2796
0,0,0,0,-1,-1,-1
154107,1,1,0,50,5536,5521
0,0,0,0,-1,-1,-1
0,0,0,0,-1,-1,-1
153474,1,1,0,91,1882,1832
154679,1,0,1,97,3076,3029
155362,1,0,1,137,4028,3972
155190,1,0,1,55,3303,3275
154584,2,0,0,-1,-1,-1
0,0,0,0,-1,-1,-1
154957,1,1,0,132,8762,8677
153169,2,0,0,-1,-1,-1
154471,1,1,0,182,6029,5928
154476,2,0,0,-1,-1,-1
154207,2,0,0,-1,-1,-1
0,0,0,0,-1,-1,-1
0,0,0,0,-1,-1,-1
0,0,0,0,-1,-1,-1
155309,1,1,-1,67,10696,10683
153526,2,0,0,-1,-1,-1
0,0,0,0,-1,-1,-1
0,0,0,0,-1,-1,-1
154618,1,1,0,0,10291,10291
0,0,0,0,-1,-1,-1
152906,2,0,0,-1,-1,-1
154521,1,0,1,182,2991,2914
0,0,0,0,-1,-1,-1
154597,1,1,1,195,5960,5843
154361,1,1,1,163,6489,6443
152903,1,1,0,77,7792,7775
155057,2,0,0,-1,-1,-1
155242,1,1,0,30,4875,4861
155026,2,0,0,-1,-1,-1
0,0,0,0,-1,-1,-1
0,0,0,0,-1,-1,-1
154473,1,1,0,235,5803,5693
154195,2,0,0,-1,-1,-1
154798,1,1,0,117,6651,6596
155290,1,0,1,34,9377,9367
154257,2,0,0,-1,-1,-1
0,0,0,0,-1,-1,-1
155183,1,1,0,0,5564,5564
154269,1,1,0,94,2710,2678
153913,2,0,0,-1,-1,-1
155061,1,1,0,128,3889,3819
154839,1,1,0,94,4912,4855
152980,2,0,0,-1,-1,-1
154781,2,0,0,-1,-1,-1
0,0,0,0,-1,-1,-1
154188,2,0,0,-1,-1,-1
154791,1,1,0,0,8606,8606
0,0,0,0,-1,-1,-1
154578,2,0,0,-1,-1,-1
154585,2,0,0,-1,-1,-1
0,0,0,0,-1,-1,-1
154772,1,0,1,0,3891,3891
0,0,0,0,-1,-1,-1
153497,2,0,0,-1,-1,-1
0,0,0,0,-1,-1,-1
154567,2,0,0,-1,-1,-1
0,0,0,0,-1,-1,-1
155210,1,1,0,124,5009,4958
153992,1,0,1,54,38906,38884
153417,1,0,1,251,3041,2922
155313,1,0,1,171,5389,5276
154555,1,0,1,134,7002,6950
155167,1,1,0,143,2747,2708
0,0,0,0,-1,-1,-1
154006,2,0,0,-1,-1,-1
153581,2,0,0,-1,-1,-1
154984,1,0,1,174,2407,2342
153994,1,0,1,160,4194,4132
155158,1,0,1,201,2277,2192
0,0,0,0,-1,-1,-1
0,0,0,0,-1,-1,-1
154594,2,0,0,-1,-1,-1
152639,2,0,0,-1,-1,-1
154039,1,1,0,62,2661,2641
154138,2,0,0,-1,-1,-1
154983,2,0,0,-1,-1,-1
153223,1,1,1,108,4216,4160
152849,1,0,1,225,2104,1990
155117,2,0,0,-1,-1,-1
0,0,0,0,-1,-1,-1
0,0,0,0,-1,-1,-1
153924,1,1,0,72,2251,2208
155350,1,0,1,94,3672,3646
0,0,0,0,-1,-1,-1
154728,2,0,0,-1,-1,-1
154692,1,1,0,0,6612,6612
153799,1,0,1,0,7682,7682
0,0,0,0,-1,-1,-1
153854,2,0,0,-1,-1,-1
153713,2,0,0,-1,-1,-1
154061,2,0,0,-1,-1,-1
155164,1,0,1,172,3933,3840
0,0,0,0,-1,-1,-1
154533,2,0,0,-1,-1,-1
0,0,0,0,-1,-1,-1
154425,1,1,0,170,5538,5479
0,0,0,0,-1,-1,-1
155014,1,1,1,184,2851,2762
0,0,0,0,-1,-1,-1
0,0,0,0,-1,-1,-1
154213,2,0,0,-1,-1,-1
0,0,0,0,-1,-1,-1
0,0,0,0,-1,-1,-1
155141,1,0,1,39,4885,4865
0,0,0,0,-1,-1,-1
155013,1,1,0,107,4427,4372
154291,1,0,1,210,3883,3773
154494,2,0,0,-1,-1,-1
0,0,0,0,-1,-1,-1
0,0,0,0,-1,-1,-1
154674,2,0,0,-1,-1,-1
154680,1,1,0,28,1912,1898
0,0,0,0,-1,-1,-1
155036,1,1,0,144,1775,1702
0,0,0,0,-1,-1,-1
154297,1,1,1,107,5819,5777
0,0,0,0,-1,-1,-1
154491,1,0,1,106,5603,5551
153627,1,1,1,95,3913,3881
154881,1,0,1,104,15310,15275
155361,1,0,1,179,4923,4821
155133,1,1,-1,190,5684,5613
0,0,0,0,-1,-1,-1
154973,1,1,1,175,4637,4566
0,0,0,0,-1,-1,-1
155293,1,1,0,0,21627,21627
154050,2,0,0,-1,-1,-1
155124,1,0,1,90,3135,3113
0,0,0,0,-1,-1,-1
0,0,0,0,-1,-1,-1
155223,2,0,0,-1,-1,-1
0,0,0,0,-1,-1,-1
154753,1,0,1,131,3461,3407
0,0,0,0,-1,-1,-1
0,0,0,0,-1,-1,-1
154608,2,0,0,-1,-1,-1
0,0,0,0,-1,-1,-1
0,0,0,0,-1,-1,-1
0,0,0,0,-1,-1,-1
153797,1,0,1,88,1228,1198
153404,1,1,0,96,2864,2830
154357,2,0,0,-1,-1,-1
0,0,0,0,-1,-1,-1
0,0,0,0,-1,-1,-1
0,0,0,0,-1,-1,-1
154722,2,0,0,-1,-1,-1
155344,1,1,-1,157,6000,5932
154460,2,0,0,-1,-1,-1
0,0,0,0,-1,-1,-1
0,0,0,0,-1,-1,-1
155142,1,0,1,79,2079,2059
0,0,0,0,-1,-1,-1
153464,2,0,0,-1,-1,-1
154661,1,0,1,138,4616,4575
153865,2,0,0,-1,-1,-1
0,0,0,0,-1,-1,-1
0,0,0,0,-1,-1,-1
0,0,0,0,-1,-1,-1
154214,1,0,1,0,2770,2770
154563,2,0,0,-1,-1,-1
155195,2,0,0,-1,-1,-1
153993,1,0,1,95,2607,2570
155079,1,1,0,0,6644,6644
155298,1,1,0,47,3029,3009
0,0,0,0,-1,-1,-1
154383,1,1,0,192,3168,3089
0,0,0,0,-1,-1,-1
0,0,0,0,-1,-1,-1
153682,1,0,1,38,2543,2527
154404,2,0,0,-1,-1,-1
155068,1,0,1,30,5667,5654
0,0,0,0,-1,-1,-1
0,0,0,0,-1,-1,-1
154631,2,0,0,-1,-1,-1
153967,2,0,0,-1,-1,-1
154489,2,0,0,-1,-1,-1
0,0,0,0,-1,-1,-1
153399,2,0,0,-1,-1,-1
153247,1,0,1,0,14703,14703
0,0,0,0,-1,-1,-1
0,0,0,0,-1,-1,-1
154133,2,0,0,-1,-1,-1
152715,2,0,0,-1,-1,-1
0,0,0,0,-1,-1,-1
154849,2,0,0,-1,-1,-1
153863,1,0,1,29,4086,4068
153895,1,0,1,215,3133,3053
152830,2,0,0,-1,-1,-1
154231,2,0,0,-1,-1,-1
154161,1,0,1,86,3317,3271
155059,1,1,0,0,29748,29748
0,0,0,0,-1,-1,-1
0,0,0,0,-1,-1,-1
155266,1,0,1,152,6573,6514
155063,1,1,0,15,5891,5884
0,0,0,0,-1,-1,-1
154899,2,0,0,-1,-1,-1
155077,1,1,1,200,2651,2576
0,0,0,0,-1,-1,-1
0,0,0,0,-1,-1,-1
154631,2,0,0,-1,-1,-1
0,0,0,0,-1,-1,-1
153746,2,0,0,-1,-1,-1
155151,1,0,1,200,5724,5624
153712,1,1,0,23,4752,4740
0,0,0,0,-1,-1,-1
155029,1,0,1,0,8613,8613
153428,2,0,0,-1,-1,-1
152569,2,0,0,-1,-1,-1
155225,1,1,0,155,2874,2789
0,0,0,0,-1,-1,-1
154449,1,0,1,7,2340,2337
0,0,0,0,-1,-1,-1
154852,1,1,0,0,768,768
154538,1,0,1,0,11316,11316
153336,2,0,0,-1,-1,-1
0,0,0,0,-1,-1,-1
155149,1,1,0,156,1312,1228
0,0,0,0,-1,-1,-1
154569,1,1,0,0,0,0
153673,1,0,1,79,6233,6187
0,0,0,0,-1,-1,-1
153524,2,0,0,-1,-1,-1
154047,1,1,0,0,11330,11329
154078,2,0,0,-1,-1,-1
154045,2,0,0,-1,-1,-1
155080,1,1,1,69,6539,6498
0,0,0,0,-1,-1,-1
154056,2,0,0,-1,-1,-1
0,0,0,0,-1,-1,-1
154178,1,0,1,44,2468,2453
152867,1,1,0,107,2180,2130
0,0,0,0,-1,-1,-1
155214,1,0,1,160,3470,3400
154990,2,0,0,-1,-1,-1
0,0,0,0,-1,-1,-1
0,0,0,0,-1,-1,-1
0,0,0,0,-1,-1,-1
0,0,0,0,-1,-1,-1
154761,1,0,1,110,3143,3112
154468,1,1,0,66,5260,5243
153635,2,0,0,-1,-1,-1
154352,2,0,0,-1,-1,-1
154570,1,1,0,0,21470,21470
153853,1,0,1,47,6340,6317
0,0,0,0,-1,-1,-1
0,0,0,0,-1,-1,-1
152931,1,0,1,40,4563,4522
154726,2,0,0,-1,-1,-1
155076,1,1,1,158,4942,4875
153497,1,1,-1,185,3378,3304
155267,1,1,1,213,4922,4831
153352,2,0,0,-1,-1,-1
0,0,0,0,-1,-1,-1
152609,2,0,0,-1,-1,-1
0,0,0,0,-1,-1,-1
154707,1,0,1,17,4172,4157
154492,1,1,0,25,4885,4876
0,0,0,0,-1,-1,-1
154587,2,0,0,-1,-1,-1
0,0,0,0,-1,-1,-1
155331,1,1,0,62,3588,3546
154220,1,0,1,20,4619,4611
0,0,0,0,-1,-1,-1
154145,2,0,0,-1,-1,-1
154790,2,0,0,-1,-1,-1
155063,1,1,0,91,5737,5673
155086,1,0,1,114,6759,6697
155079,1,0,1,30,4332,4304
154333,1,1,0,62,4493,4467
154057,2,0,0,-1,-1,-1
154416,2,0,0,-1,-1,-1
0,0,0,0,-1,-1,-1
154849,1,0,1,96,2462,2412
0,0,0,0,-1,-1,-1
153964,1,0,1,51,6693,6665
154818,1,1,0,32,3955,3940
154139,1,0,1,91,4458,4404
0,0,0,0,-1,-1,-1
0,0,0,0,-1,-1,-1
153704,1,1,0,44,3194,3156
154862,1,0,1,105,4901,4857
154877,1,0,1,43,2935,2913
153258,2,0,0,-1,-1,-1
0,0,0,0,-1,-1,-1
154676,2,0,0,-1,-1,-1
155152,1,0,1,127,2978,2921
0,0,0,0,-1,-1,-1
153104,1,0,1,86,1310,1264
154181,1,1,0,31,8029,8017
155080,2,0,0,-1,-1,-1
153560,2,0,0,-1,-1,-1
0,0,0,0,-1,-1,-1
154244,2,0,0,-1,-1,-1
0,0,0,0,-1,-1,-1
154353,2,0,0,-1,-1,-1
0,0,0,0,-1,-1,-1
155009,2,0,0,-1,-1,-1
154146,2,0,0,-1,-1,-1
0,0,0,0,-1,-1,-1
0,0,0,0,-1,-1,-1
153856,1,0,1,104,6446,6404
0,0,0,0,-1,-1,-1
154747,1,1,0,0,19657,19657
154378,1,0,1,77,10540,10509
0,0,0,0,-1,-1,-1
155137,1,1,0,88,4411,4348
155345,1,0,1,89,5207,5162
154899,2,0,0,-1,-1,-1
153597,2,0,0,-1,-1,-1
153684,2,0,0,-1,-1,-1
0,0,0,0,-1,-1,-1
154352,2,0,0,-1,-1,-1
155073,1,1,0,45,7044,7037
0,0,0,0,-1,-1,-1
155333,1,1,-1,156,4919,4851
154716,2,0,0,-1,-1,-1
0,0,0,0,-1,-1,-1
153910,2,0,0,-1,-1,-1
153826,2,0,0,-1,-1,-1
154487,2,0,0,-1,-1,-1
0,0,0,0,-1,-1,-1
0,0,0,0,-1,-1,-1
155083,1,1,0,24,5932,5920
154593,1,0,1,134,2208,2140
0,0,0,0,-1,-1,-1
154189,1,0,1,25,3143,3124
154890,1,1,0,48,2039,2012
155095,1,0,1,0,2772,2772
154401,1,1,0,13,2388,2370
154623,2,0,0,-1,-1,-1
0,0,0,0,-1,-1,-1
155091,1,0,1,59,4600,4566
0,0,0,0,-1,-1,-1
155122,1,1,0,26,2515,2490
154184,2,0,0,-1,-1,-1
0,0,0,0,-1,-1,-1
0,0,0,0,-1,-1,-1
153435,1,0,1,6,1043,1038
155344,1,1,0,119,2620,2565
154750,1,1,0,10,7338,7330
153933,1,0,1,0,1848,1848
153817,1,1,-1,177,2775,2696
154473,1,0,1,4,8520,8514
155106,1,1,0,25,6625,6619
153007,2,0,0,-1,-1,-1
154708,1,0,1,152,5234,5167
154447,2,0,0,-1,-1,-1
155192,2,0,0,-1,-1,-1
155305,1,1,0,111,2088,2036
155170,1,1,1,92,4173,4130
154467,1,1,0,35,7211,7180
0,0,0,0,-1,-1,-1
154415,1,0,1,67,6565,6524
152765,1,1,0,91,4472,4409
154222,2,0,0,-1,-1,-1
154245,2,0,0,-1,-1,-1
0,0,0,0,-1,-1,-1
152952,1,1,0,129,1975,1904
155087,2,0,0,-1,-1,-1
154764,2,0,0,-1,-1,-1
154580,2,0,0,-1,-1,-1
155118,1,1,0,62,3498,3478
155331,1,1,0,112,5325,5263
0,0,0,0,-1,-1,-1
155173,1,0,1,92,4946,4908
153694,2,0,0,-1,-1,-1
155158,1,0,1,6,8626,8624
154810,2,0,0,-1,-1,-1
0,0,0,0,-1,-1,-1
155062,1,1,0,151,4129,4064
154801,1,1,0,46,5247,5233
0,0,0,0,-1,-1,-1
154736,2,0,0,-1,-1,-1
153481,2,0,0,-1,-1,-1
154444,2,0,0,-1,-1,-1
0,0,0,0,-1,-1,-1
154759,1,0,1,98,11373,11308
153304,2,0,0,-1,-1,-1
154727,2,0,0,-1,-1,-1
0,0,0,0,-1,-1,-1
153601,2,0,0,-1,-1,-1
0,0,0,0,-1,-1,-1
154385,2,0,0,-1,-1,-1
0,0,0,0,-1,-1,-1
0,0,0,0,-1,-1,-1
153107,2,0,0,-1,-1,-1
152862,1,0,1,78,6016,5999
154423,1,1,0,183,3985,3895
152756,2,0,0,-1,-1,-1
0,0,0,0,-1,-1,-1
153859,2,0,0,-1,-1,-1
0,0,0,0,-1,-1,-1
0,0,0,0,-1,-1,-1
0,0,0,0,-1,-1,-1
0,0,0,0,-1,-1,-1
0,0,0,0,-1,-1,-1
153385,2,0,0,-1,-1,-1
153727,2,0,0,-1,-1,-1
154894,2,0,0,-1,-1,-1
154432,1,1,0,116,2035,2004
154280,2,0,0,-1,-1,-1
154869,1,0,1,0,7915,7915
155105,1,1,0,26,8354,8338
155359,1,1,0,74,3793,3761
154452,2,0,0,-1,-1,-1
0,0,0,0,-1,-1,-1
153591,1,0,1,0,25326,25326
154823,2,0,0,-1,-1,-1
152306,2,0,0,-1,-1,-1
0,0,0,0,-1,-1,-1
0,0,0,0,-1,-1,-1
153739,1,0,1,119,7415,7318
0,0,0,0,-1,-1,-1
0,0,0,0,-1,-1,-1
0,0,0,0,-1,-1,-1
153969,1,0,1,102,9855,9806
154472,1,1,0,167,5721,5648
153810,1,0,1,0,3438,3438
154157,1,0,1,23,2561,2556
0,0,0,0,-1,-1,-1
155206,1,1,1,307,4954,4846
154632,1,1,1,53,11198,11182
153830,2,0,0,-1,-1,-1
153905,1,1,0,142,3294,3231
0,0,0,0,-1,-1,-1
154764,2,0,0,-1,-1,-1
155096,1,1,0,0,10136,10136
0,0,0,0,-1,-1,-1
153631,1,0,1,33,9074,9054
0,0,0,0,-1,-1,-1
0,0,0,0,-1,-1,-1
154620,2,0,0,-1,-1,-1
153790,2,0,0,-1,-1,-1
154753,2,0,0,-1,-1,-1
154034,1,0,1,155,4593,4521
154356,1,0,1,24,1895,1889
154224,1,1,0,124,1844,1786
0,0,0,0,-1,-1,-1
154736,1,1,0,46,20047,20037
154109,1,1,0,191,3912,3838
154534,1,1,0,266,2894,2737
0,0,0,0,-1,-1,-1
155210,1,0,1,0,1458,1458
0,0,0,0,-1,-1,-1
155253,1,1,0,75,2885,2854
154531,2,0,0,-1,-1,-1
154639,1,0,1,206,4908,4822
154696,1,0,1,85,3806,3768
153656,2,0,0,-1,-1,-1
154491,1,1,0,83,3386,3362
153590,1,1,0,165,4301,4212
155199,1,0,1,190,2059,1948
0,0,0,0,-1,-1,-1
151682,2,0,0,-1,-1,-1
0,0,0,0,-1,-1,-1
154425,1,1,0,42,6908,6889
0,0,0,0,-1,-1,-1
154175,1,0,1,101,5048,5002
154996,1,1,0,109,4185,4160
0,0,0,0,-1,-1,-1
154706,1,0,1,231,3107,2990
155329,1,1,-1,137,3722,3649
154853,1,0,1,28,2344,2327
0,0,0,0,-1,-1,-1
155042,1,1,0,98,3324,3278
155074,1,1,-1,17,10919,10906
0,0,0,0,-1,-1,-1
152516,1,1,0,64,6780,6762
0,0,0,0,-1,-1,-1
153596,1,1,0,4,2273,2267
154407,2,0,0,-1,-1,-1
154584,1,0,1,133,4555,4503
154991,1,0,1,199,2585,2505
154105,2,0,0,-1,-1,-1
153807,2,0,0,-1,-1,-1
0,0,0,0,-1,-1,-1
155071,1,0,1,185,3954,3823
154164,2,0,0,-1,-1,-1
155286,1,0,1,87,2857,2804
0,0,0,0,-1,-1,-1
152920,1,1,0,94,4722,4688
0,0,0,0,-1,-1,-1
155013,1,1,-1,148,5516,5452
0,0,0,0,-1,-1,-1
155141,1,0,1,0,3827,3827
0,0,0,0,-1,-1,-1
0,0,0,0,-1,-1,-1
0,0,0,0,-1,-1,-1
155280,1,1,0,198,3656,3548
154883,2,0,0,-1,-1,-1
0,0,0,0,-1,-1,-1
154841,1,1,-1,503,3690,3468
0,0,0,0,-1,-1,-1
153565,2,0,0,-1,-1,-1
154727,1,1,0,46,5811,5787
0,0,0,0,-1,-1,-1
0,0,0,0,-1,-1,-1
0,0,0,0,-1,-1,-1
155111,1,1,0,130,2374,2318
154317,2,0,0,-1,-1,-1
154747,2,0,0,-1,-1,-1
0,0,0,0,-1,-1,-1
155331,2,0,0,-1,-1,-1
154948,1,1,1,95,5399,5335
0,0,0,0,-1,-1,-1
153805,1,0,1,134,1757,1675
0,0,0,0,-1,-1,-1
154389,1,1,0,66,1846,1803
153469,1,0,1,189,2182,2064
0,0,0,0,-1,-1,-1
0,0,0,0,-1,-1,-1
155027,1,1,0,33,2365,2349
153526,2,0,0,-1,-1,-1
154536,1,0,1,99,3233,3185
154413,2,0,0,-1,-1,-1
154847,2,0,0,-1,-1,-1
155148,1,0,1,201,2308,2227
153770,2,0,0,-1,-1,-1
154694,1,1,0,100,4340,4301
154298,2,0,0,-1,-1,-1
154846,1,0,1,14,3274,3266
154450,1,0,1,50,4340,4322
0,0,0,0,-1,-1,-1
0,0,0,0,-1,-1,-1
155231,1,0,1,176,1932,1843
155156,1,1,0,130,4799,4744
154427,2,0,0,-1,-1,-1
152580,2,0,0,-1,-1,-1
153318,2,0,0,-1,-1,-1
153271,2,0,0,-1,-1,-1
0,0,0,0,-1,-1,-1
154912,1,0,1,38,6466,6432
155168,1,1,0,90,1711,1670
152845,1,1,0,21,873,865
154877,1,1,0,0,4186,4186
0,0,0,0,-1,-1,-1
0,0,0,0,-1,-1,-1
0,0,0,0,-1,-1,-1
0,0,0,0,-1,-1,-1
0,0,0,0,-1,-1,-1
0,0,0,0,-1,-1,-1
0,0,0,0,-1,-1,-1
155066,1,0,1,11,1714,1704
153879,2,0,0,-1,-1,-1
0,0,0,0,-1,-1,-1
0,0,0,0,-1,-1,-1
155329,1,0,1,142,754,689
0,0,0,0,-1,-1,-1
0,0,0,0,-1,-1,-1
0,0,0,0,-1,-1,-1
152756,2,0,0,-1,-1,-1
154508,2,0,0,-1,-1,-1
0,0,0,0,-1,-1,-1
154237,2,0,0,-1,-1,-1
155354,1,1,0,31,5482,5474
155276,1,0,1,123,6052,5995
0,0,0,0,-1,-1,-1
153902,2,0,0,-1,-1,-1
0,0,0,0,-1,-1,-1
152725,2,0,0,-1,-1,-1
154507,2,0,0,-1,-1,-1
154535,2,0,0,-1,-1,-1
154642,2,0,0,-1,-1,-1
0,0,0,0,-1,-1,-1
153954,1,1,0,108,1369,1304
155017,1,0,1,11,706,691
0,0,0,0,-1,-1,-1
154504,1,0,1,150,3751,3681
153365,2,0,0,-1,-1,-1
154967,1,1,0,165,2603,2548
153571,2,0,0,-1,-1,-1
153804,2,0,0,-1,-1,-1
154448,2,0,0,-1,-1,-1
155208,1,1,0,116,9794,9746
154402,2,0,0,-1,-1,-1
154997,1,1,-1,165,13236,13155
152835,2,0,0,-1,-1,-1
0,0,0,0,-1,-1,-1
154872,2,0,0,-1,-1,-1
153794,2,0,0,-1,-1,-1
154099,2,0,0,-1,-1,-1
154219,2,0,0,-1,-1,-1
154341,1,0,1,104,4567,4511
153320,1,1,0,240,2261,2131
0,0,0,0,-1,-1,-1
154706,1,0,1,141,2081,2044
154892,1,0,1,61,2073,2054
0,0,0,0,-1,-1,-1
155074,1,1,1,192,2901,2798
153052,2,0,0,-1,-1,-1
155200,2,0,0,-1,-1,-1
154746,1,1,1,128,2647,2604
153909,2,0,0,-1,-1,-1
0,0,0,0,-1,-1,-1
154728,1,0,1,75,2527,2487
154567,2,0,0,-1,-1,-1
154939,2,0,0,-1,-1,-1
154758,1,1,0,0,4203,4203
153831,1,1,0,0,6328,6328
154100,2,0,0,-1,-1,-1
0,0,0,0,-1,-1,-1
154687,1,0,1,96,3265,3223
0,0,0,0,-1,-1,-1
0,0,0,0,-1,-1,-1
154373,2,0,0,-1,-1,-1
154137,2,0,0,-1,-1,-1
155158,1,1,1,115,7877,7809
154449,2,0,0,-1,-1,-1
0,0,0,0,-1,-1,-1
153248,2,0,0,-1,-1,-1
154418,1,0,1,0,1372,1372
0,0,0,0,-1,-1,-1
153526,1,0,1,324,2625,2494
0,0,0,0,-1,-1,-1
152584,2,0,0,-1,-1,-1
0,0,0,0,-1,-1,-1
0,0,0,0,-1,-1,-1
154365,1,0,1,46,3964,3948
154247,2,0,0,-1,-1,-1
153360,2,0,0,-1,-1,-1
0,0,0,0,-1,-1,-1
153236,2,0,0,-1,-1,-1
154362,1,0,1,149,2917,2871
0,0,0,0,-1,-1,-1
153858,1,1,-1,170,2243,2170
154537,1,0,1,130,4377,4327
153437,2,0,0,-1,-1,-1
0,0,0,0,-1,-1,-1
0,0,0,0,-1,-1,-1
155357,1,1,0,173,4031,3960
153740,1,0,1,24,3872,3858
154522,2,0,0,-1,-1,-1
153909,2,0,0,-1,-1,-1
154523,1,0,1,226,3969,3872
154804,1,1,0,53,1074,1035
0,0,0,0,-1,-1,-1
0,0,0,0,-1,-1,-1
154359,1,1,0,156,6205,6151
155155,1,1,0,108,3970,3910
153603,2,0,0,-1,-1,-1
154915,2,0,0,-1,-1,-1
153821,2,0,0,-1,-1,-1
154277,1,0,1,227,4403,4307
154572,2,0,0,-1,-1,-1
153411,2,0,0,-1,-1,-1
154904,2,0,0,-1,-1,-1
0,0,0,0,-1,-1,-1
0,0,0,0,-1,-1,-1
0,0,0,0,-1,-1,-1
0,0,0,0,-1,-1,-1
0,0,0,0,-1,-1,-1
0,0,0,0,-1,-1,-1
0,0,0,0,-1,-1,-1
0,0,0,0,-1,-1,-1
153960,2,0,0,-1,-1,-1
153975,1,0,1,99,2045,1997
0,0,0,0,-1,-1,-1
155000,1,1,0,155,4474,4403
153967,1,0,1,44,8300,8264
152979,2,0,0,-1,-1,-1
0,0,0,0,-1,-1,-1
154854,2,0,0,-1,-1,-1
154637,2,0,0,-1,-1,-1
154446,2,0,0,-1,-1,-1
0,0,0,0,-1,-1,-1
155040,1,0,1,0,5746,5746
0,0,0,0,-1,-1,-1
153225,1,1,0,85,2022,1981
154800,1,0,1,69,11813,11790
154391,2,0,0,-1,-1,-1
154982,1,1,0,110,2723,2692
154353,2,0,0,-1,-1,-1
154330,1,1,0,92,4734,4696
154881,2,0,0,-1,-1,-1
0,0,0,0,-1,-1,-1
154087,2,0,0,-1,-1,-1
0,0,0,0,-1,-1,-1
155022,2,0,0,-1,-1,-1
154603,1,0,1,118,4137,4063
0,0,0,0,-1,-1,-1
154341,2,0,0,-1,-1,-1
153985,2,0,0,-1,-1,-1
153671,2,0,0,-1,-1,-1
0,0,0,0,-1,-1,-1
154926,2,0,0,-1,-1,-1
153807,2,0,0,-1,-1,-1
0,0,0,0,-1,-1,-1
153872,2,0,0,-1,-1,-1
155038,2,0,0,-1,-1,-1
154678,1,0,1,136,11553,11502
154466,2,0,0,-1,-1,-1
154918,1,1,0,51,3362,3328
0,0,0,0,-1,-1,-1
153412,1,1,0,202,2898,2795
154756,1,0,1,43,3664,3639
154173,2,0,0,-1,-1,-1
152932,2,0,0,-1,-1,-1
153333,1,1,0,29,8544,8534
0,0,0,0,-1,-1,-1
153748,1,0,1,77,6347,6323
0,0,0,0,-1,-1,-1
155087,2,0,0,-1,-1,-1
155080,1,0,1,120,2940,2886
155337,1,0,1,19,14996,14988
0,0,0,0,-1,-1,-1
155321,1,1,0,49,2913,2883
154362,2,0,0,-1,-1,-1
154384,2,0,0,-1,-1,-1
154805,2,0,0,-1,-1,-1
154195,1,1,0,196,4189,4093
154391,2,0,0,-1,-1,-1
0,0,0,0,-1,-1,-1
155111,1,0,1,0,4841,4841
152533,2,0,0,-1,-1,-1
0,0,0,0,-1,-1,-1
155068,1,0,1,23,7691,7682
155257,1,1,0,21,12267,12262
154394,1,0,1,63,4900,4867
0,0,0,0,-1,-1,-1
154323,1,1,0,72,4111,4103
153716,1,0,1,130,3146,3117
153790,1,1,0,32,12502,12488
0,0,0,0,-1,-1,-1
154064,1,1,0,64,1938,1920
0,0,0,0,-1,-1,-1
154870,2,0,0,-1,-1,-1
155322,1,0,1,100,4224,4195
155216,1,0,1,204,4741,4649
0,0,0,0,-1,-1,-1
0,0,0,0,-1,-1,-1
152985,1,1,0,59,2056,2014
0,0,0,0,-1,-1,-1
155330,1,0,1,141,2593,2525
155371,1,1,-1,71,4701,4659
153231,2,0,0,-1,-1,-1
154202,2,0,0,-1,-1,-1
155290,1,0,1,25,1912,1907
153642,1,1,0,130,3878,3827
154511,1,1,-1,150,7592,7532
155003,1,1,0,234,4151,4046
154975,1,1,0,102,3551,3503
154857,2,0,0,-1,-1,-1
154586,2,0,0,-1,-1,-1
155133,1,0,1,110,4240,4189
154223,1,1,0,123,6120,6050
154705,2,0,0,-1,-1,-1
153796,2,0,0,-1,-1,-1
153774,1,1,0,114,1923,1877
154613,2,0,0,-1,-1,-1
0,0,0,0,-1,-1,-1
0,0,0,0,-1,-1,-1
0,0,0,0,-1,-1,-1
153299,2,0,0,-1,-1,-1
154512,1,1,1,231,7324,7217
0,0,0,0,-1,-1,-1
0,0,0,0,-1,-1,-1
153493,2,0,0,-1,-1,-1
154832,1,1,-1,551,4452,4172
154805,1,1,0,10,6578,6569
0,0,0,0,-1,-1,-1
0,0,0,0,-1,-1,-1
154048,2,0,0,-1,-1,-1
154567,2,0,0,-1,-1,-1
0,0,0,0,-1,-1,-1
154694,1,0,1,45,2749,2722
154341,1,0,1,117,2783,2712
155213,2,0,0,-1,-1,-1
0,0,0,0,-1,-1,-1
0,0,0,0,-1,-1,-1
154905,1,1,0,0,2948,2948
0,0,0,0,-1,-1,-1
154966,1,1,0,0,1769,1769
152114,1,0,1,198,3259,3163
154358,2,0,0,-1,-1,-1
153182,2,0,0,-1,-1,-1
0,0,0,0,-1,-1,-1
0,0,0,0,-1,-1,-1
154326,2,0,0,-1,-1,-1
154629,2,0,0,-1,-1,-1
0,0,0,0,-1,-1,-1
0,0,0,0,-1,-1,-1
155379,1,1,0,43,8697,8663
0,0,0,0,-1,-1,-1
154540,1,1,0,101,4773,4727
153401,1,0,1,128,6254,6200
154165,1,1,0,160,13357,13294
154892,2,0,0,-1,-1,-1
0,0,0,0,-1,-1,-1
0,0,0,0,-1,-1,-1
154341,1,1,0,102,2114,2075
0,0,0,0,-1,-1,-1
155182,1,0,1,168,4587,4489
154867,2,0,0,-1,-1,-1
0,0,0,0,-1,-1,-1
155167,1,1,0,0,15586,15586
155128,1,1,0,105,3889,3825
154860,1,1,0,46,2218,2190
154774,1,1,-1,34,5585,5570
153207,2,0,0,-1,-1,-1
0,0,0,0,-1,-1,-1
154148,2,0,0,-1,-1,-1
0,0,0,0,-1,-1,-1
154898,2,0,0,-1,-1,-1
0,0,0,0,-1,-1,-1
154599,2,0,0,-1,-1,-1
0,0,0,0,-1,-1,-1
155231,1,1,-1,279,7155,7047
0,0,0,0,-1,-1,-1
154713,1,1,0,31,1637,1626
154370,1,0,1,10,4577,4573
154810,1,1,0,36,3717,3700
154636,1,1,0,56,2096,2082
0,0,0,0,-1,-1,-1
0,0,0,0,-1,-1,-1
155106,1,1,1,137,2530,2470
154142,1,0,1,95,6999,6938
155022,1,1,0,38,9624,9602
0,0,0,0,-1,-1,-1
0,0,0,0,-1,-1,-1
153379,2,0,0,-1,-1,-1
154332,1,1,1,168,2850,2762
154922,2,0,0,-1,-1,-1
154561,1,1,1,94,6055,6028
154563,1,1,0,64,2211,2172
153222,2,0,0,-1,-1,-1
0,0,0,0,-1,-1,-1
153278,2,0,0,-1,-1,-1
153427,2,0,0,-1,-1,-1
0,0,0,0,-1,-1,-1
0,0,0,0,-1,-1,-1
153692,2,0,0,-1,-1,-1
153353,2,0,0,-1,-1,-1
0,0,0,0,-1,-1,-1
152021,2,0,0,-1,-1,-1
155014,2,0,0,-1,-1,-1
0,0,0,0,-1,-1,-1
155125,2,0,0,-1,-1,-1
0,0,0,0,-1,-1,-1
153680,1,1,0,151,3171,3099
0,0,0,0,-1,-1,-1
154589,2,0,0,-1,-1,-1
153954,2,0,0,-1,-1,-1
154441,1,0,1,63,3366,3335
0,0,0,0,-1,-1,-1
154562,1,0,1,135,5068,5022
153461,2,0,0,-1,-1,-1
155170,1,0,1,204,2990,2889
154021,1,1,0,84,1790,1767
155093,1,1,-1,145,3611,3534
155333,1,1,0,48,2677,2659
154133,1,0,1,131,1980,1920
155181,1,1,0,7,2794,2789
154830,2,0,0,-1,-1,-1
153760,2,0,0,-1,-1,-1
154966,1,0,1,199,2082,2017
153969,2,0,0,-1,-1,-1
153650,1,1,1,101,8353,8314
0,0,0,0,-1,-1,-1
154680,1,1,0,134,5317,5235
0,0,0,0,-1,-1,-1
154537,2,0,0,-1,-1,-1
0,0,0,0,-1,-1,-1
155275,1,0,1,88,3661,3626
155026,1,0,1,194,3337,3229
154067,1,0,1,0,13158,13158
154718,2,0,0,-1,-1,-1
0,0,0,0,-1,-1,-1
155339,1,1,0,173,2991,2904
0,0,0,0,-1,-1,-1
154395,1,1,0,26,1198,1190
153962,2,0,0,-1,-1,-1
154603,1,1,0,154,7472,7375
152805,2,0,0,-1,-1,-1
153934,1,0,1,118,8841,8786
155338,1,0,1,168,2309,2233
154872,2,0,0,-1,-1,-1
155053,1,1,0,33,8604,8588
154955,2,0,0,-1,-1,-1
0,0,0,0,-1,-1,-1
0,0,0,0,-1,-1,-1
155110,1,1,-1,280,6813,6678
0,0,0,0,-1,-1,-1
0,0,0,0,-1,-1,-1
155088,1,0,1,6,6663,6664
0,0,0,0,-1,-1,-1
154550,2,0,0,-1,-1,-1
153972,1,1,0,0,2064,2064
155358,1,1,0,122,2177,2124
0,0,0,0,-1,-1,-1
0,0,0,0,-1,-1,-1
155046,2,0,0,-1,-1,-1
154520,1,1,0,141,1246,1178
155336,1,1,0,21,30134,30126
0,0,0,0,-1,-1,-1
154096,2,0,0,-1,-1,-1
153172,2,0,0,-1,-1,-1
0,0,0,0,-1,-1,-1
0,0,0,0,-1,-1,-1
154060,2,0,0,-1,-1,-1
0,0,0,0,-1,-1,-1
154295,1,0,1,135,1784,1719
153962,2,0,0,-1,-1,-1
154452,2,0,0,-1,-1,-1
153312,2,0,0,-1,-1,-1
154000,1,1,0,78,2459,2419
154122,2,0,0,-1,-1,-1
0,0,0,0,-1,-1,-1
155158,1,1,0,79,6012,5983
0,0,0,0,-1,-1,-1
0,0,0,0,-1,-1,-1
0,0,0,0,-1,-1,-1
154205,1,0,1,212,2091,2008
154350,2,0,0,-1,-1,-1
153578,2,0,0,-1,-1,-1
154650,2,0,0,-1,-1,-1
153128,2,0,0,-1,-1,-1
154824,1,0,1,165,3287,3201
154593,1,1,0,12,3981,3976
0,0,0,0,-1,-1,-1
154397,2,0,0,-1,-1,-1
0,0,0,0,-1,-1,-1
154281,1,1,0,79,1358,1335
153901,2,0,0,-1,-1,-1
0,0,0,0,-1,-1,-1
155103,1,1,0,111,3276,3233
0,0,0,0,-1,-1,-1
155012,1,0,1,68,4846,4802
153372,1,1,0,171,8544,8451
0,0,0,0,-1,-1,-1
154976,1,1,0,110,7101,7052
0,0,0,0,-1,-1,-1
154639,1,1,0,0,4242,4242
154333,1,1,0,51,1652,1628
0,0,0,0,-1,-1,-1
153170,2,0,0,-1,-1,-1
155215,1,0,1,102,3403,3348
0,0,0,0,-1,-1,-1
0,0,0,0,-1,-1,-1
0,0,0,0,-1,-1,-1
154481,2,0,0,-1,-1,-1
154428,2,0,0,-1,-1,-1
154223,2,0,0,-1,-1,-1
155340,1,1,1,213,2730,2672
154679,1,1,0,143,4840,4770
0,0,0,0,-1,-1,-1
153788,1,0,1,55,4746,4711
0,0,0,0,-1,-1,-1
153228,1,1,0,0,4684,4684
154215,2,0,0,-1,-1,-1
154416,1,0,1,166,1553,1487
154173,1,0,1,56,7690,7675
155224,1,0,1,173,2920,2834
153882,1,0,1,42,2054,2042
153817,2,0,0,-1,-1,-1
155074,2,0,0,-1,-1,-1
154278,2,0,0,-1,-1,-1
155027,1,0,1,124,2378,2352
155259,1,1,0,30,3157,3135
155097,2,0,0,-1,-1,-1
153773,1,1,0,174,2590,2508
0,0,0,0,-1,-1,-1
154350,2,0,0,-1,-1,-1
155207,1,0,1,7,5860,5860
155157,2,0,0,-1,-1,-1
0,0,0,0,-1,-1,-1
153645,2,0,0,-1,-1,-1
155357,1,0,1,87,2663,2616
153066,1,1,0,74,1776,1727
154927,2,0,0,-1,-1,-1
0,0,0,0,-1,-1,-1
155298,1,1,0,39,10731,10721
153743,1,0,1,127,4064,3998
154338,2,0,0,-1,-1,-1
155218,1,1,0,51,4644,4618
153408,1,1,0,145,7836,7777
154898,1,0,1,107,4365,4326
154925,2,0,0,-1,-1,-1
153166,2,0,0,-1,-1,-1
152220,2,0,0,-1,-1,-1
155317,1,1,0,148,4874,4790
155179,1,0,1,77,2912,2868
154393,2,0,0,-1,-1,-1
0,0,0,0,-1,-1,-1
155326,1,0,1,18,11279,11269
0,0,0,0,-1,-1,-1
154036,2,0,0,-1,-1,-1
155281,1,0,1,107,5896,5834
0,0,0,0,-1,-1,-1
154870,1,0,1,67,12528,12492
0,0,0,0,-1,-1,-1
0,0,0,0,-1,-1,-1
153956,1,1,-1,121,3761,3705
0,0,0,0,-1,-1,-1
154639,2,0,0,-1,-1,-1
152794,2,0,0,-1,-1,-1
0,0,0,0,-1,-1,-1
153867,2,0,0,-1,-1,-1
154345,2,0,0,-1,-1,-1
153056,1,0,1,139,1448,1379
153658,1,0,1,19,16115,16096
0,0,0,0,-1,-1,-1
154041,2,0,0,-1,-1,-1
0,0,0,0,-1,-1,-1
154739,2,0,0,-1,-1,-1
153689,2,0,0,-1,-1,-1
154348,1,0,1,136,8097,8048
154876,1,0,1,55,1125,1108
155102,2,0,0,-1,-1,-1
154695,1,0,1,180,3908,3812
152497,1,0,1,97,8784,8749
154708,2,0,0,-1,-1,-1
154670,1,1,0,0,7150,7150
0,0,0,0,-1,-1,-1
153481,2,0,0,-1,-1,-1
155060,1,0,1,138,4485,4426
155339,1,0,1,2,3403,3398
0,0,0,0,-1,-1,-1
154799,1,1,0,37,12736,12724
153287,1,0,1,22,10552,10541
0,0,0,0,-1,-1,-1
154817,2,0,0,-1,-1,-1
0,0,0,0,-1,-1,-1
154593,2,0,0,-1,-1,-1
0,0,0,0,-1,-1,-1
154985,1,1,-1,188,6323,6265
154769,1,0,1,0,5100,5100
153742,1,0,1,12,3129,3127
154459,1,0,1,160,5152,5085
0,0,0,0,-1,-1,-1
0,0,0,0,-1,-1,-1
155170,1,1,-1,135,10597,10513
154962,1,1,-1,216,3563,3484
0,0,0,0,-1,-1,-1
154389,2,0,0,-1,-1,-1
155065,1,0,1,81,9145,9113
154022,1,1,0,54,4309,4276
0,0,0,0,-1,-1,-1
154854,1,1,0,94,7178,7121
0,0,0,0,-1,-1,-1
154414,2,0,0,-1,-1,-1
155354,1,0,1,0,1204,1204
0,0,0,0,-1,-1,-1
154961,1,1,0,10,1538,1537
154976,1,0,1,193,2071,1961
154888,1,1,0,155,2793,2728
152913,2,0,0,-1,-1,-1
0,0,0,0,-1,-1,-1
154604,2,0,0,-1,-1,-1
153849,2,0,0,-1,-1,-1
154304,1,0,1,0,2712,2712
153552,2,0,0,-1,-1,-1
0,0,0,0,-1,-1,-1
153550,1,0,1,106,4375,4338
0,0,0,0,-1,-1,-1
0,0,0,0,-1,-1,-1
0,0,0,0,-1,-1,-1
154173,2,0,0,-1,-1,-1
0,0,0,0,-1,-1,-1
0,0,0,0,-1,-1,-1
154111,1,0,1,274,3408,3284
153994,2,0,0,-1,-1,-1
155242,1,1,0,35,1646,1628
0,0,0,0,-1,-1,-1
154719,2,0,0,-1,-1,-1
153799,1,0,1,35,4921,4898
154241,1,0,1,62,5482,5453
154730,1,0,1,26,3508,3498
154829,2,0,0,-1,-1,-1
154787,2,0,0,-1,-1,-1
155367,1,1,1,184,2240,2149
0,0,0,0,-1,-1,-1
0,0,0,0,-1,-1,-1
154841,1,0,1,86,2969,2930
153941,2,0,0,-1,-1,-1
154783,2,0,0,-1,-1,-1
0,0,0,0,-1,-1,-1
154002,1,0,1,47,2079,2039
153925,2,0,0,-1,-1,-1
155254,1,1,0,148,3746,3676
154875,1,1,0,202,4250,4142
0,0,0,0,-1,-1,-1
153590,2,0,0,-1,-1,-1
155052,1,0,1,142,3431,3363
154666,1,1,0,0,7452,7452
154427,1,0,1,114,3597,3536
153600,2,0,0,-1,-1,-1
154851,2,0,0,-1,-1,-1
154148,2,0,0,-1,-1,-1
154535,1,1,0,90,2064,2017
0,0,0,0,-1,-1,-1
155246,2,0,0,-1,-1,-1
154129,1,0,1,118,2756,2691
154431,2,0,0,-1,-1,-1
153475,2,0,0,-1,-1,-1
154324,2,0,0,-1,-1,-1
155065,1,1,0,57,3825,3801
0,0,0,0,-1,-1,-1
0,0,0,0,-1,-1,-1
0,0,0,0,-1,-1,-1
155271,1,1,-1,192,11844,11746
153561,2,0,0,-1,-1,-1
0,0,0,0,-1,-1,-1
154484,2,0,0,-1,-1,-1
154198,2,0,0,-1,-1,-1
154995,1,0,1,0,8096,8096
154552,1,0,1,135,12462,12404
154831,1,0,1,131,1283,1230
154797,1,1,0,140,2382,2333
154810,1,1,0,182,1187,1118
155350,1,1,0,200,6529,6442
153894,1,0,1,41,2302,2274
153811,2,0,0,-1,-1,-1
154310,1,1,0,94,3400,3354
154864,1,1,0,102,3163,3090
0,0,0,0,-1,-1,-1
154785,1,1,0,41,15640,15620
0,0,0,0,-1,-1,-1
0,0,0,0,-1,-1,-1
0,0,0,0,-1,-1,-1
154721,1,1,1,114,2959,2895
154900,1,1,0,53,1634,1602
154378,1,1,-1,191,5627,5559
154899,2,0,0,-1,-1,-1
154357,2,0,0,-1,-1,-1
0,0,0,0,-1,-1,-1
155222,1,0,1,40,1549,1532
154592,1,1,0,29,5718,5706
153940,1,0,1,55,3341,3292
154668,1,1,0,68,3232,3208
154482,1,1,0,48,1138,1115
152674,2,0,0,-1,-1,-1
152363,2,0,0,-1,-1,-1
0,0,0,0,-1,-1,-1
153991,2,0,0,-1,-1,-1
0,0,0,0,-1,-1,-1
0,0,0,0,-1,-1,-1
153814,1,1,0,65,5125,5103
0,0,0,0,-1,-1,-1
153995,2,0,0,-1,-1,-1
0,0,0,0,-1,-1,-1
155029,2,0,0,-1,-1,-1
153496,1,1,0,23,7464,7448
0,0,0,0,-1,-1,-1
0,0,0,0,-1,-1,-1
154302,2,0,0,-1,-1,-1
0,0,0,0,-1,-1,-1
152698,2,0,0,-1,-1,-1
154562,2,0,0,-1,-1,-1
0,0,0,0,-1,-1,-1
0,0,0,0,-1,-1,-1
155042,1,1,0,70,1130,1106
0,0,0,0,-1,-1,-1
154501,1,1,0,203,3239,3150
154221,2,0,0,-1,-1,-1
154188,2,0,0,-1,-1,-1
0,0,0,0,-1,-1,-1
0,0,0,0,-1,-1,-1
154711,2,0,0,-1,-1,-1
155041,1,1,0,123,3682,3613
0,0,0,0,-1,-1,-1
154150,2,0,0,-1,-1,-1
0,0,0,0,-1,-1,-1
155175,1,1,0,60,3784,3769
0,0,0,0,-1,-1,-1
154212,2,0,0,-1,-1,-1
154109,2,0,0,-1,-1,-1
0,0,0,0,-1,-1,-1
0,0,0,0,-1,-1,-1
154539,1,0,1,201,2432,2365
154740,2,0,0,-1,-1,-1
152866,2,0,0,-1,-1,-1
154435,2,0,0,-1,-1,-1
154517,1,1,0,117,3348,3290
154948,1,1,0,128,4901,4845
154844,1,1,0,61,1456,1436
154337,2,0,0,-1,-1,-1
0,0,0,0,-1,-1,-1
0,0,0,0,-1,-1,-1
153328,2,0,0,-1,-1,-1
155323,1,1,0,129,4982,4929
153871,2,0,0,-1,-1,-1
154052,1,1,0,0,6203,6203
154463,2,0,0,-1,-1,-1
154126,1,0,1,121,3219,3179
155016,1,1,1,108,5990,5922
0,0,0,0,-1,-1,-1
155356,1,1,0,137,9892,9821
154128,1,1,0,74,3123,3095
154954,1,1,1,151,3090,3020
0,0,0,0,-1,-1,-1
0,0,0,0,-1,-1,-1
153724,1,0,1,231,1677,1571
153832,1,1,0,206,6935,6847
155232,1,0,1,23,8826,8800
0,0,0,0,-1,-1,-1
0,0,0,0,-1,-1,-1
155163,2,0,0,-1,-1,-1
0,0,0,0,-1,-1,-1
153753,1,1,0,123,1811,1757
155126,1,1,0,103,3443,3376
0,0,0,0,-1,-1,-1
153369,1,1,0,118,14996,14938
154172,2,0,0,-1,-1,-1
155242,1,1,0,32,4735,4729
0,0,0,0,-1,-1,-1
154851,1,0,1,0,7854,7854
155268,1,1,0,84,6728,6688
154387,2,0,0,-1,-1,-1
155121,1,0,1,52,8616,8586
0,0,0,0,-1,-1,-1
153636,2,0,0,-1,-1,-1
154818,1,0,1,63,4589,4552
154018,2,0,0,-1,-1,-1
153386,1,0,1,242,3264,3143
0,0,0,0,-1,-1,-1
155038,1,1,0,85,6660,6588
155379,1,1,0,41,7275,7254
0,0,0,0,-1,-1,-1
154555,2,0,0,-1,-1,-1
155367,1,1,0,0,5703,5703
154815,1,1,0,108,4716,4676
155076,1,1,-1,117,1364,1297
153863,1,1,0,120,3423,3369
153974,2,0,0,-1,-1,-1
0,0,0,0,-1,-1,-1
0,0,0,0,-1,-1,-1
154680,1,0,1,81,6534,6502
155148,1,1,-1,134,2099,2036
154775,2,0,0,-1,-1,-1
154264,1,0,1,0,14040,14040
153142,1,0,1,32,1022,1006
0,0,0,0,-1,-1,-1
0,0,0,0,-1,-1,-1
153548,2,0,0,-1,-1,-1
0,0,0,0,-1,-1,-1
155035,1,1,-1,39,4882,4858
154686,1,1,1,73,18212,18190
154985,1,0,1,24,10172,10165
155055,1,1,0,0,13098,13098
155158,1,0,1,20,5253,5244
154905,2,0,0,-1,-1,-1
154727,2,0,0,-1,-1,-1
0,0,0,0,-1,-1,-1
155374,1,0,1,8,404,405
0,0,0,0,-1,-1,-1
154423,1,1,0,139,3262,3208
154714,2,0,0,-1,-1,-1
0,0,0,0,-1,-1,-1
0,0,0,0,-1,-1,-1
154298,1,1,0,59,2510,2483
155222,1,0,1,256,5133,5020
154236,2,0,0,-1,-1,-1
153860,2,0,0,-1,-1,-1
0,0,0,0,-1,-1,-1
155378,1,1,1,125,3811,3760
154245,1,0,1,149,2422,2323
155183,1,0,1,115,4693,4626
154901,1,1,-1,124,3299,3236
155142,1,1,-1,222,4443,4314
154499,2,0,0,-1,-1,-1
153719,2,0,0,-1,-1,-1
155273,2,0,0,-1,-1,-1
155053,1,0,1,29,4778,4763
0,0,0,0,-1,-1,-1
0,0,0,0,-1,-1,-1
0,0,0,0,-1,-1,-1
155111,1,0,1,193,3732,3665
153862,2,0,0,-1,-1,-1
154495,1,0,1,64,6116,6094
0,0,0,0,-1,-1,-1
153383,1,1,0,7,1954,1953
0,0,0,0,-1,-1,-1
154134,1,0,1,148,3711,3644
153987,1,0,1,0,5286,5286
0,0,0,0,-1,-1,-1
0,0,0,0,-1,-1,-1
154768,2,0,0,-1,-1,-1
0,0,0,0,-1,-1,-1
154494,1,0,1,171,2568,2485
0,0,0,0,-1,-1,-1
154490,1,1,0,100,2235,2200
154336,2,0,0,-1,-1,-1
152609,2,0,0,-1,-1,-1
154270,2,0,0,-1,-1,-1
153559,2,0,0,-1,-1,-1
155282,1,1,0,232,3242,3121
154729,2,0,0,-1,-1,-1
0,0,0,0,-1,-1,-1
153209,1,1,0,116,1483,1422
154980,2,0,0,-1,-1,-1
153846,2,0,0,-1,-1,-1
153047,2,0,0,-1,-1,-1
0,0,0,0,-1,-1,-1
0,0,0,0,-1,-1,-1
154294,1,1,1,321,5794,5631
0,0,0,0,-1,-1,-1
154076,1,0,1,219,1995,1916
153972,1,0,1,183,5359,5274
0,0,0,0,-1,-1,-1
0,0,0,0,-1,-1,-1
0,0,0,0,-1,-1,-1
154907,1,0,1,0,212,212
155333,1,1,0,132,4299,4228
153709,1,0,1,0,6536,6536
152818,1,0,1,96,13068,13017
0,0,0,0,-1,-1,-1
154322,1,0,1,0,11858,11858
154839,1,0,1,120,5639,5600
155062,2,0,0,-1,-1,-1
155290,1,0,1,193,2081,2006
155120,1,1,1,122,4638,4585
154906,1,1,0,42,3520,3505
0,0,0,0,-1,-1,-1
0,0,0,0,-1,-1,-1
0,0,0,0,-1,-1,-1
154880,1,0,1,229,2743,2603
155237,1,1,0,76,1418,1387
155065,1,0,1,167,2916,2801
154838,2,0,0,-1,-1,-1
154536,1,1,0,96,4831,4775
154857,1,0,1,215,3160,3058
0,0,0,0,-1,-1,-1
0,0,0,0,-1,-1,-1
153344,1,1,0,44,3958,3941
155307,1,0,1,0,929,929
0,0,0,0,-1,-1,-1
153528,1,0,1,123,2445,2399
153519,2,0,0,-1,-1,-1
154891,1,1,0,137,3163,3102
153485,1,1,-1,118,2890,2830
0,0,0,0,-1,-1,-1
154336,2,0,0,-1,-1,-1
153758,1,0,1,53,9224,9216
0,0,0,0,-1,-1,-1
155107,1,0,1,29,7496,7489
153850,2,0,0,-1,-1,-1
154716,1,1,0,132,3389,3308
0,0,0,0,-1,-1,-1
155008,1,0,1,98,6924,6859
153923,2,0,0,-1,-1,-1
0,0,0,0,-1,-1,-1
0,0,0,0,-1,-1,-1
0,0,0,0,-1,-1,-1
153469,1,0,1,0,4273,4273
0,0,0,0,-1,-1,-1
0,0,0,0,-1,-1,-1
154709,1,0,1,112,5236,5182
155222,1,1,0,49,3910,3886
0,0,0,0,-1,-1,-1
0,0,0,0,-1,-1,-1
0,0,0,0,-1,-1,-1
153873,1,1,0,1,3746,3739
154197,2,0,0,-1,-1,-1
153971,1,0,1,153,4264,4196
155013,2,0,0,-1,-1,-1
152853,2,0,0,-1,-1,-1
154048,2,0,0,-1,-1,-1
154619,1,0,1,181,6071,5997
154074,2,0,0,-1,-1,-1
0,0,0,0,-1,-1,-1
155137,1,1,0,112,5872,5821
154246,2,0,0,-1,-1,-1
154540,2,0,0,-1,-1,-1
155186,1,1,0,191,1014,892
0,0,0,0,-1,-1,-1
154157,1,0,1,213,4696,4592
153963,1,0,1,143,5552,5483
153758,2,0,0,-1,-1,-1
0,0,0,0,-1,-1,-1
152636,1,0,1,0,18048,18048
155107,2,0,0,-1,-1,-1
0,0,0,0,-1,-1,-1
153387,2,0,0,-1,-1,-1
154884,2,0,0,-1,-1,-1
154314,2,0,0,-1,-1,-1
154758,1,0,1,28,3071,3044
153389,2,0,0,-1,-1,-1
0,0,0,0,-1,-1,-1
155176,1,0,1,147,2549,2470
154997,1,0,1,0,13157,13157
153431,1,1,0,134,3251,3201
154371,2,0,0,-1,-1,-1
155101,1,0,1,117,5259,5213
0,0,0,0,-1,-1,-1
154389,2,0,0,-1,-1,-1
0,0,0,0,-1,-1,-1
154395,2,0,0,-1,-1,-1
0,0,0,0,-1,-1,-1
154325,1,1,1,129,2815,2739
153755,2,0,0,-1,-1,-1
154875,1,1,1,153,2406,2360
154434,2,0,0,-1,-1,-1
0,0,0,0,-1,-1,-1
0,0,0,0,-1,-1,-1
154373,1,1,0,93,4019,3962
152753,2,0,0,-1,-1,-1
153236,2,0,0,-1,-1,-1
0,0,0,0,-1,-1,-1
0,0,0,0,-1,-1,-1
152067,2,0,0,-1,-1,-1
154769,1,0,1,156,4665,4585
0,0,0,0,-1,-1,-1
154435,1,1,-1,143,6879,6813
0,0,0,0,-1,-1,-1
154084,1,1,0,143,3930,3873
155094,1,0,1,138,3292,3227
0,0,0,0,-1,-1,-1
154977,1,1,0,143,8049,7967
154006,2,0,0,-1,-1,-1
153992,2,0,0,-1,-1,-1
154775,1,0,1,138,6051,5983
153094,1,0,1,5,11095,11093
0,0,0,0,-1,-1,-1
0,0,0,0,-1,-1,-1
155060,1,1,0,84,3273,3221
153695,2,0,0,-1,-1,-1
0,0,0,0,-1,-1,-1
154631,2,0,0,-1,-1,-1
154321,1,0,1,50,2771,2733
0,0,0,0,-1,-1,-1
0,0,0,0,-1,-1,-1
0,0,0,0,-1,-1,-1
155160,2,0,0,-1,-1,-1
0,0,0,0,-1,-1,-1
154726,2,0,0,-1,-1,-1
154302,1,1,0,101,4139,4091
153788,1,1,0,188,3102,3001
0,0,0,0,-1,-1,-1
0,0,0,0,-1,-1,-1
153381,2,0,0,-1,-1,-1
154411,2,0,0,-1,-1,-1
155158,1,1,-1,76,3352,3330
0,0,0,0,-1,-1,-1
0,0,0,0,-1,-1,-1
0,0,0,0,-1,-1,-1
154429,2,0,0,-1,-1,-1
0,0,0,0,-1,-1,-1
154580,1,0,1,157,9248,9155
155111,1,1,0,85,2780,2739
155007,1,1,0,43,2269,2247
153698,2,0,0,-1,-1,-1
0,0,0,0,-1,-1,-1
0,0,0,0,-1,-1,-1
153893,2,0,0,-1,-1,-1
155110,1,0,1,71,4571,4533
0,0,0,0,-1,-1,-1
0,0,0,0,-1,-1,-1
155093,1,1,0,11,12880,12877
153976,2,0,0,-1,-1,-1
0,0,0,0,-1,-1,-1
154679,2,0,0,-1,-1,-1
153971,2,0,0,-1,-1,-1
154841,2,0,0,-1,-1,-1
155078,1,0,1,39,1764,1750
155162,1,0,1,64,3145,3115
154934,1,1,1,115,11404,11360
154292,2,0,0,-1,-1,-1
0,0,0,0,-1,-1,-1
155244,1,1,0,111,1614,1561
154828,2,0,0,-1,-1,-1
153352,2,0,0,-1,-1,-1
153951,1,0,1,48,2305,2290
153769,2,0,0,-1,-1,-1
155051,1,0,1,57,3918,3883
154985,2,0,0,-1,-1,-1
154650,2,0,0,-1,-1,-1
155296,2,0,0,-1,-1,-1
154857,1,0,1,67,21515,21482
0,0,0,0,-1,-1,-1
153253,1,1,0,27,2225,2220
0,0,0,0,-1,-1,-1
154452,2,0,0,-1,-1,-1
154908,1,1,0,2,3488,3486
0,0,0,0,-1,-1,-1
152883,2,0,0,-1,-1,-1
155063,2,0,0,-1,-1,-1
154130,1,1,0,0,6348,6348
0,0,0,0,-1,-1,-1
155228,1,0,1,76,4052,4019
155210,1,1,0,55,5302,5267
153890,1,1,0,130,3343,3288
154133,2,0,0,-1,-1,-1
155211,1,0,1,69,8118,8093
154573,1,0,1,0,4727,4727
154548,1,1,1,116,10342,10292
155033,2,0,0,-1,-1,-1
0,0,0,0,-1,-1,-1
155065,2,0,0,-1,-1,-1
0,0,0,0,-1,-1,-1
153165,1,1,0,231,3346,3232
154836,1,1,-1,168,8315,8244
153541,1,1,0,46,2214,2196
152893,1,0,1,80,3687,3655
154415,1,1,1,154,6716,6639
154793,1,1,1,155,3210,3147
0,0,0,0,-1,-1,-1
0,0,0,0,-1,-1,-1
153289,1,1,-1,167,4529,4466
0,0,0,0,-1,-1,-1
153468,1,1,0,185,4988,4910
0,0,0,0,-1,-1,-1
153175,2,0,0,-1,-1,-1
154471,2,0,0,-1,-1,-1
155003,1,1,0,181,2717,2670
154608,2,0,0,-1,-1,-1
0,0,0,0,-1,-1,-1
155330,1,1,0,173,8368,8289
154149,1,0,1,67,4523,4486
153803,1,0,1,44,5462,5448
155023,2,0,0,-1,-1,-1
154388,1,0,1,208,8617,8534
154120,1,1,0,113,1589,1537
153676,2,0,0,-1,-1,-1
0,0,0,0,-1,-1,-1
154870,2,0,0,-1,-1,-1
0,0,0,0,-1,-1,-1
0,0,0,0,-1,-1,-1
154629,2,0,0,-1,-1,-1
154485,1,1,0,234,3090,2979
155146,1,0,1,101,2479,2423
155135,1,1,1,106,12128,12070
154959,1,1,0,135,1945,1891
154577,1,1,0,88,4631,4581
154843,1,1,0,53,3761,3733
154292,1,0,1,198,4089,3979
155239,1,1,-1,30,8566,8558
0,0,0,0,-1,-1,-1
154336,1,1,0,159,12909,12847
152432,1,1,0,59,2023,1997
155244,2,0,0,-1,-1,-1
0,0,0,0,-1,-1,-1
152227,2,0,0,-1,-1,-1
154541,2,0,0,-1,-1,-1
0,0,0,0,-1,-1,-1
155048,1,0,1,61,12054,12040
0,0,0,0,-1,-1,-1
154747,1,1,0,223,5718,5607
0,0,0,0,-1,-1,-1
154250,1,0,1,75,3126,3096
154561,1,1,0,86,6189,6141
0,0,0,0,-1,-1,-1
154820,2,0,0,-1,-1,-1
0,0,0,0,-1,-1,-1
155171,1,1,0,6,1397,1392
154009,2,0,0,-1,-1,-1
0,0,0,0,-1,-1,-1
155254,1,1,0,322,4062,3909
0,0,0,0,-1,-1,-1
0,0,0,0,-1,-1,-1
154671,1,1,0,148,7965,7894
153805,2,0,0,-1,-1,-1
0,0,0,0,-1,-1,-1
154647,1,1,0,23,5178,5164
155082,1,0,1,53,16988,16969
153690,2,0,0,-1,-1,-1
155373,1,1,0,244,2848,2744
0,0,0,0,-1,-1,-1
153758,2,0,0,-1,-1,-1
153139,2,0,0,-1,-1,-1
155069,1,0,1,29,1052,1026
153930,2,0,0,-1,-1,-1
155056,1,1,0,0,5954,5954
154902,2,0,0,-1,-1,-1
154417,2,0,0,-1,-1,-1
154207,1,0,1,20,3680,3669
0,0,0,0,-1,-1,-1
154948,1,0,1,134,1734,1668
155098,1,0,1,49,8380,8351
154763,2,0,0,-1,-1,-1
154475,2,0,0,-1,-1,-1
155312,1,1,0,188,2570,2512
154681,1,1,0,17,5933,5914
155111,2,0,0,-1,-1,-1
154854,2,0,0,-1,-1,-1
155038,2,0,0,-1,-1,-1
154350,1,0,1,100,6340,6290
154160,2,0,0,-1,-1,-1
0,0,0,0,-1,-1,-1
0,0,0,0,-1,-1,-1
0,0,0,0,-1,-1,-1
155329,1,1,0,97,3859,3806
154533,1,1,0,162,1644,1578
155332,1,1,1,282,7845,7736
155061,1,1,0,76,1144,1100
0,0,0,0,-1,-1,-1
155120,1,1,0,141,2525,2469
154045,1,1,0,136,1252,1190
155124,1,0,1,51,2314,2299
154560,1,1,1,226,3776,3676
155128,1,1,0,0,4465,4465
0,0,0,0,-1,-1,-1
154720,1,1,-1,303,3789,3664
154916,2,0,0,-1,-1,-1
0,0,0,0,-1,-1,-1
154681,1,0,1,14,4244,4232
153481,2,0,0,-1,-1,-1
153822,1,1,-1,163,6879,6819
154072,1,0,1,0,9828,9828
0,0,0,0,-1,-1,-1
0,0,0,0,-1,-1,-1
0,0,0,0,-1,-1,-1
154779,2,0,0,-1,-1,-1
154898,2,0,0,-1,-1,-1
154824,2,0,0,-1,-1,-1
153410,2,0,0,-1,-1,-1
154410,1,0,1,153,3378,3329
0,0,0,0,-1,-1,-1
0,0,0,0,-1,-1,-1
0,0,0,0,-1,-1,-1
154319,1,1,0,168,10289,10218
154462,1,1,0,135,3577,3513
154614,1,1,-1,134,6845,6800
154464,2,0,0,-1,-1,-1
155143,2,0,0,-1,-1,-1
155133,1,0,1,59,2207,2183
152297,2,0,0,-1,-1,-1
0,0,0,0,-1,-1,-1
154607,2,0,0,-1,-1,-1
153412,1,0,1,0,8147,8147
0,0,0,0,-1,-1,-1
155020,1,0,1,173,7577,7505
153412,2,0,0,-1,-1,-1
154859,1,1,0,53,2231,2206
154605,2,0,0,-1,-1,-1
155246,1,0,1,0,10670,10670
154999,1,0,1,24,6638,6627
153134,1,1,0,97,3903,3869
0,0,0,0,-1,-1,-1
153466,2,0,0,-1,-1,-1
155139,1,1,0,94,2665,2617
154201,1,1,0,0,5639,5639
155360,1,1,0,0,10442,10442
155095,2,0,0,-1,-1,-1
0,0,0,0,-1,-1,-1
154237,2,0,0,-1,-1,-1
155354,1,1,0,0,2432,2432
0,0,0,0,-1,-1,-1
154030,2,0,0,-1,-1,-1
153834,1,0,1,0,7388,7388
155257,1,0,1,132,2966,2916
0,0,0,0,-1,-1,-1
154810,1,1,1,36,18394,18370
0,0,0,0,-1,-1,-1
154960,2,0,0,-1,-1,-1
153497,1,0,1,119,3420,3356
0,0,0,0,-1,-1,-1
0,0,0,0,-1,-1,-1
154993,1,0,1,80,2023,1990
152945,2,0,0,-1,-1,-1
153608,2,0,0,-1,-1,-1
0,0,0,0,-1,-1,-1
154239,1,1,-1,171,4990,4917
154231,2,0,0,-1,-1,-1
155069,1,0,1,148,2405,2318
154038,1,1,-1,63,9864,9831
155359,1,0,1,131,4563,4506
0,0,0,0,-1,-1,-1
154671,1,1,0,85,5051,5031
154491,1,1,1,90,16515,16476
154631,2,0,0,-1,-1,-1
154130,1,1,-1,254,13413,13312
154019,2,0,0,-1,-1,-1
153785,2,0,0,-1,-1,-1
153305,1,0,1,103,4285,4223
0,0,0,0,-1,-1,-1
153514,2,0,0,-1,-1,-1
152298,2,0,0,-1,-1,-1
155198,1,0,1,44,4252,4235
0,0,0,0,-1,-1,-1
154906,1,1,0,0,1258,1258
154561,1,0,1,150,8964,8910
0,0,0,0,-1,-1,-1
155011,1,1,0,77,6919,6895
154945,1,1,0,169,1664,1598
0,0,0,0,-1,-1,-1
0,0,0,0,-1,-1,-1
155275,1,1,0,35,4493,4471
0,0,0,0,-1,-1,-1
152861,2,0,0,-1,-1,-1
154846,2,0,0,-1,-1,-1
0,0,0,0,-1,-1,-1
154665,1,0,1,161,1896,1821
153838,2,0,0,-1,-1,-1
154726,1,1,0,108,2474,2414
155310,2,0,0,-1,-1,-1
155307,1,1,-1,329,4085,3905
155040,1,1,0,84,1977,1953
0,0,0,0,-1,-1,-1
0,0,0,0,-1,-1,-1
155372,1,1,0,25,10395,10382
0,0,0,0,-1,-1,-1
153450,2,0,0,-1,-1,-1
0,0,0,0,-1,-1,-1
0,0,0,0,-1,-1,-1
154277,2,0,0,-1,-1,-1
154440,2,0,0,-1,-1,-1
0,0,0,0,-1,-1,-1
154945,1,1,0,134,2360,2292
154737,1,0,1,98,8165,8113
154142,1,1,0,44,11201,11186
154918,1,1,1,283,8007,7830
154808,1,0,1,0,17066,17066
155194,1,0,1,146,1585,1501
0,0,0,0,-1,-1,-1
0,0,0,0,-1,-1,-1
0,0,0,0,-1,-1,-1
0,0,0,0,-1,-1,-1
150658,2,0,0,-1,-1,-1
153508,1,0,1,189,2347,2262
154349,1,1,1,68,4113,4076
0,0,0,0,-1,-1,-1
154748,1,0,1,55,2234,2205
155199,1,1,1,66,3902,3880
153894,2,0,0,-1,-1,-1
154777,2,0,0,-1,-1,-1
154543,1,0,1,129,2608,2536
0,0,0,0,-1,-1,-1
155066,1,1,0,76,6149,6123
0,0,0,0,-1,-1,-1
154588,1,0,1,0,3120,3120
154918,1,1,0,73,1489,1448
154854,1,0,1,159,6358,6282
155303,1,1,0,3,8263,8261
0,0,0,0,-1,-1,-1
154611,1,1,-1,65,4336,4314
153043,1,0,1,133,2843,2775
0,0,0,0,-1,-1,-1
0,0,0,0,-1,-1,-1
155225,1,1,0,237,5440,5313
153343,1,1,0,85,3167,3105
154722,1,0,1,51,3257,3229
152794,1,1,0,46,3907,3890
154342,2,0,0,-1,-1,-1
0,0,0,0,-1,-1,-1
0,0,0,0,-1,-1,-1
154473,1,1,0,205,2964,2885
155301,1,0,1,21,6868,6861
154559,1,1,0,179,3819,3722
0,0,0,0,-1,-1,-1
155292,1,1,0,0,5676,5676
155200,2,0,0,-1,-1,-1
154479,2,0,0,-1,-1,-1
154778,2,0,0,-1,-1,-1
153920,2,0,0,-1,-1,-1
0,0,0,0,-1,-1,-1
0,0,0,0,-1,-1,-1
155375,1,1,0,72,3311,3269
0,0,0,0,-1,-1,-1
155379,1,1,0,194,2084,1969
155218,1,1,0,140,2739,2690
154943,1,1,0,26,12086,12078
154444,2,0,0,-1,-1,-1
154148,1,1,0,2,10163,10163
154913,1,0,1,211,2781,2694
155109,1,1,1,123,7480,7407
155098,1,0,1,123,1964,1902
154421,1,1,1,275,3795,3646
155376,1,1,-1,147,3229,3167
155144,1,0,1,0,3538,3538
0,0,0,0,-1,-1,-1
0,0,0,0,-1,-1,-1
0,0,0,0,-1,-1,-1
0,0,0,0,-1,-1,-1
155263,1,1,0,0,4815,4815
0,0,0,0,-1,-1,-1
154339,2,0,0,-1,-1,-1
155058,2,0,0,-1,-1,-1
0,0,0,0,-1,-1,-1
0,0,0,0,-1,-1,-1
155228,1,1,-1,149,8694,8627
0,0,0,0,-1,-1,-1
153427,2,0,0,-1,-1,-1
153369,1,1,0,104,2077,2030
154809,1,0,1,111,4316,4267
0,0,0,0,-1,-1,-1
154714,2,0,0,-1,-1,-1
152285,1,0,1,19,4006,3991
153709,2,0,0,-1,-1,-1
0,0,0,0,-1,-1,-1
0,0,0,0,-1,-1,-1
154234,1,0,1,76,2481,2452
153325,2,0,0,-1,-1,-1
154205,2,0,0,-1,-1,-1
0,0,0,0,-1,-1,-1
152363,1,1,0,94,5045,4992
0,0,0,0,-1,-1,-1
0,0,0,0,-1,-1,-1
153346,2,0,0,-1,-1,-1
153879,1,1,0,92,8587,8540
155224,1,1,0,188,5035,4943
154572,1,0,1,232,2979,2868
154878,1,1,0,0,15485,15485
153397,1,0,1,79,3901,3858
154235,1,1,-1,86,4486,4434
155240,1,0,1,102,2437,2381
153213,2,0,0,-1,-1,-1
154930,1,1,0,225,3938,3839
153866,1,1,0,0,5852,5852
0,0,0,0,-1,-1,-1
154991,2,0,0,-1,-1,-1
0,0,0,0,-1,-1,-1
154804,1,0,1,138,1206,1148
154539,2,0,0,-1,-1,-1
155276,1,0,1,56,1747,1727
153256,1,0,1,285,12809,12672
154134,2,0,0,-1,-1,-1
155308,1,1,0,137,3578,3492
153846,2,0,0,-1,-1,-1
0,0,0,0,-1,-1,-1
154133,1,1,0,94,1588,1530
153665,2,0,0,-1,-1,-1
153991,2,0,0,-1,-1,-1
154025,2,0,0,-1,-1,-1
153968,1,0,1,196,2295,2210
153955,2,0,0,-1,-1,-1
0,0,0,0,-1,-1,-1
0,0,0,0,-1,-1,-1
155174,1,1,0,121,4003,3952
154628,2,0,0,-1,-1,-1
154880,2,0,0,-1,-1,-1
154701,1,0,1,146,16732,16680
155031,1,0,1,129,4332,4285
155209,1,1,0,112,5133,5077
153498,2,0,0,-1,-1,-1
154431,1,0,1,129,7009,6949
154973,1,0,1,109,4946,4907
154360,2,0,0,-1,-1,-1
154638,1,1,0,0,6958,6958
154216,2,0,0,-1,-1,-1
154444,2,0,0,-1,-1,-1
153678,2,0,0,-1,-1,-1
155118,1,1,0,70,4888,4866
154071,2,0,0,-1,-1,-1
154842,2,0,0,-1,-1,-1
0,0,0,0,-1,-1,-1
153820,1,0,1,15,1927,1914
0,0,0,0,-1,-1,-1
155118,1,1,0,165,4650,4573
155191,1,0,1,132,4657,4598
0,0,0,0,-1,-1,-1
0,0,0,0,-1,-1,-1
0,0,0,0,-1,-1,-1
154782,2,0,0,-1,-1,-1
154529,1,1,0,97,5870,5820
154209,1,0,1,59,4062,4030
155317,1,1,1,144,14078,14005
154664,1,0,1,0,7884,7884
154107,2,0,0,-1,-1,-1
155203,2,0,0,-1,-1,-1
0,0,0,0,-1,-1,-1
0,0,0,0,-1,-1,-1
152145,2,0,0,-1,-1,-1
154594,1,0,1,111,8046,7993
153169,1,1,0,98,4397,4354
154588,1,0,1,153,10228,10128
151488,1,1,0,168,1653,1566
153480,2,0,0,-1,-1,-1
154249,2,0,0,-1,-1,-1
0,0,0,0,-1,-1,-1
153261,2,0,0,-1,-1,-1
154914,2,0,0,-1,-1,-1
153193,1,0,1,88,2494,2458
154987,1,0,1,70,2142,2101
155229,1,1,0,157,3065,3005
153364,2,0,0,-1,-1,-1
154067,1,1,0,114,3602,3551
153645,2,0,0,-1,-1,-1
153820,2,0,0,-1,-1,-1
0,0,0,0,-1,-1,-1
0,0,0,0,-1,-1,-1
0,0,0,0,-1,-1,-1
154589,1,0,1,106,2185,2135
0,0,0,0,-1,-1,-1
154507,1,1,0,94,4315,4271
154495,1,1,0,68,2287,2260
0,0,0,0,-1,-1,-1
153688,2,0,0,-1,-1,-1
154589,1,1,0,159,1147,1076
0,0,0,0,-1,-1,-1
154987,2,0,0,-1,-1,-1
154598,2,0,0,-1,-1,-1
154235,2,0,0,-1,-1,-1
0,0,0,0,-1,-1,-1
154307,2,0,0,-1,-1,-1
154298,1,0,1,123,2537,2481
154125,2,0,0,-1,-1,-1
153621,2,0,0,-1,-1,-1
153990,1,1,0,22,5700,5691
155156,2,0,0,-1,-1,-1
155356,1,0,1,84,2219,2168
154041,1,1,0,67,3375,3332
152180,1,1,0,146,8301,8226
153397,2,0,0,-1,-1,-1
152908,1,0,1,41,5871,5855
0,0,0,0,-1,-1,-1
0,0,0,0,-1,-1,-1
154639,2,0,0,-1,-1,-1
154122,2,0,0,-1,-1,-1
154806,1,1,0,179,5425,5328
155214,1,0,1,131,2841,2780
0,0,0,0,-1,-1,-1
154274,1,1,0,34,6721,6701
0,0,0,0,-1,-1,-1
154333,1,1,0,233,11071,10992
0,0,0,0,-1,-1,-1
153831,1,1,0,136,3819,3764
155074,1,1,0,22,2210,2201
155224,1,1,0,227,2545,2433
154665,1,1,1,141,6692,6632
0,0,0,0,-1,-1,-1
154049,2,0,0,-1,-1,-1
153486,1,0,1,140,2723,2651
154946,2,0,0,-1,-1,-1
154249,1,1,1,69,3819,3794
0,0,0,0,-1,-1,-1
155127,1,1,0,0,24598,24598
0,0,0,0,-1,-1,-1
0,0,0,0,-1,-1,-1
0,0,0,0,-1,-1,-1
154916,1,0,1,216,3878,3796
0,0,0,0,-1,-1,-1
155004,1,1,0,22,13513,13493
0,0,0,0,-1,-1,-1
0,0,0,0,-1,-1,-1
152590,2,0,0,-1,-1,-1
154797,1,0,1,0,808,808
0,0,0,0,-1,-1,-1
154484,2,0,0,-1,-1,-1
0,0,0,0,-1,-1,-1
154701,2,0,0,-1,-1,-1
154610,1,1,0,152,7991,7920
0,0,0,0,-1,-1,-1
154889,1,1,0,41,11565,11552
153566,1,0,1,77,5641,5601
155100,1,1,1,183,2997,2914
153916,2,0,0,-1,-1,-1
154514,1,1,0,0,16264,16264
154407,1,1,0,30,9774,9743
153567,2,0,0,-1,-1,-1
153883,2,0,0,-1,-1,-1
154850,2,0,0,-1,-1,-1
155060,1,1,0,70,7245,7212
0,0,0,0,-1,-1,-1
154312,2,0,0,-1,-1,-1
153352,2,0,0,-1,-1,-1
155068,1,1,0,122,9765,9692
0,0,0,0,-1,-1,-1
154818,2,0,0,-1,-1,-1
153127,2,0,0,-1,-1,-1
154437,2,0,0,-1,-1,-1
153986,1,0,1,112,4176,4120
0,0,0,0,-1,-1,-1
0,0,0,0,-1,-1,-1
154032,2,0,0,-1,-1,-1
154390,1,1,0,172,4347,4260
154493,2,0,0,-1,-1,-1
153394,2,0,0,-1,-1,-1
155111,1,0,1,20,1606,1603
155043,2,0,0,-1,-1,-1
0,0,0,0,-1,-1,-1
154803,1,1,0,149,3232,3149
0,0,0,0,-1,-1,-1
154299,2,0,0,-1,-1,-1
154323,1,0,1,21,941,928
154226,1,1,0,105,12596,12553
155150,1,0,1,143,1697,1639
153767,1,1,0,198,1791,1721
151797,2,0,0,-1,-1,-1
0,0,0,0,-1,-1,-1
0,0,0,0,-1,-1,-1
154082,2,0,0,-1,-1,-1
0,0,0,0,-1,-1,-1
153985,1,1,0,71,3704,3678
153867,1,1,0,113,4601,4527
0,0,0,0,-1,-1,-1
155022,1,0,1,158,5464,5402
153862,2,0,0,-1,-1,-1
154885,1,1,0,103,6986,6944
153805,2,0,0,-1,-1,-1
0,0,0,0,-1,-1,-1
0,0,0,0,-1,-1,-1
0,0,0,0,-1,-1,-1
155143,1,1,0,163,6672,6586
0,0,0,0,-1,-1,-1
0,0,0,0,-1,-1,-1
153823,1,0,1,90,6080,6028
0,0,0,0,-1,-1,-1
154047,1,1,1,113,15024,14958
153344,1,1,0,33,5463,5433
0,0,0,0,-1,-1,-1
154150,2,0,0,-1,-1,-1
155147,1,1,0,89,26907,26871
153261,1,0,1,153,1744,1677
0,0,0,0,-1,-1,-1
154292,2,0,0,-1,-1,-1
0,0,0,0,-1,-1,-1
154430,2,0,0,-1,-1,-1
155220,1,1,0,0,3470,3470
154838,2,0,0,-1,-1,-1
154158,2,0,0,-1,-1,-1
153634,2,0,0,-1,-1,-1
154556,1,1,0,111,3927,3880
154679,1,1,0,62,3481,3456
155324,1,0,1,249,1728,1624
152812,1,1,0,192,2204,2098
152561,2,0,0,-1,-1,-1
0,0,0,0,-1,-1,-1
0,0,0,0,-1,-1,-1
154662,1,1,0,5,5598,5598
154626,1,1,0,149,2732,2659
155074,1,1,0,22,2799,2788
153693,1,1,0,17,8174,8168
154323,2,0,0,-1,-1,-1
154134,1,1,0,0,325,325
155095,1,1,-1,14,7002,6997
0,0,0,0,-1,-1,-1
153213,1,0,1,78,3678,3648
153885,1,1,-1,252,3344,3213
0,0,0,0,-1,-1,-1
154848,1,1,0,59,2116,2082
153569,2,0,0,-1,-1,-1
153788,2,0,0,-1,-1,-1
155373,1,0,1,107,7759,7684
154795,2,0,0,-1,-1,-1
154631,1,1,0,46,926,906
154504,2,0,0,-1,-1,-1
154902,1,1,0,0,796,796
0,0,0,0,-1,-1,-1
155325,1,1,0,294,3460,3306
0,0,0,0,-1,-1,-1
154008,2,0,0,-1,-1,-1
0,0,0,0,-1,-1,-1
155089,2,0,0,-1,-1,-1
155299,1,0,1,0,9659,9659
155138,1,1,0,4,4126,4123
154858,1,0,1,129,25728,25664
154433,1,0,1,359,5624,5445
155332,1,1,0,100,4400,4346
0,0,0,0,-1,-1,-1
0,0,0,0,-1,-1,-1
154720,2,0,0,-1,-1,-1
154922,1,1,0,138,4411,4339
154825,1,0,1,124,9341,9288
155076,1,1,0,90,2101,2035
153735,2,0,0,-1,-1,-1
155004,1,1,0,66,3367,3330
0,0,0,0,-1,-1,-1
154422,2,0,0,-1,-1,-1
0,0,0,0,-1,-1,-1
0,0,0,0,-1,-1,-1
0,0,0,0,-1,-1,-1
0,0,0,0,-1,-1,-1
155254,1,0,1,167,3951,3878
154662,1,1,0,0,8442,8442
0,0,0,0,-1,-1,-1
0,0,0,0,-1,-1,-1
0,0,0,0,-1,-1,-1
152652,1,0,1,148,2883,2826
154789,1,1,-1,106,3069,3012
0,0,0,0,-1,-1,-1
155152,1,1,0,216,1290,1191
154976,1,1,1,40,8608,8595
154106,1,1,0,88,12601,12541
0,0,0,0,-1,-1,-1
155018,1,0,1,23,1097,1085
153639,2,0,0,-1,-1,-1
0,0,0,0,-1,-1,-1
155155,1,0,1,238,2717,2612
151625,2,0,0,-1,-1,-1
155309,1,1,0,102,1158,1111
153952,2,0,0,-1,-1,-1
154121,1,1,0,40,1716,1702
0,0,0,0,-1,-1,-1
0,0,0,0,-1,-1,-1
154691,2,0,0,-1,-1,-1
0,0,0,0,-1,-1,-1
155296,1,0,1,0,6066,6066
154660,1,1,0,29,5981,5973
153243,2,0,0,-1,-1,-1
154440,1,0,1,34,5987,5982
0,0,0,0,-1,-1,-1
0,0,0,0,-1,-1,-1
0,0,0,0,-1,-1,-1
154853,2,0,0,-1,-1,-1
155330,1,0,1,1,2118,2114
0,0,0,0,-1,-1,-1
0,0,0,0,-1,-1,-1
0,0,0,0,-1,-1,-1
153466,2,0,0,-1,-1,-1
154873,1,1,0,44,5886,5859
154766,2,0,0,-1,-1,-1
154706,2,0,0,-1,-1,-1
154700,1,0,1,97,3860,3829
154320,1,0,1,64,14626,14592
153702,2,0,0,-1,-1,-1
154669,1,1,0,0,6223,6223
153923,2,0,0,-1,-1,-1
154906,1,0,1,50,7925,7897
152818,2,0,0,-1,-1,-1
153257,2,0,0,-1,-1,-1
155203,1,1,-1,131,14151,14092
0,0,0,0,-1,-1,-1
155339,1,1,0,47,4346,4322
0,0,0,0,-1,-1,-1
153714,2,0,0,-1,-1,-1
0,0,0,0,-1,-1,-1
154204,1,0,1,83,3345,3328
154776,2,0,0,-1,-1,-1
0,0,0,0,-1,-1,-1
151028,2,0,0,-1,-1,-1
155025,1,1,0,141,3714,3652
154404,2,0,0,-1,-1,-1
153260,1,1,0,12,3821,3818
0,0,0,0,-1,-1,-1
154461,2,0,0,-1,-1,-1
153640,2,0,0,-1,-1,-1
154598,1,1,-1,193,4385,4299
0,0,0,0,-1,-1,-1
155033,1,1,1,139,9392,9314
0,0,0,0,-1,-1,-1
155127,1,0,1,208,2376,2277
155322,1,0,1,158,2204,2135
0,0,0,0,-1,-1,-1
0,0,0,0,-1,-1,-1
155343,1,1,0,218,3638,3523
0,0,0,0,-1,-1,-1
153711,2,0,0,-1,-1,-1
155239,1,0,1,116,2923,2870
154045,1,1,1,191,7432,7354
154563,2,0,0,-1,-1,-1
154542,1,0,1,127,6403,6354
154815,2,0,0,-1,-1,-1
153279,1,1,0,50,7555,7536
153937,2,0,0,-1,-1,-1
0,0,0,0,-1,-1,-1
154211,1,0,1,46,6318,6297
154230,2,0,0,-1,-1,-1
155345,1,0,1,0,18156,18156
154997,1,1,0,0,5884,5884
154397,2,0,0,-1,-1,-1
0,0,0,0,-1,-1,-1
152552,2,0,0,-1,-1,-1
155297,1,0,1,104,5034,4996
155294,1,1,0,36,2653,2637
0,0,0,0,-1,-1,-1
154649,2,0,0,-1,-1,-1
0,0,0,0,-1,-1,-1
155120,1,0,1,103,5452,5411
152931,2,0,0,-1,-1,-1
153760,2,0,0,-1,-1,-1
155177,1,0,1,192,4205,4123
0,0,0,0,-1,-1,-1
154829,1,0,1,122,6725,6678
154817,1,0,1,181,3294,3226
0,0,0,0,-1,-1,-1
154966,2,0,0,-1,-1,-1
154913,1,1,0,205,4193,4108
154223,1,1,0,113,3267,3220
0,0,0,0,-1,-1,-1
153527,1,0,1,25,4937,4932
153304,2,0,0,-1,-1,-1
152298,1,1,0,114,5329,5262
154798,1,0,1,2,7749,7749
154957,1,0,1,56,3225,3207
153366,2,0,0,-1,-1,-1
0,0,0,0,-1,-1,-1
153240,2,0,0,-1,-1,-1
151466,2,0,0,-1,-1,-1
154766,1,0,1,52,3800,3764
154629,1,0,1,0,19777,19777
154539,1,1,0,187,3682,3604
0,0,0,0,-1,-1,-1
0,0,0,0,-1,-1,-1
0,0,0,0,-1,-1,-1
0,0,0,0,-1,-1,-1
0,0,0,0,-1,-1,-1
153261,2,0,0,-1,-1,-1
154718,1,0,1,115,10448,10410
0,0,0,0,-1,-1,-1
155207,1,1,1,183,12074,12001
155214,1,1,0,201,3647,3541
154732,2,0,0,-1,-1,-1
155109,1,1,0,151,4790,4717
154580,1,1,0,33,4863,4834
155009,1,1,-1,132,3020,2969
155285,1,1,1,52,8809,8791
0,0,0,0,-1,-1,-1
154675,1,1,0,58,4364,4346
0,0,0,0,-1,-1,-1
154701,1,0,1,0,17874,17874
0,0,0,0,-1,-1,-1
0,0,0,0,-1,-1,-1
0,0,0,0,-1,-1,-1
154324,2,0,0,-1,-1,-1
154487,1,1,0,0,3268,3268
155111,1,1,0,201,4249,4153
155314,1,1,1,127,12603,12548
0,0,0,0,-1,-1,-1
154508,2,0,0,-1,-1,-1
0,0,0,0,-1,-1,-1
154204,2,0,0,-1,-1,-1
154349,1,1,0,69,1752,1726
0,0,0,0,-1,-1,-1
0,0,0,0,-1,-1,-1
0,0,0,0,-1,-1,-1
154272,1,0,1,218,7843,7715
155129,2,0,0,-1,-1,-1
153829,1,1,0,110,2931,2886
153882,1,1,1,41,13329,13316
154498,1,1,0,51,2197,2166
154291,2,0,0,-1,-1,-1
155049,2,0,0,-1,-1,-1
154668,1,1,0,1,2595,2593
0,0,0,0,-1,-1,-1
154235,1,1,0,0,598,598
154120,2,0,0,-1,-1,-1
0,0,0,0,-1,-1,-1
155053,2,0,0,-1,-1,-1
0,0,0,0,-1,-1,-1
154509,2,0,0,-1,-1,-1
0,0,0,0,-1,-1,-1
154660,2,0,0,-1,-1,-1
154839,1,0,1,53,5212,5198
155206,2,0,0,-1,-1,-1
153485,2,0,0,-1,-1,-1
0,0,0,0,-1,-1,-1
0,0,0,0,-1,-1,-1
0,0,0,0,-1,-1,-1
153216,2,0,0,-1,-1,-1
154024,1,1,0,122,4472,4411
154270,1,1,0,123,2253,2214
152897,2,0,0,-1,-1,-1
155024,1,0,1,34,2438,2416
155025,1,0,1,174,7176,7101
154106,1,1,0,0,2996,2996
154863,1,0,1,0,8535,8535
155290,1,1,0,261,2695,2562
155320,1,1,0,145,3401,3344
0,0,0,0,-1,-1,-1
155090,1,0,1,0,5320,5320
153485,1,1,0,55,9042,9020
155377,1,0,1,101,1969,1905
152316,1,1,0,94,4298,4263
0,0,0,0,-1,-1,-1
0,0,0,0,-1,-1,-1
154404,1,1,0,185,5794,5708
0,0,0,0,-1,-1,-1
154305,2,0,0,-1,-1,-1
155249,1,0,1,152,3587,3513
154881,1,1,0,34,8223,8206
0,0,0,0,-1,-1,-1
0,0,0,0,-1,-1,-1
154171,2,0,0,-1,-1,-1
154450,1,0,1,195,2410,2321
154079,2,0,0,-1,-1,-1
155103,1,1,0,254,2517,2409
152961,2,0,0,-1,-1,-1
152872,2,0,0,-1,-1,-1
0,0,0,0,-1,-1,-1
0,0,0,0,-1,-1,-1
154922,1,1,0,41,3999,3979
153762,2,0,0,-1,-1,-1
0,0,0,0,-1,-1,-1
153435,2,0,0,-1,-1,-1
154890,1,1,-1,222,13771,13694
0,0,0,0,-1,-1,-1
155099,1,1,0,57,4452,4418
0,0,0,0,-1,-1,-1
155214,1,1,0,88,5561,5522
154842,1,1,0,125,4187,4124
154314,1,0,1,120,4419,4356
155141,1,1,1,188,6874,6791
154762,2,0,0,-1,-1,-1
154982,1,1,0,54,2387,2361
0,0,0,0,-1,-1,-1
154143,1,1,0,75,2898,2870
154891,1,1,0,0,396,396
0,0,0,0,-1,-1,-1
154112,2,0,0,-1,-1,-1
154691,1,0,1,179,2730,2631
0,0,0,0,-1,-1,-1
154586,2,0,0,-1,-1,-1
155220,1,1,0,21,510,499
155023,1,1,0,69,3228,3188
154899,2,0,0,-1,-1,-1
154101,1,0,1,164,1616,1539
154608,2,0,0,-1,-1,-1
154334,2,0,0,-1,-1,-1
154425,1,0,1,183,3270,3171
154079,2,0,0,-1,-1,-1
153430,2,0,0,-1,-1,-1
154545,1,0,1,212,3250,3153
155330,1,0,1,196,5322,5215
154997,1,0,1,164,11159,11094
0,0,0,0,-1,-1,-1
154478,2,0,0,-1,-1,-1
154532,2,0,0,-1,-1,-1
0,0,0,0,-1,-1,-1
154854,1,0,1,78,4625,4590
0,0,0,0,-1,-1,-1
0,0,0,0,-1,-1,-1
154975,1,0,1,122,6677,6618
155156,1,0,1,138,2058,1997
154784,1,0,1,60,982,951
154422,1,1,1,278,7533,7400
154719,1,1,1,257,4610,4499
0,0,0,0,-1,-1,-1
153830,1,1,0,44,14414,14403
0,0,0,0,-1,-1,-1
155092,1,1,-1,387,7403,7254
153151,1,1,0,64,2238,2221
0,0,0,0,-1,-1,-1
154984,1,0,1,96,3163,3119
154979,2,0,0,-1,-1,-1
154723,1,0,1,107,4207,4148
153452,2,0,0,-1,-1,-1
154867,1,1,0,88,1787,1757
154338,2,0,0,-1,-1,-1
155198,1,0,1,128,5336,5290
154565,1,1,0,113,2114,2034
154326,2,0,0,-1,-1,-1
0,0,0,0,-1,-1,-1
154568,2,0,0,-1,-1,-1
153395,2,0,0,-1,-1,-1
154095,1,1,0,79,3157,3119
153830,2,0,0,-1,-1,-1
155289,1,1,0,101,1050,1017
154305,1,1,0,25,1259,1251
0,0,0,0,-1,-1,-1
0,0,0,0,-1,-1,-1
0,0,0,0,-1,-1,-1
154477,1,1,0,168,4366,4255
154389,2,0,0,-1,-1,-1
0,0,0,0,-1,-1,-1
155286,1,1,0,132,7574,7493
0,0,0,0,-1,-1,-1
155379,1,1,-1,83,5481,5444
153907,2,0,0,-1,-1,-1
0,0,0,0,-1,-1,-1
0,0,0,0,-1,-1,-1
154289,2,0,0,-1,-1,-1
0,0,0,0,-1,-1,-1
0,0,0,0,-1,-1,-1
154061,1,1,0,96,1620,1576
0,0,0,0,-1,-1,-1
154659,1,0,1,8,7959,7950
153974,1,1,0,99,8502,8460
153774,1,1,0,222,3680,3543
153944,2,0,0,-1,-1,-1
154872,1,0,1,148,3049,2994
0,0,0,0,-1,-1,-1
155161,1,1,0,25,2603,2593
154645,2,0,0,-1,-1,-1
154337,2,0,0,-1,-1,-1
155006,1,0,1,124,5287,5240
154897,1,1,0,135,5744,5675
154836,1,1,1,217,4431,4304
154274,2,0,0,-1,-1,-1
154238,2,0,0,-1,-1,-1
0,0,0,0,-1,-1,-1
155198,1,0,1,185,2406,2332
154295,2,0,0,-1,-1,-1
154877,1,1,0,26,8476,8456
0,0,0,0,-1,-1,-1
0,0,0,0,-1,-1,-1
154328,1,1,0,87,2697,2666
155218,1,1,0,0,5679,5679
154859,1,0,1,44,9644,9621
152864,1,1,0,240,3896,3796
0,0,0,0,-1,-1,-1
154985,2,0,0,-1,-1,-1
153818,1,1,0,139,3336,3256
154567,1,1,0,19,5304,5299
0,0,0,0,-1,-1,-1
0,0,0,0,-1,-1,-1
155313,1,1,0,60,4311,4278
154505,2,0,0,-1,-1,-1
155275,1,1,1,223,2868,2739
155341,1,0,1,110,1342,1295
154986,2,0,0,-1,-1,-1
154541,2,0,0,-1,-1,-1
153387,1,1,0,0,16731,16731
154790,2,0,0,-1,-1,-1
0,0,0,0,-1,-1,-1
0,0,0,0,-1,-1,-1
0,0,0,0,-1,-1,-1
0,0,0,0,-1,-1,-1
154463,2,0,0,-1,-1,-1
154273,1,0,1,97,5603,5559
153633,2,0,0,-1,-1,-1
154779,1,1,0,0,3440,3440
154755,2,0,0,-1,-1,-1
0,0,0,0,-1,-1,-1
154724,2,0,0,-1,-1,-1
154118,2,0,0,-1,-1,-1
153841,1,1,0,148,2599,2537
154671,1,0,1,80,5287,5249
154383,2,0,0,-1,-1,-1
155344,1,0,1,26,4436,4424
154243,2,0,0,-1,-1,-1
154540,2,0,0,-1,-1,-1
153242,1,1,0,94,6919,6879
154635,2,0,0,-1,-1,-1
0,0,0,0,-1,-1,-1
155035,1,0,1,58,2482,2442
153924,1,1,0,90,4323,4279
154913,2,0,0,-1,-1,-1
153918,2,0,0,-1,-1,-1
153320,2,0,0,-1,-1,-1
153728,2,0,0,-1,-1,-1
154443,2,0,0,-1,-1,-1
154778,1,0,1,161,1744,1662
154508,1,1,0,196,6517,6428
153838,2,0,0,-1,-1,-1
153133,2,0,0,-1,-1,-1
155054,2,0,0,-1,-1,-1
155090,1,0,1,26,5010,5000
154409,2,0,0,-1,-1,-1
154052,2,0,0,-1,-1,-1
154410,1,0,1,0,4874,4874
154865,1,1,1,214,4341,4240
0,0,0,0,-1,-1,-1
155262,1,0,1,0,9500,9500
0,0,0,0,-1,-1,-1
154552,1,0,1,106,7786,7748
155065,1,1,0,0,21024,21024
0,0,0,0,-1,-1,-1
0,0,0,0,-1,-1,-1
155382,1,0,1,39,6711,6692
0,0,0,0,-1,-1,-1
155102,1,0,1,6,5866,5857
154764,1,1,0,5,4774,4768
154040,2,0,0,-1,-1,-1
154573,1,1,0,73,8026,7996
154332,1,1,0,96,5225,5180
155022,2,0,0,-1,-1,-1
153601,2,0,0,-1,-1,-1
155242,1,1,0,15,13838,13828
0,0,0,0,-1,-1,-1
153618,2,0,0,-1,-1,-1
154238,2,0,0,-1,-1,-1
0,0,0,0,-1,-1,-1
154544,2,0,0,-1,-1,-1
0,0,0,0,-1,-1,-1
153588,2,0,0,-1,-1,-1
154192,2,0,0,-1,-1,-1
0,0,0,0,-1,-1,-1
155131,1,1,-1,257,2874,2784
0,0,0,0,-1,-1,-1
153925,1,1,0,71,2378,2353
155361,1,0,1,142,2577,2496
153978,2,0,0,-1,-1,-1
154446,1,0,1,141,3535,3476
153829,1,1,0,165,3855,3784
154528,1,1,0,32,6864,6850
154179,1,0,1,180,5392,5312
0,0,0,0,-1,-1,-1
152614,2,0,0,-1,-1,-1
0,0,0,0,-1,-1,-1
153875,1,0,1,73,4607,4571
155280,1,0,1,88,3763,3726
0,0,0,0,-1,-1,-1
154581,2,0,0,-1,-1,-1
154345,1,1,0,179,2321,2227
0,0,0,0,-1,-1,-1
0,0,0,0,-1,-1,-1
154251,1,0,1,175,3964,3902
153685,2,0,0,-1,-1,-1
0,0,0,0,-1,-1,-1
154958,1,1,0,133,2677,2629
152970,1,0,1,102,1962,1918
151990,2,0,0,-1,-1,-1
154324,2,0,0,-1,-1,-1
153721,1,0,1,0,3410,3410
154102,1,1,0,107,4329,4268
0,0,0,0,-1,-1,-1
154835,2,0,0,-1,-1,-1
0,0,0,0,-1,-1,-1
0,0,0,0,-1,-1,-1
153201,2,0,0,-1,-1,-1
155011,1,1,0,11,1653,1648
155337,1,1,-1,212,6635,6558
0,0,0,0,-1,-1,-1
154280,2,0,0,-1,-1,-1
154700,2,0,0,-1,-1,-1
153998,2,0,0,-1,-1,-1
0,0,0,0,-1,-1,-1
153279,1,0,1,100,2186,2137
155035,1,0,1,99,2277,2243
0,0,0,0,-1,-1,-1
0,0,0,0,-1,-1,-1
153990,2,0,0,-1,-1,-1
0,0,0,0,-1,-1,-1
153185,2,0,0,-1,-1,-1
0,0,0,0,-1,-1,-1
154369,2,0,0,-1,-1,-1
155113,2,0,0,-1,-1,-1
154732,1,0,1,24,2206,2191
153951,1,0,1,22,3558,3549
0,0,0,0,-1,-1,-1
153869,2,0,0,-1,-1,-1
154593,2,0,0,-1,-1,-1
154428,1,0,1,188,2665,2582
154178,2,0,0,-1,-1,-1
154430,1,0,1,127,2803,2752
0,0,0,0,-1,-1,-1
153449,1,0,1,0,17214,17214
153483,2,0,0,-1,-1,-1
154572,2,0,0,-1,-1,-1
154171,1,1,0,23,2172,2164
155235,1,1,0,112,7724,7673
155300,1,0,1,141,7261,7197
0,0,0,0,-1,-1,-1
0,0,0,0,-1,-1,-1
154854,1,0,1,4,4756,4754
153844,2,0,0,-1,-1,-1
0,0,0,0,-1,-1,-1
154534,2,0,0,-1,-1,-1
0,0,0,0,-1,-1,-1
153946,2,0,0,-1,-1,-1
153397,2,0,0,-1,-1,-1
153737,1,0,1,67,3614,3574
0,0,0,0,-1,-1,-1
154530,2,0,0,-1,-1,-1
0,0,0,0,-1,-1,-1
0,0,0,0,-1,-1,-1
0,0,0,0,-1,-1,-1
154056,1,1,0,149,4475,4430
153711,1,0,1,65,1349,1329
0,0,0,0,-1,-1,-1
155094,1,1,0,55,13417,13386
154381,1,0,1,123,2385,2310
154838,1,1,-1,146,4396,4324
154682,2,0,0,-1,-1,-1
0,0,0,0,-1,-1,-1
0,0,0,0,-1,-1,-1
0,0,0,0,-1,-1,-1
154236,1,1,0,0,7480,7480
155300,1,1,0,82,1453,1408
154299,2,0,0,-1,-1,-1
0,0,0,0,-1,-1,-1
0,0,0,0,-1,-1,-1
154338,1,0,1,170,2811,2733
0,0,0,0,-1,-1,-1
154789,2,0,0,-1,-1,-1
0,0,0,0,-1,-1,-1
154940,2,0,0,-1,-1,-1
153550,2,0,0,-1,-1,-1
155167,2,0,0,-1,-1,-1
0,0,0,0,-1,-1,-1
155051,1,0,1,133,2083,2027
154709,1,1,0,160,1471,1395
155337,1,0,1,55,2529,2491
154098,2,0,0,-1,-1,-1
152947,1,0,1,40,3955,3925
0,0,0,0,-1,-1,-1
155035,1,0,1,91,11755,11719
154019,2,0,0,-1,-1,-1
0,0,0,0,-1,-1,-1
152397,1,0,1,67,3231,3207
153477,2,0,0,-1,-1,-1
0,0,0,0,-1,-1,-1
153873,2,0,0,-1,-1,-1
154717,1,0,1,245,3462,3338
155334,1,1,0,168,2554,2473
155254,1,1,0,197,3113,3020
154456,1,1,0,77,2876,2836
153326,2,0,0,-1,-1,-1
154871,2,0,0,-1,-1,-1
154340,2,0,0,-1,-1,-1
153562,2,0,0,-1,-1,-1
154664,1,1,0,192,4989,4930
154399,2,0,0,-1,-1,-1
0,0,0,0,-1,-1,-1
0,0,0,0,-1,-1,-1
0,0,0,0,-1,-1,-1
154318,2,0,0,-1,-1,-1
154587,1,0,1,0,5420,5420
154434,2,0,0,-1,-1,-1
0,0,0,0,-1,-1,-1
153834,1,0,1,161,2369,2304
154748,1,1,0,142,3581,3537
154539,1,1,0,84,733,707
153381,1,0,1,118,4474,4423
0,0,0,0,-1,-1,-1
153430,2,0,0,-1,-1,-1
154941,2,0,0,-1,-1,-1
155347,1,0,1,190,3930,3849
154683,2,0,0,-1,-1,-1
153645,2,0,0,-1,-1,-1
154549,2,0,0,-1,-1,-1
154709,1,0,1,189,6640,6554
155184,1,1,0,141,2955,2899
154476,2,0,0,-1,-1,-1
0,0,0,0,-1,-1,-1
0,0,0,0,-1,-1,-1
0,0,0,0,-1,-1,-1
154203,1,0,1,32,3714,3697
152417,2,0,0,-1,-1,-1
155130,2,0,0,-1,-1,-1
155177,1,1,0,54,7688,7674
153421,2,0,0,-1,-1,-1
153947,1,0,1,107,3121,3082
154827,1,0,1,53,2554,2528
0,0,0,0,-1,-1,-1
154827,2,0,0,-1,-1,-1
0,0,0,0,-1,-1,-1
155079,1,0,1,155,2816,2750
152782,2,0,0,-1,-1,-1
154764,1,0,1,33,4285,4265
0,0,0,0,-1,-1,-1
0,0,0,0,-1,-1,-1
154945,1,1,0,21,7201,7182
0,0,0,0,-1,-1,-1
155027,1,1,0,25,853,848
0,0,0,0,-1,-1,-1
154448,2,0,0,-1,-1,-1
154301,2,0,0,-1,-1,-1
0,0,0,0,-1,-1,-1
153811,1,0,1,116,2134,2070
154504,2,0,0,-1,-1,-1
0,0,0,0,-1,-1,-1
155384,1,1,-1,151,5140,5080
154624,1,1,0,114,2412,2368
0,0,0,0,-1,-1,-1
0,0,0,0,-1,-1,-1
0,0,0,0,-1,-1,-1
154664,1,1,0,188,2569,2485
154953,1,1,0,122,2483,2409
0,0,0,0,-1,-1,-1
153417,1,1,0,84,3055,3010
154751,1,0,1,113,2377,2322
0,0,0,0,-1,-1,-1
154274,1,1,-1,56,6002,5984
154095,2,0,0,-1,-1,-1
154282,1,0,1,385,2794,2627
154923,1,1,0,108,6696,6658
155123,1,1,0,87,2744,2682
0,0,0,0,-1,-1,-1
155384,1,0,1,0,22385,22385
0,0,0,0,-1,-1,-1
154985,1,1,0,34,11402,11391
154336,1,1,0,0,7533,7533
0,0,0,0,-1,-1,-1
154404,1,0,1,69,2917,2886
0,0,0,0,-1,-1,-1
0,0,0,0,-1,-1,-1
155143,2,0,0,-1,-1,-1
0,0,0,0,-1,-1,-1
153359,1,1,0,47,6242,6218
0,0,0,0,-1,-1,-1
155119,1,0,1,0,16965,16965
0,0,0,0,-1,-1,-1
154753,1,1,0,62,14823,14783
154610,1,1,0,73,2631,2595
153233,1,1,0,103,3042,2986
0,0,0,0,-1,-1,-1
155011,2,0,0,-1,-1,-1
0,0,0,0,-1,-1,-1
154265,2,0,0,-1,-1,-1
154341,2,0,0,-1,-1,-1
0,0,0,0,-1,-1,-1
0,0,0,0,-1,-1,-1
154996,1,1,0,150,4030,3983
154682,2,0,0,-1,-1,-1
0,0,0,0,-1,-1,-1
155065,1,1,0,74,3602,3573
0,0,0,0,-1,-1,-1
0,0,0,0,-1,-1,-1
0,0,0,0,-1,-1,-1
155208,1,0,1,124,3478,3416
154134,1,0,1,103,6202,6147
0,0,0,0,-1,-1,-1
0,0,0,0,-1,-1,-1
154298,1,1,0,55,2484,2461
154017,2,0,0,-1,-1,-1
153261,1,1,0,271,2275,2149
0,0,0,0,-1,-1,-1
155117,2,0,0,-1,-1,-1
155381,1,1,0,77,5390,5355
0,0,0,0,-1,-1,-1
154532,2,0,0,-1,-1,-1
154031,2,0,0,-1,-1,-1
152800,2,0,0,-1,-1,-1
154733,2,0,0,-1,-1,-1
155270,1,1,0,161,2575,2505
0,0,0,0,-1,-1,-1
154161,2,0,0,-1,-1,-1
0,0,0,0,-1,-1,-1
154484,2,0,0,-1,-1,-1
155281,1,1,1,21,7785,7773
154733,1,0,1,0,114,114
154426,2,0,0,-1,-1,-1
153120,1,1,0,155,2430,2352
153056,2,0,0,-1,-1,-1
0,0,0,0,-1,-1,-1
0,0,0,0,-1,-1,-1
153032,2,0,0,-1,-1,-1
0,0,0,0,-1,-1,-1
153003,1,1,0,63,4207,4168
155183,1,0,1,49,3507,3485
154878,1,1,0,88,5065,5045
154330,2,0,0,-1,-1,-1
0,0,0,0,-1,-1,-1
154161,1,0,1,31,2812,2786
0,0,0,0,-1,-1,-1
153703,1,0,1,54,2902,2871
155006,2,0,0,-1,-1,-1
154676,2,0,0,-1,-1,-1
0,0,0,0,-1,-1,-1
154559,1,0,1,5,18337,18336
152733,1,1,0,184,1590,1527
154968,2,0,0,-1,-1,-1
0,0,0,0,-1,-1,-1
152759,1,0,1,64,4578,4554
154521,1,1,0,132,2221,2167
153074,2,0,0,-1,-1,-1
153982,1,0,1,66,3219,3189
154852,2,0,0,-1,-1,-1
0,0,0,0,-1,-1,-1
153716,1,0,1,0,422,422
154471,1,1,0,124,2815,2745
155129,1,0,1,189,2991,2917
0,0,0,0,-1,-1,-1
153308,1,1,0,108,4776,4726
154632,2,0,0,-1,-1,-1
0,0,0,0,-1,-1,-1
155003,2,0,0,-1,-1,-1
154753,2,0,0,-1,-1,-1
152302,2,0,0,-1,-1,-1
0,0,0,0,-1,-1,-1
154651,1,0,1,160,4965,4885
153825,1,0,1,47,4534,4506
0,0,0,0,-1,-1,-1
154252,2,0,0,-1,-1,-1
154728,1,1,0,92,6358,6309
0,0,0,0,-1,-1,-1
154285,2,0,0,-1,-1,-1
0,0,0,0,-1,-1,-1
0,0,0,0,-1,-1,-1
155343,1,1,0,122,26344,26300
154491,1,0,1,176,3971,3894
0,0,0,0,-1,-1,-1
154279,2,0,0,-1,-1,-1
155158,1,0,1,107,6371,6317
154940,1,0,1,0,10082,10082
0,0,0,0,-1,-1,-1
154654,2,0,0,-1,-1,-1
155114,2,0,0,-1,-1,-1
0,0,0,0,-1,-1,-1
154504,2,0,0,-1,-1,-1
155073,1,0,1,43,7108,7085
153837,2,0,0,-1,-1,-1
154605,2,0,0,-1,-1,-1
0,0,0,0,-1,-1,-1
0,0,0,0,-1,-1,-1
0,0,0,0,-1,-1,-1
0,0,0,0,-1,-1,-1
155359,1,1,0,8,2901,2892
155255,1,0,1,36,2338,2328
153608,1,1,0,139,2640,2565
154904,2,0,0,-1,-1,-1
0,0,0,0,-1,-1,-1
155308,1,1,0,161,5051,4962
154503,1,0,1,130,4290,4225
0,0,0,0,-1,-1,-1
0,0,0,0,-1,-1,-1
154731,1,1,0,97,2960,2917
0,0,0,0,-1,-1,-1
0,0,0,0,-1,-1,-1
154779,2,0,0,-1,-1,-1
153146,1,1,0,127,1443,1393
154260,2,0,0,-1,-1,-1
155353,1,0,1,147,1791,1736
154199,2,0,0,-1,-1,-1
154103,1,0,1,112,3267,3213
154587,1,0,1,37,10590,10578
154662,2,0,0,-1,-1,-1
154516,1,0,1,154,3100,3029
155014,1,1,0,128,3416,3367
0,0,0,0,-1,-1,-1
155341,1,1,1,270,13586,13440
153671,2,0,0,-1,-1,-1
155034,2,0,0,-1,-1,-1
0,0,0,0,-1,-1,-1
0,0,0,0,-1,-1,-1
154502,2,0,0,-1,-1,-1
0,0,0,0,-1,-1,-1
154066,2,0,0,-1,-1,-1
155372,1,0,1,90,1222,1173
154736,1,1,-1,264,3271,3150
0,0,0,0,-1,-1,-1
152982,2,0,0,-1,-1,-1
154878,1,1,0,97,2132,2074
153941,2,0,0,-1,-1,-1
153151,2,0,0,-1,-1,-1
0,0,0,0,-1,-1,-1
0,0,0,0,-1,-1,-1
154707,2,0,0,-1,-1,-1
152968,2,0,0,-1,-1,-1
0,0,0,0,-1,-1,-1
0,0,0,0,-1,-1,-1
0,0,0,0,-1,-1,-1
151761,2,0,0,-1,-1,-1
155248,1,0,1,78,4239,4215
154301,2,0,0,-1,-1,-1
154078,2,0,0,-1,-1,-1
154121,1,0,1,209,2110,2012
0,0,0,0,-1,-1,-1
154247,2,0,0,-1,-1,-1
154375,1,1,0,3,1799,1794
0,0,0,0,-1,-1,-1
0,0,0,0,-1,-1,-1
0,0,0,0,-1,-1,-1
153965,2,0,0,-1,-1,-1
154981,1,0,1,252,1503,1383
0,0,0,0,-1,-1,-1
154664,1,0,1,36,7229,7201
155049,2,0,0,-1,-1,-1
153009,2,0,0,-1,-1,-1
155245,2,0,0,-1,-1,-1
0,0,0,0,-1,-1,-1
152592,2,0,0,-1,-1,-1
154848,1,1,0,101,7131,7079
155370,1,1,0,106,2347,2290
0,0,0,0,-1,-1,-1
155142,2,0,0,-1,-1,-1
152237,2,0,0,-1,-1,-1
0,0,0,0,-1,-1,-1
0,0,0,0,-1,-1,-1
0,0,0,0,-1,-1,-1
0,0,0,0,-1,-1,-1
155142,1,1,0,52,9706,9691
154104,2,0,0,-1,-1,-1
154564,1,0,1,99,4782,4732
0,0,0,0,-1,-1,-1
153768,2,0,0,-1,-1,-1
0,0,0,0,-1,-1,-1
0,0,0,0,-1,-1,-1
0,0,0,0,-1,-1,-1
155133,2,0,0,-1,-1,-1
153166,2,0,0,-1,-1,-1
154459,2,0,0,-1,-1,-1
154466,1,0,1,33,15261,15238
154270,2,0,0,-1,-1,-1
154708,2,0,0,-1,-1,-1
153971,2,0,0,-1,-1,-1
155219,1,1,0,29,30434,30415
154960,1,1,0,38,5819,5805
155172,1,0,1,99,6088,6050
153465,1,1,0,108,7011,6961
153814,1,0,1,0,12463,12463
0,0,0,0,-1,-1,-1
154724,2,0,0,-1,-1,-1
153148,2,0,0,-1,-1,-1
0,0,0,0,-1,-1,-1
152731,1,1,0,0,1632,1632
155363,1,0,1,33,4728,4711
0,0,0,0,-1,-1,-1
155360,1,0,1,201,5370,5288
154175,2,0,0,-1,-1,-1
0,0,0,0,-1,-1,-1
153523,2,0,0,-1,-1,-1
153683,2,0,0,-1,-1,-1
154749,1,0,1,139,4819,4723
153682,2,0,0,-1,-1,-1
153988,2,0,0,-1,-1,-1
153821,1,1,0,86,15090,15061
154938,1,1,-1,71,8559,8537
154404,1,1,0,70,3084,3044
0,0,0,0,-1,-1,-1
154847,1,1,0,139,3782,3707
153573,2,0,0,-1,-1,-1
155231,1,1,0,167,3410,3318
154115,1,0,1,70,1284,1253
0,0,0,0,-1,-1,-1
154339,1,1,0,267,4445,4291
155334,1,1,0,315,3432,3301
154566,1,1,0,139,4777,4727
154973,2,0,0,-1,-1,-1
154475,1,1,0,124,3842,3771
155319,1,0,1,62,11757,11735
0,0,0,0,-1,-1,-1
0,0,0,0,-1,-1,-1
0,0,0,0,-1,-1,-1
154727,1,1,0,180,7020,6951
154305,2,0,0,-1,-1,-1
154445,2,0,0,-1,-1,-1
155359,2,0,0,-1,-1,-1
0,0,0,0,-1,-1,-1
154288,1,1,1,61,16642,16621
0,0,0,0,-1,-1,-1
0,0,0,0,-1,-1,-1
154438,2,0,0,-1,-1,-1
154032,1,0,1,15,3436,3431
154794,1,1,0,78,5385,5361
0,0,0,0,-1,-1,-1
154153,1,0,1,23,26648,26638
0,0,0,0,-1,-1,-1
154673,2,0,0,-1,-1,-1
0,0,0,0,-1,-1,-1
155169,1,0,1,38,2283,2266
155051,1,0,1,128,2094,2008
153601,2,0,0,-1,-1,-1
154416,2,0,0,-1,-1,-1
0,0,0,0,-1,-1,-1
0,0,0,0,-1,-1,-1
0,0,0,0,-1,-1,-1
152664,2,0,0,-1,-1,-1
155010,2,0,0,-1,-1,-1
153156,1,1,0,284,3638,3515
0,0,0,0,-1,-1,-1
0,0,0,0,-1,-1,-1
154589,2,0,0,-1,-1,-1
154882,1,0,1,89,2752,2712
154229,1,1,0,114,3696,3646
154538,1,1,0,180,3942,3868
155178,1,1,1,184,3458,3398
153277,1,1,0,25,3366,3361
0,0,0,0,-1,-1,-1
153410,2,0,0,-1,-1,-1
154707,1,0,1,153,1862,1805
153695,2,0,0,-1,-1,-1
0,0,0,0,-1,-1,-1
154683,1,1,0,221,1740,1677
154921,1,1,0,59,4449,4410
155353,1,1,0,137,4679,4611
155353,1,0,1,119,4463,4400
0,0,0,0,-1,-1,-1
155131,1,1,-1,282,5854,5736
154450,2,0,0,-1,-1,-1
153992,1,0,1,214,1521,1433
153168,2,0,0,-1,-1,-1
0,0,0,0,-1,-1,-1
155370,1,0,1,34,4547,4534
0,0,0,0,-1,-1,-1
0,0,0,0,-1,-1,-1
154025,2,0,0,-1,-1,-1
155382,1,1,0,36,5516,5500
0,0,0,0,-1,-1,-1
0,0,0,0,-1,-1,-1
154345,2,0,0,-1,-1,-1
0,0,0,0,-1,-1,-1
154266,2,0,0,-1,-1,-1
0,0,0,0,-1,-1,-1
154519,1,1,0,218,4171,4087
154707,2,0,0,-1,-1,-1
155204,2,0,0,-1,-1,-1
155073,1,1,1,53,9892,9839
0,0,0,0,-1,-1,-1
154847,1,0,1,142,2955,2877
154392,1,0,1,188,2380,2295
0,0,0,0,-1,-1,-1
154564,2,0,0,-1,-1,-1
155009,1,1,0,20,9920,9912
154128,2,0,0,-1,-1,-1
0,0,0,0,-1,-1,-1
153294,1,1,0,65,2437,2391
154111,2,0,0,-1,-1,-1
154723,1,1,0,59,10898,10889
155015,1,1,0,35,10567,10560
154199,2,0,0,-1,-1,-1
154363,2,0,0,-1,-1,-1
0,0,0,0,-1,-1,-1
154769,2,0,0,-1,-1,-1
0,0,0,0,-1,-1,-1
155304,1,0,1,251,4253,4152
153821,1,0,1,118,8933,8896
0,0,0,0,-1,-1,-1
0,0,0,0,-1,-1,-1
155370,1,1,0,125,4814,4764
0,0,0,0,-1,-1,-1
155081,1,1,1,46,3949,3911
154097,1,1,-1,168,6076,5991
154953,2,0,0,-1,-1,-1
0,0,0,0,-1,-1,-1
154538,1,1,0,47,2562,2531
153641,1,0,1,111,2668,2632
153993,2,0,0,-1,-1,-1
153273,1,0,1,168,2344,2267
0,0,0,0,-1,-1,-1
153763,1,1,0,123,918,866
155225,1,1,0,32,5475,5460
0,0,0,0,-1,-1,-1
0,0,0,0,-1,-1,-1
154142,2,0,0,-1,-1,-1
154701,1,1,0,69,2474,2440
154613,2,0,0,-1,-1,-1
0,0,0,0,-1,-1,-1
154795,2,0,0,-1,-1,-1
155280,1,0,1,66,6173,6138
154876,2,0,0,-1,-1,-1
0,0,0,0,-1,-1,-1
0,0,0,0,-1,-1,-1
155245,1,0,1,21,2026,2013
153162,2,0,0,-1,-1,-1
0,0,0,0,-1,-1,-1
155100,1,1,0,102,5797,5748
0,0,0,0,-1,-1,-1
153653,2,0,0,-1,-1,-1
0,0,0,0,-1,-1,-1
154822,1,0,1,293,4359,4202
155347,2,0,0,-1,-1,-1
155071,1,1,0,49,2379,2354
154412,1,0,1,59,3406,3385
154000,1,1,0,104,9514,9451
155119,1,1,-1,109,7014,6966
155023,1,0,1,27,2677,2670
155156,2,0,0,-1,-1,-1
154121,2,0,0,-1,-1,-1
155285,1,1,0,254,3914,3834
0,0,0,0,-1,-1,-1
153652,1,1,0,70,1741,1715
153203,1,1,-1,117,2597,2545
154659,2,0,0,-1,-1,-1
154910,1,1,0,111,3161,3113
153554,2,0,0,-1,-1,-1
0,0,0,0,-1,-1,-1
154463,2,0,0,-1,-1,-1
155235,1,1,-1,78,7640,7608
153749,1,1,0,60,3940,3910
153867,1,1,0,163,3540,3449
154959,1,1,0,109,803,769
154658,1,0,1,142,4207,4132
155088,1,1,0,14,10307,10298
155137,2,0,0,-1,-1,-1
0,0,0,0,-1,-1,-1
0,0,0,0,-1,-1,-1
154144,2,0,0,-1,-1,-1
155185,1,0,1,2,5610,5602
153818,2,0,0,-1,-1,-1
155087,1,1,0,151,3208,3115
154706,1,1,-1,185,12087,12014
154934,1,0,1,55,3528,3511
0,0,0,0,-1,-1,-1
0,0,0,0,-1,-1,-1
153993,1,1,0,20,10151,10147
153940,2,0,0,-1,-1,-1
0,0,0,0,-1,-1,-1
0,0,0,0,-1,-1,-1
153236,1,0,1,102,3887,3858
154705,1,0,1,62,3718,3685
154915,1,1,0,180,2649,2555
154154,2,0,0,-1,-1,-1
154433,1,1,0,0,21935,21935
0,0,0,0,-1,-1,-1
153542,1,0,1,86,2413,2351
155052,2,0,0,-1,-1,-1
155123,2,0,0,-1,-1,-1
0,0,0,0,-1,-1,-1
0,0,0,0,-1,-1,-1
0,0,0,0,-1,-1,-1
152474,2,0,0,-1,-1,-1
0,0,0,0,-1,-1,-1
0,0,0,0,-1,-1,-1
154638,1,1,0,170,5992,5928
154248,1,1,0,16,1459,1452
153828,1,0,1,40,4393,4363
0,0,0,0,-1,-1,-1
0,0,0,0,-1,-1,-1
0,0,0,0,-1,-1,-1
155068,1,0,1,30,7026,7015
0,0,0,0,-1,-1,-1
154168,1,1,0,174,3977,3884
155100,2,0,0,-1,-1,-1
153559,2,0,0,-1,-1,-1
154419,2,0,0,-1,-1,-1
152600,1,0,1,135,1967,1886
154710,2,0,0,-1,-1,-1
154163,1,1,0,253,2941,2862
154162,2,0,0,-1,-1,-1
153254,1,1,0,11,1653,1649
154762,1,0,1,0,21460,21460
0,0,0,0,-1,-1,-1
0,0,0,0,-1,-1,-1
153779,2,0,0,-1,-1,-1
154036,2,0,0,-1,-1,-1
154940,2,0,0,-1,-1,-1
155360,1,0,1,68,5769,5753
152360,2,0,0,-1,-1,-1
154816,2,0,0,-1,-1,-1
154462,2,0,0,-1,-1,-1
154468,2,0,0,-1,-1,-1
154460,1,1,0,110,2833,2775
154449,2,0,0,-1,-1,-1
154298,2,0,0,-1,-1,-1
154741,1,1,0,172,5288,5201
154666,1,1,0,114,6186,6125
155091,1,1,0,91,3024,2996
154851,2,0,0,-1,-1,-1
154243,2,0,0,-1,-1,-1
154946,1,1,0,113,5536,5490
155322,1,0,1,130,7312,7246
154274,1,1,0,134,2844,2772
154471,1,1,0,105,3546,3499
154800,2,0,0,-1,-1,-1
152939,1,1,0,178,2188,2111
155339,1,1,-1,193,3160,3073
153930,2,0,0,-1,-1,-1
153516,2,0,0,-1,-1,-1
154980,2,0,0,-1,-1,-1
154116,2,0,0,-1,-1,-1
154651,2,0,0,-1,-1,-1
154328,2,0,0,-1,-1,-1
155197,1,0,1,99,14138,14098
154662,1,0,1,31,5665,5649
0,0,0,0,-1,-1,-1
0,0,0,0,-1,-1,-1
152289,2,0,0,-1,-1,-1
153603,2,0,0,-1,-1,-1
153586,2,0,0,-1,-1,-1
153755,2,0,0,-1,-1,-1
155151,1,0,1,0,3111,3111
0,0,0,0,-1,-1,-1
154733,2,0,0,-1,-1,-1
153985,2,0,0,-1,-1,-1
154968,1,1,0,113,7341,7279
154401,2,0,0,-1,-1,-1
0,0,0,0,-1,-1,-1
154138,1,0,1,53,11343,11326
154429,1,0,1,0,6370,6370
154388,1,1,0,61,3489,3457
154412,2,0,0,-1,-1,-1
155065,1,1,0,149,1309,1243
154505,2,0,0,-1,-1,-1
0,0,0,0,-1,-1,-1
0,0,0,0,-1,-1,-1
154555,1,0,1,0,13161,13161
154489,2,0,0,-1,-1,-1
154326,2,0,0,-1,-1,-1
152529,2,0,0,-1,-1,-1
154238,1,1,0,34,3773,3756
153409,2,0,0,-1,-1,-1
155245,1,0,1,0,3887,3887
153625,2,0,0,-1,-1,-1
0,0,0,0,-1,-1,-1
0,0,0,0,-1,-1,-1
154229,1,0,1,224,7613,7492
155093,2,0,0,-1,-1,-1
154535,1,1,1,174,12083,12002
153259,1,0,1,0,92,92
155211,1,1,1,86,2773,2711
155297,1,1,1,264,11450,11301
153817,1,1,0,85,4656,4611
0,0,0,0,-1,-1,-1
154903,1,0,1,89,5314,5283
153358,2,0,0,-1,-1,-1
155377,1,0,1,124,3833,3791
154145,1,1,0,174,2413,2356
153971,1,0,1,63,3287,3244
154278,2,0,0,-1,-1,-1
155363,1,1,0,123,1745,1700
153980,1,1,0,183,4867,4793
154220,2,0,0,-1,-1,-1
0,0,0,0,-1,-1,-1
154394,2,0,0,-1,-1,-1
154212,2,0,0,-1,-1,-1
155162,1,0,1,79,3199,3158
154842,2,0,0,-1,-1,-1
0,0,0,0,-1,-1,-1
154492,1,1,0,84,3105,3038
154570,2,0,0,-1,-1,-1
0,0,0,0,-1,-1,-1
153915,2,0,0,-1,-1,-1
154528,2,0,0,-1,-1,-1
0,0,0,0,-1,-1,-1
0,0,0,0,-1,-1,-1
154008,1,0,1,117,2875,2811
154792,1,0,1,182,3537,3449
151638,2,0,0,-1,-1,-1
0,0,0,0,-1,-1,-1
0,0,0,0,-1,-1,-1
153583,1,1,0,42,7328,7305
0,0,0,0,-1,-1,-1
0,0,0,0,-1,-1,-1
153370,2,0,0,-1,-1,-1
0,0,0,0,-1,-1,-1
155096,2,0,0,-1,-1,-1
154461,1,1,0,114,7408,7345
154258,1,0,1,266,2046,1926
152489,1,1,0,0,4411,4411
154361,2,0,0,-1,-1,-1
152068,2,0,0,-1,-1,-1
154191,2,0,0,-1,-1,-1
154456,1,1,0,0,298,298
153958,2,0,0,-1,-1,-1
154558,2,0,0,-1,-1,-1
154648,1,0,1,54,7029,7006
153829,2,0,0,-1,-1,-1
155261,1,1,1,26,7664,7656
0,0,0,0,-1,-1,-1
153906,1,0,1,42,4479,4459
155189,2,0,0,-1,-1,-1
154701,1,1,1,90,2393,2345
154754,2,0,0,-1,-1,-1
154370,2,0,0,-1,-1,-1
153543,2,0,0,-1,-1,-1
153701,1,0,1,81,2811,2781
0,0,0,0,-1,-1,-1
154284,1,1,0,122,5257,5206
0,0,0,0,-1,-1,-1
154968,2,0,0,-1,-1,-1
154919,2,0,0,-1,-1,-1
154563,2,0,0,-1,-1,-1
155331,1,1,0,218,7187,7071
154521,2,0,0,-1,-1,-1
155335,1,0,1,95,4314,4274
154583,1,1,-1,35,5208,5190
153909,2,0,0,-1,-1,-1
153918,2,0,0,-1,-1,-1
154828,1,1,1,128,1919,1862
154300,1,1,0,24,5877,5870
154556,2,0,0,-1,-1,-1
154223,2,0,0,-1,-1,-1
0,0,0,0,-1,-1,-1
0,0,0,0,-1,-1,-1
155053,2,0,0,-1,-1,-1
153108,1,1,0,220,2940,2862
153677,1,1,0,29,6177,6167
154709,2,0,0,-1,-1,-1
154418,2,0,0,-1,-1,-1
0,0,0,0,-1,-1,-1
0,0,0,0,-1,-1,-1
154272,1,0,1,66,1065,1024
154539,2,0,0,-1,-1,-1
154683,2,0,0,-1,-1,-1
155364,1,1,0,49,1319,1304
154763,1,0,1,221,7589,7486
0,0,0,0,-1,-1,-1
155254,1,0,1,65,5750,5719
153746,2,0,0,-1,-1,-1
153713,2,0,0,-1,-1,-1
155274,1,1,0,65,2636,2603
152700,2,0,0,-1,-1,-1
0,0,0,0,-1,-1,-1
155186,1,1,-1,202,4382,4286
152958,2,0,0,-1,-1,-1
0,0,0,0,-1,-1,-1
154546,2,0,0,-1,-1,-1
154631,1,1,0,181,4937,4875
0,0,0,0,-1,-1,-1
0,0,0,0,-1,-1,-1
155236,1,0,1,122,1028,977
153821,1,0,1,0,2079,2079
155142,1,0,1,205,6168,6095
0,0,0,0,-1,-1,-1
0,0,0,0,-1,-1,-1
154730,1,1,0,57,7048,7029
154688,2,0,0,-1,-1,-1
154092,2,0,0,-1,-1,-1
153066,1,1,0,174,10837,10725
154395,2,0,0,-1,-1,-1
0,0,0,0,-1,-1,-1
154445,2,0,0,-1,-1,-1
153271,1,0,1,58,3063,3002
0,0,0,0,-1,-1,-1
154228,1,1,0,16,2798,2787
153840,2,0,0,-1,-1,-1
0,0,0,0,-1,-1,-1
155072,2,0,0,-1,-1,-1
0,0,0,0,-1,-1,-1
155149,1,1,0,117,2476,2422
152371,2,0,0,-1,-1,-1
0,0,0,0,-1,-1,-1
0,0,0,0,-1,-1,-1
0,0,0,0,-1,-1,-1
154313,2,0,0,-1,-1,-1
155199,1,1,0,110,3046,2992
154173,1,0,1,52,5349,5310
0,0,0,0,-1,-1,-1
153122,2,0,0,-1,-1,-1
154170,2,0,0,-1,-1,-1
154162,2,0,0,-1,-1,-1
154839,1,1,1,118,4725,4665
154938,2,0,0,-1,-1,-1
155356,1,1,-1,196,2734,2631
0,0,0,0,-1,-1,-1
152605,2,0,0,-1,-1,-1
155072,1,0,1,123,2138,2085
153715,2,0,0,-1,-1,-1
155138,1,0,1,88,2690,2632
154485,1,1,0,139,2175,2106
155196,1,0,1,116,2998,2942
0,0,0,0,-1,-1,-1
154658,1,1,0,80,5874,5839
154278,2,0,0,-1,-1,-1
155228,1,0,1,137,6097,6055
154620,1,1,0,61,5754,5729
154417,1,1,0,111,4653,4584
154065,2,0,0,-1,-1,-1
154799,1,0,1,236,3741,3638
0,0,0,0,-1,-1,-1
0,0,0,0,-1,-1,-1
152519,1,0,1,162,1619,1557
153755,1,1,0,218,2148,2044
0,0,0,0,-1,-1,-1
153882,2,0,0,-1,-1,-1
152984,2,0,0,-1,-1,-1
153754,1,1,0,55,7118,7103
0,0,0,0,-1,-1,-1
154249,2,0,0,-1,-1,-1
151963,1,1,0,48,2312,2286
0,0,0,0,-1,-1,-1
154546,1,0,1,42,2222,2205
0,0,0,0,-1,-1,-1
153831,1,1,1,172,3356,3268
154125,1,1,0,0,726,726
154678,1,1,0,119,5794,5743
155372,1,0,1,69,10718,10678
154872,2,0,0,-1,-1,-1
0,0,0,0,-1,-1,-1
153996,1,0,1,59,1838,1797
154008,1,0,1,69,24027,23985
155281,1,0,1,61,3840,3829
152947,2,0,0,-1,-1,-1
154920,1,1,0,105,3666,3620
155030,1,0,1,61,17544,17510
154440,2,0,0,-1,-1,-1
154464,2,0,0,-1,-1,-1
152649,2,0,0,-1,-1,-1
153220,2,0,0,-1,-1,-1
155158,2,0,0,-1,-1,-1
154103,1,0,1,61,608,575
155297,1,0,1,0,2246,2246
0,0,0,0,-1,-1,-1
154814,1,1,0,209,2108,1996
153669,2,0,0,-1,-1,-1
154588,1,1,0,107,2366,2312
154571,1,0,1,106,5162,5114
151866,2,0,0,-1,-1,-1
155337,1,1,0,75,4202,4171
154152,1,0,1,120,2580,2525
0,0,0,0,-1,-1,-1
0,0,0,0,-1,-1,-1
0,0,0,0,-1,-1,-1
152504,1,0,1,90,21493,21440
154643,1,1,0,118,1772,1743
153157,1,0,1,57,875,859
154627,1,1,1,63,2249,2232
153594,1,0,1,0,2874,2874
0,0,0,0,-1,-1,-1
0,0,0,0,-1,-1,-1
154800,1,1,1,143,4875,4812
154874,1,1,0,295,10979,10854
0,0,0,0,-1,-1,-1
154776,2,0,0,-1,-1,-1
154462,1,0,1,122,4895,4830
154406,1,1,0,13,5092,5088
153176,1,1,0,28,3576,3569
153670,1,1,0,289,5495,5354
154353,1,0,1,135,4469,4418
0,0,0,0,-1,-1,-1
155145,2,0,0,-1,-1,-1
0,0,0,0,-1,-1,-1
155256,1,0,1,59,2690,2668
0,0,0,0,-1,-1,-1
155325,1,1,1,0,12986,12986
154883,2,0,0,-1,-1,-1
153539,2,0,0,-1,-1,-1
152716,2,0,0,-1,-1,-1
152901,2,0,0,-1,-1,-1
0,0,0,0,-1,-1,-1
152987,2,0,0,-1,-1,-1
154377,2,0,0,-1,-1,-1
155091,1,1,0,46,3523,3488
0,0,0,0,-1,-1,-1
154767,1,1,0,181,6284,6196
0,0,0,0,-1,-1,-1
153737,2,0,0,-1,-1,-1
154936,1,0,1,64,4259,4234
154388,1,0,1,0,10086,10086
154521,1,0,1,63,1684,1659
153443,2,0,0,-1,-1,-1
153970,1,0,1,70,2714,2678
0,0,0,0,-1,-1,-1
153050,1,1,0,149,2689,2611
153761,2,0,0,-1,-1,-1
154557,1,0,1,34,7079,7070
154422,1,1,0,116,6884,6830
155357,1,1,0,0,13826,13826
155214,1,0,1,40,4447,4426
153403,2,0,0,-1,-1,-1
153197,1,1,0,51,10845,10810
153954,1,0,1,50,3903,3871
153902,2,0,0,-1,-1,-1
154804,1,1,0,48,12250,12233
152648,1,0,1,122,1337,1267
153444,1,0,1,124,2010,1976
154666,1,0,1,117,2655,2593
154751,1,0,1,146,5830,5765
151640,2,0,0,-1,-1,-1
0,0,0,0,-1,-1,-1
153434,1,0,1,32,5855,5816
155114,1,1,0,94,1497,1457
152429,1,0,1,215,2163,2060
154547,2,0,0,-1,-1,-1
154987,2,0,0,-1,-1,-1
153424,2,0,0,-1,-1,-1
155165,1,0,1,118,4325,4271
153868,1,0,1,0,13916,13916
0,0,0,0,-1,-1,-1
153675,2,0,0,-1,-1,-1
0,0,0,0,-1,-1,-1
154698,1,0,1,120,6828,6762
153728,1,1,0,75,6842,6819
153131,2,0,0,-1,-1,-1
154896,1,1,0,179,4658,4581
154274,2,0,0,-1,-1,-1
0,0,0,0,-1,-1,-1
0,0,0,0,-1,-1,-1
154983,1,1,0,79,2601,2567
0,0,0,0,-1,-1,-1
0,0,0,0,-1,-1,-1
0,0,0,0,-1,-1,-1
153590,2,0,0,-1,-1,-1
0,0,0,0,-1,-1,-1
0,0,0,0,-1,-1,-1
153491,2,0,0,-1,-1,-1
154236,2,0,0,-1,-1,-1
155278,1,1,-1,48,7310,7278
0,0,0,0,-1,-1,-1
152942,1,1,0,81,6776,6733
155077,1,0,1,137,4031,3979
155155,1,1,0,16,6296,6290
154468,1,1,0,37,5970,5949
153990,2,0,0,-1,-1,-1
155007,2,0,0,-1,-1,-1
153392,2,0,0,-1,-1,-1
0,0,0,0,-1,-1,-1
0,0,0,0,-1,-1,-1
0,0,0,0,-1,-1,-1
0,0,0,0,-1,-1,-1
154067,2,0,0,-1,-1,-1
154677,1,0,1,179,4094,4020
153770,1,0,1,144,1711,1646
155054,1,1,0,16,2372,2362
154871,1,1,0,0,9965,9965
0,0,0,0,-1,-1,-1
0,0,0,0,-1,-1,-1
154378,1,1,-1,214,3089,2963
155100,1,1,0,114,3586,3515
155237,1,1,0,15,1354,1352
155028,2,0,0,-1,-1,-1
154759,2,0,0,-1,-1,-1
0,0,0,0,-1,-1,-1
153935,2,0,0,-1,-1,-1
0,0,0,0,-1,-1,-1
154308,1,0,1,193,3661,3569
154530,2,0,0,-1,-1,-1
155371,1,1,0,40,2958,2945
154848,1,1,0,116,1819,1773
154539,1,1,1,99,3161,3134
0,0,0,0,-1,-1,-1
155035,1,1,0,0,2100,2100
154928,1,1,0,213,8459,8381
154554,1,0,1,74,3079,3047
0,0,0,0,-1,-1,-1
154301,2,0,0,-1,-1,-1
0,0,0,0,-1,-1,-1
155084,1,0,1,48,7108,7075
154359,1,0,1,30,8617,8611
0,0,0,0,-1,-1,-1
155037,1,0,1,75,12424,12391
0,0,0,0,-1,-1,-1
153705,2,0,0,-1,-1,-1
155311,1,1,1,145,4486,4441
0,0,0,0,-1,-1,-1
154780,2,0,0,-1,-1,-1
153898,1,0,1,60,3238,3210
154790,2,0,0,-1,-1,-1
0,0,0,0,-1,-1,-1
153129,1,1,0,43,1883,1857
0,0,0,0,-1,-1,-1
153717,1,1,0,7,5485,5482
153143,2,0,0,-1,-1,-1
154433,2,0,0,-1,-1,-1
0,0,0,0,-1,-1,-1
0,0,0,0,-1,-1,-1
154716,2,0,0,-1,-1,-1
155335,1,1,1,319,4826,4687
154280,1,0,1,53,2828,2792
0,0,0,0,-1,-1,-1
154825,2,0,0,-1,-1,-1
154666,1,1,0,101,2860,2809
0,0,0,0,-1,-1,-1
153530,2,0,0,-1,-1,-1
0,0,0,0,-1,-1,-1
154291,2,0,0,-1,-1,-1
154911,1,0,1,0,22512,22512
154396,1,1,0,0,1723,1723
153522,2,0,0,-1,-1,-1
154745,1,1,0,132,5407,5345
0,0,0,0,-1,-1,-1
153755,2,0,0,-1,-1,-1
153429,2,0,0,-1,-1,-1
154094,2,0,0,-1,-1,-1
154579,2,0,0,-1,-1,-1
155274,1,0,1,73,10618,10570
0,0,0,0,-1,-1,-1
0,0,0,0,-1,-1,-1
154833,1,0,1,141,2640,2593
0,0,0,0,-1,-1,-1
0,0,0,0,-1,-1,-1
154583,2,0,0,-1,-1,-1
0,0,0,0,-1,-1,-1
155304,1,1,-1,102,6515,6484
153564,2,0,0,-1,-1,-1
154823,1,1,0,0,204,204
0,0,0,0,-1,-1,-1
155226,1,1,1,204,9378,9310
154601,1,0,1,45,464,443
155279,1,1,0,115,3746,3705
0,0,0,0,-1,-1,-1
154615,2,0,0,-1,-1,-1
152969,1,1,0,111,4408,4353
154524,2,0,0,-1,-1,-1
155336,2,0,0,-1,-1,-1
154541,2,0,0,-1,-1,-1
0,0,0,0,-1,-1,-1
154883,1,0,1,47,5768,5741
153800,1,0,1,35,11676,11662
0,0,0,0,-1,-1,-1
153380,1,0,1,77,5009,4943
153819,1,1,0,420,3721,3570
0,0,0,0,-1,-1,-1
0,0,0,0,-1,-1,-1
0,0,0,0,-1,-1,-1
153739,1,1,0,124,3929,3883
155216,2,0,0,-1,-1,-1
154556,1,0,1,97,8586,8544
155061,2,0,0,-1,-1,-1
0,0,0,0,-1,-1,-1
154482,1,1,1,202,3056,2956
154122,2,0,0,-1,-1,-1
152852,2,0,0,-1,-1,-1
154959,1,0,1,35,2087,2071
0,0,0,0,-1,-1,-1
0,0,0,0,-1,-1,-1
0,0,0,0,-1,-1,-1
154879,1,0,1,153,4082,4014
154371,2,0,0,-1,-1,-1
0,0,0,0,-1,-1,-1
153885,1,1,1,114,4042,4001
0,0,0,0,-1,-1,-1
154381,2,0,0,-1,-1,-1
153541,1,1,0,32,8171,8145
154578,2,0,0,-1,-1,-1
154823,2,0,0,-1,-1,-1
154686,1,1,0,271,3493,3385
0,0,0,0,-1,-1,-1
155278,1,0,1,172,7242,7165
154905,2,0,0,-1,-1,-1
0,0,0,0,-1,-1,-1
154627,1,0,1,6,453,448
0,0,0,0,-1,-1,-1
153945,2,0,0,-1,-1,-1
154024,2,0,0,-1,-1,-1
152800,1,0,1,53,9544,9527
154138,1,0,1,135,1243,1192
153993,1,1,0,283,2755,2588
154620,2,0,0,-1,-1,-1
155251,1,1,0,156,4148,4065
0,0,0,0,-1,-1,-1
0,0,0,0,-1,-1,-1
154970,2,0,0,-1,-1,-1
0,0,0,0,-1,-1,-1
153715,1,1,0,24,1736,1722
154589,1,0,1,100,2404,2346
155358,1,1,-1,33,10555,10542
154528,1,0,1,164,5636,5578
154328,1,1,0,145,2390,2306
155347,1,1,0,18,13002,12996
154640,1,1,0,240,3826,3698
153686,2,0,0,-1,-1,-1
154163,2,0,0,-1,-1,-1
154363,1,0,1,318,4897,4743
154812,1,0,1,65,3500,3463
154486,1,0,1,170,3216,3107
154283,1,1,0,0,2229,2229
0,0,0,0,-1,-1,-1
0,0,0,0,-1,-1,-1
0,0,0,0,-1,-1,-1
155338,2,0,0,-1,-1,-1
154209,2,0,0,-1,-1,-1
0,0,0,0,-1,-1,-1
0,0,0,0,-1,-1,-1
153905,1,1,-1,67,7580,7553
153860,2,0,0,-1,-1,-1
0,0,0,0,-1,-1,-1
154435,1,0,1,51,1948,1935
155274,1,1,0,136,5148,5093
0,0,0,0,-1,-1,-1
0,0,0,0,-1,-1,-1
155337,1,0,1,184,5132,5065
153332,1,0,1,138,1318,1239
155178,1,1,0,10,4090,4089
154833,2,0,0,-1,-1,-1
0,0,0,0,-1,-1,-1
0,0,0,0,-1,-1,-1
155269,1,1,0,25,1650,1644
0,0,0,0,-1,-1,-1
153599,1,0,1,218,3290,3188
153061,2,0,0,-1,-1,-1
155067,1,1,1,120,3536,3474
154887,1,1,0,0,12087,12087
155338,1,1,0,266,2909,2802
154877,2,0,0,-1,-1,-1
153940,2,0,0,-1,-1,-1
0,0,0,0,-1,-1,-1
153941,2,0,0,-1,-1,-1
154414,2,0,0,-1,-1,-1
153650,2,0,0,-1,-1,-1
153951,1,1,0,98,4906,4849
151987,2,0,0,-1,-1,-1
0,0,0,0,-1,-1,-1
153603,1,0,1,64,4925,4880
154941,1,1,0,0,1722,1722
152533,2,0,0,-1,-1,-1
155006,1,0,1,173,5683,5597
0,0,0,0,-1,-1,-1
154370,2,0,0,-1,-1,-1
154333,1,1,0,56,2193,2170
152625,2,0,0,-1,-1,-1
154328,2,0,0,-1,-1,-1
154414,2,0,0,-1,-1,-1
154659,2,0,0,-1,-1,-1
154955,1,0,1,33,1566,1551
154683,2,0,0,-1,-1,-1
154787,1,1,0,71,3644,3618
152995,2,0,0,-1,-1,-1
155032,2,0,0,-1,-1,-1
0,0,0,0,-1,-1,-1
155009,1,1,0,85,3057,3027
154030,1,0,1,19,2941,2922
155070,1,1,0,131,2923,2847
155352,1,0,1,0,2783,2783
155018,2,0,0,-1,-1,-1
0,0,0,0,-1,-1,-1
153143,1,0,1,51,15351,15303
154930,1,1,0,36,2754,2729
0,0,0,0,-1,-1,-1
0,0,0,0,-1,-1,-1
153231,1,0,1,40,5085,5082
0,0,0,0,-1,-1,-1
0,0,0,0,-1,-1,-1
154618,1,0,1,192,5488,5426
0,0,0,0,-1,-1,-1
0,0,0,0,-1,-1,-1
153627,2,0,0,-1,-1,-1
155000,1,1,1,84,3913,3880
153688,1,0,1,125,2143,2060
155258,1,1,0,102,16400,16342
153158,2,0,0,-1,-1,-1
155371,1,0,1,0,4838,4838
154286,2,0,0,-1,-1,-1
155008,1,1,0,49,1961,1942
154861,2,0,0,-1,-1,-1
0,0,0,0,-1,-1,-1
155158,1,1,0,158,1331,1266
154673,1,1,1,303,2484,2353
0,0,0,0,-1,-1,-1
0,0,0,0,-1,-1,-1
0,0,0,0,-1,-1,-1
0,0,0,0,-1,-1,-1
0,0,0,0,-1,-1,-1
153934,2,0,0,-1,-1,-1
154295,2,0,0,-1,-1,-1
0,0,0,0,-1,-1,-1
0,0,0,0,-1,-1,-1
0,0,0,0,-1,-1,-1
154419,1,1,0,85,8723,8666
0,0,0,0,-1,-1,-1
154359,1,0,1,178,2659,2559
154660,1,1,1,127,4176,4100
154419,1,0,1,172,3097,3016
0,0,0,0,-1,-1,-1
154213,2,0,0,-1,-1,-1
154612,2,0,0,-1,-1,-1
154428,2,0,0,-1,-1,-1
154490,1,1,0,218,2275,2178
154185,1,0,1,150,1760,1676
154173,1,1,0,28,5521,5502
0,0,0,0,-1,-1,-1
0,0,0,0,-1,-1,-1
154122,2,0,0,-1,-1,-1
155200,1,1,0,17,5620,5615
0,0,0,0,-1,-1,-1
153935,2,0,0,-1,-1,-1
155289,1,1,0,181,2180,2096
154158,1,0,1,100,2792,2752
154510,2,0,0,-1,-1,-1
155278,1,0,1,178,3008,2926
0,0,0,0,-1,-1,-1
153839,2,0,0,-1,-1,-1
154294,1,1,0,18,32012,32001
154325,2,0,0,-1,-1,-1
0,0,0,0,-1,-1,-1
155382,1,0,1,45,1539,1519
0,0,0,0,-1,-1,-1
0,0,0,0,-1,-1,-1
155168,1,1,0,90,11329,11265
155162,1,0,1,15,5763,5758
154749,1,0,1,0,7037,7037
154919,2,0,0,-1,-1,-1
154051,2,0,0,-1,-1,-1
154910,2,0,0,-1,-1,-1
155297,1,1,0,106,9796,9736
154581,2,0,0,-1,-1,-1
153573,2,0,0,-1,-1,-1
154988,1,1,0,209,2860,2788
0,0,0,0,-1,-1,-1
153537,1,1,0,74,3708,3670
0,0,0,0,-1,-1,-1
0,0,0,0,-1,-1,-1
152405,1,0,1,26,3657,3650
154453,2,0,0,-1,-1,-1
154422,2,0,0,-1,-1,-1
154185,1,0,1,189,2908,2818
153389,2,0,0,-1,-1,-1
154930,1,1,0,26,805,790
0,0,0,0,-1,-1,-1
0,0,0,0,-1,-1,-1
154527,1,1,-1,79,7473,7429
154329,2,0,0,-1,-1,-1
0,0,0,0,-1,-1,-1
154322,1,1,0,0,13002,13002
154205,1,1,0,91,1281,1228
154713,2,0,0,-1,-1,-1
152524,2,0,0,-1,-1,-1
152296,2,0,0,-1,-1,-1
153567,1,0,1,22,1529,1526
0,0,0,0,-1,-1,-1
154510,2,0,0,-1,-1,-1
0,0,0,0,-1,-1,-1
0,0,0,0,-1,-1,-1
155287,1,0,1,0,26928,26928
0,0,0,0,-1,-1,-1
152989,2,0,0,-1,-1,-1
154694,2,0,0,-1,-1,-1
0,0,0,0,-1,-1,-1
0,0,0,0,-1,-1,-1
0,0,0,0,-1,-1,-1
0,0,0,0,-1,-1,-1
154866,1,0,1,200,2775,2660
153272,1,1,0,272,3522,3396
0,0,0,0,-1,-1,-1
0,0,0,0,-1,-1,-1
0,0,0,0,-1,-1,-1
0,0,0,0,-1,-1,-1
153677,2,0,0,-1,-1,-1
0,0,0,0,-1,-1,-1
154984,2,0,0,-1,-1,-1
155260,1,1,-1,126,4352,4289
154436,1,1,0,125,1889,1830
155349,1,1,0,85,2762,2701
154038,1,0,1,0,2543,2543
154802,1,1,0,131,1807,1736
154764,1,0,1,132,5661,5592
0,0,0,0,-1,-1,-1
154874,2,0,0,-1,-1,-1
154561,2,0,0,-1,-1,-1
153249,2,0,0,-1,-1,-1
154414,1,0,1,8,3819,3817
155263,1,1,0,92,2494,2465
0,0,0,0,-1,-1,-1
153263,2,0,0,-1,-1,-1
150950,2,0,0,-1,-1,-1
0,0,0,0,-1,-1,-1
154917,1,0,1,63,10620,10601
154573,2,0,0,-1,-1,-1
155266,1,1,0,211,4509,4402
155226,1,1,1,176,6342,6254
0,0,0,0,-1,-1,-1
154739,1,1,0,78,12189,12149
154677,1,1,0,206,7642,7513
153798,2,0,0,-1,-1,-1
0,0,0,0,-1,-1,-1
154722,2,0,0,-1,-1,-1
154041,1,0,1,142,5223,5164
155028,1,1,0,82,1894,1860
153696,2,0,0,-1,-1,-1
0,0,0,0,-1,-1,-1
154171,2,0,0,-1,-1,-1
154424,1,0,1,25,17328,17316
155089,1,1,0,73,4955,4918
153753,2,0,0,-1,-1,-1
0,0,0,0,-1,-1,-1
0,0,0,0,-1,-1,-1
155206,2,0,0,-1,-1,-1
153534,2,0,0,-1,-1,-1
154760,1,0,1,12,9534,9532
155229,1,1,-1,200,3131,3056
153608,1,0,1,180,9947,9870
0,0,0,0,-1,-1,-1
0,0,0,0,-1,-1,-1
154081,2,0,0,-1,-1,-1
0,0,0,0,-1,-1,-1
154744,2,0,0,-1,-1,-1
154371,2,0,0,-1,-1,-1
154762,1,0,1,0,5461,5461
0,0,0,0,-1,-1,-1
0,0,0,0,-1,-1,-1
155338,1,0,1,150,4193,4131
155229,1,0,1,218,5630,5538
153937,2,0,0,-1,-1,-1
154543,1,1,0,15,8783,8778
154414,1,1,0,157,3225,3147
154316,2,0,0,-1,-1,-1
154598,2,0,0,-1,-1,-1
155306,1,0,1,117,3707,3668
0,0,0,0,-1,-1,-1
154728,1,0,1,152,4182,4113
152999,1,0,1,93,2675,2643
0,0,0,0,-1,-1,-1
0,0,0,0,-1,-1,-1
154348,2,0,0,-1,-1,-1
155125,1,1,0,111,2797,2740
153955,2,0,0,-1,-1,-1
0,0,0,0,-1,-1,-1
153892,2,0,0,-1,-1,-1
153715,2,0,0,-1,-1,-1
155244,1,0,1,49,2694,2680
154876,1,0,1,0,16280,16280
155339,1,1,0,36,4822,4806
153877,2,0,0,-1,-1,-1
154998,1,1,0,97,4993,4930
153362,1,0,1,39,8132,8113
0,0,0,0,-1,-1,-1
153697,1,0,1,45,10690,10652
154631,2,0,0,-1,-1,-1
154354,2,0,0,-1,-1,-1
154891,2,0,0,-1,-1,-1
155272,1,1,0,79,3043,3008
155025,1,1,0,90,4909,4860
154747,2,0,0,-1,-1,-1
151858,2,0,0,-1,-1,-1
153935,2,0,0,-1,-1,-1
155025,1,1,1,202,4975,4909
153916,2,0,0,-1,-1,-1
154906,1,1,0,38,3216,3191
154573,2,0,0,-1,-1,-1
154709,1,0,1,0,2268,2268
154696,2,0,0,-1,-1,-1
154658,2,0,0,-1,-1,-1
154306,1,1,0,46,11370,11331
154548,1,1,0,113,5473,5419
154667,1,1,0,108,2335,2278
155088,2,0,0,-1,-1,-1
154319,2,0,0,-1,-1,-1
154722,1,1,0,37,7424,7393
0,0,0,0,-1,-1,-1
154589,2,0,0,-1,-1,-1
153969,2,0,0,-1,-1,-1
154172,2,0,0,-1,-1,-1
0,0,0,0,-1,-1,-1
154915,2,0,0,-1,-1,-1
0,0,0,0,-1,-1,-1
153925,2,0,0,-1,-1,-1
153825,2,0,0,-1,-1,-1
0,0,0,0,-1,-1,-1
0,0,0,0,-1,-1,-1
155088,2,0,0,-1,-1,-1
0,0,0,0,-1,-1,-1
153191,2,0,0,-1,-1,-1
154616,1,1,0,0,236,236
154478,2,0,0,-1,-1,-1
154041,1,0,1,70,2049,1988
0,0,0,0,-1,-1,-1
0,0,0,0,-1,-1,-1
0,0,0,0,-1,-1,-1
154500,2,0,0,-1,-1,-1
154853,1,0,1,101,4275,4218
0,0,0,0,-1,-1,-1
0,0,0,0,-1,-1,-1
154862,1,1,0,0,5228,5228
155042,1,0,1,0,19017,19017
0,0,0,0,-1,-1,-1
0,0,0,0,-1,-1,-1
153358,2,0,0,-1,-1,-1
0,0,0,0,-1,-1,-1
154888,2,0,0,-1,-1,-1
0,0,0,0,-1,-1,-1
0,0,0,0,-1,-1,-1
154530,2,0,0,-1,-1,-1
153822,2,0,0,-1,-1,-1
154207,1,1,-1,119,7357,7314
153620,1,0,1,11,11678,11676
0,0,0,0,-1,-1,-1
154810,2,0,0,-1,-1,-1
153711,2,0,0,-1,-1,-1
153413,1,1,0,88,1134,1100
0,0,0,0,-1,-1,-1
153994,1,0,1,45,7174,7151
155074,1,1,-1,197,5729,5632
155268,1,1,0,146,1154,1087
154079,1,0,1,108,2886,2838
154610,1,1,1,189,5656,5573
154189,1,0,1,203,4070,3946
154728,1,0,1,0,5142,5142
0,0,0,0,-1,-1,-1
154042,1,0,1,106,2156,2093
153002,1,1,0,76,7522,7495
153356,2,0,0,-1,-1,-1
154052,2,0,0,-1,-1,-1
154554,1,0,1,82,1630,1588
154911,1,1,1,209,3150,3031
0,0,0,0,-1,-1,-1
151731,1,1,0,134,1910,1841
155334,1,1,0,0,2242,2242
154535,1,0,1,71,1049,1015
0,0,0,0,-1,-1,-1
153544,2,0,0,-1,-1,-1
154732,2,0,0,-1,-1,-1
154088,1,1,0,96,2119,2081
154932,1,1,1,188,3638,3567
153084,2,0,0,-1,-1,-1
155037,2,0,0,-1,-1,-1
153788,1,1,0,173,1895,1803
154526,2,0,0,-1,-1,-1
154870,2,0,0,-1,-1,-1
0,0,0,0,-1,-1,-1
0,0,0,0,-1,-1,-1
0,0,0,0,-1,-1,-1
153349,2,0,0,-1,-1,-1
152954,2,0,0,-1,-1,-1
0,0,0,0,-1,-1,-1
154015,1,0,1,57,3044,3028
152836,2,0,0,-1,-1,-1
155015,1,1,0,165,2840,2754
154704,1,1,0,93,3904,3857
154147,2,0,0,-1,-1,-1
154942,1,1,0,138,2043,1972
154927,1,0,1,0,266,266
154144,1,1,0,51,6123,6086
0,0,0,0,-1,-1,-1
153952,1,1,0,141,2737,2651
155177,1,1,0,32,6826,6823
153107,2,0,0,-1,-1,-1
0,0,0,0,-1,-1,-1
0,0,0,0,-1,-1,-1
154170,2,0,0,-1,-1,-1
0,0,0,0,-1,-1,-1
154952,1,1,0,209,2015,1888
154697,2,0,0,-1,-1,-1
0,0,0,0,-1,-1,-1
0,0,0,0,-1,-1,-1
153877,1,1,-1,87,3646,3597
0,0,0,0,-1,-1,-1
154804,2,0,0,-1,-1,-1
0,0,0,0,-1,-1,-1
154266,1,1,0,81,3156,3102
154679,2,0,0,-1,-1,-1
154256,2,0,0,-1,-1,-1
154160,2,0,0,-1,-1,-1
153052,2,0,0,-1,-1,-1
154351,2,0,0,-1,-1,-1
154077,2,0,0,-1,-1,-1
0,0,0,0,-1,-1,-1
0,0,0,0,-1,-1,-1
154549,1,0,1,63,7584,7556
154494,1,0,1,220,1637,1534
0,0,0,0,-1,-1,-1
154224,1,0,1,0,1380,1380
155042,1,1,1,310,4489,4356
153929,2,0,0,-1,-1,-1
0,0,0,0,-1,-1,-1
0,0,0,0,-1,-1,-1
0,0,0,0,-1,-1,-1
154737,1,1,-1,138,8009,7949
152678,1,1,0,115,1940,1888
154844,1,1,0,166,3160,3073
154230,2,0,0,-1,-1,-1
155070,1,1,0,17,8724,8709
0,0,0,0,-1,-1,-1
155011,1,1,0,0,5634,5634
153919,2,0,0,-1,-1,-1
0,0,0,0,-1,-1,-1
154486,1,1,0,79,11458,11435
155198,1,1,0,132,5762,5690
155061,1,1,-1,193,3536,3455
154274,1,0,1,111,3220,3169
154132,1,1,0,142,2155,2078
154516,1,0,1,34,1926,1904
154873,1,1,0,65,1713,1694
0,0,0,0,-1,-1,-1
154548,1,1,0,127,2127,2072
154659,1,1,1,21,4674,4658
155264,1,0,1,0,2745,2745
154835,1,0,1,109,3360,3304
154639,2,0,0,-1,-1,-1
152527,1,1,0,144,1755,1696
154187,1,1,0,0,557,557
0,0,0,0,-1,-1,-1
154334,2,0,0,-1,-1,-1
0,0,0,0,-1,-1,-1
153397,2,0,0,-1,-1,-1
152875,1,0,1,7,5626,5621
155043,2,0,0,-1,-1,-1
0,0,0,0,-1,-1,-1
0,0,0,0,-1,-1,-1
154807,2,0,0,-1,-1,-1
155285,1,1,1,112,2278,2214
152552,2,0,0,-1,-1,-1
154800,2,0,0,-1,-1,-1
0,0,0,0,-1,-1,-1
152568,1,0,1,102,9679,9628
153686,1,0,1,51,3560,3544
155102,1,0,1,160,4513,4435
153701,2,0,0,-1,-1,-1
154704,2,0,0,-1,-1,-1
155359,1,1,0,105,2603,2528
155158,1,1,-1,248,5161,5063
154918,1,0,1,7,10684,10678
154758,2,0,0,-1,-1,-1
0,0,0,0,-1,-1,-1
155240,2,0,0,-1,-1,-1
0,0,0,0,-1,-1,-1
0,0,0,0,-1,-1,-1
154805,2,0,0,-1,-1,-1
0,0,0,0,-1,-1,-1
154451,1,0,1,0,8555,8555
0,0,0,0,-1,-1,-1
154885,1,0,1,142,5152,5074
0,0,0,0,-1,-1,-1
154468,1,0,1,123,3592,3555
0,0,0,0,-1,-1,-1
0,0,0,0,-1,-1,-1
0,0,0,0,-1,-1,-1
154116,1,0,1,184,3500,3417
154343,2,0,0,-1,-1,-1
154529,1,1,1,0,11982,11982
0,0,0,0,-1,-1,-1
154272,1,1,0,183,2513,2443
0,0,0,0,-1,-1,-1
0,0,0,0,-1,-1,-1
0,0,0,0,-1,-1,-1
155110,1,1,0,124,2237,2172
153846,2,0,0,-1,-1,-1
154990,1,1,0,36,1705,1691
154439,2,0,0,-1,-1,-1
0,0,0,0,-1,-1,-1
154551,2,0,0,-1,-1,-1
0,0,0,0,-1,-1,-1
153786,2,0,0,-1,-1,-1
0,0,0,0,-1,-1,-1
0,0,0,0,-1,-1,-1
0,0,0,0,-1,-1,-1
0,0,0,0,-1,-1,-1
155266,1,1,-1,117,8684,8633
154335,1,0,1,66,3297,3264
0,0,0,0,-1,-1,-1
153633,1,1,0,171,2436,2361
154461,2,0,0,-1,-1,-1
153606,1,1,0,29,6414,6400
0,0,0,0,-1,-1,-1
154344,1,1,0,125,2994,2937
154975,1,1,0,0,1098,1098
154164,1,1,0,0,3995,3995
155048,1,0,1,45,814,793
0,0,0,0,-1,-1,-1
0,0,0,0,-1,-1,-1
153765,1,1,1,129,12804,12749
155058,2,0,0,-1,-1,-1
0,0,0,0,-1,-1,-1
155046,2,0,0,-1,-1,-1
0,0,0,0,-1,-1,-1
153532,2,0,0,-1,-1,-1
153510,1,0,1,48,733,717
154483,2,0,0,-1,-1,-1
154289,2,0,0,-1,-1,-1
154601,1,1,0,4,1374,1374
154670,1,1,0,71,3429,3400
0,0,0,0,-1,-1,-1
154345,1,1,0,101,2858,2816
154469,1,1,0,153,16642,16570
0,0,0,0,-1,-1,-1
155043,1,1,0,41,10722,10709
153216,1,0,1,154,2422,2365
0,0,0,0,-1,-1,-1
152410,2,0,0,-1,-1,-1
153718,2,0,0,-1,-1,-1
153166,1,1,0,193,1246,1160
154872,1,1,0,16,3370,3368
154975,2,0,0,-1,-1,-1
154772,1,0,1,137,3618,3556
153430,2,0,0,-1,-1,-1
153540,2,0,0,-1,-1,-1
0,0,0,0,-1,-1,-1
154307,2,0,0,-1,-1,-1
155190,1,0,1,19,1888,1885
154390,1,0,1,121,1517,1446
154503,1,1,1,195,6705,6625
153265,2,0,0,-1,-1,-1
155271,1,0,1,43,8074,8049
0,0,0,0,-1,-1,-1
154225,1,1,0,84,11360,11324
154582,2,0,0,-1,-1,-1
153122,2,0,0,-1,-1,-1
153809,2,0,0,-1,-1,-1
0,0,0,0,-1,-1,-1
153855,2,0,0,-1,-1,-1
0,0,0,0,-1,-1,-1
154754,1,1,0,47,3457,3433
154463,2,0,0,-1,-1,-1
153742,2,0,0,-1,-1,-1
0,0,0,0,-1,-1,-1
153905,1,0,1,134,2419,2364
154682,1,1,0,124,7760,7701
154171,2,0,0,-1,-1,-1
153004,1,0,1,0,4513,4513
155170,2,0,0,-1,-1,-1
154278,2,0,0,-1,-1,-1
154209,2,0,0,-1,-1,-1
154888,1,1,0,17,2593,2584
0,0,0,0,-1,-1,-1
154953,2,0,0,-1,-1,-1
154171,2,0,0,-1,-1,-1
154519,1,0,1,111,2611,2560
152477,2,0,0,-1,-1,-1
154811,1,0,1,86,2522,2466
153154,1,0,1,57,7543,7511
155134,1,0,1,106,8789,8749
152539,2,0,0,-1,-1,-1
0,0,0,0,-1,-1,-1
0,0,0,0,-1,-1,-1
0,0,0,0,-1,-1,-1
154424,2,0,0,-1,-1,-1
154744,1,0,1,39,11401,11367
152768,2,0,0,-1,-1,-1
154076,1,1,0,86,4057,4011
154503,1,0,1,19,8107,8103
0,0,0,0,-1,-1,-1
154477,2,0,0,-1,-1,-1
155338,1,0,1,198,3386,3272
154796,1,1,0,218,3507,3400
151698,2,0,0,-1,-1,-1
155044,1,0,1,114,2207,2153
154943,1,1,1,124,8893,8832
153626,2,0,0,-1,-1,-1
155222,1,0,1,0,2475,2475
153332,2,0,0,-1,-1,-1
152807,1,1,-1,133,3970,3914
155360,1,1,0,5,4128,4125
155092,1,1,0,186,3847,3770
0,0,0,0,-1,-1,-1
155009,1,1,1,224,5862,5759
153192,2,0,0,-1,-1,-1
154754,2,0,0,-1,-1,-1
154578,2,0,0,-1,-1,-1
153764,1,1,0,148,5000,4928
0,0,0,0,-1,-1,-1
155330,1,1,0,69,9372,9348
155377,1,0,1,55,2883,2848
0,0,0,0,-1,-1,-1
155085,1,1,0,208,4047,3939
154139,1,0,1,62,3374,3336
155271,1,1,0,90,2274,2218
0,0,0,0,-1,-1,-1
154605,2,0,0,-1,-1,-1
154141,2,0,0,-1,-1,-1
153299,2,0,0,-1,-1,-1
155153,2,0,0,-1,-1,-1
153548,2,0,0,-1,-1,-1
153045,2,0,0,-1,-1,-1
155154,1,1,0,108,3789,3743
0,0,0,0,-1,-1,-1
152146,1,0,1,91,3384,3335
0,0,0,0,-1,-1,-1
155049,1,1,0,145,4346,4272
0,0,0,0,-1,-1,-1
154650,2,0,0,-1,-1,-1
0,0,0,0,-1,-1,-1
154034,2,0,0,-1,-1,-1
154534,1,1,0,146,3244,3173
0,0,0,0,-1,-1,-1
0,0,0,0,-1,-1,-1
154367,2,0,0,-1,-1,-1
154057,2,0,0,-1,-1,-1
154491,1,1,0,99,2087,2041
153267,2,0,0,-1,-1,-1
154527,1,0,1,94,5233,5189
154501,1,1,0,139,6348,6282
155013,2,0,0,-1,-1,-1
154861,1,1,1,58,8922,8892
0,0,0,0,-1,-1,-1
0,0,0,0,-1,-1,-1
155141,2,0,0,-1,-1,-1
153527,2,0,0,-1,-1,-1
154057,1,1,0,83,1969,1934
155118,1,1,0,191,3842,3755
154954,1,1,0,198,5649,5543
0,0,0,0,-1,-1,-1
154033,2,0,0,-1,-1,-1
155041,1,1,0,253,1804,1680
153559,1,0,1,131,3828,3773
155112,2,0,0,-1,-1,-1
0,0,0,0,-1,-1,-1
154674,2,0,0,-1,-1,-1
154552,1,0,1,55,2081,2061
154689,2,0,0,-1,-1,-1
154903,2,0,0,-1,-1,-1
0,0,0,0,-1,-1,-1
154859,2,0,0,-1,-1,-1
155006,2,0,0,-1,-1,-1
155331,1,0,1,23,3220,3205
0,0,0,0,-1,-1,-1
0,0,0,0,-1,-1,-1
0,0,0,0,-1,-1,-1
155176,1,1,0,108,5168,5148
154555,1,1,0,95,1597,1543
154889,2,0,0,-1,-1,-1
153199,2,0,0,-1,-1,-1
0,0,0,0,-1,-1,-1
0,0,0,0,-1,-1,-1
154084,2,0,0,-1,-1,-1
155357,1,0,1,262,6334,6203
155019,2,0,0,-1,-1,-1
154828,1,1,0,9,1976,1975
154227,2,0,0,-1,-1,-1
154660,1,0,1,169,1839,1755
0,0,0,0,-1,-1,-1
155372,1,0,1,116,4452,4394
154722,1,1,0,63,3140,3105
154582,1,0,1,74,1339,1313
154151,1,0,1,220,1991,1906
154543,2,0,0,-1,-1,-1
0,0,0,0,-1,-1,-1
155001,2,0,0,-1,-1,-1
153508,2,0,0,-1,-1,-1
154338,2,0,0,-1,-1,-1
154788,2,0,0,-1,-1,-1
154573,1,0,1,28,46367,46346
154220,1,1,0,8,4424,4422
154382,1,1,-1,193,7107,7019
154777,1,0,1,200,2023,1931
154206,2,0,0,-1,-1,-1
0,0,0,0,-1,-1,-1
153365,2,0,0,-1,-1,-1
154714,1,0,1,0,3965,3965
155185,2,0,0,-1,-1,-1
155013,1,1,0,105,8035,7972
0,0,0,0,-1,-1,-1
155110,1,1,0,173,1497,1434
154529,2,0,0,-1,-1,-1
153979,1,1,0,156,9441,9358
0,0,0,0,-1,-1,-1
153959,2,0,0,-1,-1,-1
154566,1,1,0,82,1329,1285
155009,2,0,0,-1,-1,-1
154139,2,0,0,-1,-1,-1
154545,1,0,1,98,3565,3512
153956,2,0,0,-1,-1,-1
154189,2,0,0,-1,-1,-1
154852,1,1,0,21,4745,4734
0,0,0,0,-1,-1,-1
0,0,0,0,-1,-1,-1
154033,1,0,1,152,4690,4622
0,0,0,0,-1,-1,-1
154374,2,0,0,-1,-1,-1
154638,1,0,1,154,4324,4254
0,0,0,0,-1,-1,-1
155345,1,0,1,0,4611,4611
153009,2,0,0,-1,-1,-1
155161,1,0,1,74,6775,6741
153946,2,0,0,-1,-1,-1
155295,1,0,1,0,5250,5250
154639,1,0,1,201,8701,8616
155276,1,1,0,190,4429,4343
0,0,0,0,-1,-1,-1
152829,2,0,0,-1,-1,-1
154718,2,0,0,-1,-1,-1
0,0,0,0,-1,-1,-1
0,0,0,0,-1,-1,-1
154896,1,1,0,10,1176,1170
154494,1,1,0,35,5273,5254
153889,2,0,0,-1,-1,-1
153772,2,0,0,-1,-1,-1
153606,1,1,0,74,3300,3272
155142,1,0,1,184,3517,3423
155021,1,0,1,0,12369,12369
154783,2,0,0,-1,-1,-1
0,0,0,0,-1,-1,-1
0,0,0,0,-1,-1,-1
154000,2,0,0,-1,-1,-1
0,0,0,0,-1,-1,-1
153529,2,0,0,-1,-1,-1
154832,1,1,0,51,3026,2988
154314,2,0,0,-1,-1,-1
154099,2,0,0,-1,-1,-1
153834,2,0,0,-1,-1,-1
153426,1,1,0,9,2850,2850
0,0,0,0,-1,-1,-1
154465,1,1,0,40,550,534
154710,1,0,1,75,2468,2416
154520,1,1,0,181,2956,2866
154897,1,0,1,182,1106,1012
154191,2,0,0,-1,-1,-1
153871,2,0,0,-1,-1,-1
154122,2,0,0,-1,-1,-1
0,0,0,0,-1,-1,-1
155299,1,1,0,45,3461,3443
155146,2,0,0,-1,-1,-1
0,0,0,0,-1,-1,-1
154557,1,0,1,79,2125,2090
154301,2,0,0,-1,-1,-1
154205,1,0,1,95,3038,2985
153976,2,0,0,-1,-1,-1
155335,1,1,0,12,6581,6577
0,0,0,0,-1,-1,-1
154672,2,0,0,-1,-1,-1
154441,1,0,1,65,1164,1151
0,0,0,0,-1,-1,-1
153992,1,0,1,296,3594,3492
155341,1,1,0,16,22392,22374
154269,1,0,1,123,2067,2035
154167,2,0,0,-1,-1,-1
0,0,0,0,-1,-1,-1
154840,2,0,0,-1,-1,-1
155162,1,1,-1,164,6115,6046
155256,1,0,1,82,5618,5572
153258,1,1,0,29,1892,1879
154999,1,0,1,36,1767,1755
152947,2,0,0,-1,-1,-1
0,0,0,0,-1,-1,-1
0,0,0,0,-1,-1,-1
155105,1,1,1,149,2160,2081
0,0,0,0,-1,-1,-1
0,0,0,0,-1,-1,-1
0,0,0,0,-1,-1,-1
0,0,0,0,-1,-1,-1
154331,1,1,0,64,3329,3295
0,0,0,0,-1,-1,-1
154506,1,0,1,132,2179,2139
155108,1,1,0,0,6288,6288
154662,1,1,0,64,537,488
155337,1,1,0,0,2160,2160
0,0,0,0,-1,-1,-1
154268,2,0,0,-1,-1,-1
152912,1,0,1,103,2852,2806
0,0,0,0,-1,-1,-1
153782,1,0,1,116,8203,8158
155165,1,0,1,157,2495,2401
152570,2,0,0,-1,-1,-1
154957,1,0,1,112,2618,2565
0,0,0,0,-1,-1,-1
0,0,0,0,-1,-1,-1
0,0,0,0,-1,-1,-1
0,0,0,0,-1,-1,-1
155259,1,1,0,317,3758,3614
154661,2,0,0,-1,-1,-1
154728,1,1,0,67,7455,7428
153451,1,1,0,158,7019,6929
155204,1,1,0,34,6544,6529
154541,1,1,1,191,3082,3001
153804,2,0,0,-1,-1,-1
0,0,0,0,-1,-1,-1
0,0,0,0,-1,-1,-1
153601,2,0,0,-1,-1,-1
154685,2,0,0,-1,-1,-1
0,0,0,0,-1,-1,-1
0,0,0,0,-1,-1,-1
0,0,0,0,-1,-1,-1
153759,1,0,1,68,4734,4711
153988,1,0,1,168,4210,4126
0,0,0,0,-1,-1,-1
0,0,0,0,-1,-1,-1
0,0,0,0,-1,-1,-1
0,0,0,0,-1,-1,-1
154792,2,0,0,-1,-1,-1
154948,1,1,-1,169,5369,5283
152876,2,0,0,-1,-1,-1
0,0,0,0,-1,-1,-1
155067,2,0,0,-1,-1,-1
0,0,0,0,-1,-1,-1
153825,2,0,0,-1,-1,-1
154215,2,0,0,-1,-1,-1
0,0,0,0,-1,-1,-1
154192,2,0,0,-1,-1,-1
0,0,0,0,-1,-1,-1
0,0,0,0,-1,-1,-1
154824,1,0,1,58,3308,3279
0,0,0,0,-1,-1,-1
155371,1,1,0,140,2950,2902
153396,1,1,0,98,4314,4278
154051,2,0,0,-1,-1,-1
153957,1,1,0,74,3053,3023
153912,1,0,1,6,4603,4603
0,0,0,0,-1,-1,-1
153097,2,0,0,-1,-1,-1
154807,2,0,0,-1,-1,-1
152393,1,1,0,0,1404,1404
155256,1,1,1,18,4434,4424
0,0,0,0,-1,-1,-1
154976,1,1,0,105,2408,2355
0,0,0,0,-1,-1,-1
154915,2,0,0,-1,-1,-1
155008,1,1,0,289,1591,1454
154722,1,0,1,137,3562,3490
154182,2,0,0,-1,-1,-1
154927,1,0,1,0,9837,9837
0,0,0,0,-1,-1,-1
153702,1,1,0,158,2246,2194
0,0,0,0,-1,-1,-1
153962,2,0,0,-1,-1,-1
153706,2,0,0,-1,-1,-1
0,0,0,0,-1,-1,-1
154534,2,0,0,-1,-1,-1
155093,1,0,1,182,8256,8166
152146,1,1,0,195,2458,2351
154516,2,0,0,-1,-1,-1
0,0,0,0,-1,-1,-1
153529,1,0,1,79,1845,1806
154811,1,1,0,24,24274,24263
0,0,0,0,-1,-1,-1
154383,1,0,1,119,2533,2484
155209,2,0,0,-1,-1,-1
153041,1,1,0,88,2602,2560
155272,1,0,1,0,4126,4126
0,0,0,0,-1,-1,-1
154261,1,0,1,85,2170,2116
154616,2,0,0,-1,-1,-1
153348,2,0,0,-1,-1,-1
153894,1,0,1,212,3129,3037
155358,1,1,0,83,9469,9431
155005,1,0,1,83,5054,5016
0,0,0,0,-1,-1,-1
155118,1,0,1,271,4194,4062
0,0,0,0,-1,-1,-1
0,0,0,0,-1,-1,-1
154525,1,1,0,119,7197,7120
153995,2,0,0,-1,-1,-1
154922,1,0,1,0,3144,3144
155381,1,0,1,111,5442,5406
153174,2,0,0,-1,-1,-1
0,0,0,0,-1,-1,-1
0,0,0,0,-1,-1,-1
155342,1,0,1,168,3061,2989
154690,2,0,0,-1,-1,-1
154054,2,0,0,-1,-1,-1
154878,2,0,0,-1,-1,-1
155059,1,1,0,116,4337,4296
154204,1,1,0,127,4675,4581
154935,1,1,0,100,2082,2047
0,0,0,0,-1,-1,-1
155168,1,0,1,53,1198,1175
154808,1,0,1,22,3048,3039
154724,1,0,1,99,5099,5052
154062,1,0,1,1,3856,3853
154520,1,1,0,0,932,932
154432,1,1,-1,114,11256,11191
154866,1,0,1,59,4068,4050
153689,2,0,0,-1,-1,-1
0,0,0,0,-1,-1,-1
153830,1,1,0,144,5363,5305
153005,1,0,1,41,3965,3933
154348,2,0,0,-1,-1,-1
0,0,0,0,-1,-1,-1
154833,1,0,1,204,4669,4589
153119,1,1,1,133,2653,2622
0,0,0,0,-1,-1,-1
154315,1,0,1,65,1467,1432
0,0,0,0,-1,-1,-1
0,0,0,0,-1,-1,-1
153958,1,0,1,52,9675,9655
0,0,0,0,-1,-1,-1
154843,2,0,0,-1,-1,-1
0,0,0,0,-1,-1,-1
0,0,0,0,-1,-1,-1
0,0,0,0,-1,-1,-1
153970,2,0,0,-1,-1,-1
0,0,0,0,-1,-1,-1
155249,1,0,1,153,6572,6508
154625,1,1,0,28,6779,6776
154418,2,0,0,-1,-1,-1
155029,1,0,1,169,2070,1983
151978,2,0,0,-1,-1,-1
155336,1,0,1,217,6471,6374
155135,2,0,0,-1,-1,-1
0,0,0,0,-1,-1,-1
0,0,0,0,-1,-1,-1
0,0,0,0,-1,-1,-1
154183,2,0,0,-1,-1,-1
154755,1,1,0,45,5833,5823
155191,1,0,1,93,1322,1289
154986,1,1,1,112,4487,4425
154277,2,0,0,-1,-1,-1
0,0,0,0,-1,-1,-1
154124,1,1,0,228,3642,3518
153550,1,0,1,164,2975,2919
155008,1,0,1,11,1983,1979
0,0,0,0,-1,-1,-1
154817,2,0,0,-1,-1,-1
154149,2,0,0,-1,-1,-1
155190,1,1,1,99,1736,1659
0,0,0,0,-1,-1,-1
155140,1,1,0,0,4200,4200
154584,1,0,1,146,4709,4651
0,0,0,0,-1,-1,-1
155011,1,0,1,268,2698,2589
0,0,0,0,-1,-1,-1
0,0,0,0,-1,-1,-1
0,0,0,0,-1,-1,-1
154708,1,1,1,81,5272,5226
154056,1,0,1,70,4782,4749
154602,1,0,1,80,3485,3443
154457,2,0,0,-1,-1,-1
155041,1,1,0,7,2631,2621
152118,2,0,0,-1,-1,-1
154765,1,1,0,0,891,891
0,0,0,0,-1,-1,-1
0,0,0,0,-1,-1,-1
154569,1,0,1,246,2626,2495
154608,1,0,1,39,3316,3297
0,0,0,0,-1,-1,-1
154882,1,1,0,163,3176,3103
154144,2,0,0,-1,-1,-1
153891,1,0,1,122,2868,2825
154965,1,1,0,139,13307,13257
153469,1,1,0,21,1552,1551
154409,1,0,1,94,5314,5243
154784,1,0,1,190,6220,6138
0,0,0,0,-1,-1,-1
154908,1,1,1,111,12499,12458
153538,2,0,0,-1,-1,-1
155269,1,0,1,0,1164,1164
154498,1,1,0,173,4668,4570
153775,2,0,0,-1,-1,-1
154249,2,0,0,-1,-1,-1
0,0,0,0,-1,-1,-1
0,0,0,0,-1,-1,-1
155055,1,1,0,58,7935,7917
154998,1,1,0,0,1512,1512
154538,1,1,0,45,3123,3099
154005,2,0,0,-1,-1,-1
0,0,0,0,-1,-1,-1
0,0,0,0,-1,-1,-1
0,0,0,0,-1,-1,-1
0,0,0,0,-1,-1,-1
0,0,0,0,-1,-1,-1
151249,2,0,0,-1,-1,-1
0,0,0,0,-1,-1,-1
154053,2,0,0,-1,-1,-1
0,0,0,0,-1,-1,-1
154812,2,0,0,-1,-1,-1
154363,1,0,1,115,14681,14629
155323,1,1,0,70,8436,8400
154089,2,0,0,-1,-1,-1
153924,1,0,1,185,6313,6243
0,0,0,0,-1,-1,-1
153804,2,0,0,-1,-1,-1
153883,1,1,0,166,2622,2552
155071,1,1,1,372,5068,4927
0,0,0,0,-1,-1,-1
0,0,0,0,-1,-1,-1
154088,2,0,0,-1,-1,-1
153980,2,0,0,-1,-1,-1
155149,1,1,-1,61,8783,8757
0,0,0,0,-1,-1,-1
153118,2,0,0,-1,-1,-1
155335,1,0,1,123,3955,3881
154462,1,1,-1,136,6672,6601
155234,1,0,1,230,2583,2455
154907,1,1,0,0,4574,4574
152785,2,0,0,-1,-1,-1
153652,1,1,-1,193,2788,2675
154215,2,0,0,-1,-1,-1
154747,2,0,0,-1,-1,-1
154479,1,1,0,148,4748,4694
152394,2,0,0,-1,-1,-1
154887,1,1,0,93,14350,14311
154540,2,0,0,-1,-1,-1
153536,1,0,1,74,4255,4213
0,0,0,0,-1,-1,-1
154170,2,0,0,-1,-1,-1
154950,1,1,1,303,3012,2855
155197,1,1,0,145,3582,3522
154493,1,0,1,83,3530,3496
0,0,0,0,-1,-1,-1
0,0,0,0,-1,-1,-1
154992,1,1,0,2,5097,5096
154280,1,0,1,60,2465,2450
0,0,0,0,-1,-1,-1
154080,1,0,1,64,11771,11740
0,0,0,0,-1,-1,-1
153351,1,0,1,77,2826,2777
154794,1,1,-1,300,4354,4214
0,0,0,0,-1,-1,-1
155010,1,1,0,119,9227,9169
154778,2,0,0,-1,-1,-1
154367,1,1,0,82,3784,3742
0,0,0,0,-1,-1,-1
154203,2,0,0,-1,-1,-1
154482,2,0,0,-1,-1,-1
154175,1,1,0,262,2479,2361
0,0,0,0,-1,-1,-1
0,0,0,0,-1,-1,-1
0,0,0,0,-1,-1,-1
153832,2,0,0,-1,-1,-1
154430,1,0,1,30,1884,1878
0,0,0,0,-1,-1,-1
153713,2,0,0,-1,-1,-1
154648,1,1,1,133,4056,4015
154849,1,1,0,294,3820,3684
153832,1,1,0,243,4379,4238
0,0,0,0,-1,-1,-1
154581,2,0,0,-1,-1,-1
155265,1,0,1,136,2082,2017
154977,1,1,0,74,2859,2824
152523,2,0,0,-1,-1,-1
0,0,0,0,-1,-1,-1
0,0,0,0,-1,-1,-1
152824,2,0,0,-1,-1,-1
154908,1,0,1,102,1964,1911
152621,2,0,0,-1,-1,-1
155299,1,1,0,97,6643,6603
0,0,0,0,-1,-1,-1
154889,1,0,1,78,7032,7002
0,0,0,0,-1,-1,-1
155183,1,1,0,111,2579,2516
0,0,0,0,-1,-1,-1
0,0,0,0,-1,-1,-1
0,0,0,0,-1,-1,-1
0,0,0,0,-1,-1,-1
154415,1,1,0,12,3666,3660
155123,2,0,0,-1,-1,-1
0,0,0,0,-1,-1,-1
154772,1,0,1,157,2984,2911
0,0,0,0,-1,-1,-1
152955,2,0,0,-1,-1,-1
155209,1,0,1,99,2016,1955
154941,1,1,0,172,2385,2316
154406,1,0,1,46,12300,12271
155083,1,0,1,34,9729,9716
154731,1,0,1,155,1595,1543
154625,2,0,0,-1,-1,-1
154167,2,0,0,-1,-1,-1
154201,2,0,0,-1,-1,-1
153725,2,0,0,-1,-1,-1
153435,1,1,0,55,3392,3361
153479,1,0,1,110,1617,1552
154577,1,0,1,121,2465,2398
154644,1,0,1,23,6478,6463
0,0,0,0,-1,-1,-1
0,0,0,0,-1,-1,-1
153558,2,0,0,-1,-1,-1
153699,2,0,0,-1,-1,-1
154214,1,0,1,51,5945,5932
154594,2,0,0,-1,-1,-1
0,0,0,0,-1,-1,-1
154767,1,1,0,100,1661,1616
155124,1,0,1,80,8035,7981
0,0,0,0,-1,-1,-1
153917,2,0,0,-1,-1,-1
153342,1,1,0,82,3101,3065
0,0,0,0,-1,-1,-1
155299,1,1,0,371,3618,3460
154607,1,0,1,102,5906,5872
154301,1,0,1,98,3921,3872
154531,2,0,0,-1,-1,-1
154422,1,0,1,77,4252,4224
154429,2,0,0,-1,-1,-1
154970,1,0,1,38,5067,5044
153797,2,0,0,-1,-1,-1
154691,1,0,1,44,4374,4335
154888,1,1,0,0,5943,5943
154022,1,1,0,163,1829,1760
0,0,0,0,-1,-1,-1
155088,1,0,1,0,24252,24252
154346,1,1,0,157,1866,1785
0,0,0,0,-1,-1,-1
154828,1,1,-1,255,3261,3126
154655,2,0,0,-1,-1,-1
155295,1,0,1,2,7681,7679
153840,2,0,0,-1,-1,-1
154360,2,0,0,-1,-1,-1
0,0,0,0,-1,-1,-1
0,0,0,0,-1,-1,-1
154297,2,0,0,-1,-1,-1
0,0,0,0,-1,-1,-1
153988,1,0,1,222,3752,3636
154878,2,0,0,-1,-1,-1
0,0,0,0,-1,-1,-1
154509,2,0,0,-1,-1,-1
0,0,0,0,-1,-1,-1
155002,2,0,0,-1,-1,-1
0,0,0,0,-1,-1,-1
154367,2,0,0,-1,-1,-1
155102,1,1,-1,205,3289,3170
154329,2,0,0,-1,-1,-1
154562,2,0,0,-1,-1,-1
153765,2,0,0,-1,-1,-1
155299,1,1,0,0,16107,16107
153111,2,0,0,-1,-1,-1
154098,1,1,0,81,2129,2086
154482,2,0,0,-1,-1,-1
0,0,0,0,-1,-1,-1
154723,1,1,0,89,7028,6961
153820,2,0,0,-1,-1,-1
154470,1,1,0,112,2764,2727
0,0,0,0,-1,-1,-1
0,0,0,0,-1,-1,-1
154181,2,0,0,-1,-1,-1
0,0,0,0,-1,-1,-1
153307,1,1,0,22,5678,5668
0,0,0,0,-1,-1,-1
155086,1,1,0,23,10286,10278
155345,1,0,1,8,2013,2007
154348,2,0,0,-1,-1,-1
154167,2,0,0,-1,-1,-1
154218,1,1,1,225,3265,3156
155313,1,1,1,78,9088,9052
155229,1,0,1,164,12167,12078
0,0,0,0,-1,-1,-1
155148,1,0,1,0,4087,4087
155121,1,1,0,29,3203,3189
155054,1,0,1,42,7286,7265
0,0,0,0,-1,-1,-1
153476,1,0,1,25,2918,2914
153374,2,0,0,-1,-1,-1
0,0,0,0,-1,-1,-1
154629,1,0,1,108,3883,3817
152795,1,1,0,58,2133,2117
154397,2,0,0,-1,-1,-1
154243,2,0,0,-1,-1,-1
0,0,0,0,-1,-1,-1
153217,1,1,0,37,8730,8716
154327,1,0,1,0,7612,7612
154192,1,0,1,175,4233,4163
0,0,0,0,-1,-1,-1
155044,1,1,0,61,456,431
153812,2,0,0,-1,-1,-1
0,0,0,0,-1,-1,-1
0,0,0,0,-1,-1,-1
155134,1,1,-1,108,5094,5049
0,0,0,0,-1,-1,-1
0,0,0,0,-1,-1,-1
0,0,0,0,-1,-1,-1
152675,2,0,0,-1,-1,-1
0,0,0,0,-1,-1,-1
0,0,0,0,-1,-1,-1
153240,2,0,0,-1,-1,-1
153355,2,0,0,-1,-1,-1
154200,2,0,0,-1,-1,-1
0,0,0,0,-1,-1,-1
153986,2,0,0,-1,-1,-1
152560,1,1,-1,23,1307,1283
0,0,0,0,-1,-1,-1
153957,2,0,0,-1,-1,-1
154395,2,0,0,-1,-1,-1
155270,1,0,1,106,3029,2997
0,0,0,0,-1,-1,-1
154763,1,0,1,84,2725,2679
154786,1,0,1,182,3319,3245
153247,2,0,0,-1,-1,-1
0,0,0,0,-1,-1,-1
155092,2,0,0,-1,-1,-1
154547,1,1,0,3,1059,1059
154808,1,1,0,6,1556,1556
154935,1,1,0,88,4027,3979
153690,1,1,0,112,22950,22925
0,0,0,0,-1,-1,-1
0,0,0,0,-1,-1,-1
0,0,0,0,-1,-1,-1
154283,2,0,0,-1,-1,-1
154534,1,0,1,71,6201,6172
154740,2,0,0,-1,-1,-1
154257,1,1,0,73,1824,1792
0,0,0,0,-1,-1,-1
154412,2,0,0,-1,-1,-1
0,0,0,0,-1,-1,-1
0,0,0,0,-1,-1,-1
154583,2,0,0,-1,-1,-1
154568,1,1,0,0,4840,4840
0,0,0,0,-1,-1,-1
0,0,0,0,-1,-1,-1
154581,1,0,1,87,3905,3831
155227,2,0,0,-1,-1,-1
153659,2,0,0,-1,-1,-1
154469,1,0,1,152,4498,4403
154457,2,0,0,-1,-1,-1
155011,1,1,0,110,10193,10132
154115,2,0,0,-1,-1,-1
154757,1,1,0,73,2112,2060
0,0,0,0,-1,-1,-1
154789,1,1,0,0,3784,3784
0,0,0,0,-1,-1,-1
155131,1,1,1,205,6539,6401
0,0,0,0,-1,-1,-1
155202,2,0,0,-1,-1,-1
153872,1,1,0,20,2058,2039
0,0,0,0,-1,-1,-1
0,0,0,0,-1,-1,-1
152222,2,0,0,-1,-1,-1
0,0,0,0,-1,-1,-1
153995,2,0,0,-1,-1,-1
0,0,0,0,-1,-1,-1
154156,2,0,0,-1,-1,-1
154431,2,0,0,-1,-1,-1
0,0,0,0,-1,-1,-1
155291,1,1,-1,238,4143,4068
154600,1,1,0,268,3570,3474
0,0,0,0,-1,-1,-1
0,0,0,0,-1,-1,-1
154541,1,1,0,0,2505,2505
0,0,0,0,-1,-1,-1
153916,2,0,0,-1,-1,-1
154149,2,0,0,-1,-1,-1
0,0,0,0,-1,-1,-1
154097,2,0,0,-1,-1,-1
155161,1,1,0,58,3700,3682
154619,1,0,1,322,4605,4456
0,0,0,0,-1,-1,-1
153826,2,0,0,-1,-1,-1
0,0,0,0,-1,-1,-1
154995,2,0,0,-1,-1,-1
155120,1,1,0,60,6018,5988
154729,1,1,0,83,5362,5346
0,0,0,0,-1,-1,-1
0,0,0,0,-1,-1,-1
153428,2,0,0,-1,-1,-1
0,0,0,0,-1,-1,-1
154121,1,1,1,180,5148,5081
154139,2,0,0,-1,-1,-1
155338,1,1,0,20,1490,1481
154123,1,1,0,92,4870,4838
0,0,0,0,-1,-1,-1
154006,2,0,0,-1,-1,-1
152290,2,0,0,-1,-1,-1
0,0,0,0,-1,-1,-1
0,0,0,0,-1,-1,-1
154871,1,1,1,85,5993,5961
155213,1,0,1,116,3921,3868
155349,1,0,1,19,9942,9921
153540,2,0,0,-1,-1,-1
154434,2,0,0,-1,-1,-1
153169,2,0,0,-1,-1,-1
0,0,0,0,-1,-1,-1
155239,1,0,1,28,13641,13632
0,0,0,0,-1,-1,-1
154674,1,1,0,44,7008,6985
0,0,0,0,-1,-1,-1
154289,2,0,0,-1,-1,-1
155371,1,0,1,4,12934,12933
152353,1,0,1,116,3475,3440
0,0,0,0,-1,-1,-1
155162,1,0,1,209,2588,2479
154576,2,0,0,-1,-1,-1
154333,2,0,0,-1,-1,-1
0,0,0,0,-1,-1,-1
155029,1,0,1,45,5380,5364
155038,2,0,0,-1,-1,-1
155276,1,1,0,206,2861,2781
154259,1,0,1,52,12426,12408
0,0,0,0,-1,-1,-1
153684,1,1,0,86,8672,8642
155233,1,1,0,75,13053,12999
0,0,0,0,-1,-1,-1
0,0,0,0,-1,-1,-1
155294,2,0,0,-1,-1,-1
153842,1,1,0,152,5376,5337
155282,1,1,0,147,1560,1516
151681,2,0,0,-1,-1,-1
153607,1,0,1,0,3740,3740
155233,1,0,1,34,3269,3253
155347,1,1,0,96,8254,8219
154923,1,1,0,74,7290,7262
155176,2,0,0,-1,-1,-1
0,0,0,0,-1,-1,-1
154868,1,1,1,235,3921,3815
0,0,0,0,-1,-1,-1
155060,1,0,1,146,4047,3971
153857,2,0,0,-1,-1,-1
154837,1,1,0,23,2810,2795
153853,2,0,0,-1,-1,-1
0,0,0,0,-1,-1,-1
155045,2,0,0,-1,-1,-1
154255,2,0,0,-1,-1,-1
155326,1,1,-1,182,4552,4469
0,0,0,0,-1,-1,-1
154574,2,0,0,-1,-1,-1
155087,1,1,0,96,1426,1390
155304,1,1,0,73,5218,5177
0,0,0,0,-1,-1,-1
153844,2,0,0,-1,-1,-1
0,0,0,0,-1,-1,-1
155073,1,0,1,55,3701,3691
153020,1,0,1,0,8645,8645
155353,1,0,1,102,3245,3169
0,0,0,0,-1,-1,-1
0,0,0,0,-1,-1,-1
153308,2,0,0,-1,-1,-1
154589,1,1,0,217,4401,4296
154796,2,0,0,-1,-1,-1
155244,1,0,1,0,4800,4800
153522,1,0,1,220,2209,2105
0,0,0,0,-1,-1,-1
153646,2,0,0,-1,-1,-1
154460,2,0,0,-1,-1,-1
154817,2,0,0,-1,-1,-1
153977,1,1,0,106,3815,3779
155057,1,1,0,213,2501,2382
155082,1,0,1,0,5724,5724
154305,1,1,-1,260,3869,3755
152863,2,0,0,-1,-1,-1
154097,2,0,0,-1,-1,-1
0,0,0,0,-1,-1,-1
0,0,0,0,-1,-1,-1
153248,1,1,0,15,10594,10593
154836,1,1,1,67,7258,7225
153668,2,0,0,-1,-1,-1
0,0,0,0,-1,-1,-1
154529,2,0,0,-1,-1,-1
0,0,0,0,-1,-1,-1
0,0,0,0,-1,-1,-1
0,0,0,0,-1,-1,-1
0,0,0,0,-1,-1,-1
155294,1,0,1,83,6841,6805
154218,1,0,1,124,4473,4408
154737,2,0,0,-1,-1,-1
154489,2,0,0,-1,-1,-1
154211,1,1,0,88,2838,2786
0,0,0,0,-1,-1,-1
155137,1,0,1,86,3804,3743
153827,2,0,0,-1,-1,-1
0,0,0,0,-1,-1,-1
154297,1,0,1,69,2682,2648
154404,2,0,0,-1,-1,-1
0,0,0,0,-1,-1,-1
155011,1,1,0,49,2064,2030
0,0,0,0,-1,-1,-1
0,0,0,0,-1,-1,-1
154975,2,0,0,-1,-1,-1
0,0,0,0,-1,-1,-1
154806,1,1,0,0,3010,3010
154024,2,0,0,-1,-1,-1
155375,1,1,0,62,1536,1521
154286,2,0,0,-1,-1,-1
154039,1,0,1,125,4693,4646
0,0,0,0,-1,-1,-1
0,0,0,0,-1,-1,-1
153937,2,0,0,-1,-1,-1
154578,2,0,0,-1,-1,-1
154949,1,1,0,20,1245,1241
0,0,0,0,-1,-1,-1
152665,1,0,1,0,11801,11801
152591,2,0,0,-1,-1,-1
154001,2,0,0,-1,-1,-1
154373,2,0,0,-1,-1,-1
0,0,0,0,-1,-1,-1
153532,2,0,0,-1,-1,-1
154544,2,0,0,-1,-1,-1
0,0,0,0,-1,-1,-1
0,0,0,0,-1,-1,-1
0,0,0,0,-1,-1,-1
0,0,0,0,-1,-1,-1
154823,1,1,0,42,3251,3225
0,0,0,0,-1,-1,-1
0,0,0,0,-1,-1,-1
155110,1,1,1,274,4364,4204
0,0,0,0,-1,-1,-1
0,0,0,0,-1,-1,-1
153170,1,1,0,99,5908,5869
155110,1,1,-1,153,3736,3670
154105,2,0,0,-1,-1,-1
154714,1,0,1,240,3961,3847
154107,2,0,0,-1,-1,-1
153783,2,0,0,-1,-1,-1
152799,2,0,0,-1,-1,-1
155077,1,0,1,261,3250,3134
0,0,0,0,-1,-1,-1
154138,2,0,0,-1,-1,-1
154051,2,0,0,-1,-1,-1
154707,1,1,0,0,11371,11371
154674,1,1,0,0,3628,3628
154885,1,1,0,0,1241,1241
152721,2,0,0,-1,-1,-1
0,0,0,0,-1,-1,-1
154876,1,1,0,117,2897,2853
155088,1,1,0,51,3619,3593
154533,1,1,0,64,9645,9618
154431,1,0,1,262,6421,6302
0,0,0,0,-1,-1,-1
154413,1,0,1,236,2328,2233
0,0,0,0,-1,-1,-1
153502,1,0,1,117,1768,1720
155257,1,1,0,11,2729,2719
154314,2,0,0,-1,-1,-1
154085,2,0,0,-1,-1,-1
153877,2,0,0,-1,-1,-1
154061,2,0,0,-1,-1,-1
154803,2,0,0,-1,-1,-1
154167,2,0,0,-1,-1,-1
154898,1,0,1,38,3086,3076
154603,1,1,0,177,4156,4081
154603,2,0,0,-1,-1,-1
154596,1,1,0,114,4344,4276
153533,2,0,0,-1,-1,-1
154038,2,0,0,-1,-1,-1
155224,1,1,1,224,3541,3438
154579,2,0,0,-1,-1,-1
155323,1,0,1,61,4112,4093
155184,1,1,0,112,1240,1202
0,0,0,0,-1,-1,-1
154304,2,0,0,-1,-1,-1
153858,2,0,0,-1,-1,-1
154495,2,0,0,-1,-1,-1
153318,2,0,0,-1,-1,-1
152750,2,0,0,-1,-1,-1
0,0,0,0,-1,-1,-1
0,0,0,0,-1,-1,-1
0,0,0,0,-1,-1,-1
0,0,0,0,-1,-1,-1
153016,2,0,0,-1,-1,-1
0,0,0,0,-1,-1,-1
0,0,0,0,-1,-1,-1
154019,1,1,-1,249,1896,1783
0,0,0,0,-1,-1,-1
153462,1,1,0,177,3159,3090
154479,1,1,0,108,1140,1076
154695,2,0,0,-1,-1,-1
0,0,0,0,-1,-1,-1
0,0,0,0,-1,-1,-1
154673,1,1,0,217,4093,3979
0,0,0,0,-1,-1,-1
154779,2,0,0,-1,-1,-1
155068,1,1,0,64,4083,4057
155077,1,0,1,37,6714,6694
153705,2,0,0,-1,-1,-1
154099,1,1,0,47,9865,9844
0,0,0,0,-1,-1,-1
154524,2,0,0,-1,-1,-1
154622,1,0,1,145,4943,4866
0,0,0,0,-1,-1,-1
153700,2,0,0,-1,-1,-1
154597,2,0,0,-1,-1,-1
0,0,0,0,-1,-1,-1
154047,1,0,1,206,2816,2721
0,0,0,0,-1,-1,-1
154697,1,0,1,224,3588,3496
154549,2,0,0,-1,-1,-1
153228,1,0,1,23,3018,3009
154418,1,0,1,154,6192,6139
155234,2,0,0,-1,-1,-1
0,0,0,0,-1,-1,-1
0,0,0,0,-1,-1,-1
0,0,0,0,-1,-1,-1
153777,1,0,1,79,6212,6187
0,0,0,0,-1,-1,-1
154505,1,0,1,202,2833,2758
0,0,0,0,-1,-1,-1
153788,2,0,0,-1,-1,-1
0,0,0,0,-1,-1,-1
153515,1,0,1,160,4079,3975
154532,1,1,0,103,5008,4967
154862,2,0,0,-1,-1,-1
154503,1,0,1,0,2373,2373
0,0,0,0,-1,-1,-1
154736,2,0,0,-1,-1,-1
155137,2,0,0,-1,-1,-1
0,0,0,0,-1,-1,-1
155070,1,0,1,31,2241,2225
154754,2,0,0,-1,-1,-1
155107,1,0,1,32,8070,8063
0,0,0,0,-1,-1,-1
155165,1,1,0,196,8680,8611
154056,2,0,0,-1,-1,-1
155250,1,1,0,116,2560,2510
0,0,0,0,-1,-1,-1
153310,2,0,0,-1,-1,-1
0,0,0,0,-1,-1,-1
154183,1,1,0,91,10581,10552
154856,1,0,1,109,7957,7908
154118,1,0,1,26,1861,1843
0,0,0,0,-1,-1,-1
0,0,0,0,-1,-1,-1
154944,1,1,0,208,6207,6125
0,0,0,0,-1,-1,-1
0,0,0,0,-1,-1,-1
154685,1,1,0,153,6718,6658
153613,1,0,1,54,2671,2648
153797,2,0,0,-1,-1,-1
152991,1,0,1,0,21615,21615
0,0,0,0,-1,-1,-1
154894,2,0,0,-1,-1,-1
0,0,0,0,-1,-1,-1
0,0,0,0,-1,-1,-1
154470,1,1,0,20,2293,2288
154813,1,0,1,24,7999,7993
0,0,0,0,-1,-1,-1
154014,2,0,0,-1,-1,-1
153677,1,0,1,199,10379,10292
154290,1,0,1,76,4902,4872
154357,2,0,0,-1,-1,-1
154901,1,1,-1,117,4762,4705
154197,2,0,0,-1,-1,-1
0,0,0,0,-1,-1,-1
154181,2,0,0,-1,-1,-1
0,0,0,0,-1,-1,-1
152486,2,0,0,-1,-1,-1
154939,2,0,0,-1,-1,-1
154206,1,1,0,190,1654,1606
154713,2,0,0,-1,-1,-1
0,0,0,0,-1,-1,-1
154800,2,0,0,-1,-1,-1
155309,1,0,1,170,2075,1954
154817,1,0,1,93,2052,2002
0,0,0,0,-1,-1,-1
0,0,0,0,-1,-1,-1
0,0,0,0,-1,-1,-1
155170,1,0,1,133,5966,5902
0,0,0,0,-1,-1,-1
153504,2,0,0,-1,-1,-1
152864,1,0,1,239,2606,2478
153162,2,0,0,-1,-1,-1
154929,1,0,1,73,977,944
154346,2,0,0,-1,-1,-1
0,0,0,0,-1,-1,-1
154314,1,0,1,90,2201,2154
0,0,0,0,-1,-1,-1
154528,1,0,1,23,3427,3423
0,0,0,0,-1,-1,-1
155029,1,1,0,0,27062,27064
153963,2,0,0,-1,-1,-1
155198,1,1,0,123,2269,2213
153958,2,0,0,-1,-1,-1
0,0,0,0,-1,-1,-1
154582,2,0,0,-1,-1,-1
0,0,0,0,-1,-1,-1
154601,1,0,1,249,2661,2565
0,0,0,0,-1,-1,-1
154900,1,1,-1,306,4680,4542
0,0,0,0,-1,-1,-1
154636,1,0,1,62,10834,10806
0,0,0,0,-1,-1,-1
155133,2,0,0,-1,-1,-1
154093,1,0,1,64,7651,7627
0,0,0,0,-1,-1,-1
155132,1,1,0,28,2781,2760
154290,2,0,0,-1,-1,-1
0,0,0,0,-1,-1,-1
154502,2,0,0,-1,-1,-1
154861,1,0,1,63,6548,6516
154644,2,0,0,-1,-1,-1
154306,1,0,1,40,3647,3619
155271,1,0,1,23,4487,4467
154191,1,0,1,192,1672,1597
0,0,0,0,-1,-1,-1
0,0,0,0,-1,-1,-1
153994,2,0,0,-1,-1,-1
0,0,0,0,-1,-1,-1
153819,1,0,1,196,4907,4830
155243,1,1,0,78,2383,2356
153748,2,0,0,-1,-1,-1
0,0,0,0,-1,-1,-1
153405,1,1,-1,81,2940,2884
0,0,0,0,-1,-1,-1
0,0,0,0,-1,-1,-1
0,0,0,0,-1,-1,-1
0,0,0,0,-1,-1,-1
0,0,0,0,-1,-1,-1
155321,1,0,1,11,30522,30517
154168,1,0,1,0,5119,5119
154982,1,0,1,44,5006,4980
0,0,0,0,-1,-1,-1
154965,2,0,0,-1,-1,-1
153005,2,0,0,-1,-1,-1
155165,1,1,0,88,5202,5145
155121,2,0,0,-1,-1,-1
154032,1,1,1,217,2392,2313
0,0,0,0,-1,-1,-1
154750,2,0,0,-1,-1,-1
154549,1,0,1,67,2930,2901
153940,1,1,0,102,2430,2377
153161,1,0,1,141,4312,4235
154621,2,0,0,-1,-1,-1
152757,2,0,0,-1,-1,-1
154992,1,1,-1,65,9513,9481
155145,1,0,1,16,2573,2569
154737,2,0,0,-1,-1,-1
154252,2,0,0,-1,-1,-1
152983,2,0,0,-1,-1,-1
0,0,0,0,-1,-1,-1
0,0,0,0,-1,-1,-1
153359,2,0,0,-1,-1,-1
0,0,0,0,-1,-1,-1
154080,1,0,1,83,1948,1915
155160,2,0,0,-1,-1,-1
154600,2,0,0,-1,-1,-1
154768,1,0,1,0,5960,5960
153387,1,0,1,83,10612,10594
153002,2,0,0,-1,-1,-1
153446,1,0,1,110,1550,1509
0,0,0,0,-1,-1,-1
153781,2,0,0,-1,-1,-1
154336,2,0,0,-1,-1,-1
154675,2,0,0,-1,-1,-1
153491,1,1,0,0,3856,3856
0,0,0,0,-1,-1,-1
0,0,0,0,-1,-1,-1
154300,2,0,0,-1,-1,-1
151524,2,0,0,-1,-1,-1
153736,1,1,0,180,5601,5505
0,0,0,0,-1,-1,-1
0,0,0,0,-1,-1,-1
154048,1,1,0,161,3882,3797
155308,1,0,1,62,1382,1349
154444,2,0,0,-1,-1,-1
154158,2,0,0,-1,-1,-1
0,0,0,0,-1,-1,-1
0,0,0,0,-1,-1,-1
154688,1,0,1,10,348,340
0,0,0,0,-1,-1,-1
0,0,0,0,-1,-1,-1
155266,1,1,-1,39,6059,6047
155180,1,0,1,0,1350,1350
154924,1,0,1,136,7306,7261
154076,1,0,1,0,19240,19240
154523,1,0,1,58,2801,2776
155074,1,0,1,137,1934,1872
154376,1,0,1,68,6666,6642
154896,1,0,1,19,5619,5600
154818,2,0,0,-1,-1,-1
153099,2,0,0,-1,-1,-1
154385,1,0,1,96,5999,5963
155091,1,1,-1,237,7145,7018
154106,1,1,0,166,2863,2786
0,0,0,0,-1,-1,-1
153971,2,0,0,-1,-1,-1
155299,2,0,0,-1,-1,-1
153776,1,0,1,99,4985,4929
154782,1,1,0,51,4716,4683
0,0,0,0,-1,-1,-1
155129,2,0,0,-1,-1,-1
0,0,0,0,-1,-1,-1
0,0,0,0,-1,-1,-1
154019,2,0,0,-1,-1,-1
154423,2,0,0,-1,-1,-1
0,0,0,0,-1,-1,-1
154384,1,1,0,79,4084,4030
0,0,0,0,-1,-1,-1
0,0,0,0,-1,-1,-1
154439,1,0,1,49,5664,5640
154553,2,0,0,-1,-1,-1
155010,2,0,0,-1,-1,-1
154786,2,0,0,-1,-1,-1
154366,2,0,0,-1,-1,-1
153450,2,0,0,-1,-1,-1
0,0,0,0,-1,-1,-1
0,0,0,0,-1,-1,-1
154252,1,1,0,204,6863,6784
153661,1,0,1,0,11304,11304
153815,1,1,0,254,9114,8974
153258,2,0,0,-1,-1,-1
154005,2,0,0,-1,-1,-1
155268,1,1,0,205,2417,2316
0,0,0,0,-1,-1,-1
155114,1,0,1,44,10807,10784
0,0,0,0,-1,-1,-1
0,0,0,0,-1,-1,-1
153297,1,0,1,111,3340,3290
0,0,0,0,-1,-1,-1
154876,1,0,1,0,1792,1792
0,0,0,0,-1,-1,-1
155288,1,1,0,0,5589,5589
154295,1,0,1,121,1130,1063
154070,2,0,0,-1,-1,-1
0,0,0,0,-1,-1,-1
154305,1,0,1,161,4317,4242
154633,1,1,0,163,3807,3736
152731,2,0,0,-1,-1,-1
155358,1,0,1,22,963,952
153985,2,0,0,-1,-1,-1
153905,1,1,-1,160,8757,8673
154549,1,1,0,70,3288,3247
154762,2,0,0,-1,-1,-1
0,0,0,0,-1,-1,-1
0,0,0,0,-1,-1,-1
0,0,0,0,-1,-1,-1
153134,2,0,0,-1,-1,-1
0,0,0,0,-1,-1,-1
0,0,0,0,-1,-1,-1
0,0,0,0,-1,-1,-1
0,0,0,0,-1,-1,-1
154934,1,1,0,157,1700,1642
0,0,0,0,-1,-1,-1
154183,2,0,0,-1,-1,-1
153812,2,0,0,-1,-1,-1
0,0,0,0,-1,-1,-1
153831,2,0,0,-1,-1,-1
0,0,0,0,-1,-1,-1
0,0,0,0,-1,-1,-1
0,0,0,0,-1,-1,-1
155121,2,0,0,-1,-1,-1
0,0,0,0,-1,-1,-1
155335,1,1,0,175,6810,6700
152998,1,0,1,61,6641,6621
0,0,0,0,-1,-1,-1
0,0,0,0,-1,-1,-1
154078,2,0,0,-1,-1,-1
154396,1,1,0,36,4934,4922
154698,1,0,1,83,5295,5249
154770,2,0,0,-1,-1,-1
153468,1,1,0,0,7536,7536
155262,1,1,0,144,1857,1785
154710,1,0,1,159,4365,4330
154082,2,0,0,-1,-1,-1
0,0,0,0,-1,-1,-1
153692,2,0,0,-1,-1,-1
154519,1,0,1,145,2254,2200
154343,1,0,1,184,3619,3531
154438,1,1,0,66,2622,2579
154821,1,1,0,258,1675,1549
155322,1,0,1,51,8394,8378
154784,1,0,1,271,3193,3078
154568,2,0,0,-1,-1,-1
0,0,0,0,-1,-1,-1
154180,2,0,0,-1,-1,-1
154551,2,0,0,-1,-1,-1
155125,1,1,0,0,12184,12184
153224,2,0,0,-1,-1,-1
153817,2,0,0,-1,-1,-1
154708,1,1,0,71,1991,1956
0,0,0,0,-1,-1,-1
0,0,0,0,-1,-1,-1
154288,2,0,0,-1,-1,-1
152914,1,1,0,145,2260,2197
154277,2,0,0,-1,-1,-1
154736,1,1,0,71,5392,5361
155132,1,1,0,0,13630,13630
152681,1,0,1,201,1503,1406
153941,2,0,0,-1,-1,-1
155101,1,1,0,232,4065,3924
154856,1,0,1,25,3615,3596
0,0,0,0,-1,-1,-1
152712,2,0,0,-1,-1,-1
153961,1,0,1,4,4010,4010
154848,1,1,0,0,18544,18544
154393,2,0,0,-1,-1,-1
154424,2,0,0,-1,-1,-1
154677,1,1,0,64,5476,5448
0,0,0,0,-1,-1,-1
0,0,0,0,-1,-1,-1
0,0,0,0,-1,-1,-1
155173,1,0,1,26,9369,9359
154472,1,0,1,259,2441,2288
153240,1,1,-1,210,9163,9058
154619,2,0,0,-1,-1,-1
155381,1,1,0,48,4568,4555
0,0,0,0,-1,-1,-1
153188,2,0,0,-1,-1,-1
155119,1,1,-1,210,3728,3625
0,0,0,0,-1,-1,-1
154252,1,1,0,174,6617,6548
154677,2,0,0,-1,-1,-1
155240,1,0,1,122,3930,3877
154863,1,0,1,268,2664,2541
152437,2,0,0,-1,-1,-1
154566,1,0,1,181,8252,8173
0,0,0,0,-1,-1,-1
0,0,0,0,-1,-1,-1
154801,1,1,1,291,6219,6084
0,0,0,0,-1,-1,-1
154469,1,0,1,17,6676,6656
154410,2,0,0,-1,-1,-1
154793,1,1,0,65,4466,4440
0,0,0,0,-1,-1,-1
155124,1,1,0,299,6372,6217
0,0,0,0,-1,-1,-1
155098,1,0,1,80,9227,9179
154143,2,0,0,-1,-1,-1
154389,2,0,0,-1,-1,-1
154552,2,0,0,-1,-1,-1
0,0,0,0,-1,-1,-1
154973,1,1,0,59,4797,4755
0,0,0,0,-1,-1,-1
154766,2,0,0,-1,-1,-1
0,0,0,0,-1,-1,-1
154909,2,0,0,-1,-1,-1
154622,1,0,1,86,3032,2991
154149,2,0,0,-1,-1,-1
154440,2,0,0,-1,-1,-1
155283,1,1,1,167,4324,4258
153439,2,0,0,-1,-1,-1
0,0,0,0,-1,-1,-1
155333,1,0,1,154,4511,4436
155381,1,1,0,97,1985,1917
0,0,0,0,-1,-1,-1
154450,2,0,0,-1,-1,-1
0,0,0,0,-1,-1,-1
154514,1,0,1,106,12068,12013
154366,1,0,1,107,11949,11908
154804,1,1,0,183,2524,2442
151135,1,0,1,101,2299,2243
155011,1,1,0,16,970,967
153516,2,0,0,-1,-1,-1
154075,1,0,1,83,3099,3071
154574,1,0,1,122,3938,3874
155095,2,0,0,-1,-1,-1
155284,1,0,1,27,5817,5806
0,0,0,0,-1,-1,-1
0,0,0,0,-1,-1,-1
154565,1,1,1,97,12340,12267
0,0,0,0,-1,-1,-1
154926,1,1,0,111,2225,2199
154364,1,0,1,60,2713,2673
155018,1,1,0,255,3776,3676
152902,2,0,0,-1,-1,-1
154124,2,0,0,-1,-1,-1
0,0,0,0,-1,-1,-1
153041,2,0,0,-1,-1,-1
153283,1,1,0,0,8703,8703
0,0,0,0,-1,-1,-1
0,0,0,0,-1,-1,-1
0,0,0,0,-1,-1,-1
153593,2,0,0,-1,-1,-1
0,0,0,0,-1,-1,-1
155196,1,0,1,151,4112,4036
153468,2,0,0,-1,-1,-1
154157,2,0,0,-1,-1,-1
154038,1,1,1,174,5862,5798
154263,2,0,0,-1,-1,-1
153885,2,0,0,-1,-1,-1
0,0,0,0,-1,-1,-1
0,0,0,0,-1,-1,-1
0,0,0,0,-1,-1,-1
154397,1,1,1,325,4178,4043
155160,1,0,1,42,11412,11377
154923,1,0,1,7,4925,4923
153922,1,1,0,182,3325,3239
155245,2,0,0,-1,-1,-1
154675,1,0,1,101,10892,10845
0,0,0,0,-1,-1,-1
153368,2,0,0,-1,-1,-1
154898,1,1,0,131,5072,5024
153403,2,0,0,-1,-1,-1
0,0,0,0,-1,-1,-1
155047,1,1,0,121,723,645
0,0,0,0,-1,-1,-1
0,0,0,0,-1,-1,-1
155085,2,0,0,-1,-1,-1
153828,1,1,1,133,5318,5258
155366,1,0,1,4,6988,6986
153113,1,0,1,114,2088,2047
154980,1,1,0,53,1842,1820
153812,1,0,1,93,2862,2814
154002,1,0,1,81,2988,2941
154307,1,0,1,75,15838,15807
0,0,0,0,-1,-1,-1
153802,2,0,0,-1,-1,-1
154889,2,0,0,-1,-1,-1
153125,1,1,0,108,3998,3939
0,0,0,0,-1,-1,-1
153289,2,0,0,-1,-1,-1
0,0,0,0,-1,-1,-1
155137,1,1,0,93,2067,2032
153408,1,0,1,0,2760,2760
153927,1,0,1,160,3013,2933
153447,1,0,1,35,2476,2445
153460,2,0,0,-1,-1,-1
154597,2,0,0,-1,-1,-1
154051,2,0,0,-1,-1,-1
154770,2,0,0,-1,-1,-1
155246,1,1,0,121,4324,4275
155063,1,1,0,81,5633,5604
154613,2,0,0,-1,-1,-1
154478,1,1,0,37,5950,5932
154047,2,0,0,-1,-1,-1
153253,1,1,0,202,3863,3782
154263,2,0,0,-1,-1,-1
154858,1,0,1,77,10760,10719
154911,2,0,0,-1,-1,-1
0,0,0,0,-1,-1,-1
155088,2,0,0,-1,-1,-1
0,0,0,0,-1,-1,-1
154539,2,0,0,-1,-1,-1
155012,2,0,0,-1,-1,-1
0,0,0,0,-1,-1,-1
0,0,0,0,-1,-1,-1
0,0,0,0,-1,-1,-1
154050,1,1,0,39,5110,5083
155043,2,0,0,-1,-1,-1
0,0,0,0,-1,-1,-1
153533,1,0,1,62,2360,2333
0,0,0,0,-1,-1,-1
154487,1,0,1,55,3182,3162
0,0,0,0,-1,-1,-1
154917,2,0,0,-1,-1,-1
0,0,0,0,-1,-1,-1
154515,2,0,0,-1,-1,-1
0,0,0,0,-1,-1,-1
154964,2,0,0,-1,-1,-1
153931,2,0,0,-1,-1,-1
0,0,0,0,-1,-1,-1
0,0,0,0,-1,-1,-1
0,0,0,0,-1,-1,-1
154491,1,1,0,168,8961,8877
154500,1,1,0,148,4844,4777
154726,2,0,0,-1,-1,-1
154333,1,0,1,55,4984,4958
153342,2,0,0,-1,-1,-1
154159,1,1,0,139,2640,2563
153717,2,0,0,-1,-1,-1
155237,1,0,1,0,869,869
154256,2,0,0,-1,-1,-1
152233,2,0,0,-1,-1,-1
154376,2,0,0,-1,-1,-1
155308,1,0,1,330,7874,7741
153403,1,1,0,267,3618,3474
154521,2,0,0,-1,-1,-1
0,0,0,0,-1,-1,-1
154486,1,1,0,262,2336,2232
155157,1,1,0,116,3232,3168
0,0,0,0,-1,-1,-1
155169,1,1,1,129,3854,3799
0,0,0,0,-1,-1,-1
155094,1,1,0,195,3456,3354
155191,1,0,1,86,3031,2998
155134,1,0,1,0,17228,17228
0,0,0,0,-1,-1,-1
155164,1,1,0,0,1305,1305
154865,2,0,0,-1,-1,-1
0,0,0,0,-1,-1,-1
155303,1,0,1,68,811,769
0,0,0,0,-1,-1,-1
0,0,0,0,-1,-1,-1
154105,2,0,0,-1,-1,-1
154712,1,1,0,12,1776,1767
0,0,0,0,-1,-1,-1
0,0,0,0,-1,-1,-1
153723,2,0,0,-1,-1,-1
153890,2,0,0,-1,-1,-1
153540,2,0,0,-1,-1,-1
154737,1,0,1,189,1183,1096
151481,2,0,0,-1,-1,-1
153537,1,1,0,84,8286,8260
155381,1,0,1,0,26412,26412
155097,2,0,0,-1,-1,-1
154153,1,1,0,0,3871,3871
154624,1,0,1,106,4033,3993
154624,1,1,1,230,6349,6262
0,0,0,0,-1,-1,-1
155288,1,1,0,56,4075,4063
153886,2,0,0,-1,-1,-1
154594,2,0,0,-1,-1,-1
155193,1,1,0,91,1658,1613
154423,2,0,0,-1,-1,-1
154807,1,0,1,6,6732,6715
154570,2,0,0,-1,-1,-1
155175,1,0,1,98,2973,2914
154982,1,1,0,140,1418,1364
155267,1,0,1,73,5691,5635
154680,1,0,1,24,3204,3192
155234,1,1,0,205,2895,2808
154978,2,0,0,-1,-1,-1
154300,1,0,1,176,4340,4262
155249,2,0,0,-1,-1,-1
155363,1,0,1,26,12708,12694
155352,1,0,1,77,12489,12448
0,0,0,0,-1,-1,-1
154288,1,1,0,222,2100,2027
0,0,0,0,-1,-1,-1
153350,2,0,0,-1,-1,-1
0,0,0,0,-1,-1,-1
155047,1,0,1,53,10897,10862
0,0,0,0,-1,-1,-1
155163,2,0,0,-1,-1,-1
153322,2,0,0,-1,-1,-1
0,0,0,0,-1,-1,-1
155021,1,1,-1,188,5158,5077
154069,1,1,0,3,4870,4870
154830,2,0,0,-1,-1,-1
0,0,0,0,-1,-1,-1
0,0,0,0,-1,-1,-1
154874,1,0,1,128,3526,3478
155105,1,0,1,5,9880,9878
0,0,0,0,-1,-1,-1
155315,1,1,0,116,1396,1346
154839,2,0,0,-1,-1,-1
154967,1,1,0,27,7795,7786
0,0,0,0,-1,-1,-1
155103,1,1,0,54,2503,2473
155107,1,0,1,179,2731,2661
151995,2,0,0,-1,-1,-1
155154,1,0,1,339,7787,7608
153330,1,0,1,172,5608,5524
154864,1,0,1,121,1036,978
153326,1,0,1,147,3167,3110
153777,2,0,0,-1,-1,-1
0,0,0,0,-1,-1,-1
155255,1,0,1,0,0,0
153383,2,0,0,-1,-1,-1
154964,1,1,0,201,7598,7522
154471,2,0,0,-1,-1,-1
0,0,0,0,-1,-1,-1
0,0,0,0,-1,-1,-1
154581,2,0,0,-1,-1,-1
153859,2,0,0,-1,-1,-1
0,0,0,0,-1,-1,-1
0,0,0,0,-1,-1,-1
153787,1,0,1,150,3261,3202
0,0,0,0,-1,-1,-1
155315,1,1,0,0,1322,1322
154987,1,1,1,125,27420,27355
155156,1,1,0,44,3626,3606
0,0,0,0,-1,-1,-1
154581,2,0,0,-1,-1,-1
0,0,0,0,-1,-1,-1
154424,1,1,0,47,8900,8874
0,0,0,0,-1,-1,-1
153755,2,0,0,-1,-1,-1
154914,1,1,0,198,2157,2087
153846,2,0,0,-1,-1,-1
155375,1,0,1,126,3357,3296
153197,2,0,0,-1,-1,-1
154691,1,1,0,5,1897,1892
154927,1,1,0,135,3492,3431
154727,2,0,0,-1,-1,-1
0,0,0,0,-1,-1,-1
153364,1,1,0,34,808,788
154813,2,0,0,-1,-1,-1
155080,2,0,0,-1,-1,-1
0,0,0,0,-1,-1,-1
155191,1,1,0,203,2955,2844
0,0,0,0,-1,-1,-1
154757,1,0,1,107,10446,10387
152465,2,0,0,-1,-1,-1
154250,2,0,0,-1,-1,-1
154192,1,1,0,82,13454,13411
154580,2,0,0,-1,-1,-1
153284,2,0,0,-1,-1,-1
154614,1,1,-1,63,7088,7059
154843,1,1,0,104,6068,6030
153768,1,1,1,144,4524,4447
153853,2,0,0,-1,-1,-1
154362,1,0,1,87,4171,4121
155306,1,1,0,206,1416,1331
153544,2,0,0,-1,-1,-1
154648,1,0,1,74,3856,3820
152338,2,0,0,-1,-1,-1
154748,1,0,1,79,1336,1291
0,0,0,0,-1,-1,-1
154862,2,0,0,-1,-1,-1
155062,1,0,1,0,7565,7565
152316,2,0,0,-1,-1,-1
154921,1,0,1,74,2739,2683
0,0,0,0,-1,-1,-1
0,0,0,0,-1,-1,-1
154852,2,0,0,-1,-1,-1
0,0,0,0,-1,-1,-1
154395,1,1,0,12,1555,1549
154444,1,1,0,44,4086,4074
154348,2,0,0,-1,-1,-1
154668,2,0,0,-1,-1,-1
154788,2,0,0,-1,-1,-1
155004,1,1,0,40,4122,4108
154516,1,1,0,219,2831,2739
154813,1,0,1,83,3054,3015
0,0,0,0,-1,-1,-1
0,0,0,0,-1,-1,-1
154838,2,0,0,-1,-1,-1
155243,1,1,1,132,9730,9684
0,0,0,0,-1,-1,-1
0,0,0,0,-1,-1,-1
155349,1,1,1,196,4785,4717
153202,1,1,0,224,3582,3494
155120,1,0,1,0,5278,5278
0,0,0,0,-1,-1,-1
153344,1,0,1,209,3421,3319
153638,2,0,0,-1,-1,-1
153442,2,0,0,-1,-1,-1
0,0,0,0,-1,-1,-1
0,0,0,0,-1,-1,-1
0,0,0,0,-1,-1,-1
155199,2,0,0,-1,-1,-1
154101,2,0,0,-1,-1,-1
154529,1,0,1,64,6982,6964
154783,2,0,0,-1,-1,-1
155162,1,0,1,79,4235,4198
154093,1,0,1,0,2394,2394
154652,2,0,0,-1,-1,-1
151790,2,0,0,-1,-1,-1
154725,2,0,0,-1,-1,-1
0,0,0,0,-1,-1,-1
0,0,0,0,-1,-1,-1
152966,2,0,0,-1,-1,-1
154870,1,1,1,137,4032,3974
0,0,0,0,-1,-1,-1
0,0,0,0,-1,-1,-1
154977,2,0,0,-1,-1,-1
0,0,0,0,-1,-1,-1
154510,1,0,1,23,4452,4439
153486,2,0,0,-1,-1,-1
154926,1,1,0,23,3626,3606
0,0,0,0,-1,-1,-1
153979,2,0,0,-1,-1,-1
154348,2,0,0,-1,-1,-1
0,0,0,0,-1,-1,-1
154627,2,0,0,-1,-1,-1
154385,2,0,0,-1,-1,-1
153476,1,1,0,87,1926,1892
0,0,0,0,-1,-1,-1
153620,2,0,0,-1,-1,-1
154585,1,0,1,99,2885,2840
154628,1,1,0,325,4289,4157
153924,2,0,0,-1,-1,-1
154781,2,0,0,-1,-1,-1
0,0,0,0,-1,-1,-1
0,0,0,0,-1,-1,-1
153744,2,0,0,-1,-1,-1
154424,1,1,0,112,1909,1872
153979,1,0,1,119,1573,1532
154349,1,0,1,151,2769,2713
153773,2,0,0,-1,-1,-1
153371,2,0,0,-1,-1,-1
155279,1,1,1,204,7402,7278
154935,1,1,0,86,6393,6342
154925,1,1,1,241,5495,5393
152698,1,1,0,45,3488,3458
155255,1,1,1,0,8669,8669
154752,2,0,0,-1,-1,-1
0,0,0,0,-1,-1,-1
153484,1,1,0,48,2417,2395
155175,1,1,0,38,2675,2655
153657,2,0,0,-1,-1,-1
0,0,0,0,-1,-1,-1
154279,2,0,0,-1,-1,-1
154774,1,0,1,66,9886,9855
154734,2,0,0,-1,-1,-1
0,0,0,0,-1,-1,-1
155089,2,0,0,-1,-1,-1
153832,2,0,0,-1,-1,-1
154011,1,1,1,196,3649,3565
153968,2,0,0,-1,-1,-1
0,0,0,0,-1,-1,-1
155061,2,0,0,-1,-1,-1
154503,2,0,0,-1,-1,-1
0,0,0,0,-1,-1,-1
155048,1,0,1,66,3982,3966
154976,1,1,0,24,9277,9259
154332,1,0,1,130,1751,1690
154396,2,0,0,-1,-1,-1
0,0,0,0,-1,-1,-1
154890,1,1,0,77,7337,7295
153567,2,0,0,-1,-1,-1
0,0,0,0,-1,-1,-1
0,0,0,0,-1,-1,-1
0,0,0,0,-1,-1,-1
154881,2,0,0,-1,-1,-1
0,0,0,0,-1,-1,-1
0,0,0,0,-1,-1,-1
0,0,0,0,-1,-1,-1
0,0,0,0,-1,-1,-1
0,0,0,0,-1,-1,-1
153400,2,0,0,-1,-1,-1
155133,1,0,1,265,5380,5254
0,0,0,0,-1,-1,-1
0,0,0,0,-1,-1,-1
154387,1,1,-1,207,4626,4517
155327,1,1,-1,135,3830,3769
155148,1,0,1,133,6125,6064
154667,2,0,0,-1,-1,-1
0,0,0,0,-1,-1,-1
0,0,0,0,-1,-1,-1
154715,2,0,0,-1,-1,-1
155028,2,0,0,-1,-1,-1
154535,2,0,0,-1,-1,-1
0,0,0,0,-1,-1,-1
154287,2,0,0,-1,-1,-1
153673,1,0,1,136,8991,8937
153463,2,0,0,-1,-1,-1
155115,1,0,1,141,2911,2860
154090,2,0,0,-1,-1,-1
0,0,0,0,-1,-1,-1
155120,1,1,0,78,2618,2586
154309,1,1,1,86,3636,3589
153688,1,1,0,85,7331,7297
151808,2,0,0,-1,-1,-1
0,0,0,0,-1,-1,-1
154415,1,1,0,125,1143,1078
0,0,0,0,-1,-1,-1
152241,2,0,0,-1,-1,-1
0,0,0,0,-1,-1,-1
0,0,0,0,-1,-1,-1
154684,1,0,1,0,1652,1652
153952,1,0,1,122,5396,5338
154659,2,0,0,-1,-1,-1
152323,2,0,0,-1,-1,-1
153868,2,0,0,-1,-1,-1
0,0,0,0,-1,-1,-1
0,0,0,0,-1,-1,-1
154902,1,1,1,215,2477,2376
152209,2,0,0,-1,-1,-1
153865,1,1,0,88,13734,13702
155369,1,1,1,63,3472,3439
0,0,0,0,-1,-1,-1
154223,2,0,0,-1,-1,-1
154709,2,0,0,-1,-1,-1
153688,1,1,-1,73,9434,9408
0,0,0,0,-1,-1,-1
153131,2,0,0,-1,-1,-1
154231,1,0,1,143,4791,4722
0,0,0,0,-1,-1,-1
154164,1,1,-1,95,2792,2745
153918,2,0,0,-1,-1,-1
152072,2,0,0,-1,-1,-1
154605,2,0,0,-1,-1,-1
155328,1,0,1,149,8546,8483
0,0,0,0,-1,-1,-1
153974,2,0,0,-1,-1,-1
0,0,0,0,-1,-1,-1
154705,1,0,1,84,7068,7027
154486,2,0,0,-1,-1,-1
155183,1,0,1,87,2856,2808
154907,1,1,0,115,1973,1912
155040,2,0,0,-1,-1,-1
155281,1,0,1,122,8136,8077
155133,2,0,0,-1,-1,-1
155107,1,1,0,66,7338,7323
154426,2,0,0,-1,-1,-1
0,0,0,0,-1,-1,-1
153542,1,1,0,152,5795,5720
154090,1,1,0,158,2331,2258
155122,1,1,0,45,3439,3416
154209,2,0,0,-1,-1,-1
152995,2,0,0,-1,-1,-1
153762,1,0,1,0,1240,1240
153431,1,1,0,170,2557,2475
0,0,0,0,-1,-1,-1
