J1,rank_b,dx_b,dy_b,nu_b,synergy_edges,nonlocal_candidates
152364,2,0,0,-1,-1,-1
0,0,0,0,-1,-1,-1
150706,2,0,0,-1,-1,-1
154705,1,1,0,70,4329,4297
154195,1,0,1,121,3926,3878
0,0,0,0,-1,-1,-1
0,0,0,0,-1,-1,-1
0,0,0,0,-1,-1,-1
0,0,0,0,-1,-1,-1
0,0,0,0,-1,-1,-1
152482,2,0,0,-1,-1,-1
0,0,0,0,-1,-1,-1
154545,1,1,0,99,4404,4370
0,0,0,0,-1,-1,-1
0,0,0,0,-1,-1,-1
154267,2,0,0,-1,-1,-1
0,0,0,0,-1,-1,-1
155004,2,0,0,-1,-1,-1
154151,1,0,1,121,3257,3197
0,0,0,0,-1,-1,-1
154072,1,0,1,59,14458,14435
154409,1,0,1,153,3840,3775
154844,2,0,0,-1,-1,-1
0,0,0,0,-1,-1,-1
0,0,0,0,-1,-1,-1
153904,2,0,0,-1,-1,-1
155098,1,0,1,23,625,619
0,0,0,0,-1,-1,-1
0,0,0,0,-1,-1,-1
154846,2,0,0,-1,-1,-1
155109,1,1,1,133,5280,5211
154632,1,1,0,68,10530,10484
0,0,0,0,-1,-1,-1
0,0,0,0,-1,-1,-1
153835,2,0,0,-1,-1,-1
154447,1,1,1,161,8583,8503
154979,1,1,0,112,3911,3840
154218,1,1,0,135,5439,5377
155373,1,0,1,245,3182,3062
0,0,0,0,-1,-1,-1
154910,2,0,0,-1,-1,-1
0,0,0,0,-1,-1,-1
155211,1,1,0,9,2723,2716
154645,2,0,0,-1,-1,-1
153687,2,0,0,-1,-1,-1
0,0,0,0,-1,-1,-1
0,0,0,0,-1,-1,-1
154818,1,1,0,15,6316,6315
0,0,0,0,-1,-1,-1
154895,1,1,1,296,3089,2977
154168,2,0,0,-1,-1,-1
0,0,0,0,-1,-1,-1
0,0,0,0,-1,-1,-1
155093,2,0,0,-1,-1,-1
153164,1,1,0,104,1751,1702
154422,2,0,0,-1,-1,-1
154705,2,0,0,-1,-1,-1
0,0,0,0,-1,-1,-1
154275,2,0,0,-1,-1,-1
154211,1,1,0,127,2708,2628
153991,1,1,0,0,8138,8138
155256,1,0,1,36,9333,9318
153986,2,0,0,-1,-1,-1
155249,1,1,0,145,2359,2281
0,0,0,0,-1,-1,-1
0,0,0,0,-1,-1,-1
152552,2,0,0,-1,-1,-1
154907,1,0,1,130,1396,1333
155366,1,1,0,119,2352,2297
154098,2,0,0,-1,-1,-1
153680,2,0,0,-1,-1,-1
154744,2,0,0,-1,-1,-1
0,0,0,0,-1,-1,-1
153464,1,1,0,24,6417,6405
153945,2,0,0,-1,-1,-1
153289,1,0,1,203,2978,2901
154234,1,1,0,85,2270,2218
0,0,0,0,-1,-1,-1
153603,1,1,0,97,6034,6002
0,0,0,0,-1,-1,-1
154437,2,0,0,-1,-1,-1
153891,1,1,0,78,4856,4812
154036,1,0,1,51,2752,2732
155333,1,1,-1,132,6727,6665
0,0,0,0,-1,-1,-1
152404,2,0,0,-1,-1,-1
0,0,0,0,-1,-1,-1
154601,1,1,0,117,5562,5497
0,0,0,0,-1,-1,-1
0,0,0,0,-1,-1,-1
154719,1,0,1,50,1900,1884
154822,2,0,0,-1,-1,-1
152657,1,1,0,15,16817,16810
155363,1,1,0,193,1562,1472
0,0,0,0,-1,-1,-1
155114,1,1,0,29,6905,6891
0,0,0,0,-1,-1,-1
154772,1,0,1,62,3277,3245
0,0,0,0,-1,-1,-1
155140,2,0,0,-1,-1,-1
155145,1,1,0,106,5516,5468
153955,1,0,1,100,3903,3855
154531,1,1,0,200,2439,2318
155045,1,0,1,61,12522,12492
0,0,0,0,-1,-1,-1
153984,2,0,0,-1,-1,-1
155334,1,0,1,155,6164,6092
154193,2,0,0,-1,-1,-1
154715,2,0,0,-1,-1,-1
153352,2,0,0,-1,-1,-1
152549,2,0,0,-1,-1,-1
153456,2,0,0,-1,-1,-1
155063,1,0,1,288,2481,2362
154257,2,0,0,-1,-1,-1
0,0,0,0,-1,-1,-1
155189,1,1,0,94,4268,4234
0,0,0,0,-1,-1,-1
155103,1,0,1,17,1705,1699
0,0,0,0,-1,-1,-1
153990,1,0,1,75,2825,2789
153664,2,0,0,-1,-1,-1
154761,1,1,0,0,8326,8326
0,0,0,0,-1,-1,-1
0,0,0,0,-1,-1,-1
155357,1,0,1,102,3447,3417
154570,2,0,0,-1,-1,-1
153858,2,0,0,-1,-1,-1
0,0,0,0,-1,-1,-1
153946,2,0,0,-1,-1,-1
155210,1,0,1,177,2474,2394
154404,1,1,0,84,7235,7173
155301,1,1,0,29,3623,3599
153891,2,0,0,-1,-1,-1
155121,2,0,0,-1,-1,-1
0,0,0,0,-1,-1,-1
0,0,0,0,-1,-1,-1
0,0,0,0,-1,-1,-1
155304,1,1,0,33,2200,2176
155258,1,0,1,202,2480,2386
154530,1,0,1,0,2920,2920
0,0,0,0,-1,-1,-1
155357,1,0,1,172,2998,2896
154425,1,0,1,0,1010,1010
154112,2,0,0,-1,-1,-1
0,0,0,0,-1,-1,-1
155047,1,1,0,0,7429,7429
0,0,0,0,-1,-1,-1
0,0,0,0,-1,-1,-1
153720,2,0,0,-1,-1,-1
0,0,0,0,-1,-1,-1
0,0,0,0,-1,-1,-1
0,0,0,0,-1,-1,-1
0,0,0,0,-1,-1,-1
0,0,0,0,-1,-1,-1
154564,2,0,0,-1,-1,-1
153221,2,0,0,-1,-1,-1
154370,2,0,0,-1,-1,-1
153849,1,0,1,123,2238,2182
155124,2,0,0,-1,-1,-1
152270,2,0,0,-1,-1,-1
154998,1,1,0,103,11879,11815
0,0,0,0,-1,-1,-1
154634,1,1,0,137,1370,1281
0,0,0,0,-1,-1,-1
0,0,0,0,-1,-1,-1
154691,1,0,1,0,27992,27992
0,0,0,0,-1,-1,-1
155250,1,0,1,51,1862,1839
154561,1,0,1,0,6560,6560
155359,1,1,0,67,3066,3042
0,0,0,0,-1,-1,-1
154799,1,1,0,0,9355,9355
0,0,0,0,-1,-1,-1
155192,1,1,0,167,2540,2465
152979,1,0,1,44,4397,4374
0,0,0,0,-1,-1,-1
154974,1,1,-1,174,3602,3533
154958,1,1,0,75,3155,3127
153231,2,0,0,-1,-1,-1
0,0,0,0,-1,-1,-1
154881,1,1,0,106,2802,2765
0,0,0,0,-1,-1,-1
155131,1,1,0,56,9055,9036
154732,2,0,0,-1,-1,-1
0,0,0,0,-1,-1,-1
0,0,0,0,-1,-1,-1
155342,1,1,-1,130,7219,7161
154086,1,0,1,57,2025,1998
0,0,0,0,-1,-1,-1
155039,1,0,1,238,2356,2244
0,0,0,0,-1,-1,-1
154794,1,1,0,237,8054,7969
0,0,0,0,-1,-1,-1
154743,1,1,0,75,643,608
154214,1,0,1,54,2020,2004
155013,1,0,1,0,3534,3534
154888,1,0,1,91,5935,5905
155061,1,1,0,167,4255,4165
0,0,0,0,-1,-1,-1
153224,2,0,0,-1,-1,-1
154268,1,0,1,255,11563,11461
155035,1,1,0,72,3954,3912
0,0,0,0,-1,-1,-1
153218,2,0,0,-1,-1,-1
155282,1,0,1,63,6345,6317
0,0,0,0,-1,-1,-1
153526,1,1,0,18,3235,3232
155350,1,0,1,101,3332,3278
153971,2,0,0,-1,-1,-1
0,0,0,0,-1,-1,-1
0,0,0,0,-1,-1,-1
155207,2,0,0,-1,-1,-1
0,0,0,0,-1,-1,-1
154704,1,0,1,103,6800,6760
152756,1,0,1,195,1490,1400
152937,1,1,0,154,2116,2039
154662,1,1,0,31,4728,4729
153536,1,0,1,5,11100,11095
154717,1,1,1,46,6989,6965
153853,1,1,0,184,3886,3807
154808,1,0,1,177,6338,6256
154582,2,0,0,-1,-1,-1
153477,2,0,0,-1,-1,-1
155152,1,1,0,70,3218,3189
0,0,0,0,-1,-1,-1
154900,1,0,1,288,3668,3539
154659,1,0,1,121,9418,9355
154226,2,0,0,-1,-1,-1
155149,1,0,1,62,2384,2339
154683,1,0,1,42,8572,8561
0,0,0,0,-1,-1,-1
155372,1,1,1,259,4617,4525
0,0,0,0,-1,-1,-1
154965,1,1,1,126,3997,3903
0,0,0,0,-1,-1,-1
0,0,0,0,-1,-1,-1
154200,1,0,1,89,3708,3640
0,0,0,0,-1,-1,-1
154187,1,1,0,171,3254,3168
154550,1,0,1,231,2615,2497
154920,2,0,0,-1,-1,-1
152363,2,0,0,-1,-1,-1
154480,1,0,1,74,1641,1596
155057,1,0,1,60,2381,2355
154386,2,0,0,-1,-1,-1
0,0,0,0,-1,-1,-1
153867,2,0,0,-1,-1,-1
154216,2,0,0,-1,-1,-1
154097,1,0,1,97,2734,2693
154356,2,0,0,-1,-1,-1
154180,2,0,0,-1,-1,-1
154666,1,1,0,119,3864,3824
152696,2,0,0,-1,-1,-1
153720,1,0,1,302,2085,1953
154044,2,0,0,-1,-1,-1
0,0,0,0,-1,-1,-1
0,0,0,0,-1,-1,-1
154289,2,0,0,-1,-1,-1
0,0,0,0,-1,-1,-1
154099,2,0,0,-1,-1,-1
154207,1,0,1,94,5882,5818
0,0,0,0,-1,-1,-1
0,0,0,0,-1,-1,-1
0,0,0,0,-1,-1,-1
154073,2,0,0,-1,-1,-1
0,0,0,0,-1,-1,-1
154333,1,0,1,135,4981,4921
0,0,0,0,-1,-1,-1
0,0,0,0,-1,-1,-1
154513,2,0,0,-1,-1,-1
154178,2,0,0,-1,-1,-1
155268,1,0,1,80,1793,1769
155165,2,0,0,-1,-1,-1
155020,1,1,-1,190,2641,2520
155029,1,1,0,258,4065,3899
0,0,0,0,-1,-1,-1
154046,1,0,1,164,2914,2826
0,0,0,0,-1,-1,-1
0,0,0,0,-1,-1,-1
154852,1,1,0,109,2152,2120
0,0,0,0,-1,-1,-1
154638,1,1,1,70,12382,12328
0,0,0,0,-1,-1,-1
0,0,0,0,-1,-1,-1
155056,2,0,0,-1,-1,-1
154805,2,0,0,-1,-1,-1
154585,2,0,0,-1,-1,-1
155037,1,1,0,98,7309,7280
0,0,0,0,-1,-1,-1
154433,2,0,0,-1,-1,-1
155340,1,1,0,185,1893,1811
0,0,0,0,-1,-1,-1
155271,1,1,1,184,5696,5620
153774,2,0,0,-1,-1,-1
154940,2,0,0,-1,-1,-1
0,0,0,0,-1,-1,-1
0,0,0,0,-1,-1,-1
154832,2,0,0,-1,-1,-1
154167,2,0,0,-1,-1,-1
154009,2,0,0,-1,-1,-1
154397,2,0,0,-1,-1,-1
154945,2,0,0,-1,-1,-1
154573,1,0,1,135,4828,4781
154460,1,0,1,100,3775,3733
155350,1,1,0,140,2761,2706
0,0,0,0,-1,-1,-1
155342,1,0,1,100,842,792
153173,2,0,0,-1,-1,-1
0,0,0,0,-1,-1,-1
155233,1,1,0,143,6707,6639
154628,2,0,0,-1,-1,-1
154910,2,0,0,-1,-1,-1
155071,1,0,1,28,1910,1904
154429,2,0,0,-1,-1,-1
154957,1,1,0,162,3312,3248
154145,1,1,1,107,4167,4108
0,0,0,0,-1,-1,-1
154340,2,0,0,-1,-1,-1
154944,1,0,1,210,3808,3708
154747,2,0,0,-1,-1,-1
153974,1,0,1,0,1344,1344
155176,2,0,0,-1,-1,-1
0,0,0,0,-1,-1,-1
154105,2,0,0,-1,-1,-1
154403,1,1,0,0,4832,4832
152341,1,1,0,110,7388,7360
0,0,0,0,-1,-1,-1
0,0,0,0,-1,-1,-1
153988,2,0,0,-1,-1,-1
153454,2,0,0,-1,-1,-1
153675,1,0,1,198,2519,2423
153884,2,0,0,-1,-1,-1
155226,2,0,0,-1,-1,-1
152976,1,0,1,0,4700,4700
0,0,0,0,-1,-1,-1
0,0,0,0,-1,-1,-1
153904,2,0,0,-1,-1,-1
0,0,0,0,-1,-1,-1
154310,2,0,0,-1,-1,-1
154402,2,0,0,-1,-1,-1
152673,2,0,0,-1,-1,-1
154001,1,1,1,111,5341,5287
155030,1,1,0,10,4916,4911
0,0,0,0,-1,-1,-1
155022,1,1,1,153,5673,5609
0,0,0,0,-1,-1,-1
0,0,0,0,-1,-1,-1
0,0,0,0,-1,-1,-1
0,0,0,0,-1,-1,-1
154181,1,1,0,146,3476,3402
0,0,0,0,-1,-1,-1
154419,1,1,0,48,1976,1949
155253,1,0,1,0,5897,5897
0,0,0,0,-1,-1,-1
0,0,0,0,-1,-1,-1
153688,2,0,0,-1,-1,-1
152790,2,0,0,-1,-1,-1
154758,1,0,1,146,1246,1181
0,0,0,0,-1,-1,-1
154589,2,0,0,-1,-1,-1
154915,1,1,0,47,3593,3568
150808,2,0,0,-1,-1,-1
0,0,0,0,-1,-1,-1
155067,1,0,1,52,2392,2375
153896,1,0,1,0,14471,14471
155180,1,1,0,157,6012,5941
155135,1,1,0,187,1807,1725
155331,1,0,1,24,4234,4228
154887,1,0,1,194,5332,5249
154268,1,0,1,6,5643,5643
153406,2,0,0,-1,-1,-1
154519,2,0,0,-1,-1,-1
154817,1,0,1,152,3235,3168
153077,2,0,0,-1,-1,-1
153766,2,0,0,-1,-1,-1
153964,1,1,0,0,1658,1658
0,0,0,0,-1,-1,-1
155315,1,0,1,132,3235,3180
155214,2,0,0,-1,-1,-1
153744,2,0,0,-1,-1,-1
0,0,0,0,-1,-1,-1
0,0,0,0,-1,-1,-1
0,0,0,0,-1,-1,-1
154243,2,0,0,-1,-1,-1
155005,1,1,0,102,5932,5870
153294,2,0,0,-1,-1,-1
0,0,0,0,-1,-1,-1
154809,1,1,0,0,2646,2646
155321,2,0,0,-1,-1,-1
0,0,0,0,-1,-1,-1
154675,1,1,0,265,3906,3793
155051,1,0,1,111,3013,2945
154324,2,0,0,-1,-1,-1
154700,1,1,0,110,4110,4050
153434,1,1,0,202,5640,5546
0,0,0,0,-1,-1,-1
0,0,0,0,-1,-1,-1
154653,2,0,0,-1,-1,-1
0,0,0,0,-1,-1,-1
153553,1,1,0,196,3136,3013
152663,2,0,0,-1,-1,-1
155016,2,0,0,-1,-1,-1
154459,1,0,1,0,2484,2484
153801,1,0,1,160,5512,5436
0,0,0,0,-1,-1,-1
155250,1,1,1,238,3814,3709
154331,2,0,0,-1,-1,-1
154085,1,1,0,126,5956,5900
153710,2,0,0,-1,-1,-1
154779,1,0,1,14,9791,9786
0,0,0,0,-1,-1,-1
154797,1,1,1,49,9640,9602
154417,2,0,0,-1,-1,-1
0,0,0,0,-1,-1,-1
155374,1,1,0,56,9001,8962
154415,1,1,0,212,3745,3654
0,0,0,0,-1,-1,-1
0,0,0,0,-1,-1,-1
155323,1,1,-1,295,4099,3930
155243,1,1,1,82,6429,6390
154287,1,0,1,31,4296,4279
153789,2,0,0,-1,-1,-1
0,0,0,0,-1,-1,-1
0,0,0,0,-1,-1,-1
0,0,0,0,-1,-1,-1
154753,2,0,0,-1,-1,-1
154764,1,1,-1,42,2673,2651
153881,2,0,0,-1,-1,-1
0,0,0,0,-1,-1,-1
154203,2,0,0,-1,-1,-1
154409,1,1,0,89,3440,3391
154804,1,1,0,74,3693,3661
154587,1,1,0,41,26235,26217
0,0,0,0,-1,-1,-1
154612,1,0,1,156,1994,1905
154442,2,0,0,-1,-1,-1
153276,2,0,0,-1,-1,-1
154753,2,0,0,-1,-1,-1
0,0,0,0,-1,-1,-1
0,0,0,0,-1,-1,-1
153063,1,1,0,84,3172,3115
152468,2,0,0,-1,-1,-1
153948,1,0,1,118,3154,3079
153476,1,1,0,69,2940,2913
0,0,0,0,-1,-1,-1
153894,1,1,0,39,7598,7565
0,0,0,0,-1,-1,-1
0,0,0,0,-1,-1,-1
154222,1,1,0,0,11400,11400
154406,2,0,0,-1,-1,-1
0,0,0,0,-1,-1,-1
153517,2,0,0,-1,-1,-1
154801,1,0,1,48,6138,6112
153282,2,0,0,-1,-1,-1
154873,2,0,0,-1,-1,-1
153544,2,0,0,-1,-1,-1
0,0,0,0,-1,-1,-1
154849,2,0,0,-1,-1,-1
155150,1,1,0,48,4749,4731
154868,1,1,0,60,4065,4040
0,0,0,0,-1,-1,-1
153168,2,0,0,-1,-1,-1
154902,1,0,1,116,4391,4349
154106,2,0,0,-1,-1,-1
154611,2,0,0,-1,-1,-1
0,0,0,0,-1,-1,-1
154767,1,1,1,25,3795,3786
0,0,0,0,-1,-1,-1
0,0,0,0,-1,-1,-1
154649,2,0,0,-1,-1,-1
154268,2,0,0,-1,-1,-1
155263,1,1,0,21,15422,15409
153580,2,0,0,-1,-1,-1
154434,1,1,0,0,1680,1680
154295,2,0,0,-1,-1,-1
154442,2,0,0,-1,-1,-1
152747,2,0,0,-1,-1,-1
154337,2,0,0,-1,-1,-1
155068,1,0,1,158,4303,4232
155000,1,1,0,125,6545,6484
0,0,0,0,-1,-1,-1
153684,2,0,0,-1,-1,-1
153256,2,0,0,-1,-1,-1
0,0,0,0,-1,-1,-1
0,0,0,0,-1,-1,-1
154381,2,0,0,-1,-1,-1
154312,2,0,0,-1,-1,-1
155351,1,0,1,234,2903,2796
153163,2,0,0,-1,-1,-1
155242,2,0,0,-1,-1,-1
154666,1,1,0,23,2531,2527
0,0,0,0,-1,-1,-1
154076,1,0,1,206,2469,2397
154527,1,0,1,103,7234,7173
154276,1,1,0,172,3160,3099
154766,1,0,1,139,5702,5632
0,0,0,0,-1,-1,-1
0,0,0,0,-1,-1,-1
154796,1,0,1,42,1750,1727
0,0,0,0,-1,-1,-1
153954,2,0,0,-1,-1,-1
154965,1,1,0,124,2498,2450
0,0,0,0,-1,-1,-1
154658,1,1,0,241,1796,1665
155220,1,0,1,99,3497,3466
0,0,0,0,-1,-1,-1
0,0,0,0,-1,-1,-1
153355,2,0,0,-1,-1,-1
154145,2,0,0,-1,-1,-1
154694,1,1,0,118,2161,2119
155367,1,1,0,195,2355,2291
154075,2,0,0,-1,-1,-1
154817,1,1,0,29,2248,2228
0,0,0,0,-1,-1,-1
154613,2,0,0,-1,-1,-1
153777,1,0,1,133,1381,1317
154190,2,0,0,-1,-1,-1
155145,1,1,0,174,7495,7409
154758,1,1,1,116,5358,5314
0,0,0,0,-1,-1,-1
154327,2,0,0,-1,-1,-1
155014,1,0,1,157,2469,2392
0,0,0,0,-1,-1,-1
154567,1,1,0,145,2316,2242
153376,2,0,0,-1,-1,-1
155173,1,1,1,64,9623,9596
154610,1,1,0,27,3462,3453
0,0,0,0,-1,-1,-1
154515,2,0,0,-1,-1,-1
155254,1,1,-1,155,5143,5065
153817,2,0,0,-1,-1,-1
155128,2,0,0,-1,-1,-1
154177,1,0,1,136,8271,8205
0,0,0,0,-1,-1,-1
0,0,0,0,-1,-1,-1
155079,1,0,1,54,12140,12103
0,0,0,0,-1,-1,-1
0,0,0,0,-1,-1,-1
153605,2,0,0,-1,-1,-1
153414,1,1,0,20,2104,2099
154372,1,0,1,58,1462,1436
155118,1,1,0,4,3886,3887
0,0,0,0,-1,-1,-1
153087,1,1,0,89,11914,11885
154154,1,1,0,164,3766,3662
153222,1,0,1,108,2194,2143
153278,2,0,0,-1,-1,-1
155152,1,0,1,34,4335,4313
154812,2,0,0,-1,-1,-1
155321,1,1,0,142,14218,14160
153954,1,0,1,140,1521,1461
154641,1,0,1,38,4463,4442
0,0,0,0,-1,-1,-1
154107,2,0,0,-1,-1,-1
154207,1,1,0,92,2488,2453
154853,1,0,1,68,414,373
154787,2,0,0,-1,-1,-1
154111,1,0,1,114,2684,2631
155296,1,0,1,156,4367,4265
154831,1,0,1,102,2255,2213
154582,1,0,1,239,5174,5090
153403,1,1,0,33,2324,2314
0,0,0,0,-1,-1,-1
155148,1,1,0,171,5399,5326
154287,2,0,0,-1,-1,-1
0,0,0,0,-1,-1,-1
154498,1,0,1,79,2428,2390
154172,1,1,0,31,2605,2569
153102,1,1,0,155,1060,994
154667,1,1,0,0,3781,3773
0,0,0,0,-1,-1,-1
152799,1,0,1,112,4051,4008
154896,2,0,0,-1,-1,-1
153433,2,0,0,-1,-1,-1
0,0,0,0,-1,-1,-1
153812,2,0,0,-1,-1,-1
0,0,0,0,-1,-1,-1
153741,2,0,0,-1,-1,-1
153724,1,1,0,76,3224,3183
0,0,0,0,-1,-1,-1
153644,1,0,1,181,6553,6464
0,0,0,0,-1,-1,-1
152465,1,0,1,131,2286,2243
155075,1,1,0,92,4081,4057
154367,2,0,0,-1,-1,-1
154571,1,1,0,23,15859,15853
0,0,0,0,-1,-1,-1
154598,1,0,1,176,3935,3831
0,0,0,0,-1,-1,-1
154146,2,0,0,-1,-1,-1
0,0,0,0,-1,-1,-1
0,0,0,0,-1,-1,-1
0,0,0,0,-1,-1,-1
152907,1,1,0,0,17340,17340
154579,1,1,0,130,1715,1648
0,0,0,0,-1,-1,-1
155377,1,0,1,41,3190,3146
154414,2,0,0,-1,-1,-1
153468,2,0,0,-1,-1,-1
154754,2,0,0,-1,-1,-1
155209,1,0,1,93,5022,4951
0,0,0,0,-1,-1,-1
154320,2,0,0,-1,-1,-1
155148,1,0,1,37,1073,1063
154465,1,0,1,122,2838,2782
154873,1,1,0,97,4870,4823
154083,2,0,0,-1,-1,-1
154555,2,0,0,-1,-1,-1
154769,1,1,0,102,2915,2871
0,0,0,0,-1,-1,-1
154556,2,0,0,-1,-1,-1
153901,2,0,0,-1,-1,-1
0,0,0,0,-1,-1,-1
0,0,0,0,-1,-1,-1
154203,1,0,1,38,4541,4531
154315,2,0,0,-1,-1,-1
0,0,0,0,-1,-1,-1
152616,1,0,1,83,3019,2967
154146,2,0,0,-1,-1,-1
154345,2,0,0,-1,-1,-1
0,0,0,0,-1,-1,-1
0,0,0,0,-1,-1,-1
153875,1,0,1,196,3006,2902
0,0,0,0,-1,-1,-1
154754,1,0,1,41,1708,1679
154689,2,0,0,-1,-1,-1
154976,2,0,0,-1,-1,-1
154979,1,0,1,54,3227,3204
0,0,0,0,-1,-1,-1
0,0,0,0,-1,-1,-1
154881,2,0,0,-1,-1,-1
154024,1,1,0,95,7343,7297
154345,2,0,0,-1,-1,-1
154130,1,0,1,55,5896,5867
0,0,0,0,-1,-1,-1
155358,1,1,0,45,5370,5332
153076,2,0,0,-1,-1,-1
155014,1,1,0,199,3486,3402
153242,2,0,0,-1,-1,-1
154359,2,0,0,-1,-1,-1
154267,2,0,0,-1,-1,-1
154661,1,0,1,7,7395,7391
154137,1,1,0,173,15473,15383
0,0,0,0,-1,-1,-1
154956,1,0,1,158,1513,1444
153554,2,0,0,-1,-1,-1
154108,2,0,0,-1,-1,-1
154967,1,1,0,204,1199,1106
154939,1,0,1,32,3252,3225
0,0,0,0,-1,-1,-1
0,0,0,0,-1,-1,-1
153630,2,0,0,-1,-1,-1
154493,1,1,0,0,5898,5898
0,0,0,0,-1,-1,-1
0,0,0,0,-1,-1,-1
154734,1,1,1,79,2994,2948
0,0,0,0,-1,-1,-1
153599,2,0,0,-1,-1,-1
155252,1,1,0,0,7800,7800
154044,1,1,0,139,2283,2238
153706,2,0,0,-1,-1,-1
153946,2,0,0,-1,-1,-1
0,0,0,0,-1,-1,-1
155138,1,1,0,0,24952,24952
152992,2,0,0,-1,-1,-1
154988,2,0,0,-1,-1,-1
153757,1,1,0,194,3444,3379
155010,1,0,1,108,1019,965
0,0,0,0,-1,-1,-1
154654,1,1,1,121,3898,3821
0,0,0,0,-1,-1,-1
154728,1,0,1,165,2706,2610
0,0,0,0,-1,-1,-1
153671,2,0,0,-1,-1,-1
154277,2,0,0,-1,-1,-1
155271,1,0,1,134,897,847
155094,1,0,1,88,5169,5133
0,0,0,0,-1,-1,-1
153135,2,0,0,-1,-1,-1
0,0,0,0,-1,-1,-1
154313,1,0,1,19,2157,2148
154610,1,1,-1,182,6013,5922
0,0,0,0,-1,-1,-1
152641,2,0,0,-1,-1,-1
153535,1,0,1,80,22469,22418
153901,2,0,0,-1,-1,-1
0,0,0,0,-1,-1,-1
0,0,0,0,-1,-1,-1
154356,1,0,1,83,4255,4219
0,0,0,0,-1,-1,-1
0,0,0,0,-1,-1,-1
153373,1,0,1,165,1354,1271
0,0,0,0,-1,-1,-1
153825,1,0,1,138,2456,2391
153633,1,1,0,98,1939,1891
154663,1,1,0,13,9064,9059
154996,1,1,0,116,719,659
155215,2,0,0,-1,-1,-1
0,0,0,0,-1,-1,-1
154751,2,0,0,-1,-1,-1
155364,1,1,0,36,7789,7772
153493,2,0,0,-1,-1,-1
155177,1,1,0,28,1253,1250
154792,1,0,1,47,4136,4106
155314,1,0,1,125,4431,4355
0,0,0,0,-1,-1,-1
155127,1,0,1,79,1510,1473
154851,1,0,1,58,10305,10289
153341,2,0,0,-1,-1,-1
154513,1,0,1,18,13173,13155
153957,1,0,1,147,1749,1688
154878,2,0,0,-1,-1,-1
0,0,0,0,-1,-1,-1
0,0,0,0,-1,-1,-1
0,0,0,0,-1,-1,-1
155332,1,1,0,39,9774,9760
0,0,0,0,-1,-1,-1
155276,1,0,1,0,9529,9529
154428,1,1,0,312,5237,5107
0,0,0,0,-1,-1,-1
153072,1,1,0,187,1605,1528
154874,1,1,1,113,3109,3050
154725,1,1,0,136,5800,5733
0,0,0,0,-1,-1,-1
154629,2,0,0,-1,-1,-1
0,0,0,0,-1,-1,-1
153069,1,1,1,146,4788,4705
154176,1,0,1,124,2680,2600
154571,1,0,1,38,632,621
154478,2,0,0,-1,-1,-1
0,0,0,0,-1,-1,-1
153677,2,0,0,-1,-1,-1
154970,1,1,-1,186,5383,5294
153824,2,0,0,-1,-1,-1
154341,1,0,1,112,5299,5242
153381,2,0,0,-1,-1,-1
0,0,0,0,-1,-1,-1
0,0,0,0,-1,-1,-1
153728,1,1,0,19,2288,2278
0,0,0,0,-1,-1,-1
153936,1,1,0,96,1865,1823
154736,2,0,0,-1,-1,-1
154150,1,1,0,124,4877,4810
153371,1,1,0,232,2573,2454
155111,1,0,1,133,1931,1885
154042,2,0,0,-1,-1,-1
0,0,0,0,-1,-1,-1
153493,2,0,0,-1,-1,-1
0,0,0,0,-1,-1,-1
0,0,0,0,-1,-1,-1
154996,1,0,1,105,1601,1541
154298,2,0,0,-1,-1,-1
153938,2,0,0,-1,-1,-1
153034,2,0,0,-1,-1,-1
153809,2,0,0,-1,-1,-1
154646,1,1,0,112,2763,2723
153570,2,0,0,-1,-1,-1
155197,2,0,0,-1,-1,-1
152856,2,0,0,-1,-1,-1
155113,1,0,1,0,6374,6374
155382,1,0,1,40,8391,8373
154827,1,1,0,11,8595,8593
154908,1,1,0,143,4842,4774
0,0,0,0,-1,-1,-1
0,0,0,0,-1,-1,-1
0,0,0,0,-1,-1,-1
0,0,0,0,-1,-1,-1
153174,1,1,1,240,2483,2360
153825,1,1,0,43,3840,3812
153961,1,1,0,75,1518,1482
0,0,0,0,-1,-1,-1
154369,2,0,0,-1,-1,-1
0,0,0,0,-1,-1,-1
155362,1,1,0,10,2400,2393
155218,1,0,1,122,2487,2410
154702,2,0,0,-1,-1,-1
154360,1,1,0,119,6071,5999
0,0,0,0,-1,-1,-1
154692,2,0,0,-1,-1,-1
0,0,0,0,-1,-1,-1
154229,2,0,0,-1,-1,-1
153455,1,0,1,77,5673,5635
155216,1,1,-1,68,3719,3695
152897,2,0,0,-1,-1,-1
154624,1,1,-1,110,33999,33949
155315,1,1,-1,286,3407,3279
155375,1,1,0,232,2010,1893
0,0,0,0,-1,-1,-1
154997,1,0,1,92,1633,1582
155049,1,1,0,91,3307,3289
0,0,0,0,-1,-1,-1
0,0,0,0,-1,-1,-1
154149,2,0,0,-1,-1,-1
154565,2,0,0,-1,-1,-1
153323,1,1,0,218,5242,5122
153692,1,1,0,83,5874,5817
154649,1,1,0,118,12944,12890
0,0,0,0,-1,-1,-1
154451,2,0,0,-1,-1,-1
0,0,0,0,-1,-1,-1
154391,2,0,0,-1,-1,-1
154106,1,1,0,0,5394,5394
155129,2,0,0,-1,-1,-1
152984,2,0,0,-1,-1,-1
154717,1,1,0,71,2993,2948
154832,1,1,0,23,9847,9833
154950,1,0,1,40,5055,5028
154436,1,0,1,152,2075,1998
0,0,0,0,-1,-1,-1
0,0,0,0,-1,-1,-1
155145,1,0,1,145,2328,2272
153052,2,0,0,-1,-1,-1
153898,2,0,0,-1,-1,-1
0,0,0,0,-1,-1,-1
155279,1,0,1,58,1959,1921
0,0,0,0,-1,-1,-1
154513,2,0,0,-1,-1,-1
0,0,0,0,-1,-1,-1
0,0,0,0,-1,-1,-1
0,0,0,0,-1,-1,-1
0,0,0,0,-1,-1,-1
154931,2,0,0,-1,-1,-1
0,0,0,0,-1,-1,-1
152763,1,0,1,130,2050,1974
0,0,0,0,-1,-1,-1
154078,1,0,1,39,3694,3676
155199,1,1,0,12,2110,2108
154888,1,1,0,0,4469,4469
0,0,0,0,-1,-1,-1
154296,1,1,0,116,4677,4623
154183,2,0,0,-1,-1,-1
0,0,0,0,-1,-1,-1
155217,1,0,1,121,1845,1773
151394,2,0,0,-1,-1,-1
0,0,0,0,-1,-1,-1
155249,1,1,0,64,6731,6717
154928,1,0,1,189,1212,1136
155323,1,1,0,59,2033,1994
154352,2,0,0,-1,-1,-1
0,0,0,0,-1,-1,-1
0,0,0,0,-1,-1,-1
154370,1,1,0,97,3401,3368
0,0,0,0,-1,-1,-1
0,0,0,0,-1,-1,-1
154554,2,0,0,-1,-1,-1
0,0,0,0,-1,-1,-1
154635,2,0,0,-1,-1,-1
152681,2,0,0,-1,-1,-1
0,0,0,0,-1,-1,-1
0,0,0,0,-1,-1,-1
0,0,0,0,-1,-1,-1
0,0,0,0,-1,-1,-1
153361,2,0,0,-1,-1,-1
0,0,0,0,-1,-1,-1
0,0,0,0,-1,-1,-1
154572,1,0,1,145,4441,4365
153732,2,0,0,-1,-1,-1
0,0,0,0,-1,-1,-1
0,0,0,0,-1,-1,-1
152906,1,0,1,150,2300,2259
0,0,0,0,-1,-1,-1
0,0,0,0,-1,-1,-1
0,0,0,0,-1,-1,-1
154958,1,1,0,182,1912,1825
155200,1,0,1,114,8500,8437
154897,1,1,-1,227,6313,6201
154685,1,1,0,0,5902,5902
0,0,0,0,-1,-1,-1
155163,2,0,0,-1,-1,-1
154533,1,0,1,49,12836,12809
154284,2,0,0,-1,-1,-1
0,0,0,0,-1,-1,-1
0,0,0,0,-1,-1,-1
154085,1,0,1,101,3075,3047
0,0,0,0,-1,-1,-1
154996,1,1,0,45,2199,2179
154680,2,0,0,-1,-1,-1
154497,2,0,0,-1,-1,-1
154038,2,0,0,-1,-1,-1
155176,2,0,0,-1,-1,-1
154207,2,0,0,-1,-1,-1
0,0,0,0,-1,-1,-1
154902,2,0,0,-1,-1,-1
0,0,0,0,-1,-1,-1
0,0,0,0,-1,-1,-1
154657,1,1,0,56,4249,4216
154199,1,0,1,13,10434,10430
154983,1,1,0,97,1714,1684
0,0,0,0,-1,-1,-1
0,0,0,0,-1,-1,-1
152893,2,0,0,-1,-1,-1
154365,1,0,1,124,3065,3005
153960,1,1,0,79,4895,4868
154407,2,0,0,-1,-1,-1
0,0,0,0,-1,-1,-1
0,0,0,0,-1,-1,-1
0,0,0,0,-1,-1,-1
155289,1,1,0,171,8080,7983
155116,1,1,0,106,1767,1713
154756,2,0,0,-1,-1,-1
153489,1,0,1,94,5015,4973
153326,2,0,0,-1,-1,-1
154963,1,0,1,0,12993,12993
155028,1,0,1,0,105,105
154709,1,1,0,84,7797,7751
154083,2,0,0,-1,-1,-1
0,0,0,0,-1,-1,-1
153789,1,1,1,370,3733,3580
154444,1,1,1,139,2488,2416
154347,1,1,0,31,4664,4649
154922,1,1,-1,195,3085,2993
154052,1,1,0,0,14544,14544
0,0,0,0,-1,-1,-1
153839,1,0,1,214,1977,1886
154709,2,0,0,-1,-1,-1
153680,2,0,0,-1,-1,-1
154571,1,0,1,119,877,849
153589,1,0,1,0,11562,11562
153867,2,0,0,-1,-1,-1
154775,1,1,0,186,4889,4799
0,0,0,0,-1,-1,-1
153656,1,1,0,218,1965,1885
155380,1,0,1,54,6131,6110
154048,2,0,0,-1,-1,-1
0,0,0,0,-1,-1,-1
154149,1,1,0,222,2498,2396
153956,1,1,0,182,13735,13650
0,0,0,0,-1,-1,-1
155084,1,1,0,110,3549,3483
154622,2,0,0,-1,-1,-1
0,0,0,0,-1,-1,-1
0,0,0,0,-1,-1,-1
0,0,0,0,-1,-1,-1
154360,1,1,-1,158,2891,2832
0,0,0,0,-1,-1,-1
154563,2,0,0,-1,-1,-1
155069,1,1,0,50,4783,4742
154707,1,0,1,89,8601,8561
153735,2,0,0,-1,-1,-1
155209,2,0,0,-1,-1,-1
153182,1,1,0,122,3830,3785
0,0,0,0,-1,-1,-1
154019,1,0,1,0,489,489
0,0,0,0,-1,-1,-1
154890,1,0,1,90,3156,3124
0,0,0,0,-1,-1,-1
155201,1,0,1,132,16663,16626
153513,2,0,0,-1,-1,-1
154996,1,0,1,107,2694,2659
0,0,0,0,-1,-1,-1
153605,2,0,0,-1,-1,-1
155108,2,0,0,-1,-1,-1
152597,1,1,0,172,2407,2310
154330,2,0,0,-1,-1,-1
153063,2,0,0,-1,-1,-1
154070,1,1,0,91,4758,4717
153435,2,0,0,-1,-1,-1
0,0,0,0,-1,-1,-1
154728,1,1,0,229,6060,5950
0,0,0,0,-1,-1,-1
0,0,0,0,-1,-1,-1
153865,1,1,1,159,7331,7276
154870,2,0,0,-1,-1,-1
0,0,0,0,-1,-1,-1
153237,1,0,1,115,3905,3860
154882,1,1,0,133,4031,3971
154004,2,0,0,-1,-1,-1
155023,2,0,0,-1,-1,-1
155180,1,1,0,53,3154,3111
155295,1,0,1,117,2215,2159
153471,1,1,0,57,4720,4698
0,0,0,0,-1,-1,-1
155264,1,0,1,125,4299,4245
0,0,0,0,-1,-1,-1
155147,1,0,1,16,3170,3160
154669,1,0,1,165,3134,3062
154570,1,0,1,47,3059,3030
153986,1,1,0,149,1770,1708
152766,1,0,1,164,3486,3382
154671,1,0,1,162,2707,2621
154381,1,0,1,0,27830,27830
154142,1,0,1,14,6068,6048
154938,1,0,1,0,1102,1102
154551,2,0,0,-1,-1,-1
155247,1,0,1,159,12129,12042
154249,2,0,0,-1,-1,-1
155222,2,0,0,-1,-1,-1
152981,1,0,1,146,1989,1900
154095,1,0,1,5,4257,4248
155143,1,1,0,47,1277,1249
154666,1,0,1,22,2449,2438
0,0,0,0,-1,-1,-1
0,0,0,0,-1,-1,-1
154500,2,0,0,-1,-1,-1
0,0,0,0,-1,-1,-1
153900,2,0,0,-1,-1,-1
154041,1,1,0,50,2980,2951
155186,1,1,0,34,7401,7387
155136,1,1,0,72,9675,9638
153982,1,0,1,71,5099,5064
154228,1,1,0,0,12856,12856
152842,1,1,0,66,4682,4664
153872,2,0,0,-1,-1,-1
0,0,0,0,-1,-1,-1
154558,1,0,1,231,10972,10868
155127,1,1,0,0,17236,17236
0,0,0,0,-1,-1,-1
154219,2,0,0,-1,-1,-1
155385,1,1,0,0,2366,2366
154789,2,0,0,-1,-1,-1
154130,1,1,0,162,4115,4018
154589,1,0,1,177,8807,8715
154987,1,1,0,16,3792,3790
153082,2,0,0,-1,-1,-1
154713,1,0,1,136,2091,2036
154184,1,1,0,64,1847,1815
0,0,0,0,-1,-1,-1
0,0,0,0,-1,-1,-1
154015,1,0,1,38,3410,3396
154934,1,0,1,92,3067,3021
155248,1,0,1,92,4115,4057
155251,1,0,1,56,9846,9805
154246,1,1,-1,113,7184,7138
154799,1,0,1,188,4115,4010
0,0,0,0,-1,-1,-1
154019,1,0,1,179,3771,3703
0,0,0,0,-1,-1,-1
153749,2,0,0,-1,-1,-1
154901,1,1,-1,263,20811,20697
0,0,0,0,-1,-1,-1
153693,2,0,0,-1,-1,-1
0,0,0,0,-1,-1,-1
153507,2,0,0,-1,-1,-1
153955,2,0,0,-1,-1,-1
155269,1,1,1,41,3372,3359
155064,2,0,0,-1,-1,-1
154303,1,0,1,140,2472,2394
153516,2,0,0,-1,-1,-1
0,0,0,0,-1,-1,-1
154997,1,1,0,129,4958,4917
0,0,0,0,-1,-1,-1
154437,2,0,0,-1,-1,-1
0,0,0,0,-1,-1,-1
0,0,0,0,-1,-1,-1
0,0,0,0,-1,-1,-1
153809,1,1,0,288,2172,2070
153309,1,0,1,122,4760,4691
154900,1,1,0,59,3790,3766
0,0,0,0,-1,-1,-1
155314,1,0,1,0,4920,4920
155136,1,0,1,121,3965,3902
154314,1,0,1,51,10361,10322
154917,1,1,0,177,2733,2654
154494,1,0,1,91,1160,1121
153400,2,0,0,-1,-1,-1
154619,2,0,0,-1,-1,-1
0,0,0,0,-1,-1,-1
154570,1,0,1,124,2546,2479
0,0,0,0,-1,-1,-1
152789,2,0,0,-1,-1,-1
154953,1,1,0,114,5901,5849
0,0,0,0,-1,-1,-1
155107,1,1,0,382,9334,9172
154236,2,0,0,-1,-1,-1
0,0,0,0,-1,-1,-1
154574,2,0,0,-1,-1,-1
0,0,0,0,-1,-1,-1
155362,1,1,0,26,12087,12079
154780,1,1,0,57,4616,4581
0,0,0,0,-1,-1,-1
153660,2,0,0,-1,-1,-1
152608,2,0,0,-1,-1,-1
154888,1,1,0,97,3859,3784
154399,1,0,1,116,1777,1721
154660,2,0,0,-1,-1,-1
154641,2,0,0,-1,-1,-1
154278,1,1,0,58,5642,5630
154666,2,0,0,-1,-1,-1
153838,1,0,1,187,6137,6045
0,0,0,0,-1,-1,-1
154154,2,0,0,-1,-1,-1
0,0,0,0,-1,-1,-1
154866,1,0,1,26,4280,4269
155133,1,1,0,81,6357,6309
154520,2,0,0,-1,-1,-1
154658,1,0,1,98,6696,6639
155046,1,1,0,52,9940,9907
154058,1,1,0,17,5256,5254
0,0,0,0,-1,-1,-1
0,0,0,0,-1,-1,-1
154934,1,0,1,158,3430,3366
155385,1,1,0,301,2422,2284
153612,1,1,0,73,7862,7819
154665,2,0,0,-1,-1,-1
154093,2,0,0,-1,-1,-1
155130,1,1,0,40,2827,2804
0,0,0,0,-1,-1,-1
0,0,0,0,-1,-1,-1
153423,1,0,1,0,6195,6195
154584,1,0,1,93,5826,5789
155088,1,1,0,0,7875,7875
153995,2,0,0,-1,-1,-1
0,0,0,0,-1,-1,-1
154129,1,1,0,34,5065,5049
0,0,0,0,-1,-1,-1
154927,2,0,0,-1,-1,-1
0,0,0,0,-1,-1,-1
153861,1,0,1,123,2831,2775
154362,1,1,0,38,4214,4194
0,0,0,0,-1,-1,-1
154665,1,0,1,0,286,286
0,0,0,0,-1,-1,-1
154335,1,1,0,132,4146,4077
155097,1,0,1,62,3303,3273
154497,2,0,0,-1,-1,-1
0,0,0,0,-1,-1,-1
154866,1,1,-1,185,6427,6340
154172,2,0,0,-1,-1,-1
0,0,0,0,-1,-1,-1
0,0,0,0,-1,-1,-1
152779,2,0,0,-1,-1,-1
0,0,0,0,-1,-1,-1
154161,1,0,1,228,4355,4237
154822,1,0,1,150,1583,1505
155185,1,1,0,36,1167,1157
0,0,0,0,-1,-1,-1
0,0,0,0,-1,-1,-1
154170,1,0,1,385,8482,8291
154713,1,1,0,135,3297,3234
154650,1,1,-1,175,7782,7719
154028,2,0,0,-1,-1,-1
154710,2,0,0,-1,-1,-1
153452,2,0,0,-1,-1,-1
0,0,0,0,-1,-1,-1
154742,1,0,1,73,1643,1614
154313,2,0,0,-1,-1,-1
154260,1,0,1,141,2348,2288
0,0,0,0,-1,-1,-1
154782,1,1,0,38,6991,6970
155350,1,0,1,36,1963,1945
155059,2,0,0,-1,-1,-1
155272,1,0,1,156,3741,3673
154906,2,0,0,-1,-1,-1
154951,1,1,0,54,2123,2096
154601,2,0,0,-1,-1,-1
154594,2,0,0,-1,-1,-1
154965,1,1,0,120,1764,1705
154320,1,1,0,144,2037,1965
155317,1,1,-1,104,6030,5977
153359,2,0,0,-1,-1,-1
154197,1,0,1,20,37125,37109
154654,1,1,0,61,12909,12877
0,0,0,0,-1,-1,-1
154850,1,1,0,149,5929,5855
155056,1,1,0,280,3517,3394
154445,1,1,1,115,7541,7489
154526,2,0,0,-1,-1,-1
153996,1,0,1,110,1655,1616
153889,1,0,1,227,2623,2546
155372,1,0,1,93,4044,4003
154769,1,0,1,0,12215,12215
152746,2,0,0,-1,-1,-1
153913,2,0,0,-1,-1,-1
154244,2,0,0,-1,-1,-1
0,0,0,0,-1,-1,-1
154004,2,0,0,-1,-1,-1
154752,2,0,0,-1,-1,-1
155146,1,1,0,0,240,240
0,0,0,0,-1,-1,-1
153616,2,0,0,-1,-1,-1
154149,2,0,0,-1,-1,-1
153058,2,0,0,-1,-1,-1
0,0,0,0,-1,-1,-1
0,0,0,0,-1,-1,-1
154160,1,1,0,50,2154,2129
155201,1,0,1,198,6141,6055
0,0,0,0,-1,-1,-1
152758,2,0,0,-1,-1,-1
0,0,0,0,-1,-1,-1
154064,1,1,0,143,2625,2568
0,0,0,0,-1,-1,-1
154573,1,1,0,172,2813,2731
153904,2,0,0,-1,-1,-1
154157,1,1,0,99,1713,1669
153795,2,0,0,-1,-1,-1
155338,1,1,0,3,3417,3413
0,0,0,0,-1,-1,-1
154554,1,1,0,85,2502,2474
0,0,0,0,-1,-1,-1
154936,1,0,1,0,10925,10925
154039,1,0,1,17,8282,8278
155319,1,1,0,178,9528,9441
0,0,0,0,-1,-1,-1
153263,1,0,1,0,9147,9147
155242,1,0,1,164,5004,4919
0,0,0,0,-1,-1,-1
154282,1,1,0,43,8031,8013
153547,2,0,0,-1,-1,-1
152605,2,0,0,-1,-1,-1
153327,2,0,0,-1,-1,-1
0,0,0,0,-1,-1,-1
153678,2,0,0,-1,-1,-1
153949,2,0,0,-1,-1,-1
153397,1,0,1,72,1953,1937
154100,2,0,0,-1,-1,-1
0,0,0,0,-1,-1,-1
0,0,0,0,-1,-1,-1
154770,2,0,0,-1,-1,-1
0,0,0,0,-1,-1,-1
0,0,0,0,-1,-1,-1
0,0,0,0,-1,-1,-1
153733,1,1,0,0,10476,10476
0,0,0,0,-1,-1,-1
154214,2,0,0,-1,-1,-1
0,0,0,0,-1,-1,-1
153934,2,0,0,-1,-1,-1
0,0,0,0,-1,-1,-1
155153,1,0,1,88,5398,5338
154641,2,0,0,-1,-1,-1
0,0,0,0,-1,-1,-1
0,0,0,0,-1,-1,-1
153529,2,0,0,-1,-1,-1
155315,1,0,1,75,2496,2466
155031,1,0,1,75,6211,6189
153278,1,1,0,73,4041,3998
153190,1,1,0,214,2274,2157
154275,2,0,0,-1,-1,-1
154985,1,0,1,70,3601,3554
153483,2,0,0,-1,-1,-1
154836,1,0,1,0,9060,9060
155225,1,0,1,95,3020,2993
155029,2,0,0,-1,-1,-1
154349,2,0,0,-1,-1,-1
0,0,0,0,-1,-1,-1
0,0,0,0,-1,-1,-1
154789,2,0,0,-1,-1,-1
0,0,0,0,-1,-1,-1
0,0,0,0,-1,-1,-1
154923,1,1,0,138,7317,7235
0,0,0,0,-1,-1,-1
154258,2,0,0,-1,-1,-1
0,0,0,0,-1,-1,-1
0,0,0,0,-1,-1,-1
155177,1,0,1,0,6591,6591
152570,2,0,0,-1,-1,-1
153228,2,0,0,-1,-1,-1
155177,1,0,1,177,2550,2450
155275,1,0,1,151,2653,2600
0,0,0,0,-1,-1,-1
0,0,0,0,-1,-1,-1
154262,2,0,0,-1,-1,-1
154809,1,1,0,259,4637,4508
155120,1,1,-1,181,7507,7419
0,0,0,0,-1,-1,-1
0,0,0,0,-1,-1,-1
153497,1,1,0,138,3332,3265
154563,1,0,1,160,2044,1990
155269,1,1,0,114,3800,3732
0,0,0,0,-1,-1,-1
0,0,0,0,-1,-1,-1
0,0,0,0,-1,-1,-1
152857,1,1,0,125,3486,3424
155201,1,0,1,103,4944,4901
154013,1,0,1,173,6973,6890
153947,1,1,0,0,6958,6958
154082,2,0,0,-1,-1,-1
154719,1,0,1,155,4521,4435
0,0,0,0,-1,-1,-1
0,0,0,0,-1,-1,-1
153677,2,0,0,-1,-1,-1
153620,2,0,0,-1,-1,-1
154776,1,0,1,41,2699,2687
154426,1,1,0,123,3576,3535
0,0,0,0,-1,-1,-1
155072,1,1,0,79,5999,5964
155116,1,0,1,179,2787,2694
154985,1,1,-1,75,2681,2633
154286,1,1,0,13,171,165
0,0,0,0,-1,-1,-1
0,0,0,0,-1,-1,-1
154015,1,0,1,97,3243,3192
154980,1,1,0,101,3761,3699
0,0,0,0,-1,-1,-1
154830,1,0,1,13,3324,3318
154597,1,0,1,115,2115,2056
154384,1,0,1,92,687,623
154803,1,1,0,49,9638,9622
152835,2,0,0,-1,-1,-1
154282,2,0,0,-1,-1,-1
153890,2,0,0,-1,-1,-1
153131,2,0,0,-1,-1,-1
153666,2,0,0,-1,-1,-1
0,0,0,0,-1,-1,-1
0,0,0,0,-1,-1,-1
154881,2,0,0,-1,-1,-1
153944,1,0,1,203,4652,4578
154507,2,0,0,-1,-1,-1
152911,1,1,0,87,6999,6963
155280,1,1,0,123,4539,4482
154014,1,1,0,118,2851,2817
155208,1,1,0,24,4546,4533
154089,2,0,0,-1,-1,-1
154533,1,0,1,196,4914,4796
153326,2,0,0,-1,-1,-1
0,0,0,0,-1,-1,-1
155208,1,1,0,62,4036,4010
154114,2,0,0,-1,-1,-1
0,0,0,0,-1,-1,-1
0,0,0,0,-1,-1,-1
0,0,0,0,-1,-1,-1
0,0,0,0,-1,-1,-1
0,0,0,0,-1,-1,-1
154465,2,0,0,-1,-1,-1
0,0,0,0,-1,-1,-1
0,0,0,0,-1,-1,-1
155104,1,0,1,74,2543,2506
154490,2,0,0,-1,-1,-1
154286,1,1,1,50,4711,4686
0,0,0,0,-1,-1,-1
153414,1,0,1,4,4464,4457
153946,2,0,0,-1,-1,-1
154698,1,0,1,178,5163,5075
154099,2,0,0,-1,-1,-1
0,0,0,0,-1,-1,-1
154193,1,1,0,121,4907,4862
154763,1,1,0,23,2226,2212
154764,1,1,0,11,2101,2099
0,0,0,0,-1,-1,-1
154549,1,1,0,89,1656,1604
0,0,0,0,-1,-1,-1
154278,1,0,1,174,7915,7842
154811,1,1,0,57,2644,2610
0,0,0,0,-1,-1,-1
0,0,0,0,-1,-1,-1
154697,1,1,0,77,1465,1404
153392,2,0,0,-1,-1,-1
154723,2,0,0,-1,-1,-1
153788,1,1,0,31,3486,3478
0,0,0,0,-1,-1,-1
154998,2,0,0,-1,-1,-1
154222,2,0,0,-1,-1,-1
153295,1,1,0,237,2255,2124
155080,2,0,0,-1,-1,-1
0,0,0,0,-1,-1,-1
0,0,0,0,-1,-1,-1
0,0,0,0,-1,-1,-1
153350,1,1,0,156,2319,2252
0,0,0,0,-1,-1,-1
153502,2,0,0,-1,-1,-1
154402,2,0,0,-1,-1,-1
0,0,0,0,-1,-1,-1
0,0,0,0,-1,-1,-1
154750,2,0,0,-1,-1,-1
153384,1,1,0,109,2959,2891
154419,1,0,1,199,2154,2055
154396,2,0,0,-1,-1,-1
0,0,0,0,-1,-1,-1
155156,1,1,0,0,2425,2425
154853,2,0,0,-1,-1,-1
154362,1,1,1,102,6920,6869
153090,2,0,0,-1,-1,-1
151737,1,1,0,0,35356,35356
154314,1,0,1,4,5805,5801
155053,1,0,1,206,3517,3415
0,0,0,0,-1,-1,-1
155256,1,1,0,52,4625,4609
152509,1,0,1,84,4280,4237
153704,2,0,0,-1,-1,-1
0,0,0,0,-1,-1,-1
153486,2,0,0,-1,-1,-1
153681,1,1,0,0,6806,6806
0,0,0,0,-1,-1,-1
154034,2,0,0,-1,-1,-1
0,0,0,0,-1,-1,-1
154858,1,0,1,0,2468,2468
154558,2,0,0,-1,-1,-1
154127,1,1,-1,146,8961,8870
153545,2,0,0,-1,-1,-1
154114,1,0,1,0,8573,8573
154982,1,1,-1,181,3781,3701
0,0,0,0,-1,-1,-1
154559,2,0,0,-1,-1,-1
0,0,0,0,-1,-1,-1
154893,1,1,0,138,1519,1435
153616,2,0,0,-1,-1,-1
155259,1,1,0,70,7050,7020
154788,1,0,1,86,7235,7204
153604,2,0,0,-1,-1,-1
0,0,0,0,-1,-1,-1
155066,1,1,0,28,2551,2541
153922,2,0,0,-1,-1,-1
153912,2,0,0,-1,-1,-1
153918,2,0,0,-1,-1,-1
154651,1,0,1,40,3436,3403
154951,2,0,0,-1,-1,-1
0,0,0,0,-1,-1,-1
0,0,0,0,-1,-1,-1
155330,1,0,1,196,2827,2756
0,0,0,0,-1,-1,-1
154079,1,1,-1,157,6296,6207
154926,1,1,1,188,4728,4641
155018,1,1,1,98,4317,4264
155197,1,0,1,146,1806,1719
0,0,0,0,-1,-1,-1
155301,1,1,0,87,4992,4941
0,0,0,0,-1,-1,-1
0,0,0,0,-1,-1,-1
153519,1,1,0,77,2532,2506
154338,1,0,1,72,2277,2259
0,0,0,0,-1,-1,-1
155149,1,1,0,21,4322,4319
155072,1,1,0,35,7189,7169
153411,2,0,0,-1,-1,-1
0,0,0,0,-1,-1,-1
154461,2,0,0,-1,-1,-1
0,0,0,0,-1,-1,-1
0,0,0,0,-1,-1,-1
0,0,0,0,-1,-1,-1
153136,1,1,0,202,3202,3114
153281,1,0,1,21,2044,2032
0,0,0,0,-1,-1,-1
0,0,0,0,-1,-1,-1
154768,1,1,1,0,3808,3808
153648,2,0,0,-1,-1,-1
0,0,0,0,-1,-1,-1
0,0,0,0,-1,-1,-1
154546,1,0,1,78,4224,4199
155333,1,0,1,0,732,732
153545,2,0,0,-1,-1,-1
155004,1,1,0,0,7296,7296
0,0,0,0,-1,-1,-1
153875,1,1,0,124,3430,3392
154006,2,0,0,-1,-1,-1
0,0,0,0,-1,-1,-1
154972,1,1,0,32,2359,2342
0,0,0,0,-1,-1,-1
0,0,0,0,-1,-1,-1
155272,1,1,0,0,567,567
155346,1,0,1,81,3272,3221
154271,2,0,0,-1,-1,-1
0,0,0,0,-1,-1,-1
154365,1,1,0,159,1438,1356
0,0,0,0,-1,-1,-1
154314,1,1,0,55,6548,6520
154789,2,0,0,-1,-1,-1
0,0,0,0,-1,-1,-1
155001,2,0,0,-1,-1,-1
152233,2,0,0,-1,-1,-1
0,0,0,0,-1,-1,-1
154154,1,1,0,50,2726,2690
155354,1,0,1,0,1168,1168
0,0,0,0,-1,-1,-1
154473,2,0,0,-1,-1,-1
0,0,0,0,-1,-1,-1
154209,1,1,0,74,4090,4054
155101,1,1,1,177,2543,2460
155001,1,0,1,123,1756,1697
152687,1,1,0,221,2540,2440
155004,1,0,1,9,10830,10824
0,0,0,0,-1,-1,-1
154663,1,0,1,0,4339,4339
155159,1,1,0,3,940,940
155291,1,1,0,190,3318,3233
154300,2,0,0,-1,-1,-1
153823,1,0,1,170,5335,5245
154459,2,0,0,-1,-1,-1
154188,2,0,0,-1,-1,-1
0,0,0,0,-1,-1,-1
155285,2,0,0,-1,-1,-1
0,0,0,0,-1,-1,-1
154729,2,0,0,-1,-1,-1
154497,2,0,0,-1,-1,-1
155212,1,0,1,96,2671,2629
155132,1,1,0,15,7773,7766
155214,1,1,0,34,7229,7221
154912,1,1,0,210,1741,1651
152518,1,1,0,146,1144,1086
0,0,0,0,-1,-1,-1
153147,2,0,0,-1,-1,-1
0,0,0,0,-1,-1,-1
0,0,0,0,-1,-1,-1
153777,2,0,0,-1,-1,-1
153525,1,1,0,79,3258,3221
0,0,0,0,-1,-1,-1
0,0,0,0,-1,-1,-1
154851,2,0,0,-1,-1,-1
0,0,0,0,-1,-1,-1
154848,2,0,0,-1,-1,-1
0,0,0,0,-1,-1,-1
151616,1,0,1,51,2725,2701
0,0,0,0,-1,-1,-1
155196,1,0,1,194,2957,2864
154987,1,0,1,6,1574,1571
154619,1,1,0,56,5660,5637
0,0,0,0,-1,-1,-1
0,0,0,0,-1,-1,-1
154546,1,0,1,167,5742,5678
155356,1,0,1,147,2497,2426
154028,2,0,0,-1,-1,-1
155261,1,1,0,221,5500,5390
155339,1,1,0,137,2530,2464
155111,1,0,1,105,2550,2488
155028,1,0,1,67,9712,9685
154858,1,1,0,21,8590,8582
152380,1,1,0,20,5704,5696
155342,1,0,1,5,1505,1503
154444,1,0,1,43,2069,2048
0,0,0,0,-1,-1,-1
154186,2,0,0,-1,-1,-1
154221,1,1,-1,111,14434,14370
155351,1,0,1,0,2823,2823
155015,1,1,0,77,14515,14490
154149,1,0,1,40,5344,5321
154967,1,1,0,93,3289,3244
155326,1,0,1,44,6216,6205
154924,1,1,0,44,5332,5311
0,0,0,0,-1,-1,-1
153652,2,0,0,-1,-1,-1
0,0,0,0,-1,-1,-1
154376,2,0,0,-1,-1,-1
153047,2,0,0,-1,-1,-1
153547,2,0,0,-1,-1,-1
154626,1,1,0,112,3038,3000
0,0,0,0,-1,-1,-1
0,0,0,0,-1,-1,-1
154751,2,0,0,-1,-1,-1
154373,2,0,0,-1,-1,-1
155366,1,1,0,24,3398,3393
0,0,0,0,-1,-1,-1
0,0,0,0,-1,-1,-1
154096,2,0,0,-1,-1,-1
153279,2,0,0,-1,-1,-1
154413,2,0,0,-1,-1,-1
155336,1,0,1,71,21720,21685
155201,1,1,0,60,2360,2325
154732,2,0,0,-1,-1,-1
0,0,0,0,-1,-1,-1
154699,2,0,0,-1,-1,-1
152875,1,0,1,0,175,175
154595,1,0,1,221,2090,2002
154493,2,0,0,-1,-1,-1
154256,1,1,1,154,7120,7043
154896,2,0,0,-1,-1,-1
0,0,0,0,-1,-1,-1
0,0,0,0,-1,-1,-1
154556,2,0,0,-1,-1,-1
155121,2,0,0,-1,-1,-1
0,0,0,0,-1,-1,-1
0,0,0,0,-1,-1,-1
0,0,0,0,-1,-1,-1
154510,2,0,0,-1,-1,-1
155218,1,0,1,104,6332,6307
155190,1,0,1,124,2432,2348
0,0,0,0,-1,-1,-1
154955,2,0,0,-1,-1,-1
154913,2,0,0,-1,-1,-1
154372,1,1,0,47,2575,2561
154324,1,1,0,73,2327,2315
0,0,0,0,-1,-1,-1
155171,1,1,-1,239,3369,3268
154372,2,0,0,-1,-1,-1
155105,1,0,1,81,6482,6448
154996,1,0,1,64,5706,5675
153156,2,0,0,-1,-1,-1
154264,1,1,0,114,4280,4226
0,0,0,0,-1,-1,-1
154662,1,0,1,10,698,692
0,0,0,0,-1,-1,-1
154574,1,0,1,115,4143,4082
0,0,0,0,-1,-1,-1
153881,2,0,0,-1,-1,-1
0,0,0,0,-1,-1,-1
154451,1,1,0,9,32986,32984
153874,2,0,0,-1,-1,-1
152992,2,0,0,-1,-1,-1
155195,1,0,1,91,2308,2268
0,0,0,0,-1,-1,-1
0,0,0,0,-1,-1,-1
0,0,0,0,-1,-1,-1
154315,2,0,0,-1,-1,-1
154368,2,0,0,-1,-1,-1
154453,2,0,0,-1,-1,-1
154890,1,0,1,0,2195,2195
155264,1,1,-1,83,3893,3853
153630,2,0,0,-1,-1,-1
154112,1,1,0,118,2654,2624
155331,1,1,0,165,1642,1565
0,0,0,0,-1,-1,-1
154708,2,0,0,-1,-1,-1
154640,2,0,0,-1,-1,-1
154458,2,0,0,-1,-1,-1
154944,1,1,0,9,8041,8035
0,0,0,0,-1,-1,-1
154372,2,0,0,-1,-1,-1
0,0,0,0,-1,-1,-1
153134,2,0,0,-1,-1,-1
155238,1,0,1,61,3080,3058
0,0,0,0,-1,-1,-1
0,0,0,0,-1,-1,-1
155049,1,0,1,238,2034,1925
154622,1,0,1,105,2432,2397
0,0,0,0,-1,-1,-1
0,0,0,0,-1,-1,-1
155043,1,0,1,113,1573,1542
0,0,0,0,-1,-1,-1
155083,1,0,1,287,2897,2774
0,0,0,0,-1,-1,-1
153430,2,0,0,-1,-1,-1
154926,1,1,0,0,11424,11424
153790,2,0,0,-1,-1,-1
153437,1,0,1,11,1564,1559
0,0,0,0,-1,-1,-1
153137,1,1,0,98,12003,11972
153389,2,0,0,-1,-1,-1
153609,2,0,0,-1,-1,-1
0,0,0,0,-1,-1,-1
0,0,0,0,-1,-1,-1
155045,1,1,0,110,6384,6324
152660,1,1,0,0,2303,2303
153161,1,1,0,137,2129,2052
0,0,0,0,-1,-1,-1
153385,2,0,0,-1,-1,-1
155075,1,1,0,0,4160,4160
0,0,0,0,-1,-1,-1
0,0,0,0,-1,-1,-1
154878,1,1,0,0,5300,5300
154377,2,0,0,-1,-1,-1
153519,1,0,1,23,2510,2500
155071,1,1,0,156,10272,10192
0,0,0,0,-1,-1,-1
154142,2,0,0,-1,-1,-1
155004,1,0,1,94,5061,5017
151030,1,1,0,261,4557,4468
155152,2,0,0,-1,-1,-1
155068,1,1,0,106,2711,2668
153307,1,0,1,30,2713,2704
155303,1,1,-1,58,15467,15439
0,0,0,0,-1,-1,-1
154632,2,0,0,-1,-1,-1
153457,2,0,0,-1,-1,-1
154806,2,0,0,-1,-1,-1
0,0,0,0,-1,-1,-1
154133,2,0,0,-1,-1,-1
154638,2,0,0,-1,-1,-1
153923,1,1,0,82,6041,5989
0,0,0,0,-1,-1,-1
154831,1,0,1,170,3644,3563
154892,2,0,0,-1,-1,-1
153975,2,0,0,-1,-1,-1
154700,2,0,0,-1,-1,-1
0,0,0,0,-1,-1,-1
153948,2,0,0,-1,-1,-1
0,0,0,0,-1,-1,-1
154134,2,0,0,-1,-1,-1
154704,2,0,0,-1,-1,-1
154594,1,1,0,94,5206,5164
0,0,0,0,-1,-1,-1
152247,1,0,1,86,5230,5204
0,0,0,0,-1,-1,-1
154219,1,0,1,17,9897,9881
154656,1,0,1,143,10839,10797
155027,2,0,0,-1,-1,-1
154794,1,1,0,109,2105,2032
153984,2,0,0,-1,-1,-1
153695,2,0,0,-1,-1,-1
154065,1,1,0,96,3547,3510
0,0,0,0,-1,-1,-1
155353,1,1,1,146,3090,3006
153839,2,0,0,-1,-1,-1
0,0,0,0,-1,-1,-1
154470,1,1,0,44,3213,3184
0,0,0,0,-1,-1,-1
154801,2,0,0,-1,-1,-1
154434,1,1,0,79,7429,7398
154431,1,1,0,54,7204,7172
154398,2,0,0,-1,-1,-1
153470,2,0,0,-1,-1,-1
154676,2,0,0,-1,-1,-1
153979,2,0,0,-1,-1,-1
0,0,0,0,-1,-1,-1
153568,1,1,0,167,5807,5739
155302,1,0,1,0,5191,5191
0,0,0,0,-1,-1,-1
153329,2,0,0,-1,-1,-1
154634,1,1,0,52,3945,3914
0,0,0,0,-1,-1,-1
154877,1,1,-1,312,2578,2417
155040,1,0,1,57,1851,1826
154728,1,0,1,48,12261,12243
0,0,0,0,-1,-1,-1
155129,1,0,1,86,2748,2689
155124,1,1,0,37,5452,5436
0,0,0,0,-1,-1,-1
154349,2,0,0,-1,-1,-1
154734,2,0,0,-1,-1,-1
0,0,0,0,-1,-1,-1
155354,1,1,0,93,3568,3536
152695,1,0,1,115,2767,2700
154434,1,0,1,85,3093,3048
154360,2,0,0,-1,-1,-1
154782,1,0,1,3,3662,3664
154431,1,1,0,87,5403,5362
154371,1,0,1,277,3884,3778
154896,1,1,0,0,10939,10939
154564,2,0,0,-1,-1,-1
154692,1,0,1,157,3529,3465
154123,2,0,0,-1,-1,-1
155222,1,0,1,77,2782,2743
153007,1,1,0,84,1968,1937
154021,2,0,0,-1,-1,-1
154417,2,0,0,-1,-1,-1
0,0,0,0,-1,-1,-1
152577,1,0,1,5,8865,8860
154015,1,1,0,59,3120,3072
153756,2,0,0,-1,-1,-1
154909,1,1,0,60,6551,6532
154393,2,0,0,-1,-1,-1
152772,2,0,0,-1,-1,-1
0,0,0,0,-1,-1,-1
155176,1,1,0,0,13695,13695
155084,1,1,0,98,2008,1972
153682,1,0,1,22,4901,4874
154761,1,0,1,86,8600,8552
154446,2,0,0,-1,-1,-1
0,0,0,0,-1,-1,-1
153999,2,0,0,-1,-1,-1
153677,1,1,0,69,10272,10241
155116,1,1,0,180,3289,3200
154802,1,0,1,265,6340,6203
152701,2,0,0,-1,-1,-1
0,0,0,0,-1,-1,-1
154645,1,0,1,17,6340,6327
154358,1,0,1,10,3109,3103
154365,1,1,-1,137,6647,6594
0,0,0,0,-1,-1,-1
154505,2,0,0,-1,-1,-1
154550,2,0,0,-1,-1,-1
153711,1,1,0,194,2550,2472
154161,1,1,1,154,4625,4549
0,0,0,0,-1,-1,-1
154385,1,1,0,95,3525,3491
155258,1,0,1,136,2731,2643
152933,2,0,0,-1,-1,-1
0,0,0,0,-1,-1,-1
153015,2,0,0,-1,-1,-1
0,0,0,0,-1,-1,-1
0,0,0,0,-1,-1,-1
153718,2,0,0,-1,-1,-1
0,0,0,0,-1,-1,-1
155154,1,0,1,135,7931,7867
153850,2,0,0,-1,-1,-1
153940,1,0,1,41,3345,3333
0,0,0,0,-1,-1,-1
154312,1,1,0,53,20233,20205
154858,1,1,0,188,4719,4619
0,0,0,0,-1,-1,-1
154489,1,0,1,30,642,619
0,0,0,0,-1,-1,-1
153919,1,0,1,244,4314,4227
155061,1,1,-1,177,4827,4751
154969,1,0,1,6,3283,3276
154811,2,0,0,-1,-1,-1
153228,2,0,0,-1,-1,-1
0,0,0,0,-1,-1,-1
154490,1,0,1,225,7602,7514
153444,2,0,0,-1,-1,-1
152672,2,0,0,-1,-1,-1
154439,2,0,0,-1,-1,-1
0,0,0,0,-1,-1,-1
0,0,0,0,-1,-1,-1
0,0,0,0,-1,-1,-1
0,0,0,0,-1,-1,-1
153432,2,0,0,-1,-1,-1
155022,1,0,1,0,6622,6622
154646,1,1,1,99,9483,9454
0,0,0,0,-1,-1,-1
153831,1,1,0,22,1586,1582
154758,1,1,0,41,4655,4634
152919,2,0,0,-1,-1,-1
153556,2,0,0,-1,-1,-1
155385,1,0,1,32,4553,4541
154063,2,0,0,-1,-1,-1
154815,1,0,1,34,4814,4790
0,0,0,0,-1,-1,-1
0,0,0,0,-1,-1,-1
154869,1,1,-1,125,3018,2968
154200,2,0,0,-1,-1,-1
155199,1,1,1,160,9105,9014
152311,2,0,0,-1,-1,-1
0,0,0,0,-1,-1,-1
155330,1,1,0,48,7546,7518
155305,1,1,0,175,9297,9233
155262,1,0,1,42,2097,2076
153195,2,0,0,-1,-1,-1
153549,2,0,0,-1,-1,-1
154716,1,0,1,161,2107,2027
155032,2,0,0,-1,-1,-1
155133,2,0,0,-1,-1,-1
0,0,0,0,-1,-1,-1
153968,2,0,0,-1,-1,-1
154441,1,1,-1,181,6224,6153
0,0,0,0,-1,-1,-1
155239,1,1,-1,109,4249,4203
154766,2,0,0,-1,-1,-1
0,0,0,0,-1,-1,-1
155037,1,0,1,279,4767,4638
0,0,0,0,-1,-1,-1
0,0,0,0,-1,-1,-1
154217,2,0,0,-1,-1,-1
154360,2,0,0,-1,-1,-1
0,0,0,0,-1,-1,-1
0,0,0,0,-1,-1,-1
155285,1,0,1,21,4513,4505
153879,2,0,0,-1,-1,-1
155148,1,0,1,166,1620,1549
153348,2,0,0,-1,-1,-1
155016,1,0,1,124,15628,15574
154365,2,0,0,-1,-1,-1
153389,2,0,0,-1,-1,-1
155138,1,0,1,47,5034,5009
154169,1,0,1,241,5364,5240
0,0,0,0,-1,-1,-1
0,0,0,0,-1,-1,-1
0,0,0,0,-1,-1,-1
0,0,0,0,-1,-1,-1
153440,2,0,0,-1,-1,-1
153557,2,0,0,-1,-1,-1
154739,2,0,0,-1,-1,-1
154397,1,1,0,116,1978,1914
0,0,0,0,-1,-1,-1
0,0,0,0,-1,-1,-1
153932,2,0,0,-1,-1,-1
152616,2,0,0,-1,-1,-1
153008,1,0,1,113,6321,6271
153512,2,0,0,-1,-1,-1
155242,1,0,1,62,3407,3362
153536,1,0,1,103,2641,2599
153277,2,0,0,-1,-1,-1
155099,2,0,0,-1,-1,-1
155146,1,0,1,37,3405,3378
154134,1,0,1,29,2419,2405
0,0,0,0,-1,-1,-1
0,0,0,0,-1,-1,-1
154275,1,0,1,0,16952,16952
155168,1,1,0,65,5778,5746
153151,1,1,0,103,5158,5111
154822,1,1,0,28,1620,1606
0,0,0,0,-1,-1,-1
0,0,0,0,-1,-1,-1
153025,1,1,0,45,1603,1578
0,0,0,0,-1,-1,-1
154779,1,1,1,245,5110,4997
154440,2,0,0,-1,-1,-1
0,0,0,0,-1,-1,-1
154470,2,0,0,-1,-1,-1
155084,1,0,1,99,3912,3879
153976,1,0,1,177,4099,4009
0,0,0,0,-1,-1,-1
0,0,0,0,-1,-1,-1
0,0,0,0,-1,-1,-1
0,0,0,0,-1,-1,-1
0,0,0,0,-1,-1,-1
153944,2,0,0,-1,-1,-1
155112,1,1,1,67,5488,5452
0,0,0,0,-1,-1,-1
0,0,0,0,-1,-1,-1
0,0,0,0,-1,-1,-1
0,0,0,0,-1,-1,-1
0,0,0,0,-1,-1,-1
153370,2,0,0,-1,-1,-1
0,0,0,0,-1,-1,-1
0,0,0,0,-1,-1,-1
0,0,0,0,-1,-1,-1
153691,1,1,0,142,3432,3367
155328,1,1,0,111,5825,5786
153898,1,1,-1,210,6885,6784
0,0,0,0,-1,-1,-1
153354,2,0,0,-1,-1,-1
0,0,0,0,-1,-1,-1
152979,2,0,0,-1,-1,-1
0,0,0,0,-1,-1,-1
154768,1,0,1,111,4218,4173
0,0,0,0,-1,-1,-1
0,0,0,0,-1,-1,-1
154391,2,0,0,-1,-1,-1
155111,1,1,0,0,6752,6752
153911,1,1,0,276,4483,4358
155255,1,1,1,87,6380,6348
154029,1,1,-1,12,2945,2945
0,0,0,0,-1,-1,-1
155079,1,1,-1,181,5748,5656
155366,1,0,1,320,3971,3828
154349,1,1,0,14,15817,15804
0,0,0,0,-1,-1,-1
0,0,0,0,-1,-1,-1
153760,1,1,0,45,3329,3318
154221,2,0,0,-1,-1,-1
0,0,0,0,-1,-1,-1
0,0,0,0,-1,-1,-1
153354,1,0,1,62,1538,1506
154958,1,0,1,85,2571,2527
154722,2,0,0,-1,-1,-1
153961,1,0,1,0,6788,6788
155020,1,1,1,33,7887,7873
155275,1,1,-1,313,3098,2968
154604,1,1,0,67,2068,2029
154915,1,0,1,63,3780,3746
154444,2,0,0,-1,-1,-1
0,0,0,0,-1,-1,-1
154556,2,0,0,-1,-1,-1
0,0,0,0,-1,-1,-1
152877,2,0,0,-1,-1,-1
154355,1,1,0,152,1105,1046
153857,1,0,1,267,3041,2945
154744,2,0,0,-1,-1,-1
155233,1,1,0,18,2558,2550
0,0,0,0,-1,-1,-1
152442,2,0,0,-1,-1,-1
0,0,0,0,-1,-1,-1
152246,2,0,0,-1,-1,-1
153746,1,0,1,41,13362,13342
0,0,0,0,-1,-1,-1
0,0,0,0,-1,-1,-1
155347,1,0,1,115,4004,3939
0,0,0,0,-1,-1,-1
154231,1,1,1,76,9155,9107
154993,1,0,1,9,3154,3145
154477,2,0,0,-1,-1,-1
154036,2,0,0,-1,-1,-1
0,0,0,0,-1,-1,-1
154482,2,0,0,-1,-1,-1
153941,1,0,1,85,4771,4725
0,0,0,0,-1,-1,-1
153767,2,0,0,-1,-1,-1
0,0,0,0,-1,-1,-1
154973,1,0,1,0,1624,1624
0,0,0,0,-1,-1,-1
0,0,0,0,-1,-1,-1
0,0,0,0,-1,-1,-1
153374,2,0,0,-1,-1,-1
154761,1,0,1,56,4396,4352
0,0,0,0,-1,-1,-1
155119,1,0,1,91,3093,3057
153018,2,0,0,-1,-1,-1
0,0,0,0,-1,-1,-1
0,0,0,0,-1,-1,-1
152779,1,0,1,24,14558,14552
155236,1,1,0,47,3897,3880
0,0,0,0,-1,-1,-1
0,0,0,0,-1,-1,-1
151487,2,0,0,-1,-1,-1
0,0,0,0,-1,-1,-1
154745,1,1,0,166,2592,2515
155103,1,1,0,37,16160,16142
0,0,0,0,-1,-1,-1
0,0,0,0,-1,-1,-1
153640,1,1,0,36,1070,1056
0,0,0,0,-1,-1,-1
154393,2,0,0,-1,-1,-1
0,0,0,0,-1,-1,-1
153866,2,0,0,-1,-1,-1
154188,2,0,0,-1,-1,-1
154911,1,1,-1,311,3266,3110
153543,2,0,0,-1,-1,-1
154188,1,1,0,59,2743,2706
155317,1,1,0,68,1229,1188
154718,1,0,1,84,4021,3986
155261,1,0,1,60,3346,3319
153427,1,1,0,92,8683,8642
0,0,0,0,-1,-1,-1
154837,1,0,1,101,12290,12234
155309,1,0,1,96,4513,4469
154391,2,0,0,-1,-1,-1
0,0,0,0,-1,-1,-1
154429,2,0,0,-1,-1,-1
155256,1,0,1,83,3128,3104
154350,2,0,0,-1,-1,-1
0,0,0,0,-1,-1,-1
153672,1,0,1,19,3493,3481
153449,2,0,0,-1,-1,-1
153939,2,0,0,-1,-1,-1
152449,2,0,0,-1,-1,-1
154853,2,0,0,-1,-1,-1
155056,1,1,0,79,4125,4076
153803,2,0,0,-1,-1,-1
154572,1,0,1,191,3370,3281
153998,1,1,0,0,2584,2584
154327,2,0,0,-1,-1,-1
154863,2,0,0,-1,-1,-1
154784,1,0,1,91,2673,2622
0,0,0,0,-1,-1,-1
154328,1,0,1,128,2092,2024
0,0,0,0,-1,-1,-1
155329,1,0,1,53,824,801
155119,1,1,0,182,3807,3699
154141,2,0,0,-1,-1,-1
153896,2,0,0,-1,-1,-1
0,0,0,0,-1,-1,-1
0,0,0,0,-1,-1,-1
0,0,0,0,-1,-1,-1
0,0,0,0,-1,-1,-1
153542,2,0,0,-1,-1,-1
0,0,0,0,-1,-1,-1
0,0,0,0,-1,-1,-1
154251,2,0,0,-1,-1,-1
0,0,0,0,-1,-1,-1
154988,1,1,0,36,5720,5690
154956,2,0,0,-1,-1,-1
153985,2,0,0,-1,-1,-1
154425,2,0,0,-1,-1,-1
154447,1,0,1,66,2006,1981
154526,1,0,1,106,4362,4302
153441,1,0,1,57,6316,6296
154797,2,0,0,-1,-1,-1
0,0,0,0,-1,-1,-1
154850,2,0,0,-1,-1,-1
0,0,0,0,-1,-1,-1
154102,1,0,1,160,3228,3151
155171,2,0,0,-1,-1,-1
155248,1,1,0,74,2786,2731
154057,1,1,0,210,2347,2259
155015,1,1,0,115,1403,1353
153833,1,0,1,134,2407,2347
154437,1,0,1,142,4018,3945
152967,2,0,0,-1,-1,-1
154422,2,0,0,-1,-1,-1
153580,1,1,0,54,7280,7245
155155,1,0,1,8,4550,4544
153747,1,1,0,178,4114,4014
154375,1,1,0,28,4276,4271
154315,2,0,0,-1,-1,-1
154431,2,0,0,-1,-1,-1
154258,1,1,-1,265,5116,5040
154757,1,0,1,247,3211,3093
155167,1,0,1,16,9322,9318
154651,1,1,0,230,3701,3622
152639,2,0,0,-1,-1,-1
0,0,0,0,-1,-1,-1
154563,2,0,0,-1,-1,-1
154913,1,1,0,40,2285,2273
0,0,0,0,-1,-1,-1
153922,1,1,0,21,3311,3301
154498,1,1,0,155,2914,2828
154130,1,0,1,0,3650,3650
152950,1,0,1,230,3089,2959
155292,2,0,0,-1,-1,-1
152740,1,0,1,106,4527,4487
154216,2,0,0,-1,-1,-1
154811,2,0,0,-1,-1,-1
153348,2,0,0,-1,-1,-1
0,0,0,0,-1,-1,-1
154830,2,0,0,-1,-1,-1
0,0,0,0,-1,-1,-1
0,0,0,0,-1,-1,-1
0,0,0,0,-1,-1,-1
0,0,0,0,-1,-1,-1
154358,1,1,0,150,3574,3522
0,0,0,0,-1,-1,-1
155196,1,0,1,190,8802,8706
154952,2,0,0,-1,-1,-1
154049,2,0,0,-1,-1,-1
153820,2,0,0,-1,-1,-1
154839,1,1,0,100,963,912
153981,2,0,0,-1,-1,-1
153454,1,1,0,282,2937,2788
0,0,0,0,-1,-1,-1
0,0,0,0,-1,-1,-1
154693,2,0,0,-1,-1,-1
154162,1,1,-1,144,6251,6195
155080,1,1,0,62,1586,1559
153923,2,0,0,-1,-1,-1
153861,2,0,0,-1,-1,-1
153501,2,0,0,-1,-1,-1
153229,2,0,0,-1,-1,-1
153611,2,0,0,-1,-1,-1
0,0,0,0,-1,-1,-1
153533,1,0,1,273,1704,1602
153462,2,0,0,-1,-1,-1
153815,2,0,0,-1,-1,-1
153862,2,0,0,-1,-1,-1
0,0,0,0,-1,-1,-1
0,0,0,0,-1,-1,-1
153955,2,0,0,-1,-1,-1
155160,2,0,0,-1,-1,-1
0,0,0,0,-1,-1,-1
154268,1,1,0,117,2631,2577
154990,1,1,0,186,2496,2398
154494,2,0,0,-1,-1,-1
0,0,0,0,-1,-1,-1
154969,1,1,0,0,1666,1666
155124,1,1,0,146,7084,7029
154055,2,0,0,-1,-1,-1
155180,1,0,1,42,3284,3238
153272,1,0,1,181,4247,4144
154054,1,1,0,173,4446,4364
153750,2,0,0,-1,-1,-1
154575,2,0,0,-1,-1,-1
154257,1,0,1,151,6511,6414
154674,2,0,0,-1,-1,-1
0,0,0,0,-1,-1,-1
154628,2,0,0,-1,-1,-1
154852,2,0,0,-1,-1,-1
155209,2,0,0,-1,-1,-1
155295,1,1,0,132,5654,5591
0,0,0,0,-1,-1,-1
153178,2,0,0,-1,-1,-1
155267,1,0,1,217,3743,3656
154858,1,0,1,201,2713,2628
153993,2,0,0,-1,-1,-1
154517,1,1,0,38,5762,5744
154124,2,0,0,-1,-1,-1
155150,1,0,1,157,4919,4823
0,0,0,0,-1,-1,-1
153707,1,1,-1,180,2970,2857
153946,1,1,0,77,6204,6165
154748,1,1,0,0,6209,6209
0,0,0,0,-1,-1,-1
0,0,0,0,-1,-1,-1
0,0,0,0,-1,-1,-1
155223,1,1,1,322,5894,5775
155283,1,0,1,106,2634,2581
0,0,0,0,-1,-1,-1
0,0,0,0,-1,-1,-1
154247,1,1,0,22,3310,3296
154545,2,0,0,-1,-1,-1
0,0,0,0,-1,-1,-1
154162,1,0,1,19,6280,6269
154191,2,0,0,-1,-1,-1
0,0,0,0,-1,-1,-1
0,0,0,0,-1,-1,-1
154350,1,1,0,57,6132,6093
155204,1,0,1,32,9421,9408
154951,2,0,0,-1,-1,-1
153213,2,0,0,-1,-1,-1
154494,1,0,1,13,3858,3853
155134,1,0,1,0,1656,1656
0,0,0,0,-1,-1,-1
0,0,0,0,-1,-1,-1
0,0,0,0,-1,-1,-1
153326,2,0,0,-1,-1,-1
154610,2,0,0,-1,-1,-1
154324,2,0,0,-1,-1,-1
155132,1,1,0,100,6090,6023
153253,2,0,0,-1,-1,-1
155111,1,1,0,91,2678,2628
155326,1,0,1,12,2928,2913
155077,1,1,0,92,3167,3127
154106,2,0,0,-1,-1,-1
153841,1,0,1,105,4278,4239
153794,1,0,1,0,7688,7688
154302,2,0,0,-1,-1,-1
0,0,0,0,-1,-1,-1
155382,1,1,1,182,3263,3186
152045,2,0,0,-1,-1,-1
154003,2,0,0,-1,-1,-1
155208,1,1,0,162,4315,4236
155384,1,1,0,109,1689,1632
154864,1,0,1,38,6937,6921
154456,2,0,0,-1,-1,-1
154418,2,0,0,-1,-1,-1
153791,2,0,0,-1,-1,-1
154383,2,0,0,-1,-1,-1
0,0,0,0,-1,-1,-1
153252,1,0,1,27,5442,5429
155253,1,0,1,63,6598,6580
154793,1,1,0,74,3391,3363
155136,1,1,0,166,17850,17789
0,0,0,0,-1,-1,-1
154564,1,1,0,0,100,100
154485,2,0,0,-1,-1,-1
154802,2,0,0,-1,-1,-1
154641,1,1,1,58,12287,12267
0,0,0,0,-1,-1,-1
0,0,0,0,-1,-1,-1
155135,1,0,1,62,3386,3367
0,0,0,0,-1,-1,-1
154038,1,1,0,173,4499,4412
0,0,0,0,-1,-1,-1
0,0,0,0,-1,-1,-1
153961,2,0,0,-1,-1,-1
0,0,0,0,-1,-1,-1
155130,1,1,0,101,3721,3671
152956,2,0,0,-1,-1,-1
153592,1,0,1,73,5887,5852
153594,2,0,0,-1,-1,-1
152440,2,0,0,-1,-1,-1
153048,1,1,0,38,4676,4659
154281,1,0,1,8,6157,6155
153650,2,0,0,-1,-1,-1
154574,1,1,0,48,3005,2979
155002,2,0,0,-1,-1,-1
0,0,0,0,-1,-1,-1
0,0,0,0,-1,-1,-1
155182,1,1,0,65,14255,14222
154107,1,0,1,77,13481,13459
0,0,0,0,-1,-1,-1
155221,1,1,0,72,9170,9145
154284,2,0,0,-1,-1,-1
154340,1,0,1,106,12984,12926
0,0,0,0,-1,-1,-1
155369,1,0,1,128,5198,5124
0,0,0,0,-1,-1,-1
153435,2,0,0,-1,-1,-1
155124,1,0,1,109,1580,1555
153887,2,0,0,-1,-1,-1
153317,1,1,1,104,6248,6180
154848,1,1,0,156,7159,7100
153982,1,0,1,126,4590,4540
153986,2,0,0,-1,-1,-1
154242,2,0,0,-1,-1,-1
153824,2,0,0,-1,-1,-1
153137,1,1,0,0,2863,2863
153066,1,1,-1,229,4882,4775
154989,1,1,-1,60,5380,5350
154471,2,0,0,-1,-1,-1
155363,1,0,1,72,10509,10482
0,0,0,0,-1,-1,-1
155330,1,1,0,63,2995,2973
0,0,0,0,-1,-1,-1
0,0,0,0,-1,-1,-1
154952,1,1,0,107,6197,6136
0,0,0,0,-1,-1,-1
0,0,0,0,-1,-1,-1
153025,1,0,1,21,3926,3918
0,0,0,0,-1,-1,-1
153738,1,0,1,264,5869,5763
155339,1,0,1,85,2750,2695
154895,2,0,0,-1,-1,-1
155105,1,1,-1,193,2242,2134
0,0,0,0,-1,-1,-1
155273,2,0,0,-1,-1,-1
153416,1,1,0,129,3065,3005
0,0,0,0,-1,-1,-1
154256,2,0,0,-1,-1,-1
0,0,0,0,-1,-1,-1
0,0,0,0,-1,-1,-1
0,0,0,0,-1,-1,-1
154038,1,1,0,63,3569,3530
0,0,0,0,-1,-1,-1
153558,2,0,0,-1,-1,-1
154529,1,1,0,109,10951,10915
0,0,0,0,-1,-1,-1
0,0,0,0,-1,-1,-1
152565,2,0,0,-1,-1,-1
0,0,0,0,-1,-1,-1
0,0,0,0,-1,-1,-1
154739,1,1,0,108,5135,5096
0,0,0,0,-1,-1,-1
0,0,0,0,-1,-1,-1
154825,2,0,0,-1,-1,-1
0,0,0,0,-1,-1,-1
0,0,0,0,-1,-1,-1
155250,1,0,1,68,2743,2717
0,0,0,0,-1,-1,-1
0,0,0,0,-1,-1,-1
0,0,0,0,-1,-1,-1
154367,2,0,0,-1,-1,-1
154783,1,0,1,48,3164,3146
155306,1,0,1,199,5700,5587
153988,1,1,0,126,5227,5147
153150,1,0,1,74,2765,2723
0,0,0,0,-1,-1,-1
155099,2,0,0,-1,-1,-1
152757,1,0,1,49,3211,3192
0,0,0,0,-1,-1,-1
154364,2,0,0,-1,-1,-1
153795,2,0,0,-1,-1,-1
153646,2,0,0,-1,-1,-1
154524,2,0,0,-1,-1,-1
0,0,0,0,-1,-1,-1
155164,1,1,0,0,4260,4260
0,0,0,0,-1,-1,-1
0,0,0,0,-1,-1,-1
154577,1,1,-1,84,9721,9687
153805,2,0,0,-1,-1,-1
0,0,0,0,-1,-1,-1
0,0,0,0,-1,-1,-1
154992,2,0,0,-1,-1,-1
154859,2,0,0,-1,-1,-1
153925,1,0,1,17,10873,10867
155076,1,1,0,0,799,799
153817,1,1,0,72,3758,3725
155336,1,0,1,134,3647,3598
153678,1,0,1,179,3050,2955
0,0,0,0,-1,-1,-1
154666,2,0,0,-1,-1,-1
153810,1,0,1,154,2966,2916
153241,2,0,0,-1,-1,-1
0,0,0,0,-1,-1,-1
155167,1,0,1,156,4754,4651
0,0,0,0,-1,-1,-1
155011,1,1,0,126,6453,6398
0,0,0,0,-1,-1,-1
154458,2,0,0,-1,-1,-1
154868,1,0,1,0,3920,3920
154875,1,1,1,74,8460,8438
0,0,0,0,-1,-1,-1
0,0,0,0,-1,-1,-1
154244,2,0,0,-1,-1,-1
0,0,0,0,-1,-1,-1
154122,1,0,1,186,4275,4187
153511,2,0,0,-1,-1,-1
0,0,0,0,-1,-1,-1
152921,2,0,0,-1,-1,-1
155095,1,1,0,44,6032,6001
0,0,0,0,-1,-1,-1
0,0,0,0,-1,-1,-1
0,0,0,0,-1,-1,-1
154700,1,1,0,81,2784,2732
154785,2,0,0,-1,-1,-1
155261,1,1,0,0,6024,6024
154601,1,0,1,178,3437,3329
154431,2,0,0,-1,-1,-1
0,0,0,0,-1,-1,-1
0,0,0,0,-1,-1,-1
154880,1,1,0,95,4784,4741
153126,2,0,0,-1,-1,-1
151635,2,0,0,-1,-1,-1
154283,2,0,0,-1,-1,-1
0,0,0,0,-1,-1,-1
154130,2,0,0,-1,-1,-1
154798,1,0,1,6,12898,12896
153380,1,0,1,19,2958,2954
154047,2,0,0,-1,-1,-1
153422,1,1,0,143,3340,3254
154206,1,0,1,110,10103,10051
151620,1,0,1,0,3102,3102
0,0,0,0,-1,-1,-1
0,0,0,0,-1,-1,-1
155272,1,1,0,212,2214,2110
0,0,0,0,-1,-1,-1
153234,2,0,0,-1,-1,-1
155159,1,0,1,15,3936,3919
154484,1,0,1,57,1284,1269
0,0,0,0,-1,-1,-1
0,0,0,0,-1,-1,-1
0,0,0,0,-1,-1,-1
0,0,0,0,-1,-1,-1
155006,1,0,1,6,4898,4894
0,0,0,0,-1,-1,-1
154070,2,0,0,-1,-1,-1
154580,1,0,1,12,3440,3435
152854,2,0,0,-1,-1,-1
154349,1,1,0,78,3478,3445
154999,1,1,0,70,5617,5595
0,0,0,0,-1,-1,-1
0,0,0,0,-1,-1,-1
155228,1,1,0,88,4506,4461
0,0,0,0,-1,-1,-1
0,0,0,0,-1,-1,-1
155187,1,1,0,151,1981,1897
154278,2,0,0,-1,-1,-1
0,0,0,0,-1,-1,-1
155093,1,0,1,264,1780,1676
154780,1,0,1,33,1671,1643
155073,1,1,1,129,2514,2457
0,0,0,0,-1,-1,-1
153190,1,1,0,23,7495,7479
152705,2,0,0,-1,-1,-1
154284,2,0,0,-1,-1,-1
153505,2,0,0,-1,-1,-1
153685,1,1,0,35,2144,2128
0,0,0,0,-1,-1,-1
153657,2,0,0,-1,-1,-1
154608,1,0,1,27,3703,3690
0,0,0,0,-1,-1,-1
0,0,0,0,-1,-1,-1
155173,1,1,0,138,2773,2715
154229,2,0,0,-1,-1,-1
153473,1,0,1,17,4016,4011
154306,2,0,0,-1,-1,-1
155165,1,1,0,81,6648,6622
0,0,0,0,-1,-1,-1
152828,2,0,0,-1,-1,-1
154818,2,0,0,-1,-1,-1
0,0,0,0,-1,-1,-1
153784,1,0,1,13,2757,2753
154790,1,0,1,82,1667,1622
154819,1,1,0,151,5263,5203
0,0,0,0,-1,-1,-1
0,0,0,0,-1,-1,-1
155290,1,1,1,31,5588,5582
154297,2,0,0,-1,-1,-1
0,0,0,0,-1,-1,-1
155082,1,1,-1,149,3673,3615
155328,1,1,0,292,2864,2760
154888,2,0,0,-1,-1,-1
154579,1,1,0,73,2290,2256
0,0,0,0,-1,-1,-1
154081,1,0,1,220,3947,3843
0,0,0,0,-1,-1,-1
155284,1,1,0,58,800,772
0,0,0,0,-1,-1,-1
154961,1,0,1,95,3127,3073
154793,2,0,0,-1,-1,-1
155150,1,1,0,0,2050,2050
154167,1,1,1,122,3322,3272
152627,1,0,1,10,5059,5050
152924,2,0,0,-1,-1,-1
153850,2,0,0,-1,-1,-1
154786,2,0,0,-1,-1,-1
0,0,0,0,-1,-1,-1
155142,1,1,0,113,4011,3972
154307,1,0,1,105,2726,2639
154934,1,1,0,112,3945,3902
154675,2,0,0,-1,-1,-1
0,0,0,0,-1,-1,-1
154499,2,0,0,-1,-1,-1
154522,2,0,0,-1,-1,-1
154926,1,0,1,244,2018,1928
0,0,0,0,-1,-1,-1
154046,2,0,0,-1,-1,-1
0,0,0,0,-1,-1,-1
155286,1,0,1,0,3182,3182
155062,1,0,1,164,1641,1560
155031,1,1,0,65,3843,3804
155243,2,0,0,-1,-1,-1
153951,1,1,0,0,2995,2995
155026,2,0,0,-1,-1,-1
0,0,0,0,-1,-1,-1
0,0,0,0,-1,-1,-1
0,0,0,0,-1,-1,-1
0,0,0,0,-1,-1,-1
0,0,0,0,-1,-1,-1
151900,2,0,0,-1,-1,-1
153833,2,0,0,-1,-1,-1
0,0,0,0,-1,-1,-1
154129,1,1,0,0,7056,7056
154902,1,0,1,168,5164,5082
155094,2,0,0,-1,-1,-1
154963,1,0,1,157,3242,3180
153879,2,0,0,-1,-1,-1
154347,2,0,0,-1,-1,-1
0,0,0,0,-1,-1,-1
153927,2,0,0,-1,-1,-1
154850,1,0,1,0,38637,38637
155194,1,1,0,51,3177,3143
152586,2,0,0,-1,-1,-1
154577,1,1,0,154,1801,1737
0,0,0,0,-1,-1,-1
154709,1,1,-1,128,4040,4005
0,0,0,0,-1,-1,-1
155236,1,0,1,4,5363,5361
0,0,0,0,-1,-1,-1
0,0,0,0,-1,-1,-1
154544,1,0,1,103,16916,16883
0,0,0,0,-1,-1,-1
154611,1,1,1,74,4604,4563
155316,1,1,-1,143,4502,4418
0,0,0,0,-1,-1,-1
154378,2,0,0,-1,-1,-1
0,0,0,0,-1,-1,-1
155365,1,0,1,0,7120,7120
153519,1,0,1,17,24246,24243
0,0,0,0,-1,-1,-1
154215,2,0,0,-1,-1,-1
0,0,0,0,-1,-1,-1
155184,1,1,0,117,7504,7441
153318,2,0,0,-1,-1,-1
153647,2,0,0,-1,-1,-1
153449,2,0,0,-1,-1,-1
0,0,0,0,-1,-1,-1
155098,1,1,0,126,19850,19796
0,0,0,0,-1,-1,-1
155234,1,1,1,69,3937,3893
0,0,0,0,-1,-1,-1
155286,1,0,1,0,6210,6210
154036,2,0,0,-1,-1,-1
153174,2,0,0,-1,-1,-1
0,0,0,0,-1,-1,-1
0,0,0,0,-1,-1,-1
0,0,0,0,-1,-1,-1
0,0,0,0,-1,-1,-1
152010,1,1,0,2,8244,8241
154853,1,1,1,179,3400,3312
154086,1,0,1,40,1075,1047
152832,2,0,0,-1,-1,-1
155257,1,0,1,0,3475,3475
155124,1,1,0,165,3897,3849
0,0,0,0,-1,-1,-1
154789,1,0,1,32,1324,1317
154416,1,1,1,133,6297,6226
0,0,0,0,-1,-1,-1
155230,1,1,0,40,3238,3224
153472,1,1,0,56,5430,5412
154423,1,0,1,94,3507,3461
153461,2,0,0,-1,-1,-1
154594,2,0,0,-1,-1,-1
154428,1,1,0,0,4341,4341
154915,2,0,0,-1,-1,-1
154572,1,0,1,0,6943,6943
154440,2,0,0,-1,-1,-1
153900,2,0,0,-1,-1,-1
152890,2,0,0,-1,-1,-1
153651,1,0,1,0,9402,9402
0,0,0,0,-1,-1,-1
154317,2,0,0,-1,-1,-1
154458,2,0,0,-1,-1,-1
155294,1,1,1,202,10247,10162
0,0,0,0,-1,-1,-1
155033,1,0,1,33,1735,1711
155092,1,0,1,133,1788,1715
0,0,0,0,-1,-1,-1
153907,2,0,0,-1,-1,-1
154745,1,1,0,15,2167,2158
154574,1,1,0,165,14919,14859
153323,2,0,0,-1,-1,-1
154666,1,0,1,37,6941,6923
155134,1,1,0,140,4298,4255
0,0,0,0,-1,-1,-1
0,0,0,0,-1,-1,-1
152796,2,0,0,-1,-1,-1
154501,1,1,0,171,2465,2397
154572,2,0,0,-1,-1,-1
0,0,0,0,-1,-1,-1
153658,2,0,0,-1,-1,-1
154573,2,0,0,-1,-1,-1
153777,2,0,0,-1,-1,-1
154899,1,0,1,0,2654,2654
154315,2,0,0,-1,-1,-1
154139,2,0,0,-1,-1,-1
0,0,0,0,-1,-1,-1
153600,2,0,0,-1,-1,-1
154949,2,0,0,-1,-1,-1
154649,2,0,0,-1,-1,-1
154196,2,0,0,-1,-1,-1
0,0,0,0,-1,-1,-1
154978,2,0,0,-1,-1,-1
153946,1,0,1,181,1382,1303
154380,2,0,0,-1,-1,-1
153826,2,0,0,-1,-1,-1
153842,2,0,0,-1,-1,-1
154166,1,1,0,48,3912,3885
153691,1,1,0,18,812,802
154635,2,0,0,-1,-1,-1
155101,1,1,0,144,1807,1740
155068,1,0,1,75,6768,6747
154551,1,1,0,9,1352,1351
155183,2,0,0,-1,-1,-1
153393,1,0,1,131,1530,1472
154743,2,0,0,-1,-1,-1
0,0,0,0,-1,-1,-1
0,0,0,0,-1,-1,-1
154330,1,1,0,90,1249,1212
0,0,0,0,-1,-1,-1
153301,2,0,0,-1,-1,-1
155077,1,1,0,5,2317,2317
0,0,0,0,-1,-1,-1
154827,2,0,0,-1,-1,-1
0,0,0,0,-1,-1,-1
155318,1,0,1,0,14980,14980
0,0,0,0,-1,-1,-1
154573,1,0,1,128,5482,5405
0,0,0,0,-1,-1,-1
154576,1,0,1,83,5695,5639
154067,1,0,1,0,37604,37604
154854,2,0,0,-1,-1,-1
0,0,0,0,-1,-1,-1
154472,2,0,0,-1,-1,-1
154271,1,1,-1,221,5311,5191
153196,2,0,0,-1,-1,-1
0,0,0,0,-1,-1,-1
0,0,0,0,-1,-1,-1
152914,2,0,0,-1,-1,-1
0,0,0,0,-1,-1,-1
155016,1,1,0,15,2246,2238
155163,1,0,1,28,5714,5700
0,0,0,0,-1,-1,-1
153624,1,1,0,14,10494,10487
0,0,0,0,-1,-1,-1
0,0,0,0,-1,-1,-1
155259,1,0,1,32,27653,27638
0,0,0,0,-1,-1,-1
154259,1,1,0,69,3816,3785
155172,1,1,0,83,1395,1335
154213,2,0,0,-1,-1,-1
0,0,0,0,-1,-1,-1
154555,2,0,0,-1,-1,-1
154762,1,0,1,0,5084,5084
153068,2,0,0,-1,-1,-1
0,0,0,0,-1,-1,-1
154989,1,1,0,97,3267,3235
0,0,0,0,-1,-1,-1
155035,1,0,1,0,9800,9800
154645,1,0,1,62,401,368
155150,1,1,0,184,1969,1888
154751,1,0,1,59,2394,2368
153297,2,0,0,-1,-1,-1
154893,1,1,0,31,4912,4900
154611,1,0,1,49,2563,2541
0,0,0,0,-1,-1,-1
154610,1,1,0,83,2351,2310
0,0,0,0,-1,-1,-1
153280,2,0,0,-1,-1,-1
155059,1,0,1,79,8359,8328
153133,2,0,0,-1,-1,-1
153422,2,0,0,-1,-1,-1
0,0,0,0,-1,-1,-1
0,0,0,0,-1,-1,-1
153804,1,1,0,134,2214,2154
0,0,0,0,-1,-1,-1
155355,1,0,1,93,1422,1379
0,0,0,0,-1,-1,-1
154938,1,1,0,85,3982,3931
0,0,0,0,-1,-1,-1
154115,1,1,0,59,660,632
155105,1,1,0,48,14479,14450
154007,1,0,1,321,2698,2557
155097,1,1,-1,99,3905,3840
154574,1,1,1,227,6857,6747
154667,2,0,0,-1,-1,-1
154354,2,0,0,-1,-1,-1
154087,2,0,0,-1,-1,-1
154443,2,0,0,-1,-1,-1
155122,1,1,0,0,2098,2098
0,0,0,0,-1,-1,-1
0,0,0,0,-1,-1,-1
154997,1,1,0,138,2465,2380
154885,2,0,0,-1,-1,-1
154727,2,0,0,-1,-1,-1
154551,2,0,0,-1,-1,-1
155133,1,0,1,0,2240,2240
0,0,0,0,-1,-1,-1
0,0,0,0,-1,-1,-1
155157,2,0,0,-1,-1,-1
153027,1,1,0,54,2270,2233
154370,2,0,0,-1,-1,-1
0,0,0,0,-1,-1,-1
0,0,0,0,-1,-1,-1
155378,1,1,-1,184,8187,8117
154787,2,0,0,-1,-1,-1
0,0,0,0,-1,-1,-1
155380,1,0,1,108,5277,5236
153557,2,0,0,-1,-1,-1
154332,1,1,0,47,9054,9042
0,0,0,0,-1,-1,-1
154531,2,0,0,-1,-1,-1
155176,2,0,0,-1,-1,-1
154903,2,0,0,-1,-1,-1
153442,2,0,0,-1,-1,-1
0,0,0,0,-1,-1,-1
154669,2,0,0,-1,-1,-1
154076,1,0,1,182,2963,2856
0,0,0,0,-1,-1,-1
154730,1,0,1,194,4714,4607
154579,2,0,0,-1,-1,-1
153374,2,0,0,-1,-1,-1
153866,2,0,0,-1,-1,-1
153421,2,0,0,-1,-1,-1
153825,2,0,0,-1,-1,-1
0,0,0,0,-1,-1,-1
154414,1,0,1,161,5176,5103
0,0,0,0,-1,-1,-1
0,0,0,0,-1,-1,-1
154728,2,0,0,-1,-1,-1
154708,2,0,0,-1,-1,-1
154797,2,0,0,-1,-1,-1
154901,1,0,1,143,1898,1812
154905,1,1,0,110,2126,2074
152908,2,0,0,-1,-1,-1
154827,2,0,0,-1,-1,-1
153987,1,0,1,0,6644,6644
155147,1,0,1,61,4757,4735
155024,1,1,0,382,2715,2554
154582,1,0,1,67,2473,2432
154855,1,1,0,148,2719,2654
154196,2,0,0,-1,-1,-1
0,0,0,0,-1,-1,-1
0,0,0,0,-1,-1,-1
0,0,0,0,-1,-1,-1
152772,1,0,1,34,4571,4542
154750,1,0,1,84,4867,4838
154853,2,0,0,-1,-1,-1
154673,2,0,0,-1,-1,-1
0,0,0,0,-1,-1,-1
154007,2,0,0,-1,-1,-1
154386,2,0,0,-1,-1,-1
154397,1,1,0,112,5206,5139
0,0,0,0,-1,-1,-1
0,0,0,0,-1,-1,-1
0,0,0,0,-1,-1,-1
0,0,0,0,-1,-1,-1
0,0,0,0,-1,-1,-1
0,0,0,0,-1,-1,-1
0,0,0,0,-1,-1,-1
154575,1,0,1,27,2420,2417
153984,2,0,0,-1,-1,-1
0,0,0,0,-1,-1,-1
154535,2,0,0,-1,-1,-1
155181,1,1,0,91,1045,1015
153955,2,0,0,-1,-1,-1
154225,1,0,1,136,4699,4637
0,0,0,0,-1,-1,-1
154616,1,1,0,59,10973,10932
155267,1,0,1,73,3348,3314
154546,2,0,0,-1,-1,-1
155173,1,0,1,0,11592,11592
154933,1,1,0,116,10925,10891
154795,1,1,1,101,2015,1950
0,0,0,0,-1,-1,-1
0,0,0,0,-1,-1,-1
153616,2,0,0,-1,-1,-1
154653,1,0,1,130,3019,2970
0,0,0,0,-1,-1,-1
154840,2,0,0,-1,-1,-1
0,0,0,0,-1,-1,-1
0,0,0,0,-1,-1,-1
155303,1,1,0,237,4296,4172
0,0,0,0,-1,-1,-1
154902,1,0,1,81,5238,5196
153415,1,1,0,104,6205,6157
155153,1,1,0,168,2079,1994
0,0,0,0,-1,-1,-1
153405,2,0,0,-1,-1,-1
0,0,0,0,-1,-1,-1
0,0,0,0,-1,-1,-1
0,0,0,0,-1,-1,-1
0,0,0,0,-1,-1,-1
0,0,0,0,-1,-1,-1
154641,1,1,1,134,6496,6428
0,0,0,0,-1,-1,-1
154070,2,0,0,-1,-1,-1
153545,1,0,1,15,5658,5649
0,0,0,0,-1,-1,-1
0,0,0,0,-1,-1,-1
154965,1,0,1,0,8822,8822
0,0,0,0,-1,-1,-1
154024,2,0,0,-1,-1,-1
154692,2,0,0,-1,-1,-1
0,0,0,0,-1,-1,-1
154670,1,1,0,192,2044,1950
0,0,0,0,-1,-1,-1
0,0,0,0,-1,-1,-1
154770,1,0,1,135,2929,2879
154876,1,0,1,110,3213,3143
0,0,0,0,-1,-1,-1
0,0,0,0,-1,-1,-1
0,0,0,0,-1,-1,-1
154497,2,0,0,-1,-1,-1
154457,2,0,0,-1,-1,-1
154515,1,1,0,53,7082,7057
154664,1,1,0,210,2184,2116
0,0,0,0,-1,-1,-1
154369,2,0,0,-1,-1,-1
0,0,0,0,-1,-1,-1
154881,1,0,1,71,5591,5567
155274,1,0,1,105,5469,5405
153551,2,0,0,-1,-1,-1
154984,1,0,1,80,5507,5491
154809,1,1,0,40,2839,2819
153221,2,0,0,-1,-1,-1
0,0,0,0,-1,-1,-1
154852,2,0,0,-1,-1,-1
154492,1,0,1,0,2598,2599
154552,2,0,0,-1,-1,-1
0,0,0,0,-1,-1,-1
155164,1,1,0,50,9606,9594
155026,1,0,1,239,3529,3408
154780,2,0,0,-1,-1,-1
154779,2,0,0,-1,-1,-1
0,0,0,0,-1,-1,-1
153388,1,0,1,78,9762,9713
155306,1,0,1,0,6059,6059
154537,2,0,0,-1,-1,-1
154646,1,1,0,79,3583,3521
154457,2,0,0,-1,-1,-1
155108,2,0,0,-1,-1,-1
154439,2,0,0,-1,-1,-1
0,0,0,0,-1,-1,-1
153403,2,0,0,-1,-1,-1
154768,1,0,1,3,2463,2463
152966,1,0,1,64,2928,2890
0,0,0,0,-1,-1,-1
154821,1,0,1,69,1480,1442
0,0,0,0,-1,-1,-1
154370,1,0,1,0,715,715
154014,2,0,0,-1,-1,-1
153500,1,0,1,21,4785,4778
154207,2,0,0,-1,-1,-1
154453,1,1,1,284,4677,4548
153261,1,1,0,39,6437,6419
153337,2,0,0,-1,-1,-1
0,0,0,0,-1,-1,-1
154999,1,0,1,78,3760,3714
153718,2,0,0,-1,-1,-1
155333,1,0,1,143,2970,2925
154192,1,0,1,299,4247,4111
152890,2,0,0,-1,-1,-1
154471,1,1,0,47,6527,6495
0,0,0,0,-1,-1,-1
154264,2,0,0,-1,-1,-1
154001,2,0,0,-1,-1,-1
155262,2,0,0,-1,-1,-1
154999,2,0,0,-1,-1,-1
0,0,0,0,-1,-1,-1
154595,2,0,0,-1,-1,-1
154009,1,0,1,40,2986,2976
154275,2,0,0,-1,-1,-1
154567,2,0,0,-1,-1,-1
155134,1,0,1,94,16761,16712
155153,1,1,0,32,3786,3777
154958,1,1,0,137,11427,11364
0,0,0,0,-1,-1,-1
0,0,0,0,-1,-1,-1
0,0,0,0,-1,-1,-1
0,0,0,0,-1,-1,-1
154617,1,0,1,24,4958,4944
0,0,0,0,-1,-1,-1
153985,2,0,0,-1,-1,-1
154295,1,1,0,0,11143,11143
154557,1,1,1,128,3730,3667
155051,1,0,1,43,5097,5070
152828,2,0,0,-1,-1,-1
154261,2,0,0,-1,-1,-1
0,0,0,0,-1,-1,-1
154683,2,0,0,-1,-1,-1
155142,1,1,0,107,1105,1052
155255,1,0,1,39,5620,5594
154588,2,0,0,-1,-1,-1
153974,1,1,0,92,4090,4022
154166,1,1,0,65,4979,4957
0,0,0,0,-1,-1,-1
155055,1,1,1,52,2189,2157
153775,2,0,0,-1,-1,-1
155029,1,1,0,54,6079,6051
154809,1,0,1,63,2960,2917
0,0,0,0,-1,-1,-1
0,0,0,0,-1,-1,-1
154187,1,1,0,67,1443,1399
151122,2,0,0,-1,-1,-1
0,0,0,0,-1,-1,-1
154345,1,0,1,121,2563,2503
0,0,0,0,-1,-1,-1
155139,1,0,1,259,7964,7846
152926,2,0,0,-1,-1,-1
154003,1,0,1,158,2215,2120
155174,1,0,1,196,1961,1883
154990,2,0,0,-1,-1,-1
154769,1,1,0,163,2021,1923
153428,2,0,0,-1,-1,-1
153549,2,0,0,-1,-1,-1
0,0,0,0,-1,-1,-1
154088,2,0,0,-1,-1,-1
0,0,0,0,-1,-1,-1
155340,1,1,-1,146,3669,3624
0,0,0,0,-1,-1,-1
154673,1,1,0,22,2968,2943
0,0,0,0,-1,-1,-1
153975,2,0,0,-1,-1,-1
155275,1,1,0,106,7010,6962
154945,1,1,-1,87,5372,5343
153977,2,0,0,-1,-1,-1
0,0,0,0,-1,-1,-1
155201,1,1,0,13,7355,7346
153914,1,0,1,106,1708,1636
0,0,0,0,-1,-1,-1
153052,2,0,0,-1,-1,-1
0,0,0,0,-1,-1,-1
0,0,0,0,-1,-1,-1
152123,2,0,0,-1,-1,-1
0,0,0,0,-1,-1,-1
0,0,0,0,-1,-1,-1
153503,2,0,0,-1,-1,-1
155320,1,0,1,9,11207,11206
153911,2,0,0,-1,-1,-1
152226,2,0,0,-1,-1,-1
153583,2,0,0,-1,-1,-1
154520,1,0,1,202,11992,11896
0,0,0,0,-1,-1,-1
153606,1,0,1,5,22267,22267
154193,1,0,1,172,3053,2970
154813,1,1,0,88,6312,6285
0,0,0,0,-1,-1,-1
154976,2,0,0,-1,-1,-1
154269,2,0,0,-1,-1,-1
152940,2,0,0,-1,-1,-1
0,0,0,0,-1,-1,-1
153989,2,0,0,-1,-1,-1
154603,2,0,0,-1,-1,-1
0,0,0,0,-1,-1,-1
155046,1,0,1,161,4689,4607
0,0,0,0,-1,-1,-1
153203,2,0,0,-1,-1,-1
154991,2,0,0,-1,-1,-1
155278,1,1,0,60,14491,14476
0,0,0,0,-1,-1,-1
155172,1,0,1,20,7837,7823
0,0,0,0,-1,-1,-1
155309,1,0,1,46,3080,3055
0,0,0,0,-1,-1,-1
154824,1,0,1,84,17506,17453
154577,2,0,0,-1,-1,-1
154932,1,1,-1,133,2833,2782
0,0,0,0,-1,-1,-1
152977,2,0,0,-1,-1,-1
154925,1,0,1,74,11774,11739
154854,2,0,0,-1,-1,-1
0,0,0,0,-1,-1,-1
154720,1,1,0,37,2901,2894
154237,2,0,0,-1,-1,-1
154867,2,0,0,-1,-1,-1
153184,2,0,0,-1,-1,-1
0,0,0,0,-1,-1,-1
154808,2,0,0,-1,-1,-1
0,0,0,0,-1,-1,-1
154023,1,0,1,116,4631,4584
154342,1,0,1,58,5372,5323
153474,1,1,0,81,2803,2760
155065,1,1,0,146,3607,3544
154723,1,0,1,148,6524,6460
0,0,0,0,-1,-1,-1
0,0,0,0,-1,-1,-1
154267,1,1,0,106,5469,5398
0,0,0,0,-1,-1,-1
154950,2,0,0,-1,-1,-1
155144,1,1,-1,220,4287,4179
154986,1,1,0,114,5428,5370
0,0,0,0,-1,-1,-1
153289,1,1,1,168,5484,5418
0,0,0,0,-1,-1,-1
154920,2,0,0,-1,-1,-1
0,0,0,0,-1,-1,-1
154879,1,0,1,186,2080,1995
154460,2,0,0,-1,-1,-1
154076,2,0,0,-1,-1,-1
155225,1,1,0,138,3725,3679
153871,2,0,0,-1,-1,-1
0,0,0,0,-1,-1,-1
0,0,0,0,-1,-1,-1
153345,2,0,0,-1,-1,-1
154696,2,0,0,-1,-1,-1
154019,1,1,0,101,1555,1511
154362,1,1,0,15,1711,1708
0,0,0,0,-1,-1,-1
154415,1,1,0,201,1152,1062
154030,1,1,0,129,4670,4629
153324,1,1,0,50,14205,14169
154612,1,1,0,90,6267,6207
154199,2,0,0,-1,-1,-1
154639,2,0,0,-1,-1,-1
153591,1,0,1,104,13727,13671
151828,2,0,0,-1,-1,-1
155146,2,0,0,-1,-1,-1
153827,2,0,0,-1,-1,-1
154915,1,1,0,53,1679,1645
154360,2,0,0,-1,-1,-1
0,0,0,0,-1,-1,-1
153526,2,0,0,-1,-1,-1
154877,1,0,1,23,5063,5062
154414,2,0,0,-1,-1,-1
154733,1,0,1,9,8080,8078
0,0,0,0,-1,-1,-1
154112,2,0,0,-1,-1,-1
152480,2,0,0,-1,-1,-1
153929,2,0,0,-1,-1,-1
154697,1,1,0,35,4447,4428
0,0,0,0,-1,-1,-1
152974,2,0,0,-1,-1,-1
152908,2,0,0,-1,-1,-1
0,0,0,0,-1,-1,-1
154489,2,0,0,-1,-1,-1
0,0,0,0,-1,-1,-1
154759,2,0,0,-1,-1,-1
155301,1,1,0,93,2867,2842
152546,2,0,0,-1,-1,-1
0,0,0,0,-1,-1,-1
0,0,0,0,-1,-1,-1
154987,1,1,0,124,2641,2590
0,0,0,0,-1,-1,-1
154488,1,1,0,21,1743,1739
0,0,0,0,-1,-1,-1
153203,2,0,0,-1,-1,-1
0,0,0,0,-1,-1,-1
0,0,0,0,-1,-1,-1
155099,1,1,0,114,4726,4643
154233,1,1,0,32,26789,26778
154981,1,1,0,99,3287,3251
152748,1,1,0,57,16517,16500
0,0,0,0,-1,-1,-1
0,0,0,0,-1,-1,-1
153064,1,0,1,80,3737,3708
154856,2,0,0,-1,-1,-1
154929,1,0,1,153,3518,3447
0,0,0,0,-1,-1,-1
0,0,0,0,-1,-1,-1
154780,1,0,1,8,1702,1701
154473,1,0,1,0,1682,1682
153505,2,0,0,-1,-1,-1
0,0,0,0,-1,-1,-1
154808,1,0,1,88,3729,3697
0,0,0,0,-1,-1,-1
0,0,0,0,-1,-1,-1
154978,1,0,1,137,3143,3075
154451,2,0,0,-1,-1,-1
0,0,0,0,-1,-1,-1
154480,2,0,0,-1,-1,-1
154831,2,0,0,-1,-1,-1
154910,1,1,0,103,7965,7888
155380,1,0,1,1,4746,4741
152546,2,0,0,-1,-1,-1
155125,1,1,0,180,11032,10957
154036,2,0,0,-1,-1,-1
155197,2,0,0,-1,-1,-1
154928,1,0,1,156,4477,4393
0,0,0,0,-1,-1,-1
154199,2,0,0,-1,-1,-1
154981,1,0,1,74,5454,5404
154452,1,1,-1,202,10403,10293
155137,1,1,0,123,3099,3038
153182,2,0,0,-1,-1,-1
0,0,0,0,-1,-1,-1
155272,1,1,1,0,6538,6538
155249,1,0,1,13,5999,5991
153074,2,0,0,-1,-1,-1
155305,1,1,0,39,2383,2363
154368,1,0,1,143,3578,3514
0,0,0,0,-1,-1,-1
155146,1,1,1,77,3202,3174
154968,1,1,0,157,2464,2404
0,0,0,0,-1,-1,-1
152844,2,0,0,-1,-1,-1
154470,1,1,0,28,3564,3558
155032,1,1,1,309,6675,6512
0,0,0,0,-1,-1,-1
152183,1,0,1,118,2526,2482
153981,1,0,1,87,1774,1737
152844,2,0,0,-1,-1,-1
0,0,0,0,-1,-1,-1
154418,2,0,0,-1,-1,-1
155086,1,0,1,174,3578,3503
0,0,0,0,-1,-1,-1
153911,2,0,0,-1,-1,-1
0,0,0,0,-1,-1,-1
154185,2,0,0,-1,-1,-1
152193,2,0,0,-1,-1,-1
155050,1,0,1,49,7569,7547
154732,1,0,1,166,5716,5645
153145,1,0,1,15,6214,6200
154797,2,0,0,-1,-1,-1
153196,1,0,1,50,5123,5102
0,0,0,0,-1,-1,-1
154336,1,1,0,164,2664,2605
154944,1,1,0,103,3191,3159
155280,1,1,0,136,3379,3327
155138,1,1,1,34,5479,5465
155384,1,1,0,102,31890,31856
153953,1,1,0,135,6374,6312
154069,2,0,0,-1,-1,-1
0,0,0,0,-1,-1,-1
153392,1,1,0,113,3424,3361
0,0,0,0,-1,-1,-1
153410,2,0,0,-1,-1,-1
154328,1,1,0,0,1830,1830
155005,2,0,0,-1,-1,-1
0,0,0,0,-1,-1,-1
154717,1,0,1,145,2510,2460
152159,2,0,0,-1,-1,-1
154508,1,0,1,95,2679,2633
154687,2,0,0,-1,-1,-1
155250,1,0,1,40,3693,3679
0,0,0,0,-1,-1,-1
153157,2,0,0,-1,-1,-1
154342,1,0,1,57,4916,4892
153492,2,0,0,-1,-1,-1
0,0,0,0,-1,-1,-1
153557,2,0,0,-1,-1,-1
152639,1,1,0,66,3172,3132
153882,2,0,0,-1,-1,-1
0,0,0,0,-1,-1,-1
154182,2,0,0,-1,-1,-1
154608,1,0,1,43,4441,4415
154739,1,0,1,55,3145,3113
0,0,0,0,-1,-1,-1
154771,1,1,0,46,4874,4858
154213,1,1,0,23,1882,1878
153444,2,0,0,-1,-1,-1
154908,1,0,1,50,3047,3021
0,0,0,0,-1,-1,-1
154159,2,0,0,-1,-1,-1
154485,1,1,0,85,8255,8228
152827,2,0,0,-1,-1,-1
0,0,0,0,-1,-1,-1
154921,1,0,1,41,9630,9617
155307,1,1,0,0,1682,1682
0,0,0,0,-1,-1,-1
0,0,0,0,-1,-1,-1
0,0,0,0,-1,-1,-1
155210,1,1,-1,93,5253,5209
155259,1,0,1,80,6543,6526
155318,1,1,-1,33,6574,6562
155219,1,0,1,105,5625,5569
155033,2,0,0,-1,-1,-1
154636,1,0,1,106,12030,11977
153524,2,0,0,-1,-1,-1
154336,1,1,1,53,4980,4956
153284,1,0,1,0,6973,6973
152765,1,0,1,109,3227,3181
155187,2,0,0,-1,-1,-1
153224,2,0,0,-1,-1,-1
154606,2,0,0,-1,-1,-1
153978,1,0,1,183,2300,2205
154106,1,1,0,156,2919,2867
0,0,0,0,-1,-1,-1
153959,1,0,1,59,2159,2131
0,0,0,0,-1,-1,-1
154999,2,0,0,-1,-1,-1
0,0,0,0,-1,-1,-1
153084,2,0,0,-1,-1,-1
154649,1,1,-1,165,1932,1875
154286,1,0,1,109,2587,2522
155196,2,0,0,-1,-1,-1
154318,1,0,1,126,4437,4399
154610,2,0,0,-1,-1,-1
155112,1,1,-1,110,4530,4480
0,0,0,0,-1,-1,-1
154955,2,0,0,-1,-1,-1
0,0,0,0,-1,-1,-1
154756,1,0,1,2,5027,5019
153449,2,0,0,-1,-1,-1
154768,1,0,1,25,2009,2001
0,0,0,0,-1,-1,-1
155288,1,1,0,123,2752,2687
153655,1,1,0,62,2982,2968
0,0,0,0,-1,-1,-1
154492,1,1,0,68,7939,7915
154773,1,1,0,141,3820,3758
0,0,0,0,-1,-1,-1
152659,2,0,0,-1,-1,-1
153389,1,1,0,72,3219,3187
153327,2,0,0,-1,-1,-1
154986,1,0,1,34,4962,4953
0,0,0,0,-1,-1,-1
155057,1,1,0,47,2827,2813
153587,2,0,0,-1,-1,-1
154291,1,1,0,175,3797,3715
153314,2,0,0,-1,-1,-1
153435,2,0,0,-1,-1,-1
0,0,0,0,-1,-1,-1
0,0,0,0,-1,-1,-1
154296,2,0,0,-1,-1,-1
154482,2,0,0,-1,-1,-1
154860,1,0,1,19,6162,6154
154493,1,1,0,98,7016,6971
154446,1,0,1,136,2455,2368
152084,1,1,0,117,3899,3826
0,0,0,0,-1,-1,-1
0,0,0,0,-1,-1,-1
154249,2,0,0,-1,-1,-1
155074,2,0,0,-1,-1,-1
0,0,0,0,-1,-1,-1
0,0,0,0,-1,-1,-1
153659,2,0,0,-1,-1,-1
0,0,0,0,-1,-1,-1
0,0,0,0,-1,-1,-1
0,0,0,0,-1,-1,-1
155075,1,0,1,83,3378,3323
155157,1,0,1,29,3690,3672
0,0,0,0,-1,-1,-1
0,0,0,0,-1,-1,-1
154647,1,1,1,172,3595,3493
153959,1,1,0,82,3157,3113
0,0,0,0,-1,-1,-1
154099,2,0,0,-1,-1,-1
154946,2,0,0,-1,-1,-1
154032,2,0,0,-1,-1,-1
154544,1,0,1,149,2947,2870
154242,2,0,0,-1,-1,-1
0,0,0,0,-1,-1,-1
155200,1,1,-1,117,5755,5693
0,0,0,0,-1,-1,-1
153262,2,0,0,-1,-1,-1
153402,2,0,0,-1,-1,-1
154904,1,1,0,155,1797,1731
154167,1,1,0,99,3299,3256
0,0,0,0,-1,-1,-1
0,0,0,0,-1,-1,-1
154913,1,0,1,64,1772,1736
0,0,0,0,-1,-1,-1
154930,2,0,0,-1,-1,-1
0,0,0,0,-1,-1,-1
155008,2,0,0,-1,-1,-1
154480,2,0,0,-1,-1,-1
154994,1,0,1,39,7959,7951
153783,2,0,0,-1,-1,-1
0,0,0,0,-1,-1,-1
0,0,0,0,-1,-1,-1
154474,2,0,0,-1,-1,-1
154097,2,0,0,-1,-1,-1
0,0,0,0,-1,-1,-1
155292,1,0,1,41,1664,1636
154568,1,0,1,51,2713,2674
154342,1,1,0,100,6855,6825
0,0,0,0,-1,-1,-1
152000,1,1,0,61,12937,12897
155297,1,0,1,123,2138,2094
155125,1,1,1,250,6745,6632
154234,2,0,0,-1,-1,-1
155172,2,0,0,-1,-1,-1
153550,2,0,0,-1,-1,-1
0,0,0,0,-1,-1,-1
0,0,0,0,-1,-1,-1
0,0,0,0,-1,-1,-1
0,0,0,0,-1,-1,-1
155090,1,0,1,171,2471,2403
155246,2,0,0,-1,-1,-1
154122,2,0,0,-1,-1,-1
155287,1,1,0,83,16246,16215
154519,1,0,1,82,10750,10713
154359,1,1,0,152,1801,1737
0,0,0,0,-1,-1,-1
155033,1,0,1,128,5803,5735
0,0,0,0,-1,-1,-1
155286,2,0,0,-1,-1,-1
0,0,0,0,-1,-1,-1
154737,2,0,0,-1,-1,-1
0,0,0,0,-1,-1,-1
154637,1,0,1,110,6291,6244
154763,1,1,0,0,0,0
153944,1,1,0,74,13027,12998
154373,1,0,1,132,5697,5641
155140,1,1,0,258,2528,2402
0,0,0,0,-1,-1,-1
154279,2,0,0,-1,-1,-1
153834,2,0,0,-1,-1,-1
0,0,0,0,-1,-1,-1
0,0,0,0,-1,-1,-1
154562,2,0,0,-1,-1,-1
0,0,0,0,-1,-1,-1
154518,1,1,0,0,7839,7839
0,0,0,0,-1,-1,-1
0,0,0,0,-1,-1,-1
154579,1,0,1,0,1918,1918
154638,2,0,0,-1,-1,-1
153509,2,0,0,-1,-1,-1
153096,2,0,0,-1,-1,-1
0,0,0,0,-1,-1,-1
155008,2,0,0,-1,-1,-1
154589,1,1,0,142,3628,3581
153389,2,0,0,-1,-1,-1
0,0,0,0,-1,-1,-1
154699,1,0,1,0,414,414
154217,2,0,0,-1,-1,-1
0,0,0,0,-1,-1,-1
0,0,0,0,-1,-1,-1
152828,2,0,0,-1,-1,-1
154644,1,1,0,98,5072,5030
0,0,0,0,-1,-1,-1
155137,1,1,0,111,2389,2331
0,0,0,0,-1,-1,-1
155017,1,0,1,67,3563,3544
0,0,0,0,-1,-1,-1
154644,2,0,0,-1,-1,-1
155117,1,1,0,65,3185,3139
154991,2,0,0,-1,-1,-1
154710,1,1,0,0,5313,5313
154346,1,0,1,117,3192,3130
154083,2,0,0,-1,-1,-1
154249,1,1,0,69,3164,3142
154739,1,1,0,36,2333,2310
153910,1,1,1,427,7168,6974
0,0,0,0,-1,-1,-1
0,0,0,0,-1,-1,-1
154041,1,0,1,71,2187,2162
155190,1,0,1,81,9299,9261
155279,1,1,0,67,4480,4430
155169,1,1,0,169,2031,1948
153911,2,0,0,-1,-1,-1
0,0,0,0,-1,-1,-1
154938,2,0,0,-1,-1,-1
154382,1,0,1,226,3230,3131
0,0,0,0,-1,-1,-1
154298,2,0,0,-1,-1,-1
154013,2,0,0,-1,-1,-1
153752,2,0,0,-1,-1,-1
155075,1,0,1,60,8309,8293
153900,2,0,0,-1,-1,-1
0,0,0,0,-1,-1,-1
0,0,0,0,-1,-1,-1
154361,1,0,1,197,1974,1914
154251,1,0,1,100,4217,4183
153571,1,1,0,25,497,480
155320,1,0,1,84,3790,3729
155239,1,1,0,64,9583,9546
154568,1,0,1,62,10828,10811
154507,1,0,1,28,18618,18597
0,0,0,0,-1,-1,-1
154443,2,0,0,-1,-1,-1
154028,1,1,0,18,7124,7117
154571,1,1,0,89,5116,5087
152490,1,1,0,98,2786,2723
155242,1,0,1,8,5895,5893
154430,1,1,0,0,3886,3886
155078,1,1,0,115,5658,5593
152791,2,0,0,-1,-1,-1
0,0,0,0,-1,-1,-1
155138,1,1,0,29,1819,1796
153844,2,0,0,-1,-1,-1
0,0,0,0,-1,-1,-1
154359,2,0,0,-1,-1,-1
155154,1,1,0,0,5018,5018
153504,2,0,0,-1,-1,-1
0,0,0,0,-1,-1,-1
155100,1,1,0,40,4289,4273
0,0,0,0,-1,-1,-1
0,0,0,0,-1,-1,-1
0,0,0,0,-1,-1,-1
0,0,0,0,-1,-1,-1
155219,1,1,1,192,3652,3560
0,0,0,0,-1,-1,-1
0,0,0,0,-1,-1,-1
0,0,0,0,-1,-1,-1
153854,2,0,0,-1,-1,-1
0,0,0,0,-1,-1,-1
153843,2,0,0,-1,-1,-1
153990,1,0,1,142,2451,2395
155370,1,1,0,130,7592,7529
0,0,0,0,-1,-1,-1
155211,1,1,0,72,2356,2328
154339,1,1,0,220,2001,1902
154032,2,0,0,-1,-1,-1
154433,1,1,0,113,4927,4897
153434,1,1,0,31,3145,3134
0,0,0,0,-1,-1,-1
153839,1,0,1,123,3395,3347
0,0,0,0,-1,-1,-1
154568,2,0,0,-1,-1,-1
152258,2,0,0,-1,-1,-1
154860,1,1,0,22,3398,3389
153368,2,0,0,-1,-1,-1
155128,1,1,1,63,3846,3810
153659,2,0,0,-1,-1,-1
154445,1,1,0,98,4240,4206
154050,1,0,1,96,5265,5221
154463,1,0,1,37,3911,3890
0,0,0,0,-1,-1,-1
154732,1,0,1,0,0,0
155174,1,0,1,173,2727,2619
154857,1,1,0,132,3692,3632
154566,2,0,0,-1,-1,-1
154244,1,1,0,0,44730,44730
154933,1,0,1,70,2397,2371
0,0,0,0,-1,-1,-1
0,0,0,0,-1,-1,-1
0,0,0,0,-1,-1,-1
154730,2,0,0,-1,-1,-1
153345,2,0,0,-1,-1,-1
155339,2,0,0,-1,-1,-1
154774,2,0,0,-1,-1,-1
154694,2,0,0,-1,-1,-1
0,0,0,0,-1,-1,-1
153055,2,0,0,-1,-1,-1
153283,2,0,0,-1,-1,-1
154674,2,0,0,-1,-1,-1
154071,2,0,0,-1,-1,-1
154447,1,0,1,197,2477,2389
153786,1,1,0,101,4012,3955
153894,1,1,0,27,5778,5762
153957,2,0,0,-1,-1,-1
155080,2,0,0,-1,-1,-1
154619,2,0,0,-1,-1,-1
155225,2,0,0,-1,-1,-1
154537,2,0,0,-1,-1,-1
154454,1,0,1,15,22966,22955
155132,1,1,0,139,3920,3868
154712,2,0,0,-1,-1,-1
0,0,0,0,-1,-1,-1
154951,1,0,1,39,4113,4103
154332,1,1,0,43,5923,5907
155194,1,0,1,89,3729,3692
0,0,0,0,-1,-1,-1
153806,2,0,0,-1,-1,-1
154579,1,1,0,80,5311,5247
153364,1,0,1,104,1957,1904
154361,1,0,1,0,4200,4200
0,0,0,0,-1,-1,-1
154357,2,0,0,-1,-1,-1
0,0,0,0,-1,-1,-1
154619,2,0,0,-1,-1,-1
153956,2,0,0,-1,-1,-1
0,0,0,0,-1,-1,-1
153094,2,0,0,-1,-1,-1
154852,2,0,0,-1,-1,-1
154717,2,0,0,-1,-1,-1
153566,2,0,0,-1,-1,-1
155113,1,1,1,193,3648,3525
154361,2,0,0,-1,-1,-1
154321,1,0,1,0,1519,1519
153178,2,0,0,-1,-1,-1
153223,2,0,0,-1,-1,-1
154308,1,1,0,248,2433,2317
154303,1,1,0,59,2745,2712
155015,2,0,0,-1,-1,-1
0,0,0,0,-1,-1,-1
155155,1,1,0,130,3540,3467
0,0,0,0,-1,-1,-1
153704,1,1,0,127,962,890
0,0,0,0,-1,-1,-1
154643,1,0,1,67,9211,9147
155130,1,1,-1,146,5419,5341
155217,1,1,1,169,4631,4544
154370,2,0,0,-1,-1,-1
155271,1,1,-1,39,8412,8363
154627,1,0,1,132,6391,6327
0,0,0,0,-1,-1,-1
0,0,0,0,-1,-1,-1
154165,1,1,0,83,1692,1647
154335,2,0,0,-1,-1,-1
155016,1,1,0,0,703,703
154778,2,0,0,-1,-1,-1
154451,2,0,0,-1,-1,-1
152438,1,0,1,207,3341,3225
154195,2,0,0,-1,-1,-1
153363,2,0,0,-1,-1,-1
0,0,0,0,-1,-1,-1
154506,2,0,0,-1,-1,-1
155122,1,1,0,155,2266,2209
155350,1,1,0,17,3065,3063
0,0,0,0,-1,-1,-1
0,0,0,0,-1,-1,-1
155160,1,0,1,125,3167,3088
0,0,0,0,-1,-1,-1
154372,1,1,0,115,6499,6473
155269,1,0,1,143,1496,1417
153516,2,0,0,-1,-1,-1
153866,2,0,0,-1,-1,-1
155285,1,0,1,176,2658,2597
0,0,0,0,-1,-1,-1
0,0,0,0,-1,-1,-1
155186,1,0,1,68,5246,5216
153554,2,0,0,-1,-1,-1
154113,2,0,0,-1,-1,-1
0,0,0,0,-1,-1,-1
152375,1,1,0,168,2843,2769
0,0,0,0,-1,-1,-1
154772,1,0,1,58,1492,1465
154226,1,1,0,287,2667,2555
0,0,0,0,-1,-1,-1
0,0,0,0,-1,-1,-1
154975,1,0,1,44,5822,5803
154677,1,1,0,66,4931,4901
0,0,0,0,-1,-1,-1
0,0,0,0,-1,-1,-1
154959,1,0,1,127,1949,1902
153923,1,0,1,172,2565,2469
0,0,0,0,-1,-1,-1
0,0,0,0,-1,-1,-1
154324,1,1,0,280,3046,2910
155063,1,0,1,107,2252,2205
0,0,0,0,-1,-1,-1
0,0,0,0,-1,-1,-1
0,0,0,0,-1,-1,-1
155030,1,0,1,241,2447,2323
154536,2,0,0,-1,-1,-1
154943,1,0,1,168,2419,2371
152810,2,0,0,-1,-1,-1
152751,1,0,1,46,14421,14407
154798,2,0,0,-1,-1,-1
153819,1,1,0,197,2579,2493
155064,1,1,-1,217,12037,11928
155228,1,1,0,92,3114,3077
0,0,0,0,-1,-1,-1
154446,2,0,0,-1,-1,-1
0,0,0,0,-1,-1,-1
0,0,0,0,-1,-1,-1
0,0,0,0,-1,-1,-1
154426,1,0,1,139,3556,3480
0,0,0,0,-1,-1,-1
155291,1,1,0,173,2555,2487
154766,1,1,0,118,5976,5933
153108,1,0,1,99,3470,3437
154080,2,0,0,-1,-1,-1
154996,1,0,1,27,3079,3067
154199,1,0,1,245,7857,7745
0,0,0,0,-1,-1,-1
0,0,0,0,-1,-1,-1
153921,1,1,-1,173,8610,8502
154944,2,0,0,-1,-1,-1
155174,2,0,0,-1,-1,-1
155372,1,0,1,26,1415,1403
154934,1,0,1,0,4080,4080
153692,1,0,1,58,1949,1929
155002,1,1,0,86,1945,1905
0,0,0,0,-1,-1,-1
155033,1,0,1,287,4018,3914
154016,1,1,-1,56,6078,6065
154187,2,0,0,-1,-1,-1
0,0,0,0,-1,-1,-1
155225,2,0,0,-1,-1,-1
153926,2,0,0,-1,-1,-1
154227,2,0,0,-1,-1,-1
153769,1,1,0,215,4842,4754
154106,2,0,0,-1,-1,-1
0,0,0,0,-1,-1,-1
155140,1,0,1,134,3635,3564
154504,1,0,1,0,5146,5146
154924,1,1,0,103,3365,3323
154858,1,1,0,0,1092,1092
153213,2,0,0,-1,-1,-1
154517,2,0,0,-1,-1,-1
0,0,0,0,-1,-1,-1
154714,2,0,0,-1,-1,-1
154511,2,0,0,-1,-1,-1
0,0,0,0,-1,-1,-1
0,0,0,0,-1,-1,-1
153565,1,1,0,66,3948,3916
153873,2,0,0,-1,-1,-1
154727,2,0,0,-1,-1,-1
0,0,0,0,-1,-1,-1
153293,2,0,0,-1,-1,-1
155121,2,0,0,-1,-1,-1
154397,1,1,0,3,4587,4585
154283,2,0,0,-1,-1,-1
153577,1,0,1,328,5558,5389
154803,1,1,0,24,10587,10578
155354,1,1,0,91,1049,1014
153779,1,1,0,77,1146,1113
154262,2,0,0,-1,-1,-1
154914,2,0,0,-1,-1,-1
154645,2,0,0,-1,-1,-1
153672,2,0,0,-1,-1,-1
155059,1,0,1,54,3400,3368
154964,1,1,0,114,1652,1606
154142,1,0,1,54,21065,21025
0,0,0,0,-1,-1,-1
154727,2,0,0,-1,-1,-1
153778,2,0,0,-1,-1,-1
154133,2,0,0,-1,-1,-1
0,0,0,0,-1,-1,-1
154085,2,0,0,-1,-1,-1
153845,1,0,1,179,2780,2686
153580,2,0,0,-1,-1,-1
155020,2,0,0,-1,-1,-1
155366,1,1,0,190,12241,12167
0,0,0,0,-1,-1,-1
0,0,0,0,-1,-1,-1
0,0,0,0,-1,-1,-1
153148,2,0,0,-1,-1,-1
154804,2,0,0,-1,-1,-1
0,0,0,0,-1,-1,-1
154159,2,0,0,-1,-1,-1
153967,2,0,0,-1,-1,-1
0,0,0,0,-1,-1,-1
153744,1,1,0,133,3562,3474
155047,1,1,0,179,4160,4082
154162,2,0,0,-1,-1,-1
0,0,0,0,-1,-1,-1
155264,1,1,0,18,3431,3425
153070,2,0,0,-1,-1,-1
154702,1,1,0,132,8312,8259
155309,1,1,1,328,4122,4010
154379,1,1,0,62,7433,7399
155210,1,1,1,163,12988,12937
153261,2,0,0,-1,-1,-1
0,0,0,0,-1,-1,-1
0,0,0,0,-1,-1,-1
0,0,0,0,-1,-1,-1
0,0,0,0,-1,-1,-1
154760,1,1,1,178,8376,8290
0,0,0,0,-1,-1,-1
153799,2,0,0,-1,-1,-1
0,0,0,0,-1,-1,-1
154201,1,1,0,78,4345,4297
154432,1,0,1,55,3171,3135
0,0,0,0,-1,-1,-1
0,0,0,0,-1,-1,-1
0,0,0,0,-1,-1,-1
153171,1,1,0,0,2112,2112
0,0,0,0,-1,-1,-1
0,0,0,0,-1,-1,-1
154938,1,0,1,108,6431,6384
155154,1,1,0,92,4407,4372
0,0,0,0,-1,-1,-1
154735,2,0,0,-1,-1,-1
155121,1,1,0,34,5986,5979
154865,1,0,1,0,5202,5202
154961,1,1,0,154,2085,2025
155084,1,0,1,26,29353,29342
154714,2,0,0,-1,-1,-1
0,0,0,0,-1,-1,-1
0,0,0,0,-1,-1,-1
0,0,0,0,-1,-1,-1
154899,2,0,0,-1,-1,-1
154768,1,0,1,63,1465,1422
154405,2,0,0,-1,-1,-1
154378,1,1,0,199,2592,2462
155320,1,0,1,142,3778,3710
154393,1,1,0,199,11374,11290
153830,1,1,0,148,3594,3525
0,0,0,0,-1,-1,-1
153112,2,0,0,-1,-1,-1
0,0,0,0,-1,-1,-1
154365,1,0,1,119,7468,7424
154004,2,0,0,-1,-1,-1
0,0,0,0,-1,-1,-1
154508,1,0,1,154,3911,3835
0,0,0,0,-1,-1,-1
153653,2,0,0,-1,-1,-1
154070,2,0,0,-1,-1,-1
154584,2,0,0,-1,-1,-1
154922,2,0,0,-1,-1,-1
0,0,0,0,-1,-1,-1
153319,2,0,0,-1,-1,-1
0,0,0,0,-1,-1,-1
0,0,0,0,-1,-1,-1
153972,2,0,0,-1,-1,-1
0,0,0,0,-1,-1,-1
154574,1,0,1,4,2408,2407
154869,1,1,0,41,8095,8077
155197,1,1,1,36,12910,12902
153696,1,0,1,20,6898,6892
154775,2,0,0,-1,-1,-1
0,0,0,0,-1,-1,-1
152761,2,0,0,-1,-1,-1
154998,1,0,1,120,11989,11918
155323,1,1,0,270,4390,4284
154360,2,0,0,-1,-1,-1
0,0,0,0,-1,-1,-1
153632,2,0,0,-1,-1,-1
154385,2,0,0,-1,-1,-1
0,0,0,0,-1,-1,-1
155278,1,1,0,0,2102,2102
154489,2,0,0,-1,-1,-1
154006,1,0,1,121,8635,8575
0,0,0,0,-1,-1,-1
0,0,0,0,-1,-1,-1
0,0,0,0,-1,-1,-1
0,0,0,0,-1,-1,-1
154079,2,0,0,-1,-1,-1
154255,2,0,0,-1,-1,-1
0,0,0,0,-1,-1,-1
154780,2,0,0,-1,-1,-1
154210,1,1,0,28,8513,8497
154959,1,0,1,0,0,0
0,0,0,0,-1,-1,-1
152431,1,1,0,93,2207,2162
0,0,0,0,-1,-1,-1
154817,1,0,1,84,2638,2603
153821,2,0,0,-1,-1,-1
154543,1,0,1,49,2745,2716
153510,2,0,0,-1,-1,-1
154045,1,1,-1,122,2675,2623
153958,2,0,0,-1,-1,-1
154310,2,0,0,-1,-1,-1
155198,1,1,0,14,5600,5597
154933,1,1,0,101,2870,2787
154826,2,0,0,-1,-1,-1
153050,2,0,0,-1,-1,-1
0,0,0,0,-1,-1,-1
155143,2,0,0,-1,-1,-1
152499,1,1,0,0,2691,2691
154217,1,1,0,0,6020,6020
0,0,0,0,-1,-1,-1
153871,1,1,0,53,2321,2303
0,0,0,0,-1,-1,-1
153744,1,0,1,98,4815,4773
153734,2,0,0,-1,-1,-1
153872,2,0,0,-1,-1,-1
0,0,0,0,-1,-1,-1
0,0,0,0,-1,-1,-1
153220,2,0,0,-1,-1,-1
155148,1,0,1,98,12941,12887
0,0,0,0,-1,-1,-1
155238,1,1,0,148,8556,8487
154989,2,0,0,-1,-1,-1
0,0,0,0,-1,-1,-1
0,0,0,0,-1,-1,-1
154164,1,0,1,82,8272,8257
155372,1,1,0,54,2606,2575
155320,1,1,0,132,6587,6532
0,0,0,0,-1,-1,-1
152870,1,1,-1,184,3826,3753
152751,2,0,0,-1,-1,-1
154150,1,0,1,63,3465,3439
154437,2,0,0,-1,-1,-1
154468,2,0,0,-1,-1,-1
0,0,0,0,-1,-1,-1
154157,2,0,0,-1,-1,-1
152851,2,0,0,-1,-1,-1
0,0,0,0,-1,-1,-1
154860,1,0,1,0,176,176
0,0,0,0,-1,-1,-1
154616,1,0,1,0,501,501
152605,2,0,0,-1,-1,-1
154023,2,0,0,-1,-1,-1
155181,1,0,1,0,7875,7875
0,0,0,0,-1,-1,-1
153354,2,0,0,-1,-1,-1
0,0,0,0,-1,-1,-1
155083,2,0,0,-1,-1,-1
155251,1,1,0,0,1287,1287
154532,2,0,0,-1,-1,-1
153712,2,0,0,-1,-1,-1
0,0,0,0,-1,-1,-1
154947,2,0,0,-1,-1,-1
154523,1,1,0,342,3542,3390
154663,1,0,1,88,5930,5881
0,0,0,0,-1,-1,-1
155205,2,0,0,-1,-1,-1
154958,1,0,1,13,2656,2652
154883,1,1,0,154,7812,7736
155239,2,0,0,-1,-1,-1
154268,2,0,0,-1,-1,-1
154848,1,1,0,110,4719,4674
154526,2,0,0,-1,-1,-1
0,0,0,0,-1,-1,-1
0,0,0,0,-1,-1,-1
154898,1,1,1,233,2634,2503
0,0,0,0,-1,-1,-1
155261,1,0,1,115,1704,1667
153879,1,1,0,29,7546,7533
153620,2,0,0,-1,-1,-1
153061,2,0,0,-1,-1,-1
154176,2,0,0,-1,-1,-1
0,0,0,0,-1,-1,-1
153735,1,1,0,26,8632,8612
0,0,0,0,-1,-1,-1
154218,1,1,0,242,2775,2693
155260,1,0,1,148,4060,3989
153163,1,0,1,195,3740,3646
153663,1,0,1,136,4943,4879
0,0,0,0,-1,-1,-1
152274,1,0,1,56,3530,3516
154578,2,0,0,-1,-1,-1
0,0,0,0,-1,-1,-1
0,0,0,0,-1,-1,-1
153363,1,1,0,31,4518,4499
154253,1,0,1,160,2252,2187
153960,1,1,-1,136,2749,2680
154600,1,1,0,47,12847,12816
0,0,0,0,-1,-1,-1
153733,2,0,0,-1,-1,-1
0,0,0,0,-1,-1,-1
153141,2,0,0,-1,-1,-1
0,0,0,0,-1,-1,-1
154221,1,0,1,279,2374,2237
154356,1,1,0,223,2724,2630
0,0,0,0,-1,-1,-1
154753,2,0,0,-1,-1,-1
155200,2,0,0,-1,-1,-1
155076,2,0,0,-1,-1,-1
0,0,0,0,-1,-1,-1
155353,1,1,0,69,3270,3244
155053,1,1,0,114,4750,4701
0,0,0,0,-1,-1,-1
0,0,0,0,-1,-1,-1
0,0,0,0,-1,-1,-1
0,0,0,0,-1,-1,-1
0,0,0,0,-1,-1,-1
0,0,0,0,-1,-1,-1
154451,1,1,0,181,1411,1321
0,0,0,0,-1,-1,-1
154530,1,1,0,14,9154,9150
0,0,0,0,-1,-1,-1
0,0,0,0,-1,-1,-1
0,0,0,0,-1,-1,-1
155372,1,0,1,54,12343,12309
154018,2,0,0,-1,-1,-1
154847,1,0,1,69,7152,7114
154863,2,0,0,-1,-1,-1
153790,2,0,0,-1,-1,-1
155350,1,1,0,12,6920,6915
153873,2,0,0,-1,-1,-1
154880,1,1,0,0,17673,17673
0,0,0,0,-1,-1,-1
153567,2,0,0,-1,-1,-1
151337,1,1,0,69,1658,1637
0,0,0,0,-1,-1,-1
0,0,0,0,-1,-1,-1
0,0,0,0,-1,-1,-1
153769,2,0,0,-1,-1,-1
0,0,0,0,-1,-1,-1
155130,1,1,0,12,2072,2067
0,0,0,0,-1,-1,-1
153960,2,0,0,-1,-1,-1
0,0,0,0,-1,-1,-1
153199,2,0,0,-1,-1,-1
0,0,0,0,-1,-1,-1
153070,2,0,0,-1,-1,-1
0,0,0,0,-1,-1,-1
152898,2,0,0,-1,-1,-1
154805,1,1,0,104,2107,2068
0,0,0,0,-1,-1,-1
0,0,0,0,-1,-1,-1
154882,1,0,1,50,2833,2818
0,0,0,0,-1,-1,-1
0,0,0,0,-1,-1,-1
154719,1,0,1,124,1470,1413
0,0,0,0,-1,-1,-1
155379,1,1,1,190,5034,4956
155145,1,1,0,15,6607,6592
0,0,0,0,-1,-1,-1
155211,1,1,-1,207,3252,3154
153883,2,0,0,-1,-1,-1
154636,1,1,0,73,4032,3998
154846,2,0,0,-1,-1,-1
155050,1,1,0,125,3644,3601
153825,2,0,0,-1,-1,-1
153788,1,0,1,21,17448,17441
153590,1,1,0,99,3247,3198
155159,1,0,1,0,4910,4910
154239,1,0,1,21,5821,5808
154271,1,0,1,63,9265,9226
154957,2,0,0,-1,-1,-1
0,0,0,0,-1,-1,-1
0,0,0,0,-1,-1,-1
0,0,0,0,-1,-1,-1
153937,1,1,0,77,4086,4059
0,0,0,0,-1,-1,-1
155048,2,0,0,-1,-1,-1
0,0,0,0,-1,-1,-1
0,0,0,0,-1,-1,-1
152776,2,0,0,-1,-1,-1
0,0,0,0,-1,-1,-1
154452,1,0,1,180,4460,4380
155348,1,0,1,33,5436,5417
152438,2,0,0,-1,-1,-1
154809,1,0,1,44,4808,4793
0,0,0,0,-1,-1,-1
0,0,0,0,-1,-1,-1
0,0,0,0,-1,-1,-1
155353,1,1,0,183,3107,3035
154198,1,1,-1,149,5136,5036
154792,2,0,0,-1,-1,-1
155166,1,1,-1,68,9908,9851
0,0,0,0,-1,-1,-1
154111,2,0,0,-1,-1,-1
154461,1,0,1,113,2201,2150
0,0,0,0,-1,-1,-1
0,0,0,0,-1,-1,-1
155379,1,1,0,68,4703,4671
153001,1,0,1,111,5342,5268
153810,1,1,0,139,11581,11524
154636,2,0,0,-1,-1,-1
152582,1,1,0,173,3269,3197
153746,2,0,0,-1,-1,-1
155135,2,0,0,-1,-1,-1
0,0,0,0,-1,-1,-1
155025,1,0,1,233,2544,2436
154931,2,0,0,-1,-1,-1
154603,2,0,0,-1,-1,-1
154880,1,1,0,122,2867,2796
152370,2,0,0,-1,-1,-1
0,0,0,0,-1,-1,-1
154900,1,1,0,59,4617,4597
0,0,0,0,-1,-1,-1
153896,1,1,0,0,15158,15158
154404,2,0,0,-1,-1,-1
154749,1,0,1,162,1846,1749
0,0,0,0,-1,-1,-1
0,0,0,0,-1,-1,-1
154425,1,1,0,46,17436,17396
154063,1,1,0,10,3404,3397
154765,1,1,0,130,2166,2132
154602,2,0,0,-1,-1,-1
154516,1,1,-1,172,4176,4073
152815,1,0,1,0,72,72
154898,2,0,0,-1,-1,-1
0,0,0,0,-1,-1,-1
154665,1,1,0,213,3015,2928
153861,2,0,0,-1,-1,-1
155284,1,1,-1,145,5081,5011
153691,2,0,0,-1,-1,-1
154857,1,0,1,197,3278,3181
0,0,0,0,-1,-1,-1
154189,2,0,0,-1,-1,-1
0,0,0,0,-1,-1,-1
152840,1,1,0,18,7104,7090
152141,2,0,0,-1,-1,-1
0,0,0,0,-1,-1,-1
153863,1,1,0,32,5085,5072
154484,1,0,1,136,903,846
0,0,0,0,-1,-1,-1
153580,1,1,-1,152,2743,2677
155043,1,0,1,95,4494,4430
0,0,0,0,-1,-1,-1
152647,2,0,0,-1,-1,-1
0,0,0,0,-1,-1,-1
154033,2,0,0,-1,-1,-1
155278,1,1,0,64,3058,3018
153702,2,0,0,-1,-1,-1
155067,1,0,1,101,9584,9546
154589,2,0,0,-1,-1,-1
0,0,0,0,-1,-1,-1
154638,1,1,0,86,3504,3460
0,0,0,0,-1,-1,-1
0,0,0,0,-1,-1,-1
0,0,0,0,-1,-1,-1
154108,2,0,0,-1,-1,-1
154992,1,1,0,0,3402,3402
152446,2,0,0,-1,-1,-1
0,0,0,0,-1,-1,-1
0,0,0,0,-1,-1,-1
153392,2,0,0,-1,-1,-1
154774,2,0,0,-1,-1,-1
154183,2,0,0,-1,-1,-1
0,0,0,0,-1,-1,-1
153989,1,0,1,99,4284,4221
0,0,0,0,-1,-1,-1
153857,2,0,0,-1,-1,-1
154975,1,0,1,38,9328,9314
0,0,0,0,-1,-1,-1
0,0,0,0,-1,-1,-1
154771,2,0,0,-1,-1,-1
154478,2,0,0,-1,-1,-1
153770,1,1,0,124,9210,9162
154764,1,1,0,12,2205,2194
0,0,0,0,-1,-1,-1
153892,2,0,0,-1,-1,-1
153480,2,0,0,-1,-1,-1
154843,1,0,1,31,8357,8345
153891,2,0,0,-1,-1,-1
152747,1,1,0,201,4598,4520
153901,2,0,0,-1,-1,-1
0,0,0,0,-1,-1,-1
154183,1,1,0,69,9753,9715
0,0,0,0,-1,-1,-1
0,0,0,0,-1,-1,-1
154983,2,0,0,-1,-1,-1
0,0,0,0,-1,-1,-1
154602,2,0,0,-1,-1,-1
154570,2,0,0,-1,-1,-1
0,0,0,0,-1,-1,-1
155042,1,0,1,88,4562,4526
0,0,0,0,-1,-1,-1
153474,1,0,1,48,2663,2651
154367,2,0,0,-1,-1,-1
0,0,0,0,-1,-1,-1
153948,2,0,0,-1,-1,-1
155033,1,1,0,103,2818,2769
154587,2,0,0,-1,-1,-1
154531,2,0,0,-1,-1,-1
154891,1,1,-1,101,5975,5929
154571,2,0,0,-1,-1,-1
153281,2,0,0,-1,-1,-1
0,0,0,0,-1,-1,-1
0,0,0,0,-1,-1,-1
153864,2,0,0,-1,-1,-1
0,0,0,0,-1,-1,-1
154166,2,0,0,-1,-1,-1
0,0,0,0,-1,-1,-1
154279,1,0,1,41,5944,5927
154399,2,0,0,-1,-1,-1
155231,1,1,0,21,1498,1497
154007,1,0,1,36,1802,1788
0,0,0,0,-1,-1,-1
0,0,0,0,-1,-1,-1
0,0,0,0,-1,-1,-1
0,0,0,0,-1,-1,-1
152991,2,0,0,-1,-1,-1
0,0,0,0,-1,-1,-1
0,0,0,0,-1,-1,-1
0,0,0,0,-1,-1,-1
155311,1,1,0,214,4859,4751
155368,1,0,1,158,2860,2772
155026,1,1,0,0,16971,16971
0,0,0,0,-1,-1,-1
153912,1,0,1,88,3440,3404
155175,1,1,-1,0,4499,4499
154684,1,0,1,0,10197,10197
154941,1,0,1,308,4733,4615
153859,1,0,1,148,5358,5301
0,0,0,0,-1,-1,-1
154517,1,1,0,99,1300,1259
154781,1,0,1,24,4215,4202
154735,2,0,0,-1,-1,-1
0,0,0,0,-1,-1,-1
153937,1,1,-1,377,2775,2619
0,0,0,0,-1,-1,-1
153584,2,0,0,-1,-1,-1
155293,2,0,0,-1,-1,-1
0,0,0,0,-1,-1,-1
153431,1,1,0,16,2035,2027
154728,2,0,0,-1,-1,-1
0,0,0,0,-1,-1,-1
153828,1,1,0,234,2789,2639
0,0,0,0,-1,-1,-1
153706,2,0,0,-1,-1,-1
0,0,0,0,-1,-1,-1
154015,2,0,0,-1,-1,-1
0,0,0,0,-1,-1,-1
0,0,0,0,-1,-1,-1
154435,2,0,0,-1,-1,-1
0,0,0,0,-1,-1,-1
154947,2,0,0,-1,-1,-1
0,0,0,0,-1,-1,-1
0,0,0,0,-1,-1,-1
155108,1,1,0,124,3181,3126
0,0,0,0,-1,-1,-1
152879,2,0,0,-1,-1,-1
153793,1,0,1,0,10944,10944
153632,2,0,0,-1,-1,-1
0,0,0,0,-1,-1,-1
154725,1,0,1,60,9530,9519
0,0,0,0,-1,-1,-1
153525,2,0,0,-1,-1,-1
154399,1,1,0,136,2546,2452
154701,1,1,0,130,1377,1315
0,0,0,0,-1,-1,-1
153685,1,0,1,0,3292,3292
154501,2,0,0,-1,-1,-1
153028,1,1,0,98,3314,3278
154551,1,1,-1,81,10436,10397
0,0,0,0,-1,-1,-1
154747,1,0,1,14,6214,6203
154952,1,1,0,50,5641,5619
0,0,0,0,-1,-1,-1
153908,2,0,0,-1,-1,-1
0,0,0,0,-1,-1,-1
0,0,0,0,-1,-1,-1
154782,1,0,1,0,0,0
155202,1,1,0,61,5390,5355
154515,1,0,1,207,2117,2027
154976,1,1,0,141,1904,1826
154503,2,0,0,-1,-1,-1
154683,1,0,1,58,5953,5914
0,0,0,0,-1,-1,-1
152958,2,0,0,-1,-1,-1
154929,1,1,-1,159,3634,3585
154888,1,0,1,64,3990,3967
154446,2,0,0,-1,-1,-1
153732,1,1,1,56,5774,5757
154448,2,0,0,-1,-1,-1
0,0,0,0,-1,-1,-1
154549,1,0,1,83,4471,4426
154508,2,0,0,-1,-1,-1
154425,1,0,1,52,2048,2025
0,0,0,0,-1,-1,-1
0,0,0,0,-1,-1,-1
155181,1,0,1,0,3800,3800
155259,1,0,1,159,6325,6260
154525,2,0,0,-1,-1,-1
154452,1,1,0,203,6000,5924
153977,2,0,0,-1,-1,-1
155385,1,1,0,17,3739,3734
0,0,0,0,-1,-1,-1
0,0,0,0,-1,-1,-1
0,0,0,0,-1,-1,-1
154482,2,0,0,-1,-1,-1
0,0,0,0,-1,-1,-1
0,0,0,0,-1,-1,-1
153895,2,0,0,-1,-1,-1
154281,2,0,0,-1,-1,-1
154800,2,0,0,-1,-1,-1
155269,1,1,0,68,1951,1913
154753,2,0,0,-1,-1,-1
154652,1,1,0,24,6180,6161
155336,1,1,-1,248,4559,4438
153596,1,1,0,87,6730,6674
0,0,0,0,-1,-1,-1
0,0,0,0,-1,-1,-1
153206,2,0,0,-1,-1,-1
154670,1,0,1,83,1480,1440
153335,2,0,0,-1,-1,-1
154396,1,0,1,82,5360,5320
154862,1,1,-1,28,10741,10736
153098,1,1,0,140,4599,4527
0,0,0,0,-1,-1,-1
153644,1,0,1,246,2508,2402
0,0,0,0,-1,-1,-1
0,0,0,0,-1,-1,-1
0,0,0,0,-1,-1,-1
0,0,0,0,-1,-1,-1
0,0,0,0,-1,-1,-1
153327,2,0,0,-1,-1,-1
154744,2,0,0,-1,-1,-1
0,0,0,0,-1,-1,-1
0,0,0,0,-1,-1,-1
153446,2,0,0,-1,-1,-1
0,0,0,0,-1,-1,-1
153751,1,1,-1,146,9031,8961
155148,2,0,0,-1,-1,-1
155243,1,1,0,0,2820,2820
0,0,0,0,-1,-1,-1
155097,1,0,1,94,13362,13312
154238,2,0,0,-1,-1,-1
0,0,0,0,-1,-1,-1
153378,2,0,0,-1,-1,-1
153746,1,0,1,139,8542,8470
0,0,0,0,-1,-1,-1
154534,1,1,0,7,2875,2872
0,0,0,0,-1,-1,-1
0,0,0,0,-1,-1,-1
0,0,0,0,-1,-1,-1
154331,2,0,0,-1,-1,-1
0,0,0,0,-1,-1,-1
0,0,0,0,-1,-1,-1
155035,1,1,0,33,2268,2261
154244,1,0,1,139,12612,12561
154694,2,0,0,-1,-1,-1
154359,1,0,1,2,1577,1576
154055,2,0,0,-1,-1,-1
155287,1,1,0,257,4008,3888
154527,1,0,1,64,5343,5315
154851,1,1,0,19,10102,10097
154652,2,0,0,-1,-1,-1
153149,1,1,0,152,1709,1639
0,0,0,0,-1,-1,-1
154741,2,0,0,-1,-1,-1
154964,1,0,1,0,10360,10360
0,0,0,0,-1,-1,-1
154897,1,0,1,0,7837,7837
154914,2,0,0,-1,-1,-1
153908,2,0,0,-1,-1,-1
154429,2,0,0,-1,-1,-1
155201,1,0,1,25,4119,4108
153320,1,1,0,106,1433,1396
0,0,0,0,-1,-1,-1
154572,2,0,0,-1,-1,-1
153439,1,1,-1,185,10668,10597
153817,2,0,0,-1,-1,-1
155272,1,1,0,54,2589,2573
155157,1,1,0,57,2857,2800
155013,1,0,1,0,2286,2286
0,0,0,0,-1,-1,-1
0,0,0,0,-1,-1,-1
153124,1,1,0,78,8104,8080
153044,1,1,0,40,3079,3051
154447,2,0,0,-1,-1,-1
0,0,0,0,-1,-1,-1
154383,1,1,-1,145,5334,5276
153870,1,1,0,52,4256,4239
0,0,0,0,-1,-1,-1
0,0,0,0,-1,-1,-1
154805,1,0,1,240,2722,2593
0,0,0,0,-1,-1,-1
153209,2,0,0,-1,-1,-1
154669,2,0,0,-1,-1,-1
154210,1,0,1,100,5218,5182
0,0,0,0,-1,-1,-1
155282,1,1,0,47,3395,3382
152476,2,0,0,-1,-1,-1
0,0,0,0,-1,-1,-1
154104,1,1,0,110,2721,2673
155068,1,1,0,93,3156,3120
0,0,0,0,-1,-1,-1
151930,2,0,0,-1,-1,-1
0,0,0,0,-1,-1,-1
154907,1,1,0,84,5735,5694
0,0,0,0,-1,-1,-1
0,0,0,0,-1,-1,-1
0,0,0,0,-1,-1,-1
0,0,0,0,-1,-1,-1
155274,1,1,0,110,3171,3105
154390,1,0,1,19,1162,1144
154637,1,0,1,60,6766,6737
155263,1,0,1,0,17674,17674
154905,2,0,0,-1,-1,-1
155249,1,1,0,121,11127,11059
154809,1,0,1,126,1923,1852
154776,2,0,0,-1,-1,-1
0,0,0,0,-1,-1,-1
0,0,0,0,-1,-1,-1
154841,1,1,0,244,4359,4266
154800,1,0,1,241,3755,3658
0,0,0,0,-1,-1,-1
155141,2,0,0,-1,-1,-1
155017,2,0,0,-1,-1,-1
152560,1,0,1,59,3782,3751
154348,2,0,0,-1,-1,-1
154040,2,0,0,-1,-1,-1
155374,1,0,1,0,14428,14428
155383,1,0,1,85,18995,18962
154627,1,0,1,73,3081,3034
153966,1,1,0,161,2152,2068
154265,2,0,0,-1,-1,-1
153939,1,0,1,154,5898,5838
0,0,0,0,-1,-1,-1
0,0,0,0,-1,-1,-1
155238,1,1,0,87,4107,4078
154587,1,1,0,51,1497,1473
155176,1,0,1,121,9332,9282
155147,1,0,1,95,6243,6192
154651,2,0,0,-1,-1,-1
154840,1,1,0,73,2582,2545
154878,2,0,0,-1,-1,-1
154312,1,0,1,110,2913,2876
155097,1,1,1,96,7589,7545
0,0,0,0,-1,-1,-1
154472,1,1,0,91,1464,1428
0,0,0,0,-1,-1,-1
155216,1,0,1,292,3954,3879
154670,1,1,0,153,3471,3423
154065,1,1,0,52,16149,16117
153883,1,0,1,99,1367,1320
154422,1,1,0,261,2103,1984
0,0,0,0,-1,-1,-1
154261,1,0,1,205,1982,1895
154465,2,0,0,-1,-1,-1
155345,1,1,0,143,2465,2400
155268,2,0,0,-1,-1,-1
153737,2,0,0,-1,-1,-1
154108,2,0,0,-1,-1,-1
153736,2,0,0,-1,-1,-1
154916,1,1,0,187,2112,2001
155093,2,0,0,-1,-1,-1
0,0,0,0,-1,-1,-1
0,0,0,0,-1,-1,-1
155334,1,1,-1,177,3681,3600
154104,2,0,0,-1,-1,-1
0,0,0,0,-1,-1,-1
154739,2,0,0,-1,-1,-1
0,0,0,0,-1,-1,-1
0,0,0,0,-1,-1,-1
155305,1,1,0,70,4242,4211
0,0,0,0,-1,-1,-1
153834,1,1,0,71,11742,11720
0,0,0,0,-1,-1,-1
154627,2,0,0,-1,-1,-1
154969,1,1,0,0,2267,2267
0,0,0,0,-1,-1,-1
154632,1,0,1,104,3323,3267
154038,2,0,0,-1,-1,-1
153863,2,0,0,-1,-1,-1
154030,2,0,0,-1,-1,-1
154249,2,0,0,-1,-1,-1
155355,1,1,1,65,7203,7182
153099,2,0,0,-1,-1,-1
0,0,0,0,-1,-1,-1
154719,1,0,1,162,3166,3095
154252,2,0,0,-1,-1,-1
153789,2,0,0,-1,-1,-1
154726,1,1,0,103,2650,2589
154400,2,0,0,-1,-1,-1
0,0,0,0,-1,-1,-1
153019,2,0,0,-1,-1,-1
0,0,0,0,-1,-1,-1
0,0,0,0,-1,-1,-1
154569,2,0,0,-1,-1,-1
154581,2,0,0,-1,-1,-1
154435,1,1,0,154,6734,6643
154253,1,1,0,6,10331,10329
0,0,0,0,-1,-1,-1
155138,1,1,0,179,5710,5627
155044,2,0,0,-1,-1,-1
154227,2,0,0,-1,-1,-1
0,0,0,0,-1,-1,-1
154833,2,0,0,-1,-1,-1
154024,2,0,0,-1,-1,-1
153840,2,0,0,-1,-1,-1
152202,1,0,1,0,1738,1738
154926,1,1,0,33,3996,3991
154003,1,1,0,27,4114,4105
155273,1,0,1,80,5287,5233
155349,1,1,0,35,9677,9660
155166,1,1,0,0,856,856
153582,1,1,-1,248,3649,3562
153965,1,1,0,181,12023,11957
155288,1,1,0,194,2646,2569
0,0,0,0,-1,-1,-1
0,0,0,0,-1,-1,-1
155045,1,1,0,43,861,840
154555,1,1,0,155,7448,7383
154642,2,0,0,-1,-1,-1
0,0,0,0,-1,-1,-1
0,0,0,0,-1,-1,-1
154678,2,0,0,-1,-1,-1
0,0,0,0,-1,-1,-1
0,0,0,0,-1,-1,-1
155365,1,0,1,51,4905,4876
155342,1,1,0,78,5345,5296
0,0,0,0,-1,-1,-1
154583,2,0,0,-1,-1,-1
155256,1,0,1,85,4315,4279
154966,2,0,0,-1,-1,-1
153905,1,1,0,125,1631,1597
152322,2,0,0,-1,-1,-1
0,0,0,0,-1,-1,-1
0,0,0,0,-1,-1,-1
0,0,0,0,-1,-1,-1
0,0,0,0,-1,-1,-1
152667,2,0,0,-1,-1,-1
154515,2,0,0,-1,-1,-1
0,0,0,0,-1,-1,-1
155349,1,0,1,0,1870,1870
153971,2,0,0,-1,-1,-1
155086,1,0,1,2,2816,2814
0,0,0,0,-1,-1,-1
153219,1,1,1,95,8254,8210
154773,2,0,0,-1,-1,-1
155160,1,1,1,206,4245,4173
0,0,0,0,-1,-1,-1
0,0,0,0,-1,-1,-1
153105,1,1,0,156,5203,5141
154597,1,1,0,55,12086,12056
154769,1,1,0,56,1550,1528
0,0,0,0,-1,-1,-1
154218,2,0,0,-1,-1,-1
155007,1,1,0,51,4607,4596
155038,1,0,1,99,2398,2354
154992,1,0,1,309,2419,2292
153045,2,0,0,-1,-1,-1
154962,1,0,1,56,3782,3753
153215,1,1,1,49,1160,1145
155342,1,0,1,137,5643,5595
154840,1,0,1,100,11561,11512
0,0,0,0,-1,-1,-1
154813,1,1,0,0,3507,3507
153305,2,0,0,-1,-1,-1
152139,1,1,0,102,1460,1419
0,0,0,0,-1,-1,-1
154797,1,1,0,88,2336,2290
154568,2,0,0,-1,-1,-1
154541,2,0,0,-1,-1,-1
0,0,0,0,-1,-1,-1
155272,1,0,1,41,8528,8500
0,0,0,0,-1,-1,-1
155373,1,0,1,106,3774,3716
0,0,0,0,-1,-1,-1
154457,1,0,1,49,2749,2737
154092,2,0,0,-1,-1,-1
155271,1,0,1,192,6959,6878
153769,2,0,0,-1,-1,-1
0,0,0,0,-1,-1,-1
0,0,0,0,-1,-1,-1
0,0,0,0,-1,-1,-1
154808,1,0,1,134,2885,2821
153950,2,0,0,-1,-1,-1
154269,2,0,0,-1,-1,-1
154323,2,0,0,-1,-1,-1
155194,1,1,0,15,6856,6849
154213,2,0,0,-1,-1,-1
0,0,0,0,-1,-1,-1
153634,2,0,0,-1,-1,-1
0,0,0,0,-1,-1,-1
154418,2,0,0,-1,-1,-1
154880,2,0,0,-1,-1,-1
155268,1,1,0,107,4141,4083
155337,1,1,0,224,9590,9518
155251,1,0,1,165,1626,1566
154135,1,1,0,79,3668,3628
152291,1,0,1,140,8959,8881
154577,1,1,1,14,23275,23268
0,0,0,0,-1,-1,-1
154646,2,0,0,-1,-1,-1
154869,1,0,1,97,14543,14502
0,0,0,0,-1,-1,-1
155131,1,1,0,340,3527,3375
0,0,0,0,-1,-1,-1
0,0,0,0,-1,-1,-1
154034,2,0,0,-1,-1,-1
153943,2,0,0,-1,-1,-1
154429,2,0,0,-1,-1,-1
153914,1,1,0,0,29532,29532
154164,1,0,1,16,4224,4201
0,0,0,0,-1,-1,-1
0,0,0,0,-1,-1,-1
152729,1,1,0,8,7642,7640
0,0,0,0,-1,-1,-1
154441,1,1,0,138,7222,7156
153314,2,0,0,-1,-1,-1
0,0,0,0,-1,-1,-1
155283,1,1,-1,387,3279,3100
0,0,0,0,-1,-1,-1
0,0,0,0,-1,-1,-1
155126,2,0,0,-1,-1,-1
0,0,0,0,-1,-1,-1
0,0,0,0,-1,-1,-1
153428,1,1,0,197,6822,6739
154915,2,0,0,-1,-1,-1
0,0,0,0,-1,-1,-1
155001,1,0,1,20,3223,3211
154415,1,0,1,153,3827,3749
153703,1,0,1,0,15372,15372
154127,2,0,0,-1,-1,-1
0,0,0,0,-1,-1,-1
155211,1,0,1,110,2751,2676
0,0,0,0,-1,-1,-1
155061,1,1,0,0,9290,9290
0,0,0,0,-1,-1,-1
154249,1,1,0,0,1436,1436
154493,2,0,0,-1,-1,-1
154145,1,1,0,118,5154,5105
154410,2,0,0,-1,-1,-1
153336,2,0,0,-1,-1,-1
0,0,0,0,-1,-1,-1
0,0,0,0,-1,-1,-1
0,0,0,0,-1,-1,-1
0,0,0,0,-1,-1,-1
154650,1,1,0,170,3720,3650
153614,2,0,0,-1,-1,-1
154948,1,1,1,141,5171,5108
155297,1,1,0,106,3942,3886
0,0,0,0,-1,-1,-1
0,0,0,0,-1,-1,-1
154476,2,0,0,-1,-1,-1
0,0,0,0,-1,-1,-1
0,0,0,0,-1,-1,-1
154866,1,1,0,73,6518,6488
154987,1,0,1,0,5589,5589
153699,2,0,0,-1,-1,-1
155213,1,1,0,0,9372,9372
0,0,0,0,-1,-1,-1
0,0,0,0,-1,-1,-1
0,0,0,0,-1,-1,-1
154674,2,0,0,-1,-1,-1
0,0,0,0,-1,-1,-1
154455,2,0,0,-1,-1,-1
153361,2,0,0,-1,-1,-1
155018,1,1,0,148,5955,5896
155132,1,1,0,67,2560,2527
155217,1,1,-1,60,5644,5616
0,0,0,0,-1,-1,-1
155086,2,0,0,-1,-1,-1
154918,2,0,0,-1,-1,-1
0,0,0,0,-1,-1,-1
154835,1,0,1,122,4040,3974
155001,1,0,1,146,8840,8734
154819,2,0,0,-1,-1,-1
152594,2,0,0,-1,-1,-1
154077,1,0,1,178,2890,2816
154917,1,1,0,9,12073,12062
155311,1,0,1,7,4251,4237
0,0,0,0,-1,-1,-1
0,0,0,0,-1,-1,-1
155057,1,1,0,117,6961,6907
0,0,0,0,-1,-1,-1
0,0,0,0,-1,-1,-1
154858,1,1,0,90,7531,7495
155210,1,1,0,31,3270,3248
155052,1,1,1,190,7903,7839
0,0,0,0,-1,-1,-1
155027,1,1,0,52,25352,25315
154592,2,0,0,-1,-1,-1
153557,2,0,0,-1,-1,-1
155270,1,0,1,49,9229,9206
0,0,0,0,-1,-1,-1
0,0,0,0,-1,-1,-1
0,0,0,0,-1,-1,-1
152898,1,1,0,299,3336,3192
154539,2,0,0,-1,-1,-1
0,0,0,0,-1,-1,-1
155269,1,0,1,60,1423,1394
155263,1,1,0,8,11969,11968
155232,1,0,1,43,2954,2933
155205,1,1,0,99,2479,2429
0,0,0,0,-1,-1,-1
152876,1,1,0,156,2955,2881
0,0,0,0,-1,-1,-1
0,0,0,0,-1,-1,-1
0,0,0,0,-1,-1,-1
154732,2,0,0,-1,-1,-1
0,0,0,0,-1,-1,-1
155283,1,0,1,97,3379,3333
0,0,0,0,-1,-1,-1
155139,2,0,0,-1,-1,-1
152850,2,0,0,-1,-1,-1
0,0,0,0,-1,-1,-1
154324,1,1,0,97,6532,6499
154799,1,1,0,108,3609,3565
154833,2,0,0,-1,-1,-1
154137,1,1,0,153,3405,3344
154799,2,0,0,-1,-1,-1
154997,2,0,0,-1,-1,-1
153213,1,0,1,0,12369,12369
0,0,0,0,-1,-1,-1
154273,2,0,0,-1,-1,-1
154874,1,1,0,28,7937,7919
154413,2,0,0,-1,-1,-1
155182,1,1,0,72,4856,4819
0,0,0,0,-1,-1,-1
155215,1,0,1,93,2908,2869
0,0,0,0,-1,-1,-1
0,0,0,0,-1,-1,-1
155253,1,0,1,48,1487,1468
155022,1,0,1,113,1318,1266
0,0,0,0,-1,-1,-1
154798,1,1,0,110,4330,4278
155052,1,1,0,126,4583,4521
155211,1,1,0,33,14904,14882
154788,1,0,1,221,6413,6331
154891,1,0,1,84,4760,4708
0,0,0,0,-1,-1,-1
154347,2,0,0,-1,-1,-1
152857,2,0,0,-1,-1,-1
152942,1,1,0,112,2832,2776
0,0,0,0,-1,-1,-1
155209,1,0,1,104,681,637
0,0,0,0,-1,-1,-1
155332,1,0,1,225,3874,3748
153813,2,0,0,-1,-1,-1
0,0,0,0,-1,-1,-1
0,0,0,0,-1,-1,-1
155247,1,1,0,0,8030,8030
154891,2,0,0,-1,-1,-1
154928,1,0,1,79,3448,3413
154105,1,1,1,166,5615,5509
153360,2,0,0,-1,-1,-1
155115,1,1,0,49,1989,1969
153007,1,0,1,0,5882,5882
0,0,0,0,-1,-1,-1
0,0,0,0,-1,-1,-1
155123,1,0,1,124,5149,5110
154861,2,0,0,-1,-1,-1
0,0,0,0,-1,-1,-1
0,0,0,0,-1,-1,-1
154832,1,0,1,161,6033,5946
152536,2,0,0,-1,-1,-1
0,0,0,0,-1,-1,-1
0,0,0,0,-1,-1,-1
0,0,0,0,-1,-1,-1
154714,2,0,0,-1,-1,-1
154859,1,1,-1,156,5259,5190
153269,2,0,0,-1,-1,-1
0,0,0,0,-1,-1,-1
0,0,0,0,-1,-1,-1
154641,1,0,1,116,4849,4801
153597,2,0,0,-1,-1,-1
0,0,0,0,-1,-1,-1
154461,1,1,0,82,2182,2155
154106,2,0,0,-1,-1,-1
153868,2,0,0,-1,-1,-1
0,0,0,0,-1,-1,-1
154939,1,1,0,50,9088,9056
0,0,0,0,-1,-1,-1
0,0,0,0,-1,-1,-1
155345,1,1,0,115,5426,5361
153751,2,0,0,-1,-1,-1
155172,1,1,0,75,2562,2531
153527,2,0,0,-1,-1,-1
154815,1,0,1,86,476,451
154507,2,0,0,-1,-1,-1
152857,1,0,1,60,1522,1502
154551,2,0,0,-1,-1,-1
0,0,0,0,-1,-1,-1
155160,1,1,0,24,5718,5704
154375,1,0,1,162,2332,2274
154868,1,0,1,218,6185,6078
154936,1,1,0,0,6748,6748
153796,1,0,1,72,5271,5218
155262,1,0,1,12,8981,8980
0,0,0,0,-1,-1,-1
154158,2,0,0,-1,-1,-1
0,0,0,0,-1,-1,-1
0,0,0,0,-1,-1,-1
153963,2,0,0,-1,-1,-1
154330,2,0,0,-1,-1,-1
152638,2,0,0,-1,-1,-1
155114,1,0,1,65,1244,1215
154186,1,1,0,90,3363,3301
0,0,0,0,-1,-1,-1
154369,1,0,1,52,1647,1636
154657,2,0,0,-1,-1,-1
0,0,0,0,-1,-1,-1
154504,1,1,0,74,1945,1923
0,0,0,0,-1,-1,-1
154924,1,0,1,88,2600,2555
153652,2,0,0,-1,-1,-1
0,0,0,0,-1,-1,-1
155367,1,1,0,57,2691,2679
153988,1,0,1,91,2425,2392
0,0,0,0,-1,-1,-1
154063,2,0,0,-1,-1,-1
154388,2,0,0,-1,-1,-1
154432,2,0,0,-1,-1,-1
0,0,0,0,-1,-1,-1
0,0,0,0,-1,-1,-1
0,0,0,0,-1,-1,-1
0,0,0,0,-1,-1,-1
153856,1,0,1,170,4317,4237
155149,1,0,1,74,2727,2696
154397,2,0,0,-1,-1,-1
0,0,0,0,-1,-1,-1
154370,2,0,0,-1,-1,-1
154469,1,0,1,12,606,604
153885,2,0,0,-1,-1,-1
155093,1,1,0,97,4719,4646
154359,1,0,1,330,2527,2372
152351,1,1,0,88,2487,2460
152880,2,0,0,-1,-1,-1
0,0,0,0,-1,-1,-1
154523,2,0,0,-1,-1,-1
154735,1,1,1,295,4357,4209
155053,2,0,0,-1,-1,-1
0,0,0,0,-1,-1,-1
153653,2,0,0,-1,-1,-1
154030,2,0,0,-1,-1,-1
0,0,0,0,-1,-1,-1
0,0,0,0,-1,-1,-1
0,0,0,0,-1,-1,-1
0,0,0,0,-1,-1,-1
0,0,0,0,-1,-1,-1
153441,2,0,0,-1,-1,-1
153783,1,0,1,15,11844,11833
0,0,0,0,-1,-1,-1
0,0,0,0,-1,-1,-1
0,0,0,0,-1,-1,-1
154139,2,0,0,-1,-1,-1
0,0,0,0,-1,-1,-1
152670,2,0,0,-1,-1,-1
152457,1,0,1,58,7351,7324
0,0,0,0,-1,-1,-1
0,0,0,0,-1,-1,-1
0,0,0,0,-1,-1,-1
0,0,0,0,-1,-1,-1
155133,1,0,1,79,17596,17553
0,0,0,0,-1,-1,-1
154689,2,0,0,-1,-1,-1
0,0,0,0,-1,-1,-1
154860,1,1,0,0,3444,3444
155043,1,1,0,27,4147,4124
155283,1,1,-1,269,7183,7062
153759,2,0,0,-1,-1,-1
155030,1,1,0,87,1711,1644
154411,1,0,1,24,4538,4530
154573,1,0,1,0,5984,5984
154272,2,0,0,-1,-1,-1
153899,2,0,0,-1,-1,-1
0,0,0,0,-1,-1,-1
0,0,0,0,-1,-1,-1
154328,1,1,0,98,4511,4451
154405,1,1,-1,239,3835,3731
0,0,0,0,-1,-1,-1
0,0,0,0,-1,-1,-1
154883,2,0,0,-1,-1,-1
0,0,0,0,-1,-1,-1
154517,1,1,0,17,3653,3648
154408,1,0,1,0,5046,5046
154783,2,0,0,-1,-1,-1
154478,1,1,0,260,1533,1427
154033,2,0,0,-1,-1,-1
0,0,0,0,-1,-1,-1
153768,1,0,1,91,6213,6164
154169,2,0,0,-1,-1,-1
155104,2,0,0,-1,-1,-1
154680,1,0,1,135,1957,1909
154576,1,1,0,195,4074,3987
0,0,0,0,-1,-1,-1
154277,2,0,0,-1,-1,-1
0,0,0,0,-1,-1,-1
152822,2,0,0,-1,-1,-1
154342,2,0,0,-1,-1,-1
154723,1,1,0,107,8418,8363
154108,2,0,0,-1,-1,-1
154082,2,0,0,-1,-1,-1
154226,1,0,1,36,3150,3140
153316,1,0,1,141,3577,3525
0,0,0,0,-1,-1,-1
155332,1,1,0,187,3863,3806
154544,1,1,-1,112,2534,2480
155064,1,1,0,19,11540,11531
0,0,0,0,-1,-1,-1
154273,1,1,0,166,4511,4446
154930,1,0,1,88,3244,3209
155005,1,1,0,104,13872,13825
155315,1,0,1,259,3423,3274
155181,1,0,1,162,4498,4423
0,0,0,0,-1,-1,-1
153808,2,0,0,-1,-1,-1
153902,2,0,0,-1,-1,-1
154278,1,1,0,53,1641,1618
0,0,0,0,-1,-1,-1
0,0,0,0,-1,-1,-1
0,0,0,0,-1,-1,-1
152209,2,0,0,-1,-1,-1
155204,1,1,1,234,4673,4563
154032,2,0,0,-1,-1,-1
0,0,0,0,-1,-1,-1
154186,1,1,0,210,5546,5441
0,0,0,0,-1,-1,-1
153429,1,0,1,41,1745,1724
0,0,0,0,-1,-1,-1
154506,1,1,0,125,4483,4430
152986,2,0,0,-1,-1,-1
155287,2,0,0,-1,-1,-1
155329,1,0,1,49,4743,4714
0,0,0,0,-1,-1,-1
154328,1,1,0,95,4454,4394
155026,1,1,1,63,7591,7563
154530,2,0,0,-1,-1,-1
154200,2,0,0,-1,-1,-1
0,0,0,0,-1,-1,-1
155127,1,1,0,24,2395,2387
154691,1,1,0,145,7616,7558
0,0,0,0,-1,-1,-1
154529,2,0,0,-1,-1,-1
155209,1,1,0,172,5677,5590
0,0,0,0,-1,-1,-1
0,0,0,0,-1,-1,-1
154969,1,1,0,140,13828,13765
0,0,0,0,-1,-1,-1
153885,2,0,0,-1,-1,-1
0,0,0,0,-1,-1,-1
0,0,0,0,-1,-1,-1
0,0,0,0,-1,-1,-1
155041,1,1,0,0,15840,15840
153395,2,0,0,-1,-1,-1
154355,1,0,1,263,2959,2852
153590,2,0,0,-1,-1,-1
0,0,0,0,-1,-1,-1
155062,1,0,1,88,7112,7088
0,0,0,0,-1,-1,-1
153457,1,1,0,0,17000,17000
155162,1,1,0,148,2905,2842
155217,2,0,0,-1,-1,-1
0,0,0,0,-1,-1,-1
0,0,0,0,-1,-1,-1
154459,2,0,0,-1,-1,-1
154629,2,0,0,-1,-1,-1
154653,2,0,0,-1,-1,-1
154049,1,1,0,27,4366,4359
0,0,0,0,-1,-1,-1
153436,2,0,0,-1,-1,-1
154967,2,0,0,-1,-1,-1
0,0,0,0,-1,-1,-1
0,0,0,0,-1,-1,-1
155038,2,0,0,-1,-1,-1
153439,1,0,1,76,859,816
155375,1,0,1,32,13922,13909
153995,1,1,0,73,6294,6266
0,0,0,0,-1,-1,-1
0,0,0,0,-1,-1,-1
154675,2,0,0,-1,-1,-1
155074,1,0,1,131,2538,2457
154168,1,0,1,189,2257,2119
155340,1,0,1,0,23716,23716
154450,2,0,0,-1,-1,-1
0,0,0,0,-1,-1,-1
0,0,0,0,-1,-1,-1
153950,1,0,1,50,6608,6564
155341,1,1,2,266,5717,5586
152053,2,0,0,-1,-1,-1
153789,2,0,0,-1,-1,-1
0,0,0,0,-1,-1,-1
0,0,0,0,-1,-1,-1
154142,1,0,1,22,3413,3391
153924,2,0,0,-1,-1,-1
153771,1,1,0,85,2528,2483
0,0,0,0,-1,-1,-1
0,0,0,0,-1,-1,-1
155012,1,0,1,75,5489,5452
0,0,0,0,-1,-1,-1
0,0,0,0,-1,-1,-1
154464,1,1,0,49,5041,5010
155242,2,0,0,-1,-1,-1
153765,1,0,1,153,2579,2514
0,0,0,0,-1,-1,-1
154597,1,0,1,81,5037,5007
152871,2,0,0,-1,-1,-1
0,0,0,0,-1,-1,-1
155154,1,1,0,90,478,432
0,0,0,0,-1,-1,-1
154941,1,1,0,106,3706,3635
155129,1,1,0,68,5077,5045
0,0,0,0,-1,-1,-1
0,0,0,0,-1,-1,-1
155229,1,1,1,53,11513,11489
155097,1,0,1,230,3527,3437
155136,1,0,1,0,3990,3990
155294,2,0,0,-1,-1,-1
0,0,0,0,-1,-1,-1
154703,2,0,0,-1,-1,-1
154729,1,0,1,202,2958,2877
155095,2,0,0,-1,-1,-1
155365,1,1,0,129,7232,7139
154662,1,1,1,78,3349,3308
154757,1,1,0,43,3365,3338
0,0,0,0,-1,-1,-1
154763,1,0,1,148,6711,6636
153740,1,1,0,100,1338,1294
154824,1,0,1,95,3987,3935
0,0,0,0,-1,-1,-1
154001,1,0,1,81,10931,10888
0,0,0,0,-1,-1,-1
154724,1,1,0,96,1421,1365
0,0,0,0,-1,-1,-1
154128,2,0,0,-1,-1,-1
155147,1,1,0,142,1632,1584
155107,1,1,0,25,8353,8346
0,0,0,0,-1,-1,-1
0,0,0,0,-1,-1,-1
0,0,0,0,-1,-1,-1
153647,2,0,0,-1,-1,-1
0,0,0,0,-1,-1,-1
154662,1,1,0,97,8250,8223
155032,2,0,0,-1,-1,-1
155285,1,0,1,170,4602,4539
154871,1,0,1,151,12347,12274
152592,2,0,0,-1,-1,-1
0,0,0,0,-1,-1,-1
154615,1,0,1,9,3836,3836
153711,1,1,0,51,5218,5200
154618,2,0,0,-1,-1,-1
154155,2,0,0,-1,-1,-1
153842,1,1,0,35,3160,3147
0,0,0,0,-1,-1,-1
0,0,0,0,-1,-1,-1
154693,1,0,1,148,722,667
153937,2,0,0,-1,-1,-1
0,0,0,0,-1,-1,-1
153663,1,1,0,213,3376,3273
154431,2,0,0,-1,-1,-1
0,0,0,0,-1,-1,-1
153818,2,0,0,-1,-1,-1
154258,2,0,0,-1,-1,-1
155053,2,0,0,-1,-1,-1
153814,1,1,0,107,4752,4675
155100,1,1,-1,356,3211,3080
152215,1,0,1,83,4732,4700
154416,1,1,0,30,4598,4588
0,0,0,0,-1,-1,-1
0,0,0,0,-1,-1,-1
0,0,0,0,-1,-1,-1
154164,2,0,0,-1,-1,-1
154484,1,1,0,87,1679,1642
153634,2,0,0,-1,-1,-1
0,0,0,0,-1,-1,-1
0,0,0,0,-1,-1,-1
154557,2,0,0,-1,-1,-1
155130,1,0,1,134,4564,4497
153639,2,0,0,-1,-1,-1
154512,1,1,0,148,4019,3953
0,0,0,0,-1,-1,-1
154492,2,0,0,-1,-1,-1
154553,2,0,0,-1,-1,-1
155080,1,1,0,21,1908,1892
153191,1,1,0,72,6911,6872
154591,2,0,0,-1,-1,-1
0,0,0,0,-1,-1,-1
0,0,0,0,-1,-1,-1
0,0,0,0,-1,-1,-1
154610,1,1,0,66,7535,7504
155190,1,1,0,88,2137,2085
154643,1,0,1,228,2622,2520
154956,1,1,1,273,3761,3643
0,0,0,0,-1,-1,-1
0,0,0,0,-1,-1,-1
152462,1,0,1,29,2961,2948
155151,1,1,1,118,12713,12671
0,0,0,0,-1,-1,-1
154561,1,1,0,41,9135,9120
0,0,0,0,-1,-1,-1
154961,1,0,1,138,8932,8868
155032,1,1,0,167,4166,4083
0,0,0,0,-1,-1,-1
0,0,0,0,-1,-1,-1
153621,2,0,0,-1,-1,-1
0,0,0,0,-1,-1,-1
155086,2,0,0,-1,-1,-1
155294,1,1,0,156,3835,3759
154968,1,0,1,57,7768,7741
153706,2,0,0,-1,-1,-1
154726,2,0,0,-1,-1,-1
0,0,0,0,-1,-1,-1
155136,1,1,0,257,5245,5136
0,0,0,0,-1,-1,-1
154728,2,0,0,-1,-1,-1
152242,2,0,0,-1,-1,-1
155347,1,1,0,0,5356,5356
153438,1,0,1,76,5805,5777
154510,1,1,0,0,3666,3666
0,0,0,0,-1,-1,-1
153868,2,0,0,-1,-1,-1
154726,1,0,1,145,2812,2747
152819,1,0,1,0,6582,6582
0,0,0,0,-1,-1,-1
0,0,0,0,-1,-1,-1
0,0,0,0,-1,-1,-1
154936,1,0,1,138,5261,5206
0,0,0,0,-1,-1,-1
155320,1,1,0,144,3169,3113
154080,2,0,0,-1,-1,-1
154506,2,0,0,-1,-1,-1
154016,1,1,0,150,5160,5087
0,0,0,0,-1,-1,-1
155225,1,1,0,108,6776,6728
0,0,0,0,-1,-1,-1
154136,2,0,0,-1,-1,-1
153652,2,0,0,-1,-1,-1
153044,2,0,0,-1,-1,-1
154162,2,0,0,-1,-1,-1
153728,1,1,0,153,1786,1717
154070,1,0,1,183,2941,2842
154468,2,0,0,-1,-1,-1
153959,2,0,0,-1,-1,-1
155376,1,1,0,0,1211,1211
154547,1,0,1,107,5792,5728
154138,1,1,-1,127,5294,5233
154386,1,1,0,198,1624,1551
153943,2,0,0,-1,-1,-1
155094,1,0,1,65,6773,6727
154986,1,0,1,87,2954,2930
154994,1,0,1,202,2662,2537
154531,1,1,0,84,4672,4627
0,0,0,0,-1,-1,-1
154835,1,1,0,91,2044,1996
0,0,0,0,-1,-1,-1
154810,1,1,0,135,1591,1525
0,0,0,0,-1,-1,-1
155202,1,1,0,120,1847,1795
0,0,0,0,-1,-1,-1
0,0,0,0,-1,-1,-1
154002,2,0,0,-1,-1,-1
0,0,0,0,-1,-1,-1
0,0,0,0,-1,-1,-1
152188,2,0,0,-1,-1,-1
0,0,0,0,-1,-1,-1
154484,2,0,0,-1,-1,-1
154106,1,1,0,0,6109,6109
0,0,0,0,-1,-1,-1
0,0,0,0,-1,-1,-1
0,0,0,0,-1,-1,-1
155286,1,0,1,62,8367,8329
0,0,0,0,-1,-1,-1
0,0,0,0,-1,-1,-1
154431,2,0,0,-1,-1,-1
0,0,0,0,-1,-1,-1
154641,2,0,0,-1,-1,-1
0,0,0,0,-1,-1,-1
152819,2,0,0,-1,-1,-1
154995,2,0,0,-1,-1,-1
155282,1,1,0,80,5018,4983
154146,1,1,0,111,5610,5570
154290,2,0,0,-1,-1,-1
154504,1,1,0,0,2132,2132
155156,1,1,0,0,3575,3575
154302,1,1,0,122,2819,2776
152673,2,0,0,-1,-1,-1
155147,1,1,-1,98,3291,3228
154017,2,0,0,-1,-1,-1
0,0,0,0,-1,-1,-1
154320,1,1,0,93,4243,4208
154399,1,1,-1,229,5871,5772
155183,2,0,0,-1,-1,-1
154944,1,1,0,129,4709,4672
153951,1,1,0,0,23420,23420
154731,1,0,1,174,2696,2625
155140,1,1,0,72,8075,8027
153592,2,0,0,-1,-1,-1
154995,1,0,1,66,1222,1201
153925,2,0,0,-1,-1,-1
154700,1,0,1,11,7361,7355
154598,1,0,1,102,1623,1591
155019,2,0,0,-1,-1,-1
154436,2,0,0,-1,-1,-1
154434,1,1,0,24,5908,5900
154614,1,0,1,94,1486,1452
154814,2,0,0,-1,-1,-1
154831,1,1,0,0,16538,16538
154293,1,0,1,0,5427,5427
154979,2,0,0,-1,-1,-1
155098,2,0,0,-1,-1,-1
0,0,0,0,-1,-1,-1
154261,1,0,1,0,3719,3719
0,0,0,0,-1,-1,-1
0,0,0,0,-1,-1,-1
154426,1,0,1,52,4078,4036
154495,1,1,0,233,3568,3481
154977,2,0,0,-1,-1,-1
154058,1,1,0,91,5979,5944
154207,2,0,0,-1,-1,-1
154709,2,0,0,-1,-1,-1
154821,1,1,1,19,6170,6155
152818,1,0,1,9,2355,2353
155234,1,1,0,78,2724,2683
0,0,0,0,-1,-1,-1
154731,1,0,1,85,8645,8609
153621,1,1,0,154,4653,4613
153613,2,0,0,-1,-1,-1
154785,1,1,0,105,2162,2102
154252,2,0,0,-1,-1,-1
0,0,0,0,-1,-1,-1
155045,1,1,1,271,6302,6157
0,0,0,0,-1,-1,-1
153559,1,0,1,96,5374,5345
0,0,0,0,-1,-1,-1
154392,1,0,1,73,6276,6244
155210,1,1,0,97,2835,2798
154312,1,0,1,32,6386,6370
154770,2,0,0,-1,-1,-1
0,0,0,0,-1,-1,-1
154107,2,0,0,-1,-1,-1
155115,1,1,0,351,4198,4013
0,0,0,0,-1,-1,-1
0,0,0,0,-1,-1,-1
155266,1,1,0,72,2811,2778
0,0,0,0,-1,-1,-1
153987,1,1,0,80,12585,12540
153203,1,1,0,24,1483,1461
155079,1,1,0,12,7551,7535
153681,1,0,1,72,1451,1424
152758,2,0,0,-1,-1,-1
154862,1,0,1,299,1629,1506
154460,2,0,0,-1,-1,-1
0,0,0,0,-1,-1,-1
152808,2,0,0,-1,-1,-1
154182,2,0,0,-1,-1,-1
154765,1,1,1,136,10579,10525
154981,2,0,0,-1,-1,-1
154122,2,0,0,-1,-1,-1
154764,1,1,0,116,2639,2583
154918,1,1,1,215,3696,3611
0,0,0,0,-1,-1,-1
0,0,0,0,-1,-1,-1
154605,2,0,0,-1,-1,-1
153783,1,1,0,42,8855,8844
0,0,0,0,-1,-1,-1
0,0,0,0,-1,-1,-1
155104,2,0,0,-1,-1,-1
0,0,0,0,-1,-1,-1
0,0,0,0,-1,-1,-1
0,0,0,0,-1,-1,-1
153130,2,0,0,-1,-1,-1
155025,1,1,0,0,5472,5472
154197,1,0,1,60,1714,1694
154899,2,0,0,-1,-1,-1
153947,1,1,0,106,3431,3380
153993,1,1,0,101,4123,4092
155359,1,1,1,46,9267,9244
155075,2,0,0,-1,-1,-1
0,0,0,0,-1,-1,-1
153037,2,0,0,-1,-1,-1
155296,1,1,1,155,6703,6637
154561,1,1,0,276,4765,4670
153726,1,1,0,159,6729,6656
155192,1,1,0,22,9717,9699
153782,1,1,0,0,21060,21060
155183,1,1,0,89,14061,14012
152731,2,0,0,-1,-1,-1
155270,1,0,1,89,1595,1556
153295,2,0,0,-1,-1,-1
0,0,0,0,-1,-1,-1
0,0,0,0,-1,-1,-1
155270,1,1,1,194,2434,2341
155152,1,0,1,0,10496,10496
154803,1,0,1,47,1560,1529
155148,2,0,0,-1,-1,-1
154507,2,0,0,-1,-1,-1
155120,1,0,1,106,1333,1281
154037,2,0,0,-1,-1,-1
154074,2,0,0,-1,-1,-1
155172,2,0,0,-1,-1,-1
0,0,0,0,-1,-1,-1
154678,2,0,0,-1,-1,-1
155111,1,1,0,186,2551,2470
153391,1,1,0,162,1783,1715
154531,1,0,1,161,5240,5189
152424,2,0,0,-1,-1,-1
151978,2,0,0,-1,-1,-1
154465,2,0,0,-1,-1,-1
0,0,0,0,-1,-1,-1
152326,1,1,0,97,1225,1194
0,0,0,0,-1,-1,-1
155190,2,0,0,-1,-1,-1
154231,1,1,0,100,6880,6820
154085,2,0,0,-1,-1,-1
154753,2,0,0,-1,-1,-1
0,0,0,0,-1,-1,-1
154568,2,0,0,-1,-1,-1
154696,2,0,0,-1,-1,-1
0,0,0,0,-1,-1,-1
154324,1,1,0,109,2906,2863
153506,2,0,0,-1,-1,-1
155361,1,0,1,57,13307,13291
153652,2,0,0,-1,-1,-1
155215,1,1,0,88,17443,17407
154114,2,0,0,-1,-1,-1
154954,1,0,1,27,2687,2678
0,0,0,0,-1,-1,-1
154180,2,0,0,-1,-1,-1
155278,1,0,1,98,4404,4369
0,0,0,0,-1,-1,-1
154400,1,1,0,0,3724,3724
153615,1,1,0,190,1995,1905
152637,1,1,0,109,911,858
154789,1,1,0,29,11233,11216
155372,1,0,1,253,3435,3346
0,0,0,0,-1,-1,-1
152593,1,1,0,75,1451,1422
0,0,0,0,-1,-1,-1
154712,1,1,0,0,13038,13038
154151,2,0,0,-1,-1,-1
155280,2,0,0,-1,-1,-1
0,0,0,0,-1,-1,-1
153959,2,0,0,-1,-1,-1
155221,1,0,1,91,2558,2503
0,0,0,0,-1,-1,-1
154731,1,0,1,126,12988,12940
0,0,0,0,-1,-1,-1
154643,1,0,1,78,1721,1703
154670,1,0,1,44,4716,4694
154569,2,0,0,-1,-1,-1
155084,2,0,0,-1,-1,-1
154367,2,0,0,-1,-1,-1
154749,1,0,1,131,4789,4723
154630,1,0,1,33,9830,9823
153979,1,0,1,0,6027,6027
155049,1,1,0,106,2923,2861
0,0,0,0,-1,-1,-1
154867,1,0,1,94,4595,4551
154111,2,0,0,-1,-1,-1
154097,1,0,1,0,14280,14280
155041,1,0,1,0,9380,9380
154755,1,1,0,0,14022,14022
155095,1,1,0,85,4460,4419
0,0,0,0,-1,-1,-1
154737,2,0,0,-1,-1,-1
154981,1,0,1,132,2694,2613
153924,2,0,0,-1,-1,-1
154268,2,0,0,-1,-1,-1
153889,1,1,0,151,3741,3657
154421,2,0,0,-1,-1,-1
0,0,0,0,-1,-1,-1
155305,1,1,0,199,3252,3148
154943,1,1,1,150,6368,6305
0,0,0,0,-1,-1,-1
154297,1,1,0,63,4697,4680
154858,1,1,0,113,2379,2326
0,0,0,0,-1,-1,-1
153862,1,1,0,62,1501,1482
0,0,0,0,-1,-1,-1
153597,2,0,0,-1,-1,-1
154479,2,0,0,-1,-1,-1
155063,1,0,1,85,2736,2705
0,0,0,0,-1,-1,-1
154793,1,0,1,88,6785,6743
154115,2,0,0,-1,-1,-1
0,0,0,0,-1,-1,-1
154719,1,0,1,128,2154,2096
0,0,0,0,-1,-1,-1
154502,2,0,0,-1,-1,-1
154686,2,0,0,-1,-1,-1
154356,2,0,0,-1,-1,-1
154661,1,1,0,150,8868,8785
0,0,0,0,-1,-1,-1
153548,1,1,0,86,3376,3339
0,0,0,0,-1,-1,-1
154105,2,0,0,-1,-1,-1
154244,2,0,0,-1,-1,-1
154099,1,0,1,114,2897,2837
154924,1,1,0,92,3362,3339
0,0,0,0,-1,-1,-1
154035,2,0,0,-1,-1,-1
153514,1,1,0,336,4238,4089
154315,1,1,0,68,2833,2822
0,0,0,0,-1,-1,-1
153795,1,1,0,58,7482,7458
0,0,0,0,-1,-1,-1
153990,1,1,1,83,16443,16394
0,0,0,0,-1,-1,-1
153200,2,0,0,-1,-1,-1
154228,2,0,0,-1,-1,-1
155289,1,1,1,161,7272,7176
153790,2,0,0,-1,-1,-1
153630,2,0,0,-1,-1,-1
155155,1,0,1,159,2608,2538
154202,2,0,0,-1,-1,-1
0,0,0,0,-1,-1,-1
154962,1,1,0,23,1740,1730
0,0,0,0,-1,-1,-1
153678,2,0,0,-1,-1,-1
154630,1,1,0,27,1731,1717
0,0,0,0,-1,-1,-1
0,0,0,0,-1,-1,-1
151329,1,0,1,47,5690,5663
154426,2,0,0,-1,-1,-1
154205,1,0,1,124,2226,2165
154206,1,1,0,22,5232,5204
151693,2,0,0,-1,-1,-1
0,0,0,0,-1,-1,-1
155312,1,0,1,80,2614,2589
154308,1,0,1,118,6599,6554
153142,1,0,1,70,9344,9316
153775,2,0,0,-1,-1,-1
154124,1,1,0,73,9776,9738
154206,2,0,0,-1,-1,-1
0,0,0,0,-1,-1,-1
0,0,0,0,-1,-1,-1
0,0,0,0,-1,-1,-1
0,0,0,0,-1,-1,-1
155029,2,0,0,-1,-1,-1
152876,2,0,0,-1,-1,-1
155309,1,0,1,98,3552,3505
0,0,0,0,-1,-1,-1
154437,2,0,0,-1,-1,-1
0,0,0,0,-1,-1,-1
153874,1,1,0,143,4373,4308
0,0,0,0,-1,-1,-1
0,0,0,0,-1,-1,-1
154951,1,0,1,106,5661,5614
155273,2,0,0,-1,-1,-1
154573,2,0,0,-1,-1,-1
155350,1,1,-1,203,3414,3316
155063,1,1,1,135,4539,4478
0,0,0,0,-1,-1,-1
155029,1,0,1,103,2307,2249
153592,2,0,0,-1,-1,-1
0,0,0,0,-1,-1,-1
0,0,0,0,-1,-1,-1
153972,2,0,0,-1,-1,-1
0,0,0,0,-1,-1,-1
153783,2,0,0,-1,-1,-1
0,0,0,0,-1,-1,-1
154400,2,0,0,-1,-1,-1
0,0,0,0,-1,-1,-1
0,0,0,0,-1,-1,-1
0,0,0,0,-1,-1,-1
155192,1,1,0,116,5263,5203
0,0,0,0,-1,-1,-1
0,0,0,0,-1,-1,-1
154241,1,1,0,55,2752,2725
154696,1,1,1,85,9848,9810
153051,2,0,0,-1,-1,-1
0,0,0,0,-1,-1,-1
154894,1,0,1,152,7095,7043
0,0,0,0,-1,-1,-1
154455,1,1,1,181,5661,5583
154339,1,1,0,0,11778,11778
153250,1,0,1,7,7086,7085
0,0,0,0,-1,-1,-1
0,0,0,0,-1,-1,-1
153472,2,0,0,-1,-1,-1
155322,1,0,1,166,2099,2012
154917,1,1,-1,179,3801,3694
0,0,0,0,-1,-1,-1
153649,2,0,0,-1,-1,-1
154053,2,0,0,-1,-1,-1
0,0,0,0,-1,-1,-1
0,0,0,0,-1,-1,-1
153476,1,1,0,152,1846,1783
155031,1,0,1,110,2613,2556
153687,1,0,1,74,17009,16983
155225,1,1,-1,115,5870,5849
152938,2,0,0,-1,-1,-1
155118,1,0,1,0,11947,11947
0,0,0,0,-1,-1,-1
0,0,0,0,-1,-1,-1
155211,1,0,1,0,3312,3312
153654,2,0,0,-1,-1,-1
152976,2,0,0,-1,-1,-1
153254,2,0,0,-1,-1,-1
155051,1,0,1,0,13464,13464
155251,1,0,1,68,11089,11059
152829,1,0,1,207,1407,1313
153891,1,0,1,110,1342,1285
0,0,0,0,-1,-1,-1
154400,1,0,1,0,11542,11542
0,0,0,0,-1,-1,-1
0,0,0,0,-1,-1,-1
154912,1,1,0,158,3057,2962
0,0,0,0,-1,-1,-1
155184,1,0,1,11,167,159
0,0,0,0,-1,-1,-1
154805,2,0,0,-1,-1,-1
153659,2,0,0,-1,-1,-1
154824,1,0,1,102,2845,2776
155066,1,0,1,179,2266,2202
0,0,0,0,-1,-1,-1
0,0,0,0,-1,-1,-1
0,0,0,0,-1,-1,-1
154832,1,0,1,131,5038,4986
154963,2,0,0,-1,-1,-1
154730,1,1,0,48,2414,2390
0,0,0,0,-1,-1,-1
155027,1,1,-1,131,12396,12341
0,0,0,0,-1,-1,-1
153920,2,0,0,-1,-1,-1
0,0,0,0,-1,-1,-1
0,0,0,0,-1,-1,-1
155060,1,0,1,86,3089,3043
155023,1,1,-1,58,2843,2798
0,0,0,0,-1,-1,-1
153885,2,0,0,-1,-1,-1
153108,1,0,1,19,9851,9842
153178,2,0,0,-1,-1,-1
155257,1,0,1,200,7753,7642
153291,2,0,0,-1,-1,-1
153574,1,1,0,111,1523,1462
0,0,0,0,-1,-1,-1
154975,2,0,0,-1,-1,-1
155341,1,0,1,170,1630,1523
154769,1,1,0,192,3628,3546
154119,1,1,-1,6,5203,5197
154809,1,1,0,12,1836,1828
154890,1,0,1,122,1795,1748
155248,1,0,1,56,3991,3968
154726,2,0,0,-1,-1,-1
153013,2,0,0,-1,-1,-1
154617,2,0,0,-1,-1,-1
155280,2,0,0,-1,-1,-1
155380,1,0,1,0,448,448
154956,2,0,0,-1,-1,-1
155353,1,1,-1,171,7285,7212
154028,2,0,0,-1,-1,-1
154879,2,0,0,-1,-1,-1
154436,1,1,0,91,1130,1088
154418,1,0,1,100,2270,2231
155104,2,0,0,-1,-1,-1
154709,1,0,1,50,3160,3139
0,0,0,0,-1,-1,-1
153998,1,1,0,209,1737,1608
153223,2,0,0,-1,-1,-1
0,0,0,0,-1,-1,-1
153945,1,1,0,80,5729,5698
155001,1,0,1,85,4819,4778
154987,1,0,1,80,4104,4068
154672,1,1,0,61,8912,8879
155115,1,1,0,163,2480,2414
153996,2,0,0,-1,-1,-1
153147,1,0,1,53,4196,4167
153482,2,0,0,-1,-1,-1
154607,1,1,0,72,17741,17686
154971,1,0,1,130,1901,1848
0,0,0,0,-1,-1,-1
154037,1,0,1,113,1717,1652
155185,2,0,0,-1,-1,-1
154717,2,0,0,-1,-1,-1
0,0,0,0,-1,-1,-1
0,0,0,0,-1,-1,-1
0,0,0,0,-1,-1,-1
153725,2,0,0,-1,-1,-1
0,0,0,0,-1,-1,-1
153480,1,0,1,105,3724,3677
154393,2,0,0,-1,-1,-1
0,0,0,0,-1,-1,-1
0,0,0,0,-1,-1,-1
0,0,0,0,-1,-1,-1
154168,2,0,0,-1,-1,-1
155034,1,1,-1,304,5927,5813
0,0,0,0,-1,-1,-1
153721,2,0,0,-1,-1,-1
0,0,0,0,-1,-1,-1
154692,1,0,1,192,2550,2473
0,0,0,0,-1,-1,-1
154728,1,1,0,139,1043,1003
153209,1,1,0,46,6329,6309
154000,1,1,0,255,2369,2254
0,0,0,0,-1,-1,-1
154960,1,1,-1,74,2983,2948
154736,1,0,1,74,3313,3277
155011,1,0,1,125,8850,8797
153821,1,0,1,184,1591,1507
154833,1,1,0,110,4483,4428
154552,2,0,0,-1,-1,-1
0,0,0,0,-1,-1,-1
153829,2,0,0,-1,-1,-1
0,0,0,0,-1,-1,-1
154090,2,0,0,-1,-1,-1
153418,2,0,0,-1,-1,-1
153491,2,0,0,-1,-1,-1
153304,1,0,1,127,1419,1366
155005,1,0,1,57,6122,6097
154744,2,0,0,-1,-1,-1
154451,2,0,0,-1,-1,-1
155159,1,0,1,118,2810,2733
0,0,0,0,-1,-1,-1
153914,1,0,1,121,3368,3331
0,0,0,0,-1,-1,-1
154786,1,1,0,184,7296,7233
154537,1,0,1,170,1314,1255
155359,1,1,0,165,5790,5726
154178,2,0,0,-1,-1,-1
154043,2,0,0,-1,-1,-1
154176,1,1,0,76,3298,3270
0,0,0,0,-1,-1,-1
152913,2,0,0,-1,-1,-1
154491,2,0,0,-1,-1,-1
0,0,0,0,-1,-1,-1
154559,2,0,0,-1,-1,-1
154930,1,1,0,355,6810,6690
0,0,0,0,-1,-1,-1
155257,1,1,0,52,40045,40023
0,0,0,0,-1,-1,-1
154161,2,0,0,-1,-1,-1
0,0,0,0,-1,-1,-1
0,0,0,0,-1,-1,-1
154450,2,0,0,-1,-1,-1
154330,1,0,1,23,25719,25703
155355,1,1,0,45,2943,2922
0,0,0,0,-1,-1,-1
154806,1,1,0,90,2531,2487
153569,1,0,1,139,1808,1744
0,0,0,0,-1,-1,-1
154615,2,0,0,-1,-1,-1
151969,2,0,0,-1,-1,-1
0,0,0,0,-1,-1,-1
0,0,0,0,-1,-1,-1
152571,2,0,0,-1,-1,-1
154644,1,1,0,71,19917,19886
0,0,0,0,-1,-1,-1
0,0,0,0,-1,-1,-1
154582,2,0,0,-1,-1,-1
153282,1,1,0,94,5248,5193
153934,1,1,0,164,3512,3434
154205,2,0,0,-1,-1,-1
153516,1,0,1,55,3051,3025
154889,1,1,0,113,11178,11142
155069,1,0,1,56,3088,3061
154885,1,1,-1,218,7100,7008
155249,1,1,0,242,4550,4455
155360,1,0,1,122,6445,6361
0,0,0,0,-1,-1,-1
0,0,0,0,-1,-1,-1
153480,1,1,0,125,964,904
154283,2,0,0,-1,-1,-1
154326,1,0,1,0,4660,4660
154776,1,0,1,99,1964,1920
154787,2,0,0,-1,-1,-1
0,0,0,0,-1,-1,-1
0,0,0,0,-1,-1,-1
0,0,0,0,-1,-1,-1
0,0,0,0,-1,-1,-1
154050,1,1,0,193,1984,1873
0,0,0,0,-1,-1,-1
0,0,0,0,-1,-1,-1
0,0,0,0,-1,-1,-1
153035,2,0,0,-1,-1,-1
155087,1,0,1,67,4335,4297
0,0,0,0,-1,-1,-1
154307,2,0,0,-1,-1,-1
155099,1,1,0,144,4300,4233
155224,1,0,1,211,1211,1116
154446,1,1,-1,194,4966,4873
0,0,0,0,-1,-1,-1
0,0,0,0,-1,-1,-1
154311,2,0,0,-1,-1,-1
0,0,0,0,-1,-1,-1
0,0,0,0,-1,-1,-1
154693,1,1,0,277,5852,5718
154816,1,0,1,137,1439,1368
155281,1,0,1,295,4194,4064
155303,1,1,0,10,1185,1182
0,0,0,0,-1,-1,-1
0,0,0,0,-1,-1,-1
154823,1,1,0,0,1410,1410
0,0,0,0,-1,-1,-1
153279,2,0,0,-1,-1,-1
154963,1,1,0,104,3963,3919
155166,2,0,0,-1,-1,-1
0,0,0,0,-1,-1,-1
0,0,0,0,-1,-1,-1
0,0,0,0,-1,-1,-1
154568,2,0,0,-1,-1,-1
154444,1,0,1,163,7546,7485
154629,2,0,0,-1,-1,-1
153639,1,1,0,167,2283,2207
153787,2,0,0,-1,-1,-1
155351,1,1,0,213,11050,10947
153470,1,0,1,0,12347,12347
154615,2,0,0,-1,-1,-1
0,0,0,0,-1,-1,-1
154722,1,1,-1,75,3525,3491
0,0,0,0,-1,-1,-1
0,0,0,0,-1,-1,-1
154671,2,0,0,-1,-1,-1
0,0,0,0,-1,-1,-1
154707,1,0,1,94,5623,5573
0,0,0,0,-1,-1,-1
0,0,0,0,-1,-1,-1
0,0,0,0,-1,-1,-1
153925,1,0,1,205,2450,2352
154042,2,0,0,-1,-1,-1
0,0,0,0,-1,-1,-1
0,0,0,0,-1,-1,-1
154293,2,0,0,-1,-1,-1
0,0,0,0,-1,-1,-1
154926,1,0,1,56,16599,16569
153649,2,0,0,-1,-1,-1
154908,1,1,0,59,4076,4049
0,0,0,0,-1,-1,-1
154123,2,0,0,-1,-1,-1
154516,1,1,0,65,4798,4774
155033,1,1,-1,121,2289,2240
0,0,0,0,-1,-1,-1
155038,1,1,0,89,10414,10385
155195,2,0,0,-1,-1,-1
0,0,0,0,-1,-1,-1
154863,1,1,0,123,2720,2666
154624,1,0,1,38,11228,11211
154966,1,1,0,160,3126,3043
154008,1,0,1,95,2820,2774
155137,1,1,0,140,2594,2533
153434,2,0,0,-1,-1,-1
155106,1,0,1,12,2165,2158
154765,1,1,0,159,2036,1958
0,0,0,0,-1,-1,-1
153882,2,0,0,-1,-1,-1
154509,2,0,0,-1,-1,-1
154944,1,0,1,32,1166,1147
0,0,0,0,-1,-1,-1
154090,1,1,0,175,4255,4181
0,0,0,0,-1,-1,-1
0,0,0,0,-1,-1,-1
0,0,0,0,-1,-1,-1
153095,2,0,0,-1,-1,-1
153014,1,0,1,104,4578,4528
154652,2,0,0,-1,-1,-1
154976,1,0,1,142,3001,2927
154613,1,0,1,7,5865,5855
0,0,0,0,-1,-1,-1
0,0,0,0,-1,-1,-1
0,0,0,0,-1,-1,-1
153731,2,0,0,-1,-1,-1
154143,2,0,0,-1,-1,-1
154501,1,0,1,0,1674,1674
0,0,0,0,-1,-1,-1
0,0,0,0,-1,-1,-1
0,0,0,0,-1,-1,-1
154537,1,1,0,6,4647,4643
153648,2,0,0,-1,-1,-1
154705,2,0,0,-1,-1,-1
154894,1,0,1,194,2693,2621
0,0,0,0,-1,-1,-1
155375,1,1,-1,268,3613,3454
0,0,0,0,-1,-1,-1
0,0,0,0,-1,-1,-1
155200,1,0,1,184,1440,1355
0,0,0,0,-1,-1,-1
154138,2,0,0,-1,-1,-1
0,0,0,0,-1,-1,-1
154035,2,0,0,-1,-1,-1
153910,2,0,0,-1,-1,-1
153359,2,0,0,-1,-1,-1
0,0,0,0,-1,-1,-1
155211,1,1,0,25,37391,37382
155112,1,0,1,69,4121,4077
154386,1,0,1,176,3305,3219
154114,2,0,0,-1,-1,-1
153303,1,1,0,0,10247,10247
154322,2,0,0,-1,-1,-1
154556,1,0,1,46,5250,5233
155060,2,0,0,-1,-1,-1
0,0,0,0,-1,-1,-1
155360,1,1,0,0,11610,11610
153935,2,0,0,-1,-1,-1
155045,1,0,1,0,11978,11978
154146,2,0,0,-1,-1,-1
0,0,0,0,-1,-1,-1
153690,2,0,0,-1,-1,-1
154658,2,0,0,-1,-1,-1
154573,1,0,1,101,2728,2672
0,0,0,0,-1,-1,-1
155359,1,1,0,12,6174,6173
0,0,0,0,-1,-1,-1
154533,2,0,0,-1,-1,-1
155189,1,0,1,138,1982,1901
154997,1,1,0,67,2417,2376
154410,2,0,0,-1,-1,-1
153726,1,0,1,275,4119,4007
0,0,0,0,-1,-1,-1
154433,2,0,0,-1,-1,-1
153746,1,0,1,0,16848,16848
0,0,0,0,-1,-1,-1
0,0,0,0,-1,-1,-1
0,0,0,0,-1,-1,-1
153858,2,0,0,-1,-1,-1
155125,1,1,0,28,5002,4989
0,0,0,0,-1,-1,-1
154645,1,0,1,0,3288,3288
0,0,0,0,-1,-1,-1
0,0,0,0,-1,-1,-1
154582,2,0,0,-1,-1,-1
0,0,0,0,-1,-1,-1
155303,1,1,0,134,2213,2168
154148,2,0,0,-1,-1,-1
154983,1,1,1,300,4869,4738
155135,1,1,0,127,5496,5454
154031,1,0,1,27,3127,3115
153720,1,0,1,44,2803,2793
155225,1,1,0,110,5333,5288
155218,1,1,0,192,3423,3338
154097,2,0,0,-1,-1,-1
154504,1,1,0,26,2821,2810
154522,1,1,0,237,2146,1999
0,0,0,0,-1,-1,-1
154442,2,0,0,-1,-1,-1
154521,1,0,1,137,3912,3858
154438,2,0,0,-1,-1,-1
154408,1,1,0,104,2937,2879
155183,1,0,1,43,4798,4767
154046,2,0,0,-1,-1,-1
0,0,0,0,-1,-1,-1
0,0,0,0,-1,-1,-1
0,0,0,0,-1,-1,-1
154093,2,0,0,-1,-1,-1
154662,1,0,1,0,8220,8220
153081,1,1,0,104,2041,1982
0,0,0,0,-1,-1,-1
154761,2,0,0,-1,-1,-1
154207,1,0,1,70,23508,23466
153706,2,0,0,-1,-1,-1
151899,2,0,0,-1,-1,-1
0,0,0,0,-1,-1,-1
152726,2,0,0,-1,-1,-1
0,0,0,0,-1,-1,-1
154340,1,0,1,105,5855,5820
153510,2,0,0,-1,-1,-1
155136,1,1,0,143,7545,7485
154296,2,0,0,-1,-1,-1
0,0,0,0,-1,-1,-1
154113,2,0,0,-1,-1,-1
154194,1,1,0,0,3314,3314
0,0,0,0,-1,-1,-1
0,0,0,0,-1,-1,-1
155280,1,1,0,62,22092,22055
153951,2,0,0,-1,-1,-1
0,0,0,0,-1,-1,-1
0,0,0,0,-1,-1,-1
0,0,0,0,-1,-1,-1
154006,1,0,1,31,10253,10242
0,0,0,0,-1,-1,-1
0,0,0,0,-1,-1,-1
154050,1,0,1,120,8861,8813
153785,2,0,0,-1,-1,-1
154229,2,0,0,-1,-1,-1
154344,1,1,0,54,3899,3866
153525,2,0,0,-1,-1,-1
154806,1,0,1,146,6353,6276
154164,1,1,0,133,2662,2575
152579,2,0,0,-1,-1,-1
154408,2,0,0,-1,-1,-1
153668,1,1,0,49,2339,2328
0,0,0,0,-1,-1,-1
0,0,0,0,-1,-1,-1
153506,1,0,1,85,7916,7854
0,0,0,0,-1,-1,-1
154019,2,0,0,-1,-1,-1
154827,1,1,0,0,2985,2985
155267,1,0,1,91,5957,5898
154196,2,0,0,-1,-1,-1
153353,1,0,1,17,5309,5302
154028,2,0,0,-1,-1,-1
153411,2,0,0,-1,-1,-1
155221,1,0,1,134,1273,1214
155198,1,0,1,24,4655,4652
155090,1,0,1,93,2208,2145
154552,1,0,1,54,2267,2252
0,0,0,0,-1,-1,-1
154821,1,0,1,123,1031,975
155213,1,1,0,80,1789,1756
154911,2,0,0,-1,-1,-1
154637,1,0,1,132,5420,5348
0,0,0,0,-1,-1,-1
154844,2,0,0,-1,-1,-1
154063,2,0,0,-1,-1,-1
154584,1,1,0,157,3307,3239
0,0,0,0,-1,-1,-1
154130,2,0,0,-1,-1,-1
0,0,0,0,-1,-1,-1
155083,1,0,1,162,8960,8901
154196,1,0,1,55,11135,11107
154676,1,0,1,2,2057,2058
154100,2,0,0,-1,-1,-1
0,0,0,0,-1,-1,-1
153575,1,1,0,98,5207,5172
0,0,0,0,-1,-1,-1
0,0,0,0,-1,-1,-1
153631,2,0,0,-1,-1,-1
0,0,0,0,-1,-1,-1
0,0,0,0,-1,-1,-1
0,0,0,0,-1,-1,-1
0,0,0,0,-1,-1,-1
152367,2,0,0,-1,-1,-1
155180,1,0,1,88,5702,5667
0,0,0,0,-1,-1,-1
154241,2,0,0,-1,-1,-1
0,0,0,0,-1,-1,-1
155031,1,0,1,11,7404,7390
155344,1,0,1,117,20172,20133
154697,2,0,0,-1,-1,-1
154825,2,0,0,-1,-1,-1
154040,2,0,0,-1,-1,-1
154576,1,0,1,143,5124,5066
153572,1,1,0,107,3326,3280
0,0,0,0,-1,-1,-1
153852,2,0,0,-1,-1,-1
153348,1,0,1,43,2870,2848
153357,2,0,0,-1,-1,-1
0,0,0,0,-1,-1,-1
154226,1,0,1,148,3931,3862
154350,2,0,0,-1,-1,-1
153723,2,0,0,-1,-1,-1
154633,1,1,0,14,1647,1642
155248,2,0,0,-1,-1,-1
154570,2,0,0,-1,-1,-1
0,0,0,0,-1,-1,-1
153833,2,0,0,-1,-1,-1
154197,2,0,0,-1,-1,-1
0,0,0,0,-1,-1,-1
155328,1,0,1,44,13045,13004
153331,2,0,0,-1,-1,-1
154005,1,0,1,57,1902,1880
0,0,0,0,-1,-1,-1
0,0,0,0,-1,-1,-1
154409,1,1,0,114,1328,1268
155142,1,0,1,0,5115,5115
154779,1,1,0,138,2419,2375
154255,2,0,0,-1,-1,-1
154221,2,0,0,-1,-1,-1
0,0,0,0,-1,-1,-1
154980,2,0,0,-1,-1,-1
0,0,0,0,-1,-1,-1
152681,2,0,0,-1,-1,-1
154236,2,0,0,-1,-1,-1
153540,2,0,0,-1,-1,-1
155043,2,0,0,-1,-1,-1
155041,1,1,0,205,1143,1055
153523,2,0,0,-1,-1,-1
154420,1,1,0,91,4707,4667
152793,2,0,0,-1,-1,-1
154796,1,1,1,92,4985,4944
155371,1,1,0,0,1525,1525
0,0,0,0,-1,-1,-1
0,0,0,0,-1,-1,-1
155364,1,0,1,0,900,900
154127,2,0,0,-1,-1,-1
0,0,0,0,-1,-1,-1
154909,1,1,0,98,1458,1441
153871,1,0,1,166,5697,5627
155359,1,1,0,67,5575,5539
0,0,0,0,-1,-1,-1
155354,1,0,1,113,3651,3585
0,0,0,0,-1,-1,-1
154327,2,0,0,-1,-1,-1
153806,2,0,0,-1,-1,-1
154948,1,1,-1,0,6292,6292
154763,1,1,0,0,5492,5493
0,0,0,0,-1,-1,-1
154649,2,0,0,-1,-1,-1
153941,2,0,0,-1,-1,-1
153078,2,0,0,-1,-1,-1
0,0,0,0,-1,-1,-1
154727,1,0,1,43,26616,26582
0,0,0,0,-1,-1,-1
153297,2,0,0,-1,-1,-1
155279,1,1,0,88,10666,10621
0,0,0,0,-1,-1,-1
154921,2,0,0,-1,-1,-1
154571,2,0,0,-1,-1,-1
0,0,0,0,-1,-1,-1
154716,1,0,1,14,2802,2788
0,0,0,0,-1,-1,-1
0,0,0,0,-1,-1,-1
153815,2,0,0,-1,-1,-1
153506,1,1,0,32,17066,17054
0,0,0,0,-1,-1,-1
0,0,0,0,-1,-1,-1
153991,2,0,0,-1,-1,-1
154139,1,0,1,111,4600,4531
154419,1,1,1,60,3307,3290
0,0,0,0,-1,-1,-1
154166,1,1,0,52,5667,5634
153279,2,0,0,-1,-1,-1
155009,2,0,0,-1,-1,-1
0,0,0,0,-1,-1,-1
154564,2,0,0,-1,-1,-1
0,0,0,0,-1,-1,-1
153946,2,0,0,-1,-1,-1
154440,2,0,0,-1,-1,-1
0,0,0,0,-1,-1,-1
0,0,0,0,-1,-1,-1
0,0,0,0,-1,-1,-1
154321,2,0,0,-1,-1,-1
155194,1,1,0,168,2873,2775
153324,2,0,0,-1,-1,-1
0,0,0,0,-1,-1,-1
154591,1,0,1,244,4244,4107
153548,2,0,0,-1,-1,-1
0,0,0,0,-1,-1,-1
154758,2,0,0,-1,-1,-1
155379,1,1,0,189,3117,3024
154159,1,0,1,53,3650,3629
154891,1,0,1,87,4047,4018
154949,2,0,0,-1,-1,-1
153599,1,1,0,212,2749,2662
0,0,0,0,-1,-1,-1
155221,1,0,1,19,3681,3661
0,0,0,0,-1,-1,-1
154255,1,1,0,198,2511,2463
152801,2,0,0,-1,-1,-1
0,0,0,0,-1,-1,-1
0,0,0,0,-1,-1,-1
0,0,0,0,-1,-1,-1
155005,1,0,1,99,2931,2866
0,0,0,0,-1,-1,-1
0,0,0,0,-1,-1,-1
154570,2,0,0,-1,-1,-1
154821,1,1,-1,63,2691,2678
0,0,0,0,-1,-1,-1
0,0,0,0,-1,-1,-1
155002,1,0,1,46,4246,4222
152508,2,0,0,-1,-1,-1
154484,1,0,1,33,1728,1700
154923,1,0,1,26,17413,17407
155296,1,1,1,114,2664,2568
153036,1,1,0,25,4467,4457
0,0,0,0,-1,-1,-1
0,0,0,0,-1,-1,-1
155190,1,1,0,143,1747,1699
0,0,0,0,-1,-1,-1
154857,1,1,0,68,8269,8245
154054,2,0,0,-1,-1,-1
154084,1,1,0,106,3441,3389
0,0,0,0,-1,-1,-1
155128,1,1,0,95,2150,2115
155138,1,0,1,146,1291,1199
153718,2,0,0,-1,-1,-1
0,0,0,0,-1,-1,-1
154314,1,1,0,36,3663,3643
0,0,0,0,-1,-1,-1
154455,2,0,0,-1,-1,-1
154357,2,0,0,-1,-1,-1
0,0,0,0,-1,-1,-1
0,0,0,0,-1,-1,-1
154000,2,0,0,-1,-1,-1
154349,1,1,0,75,3687,3659
154314,1,0,1,144,2507,2441
0,0,0,0,-1,-1,-1
0,0,0,0,-1,-1,-1
0,0,0,0,-1,-1,-1
154280,1,1,0,18,3557,3545
0,0,0,0,-1,-1,-1
155045,1,1,1,272,11383,11245
155228,1,0,1,0,3632,3632
0,0,0,0,-1,-1,-1
0,0,0,0,-1,-1,-1
154796,1,0,1,237,3649,3558
154914,2,0,0,-1,-1,-1
0,0,0,0,-1,-1,-1
154050,1,1,-1,60,7256,7232
152876,2,0,0,-1,-1,-1
155298,1,0,1,190,3018,2926
0,0,0,0,-1,-1,-1
155269,1,1,1,109,7923,7875
155340,1,0,1,106,10530,10471
153881,1,1,0,118,4515,4462
0,0,0,0,-1,-1,-1
154224,2,0,0,-1,-1,-1
154364,1,1,0,114,2537,2480
154494,1,0,1,75,2855,2813
153871,2,0,0,-1,-1,-1
0,0,0,0,-1,-1,-1
153512,1,1,0,38,339,328
154100,2,0,0,-1,-1,-1
0,0,0,0,-1,-1,-1
154158,2,0,0,-1,-1,-1
155229,1,1,1,121,2090,2032
155253,1,1,0,352,2893,2715
155090,1,1,0,32,2655,2656
0,0,0,0,-1,-1,-1
0,0,0,0,-1,-1,-1
154217,2,0,0,-1,-1,-1
154139,2,0,0,-1,-1,-1
152555,2,0,0,-1,-1,-1
0,0,0,0,-1,-1,-1
153843,2,0,0,-1,-1,-1
154962,1,1,0,62,1567,1546
0,0,0,0,-1,-1,-1
154997,1,1,0,202,3324,3238
0,0,0,0,-1,-1,-1
154449,1,0,1,135,1304,1263
154719,1,0,1,91,5739,5676
154434,2,0,0,-1,-1,-1
155309,1,0,1,31,4028,4017
153932,1,0,1,0,80,80
152374,2,0,0,-1,-1,-1
0,0,0,0,-1,-1,-1
0,0,0,0,-1,-1,-1
153498,2,0,0,-1,-1,-1
0,0,0,0,-1,-1,-1
154315,2,0,0,-1,-1,-1
0,0,0,0,-1,-1,-1
153644,2,0,0,-1,-1,-1
155017,1,1,0,152,6071,6020
153144,2,0,0,-1,-1,-1
0,0,0,0,-1,-1,-1
153784,2,0,0,-1,-1,-1
0,0,0,0,-1,-1,-1
0,0,0,0,-1,-1,-1
153974,2,0,0,-1,-1,-1
154555,1,0,1,113,1331,1267
154346,2,0,0,-1,-1,-1
0,0,0,0,-1,-1,-1
0,0,0,0,-1,-1,-1
155334,1,0,1,1,12229,12229
154950,1,1,0,148,2966,2860
153906,1,0,1,0,4389,4389
153961,2,0,0,-1,-1,-1
154081,2,0,0,-1,-1,-1
154150,1,1,0,0,29744,29744
154580,2,0,0,-1,-1,-1
154490,1,1,0,58,1349,1325
0,0,0,0,-1,-1,-1
152316,1,1,0,229,1967,1835
0,0,0,0,-1,-1,-1
154713,2,0,0,-1,-1,-1
155244,1,1,0,40,1864,1844
154532,1,1,0,66,5362,5332
0,0,0,0,-1,-1,-1
154387,1,1,1,217,2938,2830
0,0,0,0,-1,-1,-1
0,0,0,0,-1,-1,-1
154284,2,0,0,-1,-1,-1
154955,1,1,-1,114,3670,3591
0,0,0,0,-1,-1,-1
154496,1,0,1,113,2980,2936
0,0,0,0,-1,-1,-1
0,0,0,0,-1,-1,-1
0,0,0,0,-1,-1,-1
0,0,0,0,-1,-1,-1
0,0,0,0,-1,-1,-1
154509,1,1,0,0,36720,36720
154157,1,1,0,145,4311,4232
0,0,0,0,-1,-1,-1
0,0,0,0,-1,-1,-1
155044,2,0,0,-1,-1,-1
154047,1,0,1,141,3259,3194
155070,1,1,0,130,3106,3038
153913,1,1,0,189,1853,1776
154434,2,0,0,-1,-1,-1
153890,2,0,0,-1,-1,-1
0,0,0,0,-1,-1,-1
0,0,0,0,-1,-1,-1
154479,2,0,0,-1,-1,-1
0,0,0,0,-1,-1,-1
153829,1,1,0,99,1973,1936
154275,2,0,0,-1,-1,-1
154804,1,0,1,23,22175,22153
154587,2,0,0,-1,-1,-1
0,0,0,0,-1,-1,-1
0,0,0,0,-1,-1,-1
0,0,0,0,-1,-1,-1
154846,1,0,1,168,6416,6343
153453,1,0,1,161,3680,3637
154806,1,1,0,222,2738,2658
0,0,0,0,-1,-1,-1
154055,2,0,0,-1,-1,-1
155338,1,1,1,89,7464,7436
0,0,0,0,-1,-1,-1
154754,1,1,0,174,6637,6543
152119,2,0,0,-1,-1,-1
155240,1,1,0,21,720,711
154619,1,0,1,65,1516,1482
0,0,0,0,-1,-1,-1
154631,2,0,0,-1,-1,-1
0,0,0,0,-1,-1,-1
153994,2,0,0,-1,-1,-1
154263,1,0,1,100,2184,2143
153215,2,0,0,-1,-1,-1
153932,2,0,0,-1,-1,-1
154738,1,1,-1,71,10007,9963
154966,1,1,0,55,6116,6090
154042,1,1,0,128,3082,3017
0,0,0,0,-1,-1,-1
0,0,0,0,-1,-1,-1
0,0,0,0,-1,-1,-1
153470,2,0,0,-1,-1,-1
154635,1,1,0,49,10760,10737
152098,1,1,0,0,4680,4680
155186,2,0,0,-1,-1,-1
152887,2,0,0,-1,-1,-1
0,0,0,0,-1,-1,-1
0,0,0,0,-1,-1,-1
155346,1,0,1,81,3786,3751
154519,1,0,1,0,2730,2730
154170,1,0,1,241,3257,3138
0,0,0,0,-1,-1,-1
154952,1,0,1,76,3157,3098
0,0,0,0,-1,-1,-1
153794,1,0,1,214,2292,2185
0,0,0,0,-1,-1,-1
0,0,0,0,-1,-1,-1
154716,2,0,0,-1,-1,-1
0,0,0,0,-1,-1,-1
153879,1,0,1,17,6385,6381
0,0,0,0,-1,-1,-1
155059,1,0,1,71,4637,4599
155377,1,1,1,236,5588,5464
153875,1,0,1,149,2943,2842
0,0,0,0,-1,-1,-1
154049,2,0,0,-1,-1,-1
155197,1,0,1,244,1733,1648
0,0,0,0,-1,-1,-1
155044,1,1,0,0,20907,20907
155106,1,0,1,56,866,833
155062,1,1,0,103,2032,1986
153703,2,0,0,-1,-1,-1
0,0,0,0,-1,-1,-1
152942,1,0,1,51,7345,7321
152909,2,0,0,-1,-1,-1
154617,2,0,0,-1,-1,-1
154819,1,1,0,131,2108,2029
154587,1,1,0,0,0,0
0,0,0,0,-1,-1,-1
154430,2,0,0,-1,-1,-1
154689,2,0,0,-1,-1,-1
154313,2,0,0,-1,-1,-1
0,0,0,0,-1,-1,-1
155321,1,0,1,0,2291,2291
155375,1,0,1,58,3010,2974
0,0,0,0,-1,-1,-1
153227,2,0,0,-1,-1,-1
154109,2,0,0,-1,-1,-1
153424,2,0,0,-1,-1,-1
154480,1,0,1,76,5015,4983
0,0,0,0,-1,-1,-1
155362,1,1,0,128,3428,3385
153463,2,0,0,-1,-1,-1
155059,2,0,0,-1,-1,-1
153994,2,0,0,-1,-1,-1
0,0,0,0,-1,-1,-1
155024,1,0,1,0,10329,10329
155234,2,0,0,-1,-1,-1
153718,1,1,0,133,1240,1178
154574,2,0,0,-1,-1,-1
0,0,0,0,-1,-1,-1
154839,1,1,0,0,1462,1462
155002,1,0,1,36,2728,2709
155378,1,0,1,46,4993,4986
0,0,0,0,-1,-1,-1
153732,2,0,0,-1,-1,-1
154077,2,0,0,-1,-1,-1
154873,1,1,0,143,6962,6899
154221,2,0,0,-1,-1,-1
155252,1,1,-1,75,5284,5250
153713,1,1,-1,227,7151,7035
0,0,0,0,-1,-1,-1
153529,2,0,0,-1,-1,-1
154554,2,0,0,-1,-1,-1
153771,2,0,0,-1,-1,-1
154466,2,0,0,-1,-1,-1
154334,2,0,0,-1,-1,-1
154334,2,0,0,-1,-1,-1
153459,2,0,0,-1,-1,-1
153809,2,0,0,-1,-1,-1
154384,1,0,1,126,5808,5752
154352,1,1,0,132,7598,7546
153934,1,1,1,160,2571,2515
154330,1,1,0,147,1875,1807
154360,2,0,0,-1,-1,-1
153806,1,0,1,44,5192,5168
155130,1,1,0,21,4068,4053
0,0,0,0,-1,-1,-1
0,0,0,0,-1,-1,-1
152615,2,0,0,-1,-1,-1
0,0,0,0,-1,-1,-1
154772,2,0,0,-1,-1,-1
153452,1,1,0,71,1212,1164
0,0,0,0,-1,-1,-1
154215,1,0,1,0,6342,6342
152735,2,0,0,-1,-1,-1
155372,1,1,0,264,4374,4263
151969,1,0,1,143,1583,1506
153716,1,0,1,74,2217,2174
154685,1,1,-1,130,7686,7629
0,0,0,0,-1,-1,-1
153981,2,0,0,-1,-1,-1
155327,1,1,-1,126,2136,2071
155285,1,0,1,110,3552,3529
154063,2,0,0,-1,-1,-1
154454,2,0,0,-1,-1,-1
154094,2,0,0,-1,-1,-1
155312,1,1,1,122,11696,11628
155241,2,0,0,-1,-1,-1
0,0,0,0,-1,-1,-1
155378,1,1,0,0,17584,17584
153903,1,1,1,278,2965,2858
153125,2,0,0,-1,-1,-1
154933,1,0,1,126,6117,6046
153700,1,0,1,12,17327,17325
155133,1,1,-1,264,2942,2796
153776,2,0,0,-1,-1,-1
154120,2,0,0,-1,-1,-1
154603,1,0,1,0,2588,2588
153939,1,1,0,225,1653,1582
155142,2,0,0,-1,-1,-1
154467,1,1,0,57,3317,3280
155352,1,1,0,45,2895,2886
154914,2,0,0,-1,-1,-1
0,0,0,0,-1,-1,-1
153133,2,0,0,-1,-1,-1
155148,1,0,1,0,10192,10192
152493,1,1,1,251,2406,2288
155205,1,0,1,143,7469,7395
0,0,0,0,-1,-1,-1
0,0,0,0,-1,-1,-1
154235,2,0,0,-1,-1,-1
154630,1,0,1,242,2107,1983
154049,1,0,1,24,10349,10342
154437,1,0,1,273,1555,1439
154697,1,0,1,33,2024,2017
154619,1,0,1,24,6284,6266
153612,2,0,0,-1,-1,-1
0,0,0,0,-1,-1,-1
153708,2,0,0,-1,-1,-1
153630,2,0,0,-1,-1,-1
154740,1,1,0,22,2543,2542
0,0,0,0,-1,-1,-1
154505,1,1,0,52,1162,1145
0,0,0,0,-1,-1,-1
154767,1,1,1,137,2117,2041
151309,1,0,1,178,4229,4157
0,0,0,0,-1,-1,-1
155277,1,0,1,89,3239,3189
154519,1,1,0,121,3364,3292
0,0,0,0,-1,-1,-1
0,0,0,0,-1,-1,-1
154943,2,0,0,-1,-1,-1
154991,1,1,0,0,2881,2876
155033,1,1,0,29,10665,10653
155016,1,0,1,91,2006,1967
0,0,0,0,-1,-1,-1
154559,1,1,0,74,4151,4113
155331,1,1,0,91,3495,3464
155060,1,1,0,152,4654,4604
154873,2,0,0,-1,-1,-1
0,0,0,0,-1,-1,-1
155085,1,1,0,52,2781,2756
0,0,0,0,-1,-1,-1
0,0,0,0,-1,-1,-1
154960,2,0,0,-1,-1,-1
155087,2,0,0,-1,-1,-1
152407,1,0,1,123,4362,4317
154632,1,1,0,130,2346,2313
0,0,0,0,-1,-1,-1
0,0,0,0,-1,-1,-1
155368,1,1,0,173,6492,6421
153182,2,0,0,-1,-1,-1
0,0,0,0,-1,-1,-1
154144,2,0,0,-1,-1,-1
154001,2,0,0,-1,-1,-1
154706,1,1,0,188,2797,2693
153857,2,0,0,-1,-1,-1
0,0,0,0,-1,-1,-1
153931,2,0,0,-1,-1,-1
0,0,0,0,-1,-1,-1
154221,1,1,1,148,5872,5789
153729,1,0,1,130,2941,2883
154693,1,1,0,53,1419,1404
154527,2,0,0,-1,-1,-1
155085,1,0,1,26,6309,6302
0,0,0,0,-1,-1,-1
0,0,0,0,-1,-1,-1
155384,1,1,0,0,6608,6608
0,0,0,0,-1,-1,-1
155036,1,0,1,117,7967,7917
153790,2,0,0,-1,-1,-1
153593,2,0,0,-1,-1,-1
0,0,0,0,-1,-1,-1
153964,1,1,0,141,3576,3515
0,0,0,0,-1,-1,-1
0,0,0,0,-1,-1,-1
154295,1,0,1,266,4479,4372
154077,2,0,0,-1,-1,-1
153999,2,0,0,-1,-1,-1
152683,2,0,0,-1,-1,-1
0,0,0,0,-1,-1,-1
0,0,0,0,-1,-1,-1
0,0,0,0,-1,-1,-1
0,0,0,0,-1,-1,-1
0,0,0,0,-1,-1,-1
155251,1,0,1,125,2646,2578
0,0,0,0,-1,-1,-1
154314,1,0,1,56,11442,11418
154425,2,0,0,-1,-1,-1
154558,1,0,1,36,5681,5660
153423,2,0,0,-1,-1,-1
0,0,0,0,-1,-1,-1
0,0,0,0,-1,-1,-1
154813,1,1,0,86,3743,3710
152734,2,0,0,-1,-1,-1
0,0,0,0,-1,-1,-1
153171,2,0,0,-1,-1,-1
0,0,0,0,-1,-1,-1
153505,2,0,0,-1,-1,-1
155002,1,0,1,93,3173,3131
0,0,0,0,-1,-1,-1
0,0,0,0,-1,-1,-1
155233,1,1,0,45,4043,4025
0,0,0,0,-1,-1,-1
154940,1,0,1,127,6892,6819
0,0,0,0,-1,-1,-1
0,0,0,0,-1,-1,-1
154488,1,1,0,180,3733,3650
155125,1,0,1,61,1958,1932
154272,1,0,1,128,3531,3475
153214,2,0,0,-1,-1,-1
155370,1,1,0,45,6705,6692
154992,2,0,0,-1,-1,-1
154387,1,0,1,133,4923,4875
0,0,0,0,-1,-1,-1
0,0,0,0,-1,-1,-1
152738,2,0,0,-1,-1,-1
154770,1,0,1,159,2139,2075
154375,1,0,1,49,5214,5201
153859,2,0,0,-1,-1,-1
0,0,0,0,-1,-1,-1
154934,1,1,0,51,1890,1856
155283,1,0,1,35,2259,2243
154034,1,1,0,0,4974,4974
153557,1,0,1,159,3389,3304
0,0,0,0,-1,-1,-1
154738,2,0,0,-1,-1,-1
0,0,0,0,-1,-1,-1
155102,1,1,0,41,4029,4008
153933,2,0,0,-1,-1,-1
0,0,0,0,-1,-1,-1
154636,1,1,0,131,4091,4041
0,0,0,0,-1,-1,-1
0,0,0,0,-1,-1,-1
154548,1,1,0,94,4723,4681
0,0,0,0,-1,-1,-1
153629,1,1,0,124,2717,2653
0,0,0,0,-1,-1,-1
154003,2,0,0,-1,-1,-1
153974,2,0,0,-1,-1,-1
154661,1,1,0,19,4985,4967
154420,1,1,0,195,2029,1916
154437,1,0,1,180,5367,5263
154172,2,0,0,-1,-1,-1
154928,1,0,1,84,2874,2853
154374,1,0,1,55,2311,2289
154688,1,1,1,248,4207,4062
153670,2,0,0,-1,-1,-1
153321,1,1,0,0,990,990
153969,1,1,0,133,4165,4107
154968,2,0,0,-1,-1,-1
154398,2,0,0,-1,-1,-1
0,0,0,0,-1,-1,-1
153189,2,0,0,-1,-1,-1
153851,2,0,0,-1,-1,-1
154773,1,0,1,315,5757,5597
154480,2,0,0,-1,-1,-1
0,0,0,0,-1,-1,-1
153138,2,0,0,-1,-1,-1
153569,2,0,0,-1,-1,-1
154642,1,1,0,68,3339,3292
154710,1,1,0,0,1749,1749
154962,1,0,1,316,3075,2948
0,0,0,0,-1,-1,-1
0,0,0,0,-1,-1,-1
155315,2,0,0,-1,-1,-1
153759,2,0,0,-1,-1,-1
153964,2,0,0,-1,-1,-1
155093,1,1,0,51,9748,9712
0,0,0,0,-1,-1,-1
154722,2,0,0,-1,-1,-1
155031,2,0,0,-1,-1,-1
0,0,0,0,-1,-1,-1
153957,1,1,-1,53,8450,8420
154038,2,0,0,-1,-1,-1
0,0,0,0,-1,-1,-1
153080,2,0,0,-1,-1,-1
154598,1,0,1,87,2152,2094
152144,1,1,0,26,1176,1157
153154,2,0,0,-1,-1,-1
154667,1,0,1,29,4365,4352
154345,1,1,0,128,2221,2178
154933,2,0,0,-1,-1,-1
154049,2,0,0,-1,-1,-1
153750,2,0,0,-1,-1,-1
155029,1,1,0,112,3687,3646
0,0,0,0,-1,-1,-1
0,0,0,0,-1,-1,-1
154120,1,1,0,0,3288,3288
0,0,0,0,-1,-1,-1
0,0,0,0,-1,-1,-1
152728,2,0,0,-1,-1,-1
154244,1,0,1,0,10684,10684
0,0,0,0,-1,-1,-1
153852,1,0,1,144,3376,3313
154890,1,0,1,97,7465,7420
155195,1,1,0,82,3383,3342
153610,1,1,0,33,2360,2333
0,0,0,0,-1,-1,-1
155295,1,1,0,197,4096,3998
153813,1,0,1,126,3115,3055
0,0,0,0,-1,-1,-1
0,0,0,0,-1,-1,-1
155206,1,1,0,82,2047,2004
155288,1,0,1,364,5330,5186
0,0,0,0,-1,-1,-1
154642,2,0,0,-1,-1,-1
0,0,0,0,-1,-1,-1
0,0,0,0,-1,-1,-1
0,0,0,0,-1,-1,-1
0,0,0,0,-1,-1,-1
154186,1,0,1,20,1321,1301
154030,1,0,1,185,10237,10178
0,0,0,0,-1,-1,-1
154972,1,0,1,117,1822,1771
153756,2,0,0,-1,-1,-1
0,0,0,0,-1,-1,-1
155182,1,1,0,70,2517,2476
0,0,0,0,-1,-1,-1
155266,1,1,0,187,2198,2115
0,0,0,0,-1,-1,-1
154477,1,1,-1,132,4966,4911
155177,1,1,1,48,4576,4543
152610,1,1,0,150,4449,4401
0,0,0,0,-1,-1,-1
0,0,0,0,-1,-1,-1
153598,1,0,1,10,4149,4147
155064,2,0,0,-1,-1,-1
152690,2,0,0,-1,-1,-1
153369,2,0,0,-1,-1,-1
155174,1,0,1,66,4771,4750
0,0,0,0,-1,-1,-1
154673,2,0,0,-1,-1,-1
153400,2,0,0,-1,-1,-1
0,0,0,0,-1,-1,-1
0,0,0,0,-1,-1,-1
155179,1,0,1,12,31898,31880
0,0,0,0,-1,-1,-1
0,0,0,0,-1,-1,-1
154127,2,0,0,-1,-1,-1
155384,1,1,0,203,1234,1144
154976,2,0,0,-1,-1,-1
0,0,0,0,-1,-1,-1
0,0,0,0,-1,-1,-1
154698,1,1,0,157,3989,3927
154367,2,0,0,-1,-1,-1
153614,1,0,1,45,1089,1071
153113,1,0,1,30,6446,6432
153864,2,0,0,-1,-1,-1
0,0,0,0,-1,-1,-1
155315,1,0,1,0,5250,5250
154165,2,0,0,-1,-1,-1
153196,2,0,0,-1,-1,-1
0,0,0,0,-1,-1,-1
154247,2,0,0,-1,-1,-1
153495,2,0,0,-1,-1,-1
153061,2,0,0,-1,-1,-1
155252,2,0,0,-1,-1,-1
153522,1,1,0,0,3157,3157
0,0,0,0,-1,-1,-1
155032,1,1,0,86,932,901
155326,1,0,1,94,7882,7843
154510,1,0,1,0,7855,7855
155143,2,0,0,-1,-1,-1
0,0,0,0,-1,-1,-1
154181,1,1,0,0,16405,16405
155328,1,1,1,171,5848,5768
153019,2,0,0,-1,-1,-1
153801,2,0,0,-1,-1,-1
154007,2,0,0,-1,-1,-1
0,0,0,0,-1,-1,-1
153673,2,0,0,-1,-1,-1
0,0,0,0,-1,-1,-1
153751,2,0,0,-1,-1,-1
0,0,0,0,-1,-1,-1
0,0,0,0,-1,-1,-1
155271,1,0,1,178,2540,2431
153114,1,1,0,117,1429,1378
153914,2,0,0,-1,-1,-1
0,0,0,0,-1,-1,-1
0,0,0,0,-1,-1,-1
152591,2,0,0,-1,-1,-1
0,0,0,0,-1,-1,-1
153894,2,0,0,-1,-1,-1
0,0,0,0,-1,-1,-1
154732,1,0,1,40,3093,3063
154939,2,0,0,-1,-1,-1
154623,1,1,0,68,4096,4073
154935,1,0,1,16,5310,5302
154719,2,0,0,-1,-1,-1
155213,1,0,1,33,3537,3514
153647,2,0,0,-1,-1,-1
0,0,0,0,-1,-1,-1
154166,2,0,0,-1,-1,-1
154893,2,0,0,-1,-1,-1
154678,1,0,1,56,4004,3973
154181,1,0,1,74,3881,3826
0,0,0,0,-1,-1,-1
153629,2,0,0,-1,-1,-1
153343,2,0,0,-1,-1,-1
0,0,0,0,-1,-1,-1
155068,1,1,0,164,2024,1941
0,0,0,0,-1,-1,-1
153330,1,1,1,182,8107,7991
154413,2,0,0,-1,-1,-1
0,0,0,0,-1,-1,-1
154448,2,0,0,-1,-1,-1
0,0,0,0,-1,-1,-1
154718,1,0,1,0,8480,8480
154963,1,0,1,0,6506,6506
0,0,0,0,-1,-1,-1
152553,1,0,1,111,38575,38510
153012,2,0,0,-1,-1,-1
154241,2,0,0,-1,-1,-1
155178,1,1,1,252,3193,3085
153723,1,1,0,219,3299,3220
0,0,0,0,-1,-1,-1
154462,2,0,0,-1,-1,-1
152376,1,0,1,116,2051,2005
155171,1,1,0,108,2663,2607
0,0,0,0,-1,-1,-1
152644,2,0,0,-1,-1,-1
0,0,0,0,-1,-1,-1
153757,2,0,0,-1,-1,-1
153768,1,0,1,75,3595,3572
154643,1,0,1,264,2204,2096
154120,1,1,-1,199,6452,6365
154922,1,0,1,122,6086,6011
154238,1,1,-1,148,8153,8065
154728,2,0,0,-1,-1,-1
154457,1,0,1,21,2633,2621
155271,1,1,0,249,2776,2684
0,0,0,0,-1,-1,-1
155268,2,0,0,-1,-1,-1
0,0,0,0,-1,-1,-1
154393,1,0,1,160,2673,2608
154843,1,0,1,382,2176,2032
155132,1,1,0,153,4620,4554
0,0,0,0,-1,-1,-1
154999,1,0,1,11,2454,2447
0,0,0,0,-1,-1,-1
155223,1,1,0,49,5222,5204
153586,2,0,0,-1,-1,-1
155099,1,0,1,0,25276,25276
0,0,0,0,-1,-1,-1
155351,1,1,0,92,2416,2370
0,0,0,0,-1,-1,-1
154352,2,0,0,-1,-1,-1
154392,2,0,0,-1,-1,-1
154940,2,0,0,-1,-1,-1
0,0,0,0,-1,-1,-1
154351,1,1,0,37,13029,13019
153894,2,0,0,-1,-1,-1
0,0,0,0,-1,-1,-1
0,0,0,0,-1,-1,-1
0,0,0,0,-1,-1,-1
0,0,0,0,-1,-1,-1
154307,1,0,1,117,1725,1670
0,0,0,0,-1,-1,-1
152841,2,0,0,-1,-1,-1
154724,1,0,1,3,1117,1113
0,0,0,0,-1,-1,-1
153078,2,0,0,-1,-1,-1
0,0,0,0,-1,-1,-1
154440,2,0,0,-1,-1,-1
0,0,0,0,-1,-1,-1
0,0,0,0,-1,-1,-1
153627,1,1,0,88,3781,3741
154814,1,1,0,62,876,843
153924,2,0,0,-1,-1,-1
0,0,0,0,-1,-1,-1
154820,2,0,0,-1,-1,-1
0,0,0,0,-1,-1,-1
155278,1,1,1,265,6182,6070
155349,1,1,0,63,5088,5051
0,0,0,0,-1,-1,-1
152852,2,0,0,-1,-1,-1
154561,2,0,0,-1,-1,-1
0,0,0,0,-1,-1,-1
0,0,0,0,-1,-1,-1
0,0,0,0,-1,-1,-1
154486,1,1,0,5,593,594
153700,1,0,1,0,6358,6358
154149,2,0,0,-1,-1,-1
154520,2,0,0,-1,-1,-1
0,0,0,0,-1,-1,-1
155279,1,1,1,291,4386,4225
154634,2,0,0,-1,-1,-1
155131,1,0,1,133,2821,2752
154805,1,1,0,206,4015,3930
154564,2,0,0,-1,-1,-1
155135,2,0,0,-1,-1,-1
0,0,0,0,-1,-1,-1
0,0,0,0,-1,-1,-1
155028,2,0,0,-1,-1,-1
153552,1,1,0,145,2977,2908
155375,1,0,1,98,1714,1680
154160,2,0,0,-1,-1,-1
0,0,0,0,-1,-1,-1
0,0,0,0,-1,-1,-1
155031,1,0,1,0,0,0
0,0,0,0,-1,-1,-1
0,0,0,0,-1,-1,-1
154329,1,1,0,68,1941,1907
152550,2,0,0,-1,-1,-1
154392,2,0,0,-1,-1,-1
153244,2,0,0,-1,-1,-1
0,0,0,0,-1,-1,-1
155010,2,0,0,-1,-1,-1
0,0,0,0,-1,-1,-1
0,0,0,0,-1,-1,-1
0,0,0,0,-1,-1,-1
0,0,0,0,-1,-1,-1
154366,2,0,0,-1,-1,-1
154769,1,1,0,64,5289,5252
154751,1,0,1,71,5962,5941
0,0,0,0,-1,-1,-1
152962,2,0,0,-1,-1,-1
0,0,0,0,-1,-1,-1
0,0,0,0,-1,-1,-1
0,0,0,0,-1,-1,-1
0,0,0,0,-1,-1,-1
153557,2,0,0,-1,-1,-1
154696,2,0,0,-1,-1,-1
155090,1,0,1,214,4005,3884
154079,1,0,1,135,3657,3603
0,0,0,0,-1,-1,-1
155066,1,0,1,0,8838,8838
154981,1,1,0,0,1383,1383
154525,2,0,0,-1,-1,-1
154984,1,0,1,52,4037,4012
153804,2,0,0,-1,-1,-1
0,0,0,0,-1,-1,-1
0,0,0,0,-1,-1,-1
0,0,0,0,-1,-1,-1
0,0,0,0,-1,-1,-1
155131,1,0,1,88,8865,8821
153649,2,0,0,-1,-1,-1
151640,2,0,0,-1,-1,-1
0,0,0,0,-1,-1,-1
152701,2,0,0,-1,-1,-1
0,0,0,0,-1,-1,-1
153176,1,0,1,181,1996,1865
0,0,0,0,-1,-1,-1
0,0,0,0,-1,-1,-1
153799,2,0,0,-1,-1,-1
0,0,0,0,-1,-1,-1
0,0,0,0,-1,-1,-1
0,0,0,0,-1,-1,-1
154116,1,1,0,112,2633,2564
155207,1,0,1,114,4928,4869
154638,2,0,0,-1,-1,-1
153597,2,0,0,-1,-1,-1
154728,2,0,0,-1,-1,-1
154432,2,0,0,-1,-1,-1
0,0,0,0,-1,-1,-1
154120,2,0,0,-1,-1,-1
153658,2,0,0,-1,-1,-1
154756,1,1,-1,236,4278,4189
0,0,0,0,-1,-1,-1
151695,2,0,0,-1,-1,-1
155143,1,0,1,106,2031,1981
0,0,0,0,-1,-1,-1
154997,1,0,1,127,2380,2334
153506,2,0,0,-1,-1,-1
154671,1,0,1,71,4303,4245
0,0,0,0,-1,-1,-1
0,0,0,0,-1,-1,-1
0,0,0,0,-1,-1,-1
0,0,0,0,-1,-1,-1
0,0,0,0,-1,-1,-1
154678,2,0,0,-1,-1,-1
155040,1,0,1,107,5245,5210
0,0,0,0,-1,-1,-1
0,0,0,0,-1,-1,-1
0,0,0,0,-1,-1,-1
154570,1,0,1,0,2628,2628
154596,2,0,0,-1,-1,-1
155219,1,1,1,70,7554,7510
0,0,0,0,-1,-1,-1
0,0,0,0,-1,-1,-1
154613,2,0,0,-1,-1,-1
155059,1,1,1,163,3664,3567
154609,1,0,1,65,3607,3575
154236,2,0,0,-1,-1,-1
152971,2,0,0,-1,-1,-1
154130,2,0,0,-1,-1,-1
154980,1,1,0,0,11826,11826
0,0,0,0,-1,-1,-1
154029,1,1,-1,137,4425,4361
154710,1,1,0,0,6820,6820
153205,1,1,0,130,5046,4988
0,0,0,0,-1,-1,-1
153700,1,1,-1,130,2674,2601
154681,1,1,0,62,3832,3804
155272,1,1,-1,44,13271,13244
154994,1,0,1,232,2713,2595
153757,2,0,0,-1,-1,-1
153007,2,0,0,-1,-1,-1
155117,1,0,1,115,1541,1459
155060,1,1,0,6,4829,4826
155322,1,0,1,76,3743,3716
155377,1,1,1,88,5390,5347
154601,1,0,1,31,9770,9763
154784,1,1,0,19,2077,2076
154392,1,0,1,134,13121,13057
0,0,0,0,-1,-1,-1
0,0,0,0,-1,-1,-1
0,0,0,0,-1,-1,-1
0,0,0,0,-1,-1,-1
151932,2,0,0,-1,-1,-1
153715,1,1,-1,69,2739,2722
155190,1,1,0,70,7865,7827
153797,1,0,1,0,7962,7962
154649,1,1,0,50,12740,12697
0,0,0,0,-1,-1,-1
154776,2,0,0,-1,-1,-1
0,0,0,0,-1,-1,-1
0,0,0,0,-1,-1,-1
153478,2,0,0,-1,-1,-1
0,0,0,0,-1,-1,-1
154083,1,0,1,41,13074,13067
0,0,0,0,-1,-1,-1
0,0,0,0,-1,-1,-1
154436,1,1,-1,263,7716,7618
154570,1,0,1,47,3110,3078
154683,1,1,0,55,31509,31485
0,0,0,0,-1,-1,-1
153618,2,0,0,-1,-1,-1
154479,1,0,1,11,4708,4707
0,0,0,0,-1,-1,-1
154580,2,0,0,-1,-1,-1
0,0,0,0,-1,-1,-1
152551,2,0,0,-1,-1,-1
152256,2,0,0,-1,-1,-1
0,0,0,0,-1,-1,-1
155246,1,1,0,0,6474,6474
154554,1,0,1,106,1722,1688
153114,2,0,0,-1,-1,-1
153547,2,0,0,-1,-1,-1
0,0,0,0,-1,-1,-1
153327,1,1,0,0,21131,21131
155105,1,1,0,22,4092,4075
154370,1,1,0,109,1133,1101
153729,2,0,0,-1,-1,-1
0,0,0,0,-1,-1,-1
152512,1,0,1,132,2543,2508
155074,1,0,1,0,5694,5694
0,0,0,0,-1,-1,-1
153649,2,0,0,-1,-1,-1
0,0,0,0,-1,-1,-1
154197,2,0,0,-1,-1,-1
0,0,0,0,-1,-1,-1
155245,1,0,1,116,4374,4344
153242,1,1,0,115,1850,1809
0,0,0,0,-1,-1,-1
154156,1,1,0,31,15393,15375
154231,1,0,1,179,7303,7219
153557,2,0,0,-1,-1,-1
0,0,0,0,-1,-1,-1
0,0,0,0,-1,-1,-1
0,0,0,0,-1,-1,-1
154230,2,0,0,-1,-1,-1
154466,1,1,-1,178,5347,5229
153381,1,0,1,9,3483,3470
155056,1,0,1,79,6356,6309
153004,2,0,0,-1,-1,-1
0,0,0,0,-1,-1,-1
0,0,0,0,-1,-1,-1
0,0,0,0,-1,-1,-1
153780,2,0,0,-1,-1,-1
154475,2,0,0,-1,-1,-1
153734,2,0,0,-1,-1,-1
153941,2,0,0,-1,-1,-1
154537,2,0,0,-1,-1,-1
0,0,0,0,-1,-1,-1
0,0,0,0,-1,-1,-1
0,0,0,0,-1,-1,-1
0,0,0,0,-1,-1,-1
153153,2,0,0,-1,-1,-1
153567,1,1,0,86,4713,4676
0,0,0,0,-1,-1,-1
154447,2,0,0,-1,-1,-1
153683,1,0,1,258,5492,5404
0,0,0,0,-1,-1,-1
155270,1,1,-1,181,2642,2548
154572,1,1,0,200,2130,2045
152419,2,0,0,-1,-1,-1
155003,1,1,0,7,3590,3588
0,0,0,0,-1,-1,-1
153034,2,0,0,-1,-1,-1
152544,2,0,0,-1,-1,-1
153969,2,0,0,-1,-1,-1
0,0,0,0,-1,-1,-1
154651,1,0,1,87,8324,8285
152463,1,1,0,44,2242,2221
0,0,0,0,-1,-1,-1
154853,1,1,0,196,4287,4208
0,0,0,0,-1,-1,-1
0,0,0,0,-1,-1,-1
0,0,0,0,-1,-1,-1
154594,2,0,0,-1,-1,-1
153618,2,0,0,-1,-1,-1
154878,1,1,0,0,33480,33480
154607,2,0,0,-1,-1,-1
0,0,0,0,-1,-1,-1
0,0,0,0,-1,-1,-1
155125,1,0,1,58,9375,9351
0,0,0,0,-1,-1,-1
153877,2,0,0,-1,-1,-1
0,0,0,0,-1,-1,-1
155144,1,0,1,216,6284,6181
155086,2,0,0,-1,-1,-1
154395,2,0,0,-1,-1,-1
155278,1,1,1,87,7834,7788
154767,1,1,0,50,15809,15785
0,0,0,0,-1,-1,-1
0,0,0,0,-1,-1,-1
0,0,0,0,-1,-1,-1
0,0,0,0,-1,-1,-1
0,0,0,0,-1,-1,-1
154363,2,0,0,-1,-1,-1
152549,2,0,0,-1,-1,-1
0,0,0,0,-1,-1,-1
154907,1,0,1,92,6006,5968
154152,2,0,0,-1,-1,-1
155051,1,0,1,63,2116,2101
153867,1,1,0,0,26741,26741
0,0,0,0,-1,-1,-1
155122,1,1,0,18,9432,9417
154225,2,0,0,-1,-1,-1
0,0,0,0,-1,-1,-1
155014,2,0,0,-1,-1,-1
155357,1,1,0,104,5821,5781
154815,2,0,0,-1,-1,-1
153500,2,0,0,-1,-1,-1
154902,2,0,0,-1,-1,-1
154573,1,1,0,74,1706,1680
155241,1,0,1,37,8510,8501
154536,2,0,0,-1,-1,-1
0,0,0,0,-1,-1,-1
154029,1,0,1,195,4294,4190
0,0,0,0,-1,-1,-1
154521,1,0,1,130,1953,1889
0,0,0,0,-1,-1,-1
155068,1,1,0,142,3052,2981
153929,2,0,0,-1,-1,-1
0,0,0,0,-1,-1,-1
155337,2,0,0,-1,-1,-1
154242,1,1,1,20,7524,7512
152814,2,0,0,-1,-1,-1
153421,2,0,0,-1,-1,-1
0,0,0,0,-1,-1,-1
0,0,0,0,-1,-1,-1
155141,1,1,0,137,4463,4383
0,0,0,0,-1,-1,-1
155258,1,1,0,52,1092,1072
155242,1,1,0,226,1786,1696
0,0,0,0,-1,-1,-1
153522,1,0,1,87,16000,15943
0,0,0,0,-1,-1,-1
154680,2,0,0,-1,-1,-1
0,0,0,0,-1,-1,-1
155140,2,0,0,-1,-1,-1
155136,1,1,0,119,6716,6655
0,0,0,0,-1,-1,-1
0,0,0,0,-1,-1,-1
155186,1,0,1,90,1091,1047
0,0,0,0,-1,-1,-1
0,0,0,0,-1,-1,-1
153983,1,0,1,158,3361,3298
154918,2,0,0,-1,-1,-1
0,0,0,0,-1,-1,-1
154780,1,0,1,211,2475,2408
154786,2,0,0,-1,-1,-1
0,0,0,0,-1,-1,-1
154798,1,1,1,44,10583,10568
0,0,0,0,-1,-1,-1
0,0,0,0,-1,-1,-1
155298,1,0,1,0,8907,8907
151410,2,0,0,-1,-1,-1
154927,2,0,0,-1,-1,-1
154887,2,0,0,-1,-1,-1
153652,1,1,0,115,3879,3834
154557,1,1,1,214,3848,3748
154229,2,0,0,-1,-1,-1
154777,2,0,0,-1,-1,-1
155306,1,1,0,16,10657,10650
155204,1,0,1,113,6773,6702
0,0,0,0,-1,-1,-1
152888,2,0,0,-1,-1,-1
0,0,0,0,-1,-1,-1
155069,1,1,0,116,4069,4029
155106,1,0,1,134,2540,2474
154957,1,1,0,115,3300,3231
155277,1,1,0,252,4294,4153
154333,2,0,0,-1,-1,-1
154516,1,1,0,183,2860,2766
154888,1,1,0,293,2061,1915
154404,2,0,0,-1,-1,-1
155322,1,0,1,111,12785,12739
154537,2,0,0,-1,-1,-1
0,0,0,0,-1,-1,-1
154872,1,0,1,118,1430,1359
155098,1,1,0,110,2448,2406
0,0,0,0,-1,-1,-1
0,0,0,0,-1,-1,-1
154048,2,0,0,-1,-1,-1
0,0,0,0,-1,-1,-1
0,0,0,0,-1,-1,-1
155173,1,1,0,44,3489,3476
154508,2,0,0,-1,-1,-1
155167,2,0,0,-1,-1,-1
153840,2,0,0,-1,-1,-1
153247,2,0,0,-1,-1,-1
155298,1,0,1,11,2862,2855
155071,2,0,0,-1,-1,-1
0,0,0,0,-1,-1,-1
155248,1,1,0,110,4009,3963
0,0,0,0,-1,-1,-1
0,0,0,0,-1,-1,-1
153580,2,0,0,-1,-1,-1
0,0,0,0,-1,-1,-1
0,0,0,0,-1,-1,-1
0,0,0,0,-1,-1,-1
0,0,0,0,-1,-1,-1
154198,2,0,0,-1,-1,-1
155114,1,0,1,179,2123,2028
0,0,0,0,-1,-1,-1
153475,2,0,0,-1,-1,-1
154452,1,1,0,120,4766,4711
154180,2,0,0,-1,-1,-1
154436,1,1,0,29,1859,1857
154528,1,1,0,24,5450,5432
153363,2,0,0,-1,-1,-1
154815,2,0,0,-1,-1,-1
154314,2,0,0,-1,-1,-1
155204,1,0,1,5,9941,9924
154438,2,0,0,-1,-1,-1
153552,2,0,0,-1,-1,-1
0,0,0,0,-1,-1,-1
153999,2,0,0,-1,-1,-1
0,0,0,0,-1,-1,-1
154207,1,1,0,0,2511,2511
0,0,0,0,-1,-1,-1
154922,2,0,0,-1,-1,-1
153590,2,0,0,-1,-1,-1
154053,1,0,1,70,2364,2320
154665,1,1,0,81,2049,2007
0,0,0,0,-1,-1,-1
154525,2,0,0,-1,-1,-1
152937,1,0,1,52,3295,3266
152568,2,0,0,-1,-1,-1
153435,2,0,0,-1,-1,-1
154947,1,0,1,120,2260,2179
155213,1,1,0,65,4019,3984
154528,2,0,0,-1,-1,-1
154742,2,0,0,-1,-1,-1
154731,1,0,1,156,1788,1696
154628,1,1,0,0,4624,4624
154849,1,0,1,138,1870,1809
0,0,0,0,-1,-1,-1
155014,2,0,0,-1,-1,-1
0,0,0,0,-1,-1,-1
153704,2,0,0,-1,-1,-1
0,0,0,0,-1,-1,-1
153131,2,0,0,-1,-1,-1
0,0,0,0,-1,-1,-1
154734,1,0,1,168,2170,2088
154094,2,0,0,-1,-1,-1
154949,1,0,1,118,3454,3383
0,0,0,0,-1,-1,-1
0,0,0,0,-1,-1,-1
153251,2,0,0,-1,-1,-1
154963,1,1,0,10,7027,7023
155186,1,0,1,42,6999,6968
153532,2,0,0,-1,-1,-1
155192,1,1,0,58,5147,5124
154766,2,0,0,-1,-1,-1
154200,1,1,0,96,3794,3747
154906,2,0,0,-1,-1,-1
0,0,0,0,-1,-1,-1
155192,1,0,1,116,4235,4175
0,0,0,0,-1,-1,-1
0,0,0,0,-1,-1,-1
0,0,0,0,-1,-1,-1
0,0,0,0,-1,-1,-1
153847,1,1,0,68,3153,3123
0,0,0,0,-1,-1,-1
155140,2,0,0,-1,-1,-1
0,0,0,0,-1,-1,-1
0,0,0,0,-1,-1,-1
154367,1,1,0,29,3458,3446
152861,1,1,0,106,7638,7592
154080,1,1,0,70,2338,2302
154611,1,0,1,0,1495,1495
0,0,0,0,-1,-1,-1
155257,1,0,1,33,8768,8756
153988,1,1,0,73,1512,1487
155327,1,0,1,166,3974,3908
154548,1,0,1,100,10024,9973
154429,1,0,1,142,6219,6161
154213,1,1,1,90,3064,3036
153884,2,0,0,-1,-1,-1
0,0,0,0,-1,-1,-1
0,0,0,0,-1,-1,-1
153394,1,0,1,105,2149,2081
154942,1,1,0,21,12599,12584
0,0,0,0,-1,-1,-1
155149,2,0,0,-1,-1,-1
154157,2,0,0,-1,-1,-1
155249,1,1,-1,188,1927,1877
0,0,0,0,-1,-1,-1
0,0,0,0,-1,-1,-1
154633,2,0,0,-1,-1,-1
154542,2,0,0,-1,-1,-1
0,0,0,0,-1,-1,-1
0,0,0,0,-1,-1,-1
152827,2,0,0,-1,-1,-1
155261,1,1,0,181,3998,3915
154884,1,1,0,57,4942,4906
155273,1,1,0,84,4513,4487
0,0,0,0,-1,-1,-1
154776,2,0,0,-1,-1,-1
155193,1,1,0,143,2346,2288
154211,2,0,0,-1,-1,-1
155089,1,1,0,23,7158,7146
154839,2,0,0,-1,-1,-1
154301,2,0,0,-1,-1,-1
155305,1,1,0,187,4175,4089
0,0,0,0,-1,-1,-1
0,0,0,0,-1,-1,-1
154971,2,0,0,-1,-1,-1
155041,1,1,-1,207,4102,4006
0,0,0,0,-1,-1,-1
154680,2,0,0,-1,-1,-1
0,0,0,0,-1,-1,-1
154668,1,1,0,47,2176,2155
154237,1,0,1,65,4149,4105
0,0,0,0,-1,-1,-1
154386,2,0,0,-1,-1,-1
154430,1,1,0,227,4405,4283
153466,2,0,0,-1,-1,-1
154919,2,0,0,-1,-1,-1
154907,1,1,0,12,2407,2403
154317,1,1,0,128,2958,2897
154778,1,1,0,297,3007,2859
154825,1,1,0,1,8807,8807
154526,1,1,0,9,7865,7851
153736,2,0,0,-1,-1,-1
0,0,0,0,-1,-1,-1
154556,1,1,0,28,5858,5846
0,0,0,0,-1,-1,-1
153890,2,0,0,-1,-1,-1
155340,1,1,0,161,6344,6255
0,0,0,0,-1,-1,-1
0,0,0,0,-1,-1,-1
154250,2,0,0,-1,-1,-1
0,0,0,0,-1,-1,-1
154850,2,0,0,-1,-1,-1
154962,2,0,0,-1,-1,-1
154738,1,0,1,120,3174,3129
0,0,0,0,-1,-1,-1
0,0,0,0,-1,-1,-1
0,0,0,0,-1,-1,-1
154405,1,0,1,147,1239,1143
0,0,0,0,-1,-1,-1
153189,1,1,0,126,4238,4171
153030,2,0,0,-1,-1,-1
154419,2,0,0,-1,-1,-1
153757,2,0,0,-1,-1,-1
0,0,0,0,-1,-1,-1
155184,2,0,0,-1,-1,-1
154941,2,0,0,-1,-1,-1
0,0,0,0,-1,-1,-1
155133,1,1,0,109,7641,7562
153818,2,0,0,-1,-1,-1
154495,1,1,0,157,4589,4539
0,0,0,0,-1,-1,-1
0,0,0,0,-1,-1,-1
0,0,0,0,-1,-1,-1
153843,2,0,0,-1,-1,-1
154080,1,0,1,28,5908,5892
0,0,0,0,-1,-1,-1
155110,1,1,0,113,8070,8028
152817,2,0,0,-1,-1,-1
0,0,0,0,-1,-1,-1
155038,1,0,1,195,2417,2305
154664,1,0,1,0,6175,6175
154896,2,0,0,-1,-1,-1
153668,2,0,0,-1,-1,-1
155054,2,0,0,-1,-1,-1
153865,2,0,0,-1,-1,-1
154728,1,0,1,74,3864,3846
154215,1,0,1,192,2910,2830
0,0,0,0,-1,-1,-1
0,0,0,0,-1,-1,-1
155342,1,1,0,0,2219,2219
154462,2,0,0,-1,-1,-1
0,0,0,0,-1,-1,-1
154860,1,0,1,73,1370,1327
0,0,0,0,-1,-1,-1
0,0,0,0,-1,-1,-1
155100,2,0,0,-1,-1,-1
0,0,0,0,-1,-1,-1
0,0,0,0,-1,-1,-1
154552,1,0,1,150,1534,1474
0,0,0,0,-1,-1,-1
154401,2,0,0,-1,-1,-1
154627,2,0,0,-1,-1,-1
154232,1,0,1,38,2549,2539
0,0,0,0,-1,-1,-1
154659,1,1,0,58,2118,2095
154187,2,0,0,-1,-1,-1
154803,1,0,1,21,2897,2875
155299,1,0,1,77,2342,2302
154157,1,0,1,60,2218,2202
155257,1,1,1,179,4005,3916
154327,1,1,0,117,4955,4880
0,0,0,0,-1,-1,-1
155074,1,0,1,104,3188,3130
154171,2,0,0,-1,-1,-1
151744,2,0,0,-1,-1,-1
155364,1,1,0,102,4545,4498
154621,1,1,0,56,8800,8777
155112,1,1,0,122,4918,4868
154716,2,0,0,-1,-1,-1
155357,1,1,1,56,7965,7941
0,0,0,0,-1,-1,-1
0,0,0,0,-1,-1,-1
0,0,0,0,-1,-1,-1
155323,1,1,0,180,2991,2925
154278,1,0,1,122,4259,4190
154571,2,0,0,-1,-1,-1
0,0,0,0,-1,-1,-1
153750,1,1,0,21,5544,5528
153961,1,1,0,85,10432,10404
153920,2,0,0,-1,-1,-1
153312,1,0,1,69,5008,4976
154755,2,0,0,-1,-1,-1
0,0,0,0,-1,-1,-1
0,0,0,0,-1,-1,-1
0,0,0,0,-1,-1,-1
153652,1,0,1,39,1572,1558
155123,1,0,1,63,17510,17474
154645,1,1,0,103,2521,2482
154694,2,0,0,-1,-1,-1
154390,2,0,0,-1,-1,-1
154613,1,0,1,200,3635,3559
0,0,0,0,-1,-1,-1
153269,1,1,0,0,1665,1665
155237,1,1,0,92,2563,2528
155313,1,1,0,105,7805,7739
153552,2,0,0,-1,-1,-1
154866,1,0,1,0,4274,4274
0,0,0,0,-1,-1,-1
0,0,0,0,-1,-1,-1
153659,1,0,1,135,5438,5376
154601,2,0,0,-1,-1,-1
155126,1,1,0,32,6317,6306
154653,2,0,0,-1,-1,-1
154512,2,0,0,-1,-1,-1
0,0,0,0,-1,-1,-1
154208,2,0,0,-1,-1,-1
155218,1,1,0,2,6141,6136
0,0,0,0,-1,-1,-1
0,0,0,0,-1,-1,-1
154062,1,0,1,111,4470,4404
155006,1,1,1,45,3450,3425
155051,2,0,0,-1,-1,-1
155290,1,1,0,65,5680,5658
0,0,0,0,-1,-1,-1
153589,1,0,1,40,12454,12428
153994,1,0,1,25,2177,2175
0,0,0,0,-1,-1,-1
154716,2,0,0,-1,-1,-1
0,0,0,0,-1,-1,-1
154549,1,0,1,101,8259,8208
154775,1,0,1,54,18289,18277
154492,1,1,1,50,9800,9774
153861,2,0,0,-1,-1,-1
0,0,0,0,-1,-1,-1
155336,1,0,1,100,2415,2381
0,0,0,0,-1,-1,-1
153705,1,1,0,113,3327,3270
151815,2,0,0,-1,-1,-1
151754,2,0,0,-1,-1,-1
155019,1,0,1,140,5487,5430
154375,1,1,0,2,13195,13194
0,0,0,0,-1,-1,-1
153564,2,0,0,-1,-1,-1
0,0,0,0,-1,-1,-1
153723,2,0,0,-1,-1,-1
0,0,0,0,-1,-1,-1
155163,1,0,1,185,3251,3146
154170,2,0,0,-1,-1,-1
154837,1,0,1,138,8212,8160
154056,2,0,0,-1,-1,-1
0,0,0,0,-1,-1,-1
154379,2,0,0,-1,-1,-1
154820,2,0,0,-1,-1,-1
0,0,0,0,-1,-1,-1
154885,2,0,0,-1,-1,-1
0,0,0,0,-1,-1,-1
0,0,0,0,-1,-1,-1
153560,1,0,1,59,3679,3653
154002,2,0,0,-1,-1,-1
0,0,0,0,-1,-1,-1
0,0,0,0,-1,-1,-1
0,0,0,0,-1,-1,-1
0,0,0,0,-1,-1,-1
0,0,0,0,-1,-1,-1
0,0,0,0,-1,-1,-1
154750,1,1,0,90,3438,3400
0,0,0,0,-1,-1,-1
154248,2,0,0,-1,-1,-1
154387,2,0,0,-1,-1,-1
153977,2,0,0,-1,-1,-1
153820,1,1,-1,108,5684,5626
155206,1,0,1,43,1761,1740
154353,2,0,0,-1,-1,-1
153189,2,0,0,-1,-1,-1
154170,1,0,1,52,6021,5987
155370,1,1,0,5,22264,22263
154912,1,1,0,88,6024,5978
153967,2,0,0,-1,-1,-1
154909,1,1,0,40,15512,15490
0,0,0,0,-1,-1,-1
154319,1,0,1,2,2355,2352
154345,2,0,0,-1,-1,-1
0,0,0,0,-1,-1,-1
0,0,0,0,-1,-1,-1
153909,2,0,0,-1,-1,-1
154787,1,1,0,54,10952,10917
0,0,0,0,-1,-1,-1
152283,2,0,0,-1,-1,-1
0,0,0,0,-1,-1,-1
0,0,0,0,-1,-1,-1
154370,1,1,0,21,1319,1306
0,0,0,0,-1,-1,-1
0,0,0,0,-1,-1,-1
0,0,0,0,-1,-1,-1
154569,1,0,1,0,0,0
0,0,0,0,-1,-1,-1
155158,1,1,0,0,7260,7260
151683,1,0,1,119,1970,1906
153996,1,1,0,95,4688,4648
0,0,0,0,-1,-1,-1
154879,2,0,0,-1,-1,-1
153795,2,0,0,-1,-1,-1
154474,1,1,0,0,5716,5716
154180,2,0,0,-1,-1,-1
154362,1,0,1,135,8964,8915
155088,2,0,0,-1,-1,-1
153695,1,1,0,37,3278,3256
154734,1,0,1,176,2835,2735
154995,1,0,1,245,6797,6693
154684,1,1,-1,292,5586,5488
154864,1,1,1,50,4618,4609
154357,1,1,1,175,6290,6213
154309,1,0,1,109,7843,7755
0,0,0,0,-1,-1,-1
153759,2,0,0,-1,-1,-1
0,0,0,0,-1,-1,-1
154086,1,1,0,42,2770,2751
0,0,0,0,-1,-1,-1
152883,2,0,0,-1,-1,-1
0,0,0,0,-1,-1,-1
153414,2,0,0,-1,-1,-1
0,0,0,0,-1,-1,-1
153735,1,0,1,28,14983,14969
154087,1,1,0,72,5774,5755
0,0,0,0,-1,-1,-1
0,0,0,0,-1,-1,-1
0,0,0,0,-1,-1,-1
153636,1,0,1,118,2261,2216
153999,2,0,0,-1,-1,-1
0,0,0,0,-1,-1,-1
0,0,0,0,-1,-1,-1
154805,1,1,0,78,4516,4476
154963,2,0,0,-1,-1,-1
0,0,0,0,-1,-1,-1
155222,1,1,1,167,3073,2980
154537,2,0,0,-1,-1,-1
154812,1,0,1,109,13844,13789
0,0,0,0,-1,-1,-1
154576,2,0,0,-1,-1,-1
0,0,0,0,-1,-1,-1
153757,2,0,0,-1,-1,-1
154714,1,0,1,0,12482,12482
155221,1,1,1,58,14750,14710
155181,2,0,0,-1,-1,-1
0,0,0,0,-1,-1,-1
155030,1,0,1,170,2086,2005
154495,1,1,0,0,13438,13438
153214,2,0,0,-1,-1,-1
154890,2,0,0,-1,-1,-1
155177,1,1,0,0,7569,7569
155178,1,0,1,168,1457,1375
0,0,0,0,-1,-1,-1
155331,1,1,0,68,4229,4204
154189,2,0,0,-1,-1,-1
154235,1,0,1,178,1769,1671
155095,1,1,1,78,10120,10096
154178,2,0,0,-1,-1,-1
0,0,0,0,-1,-1,-1
0,0,0,0,-1,-1,-1
155068,1,1,1,166,3578,3514
155358,1,0,1,145,3115,3029
153883,2,0,0,-1,-1,-1
0,0,0,0,-1,-1,-1
0,0,0,0,-1,-1,-1
154710,2,0,0,-1,-1,-1
154563,1,0,1,237,1769,1643
0,0,0,0,-1,-1,-1
0,0,0,0,-1,-1,-1
153399,2,0,0,-1,-1,-1
154951,1,1,0,93,2151,2113
153658,1,1,0,46,1432,1411
0,0,0,0,-1,-1,-1
154337,1,1,0,46,2917,2890
154833,1,0,1,28,2775,2751
155298,1,1,-1,185,3830,3754
0,0,0,0,-1,-1,-1
0,0,0,0,-1,-1,-1
0,0,0,0,-1,-1,-1
0,0,0,0,-1,-1,-1
154769,2,0,0,-1,-1,-1
154483,1,0,1,0,4144,4144
154538,1,1,0,71,2537,2495
154545,2,0,0,-1,-1,-1
155010,1,1,0,71,3053,3010
153989,2,0,0,-1,-1,-1
0,0,0,0,-1,-1,-1
0,0,0,0,-1,-1,-1
154467,2,0,0,-1,-1,-1
0,0,0,0,-1,-1,-1
155012,2,0,0,-1,-1,-1
154009,2,0,0,-1,-1,-1
155134,2,0,0,-1,-1,-1
0,0,0,0,-1,-1,-1
153881,2,0,0,-1,-1,-1
154436,2,0,0,-1,-1,-1
0,0,0,0,-1,-1,-1
154041,1,1,0,175,4787,4723
153536,2,0,0,-1,-1,-1
0,0,0,0,-1,-1,-1
0,0,0,0,-1,-1,-1
155063,1,0,1,168,5913,5845
153974,2,0,0,-1,-1,-1
153683,2,0,0,-1,-1,-1
153072,2,0,0,-1,-1,-1
154309,1,1,-1,245,3379,3261
154764,2,0,0,-1,-1,-1
154901,2,0,0,-1,-1,-1
155315,1,1,0,7,4832,4826
154387,1,0,1,54,6093,6064
0,0,0,0,-1,-1,-1
155092,1,1,1,147,4465,4399
153433,1,1,0,61,4869,4843
0,0,0,0,-1,-1,-1
154382,2,0,0,-1,-1,-1
155104,1,1,0,248,6409,6306
153024,2,0,0,-1,-1,-1
153617,2,0,0,-1,-1,-1
0,0,0,0,-1,-1,-1
155376,1,0,1,386,3767,3588
0,0,0,0,-1,-1,-1
154479,2,0,0,-1,-1,-1
0,0,0,0,-1,-1,-1
155286,1,1,0,33,3532,3508
154690,2,0,0,-1,-1,-1
154908,2,0,0,-1,-1,-1
155067,1,0,1,83,9876,9849
154855,1,0,1,194,1515,1427
155041,2,0,0,-1,-1,-1
0,0,0,0,-1,-1,-1
154181,1,0,1,0,7104,7104
155184,1,1,0,55,1908,1895
154073,1,1,1,168,4174,4096
0,0,0,0,-1,-1,-1
0,0,0,0,-1,-1,-1
0,0,0,0,-1,-1,-1
153303,2,0,0,-1,-1,-1
0,0,0,0,-1,-1,-1
154429,2,0,0,-1,-1,-1
154826,1,1,0,98,3760,3704
154400,2,0,0,-1,-1,-1
154373,2,0,0,-1,-1,-1
155285,1,1,0,158,2302,2245
153447,2,0,0,-1,-1,-1
153910,1,0,1,77,2309,2263
154773,1,1,0,245,5763,5646
155176,1,1,0,180,1900,1843
154269,1,1,0,235,3158,3062
0,0,0,0,-1,-1,-1
154318,1,0,1,166,3218,3149
0,0,0,0,-1,-1,-1
153048,2,0,0,-1,-1,-1
154127,2,0,0,-1,-1,-1
0,0,0,0,-1,-1,-1
0,0,0,0,-1,-1,-1
0,0,0,0,-1,-1,-1
154613,1,1,0,127,6056,6004
153179,1,1,0,34,1727,1700
154736,1,0,1,59,3740,3715
154330,1,0,1,77,2498,2475
153891,1,1,0,34,6594,6580
0,0,0,0,-1,-1,-1
155210,1,0,1,49,5561,5539
0,0,0,0,-1,-1,-1
155246,2,0,0,-1,-1,-1
0,0,0,0,-1,-1,-1
154720,2,0,0,-1,-1,-1
153950,1,0,1,148,6415,6353
153366,2,0,0,-1,-1,-1
0,0,0,0,-1,-1,-1
154079,1,0,1,287,3224,3109
153309,2,0,0,-1,-1,-1
155355,1,0,1,74,22520,22488
154497,1,0,1,25,6714,6703
154999,1,1,0,47,1712,1687
154085,2,0,0,-1,-1,-1
153512,2,0,0,-1,-1,-1
153173,2,0,0,-1,-1,-1
0,0,0,0,-1,-1,-1
153936,1,0,1,0,1407,1407
154533,1,0,1,123,2621,2558
154960,1,0,1,73,2193,2171
155117,2,0,0,-1,-1,-1
0,0,0,0,-1,-1,-1
154343,2,0,0,-1,-1,-1
0,0,0,0,-1,-1,-1
154169,2,0,0,-1,-1,-1
154758,1,1,0,75,4747,4708
155091,1,1,0,140,3086,3007
0,0,0,0,-1,-1,-1
152922,2,0,0,-1,-1,-1
155107,1,1,0,233,1588,1500
0,0,0,0,-1,-1,-1
154164,2,0,0,-1,-1,-1
154732,1,1,0,115,10784,10724
154377,2,0,0,-1,-1,-1
0,0,0,0,-1,-1,-1
154612,2,0,0,-1,-1,-1
154459,1,1,0,179,3069,2975
154148,2,0,0,-1,-1,-1
155233,1,0,1,151,1498,1410
0,0,0,0,-1,-1,-1
154851,1,0,1,47,2224,2198
0,0,0,0,-1,-1,-1
154178,2,0,0,-1,-1,-1
154997,2,0,0,-1,-1,-1
0,0,0,0,-1,-1,-1
155035,1,0,1,88,8570,8535
155127,1,0,1,123,2711,2642
154761,1,0,1,117,4578,4552
154450,2,0,0,-1,-1,-1
153664,2,0,0,-1,-1,-1
152796,2,0,0,-1,-1,-1
155051,1,1,0,134,3673,3605
0,0,0,0,-1,-1,-1
155260,1,1,0,122,5348,5300
0,0,0,0,-1,-1,-1
0,0,0,0,-1,-1,-1
0,0,0,0,-1,-1,-1
0,0,0,0,-1,-1,-1
0,0,0,0,-1,-1,-1
153678,2,0,0,-1,-1,-1
155065,2,0,0,-1,-1,-1
154649,1,1,0,206,1582,1510
153592,1,0,1,147,3022,2972
0,0,0,0,-1,-1,-1
154716,2,0,0,-1,-1,-1
155277,1,0,1,75,17704,17673
153771,2,0,0,-1,-1,-1
154666,1,1,0,148,2554,2480
154592,2,0,0,-1,-1,-1
0,0,0,0,-1,-1,-1
155111,1,1,0,75,4380,4347
155209,1,1,1,123,2213,2167
0,0,0,0,-1,-1,-1
155338,1,1,0,163,4356,4273
153070,2,0,0,-1,-1,-1
0,0,0,0,-1,-1,-1
154803,2,0,0,-1,-1,-1
0,0,0,0,-1,-1,-1
154921,1,1,0,61,8466,8433
155136,1,0,1,228,987,893
154514,1,1,0,46,4392,4366
0,0,0,0,-1,-1,-1
0,0,0,0,-1,-1,-1
0,0,0,0,-1,-1,-1
154870,2,0,0,-1,-1,-1
154333,1,0,1,126,10019,9965
154853,1,1,0,0,3886,3886
155097,1,1,0,3,4063,4063
0,0,0,0,-1,-1,-1
154819,1,1,-1,113,11139,11079
155026,1,0,1,220,3111,2992
0,0,0,0,-1,-1,-1
154820,2,0,0,-1,-1,-1
154825,2,0,0,-1,-1,-1
154320,2,0,0,-1,-1,-1
0,0,0,0,-1,-1,-1
0,0,0,0,-1,-1,-1
152892,2,0,0,-1,-1,-1
0,0,0,0,-1,-1,-1
154606,1,1,0,9,7085,7078
0,0,0,0,-1,-1,-1
154446,2,0,0,-1,-1,-1
154178,1,0,1,104,2213,2177
154361,1,1,0,177,5012,4891
155311,1,0,1,0,1008,1008
155201,1,1,0,124,3728,3663
155087,2,0,0,-1,-1,-1
155025,1,1,1,240,5369,5219
0,0,0,0,-1,-1,-1
153379,2,0,0,-1,-1,-1
152715,2,0,0,-1,-1,-1
153302,1,1,0,81,708,667
154919,2,0,0,-1,-1,-1
154859,1,0,1,113,4738,4667
153566,2,0,0,-1,-1,-1
0,0,0,0,-1,-1,-1
0,0,0,0,-1,-1,-1
154397,1,1,0,59,7902,7877
155259,1,1,0,0,98,98
0,0,0,0,-1,-1,-1
154351,2,0,0,-1,-1,-1
153903,1,1,0,147,5695,5623
0,0,0,0,-1,-1,-1
154442,1,0,1,55,2197,2167
153910,1,1,0,113,3986,3918
154944,1,0,1,126,12686,12612
154964,1,1,0,36,5587,5559
153959,2,0,0,-1,-1,-1
153970,1,0,1,41,3711,3706
155346,1,0,1,38,2680,2663
153302,2,0,0,-1,-1,-1
153785,2,0,0,-1,-1,-1
153876,2,0,0,-1,-1,-1
0,0,0,0,-1,-1,-1
154788,2,0,0,-1,-1,-1
155144,2,0,0,-1,-1,-1
154140,2,0,0,-1,-1,-1
153844,2,0,0,-1,-1,-1
154415,2,0,0,-1,-1,-1
0,0,0,0,-1,-1,-1
155294,1,1,0,132,2089,2014
154762,1,0,1,93,1809,1774
0,0,0,0,-1,-1,-1
0,0,0,0,-1,-1,-1
155291,1,1,0,48,16083,16052
153997,2,0,0,-1,-1,-1
0,0,0,0,-1,-1,-1
154961,1,1,-1,305,3264,3116
155176,1,1,-1,205,8311,8234
154600,2,0,0,-1,-1,-1
155199,2,0,0,-1,-1,-1
0,0,0,0,-1,-1,-1
155297,1,1,-1,167,6281,6191
153772,2,0,0,-1,-1,-1
0,0,0,0,-1,-1,-1
154420,1,0,1,73,3030,2990
0,0,0,0,-1,-1,-1
154831,1,0,1,39,7704,7669
153533,2,0,0,-1,-1,-1
0,0,0,0,-1,-1,-1
154247,2,0,0,-1,-1,-1
151963,1,0,1,0,9842,9842
154600,1,1,0,165,2134,2047
0,0,0,0,-1,-1,-1
0,0,0,0,-1,-1,-1
153724,2,0,0,-1,-1,-1
0,0,0,0,-1,-1,-1
154561,2,0,0,-1,-1,-1
154810,1,1,0,145,2858,2795
0,0,0,0,-1,-1,-1
154599,1,1,0,116,3515,3493
154028,2,0,0,-1,-1,-1
154237,1,0,1,19,3388,3375
153349,2,0,0,-1,-1,-1
0,0,0,0,-1,-1,-1
154508,2,0,0,-1,-1,-1
0,0,0,0,-1,-1,-1
154925,1,0,1,24,1129,1122
0,0,0,0,-1,-1,-1
154593,1,0,1,64,2698,2660
154903,1,0,1,82,3232,3212
155371,1,1,0,0,4365,4365
0,0,0,0,-1,-1,-1
153066,1,0,1,59,2019,1988
0,0,0,0,-1,-1,-1
154705,1,1,0,147,2080,2018
153429,1,1,0,137,3446,3395
0,0,0,0,-1,-1,-1
154973,1,1,1,72,17203,17174
0,0,0,0,-1,-1,-1
154629,2,0,0,-1,-1,-1
154966,1,1,0,196,2564,2487
154286,2,0,0,-1,-1,-1
0,0,0,0,-1,-1,-1
0,0,0,0,-1,-1,-1
154636,2,0,0,-1,-1,-1
0,0,0,0,-1,-1,-1
154908,2,0,0,-1,-1,-1
0,0,0,0,-1,-1,-1
153974,2,0,0,-1,-1,-1
154575,1,0,1,234,1986,1900
153120,1,1,0,0,1212,1212
0,0,0,0,-1,-1,-1
155249,1,1,0,38,1222,1194
154600,1,0,1,0,3465,3465
154738,1,0,1,36,718,702
154708,2,0,0,-1,-1,-1
154427,2,0,0,-1,-1,-1
152535,1,1,0,100,4264,4228
154107,2,0,0,-1,-1,-1
154609,2,0,0,-1,-1,-1
155130,1,0,1,38,11697,11681
155038,2,0,0,-1,-1,-1
155130,2,0,0,-1,-1,-1
154511,2,0,0,-1,-1,-1
0,0,0,0,-1,-1,-1
0,0,0,0,-1,-1,-1
0,0,0,0,-1,-1,-1
154918,1,0,1,151,5041,4977
153361,2,0,0,-1,-1,-1
154909,1,1,0,45,16545,16521
0,0,0,0,-1,-1,-1
0,0,0,0,-1,-1,-1
154540,2,0,0,-1,-1,-1
154877,1,1,0,84,12114,12085
154727,2,0,0,-1,-1,-1
155272,1,1,0,0,350,350
154195,2,0,0,-1,-1,-1
154389,2,0,0,-1,-1,-1
154638,1,0,1,121,2407,2344
154222,2,0,0,-1,-1,-1
154315,1,1,0,107,2441,2393
154189,2,0,0,-1,-1,-1
155323,1,0,1,139,6659,6580
154088,2,0,0,-1,-1,-1
154808,2,0,0,-1,-1,-1
154162,2,0,0,-1,-1,-1
153816,2,0,0,-1,-1,-1
155026,1,1,0,142,5167,5073
0,0,0,0,-1,-1,-1
0,0,0,0,-1,-1,-1
151658,1,0,1,72,4054,4007
0,0,0,0,-1,-1,-1
153540,2,0,0,-1,-1,-1
154777,2,0,0,-1,-1,-1
0,0,0,0,-1,-1,-1
155246,2,0,0,-1,-1,-1
154461,1,0,1,61,6199,6173
154481,2,0,0,-1,-1,-1
154242,1,1,0,64,5213,5190
155269,1,0,1,209,3843,3732
155202,1,1,0,8,5209,5201
0,0,0,0,-1,-1,-1
0,0,0,0,-1,-1,-1
0,0,0,0,-1,-1,-1
154450,1,1,0,96,1971,1925
155099,2,0,0,-1,-1,-1
153595,2,0,0,-1,-1,-1
154923,1,1,-1,97,4335,4289
154548,1,1,0,64,4893,4846
155047,2,0,0,-1,-1,-1
0,0,0,0,-1,-1,-1
0,0,0,0,-1,-1,-1
154601,1,1,0,101,2188,2139
155099,1,0,1,33,6812,6808
0,0,0,0,-1,-1,-1
155085,1,1,-1,205,3192,3114
154168,2,0,0,-1,-1,-1
0,0,0,0,-1,-1,-1
154906,1,1,0,50,3758,3736
154609,1,1,0,0,5431,5431
154005,2,0,0,-1,-1,-1
0,0,0,0,-1,-1,-1
0,0,0,0,-1,-1,-1
153439,2,0,0,-1,-1,-1
154809,2,0,0,-1,-1,-1
0,0,0,0,-1,-1,-1
0,0,0,0,-1,-1,-1
0,0,0,0,-1,-1,-1
153137,2,0,0,-1,-1,-1
0,0,0,0,-1,-1,-1
0,0,0,0,-1,-1,-1
0,0,0,0,-1,-1,-1
155075,1,1,0,183,3896,3820
154199,1,0,1,179,4868,4793
154992,1,0,1,0,40098,40098
153786,2,0,0,-1,-1,-1
153788,2,0,0,-1,-1,-1
155150,1,0,1,158,7234,7147
153986,1,0,1,18,3162,3154
155177,1,1,0,19,9034,9015
154956,1,0,1,310,7550,7417
154939,1,0,1,87,7328,7292
155227,1,0,1,96,4586,4527
153717,1,0,1,66,4269,4253
154802,1,0,1,211,6272,6181
153792,1,0,1,302,2576,2460
0,0,0,0,-1,-1,-1
154242,1,0,1,108,6812,6768
154673,1,1,0,28,5444,5427
0,0,0,0,-1,-1,-1
0,0,0,0,-1,-1,-1
154426,2,0,0,-1,-1,-1
0,0,0,0,-1,-1,-1
154850,1,1,0,108,4631,4588
153698,2,0,0,-1,-1,-1
154210,2,0,0,-1,-1,-1
0,0,0,0,-1,-1,-1
0,0,0,0,-1,-1,-1
0,0,0,0,-1,-1,-1
153445,2,0,0,-1,-1,-1
155026,2,0,0,-1,-1,-1
154313,1,1,-1,186,3975,3914
153919,1,1,0,88,4486,4451
153933,1,0,1,94,2642,2596
0,0,0,0,-1,-1,-1
154537,2,0,0,-1,-1,-1
154761,1,1,0,58,24288,24266
0,0,0,0,-1,-1,-1
0,0,0,0,-1,-1,-1
0,0,0,0,-1,-1,-1
0,0,0,0,-1,-1,-1
153330,2,0,0,-1,-1,-1
155107,1,1,0,35,10290,10277
154499,1,0,1,193,12738,12643
0,0,0,0,-1,-1,-1
152497,2,0,0,-1,-1,-1
153576,1,0,1,77,7613,7589
0,0,0,0,-1,-1,-1
155161,2,0,0,-1,-1,-1
153505,2,0,0,-1,-1,-1
0,0,0,0,-1,-1,-1
0,0,0,0,-1,-1,-1
151354,2,0,0,-1,-1,-1
155231,1,0,1,39,2383,2376
153982,1,1,1,155,2255,2171
154381,2,0,0,-1,-1,-1
154612,2,0,0,-1,-1,-1
154656,1,1,0,52,2187,2161
0,0,0,0,-1,-1,-1
155002,1,1,0,191,3177,3107
0,0,0,0,-1,-1,-1
154861,2,0,0,-1,-1,-1
154166,2,0,0,-1,-1,-1
151830,1,1,0,74,1012,982
0,0,0,0,-1,-1,-1
154137,1,0,1,60,11193,11162
154728,1,0,1,249,4631,4512
0,0,0,0,-1,-1,-1
0,0,0,0,-1,-1,-1
0,0,0,0,-1,-1,-1
154269,1,1,0,33,2151,2135
0,0,0,0,-1,-1,-1
0,0,0,0,-1,-1,-1
154634,2,0,0,-1,-1,-1
155032,2,0,0,-1,-1,-1
0,0,0,0,-1,-1,-1
154501,2,0,0,-1,-1,-1
155062,1,0,1,8,1625,1617
0,0,0,0,-1,-1,-1
0,0,0,0,-1,-1,-1
155028,1,1,0,38,3436,3427
0,0,0,0,-1,-1,-1
0,0,0,0,-1,-1,-1
154949,1,0,1,107,4078,4021
154428,2,0,0,-1,-1,-1
155374,1,0,1,132,1884,1836
0,0,0,0,-1,-1,-1
154648,2,0,0,-1,-1,-1
155001,1,0,1,96,2259,2199
0,0,0,0,-1,-1,-1
154389,1,1,-1,135,1999,1925
155209,2,0,0,-1,-1,-1
154049,1,1,0,116,8983,8934
0,0,0,0,-1,-1,-1
155289,2,0,0,-1,-1,-1
154609,1,1,0,187,2571,2488
153673,2,0,0,-1,-1,-1
153864,2,0,0,-1,-1,-1
153492,2,0,0,-1,-1,-1
154203,2,0,0,-1,-1,-1
154412,2,0,0,-1,-1,-1
153130,1,0,1,168,2701,2597
154702,1,0,1,195,1781,1699
0,0,0,0,-1,-1,-1
153346,2,0,0,-1,-1,-1
0,0,0,0,-1,-1,-1
155029,1,1,0,4,1408,1404
155306,1,1,1,203,6109,6020
154862,1,1,1,93,3863,3824
155189,1,1,-1,121,3093,3032
154994,1,0,1,159,4677,4601
154554,1,0,1,166,1662,1578
0,0,0,0,-1,-1,-1
155119,2,0,0,-1,-1,-1
0,0,0,0,-1,-1,-1
155077,1,1,0,9,2881,2874
155333,1,1,-1,160,5070,4951
0,0,0,0,-1,-1,-1
155278,1,1,0,304,3629,3496
0,0,0,0,-1,-1,-1
154694,1,1,0,33,8329,8315
155198,1,0,1,81,2997,2940
154917,1,1,1,126,7136,7071
152469,2,0,0,-1,-1,-1
154755,1,0,1,44,1398,1381
0,0,0,0,-1,-1,-1
0,0,0,0,-1,-1,-1
0,0,0,0,-1,-1,-1
0,0,0,0,-1,-1,-1
0,0,0,0,-1,-1,-1
0,0,0,0,-1,-1,-1
153817,2,0,0,-1,-1,-1
154721,1,0,1,65,3334,3303
154002,2,0,0,-1,-1,-1
0,0,0,0,-1,-1,-1
0,0,0,0,-1,-1,-1
0,0,0,0,-1,-1,-1
154136,1,0,1,80,5712,5663
154506,1,0,1,156,3547,3482
154549,2,0,0,-1,-1,-1
155207,1,1,0,101,3906,3868
154890,1,1,1,109,6694,6647
0,0,0,0,-1,-1,-1
154679,1,1,-1,165,4079,4023
154028,1,1,0,0,1349,1349
154978,2,0,0,-1,-1,-1
152160,1,1,0,128,1568,1513
155201,1,1,0,95,3073,3034
155226,1,1,0,34,3046,3009
154822,1,1,-1,112,3204,3142
0,0,0,0,-1,-1,-1
154964,1,0,1,121,2542,2504
0,0,0,0,-1,-1,-1
154556,2,0,0,-1,-1,-1
0,0,0,0,-1,-1,-1
152595,1,1,0,98,2550,2517
151399,2,0,0,-1,-1,-1
0,0,0,0,-1,-1,-1
154472,2,0,0,-1,-1,-1
155123,1,0,1,86,4487,4442
152802,1,1,0,41,12387,12369
154080,2,0,0,-1,-1,-1
153178,2,0,0,-1,-1,-1
0,0,0,0,-1,-1,-1
154323,2,0,0,-1,-1,-1
0,0,0,0,-1,-1,-1
155058,2,0,0,-1,-1,-1
0,0,0,0,-1,-1,-1
154754,1,0,1,147,2564,2508
154760,1,0,1,181,2799,2705
155373,1,1,-1,194,4762,4639
0,0,0,0,-1,-1,-1
155196,1,0,1,110,3965,3929
0,0,0,0,-1,-1,-1
155262,1,1,0,103,9301,9240
0,0,0,0,-1,-1,-1
154547,1,1,0,42,2981,2970
154227,1,0,1,113,5137,5099
0,0,0,0,-1,-1,-1
0,0,0,0,-1,-1,-1
154930,2,0,0,-1,-1,-1
155336,2,0,0,-1,-1,-1
151629,1,0,1,158,2586,2500
154985,1,1,0,99,5042,4990
153712,1,0,1,119,6051,6006
0,0,0,0,-1,-1,-1
153585,2,0,0,-1,-1,-1
153485,2,0,0,-1,-1,-1
154684,2,0,0,-1,-1,-1
155351,1,1,0,69,12695,12650
153645,2,0,0,-1,-1,-1
154456,2,0,0,-1,-1,-1
155126,1,0,1,93,3511,3475
154182,2,0,0,-1,-1,-1
155292,1,1,0,215,2928,2836
153539,2,0,0,-1,-1,-1
0,0,0,0,-1,-1,-1
153620,2,0,0,-1,-1,-1
154454,2,0,0,-1,-1,-1
153371,1,1,0,142,1597,1533
154516,2,0,0,-1,-1,-1
151539,2,0,0,-1,-1,-1
0,0,0,0,-1,-1,-1
153859,1,0,1,202,3453,3389
0,0,0,0,-1,-1,-1
155060,2,0,0,-1,-1,-1
0,0,0,0,-1,-1,-1
0,0,0,0,-1,-1,-1
153688,2,0,0,-1,-1,-1
153716,2,0,0,-1,-1,-1
155359,1,1,-1,202,8120,8024
153369,1,1,0,101,2045,2003
153473,2,0,0,-1,-1,-1
154547,1,1,0,64,5414,5373
153162,1,0,1,55,9807,9772
0,0,0,0,-1,-1,-1
0,0,0,0,-1,-1,-1
154550,1,0,1,35,3874,3847
154784,2,0,0,-1,-1,-1
0,0,0,0,-1,-1,-1
154574,1,0,1,176,3924,3839
154774,2,0,0,-1,-1,-1
0,0,0,0,-1,-1,-1
151675,1,1,0,70,3658,3597
154483,1,1,0,162,2430,2353
0,0,0,0,-1,-1,-1
154728,1,1,-1,98,2798,2740
154714,1,0,1,84,3990,3948
0,0,0,0,-1,-1,-1
153461,2,0,0,-1,-1,-1
154762,1,0,1,85,2579,2522
155250,1,0,1,144,1126,1058
154632,2,0,0,-1,-1,-1
0,0,0,0,-1,-1,-1
155019,2,0,0,-1,-1,-1
151906,2,0,0,-1,-1,-1
153776,1,1,0,70,2183,2147
0,0,0,0,-1,-1,-1
153633,1,1,0,0,17388,17388
0,0,0,0,-1,-1,-1
153176,2,0,0,-1,-1,-1
0,0,0,0,-1,-1,-1
155203,2,0,0,-1,-1,-1
154353,2,0,0,-1,-1,-1
154109,2,0,0,-1,-1,-1
154986,2,0,0,-1,-1,-1
155163,2,0,0,-1,-1,-1
155362,1,0,1,141,2266,2205
155368,1,0,1,26,7854,7845
0,0,0,0,-1,-1,-1
0,0,0,0,-1,-1,-1
154693,2,0,0,-1,-1,-1
154677,2,0,0,-1,-1,-1
154234,1,0,1,131,2723,2674
153221,2,0,0,-1,-1,-1
153039,2,0,0,-1,-1,-1
154680,1,0,1,84,4182,4153
0,0,0,0,-1,-1,-1
154999,1,0,1,0,1175,1175
154867,1,0,1,50,1548,1514
153907,2,0,0,-1,-1,-1
154113,2,0,0,-1,-1,-1
155108,1,1,1,185,4909,4838
154183,2,0,0,-1,-1,-1
155385,1,1,-1,105,3980,3939
0,0,0,0,-1,-1,-1
154463,2,0,0,-1,-1,-1
0,0,0,0,-1,-1,-1
154980,2,0,0,-1,-1,-1
0,0,0,0,-1,-1,-1
0,0,0,0,-1,-1,-1
154059,1,1,0,66,6793,6760
154616,1,1,0,90,6883,6849
154819,1,1,0,59,2260,2232
154564,2,0,0,-1,-1,-1
153762,1,1,0,145,6256,6173
0,0,0,0,-1,-1,-1
154292,2,0,0,-1,-1,-1
153826,1,1,0,83,2548,2518
154989,1,0,1,106,6123,6075
0,0,0,0,-1,-1,-1
154814,2,0,0,-1,-1,-1
155143,2,0,0,-1,-1,-1
154045,2,0,0,-1,-1,-1
153549,2,0,0,-1,-1,-1
154718,1,1,1,267,6729,6622
0,0,0,0,-1,-1,-1
155186,1,1,0,147,7275,7213
154917,1,0,1,172,4011,3925
154588,1,1,0,253,1890,1799
155002,1,0,1,74,15785,15739
153348,2,0,0,-1,-1,-1
155381,1,0,1,40,2468,2449
154475,2,0,0,-1,-1,-1
155231,1,1,-1,74,7775,7744
154685,2,0,0,-1,-1,-1
154149,1,1,0,74,2000,1973
154115,2,0,0,-1,-1,-1
154375,1,1,0,32,5222,5206
0,0,0,0,-1,-1,-1
0,0,0,0,-1,-1,-1
154225,2,0,0,-1,-1,-1
0,0,0,0,-1,-1,-1
154109,1,1,0,127,4748,4691
154772,1,1,-1,135,8632,8557
0,0,0,0,-1,-1,-1
155080,1,0,1,108,1584,1534
153832,2,0,0,-1,-1,-1
0,0,0,0,-1,-1,-1
152171,1,0,1,161,1830,1753
0,0,0,0,-1,-1,-1
0,0,0,0,-1,-1,-1
153695,2,0,0,-1,-1,-1
154318,1,0,1,52,4176,4155
154620,1,0,1,135,2630,2554
0,0,0,0,-1,-1,-1
0,0,0,0,-1,-1,-1
154026,2,0,0,-1,-1,-1
155057,1,1,0,163,4238,4154
154157,2,0,0,-1,-1,-1
154299,1,1,0,283,4150,3991
155346,1,1,0,150,2680,2623
0,0,0,0,-1,-1,-1
0,0,0,0,-1,-1,-1
0,0,0,0,-1,-1,-1
152486,2,0,0,-1,-1,-1
0,0,0,0,-1,-1,-1
154505,1,1,0,34,3613,3586
153709,2,0,0,-1,-1,-1
154638,1,0,1,72,7316,7291
0,0,0,0,-1,-1,-1
0,0,0,0,-1,-1,-1
154994,2,0,0,-1,-1,-1
154025,1,0,1,61,2071,2033
0,0,0,0,-1,-1,-1
155280,1,1,0,171,6325,6243
154304,2,0,0,-1,-1,-1
0,0,0,0,-1,-1,-1
0,0,0,0,-1,-1,-1
0,0,0,0,-1,-1,-1
153370,1,1,0,70,16506,16483
154826,1,1,-1,133,8634,8594
153389,1,1,0,0,27648,27648
155101,1,1,0,114,4053,3991
0,0,0,0,-1,-1,-1
0,0,0,0,-1,-1,-1
154751,2,0,0,-1,-1,-1
152626,2,0,0,-1,-1,-1
154064,2,0,0,-1,-1,-1
155003,1,0,1,106,5695,5629
153614,1,1,-1,158,4485,4395
154643,1,1,0,106,2080,2050
153236,2,0,0,-1,-1,-1
0,0,0,0,-1,-1,-1
154305,2,0,0,-1,-1,-1
154265,2,0,0,-1,-1,-1
155022,1,1,1,201,4806,4741
154117,2,0,0,-1,-1,-1
0,0,0,0,-1,-1,-1
155218,1,0,1,86,1292,1239
154997,1,0,1,0,1553,1553
153348,2,0,0,-1,-1,-1
154599,2,0,0,-1,-1,-1
155311,1,1,0,245,2785,2687
0,0,0,0,-1,-1,-1
154911,2,0,0,-1,-1,-1
0,0,0,0,-1,-1,-1
153497,2,0,0,-1,-1,-1
0,0,0,0,-1,-1,-1
0,0,0,0,-1,-1,-1
155159,2,0,0,-1,-1,-1
0,0,0,0,-1,-1,-1
0,0,0,0,-1,-1,-1
153163,1,1,0,83,4993,4960
153437,1,0,1,358,3685,3541
0,0,0,0,-1,-1,-1
154011,1,1,0,107,3295,3255
154647,1,1,0,56,5214,5184
154923,1,1,0,67,1462,1436
153838,2,0,0,-1,-1,-1
154571,1,1,-1,87,4421,4392
155066,2,0,0,-1,-1,-1
154720,1,1,0,36,3876,3859
154370,2,0,0,-1,-1,-1
155037,2,0,0,-1,-1,-1
152895,2,0,0,-1,-1,-1
153398,2,0,0,-1,-1,-1
154570,2,0,0,-1,-1,-1
153255,1,1,0,126,4308,4265
153964,2,0,0,-1,-1,-1
0,0,0,0,-1,-1,-1
153984,2,0,0,-1,-1,-1
152597,1,0,1,41,1542,1506
0,0,0,0,-1,-1,-1
155221,1,0,1,81,4766,4733
153897,2,0,0,-1,-1,-1
155191,1,0,1,139,2502,2418
0,0,0,0,-1,-1,-1
0,0,0,0,-1,-1,-1
154025,2,0,0,-1,-1,-1
154983,1,0,1,84,3587,3535
155065,2,0,0,-1,-1,-1
0,0,0,0,-1,-1,-1
154725,1,1,0,0,4479,4479
155218,1,1,0,91,6804,6757
155384,1,0,1,23,3149,3137
154724,1,1,0,319,3133,3026
153711,2,0,0,-1,-1,-1
154051,1,1,0,61,1444,1406
154020,2,0,0,-1,-1,-1
154934,1,0,1,132,4402,4327
155282,1,1,0,72,2448,2417
154909,2,0,0,-1,-1,-1
153775,1,0,1,29,1807,1794
0,0,0,0,-1,-1,-1
153897,2,0,0,-1,-1,-1
153614,1,0,1,4,2110,2110
0,0,0,0,-1,-1,-1
154330,1,0,1,36,4580,4561
0,0,0,0,-1,-1,-1
154026,1,1,0,0,1522,1521
154102,1,1,0,174,8276,8211
154884,2,0,0,-1,-1,-1
154728,1,0,1,126,4048,3995
154984,1,0,1,116,5336,5287
0,0,0,0,-1,-1,-1
0,0,0,0,-1,-1,-1
154747,2,0,0,-1,-1,-1
0,0,0,0,-1,-1,-1
155181,1,1,0,116,1601,1554
153862,2,0,0,-1,-1,-1
154548,1,0,1,129,3611,3544
154488,2,0,0,-1,-1,-1
154445,1,1,1,157,4783,4704
155141,1,1,0,142,3444,3380
0,0,0,0,-1,-1,-1
154989,1,0,1,100,7948,7906
155343,1,1,1,38,8524,8497
154441,1,1,1,26,9863,9855
0,0,0,0,-1,-1,-1
153650,2,0,0,-1,-1,-1
0,0,0,0,-1,-1,-1
154223,1,0,1,261,1399,1289
152811,2,0,0,-1,-1,-1
154557,2,0,0,-1,-1,-1
154522,1,0,1,112,3362,3300
0,0,0,0,-1,-1,-1
0,0,0,0,-1,-1,-1
0,0,0,0,-1,-1,-1
155190,2,0,0,-1,-1,-1
154880,2,0,0,-1,-1,-1
0,0,0,0,-1,-1,-1
154386,2,0,0,-1,-1,-1
155206,1,1,0,0,19334,19334
154363,2,0,0,-1,-1,-1
0,0,0,0,-1,-1,-1
154059,2,0,0,-1,-1,-1
154416,1,1,0,93,11559,11532
0,0,0,0,-1,-1,-1
154093,2,0,0,-1,-1,-1
154579,2,0,0,-1,-1,-1
155086,1,1,0,153,2686,2611
0,0,0,0,-1,-1,-1
154486,2,0,0,-1,-1,-1
154586,1,1,0,99,2282,2234
155382,1,1,0,96,10233,10183
153963,2,0,0,-1,-1,-1
152762,2,0,0,-1,-1,-1
0,0,0,0,-1,-1,-1
154484,1,1,-1,32,6617,6589
0,0,0,0,-1,-1,-1
154676,1,1,0,73,2532,2509
155109,1,0,1,178,6522,6440
153810,1,0,1,93,5676,5625
154837,2,0,0,-1,-1,-1
152539,2,0,0,-1,-1,-1
154473,1,0,1,159,2461,2385
154441,2,0,0,-1,-1,-1
0,0,0,0,-1,-1,-1
153623,1,1,0,62,8912,8877
154727,2,0,0,-1,-1,-1
154972,1,0,1,131,1440,1381
154297,2,0,0,-1,-1,-1
155326,1,1,0,0,5586,5586
154688,2,0,0,-1,-1,-1
0,0,0,0,-1,-1,-1
154540,2,0,0,-1,-1,-1
155099,1,1,1,188,4231,4143
155206,2,0,0,-1,-1,-1
155113,1,1,0,139,2459,2398
154156,2,0,0,-1,-1,-1
154981,2,0,0,-1,-1,-1
154072,1,0,1,160,2882,2837
154166,1,1,0,213,5351,5252
154041,2,0,0,-1,-1,-1
154309,1,0,1,117,11894,11860
0,0,0,0,-1,-1,-1
154308,1,0,1,70,2975,2943
152881,2,0,0,-1,-1,-1
0,0,0,0,-1,-1,-1
154889,2,0,0,-1,-1,-1
155320,1,1,0,44,3422,3407
0,0,0,0,-1,-1,-1
154515,2,0,0,-1,-1,-1
154593,1,1,0,140,7048,6995
0,0,0,0,-1,-1,-1
0,0,0,0,-1,-1,-1
154320,2,0,0,-1,-1,-1
0,0,0,0,-1,-1,-1
152189,2,0,0,-1,-1,-1
154231,2,0,0,-1,-1,-1
153756,2,0,0,-1,-1,-1
155064,2,0,0,-1,-1,-1
0,0,0,0,-1,-1,-1
0,0,0,0,-1,-1,-1
155084,1,1,0,116,6184,6145
154976,1,1,-1,177,18706,18638
154726,2,0,0,-1,-1,-1
153822,2,0,0,-1,-1,-1
154726,1,1,-1,148,4119,4035
0,0,0,0,-1,-1,-1
152266,1,0,1,67,5965,5940
154983,1,1,-1,265,2621,2504
153614,2,0,0,-1,-1,-1
154536,1,0,1,103,6848,6799
0,0,0,0,-1,-1,-1
153738,1,1,0,85,3438,3377
155303,1,0,1,44,3008,2981
154855,2,0,0,-1,-1,-1
154030,2,0,0,-1,-1,-1
154828,2,0,0,-1,-1,-1
155185,1,1,0,90,1958,1934
154689,1,1,0,112,5620,5551
154660,2,0,0,-1,-1,-1
153056,2,0,0,-1,-1,-1
0,0,0,0,-1,-1,-1
154913,1,0,1,103,2769,2727
155269,1,1,0,126,4704,4628
154916,1,1,0,248,3178,3092
154302,1,1,0,94,2474,2429
154577,2,0,0,-1,-1,-1
0,0,0,0,-1,-1,-1
155287,1,1,-1,105,5135,5097
154758,1,1,0,161,1526,1453
154633,1,0,1,96,4102,4069
154430,2,0,0,-1,-1,-1
151652,2,0,0,-1,-1,-1
153026,1,1,0,250,4268,4180
154770,2,0,0,-1,-1,-1
0,0,0,0,-1,-1,-1
153996,2,0,0,-1,-1,-1
0,0,0,0,-1,-1,-1
154465,1,0,1,21,9219,9205
154865,1,0,1,133,5212,5165
154144,2,0,0,-1,-1,-1
154875,1,0,1,155,3230,3169
0,0,0,0,-1,-1,-1
0,0,0,0,-1,-1,-1
154705,2,0,0,-1,-1,-1
154399,2,0,0,-1,-1,-1
0,0,0,0,-1,-1,-1
0,0,0,0,-1,-1,-1
154902,1,0,1,102,12310,12248
0,0,0,0,-1,-1,-1
153676,1,0,1,237,10146,10029
0,0,0,0,-1,-1,-1
154498,2,0,0,-1,-1,-1
0,0,0,0,-1,-1,-1
0,0,0,0,-1,-1,-1
0,0,0,0,-1,-1,-1
155279,1,0,1,59,7086,7049
154702,2,0,0,-1,-1,-1
152882,2,0,0,-1,-1,-1
154540,1,1,0,42,10475,10456
153448,2,0,0,-1,-1,-1
155112,1,1,0,37,3461,3446
155100,1,0,1,100,5575,5539
154376,2,0,0,-1,-1,-1
155243,2,0,0,-1,-1,-1
153875,2,0,0,-1,-1,-1
155298,1,1,0,12,13921,13915
154446,2,0,0,-1,-1,-1
155284,1,1,1,207,3499,3402
0,0,0,0,-1,-1,-1
154615,1,1,0,33,14029,14015
154527,1,1,0,45,8664,8643
155025,2,0,0,-1,-1,-1
153919,2,0,0,-1,-1,-1
154272,2,0,0,-1,-1,-1
153509,1,0,1,34,6351,6342
154466,1,0,1,115,7881,7830
0,0,0,0,-1,-1,-1
154426,1,1,-1,106,3293,3251
154318,2,0,0,-1,-1,-1
153955,2,0,0,-1,-1,-1
153459,1,0,1,0,363,363
154659,1,0,1,25,11957,11942
155027,1,1,0,41,3972,3943
154304,2,0,0,-1,-1,-1
154770,1,1,1,258,8099,7975
0,0,0,0,-1,-1,-1
0,0,0,0,-1,-1,-1
154254,2,0,0,-1,-1,-1
0,0,0,0,-1,-1,-1
154918,2,0,0,-1,-1,-1
153802,2,0,0,-1,-1,-1
0,0,0,0,-1,-1,-1
154490,2,0,0,-1,-1,-1
0,0,0,0,-1,-1,-1
154561,1,1,0,95,10475,10437
154363,1,0,1,66,3400,3382
155048,1,0,1,66,3707,3664
0,0,0,0,-1,-1,-1
0,0,0,0,-1,-1,-1
0,0,0,0,-1,-1,-1
154306,1,1,0,120,1807,1739
154904,2,0,0,-1,-1,-1
155193,1,1,0,88,2207,2178
0,0,0,0,-1,-1,-1
154521,2,0,0,-1,-1,-1
0,0,0,0,-1,-1,-1
152603,2,0,0,-1,-1,-1
154280,1,1,0,27,7050,7024
0,0,0,0,-1,-1,-1
154764,1,0,1,48,2576,2552
0,0,0,0,-1,-1,-1
153765,1,0,1,178,3212,3115
0,0,0,0,-1,-1,-1
154983,1,0,1,15,5572,5566
151963,1,1,0,83,5596,5544
153727,2,0,0,-1,-1,-1
155289,1,1,0,69,14189,14151
154572,1,1,1,109,10259,10208
0,0,0,0,-1,-1,-1
0,0,0,0,-1,-1,-1
154971,2,0,0,-1,-1,-1
0,0,0,0,-1,-1,-1
0,0,0,0,-1,-1,-1
154529,1,1,0,281,4298,4191
155233,1,0,1,162,10652,10593
0,0,0,0,-1,-1,-1
155336,1,1,1,238,9203,9088
0,0,0,0,-1,-1,-1
0,0,0,0,-1,-1,-1
155014,2,0,0,-1,-1,-1
155127,1,1,-1,222,6690,6599
154259,2,0,0,-1,-1,-1
0,0,0,0,-1,-1,-1
0,0,0,0,-1,-1,-1
0,0,0,0,-1,-1,-1
154683,1,0,1,70,2315,2290
0,0,0,0,-1,-1,-1
155021,1,0,1,101,20629,20566
0,0,0,0,-1,-1,-1
153371,2,0,0,-1,-1,-1
154196,1,0,1,136,4578,4512
154187,2,0,0,-1,-1,-1
155019,2,0,0,-1,-1,-1
0,0,0,0,-1,-1,-1
153305,2,0,0,-1,-1,-1
0,0,0,0,-1,-1,-1
0,0,0,0,-1,-1,-1
153225,2,0,0,-1,-1,-1
0,0,0,0,-1,-1,-1
0,0,0,0,-1,-1,-1
154585,1,0,1,173,1407,1333
153868,1,0,1,48,2050,2023
154665,1,1,1,319,5211,5063
152683,2,0,0,-1,-1,-1
0,0,0,0,-1,-1,-1
154614,1,1,0,74,2111,2061
153120,2,0,0,-1,-1,-1
0,0,0,0,-1,-1,-1
154439,1,1,0,103,3871,3824
154232,1,0,1,111,6128,6077
0,0,0,0,-1,-1,-1
154515,1,1,0,107,3105,3067
0,0,0,0,-1,-1,-1
155089,1,0,1,119,2540,2505
153334,2,0,0,-1,-1,-1
154787,2,0,0,-1,-1,-1
155359,1,1,0,95,2535,2470
154410,2,0,0,-1,-1,-1
154191,2,0,0,-1,-1,-1
0,0,0,0,-1,-1,-1
153361,2,0,0,-1,-1,-1
154172,2,0,0,-1,-1,-1
154166,2,0,0,-1,-1,-1
153322,1,0,1,110,2338,2292
0,0,0,0,-1,-1,-1
155093,2,0,0,-1,-1,-1
0,0,0,0,-1,-1,-1
0,0,0,0,-1,-1,-1
153710,1,0,1,214,3919,3808
155319,1,1,0,151,1612,1520
152358,1,1,0,140,3308,3248
153169,1,0,1,122,3163,3080
154685,2,0,0,-1,-1,-1
0,0,0,0,-1,-1,-1
0,0,0,0,-1,-1,-1
0,0,0,0,-1,-1,-1
155218,1,1,0,31,6970,6943
154009,1,1,0,149,3831,3763
155122,1,0,1,61,4870,4849
0,0,0,0,-1,-1,-1
154099,1,0,1,24,3738,3724
153787,1,1,0,206,2052,1967
0,0,0,0,-1,-1,-1
155002,1,0,1,119,1570,1502
153953,2,0,0,-1,-1,-1
0,0,0,0,-1,-1,-1
154981,1,0,1,21,697,688
154911,1,1,0,0,3621,3621
155097,1,1,0,109,4542,4490
154044,2,0,0,-1,-1,-1
154676,1,1,0,48,6468,6451
0,0,0,0,-1,-1,-1
154896,1,1,0,52,4011,3985
154791,1,1,0,0,9798,9798
0,0,0,0,-1,-1,-1
0,0,0,0,-1,-1,-1
154800,1,1,0,0,3276,3276
154148,2,0,0,-1,-1,-1
154345,2,0,0,-1,-1,-1
154940,1,0,1,93,3441,3402
155240,1,1,-1,115,6045,5987
155090,1,1,0,125,3160,3100
154922,2,0,0,-1,-1,-1
0,0,0,0,-1,-1,-1
154996,1,0,1,79,4996,4964
0,0,0,0,-1,-1,-1
154613,1,1,0,0,1180,1180
154461,2,0,0,-1,-1,-1
154685,1,0,1,34,2518,2499
153807,2,0,0,-1,-1,-1
154130,2,0,0,-1,-1,-1
155312,1,0,1,56,1742,1710
154754,2,0,0,-1,-1,-1
154032,2,0,0,-1,-1,-1
155050,2,0,0,-1,-1,-1
153820,1,1,1,107,9451,9409
154876,2,0,0,-1,-1,-1
0,0,0,0,-1,-1,-1
154346,2,0,0,-1,-1,-1
153448,2,0,0,-1,-1,-1
154867,2,0,0,-1,-1,-1
0,0,0,0,-1,-1,-1
154844,2,0,0,-1,-1,-1
0,0,0,0,-1,-1,-1
152707,1,0,1,368,3657,3511
153544,2,0,0,-1,-1,-1
154107,2,0,0,-1,-1,-1
154113,1,1,1,345,6033,5869
155052,1,1,0,145,4473,4384
153961,1,1,0,43,6852,6835
149261,2,0,0,-1,-1,-1
155382,1,0,1,162,4822,4747
154984,1,1,0,164,3011,2956
154189,2,0,0,-1,-1,-1
0,0,0,0,-1,-1,-1
0,0,0,0,-1,-1,-1
155147,1,0,1,142,3068,2999
0,0,0,0,-1,-1,-1
153768,2,0,0,-1,-1,-1
0,0,0,0,-1,-1,-1
155385,1,1,0,24,720,702
155029,1,1,0,158,10211,10147
0,0,0,0,-1,-1,-1
0,0,0,0,-1,-1,-1
0,0,0,0,-1,-1,-1
154971,1,0,1,138,1248,1176
155093,1,1,0,225,1877,1782
154233,2,0,0,-1,-1,-1
0,0,0,0,-1,-1,-1
153606,1,0,1,82,6763,6737
154439,2,0,0,-1,-1,-1
153224,2,0,0,-1,-1,-1
154299,1,0,1,58,8334,8314
153973,1,1,0,137,3212,3161
153162,1,0,1,72,1254,1207
155089,2,0,0,-1,-1,-1
0,0,0,0,-1,-1,-1
0,0,0,0,-1,-1,-1
154999,2,0,0,-1,-1,-1
0,0,0,0,-1,-1,-1
153662,2,0,0,-1,-1,-1
154639,2,0,0,-1,-1,-1
0,0,0,0,-1,-1,-1
153494,2,0,0,-1,-1,-1
153705,2,0,0,-1,-1,-1
0,0,0,0,-1,-1,-1
154882,1,0,1,108,2807,2760
154056,2,0,0,-1,-1,-1
154380,2,0,0,-1,-1,-1
155173,1,0,1,18,3321,3312
153454,1,0,1,58,4154,4132
154187,2,0,0,-1,-1,-1
155343,2,0,0,-1,-1,-1
0,0,0,0,-1,-1,-1
0,0,0,0,-1,-1,-1
0,0,0,0,-1,-1,-1
153746,2,0,0,-1,-1,-1
0,0,0,0,-1,-1,-1
155103,2,0,0,-1,-1,-1
152771,2,0,0,-1,-1,-1
0,0,0,0,-1,-1,-1
154187,2,0,0,-1,-1,-1
0,0,0,0,-1,-1,-1
154441,1,1,0,188,3717,3625
0,0,0,0,-1,-1,-1
153748,2,0,0,-1,-1,-1
0,0,0,0,-1,-1,-1
154781,2,0,0,-1,-1,-1
154432,1,0,1,24,787,770
0,0,0,0,-1,-1,-1
0,0,0,0,-1,-1,-1
155053,1,1,0,169,2917,2854
155326,2,0,0,-1,-1,-1
154655,1,1,0,133,3522,3454
153687,1,1,0,113,1558,1494
153073,1,0,1,0,10224,10224
0,0,0,0,-1,-1,-1
153657,1,0,1,95,4271,4224
154414,2,0,0,-1,-1,-1
0,0,0,0,-1,-1,-1
155077,1,1,0,127,4195,4138
0,0,0,0,-1,-1,-1
154083,2,0,0,-1,-1,-1
155325,1,1,0,0,1638,1638
153539,2,0,0,-1,-1,-1
154906,1,1,0,62,3128,3095
0,0,0,0,-1,-1,-1
153753,2,0,0,-1,-1,-1
154942,2,0,0,-1,-1,-1
153196,1,1,0,0,6095,6095
153754,2,0,0,-1,-1,-1
0,0,0,0,-1,-1,-1
154761,1,0,1,253,9094,8966
155176,1,0,1,58,13116,13095
155370,1,0,1,152,5002,4954
154592,1,0,1,142,5390,5316
154353,1,0,1,85,8401,8363
154136,1,0,1,74,1192,1147
154559,1,0,1,191,2276,2196
153949,2,0,0,-1,-1,-1
153560,2,0,0,-1,-1,-1
154837,1,1,0,0,4362,4362
0,0,0,0,-1,-1,-1
0,0,0,0,-1,-1,-1
153299,1,1,0,0,4789,4789
0,0,0,0,-1,-1,-1
153518,2,0,0,-1,-1,-1
0,0,0,0,-1,-1,-1
153491,2,0,0,-1,-1,-1
153409,1,1,0,76,9544,9523
154406,1,0,1,205,4225,4100
0,0,0,0,-1,-1,-1
153935,2,0,0,-1,-1,-1
153309,2,0,0,-1,-1,-1
154147,2,0,0,-1,-1,-1
154229,2,0,0,-1,-1,-1
153224,1,0,1,0,10584,10584
154796,1,0,1,108,7620,7569
154960,2,0,0,-1,-1,-1
0,0,0,0,-1,-1,-1
0,0,0,0,-1,-1,-1
0,0,0,0,-1,-1,-1
0,0,0,0,-1,-1,-1
0,0,0,0,-1,-1,-1
155245,1,1,0,67,2419,2405
153587,1,1,0,10,4978,4971
0,0,0,0,-1,-1,-1
0,0,0,0,-1,-1,-1
154258,1,1,0,98,4586,4546
0,0,0,0,-1,-1,-1
155086,1,0,1,43,3177,3169
153564,2,0,0,-1,-1,-1
154020,2,0,0,-1,-1,-1
0,0,0,0,-1,-1,-1
154835,2,0,0,-1,-1,-1
154284,2,0,0,-1,-1,-1
153159,2,0,0,-1,-1,-1
152339,2,0,0,-1,-1,-1
154277,2,0,0,-1,-1,-1
0,0,0,0,-1,-1,-1
0,0,0,0,-1,-1,-1
0,0,0,0,-1,-1,-1
153493,1,0,1,54,4152,4114
154832,1,0,1,82,2053,2013
154537,2,0,0,-1,-1,-1
154097,1,1,0,106,1849,1805
0,0,0,0,-1,-1,-1
154393,1,0,1,70,2237,2202
0,0,0,0,-1,-1,-1
154576,1,1,0,104,14187,14144
152712,1,1,0,173,3498,3437
154229,1,0,1,54,6131,6104
0,0,0,0,-1,-1,-1
152149,2,0,0,-1,-1,-1
154531,2,0,0,-1,-1,-1
0,0,0,0,-1,-1,-1
154979,1,0,1,118,4380,4328
154579,1,1,0,55,7141,7111
153929,2,0,0,-1,-1,-1
153779,2,0,0,-1,-1,-1
154282,2,0,0,-1,-1,-1
153931,2,0,0,-1,-1,-1
154699,1,0,1,107,6580,6553
155333,1,1,0,0,6327,6327
154416,2,0,0,-1,-1,-1
152200,2,0,0,-1,-1,-1
154594,2,0,0,-1,-1,-1
152954,1,0,1,56,2380,2345
0,0,0,0,-1,-1,-1
153475,1,1,0,161,3054,2973
154480,1,0,1,106,3463,3429
155281,1,0,1,187,5202,5146
153820,1,0,1,0,9536,9536
155138,1,0,1,142,3191,3158
155318,1,1,0,61,2790,2773
155304,1,1,0,78,4684,4655
154163,2,0,0,-1,-1,-1
0,0,0,0,-1,-1,-1
0,0,0,0,-1,-1,-1
0,0,0,0,-1,-1,-1
154593,2,0,0,-1,-1,-1
153095,2,0,0,-1,-1,-1
154272,2,0,0,-1,-1,-1
154513,2,0,0,-1,-1,-1
153811,2,0,0,-1,-1,-1
153805,2,0,0,-1,-1,-1
155252,1,0,1,109,1600,1551
154178,1,1,0,166,14734,14667
153400,1,1,0,108,4414,4369
0,0,0,0,-1,-1,-1
0,0,0,0,-1,-1,-1
153284,2,0,0,-1,-1,-1
0,0,0,0,-1,-1,-1
153651,2,0,0,-1,-1,-1
0,0,0,0,-1,-1,-1
0,0,0,0,-1,-1,-1
0,0,0,0,-1,-1,-1
153751,2,0,0,-1,-1,-1
154435,2,0,0,-1,-1,-1
154549,1,1,0,0,13359,13359
155306,1,1,0,40,6323,6299
155360,1,0,1,12,3197,3192
0,0,0,0,-1,-1,-1
154790,1,0,1,0,5029,5029
154420,2,0,0,-1,-1,-1
0,0,0,0,-1,-1,-1
154612,1,1,0,35,4286,4271
154171,1,1,0,114,2075,2018
153494,2,0,0,-1,-1,-1
155062,1,0,1,155,5788,5705
0,0,0,0,-1,-1,-1
154060,2,0,0,-1,-1,-1
0,0,0,0,-1,-1,-1
0,0,0,0,-1,-1,-1
154583,1,1,0,177,2930,2846
153149,2,0,0,-1,-1,-1
0,0,0,0,-1,-1,-1
154702,1,1,-1,136,15517,15458
152777,1,1,0,109,5441,5371
154352,1,0,1,79,2338,2289
153168,2,0,0,-1,-1,-1
153180,1,1,0,162,1309,1228
154038,1,1,0,99,7931,7891
155255,1,0,1,68,2651,2609
155094,1,1,1,205,3318,3225
154572,1,0,1,113,1939,1891
155103,1,0,1,154,3250,3164
154872,1,1,0,0,3693,3693
0,0,0,0,-1,-1,-1
0,0,0,0,-1,-1,-1
0,0,0,0,-1,-1,-1
0,0,0,0,-1,-1,-1
155278,1,1,0,39,3623,3612
155153,1,1,0,90,4985,4965
154644,2,0,0,-1,-1,-1
154760,1,0,1,116,3214,3158
153334,2,0,0,-1,-1,-1
155012,1,1,0,97,3879,3815
154737,2,0,0,-1,-1,-1
154231,2,0,0,-1,-1,-1
0,0,0,0,-1,-1,-1
152599,2,0,0,-1,-1,-1
155222,1,0,1,123,3570,3517
155317,1,0,1,162,2588,2507
155055,1,1,0,71,1364,1341
0,0,0,0,-1,-1,-1
154046,2,0,0,-1,-1,-1
154741,1,1,-1,146,3744,3686
0,0,0,0,-1,-1,-1
0,0,0,0,-1,-1,-1
155332,1,1,0,79,3346,3314
154804,2,0,0,-1,-1,-1
0,0,0,0,-1,-1,-1
0,0,0,0,-1,-1,-1
154059,1,0,1,18,5954,5944
153988,2,0,0,-1,-1,-1
0,0,0,0,-1,-1,-1
0,0,0,0,-1,-1,-1
0,0,0,0,-1,-1,-1
155312,1,1,0,93,2068,2011
0,0,0,0,-1,-1,-1
154306,1,1,0,68,5546,5524
152687,1,0,1,0,4372,4372
155219,1,0,1,5,11057,11054
0,0,0,0,-1,-1,-1
0,0,0,0,-1,-1,-1
155254,2,0,0,-1,-1,-1
154895,1,1,-1,187,5759,5634
155034,2,0,0,-1,-1,-1
152580,1,0,1,82,2856,2817
154761,2,0,0,-1,-1,-1
0,0,0,0,-1,-1,-1
153943,2,0,0,-1,-1,-1
154485,1,1,-1,239,6888,6787
153084,1,0,1,46,9018,8987
154976,1,1,0,38,10261,10254
154478,1,0,1,106,15859,15806
0,0,0,0,-1,-1,-1
0,0,0,0,-1,-1,-1
155110,1,0,1,127,2984,2909
154345,1,0,1,91,1422,1388
154597,2,0,0,-1,-1,-1
154290,1,1,0,150,3923,3864
155063,1,1,0,48,2666,2634
0,0,0,0,-1,-1,-1
154654,2,0,0,-1,-1,-1
153674,1,1,0,211,4867,4786
155366,1,1,0,105,3584,3546
154737,1,0,1,129,5616,5573
154736,2,0,0,-1,-1,-1
154880,1,0,1,53,3573,3556
154628,1,0,1,75,4314,4274
155055,2,0,0,-1,-1,-1
0,0,0,0,-1,-1,-1
154107,2,0,0,-1,-1,-1
0,0,0,0,-1,-1,-1
154500,2,0,0,-1,-1,-1
0,0,0,0,-1,-1,-1
155157,1,0,1,64,7362,7332
0,0,0,0,-1,-1,-1
0,0,0,0,-1,-1,-1
0,0,0,0,-1,-1,-1
0,0,0,0,-1,-1,-1
0,0,0,0,-1,-1,-1
155180,1,0,1,0,21068,21068
0,0,0,0,-1,-1,-1
155141,1,0,1,136,6348,6258
154663,2,0,0,-1,-1,-1
154195,1,1,0,125,4245,4185
155005,1,1,0,37,3056,3044
154722,1,1,0,100,1581,1551
154479,2,0,0,-1,-1,-1
154725,1,0,1,193,1767,1675
154853,1,1,-1,217,2918,2821
154548,2,0,0,-1,-1,-1
154673,2,0,0,-1,-1,-1
155028,1,1,0,65,6377,6352
0,0,0,0,-1,-1,-1
154926,1,0,1,0,18659,18659
152958,1,1,0,156,3862,3785
0,0,0,0,-1,-1,-1
153944,2,0,0,-1,-1,-1
153944,1,1,0,0,1353,1353
155076,2,0,0,-1,-1,-1
155091,1,0,1,123,2407,2339
0,0,0,0,-1,-1,-1
0,0,0,0,-1,-1,-1
155038,1,1,0,135,3523,3442
154264,2,0,0,-1,-1,-1
155174,2,0,0,-1,-1,-1
154491,2,0,0,-1,-1,-1
154644,2,0,0,-1,-1,-1
154052,1,0,1,73,8589,8555
0,0,0,0,-1,-1,-1
154799,1,0,1,0,2675,2675
154317,1,1,1,140,898,825
154812,1,0,1,339,3352,3221
154550,1,0,1,61,1590,1540
0,0,0,0,-1,-1,-1
0,0,0,0,-1,-1,-1
0,0,0,0,-1,-1,-1
153421,1,0,1,165,2892,2799
154286,2,0,0,-1,-1,-1
0,0,0,0,-1,-1,-1
155285,1,0,1,181,7241,7160
154312,2,0,0,-1,-1,-1
154127,2,0,0,-1,-1,-1
154649,1,1,-1,208,2830,2724
153025,2,0,0,-1,-1,-1
154688,2,0,0,-1,-1,-1
153820,1,1,0,0,21750,21750
154619,1,0,1,144,3119,3057
0,0,0,0,-1,-1,-1
0,0,0,0,-1,-1,-1
155269,1,0,1,289,3202,3096
155063,1,0,1,50,13542,13517
155319,1,0,1,84,10099,10048
154446,1,0,1,189,3431,3355
155251,1,1,0,104,1976,1923
154561,2,0,0,-1,-1,-1
154235,1,0,1,0,9640,9640
0,0,0,0,-1,-1,-1
153772,2,0,0,-1,-1,-1
0,0,0,0,-1,-1,-1
0,0,0,0,-1,-1,-1
154583,1,0,1,0,3720,3720
153169,2,0,0,-1,-1,-1
155234,1,0,1,177,2923,2853
152998,1,1,0,248,5010,4865
152856,1,1,0,67,3620,3601
154720,1,0,1,129,1668,1630
155209,1,0,1,84,3862,3830
155281,2,0,0,-1,-1,-1
153126,2,0,0,-1,-1,-1
154488,2,0,0,-1,-1,-1
155021,1,0,1,39,7294,7274
155182,1,0,1,35,3317,3292
155174,1,0,1,70,1849,1814
0,0,0,0,-1,-1,-1
154022,2,0,0,-1,-1,-1
153919,1,0,1,30,7229,7215
0,0,0,0,-1,-1,-1
154103,1,0,1,10,5482,5481
154763,1,0,1,116,5638,5592
154646,1,0,1,0,17360,17360
153138,2,0,0,-1,-1,-1
155122,1,1,-1,78,5556,5524
154360,2,0,0,-1,-1,-1
152263,1,1,0,160,2330,2259
0,0,0,0,-1,-1,-1
154764,2,0,0,-1,-1,-1
153653,1,1,0,105,3334,3288
0,0,0,0,-1,-1,-1
155268,1,1,0,28,10702,10692
154096,1,0,1,135,3743,3674
0,0,0,0,-1,-1,-1
0,0,0,0,-1,-1,-1
154391,2,0,0,-1,-1,-1
154472,1,0,1,137,4327,4258
153702,2,0,0,-1,-1,-1
0,0,0,0,-1,-1,-1
154518,2,0,0,-1,-1,-1
154881,1,0,1,119,4438,4373
154997,1,0,1,0,0,0
154681,2,0,0,-1,-1,-1
0,0,0,0,-1,-1,-1
153953,2,0,0,-1,-1,-1
155279,1,0,1,48,1627,1604
154858,2,0,0,-1,-1,-1
154627,1,1,0,59,11639,11617
155212,2,0,0,-1,-1,-1
153353,1,0,1,13,6986,6979
154903,1,1,0,57,6738,6700
0,0,0,0,-1,-1,-1
153181,2,0,0,-1,-1,-1
154941,1,1,0,65,2642,2608
0,0,0,0,-1,-1,-1
154912,1,0,1,114,10702,10660
154840,1,0,1,51,2125,2097
154577,2,0,0,-1,-1,-1
0,0,0,0,-1,-1,-1
0,0,0,0,-1,-1,-1
0,0,0,0,-1,-1,-1
154356,2,0,0,-1,-1,-1
155035,1,1,0,34,4309,4285
153631,1,0,1,134,3148,3090
154445,2,0,0,-1,-1,-1
154377,2,0,0,-1,-1,-1
152668,1,1,0,82,5311,5286
154980,1,1,0,130,8973,8917
154098,2,0,0,-1,-1,-1
153533,2,0,0,-1,-1,-1
154968,1,0,1,17,7181,7177
153032,2,0,0,-1,-1,-1
154517,1,1,0,98,3695,3640
155197,1,0,1,12,6429,6426
154756,2,0,0,-1,-1,-1
155097,2,0,0,-1,-1,-1
154371,2,0,0,-1,-1,-1
0,0,0,0,-1,-1,-1
154313,2,0,0,-1,-1,-1
154038,1,0,1,82,7463,7438
0,0,0,0,-1,-1,-1
154778,1,1,0,67,9501,9469
154681,1,0,1,181,4282,4196
154051,1,0,1,115,1491,1421
153920,2,0,0,-1,-1,-1
0,0,0,0,-1,-1,-1
154417,2,0,0,-1,-1,-1
153685,1,1,-1,108,3710,3652
155048,1,1,0,0,13542,13542
0,0,0,0,-1,-1,-1
154926,1,1,0,77,5808,5796
153940,2,0,0,-1,-1,-1
154590,1,1,0,68,17678,17649
154050,1,1,0,53,4765,4743
0,0,0,0,-1,-1,-1
152851,2,0,0,-1,-1,-1
154877,2,0,0,-1,-1,-1
0,0,0,0,-1,-1,-1
154963,1,1,0,64,2724,2690
154883,1,0,1,103,1870,1819
154687,1,1,0,157,12016,11956
152389,2,0,0,-1,-1,-1
0,0,0,0,-1,-1,-1
155276,1,1,0,218,1213,1125
154882,1,1,-1,93,8897,8859
0,0,0,0,-1,-1,-1
0,0,0,0,-1,-1,-1
0,0,0,0,-1,-1,-1
154728,1,1,0,116,5603,5558
155314,1,1,0,44,4820,4804
0,0,0,0,-1,-1,-1
153873,2,0,0,-1,-1,-1
155221,1,1,0,0,16430,16430
0,0,0,0,-1,-1,-1
154888,2,0,0,-1,-1,-1
152774,2,0,0,-1,-1,-1
154455,2,0,0,-1,-1,-1
154897,2,0,0,-1,-1,-1
154865,2,0,0,-1,-1,-1
154682,1,0,1,93,4414,4370
154479,1,0,1,124,5349,5311
154416,1,1,-1,285,9601,9517
153677,2,0,0,-1,-1,-1
154107,1,1,0,105,5318,5263
154992,1,1,0,27,5152,5125
154788,1,1,0,0,13192,13192
154724,1,1,0,27,3060,3046
152849,2,0,0,-1,-1,-1
153971,2,0,0,-1,-1,-1
153650,2,0,0,-1,-1,-1
154175,2,0,0,-1,-1,-1
0,0,0,0,-1,-1,-1
155332,1,1,-1,74,1707,1655
154394,1,0,1,73,2859,2818
152576,2,0,0,-1,-1,-1
155044,2,0,0,-1,-1,-1
155097,1,0,1,47,6504,6491
154660,1,1,0,46,374,362
154976,2,0,0,-1,-1,-1
152885,2,0,0,-1,-1,-1
154483,1,0,1,143,4154,4087
153830,2,0,0,-1,-1,-1
154963,1,0,1,30,3303,3286
154097,2,0,0,-1,-1,-1
0,0,0,0,-1,-1,-1
153926,1,1,0,0,15158,15158
154727,1,1,0,9,3450,3440
154271,2,0,0,-1,-1,-1
153412,2,0,0,-1,-1,-1
154874,2,0,0,-1,-1,-1
155241,1,1,0,89,8753,8710
153148,1,1,0,119,12823,12774
154515,2,0,0,-1,-1,-1
154630,1,0,1,139,3357,3301
154117,2,0,0,-1,-1,-1
153998,1,0,1,6,1598,1595
155163,1,0,1,97,3590,3559
0,0,0,0,-1,-1,-1
0,0,0,0,-1,-1,-1
154939,1,1,1,158,3887,3813
152618,1,0,1,0,3810,3810
0,0,0,0,-1,-1,-1
155243,1,1,0,0,2278,2278
153859,1,0,1,125,2884,2822
0,0,0,0,-1,-1,-1
154102,2,0,0,-1,-1,-1
153173,2,0,0,-1,-1,-1
0,0,0,0,-1,-1,-1
154161,1,0,1,97,2239,2196
154152,2,0,0,-1,-1,-1
153323,1,1,0,30,9258,9243
154497,2,0,0,-1,-1,-1
154197,2,0,0,-1,-1,-1
0,0,0,0,-1,-1,-1
154543,1,0,1,70,2040,2002
154481,2,0,0,-1,-1,-1
154167,1,0,1,182,1567,1519
154038,1,1,-1,178,6071,6017
154400,1,0,1,96,5199,5150
155010,1,1,0,116,2587,2515
153304,1,1,0,164,7517,7430
154684,2,0,0,-1,-1,-1
155051,1,1,0,190,2844,2765
153946,2,0,0,-1,-1,-1
0,0,0,0,-1,-1,-1
153918,2,0,0,-1,-1,-1
154768,2,0,0,-1,-1,-1
0,0,0,0,-1,-1,-1
155193,2,0,0,-1,-1,-1
154510,2,0,0,-1,-1,-1
154974,2,0,0,-1,-1,-1
0,0,0,0,-1,-1,-1
154911,1,1,0,170,3616,3546
153328,2,0,0,-1,-1,-1
155003,1,1,0,192,2743,2641
154389,1,0,1,0,7499,7499
0,0,0,0,-1,-1,-1
0,0,0,0,-1,-1,-1
0,0,0,0,-1,-1,-1
155058,1,1,0,222,2970,2883
154171,1,1,0,0,4871,4871
154251,1,0,1,0,309,309
0,0,0,0,-1,-1,-1
154996,1,1,0,86,1260,1229
154303,2,0,0,-1,-1,-1
153439,2,0,0,-1,-1,-1
0,0,0,0,-1,-1,-1
154341,1,1,0,174,4920,4834
154877,2,0,0,-1,-1,-1
154868,1,0,1,2,4790,4788
0,0,0,0,-1,-1,-1
155380,1,0,1,39,17323,17302
0,0,0,0,-1,-1,-1
155145,1,0,1,13,4232,4228
154883,1,1,0,125,3539,3483
154803,1,0,1,107,1550,1489
0,0,0,0,-1,-1,-1
153747,2,0,0,-1,-1,-1
154150,2,0,0,-1,-1,-1
0,0,0,0,-1,-1,-1
155123,2,0,0,-1,-1,-1
0,0,0,0,-1,-1,-1
154993,1,1,0,124,2393,2352
0,0,0,0,-1,-1,-1
153927,2,0,0,-1,-1,-1
154520,2,0,0,-1,-1,-1
154000,1,1,0,112,8233,8201
0,0,0,0,-1,-1,-1
0,0,0,0,-1,-1,-1
154396,1,0,1,40,6410,6383
154152,2,0,0,-1,-1,-1
154429,1,0,1,105,8935,8881
154303,1,1,0,77,3519,3482
155066,1,0,1,188,5895,5816
154634,2,0,0,-1,-1,-1
155215,1,0,1,140,8457,8420
154398,2,0,0,-1,-1,-1
155050,1,1,0,263,7033,6931
154033,1,1,0,143,4446,4399
154121,2,0,0,-1,-1,-1
154596,2,0,0,-1,-1,-1
155028,1,1,0,58,3990,3959
155345,1,1,0,25,9179,9170
153319,1,0,1,135,1727,1671
154168,1,1,-1,36,7497,7485
154853,2,0,0,-1,-1,-1
154631,1,0,1,212,4003,3891
154592,2,0,0,-1,-1,-1
0,0,0,0,-1,-1,-1
154770,1,0,1,156,1311,1225
154710,2,0,0,-1,-1,-1
0,0,0,0,-1,-1,-1
0,0,0,0,-1,-1,-1
0,0,0,0,-1,-1,-1
152807,2,0,0,-1,-1,-1
0,0,0,0,-1,-1,-1
0,0,0,0,-1,-1,-1
154165,2,0,0,-1,-1,-1
153492,1,0,1,122,2588,2526
0,0,0,0,-1,-1,-1
154558,1,0,1,110,3573,3521
154122,2,0,0,-1,-1,-1
0,0,0,0,-1,-1,-1
155202,1,0,1,55,1564,1535
153238,1,1,0,157,1981,1926
154936,2,0,0,-1,-1,-1
0,0,0,0,-1,-1,-1
0,0,0,0,-1,-1,-1
0,0,0,0,-1,-1,-1
154247,1,0,1,221,3238,3132
0,0,0,0,-1,-1,-1
155222,1,1,1,88,8517,8494
154115,2,0,0,-1,-1,-1
0,0,0,0,-1,-1,-1
153837,1,0,1,148,4338,4281
152878,2,0,0,-1,-1,-1
153498,1,0,1,97,5305,5246
153471,2,0,0,-1,-1,-1
0,0,0,0,-1,-1,-1
153910,2,0,0,-1,-1,-1
153940,1,1,0,0,10488,10488
154065,2,0,0,-1,-1,-1
153652,1,1,0,101,6278,6228
0,0,0,0,-1,-1,-1
0,0,0,0,-1,-1,-1
154938,1,0,1,75,4596,4556
0,0,0,0,-1,-1,-1
154305,2,0,0,-1,-1,-1
153981,2,0,0,-1,-1,-1
0,0,0,0,-1,-1,-1
154204,1,1,0,0,14606,14606
0,0,0,0,-1,-1,-1
154049,2,0,0,-1,-1,-1
154826,1,1,0,133,3274,3224
154253,2,0,0,-1,-1,-1
154354,1,0,1,111,2899,2845
153731,1,0,1,192,22095,22018
0,0,0,0,-1,-1,-1
153806,2,0,0,-1,-1,-1
154584,1,1,0,0,0,0
154379,1,0,1,12,9340,9331
0,0,0,0,-1,-1,-1
0,0,0,0,-1,-1,-1
154133,2,0,0,-1,-1,-1
0,0,0,0,-1,-1,-1
154710,2,0,0,-1,-1,-1
154971,1,1,0,84,2613,2572
155001,1,0,1,69,4631,4595
154556,1,0,1,184,2915,2821
152341,2,0,0,-1,-1,-1
0,0,0,0,-1,-1,-1
153697,2,0,0,-1,-1,-1
154614,2,0,0,-1,-1,-1
154824,1,1,0,57,9979,9951
154018,1,1,0,0,2774,2774
0,0,0,0,-1,-1,-1
0,0,0,0,-1,-1,-1
154662,1,0,1,197,2939,2873
0,0,0,0,-1,-1,-1
153867,1,1,1,67,3827,3795
154695,2,0,0,-1,-1,-1
0,0,0,0,-1,-1,-1
154597,1,0,1,30,763,747
0,0,0,0,-1,-1,-1
0,0,0,0,-1,-1,-1
154014,2,0,0,-1,-1,-1
0,0,0,0,-1,-1,-1
154343,1,0,1,87,2147,2118
0,0,0,0,-1,-1,-1
154602,2,0,0,-1,-1,-1
154175,2,0,0,-1,-1,-1
0,0,0,0,-1,-1,-1
0,0,0,0,-1,-1,-1
0,0,0,0,-1,-1,-1
155069,2,0,0,-1,-1,-1
154917,1,0,1,47,7607,7579
154253,1,0,1,51,3490,3477
0,0,0,0,-1,-1,-1
154543,2,0,0,-1,-1,-1
154477,1,1,0,106,3784,3710
154819,1,1,0,114,5587,5562
152984,2,0,0,-1,-1,-1
153150,2,0,0,-1,-1,-1
0,0,0,0,-1,-1,-1
155134,1,1,0,100,5666,5630
155085,2,0,0,-1,-1,-1
154949,1,1,0,148,3302,3245
154312,2,0,0,-1,-1,-1
155074,1,0,1,77,3041,3023
154504,2,0,0,-1,-1,-1
0,0,0,0,-1,-1,-1
153982,2,0,0,-1,-1,-1
153473,1,0,1,55,5937,5917
155356,1,1,0,105,3611,3580
154721,2,0,0,-1,-1,-1
154093,1,1,-1,299,4322,4200
152928,2,0,0,-1,-1,-1
0,0,0,0,-1,-1,-1
154104,1,1,0,117,3000,2947
154221,2,0,0,-1,-1,-1
152863,2,0,0,-1,-1,-1
155255,1,1,0,194,3464,3378
154939,2,0,0,-1,-1,-1
154695,2,0,0,-1,-1,-1
155243,1,1,0,192,5935,5867
0,0,0,0,-1,-1,-1
154036,2,0,0,-1,-1,-1
152102,1,1,0,37,5817,5801
154274,2,0,0,-1,-1,-1
0,0,0,0,-1,-1,-1
154075,2,0,0,-1,-1,-1
154174,2,0,0,-1,-1,-1
0,0,0,0,-1,-1,-1
154695,1,1,0,65,3624,3583
153470,1,1,0,21,705,696
154683,2,0,0,-1,-1,-1
154476,1,1,0,19,6395,6390
0,0,0,0,-1,-1,-1
154154,1,0,1,149,3628,3544
155197,1,1,1,80,2532,2497
0,0,0,0,-1,-1,-1
155350,1,0,1,0,11980,11980
0,0,0,0,-1,-1,-1
0,0,0,0,-1,-1,-1
153909,2,0,0,-1,-1,-1
0,0,0,0,-1,-1,-1
152998,2,0,0,-1,-1,-1
154506,1,1,0,205,4731,4648
154844,1,1,0,83,9736,9703
0,0,0,0,-1,-1,-1
154980,1,1,-1,126,1390,1328
0,0,0,0,-1,-1,-1
154733,2,0,0,-1,-1,-1
153412,1,0,1,190,1967,1878
0,0,0,0,-1,-1,-1
154742,2,0,0,-1,-1,-1
155090,1,0,1,0,0,0
153714,2,0,0,-1,-1,-1
154879,1,0,1,57,2499,2475
0,0,0,0,-1,-1,-1
154710,1,0,1,23,2119,2106
155346,1,1,0,57,2125,2086
155005,1,0,1,102,3586,3541
153571,2,0,0,-1,-1,-1
154802,1,1,0,132,9319,9268
154306,2,0,0,-1,-1,-1
0,0,0,0,-1,-1,-1
153412,2,0,0,-1,-1,-1
154758,1,1,1,179,4633,4536
0,0,0,0,-1,-1,-1
154238,2,0,0,-1,-1,-1
155031,2,0,0,-1,-1,-1
154106,1,0,1,65,30243,30218
0,0,0,0,-1,-1,-1
154410,1,1,0,95,4139,4099
0,0,0,0,-1,-1,-1
153654,2,0,0,-1,-1,-1
154867,1,1,0,7,16095,16091
154153,2,0,0,-1,-1,-1
155217,2,0,0,-1,-1,-1
155016,2,0,0,-1,-1,-1
155369,1,1,0,112,2224,2168
0,0,0,0,-1,-1,-1
154358,2,0,0,-1,-1,-1
155224,1,0,1,32,3380,3358
154973,1,0,1,31,2387,2363
152582,2,0,0,-1,-1,-1
154702,2,0,0,-1,-1,-1
0,0,0,0,-1,-1,-1
154937,1,1,0,234,3552,3444
0,0,0,0,-1,-1,-1
154494,2,0,0,-1,-1,-1
0,0,0,0,-1,-1,-1
0,0,0,0,-1,-1,-1
154949,2,0,0,-1,-1,-1
154610,1,0,1,0,3821,3821
0,0,0,0,-1,-1,-1
154951,2,0,0,-1,-1,-1
154258,2,0,0,-1,-1,-1
154086,2,0,0,-1,-1,-1
154886,2,0,0,-1,-1,-1
0,0,0,0,-1,-1,-1
0,0,0,0,-1,-1,-1
155202,1,0,1,126,2303,2264
155117,1,1,0,51,6703,6683
155268,1,1,0,106,4183,4125
154903,2,0,0,-1,-1,-1
155276,1,1,0,182,3270,3202
154243,1,0,1,204,2754,2655
0,0,0,0,-1,-1,-1
154785,1,1,0,125,2130,2079
0,0,0,0,-1,-1,-1
153630,2,0,0,-1,-1,-1
0,0,0,0,-1,-1,-1
154586,2,0,0,-1,-1,-1
154182,1,0,1,146,2716,2658
153992,2,0,0,-1,-1,-1
155295,1,1,0,167,4486,4390
154023,1,1,0,32,15088,15076
0,0,0,0,-1,-1,-1
153725,1,0,1,0,10545,10545
155051,2,0,0,-1,-1,-1
154376,2,0,0,-1,-1,-1
154133,1,1,0,71,4301,4276
154445,1,1,0,107,1701,1656
0,0,0,0,-1,-1,-1
154363,2,0,0,-1,-1,-1
0,0,0,0,-1,-1,-1
0,0,0,0,-1,-1,-1
152592,1,1,0,165,4141,4055
154147,2,0,0,-1,-1,-1
155078,1,0,1,7,7943,7939
153968,2,0,0,-1,-1,-1
153823,1,0,1,84,5596,5560
155198,1,0,1,0,9073,9073
0,0,0,0,-1,-1,-1
155372,1,1,0,46,8293,8265
0,0,0,0,-1,-1,-1
154965,2,0,0,-1,-1,-1
153952,1,1,0,0,19004,19004
154886,1,1,-1,4,20704,20701
154583,1,1,0,114,4170,4124
154951,1,1,0,20,5953,5940
155133,1,0,1,202,1795,1700
0,0,0,0,-1,-1,-1
0,0,0,0,-1,-1,-1
153341,2,0,0,-1,-1,-1
154983,1,1,0,122,2282,2215
154522,2,0,0,-1,-1,-1
153742,1,1,0,108,9833,9785
155210,1,1,-1,156,7376,7306
154349,2,0,0,-1,-1,-1
154576,1,0,1,164,4514,4411
154847,1,0,1,63,3645,3602
153608,2,0,0,-1,-1,-1
0,0,0,0,-1,-1,-1
0,0,0,0,-1,-1,-1
154625,2,0,0,-1,-1,-1
0,0,0,0,-1,-1,-1
0,0,0,0,-1,-1,-1
154136,2,0,0,-1,-1,-1
152406,1,1,0,143,6332,6261
153809,2,0,0,-1,-1,-1
155174,1,1,0,117,2539,2511
154630,1,1,0,20,7184,7176
154926,1,0,1,134,8823,8762
154796,2,0,0,-1,-1,-1
154001,2,0,0,-1,-1,-1
154787,2,0,0,-1,-1,-1
154428,2,0,0,-1,-1,-1
0,0,0,0,-1,-1,-1
154701,1,0,1,163,3523,3465
0,0,0,0,-1,-1,-1
155012,1,0,1,81,6770,6752
154298,2,0,0,-1,-1,-1
153790,2,0,0,-1,-1,-1
154627,2,0,0,-1,-1,-1
154341,1,1,0,76,6719,6678
155122,1,1,0,118,3138,3082
154277,2,0,0,-1,-1,-1
154441,2,0,0,-1,-1,-1
154748,2,0,0,-1,-1,-1
153130,1,0,1,20,3049,3023
155334,1,1,0,212,3853,3777
154392,1,0,1,9,7264,7259
155074,1,0,1,62,1556,1529
152782,2,0,0,-1,-1,-1
0,0,0,0,-1,-1,-1
154080,1,0,1,74,4167,4135
153008,1,1,0,114,20154,20107
154946,1,0,1,39,2144,2117
154911,1,1,0,22,2826,2803
155168,1,0,1,62,5672,5653
155190,1,0,1,116,5213,5155
0,0,0,0,-1,-1,-1
155169,1,1,0,81,3907,3852
154725,2,0,0,-1,-1,-1
154845,1,1,-1,155,14783,14715
0,0,0,0,-1,-1,-1
155221,2,0,0,-1,-1,-1
154008,2,0,0,-1,-1,-1
0,0,0,0,-1,-1,-1
153891,1,0,1,76,6203,6172
0,0,0,0,-1,-1,-1
152419,2,0,0,-1,-1,-1
0,0,0,0,-1,-1,-1
154714,1,0,1,28,1622,1615
153604,2,0,0,-1,-1,-1
155066,2,0,0,-1,-1,-1
153931,1,0,1,0,7533,7533
0,0,0,0,-1,-1,-1
155139,1,1,-1,19,4618,4614
0,0,0,0,-1,-1,-1
154837,2,0,0,-1,-1,-1
0,0,0,0,-1,-1,-1
155045,1,0,1,62,8353,8304
0,0,0,0,-1,-1,-1
0,0,0,0,-1,-1,-1
0,0,0,0,-1,-1,-1
0,0,0,0,-1,-1,-1
154905,2,0,0,-1,-1,-1
0,0,0,0,-1,-1,-1
154672,1,0,1,221,2035,1926
154956,1,1,1,102,2158,2118
153682,2,0,0,-1,-1,-1
154405,1,0,1,0,17854,17854
153869,1,1,0,115,2997,2933
153821,2,0,0,-1,-1,-1
0,0,0,0,-1,-1,-1
154377,2,0,0,-1,-1,-1
0,0,0,0,-1,-1,-1
155379,1,0,1,138,5687,5638
0,0,0,0,-1,-1,-1
154610,1,1,-1,38,5729,5716
154943,2,0,0,-1,-1,-1
154918,1,0,1,58,6236,6201
0,0,0,0,-1,-1,-1
154870,2,0,0,-1,-1,-1
0,0,0,0,-1,-1,-1
155088,2,0,0,-1,-1,-1
154362,2,0,0,-1,-1,-1
154170,1,0,1,131,3112,3055
153716,2,0,0,-1,-1,-1
155381,1,0,1,157,2194,2124
154006,2,0,0,-1,-1,-1
0,0,0,0,-1,-1,-1
154630,2,0,0,-1,-1,-1
154886,1,1,0,123,3036,2992
154899,2,0,0,-1,-1,-1
154582,2,0,0,-1,-1,-1
155095,1,0,1,57,5646,5613
0,0,0,0,-1,-1,-1
154267,2,0,0,-1,-1,-1
155013,2,0,0,-1,-1,-1
0,0,0,0,-1,-1,-1
154689,1,1,0,233,4784,4681
152179,2,0,0,-1,-1,-1
154153,2,0,0,-1,-1,-1
0,0,0,0,-1,-1,-1
154195,2,0,0,-1,-1,-1
153782,2,0,0,-1,-1,-1
154298,1,0,1,30,4652,4637
154284,1,1,1,103,7873,7819
155054,2,0,0,-1,-1,-1
0,0,0,0,-1,-1,-1
0,0,0,0,-1,-1,-1
154554,1,0,1,84,14189,14141
154551,2,0,0,-1,-1,-1
154123,2,0,0,-1,-1,-1
154640,1,1,0,69,10751,10710
154419,2,0,0,-1,-1,-1
154289,1,1,0,56,4682,4650
153821,1,0,1,32,3024,3006
154275,2,0,0,-1,-1,-1
154246,1,1,0,0,4139,4139
0,0,0,0,-1,-1,-1
155088,1,1,0,162,4299,4230
154400,1,1,0,109,8777,8737
155231,1,1,1,75,13401,13368
153522,1,0,1,0,7691,7691
154779,2,0,0,-1,-1,-1
0,0,0,0,-1,-1,-1
154371,2,0,0,-1,-1,-1
153737,2,0,0,-1,-1,-1
154464,2,0,0,-1,-1,-1
155357,1,0,1,179,3047,2987
154140,2,0,0,-1,-1,-1
153989,2,0,0,-1,-1,-1
0,0,0,0,-1,-1,-1
153258,2,0,0,-1,-1,-1
0,0,0,0,-1,-1,-1
155126,1,0,1,262,4825,4692
154225,1,1,0,222,7376,7325
154264,2,0,0,-1,-1,-1
153765,2,0,0,-1,-1,-1
0,0,0,0,-1,-1,-1
153217,1,1,0,124,3995,3927
0,0,0,0,-1,-1,-1
153758,2,0,0,-1,-1,-1
153860,2,0,0,-1,-1,-1
155266,1,1,1,147,6353,6295
152645,2,0,0,-1,-1,-1
155110,1,0,1,0,3800,3800
153986,2,0,0,-1,-1,-1
154755,1,1,0,9,14380,14378
154713,2,0,0,-1,-1,-1
154142,2,0,0,-1,-1,-1
0,0,0,0,-1,-1,-1
155025,2,0,0,-1,-1,-1
0,0,0,0,-1,-1,-1
153802,2,0,0,-1,-1,-1
0,0,0,0,-1,-1,-1
0,0,0,0,-1,-1,-1
0,0,0,0,-1,-1,-1
154508,2,0,0,-1,-1,-1
155047,1,1,0,62,3044,3027
154788,1,0,1,5,3996,3996
153569,1,0,1,8,26753,26753
0,0,0,0,-1,-1,-1
155032,1,1,1,149,5240,5188
0,0,0,0,-1,-1,-1
155001,1,1,0,164,3898,3811
154977,2,0,0,-1,-1,-1
0,0,0,0,-1,-1,-1
154403,2,0,0,-1,-1,-1
0,0,0,0,-1,-1,-1
154549,1,1,0,7,7379,7376
0,0,0,0,-1,-1,-1
153386,2,0,0,-1,-1,-1
0,0,0,0,-1,-1,-1
153531,1,1,0,55,10182,10169
153458,2,0,0,-1,-1,-1
155301,1,0,1,32,7061,7041
154885,2,0,0,-1,-1,-1
154299,2,0,0,-1,-1,-1
154957,2,0,0,-1,-1,-1
153581,1,1,0,176,3749,3661
0,0,0,0,-1,-1,-1
0,0,0,0,-1,-1,-1
155206,1,1,0,97,2014,1961
155352,1,1,1,39,19829,19817
0,0,0,0,-1,-1,-1
152593,2,0,0,-1,-1,-1
154903,1,0,1,50,1143,1129
152834,1,0,1,87,8731,8690
154910,1,0,1,0,17110,17110
0,0,0,0,-1,-1,-1
154283,2,0,0,-1,-1,-1
154651,2,0,0,-1,-1,-1
153348,1,1,0,109,6648,6600
155107,2,0,0,-1,-1,-1
152907,2,0,0,-1,-1,-1
0,0,0,0,-1,-1,-1
0,0,0,0,-1,-1,-1
155201,2,0,0,-1,-1,-1
154850,1,1,0,71,2753,2712
0,0,0,0,-1,-1,-1
155290,1,1,0,145,6905,6819
152808,2,0,0,-1,-1,-1
153349,2,0,0,-1,-1,-1
155219,1,1,0,201,1685,1626
154632,1,0,1,33,5858,5843
154624,1,1,0,53,5049,5025
153702,2,0,0,-1,-1,-1
153710,2,0,0,-1,-1,-1
153021,2,0,0,-1,-1,-1
154662,1,1,0,69,1112,1065
154203,1,1,0,149,2219,2174
154786,1,0,1,10,7391,7391
154515,1,1,0,119,1981,1935
0,0,0,0,-1,-1,-1
155017,2,0,0,-1,-1,-1
0,0,0,0,-1,-1,-1
0,0,0,0,-1,-1,-1
0,0,0,0,-1,-1,-1
154514,1,1,0,144,1843,1779
153320,2,0,0,-1,-1,-1
0,0,0,0,-1,-1,-1
0,0,0,0,-1,-1,-1
153998,2,0,0,-1,-1,-1
0,0,0,0,-1,-1,-1
155137,1,0,1,131,2999,2931
0,0,0,0,-1,-1,-1
153642,2,0,0,-1,-1,-1
154505,2,0,0,-1,-1,-1
154040,2,0,0,-1,-1,-1
155260,1,1,0,125,3715,3652
154525,1,1,0,226,2938,2832
0,0,0,0,-1,-1,-1
154480,2,0,0,-1,-1,-1
154610,1,0,1,127,6119,6082
154738,1,1,0,269,4033,3920
0,0,0,0,-1,-1,-1
154720,2,0,0,-1,-1,-1
155046,1,1,0,72,3873,3848
154325,2,0,0,-1,-1,-1
154071,1,1,0,97,1017,993
0,0,0,0,-1,-1,-1
152533,1,0,1,6,3224,3218
154983,2,0,0,-1,-1,-1
0,0,0,0,-1,-1,-1
0,0,0,0,-1,-1,-1
0,0,0,0,-1,-1,-1
0,0,0,0,-1,-1,-1
0,0,0,0,-1,-1,-1
153940,1,1,0,122,2837,2809
0,0,0,0,-1,-1,-1
154689,1,1,0,215,16333,16236
154409,1,0,1,292,4090,3942
0,0,0,0,-1,-1,-1
155160,1,1,0,0,32640,32640
153258,2,0,0,-1,-1,-1
154980,1,1,0,129,12811,12743
0,0,0,0,-1,-1,-1
153502,1,0,1,49,15033,15014
0,0,0,0,-1,-1,-1
0,0,0,0,-1,-1,-1
153620,1,0,1,40,7986,7964
155137,2,0,0,-1,-1,-1
154851,2,0,0,-1,-1,-1
154681,2,0,0,-1,-1,-1
154920,1,0,1,237,3126,3012
154314,1,1,0,0,2640,2640
0,0,0,0,-1,-1,-1
155178,1,1,0,17,9221,9212
0,0,0,0,-1,-1,-1
0,0,0,0,-1,-1,-1
0,0,0,0,-1,-1,-1
154936,2,0,0,-1,-1,-1
153675,2,0,0,-1,-1,-1
0,0,0,0,-1,-1,-1
0,0,0,0,-1,-1,-1
155067,1,1,0,147,2114,2053
0,0,0,0,-1,-1,-1
154433,1,1,0,214,2676,2597
154140,1,1,0,102,2756,2691
154727,1,1,0,25,3030,3017
0,0,0,0,-1,-1,-1
155211,1,1,0,99,2745,2690
0,0,0,0,-1,-1,-1
0,0,0,0,-1,-1,-1
154125,2,0,0,-1,-1,-1
154452,1,0,1,235,2588,2498
154069,1,0,1,75,4974,4938
154955,1,1,0,18,8376,8371
0,0,0,0,-1,-1,-1
153118,1,1,0,125,2709,2668
0,0,0,0,-1,-1,-1
154717,2,0,0,-1,-1,-1
154497,2,0,0,-1,-1,-1
152415,2,0,0,-1,-1,-1
154052,2,0,0,-1,-1,-1
154418,1,0,1,139,2202,2141
0,0,0,0,-1,-1,-1
154327,2,0,0,-1,-1,-1
154320,1,1,0,171,2071,2009
155354,2,0,0,-1,-1,-1
155153,1,0,1,0,15673,15673
153815,2,0,0,-1,-1,-1
155259,1,0,1,69,3075,3047
153514,2,0,0,-1,-1,-1
154071,1,0,1,269,3223,3126
153623,2,0,0,-1,-1,-1
153979,2,0,0,-1,-1,-1
0,0,0,0,-1,-1,-1
154598,1,1,0,81,3033,2993
155379,1,1,-1,0,9278,9278
154022,2,0,0,-1,-1,-1
155248,1,0,1,0,3545,3545
154218,2,0,0,-1,-1,-1
154715,1,1,0,59,11618,11605
0,0,0,0,-1,-1,-1
154747,2,0,0,-1,-1,-1
154677,1,1,0,208,7161,7057
0,0,0,0,-1,-1,-1
154850,2,0,0,-1,-1,-1
154467,1,1,0,14,2489,2476
155130,1,1,0,80,9506,9460
0,0,0,0,-1,-1,-1
154541,2,0,0,-1,-1,-1
0,0,0,0,-1,-1,-1
0,0,0,0,-1,-1,-1
154137,1,0,1,121,6762,6703
153557,1,1,0,43,3412,3385
0,0,0,0,-1,-1,-1
154276,2,0,0,-1,-1,-1
0,0,0,0,-1,-1,-1
0,0,0,0,-1,-1,-1
155030,1,0,1,68,34350,34330
154421,2,0,0,-1,-1,-1
0,0,0,0,-1,-1,-1
154370,2,0,0,-1,-1,-1
154274,1,0,1,134,3862,3804
0,0,0,0,-1,-1,-1
155092,2,0,0,-1,-1,-1
0,0,0,0,-1,-1,-1
0,0,0,0,-1,-1,-1
0,0,0,0,-1,-1,-1
153799,1,1,0,50,2174,2160
153104,2,0,0,-1,-1,-1
154197,1,1,0,186,2022,1924
154984,1,0,1,115,2157,2110
155364,1,0,1,98,10177,10142
154778,1,1,0,82,2135,2081
0,0,0,0,-1,-1,-1
153973,2,0,0,-1,-1,-1
154429,2,0,0,-1,-1,-1
0,0,0,0,-1,-1,-1
0,0,0,0,-1,-1,-1
153540,2,0,0,-1,-1,-1
0,0,0,0,-1,-1,-1
155273,1,1,0,125,3794,3742
153334,2,0,0,-1,-1,-1
154673,2,0,0,-1,-1,-1
0,0,0,0,-1,-1,-1
0,0,0,0,-1,-1,-1
153180,2,0,0,-1,-1,-1
153712,2,0,0,-1,-1,-1
0,0,0,0,-1,-1,-1
152481,2,0,0,-1,-1,-1
0,0,0,0,-1,-1,-1
154415,2,0,0,-1,-1,-1
154423,1,0,1,151,4965,4879
153876,1,0,1,138,3755,3706
154817,1,1,0,319,6910,6764
155090,1,0,1,96,7642,7612
154613,1,0,1,42,10037,10018
0,0,0,0,-1,-1,-1
155206,1,1,0,84,3664,3635
153797,1,0,1,33,11015,11000
154394,2,0,0,-1,-1,-1
155225,1,0,1,50,6425,6412
0,0,0,0,-1,-1,-1
151625,1,0,1,159,2405,2337
153685,1,1,0,132,5526,5448
0,0,0,0,-1,-1,-1
154961,1,1,0,0,9735,9735
154094,1,1,0,98,5862,5807
154201,1,0,1,71,4391,4359
154649,2,0,0,-1,-1,-1
0,0,0,0,-1,-1,-1
0,0,0,0,-1,-1,-1
154681,1,1,0,133,2394,2323
0,0,0,0,-1,-1,-1
154357,2,0,0,-1,-1,-1
154339,2,0,0,-1,-1,-1
153719,1,1,0,142,10780,10727
154531,1,0,1,82,3037,3015
154911,1,0,1,12,7261,7242
154014,2,0,0,-1,-1,-1
0,0,0,0,-1,-1,-1
0,0,0,0,-1,-1,-1
154015,1,1,0,61,3910,3866
155164,1,1,0,26,6047,6034
0,0,0,0,-1,-1,-1
154224,1,0,1,66,1463,1433
154957,1,0,1,89,3507,3465
154548,1,1,0,71,1834,1805
155383,1,0,1,70,4444,4425
154992,2,0,0,-1,-1,-1
0,0,0,0,-1,-1,-1
154424,1,1,0,126,3360,3305
153613,2,0,0,-1,-1,-1
152790,1,0,1,110,5127,5091
0,0,0,0,-1,-1,-1
0,0,0,0,-1,-1,-1
0,0,0,0,-1,-1,-1
153356,1,0,1,68,3065,3042
0,0,0,0,-1,-1,-1
153848,2,0,0,-1,-1,-1
153488,1,1,0,0,1943,1943
155104,2,0,0,-1,-1,-1
154879,1,0,1,40,3147,3135
153054,2,0,0,-1,-1,-1
154766,2,0,0,-1,-1,-1
154921,1,1,0,51,1057,1021
153666,1,1,0,190,1603,1497
153243,2,0,0,-1,-1,-1
153627,1,1,0,99,4967,4906
155166,1,0,1,103,4013,3955
154990,1,1,0,13,393,384
153225,1,1,0,0,3150,3150
153905,1,1,0,150,6105,6027
154626,1,1,0,100,4622,4567
155210,1,0,1,75,5221,5194
0,0,0,0,-1,-1,-1
155079,1,0,1,22,6755,6737
154112,2,0,0,-1,-1,-1
0,0,0,0,-1,-1,-1
155123,2,0,0,-1,-1,-1
0,0,0,0,-1,-1,-1
154256,2,0,0,-1,-1,-1
154540,2,0,0,-1,-1,-1
0,0,0,0,-1,-1,-1
154539,1,0,1,72,3542,3497
154908,1,1,1,71,7068,7018
0,0,0,0,-1,-1,-1
155232,1,1,0,283,8796,8690
155103,1,0,1,63,7054,7015
153678,2,0,0,-1,-1,-1
0,0,0,0,-1,-1,-1
154653,2,0,0,-1,-1,-1
0,0,0,0,-1,-1,-1
0,0,0,0,-1,-1,-1
153883,1,0,1,123,3399,3326
0,0,0,0,-1,-1,-1
154350,2,0,0,-1,-1,-1
0,0,0,0,-1,-1,-1
155110,2,0,0,-1,-1,-1
154130,2,0,0,-1,-1,-1
154179,1,0,1,124,5683,5626
0,0,0,0,-1,-1,-1
154773,1,0,1,67,3366,3339
155378,1,1,0,173,2799,2720
154201,1,0,1,22,1573,1561
155103,1,0,1,216,2858,2758
0,0,0,0,-1,-1,-1
0,0,0,0,-1,-1,-1
152998,2,0,0,-1,-1,-1
153663,2,0,0,-1,-1,-1
154575,1,1,0,25,7805,7788
154542,2,0,0,-1,-1,-1
0,0,0,0,-1,-1,-1
153956,2,0,0,-1,-1,-1
155202,1,0,1,164,19045,18966
154096,2,0,0,-1,-1,-1
154824,1,0,1,53,3147,3126
0,0,0,0,-1,-1,-1
155336,1,0,1,160,6551,6487
153174,1,1,0,137,5696,5638
154972,2,0,0,-1,-1,-1
0,0,0,0,-1,-1,-1
154750,1,0,1,54,9589,9552
0,0,0,0,-1,-1,-1
154970,2,0,0,-1,-1,-1
0,0,0,0,-1,-1,-1
0,0,0,0,-1,-1,-1
153998,1,0,1,95,4377,4335
0,0,0,0,-1,-1,-1
155154,1,1,0,51,4534,4518
0,0,0,0,-1,-1,-1
154182,1,1,0,145,1790,1760
154188,1,1,-1,187,2501,2389
0,0,0,0,-1,-1,-1
0,0,0,0,-1,-1,-1
153554,2,0,0,-1,-1,-1
154776,1,0,1,30,3855,3840
153336,2,0,0,-1,-1,-1
155309,2,0,0,-1,-1,-1
154363,1,0,1,67,2063,2050
0,0,0,0,-1,-1,-1
153805,2,0,0,-1,-1,-1
154076,2,0,0,-1,-1,-1
154997,1,1,0,54,4220,4191
0,0,0,0,-1,-1,-1
155059,2,0,0,-1,-1,-1
154839,1,0,1,43,3462,3444
0,0,0,0,-1,-1,-1
154911,2,0,0,-1,-1,-1
0,0,0,0,-1,-1,-1
154092,2,0,0,-1,-1,-1
154471,1,1,0,232,3755,3634
154778,2,0,0,-1,-1,-1
153341,1,0,1,72,4940,4905
0,0,0,0,-1,-1,-1
154258,2,0,0,-1,-1,-1
155265,1,1,-1,292,3121,2942
0,0,0,0,-1,-1,-1
153633,2,0,0,-1,-1,-1
154698,2,0,0,-1,-1,-1
155214,1,1,0,126,2021,1975
154455,1,0,1,0,8869,8869
0,0,0,0,-1,-1,-1
153975,1,1,0,105,4298,4266
153728,2,0,0,-1,-1,-1
155148,1,0,1,81,5977,5937
153977,2,0,0,-1,-1,-1
154389,1,1,0,57,1796,1774
154275,1,0,1,110,6109,6060
153959,2,0,0,-1,-1,-1
154429,1,0,1,43,3733,3714
155039,1,0,1,137,2338,2262
154065,2,0,0,-1,-1,-1
154888,1,0,1,180,1120,1032
0,0,0,0,-1,-1,-1
153444,2,0,0,-1,-1,-1
0,0,0,0,-1,-1,-1
153978,1,0,1,25,2912,2908
154914,2,0,0,-1,-1,-1
153594,2,0,0,-1,-1,-1
154848,2,0,0,-1,-1,-1
155221,1,0,1,0,728,728
155179,2,0,0,-1,-1,-1
153710,2,0,0,-1,-1,-1
153303,2,0,0,-1,-1,-1
0,0,0,0,-1,-1,-1
153974,1,0,1,38,2367,2333
153910,2,0,0,-1,-1,-1
154096,2,0,0,-1,-1,-1
154798,2,0,0,-1,-1,-1
155280,1,0,1,158,2273,2179
155346,1,1,0,92,2613,2573
153701,1,0,1,0,8424,8424
0,0,0,0,-1,-1,-1
154658,2,0,0,-1,-1,-1
153856,1,0,1,161,2403,2334
0,0,0,0,-1,-1,-1
153360,2,0,0,-1,-1,-1
153986,2,0,0,-1,-1,-1
155138,2,0,0,-1,-1,-1
0,0,0,0,-1,-1,-1
0,0,0,0,-1,-1,-1
0,0,0,0,-1,-1,-1
0,0,0,0,-1,-1,-1
0,0,0,0,-1,-1,-1
154726,2,0,0,-1,-1,-1
152894,1,0,1,98,1500,1438
154777,1,1,0,135,13669,13615
153203,2,0,0,-1,-1,-1
0,0,0,0,-1,-1,-1
0,0,0,0,-1,-1,-1
0,0,0,0,-1,-1,-1
154747,2,0,0,-1,-1,-1
154696,1,1,0,221,3056,2961
154889,1,0,1,0,4502,4502
154386,2,0,0,-1,-1,-1
0,0,0,0,-1,-1,-1
153607,1,1,0,31,2164,2146
153943,2,0,0,-1,-1,-1
155028,1,1,0,68,4614,4587
153916,2,0,0,-1,-1,-1
151389,2,0,0,-1,-1,-1
154858,1,0,1,57,5873,5848
153067,2,0,0,-1,-1,-1
154221,2,0,0,-1,-1,-1
0,0,0,0,-1,-1,-1
0,0,0,0,-1,-1,-1
154868,1,0,1,0,366,366
0,0,0,0,-1,-1,-1
154238,1,0,1,100,1571,1513
154689,2,0,0,-1,-1,-1
155327,1,1,0,36,14341,14325
153769,2,0,0,-1,-1,-1
155037,1,0,1,91,3062,3026
154370,1,0,1,148,5870,5797
155367,1,0,1,148,2403,2341
154972,1,0,1,30,3413,3394
155191,1,0,1,45,6274,6258
154589,2,0,0,-1,-1,-1
0,0,0,0,-1,-1,-1
0,0,0,0,-1,-1,-1
153163,2,0,0,-1,-1,-1
154512,2,0,0,-1,-1,-1
155315,1,1,1,135,4541,4476
0,0,0,0,-1,-1,-1
0,0,0,0,-1,-1,-1
0,0,0,0,-1,-1,-1
154039,2,0,0,-1,-1,-1
0,0,0,0,-1,-1,-1
154750,2,0,0,-1,-1,-1
0,0,0,0,-1,-1,-1
155142,1,1,0,32,19167,19159
0,0,0,0,-1,-1,-1
155325,2,0,0,-1,-1,-1
154269,2,0,0,-1,-1,-1
153309,2,0,0,-1,-1,-1
0,0,0,0,-1,-1,-1
154034,1,1,0,81,10695,10645
154878,2,0,0,-1,-1,-1
153894,2,0,0,-1,-1,-1
154438,1,0,1,0,1239,1239
154193,1,0,1,57,6485,6457
154908,1,1,0,67,21340,21330
0,0,0,0,-1,-1,-1
153732,2,0,0,-1,-1,-1
155352,1,0,1,69,2441,2402
0,0,0,0,-1,-1,-1
0,0,0,0,-1,-1,-1
0,0,0,0,-1,-1,-1
154407,2,0,0,-1,-1,-1
154947,1,0,1,12,4122,4116
153650,1,1,0,27,3112,3108
154788,1,0,1,100,4251,4204
0,0,0,0,-1,-1,-1
155206,1,0,1,32,592,582
154144,1,1,1,110,8510,8470
155177,1,1,0,257,2122,2013
155305,1,1,0,153,3751,3685
155284,2,0,0,-1,-1,-1
154274,1,0,1,96,3727,3680
152638,1,0,1,165,4888,4814
0,0,0,0,-1,-1,-1
155044,1,0,1,0,238,238
153839,1,0,1,0,48,48
153609,2,0,0,-1,-1,-1
154651,1,0,1,69,8799,8743
153385,2,0,0,-1,-1,-1
153790,1,1,0,181,3625,3536
0,0,0,0,-1,-1,-1
0,0,0,0,-1,-1,-1
154168,2,0,0,-1,-1,-1
155173,1,0,1,81,5431,5386
153841,1,1,0,40,1783,1772
155336,1,1,0,0,2842,2842
154528,2,0,0,-1,-1,-1
154500,1,1,0,41,1190,1176
155192,1,1,0,13,5300,5297
155304,1,1,0,91,1997,1955
0,0,0,0,-1,-1,-1
0,0,0,0,-1,-1,-1
153271,2,0,0,-1,-1,-1
154857,1,1,0,0,10194,10194
0,0,0,0,-1,-1,-1
154470,1,1,0,0,1814,1814
153898,1,0,1,104,12172,12122
152045,2,0,0,-1,-1,-1
155100,1,0,1,38,4604,4555
154110,2,0,0,-1,-1,-1
153871,2,0,0,-1,-1,-1
155279,1,1,0,50,5831,5819
154257,2,0,0,-1,-1,-1
0,0,0,0,-1,-1,-1
154603,2,0,0,-1,-1,-1
153748,2,0,0,-1,-1,-1
0,0,0,0,-1,-1,-1
0,0,0,0,-1,-1,-1
154178,2,0,0,-1,-1,-1
0,0,0,0,-1,-1,-1
154272,2,0,0,-1,-1,-1
154921,1,1,0,135,11581,11520
155153,1,0,1,58,3189,3148
0,0,0,0,-1,-1,-1
154404,2,0,0,-1,-1,-1
153195,2,0,0,-1,-1,-1
0,0,0,0,-1,-1,-1
155161,1,1,0,216,2766,2691
0,0,0,0,-1,-1,-1
154283,1,0,1,0,8454,8454
154998,1,1,1,238,3235,3139
154868,2,0,0,-1,-1,-1
153972,1,1,0,17,6092,6085
155243,2,0,0,-1,-1,-1
154910,1,1,0,80,4486,4459
154634,2,0,0,-1,-1,-1
0,0,0,0,-1,-1,-1
154974,2,0,0,-1,-1,-1
154330,1,0,1,69,12103,12069
154748,1,0,1,0,11866,11866
154676,2,0,0,-1,-1,-1
154178,1,0,1,155,3878,3760
155053,2,0,0,-1,-1,-1
0,0,0,0,-1,-1,-1
153058,2,0,0,-1,-1,-1
0,0,0,0,-1,-1,-1
0,0,0,0,-1,-1,-1
155146,2,0,0,-1,-1,-1
154662,1,0,1,83,1627,1588
0,0,0,0,-1,-1,-1
0,0,0,0,-1,-1,-1
0,0,0,0,-1,-1,-1
153229,1,1,0,60,3759,3724
154308,1,1,0,42,6072,6055
154301,1,1,0,43,4721,4693
153366,2,0,0,-1,-1,-1
152711,1,0,1,156,6254,6182
0,0,0,0,-1,-1,-1
154568,2,0,0,-1,-1,-1
0,0,0,0,-1,-1,-1
155009,1,1,0,126,4389,4341
0,0,0,0,-1,-1,-1
153141,2,0,0,-1,-1,-1
0,0,0,0,-1,-1,-1
153822,1,1,0,102,1737,1691
154757,1,1,0,224,2470,2359
154834,1,1,0,51,2492,2459
155216,1,0,1,0,6365,6365
0,0,0,0,-1,-1,-1
0,0,0,0,-1,-1,-1
0,0,0,0,-1,-1,-1
154866,2,0,0,-1,-1,-1
155080,1,0,1,67,6310,6284
154141,2,0,0,-1,-1,-1
0,0,0,0,-1,-1,-1
154054,2,0,0,-1,-1,-1
154846,2,0,0,-1,-1,-1
0,0,0,0,-1,-1,-1
154416,1,1,0,39,7499,7490
154223,2,0,0,-1,-1,-1
154574,1,0,1,41,6832,6815
0,0,0,0,-1,-1,-1
154034,2,0,0,-1,-1,-1
153494,1,1,1,52,5527,5502
153927,1,0,1,93,6169,6124
153526,2,0,0,-1,-1,-1
154223,1,0,1,122,1224,1166
155202,1,1,0,144,4038,3987
154980,2,0,0,-1,-1,-1
0,0,0,0,-1,-1,-1
0,0,0,0,-1,-1,-1
154174,2,0,0,-1,-1,-1
153797,1,1,0,33,2517,2499
0,0,0,0,-1,-1,-1
0,0,0,0,-1,-1,-1
155048,1,1,0,121,1136,1086
154046,2,0,0,-1,-1,-1
155051,1,1,0,87,13026,13006
153942,1,0,1,0,3411,3411
155202,1,1,0,175,3336,3241
0,0,0,0,-1,-1,-1
154241,1,0,1,22,2965,2954
0,0,0,0,-1,-1,-1
0,0,0,0,-1,-1,-1
154817,2,0,0,-1,-1,-1
153769,2,0,0,-1,-1,-1
154151,1,1,0,0,8004,8004
0,0,0,0,-1,-1,-1
154826,2,0,0,-1,-1,-1
153576,2,0,0,-1,-1,-1
0,0,0,0,-1,-1,-1
154080,1,1,0,160,2241,2199
0,0,0,0,-1,-1,-1
154747,1,0,1,0,7411,7411
154445,1,0,1,127,2622,2579
153415,2,0,0,-1,-1,-1
154789,1,0,1,72,3694,3664
154493,2,0,0,-1,-1,-1
155249,1,0,1,0,17412,17412
152862,1,0,1,92,5194,5151
153070,2,0,0,-1,-1,-1
155250,2,0,0,-1,-1,-1
154151,1,1,0,98,9439,9403
154027,1,1,0,0,4536,4536
0,0,0,0,-1,-1,-1
154591,1,0,1,39,4176,4149
0,0,0,0,-1,-1,-1
154221,1,0,1,150,6635,6576
153860,2,0,0,-1,-1,-1
0,0,0,0,-1,-1,-1
154649,1,0,1,158,2079,1981
155227,1,1,-1,191,3813,3691
154060,2,0,0,-1,-1,-1
154485,1,0,1,60,909,886
154697,2,0,0,-1,-1,-1
154921,1,1,0,47,3927,3907
153828,2,0,0,-1,-1,-1
153758,2,0,0,-1,-1,-1
154631,2,0,0,-1,-1,-1
0,0,0,0,-1,-1,-1
154209,2,0,0,-1,-1,-1
155262,1,0,1,22,2174,2162
153930,1,1,0,301,3559,3407
154769,1,1,0,88,3089,3054
154159,2,0,0,-1,-1,-1
0,0,0,0,-1,-1,-1
154444,2,0,0,-1,-1,-1
154244,2,0,0,-1,-1,-1
154888,2,0,0,-1,-1,-1
155260,1,1,0,104,3514,3474
154330,2,0,0,-1,-1,-1
0,0,0,0,-1,-1,-1
154470,2,0,0,-1,-1,-1
155057,1,1,0,52,20794,20769
0,0,0,0,-1,-1,-1
154994,1,1,0,68,6360,6323
154538,2,0,0,-1,-1,-1
154112,1,0,1,63,988,962
0,0,0,0,-1,-1,-1
0,0,0,0,-1,-1,-1
155383,1,1,0,153,3609,3528
0,0,0,0,-1,-1,-1
0,0,0,0,-1,-1,-1
155163,1,0,1,76,4825,4796
0,0,0,0,-1,-1,-1
154958,2,0,0,-1,-1,-1
154516,2,0,0,-1,-1,-1
0,0,0,0,-1,-1,-1
152403,2,0,0,-1,-1,-1
154210,2,0,0,-1,-1,-1
0,0,0,0,-1,-1,-1
0,0,0,0,-1,-1,-1
155002,1,0,1,51,2329,2308
0,0,0,0,-1,-1,-1
154746,2,0,0,-1,-1,-1
154749,1,0,1,0,3148,3148
154687,1,1,0,145,2168,2121
154126,2,0,0,-1,-1,-1
154690,1,1,0,86,2978,2928
0,0,0,0,-1,-1,-1
153545,2,0,0,-1,-1,-1
155316,1,0,1,0,8206,8206
154743,1,1,0,177,6710,6629
0,0,0,0,-1,-1,-1
0,0,0,0,-1,-1,-1
0,0,0,0,-1,-1,-1
0,0,0,0,-1,-1,-1
152210,2,0,0,-1,-1,-1
154941,1,1,0,158,3752,3671
155019,1,0,1,6,10497,10494
