J1,rank_b,dx_b,dy_b,nu_b,synergy_edges,nonlocal_candidates
155056,1,0,1,179,3973,3860
155322,1,1,0,93,4285,4248
154935,1,0,1,0,7700,7700
152947,1,0,1,77,5879,5836
153834,1,1,0,206,8160,8068
0,0,0,0,-1,-1,-1
155357,1,0,1,193,4090,4010
155239,1,0,1,12,544,542
154970,1,1,0,45,5615,5596
153392,2,0,0,-1,-1,-1
155360,1,1,0,45,22364,22343
153792,1,0,1,413,4155,3939
0,0,0,0,-1,-1,-1
153379,2,0,0,-1,-1,-1
0,0,0,0,-1,-1,-1
0,0,0,0,-1,-1,-1
154551,2,0,0,-1,-1,-1
154057,1,0,1,70,6668,6629
154734,2,0,0,-1,-1,-1
0,0,0,0,-1,-1,-1
0,0,0,0,-1,-1,-1
154273,1,0,1,80,5823,5790
153289,1,0,1,231,3299,3206
155382,1,1,-1,60,7731,7696
153755,2,0,0,-1,-1,-1
155159,1,0,1,78,4141,4090
0,0,0,0,-1,-1,-1
154012,2,0,0,-1,-1,-1
153929,2,0,0,-1,-1,-1
0,0,0,0,-1,-1,-1
153219,2,0,0,-1,-1,-1
154481,2,0,0,-1,-1,-1
0,0,0,0,-1,-1,-1
154836,1,1,0,143,2911,2862
155337,1,1,0,136,3563,3513
154638,2,0,0,-1,-1,-1
0,0,0,0,-1,-1,-1
153504,1,1,0,0,275,275
154763,1,1,0,145,5500,5441
155211,2,0,0,-1,-1,-1
0,0,0,0,-1,-1,-1
0,0,0,0,-1,-1,-1
0,0,0,0,-1,-1,-1
154663,1,1,0,126,4720,4656
0,0,0,0,-1,-1,-1
0,0,0,0,-1,-1,-1
152516,2,0,0,-1,-1,-1
155096,2,0,0,-1,-1,-1
0,0,0,0,-1,-1,-1
154617,1,0,1,37,3216,3199
153679,2,0,0,-1,-1,-1
0,0,0,0,-1,-1,-1
154733,2,0,0,-1,-1,-1
0,0,0,0,-1,-1,-1
0,0,0,0,-1,-1,-1
0,0,0,0,-1,-1,-1
154858,1,1,-1,129,4190,4148
0,0,0,0,-1,-1,-1
155368,1,1,-1,301,4194,4039
0,0,0,0,-1,-1,-1
153035,2,0,0,-1,-1,-1
154820,1,0,1,166,5819,5739
0,0,0,0,-1,-1,-1
0,0,0,0,-1,-1,-1
0,0,0,0,-1,-1,-1
0,0,0,0,-1,-1,-1
154087,1,1,0,86,7769,7747
154947,1,1,0,39,10325,10311
0,0,0,0,-1,-1,-1
0,0,0,0,-1,-1,-1
154689,1,0,1,0,12558,12558
154875,1,0,1,41,3154,3132
154381,1,0,1,121,2822,2766
154929,1,1,0,108,4147,4093
155319,1,0,1,85,6984,6955
0,0,0,0,-1,-1,-1
155181,1,0,1,128,3147,3079
154771,2,0,0,-1,-1,-1
0,0,0,0,-1,-1,-1
0,0,0,0,-1,-1,-1
0,0,0,0,-1,-1,-1
154508,1,0,1,17,3274,3271
155028,1,0,1,227,2679,2582
154578,2,0,0,-1,-1,-1
0,0,0,0,-1,-1,-1
153499,2,0,0,-1,-1,-1
153625,1,0,1,59,3316,3290
0,0,0,0,-1,-1,-1
155333,1,0,1,168,4076,4004
0,0,0,0,-1,-1,-1
155204,1,0,1,154,1425,1353
154810,2,0,0,-1,-1,-1
154985,1,1,0,94,4666,4614
0,0,0,0,-1,-1,-1
0,0,0,0,-1,-1,-1
0,0,0,0,-1,-1,-1
0,0,0,0,-1,-1,-1
153727,2,0,0,-1,-1,-1
153938,1,1,0,97,6497,6457
0,0,0,0,-1,-1,-1
0,0,0,0,-1,-1,-1
0,0,0,0,-1,-1,-1
154041,2,0,0,-1,-1,-1
154340,2,0,0,-1,-1,-1
0,0,0,0,-1,-1,-1
0,0,0,0,-1,-1,-1
0,0,0,0,-1,-1,-1
153564,1,0,1,92,4605,4562
153816,2,0,0,-1,-1,-1
153341,2,0,0,-1,-1,-1
152573,1,0,1,0,1556,1556
154330,2,0,0,-1,-1,-1
153390,1,1,0,80,6425,6401
0,0,0,0,-1,-1,-1
152917,1,1,0,129,4730,4661
0,0,0,0,-1,-1,-1
0,0,0,0,-1,-1,-1
0,0,0,0,-1,-1,-1
154686,1,1,0,54,1664,1632
154753,2,0,0,-1,-1,-1
0,0,0,0,-1,-1,-1
155381,1,1,0,102,3567,3533
153693,1,1,0,18,996,984
155208,1,0,1,117,9303,9220
0,0,0,0,-1,-1,-1
0,0,0,0,-1,-1,-1
153591,2,0,0,-1,-1,-1
0,0,0,0,-1,-1,-1
153746,2,0,0,-1,-1,-1
154348,2,0,0,-1,-1,-1
0,0,0,0,-1,-1,-1
154202,2,0,0,-1,-1,-1
0,0,0,0,-1,-1,-1
155129,2,0,0,-1,-1,-1
155249,1,1,0,67,8412,8382
0,0,0,0,-1,-1,-1
0,0,0,0,-1,-1,-1
0,0,0,0,-1,-1,-1
0,0,0,0,-1,-1,-1
0,0,0,0,-1,-1,-1
153747,2,0,0,-1,-1,-1
154426,1,0,1,52,1734,1703
153796,2,0,0,-1,-1,-1
154790,1,0,1,0,4651,4651
155156,1,0,1,48,7838,7823
154419,2,0,0,-1,-1,-1
154691,2,0,0,-1,-1,-1
151751,2,0,0,-1,-1,-1
0,0,0,0,-1,-1,-1
154819,1,1,0,0,19090,19090
153281,2,0,0,-1,-1,-1
0,0,0,0,-1,-1,-1
154813,1,1,0,43,4055,4043
155132,2,0,0,-1,-1,-1
154903,2,0,0,-1,-1,-1
0,0,0,0,-1,-1,-1
0,0,0,0,-1,-1,-1
154569,1,1,0,57,3044,3018
0,0,0,0,-1,-1,-1
154044,2,0,0,-1,-1,-1
155109,1,1,0,52,6269,6241
153922,2,0,0,-1,-1,-1
154224,2,0,0,-1,-1,-1
154058,1,1,0,68,5514,5497
0,0,0,0,-1,-1,-1
155058,1,1,0,181,1827,1754
154092,2,0,0,-1,-1,-1
154181,1,1,0,162,3606,3541
154511,2,0,0,-1,-1,-1
155115,1,0,1,65,2643,2607
155241,1,0,1,79,4896,4864
0,0,0,0,-1,-1,-1
0,0,0,0,-1,-1,-1
0,0,0,0,-1,-1,-1
154773,2,0,0,-1,-1,-1
0,0,0,0,-1,-1,-1
154351,2,0,0,-1,-1,-1
153822,2,0,0,-1,-1,-1
154364,2,0,0,-1,-1,-1
153930,2,0,0,-1,-1,-1
154486,2,0,0,-1,-1,-1
153766,2,0,0,-1,-1,-1
154182,1,1,0,10,6342,6337
154139,1,1,0,167,3216,3149
153580,2,0,0,-1,-1,-1
0,0,0,0,-1,-1,-1
153950,1,1,0,86,12396,12358
0,0,0,0,-1,-1,-1
155158,1,0,1,166,4029,3945
154354,2,0,0,-1,-1,-1
0,0,0,0,-1,-1,-1
153276,2,0,0,-1,-1,-1
155142,1,0,1,16,3467,3460
154120,2,0,0,-1,-1,-1
0,0,0,0,-1,-1,-1
155316,1,0,1,42,5771,5753
154441,2,0,0,-1,-1,-1
153091,2,0,0,-1,-1,-1
0,0,0,0,-1,-1,-1
0,0,0,0,-1,-1,-1
0,0,0,0,-1,-1,-1
0,0,0,0,-1,-1,-1
154855,1,0,1,55,2430,2417
0,0,0,0,-1,-1,-1
154065,1,0,1,136,4013,3960
0,0,0,0,-1,-1,-1
0,0,0,0,-1,-1,-1
154508,2,0,0,-1,-1,-1
0,0,0,0,-1,-1,-1
154531,2,0,0,-1,-1,-1
0,0,0,0,-1,-1,-1
154594,1,0,1,194,3218,3130
155161,1,0,1,182,3720,3608
0,0,0,0,-1,-1,-1
154462,1,0,1,125,12321,12255
0,0,0,0,-1,-1,-1
153560,1,0,1,0,13621,13621
153361,2,0,0,-1,-1,-1
152995,2,0,0,-1,-1,-1
0,0,0,0,-1,-1,-1
154752,2,0,0,-1,-1,-1
0,0,0,0,-1,-1,-1
154355,1,1,0,98,2472,2405
0,0,0,0,-1,-1,-1
154812,1,1,-1,214,4535,4412
154553,1,0,1,54,2653,2627
0,0,0,0,-1,-1,-1
0,0,0,0,-1,-1,-1
0,0,0,0,-1,-1,-1
154964,2,0,0,-1,-1,-1
0,0,0,0,-1,-1,-1
0,0,0,0,-1,-1,-1
153885,2,0,0,-1,-1,-1
152958,2,0,0,-1,-1,-1
154859,2,0,0,-1,-1,-1
0,0,0,0,-1,-1,-1
155231,1,1,0,217,6862,6755
154174,2,0,0,-1,-1,-1
0,0,0,0,-1,-1,-1
0,0,0,0,-1,-1,-1
153374,2,0,0,-1,-1,-1
155298,1,0,1,63,2250,2225
154663,1,1,0,185,3991,3919
155371,1,0,1,171,2020,1934
153254,2,0,0,-1,-1,-1
153786,2,0,0,-1,-1,-1
154822,2,0,0,-1,-1,-1
153897,1,1,0,93,3357,3325
153907,2,0,0,-1,-1,-1
0,0,0,0,-1,-1,-1
0,0,0,0,-1,-1,-1
154590,1,1,0,0,4018,4018
0,0,0,0,-1,-1,-1
154031,1,1,0,64,2346,2328
0,0,0,0,-1,-1,-1
0,0,0,0,-1,-1,-1
153232,2,0,0,-1,-1,-1
0,0,0,0,-1,-1,-1
153642,2,0,0,-1,-1,-1
153468,2,0,0,-1,-1,-1
154407,1,1,0,199,2651,2545
0,0,0,0,-1,-1,-1
153569,2,0,0,-1,-1,-1
0,0,0,0,-1,-1,-1
152616,2,0,0,-1,-1,-1
153404,1,1,0,69,8925,8900
154670,1,1,0,107,8676,8636
155369,1,0,1,67,6253,6225
152069,2,0,0,-1,-1,-1
155101,1,1,-1,213,2316,2214
0,0,0,0,-1,-1,-1
153991,1,1,-1,103,14848,14801
154802,1,0,1,38,3870,3846
154172,2,0,0,-1,-1,-1
155219,1,0,1,67,1952,1915
154311,1,1,0,293,3809,3659
153117,1,1,0,121,2472,2403
155338,2,0,0,-1,-1,-1
0,0,0,0,-1,-1,-1
0,0,0,0,-1,-1,-1
153679,1,0,1,31,5601,5588
154977,2,0,0,-1,-1,-1
154593,2,0,0,-1,-1,-1
154463,2,0,0,-1,-1,-1
154296,1,1,0,130,4884,4845
152939,2,0,0,-1,-1,-1
0,0,0,0,-1,-1,-1
154858,1,1,0,14,11942,11931
154522,2,0,0,-1,-1,-1
155252,1,0,1,119,4045,3982
155157,1,1,0,211,3158,3060
0,0,0,0,-1,-1,-1
0,0,0,0,-1,-1,-1
0,0,0,0,-1,-1,-1
0,0,0,0,-1,-1,-1
154738,1,1,0,107,5461,5419
154477,2,0,0,-1,-1,-1
154317,1,1,0,112,4992,4959
0,0,0,0,-1,-1,-1
154210,2,0,0,-1,-1,-1
153418,2,0,0,-1,-1,-1
155315,1,0,1,221,7389,7265
154031,1,0,1,79,2083,2036
0,0,0,0,-1,-1,-1
155008,1,1,0,53,4842,4829
154185,2,0,0,-1,-1,-1
155025,2,0,0,-1,-1,-1
152961,1,1,0,87,4164,4123
152814,2,0,0,-1,-1,-1
0,0,0,0,-1,-1,-1
153714,1,0,1,150,5616,5561
153803,2,0,0,-1,-1,-1
155004,1,0,1,109,7512,7483
155284,1,0,1,52,5245,5213
0,0,0,0,-1,-1,-1
0,0,0,0,-1,-1,-1
0,0,0,0,-1,-1,-1
153993,2,0,0,-1,-1,-1
0,0,0,0,-1,-1,-1
154229,2,0,0,-1,-1,-1
154143,1,0,1,7,8164,8162
153716,2,0,0,-1,-1,-1
0,0,0,0,-1,-1,-1
154558,1,1,0,102,3701,3623
0,0,0,0,-1,-1,-1
0,0,0,0,-1,-1,-1
154496,1,0,1,58,13829,13805
154737,2,0,0,-1,-1,-1
154507,2,0,0,-1,-1,-1
155047,1,1,0,30,3907,3884
154437,2,0,0,-1,-1,-1
154230,2,0,0,-1,-1,-1
153679,1,1,-1,206,4037,3955
0,0,0,0,-1,-1,-1
154644,2,0,0,-1,-1,-1
152934,2,0,0,-1,-1,-1
0,0,0,0,-1,-1,-1
154406,2,0,0,-1,-1,-1
0,0,0,0,-1,-1,-1
153058,1,1,0,35,8005,7987
154314,2,0,0,-1,-1,-1
154612,1,0,1,91,3510,3468
155016,1,1,0,97,5656,5600
154958,1,1,1,40,3237,3231
153981,2,0,0,-1,-1,-1
154294,1,0,1,59,3010,2982
154084,2,0,0,-1,-1,-1
154344,2,0,0,-1,-1,-1
0,0,0,0,-1,-1,-1
0,0,0,0,-1,-1,-1
153294,2,0,0,-1,-1,-1
0,0,0,0,-1,-1,-1
154382,2,0,0,-1,-1,-1
155060,1,0,1,251,2160,2036
154390,1,1,0,37,1079,1063
155049,2,0,0,-1,-1,-1
0,0,0,0,-1,-1,-1
154083,2,0,0,-1,-1,-1
154052,1,0,1,183,3428,3327
154945,2,0,0,-1,-1,-1
154886,1,1,1,145,13347,13264
154313,2,0,0,-1,-1,-1
154252,1,0,1,161,5050,4949
153942,2,0,0,-1,-1,-1
155203,2,0,0,-1,-1,-1
0,0,0,0,-1,-1,-1
154747,2,0,0,-1,-1,-1
154563,2,0,0,-1,-1,-1
154184,2,0,0,-1,-1,-1
153248,2,0,0,-1,-1,-1
0,0,0,0,-1,-1,-1
154967,1,1,-1,162,5310,5255
155100,2,0,0,-1,-1,-1
155171,2,0,0,-1,-1,-1
0,0,0,0,-1,-1,-1
152788,2,0,0,-1,-1,-1
0,0,0,0,-1,-1,-1
155362,1,1,0,69,3159,3125
0,0,0,0,-1,-1,-1
154380,2,0,0,-1,-1,-1
154765,2,0,0,-1,-1,-1
0,0,0,0,-1,-1,-1
155317,1,0,1,117,2925,2861
154909,1,1,0,194,8330,8242
153928,2,0,0,-1,-1,-1
0,0,0,0,-1,-1,-1
153867,1,0,1,140,3099,3047
155327,1,0,1,157,2594,2544
154159,2,0,0,-1,-1,-1
0,0,0,0,-1,-1,-1
152958,2,0,0,-1,-1,-1
0,0,0,0,-1,-1,-1
153258,2,0,0,-1,-1,-1
154175,2,0,0,-1,-1,-1
153870,1,0,1,0,5950,5950
0,0,0,0,-1,-1,-1
0,0,0,0,-1,-1,-1
153774,2,0,0,-1,-1,-1
0,0,0,0,-1,-1,-1
154200,2,0,0,-1,-1,-1
0,0,0,0,-1,-1,-1
155112,1,0,1,210,1623,1504
153719,2,0,0,-1,-1,-1
154025,2,0,0,-1,-1,-1
153987,2,0,0,-1,-1,-1
154000,2,0,0,-1,-1,-1
0,0,0,0,-1,-1,-1
154793,1,0,1,0,7823,7823
155263,1,1,0,84,3005,2942
155126,1,0,1,116,1652,1597
154380,2,0,0,-1,-1,-1
154187,1,0,1,242,7148,7041
0,0,0,0,-1,-1,-1
154962,2,0,0,-1,-1,-1
155304,1,0,1,251,4744,4617
153987,2,0,0,-1,-1,-1
153081,2,0,0,-1,-1,-1
154557,2,0,0,-1,-1,-1
0,0,0,0,-1,-1,-1
0,0,0,0,-1,-1,-1
153761,1,1,0,214,1919,1830
154995,2,0,0,-1,-1,-1
155320,1,1,0,325,5812,5627
154667,2,0,0,-1,-1,-1
155106,2,0,0,-1,-1,-1
154054,2,0,0,-1,-1,-1
0,0,0,0,-1,-1,-1
153301,2,0,0,-1,-1,-1
155005,2,0,0,-1,-1,-1
154717,1,0,1,0,758,758
153297,1,0,1,130,1180,1121
153334,2,0,0,-1,-1,-1
0,0,0,0,-1,-1,-1
0,0,0,0,-1,-1,-1
153915,2,0,0,-1,-1,-1
154423,2,0,0,-1,-1,-1
0,0,0,0,-1,-1,-1
153939,2,0,0,-1,-1,-1
0,0,0,0,-1,-1,-1
153530,2,0,0,-1,-1,-1
154633,1,0,1,38,2476,2449
151541,1,1,0,27,3578,3565
154475,1,1,1,179,3046,2942
154792,2,0,0,-1,-1,-1
154891,1,0,1,0,6439,6439
155164,1,1,-1,80,9554,9524
154361,1,0,1,178,3518,3422
154459,2,0,0,-1,-1,-1
153521,2,0,0,-1,-1,-1
0,0,0,0,-1,-1,-1
153566,1,0,1,101,3408,3343
153219,2,0,0,-1,-1,-1
154269,2,0,0,-1,-1,-1
0,0,0,0,-1,-1,-1
0,0,0,0,-1,-1,-1
0,0,0,0,-1,-1,-1
154777,2,0,0,-1,-1,-1
0,0,0,0,-1,-1,-1
0,0,0,0,-1,-1,-1
154501,1,1,0,207,5580,5497
155146,2,0,0,-1,-1,-1
153660,2,0,0,-1,-1,-1
155313,1,1,-1,66,3338,3305
153713,1,0,1,144,3099,3054
0,0,0,0,-1,-1,-1
154222,2,0,0,-1,-1,-1
155315,1,1,1,147,5229,5141
154638,2,0,0,-1,-1,-1
153757,2,0,0,-1,-1,-1
0,0,0,0,-1,-1,-1
154702,1,0,1,162,3848,3789
0,0,0,0,-1,-1,-1
155150,1,0,1,135,9961,9911
0,0,0,0,-1,-1,-1
155288,1,1,0,204,1278,1171
0,0,0,0,-1,-1,-1
0,0,0,0,-1,-1,-1
154652,2,0,0,-1,-1,-1
153543,2,0,0,-1,-1,-1
155229,1,1,0,140,5042,4979
154403,1,1,-1,75,13031,12980
154885,1,0,1,255,1691,1586
154329,1,1,-1,316,7248,7108
155102,1,0,1,0,5806,5806
155204,1,0,1,58,7204,7188
154971,1,0,1,6,2876,2877
155169,1,1,-1,304,2005,1881
154797,1,1,0,146,5142,5084
155200,2,0,0,-1,-1,-1
154740,1,1,0,146,3062,2985
0,0,0,0,-1,-1,-1
153788,1,0,1,126,3244,3178
155125,1,0,1,172,1646,1553
154166,2,0,0,-1,-1,-1
154658,2,0,0,-1,-1,-1
154987,1,1,-1,70,7889,7849
154292,1,0,1,45,3740,3720
154604,2,0,0,-1,-1,-1
0,0,0,0,-1,-1,-1
0,0,0,0,-1,-1,-1
0,0,0,0,-1,-1,-1
0,0,0,0,-1,-1,-1
154533,2,0,0,-1,-1,-1
154782,2,0,0,-1,-1,-1
154316,1,1,0,172,3412,3355
152841,1,0,1,36,4609,4585
154491,1,1,0,5,3795,3795
154421,2,0,0,-1,-1,-1
0,0,0,0,-1,-1,-1
154984,1,1,0,137,12585,12534
154429,1,1,0,49,5173,5156
153636,2,0,0,-1,-1,-1
154296,1,1,0,205,2258,2123
154840,1,1,0,120,10597,10568
154457,1,1,0,230,4605,4477
154734,2,0,0,-1,-1,-1
153484,2,0,0,-1,-1,-1
0,0,0,0,-1,-1,-1
153054,2,0,0,-1,-1,-1
0,0,0,0,-1,-1,-1
154469,2,0,0,-1,-1,-1
154653,1,0,1,48,2060,2035
154086,2,0,0,-1,-1,-1
153832,2,0,0,-1,-1,-1
153034,2,0,0,-1,-1,-1
154960,2,0,0,-1,-1,-1
153636,2,0,0,-1,-1,-1
0,0,0,0,-1,-1,-1
154207,1,1,0,0,4408,4408
154031,2,0,0,-1,-1,-1
155350,1,0,1,51,1764,1748
154542,1,0,1,109,2138,2063
155224,2,0,0,-1,-1,-1
154206,1,1,0,51,4593,4579
153870,2,0,0,-1,-1,-1
154821,1,0,1,69,1220,1190
0,0,0,0,-1,-1,-1
154836,1,1,1,193,5958,5882
155183,1,0,1,74,1458,1414
154374,1,1,0,113,4627,4576
155129,1,1,1,33,5785,5772
154496,1,0,1,35,5958,5949
0,0,0,0,-1,-1,-1
154409,2,0,0,-1,-1,-1
153672,1,1,0,198,2764,2682
155133,1,0,1,110,2804,2768
153692,2,0,0,-1,-1,-1
0,0,0,0,-1,-1,-1
154255,2,0,0,-1,-1,-1
150346,2,0,0,-1,-1,-1
154530,2,0,0,-1,-1,-1
154494,2,0,0,-1,-1,-1
0,0,0,0,-1,-1,-1
0,0,0,0,-1,-1,-1
0,0,0,0,-1,-1,-1
152674,1,1,0,60,6957,6919
152392,2,0,0,-1,-1,-1
153613,2,0,0,-1,-1,-1
153827,2,0,0,-1,-1,-1
0,0,0,0,-1,-1,-1
0,0,0,0,-1,-1,-1
0,0,0,0,-1,-1,-1
155355,1,1,0,6,2439,2438
0,0,0,0,-1,-1,-1
154878,1,1,0,132,3916,3839
154263,1,0,1,113,4659,4606
154691,1,0,1,111,2744,2693
0,0,0,0,-1,-1,-1
0,0,0,0,-1,-1,-1
0,0,0,0,-1,-1,-1
0,0,0,0,-1,-1,-1
154791,1,1,-1,255,4521,4429
154366,2,0,0,-1,-1,-1
0,0,0,0,-1,-1,-1
0,0,0,0,-1,-1,-1
0,0,0,0,-1,-1,-1
0,0,0,0,-1,-1,-1
0,0,0,0,-1,-1,-1
154941,2,0,0,-1,-1,-1
0,0,0,0,-1,-1,-1
0,0,0,0,-1,-1,-1
0,0,0,0,-1,-1,-1
154075,2,0,0,-1,-1,-1
153414,2,0,0,-1,-1,-1
153675,2,0,0,-1,-1,-1
0,0,0,0,-1,-1,-1
0,0,0,0,-1,-1,-1
154823,2,0,0,-1,-1,-1
153741,2,0,0,-1,-1,-1
0,0,0,0,-1,-1,-1
155352,1,0,1,95,1773,1726
154959,1,1,0,64,4161,4121
154416,2,0,0,-1,-1,-1
154286,1,1,0,16,4885,4876
154789,1,1,0,176,5203,5129
154334,1,0,1,0,12839,12839
153435,1,0,1,114,3951,3901
155064,1,0,1,106,2804,2769
153377,1,0,1,29,4402,4379
154835,1,1,0,68,1720,1700
155198,1,1,0,180,4561,4483
153282,2,0,0,-1,-1,-1
0,0,0,0,-1,-1,-1
153849,1,1,0,221,2756,2660
0,0,0,0,-1,-1,-1
0,0,0,0,-1,-1,-1
0,0,0,0,-1,-1,-1
154547,2,0,0,-1,-1,-1
0,0,0,0,-1,-1,-1
0,0,0,0,-1,-1,-1
154740,1,0,1,161,4447,4371
0,0,0,0,-1,-1,-1
154548,2,0,0,-1,-1,-1
154430,1,1,0,0,1875,1875
153565,2,0,0,-1,-1,-1
0,0,0,0,-1,-1,-1
152484,2,0,0,-1,-1,-1
154581,2,0,0,-1,-1,-1
153809,1,1,0,151,4577,4536
153218,1,1,0,100,3957,3925
154421,2,0,0,-1,-1,-1
154319,2,0,0,-1,-1,-1
155099,1,0,1,212,2328,2234
0,0,0,0,-1,-1,-1
154984,2,0,0,-1,-1,-1
154423,1,0,1,171,5104,5064
0,0,0,0,-1,-1,-1
0,0,0,0,-1,-1,-1
0,0,0,0,-1,-1,-1
154022,2,0,0,-1,-1,-1
154601,2,0,0,-1,-1,-1
155092,1,0,1,216,2064,1954
155309,1,0,1,89,6588,6531
0,0,0,0,-1,-1,-1
0,0,0,0,-1,-1,-1
0,0,0,0,-1,-1,-1
154338,2,0,0,-1,-1,-1
154008,2,0,0,-1,-1,-1
154172,2,0,0,-1,-1,-1
154371,1,0,1,0,4038,4038
153999,2,0,0,-1,-1,-1
153691,2,0,0,-1,-1,-1
153469,1,0,1,249,2976,2839
153453,2,0,0,-1,-1,-1
154180,1,1,0,93,5521,5486
154191,2,0,0,-1,-1,-1
153931,2,0,0,-1,-1,-1
154639,1,0,1,86,1007,972
154418,1,0,1,55,3646,3622
0,0,0,0,-1,-1,-1
0,0,0,0,-1,-1,-1
153887,2,0,0,-1,-1,-1
0,0,0,0,-1,-1,-1
155145,1,1,0,81,4302,4258
155331,1,1,1,67,22925,22906
153849,1,0,1,121,2810,2760
154378,1,0,1,111,6464,6417
153792,2,0,0,-1,-1,-1
0,0,0,0,-1,-1,-1
153100,2,0,0,-1,-1,-1
153492,2,0,0,-1,-1,-1
152691,1,1,0,92,1454,1416
151657,2,0,0,-1,-1,-1
153770,2,0,0,-1,-1,-1
154200,2,0,0,-1,-1,-1
155149,2,0,0,-1,-1,-1
154358,2,0,0,-1,-1,-1
0,0,0,0,-1,-1,-1
152776,2,0,0,-1,-1,-1
0,0,0,0,-1,-1,-1
154076,2,0,0,-1,-1,-1
155021,2,0,0,-1,-1,-1
152827,2,0,0,-1,-1,-1
154050,1,0,1,162,7012,6903
154197,2,0,0,-1,-1,-1
0,0,0,0,-1,-1,-1
0,0,0,0,-1,-1,-1
153490,2,0,0,-1,-1,-1
153354,2,0,0,-1,-1,-1
154002,2,0,0,-1,-1,-1
0,0,0,0,-1,-1,-1
0,0,0,0,-1,-1,-1
152287,2,0,0,-1,-1,-1
152483,1,1,0,33,6403,6384
154430,1,1,1,213,2339,2262
0,0,0,0,-1,-1,-1
154992,2,0,0,-1,-1,-1
0,0,0,0,-1,-1,-1
152676,1,1,0,116,2049,1965
154039,2,0,0,-1,-1,-1
154780,2,0,0,-1,-1,-1
0,0,0,0,-1,-1,-1
0,0,0,0,-1,-1,-1
154126,1,1,0,0,0,0
0,0,0,0,-1,-1,-1
0,0,0,0,-1,-1,-1
154276,2,0,0,-1,-1,-1
153835,2,0,0,-1,-1,-1
154428,2,0,0,-1,-1,-1
153417,1,1,0,68,3472,3450
155141,2,0,0,-1,-1,-1
155342,1,1,0,1,4005,4002
0,0,0,0,-1,-1,-1
154983,2,0,0,-1,-1,-1
154454,2,0,0,-1,-1,-1
154839,1,1,1,57,6314,6282
0,0,0,0,-1,-1,-1
154147,1,0,1,194,2948,2850
0,0,0,0,-1,-1,-1
0,0,0,0,-1,-1,-1
0,0,0,0,-1,-1,-1
0,0,0,0,-1,-1,-1
155284,1,1,0,97,2132,2075
153536,2,0,0,-1,-1,-1
155112,1,1,1,124,5594,5522
154242,1,1,0,234,12128,12037
0,0,0,0,-1,-1,-1
154599,1,1,1,87,8145,8087
153884,1,1,0,72,4085,4038
153818,1,1,0,38,4923,4911
152951,1,1,0,164,3127,3050
151879,2,0,0,-1,-1,-1
0,0,0,0,-1,-1,-1
154743,1,0,1,67,1462,1426
154846,1,0,1,77,6251,6212
154727,2,0,0,-1,-1,-1
153945,1,0,1,115,4798,4731
0,0,0,0,-1,-1,-1
0,0,0,0,-1,-1,-1
153891,2,0,0,-1,-1,-1
0,0,0,0,-1,-1,-1
155074,1,1,-1,19,9915,9896
155282,1,1,0,59,4476,4439
154384,1,1,0,172,4718,4659
153625,1,1,0,52,4035,4014
153587,2,0,0,-1,-1,-1
0,0,0,0,-1,-1,-1
154664,1,1,0,28,12451,12431
154788,1,1,0,195,4431,4342
0,0,0,0,-1,-1,-1
154413,2,0,0,-1,-1,-1
153586,2,0,0,-1,-1,-1
154928,1,1,0,130,4439,4382
154475,1,0,1,69,1587,1541
154182,1,0,1,58,2743,2702
0,0,0,0,-1,-1,-1
153704,1,0,1,71,2003,1982
154472,1,0,1,0,14112,14112
0,0,0,0,-1,-1,-1
0,0,0,0,-1,-1,-1
154552,2,0,0,-1,-1,-1
153884,2,0,0,-1,-1,-1
155011,2,0,0,-1,-1,-1
154861,2,0,0,-1,-1,-1
155223,1,0,1,123,1853,1800
155239,1,1,0,87,2616,2587
155086,1,1,0,204,1471,1351
154266,1,1,0,190,3136,3051
154682,2,0,0,-1,-1,-1
0,0,0,0,-1,-1,-1
155377,1,1,0,37,6122,6113
153554,2,0,0,-1,-1,-1
0,0,0,0,-1,-1,-1
154110,2,0,0,-1,-1,-1
153171,2,0,0,-1,-1,-1
0,0,0,0,-1,-1,-1
155364,1,0,1,59,3505,3480
154128,1,0,1,154,3219,3115
155258,1,1,0,95,2439,2390
154372,2,0,0,-1,-1,-1
153874,2,0,0,-1,-1,-1
0,0,0,0,-1,-1,-1
155311,1,0,1,26,9578,9566
155173,2,0,0,-1,-1,-1
153906,2,0,0,-1,-1,-1
153693,2,0,0,-1,-1,-1
0,0,0,0,-1,-1,-1
154098,1,1,0,194,2476,2392
0,0,0,0,-1,-1,-1
154277,1,1,0,0,21550,21550
154794,1,1,0,0,3224,3224
0,0,0,0,-1,-1,-1
155029,2,0,0,-1,-1,-1
154895,1,1,0,138,3356,3301
154178,2,0,0,-1,-1,-1
0,0,0,0,-1,-1,-1
155228,1,1,0,114,9897,9868
0,0,0,0,-1,-1,-1
155124,2,0,0,-1,-1,-1
153371,2,0,0,-1,-1,-1
0,0,0,0,-1,-1,-1
154335,1,1,1,183,6808,6752
154034,1,0,1,131,3234,3176
155086,1,1,0,117,2034,1982
154616,2,0,0,-1,-1,-1
153477,1,1,0,182,2254,2173
153801,1,0,1,175,2306,2207
154455,2,0,0,-1,-1,-1
153765,2,0,0,-1,-1,-1
0,0,0,0,-1,-1,-1
153249,1,1,0,96,3105,3067
0,0,0,0,-1,-1,-1
153314,1,1,0,158,2404,2322
153460,2,0,0,-1,-1,-1
154651,1,1,-1,181,14865,14809
153596,2,0,0,-1,-1,-1
154433,2,0,0,-1,-1,-1
155271,1,0,1,67,1320,1287
0,0,0,0,-1,-1,-1
154657,1,1,0,142,4442,4369
155156,1,0,1,95,4554,4513
155246,2,0,0,-1,-1,-1
154907,2,0,0,-1,-1,-1
155024,1,1,0,216,6938,6833
154742,2,0,0,-1,-1,-1
153586,2,0,0,-1,-1,-1
152608,2,0,0,-1,-1,-1
154327,2,0,0,-1,-1,-1
155073,1,0,1,209,3128,3037
0,0,0,0,-1,-1,-1
154891,2,0,0,-1,-1,-1
0,0,0,0,-1,-1,-1
0,0,0,0,-1,-1,-1
154622,2,0,0,-1,-1,-1
155254,2,0,0,-1,-1,-1
154385,1,0,1,24,6552,6537
0,0,0,0,-1,-1,-1
152965,2,0,0,-1,-1,-1
151713,2,0,0,-1,-1,-1
0,0,0,0,-1,-1,-1
0,0,0,0,-1,-1,-1
153576,2,0,0,-1,-1,-1
0,0,0,0,-1,-1,-1
154245,2,0,0,-1,-1,-1
155373,1,1,0,0,5252,5252
0,0,0,0,-1,-1,-1
154971,1,1,0,118,2416,2396
155004,1,0,1,0,5914,5914
154996,1,0,1,21,1939,1929
0,0,0,0,-1,-1,-1
154659,1,1,0,46,1961,1941
153948,2,0,0,-1,-1,-1
154945,1,0,1,0,6693,6693
154393,1,0,1,172,2035,1942
154478,1,1,0,93,1500,1475
0,0,0,0,-1,-1,-1
0,0,0,0,-1,-1,-1
0,0,0,0,-1,-1,-1
0,0,0,0,-1,-1,-1
154283,2,0,0,-1,-1,-1
0,0,0,0,-1,-1,-1
154009,1,0,1,198,3253,3163
0,0,0,0,-1,-1,-1
0,0,0,0,-1,-1,-1
154895,2,0,0,-1,-1,-1
153753,1,1,0,100,4154,4092
154193,1,1,-1,156,7449,7375
154842,2,0,0,-1,-1,-1
152822,2,0,0,-1,-1,-1
155098,1,0,1,63,8799,8775
155178,1,1,0,28,5921,5905
154032,2,0,0,-1,-1,-1
154759,1,0,1,40,5048,5028
153547,2,0,0,-1,-1,-1
0,0,0,0,-1,-1,-1
153583,2,0,0,-1,-1,-1
154819,2,0,0,-1,-1,-1
154694,1,1,0,0,14333,14333
154675,2,0,0,-1,-1,-1
155297,1,0,1,0,5376,5376
154776,1,1,0,128,1329,1272
154083,2,0,0,-1,-1,-1
0,0,0,0,-1,-1,-1
0,0,0,0,-1,-1,-1
0,0,0,0,-1,-1,-1
154473,2,0,0,-1,-1,-1
0,0,0,0,-1,-1,-1
155251,1,1,1,260,14314,14184
155331,2,0,0,-1,-1,-1
0,0,0,0,-1,-1,-1
154871,1,1,0,45,1233,1220
154100,1,1,0,0,3185,3185
0,0,0,0,-1,-1,-1
154187,2,0,0,-1,-1,-1
0,0,0,0,-1,-1,-1
154764,1,0,1,36,6633,6622
152874,1,1,0,0,828,828
0,0,0,0,-1,-1,-1
0,0,0,0,-1,-1,-1
154717,1,0,1,87,5533,5487
153601,1,1,0,241,5216,5099
154131,2,0,0,-1,-1,-1
155038,1,0,1,120,6200,6148
154898,2,0,0,-1,-1,-1
154665,2,0,0,-1,-1,-1
153626,2,0,0,-1,-1,-1
155079,1,1,-1,224,6688,6608
154270,2,0,0,-1,-1,-1
154846,2,0,0,-1,-1,-1
154380,2,0,0,-1,-1,-1
154604,1,0,1,110,1226,1166
153107,2,0,0,-1,-1,-1
0,0,0,0,-1,-1,-1
0,0,0,0,-1,-1,-1
0,0,0,0,-1,-1,-1
154391,2,0,0,-1,-1,-1
0,0,0,0,-1,-1,-1
154655,2,0,0,-1,-1,-1
0,0,0,0,-1,-1,-1
0,0,0,0,-1,-1,-1
154555,1,0,1,36,3348,3319
154973,1,1,0,131,3046,2977
154846,2,0,0,-1,-1,-1
153439,2,0,0,-1,-1,-1
154067,2,0,0,-1,-1,-1
154852,2,0,0,-1,-1,-1
154875,1,1,0,117,5501,5450
0,0,0,0,-1,-1,-1
155115,1,1,0,154,5704,5642
0,0,0,0,-1,-1,-1
153196,1,0,1,26,2068,2062
0,0,0,0,-1,-1,-1
154427,2,0,0,-1,-1,-1
154427,1,0,1,162,2730,2656
155353,1,1,0,91,4954,4908
154745,1,1,0,29,5035,5024
0,0,0,0,-1,-1,-1
154995,1,0,1,146,2897,2839
154792,1,0,1,46,2533,2500
155270,1,1,-1,201,6061,5976
153199,1,1,0,98,1847,1812
0,0,0,0,-1,-1,-1
155148,1,0,1,161,3150,3074
155038,1,1,0,42,1981,1969
155011,2,0,0,-1,-1,-1
0,0,0,0,-1,-1,-1
155064,1,1,0,154,2545,2470
0,0,0,0,-1,-1,-1
154395,2,0,0,-1,-1,-1
153996,2,0,0,-1,-1,-1
0,0,0,0,-1,-1,-1
0,0,0,0,-1,-1,-1
153612,2,0,0,-1,-1,-1
155062,1,1,0,195,3224,3117
154437,1,1,0,65,4451,4422
154015,2,0,0,-1,-1,-1
152949,1,1,0,97,3036,3009
153119,2,0,0,-1,-1,-1
154245,1,0,1,45,2060,2037
0,0,0,0,-1,-1,-1
154945,1,1,0,0,12653,12653
0,0,0,0,-1,-1,-1
0,0,0,0,-1,-1,-1
154080,1,0,1,133,6970,6915
0,0,0,0,-1,-1,-1
0,0,0,0,-1,-1,-1
154933,2,0,0,-1,-1,-1
154744,1,0,1,8,5662,5657
152923,2,0,0,-1,-1,-1
154627,2,0,0,-1,-1,-1
0,0,0,0,-1,-1,-1
0,0,0,0,-1,-1,-1
0,0,0,0,-1,-1,-1
154742,1,1,0,197,2042,1945
153157,2,0,0,-1,-1,-1
0,0,0,0,-1,-1,-1
153771,2,0,0,-1,-1,-1
154349,2,0,0,-1,-1,-1
153667,2,0,0,-1,-1,-1
154993,2,0,0,-1,-1,-1
154223,1,0,1,141,3074,3005
154717,2,0,0,-1,-1,-1
154841,1,1,0,166,3061,2976
154830,1,1,1,252,5344,5220
154872,2,0,0,-1,-1,-1
153901,2,0,0,-1,-1,-1
0,0,0,0,-1,-1,-1
154150,1,1,1,133,3895,3820
0,0,0,0,-1,-1,-1
153266,2,0,0,-1,-1,-1
152585,1,0,1,78,2665,2622
151731,1,1,0,61,3766,3744
154290,2,0,0,-1,-1,-1
155229,2,0,0,-1,-1,-1
153838,2,0,0,-1,-1,-1
153413,1,0,1,157,1849,1781
154480,2,0,0,-1,-1,-1
153710,2,0,0,-1,-1,-1
154192,1,1,0,37,3366,3351
154235,2,0,0,-1,-1,-1
0,0,0,0,-1,-1,-1
154580,2,0,0,-1,-1,-1
0,0,0,0,-1,-1,-1
0,0,0,0,-1,-1,-1
154501,2,0,0,-1,-1,-1
0,0,0,0,-1,-1,-1
154505,1,1,0,82,8056,8010
0,0,0,0,-1,-1,-1
154381,2,0,0,-1,-1,-1
155063,2,0,0,-1,-1,-1
153325,2,0,0,-1,-1,-1
155304,1,1,0,209,6040,5947
155226,1,0,1,50,792,773
154473,1,1,0,0,18135,18135
154646,1,1,-1,182,7481,7412
154609,2,0,0,-1,-1,-1
0,0,0,0,-1,-1,-1
154789,1,1,0,90,4818,4796
155173,1,1,-1,32,5031,5019
153869,2,0,0,-1,-1,-1
155106,1,1,0,0,5124,5124
153302,2,0,0,-1,-1,-1
154846,1,1,0,46,13282,13258
155344,1,1,0,154,13310,13242
155122,1,1,0,17,10012,10002
154053,2,0,0,-1,-1,-1
154658,1,1,0,54,5071,5036
155012,2,0,0,-1,-1,-1
152934,1,0,1,73,9529,9504
153702,2,0,0,-1,-1,-1
0,0,0,0,-1,-1,-1
0,0,0,0,-1,-1,-1
0,0,0,0,-1,-1,-1
155006,2,0,0,-1,-1,-1
155191,1,1,0,211,7053,6968
154430,2,0,0,-1,-1,-1
0,0,0,0,-1,-1,-1
153763,2,0,0,-1,-1,-1
155075,2,0,0,-1,-1,-1
154977,1,0,1,152,6774,6697
154422,1,0,1,11,12668,12664
0,0,0,0,-1,-1,-1
0,0,0,0,-1,-1,-1
154766,2,0,0,-1,-1,-1
0,0,0,0,-1,-1,-1
0,0,0,0,-1,-1,-1
0,0,0,0,-1,-1,-1
155027,2,0,0,-1,-1,-1
154736,1,0,1,50,25476,25448
154592,1,1,0,142,1920,1885
0,0,0,0,-1,-1,-1
0,0,0,0,-1,-1,-1
0,0,0,0,-1,-1,-1
153575,2,0,0,-1,-1,-1
154802,2,0,0,-1,-1,-1
154722,1,0,1,78,5983,5948
153931,1,1,1,186,8251,8178
154508,1,1,0,39,9129,9115
155076,1,0,1,101,2767,2715
152622,2,0,0,-1,-1,-1
155016,1,1,0,96,3073,3034
152622,2,0,0,-1,-1,-1
0,0,0,0,-1,-1,-1
154816,2,0,0,-1,-1,-1
153285,2,0,0,-1,-1,-1
155176,1,1,0,191,3537,3465
152636,2,0,0,-1,-1,-1
153808,1,0,1,102,2224,2172
0,0,0,0,-1,-1,-1
0,0,0,0,-1,-1,-1
155240,1,1,-1,90,4547,4517
155167,1,0,1,0,736,736
0,0,0,0,-1,-1,-1
154830,1,1,0,73,1316,1279
154422,1,0,1,137,6505,6441
155315,1,1,0,202,1677,1605
0,0,0,0,-1,-1,-1
153685,2,0,0,-1,-1,-1
154546,1,0,1,58,3955,3915
154498,1,1,0,81,1492,1464
0,0,0,0,-1,-1,-1
154054,1,1,0,119,4174,4118
0,0,0,0,-1,-1,-1
155041,1,1,0,0,2832,2832
154222,2,0,0,-1,-1,-1
153556,2,0,0,-1,-1,-1
154810,2,0,0,-1,-1,-1
153964,2,0,0,-1,-1,-1
154272,1,1,0,0,2310,2310
0,0,0,0,-1,-1,-1
0,0,0,0,-1,-1,-1
155317,1,0,1,35,4229,4216
154250,1,0,1,57,6189,6168
0,0,0,0,-1,-1,-1
0,0,0,0,-1,-1,-1
154440,1,1,0,55,1148,1108
154668,1,0,1,10,23874,23867
154301,2,0,0,-1,-1,-1
0,0,0,0,-1,-1,-1
154082,1,1,0,125,3242,3199
0,0,0,0,-1,-1,-1
154707,1,1,-1,32,11033,11011
155364,1,1,0,130,9119,9074
154163,2,0,0,-1,-1,-1
0,0,0,0,-1,-1,-1
154148,1,0,1,37,10194,10179
153929,1,0,1,71,8822,8806
153147,2,0,0,-1,-1,-1
154574,2,0,0,-1,-1,-1
0,0,0,0,-1,-1,-1
154067,1,1,-1,267,4361,4260
0,0,0,0,-1,-1,-1
153076,2,0,0,-1,-1,-1
155116,2,0,0,-1,-1,-1
154714,1,1,1,210,3564,3499
153743,1,0,1,32,6874,6850
0,0,0,0,-1,-1,-1
155060,1,0,1,100,6140,6102
0,0,0,0,-1,-1,-1
153640,2,0,0,-1,-1,-1
154858,1,0,1,97,6313,6269
0,0,0,0,-1,-1,-1
154688,1,1,0,98,4351,4322
154593,2,0,0,-1,-1,-1
154600,1,0,1,81,1437,1379
154114,1,0,1,64,11732,11714
154438,1,0,1,70,6027,6004
0,0,0,0,-1,-1,-1
154639,1,1,0,203,9572,9482
154327,1,1,0,328,4176,3995
152612,2,0,0,-1,-1,-1
154663,2,0,0,-1,-1,-1
153786,2,0,0,-1,-1,-1
155128,1,0,1,72,6817,6783
154919,1,0,1,39,7684,7653
154972,1,1,-1,206,5902,5816
0,0,0,0,-1,-1,-1
0,0,0,0,-1,-1,-1
153830,2,0,0,-1,-1,-1
0,0,0,0,-1,-1,-1
154644,1,1,0,67,5184,5156
154408,1,0,1,32,31581,31563
155138,1,0,1,23,7937,7915
153846,2,0,0,-1,-1,-1
0,0,0,0,-1,-1,-1
152529,2,0,0,-1,-1,-1
0,0,0,0,-1,-1,-1
155310,1,1,1,171,3654,3576
154054,2,0,0,-1,-1,-1
154136,1,0,1,8,2541,2538
155085,1,0,1,39,3330,3303
0,0,0,0,-1,-1,-1
155176,1,1,0,109,3475,3412
154391,1,0,1,239,3562,3450
155111,1,0,1,0,1958,1958
154678,2,0,0,-1,-1,-1
153085,2,0,0,-1,-1,-1
0,0,0,0,-1,-1,-1
154165,2,0,0,-1,-1,-1
154669,2,0,0,-1,-1,-1
0,0,0,0,-1,-1,-1
153789,1,0,1,87,8382,8351
0,0,0,0,-1,-1,-1
155290,2,0,0,-1,-1,-1
154232,1,1,-1,66,3403,3352
155033,1,0,1,137,4251,4180
154142,1,0,1,142,1681,1609
155375,1,0,1,104,3012,2966
0,0,0,0,-1,-1,-1
153757,1,0,1,256,5250,5116
0,0,0,0,-1,-1,-1
154791,1,1,0,186,2063,1976
154564,2,0,0,-1,-1,-1
153595,2,0,0,-1,-1,-1
155174,1,0,1,66,3563,3544
154799,1,0,1,27,3463,3457
154293,2,0,0,-1,-1,-1
0,0,0,0,-1,-1,-1
0,0,0,0,-1,-1,-1
155156,1,1,0,155,1350,1305
0,0,0,0,-1,-1,-1
155265,1,0,1,53,1944,1909
0,0,0,0,-1,-1,-1
0,0,0,0,-1,-1,-1
154733,1,0,1,0,6052,6052
155343,1,1,0,0,8161,8161
155132,1,1,0,126,2449,2405
155297,1,0,1,70,2742,2716
155107,1,1,0,34,1783,1762
153561,2,0,0,-1,-1,-1
0,0,0,0,-1,-1,-1
0,0,0,0,-1,-1,-1
0,0,0,0,-1,-1,-1
153874,2,0,0,-1,-1,-1
154396,1,1,0,0,13896,13896
0,0,0,0,-1,-1,-1
0,0,0,0,-1,-1,-1
0,0,0,0,-1,-1,-1
153740,2,0,0,-1,-1,-1
0,0,0,0,-1,-1,-1
154196,2,0,0,-1,-1,-1
0,0,0,0,-1,-1,-1
153732,2,0,0,-1,-1,-1
0,0,0,0,-1,-1,-1
154798,1,0,1,207,3176,3078
154797,2,0,0,-1,-1,-1
0,0,0,0,-1,-1,-1
153453,2,0,0,-1,-1,-1
0,0,0,0,-1,-1,-1
154884,1,1,0,92,5288,5252
0,0,0,0,-1,-1,-1
0,0,0,0,-1,-1,-1
155043,1,1,1,91,4116,4073
154003,2,0,0,-1,-1,-1
0,0,0,0,-1,-1,-1
0,0,0,0,-1,-1,-1
154592,1,0,1,59,3229,3184
154481,2,0,0,-1,-1,-1
155054,1,1,1,86,3866,3809
155196,1,1,0,98,5862,5832
155279,1,0,1,33,9105,9079
0,0,0,0,-1,-1,-1
154195,1,1,0,55,1475,1455
154634,1,1,0,110,1085,1049
155214,1,0,1,18,816,804
155213,1,1,0,117,2554,2491
0,0,0,0,-1,-1,-1
0,0,0,0,-1,-1,-1
0,0,0,0,-1,-1,-1
153883,1,0,1,192,5023,4929
155065,2,0,0,-1,-1,-1
154750,1,1,0,98,3153,3100
154636,1,1,0,84,4335,4274
154136,2,0,0,-1,-1,-1
0,0,0,0,-1,-1,-1
0,0,0,0,-1,-1,-1
151664,1,1,0,85,3656,3620
154405,2,0,0,-1,-1,-1
154819,2,0,0,-1,-1,-1
155034,1,0,1,171,1606,1513
155086,2,0,0,-1,-1,-1
0,0,0,0,-1,-1,-1
155185,2,0,0,-1,-1,-1
0,0,0,0,-1,-1,-1
154904,1,0,1,35,1321,1311
0,0,0,0,-1,-1,-1
155012,2,0,0,-1,-1,-1
155368,1,1,0,73,2353,2327
155121,1,1,0,165,8041,7953
0,0,0,0,-1,-1,-1
155355,1,1,0,5,4288,4288
0,0,0,0,-1,-1,-1
155325,1,1,0,89,6408,6389
154303,1,0,1,25,4772,4748
154682,2,0,0,-1,-1,-1
153759,1,1,0,132,4083,4005
154035,2,0,0,-1,-1,-1
153457,2,0,0,-1,-1,-1
0,0,0,0,-1,-1,-1
154909,1,1,0,133,4481,4402
155195,1,1,0,55,4168,4123
155235,1,1,0,114,5763,5691
155281,1,1,1,94,9609,9584
153789,2,0,0,-1,-1,-1
154003,2,0,0,-1,-1,-1
154381,1,1,1,95,4185,4139
0,0,0,0,-1,-1,-1
154824,1,1,0,60,2467,2426
0,0,0,0,-1,-1,-1
155046,1,0,1,205,2110,2046
0,0,0,0,-1,-1,-1
0,0,0,0,-1,-1,-1
0,0,0,0,-1,-1,-1
155006,1,1,0,193,4611,4509
154297,2,0,0,-1,-1,-1
153869,1,0,1,0,3976,3976
154906,2,0,0,-1,-1,-1
0,0,0,0,-1,-1,-1
153736,2,0,0,-1,-1,-1
152489,2,0,0,-1,-1,-1
0,0,0,0,-1,-1,-1
0,0,0,0,-1,-1,-1
153889,2,0,0,-1,-1,-1
153665,2,0,0,-1,-1,-1
153023,1,0,1,59,2321,2296
0,0,0,0,-1,-1,-1
154891,1,0,1,0,375,375
0,0,0,0,-1,-1,-1
155285,1,1,0,179,10998,10905
155209,1,0,1,25,6057,6044
154938,1,0,1,64,1425,1394
0,0,0,0,-1,-1,-1
0,0,0,0,-1,-1,-1
154606,1,1,0,139,2702,2622
154296,1,0,1,117,1651,1595
154483,2,0,0,-1,-1,-1
0,0,0,0,-1,-1,-1
0,0,0,0,-1,-1,-1
151928,1,0,1,11,4285,4271
154244,2,0,0,-1,-1,-1
152765,2,0,0,-1,-1,-1
154538,1,1,0,146,2014,1924
154230,1,1,0,130,3972,3928
154705,1,0,1,98,11502,11454
154384,1,1,0,98,1382,1330
153560,2,0,0,-1,-1,-1
0,0,0,0,-1,-1,-1
154663,1,0,1,99,3631,3594
154872,2,0,0,-1,-1,-1
155281,1,1,0,119,5180,5118
0,0,0,0,-1,-1,-1
155025,1,1,-1,191,5121,5040
155105,1,0,1,0,8292,8289
0,0,0,0,-1,-1,-1
154121,1,1,0,200,5124,5066
154255,1,0,1,71,5643,5596
153646,2,0,0,-1,-1,-1
154851,2,0,0,-1,-1,-1
155310,1,1,-1,85,3867,3823
153635,1,1,0,66,15916,15887
154081,2,0,0,-1,-1,-1
154336,2,0,0,-1,-1,-1
155379,1,0,1,23,4358,4348
0,0,0,0,-1,-1,-1
154393,2,0,0,-1,-1,-1
0,0,0,0,-1,-1,-1
0,0,0,0,-1,-1,-1
0,0,0,0,-1,-1,-1
153727,2,0,0,-1,-1,-1
152985,1,1,-1,252,2900,2795
153538,2,0,0,-1,-1,-1
155108,1,0,1,0,1215,1215
153641,2,0,0,-1,-1,-1
153906,1,1,0,0,6204,6204
0,0,0,0,-1,-1,-1
154895,1,1,0,174,8574,8486
155295,1,0,1,55,3499,3474
155338,1,1,-1,85,6848,6804
155003,1,1,0,104,5769,5719
0,0,0,0,-1,-1,-1
153691,2,0,0,-1,-1,-1
0,0,0,0,-1,-1,-1
152603,1,1,0,116,2706,2628
154380,2,0,0,-1,-1,-1
0,0,0,0,-1,-1,-1
155064,1,0,1,72,4915,4890
0,0,0,0,-1,-1,-1
0,0,0,0,-1,-1,-1
155059,1,1,-1,129,7646,7574
155266,1,1,0,42,3115,3093
155370,1,0,1,0,2052,2052
154155,1,1,0,184,1922,1855
155259,2,0,0,-1,-1,-1
155192,1,1,0,157,3016,2911
155309,1,1,0,134,4759,4719
154420,2,0,0,-1,-1,-1
154839,1,0,1,8,23752,23749
154354,2,0,0,-1,-1,-1
0,0,0,0,-1,-1,-1
153966,2,0,0,-1,-1,-1
0,0,0,0,-1,-1,-1
154223,1,1,0,55,1335,1307
0,0,0,0,-1,-1,-1
154735,1,1,0,107,11233,11189
153929,2,0,0,-1,-1,-1
154947,1,1,-1,203,7053,6981
153761,1,1,0,147,5128,5048
155135,1,1,0,229,8410,8319
0,0,0,0,-1,-1,-1
154103,1,1,0,164,4295,4230
154281,1,1,0,30,14139,14124
154415,1,1,0,0,6152,6152
152609,1,0,1,105,3004,2964
0,0,0,0,-1,-1,-1
153158,2,0,0,-1,-1,-1
155229,1,1,-1,218,5222,5131
0,0,0,0,-1,-1,-1
154666,2,0,0,-1,-1,-1
154084,2,0,0,-1,-1,-1
0,0,0,0,-1,-1,-1
0,0,0,0,-1,-1,-1
0,0,0,0,-1,-1,-1
154520,1,1,-1,171,6396,6321
0,0,0,0,-1,-1,-1
154232,2,0,0,-1,-1,-1
152655,1,0,1,18,3814,3805
155222,1,0,1,140,2932,2839
154894,1,1,1,155,2879,2804
154512,1,1,0,102,5855,5784
155166,1,1,0,27,6445,6422
0,0,0,0,-1,-1,-1
154200,1,1,0,254,8931,8816
0,0,0,0,-1,-1,-1
155141,1,0,1,7,16009,16006
154995,1,0,1,110,2234,2171
0,0,0,0,-1,-1,-1
0,0,0,0,-1,-1,-1
155238,1,1,0,133,5120,5056
153959,1,1,0,214,5427,5345
153921,2,0,0,-1,-1,-1
154777,1,0,1,258,5374,5263
154643,1,0,1,32,5688,5662
153505,1,0,1,126,1981,1944
153638,2,0,0,-1,-1,-1
155075,2,0,0,-1,-1,-1
154149,2,0,0,-1,-1,-1
0,0,0,0,-1,-1,-1
0,0,0,0,-1,-1,-1
154187,1,0,1,46,3557,3539
155127,1,0,1,131,17688,17609
154084,1,0,1,191,3756,3665
0,0,0,0,-1,-1,-1
155145,1,1,0,51,10050,10033
153767,2,0,0,-1,-1,-1
152526,2,0,0,-1,-1,-1
154386,1,0,1,58,2317,2291
153850,2,0,0,-1,-1,-1
155066,1,1,0,84,2177,2132
154743,1,1,-1,82,1925,1900
0,0,0,0,-1,-1,-1
0,0,0,0,-1,-1,-1
152719,1,1,0,38,1489,1482
154817,1,0,1,135,3384,3325
154117,2,0,0,-1,-1,-1
154547,1,1,0,177,3488,3396
154481,1,0,1,118,740,681
155271,1,0,1,257,2935,2837
155154,1,0,1,13,2447,2439
0,0,0,0,-1,-1,-1
0,0,0,0,-1,-1,-1
0,0,0,0,-1,-1,-1
154049,2,0,0,-1,-1,-1
154270,2,0,0,-1,-1,-1
154427,1,0,1,156,7129,7053
154185,1,0,1,40,21459,21442
155259,1,0,1,73,2971,2927
0,0,0,0,-1,-1,-1
154748,2,0,0,-1,-1,-1
0,0,0,0,-1,-1,-1
154506,1,1,0,171,11189,11117
153872,2,0,0,-1,-1,-1
0,0,0,0,-1,-1,-1
155212,1,0,1,103,31307,31273
153559,1,1,0,108,4526,4473
154361,1,0,1,84,2949,2914
153870,1,1,0,304,3459,3301
153254,1,1,0,71,2319,2272
0,0,0,0,-1,-1,-1
0,0,0,0,-1,-1,-1
154526,2,0,0,-1,-1,-1
154560,1,1,0,116,1749,1702
154259,1,0,1,197,7162,7043
154560,1,1,0,139,5538,5497
0,0,0,0,-1,-1,-1
154132,2,0,0,-1,-1,-1
0,0,0,0,-1,-1,-1
155361,1,1,0,118,3949,3902
0,0,0,0,-1,-1,-1
154371,1,1,-1,95,13148,13112
154325,2,0,0,-1,-1,-1
154488,2,0,0,-1,-1,-1
155149,1,1,-1,71,4845,4821
0,0,0,0,-1,-1,-1
0,0,0,0,-1,-1,-1
155066,1,1,-1,184,2602,2533
154655,1,1,0,63,3750,3708
155005,2,0,0,-1,-1,-1
155322,1,1,0,155,2312,2209
0,0,0,0,-1,-1,-1
0,0,0,0,-1,-1,-1
152534,2,0,0,-1,-1,-1
0,0,0,0,-1,-1,-1
155088,1,1,0,0,6090,6090
154818,1,0,1,0,11700,11700
154903,1,0,1,111,2988,2942
154984,1,1,0,0,1016,1016
0,0,0,0,-1,-1,-1
153706,2,0,0,-1,-1,-1
0,0,0,0,-1,-1,-1
154581,1,1,0,30,3828,3809
0,0,0,0,-1,-1,-1
155052,2,0,0,-1,-1,-1
155085,1,1,0,103,3329,3292
154715,1,0,1,0,2837,2837
154685,1,1,0,20,4167,4153
0,0,0,0,-1,-1,-1
154938,2,0,0,-1,-1,-1
155181,2,0,0,-1,-1,-1
0,0,0,0,-1,-1,-1
152898,2,0,0,-1,-1,-1
0,0,0,0,-1,-1,-1
154466,2,0,0,-1,-1,-1
0,0,0,0,-1,-1,-1
0,0,0,0,-1,-1,-1
0,0,0,0,-1,-1,-1
0,0,0,0,-1,-1,-1
154504,1,1,-1,188,2324,2268
154800,2,0,0,-1,-1,-1
154964,1,1,0,243,3685,3569
152969,2,0,0,-1,-1,-1
154408,2,0,0,-1,-1,-1
0,0,0,0,-1,-1,-1
153010,2,0,0,-1,-1,-1
155098,2,0,0,-1,-1,-1
0,0,0,0,-1,-1,-1
154680,1,0,1,54,6037,6015
154610,2,0,0,-1,-1,-1
154867,2,0,0,-1,-1,-1
0,0,0,0,-1,-1,-1
155124,1,0,1,168,5005,4916
0,0,0,0,-1,-1,-1
154597,2,0,0,-1,-1,-1
154366,2,0,0,-1,-1,-1
152680,2,0,0,-1,-1,-1
154386,2,0,0,-1,-1,-1
153551,1,1,0,82,2823,2789
152476,2,0,0,-1,-1,-1
0,0,0,0,-1,-1,-1
154377,2,0,0,-1,-1,-1
0,0,0,0,-1,-1,-1
0,0,0,0,-1,-1,-1
154107,2,0,0,-1,-1,-1
154682,2,0,0,-1,-1,-1
153226,1,1,0,208,2826,2748
154135,1,0,1,52,2452,2419
153445,2,0,0,-1,-1,-1
153524,2,0,0,-1,-1,-1
0,0,0,0,-1,-1,-1
154716,1,0,1,71,6458,6425
152306,2,0,0,-1,-1,-1
0,0,0,0,-1,-1,-1
155187,1,1,1,114,8220,8148
153984,1,1,0,11,7984,7979
153077,2,0,0,-1,-1,-1
0,0,0,0,-1,-1,-1
0,0,0,0,-1,-1,-1
153660,2,0,0,-1,-1,-1
154012,1,1,0,66,5571,5546
0,0,0,0,-1,-1,-1
154695,1,1,0,66,3098,3075
0,0,0,0,-1,-1,-1
154253,1,0,1,100,6670,6634
154235,2,0,0,-1,-1,-1
0,0,0,0,-1,-1,-1
154481,2,0,0,-1,-1,-1
154580,2,0,0,-1,-1,-1
0,0,0,0,-1,-1,-1
154300,2,0,0,-1,-1,-1
152789,2,0,0,-1,-1,-1
153298,1,0,1,134,1524,1441
154415,2,0,0,-1,-1,-1
155133,1,0,1,321,3622,3495
0,0,0,0,-1,-1,-1
0,0,0,0,-1,-1,-1
153965,2,0,0,-1,-1,-1
0,0,0,0,-1,-1,-1
0,0,0,0,-1,-1,-1
155108,2,0,0,-1,-1,-1
0,0,0,0,-1,-1,-1
153993,1,0,1,99,3376,3330
155254,2,0,0,-1,-1,-1
154020,2,0,0,-1,-1,-1
153123,1,0,1,110,7288,7238
154438,2,0,0,-1,-1,-1
0,0,0,0,-1,-1,-1
0,0,0,0,-1,-1,-1
152692,2,0,0,-1,-1,-1
154803,1,1,0,102,6675,6639
153440,1,0,1,26,4230,4216
155058,1,0,1,157,2153,2071
154144,1,0,1,222,3602,3520
154842,2,0,0,-1,-1,-1
155188,1,0,1,0,3521,3521
0,0,0,0,-1,-1,-1
0,0,0,0,-1,-1,-1
155158,1,1,0,0,9339,9339
154709,1,1,0,31,2616,2600
0,0,0,0,-1,-1,-1
154232,2,0,0,-1,-1,-1
155093,2,0,0,-1,-1,-1
155015,1,0,1,0,10293,10293
0,0,0,0,-1,-1,-1
153104,1,0,1,81,5303,5254
154511,1,0,1,132,4290,4222
0,0,0,0,-1,-1,-1
154514,1,1,0,150,2464,2385
0,0,0,0,-1,-1,-1
0,0,0,0,-1,-1,-1
153653,2,0,0,-1,-1,-1
0,0,0,0,-1,-1,-1
153561,1,0,1,7,9551,9550
154092,1,1,0,153,1406,1352
154118,2,0,0,-1,-1,-1
154590,2,0,0,-1,-1,-1
155316,2,0,0,-1,-1,-1
154835,1,1,0,229,5659,5570
154735,2,0,0,-1,-1,-1
154402,1,0,1,147,2268,2211
0,0,0,0,-1,-1,-1
153607,1,1,0,40,5552,5546
154758,2,0,0,-1,-1,-1
154739,1,1,0,0,44320,44320
153769,2,0,0,-1,-1,-1
0,0,0,0,-1,-1,-1
154961,1,1,0,36,4320,4301
0,0,0,0,-1,-1,-1
155155,1,0,1,204,9858,9770
154594,2,0,0,-1,-1,-1
154723,2,0,0,-1,-1,-1
154298,1,0,1,176,3072,2998
154724,2,0,0,-1,-1,-1
154861,2,0,0,-1,-1,-1
153469,2,0,0,-1,-1,-1
153429,2,0,0,-1,-1,-1
0,0,0,0,-1,-1,-1
155036,1,0,1,48,13867,13861
154648,1,1,0,119,5208,5167
0,0,0,0,-1,-1,-1
0,0,0,0,-1,-1,-1
0,0,0,0,-1,-1,-1
153943,2,0,0,-1,-1,-1
0,0,0,0,-1,-1,-1
154112,2,0,0,-1,-1,-1
155048,2,0,0,-1,-1,-1
0,0,0,0,-1,-1,-1
0,0,0,0,-1,-1,-1
154484,1,0,1,28,2063,2046
153906,1,0,1,0,21525,21525
153950,2,0,0,-1,-1,-1
154918,1,1,0,14,6194,6194
0,0,0,0,-1,-1,-1
0,0,0,0,-1,-1,-1
153792,2,0,0,-1,-1,-1
153800,1,0,1,85,4329,4271
154212,1,1,0,195,5056,4965
154058,1,0,1,72,15343,15314
154194,1,1,0,220,16592,16507
154444,2,0,0,-1,-1,-1
0,0,0,0,-1,-1,-1
153092,2,0,0,-1,-1,-1
154395,2,0,0,-1,-1,-1
0,0,0,0,-1,-1,-1
153707,1,1,-1,118,4404,4350
154812,1,0,1,93,2951,2915
0,0,0,0,-1,-1,-1
153628,2,0,0,-1,-1,-1
0,0,0,0,-1,-1,-1
154133,2,0,0,-1,-1,-1
0,0,0,0,-1,-1,-1
153912,1,0,1,296,4430,4320
0,0,0,0,-1,-1,-1
152769,2,0,0,-1,-1,-1
154753,1,1,0,6,2330,2320
0,0,0,0,-1,-1,-1
154299,1,1,0,94,2116,2073
0,0,0,0,-1,-1,-1
154749,1,1,1,289,13503,13331
155364,1,0,1,80,2291,2251
154410,1,1,-1,264,2554,2422
153214,2,0,0,-1,-1,-1
154065,2,0,0,-1,-1,-1
0,0,0,0,-1,-1,-1
154881,2,0,0,-1,-1,-1
0,0,0,0,-1,-1,-1
153974,2,0,0,-1,-1,-1
155358,1,1,-1,38,6967,6950
0,0,0,0,-1,-1,-1
0,0,0,0,-1,-1,-1
154565,1,1,0,81,13020,12953
0,0,0,0,-1,-1,-1
152165,1,0,1,48,2543,2522
154054,2,0,0,-1,-1,-1
0,0,0,0,-1,-1,-1
154460,1,1,0,156,3376,3315
0,0,0,0,-1,-1,-1
0,0,0,0,-1,-1,-1
155353,1,1,0,6,6480,6474
153887,2,0,0,-1,-1,-1
0,0,0,0,-1,-1,-1
0,0,0,0,-1,-1,-1
154277,2,0,0,-1,-1,-1
152220,1,1,0,103,1217,1186
0,0,0,0,-1,-1,-1
154515,1,1,0,172,2339,2298
155241,1,0,1,79,2368,2330
0,0,0,0,-1,-1,-1
0,0,0,0,-1,-1,-1
153977,2,0,0,-1,-1,-1
154941,1,0,1,83,1623,1596
155018,1,1,0,0,18940,18940
0,0,0,0,-1,-1,-1
154636,1,1,-1,23,2489,2472
0,0,0,0,-1,-1,-1
0,0,0,0,-1,-1,-1
154459,2,0,0,-1,-1,-1
154966,1,0,1,129,10368,10301
0,0,0,0,-1,-1,-1
0,0,0,0,-1,-1,-1
153775,2,0,0,-1,-1,-1
0,0,0,0,-1,-1,-1
155286,1,1,0,77,6029,5999
154972,1,1,-1,273,5383,5280
153130,1,1,0,7,5024,5021
154207,1,1,0,42,601,589
0,0,0,0,-1,-1,-1
0,0,0,0,-1,-1,-1
153349,2,0,0,-1,-1,-1
154514,1,1,0,53,1668,1646
0,0,0,0,-1,-1,-1
153759,1,1,0,36,4046,4033
0,0,0,0,-1,-1,-1
0,0,0,0,-1,-1,-1
0,0,0,0,-1,-1,-1
0,0,0,0,-1,-1,-1
151351,2,0,0,-1,-1,-1
0,0,0,0,-1,-1,-1
0,0,0,0,-1,-1,-1
152621,2,0,0,-1,-1,-1
155376,1,1,1,142,7158,7090
0,0,0,0,-1,-1,-1
0,0,0,0,-1,-1,-1
0,0,0,0,-1,-1,-1
154296,1,1,0,130,9522,9466
155370,1,1,1,161,6696,6618
154867,2,0,0,-1,-1,-1
153569,2,0,0,-1,-1,-1
153371,1,1,0,51,3884,3853
154154,1,1,0,164,2089,2005
154594,1,0,1,67,10726,10708
0,0,0,0,-1,-1,-1
0,0,0,0,-1,-1,-1
154516,1,1,1,136,5803,5747
154309,1,0,1,159,2311,2238
0,0,0,0,-1,-1,-1
154449,1,0,1,130,1131,1080
151896,1,0,1,218,2565,2470
154536,2,0,0,-1,-1,-1
0,0,0,0,-1,-1,-1
154804,1,0,1,212,2512,2399
154156,1,0,1,103,4514,4470
154736,2,0,0,-1,-1,-1
154950,1,0,1,133,5811,5761
152479,1,1,0,39,2682,2660
0,0,0,0,-1,-1,-1
155111,1,1,0,305,4582,4452
154490,2,0,0,-1,-1,-1
152966,1,1,0,26,2609,2600
0,0,0,0,-1,-1,-1
152857,2,0,0,-1,-1,-1
155223,1,1,0,156,12048,11951
0,0,0,0,-1,-1,-1
154557,2,0,0,-1,-1,-1
154218,2,0,0,-1,-1,-1
0,0,0,0,-1,-1,-1
154465,2,0,0,-1,-1,-1
0,0,0,0,-1,-1,-1
155331,1,0,1,142,6486,6420
155224,1,0,1,151,3074,3004
153985,2,0,0,-1,-1,-1
154267,2,0,0,-1,-1,-1
153250,1,0,1,102,3809,3772
154077,1,0,1,68,3100,3074
155258,1,1,1,135,9068,9019
153731,1,0,1,115,3196,3140
0,0,0,0,-1,-1,-1
154416,1,1,0,212,1768,1674
154413,2,0,0,-1,-1,-1
0,0,0,0,-1,-1,-1
154475,1,1,1,137,4776,4708
152514,1,1,0,75,2840,2806
152487,1,0,1,54,5064,5043
154760,1,1,0,62,4349,4307
154621,2,0,0,-1,-1,-1
154369,1,1,1,267,4117,4014
0,0,0,0,-1,-1,-1
154247,2,0,0,-1,-1,-1
154616,2,0,0,-1,-1,-1
154486,1,1,0,0,1378,1378
153474,2,0,0,-1,-1,-1
154775,1,0,1,206,6117,6027
0,0,0,0,-1,-1,-1
154371,2,0,0,-1,-1,-1
154957,1,0,1,19,7908,7881
153378,2,0,0,-1,-1,-1
0,0,0,0,-1,-1,-1
153850,2,0,0,-1,-1,-1
155227,1,1,0,22,5905,5889
0,0,0,0,-1,-1,-1
154751,1,0,1,49,5612,5585
0,0,0,0,-1,-1,-1
154627,2,0,0,-1,-1,-1
152690,2,0,0,-1,-1,-1
153944,2,0,0,-1,-1,-1
0,0,0,0,-1,-1,-1
154740,1,0,1,38,30825,30807
0,0,0,0,-1,-1,-1
0,0,0,0,-1,-1,-1
153550,2,0,0,-1,-1,-1
0,0,0,0,-1,-1,-1
153618,1,1,0,127,1985,1947
154439,2,0,0,-1,-1,-1
155109,1,0,1,171,2326,2241
154234,1,0,1,36,2192,2180
154870,1,0,1,120,3303,3253
154815,2,0,0,-1,-1,-1
153537,2,0,0,-1,-1,-1
153096,2,0,0,-1,-1,-1
155060,1,1,0,81,6522,6506
0,0,0,0,-1,-1,-1
0,0,0,0,-1,-1,-1
154845,2,0,0,-1,-1,-1
0,0,0,0,-1,-1,-1
0,0,0,0,-1,-1,-1
0,0,0,0,-1,-1,-1
155090,2,0,0,-1,-1,-1
154572,2,0,0,-1,-1,-1
154975,2,0,0,-1,-1,-1
153046,1,0,1,66,1308,1278
152865,2,0,0,-1,-1,-1
155360,1,1,1,52,6300,6268
152829,2,0,0,-1,-1,-1
154659,2,0,0,-1,-1,-1
0,0,0,0,-1,-1,-1
0,0,0,0,-1,-1,-1
153668,1,0,1,130,11252,11187
155097,1,1,0,194,1848,1771
154336,2,0,0,-1,-1,-1
0,0,0,0,-1,-1,-1
155371,1,1,-1,216,5066,4962
155158,1,1,0,143,4926,4863
155185,1,0,1,75,1692,1667
154673,1,0,1,65,1733,1704
0,0,0,0,-1,-1,-1
154277,1,0,1,158,5895,5802
0,0,0,0,-1,-1,-1
154468,1,0,1,124,934,895
154124,1,1,0,56,3318,3284
154802,1,0,1,133,4465,4401
154246,1,1,0,267,5056,4939
155159,1,1,1,169,2102,2029
152779,2,0,0,-1,-1,-1
154759,2,0,0,-1,-1,-1
152885,2,0,0,-1,-1,-1
153720,2,0,0,-1,-1,-1
0,0,0,0,-1,-1,-1
152807,2,0,0,-1,-1,-1
154034,2,0,0,-1,-1,-1
153648,2,0,0,-1,-1,-1
151953,2,0,0,-1,-1,-1
154668,1,0,1,28,6095,6077
0,0,0,0,-1,-1,-1
0,0,0,0,-1,-1,-1
154335,1,1,0,47,12431,12407
154893,1,1,0,33,3734,3717
154176,2,0,0,-1,-1,-1
151882,2,0,0,-1,-1,-1
154869,1,0,1,0,2998,2998
155269,1,0,1,1,21066,21061
154728,2,0,0,-1,-1,-1
155196,1,0,1,75,1402,1359
155234,1,0,1,184,2639,2561
155054,1,0,1,86,9125,9061
154303,2,0,0,-1,-1,-1
155219,1,0,1,110,3179,3131
152112,2,0,0,-1,-1,-1
153617,1,0,1,0,7258,7258
154143,1,0,1,183,1729,1652
153437,2,0,0,-1,-1,-1
153519,1,0,1,107,2561,2519
155181,2,0,0,-1,-1,-1
0,0,0,0,-1,-1,-1
155019,1,0,1,191,2459,2382
155235,1,0,1,94,5343,5298
155100,2,0,0,-1,-1,-1
153624,1,0,1,104,1960,1918
154159,2,0,0,-1,-1,-1
154258,2,0,0,-1,-1,-1
154872,1,0,1,139,5517,5445
153463,2,0,0,-1,-1,-1
0,0,0,0,-1,-1,-1
0,0,0,0,-1,-1,-1
0,0,0,0,-1,-1,-1
155120,2,0,0,-1,-1,-1
154810,2,0,0,-1,-1,-1
154734,1,1,1,187,7736,7621
152996,2,0,0,-1,-1,-1
154148,1,1,0,59,3458,3434
0,0,0,0,-1,-1,-1
154923,1,0,1,138,4867,4775
0,0,0,0,-1,-1,-1
154358,1,1,-1,88,3623,3576
155076,1,0,1,23,3028,3015
153259,2,0,0,-1,-1,-1
153936,1,0,1,101,3602,3533
154304,1,1,1,0,4728,4728
0,0,0,0,-1,-1,-1
154785,1,1,-1,200,6195,6080
0,0,0,0,-1,-1,-1
0,0,0,0,-1,-1,-1
153951,1,1,0,60,10087,10050
154535,2,0,0,-1,-1,-1
154893,1,0,1,12,7915,7914
155208,1,0,1,118,1511,1422
153843,2,0,0,-1,-1,-1
154460,1,0,1,121,6648,6616
153748,2,0,0,-1,-1,-1
155374,1,1,1,212,2711,2614
0,0,0,0,-1,-1,-1
153766,1,0,1,149,2459,2381
0,0,0,0,-1,-1,-1
154349,1,0,1,140,2033,1971
0,0,0,0,-1,-1,-1
154963,1,0,1,73,6066,6029
0,0,0,0,-1,-1,-1
154196,2,0,0,-1,-1,-1
154804,1,1,0,49,2796,2777
0,0,0,0,-1,-1,-1
155226,2,0,0,-1,-1,-1
0,0,0,0,-1,-1,-1
154417,2,0,0,-1,-1,-1
0,0,0,0,-1,-1,-1
0,0,0,0,-1,-1,-1
153140,1,1,0,58,5199,5181
0,0,0,0,-1,-1,-1
153886,1,0,1,75,1266,1236
0,0,0,0,-1,-1,-1
154338,2,0,0,-1,-1,-1
154596,1,1,0,109,3644,3581
154211,2,0,0,-1,-1,-1
154223,2,0,0,-1,-1,-1
154786,1,0,1,167,17463,17387
155343,2,0,0,-1,-1,-1
154833,1,0,1,86,5122,5054
154276,1,0,1,151,5123,5031
153541,2,0,0,-1,-1,-1
154261,2,0,0,-1,-1,-1
153521,1,0,1,0,7107,7107
0,0,0,0,-1,-1,-1
154802,1,0,1,47,1751,1730
0,0,0,0,-1,-1,-1
153941,2,0,0,-1,-1,-1
154408,2,0,0,-1,-1,-1
0,0,0,0,-1,-1,-1
154582,1,0,1,111,1761,1716
151892,2,0,0,-1,-1,-1
0,0,0,0,-1,-1,-1
0,0,0,0,-1,-1,-1
154914,1,0,1,41,10350,10329
153975,2,0,0,-1,-1,-1
0,0,0,0,-1,-1,-1
153117,2,0,0,-1,-1,-1
155164,1,1,-1,53,10429,10400
154090,2,0,0,-1,-1,-1
155006,1,1,0,7,759,757
0,0,0,0,-1,-1,-1
153703,2,0,0,-1,-1,-1
0,0,0,0,-1,-1,-1
154774,1,0,1,89,3706,3652
155029,1,0,1,129,2927,2871
154121,2,0,0,-1,-1,-1
154563,2,0,0,-1,-1,-1
0,0,0,0,-1,-1,-1
0,0,0,0,-1,-1,-1
154232,2,0,0,-1,-1,-1
0,0,0,0,-1,-1,-1
0,0,0,0,-1,-1,-1
154941,1,0,1,68,8394,8357
154658,2,0,0,-1,-1,-1
0,0,0,0,-1,-1,-1
154161,2,0,0,-1,-1,-1
152413,2,0,0,-1,-1,-1
154960,1,0,1,84,6321,6281
154072,1,0,1,75,3155,3108
0,0,0,0,-1,-1,-1
155104,1,1,0,51,4068,4042
0,0,0,0,-1,-1,-1
0,0,0,0,-1,-1,-1
153980,2,0,0,-1,-1,-1
154843,1,0,1,16,640,638
155357,1,0,1,189,3706,3598
154246,2,0,0,-1,-1,-1
154291,1,1,0,71,3701,3673
0,0,0,0,-1,-1,-1
0,0,0,0,-1,-1,-1
153930,2,0,0,-1,-1,-1
0,0,0,0,-1,-1,-1
154692,2,0,0,-1,-1,-1
154079,2,0,0,-1,-1,-1
0,0,0,0,-1,-1,-1
0,0,0,0,-1,-1,-1
0,0,0,0,-1,-1,-1
154580,2,0,0,-1,-1,-1
154366,1,0,1,49,4870,4840
154392,1,0,1,171,2311,2230
154188,1,1,0,45,3782,3744
154745,1,1,-1,212,6109,6003
154069,2,0,0,-1,-1,-1
0,0,0,0,-1,-1,-1
152942,2,0,0,-1,-1,-1
154384,1,1,0,0,1260,1260
155288,1,0,1,64,5804,5788
0,0,0,0,-1,-1,-1
153563,2,0,0,-1,-1,-1
0,0,0,0,-1,-1,-1
153721,2,0,0,-1,-1,-1
0,0,0,0,-1,-1,-1
153733,2,0,0,-1,-1,-1
155165,2,0,0,-1,-1,-1
155283,1,0,1,23,7054,7047
0,0,0,0,-1,-1,-1
0,0,0,0,-1,-1,-1
0,0,0,0,-1,-1,-1
154691,1,0,1,15,4318,4304
154225,2,0,0,-1,-1,-1
154058,2,0,0,-1,-1,-1
154738,1,1,0,71,1587,1546
0,0,0,0,-1,-1,-1
154635,1,1,0,44,3524,3489
0,0,0,0,-1,-1,-1
0,0,0,0,-1,-1,-1
155261,1,1,1,97,4193,4155
153372,1,0,1,0,1703,1703
155021,1,1,0,0,17920,17920
154318,2,0,0,-1,-1,-1
154338,2,0,0,-1,-1,-1
0,0,0,0,-1,-1,-1
154971,1,0,1,111,4505,4449
155320,1,0,1,6,8916,8916
0,0,0,0,-1,-1,-1
0,0,0,0,-1,-1,-1
153666,2,0,0,-1,-1,-1
155005,1,1,0,127,1881,1834
155083,1,1,0,24,3925,3918
154498,2,0,0,-1,-1,-1
0,0,0,0,-1,-1,-1
154507,2,0,0,-1,-1,-1
0,0,0,0,-1,-1,-1
154923,2,0,0,-1,-1,-1
154192,2,0,0,-1,-1,-1
154249,2,0,0,-1,-1,-1
154826,2,0,0,-1,-1,-1
154879,1,1,0,62,2743,2711
154566,2,0,0,-1,-1,-1
0,0,0,0,-1,-1,-1
152671,1,0,1,0,352,352
0,0,0,0,-1,-1,-1
153853,1,0,1,0,4562,4562
154277,1,0,1,121,5159,5113
154555,1,1,-1,197,3380,3298
155238,1,0,1,102,1257,1226
155120,1,1,0,0,11276,11276
153262,1,0,1,150,2029,1936
154511,1,1,1,136,2587,2513
0,0,0,0,-1,-1,-1
154185,1,0,1,44,7675,7642
154613,2,0,0,-1,-1,-1
0,0,0,0,-1,-1,-1
154838,2,0,0,-1,-1,-1
154121,1,1,0,62,5141,5118
154033,1,0,1,79,9682,9651
0,0,0,0,-1,-1,-1
154166,2,0,0,-1,-1,-1
154652,1,0,1,195,2232,2141
0,0,0,0,-1,-1,-1
154004,2,0,0,-1,-1,-1
154671,1,0,1,0,64965,64965
155014,1,1,0,42,6301,6281
0,0,0,0,-1,-1,-1
154291,1,0,1,371,2897,2722
0,0,0,0,-1,-1,-1
153431,1,1,0,156,8670,8611
152120,2,0,0,-1,-1,-1
153970,2,0,0,-1,-1,-1
0,0,0,0,-1,-1,-1
154844,1,0,1,143,6259,6205
0,0,0,0,-1,-1,-1
0,0,0,0,-1,-1,-1
0,0,0,0,-1,-1,-1
155125,2,0,0,-1,-1,-1
0,0,0,0,-1,-1,-1
154078,2,0,0,-1,-1,-1
0,0,0,0,-1,-1,-1
0,0,0,0,-1,-1,-1
0,0,0,0,-1,-1,-1
154553,1,0,1,20,10327,10326
154902,2,0,0,-1,-1,-1
155087,1,1,0,5,10113,10111
153913,2,0,0,-1,-1,-1
154161,2,0,0,-1,-1,-1
154805,1,0,1,21,6823,6821
0,0,0,0,-1,-1,-1
154405,1,0,1,65,3474,3449
154778,1,0,1,285,2363,2257
155331,1,0,1,321,3487,3332
154926,2,0,0,-1,-1,-1
0,0,0,0,-1,-1,-1
154004,1,1,0,142,2234,2172
155308,1,0,1,83,7040,7004
154418,1,1,0,104,2563,2524
154811,1,1,0,139,2175,2100
0,0,0,0,-1,-1,-1
154684,1,0,1,0,210,210
153892,2,0,0,-1,-1,-1
152922,1,1,0,47,2219,2201
155195,1,1,0,0,7272,7272
0,0,0,0,-1,-1,-1
155205,1,0,1,0,8791,8791
154741,1,0,1,113,7877,7821
0,0,0,0,-1,-1,-1
155094,1,1,0,31,2388,2382
155045,1,1,0,180,6824,6767
154314,1,1,1,196,6904,6839
154647,1,1,0,178,2256,2180
155332,1,1,-1,219,8725,8627
153175,2,0,0,-1,-1,-1
155308,1,0,1,133,4389,4313
154604,1,1,1,192,10037,9961
0,0,0,0,-1,-1,-1
153534,2,0,0,-1,-1,-1
154509,2,0,0,-1,-1,-1
155348,1,0,1,91,2082,2030
0,0,0,0,-1,-1,-1
0,0,0,0,-1,-1,-1
155029,1,0,1,87,2787,2753
154548,2,0,0,-1,-1,-1
0,0,0,0,-1,-1,-1
154899,2,0,0,-1,-1,-1
154746,1,0,1,243,4959,4859
0,0,0,0,-1,-1,-1
0,0,0,0,-1,-1,-1
0,0,0,0,-1,-1,-1
154952,1,1,0,94,6894,6858
154307,2,0,0,-1,-1,-1
0,0,0,0,-1,-1,-1
154669,2,0,0,-1,-1,-1
153522,2,0,0,-1,-1,-1
0,0,0,0,-1,-1,-1
0,0,0,0,-1,-1,-1
0,0,0,0,-1,-1,-1
153942,2,0,0,-1,-1,-1
154632,1,1,0,174,6503,6437
154463,1,0,1,86,2731,2696
0,0,0,0,-1,-1,-1
0,0,0,0,-1,-1,-1
154957,1,1,0,280,12069,11940
154906,1,0,1,43,26984,26958
154033,1,1,0,0,11512,11512
154259,1,0,1,98,4018,3980
154355,1,1,0,150,8337,8282
0,0,0,0,-1,-1,-1
154732,1,1,1,207,2887,2779
155214,1,0,1,0,9855,9855
0,0,0,0,-1,-1,-1
0,0,0,0,-1,-1,-1
0,0,0,0,-1,-1,-1
155046,1,1,0,64,2591,2558
0,0,0,0,-1,-1,-1
0,0,0,0,-1,-1,-1
155290,1,1,0,155,4642,4571
155027,1,1,0,0,2159,2159
155025,2,0,0,-1,-1,-1
152104,2,0,0,-1,-1,-1
154706,2,0,0,-1,-1,-1
152259,2,0,0,-1,-1,-1
154855,1,1,1,91,3053,3021
154921,1,0,1,114,2576,2525
0,0,0,0,-1,-1,-1
154369,2,0,0,-1,-1,-1
155348,1,0,1,171,7100,7019
0,0,0,0,-1,-1,-1
153878,2,0,0,-1,-1,-1
154762,2,0,0,-1,-1,-1
153074,2,0,0,-1,-1,-1
155263,1,0,1,79,3532,3498
153232,1,1,1,272,3989,3881
155123,1,1,0,37,2247,2232
154757,1,0,1,0,20787,20787
153245,2,0,0,-1,-1,-1
153775,1,1,0,108,11023,10955
153607,2,0,0,-1,-1,-1
154166,2,0,0,-1,-1,-1
0,0,0,0,-1,-1,-1
154176,1,0,1,125,1716,1662
0,0,0,0,-1,-1,-1
154976,1,0,1,228,6360,6268
0,0,0,0,-1,-1,-1
0,0,0,0,-1,-1,-1
154269,2,0,0,-1,-1,-1
0,0,0,0,-1,-1,-1
153813,2,0,0,-1,-1,-1
152658,2,0,0,-1,-1,-1
0,0,0,0,-1,-1,-1
154065,1,0,1,179,3549,3480
155301,1,1,0,88,2430,2393
154464,1,0,1,159,2143,2063
154239,2,0,0,-1,-1,-1
153777,1,1,1,105,6839,6802
0,0,0,0,-1,-1,-1
153684,2,0,0,-1,-1,-1
153823,1,0,1,64,907,889
152906,2,0,0,-1,-1,-1
155209,2,0,0,-1,-1,-1
154106,2,0,0,-1,-1,-1
153990,1,1,0,87,3188,3133
0,0,0,0,-1,-1,-1
154844,1,1,-1,114,4682,4630
153640,2,0,0,-1,-1,-1
0,0,0,0,-1,-1,-1
0,0,0,0,-1,-1,-1
152783,1,1,0,35,2435,2404
0,0,0,0,-1,-1,-1
0,0,0,0,-1,-1,-1
0,0,0,0,-1,-1,-1
153819,2,0,0,-1,-1,-1
153248,1,0,1,194,2810,2730
154316,1,0,1,240,3829,3719
154320,2,0,0,-1,-1,-1
154772,1,0,1,39,5533,5513
154619,1,0,1,16,8327,8319
154756,1,1,0,38,9679,9669
0,0,0,0,-1,-1,-1
0,0,0,0,-1,-1,-1
154718,1,1,0,268,2505,2354
153140,2,0,0,-1,-1,-1
153138,2,0,0,-1,-1,-1
155054,1,0,1,60,2981,2956
0,0,0,0,-1,-1,-1
155198,2,0,0,-1,-1,-1
0,0,0,0,-1,-1,-1
153588,2,0,0,-1,-1,-1
0,0,0,0,-1,-1,-1
154899,1,1,0,70,4884,4862
0,0,0,0,-1,-1,-1
154563,1,0,1,49,5231,5215
153697,1,0,1,13,5372,5359
154399,2,0,0,-1,-1,-1
153980,1,0,1,198,6694,6604
154560,1,1,0,0,12091,12091
154923,1,0,1,43,1386,1377
154430,1,1,0,17,8302,8301
153853,1,1,0,211,4072,3976
153800,1,0,1,216,4498,4397
0,0,0,0,-1,-1,-1
154801,1,0,1,73,6896,6866
152926,1,1,0,0,10904,10904
0,0,0,0,-1,-1,-1
155093,1,1,0,150,4178,4102
155315,1,1,0,27,3473,3454
0,0,0,0,-1,-1,-1
154782,2,0,0,-1,-1,-1
154772,2,0,0,-1,-1,-1
154172,2,0,0,-1,-1,-1
155056,1,0,1,79,3315,3268
0,0,0,0,-1,-1,-1
0,0,0,0,-1,-1,-1
0,0,0,0,-1,-1,-1
0,0,0,0,-1,-1,-1
0,0,0,0,-1,-1,-1
154297,1,0,1,162,2795,2720
153150,2,0,0,-1,-1,-1
0,0,0,0,-1,-1,-1
0,0,0,0,-1,-1,-1
154881,1,0,1,0,4104,4104
0,0,0,0,-1,-1,-1
153680,1,1,0,72,1873,1807
155156,1,0,1,114,4452,4365
152215,1,1,0,62,2566,2537
155298,1,1,0,115,2682,2646
154860,2,0,0,-1,-1,-1
0,0,0,0,-1,-1,-1
154530,2,0,0,-1,-1,-1
154343,2,0,0,-1,-1,-1
0,0,0,0,-1,-1,-1
154791,2,0,0,-1,-1,-1
153736,2,0,0,-1,-1,-1
154097,1,0,1,31,2222,2214
154515,1,1,1,206,3750,3688
154931,1,0,1,62,1418,1377
154649,1,0,1,183,2289,2207
154937,2,0,0,-1,-1,-1
154641,1,0,1,204,2151,2075
0,0,0,0,-1,-1,-1
0,0,0,0,-1,-1,-1
154009,2,0,0,-1,-1,-1
0,0,0,0,-1,-1,-1
0,0,0,0,-1,-1,-1
0,0,0,0,-1,-1,-1
153850,2,0,0,-1,-1,-1
154787,1,1,-1,270,4110,4014
154923,1,0,1,102,2511,2464
154291,2,0,0,-1,-1,-1
154386,2,0,0,-1,-1,-1
153289,2,0,0,-1,-1,-1
154712,1,0,1,0,11418,11418
0,0,0,0,-1,-1,-1
0,0,0,0,-1,-1,-1
154128,2,0,0,-1,-1,-1
154812,1,1,0,85,9013,8965
153706,1,1,0,127,6373,6306
0,0,0,0,-1,-1,-1
155104,1,0,1,23,2688,2682
153317,2,0,0,-1,-1,-1
153894,1,0,1,0,10653,10653
0,0,0,0,-1,-1,-1
153976,1,1,0,0,9349,9349
0,0,0,0,-1,-1,-1
154713,1,1,0,114,3778,3748
153506,1,0,1,51,4024,3990
155115,1,0,1,104,5331,5295
155302,2,0,0,-1,-1,-1
154614,2,0,0,-1,-1,-1
154850,2,0,0,-1,-1,-1
155381,1,1,0,101,2288,2253
153630,1,0,1,24,2215,2198
0,0,0,0,-1,-1,-1
0,0,0,0,-1,-1,-1
0,0,0,0,-1,-1,-1
155143,1,0,1,158,2037,1947
155006,1,0,1,0,21080,21080
0,0,0,0,-1,-1,-1
0,0,0,0,-1,-1,-1
154045,1,1,0,78,10345,10299
154474,1,0,1,0,8664,8664
0,0,0,0,-1,-1,-1
0,0,0,0,-1,-1,-1
155260,1,1,1,220,4745,4630
0,0,0,0,-1,-1,-1
154517,1,1,0,222,1497,1404
154249,2,0,0,-1,-1,-1
154335,1,1,0,0,6534,6534
155298,1,1,0,0,2800,2800
0,0,0,0,-1,-1,-1
153723,2,0,0,-1,-1,-1
154645,1,0,1,56,3810,3786
155233,1,1,1,96,11676,11636
0,0,0,0,-1,-1,-1
154778,1,1,0,0,838,838
154700,2,0,0,-1,-1,-1
155124,2,0,0,-1,-1,-1
0,0,0,0,-1,-1,-1
0,0,0,0,-1,-1,-1
154906,1,0,1,0,561,561
154890,1,1,0,7,4079,4075
153408,2,0,0,-1,-1,-1
153747,2,0,0,-1,-1,-1
153948,1,1,0,95,3879,3826
153777,2,0,0,-1,-1,-1
154359,2,0,0,-1,-1,-1
154990,1,1,0,52,12433,12407
154025,2,0,0,-1,-1,-1
153533,2,0,0,-1,-1,-1
0,0,0,0,-1,-1,-1
0,0,0,0,-1,-1,-1
154599,1,1,0,138,1721,1644
153778,2,0,0,-1,-1,-1
0,0,0,0,-1,-1,-1
0,0,0,0,-1,-1,-1
153828,1,0,1,7,7221,7215
0,0,0,0,-1,-1,-1
0,0,0,0,-1,-1,-1
153473,2,0,0,-1,-1,-1
0,0,0,0,-1,-1,-1
153755,1,0,1,20,4799,4781
155302,1,0,1,90,1651,1606
0,0,0,0,-1,-1,-1
154979,2,0,0,-1,-1,-1
153153,1,0,1,42,1186,1159
155319,1,1,1,100,4228,4176
153853,2,0,0,-1,-1,-1
154602,2,0,0,-1,-1,-1
153236,1,1,1,156,2426,2362
0,0,0,0,-1,-1,-1
0,0,0,0,-1,-1,-1
154386,2,0,0,-1,-1,-1
154199,1,1,0,63,9262,9230
0,0,0,0,-1,-1,-1
0,0,0,0,-1,-1,-1
154569,1,0,1,17,3155,3145
0,0,0,0,-1,-1,-1
152769,2,0,0,-1,-1,-1
154037,1,0,1,180,1726,1667
0,0,0,0,-1,-1,-1
0,0,0,0,-1,-1,-1
155311,1,0,1,14,7126,7124
155090,1,0,1,270,6886,6784
155187,1,0,1,333,5470,5303
0,0,0,0,-1,-1,-1
0,0,0,0,-1,-1,-1
153993,1,1,-1,230,3293,3191
154703,1,0,1,32,1354,1336
154801,2,0,0,-1,-1,-1
153422,2,0,0,-1,-1,-1
155216,1,0,1,128,3284,3230
154580,1,0,1,70,25464,25449
0,0,0,0,-1,-1,-1
153918,2,0,0,-1,-1,-1
153667,2,0,0,-1,-1,-1
0,0,0,0,-1,-1,-1
0,0,0,0,-1,-1,-1
155286,1,1,0,91,1583,1551
0,0,0,0,-1,-1,-1
154294,1,1,0,164,3376,3301
0,0,0,0,-1,-1,-1
153640,2,0,0,-1,-1,-1
155142,1,0,1,21,7957,7947
154302,1,0,1,192,1555,1492
155134,1,1,0,130,12574,12495
0,0,0,0,-1,-1,-1
155000,1,0,1,109,1659,1612
154400,1,0,1,26,8023,8009
0,0,0,0,-1,-1,-1
154257,1,1,0,0,9325,9325
155047,2,0,0,-1,-1,-1
0,0,0,0,-1,-1,-1
153636,2,0,0,-1,-1,-1
155360,1,1,0,12,1685,1672
0,0,0,0,-1,-1,-1
0,0,0,0,-1,-1,-1
154789,1,1,0,103,4128,4088
155008,1,0,1,58,4897,4862
154490,1,1,0,46,9261,9241
154649,1,0,1,205,8135,8052
153530,2,0,0,-1,-1,-1
0,0,0,0,-1,-1,-1
0,0,0,0,-1,-1,-1
0,0,0,0,-1,-1,-1
155028,2,0,0,-1,-1,-1
0,0,0,0,-1,-1,-1
154282,2,0,0,-1,-1,-1
155225,1,1,0,93,2944,2904
153327,2,0,0,-1,-1,-1
154932,1,1,0,129,2600,2540
153242,2,0,0,-1,-1,-1
154730,1,0,1,186,5977,5908
154850,1,1,0,22,5979,5972
154593,2,0,0,-1,-1,-1
154456,2,0,0,-1,-1,-1
154181,2,0,0,-1,-1,-1
0,0,0,0,-1,-1,-1
154442,1,1,0,74,2962,2920
154790,1,1,0,66,14114,14078
155034,1,1,0,114,1297,1249
0,0,0,0,-1,-1,-1
153645,2,0,0,-1,-1,-1
154234,1,1,0,30,6396,6376
154859,1,1,0,16,4089,4075
152960,2,0,0,-1,-1,-1
154563,2,0,0,-1,-1,-1
154484,1,0,1,84,2476,2433
154784,1,1,0,123,5187,5111
151719,2,0,0,-1,-1,-1
153682,2,0,0,-1,-1,-1
154145,1,1,0,115,1012,973
153512,2,0,0,-1,-1,-1
154975,2,0,0,-1,-1,-1
154497,2,0,0,-1,-1,-1
154486,1,1,0,29,3239,3228
154364,2,0,0,-1,-1,-1
154101,2,0,0,-1,-1,-1
0,0,0,0,-1,-1,-1
154112,2,0,0,-1,-1,-1
153141,1,0,1,44,6107,6081
154067,1,1,0,110,5077,5032
154823,1,0,1,93,6171,6112
154017,2,0,0,-1,-1,-1
155170,1,0,1,16,3986,3981
154586,1,1,0,124,11716,11633
153371,2,0,0,-1,-1,-1
0,0,0,0,-1,-1,-1
154984,2,0,0,-1,-1,-1
0,0,0,0,-1,-1,-1
154424,2,0,0,-1,-1,-1
154790,1,0,1,67,1715,1679
154871,1,0,1,166,8118,8040
153929,2,0,0,-1,-1,-1
154892,2,0,0,-1,-1,-1
154762,2,0,0,-1,-1,-1
152068,2,0,0,-1,-1,-1
154005,2,0,0,-1,-1,-1
0,0,0,0,-1,-1,-1
155144,1,1,1,133,4166,4096
0,0,0,0,-1,-1,-1
153488,2,0,0,-1,-1,-1
0,0,0,0,-1,-1,-1
154967,2,0,0,-1,-1,-1
155149,2,0,0,-1,-1,-1
155057,1,1,0,113,2701,2647
154549,1,0,1,81,5462,5425
0,0,0,0,-1,-1,-1
154096,2,0,0,-1,-1,-1
154238,2,0,0,-1,-1,-1
154226,2,0,0,-1,-1,-1
154549,2,0,0,-1,-1,-1
154556,2,0,0,-1,-1,-1
0,0,0,0,-1,-1,-1
0,0,0,0,-1,-1,-1
155222,1,0,1,29,1486,1471
153340,2,0,0,-1,-1,-1
0,0,0,0,-1,-1,-1
155249,1,1,0,48,140,127
154442,2,0,0,-1,-1,-1
0,0,0,0,-1,-1,-1
154549,2,0,0,-1,-1,-1
155091,2,0,0,-1,-1,-1
154084,2,0,0,-1,-1,-1
154227,1,1,0,35,5826,5813
155283,1,0,1,182,2856,2768
153538,2,0,0,-1,-1,-1
154965,2,0,0,-1,-1,-1
154321,1,1,-1,113,4170,4100
153861,2,0,0,-1,-1,-1
0,0,0,0,-1,-1,-1
154507,1,1,0,40,8107,8085
154001,2,0,0,-1,-1,-1
0,0,0,0,-1,-1,-1
0,0,0,0,-1,-1,-1
154508,2,0,0,-1,-1,-1
155154,2,0,0,-1,-1,-1
154720,1,1,1,175,3970,3883
155267,1,1,0,78,5294,5239
154027,1,1,0,40,8851,8834
155186,1,1,-1,185,4809,4741
153615,2,0,0,-1,-1,-1
153711,1,1,0,92,631,588
154158,1,1,0,255,11637,11506
153068,2,0,0,-1,-1,-1
154647,2,0,0,-1,-1,-1
155293,1,1,0,215,6894,6823
153738,2,0,0,-1,-1,-1
0,0,0,0,-1,-1,-1
154502,1,1,0,0,3231,3231
154813,2,0,0,-1,-1,-1
153960,2,0,0,-1,-1,-1
0,0,0,0,-1,-1,-1
154819,1,1,0,96,2387,2347
154765,2,0,0,-1,-1,-1
152533,2,0,0,-1,-1,-1
0,0,0,0,-1,-1,-1
154027,2,0,0,-1,-1,-1
154889,1,0,1,301,2352,2224
0,0,0,0,-1,-1,-1
155081,1,1,0,178,3181,3074
155358,2,0,0,-1,-1,-1
0,0,0,0,-1,-1,-1
154884,2,0,0,-1,-1,-1
155066,1,1,-1,48,9389,9380
154366,1,1,0,207,2503,2400
0,0,0,0,-1,-1,-1
154963,1,0,1,50,692,667
154913,1,0,1,301,3251,3125
154170,2,0,0,-1,-1,-1
0,0,0,0,-1,-1,-1
155109,1,1,0,111,2886,2843
153312,1,1,0,106,3565,3503
154521,2,0,0,-1,-1,-1
0,0,0,0,-1,-1,-1
0,0,0,0,-1,-1,-1
0,0,0,0,-1,-1,-1
0,0,0,0,-1,-1,-1
154970,2,0,0,-1,-1,-1
0,0,0,0,-1,-1,-1
0,0,0,0,-1,-1,-1
0,0,0,0,-1,-1,-1
155311,1,1,0,91,2736,2707
0,0,0,0,-1,-1,-1
155119,1,1,0,15,13731,13720
155229,1,0,1,86,6010,5958
153484,2,0,0,-1,-1,-1
0,0,0,0,-1,-1,-1
155380,1,1,0,41,1839,1821
155175,2,0,0,-1,-1,-1
154195,2,0,0,-1,-1,-1
154955,1,1,0,0,2736,2736
155259,1,0,1,70,2839,2799
153487,2,0,0,-1,-1,-1
154580,1,0,1,102,2919,2874
0,0,0,0,-1,-1,-1
154657,2,0,0,-1,-1,-1
155286,1,0,1,22,4559,4550
154620,2,0,0,-1,-1,-1
153075,2,0,0,-1,-1,-1
155364,1,0,1,132,4760,4693
154572,1,1,0,120,3844,3805
0,0,0,0,-1,-1,-1
155353,1,1,1,101,5158,5100
155099,1,1,1,179,4248,4176
0,0,0,0,-1,-1,-1
154762,2,0,0,-1,-1,-1
0,0,0,0,-1,-1,-1
154775,1,0,1,68,1932,1899
153526,1,1,0,46,6274,6248
0,0,0,0,-1,-1,-1
154586,1,0,1,40,8327,8293
154448,1,0,1,0,7643,7643
0,0,0,0,-1,-1,-1
0,0,0,0,-1,-1,-1
154264,2,0,0,-1,-1,-1
153180,2,0,0,-1,-1,-1
154620,2,0,0,-1,-1,-1
153873,1,0,1,120,42590,42544
154745,2,0,0,-1,-1,-1
154511,2,0,0,-1,-1,-1
155089,1,0,1,110,2619,2589
0,0,0,0,-1,-1,-1
0,0,0,0,-1,-1,-1
0,0,0,0,-1,-1,-1
154892,2,0,0,-1,-1,-1
0,0,0,0,-1,-1,-1
153807,1,1,0,112,1022,972
154991,2,0,0,-1,-1,-1
0,0,0,0,-1,-1,-1
153995,1,0,1,23,6969,6958
154059,1,0,1,152,4293,4207
155269,1,0,1,118,8321,8273
154041,2,0,0,-1,-1,-1
0,0,0,0,-1,-1,-1
154263,1,1,0,195,2704,2644
154916,1,1,0,218,2304,2202
0,0,0,0,-1,-1,-1
154736,1,0,1,43,5288,5267
154638,2,0,0,-1,-1,-1
154489,1,0,1,66,7711,7683
154156,2,0,0,-1,-1,-1
155079,2,0,0,-1,-1,-1
0,0,0,0,-1,-1,-1
154531,1,1,0,99,6672,6627
0,0,0,0,-1,-1,-1
154406,2,0,0,-1,-1,-1
153983,2,0,0,-1,-1,-1
153436,2,0,0,-1,-1,-1
154053,2,0,0,-1,-1,-1
154875,1,1,1,354,3764,3595
155254,1,1,0,82,12465,12436
153528,2,0,0,-1,-1,-1
153410,1,1,0,40,5126,5104
155302,2,0,0,-1,-1,-1
153472,1,1,1,105,10133,10070
154311,1,1,-1,190,6928,6823
154868,1,1,0,0,28800,28800
154349,2,0,0,-1,-1,-1
154881,1,0,1,114,1638,1588
155139,1,1,0,83,3775,3723
0,0,0,0,-1,-1,-1
0,0,0,0,-1,-1,-1
0,0,0,0,-1,-1,-1
154647,1,0,1,60,15435,15383
154689,1,0,1,49,25928,25919
155334,1,1,1,138,3434,3369
0,0,0,0,-1,-1,-1
154623,2,0,0,-1,-1,-1
155319,1,0,1,91,3610,3560
154757,2,0,0,-1,-1,-1
153883,2,0,0,-1,-1,-1
154995,2,0,0,-1,-1,-1
0,0,0,0,-1,-1,-1
153698,1,1,0,287,3830,3700
0,0,0,0,-1,-1,-1
153135,2,0,0,-1,-1,-1
153198,2,0,0,-1,-1,-1
154600,1,1,0,41,4579,4562
0,0,0,0,-1,-1,-1
154766,1,1,0,93,9975,9931
0,0,0,0,-1,-1,-1
155067,1,1,0,255,2739,2628
154868,2,0,0,-1,-1,-1
154270,2,0,0,-1,-1,-1
153144,1,1,1,95,3207,3165
155303,2,0,0,-1,-1,-1
153753,1,1,0,149,3661,3582
155198,1,0,1,96,3708,3663
152192,2,0,0,-1,-1,-1
0,0,0,0,-1,-1,-1
155105,1,1,0,24,5416,5404
0,0,0,0,-1,-1,-1
155265,1,0,1,282,3424,3303
0,0,0,0,-1,-1,-1
154891,1,1,0,144,5854,5777
153502,2,0,0,-1,-1,-1
0,0,0,0,-1,-1,-1
0,0,0,0,-1,-1,-1
154548,1,1,0,153,1888,1832
153139,1,1,0,84,2753,2724
155361,1,1,0,114,3496,3433
153479,2,0,0,-1,-1,-1
152970,2,0,0,-1,-1,-1
154022,1,0,1,58,2586,2556
154750,1,0,1,205,15587,15496
155231,1,1,-1,233,3421,3296
154340,1,0,1,86,3425,3395
154085,2,0,0,-1,-1,-1
154169,2,0,0,-1,-1,-1
155173,1,1,0,13,4772,4764
0,0,0,0,-1,-1,-1
154053,1,1,0,0,8382,8382
154470,2,0,0,-1,-1,-1
154171,1,0,1,136,15676,15615
154495,2,0,0,-1,-1,-1
153804,2,0,0,-1,-1,-1
154841,1,1,0,147,4362,4297
155101,1,1,1,120,4550,4469
0,0,0,0,-1,-1,-1
154050,1,0,1,77,3892,3856
153764,2,0,0,-1,-1,-1
153060,2,0,0,-1,-1,-1
154712,2,0,0,-1,-1,-1
0,0,0,0,-1,-1,-1
154509,2,0,0,-1,-1,-1
154457,1,0,1,72,2406,2375
152820,2,0,0,-1,-1,-1
0,0,0,0,-1,-1,-1
154207,1,1,0,91,2012,1976
153255,1,0,1,28,33139,33134
154040,2,0,0,-1,-1,-1
154431,1,0,1,83,2234,2197
0,0,0,0,-1,-1,-1
0,0,0,0,-1,-1,-1
0,0,0,0,-1,-1,-1
153921,2,0,0,-1,-1,-1
154918,1,0,1,1,16905,16902
154463,1,0,1,54,4373,4316
154608,1,1,0,26,4667,4654
153190,1,0,1,140,3491,3453
154408,2,0,0,-1,-1,-1
155081,1,0,1,329,6246,6089
154375,2,0,0,-1,-1,-1
0,0,0,0,-1,-1,-1
154684,2,0,0,-1,-1,-1
155369,1,0,1,139,1981,1915
155002,1,1,0,190,5059,5000
155326,1,0,1,25,7642,7627
154733,2,0,0,-1,-1,-1
154725,1,1,0,155,1805,1730
0,0,0,0,-1,-1,-1
0,0,0,0,-1,-1,-1
154629,1,1,0,176,3292,3251
153858,2,0,0,-1,-1,-1
153863,2,0,0,-1,-1,-1
154870,2,0,0,-1,-1,-1
153423,2,0,0,-1,-1,-1
152824,2,0,0,-1,-1,-1
154469,1,1,0,243,3825,3728
0,0,0,0,-1,-1,-1
154956,1,1,0,113,5626,5596
0,0,0,0,-1,-1,-1
154856,1,0,1,171,2218,2132
153548,1,0,1,53,4979,4965
154993,1,1,0,0,8726,8726
155252,1,0,1,11,10030,10028
0,0,0,0,-1,-1,-1
0,0,0,0,-1,-1,-1
154398,2,0,0,-1,-1,-1
154953,1,1,0,35,4666,4651
154006,1,1,0,95,5210,5144
0,0,0,0,-1,-1,-1
154285,1,1,0,147,2216,2143
154395,2,0,0,-1,-1,-1
0,0,0,0,-1,-1,-1
153579,2,0,0,-1,-1,-1
153686,2,0,0,-1,-1,-1
154481,1,0,1,13,8657,8653
154715,2,0,0,-1,-1,-1
153791,2,0,0,-1,-1,-1
0,0,0,0,-1,-1,-1
153053,1,1,0,0,265,265
154368,2,0,0,-1,-1,-1
153810,1,1,0,56,4910,4883
154365,2,0,0,-1,-1,-1
154821,1,1,1,146,2911,2852
0,0,0,0,-1,-1,-1
155089,1,0,1,21,1794,1780
154894,1,0,1,35,7393,7377
153024,2,0,0,-1,-1,-1
0,0,0,0,-1,-1,-1
154334,2,0,0,-1,-1,-1
153267,2,0,0,-1,-1,-1
0,0,0,0,-1,-1,-1
154083,2,0,0,-1,-1,-1
155097,1,0,1,145,1211,1158
154068,2,0,0,-1,-1,-1
155200,1,0,1,18,11851,11834
0,0,0,0,-1,-1,-1
154246,1,1,0,50,1517,1485
0,0,0,0,-1,-1,-1
0,0,0,0,-1,-1,-1
153487,2,0,0,-1,-1,-1
0,0,0,0,-1,-1,-1
153811,1,1,0,64,12544,12518
155014,1,1,0,0,4270,4270
154982,1,0,1,141,3036,2944
153636,2,0,0,-1,-1,-1
0,0,0,0,-1,-1,-1
153812,2,0,0,-1,-1,-1
154413,2,0,0,-1,-1,-1
155230,1,1,0,11,9099,9088
152858,2,0,0,-1,-1,-1
0,0,0,0,-1,-1,-1
155029,1,1,0,80,4821,4776
153056,1,1,0,52,11792,11778
155335,1,0,1,4,7559,7558
152929,2,0,0,-1,-1,-1
155096,1,1,0,63,3859,3829
0,0,0,0,-1,-1,-1
154828,2,0,0,-1,-1,-1
154484,1,1,0,108,1009,938
152051,2,0,0,-1,-1,-1
0,0,0,0,-1,-1,-1
0,0,0,0,-1,-1,-1
154939,1,0,1,4,4019,4015
153756,2,0,0,-1,-1,-1
155375,1,1,0,0,8737,8737
154664,1,1,0,42,4540,4529
154765,2,0,0,-1,-1,-1
154862,1,0,1,139,4911,4852
154483,1,1,0,48,12143,12118
0,0,0,0,-1,-1,-1
0,0,0,0,-1,-1,-1
0,0,0,0,-1,-1,-1
153431,1,1,1,167,5481,5384
0,0,0,0,-1,-1,-1
154688,1,0,1,96,3066,3021
154314,1,1,0,32,2938,2915
0,0,0,0,-1,-1,-1
0,0,0,0,-1,-1,-1
154584,2,0,0,-1,-1,-1
0,0,0,0,-1,-1,-1
155088,1,1,-1,77,5885,5860
155252,1,1,1,69,3303,3262
0,0,0,0,-1,-1,-1
154610,2,0,0,-1,-1,-1
153140,2,0,0,-1,-1,-1
154361,2,0,0,-1,-1,-1
0,0,0,0,-1,-1,-1
154182,2,0,0,-1,-1,-1
153099,2,0,0,-1,-1,-1
153720,1,0,1,61,22188,22166
154141,1,1,-1,242,3891,3729
0,0,0,0,-1,-1,-1
154957,1,1,0,118,5842,5783
154586,1,0,1,127,4147,4060
153801,2,0,0,-1,-1,-1
155368,1,1,0,206,4073,3974
155379,1,1,0,144,6926,6859
0,0,0,0,-1,-1,-1
0,0,0,0,-1,-1,-1
154311,2,0,0,-1,-1,-1
155098,2,0,0,-1,-1,-1
153376,2,0,0,-1,-1,-1
154403,1,0,1,18,15289,15266
0,0,0,0,-1,-1,-1
0,0,0,0,-1,-1,-1
155022,1,1,0,204,4207,4107
153778,2,0,0,-1,-1,-1
154953,1,1,-1,77,10995,10945
153246,2,0,0,-1,-1,-1
155117,1,0,1,15,17459,17453
154622,1,0,1,78,2906,2893
154200,2,0,0,-1,-1,-1
0,0,0,0,-1,-1,-1
0,0,0,0,-1,-1,-1
155143,1,0,1,34,345,328
0,0,0,0,-1,-1,-1
153698,2,0,0,-1,-1,-1
153777,2,0,0,-1,-1,-1
154865,2,0,0,-1,-1,-1
155164,2,0,0,-1,-1,-1
0,0,0,0,-1,-1,-1
155102,1,0,1,0,7368,7368
153170,2,0,0,-1,-1,-1
0,0,0,0,-1,-1,-1
154479,2,0,0,-1,-1,-1
153786,1,1,0,147,1410,1326
154748,2,0,0,-1,-1,-1
0,0,0,0,-1,-1,-1
154881,2,0,0,-1,-1,-1
0,0,0,0,-1,-1,-1
155291,1,1,-1,153,14330,14232
153989,2,0,0,-1,-1,-1
0,0,0,0,-1,-1,-1
153035,2,0,0,-1,-1,-1
153373,1,1,0,126,3368,3318
152506,2,0,0,-1,-1,-1
154956,1,0,1,59,3520,3505
0,0,0,0,-1,-1,-1
154178,2,0,0,-1,-1,-1
154941,1,1,0,30,2579,2567
154288,2,0,0,-1,-1,-1
0,0,0,0,-1,-1,-1
0,0,0,0,-1,-1,-1
0,0,0,0,-1,-1,-1
0,0,0,0,-1,-1,-1
153458,1,0,1,90,4747,4715
154864,2,0,0,-1,-1,-1
0,0,0,0,-1,-1,-1
155139,1,0,1,91,2623,2589
155147,1,1,-1,229,2556,2422
154154,1,1,1,285,6560,6448
0,0,0,0,-1,-1,-1
154669,1,1,0,32,1659,1645
0,0,0,0,-1,-1,-1
0,0,0,0,-1,-1,-1
153794,1,1,0,59,7953,7927
154039,2,0,0,-1,-1,-1
154660,2,0,0,-1,-1,-1
0,0,0,0,-1,-1,-1
155065,1,1,0,104,3528,3476
153067,1,0,1,110,2505,2475
154926,1,0,1,0,4137,4137
154416,1,0,1,40,3299,3291
154343,2,0,0,-1,-1,-1
154902,1,1,0,41,4581,4574
154326,2,0,0,-1,-1,-1
153938,2,0,0,-1,-1,-1
0,0,0,0,-1,-1,-1
0,0,0,0,-1,-1,-1
154691,1,1,0,0,10089,10089
153964,1,1,0,181,3016,2937
0,0,0,0,-1,-1,-1
0,0,0,0,-1,-1,-1
154610,1,0,1,122,2558,2496
154825,1,0,1,44,14212,14196
154131,2,0,0,-1,-1,-1
155063,1,0,1,311,5031,4889
152791,2,0,0,-1,-1,-1
154294,2,0,0,-1,-1,-1
0,0,0,0,-1,-1,-1
0,0,0,0,-1,-1,-1
0,0,0,0,-1,-1,-1
153792,1,0,1,0,2171,2171
0,0,0,0,-1,-1,-1
154513,1,0,1,70,4577,4541
153813,2,0,0,-1,-1,-1
154449,2,0,0,-1,-1,-1
153100,2,0,0,-1,-1,-1
154191,2,0,0,-1,-1,-1
153261,2,0,0,-1,-1,-1
152874,2,0,0,-1,-1,-1
154299,1,0,1,113,1260,1192
155014,1,0,1,154,3468,3421
152009,2,0,0,-1,-1,-1
154922,1,1,0,73,14180,14144
154130,1,1,0,150,3747,3691
0,0,0,0,-1,-1,-1
153122,2,0,0,-1,-1,-1
0,0,0,0,-1,-1,-1
155068,1,1,0,37,1787,1780
152593,2,0,0,-1,-1,-1
154515,1,1,0,28,7909,7878
154566,2,0,0,-1,-1,-1
154764,1,1,0,46,4410,4392
155105,2,0,0,-1,-1,-1
0,0,0,0,-1,-1,-1
0,0,0,0,-1,-1,-1
153657,2,0,0,-1,-1,-1
0,0,0,0,-1,-1,-1
0,0,0,0,-1,-1,-1
154571,1,0,1,125,4898,4836
153146,2,0,0,-1,-1,-1
0,0,0,0,-1,-1,-1
154175,1,0,1,148,1800,1734
154412,2,0,0,-1,-1,-1
154590,1,1,0,61,4461,4449
0,0,0,0,-1,-1,-1
154947,2,0,0,-1,-1,-1
154919,1,1,1,83,7756,7702
0,0,0,0,-1,-1,-1
155264,1,1,0,91,2451,2401
0,0,0,0,-1,-1,-1
0,0,0,0,-1,-1,-1
155191,1,1,0,0,2579,2579
0,0,0,0,-1,-1,-1
154610,2,0,0,-1,-1,-1
155173,1,0,1,142,2359,2282
154039,2,0,0,-1,-1,-1
154405,2,0,0,-1,-1,-1
154767,1,1,0,0,8339,8339
154568,1,1,0,148,2720,2646
155262,1,0,1,0,1414,1414
154050,2,0,0,-1,-1,-1
154657,1,1,0,80,7021,6982
154260,1,0,1,52,3172,3148
154040,1,1,-1,104,2379,2337
154557,1,0,1,41,4782,4758
0,0,0,0,-1,-1,-1
0,0,0,0,-1,-1,-1
154910,1,0,1,200,3503,3428
154463,1,1,0,227,2013,1927
151479,2,0,0,-1,-1,-1
154447,1,1,0,159,7249,7187
0,0,0,0,-1,-1,-1
0,0,0,0,-1,-1,-1
153774,1,1,0,129,8093,8027
153806,2,0,0,-1,-1,-1
154120,2,0,0,-1,-1,-1
155063,1,1,0,158,4221,4147
154823,1,1,0,152,3254,3192
0,0,0,0,-1,-1,-1
0,0,0,0,-1,-1,-1
153403,2,0,0,-1,-1,-1
0,0,0,0,-1,-1,-1
152685,2,0,0,-1,-1,-1
0,0,0,0,-1,-1,-1
0,0,0,0,-1,-1,-1
154230,1,0,1,183,5713,5642
153974,1,1,0,70,13668,13624
155135,1,0,1,125,3587,3545
0,0,0,0,-1,-1,-1
154907,1,0,1,141,5387,5324
153699,2,0,0,-1,-1,-1
155135,2,0,0,-1,-1,-1
154891,1,1,0,129,3303,3250
154431,2,0,0,-1,-1,-1
154722,1,0,1,118,1494,1427
0,0,0,0,-1,-1,-1
153429,2,0,0,-1,-1,-1
0,0,0,0,-1,-1,-1
154008,2,0,0,-1,-1,-1
154640,1,1,0,137,2093,2016
0,0,0,0,-1,-1,-1
0,0,0,0,-1,-1,-1
154912,1,1,0,106,1871,1843
154855,1,0,1,178,3018,2927
0,0,0,0,-1,-1,-1
153965,1,1,0,62,3901,3881
0,0,0,0,-1,-1,-1
0,0,0,0,-1,-1,-1
154079,2,0,0,-1,-1,-1
154165,2,0,0,-1,-1,-1
154633,2,0,0,-1,-1,-1
153137,2,0,0,-1,-1,-1
154976,1,1,0,188,5538,5448
154907,1,0,1,87,16096,16068
153803,2,0,0,-1,-1,-1
155163,1,1,0,101,3084,3039
154531,1,1,0,23,2572,2564
0,0,0,0,-1,-1,-1
0,0,0,0,-1,-1,-1
0,0,0,0,-1,-1,-1
0,0,0,0,-1,-1,-1
155279,1,0,1,136,4617,4539
154934,1,0,1,158,7997,7903
151967,1,1,0,82,4905,4874
0,0,0,0,-1,-1,-1
153633,2,0,0,-1,-1,-1
153274,1,1,0,97,1917,1869
0,0,0,0,-1,-1,-1
153203,2,0,0,-1,-1,-1
154862,2,0,0,-1,-1,-1
0,0,0,0,-1,-1,-1
154898,1,0,1,9,2342,2341
0,0,0,0,-1,-1,-1
154792,1,1,0,82,5469,5438
155282,1,0,1,9,5046,5036
155157,1,1,1,60,3193,3158
154213,2,0,0,-1,-1,-1
154833,1,1,0,87,15502,15467
154986,1,0,1,0,5986,5986
154094,1,0,1,0,14651,14651
0,0,0,0,-1,-1,-1
0,0,0,0,-1,-1,-1
0,0,0,0,-1,-1,-1
153137,1,1,0,189,1426,1357
0,0,0,0,-1,-1,-1
155191,1,0,1,0,0,0
0,0,0,0,-1,-1,-1
155376,1,1,0,49,4831,4822
0,0,0,0,-1,-1,-1
153329,2,0,0,-1,-1,-1
0,0,0,0,-1,-1,-1
0,0,0,0,-1,-1,-1
153508,1,1,0,162,3971,3907
154592,1,1,0,99,1360,1314
154639,2,0,0,-1,-1,-1
154873,1,0,1,157,1900,1815
0,0,0,0,-1,-1,-1
153369,2,0,0,-1,-1,-1
0,0,0,0,-1,-1,-1
153956,2,0,0,-1,-1,-1
153125,1,0,1,51,10665,10654
0,0,0,0,-1,-1,-1
154634,1,1,0,117,3263,3204
153694,2,0,0,-1,-1,-1
0,0,0,0,-1,-1,-1
153594,2,0,0,-1,-1,-1
154890,2,0,0,-1,-1,-1
155344,1,0,1,93,7314,7272
155109,1,1,0,85,3144,3111
153652,2,0,0,-1,-1,-1
155279,1,1,1,134,3557,3488
155030,1,0,1,0,3663,3663
154809,2,0,0,-1,-1,-1
0,0,0,0,-1,-1,-1
0,0,0,0,-1,-1,-1
154573,2,0,0,-1,-1,-1
0,0,0,0,-1,-1,-1
154738,1,0,1,159,3204,3140
153599,2,0,0,-1,-1,-1
154809,2,0,0,-1,-1,-1
152995,2,0,0,-1,-1,-1
154686,1,0,1,90,2413,2379
153202,2,0,0,-1,-1,-1
153736,2,0,0,-1,-1,-1
154193,2,0,0,-1,-1,-1
0,0,0,0,-1,-1,-1
0,0,0,0,-1,-1,-1
154526,2,0,0,-1,-1,-1
154963,1,1,0,56,2063,2032
154142,2,0,0,-1,-1,-1
153552,2,0,0,-1,-1,-1
0,0,0,0,-1,-1,-1
153324,2,0,0,-1,-1,-1
153832,2,0,0,-1,-1,-1
154930,2,0,0,-1,-1,-1
154799,2,0,0,-1,-1,-1
154756,2,0,0,-1,-1,-1
0,0,0,0,-1,-1,-1
154266,2,0,0,-1,-1,-1
153626,2,0,0,-1,-1,-1
154947,1,0,1,22,4006,4004
0,0,0,0,-1,-1,-1
0,0,0,0,-1,-1,-1
0,0,0,0,-1,-1,-1
154693,1,0,1,60,2095,2069
0,0,0,0,-1,-1,-1
154764,1,1,1,193,5485,5407
0,0,0,0,-1,-1,-1
155129,1,0,1,44,4167,4129
154852,1,1,0,122,2627,2552
153707,2,0,0,-1,-1,-1
154338,2,0,0,-1,-1,-1
155297,1,0,1,165,4809,4743
151915,1,1,0,58,10178,10159
0,0,0,0,-1,-1,-1
154999,2,0,0,-1,-1,-1
154823,1,1,0,97,3521,3483
0,0,0,0,-1,-1,-1
0,0,0,0,-1,-1,-1
0,0,0,0,-1,-1,-1
0,0,0,0,-1,-1,-1
0,0,0,0,-1,-1,-1
0,0,0,0,-1,-1,-1
154867,1,1,-1,272,2457,2351
154238,2,0,0,-1,-1,-1
0,0,0,0,-1,-1,-1
154143,1,0,1,17,795,785
0,0,0,0,-1,-1,-1
0,0,0,0,-1,-1,-1
153553,2,0,0,-1,-1,-1
154129,2,0,0,-1,-1,-1
154140,2,0,0,-1,-1,-1
155262,1,0,1,150,3623,3573
153519,1,0,1,0,3221,3221
154802,1,1,0,0,3048,3048
155361,1,1,0,216,2382,2264
0,0,0,0,-1,-1,-1
155243,1,1,0,89,1419,1373
154098,2,0,0,-1,-1,-1
153725,1,1,0,68,1000,956
153924,2,0,0,-1,-1,-1
0,0,0,0,-1,-1,-1
153861,1,0,1,127,2266,2227
153481,2,0,0,-1,-1,-1
154242,1,1,0,0,8410,8410
153879,1,0,1,85,3653,3619
0,0,0,0,-1,-1,-1
0,0,0,0,-1,-1,-1
153840,2,0,0,-1,-1,-1
154714,2,0,0,-1,-1,-1
154223,2,0,0,-1,-1,-1
0,0,0,0,-1,-1,-1
0,0,0,0,-1,-1,-1
154484,2,0,0,-1,-1,-1
0,0,0,0,-1,-1,-1
154577,2,0,0,-1,-1,-1
0,0,0,0,-1,-1,-1
154878,1,0,1,167,4169,4108
154038,1,1,0,134,2580,2518
0,0,0,0,-1,-1,-1
0,0,0,0,-1,-1,-1
154518,2,0,0,-1,-1,-1
152299,2,0,0,-1,-1,-1
0,0,0,0,-1,-1,-1
153899,2,0,0,-1,-1,-1
155215,1,1,0,32,7211,7194
155117,1,0,1,36,3036,3026
155154,2,0,0,-1,-1,-1
153233,2,0,0,-1,-1,-1
0,0,0,0,-1,-1,-1
154868,2,0,0,-1,-1,-1
154044,2,0,0,-1,-1,-1
0,0,0,0,-1,-1,-1
154821,1,0,1,197,2648,2555
0,0,0,0,-1,-1,-1
154453,2,0,0,-1,-1,-1
0,0,0,0,-1,-1,-1
0,0,0,0,-1,-1,-1
155076,1,1,0,142,3000,2947
153994,1,0,1,332,7707,7609
0,0,0,0,-1,-1,-1
0,0,0,0,-1,-1,-1
155288,1,1,0,121,7469,7420
153865,2,0,0,-1,-1,-1
155244,1,1,1,151,5309,5219
154343,1,0,1,118,4243,4187
0,0,0,0,-1,-1,-1
153526,2,0,0,-1,-1,-1
0,0,0,0,-1,-1,-1
0,0,0,0,-1,-1,-1
155183,1,1,-1,108,8396,8356
153791,1,1,-1,86,1673,1629
154199,2,0,0,-1,-1,-1
154626,1,1,0,165,3915,3841
154207,2,0,0,-1,-1,-1
152237,2,0,0,-1,-1,-1
0,0,0,0,-1,-1,-1
154089,1,1,0,20,1641,1628
153701,1,1,0,213,1295,1209
153246,2,0,0,-1,-1,-1
154347,2,0,0,-1,-1,-1
0,0,0,0,-1,-1,-1
154393,1,1,0,93,4233,4170
155182,1,1,1,287,5696,5566
154702,2,0,0,-1,-1,-1
0,0,0,0,-1,-1,-1
155074,2,0,0,-1,-1,-1
154046,2,0,0,-1,-1,-1
0,0,0,0,-1,-1,-1
155363,2,0,0,-1,-1,-1
154962,1,1,-1,28,8516,8506
154216,1,0,1,100,10093,10050
154823,1,0,1,64,8298,8261
0,0,0,0,-1,-1,-1
0,0,0,0,-1,-1,-1
154965,2,0,0,-1,-1,-1
0,0,0,0,-1,-1,-1
155121,1,0,1,190,3395,3334
154258,1,0,1,122,1244,1177
154839,1,1,-1,323,5981,5830
155372,1,1,0,80,1627,1581
0,0,0,0,-1,-1,-1
155009,1,0,1,101,1950,1875
153514,2,0,0,-1,-1,-1
154919,1,1,0,135,6378,6335
0,0,0,0,-1,-1,-1
0,0,0,0,-1,-1,-1
155142,2,0,0,-1,-1,-1
0,0,0,0,-1,-1,-1
154619,1,0,1,132,3421,3388
154647,2,0,0,-1,-1,-1
0,0,0,0,-1,-1,-1
154071,1,1,0,144,1071,1030
154321,1,1,0,108,4714,4677
154735,1,0,1,17,2547,2546
0,0,0,0,-1,-1,-1
154738,1,0,1,171,2589,2504
0,0,0,0,-1,-1,-1
0,0,0,0,-1,-1,-1
155292,1,1,-1,324,2736,2583
153343,2,0,0,-1,-1,-1
154720,2,0,0,-1,-1,-1
155040,1,1,0,24,7710,7696
152977,2,0,0,-1,-1,-1
0,0,0,0,-1,-1,-1
0,0,0,0,-1,-1,-1
155245,1,1,-1,162,4791,4741
0,0,0,0,-1,-1,-1
154966,1,1,1,240,3100,3021
154265,2,0,0,-1,-1,-1
154658,2,0,0,-1,-1,-1
155223,1,0,1,119,4469,4412
0,0,0,0,-1,-1,-1
0,0,0,0,-1,-1,-1
0,0,0,0,-1,-1,-1
0,0,0,0,-1,-1,-1
0,0,0,0,-1,-1,-1
154781,1,0,1,9,9159,9149
154256,2,0,0,-1,-1,-1
154347,1,1,1,85,8796,8751
0,0,0,0,-1,-1,-1
154950,1,0,1,96,5578,5519
0,0,0,0,-1,-1,-1
154392,2,0,0,-1,-1,-1
153681,2,0,0,-1,-1,-1
154176,1,1,0,45,9460,9449
0,0,0,0,-1,-1,-1
0,0,0,0,-1,-1,-1
153924,1,0,1,74,5638,5606
0,0,0,0,-1,-1,-1
154771,2,0,0,-1,-1,-1
152687,1,1,0,153,1597,1505
153821,1,0,1,61,2413,2380
154560,1,0,1,58,9079,9067
153860,1,1,0,0,4683,4683
154793,2,0,0,-1,-1,-1
155343,1,1,0,54,3525,3504
153766,2,0,0,-1,-1,-1
153879,1,1,0,30,8343,8338
0,0,0,0,-1,-1,-1
0,0,0,0,-1,-1,-1
154917,2,0,0,-1,-1,-1
154236,1,1,0,173,5100,5038
154514,2,0,0,-1,-1,-1
0,0,0,0,-1,-1,-1
154760,1,1,0,187,9488,9394
153993,1,1,0,58,25004,24968
155204,1,1,0,0,67914,67914
155267,2,0,0,-1,-1,-1
155156,1,0,1,123,3041,2977
153468,1,1,0,179,9722,9632
0,0,0,0,-1,-1,-1
153743,1,1,0,101,1602,1576
0,0,0,0,-1,-1,-1
155203,2,0,0,-1,-1,-1
154073,1,1,1,347,4711,4565
0,0,0,0,-1,-1,-1
155083,2,0,0,-1,-1,-1
0,0,0,0,-1,-1,-1
154036,1,1,0,47,6406,6364
154653,1,1,0,152,5739,5654
0,0,0,0,-1,-1,-1
0,0,0,0,-1,-1,-1
154752,2,0,0,-1,-1,-1
0,0,0,0,-1,-1,-1
154806,1,1,0,107,7294,7241
0,0,0,0,-1,-1,-1
154591,1,0,1,204,6399,6323
155141,2,0,0,-1,-1,-1
0,0,0,0,-1,-1,-1
154719,1,0,1,34,8212,8203
0,0,0,0,-1,-1,-1
0,0,0,0,-1,-1,-1
153128,2,0,0,-1,-1,-1
0,0,0,0,-1,-1,-1
155100,1,1,0,109,3786,3749
154586,2,0,0,-1,-1,-1
154742,1,1,0,131,1421,1349
154893,2,0,0,-1,-1,-1
154233,1,0,1,203,1667,1559
154024,1,1,0,26,11384,11380
0,0,0,0,-1,-1,-1
153928,2,0,0,-1,-1,-1
154586,2,0,0,-1,-1,-1
153774,2,0,0,-1,-1,-1
153843,2,0,0,-1,-1,-1
0,0,0,0,-1,-1,-1
153957,1,1,0,96,2574,2522
0,0,0,0,-1,-1,-1
154825,1,1,0,57,1760,1735
0,0,0,0,-1,-1,-1
154540,1,0,1,99,4013,3985
154708,2,0,0,-1,-1,-1
0,0,0,0,-1,-1,-1
154030,2,0,0,-1,-1,-1
154570,1,1,0,128,2428,2366
0,0,0,0,-1,-1,-1
154433,2,0,0,-1,-1,-1
155313,1,0,1,106,1353,1301
154906,1,1,0,100,8964,8933
155370,1,1,-1,15,8638,8632
155259,1,0,1,0,1313,1313
154575,2,0,0,-1,-1,-1
0,0,0,0,-1,-1,-1
154698,2,0,0,-1,-1,-1
0,0,0,0,-1,-1,-1
154575,2,0,0,-1,-1,-1
153581,2,0,0,-1,-1,-1
155257,1,0,1,269,15959,15840
154785,1,0,1,94,1889,1816
154797,2,0,0,-1,-1,-1
154191,1,0,1,289,7019,6892
155122,1,1,0,60,2973,2930
153089,1,0,1,78,3326,3282
0,0,0,0,-1,-1,-1
155172,1,1,0,60,4304,4285
0,0,0,0,-1,-1,-1
0,0,0,0,-1,-1,-1
154782,1,1,-1,59,9111,9076
0,0,0,0,-1,-1,-1
155242,1,1,1,296,7690,7532
155038,1,1,0,159,1831,1772
154586,1,1,0,106,1300,1266
155125,1,1,0,0,6868,6868
151635,2,0,0,-1,-1,-1
154914,1,1,0,86,8318,8285
153558,2,0,0,-1,-1,-1
155066,2,0,0,-1,-1,-1
154127,2,0,0,-1,-1,-1
153172,2,0,0,-1,-1,-1
154552,1,1,0,28,5733,5731
154094,1,0,1,81,2727,2678
154731,1,0,1,70,8441,8414
155062,1,1,0,65,3792,3775
0,0,0,0,-1,-1,-1
153486,2,0,0,-1,-1,-1
154631,1,0,1,69,1341,1315
0,0,0,0,-1,-1,-1
154071,2,0,0,-1,-1,-1
154711,1,1,0,170,5001,4919
152839,1,1,0,0,10990,10990
155229,1,1,0,111,2473,2433
153822,2,0,0,-1,-1,-1
0,0,0,0,-1,-1,-1
153489,1,1,0,116,7476,7420
155087,1,1,0,126,1836,1776
0,0,0,0,-1,-1,-1
155305,1,0,1,105,4290,4253
155152,2,0,0,-1,-1,-1
153962,2,0,0,-1,-1,-1
0,0,0,0,-1,-1,-1
153975,1,1,0,56,2755,2733
154479,1,1,0,8,29786,29785
155246,1,1,0,61,4458,4430
152641,2,0,0,-1,-1,-1
154067,1,0,1,70,3650,3610
153980,2,0,0,-1,-1,-1
155335,1,0,1,31,6167,6149
0,0,0,0,-1,-1,-1
0,0,0,0,-1,-1,-1
154269,1,0,1,172,2747,2692
0,0,0,0,-1,-1,-1
153038,2,0,0,-1,-1,-1
154117,2,0,0,-1,-1,-1
0,0,0,0,-1,-1,-1
0,0,0,0,-1,-1,-1
154702,2,0,0,-1,-1,-1
154179,2,0,0,-1,-1,-1
154102,2,0,0,-1,-1,-1
154759,2,0,0,-1,-1,-1
0,0,0,0,-1,-1,-1
0,0,0,0,-1,-1,-1
0,0,0,0,-1,-1,-1
154573,1,0,1,103,2558,2512
155337,1,1,1,7,7092,7090
155011,2,0,0,-1,-1,-1
0,0,0,0,-1,-1,-1
152901,2,0,0,-1,-1,-1
153587,2,0,0,-1,-1,-1
154410,1,1,0,82,1631,1579
154354,2,0,0,-1,-1,-1
154218,2,0,0,-1,-1,-1
154987,2,0,0,-1,-1,-1
152884,2,0,0,-1,-1,-1
154029,2,0,0,-1,-1,-1
153103,2,0,0,-1,-1,-1
154587,2,0,0,-1,-1,-1
153875,1,1,0,98,1764,1723
0,0,0,0,-1,-1,-1
0,0,0,0,-1,-1,-1
0,0,0,0,-1,-1,-1
0,0,0,0,-1,-1,-1
153545,2,0,0,-1,-1,-1
153832,2,0,0,-1,-1,-1
0,0,0,0,-1,-1,-1
154524,1,1,0,153,3938,3841
154275,2,0,0,-1,-1,-1
154936,1,1,0,277,3091,2986
154741,2,0,0,-1,-1,-1
154477,2,0,0,-1,-1,-1
0,0,0,0,-1,-1,-1
0,0,0,0,-1,-1,-1
154505,1,1,0,170,2292,2239
155097,1,1,0,195,4540,4475
0,0,0,0,-1,-1,-1
154763,1,0,1,180,1924,1834
155093,1,1,0,72,3162,3126
0,0,0,0,-1,-1,-1
153494,2,0,0,-1,-1,-1
154176,2,0,0,-1,-1,-1
154518,1,0,1,0,6652,6652
155156,2,0,0,-1,-1,-1
153330,2,0,0,-1,-1,-1
155278,1,0,1,129,3678,3622
0,0,0,0,-1,-1,-1
0,0,0,0,-1,-1,-1
154796,1,1,0,277,1709,1588
153947,1,1,0,36,1268,1240
154930,1,1,0,109,6530,6460
0,0,0,0,-1,-1,-1
154282,2,0,0,-1,-1,-1
154052,2,0,0,-1,-1,-1
155200,1,1,0,105,4463,4423
0,0,0,0,-1,-1,-1
0,0,0,0,-1,-1,-1
153991,2,0,0,-1,-1,-1
0,0,0,0,-1,-1,-1
154134,1,1,0,80,4440,4385
154732,2,0,0,-1,-1,-1
154926,1,1,0,81,19234,19209
154856,1,1,0,6,1458,1454
154232,1,0,1,170,4584,4501
153147,2,0,0,-1,-1,-1
154974,1,1,0,102,4498,4479
155101,1,0,1,48,3334,3316
154958,1,0,1,173,2911,2848
0,0,0,0,-1,-1,-1
154707,1,1,0,106,2541,2507
153945,1,0,1,228,11487,11401
0,0,0,0,-1,-1,-1
0,0,0,0,-1,-1,-1
154147,2,0,0,-1,-1,-1
0,0,0,0,-1,-1,-1
0,0,0,0,-1,-1,-1
0,0,0,0,-1,-1,-1
153035,1,1,0,64,3006,2980
154748,2,0,0,-1,-1,-1
154670,1,1,0,0,8270,8270
153205,1,1,0,71,4660,4625
0,0,0,0,-1,-1,-1
155084,1,0,1,108,2926,2856
154578,2,0,0,-1,-1,-1
153891,1,0,1,82,1742,1689
154896,1,1,0,29,2345,2328
0,0,0,0,-1,-1,-1
0,0,0,0,-1,-1,-1
0,0,0,0,-1,-1,-1
154053,2,0,0,-1,-1,-1
152614,2,0,0,-1,-1,-1
153816,1,0,1,89,1826,1783
153825,2,0,0,-1,-1,-1
154051,2,0,0,-1,-1,-1
155019,2,0,0,-1,-1,-1
154846,2,0,0,-1,-1,-1
155034,1,0,1,81,3458,3427
153565,1,0,1,70,7183,7141
155173,1,0,1,185,2544,2469
154618,1,1,0,69,3916,3871
154170,1,0,1,224,1465,1398
154208,1,0,1,21,4646,4635
154396,1,0,1,41,1499,1490
152982,2,0,0,-1,-1,-1
154175,1,1,1,197,6145,6070
155058,1,0,1,120,2099,2035
0,0,0,0,-1,-1,-1
0,0,0,0,-1,-1,-1
0,0,0,0,-1,-1,-1
153881,1,1,0,132,3496,3435
0,0,0,0,-1,-1,-1
154492,2,0,0,-1,-1,-1
155237,1,0,1,161,3260,3179
0,0,0,0,-1,-1,-1
155365,1,1,0,41,6211,6185
0,0,0,0,-1,-1,-1
155179,1,0,1,76,4086,4028
154412,1,0,1,103,3434,3378
0,0,0,0,-1,-1,-1
153979,1,1,0,0,11454,11454
155111,2,0,0,-1,-1,-1
0,0,0,0,-1,-1,-1
0,0,0,0,-1,-1,-1
155117,1,0,1,130,4724,4666
155113,1,1,0,29,10410,10398
154179,1,1,0,98,7758,7714
155047,1,0,1,0,3774,3774
153764,1,1,1,49,9968,9948
0,0,0,0,-1,-1,-1
0,0,0,0,-1,-1,-1
154300,2,0,0,-1,-1,-1
0,0,0,0,-1,-1,-1
154617,2,0,0,-1,-1,-1
153195,2,0,0,-1,-1,-1
154474,1,1,-1,142,5882,5784
153965,2,0,0,-1,-1,-1
155176,2,0,0,-1,-1,-1
0,0,0,0,-1,-1,-1
154255,1,0,1,86,4234,4180
154541,1,1,0,96,2394,2341
155215,1,0,1,98,7769,7743
155078,1,1,0,62,2813,2781
153512,1,1,0,27,2742,2721
0,0,0,0,-1,-1,-1
0,0,0,0,-1,-1,-1
153076,2,0,0,-1,-1,-1
153928,1,0,1,0,9090,9090
154372,2,0,0,-1,-1,-1
154851,1,1,0,187,3078,2998
154040,1,0,1,0,3672,3672
0,0,0,0,-1,-1,-1
153539,2,0,0,-1,-1,-1
152749,2,0,0,-1,-1,-1
0,0,0,0,-1,-1,-1
153566,1,0,1,26,6163,6141
154699,1,1,-1,0,22206,22206
154635,2,0,0,-1,-1,-1
155214,1,0,1,178,1137,1077
155357,1,0,1,0,1305,1305
154637,2,0,0,-1,-1,-1
0,0,0,0,-1,-1,-1
0,0,0,0,-1,-1,-1
153257,1,1,0,119,6052,5995
154593,1,0,1,115,2649,2597
154320,2,0,0,-1,-1,-1
154376,1,0,1,9,5150,5149
155200,1,1,0,5,2754,2752
154967,1,0,1,126,4745,4686
155019,1,0,1,36,3864,3848
155249,1,0,1,172,2012,1947
154688,1,0,1,79,3269,3234
153833,1,0,1,100,2226,2196
155100,1,0,1,14,3605,3602
155104,1,1,0,147,2175,2109
0,0,0,0,-1,-1,-1
0,0,0,0,-1,-1,-1
0,0,0,0,-1,-1,-1
0,0,0,0,-1,-1,-1
154065,2,0,0,-1,-1,-1
0,0,0,0,-1,-1,-1
154128,2,0,0,-1,-1,-1
154413,1,0,1,177,6663,6590
0,0,0,0,-1,-1,-1
154626,1,1,-1,200,7754,7680
152788,2,0,0,-1,-1,-1
155006,1,0,1,70,2960,2939
0,0,0,0,-1,-1,-1
154256,1,0,1,127,3488,3435
0,0,0,0,-1,-1,-1
0,0,0,0,-1,-1,-1
154580,2,0,0,-1,-1,-1
0,0,0,0,-1,-1,-1
153871,2,0,0,-1,-1,-1
154939,1,0,1,142,2920,2850
154674,1,1,0,90,4517,4471
154670,2,0,0,-1,-1,-1
154484,2,0,0,-1,-1,-1
0,0,0,0,-1,-1,-1
153350,2,0,0,-1,-1,-1
0,0,0,0,-1,-1,-1
154461,2,0,0,-1,-1,-1
154573,2,0,0,-1,-1,-1
0,0,0,0,-1,-1,-1
153971,2,0,0,-1,-1,-1
155346,1,0,1,134,8312,8263
154643,2,0,0,-1,-1,-1
0,0,0,0,-1,-1,-1
154248,1,0,1,126,9284,9232
155210,1,1,0,0,5311,5311
0,0,0,0,-1,-1,-1
154455,1,0,1,133,6728,6688
0,0,0,0,-1,-1,-1
0,0,0,0,-1,-1,-1
154788,1,1,0,222,4442,4341
0,0,0,0,-1,-1,-1
0,0,0,0,-1,-1,-1
152617,2,0,0,-1,-1,-1
155215,2,0,0,-1,-1,-1
154254,2,0,0,-1,-1,-1
152093,2,0,0,-1,-1,-1
154970,1,1,-1,61,5699,5678
153653,1,1,0,0,5400,5400
154524,1,1,0,78,1730,1675
154839,2,0,0,-1,-1,-1
0,0,0,0,-1,-1,-1
155292,1,1,0,56,3787,3760
155096,1,0,1,33,843,837
154241,2,0,0,-1,-1,-1
153935,1,1,0,174,1048,963
154974,1,1,0,44,3100,3084
153770,2,0,0,-1,-1,-1
152406,2,0,0,-1,-1,-1
155020,1,1,0,23,5379,5374
153662,2,0,0,-1,-1,-1
155347,1,1,0,174,1782,1709
154086,1,1,1,126,4950,4900
0,0,0,0,-1,-1,-1
154914,1,1,0,137,4955,4909
154626,2,0,0,-1,-1,-1
155023,1,1,0,42,2505,2483
154186,1,1,-1,142,4052,3985
155164,1,0,1,0,279,279
154724,2,0,0,-1,-1,-1
0,0,0,0,-1,-1,-1
0,0,0,0,-1,-1,-1
154969,2,0,0,-1,-1,-1
152929,1,1,0,42,3191,3181
155008,2,0,0,-1,-1,-1
0,0,0,0,-1,-1,-1
0,0,0,0,-1,-1,-1
154024,2,0,0,-1,-1,-1
153629,2,0,0,-1,-1,-1
0,0,0,0,-1,-1,-1
152711,2,0,0,-1,-1,-1
155144,1,1,0,0,7418,7418
155236,1,1,0,133,4589,4510
153953,2,0,0,-1,-1,-1
154513,1,1,-1,109,6528,6451
0,0,0,0,-1,-1,-1
0,0,0,0,-1,-1,-1
0,0,0,0,-1,-1,-1
153756,2,0,0,-1,-1,-1
154718,1,0,1,87,6496,6453
0,0,0,0,-1,-1,-1
155002,1,1,1,147,1436,1363
154752,1,1,0,0,2358,2358
155258,1,1,0,7,4894,4888
0,0,0,0,-1,-1,-1
0,0,0,0,-1,-1,-1
154869,2,0,0,-1,-1,-1
0,0,0,0,-1,-1,-1
155331,1,1,1,336,3274,3106
154911,1,1,0,59,1673,1650
0,0,0,0,-1,-1,-1
154621,2,0,0,-1,-1,-1
0,0,0,0,-1,-1,-1
154390,2,0,0,-1,-1,-1
154299,1,1,0,144,2317,2246
154021,2,0,0,-1,-1,-1
154315,2,0,0,-1,-1,-1
155135,1,1,0,147,2174,2106
0,0,0,0,-1,-1,-1
154439,2,0,0,-1,-1,-1
0,0,0,0,-1,-1,-1
154527,1,0,1,96,3794,3749
154945,1,1,1,116,4498,4444
0,0,0,0,-1,-1,-1
0,0,0,0,-1,-1,-1
155353,1,1,0,157,2027,1932
154125,2,0,0,-1,-1,-1
0,0,0,0,-1,-1,-1
0,0,0,0,-1,-1,-1
153513,1,1,0,0,918,918
0,0,0,0,-1,-1,-1
155036,1,1,0,107,2325,2292
155006,2,0,0,-1,-1,-1
154440,1,1,1,176,7439,7359
153781,2,0,0,-1,-1,-1
0,0,0,0,-1,-1,-1
0,0,0,0,-1,-1,-1
153957,2,0,0,-1,-1,-1
0,0,0,0,-1,-1,-1
154754,1,0,1,139,2025,1940
0,0,0,0,-1,-1,-1
153239,2,0,0,-1,-1,-1
0,0,0,0,-1,-1,-1
153311,2,0,0,-1,-1,-1
0,0,0,0,-1,-1,-1
155080,1,0,1,79,1535,1501
0,0,0,0,-1,-1,-1
0,0,0,0,-1,-1,-1
0,0,0,0,-1,-1,-1
0,0,0,0,-1,-1,-1
0,0,0,0,-1,-1,-1
0,0,0,0,-1,-1,-1
154379,2,0,0,-1,-1,-1
155143,1,0,1,206,4463,4369
0,0,0,0,-1,-1,-1
152357,1,0,1,103,5748,5697
154888,1,1,0,77,2875,2834
155295,1,1,0,163,3943,3858
153630,1,0,1,230,4483,4377
0,0,0,0,-1,-1,-1
0,0,0,0,-1,-1,-1
0,0,0,0,-1,-1,-1
153822,1,0,1,45,16471,16447
154487,2,0,0,-1,-1,-1
155031,1,1,0,89,11498,11444
154347,2,0,0,-1,-1,-1
155335,1,0,1,80,3502,3454
155123,1,1,-1,215,3460,3340
154622,1,0,1,107,2110,2037
0,0,0,0,-1,-1,-1
154560,2,0,0,-1,-1,-1
0,0,0,0,-1,-1,-1
155085,1,1,-1,102,6318,6279
0,0,0,0,-1,-1,-1
153514,2,0,0,-1,-1,-1
0,0,0,0,-1,-1,-1
0,0,0,0,-1,-1,-1
155021,2,0,0,-1,-1,-1
0,0,0,0,-1,-1,-1
154927,2,0,0,-1,-1,-1
154080,2,0,0,-1,-1,-1
154292,2,0,0,-1,-1,-1
154883,1,0,1,156,1783,1729
0,0,0,0,-1,-1,-1
154916,1,1,1,77,9134,9080
0,0,0,0,-1,-1,-1
153457,2,0,0,-1,-1,-1
0,0,0,0,-1,-1,-1
153279,2,0,0,-1,-1,-1
155168,1,0,1,120,3351,3290
0,0,0,0,-1,-1,-1
0,0,0,0,-1,-1,-1
0,0,0,0,-1,-1,-1
154731,2,0,0,-1,-1,-1
154314,2,0,0,-1,-1,-1
153764,2,0,0,-1,-1,-1
153685,2,0,0,-1,-1,-1
155018,1,1,0,47,3544,3521
0,0,0,0,-1,-1,-1
154333,2,0,0,-1,-1,-1
154634,2,0,0,-1,-1,-1
154730,1,1,0,118,3812,3768
0,0,0,0,-1,-1,-1
155175,1,1,0,0,0,0
0,0,0,0,-1,-1,-1
154820,1,1,0,169,5279,5196
153162,1,1,0,9,15351,15340
153344,2,0,0,-1,-1,-1
155132,1,1,0,342,4624,4469
0,0,0,0,-1,-1,-1
154892,1,0,1,0,10750,10750
155218,1,1,0,181,2587,2515
0,0,0,0,-1,-1,-1
0,0,0,0,-1,-1,-1
152191,1,0,1,136,3030,2961
0,0,0,0,-1,-1,-1
153272,2,0,0,-1,-1,-1
0,0,0,0,-1,-1,-1
154057,2,0,0,-1,-1,-1
153211,2,0,0,-1,-1,-1
0,0,0,0,-1,-1,-1
153998,2,0,0,-1,-1,-1
154852,2,0,0,-1,-1,-1
0,0,0,0,-1,-1,-1
154237,2,0,0,-1,-1,-1
154073,2,0,0,-1,-1,-1
153072,2,0,0,-1,-1,-1
154045,2,0,0,-1,-1,-1
155354,1,1,0,77,3685,3664
153182,2,0,0,-1,-1,-1
153983,2,0,0,-1,-1,-1
154295,1,1,0,99,2850,2809
154803,1,0,1,57,4381,4345
155357,1,1,1,206,4415,4323
0,0,0,0,-1,-1,-1
0,0,0,0,-1,-1,-1
0,0,0,0,-1,-1,-1
154776,1,0,1,17,3931,3926
0,0,0,0,-1,-1,-1
154459,1,1,0,93,6492,6434
155361,1,0,1,113,5858,5813
0,0,0,0,-1,-1,-1
154501,1,0,1,28,5046,5033
153869,1,0,1,143,3668,3603
154921,1,0,1,53,14532,14510
0,0,0,0,-1,-1,-1
154940,1,1,0,89,3558,3524
0,0,0,0,-1,-1,-1
155028,2,0,0,-1,-1,-1
0,0,0,0,-1,-1,-1
153886,2,0,0,-1,-1,-1
154344,1,1,1,83,4004,3968
0,0,0,0,-1,-1,-1
153916,2,0,0,-1,-1,-1
154184,2,0,0,-1,-1,-1
0,0,0,0,-1,-1,-1
154922,2,0,0,-1,-1,-1
155141,1,1,-1,148,3675,3605
154541,2,0,0,-1,-1,-1
153641,2,0,0,-1,-1,-1
0,0,0,0,-1,-1,-1
154784,1,1,-1,194,24965,24914
0,0,0,0,-1,-1,-1
0,0,0,0,-1,-1,-1
153867,2,0,0,-1,-1,-1
154260,2,0,0,-1,-1,-1
154419,1,1,0,0,13517,13517
0,0,0,0,-1,-1,-1
0,0,0,0,-1,-1,-1
153946,2,0,0,-1,-1,-1
154409,2,0,0,-1,-1,-1
154422,2,0,0,-1,-1,-1
0,0,0,0,-1,-1,-1
0,0,0,0,-1,-1,-1
153428,2,0,0,-1,-1,-1
154422,2,0,0,-1,-1,-1
154776,1,1,-1,192,2710,2614
0,0,0,0,-1,-1,-1
154127,1,1,0,174,9194,9112
154309,1,1,0,11,2423,2416
155274,1,1,0,240,3442,3318
154375,2,0,0,-1,-1,-1
0,0,0,0,-1,-1,-1
0,0,0,0,-1,-1,-1
0,0,0,0,-1,-1,-1
154587,1,0,1,106,2760,2707
0,0,0,0,-1,-1,-1
154250,2,0,0,-1,-1,-1
154232,2,0,0,-1,-1,-1
154462,2,0,0,-1,-1,-1
0,0,0,0,-1,-1,-1
0,0,0,0,-1,-1,-1
154020,2,0,0,-1,-1,-1
0,0,0,0,-1,-1,-1
152651,2,0,0,-1,-1,-1
154437,2,0,0,-1,-1,-1
0,0,0,0,-1,-1,-1
155126,2,0,0,-1,-1,-1
154919,1,1,1,85,4556,4494
155072,1,1,0,0,6286,6286
0,0,0,0,-1,-1,-1
0,0,0,0,-1,-1,-1
0,0,0,0,-1,-1,-1
152804,2,0,0,-1,-1,-1
154153,2,0,0,-1,-1,-1
154395,2,0,0,-1,-1,-1
155295,1,0,1,186,4447,4392
0,0,0,0,-1,-1,-1
154558,2,0,0,-1,-1,-1
154096,2,0,0,-1,-1,-1
154297,1,1,1,196,9186,9084
153756,1,1,0,102,3766,3709
155318,1,1,0,0,0,0
0,0,0,0,-1,-1,-1
154964,2,0,0,-1,-1,-1
0,0,0,0,-1,-1,-1
0,0,0,0,-1,-1,-1
154364,1,1,0,244,2712,2615
153211,2,0,0,-1,-1,-1
152877,2,0,0,-1,-1,-1
154234,2,0,0,-1,-1,-1
0,0,0,0,-1,-1,-1
155192,1,0,1,3,2282,2280
155216,1,1,0,77,4036,3998
0,0,0,0,-1,-1,-1
154022,1,1,0,102,4391,4336
0,0,0,0,-1,-1,-1
0,0,0,0,-1,-1,-1
154477,2,0,0,-1,-1,-1
0,0,0,0,-1,-1,-1
0,0,0,0,-1,-1,-1
0,0,0,0,-1,-1,-1
155220,1,0,1,116,2293,2245
153700,1,1,0,221,3443,3329
154434,2,0,0,-1,-1,-1
153680,2,0,0,-1,-1,-1
0,0,0,0,-1,-1,-1
154158,2,0,0,-1,-1,-1
0,0,0,0,-1,-1,-1
154111,1,1,0,93,2271,2227
155146,2,0,0,-1,-1,-1
0,0,0,0,-1,-1,-1
154328,2,0,0,-1,-1,-1
0,0,0,0,-1,-1,-1
0,0,0,0,-1,-1,-1
0,0,0,0,-1,-1,-1
154835,1,1,0,50,12187,12148
0,0,0,0,-1,-1,-1
153882,2,0,0,-1,-1,-1
155375,1,0,1,0,166,166
154988,1,1,0,31,15451,15434
0,0,0,0,-1,-1,-1
154777,2,0,0,-1,-1,-1
155306,1,0,1,204,2921,2821
154246,1,0,1,85,734,703
0,0,0,0,-1,-1,-1
154829,2,0,0,-1,-1,-1
0,0,0,0,-1,-1,-1
155124,2,0,0,-1,-1,-1
154999,1,0,1,44,4079,4045
153882,1,0,1,83,9034,8997
0,0,0,0,-1,-1,-1
0,0,0,0,-1,-1,-1
154075,1,1,0,56,9196,9161
154131,2,0,0,-1,-1,-1
155041,1,1,0,55,9146,9120
0,0,0,0,-1,-1,-1
155108,1,1,0,78,2576,2543
154227,2,0,0,-1,-1,-1
153902,2,0,0,-1,-1,-1
155076,1,0,1,74,1908,1873
155064,1,1,0,30,6490,6475
154620,2,0,0,-1,-1,-1
0,0,0,0,-1,-1,-1
154502,2,0,0,-1,-1,-1
0,0,0,0,-1,-1,-1
0,0,0,0,-1,-1,-1
0,0,0,0,-1,-1,-1
0,0,0,0,-1,-1,-1
154328,2,0,0,-1,-1,-1
154620,2,0,0,-1,-1,-1
154221,2,0,0,-1,-1,-1
154818,2,0,0,-1,-1,-1
154314,2,0,0,-1,-1,-1
154773,1,1,0,0,16059,16059
155096,2,0,0,-1,-1,-1
155067,1,1,-1,235,5670,5547
154091,1,0,1,149,3758,3702
151289,1,0,1,162,1441,1373
153520,2,0,0,-1,-1,-1
0,0,0,0,-1,-1,-1
0,0,0,0,-1,-1,-1
154861,1,1,-1,232,7105,6992
0,0,0,0,-1,-1,-1
155138,1,0,1,57,5322,5303
153427,2,0,0,-1,-1,-1
155047,2,0,0,-1,-1,-1
0,0,0,0,-1,-1,-1
0,0,0,0,-1,-1,-1
154622,1,0,1,46,3160,3128
153856,1,1,0,26,3467,3453
154109,2,0,0,-1,-1,-1
153838,1,1,1,40,2151,2122
154574,2,0,0,-1,-1,-1
153182,2,0,0,-1,-1,-1
155280,1,0,1,0,868,868
154779,1,0,1,110,2979,2925
154454,2,0,0,-1,-1,-1
151759,2,0,0,-1,-1,-1
0,0,0,0,-1,-1,-1
0,0,0,0,-1,-1,-1
0,0,0,0,-1,-1,-1
0,0,0,0,-1,-1,-1
154228,2,0,0,-1,-1,-1
0,0,0,0,-1,-1,-1
0,0,0,0,-1,-1,-1
0,0,0,0,-1,-1,-1
0,0,0,0,-1,-1,-1
0,0,0,0,-1,-1,-1
154758,2,0,0,-1,-1,-1
154084,2,0,0,-1,-1,-1
153621,2,0,0,-1,-1,-1
153197,2,0,0,-1,-1,-1
0,0,0,0,-1,-1,-1
154502,1,1,0,100,2185,2128
154670,1,1,0,113,2215,2175
0,0,0,0,-1,-1,-1
0,0,0,0,-1,-1,-1
153485,2,0,0,-1,-1,-1
0,0,0,0,-1,-1,-1
154467,1,0,1,245,4618,4463
0,0,0,0,-1,-1,-1
153766,2,0,0,-1,-1,-1
0,0,0,0,-1,-1,-1
154115,2,0,0,-1,-1,-1
155075,1,1,-1,84,3392,3356
155016,1,0,1,30,13415,13406
0,0,0,0,-1,-1,-1
155277,2,0,0,-1,-1,-1
154139,1,0,1,0,12261,12261
154076,2,0,0,-1,-1,-1
0,0,0,0,-1,-1,-1
0,0,0,0,-1,-1,-1
0,0,0,0,-1,-1,-1
154858,1,1,0,199,1533,1444
154209,1,0,1,40,5969,5957
155135,2,0,0,-1,-1,-1
154460,1,1,0,46,4643,4631
154643,2,0,0,-1,-1,-1
154768,2,0,0,-1,-1,-1
154370,2,0,0,-1,-1,-1
154956,1,1,0,45,978,967
152669,2,0,0,-1,-1,-1
154338,1,0,1,9,3816,3812
154129,2,0,0,-1,-1,-1
154799,1,1,0,0,275,275
0,0,0,0,-1,-1,-1
152709,2,0,0,-1,-1,-1
0,0,0,0,-1,-1,-1
0,0,0,0,-1,-1,-1
153124,1,1,0,114,6331,6297
154695,1,0,1,99,5699,5673
152525,1,0,1,41,10603,10588
0,0,0,0,-1,-1,-1
154855,1,1,0,78,2136,2079
154413,2,0,0,-1,-1,-1
154932,2,0,0,-1,-1,-1
0,0,0,0,-1,-1,-1
153589,1,1,0,128,1274,1207
154139,2,0,0,-1,-1,-1
155378,1,0,1,121,2346,2295
0,0,0,0,-1,-1,-1
155069,1,1,0,41,6594,6584
154886,1,1,0,0,2288,2288
154262,2,0,0,-1,-1,-1
0,0,0,0,-1,-1,-1
0,0,0,0,-1,-1,-1
154919,1,1,0,4,4454,4450
0,0,0,0,-1,-1,-1
153790,1,1,0,125,2037,1971
154825,2,0,0,-1,-1,-1
153161,2,0,0,-1,-1,-1
0,0,0,0,-1,-1,-1
155080,1,0,1,163,5014,4917
0,0,0,0,-1,-1,-1
154387,1,1,0,97,3491,3448
154571,2,0,0,-1,-1,-1
154815,1,1,0,0,5470,5470
153721,2,0,0,-1,-1,-1
154723,1,0,1,50,4862,4829
155268,1,1,0,75,8849,8803
0,0,0,0,-1,-1,-1
0,0,0,0,-1,-1,-1
154928,1,0,1,238,1422,1340
0,0,0,0,-1,-1,-1
0,0,0,0,-1,-1,-1
154725,1,1,0,216,2414,2320
154315,1,0,1,25,2999,2988
154244,2,0,0,-1,-1,-1
0,0,0,0,-1,-1,-1
154231,1,0,1,140,4779,4695
153770,2,0,0,-1,-1,-1
0,0,0,0,-1,-1,-1
0,0,0,0,-1,-1,-1
154222,2,0,0,-1,-1,-1
153673,2,0,0,-1,-1,-1
0,0,0,0,-1,-1,-1
154812,1,1,0,38,2342,2332
0,0,0,0,-1,-1,-1
154882,2,0,0,-1,-1,-1
154759,2,0,0,-1,-1,-1
0,0,0,0,-1,-1,-1
154326,2,0,0,-1,-1,-1
154773,1,1,0,48,6937,6920
153710,2,0,0,-1,-1,-1
0,0,0,0,-1,-1,-1
0,0,0,0,-1,-1,-1
0,0,0,0,-1,-1,-1
152957,1,0,1,99,1482,1428
0,0,0,0,-1,-1,-1
154598,2,0,0,-1,-1,-1
154130,2,0,0,-1,-1,-1
154986,2,0,0,-1,-1,-1
154460,2,0,0,-1,-1,-1
154980,1,1,1,80,5642,5618
0,0,0,0,-1,-1,-1
154194,2,0,0,-1,-1,-1
154733,2,0,0,-1,-1,-1
0,0,0,0,-1,-1,-1
0,0,0,0,-1,-1,-1
154041,1,1,-1,68,3338,3320
154274,2,0,0,-1,-1,-1
154469,1,0,1,114,5110,5046
0,0,0,0,-1,-1,-1
155283,1,0,1,116,2611,2532
0,0,0,0,-1,-1,-1
154297,1,1,0,131,1372,1311
0,0,0,0,-1,-1,-1
152991,1,0,1,61,12828,12798
152950,1,0,1,216,3426,3320
155295,1,0,1,160,2718,2642
155229,1,0,1,90,1631,1598
0,0,0,0,-1,-1,-1
154726,1,0,1,94,1381,1338
154200,1,1,0,41,838,822
0,0,0,0,-1,-1,-1
153415,2,0,0,-1,-1,-1
154299,2,0,0,-1,-1,-1
0,0,0,0,-1,-1,-1
154902,1,0,1,10,11585,11585
155370,1,0,1,61,2566,2531
154724,1,1,0,103,1114,1082
0,0,0,0,-1,-1,-1
154133,1,0,1,157,2565,2496
155374,1,0,1,113,3225,3190
154685,2,0,0,-1,-1,-1
154881,1,1,0,176,2714,2612
0,0,0,0,-1,-1,-1
154842,1,0,1,24,3477,3471
0,0,0,0,-1,-1,-1
0,0,0,0,-1,-1,-1
153284,2,0,0,-1,-1,-1
0,0,0,0,-1,-1,-1
154836,1,1,0,85,9746,9706
153121,2,0,0,-1,-1,-1
155009,2,0,0,-1,-1,-1
0,0,0,0,-1,-1,-1
0,0,0,0,-1,-1,-1
155200,1,0,1,124,4358,4322
154039,2,0,0,-1,-1,-1
155127,1,0,1,125,1702,1615
0,0,0,0,-1,-1,-1
0,0,0,0,-1,-1,-1
0,0,0,0,-1,-1,-1
153935,2,0,0,-1,-1,-1
153636,2,0,0,-1,-1,-1
152477,1,0,1,41,4862,4844
154106,1,1,0,0,6140,6140
0,0,0,0,-1,-1,-1
154748,1,0,1,0,7207,7207
0,0,0,0,-1,-1,-1
153758,2,0,0,-1,-1,-1
154452,2,0,0,-1,-1,-1
154768,1,1,0,225,5488,5376
154651,1,1,1,174,3593,3498
153918,2,0,0,-1,-1,-1
0,0,0,0,-1,-1,-1
155096,1,0,1,127,3973,3903
155194,1,0,1,49,1229,1220
154527,1,1,0,174,5881,5783
0,0,0,0,-1,-1,-1
153878,2,0,0,-1,-1,-1
154574,1,0,1,55,3120,3103
153357,2,0,0,-1,-1,-1
154686,1,1,0,0,7799,7799
0,0,0,0,-1,-1,-1
154331,1,1,0,146,2768,2706
154212,2,0,0,-1,-1,-1
153919,1,0,1,113,5055,5015
155363,1,0,1,56,1575,1526
0,0,0,0,-1,-1,-1
153926,1,1,0,158,1707,1654
0,0,0,0,-1,-1,-1
0,0,0,0,-1,-1,-1
153483,2,0,0,-1,-1,-1
153981,2,0,0,-1,-1,-1
155112,2,0,0,-1,-1,-1
154885,2,0,0,-1,-1,-1
154312,1,0,1,145,2744,2676
152456,2,0,0,-1,-1,-1
155345,1,1,0,152,2372,2325
0,0,0,0,-1,-1,-1
155146,1,1,1,60,1787,1746
154009,1,0,1,89,2134,2095
154064,2,0,0,-1,-1,-1
155111,1,1,-1,373,4773,4593
154933,1,0,1,185,4958,4874
155003,1,0,1,0,3443,3443
152898,1,0,1,181,2286,2217
155258,1,1,0,153,5756,5705
0,0,0,0,-1,-1,-1
154439,1,0,1,234,4303,4193
153179,1,0,1,95,8030,7981
154984,1,0,1,140,4480,4401
0,0,0,0,-1,-1,-1
155138,1,1,0,70,1088,1057
0,0,0,0,-1,-1,-1
152162,1,1,0,95,12348,12280
154193,2,0,0,-1,-1,-1
155006,2,0,0,-1,-1,-1
154535,2,0,0,-1,-1,-1
154355,2,0,0,-1,-1,-1
153756,2,0,0,-1,-1,-1
155340,1,0,1,132,4630,4573
153376,2,0,0,-1,-1,-1
155385,1,1,-1,66,4584,4526
154519,1,1,0,154,3435,3368
153234,1,1,0,0,5344,5344
154548,2,0,0,-1,-1,-1
154204,1,0,1,56,5688,5662
155087,2,0,0,-1,-1,-1
154091,2,0,0,-1,-1,-1
0,0,0,0,-1,-1,-1
152079,1,1,0,151,5262,5199
154698,1,1,0,8,10271,10268
155160,2,0,0,-1,-1,-1
153893,2,0,0,-1,-1,-1
155362,1,1,0,38,3606,3594
0,0,0,0,-1,-1,-1
153614,2,0,0,-1,-1,-1
155252,1,0,1,153,7011,6919
154409,2,0,0,-1,-1,-1
154802,1,0,1,23,250,237
155227,1,1,1,157,15707,15630
0,0,0,0,-1,-1,-1
151451,1,1,0,0,28161,28161
153999,1,0,1,187,5787,5710
0,0,0,0,-1,-1,-1
154594,2,0,0,-1,-1,-1
153926,1,0,1,158,4927,4845
155042,1,0,1,28,7176,7162
153820,1,0,1,137,4005,3964
154694,2,0,0,-1,-1,-1
0,0,0,0,-1,-1,-1
0,0,0,0,-1,-1,-1
153334,2,0,0,-1,-1,-1
155153,1,1,-1,85,7555,7505
154939,2,0,0,-1,-1,-1
153416,2,0,0,-1,-1,-1
154334,1,1,-1,319,6808,6689
0,0,0,0,-1,-1,-1
0,0,0,0,-1,-1,-1
153944,1,0,1,221,3840,3747
153463,2,0,0,-1,-1,-1
0,0,0,0,-1,-1,-1
0,0,0,0,-1,-1,-1
153536,2,0,0,-1,-1,-1
154825,1,1,0,147,5927,5871
154894,1,0,1,82,5851,5807
154814,2,0,0,-1,-1,-1
154987,1,0,1,108,1709,1659
154965,1,1,-1,288,4711,4569
153371,2,0,0,-1,-1,-1
154298,2,0,0,-1,-1,-1
155031,1,0,1,0,9078,9078
0,0,0,0,-1,-1,-1
154530,1,1,-1,273,7836,7696
152585,2,0,0,-1,-1,-1
155141,1,1,-1,152,9525,9450
155000,1,1,0,40,1631,1610
154863,2,0,0,-1,-1,-1
153497,2,0,0,-1,-1,-1
154791,1,1,0,159,3541,3477
155285,1,0,1,33,4484,4473
154726,2,0,0,-1,-1,-1
151544,2,0,0,-1,-1,-1
154809,1,1,0,86,2658,2613
153039,2,0,0,-1,-1,-1
0,0,0,0,-1,-1,-1
0,0,0,0,-1,-1,-1
155318,1,1,0,19,2355,2351
0,0,0,0,-1,-1,-1
154535,2,0,0,-1,-1,-1
155060,1,1,0,82,28683,28643
155343,1,1,0,118,1950,1902
153181,2,0,0,-1,-1,-1
154708,2,0,0,-1,-1,-1
154004,1,1,0,37,1411,1393
154844,1,1,0,167,2251,2152
154559,2,0,0,-1,-1,-1
0,0,0,0,-1,-1,-1
155162,2,0,0,-1,-1,-1
155225,1,1,-1,113,8228,8186
153687,2,0,0,-1,-1,-1
154901,2,0,0,-1,-1,-1
154400,1,1,0,186,3093,3002
154585,2,0,0,-1,-1,-1
0,0,0,0,-1,-1,-1
154828,2,0,0,-1,-1,-1
155348,1,1,0,206,5232,5143
154893,1,0,1,0,13916,13916
154415,2,0,0,-1,-1,-1
155321,1,1,0,96,1673,1636
155098,1,0,1,131,2330,2269
154429,1,1,0,0,1936,1936
154636,1,1,0,204,2506,2421
0,0,0,0,-1,-1,-1
154407,2,0,0,-1,-1,-1
155018,1,0,1,42,8028,8013
154579,2,0,0,-1,-1,-1
153813,2,0,0,-1,-1,-1
154972,2,0,0,-1,-1,-1
154186,1,0,1,267,2054,1930
154104,2,0,0,-1,-1,-1
155041,1,0,1,118,1506,1465
152784,2,0,0,-1,-1,-1
0,0,0,0,-1,-1,-1
153120,2,0,0,-1,-1,-1
154813,1,1,0,76,6591,6554
153807,2,0,0,-1,-1,-1
154347,1,0,1,271,3818,3687
154309,2,0,0,-1,-1,-1
155322,1,1,0,21,17922,17909
0,0,0,0,-1,-1,-1
154769,2,0,0,-1,-1,-1
0,0,0,0,-1,-1,-1
153630,2,0,0,-1,-1,-1
153998,2,0,0,-1,-1,-1
154688,2,0,0,-1,-1,-1
155304,1,0,1,14,8830,8817
151546,2,0,0,-1,-1,-1
154858,2,0,0,-1,-1,-1
154879,2,0,0,-1,-1,-1
0,0,0,0,-1,-1,-1
153918,1,1,0,0,3676,3676
0,0,0,0,-1,-1,-1
154600,2,0,0,-1,-1,-1
0,0,0,0,-1,-1,-1
0,0,0,0,-1,-1,-1
154457,2,0,0,-1,-1,-1
0,0,0,0,-1,-1,-1
0,0,0,0,-1,-1,-1
153586,2,0,0,-1,-1,-1
0,0,0,0,-1,-1,-1
153921,2,0,0,-1,-1,-1
0,0,0,0,-1,-1,-1
154859,1,0,1,190,14567,14484
153639,2,0,0,-1,-1,-1
154339,1,1,0,157,3546,3489
0,0,0,0,-1,-1,-1
155021,1,1,0,90,4525,4482
0,0,0,0,-1,-1,-1
0,0,0,0,-1,-1,-1
0,0,0,0,-1,-1,-1
154524,2,0,0,-1,-1,-1
154561,1,1,0,48,4550,4521
154161,2,0,0,-1,-1,-1
0,0,0,0,-1,-1,-1
154050,2,0,0,-1,-1,-1
155121,1,0,1,119,1623,1577
0,0,0,0,-1,-1,-1
0,0,0,0,-1,-1,-1
154736,1,1,0,76,11522,11467
154256,2,0,0,-1,-1,-1
154335,2,0,0,-1,-1,-1
0,0,0,0,-1,-1,-1
153309,2,0,0,-1,-1,-1
154217,1,1,0,121,4738,4700
155173,2,0,0,-1,-1,-1
0,0,0,0,-1,-1,-1
0,0,0,0,-1,-1,-1
152896,2,0,0,-1,-1,-1
155064,1,0,1,75,6989,6946
153533,2,0,0,-1,-1,-1
0,0,0,0,-1,-1,-1
0,0,0,0,-1,-1,-1
0,0,0,0,-1,-1,-1
155125,1,1,0,51,2350,2336
155185,1,0,1,17,9984,9983
0,0,0,0,-1,-1,-1
0,0,0,0,-1,-1,-1
154982,1,1,1,92,3473,3429
155110,1,1,0,147,3531,3479
153271,2,0,0,-1,-1,-1
153907,2,0,0,-1,-1,-1
154483,2,0,0,-1,-1,-1
154710,2,0,0,-1,-1,-1
154957,2,0,0,-1,-1,-1
154316,1,0,1,155,6402,6348
153528,2,0,0,-1,-1,-1
152587,2,0,0,-1,-1,-1
154692,1,1,-1,115,3585,3549
153755,1,0,1,85,1651,1627
154548,1,1,1,152,4282,4190
0,0,0,0,-1,-1,-1
0,0,0,0,-1,-1,-1
0,0,0,0,-1,-1,-1
0,0,0,0,-1,-1,-1
154417,1,0,1,165,10662,10565
155175,1,1,1,202,4547,4450
0,0,0,0,-1,-1,-1
154639,1,0,1,79,5051,5016
154562,2,0,0,-1,-1,-1
154100,1,1,0,216,4531,4457
154071,1,0,1,139,2076,1997
154603,1,0,1,49,17110,17086
154633,1,1,0,194,3895,3805
152805,2,0,0,-1,-1,-1
153691,1,0,1,121,1357,1308
154192,1,1,0,228,4186,4106
154219,2,0,0,-1,-1,-1
153004,2,0,0,-1,-1,-1
153685,2,0,0,-1,-1,-1
154855,1,1,0,118,16390,16358
154326,2,0,0,-1,-1,-1
155177,2,0,0,-1,-1,-1
0,0,0,0,-1,-1,-1
154704,2,0,0,-1,-1,-1
154832,1,0,1,86,1946,1901
154931,1,1,0,117,3638,3573
154608,1,0,1,64,626,584
155272,1,0,1,181,2423,2361
155152,1,1,0,60,21100,21087
0,0,0,0,-1,-1,-1
154240,1,1,0,96,2280,2236
154201,2,0,0,-1,-1,-1
154957,1,0,1,71,3872,3835
153701,1,1,0,44,4276,4258
0,0,0,0,-1,-1,-1
154583,1,0,1,58,1412,1383
154999,1,1,0,68,1848,1808
154581,2,0,0,-1,-1,-1
0,0,0,0,-1,-1,-1
153881,2,0,0,-1,-1,-1
153471,1,0,1,73,3048,3021
154854,2,0,0,-1,-1,-1
0,0,0,0,-1,-1,-1
0,0,0,0,-1,-1,-1
154534,1,1,1,99,12668,12623
153912,2,0,0,-1,-1,-1
0,0,0,0,-1,-1,-1
152981,2,0,0,-1,-1,-1
153908,2,0,0,-1,-1,-1
154852,1,1,1,167,7805,7734
155310,1,1,0,235,1877,1783
153746,2,0,0,-1,-1,-1
0,0,0,0,-1,-1,-1
0,0,0,0,-1,-1,-1
154758,1,0,1,86,4534,4511
0,0,0,0,-1,-1,-1
154186,2,0,0,-1,-1,-1
154640,1,1,0,106,3602,3538
155040,1,0,1,0,5445,5445
0,0,0,0,-1,-1,-1
155277,1,0,1,76,4300,4268
154091,1,1,0,89,3597,3568
153973,2,0,0,-1,-1,-1
0,0,0,0,-1,-1,-1
154941,2,0,0,-1,-1,-1
0,0,0,0,-1,-1,-1
153836,1,1,0,110,6541,6490
154950,1,0,1,0,3105,3105
0,0,0,0,-1,-1,-1
154224,2,0,0,-1,-1,-1
154761,2,0,0,-1,-1,-1
154882,2,0,0,-1,-1,-1
0,0,0,0,-1,-1,-1
153748,2,0,0,-1,-1,-1
154748,2,0,0,-1,-1,-1
155378,1,1,0,121,6793,6733
0,0,0,0,-1,-1,-1
153609,1,0,1,210,5997,5892
155039,2,0,0,-1,-1,-1
0,0,0,0,-1,-1,-1
154484,1,0,1,73,3291,3262
0,0,0,0,-1,-1,-1
153647,2,0,0,-1,-1,-1
153419,2,0,0,-1,-1,-1
155047,1,1,0,82,2812,2767
0,0,0,0,-1,-1,-1
153005,2,0,0,-1,-1,-1
0,0,0,0,-1,-1,-1
154951,1,1,0,154,1878,1822
154011,1,0,1,153,7391,7292
154621,2,0,0,-1,-1,-1
154742,2,0,0,-1,-1,-1
155235,1,1,0,177,2233,2160
0,0,0,0,-1,-1,-1
0,0,0,0,-1,-1,-1
0,0,0,0,-1,-1,-1
154676,1,1,0,99,9924,9878
154976,2,0,0,-1,-1,-1
0,0,0,0,-1,-1,-1
0,0,0,0,-1,-1,-1
153171,2,0,0,-1,-1,-1
153800,1,0,1,63,2636,2611
155207,2,0,0,-1,-1,-1
154602,2,0,0,-1,-1,-1
155247,1,0,1,31,5787,5773
153011,2,0,0,-1,-1,-1
0,0,0,0,-1,-1,-1
153768,1,0,1,60,5183,5155
154579,1,0,1,65,7892,7871
155135,1,1,1,54,14330,14303
154198,2,0,0,-1,-1,-1
154198,1,0,1,74,3399,3366
0,0,0,0,-1,-1,-1
154076,2,0,0,-1,-1,-1
0,0,0,0,-1,-1,-1
0,0,0,0,-1,-1,-1
154016,1,0,1,0,3782,3782
0,0,0,0,-1,-1,-1
0,0,0,0,-1,-1,-1
154878,1,1,0,175,6182,6107
155189,1,0,1,82,3139,3109
154675,1,1,0,30,1675,1662
0,0,0,0,-1,-1,-1
154477,2,0,0,-1,-1,-1
0,0,0,0,-1,-1,-1
155296,1,1,0,22,3942,3934
0,0,0,0,-1,-1,-1
154685,1,1,0,53,2020,2009
154150,1,1,0,41,1435,1404
154164,1,0,1,64,2757,2736
155363,1,1,0,45,14228,14217
154684,2,0,0,-1,-1,-1
154337,2,0,0,-1,-1,-1
154208,1,1,0,193,11309,11229
0,0,0,0,-1,-1,-1
0,0,0,0,-1,-1,-1
154175,2,0,0,-1,-1,-1
155337,1,0,1,150,2888,2811
155344,1,1,0,134,1999,1937
153879,1,1,0,191,1348,1247
153978,1,0,1,121,5492,5430
152861,1,1,0,49,5527,5504
0,0,0,0,-1,-1,-1
0,0,0,0,-1,-1,-1
154312,2,0,0,-1,-1,-1
0,0,0,0,-1,-1,-1
155253,2,0,0,-1,-1,-1
0,0,0,0,-1,-1,-1
154520,1,1,0,88,5117,5082
154691,1,0,1,65,3689,3643
0,0,0,0,-1,-1,-1
154321,1,1,0,0,19610,19610
153144,2,0,0,-1,-1,-1
0,0,0,0,-1,-1,-1
154207,2,0,0,-1,-1,-1
151930,1,1,0,95,2056,2009
154899,1,0,1,29,2435,2423
0,0,0,0,-1,-1,-1
155322,1,0,1,117,2840,2787
154430,1,1,0,57,3206,3174
154638,2,0,0,-1,-1,-1
153142,1,0,1,35,2849,2835
155029,1,1,1,215,7830,7733
154729,2,0,0,-1,-1,-1
155224,2,0,0,-1,-1,-1
0,0,0,0,-1,-1,-1
0,0,0,0,-1,-1,-1
154482,1,0,1,130,2723,2658
0,0,0,0,-1,-1,-1
155095,1,0,1,123,5931,5886
153038,2,0,0,-1,-1,-1
154744,1,1,0,172,1728,1660
153474,2,0,0,-1,-1,-1
0,0,0,0,-1,-1,-1
154729,2,0,0,-1,-1,-1
154606,1,0,1,191,3834,3750
155072,1,0,1,159,1896,1841
154794,2,0,0,-1,-1,-1
155267,1,0,1,147,4772,4714
154986,1,1,0,208,3276,3178
154371,2,0,0,-1,-1,-1
153865,2,0,0,-1,-1,-1
0,0,0,0,-1,-1,-1
0,0,0,0,-1,-1,-1
0,0,0,0,-1,-1,-1
153410,1,1,0,100,2393,2341
154158,2,0,0,-1,-1,-1
154544,1,1,0,0,3197,3197
0,0,0,0,-1,-1,-1
155356,1,1,1,102,3109,3047
154252,1,1,0,89,3062,3037
154234,1,1,0,0,10990,10990
155084,1,1,0,131,4078,4026
153535,2,0,0,-1,-1,-1
154497,2,0,0,-1,-1,-1
0,0,0,0,-1,-1,-1
155169,1,0,1,192,4738,4668
154124,1,1,0,180,1639,1552
154151,1,1,0,120,7387,7320
154689,1,0,1,73,7164,7102
0,0,0,0,-1,-1,-1
152697,2,0,0,-1,-1,-1
154929,2,0,0,-1,-1,-1
0,0,0,0,-1,-1,-1
153987,1,0,1,0,5372,5372
154828,1,1,0,61,8125,8094
154678,2,0,0,-1,-1,-1
153768,2,0,0,-1,-1,-1
0,0,0,0,-1,-1,-1
0,0,0,0,-1,-1,-1
0,0,0,0,-1,-1,-1
0,0,0,0,-1,-1,-1
153270,1,1,0,38,874,857
154063,2,0,0,-1,-1,-1
154137,1,0,1,179,3589,3523
155308,1,0,1,162,1083,1006
154569,2,0,0,-1,-1,-1
153472,2,0,0,-1,-1,-1
153694,1,0,1,223,7531,7428
153368,1,1,0,111,3494,3446
154496,2,0,0,-1,-1,-1
154110,2,0,0,-1,-1,-1
153330,1,1,0,0,3740,3740
154593,2,0,0,-1,-1,-1
154201,2,0,0,-1,-1,-1
155075,1,0,1,283,6371,6213
0,0,0,0,-1,-1,-1
154960,2,0,0,-1,-1,-1
154359,2,0,0,-1,-1,-1
155355,1,1,0,124,3143,3080
0,0,0,0,-1,-1,-1
154642,1,0,1,14,14512,14497
154588,2,0,0,-1,-1,-1
154945,1,1,1,107,4919,4879
154759,2,0,0,-1,-1,-1
154344,2,0,0,-1,-1,-1
153783,1,0,1,31,9806,9798
0,0,0,0,-1,-1,-1
0,0,0,0,-1,-1,-1
0,0,0,0,-1,-1,-1
152029,2,0,0,-1,-1,-1
0,0,0,0,-1,-1,-1
153431,2,0,0,-1,-1,-1
0,0,0,0,-1,-1,-1
154268,2,0,0,-1,-1,-1
0,0,0,0,-1,-1,-1
155027,1,1,1,165,3418,3343
153858,1,1,0,0,5492,5492
153319,2,0,0,-1,-1,-1
153601,2,0,0,-1,-1,-1
154631,1,1,1,189,5286,5204
0,0,0,0,-1,-1,-1
0,0,0,0,-1,-1,-1
155199,1,0,1,0,5918,5918
154824,2,0,0,-1,-1,-1
153453,1,0,1,125,3224,3196
154759,2,0,0,-1,-1,-1
155192,2,0,0,-1,-1,-1
154364,2,0,0,-1,-1,-1
0,0,0,0,-1,-1,-1
154505,1,1,1,33,8674,8649
153538,2,0,0,-1,-1,-1
154163,1,1,0,21,4601,4589
0,0,0,0,-1,-1,-1
154723,1,1,0,94,1872,1828
154533,1,1,0,51,2668,2653
154986,2,0,0,-1,-1,-1
0,0,0,0,-1,-1,-1
0,0,0,0,-1,-1,-1
0,0,0,0,-1,-1,-1
154769,1,1,0,27,16097,16090
153850,1,1,0,88,2569,2515
153745,1,0,1,217,4383,4300
152806,2,0,0,-1,-1,-1
0,0,0,0,-1,-1,-1
153758,2,0,0,-1,-1,-1
0,0,0,0,-1,-1,-1
155203,1,0,1,216,3861,3764
154984,2,0,0,-1,-1,-1
0,0,0,0,-1,-1,-1
154793,1,1,0,21,10375,10364
154659,2,0,0,-1,-1,-1
0,0,0,0,-1,-1,-1
154581,2,0,0,-1,-1,-1
0,0,0,0,-1,-1,-1
155298,1,0,1,20,32548,32536
153966,2,0,0,-1,-1,-1
155379,1,1,-1,394,5301,5139
154745,1,0,1,13,7647,7641
155273,1,1,0,123,1492,1438
154854,1,0,1,40,5698,5686
154775,1,1,0,50,5838,5826
154929,1,0,1,103,4276,4238
155185,1,1,0,133,2336,2281
0,0,0,0,-1,-1,-1
153276,1,1,0,130,2282,2224
154143,2,0,0,-1,-1,-1
0,0,0,0,-1,-1,-1
153301,2,0,0,-1,-1,-1
0,0,0,0,-1,-1,-1
152788,2,0,0,-1,-1,-1
0,0,0,0,-1,-1,-1
154142,1,1,0,82,13485,13454
155160,1,0,1,0,5529,5529
153411,2,0,0,-1,-1,-1
0,0,0,0,-1,-1,-1
155169,1,1,1,216,5475,5378
155384,1,0,1,56,9258,9237
155196,1,1,0,49,1735,1714
0,0,0,0,-1,-1,-1
154615,1,1,0,184,1802,1727
153755,2,0,0,-1,-1,-1
0,0,0,0,-1,-1,-1
0,0,0,0,-1,-1,-1
0,0,0,0,-1,-1,-1
154598,2,0,0,-1,-1,-1
0,0,0,0,-1,-1,-1
155359,1,1,1,36,18582,18575
0,0,0,0,-1,-1,-1
155039,1,1,-1,53,3638,3626
0,0,0,0,-1,-1,-1
154824,1,0,1,258,8612,8481
153351,2,0,0,-1,-1,-1
155382,1,0,1,0,2040,2040
0,0,0,0,-1,-1,-1
154412,2,0,0,-1,-1,-1
0,0,0,0,-1,-1,-1
155248,1,1,0,29,3484,3472
153762,2,0,0,-1,-1,-1
0,0,0,0,-1,-1,-1
0,0,0,0,-1,-1,-1
0,0,0,0,-1,-1,-1
155234,1,0,1,68,4761,4737
0,0,0,0,-1,-1,-1
154813,1,1,0,0,7247,7247
0,0,0,0,-1,-1,-1
155087,1,0,1,0,1110,1110
0,0,0,0,-1,-1,-1
154148,1,1,0,92,2519,2497
154465,1,0,1,36,2440,2421
152583,2,0,0,-1,-1,-1
154970,1,1,0,55,2808,2791
153662,2,0,0,-1,-1,-1
0,0,0,0,-1,-1,-1
154007,1,0,1,31,1698,1682
153388,1,1,1,96,2863,2818
153562,2,0,0,-1,-1,-1
0,0,0,0,-1,-1,-1
155099,2,0,0,-1,-1,-1
154453,2,0,0,-1,-1,-1
154696,1,1,0,75,3557,3536
153029,2,0,0,-1,-1,-1
154790,2,0,0,-1,-1,-1
0,0,0,0,-1,-1,-1
0,0,0,0,-1,-1,-1
154554,2,0,0,-1,-1,-1
154381,2,0,0,-1,-1,-1
154202,1,0,1,42,1982,1966
0,0,0,0,-1,-1,-1
153811,2,0,0,-1,-1,-1
154968,1,1,0,98,1761,1720
153904,1,1,0,0,16848,16848
154731,2,0,0,-1,-1,-1
154203,2,0,0,-1,-1,-1
154166,1,1,0,42,5334,5307
153187,2,0,0,-1,-1,-1
154775,1,0,1,109,2575,2523
155117,1,1,0,43,4736,4719
0,0,0,0,-1,-1,-1
0,0,0,0,-1,-1,-1
154644,2,0,0,-1,-1,-1
154105,1,1,0,170,2471,2386
154397,1,1,1,234,4933,4821
155324,1,1,0,202,8155,8063
0,0,0,0,-1,-1,-1
155150,1,1,0,63,1072,1055
153857,2,0,0,-1,-1,-1
0,0,0,0,-1,-1,-1
0,0,0,0,-1,-1,-1
0,0,0,0,-1,-1,-1
155341,1,1,0,0,4285,4285
154805,1,1,0,45,2324,2297
154878,2,0,0,-1,-1,-1
155208,1,0,1,70,3541,3510
155125,1,1,0,30,7328,7322
155032,2,0,0,-1,-1,-1
154757,2,0,0,-1,-1,-1
154832,1,1,0,162,6632,6562
154025,1,1,0,0,2210,2210
153551,2,0,0,-1,-1,-1
154433,1,1,0,47,1706,1682
155062,1,1,1,120,5256,5208
153879,2,0,0,-1,-1,-1
154155,2,0,0,-1,-1,-1
155287,1,1,1,113,19606,19565
154377,2,0,0,-1,-1,-1
154383,2,0,0,-1,-1,-1
154453,1,1,0,164,1750,1677
0,0,0,0,-1,-1,-1
0,0,0,0,-1,-1,-1
155182,1,1,0,74,3277,3244
0,0,0,0,-1,-1,-1
0,0,0,0,-1,-1,-1
153884,2,0,0,-1,-1,-1
155189,1,1,0,18,12098,12081
153621,1,1,0,180,4581,4501
154008,1,1,0,120,2474,2419
153890,2,0,0,-1,-1,-1
154041,2,0,0,-1,-1,-1
154269,1,1,0,182,3499,3417
153467,1,1,1,35,7644,7629
154334,1,1,0,0,4733,4733
0,0,0,0,-1,-1,-1
155169,2,0,0,-1,-1,-1
153732,2,0,0,-1,-1,-1
153907,1,1,0,84,6006,5960
155265,1,0,1,172,2323,2254
0,0,0,0,-1,-1,-1
155162,1,1,-1,212,3297,3201
155198,2,0,0,-1,-1,-1
152922,2,0,0,-1,-1,-1
0,0,0,0,-1,-1,-1
154287,1,1,1,69,4251,4222
154238,1,1,1,12,6254,6248
0,0,0,0,-1,-1,-1
0,0,0,0,-1,-1,-1
154965,1,0,1,7,7895,7889
0,0,0,0,-1,-1,-1
154884,2,0,0,-1,-1,-1
0,0,0,0,-1,-1,-1
153720,2,0,0,-1,-1,-1
154656,2,0,0,-1,-1,-1
154753,2,0,0,-1,-1,-1
0,0,0,0,-1,-1,-1
155033,1,0,1,186,1620,1529
154917,1,1,0,149,841,765
154580,1,0,1,48,6380,6364
154091,2,0,0,-1,-1,-1
154753,1,1,0,225,2105,2006
155322,1,1,0,48,16017,15992
153825,2,0,0,-1,-1,-1
0,0,0,0,-1,-1,-1
153679,2,0,0,-1,-1,-1
155317,1,1,0,67,1953,1931
154725,1,0,1,85,4784,4763
0,0,0,0,-1,-1,-1
155068,2,0,0,-1,-1,-1
0,0,0,0,-1,-1,-1
0,0,0,0,-1,-1,-1
0,0,0,0,-1,-1,-1
0,0,0,0,-1,-1,-1
0,0,0,0,-1,-1,-1
153880,2,0,0,-1,-1,-1
0,0,0,0,-1,-1,-1
0,0,0,0,-1,-1,-1
153621,2,0,0,-1,-1,-1
154333,1,1,0,163,4763,4695
0,0,0,0,-1,-1,-1
154185,2,0,0,-1,-1,-1
155304,1,0,1,225,2777,2667
155377,1,1,-1,167,4785,4707
154197,1,1,-1,199,4189,4075
0,0,0,0,-1,-1,-1
153021,1,1,0,31,2968,2954
153374,2,0,0,-1,-1,-1
155132,1,0,1,21,4639,4638
0,0,0,0,-1,-1,-1
153257,1,0,1,119,4063,4017
153617,1,1,0,28,5494,5483
154495,1,1,0,0,2218,2218
155243,1,1,0,143,2720,2682
154478,2,0,0,-1,-1,-1
154361,2,0,0,-1,-1,-1
155161,1,1,0,60,5308,5273
155181,1,1,0,83,3069,3021
0,0,0,0,-1,-1,-1
0,0,0,0,-1,-1,-1
155382,1,0,1,0,9883,9883
154437,2,0,0,-1,-1,-1
154689,2,0,0,-1,-1,-1
0,0,0,0,-1,-1,-1
153889,1,1,0,66,6656,6624
154736,1,0,1,48,10511,10482
155195,1,1,0,0,3945,3945
155068,1,1,0,263,1668,1545
0,0,0,0,-1,-1,-1
0,0,0,0,-1,-1,-1
0,0,0,0,-1,-1,-1
154636,2,0,0,-1,-1,-1
0,0,0,0,-1,-1,-1
0,0,0,0,-1,-1,-1
155026,2,0,0,-1,-1,-1
0,0,0,0,-1,-1,-1
155016,2,0,0,-1,-1,-1
0,0,0,0,-1,-1,-1
0,0,0,0,-1,-1,-1
155084,2,0,0,-1,-1,-1
154437,2,0,0,-1,-1,-1
154239,1,1,0,44,15324,15294
154304,2,0,0,-1,-1,-1
154409,1,0,1,19,3482,3465
155056,1,0,1,259,2797,2660
155240,1,0,1,63,8208,8184
155210,1,1,0,8,4268,4261
154411,1,1,0,45,8595,8577
155078,1,0,1,174,2981,2914
0,0,0,0,-1,-1,-1
0,0,0,0,-1,-1,-1
155255,1,0,1,157,2316,2240
0,0,0,0,-1,-1,-1
152053,2,0,0,-1,-1,-1
154039,2,0,0,-1,-1,-1
154641,1,1,0,71,3519,3491
0,0,0,0,-1,-1,-1
154109,1,0,1,83,1851,1826
153989,2,0,0,-1,-1,-1
154377,2,0,0,-1,-1,-1
0,0,0,0,-1,-1,-1
155082,1,0,1,102,2482,2418
154089,1,1,0,33,3246,3236
0,0,0,0,-1,-1,-1
0,0,0,0,-1,-1,-1
153205,2,0,0,-1,-1,-1
153594,1,0,1,115,5595,5563
0,0,0,0,-1,-1,-1
153938,2,0,0,-1,-1,-1
154714,1,1,0,97,3571,3530
154475,2,0,0,-1,-1,-1
154966,1,1,0,143,4722,4634
154801,1,1,0,157,4678,4592
155327,1,1,0,136,7020,6960
154518,2,0,0,-1,-1,-1
154457,2,0,0,-1,-1,-1
0,0,0,0,-1,-1,-1
153510,2,0,0,-1,-1,-1
153644,1,0,1,103,3735,3695
0,0,0,0,-1,-1,-1
154490,1,1,0,28,2867,2858
154052,1,0,1,191,1414,1335
155234,2,0,0,-1,-1,-1
154208,1,0,1,0,11309,11309
154562,1,1,0,26,3822,3807
154977,1,1,-1,155,5104,5032
0,0,0,0,-1,-1,-1
0,0,0,0,-1,-1,-1
154574,1,1,0,71,2691,2659
0,0,0,0,-1,-1,-1
0,0,0,0,-1,-1,-1
154568,2,0,0,-1,-1,-1
154846,1,1,0,123,4312,4264
153893,2,0,0,-1,-1,-1
154047,2,0,0,-1,-1,-1
0,0,0,0,-1,-1,-1
155144,1,1,0,0,2879,2879
154650,2,0,0,-1,-1,-1
154651,1,1,1,81,5478,5432
155328,1,1,-1,198,4165,4062
154980,1,1,0,160,1846,1769
153881,1,1,0,60,15557,15534
0,0,0,0,-1,-1,-1
154713,1,0,1,159,3937,3856
154750,1,0,1,189,4918,4852
153487,2,0,0,-1,-1,-1
154827,1,1,0,60,4320,4295
0,0,0,0,-1,-1,-1
153422,2,0,0,-1,-1,-1
0,0,0,0,-1,-1,-1
0,0,0,0,-1,-1,-1
154002,2,0,0,-1,-1,-1
0,0,0,0,-1,-1,-1
155266,1,1,0,116,3623,3569
154419,1,1,0,95,2310,2282
0,0,0,0,-1,-1,-1
0,0,0,0,-1,-1,-1
153823,2,0,0,-1,-1,-1
155294,2,0,0,-1,-1,-1
152907,2,0,0,-1,-1,-1
154520,1,0,1,0,6394,6394
153661,2,0,0,-1,-1,-1
0,0,0,0,-1,-1,-1
155179,1,0,1,211,1481,1386
153098,2,0,0,-1,-1,-1
0,0,0,0,-1,-1,-1
154466,2,0,0,-1,-1,-1
155210,1,1,0,36,2851,2836
154799,2,0,0,-1,-1,-1
154156,2,0,0,-1,-1,-1
0,0,0,0,-1,-1,-1
0,0,0,0,-1,-1,-1
154577,1,0,1,159,7785,7717
153313,2,0,0,-1,-1,-1
0,0,0,0,-1,-1,-1
155101,2,0,0,-1,-1,-1
154981,1,1,0,282,2385,2265
154633,2,0,0,-1,-1,-1
0,0,0,0,-1,-1,-1
154854,2,0,0,-1,-1,-1
153981,2,0,0,-1,-1,-1
0,0,0,0,-1,-1,-1
154376,2,0,0,-1,-1,-1
155152,1,1,0,158,2800,2745
153545,2,0,0,-1,-1,-1
0,0,0,0,-1,-1,-1
155005,2,0,0,-1,-1,-1
154242,2,0,0,-1,-1,-1
0,0,0,0,-1,-1,-1
154132,2,0,0,-1,-1,-1
0,0,0,0,-1,-1,-1
154587,2,0,0,-1,-1,-1
154833,2,0,0,-1,-1,-1
154497,2,0,0,-1,-1,-1
0,0,0,0,-1,-1,-1
155152,1,0,1,47,23409,23396
154266,2,0,0,-1,-1,-1
154144,1,1,0,54,9855,9825
0,0,0,0,-1,-1,-1
155107,2,0,0,-1,-1,-1
154534,1,0,1,64,4603,4582
0,0,0,0,-1,-1,-1
155231,1,0,1,41,2840,2825
0,0,0,0,-1,-1,-1
152295,1,1,0,33,10618,10606
153357,1,1,0,38,3781,3765
154712,1,0,1,0,6447,6447
155139,1,1,0,94,2818,2778
155179,1,1,0,74,2939,2912
154435,2,0,0,-1,-1,-1
155014,1,0,1,0,1721,1723
154618,1,1,0,49,1555,1539
153774,2,0,0,-1,-1,-1
154897,2,0,0,-1,-1,-1
0,0,0,0,-1,-1,-1
154133,2,0,0,-1,-1,-1
152646,2,0,0,-1,-1,-1
152436,2,0,0,-1,-1,-1
155045,1,1,0,179,5800,5718
0,0,0,0,-1,-1,-1
153271,1,1,0,139,2325,2263
154563,1,1,0,5,12905,12903
155366,1,1,1,24,12259,12248
154059,1,1,-1,371,3117,2986
0,0,0,0,-1,-1,-1
153692,2,0,0,-1,-1,-1
0,0,0,0,-1,-1,-1
155044,1,1,1,353,3502,3356
155039,2,0,0,-1,-1,-1
153929,1,1,0,71,9854,9813
154832,1,0,1,221,7814,7738
154745,2,0,0,-1,-1,-1
154334,2,0,0,-1,-1,-1
154049,1,0,1,77,1928,1898
152963,2,0,0,-1,-1,-1
0,0,0,0,-1,-1,-1
155154,1,1,1,115,6300,6253
0,0,0,0,-1,-1,-1
0,0,0,0,-1,-1,-1
154727,2,0,0,-1,-1,-1
155370,1,0,1,147,3834,3765
0,0,0,0,-1,-1,-1
155177,1,0,1,91,1454,1406
0,0,0,0,-1,-1,-1
154326,2,0,0,-1,-1,-1
154442,2,0,0,-1,-1,-1
0,0,0,0,-1,-1,-1
0,0,0,0,-1,-1,-1
154277,1,1,0,174,3227,3161
154653,2,0,0,-1,-1,-1
154732,1,0,1,65,1155,1108
153882,1,0,1,211,3181,3090
0,0,0,0,-1,-1,-1
0,0,0,0,-1,-1,-1
154864,1,1,0,102,3746,3697
155326,2,0,0,-1,-1,-1
0,0,0,0,-1,-1,-1
154271,1,1,0,63,8365,8311
0,0,0,0,-1,-1,-1
154741,1,0,1,196,1819,1732
0,0,0,0,-1,-1,-1
153374,2,0,0,-1,-1,-1
154980,2,0,0,-1,-1,-1
154876,1,1,0,105,1394,1354
155261,1,0,1,125,3018,2962
0,0,0,0,-1,-1,-1
154463,2,0,0,-1,-1,-1
0,0,0,0,-1,-1,-1
153564,1,0,1,0,4035,4035
153059,2,0,0,-1,-1,-1
155156,1,1,-1,135,3540,3476
155084,1,0,1,71,7640,7613
154562,2,0,0,-1,-1,-1
0,0,0,0,-1,-1,-1
154856,1,1,1,106,3757,3692
154189,2,0,0,-1,-1,-1
155058,1,0,1,156,3139,3082
155320,1,1,0,54,674,657
154860,2,0,0,-1,-1,-1
0,0,0,0,-1,-1,-1
154150,2,0,0,-1,-1,-1
0,0,0,0,-1,-1,-1
0,0,0,0,-1,-1,-1
0,0,0,0,-1,-1,-1
154970,1,1,0,64,2356,2325
154207,1,1,0,77,2205,2170
154561,1,1,0,203,7386,7277
154564,2,0,0,-1,-1,-1
0,0,0,0,-1,-1,-1
152319,2,0,0,-1,-1,-1
154162,2,0,0,-1,-1,-1
0,0,0,0,-1,-1,-1
154445,1,0,1,136,7536,7491
0,0,0,0,-1,-1,-1
154810,2,0,0,-1,-1,-1
0,0,0,0,-1,-1,-1
154812,1,0,1,92,2486,2423
154254,2,0,0,-1,-1,-1
154314,2,0,0,-1,-1,-1
154824,2,0,0,-1,-1,-1
155334,1,1,0,62,2976,2952
153057,2,0,0,-1,-1,-1
154772,2,0,0,-1,-1,-1
0,0,0,0,-1,-1,-1
155002,1,0,1,52,1709,1686
154032,2,0,0,-1,-1,-1
0,0,0,0,-1,-1,-1
0,0,0,0,-1,-1,-1
154488,1,0,1,162,5470,5385
0,0,0,0,-1,-1,-1
154766,2,0,0,-1,-1,-1
153451,2,0,0,-1,-1,-1
0,0,0,0,-1,-1,-1
154112,2,0,0,-1,-1,-1
155049,2,0,0,-1,-1,-1
153949,1,1,0,39,11636,11612
155114,1,0,1,98,3497,3449
155317,1,1,0,204,10063,9983
153564,2,0,0,-1,-1,-1
152770,1,0,1,53,2413,2381
154997,1,0,1,348,2507,2310
0,0,0,0,-1,-1,-1
0,0,0,0,-1,-1,-1
154450,2,0,0,-1,-1,-1
154022,1,0,1,237,2432,2309
154864,1,0,1,92,3085,3033
154443,2,0,0,-1,-1,-1
153642,1,0,1,121,2914,2871
155338,1,0,1,0,2720,2720
154754,2,0,0,-1,-1,-1
154389,2,0,0,-1,-1,-1
0,0,0,0,-1,-1,-1
0,0,0,0,-1,-1,-1
0,0,0,0,-1,-1,-1
153542,2,0,0,-1,-1,-1
0,0,0,0,-1,-1,-1
154504,1,1,-1,162,8579,8523
153369,1,0,1,104,5134,5095
153801,2,0,0,-1,-1,-1
153629,2,0,0,-1,-1,-1
154366,1,0,1,12,19022,19016
0,0,0,0,-1,-1,-1
154634,1,0,1,166,4645,4579
0,0,0,0,-1,-1,-1
153726,2,0,0,-1,-1,-1
154229,2,0,0,-1,-1,-1
0,0,0,0,-1,-1,-1
155287,1,1,0,135,3097,3035
154992,2,0,0,-1,-1,-1
155068,1,0,1,219,3735,3659
0,0,0,0,-1,-1,-1
0,0,0,0,-1,-1,-1
154565,1,1,0,43,4253,4238
154791,2,0,0,-1,-1,-1
153411,1,0,1,69,6334,6307
0,0,0,0,-1,-1,-1
154412,1,1,1,155,4026,3966
0,0,0,0,-1,-1,-1
153129,2,0,0,-1,-1,-1
155275,1,1,0,52,2604,2589
155286,1,0,1,11,16972,16965
0,0,0,0,-1,-1,-1
0,0,0,0,-1,-1,-1
155089,1,0,1,128,2543,2476
0,0,0,0,-1,-1,-1
0,0,0,0,-1,-1,-1
153859,2,0,0,-1,-1,-1
153676,1,1,0,36,8373,8358
155335,1,0,1,140,1793,1724
153671,1,0,1,45,6842,6827
154345,1,0,1,120,17905,17872
152885,2,0,0,-1,-1,-1
0,0,0,0,-1,-1,-1
154915,2,0,0,-1,-1,-1
154577,1,0,1,74,2958,2930
155320,1,1,0,24,3029,3015
155284,1,1,0,255,1430,1327
154629,2,0,0,-1,-1,-1
154792,2,0,0,-1,-1,-1
154891,2,0,0,-1,-1,-1
153074,1,1,0,0,35063,35063
153208,1,0,1,300,4323,4176
0,0,0,0,-1,-1,-1
0,0,0,0,-1,-1,-1
0,0,0,0,-1,-1,-1
0,0,0,0,-1,-1,-1
155009,1,1,0,90,3150,3119
154544,1,0,1,44,3006,2969
155213,1,1,1,91,5517,5464
0,0,0,0,-1,-1,-1
154660,2,0,0,-1,-1,-1
154631,1,1,0,37,8692,8684
155180,1,0,1,167,5430,5364
154984,1,0,1,39,7114,7095
152933,1,0,1,22,5676,5670
0,0,0,0,-1,-1,-1
155256,1,1,0,59,1020,999
0,0,0,0,-1,-1,-1
155236,2,0,0,-1,-1,-1
154903,2,0,0,-1,-1,-1
153676,1,1,0,226,2197,2099
154884,2,0,0,-1,-1,-1
155048,1,0,1,0,14783,14783
0,0,0,0,-1,-1,-1
0,0,0,0,-1,-1,-1
0,0,0,0,-1,-1,-1
154472,2,0,0,-1,-1,-1
154483,2,0,0,-1,-1,-1
0,0,0,0,-1,-1,-1
0,0,0,0,-1,-1,-1
155082,1,0,1,40,4004,3986
154741,1,1,0,152,2881,2832
153927,2,0,0,-1,-1,-1
0,0,0,0,-1,-1,-1
153818,1,0,1,51,11889,11865
154858,2,0,0,-1,-1,-1
154680,1,1,0,113,12142,12046
152883,1,0,1,169,3430,3361
154092,1,1,0,45,1676,1665
155314,1,1,0,91,4444,4411
154898,2,0,0,-1,-1,-1
155041,1,1,0,86,2459,2403
154296,2,0,0,-1,-1,-1
0,0,0,0,-1,-1,-1
0,0,0,0,-1,-1,-1
155182,1,1,0,59,4209,4177
154864,1,0,1,64,11762,11741
155325,1,1,0,0,14030,14030
154287,2,0,0,-1,-1,-1
154337,1,1,0,56,4557,4524
0,0,0,0,-1,-1,-1
154507,2,0,0,-1,-1,-1
154004,2,0,0,-1,-1,-1
154827,1,1,0,125,4626,4567
0,0,0,0,-1,-1,-1
154143,2,0,0,-1,-1,-1
153628,1,1,0,55,4007,3947
155234,1,0,1,27,3679,3673
154661,2,0,0,-1,-1,-1
154643,2,0,0,-1,-1,-1
154927,2,0,0,-1,-1,-1
155025,1,0,1,105,2771,2736
153811,2,0,0,-1,-1,-1
154785,1,1,1,38,2367,2336
0,0,0,0,-1,-1,-1
154851,2,0,0,-1,-1,-1
154901,2,0,0,-1,-1,-1
154088,1,1,0,150,4218,4157
155313,1,0,1,208,3658,3567
0,0,0,0,-1,-1,-1
155224,2,0,0,-1,-1,-1
152452,2,0,0,-1,-1,-1
153656,2,0,0,-1,-1,-1
152705,2,0,0,-1,-1,-1
0,0,0,0,-1,-1,-1
0,0,0,0,-1,-1,-1
154872,2,0,0,-1,-1,-1
0,0,0,0,-1,-1,-1
154979,1,1,0,0,7550,7550
155205,1,1,0,146,2113,2045
0,0,0,0,-1,-1,-1
153696,2,0,0,-1,-1,-1
0,0,0,0,-1,-1,-1
153809,2,0,0,-1,-1,-1
154094,1,1,0,227,4992,4864
154779,1,1,0,23,12328,12320
154477,1,0,1,271,2410,2297
0,0,0,0,-1,-1,-1
154302,2,0,0,-1,-1,-1
153313,2,0,0,-1,-1,-1
154992,1,1,0,79,8961,8931
154953,1,1,0,115,4624,4550
0,0,0,0,-1,-1,-1
0,0,0,0,-1,-1,-1
153960,1,0,1,157,3497,3440
154476,1,1,0,183,1757,1663
154369,2,0,0,-1,-1,-1
154528,2,0,0,-1,-1,-1
0,0,0,0,-1,-1,-1
154505,2,0,0,-1,-1,-1
154594,1,1,0,40,17812,17770
154424,2,0,0,-1,-1,-1
155006,1,0,1,215,2723,2633
153726,2,0,0,-1,-1,-1
154834,1,1,0,176,1701,1639
0,0,0,0,-1,-1,-1
0,0,0,0,-1,-1,-1
154338,2,0,0,-1,-1,-1
0,0,0,0,-1,-1,-1
0,0,0,0,-1,-1,-1
154448,1,1,0,10,5136,5130
0,0,0,0,-1,-1,-1
154144,2,0,0,-1,-1,-1
154602,2,0,0,-1,-1,-1
154575,1,0,1,145,2716,2587
155202,1,0,1,0,3146,3146
155164,2,0,0,-1,-1,-1
0,0,0,0,-1,-1,-1
154573,1,1,0,135,4930,4892
152415,2,0,0,-1,-1,-1
155348,1,1,0,50,28129,28100
0,0,0,0,-1,-1,-1
154121,2,0,0,-1,-1,-1
0,0,0,0,-1,-1,-1
154896,1,1,-1,34,5169,5146
0,0,0,0,-1,-1,-1
153497,2,0,0,-1,-1,-1
151841,2,0,0,-1,-1,-1
154565,1,1,0,91,4728,4679
0,0,0,0,-1,-1,-1
153660,2,0,0,-1,-1,-1
0,0,0,0,-1,-1,-1
153891,2,0,0,-1,-1,-1
154114,1,1,0,76,1895,1847
0,0,0,0,-1,-1,-1
154191,2,0,0,-1,-1,-1
0,0,0,0,-1,-1,-1
0,0,0,0,-1,-1,-1
153925,2,0,0,-1,-1,-1
154568,1,1,0,90,4687,4628
151576,2,0,0,-1,-1,-1
153754,1,0,1,44,1791,1762
155223,1,0,1,114,3919,3857
154510,2,0,0,-1,-1,-1
0,0,0,0,-1,-1,-1
0,0,0,0,-1,-1,-1
153732,1,1,0,130,3832,3786
154527,1,1,0,101,4179,4157
152639,2,0,0,-1,-1,-1
153410,2,0,0,-1,-1,-1
153889,2,0,0,-1,-1,-1
154200,1,0,1,62,2406,2381
155084,2,0,0,-1,-1,-1
154419,1,0,1,169,5195,5117
155303,1,1,1,158,3408,3337
153924,1,1,1,267,4478,4382
155235,1,0,1,28,6497,6476
155013,1,0,1,86,4814,4767
154632,1,0,1,250,4070,3926
154045,1,0,1,0,8264,8264
154841,1,1,0,97,4834,4802
153886,1,0,1,132,2707,2658
153016,2,0,0,-1,-1,-1
153926,2,0,0,-1,-1,-1
154951,2,0,0,-1,-1,-1
0,0,0,0,-1,-1,-1
155257,1,1,0,0,10384,10384
154892,2,0,0,-1,-1,-1
152118,2,0,0,-1,-1,-1
154879,2,0,0,-1,-1,-1
154934,1,1,0,172,7383,7311
155303,1,0,1,148,8608,8543
154724,2,0,0,-1,-1,-1
0,0,0,0,-1,-1,-1
0,0,0,0,-1,-1,-1
155083,1,1,0,146,3777,3698
154557,1,1,-1,120,4420,4375
154250,1,1,0,8,4596,4593
154513,1,0,1,65,5228,5201
0,0,0,0,-1,-1,-1
154998,2,0,0,-1,-1,-1
154794,2,0,0,-1,-1,-1
154217,1,0,1,74,3990,3941
155156,2,0,0,-1,-1,-1
0,0,0,0,-1,-1,-1
153999,2,0,0,-1,-1,-1
154559,2,0,0,-1,-1,-1
0,0,0,0,-1,-1,-1
155249,1,0,1,59,5965,5959
154565,2,0,0,-1,-1,-1
153824,2,0,0,-1,-1,-1
155081,1,1,0,62,2203,2170
155052,1,1,-1,159,6228,6153
154595,2,0,0,-1,-1,-1
153600,1,0,1,89,3862,3821
155060,1,1,0,50,3802,3761
0,0,0,0,-1,-1,-1
153268,2,0,0,-1,-1,-1
153584,2,0,0,-1,-1,-1
0,0,0,0,-1,-1,-1
155329,1,1,-1,175,5416,5345
153551,2,0,0,-1,-1,-1
152880,2,0,0,-1,-1,-1
155073,1,0,1,169,6753,6674
155226,1,0,1,56,3655,3624
153752,2,0,0,-1,-1,-1
154662,2,0,0,-1,-1,-1
153184,1,0,1,48,3344,3325
155084,2,0,0,-1,-1,-1
153279,2,0,0,-1,-1,-1
154920,1,0,1,79,3349,3325
154697,2,0,0,-1,-1,-1
154048,1,0,1,305,5168,5026
154994,1,0,1,0,35350,35350
154123,1,0,1,54,3049,3028
0,0,0,0,-1,-1,-1
0,0,0,0,-1,-1,-1
0,0,0,0,-1,-1,-1
0,0,0,0,-1,-1,-1
0,0,0,0,-1,-1,-1
0,0,0,0,-1,-1,-1
155268,1,1,0,256,4325,4196
155255,1,0,1,243,6118,5991
0,0,0,0,-1,-1,-1
154479,1,1,0,75,2018,1998
153150,1,0,1,154,3261,3204
154380,2,0,0,-1,-1,-1
155206,1,0,1,0,9079,9079
154701,2,0,0,-1,-1,-1
0,0,0,0,-1,-1,-1
154993,1,1,1,123,9301,9251
154565,2,0,0,-1,-1,-1
154803,2,0,0,-1,-1,-1
152306,2,0,0,-1,-1,-1
153563,2,0,0,-1,-1,-1
0,0,0,0,-1,-1,-1
154800,1,0,1,179,2360,2291
154837,1,1,0,125,5118,5054
153615,1,1,1,112,7011,6954
0,0,0,0,-1,-1,-1
154491,1,1,1,136,3486,3428
154561,1,1,1,0,5559,5559
0,0,0,0,-1,-1,-1
153894,1,1,-1,128,7706,7664
154767,2,0,0,-1,-1,-1
154724,2,0,0,-1,-1,-1
0,0,0,0,-1,-1,-1
154491,1,1,0,102,2012,1957
154372,1,0,1,117,9583,9526
0,0,0,0,-1,-1,-1
154225,1,1,0,151,2057,1964
154732,1,1,0,157,7362,7288
154719,1,0,1,3,14959,14957
0,0,0,0,-1,-1,-1
154700,1,0,1,148,2452,2376
154421,1,1,0,96,2201,2184
155344,1,1,1,185,4717,4624
155015,1,1,0,41,3096,3078
154316,1,1,0,81,5390,5365
153494,1,0,1,134,3969,3913
0,0,0,0,-1,-1,-1
154611,1,1,0,67,2312,2274
0,0,0,0,-1,-1,-1
154985,1,0,1,162,4320,4256
154051,2,0,0,-1,-1,-1
154688,1,0,1,0,10424,10424
154917,2,0,0,-1,-1,-1
0,0,0,0,-1,-1,-1
154125,1,0,1,134,6535,6477
154223,2,0,0,-1,-1,-1
152615,2,0,0,-1,-1,-1
0,0,0,0,-1,-1,-1
155042,2,0,0,-1,-1,-1
0,0,0,0,-1,-1,-1
0,0,0,0,-1,-1,-1
0,0,0,0,-1,-1,-1
152324,2,0,0,-1,-1,-1
153073,2,0,0,-1,-1,-1
155149,1,1,0,0,2014,2014
154297,1,0,1,43,5135,5119
154316,1,1,0,141,3695,3634
154203,2,0,0,-1,-1,-1
154582,2,0,0,-1,-1,-1
154697,2,0,0,-1,-1,-1
155187,1,1,0,130,3596,3529
154643,1,1,0,175,1858,1771
155223,1,1,0,138,4264,4194
0,0,0,0,-1,-1,-1
155374,1,1,1,111,4244,4184
0,0,0,0,-1,-1,-1
155062,1,1,0,79,7219,7195
0,0,0,0,-1,-1,-1
155189,1,0,1,87,6265,6243
154886,2,0,0,-1,-1,-1
151673,1,1,0,83,3681,3653
0,0,0,0,-1,-1,-1
0,0,0,0,-1,-1,-1
0,0,0,0,-1,-1,-1
0,0,0,0,-1,-1,-1
154748,1,1,0,72,9930,9904
154952,1,0,1,162,6844,6755
155021,1,0,1,83,1384,1350
155332,1,1,0,110,3551,3518
152400,1,1,-1,116,5121,5047
0,0,0,0,-1,-1,-1
155146,1,0,1,62,5371,5347
155320,1,1,0,119,5524,5484
0,0,0,0,-1,-1,-1
153913,2,0,0,-1,-1,-1
0,0,0,0,-1,-1,-1
154995,2,0,0,-1,-1,-1
154980,1,1,-1,220,5371,5261
153541,1,1,0,81,5180,5127
0,0,0,0,-1,-1,-1
154401,1,0,1,39,4206,4187
154496,2,0,0,-1,-1,-1
0,0,0,0,-1,-1,-1
0,0,0,0,-1,-1,-1
0,0,0,0,-1,-1,-1
0,0,0,0,-1,-1,-1
154934,2,0,0,-1,-1,-1
153868,1,1,0,145,6218,6155
0,0,0,0,-1,-1,-1
154723,2,0,0,-1,-1,-1
0,0,0,0,-1,-1,-1
155081,1,1,0,136,2227,2156
154456,1,1,-1,254,4077,3997
155098,1,1,0,132,3316,3249
153926,1,1,0,237,1826,1713
154073,1,1,0,161,2175,2095
0,0,0,0,-1,-1,-1
0,0,0,0,-1,-1,-1
154390,1,1,1,204,5261,5170
154994,2,0,0,-1,-1,-1
152234,1,1,0,225,1683,1580
154472,1,1,0,115,7061,7005
153909,2,0,0,-1,-1,-1
154698,1,0,1,0,1270,1270
0,0,0,0,-1,-1,-1
0,0,0,0,-1,-1,-1
155065,2,0,0,-1,-1,-1
0,0,0,0,-1,-1,-1
155262,1,0,1,0,9950,9950
153143,2,0,0,-1,-1,-1
0,0,0,0,-1,-1,-1
0,0,0,0,-1,-1,-1
155125,1,0,1,87,3054,3015
155131,1,0,1,66,3188,3151
0,0,0,0,-1,-1,-1
152813,2,0,0,-1,-1,-1
155206,1,0,1,152,1034,978
0,0,0,0,-1,-1,-1
153385,2,0,0,-1,-1,-1
154818,1,1,0,16,10125,10112
0,0,0,0,-1,-1,-1
155095,1,0,1,126,3228,3167
154708,2,0,0,-1,-1,-1
155149,1,1,0,3,7149,7139
154348,2,0,0,-1,-1,-1
154993,1,1,0,24,4415,4400
154126,2,0,0,-1,-1,-1
0,0,0,0,-1,-1,-1
154200,2,0,0,-1,-1,-1
154140,2,0,0,-1,-1,-1
0,0,0,0,-1,-1,-1
155196,2,0,0,-1,-1,-1
0,0,0,0,-1,-1,-1
155248,1,1,0,127,5249,5212
152709,1,1,0,204,3666,3570
0,0,0,0,-1,-1,-1
155107,1,1,1,50,3243,3204
154050,2,0,0,-1,-1,-1
0,0,0,0,-1,-1,-1
0,0,0,0,-1,-1,-1
0,0,0,0,-1,-1,-1
0,0,0,0,-1,-1,-1
0,0,0,0,-1,-1,-1
0,0,0,0,-1,-1,-1
153852,2,0,0,-1,-1,-1
0,0,0,0,-1,-1,-1
154899,1,0,1,104,2686,2636
153887,2,0,0,-1,-1,-1
153570,1,1,0,118,2112,2045
0,0,0,0,-1,-1,-1
152153,1,0,1,94,5154,5126
154004,1,1,0,0,9928,9928
154130,2,0,0,-1,-1,-1
154236,1,1,0,201,6062,5977
154233,2,0,0,-1,-1,-1
0,0,0,0,-1,-1,-1
155151,1,0,1,0,24751,24751
155190,1,1,0,234,3364,3214
152858,2,0,0,-1,-1,-1
154307,1,1,0,205,4150,4058
0,0,0,0,-1,-1,-1
154985,1,0,1,150,3117,3034
153394,1,0,1,147,1740,1652
0,0,0,0,-1,-1,-1
154435,1,0,1,128,1994,1941
154634,1,0,1,0,4934,4934
0,0,0,0,-1,-1,-1
153870,2,0,0,-1,-1,-1
153417,1,1,0,91,3662,3608
154563,2,0,0,-1,-1,-1
0,0,0,0,-1,-1,-1
155333,1,1,0,83,7919,7871
0,0,0,0,-1,-1,-1
0,0,0,0,-1,-1,-1
155229,1,1,0,135,4181,4124
153833,2,0,0,-1,-1,-1
154200,2,0,0,-1,-1,-1
153914,1,0,1,119,1985,1933
153270,2,0,0,-1,-1,-1
0,0,0,0,-1,-1,-1
0,0,0,0,-1,-1,-1
0,0,0,0,-1,-1,-1
153708,1,1,0,106,4968,4914
153130,2,0,0,-1,-1,-1
154481,2,0,0,-1,-1,-1
0,0,0,0,-1,-1,-1
0,0,0,0,-1,-1,-1
154456,2,0,0,-1,-1,-1
155299,1,1,1,164,6429,6357
154551,2,0,0,-1,-1,-1
154009,2,0,0,-1,-1,-1
0,0,0,0,-1,-1,-1
155098,2,0,0,-1,-1,-1
154639,2,0,0,-1,-1,-1
154434,1,1,0,178,3468,3371
153208,1,1,0,126,4941,4887
153786,2,0,0,-1,-1,-1
155099,2,0,0,-1,-1,-1
0,0,0,0,-1,-1,-1
0,0,0,0,-1,-1,-1
0,0,0,0,-1,-1,-1
153828,2,0,0,-1,-1,-1
0,0,0,0,-1,-1,-1
154376,1,1,0,59,1956,1934
154623,2,0,0,-1,-1,-1
154916,1,1,0,42,3684,3676
154074,2,0,0,-1,-1,-1
0,0,0,0,-1,-1,-1
154611,2,0,0,-1,-1,-1
155343,1,0,1,69,3271,3239
153892,1,1,0,129,4040,3973
0,0,0,0,-1,-1,-1
155063,2,0,0,-1,-1,-1
154379,1,0,1,103,1969,1923
154582,2,0,0,-1,-1,-1
0,0,0,0,-1,-1,-1
154339,2,0,0,-1,-1,-1
155009,1,1,0,85,2472,2446
152770,2,0,0,-1,-1,-1
0,0,0,0,-1,-1,-1
154921,1,1,0,115,5947,5897
154743,2,0,0,-1,-1,-1
153762,1,1,0,44,5221,5206
154646,1,0,1,66,5361,5312
154651,1,0,1,157,4209,4148
155370,1,1,0,108,13715,13670
154681,1,0,1,14,13473,13453
0,0,0,0,-1,-1,-1
0,0,0,0,-1,-1,-1
154813,1,1,0,281,3351,3217
155185,1,1,1,30,4918,4909
154980,1,1,-1,155,3794,3736
0,0,0,0,-1,-1,-1
154979,2,0,0,-1,-1,-1
154936,1,1,-1,60,6271,6242
153891,2,0,0,-1,-1,-1
154885,2,0,0,-1,-1,-1
154737,1,0,1,49,1949,1919
0,0,0,0,-1,-1,-1
154891,2,0,0,-1,-1,-1
155187,1,1,0,148,2123,2067
0,0,0,0,-1,-1,-1
154242,2,0,0,-1,-1,-1
0,0,0,0,-1,-1,-1
0,0,0,0,-1,-1,-1
0,0,0,0,-1,-1,-1
153261,2,0,0,-1,-1,-1
153769,2,0,0,-1,-1,-1
0,0,0,0,-1,-1,-1
0,0,0,0,-1,-1,-1
153861,2,0,0,-1,-1,-1
154820,1,1,0,164,7411,7335
0,0,0,0,-1,-1,-1
154299,2,0,0,-1,-1,-1
155222,1,1,0,164,4619,4535
153959,1,1,0,0,4279,4279
154572,1,0,1,29,2046,2042
155062,1,1,-1,85,22041,21996
154747,1,0,1,43,11814,11804
155151,1,0,1,64,4705,4691
0,0,0,0,-1,-1,-1
155045,1,0,1,124,2767,2699
155276,1,1,0,111,2005,1968
0,0,0,0,-1,-1,-1
155381,1,1,1,119,4994,4942
0,0,0,0,-1,-1,-1
154165,1,1,0,80,5479,5445
153637,2,0,0,-1,-1,-1
0,0,0,0,-1,-1,-1
0,0,0,0,-1,-1,-1
154109,2,0,0,-1,-1,-1
155215,1,1,0,97,3544,3515
155126,1,0,1,177,1622,1567
0,0,0,0,-1,-1,-1
0,0,0,0,-1,-1,-1
153088,2,0,0,-1,-1,-1
154058,2,0,0,-1,-1,-1
154632,1,1,0,173,2991,2894
0,0,0,0,-1,-1,-1
154303,1,1,0,86,1479,1415
153974,2,0,0,-1,-1,-1
154955,2,0,0,-1,-1,-1
0,0,0,0,-1,-1,-1
151353,2,0,0,-1,-1,-1
154995,1,0,1,19,5870,5855
153492,1,0,1,128,3686,3630
154422,2,0,0,-1,-1,-1
154329,2,0,0,-1,-1,-1
154622,2,0,0,-1,-1,-1
154127,1,1,0,142,9994,9882
154357,2,0,0,-1,-1,-1
155198,1,0,1,51,9603,9579
154514,2,0,0,-1,-1,-1
154791,2,0,0,-1,-1,-1
154014,2,0,0,-1,-1,-1
0,0,0,0,-1,-1,-1
0,0,0,0,-1,-1,-1
153860,2,0,0,-1,-1,-1
154462,1,1,0,120,5156,5087
0,0,0,0,-1,-1,-1
154031,2,0,0,-1,-1,-1
155250,1,1,0,20,5434,5432
154058,2,0,0,-1,-1,-1
155195,1,0,1,79,4518,4473
0,0,0,0,-1,-1,-1
0,0,0,0,-1,-1,-1
155305,1,1,1,62,5471,5423
154938,1,1,0,238,1836,1736
0,0,0,0,-1,-1,-1
153764,2,0,0,-1,-1,-1
154311,1,1,1,181,4196,4121
153417,2,0,0,-1,-1,-1
154191,2,0,0,-1,-1,-1
153909,2,0,0,-1,-1,-1
154306,2,0,0,-1,-1,-1
155018,2,0,0,-1,-1,-1
0,0,0,0,-1,-1,-1
0,0,0,0,-1,-1,-1
0,0,0,0,-1,-1,-1
153186,2,0,0,-1,-1,-1
153199,2,0,0,-1,-1,-1
0,0,0,0,-1,-1,-1
0,0,0,0,-1,-1,-1
0,0,0,0,-1,-1,-1
153303,1,0,1,39,6773,6758
0,0,0,0,-1,-1,-1
154585,2,0,0,-1,-1,-1
154016,2,0,0,-1,-1,-1
154417,1,0,1,106,6585,6526
153662,2,0,0,-1,-1,-1
155053,2,0,0,-1,-1,-1
154166,2,0,0,-1,-1,-1
0,0,0,0,-1,-1,-1
154517,1,1,0,79,12051,12035
153608,2,0,0,-1,-1,-1
154179,2,0,0,-1,-1,-1
155129,1,1,0,78,1657,1602
0,0,0,0,-1,-1,-1
153336,2,0,0,-1,-1,-1
0,0,0,0,-1,-1,-1
0,0,0,0,-1,-1,-1
154101,1,1,0,31,2544,2530
154134,1,1,0,88,11828,11784
154978,1,1,0,237,3164,3080
152492,1,0,1,131,4379,4289
153764,2,0,0,-1,-1,-1
154758,2,0,0,-1,-1,-1
0,0,0,0,-1,-1,-1
154330,2,0,0,-1,-1,-1
0,0,0,0,-1,-1,-1
153761,1,1,0,77,8446,8418
153064,2,0,0,-1,-1,-1
0,0,0,0,-1,-1,-1
154684,2,0,0,-1,-1,-1
0,0,0,0,-1,-1,-1
153768,2,0,0,-1,-1,-1
155104,1,0,1,144,2488,2448
154258,1,1,0,106,2330,2288
0,0,0,0,-1,-1,-1
0,0,0,0,-1,-1,-1
0,0,0,0,-1,-1,-1
152435,2,0,0,-1,-1,-1
155315,1,1,-1,184,2441,2367
0,0,0,0,-1,-1,-1
0,0,0,0,-1,-1,-1
0,0,0,0,-1,-1,-1
153953,2,0,0,-1,-1,-1
154305,1,1,0,115,4489,4444
0,0,0,0,-1,-1,-1
155065,1,0,1,73,923,868
0,0,0,0,-1,-1,-1
154922,2,0,0,-1,-1,-1
155358,1,0,1,124,8697,8649
0,0,0,0,-1,-1,-1
153977,2,0,0,-1,-1,-1
0,0,0,0,-1,-1,-1
153105,1,1,0,137,3544,3467
154172,1,1,0,27,2742,2730
154829,2,0,0,-1,-1,-1
154451,2,0,0,-1,-1,-1
0,0,0,0,-1,-1,-1
154931,2,0,0,-1,-1,-1
154600,2,0,0,-1,-1,-1
154177,1,1,0,139,2850,2786
153558,1,1,0,206,3544,3429
155055,1,1,0,140,2016,1958
153614,2,0,0,-1,-1,-1
154487,1,0,1,82,1128,1092
154579,1,0,1,66,5491,5470
153636,2,0,0,-1,-1,-1
154477,1,0,1,48,7985,7969
154939,1,1,0,109,6690,6640
155026,1,0,1,48,4017,3979
155378,1,1,0,125,2797,2736
154715,2,0,0,-1,-1,-1
154849,1,1,0,124,3483,3428
0,0,0,0,-1,-1,-1
154886,1,0,1,3,4265,4263
154449,2,0,0,-1,-1,-1
154362,1,0,1,60,3315,3294
153488,1,0,1,63,2794,2754
154977,1,1,0,68,5640,5614
154517,2,0,0,-1,-1,-1
155201,1,1,0,79,1593,1573
0,0,0,0,-1,-1,-1
154946,1,1,0,45,3150,3127
155170,1,1,0,71,11046,11005
154947,2,0,0,-1,-1,-1
155385,1,1,0,0,2295,2295
154377,2,0,0,-1,-1,-1
154615,1,0,1,125,2636,2581
0,0,0,0,-1,-1,-1
154462,1,1,0,179,4207,4122
152142,2,0,0,-1,-1,-1
155266,1,1,0,60,4222,4192
154925,1,0,1,72,2249,2213
154534,1,0,1,54,1790,1762
155039,2,0,0,-1,-1,-1
154824,2,0,0,-1,-1,-1
153613,2,0,0,-1,-1,-1
0,0,0,0,-1,-1,-1
154581,1,0,1,115,5156,5101
154985,2,0,0,-1,-1,-1
152697,2,0,0,-1,-1,-1
153881,2,0,0,-1,-1,-1
0,0,0,0,-1,-1,-1
0,0,0,0,-1,-1,-1
153746,2,0,0,-1,-1,-1
153666,1,1,0,207,2923,2839
154180,1,1,0,133,2304,2237
154124,2,0,0,-1,-1,-1
154924,1,0,1,56,7670,7644
155285,1,1,0,75,1644,1609
154345,2,0,0,-1,-1,-1
154947,2,0,0,-1,-1,-1
0,0,0,0,-1,-1,-1
0,0,0,0,-1,-1,-1
0,0,0,0,-1,-1,-1
154715,1,1,-1,243,9291,9182
0,0,0,0,-1,-1,-1
154375,2,0,0,-1,-1,-1
154651,1,1,0,178,3554,3466
154145,1,0,1,90,1665,1621
154924,2,0,0,-1,-1,-1
0,0,0,0,-1,-1,-1
0,0,0,0,-1,-1,-1
154852,1,1,0,67,3419,3393
154967,1,0,1,0,4590,4590
153374,1,1,0,46,1396,1368
154010,1,1,0,92,3410,3362
154466,2,0,0,-1,-1,-1
153984,2,0,0,-1,-1,-1
0,0,0,0,-1,-1,-1
0,0,0,0,-1,-1,-1
154823,1,1,0,92,9109,9085
0,0,0,0,-1,-1,-1
153422,1,1,0,77,5484,5444
0,0,0,0,-1,-1,-1
153741,1,0,1,13,17289,17285
155257,1,1,-1,188,3358,3217
154291,2,0,0,-1,-1,-1
0,0,0,0,-1,-1,-1
154499,2,0,0,-1,-1,-1
0,0,0,0,-1,-1,-1
154539,1,0,1,131,4236,4168
0,0,0,0,-1,-1,-1
0,0,0,0,-1,-1,-1
154380,2,0,0,-1,-1,-1
0,0,0,0,-1,-1,-1
0,0,0,0,-1,-1,-1
154815,1,1,0,54,7685,7673
154283,2,0,0,-1,-1,-1
0,0,0,0,-1,-1,-1
154290,1,0,1,51,4267,4244
155310,1,0,1,78,3009,2962
0,0,0,0,-1,-1,-1
155249,1,0,1,172,5106,5006
0,0,0,0,-1,-1,-1
153592,2,0,0,-1,-1,-1
154716,1,0,1,118,1025,944
153944,1,1,0,153,11415,11382
0,0,0,0,-1,-1,-1
153331,2,0,0,-1,-1,-1
0,0,0,0,-1,-1,-1
0,0,0,0,-1,-1,-1
155338,1,1,0,73,5238,5211
153635,2,0,0,-1,-1,-1
154428,1,0,1,146,4786,4732
154590,1,0,1,100,12643,12584
154852,1,0,1,104,1394,1370
153893,2,0,0,-1,-1,-1
153879,2,0,0,-1,-1,-1
155320,1,0,1,66,7610,7593
153476,2,0,0,-1,-1,-1
155074,1,1,0,142,3833,3744
154464,2,0,0,-1,-1,-1
154869,2,0,0,-1,-1,-1
154067,1,0,1,35,5927,5897
154852,1,0,1,38,2730,2706
153415,1,1,0,86,2717,2656
154830,1,1,0,161,3134,3047
0,0,0,0,-1,-1,-1
154398,1,1,-1,83,4418,4394
153672,2,0,0,-1,-1,-1
0,0,0,0,-1,-1,-1
0,0,0,0,-1,-1,-1
0,0,0,0,-1,-1,-1
154876,1,1,-1,133,4579,4513
154586,1,0,1,72,19022,18993
154226,1,1,0,237,5658,5551
153507,2,0,0,-1,-1,-1
0,0,0,0,-1,-1,-1
0,0,0,0,-1,-1,-1
155381,1,0,1,216,2233,2116
153885,1,1,0,148,2585,2499
0,0,0,0,-1,-1,-1
154530,2,0,0,-1,-1,-1
154822,2,0,0,-1,-1,-1
154347,1,1,0,215,3960,3874
154392,1,1,0,128,2661,2612
154695,1,0,1,89,7349,7313
155274,1,1,0,95,3145,3093
0,0,0,0,-1,-1,-1
155125,1,0,1,0,33698,33698
153523,2,0,0,-1,-1,-1
155191,1,1,0,0,18491,18491
154065,1,0,1,72,3194,3159
155272,1,1,0,80,4428,4380
0,0,0,0,-1,-1,-1
0,0,0,0,-1,-1,-1
155287,1,1,0,29,3320,3313
0,0,0,0,-1,-1,-1
0,0,0,0,-1,-1,-1
154004,1,0,1,45,6611,6597
154705,2,0,0,-1,-1,-1
154624,1,0,1,0,2552,2552
0,0,0,0,-1,-1,-1
154771,2,0,0,-1,-1,-1
0,0,0,0,-1,-1,-1
154513,1,0,1,129,4561,4510
154275,1,1,0,0,896,896
154895,1,1,0,93,3831,3783
152691,2,0,0,-1,-1,-1
154971,1,1,0,208,4381,4292
155043,1,1,0,33,3248,3234
152756,1,1,0,0,8312,8312
154444,2,0,0,-1,-1,-1
0,0,0,0,-1,-1,-1
0,0,0,0,-1,-1,-1
0,0,0,0,-1,-1,-1
154732,1,1,0,106,4443,4424
0,0,0,0,-1,-1,-1
155374,1,1,0,103,6507,6456
154813,2,0,0,-1,-1,-1
0,0,0,0,-1,-1,-1
155093,1,1,0,72,707,683
0,0,0,0,-1,-1,-1
0,0,0,0,-1,-1,-1
155220,1,1,0,0,10044,10044
0,0,0,0,-1,-1,-1
154219,2,0,0,-1,-1,-1
155055,2,0,0,-1,-1,-1
152807,1,1,0,65,1559,1532
154392,1,1,0,107,3690,3663
154052,1,0,1,11,13121,13117
155318,1,1,0,114,4501,4457
154632,2,0,0,-1,-1,-1
0,0,0,0,-1,-1,-1
154909,1,1,0,131,2925,2849
0,0,0,0,-1,-1,-1
154590,1,1,0,0,4718,4718
153346,2,0,0,-1,-1,-1
153969,2,0,0,-1,-1,-1
0,0,0,0,-1,-1,-1
155173,1,0,1,62,18878,18843
154252,2,0,0,-1,-1,-1
153558,2,0,0,-1,-1,-1
153976,1,1,0,222,2871,2782
0,0,0,0,-1,-1,-1
0,0,0,0,-1,-1,-1
154816,1,1,0,0,22067,22068
0,0,0,0,-1,-1,-1
0,0,0,0,-1,-1,-1
154097,1,0,1,74,5009,4973
0,0,0,0,-1,-1,-1
0,0,0,0,-1,-1,-1
0,0,0,0,-1,-1,-1
154240,2,0,0,-1,-1,-1
0,0,0,0,-1,-1,-1
0,0,0,0,-1,-1,-1
0,0,0,0,-1,-1,-1
0,0,0,0,-1,-1,-1
153773,2,0,0,-1,-1,-1
153121,1,0,1,36,6541,6506
0,0,0,0,-1,-1,-1
154568,1,0,1,85,2903,2871
155105,1,1,-1,286,2842,2681
0,0,0,0,-1,-1,-1
154582,1,1,0,82,7352,7315
154587,1,0,1,0,833,833
154687,2,0,0,-1,-1,-1
155376,1,0,1,159,3060,2998
0,0,0,0,-1,-1,-1
0,0,0,0,-1,-1,-1
155327,1,1,0,150,2565,2505
152323,1,1,0,89,2452,2427
155224,2,0,0,-1,-1,-1
154325,1,0,1,226,4526,4433
154709,2,0,0,-1,-1,-1
155280,1,0,1,70,7313,7282
155145,1,0,1,120,3093,3020
155263,1,1,-1,220,3023,2921
154266,2,0,0,-1,-1,-1
0,0,0,0,-1,-1,-1
155189,1,0,1,113,3433,3397
155023,1,0,1,0,25160,25160
0,0,0,0,-1,-1,-1
0,0,0,0,-1,-1,-1
153098,1,1,0,0,2736,2736
0,0,0,0,-1,-1,-1
154413,1,0,1,17,5556,5550
154618,2,0,0,-1,-1,-1
154485,2,0,0,-1,-1,-1
154753,2,0,0,-1,-1,-1
152565,2,0,0,-1,-1,-1
0,0,0,0,-1,-1,-1
153640,2,0,0,-1,-1,-1
154576,1,1,0,75,2490,2460
154376,1,0,1,155,2653,2598
154206,1,0,1,137,2334,2281
154949,1,0,1,20,1510,1493
153610,1,1,0,94,4124,4083
155092,1,1,0,90,4612,4575
155240,1,0,1,127,2680,2632
155132,1,1,0,55,11059,11024
155094,1,1,0,84,3977,3950
0,0,0,0,-1,-1,-1
152630,2,0,0,-1,-1,-1
154877,1,1,1,69,5647,5618
154687,1,0,1,105,3995,3957
154585,1,0,1,99,11393,11351
154294,2,0,0,-1,-1,-1
0,0,0,0,-1,-1,-1
155238,1,0,1,197,4099,3997
0,0,0,0,-1,-1,-1
154473,2,0,0,-1,-1,-1
155158,1,1,-1,67,15732,15706
154975,1,0,1,38,3863,3857
153977,1,0,1,127,2550,2474
153965,2,0,0,-1,-1,-1
0,0,0,0,-1,-1,-1
154255,2,0,0,-1,-1,-1
154727,1,0,1,135,4136,4071
153173,2,0,0,-1,-1,-1
154242,2,0,0,-1,-1,-1
155355,1,1,1,135,1341,1268
154971,2,0,0,-1,-1,-1
153046,2,0,0,-1,-1,-1
153385,1,1,-1,184,4859,4771
0,0,0,0,-1,-1,-1
155144,1,0,1,84,2265,2219
0,0,0,0,-1,-1,-1
154367,2,0,0,-1,-1,-1
153987,1,0,1,181,3803,3709
154362,2,0,0,-1,-1,-1
153584,2,0,0,-1,-1,-1
153787,2,0,0,-1,-1,-1
154830,1,1,0,0,144,144
154428,2,0,0,-1,-1,-1
155264,1,0,1,109,13620,13572
152365,2,0,0,-1,-1,-1
0,0,0,0,-1,-1,-1
153912,2,0,0,-1,-1,-1
0,0,0,0,-1,-1,-1
154973,1,0,1,174,3124,3039
153701,2,0,0,-1,-1,-1
152821,1,0,1,186,2666,2599
154127,1,1,0,95,2154,2099
0,0,0,0,-1,-1,-1
0,0,0,0,-1,-1,-1
154934,2,0,0,-1,-1,-1
154017,2,0,0,-1,-1,-1
154479,2,0,0,-1,-1,-1
0,0,0,0,-1,-1,-1
0,0,0,0,-1,-1,-1
153915,2,0,0,-1,-1,-1
0,0,0,0,-1,-1,-1
0,0,0,0,-1,-1,-1
154500,2,0,0,-1,-1,-1
0,0,0,0,-1,-1,-1
154558,2,0,0,-1,-1,-1
0,0,0,0,-1,-1,-1
154761,1,0,1,0,9199,9199
152770,1,0,1,60,10630,10606
155265,1,0,1,43,6134,6111
153983,1,0,1,64,3212,3185
155050,1,0,1,76,2401,2371
0,0,0,0,-1,-1,-1
155365,1,1,0,188,1372,1289
0,0,0,0,-1,-1,-1
154854,1,1,0,98,4600,4540
153985,1,0,1,45,3983,3960
0,0,0,0,-1,-1,-1
153665,2,0,0,-1,-1,-1
0,0,0,0,-1,-1,-1
154751,1,0,1,0,5440,5440
0,0,0,0,-1,-1,-1
154102,1,1,0,123,7709,7642
154336,2,0,0,-1,-1,-1
154353,1,0,1,22,8146,8142
154709,1,0,1,73,4546,4512
153823,2,0,0,-1,-1,-1
155130,2,0,0,-1,-1,-1
154010,2,0,0,-1,-1,-1
154950,1,1,-1,219,10862,10762
154658,1,1,0,178,5306,5218
153954,2,0,0,-1,-1,-1
153905,2,0,0,-1,-1,-1
155315,1,0,1,17,3604,3597
154176,2,0,0,-1,-1,-1
0,0,0,0,-1,-1,-1
154641,2,0,0,-1,-1,-1
0,0,0,0,-1,-1,-1
154519,2,0,0,-1,-1,-1
0,0,0,0,-1,-1,-1
154097,2,0,0,-1,-1,-1
0,0,0,0,-1,-1,-1
0,0,0,0,-1,-1,-1
155255,1,1,0,39,3261,3238
153122,2,0,0,-1,-1,-1
155098,1,1,0,320,3350,3225
0,0,0,0,-1,-1,-1
153349,2,0,0,-1,-1,-1
0,0,0,0,-1,-1,-1
0,0,0,0,-1,-1,-1
0,0,0,0,-1,-1,-1
152862,1,1,0,100,4810,4764
152776,2,0,0,-1,-1,-1
154847,1,1,-1,205,2918,2826
154571,1,0,1,174,4250,4178
154207,1,0,1,181,2152,2066
154395,1,1,0,92,3015,2970
154371,2,0,0,-1,-1,-1
154872,1,0,1,183,1945,1861
155306,1,1,0,20,12884,12874
154779,1,0,1,197,2521,2435
155371,1,0,1,169,2921,2850
153774,2,0,0,-1,-1,-1
155200,1,1,1,219,3640,3533
154594,2,0,0,-1,-1,-1
152426,1,1,1,273,5685,5559
153209,2,0,0,-1,-1,-1
0,0,0,0,-1,-1,-1
153604,1,1,0,9,4331,4332
154755,2,0,0,-1,-1,-1
154280,2,0,0,-1,-1,-1
154881,1,1,0,93,5845,5799
154553,1,1,1,128,9376,9307
154484,1,1,0,129,5221,5159
154638,1,1,1,237,8122,8022
154382,1,1,0,83,742,701
0,0,0,0,-1,-1,-1
0,0,0,0,-1,-1,-1
154991,1,1,0,48,5905,5885
155372,1,1,0,0,6269,6269
0,0,0,0,-1,-1,-1
0,0,0,0,-1,-1,-1
154611,1,0,1,0,11231,11231
154786,2,0,0,-1,-1,-1
154325,1,0,1,33,3662,3641
0,0,0,0,-1,-1,-1
0,0,0,0,-1,-1,-1
155344,1,0,1,106,1574,1542
0,0,0,0,-1,-1,-1
152402,1,0,1,61,1639,1616
152750,2,0,0,-1,-1,-1
154341,2,0,0,-1,-1,-1
0,0,0,0,-1,-1,-1
154127,2,0,0,-1,-1,-1
155204,2,0,0,-1,-1,-1
154883,1,0,1,25,3182,3172
0,0,0,0,-1,-1,-1
155212,1,1,0,6,13043,13030
155121,1,0,1,57,4958,4907
0,0,0,0,-1,-1,-1
0,0,0,0,-1,-1,-1
0,0,0,0,-1,-1,-1
154251,2,0,0,-1,-1,-1
154877,1,1,-1,223,3145,3013
154913,1,1,-1,257,4527,4403
154771,1,1,1,0,8866,8866
154196,1,0,1,196,2445,2343
0,0,0,0,-1,-1,-1
155352,1,0,1,18,4812,4798
0,0,0,0,-1,-1,-1
153304,2,0,0,-1,-1,-1
155308,1,1,0,87,3013,2982
151366,2,0,0,-1,-1,-1
0,0,0,0,-1,-1,-1
0,0,0,0,-1,-1,-1
154073,2,0,0,-1,-1,-1
155382,1,0,1,107,2258,2211
154142,1,0,1,0,27592,27592
153527,2,0,0,-1,-1,-1
154375,1,0,1,40,5685,5671
154929,2,0,0,-1,-1,-1
0,0,0,0,-1,-1,-1
154377,1,0,1,125,4366,4311
153009,2,0,0,-1,-1,-1
0,0,0,0,-1,-1,-1
154451,1,1,-1,63,6685,6643
154781,2,0,0,-1,-1,-1
153565,2,0,0,-1,-1,-1
154882,1,1,0,112,3249,3205
154508,1,0,1,43,1483,1464
0,0,0,0,-1,-1,-1
153532,2,0,0,-1,-1,-1
153268,1,0,1,41,2335,2318
155376,1,1,0,79,1705,1665
154078,1,0,1,242,7265,7161
155334,1,1,0,31,3851,3836
155027,1,1,1,116,3060,2999
0,0,0,0,-1,-1,-1
153422,1,0,1,0,7186,7186
0,0,0,0,-1,-1,-1
155055,1,0,1,76,1454,1431
0,0,0,0,-1,-1,-1
0,0,0,0,-1,-1,-1
153744,1,1,0,211,6392,6283
0,0,0,0,-1,-1,-1
154658,2,0,0,-1,-1,-1
0,0,0,0,-1,-1,-1
0,0,0,0,-1,-1,-1
154168,2,0,0,-1,-1,-1
154066,2,0,0,-1,-1,-1
153575,1,1,0,40,2997,2984
154291,1,0,1,137,4148,4068
153429,1,1,0,15,5145,5139
0,0,0,0,-1,-1,-1
0,0,0,0,-1,-1,-1
154289,1,1,0,75,10942,10918
0,0,0,0,-1,-1,-1
153509,2,0,0,-1,-1,-1
154552,2,0,0,-1,-1,-1
0,0,0,0,-1,-1,-1
154782,1,1,0,135,1306,1244
0,0,0,0,-1,-1,-1
0,0,0,0,-1,-1,-1
154154,2,0,0,-1,-1,-1
154105,2,0,0,-1,-1,-1
154795,2,0,0,-1,-1,-1
154592,1,0,1,208,3856,3792
154260,1,0,1,29,8204,8196
155168,1,1,0,0,3950,3950
155058,2,0,0,-1,-1,-1
0,0,0,0,-1,-1,-1
154811,1,1,1,106,9906,9844
0,0,0,0,-1,-1,-1
153704,2,0,0,-1,-1,-1
154689,2,0,0,-1,-1,-1
154928,1,1,1,88,4846,4805
0,0,0,0,-1,-1,-1
153096,1,0,1,21,4619,4610
153504,1,0,1,35,3458,3436
154535,1,1,0,182,2266,2169
0,0,0,0,-1,-1,-1
0,0,0,0,-1,-1,-1
154436,2,0,0,-1,-1,-1
155050,2,0,0,-1,-1,-1
153591,1,1,0,0,1240,1240
154648,1,1,0,169,2938,2848
152991,2,0,0,-1,-1,-1
155034,1,0,1,156,6456,6400
154457,1,1,0,111,3833,3789
154497,1,0,1,244,4511,4394
155263,1,0,1,0,7850,7850
155185,1,0,1,96,2619,2586
0,0,0,0,-1,-1,-1
155135,1,1,0,31,3263,3248
0,0,0,0,-1,-1,-1
154831,1,0,1,0,17850,17850
153050,2,0,0,-1,-1,-1
0,0,0,0,-1,-1,-1
155087,1,1,0,248,4703,4574
154252,1,0,1,0,7474,7474
153136,2,0,0,-1,-1,-1
153868,2,0,0,-1,-1,-1
0,0,0,0,-1,-1,-1
154589,1,0,1,121,1763,1705
155371,1,1,-1,78,2907,2880
154229,1,0,1,102,8047,8008
152542,1,0,1,0,2808,2808
0,0,0,0,-1,-1,-1
153592,1,1,0,137,3851,3803
154042,1,0,1,22,3210,3201
0,0,0,0,-1,-1,-1
154775,2,0,0,-1,-1,-1
154417,2,0,0,-1,-1,-1
155044,1,0,1,46,5925,5911
0,0,0,0,-1,-1,-1
154740,2,0,0,-1,-1,-1
0,0,0,0,-1,-1,-1
155013,1,1,0,183,5701,5640
0,0,0,0,-1,-1,-1
0,0,0,0,-1,-1,-1
0,0,0,0,-1,-1,-1
154344,2,0,0,-1,-1,-1
154777,2,0,0,-1,-1,-1
154580,2,0,0,-1,-1,-1
153904,2,0,0,-1,-1,-1
155221,1,0,1,190,2380,2264
0,0,0,0,-1,-1,-1
154763,2,0,0,-1,-1,-1
0,0,0,0,-1,-1,-1
154292,2,0,0,-1,-1,-1
155247,1,1,0,0,2912,2912
0,0,0,0,-1,-1,-1
155153,1,1,0,269,1181,1089
154188,1,0,1,112,5610,5570
154901,2,0,0,-1,-1,-1
154324,1,1,0,177,2638,2566
0,0,0,0,-1,-1,-1
0,0,0,0,-1,-1,-1
154637,2,0,0,-1,-1,-1
154753,1,0,1,217,3730,3640
0,0,0,0,-1,-1,-1
155372,1,0,1,76,3426,3384
153671,1,1,0,69,3053,3017
154330,1,0,1,0,9425,9425
155088,1,0,1,0,3168,3168
155308,1,0,1,24,2110,2105
154594,1,1,1,217,6764,6672
154992,1,1,0,138,3713,3642
155142,2,0,0,-1,-1,-1
0,0,0,0,-1,-1,-1
0,0,0,0,-1,-1,-1
155271,1,1,0,0,870,870
153230,2,0,0,-1,-1,-1
154425,2,0,0,-1,-1,-1
155216,1,0,1,87,3889,3847
155358,1,0,1,188,4711,4631
154888,1,1,0,106,6296,6255
154696,2,0,0,-1,-1,-1
155319,1,1,0,96,3643,3603
0,0,0,0,-1,-1,-1
0,0,0,0,-1,-1,-1
154270,1,1,0,109,8641,8604
155124,1,0,1,133,1916,1856
0,0,0,0,-1,-1,-1
154192,2,0,0,-1,-1,-1
0,0,0,0,-1,-1,-1
0,0,0,0,-1,-1,-1
153979,2,0,0,-1,-1,-1
155081,1,1,0,0,6204,6204
0,0,0,0,-1,-1,-1
155318,1,0,1,181,1953,1876
154916,2,0,0,-1,-1,-1
0,0,0,0,-1,-1,-1
0,0,0,0,-1,-1,-1
0,0,0,0,-1,-1,-1
0,0,0,0,-1,-1,-1
154806,1,1,0,294,5046,4920
154160,2,0,0,-1,-1,-1
154518,2,0,0,-1,-1,-1
155055,2,0,0,-1,-1,-1
154783,1,0,1,156,7940,7860
154636,1,1,0,52,2749,2724
0,0,0,0,-1,-1,-1
0,0,0,0,-1,-1,-1
0,0,0,0,-1,-1,-1
154689,1,1,1,165,6136,6049
153380,2,0,0,-1,-1,-1
155028,1,1,0,35,3317,3293
153988,1,1,0,69,466,423
0,0,0,0,-1,-1,-1
154793,2,0,0,-1,-1,-1
0,0,0,0,-1,-1,-1
155253,1,1,0,127,2634,2589
155319,1,1,0,148,3375,3329
154523,1,1,0,0,1243,1243
153680,2,0,0,-1,-1,-1
153038,1,0,1,0,7156,7156
155170,1,0,1,105,2434,2406
153662,1,1,0,31,4519,4502
154068,2,0,0,-1,-1,-1
154762,2,0,0,-1,-1,-1
0,0,0,0,-1,-1,-1
155202,1,0,1,0,5063,5063
155019,2,0,0,-1,-1,-1
154733,1,0,1,153,4060,3989
154583,1,1,0,144,5369,5319
154972,1,0,1,89,3814,3782
154868,2,0,0,-1,-1,-1
0,0,0,0,-1,-1,-1
154674,1,0,1,159,2577,2517
154985,2,0,0,-1,-1,-1
154815,1,1,0,96,3879,3828
0,0,0,0,-1,-1,-1
155152,2,0,0,-1,-1,-1
154192,1,1,0,97,6113,6071
152502,2,0,0,-1,-1,-1
154206,1,1,1,219,6828,6722
154349,1,0,1,253,2452,2344
155084,1,1,0,123,4564,4515
153911,2,0,0,-1,-1,-1
155286,1,0,1,51,5409,5394
0,0,0,0,-1,-1,-1
154644,1,0,1,144,2180,2105
153980,2,0,0,-1,-1,-1
155019,1,1,-1,184,5579,5492
155224,1,0,1,91,8863,8813
155021,2,0,0,-1,-1,-1
0,0,0,0,-1,-1,-1
0,0,0,0,-1,-1,-1
0,0,0,0,-1,-1,-1
0,0,0,0,-1,-1,-1
0,0,0,0,-1,-1,-1
154782,1,1,1,273,8199,8096
155029,1,1,0,115,4540,4486
153337,2,0,0,-1,-1,-1
154906,1,1,0,98,3168,3101
155303,1,1,1,222,5123,5010
0,0,0,0,-1,-1,-1
154806,1,1,0,19,4953,4943
153684,2,0,0,-1,-1,-1
155098,1,1,0,105,4096,4058
155109,1,0,1,0,6784,6784
154202,2,0,0,-1,-1,-1
0,0,0,0,-1,-1,-1
0,0,0,0,-1,-1,-1
153473,2,0,0,-1,-1,-1
154867,1,1,0,113,2380,2346
0,0,0,0,-1,-1,-1
0,0,0,0,-1,-1,-1
154420,2,0,0,-1,-1,-1
0,0,0,0,-1,-1,-1
155115,1,0,1,18,3332,3325
153972,1,0,1,134,9436,9386
0,0,0,0,-1,-1,-1
0,0,0,0,-1,-1,-1
154316,2,0,0,-1,-1,-1
153150,2,0,0,-1,-1,-1
154418,1,1,0,179,3413,3320
152902,2,0,0,-1,-1,-1
154665,1,0,1,109,4870,4830
155019,1,0,1,8,10069,10063
152539,2,0,0,-1,-1,-1
155009,1,1,0,112,2762,2716
154655,2,0,0,-1,-1,-1
154468,1,0,1,163,5659,5566
153306,2,0,0,-1,-1,-1
0,0,0,0,-1,-1,-1
154081,2,0,0,-1,-1,-1
0,0,0,0,-1,-1,-1
154829,2,0,0,-1,-1,-1
154527,2,0,0,-1,-1,-1
155021,1,1,0,101,3380,3335
155114,1,1,-1,127,4409,4335
153941,1,0,1,26,944,928
153815,2,0,0,-1,-1,-1
0,0,0,0,-1,-1,-1
153820,2,0,0,-1,-1,-1
153338,2,0,0,-1,-1,-1
154486,2,0,0,-1,-1,-1
155231,1,0,1,55,1675,1654
152040,1,0,1,47,3406,3369
154988,1,1,1,28,11114,11099
0,0,0,0,-1,-1,-1
154699,1,0,1,177,5616,5531
155236,1,1,0,83,5151,5103
0,0,0,0,-1,-1,-1
0,0,0,0,-1,-1,-1
0,0,0,0,-1,-1,-1
155350,1,0,1,73,16229,16212
155130,1,0,1,53,5526,5500
154218,1,0,1,135,3258,3169
154969,2,0,0,-1,-1,-1
0,0,0,0,-1,-1,-1
155291,1,1,0,170,2918,2852
154586,2,0,0,-1,-1,-1
0,0,0,0,-1,-1,-1
154143,2,0,0,-1,-1,-1
153448,2,0,0,-1,-1,-1
154620,1,0,1,64,7357,7321
154719,1,1,0,161,1844,1771
0,0,0,0,-1,-1,-1
0,0,0,0,-1,-1,-1
0,0,0,0,-1,-1,-1
0,0,0,0,-1,-1,-1
153870,2,0,0,-1,-1,-1
154662,1,1,0,157,4840,4757
0,0,0,0,-1,-1,-1
0,0,0,0,-1,-1,-1
154397,1,1,0,81,6688,6659
154092,1,0,1,10,4775,4771
0,0,0,0,-1,-1,-1
154889,2,0,0,-1,-1,-1
0,0,0,0,-1,-1,-1
0,0,0,0,-1,-1,-1
154736,2,0,0,-1,-1,-1
154423,1,1,-1,98,5726,5669
153950,2,0,0,-1,-1,-1
154759,2,0,0,-1,-1,-1
0,0,0,0,-1,-1,-1
0,0,0,0,-1,-1,-1
0,0,0,0,-1,-1,-1
154449,1,0,1,114,5104,5066
0,0,0,0,-1,-1,-1
155358,1,1,0,31,4878,4856
153100,2,0,0,-1,-1,-1
0,0,0,0,-1,-1,-1
0,0,0,0,-1,-1,-1
154200,2,0,0,-1,-1,-1
154829,1,1,0,62,3102,3074
153694,2,0,0,-1,-1,-1
155169,1,0,1,105,2195,2150
153575,2,0,0,-1,-1,-1
0,0,0,0,-1,-1,-1
0,0,0,0,-1,-1,-1
153634,2,0,0,-1,-1,-1
0,0,0,0,-1,-1,-1
0,0,0,0,-1,-1,-1
155232,1,1,1,138,7590,7522
153641,2,0,0,-1,-1,-1
153283,1,1,0,48,3726,3691
155018,2,0,0,-1,-1,-1
153845,1,0,1,3,4746,4741
153900,2,0,0,-1,-1,-1
0,0,0,0,-1,-1,-1
154974,1,0,1,21,2329,2318
154563,2,0,0,-1,-1,-1
155087,1,0,1,29,8497,8480
153848,2,0,0,-1,-1,-1
154230,1,1,0,39,2506,2483
155164,1,1,0,238,4917,4799
154670,1,0,1,87,4285,4245
154960,1,0,1,107,5757,5688
154518,1,1,0,89,10325,10296
153826,1,0,1,113,3833,3778
155164,1,1,0,35,5090,5085
0,0,0,0,-1,-1,-1
154857,1,1,0,89,3975,3932
0,0,0,0,-1,-1,-1
154266,1,1,0,159,2244,2157
153349,2,0,0,-1,-1,-1
0,0,0,0,-1,-1,-1
154429,1,0,1,29,3781,3772
153706,2,0,0,-1,-1,-1
0,0,0,0,-1,-1,-1
153183,2,0,0,-1,-1,-1
153366,2,0,0,-1,-1,-1
154734,1,0,1,82,2191,2161
153573,1,1,0,143,5944,5878
154633,1,1,0,186,3438,3370
154385,1,1,0,136,3322,3235
0,0,0,0,-1,-1,-1
154209,1,0,1,173,3014,2957
153754,2,0,0,-1,-1,-1
154838,1,0,1,6,1452,1447
155161,1,0,1,189,3175,3106
153968,1,0,1,129,22300,22239
155134,1,0,1,185,2067,1989
0,0,0,0,-1,-1,-1
154984,1,0,1,88,2712,2678
154009,1,1,0,0,2412,2412
154503,1,1,0,190,1866,1786
154200,1,1,0,142,2539,2462
154560,2,0,0,-1,-1,-1
154813,1,0,1,217,5322,5204
152792,2,0,0,-1,-1,-1
0,0,0,0,-1,-1,-1
0,0,0,0,-1,-1,-1
153325,1,0,1,41,1745,1725
151726,2,0,0,-1,-1,-1
0,0,0,0,-1,-1,-1
154499,2,0,0,-1,-1,-1
0,0,0,0,-1,-1,-1
153473,2,0,0,-1,-1,-1
153693,2,0,0,-1,-1,-1
154225,1,1,0,0,8328,8328
0,0,0,0,-1,-1,-1
155060,1,0,1,215,6111,6025
154346,1,1,0,46,14297,14265
154459,2,0,0,-1,-1,-1
154843,1,1,0,82,2667,2608
0,0,0,0,-1,-1,-1
155027,1,0,1,104,3510,3462
0,0,0,0,-1,-1,-1
152290,2,0,0,-1,-1,-1
154631,2,0,0,-1,-1,-1
153814,1,0,1,47,3912,3894
0,0,0,0,-1,-1,-1
154161,2,0,0,-1,-1,-1
155204,2,0,0,-1,-1,-1
0,0,0,0,-1,-1,-1
154824,2,0,0,-1,-1,-1
155215,2,0,0,-1,-1,-1
155217,1,1,-1,250,3707,3570
0,0,0,0,-1,-1,-1
154219,1,0,1,68,2488,2446
152665,1,0,1,62,3320,3292
154315,2,0,0,-1,-1,-1
154039,1,1,0,39,1685,1669
153985,2,0,0,-1,-1,-1
154134,1,1,0,0,2964,2964
154445,1,1,0,32,6093,6093
0,0,0,0,-1,-1,-1
155173,1,0,1,92,6498,6445
154481,1,0,1,0,2556,2556
154647,2,0,0,-1,-1,-1
153927,1,0,1,240,4438,4286
153655,2,0,0,-1,-1,-1
0,0,0,0,-1,-1,-1
154393,2,0,0,-1,-1,-1
0,0,0,0,-1,-1,-1
154690,1,0,1,84,2134,2099
153634,2,0,0,-1,-1,-1
154514,2,0,0,-1,-1,-1
154650,2,0,0,-1,-1,-1
154492,2,0,0,-1,-1,-1
0,0,0,0,-1,-1,-1
153963,1,0,1,0,21540,21540
155136,1,0,1,72,2844,2807
155236,1,1,0,74,2151,2120
154553,2,0,0,-1,-1,-1
0,0,0,0,-1,-1,-1
155312,1,0,1,172,1735,1661
153954,2,0,0,-1,-1,-1
154180,2,0,0,-1,-1,-1
153957,2,0,0,-1,-1,-1
154859,1,1,-1,239,2485,2390
154417,2,0,0,-1,-1,-1
0,0,0,0,-1,-1,-1
154848,2,0,0,-1,-1,-1
153734,2,0,0,-1,-1,-1
154042,2,0,0,-1,-1,-1
0,0,0,0,-1,-1,-1
155068,2,0,0,-1,-1,-1
153977,2,0,0,-1,-1,-1
0,0,0,0,-1,-1,-1
153242,1,0,1,116,5107,5057
155240,1,1,0,97,9554,9486
153571,2,0,0,-1,-1,-1
154864,2,0,0,-1,-1,-1
0,0,0,0,-1,-1,-1
0,0,0,0,-1,-1,-1
154466,2,0,0,-1,-1,-1
0,0,0,0,-1,-1,-1
153547,2,0,0,-1,-1,-1
155158,1,0,1,153,2740,2644
154932,2,0,0,-1,-1,-1
154639,1,1,0,29,630,616
155041,1,1,0,30,6613,6600
0,0,0,0,-1,-1,-1
0,0,0,0,-1,-1,-1
0,0,0,0,-1,-1,-1
153523,2,0,0,-1,-1,-1
154836,1,1,0,117,4624,4567
0,0,0,0,-1,-1,-1
153818,2,0,0,-1,-1,-1
155190,1,1,0,31,1547,1535
155297,1,0,1,225,5139,5026
154746,1,1,1,268,5114,4972
0,0,0,0,-1,-1,-1
153665,1,0,1,149,4450,4366
155008,2,0,0,-1,-1,-1
154878,2,0,0,-1,-1,-1
154764,2,0,0,-1,-1,-1
153506,1,1,0,170,1541,1430
153342,2,0,0,-1,-1,-1
154594,2,0,0,-1,-1,-1
0,0,0,0,-1,-1,-1
154022,2,0,0,-1,-1,-1
0,0,0,0,-1,-1,-1
0,0,0,0,-1,-1,-1
0,0,0,0,-1,-1,-1
0,0,0,0,-1,-1,-1
154192,1,0,1,167,4219,4147
154518,1,0,1,12,1696,1689
154765,1,1,-1,153,10701,10637
0,0,0,0,-1,-1,-1
154344,2,0,0,-1,-1,-1
154806,1,0,1,0,1296,1296
0,0,0,0,-1,-1,-1
154341,1,1,0,136,2935,2860
153419,1,1,0,48,31986,31957
152667,2,0,0,-1,-1,-1
152709,2,0,0,-1,-1,-1
152885,1,1,0,66,9067,9037
154755,2,0,0,-1,-1,-1
154798,2,0,0,-1,-1,-1
154086,2,0,0,-1,-1,-1
152916,2,0,0,-1,-1,-1
154823,2,0,0,-1,-1,-1
154491,1,1,0,61,7236,7209
0,0,0,0,-1,-1,-1
152803,1,0,1,0,19292,19292
154302,2,0,0,-1,-1,-1
0,0,0,0,-1,-1,-1
154852,2,0,0,-1,-1,-1
153983,2,0,0,-1,-1,-1
153475,1,1,0,127,6193,6133
155156,1,0,1,119,1793,1743
154120,1,0,1,80,16334,16311
154685,2,0,0,-1,-1,-1
0,0,0,0,-1,-1,-1
155001,1,0,1,217,6175,6075
0,0,0,0,-1,-1,-1
152749,1,0,1,290,3420,3320
154856,2,0,0,-1,-1,-1
154663,2,0,0,-1,-1,-1
155067,1,1,0,196,6036,5930
153749,1,0,1,25,8022,8006
154876,1,1,0,77,2995,2971
154538,1,1,1,247,3284,3182
153959,1,1,0,66,1645,1609
154378,1,1,0,111,2272,2223
0,0,0,0,-1,-1,-1
152907,2,0,0,-1,-1,-1
155105,1,1,0,15,3157,3138
154639,1,0,1,95,1311,1260
155034,1,0,1,167,3905,3812
155149,1,1,0,42,4650,4636
155031,2,0,0,-1,-1,-1
0,0,0,0,-1,-1,-1
154905,1,1,0,60,4271,4231
155309,2,0,0,-1,-1,-1
154242,2,0,0,-1,-1,-1
0,0,0,0,-1,-1,-1
154906,1,1,0,324,7017,6845
0,0,0,0,-1,-1,-1
155084,1,1,1,80,6499,6476
152859,1,0,1,140,3102,3045
0,0,0,0,-1,-1,-1
0,0,0,0,-1,-1,-1
153521,2,0,0,-1,-1,-1
154927,1,0,1,71,4662,4629
0,0,0,0,-1,-1,-1
153653,2,0,0,-1,-1,-1
152567,1,0,1,105,4337,4283
153458,2,0,0,-1,-1,-1
154873,1,0,1,112,6613,6565
0,0,0,0,-1,-1,-1
153571,2,0,0,-1,-1,-1
154281,1,1,0,86,3008,2965
154752,2,0,0,-1,-1,-1
154935,2,0,0,-1,-1,-1
155112,2,0,0,-1,-1,-1
154989,1,1,0,54,11218,11189
0,0,0,0,-1,-1,-1
0,0,0,0,-1,-1,-1
153658,1,0,1,160,2848,2789
155169,1,1,0,85,2080,2029
152389,1,1,0,0,5140,5140
153400,2,0,0,-1,-1,-1
154189,2,0,0,-1,-1,-1
153456,1,0,1,0,4432,4432
154717,1,1,0,117,2363,2292
154920,1,1,0,0,1612,1612
154926,2,0,0,-1,-1,-1
0,0,0,0,-1,-1,-1
155060,1,1,0,12,6440,6436
154713,1,1,0,11,3548,3535
0,0,0,0,-1,-1,-1
0,0,0,0,-1,-1,-1
153650,2,0,0,-1,-1,-1
154896,2,0,0,-1,-1,-1
154617,2,0,0,-1,-1,-1
154270,2,0,0,-1,-1,-1
153600,2,0,0,-1,-1,-1
0,0,0,0,-1,-1,-1
154001,2,0,0,-1,-1,-1
154421,2,0,0,-1,-1,-1
153302,2,0,0,-1,-1,-1
0,0,0,0,-1,-1,-1
155149,1,0,1,215,6726,6598
0,0,0,0,-1,-1,-1
154612,2,0,0,-1,-1,-1
0,0,0,0,-1,-1,-1
153930,1,1,0,78,6350,6316
153921,1,1,0,51,4372,4358
154087,1,1,0,42,5246,5224
154928,1,0,1,5,6754,6751
0,0,0,0,-1,-1,-1
154235,2,0,0,-1,-1,-1
0,0,0,0,-1,-1,-1
0,0,0,0,-1,-1,-1
155050,1,1,0,142,2480,2422
154157,2,0,0,-1,-1,-1
153470,2,0,0,-1,-1,-1
154758,1,1,0,51,4218,4194
153262,2,0,0,-1,-1,-1
154807,1,1,0,351,4020,3920
0,0,0,0,-1,-1,-1
153857,2,0,0,-1,-1,-1
153682,1,0,1,152,9425,9374
155144,1,1,1,93,8112,8075
154840,1,0,1,153,8460,8390
154479,1,1,-1,151,4949,4884
0,0,0,0,-1,-1,-1
154495,2,0,0,-1,-1,-1
0,0,0,0,-1,-1,-1
0,0,0,0,-1,-1,-1
0,0,0,0,-1,-1,-1
0,0,0,0,-1,-1,-1
154810,1,1,1,234,3900,3793
0,0,0,0,-1,-1,-1
154000,1,1,0,136,1203,1132
0,0,0,0,-1,-1,-1
154622,1,1,0,142,8061,8011
0,0,0,0,-1,-1,-1
154770,1,0,1,176,4596,4501
153969,2,0,0,-1,-1,-1
154615,1,0,1,101,4160,4103
153836,1,0,1,45,2226,2207
152364,1,0,1,142,3085,3000
154440,1,1,0,118,2292,2224
0,0,0,0,-1,-1,-1
0,0,0,0,-1,-1,-1
155057,1,1,0,5,9203,9199
153856,2,0,0,-1,-1,-1
155370,1,1,-1,418,8492,8303
154584,1,1,1,123,5949,5886
155167,1,1,0,32,5813,5797
154713,2,0,0,-1,-1,-1
155192,1,1,0,68,14743,14704
154612,2,0,0,-1,-1,-1
154236,2,0,0,-1,-1,-1
0,0,0,0,-1,-1,-1
0,0,0,0,-1,-1,-1
154794,1,1,0,117,2001,1942
154266,1,1,1,150,3117,3051
154932,2,0,0,-1,-1,-1
154951,1,1,0,94,3484,3432
153742,2,0,0,-1,-1,-1
0,0,0,0,-1,-1,-1
0,0,0,0,-1,-1,-1
153722,2,0,0,-1,-1,-1
154850,2,0,0,-1,-1,-1
154044,1,1,-1,163,6087,6028
0,0,0,0,-1,-1,-1
0,0,0,0,-1,-1,-1
155361,1,0,1,170,2059,1999
0,0,0,0,-1,-1,-1
0,0,0,0,-1,-1,-1
0,0,0,0,-1,-1,-1
153324,2,0,0,-1,-1,-1
0,0,0,0,-1,-1,-1
155008,2,0,0,-1,-1,-1
154548,1,0,1,59,984,974
0,0,0,0,-1,-1,-1
155027,2,0,0,-1,-1,-1
153898,2,0,0,-1,-1,-1
154404,2,0,0,-1,-1,-1
0,0,0,0,-1,-1,-1
155377,1,0,1,85,2029,1990
153941,2,0,0,-1,-1,-1
154555,1,1,0,151,5002,4936
155224,1,1,0,0,3735,3735
0,0,0,0,-1,-1,-1
0,0,0,0,-1,-1,-1
154787,1,0,1,103,10466,10433
155257,1,1,0,223,6666,6581
154622,2,0,0,-1,-1,-1
153823,2,0,0,-1,-1,-1
155305,1,1,0,188,1902,1808
153507,2,0,0,-1,-1,-1
154462,2,0,0,-1,-1,-1
0,0,0,0,-1,-1,-1
153206,2,0,0,-1,-1,-1
0,0,0,0,-1,-1,-1
0,0,0,0,-1,-1,-1
154227,2,0,0,-1,-1,-1
0,0,0,0,-1,-1,-1
155105,2,0,0,-1,-1,-1
154882,2,0,0,-1,-1,-1
0,0,0,0,-1,-1,-1
0,0,0,0,-1,-1,-1
0,0,0,0,-1,-1,-1
0,0,0,0,-1,-1,-1
155075,1,1,0,41,1739,1723
0,0,0,0,-1,-1,-1
154359,1,0,1,193,2442,2365
0,0,0,0,-1,-1,-1
0,0,0,0,-1,-1,-1
155165,1,1,0,53,6408,6382
0,0,0,0,-1,-1,-1
0,0,0,0,-1,-1,-1
155065,1,1,1,132,14106,14046
154809,1,1,0,43,3064,3030
153123,1,1,0,116,4098,4055
0,0,0,0,-1,-1,-1
0,0,0,0,-1,-1,-1
154310,1,1,0,68,2938,2911
154832,1,0,1,129,5250,5179
154965,1,1,0,36,1712,1691
0,0,0,0,-1,-1,-1
154356,1,1,0,0,624,624
154084,1,0,1,96,6821,6788
0,0,0,0,-1,-1,-1
154144,2,0,0,-1,-1,-1
0,0,0,0,-1,-1,-1
154350,1,1,0,0,3400,3400
154927,1,0,1,15,4776,4766
0,0,0,0,-1,-1,-1
154637,2,0,0,-1,-1,-1
154475,1,0,1,56,4935,4904
152844,2,0,0,-1,-1,-1
0,0,0,0,-1,-1,-1
154789,2,0,0,-1,-1,-1
154156,1,1,0,61,10879,10824
154279,1,1,0,194,2823,2735
154606,2,0,0,-1,-1,-1
154964,1,0,1,99,4466,4421
154804,1,0,1,72,2293,2263
154820,2,0,0,-1,-1,-1
0,0,0,0,-1,-1,-1
154862,2,0,0,-1,-1,-1
154734,2,0,0,-1,-1,-1
0,0,0,0,-1,-1,-1
0,0,0,0,-1,-1,-1
154422,2,0,0,-1,-1,-1
0,0,0,0,-1,-1,-1
153876,2,0,0,-1,-1,-1
153964,1,0,1,82,8352,8310
0,0,0,0,-1,-1,-1
0,0,0,0,-1,-1,-1
0,0,0,0,-1,-1,-1
155199,1,0,1,172,2245,2168
154009,1,0,1,59,1830,1787
155310,1,0,1,0,6048,6048
0,0,0,0,-1,-1,-1
154251,1,0,1,225,2919,2790
154925,2,0,0,-1,-1,-1
153995,1,1,0,224,2854,2735
153520,1,1,0,107,2708,2667
0,0,0,0,-1,-1,-1
154341,1,0,1,128,4116,4048
154307,2,0,0,-1,-1,-1
0,0,0,0,-1,-1,-1
154608,1,1,-1,105,11174,11130
153828,1,1,0,160,9429,9375
154996,2,0,0,-1,-1,-1
0,0,0,0,-1,-1,-1
0,0,0,0,-1,-1,-1
154141,2,0,0,-1,-1,-1
154907,2,0,0,-1,-1,-1
154561,2,0,0,-1,-1,-1
155045,1,0,1,117,2347,2278
154340,2,0,0,-1,-1,-1
154726,1,1,0,0,4759,4759
154288,1,1,0,161,8778,8695
154531,1,1,0,54,5341,5299
155282,1,1,-1,145,10699,10620
154557,2,0,0,-1,-1,-1
153570,1,1,0,198,1302,1246
154524,1,0,1,105,720,684
0,0,0,0,-1,-1,-1
154941,2,0,0,-1,-1,-1
0,0,0,0,-1,-1,-1
155190,1,1,-1,62,7408,7368
154817,1,0,1,0,0,0
0,0,0,0,-1,-1,-1
0,0,0,0,-1,-1,-1
0,0,0,0,-1,-1,-1
0,0,0,0,-1,-1,-1
0,0,0,0,-1,-1,-1
153359,1,1,0,47,7116,7107
155263,1,0,1,65,2787,2745
155280,2,0,0,-1,-1,-1
0,0,0,0,-1,-1,-1
151895,1,0,1,175,3231,3116
155195,1,1,0,16,1599,1586
154847,2,0,0,-1,-1,-1
153430,2,0,0,-1,-1,-1
154545,2,0,0,-1,-1,-1
155162,2,0,0,-1,-1,-1
0,0,0,0,-1,-1,-1
155324,1,1,0,136,1891,1829
154935,1,1,0,68,3555,3542
153983,1,0,1,53,1690,1662
155126,1,1,0,92,5758,5705
155305,1,1,0,0,5855,5855
154915,1,1,0,90,2661,2604
0,0,0,0,-1,-1,-1
154816,2,0,0,-1,-1,-1
154543,1,1,0,196,5520,5422
153351,2,0,0,-1,-1,-1
155123,1,0,1,85,4983,4928
153790,2,0,0,-1,-1,-1
153402,1,1,0,95,3980,3941
155216,1,1,1,221,7951,7884
154177,1,0,1,90,5515,5483
0,0,0,0,-1,-1,-1
153925,1,0,1,94,2388,2341
155225,1,0,1,104,4082,4037
153663,2,0,0,-1,-1,-1
154548,1,1,0,81,23407,23373
155151,1,1,-1,98,3672,3603
155274,1,1,0,29,6746,6729
154337,1,1,0,273,6958,6869
153355,2,0,0,-1,-1,-1
0,0,0,0,-1,-1,-1
0,0,0,0,-1,-1,-1
152606,2,0,0,-1,-1,-1
154766,1,0,1,0,21976,21976
0,0,0,0,-1,-1,-1
152779,1,1,0,68,5296,5269
155032,1,0,1,168,2000,1932
0,0,0,0,-1,-1,-1
153207,2,0,0,-1,-1,-1
155296,1,1,0,52,4851,4831
153059,1,1,0,118,1576,1498
0,0,0,0,-1,-1,-1
0,0,0,0,-1,-1,-1
153940,1,0,1,71,3199,3166
152421,2,0,0,-1,-1,-1
155319,1,1,0,36,6388,6373
155254,1,1,0,77,7048,7020
0,0,0,0,-1,-1,-1
154069,1,0,1,54,6780,6768
153395,2,0,0,-1,-1,-1
154916,2,0,0,-1,-1,-1
155050,1,0,1,45,4047,4028
154262,2,0,0,-1,-1,-1
154153,1,0,1,134,13224,13127
154944,1,0,1,106,2445,2396
154597,2,0,0,-1,-1,-1
152508,1,0,1,161,7254,7195
154901,1,1,0,159,3921,3846
0,0,0,0,-1,-1,-1
0,0,0,0,-1,-1,-1
154731,1,1,0,134,2828,2749
155207,1,1,0,0,252,252
155131,1,0,1,133,4143,4063
153602,2,0,0,-1,-1,-1
151993,2,0,0,-1,-1,-1
154065,1,0,1,34,2155,2136
0,0,0,0,-1,-1,-1
153738,1,0,1,0,587,587
0,0,0,0,-1,-1,-1
154640,2,0,0,-1,-1,-1
154796,2,0,0,-1,-1,-1
154730,1,1,0,162,2256,2195
154667,2,0,0,-1,-1,-1
153596,1,1,0,55,2692,2675
0,0,0,0,-1,-1,-1
154894,1,0,1,111,2208,2182
154848,1,1,0,52,1460,1433
154837,1,1,0,84,2783,2760
152445,2,0,0,-1,-1,-1
154792,1,1,0,68,4396,4353
153697,2,0,0,-1,-1,-1
153788,2,0,0,-1,-1,-1
0,0,0,0,-1,-1,-1
155260,1,1,0,3,7550,7544
155150,1,0,1,64,5052,5031
154799,2,0,0,-1,-1,-1
155083,1,0,1,112,2064,2028
153291,2,0,0,-1,-1,-1
153939,1,1,0,107,3282,3216
0,0,0,0,-1,-1,-1
155308,1,0,1,40,6802,6768
154493,1,0,1,13,4726,4720
0,0,0,0,-1,-1,-1
153620,2,0,0,-1,-1,-1
154203,1,1,0,0,19136,19136
154886,1,0,1,134,5809,5744
154239,2,0,0,-1,-1,-1
155017,2,0,0,-1,-1,-1
155247,2,0,0,-1,-1,-1
154703,1,1,0,0,3308,3308
154981,1,0,1,265,2152,2041
154976,2,0,0,-1,-1,-1
155110,2,0,0,-1,-1,-1
0,0,0,0,-1,-1,-1
0,0,0,0,-1,-1,-1
155007,2,0,0,-1,-1,-1
152899,2,0,0,-1,-1,-1
154961,1,1,0,196,3284,3198
153986,1,1,0,0,4674,4674
154674,2,0,0,-1,-1,-1
155008,1,0,1,60,2741,2705
0,0,0,0,-1,-1,-1
154207,2,0,0,-1,-1,-1
0,0,0,0,-1,-1,-1
154993,2,0,0,-1,-1,-1
154922,1,1,0,182,1569,1498
0,0,0,0,-1,-1,-1
153540,2,0,0,-1,-1,-1
154607,1,1,0,119,4395,4328
0,0,0,0,-1,-1,-1
0,0,0,0,-1,-1,-1
154486,1,0,1,116,4416,4371
153183,1,0,1,138,2765,2716
153711,1,0,1,86,2681,2644
154920,1,1,0,0,12033,12033
153623,2,0,0,-1,-1,-1
153057,1,0,1,197,3412,3308
155137,1,1,0,109,1525,1451
154883,1,1,0,181,4023,3947
154829,2,0,0,-1,-1,-1
0,0,0,0,-1,-1,-1
153041,2,0,0,-1,-1,-1
153981,1,1,1,171,3105,3029
154674,2,0,0,-1,-1,-1
154334,1,1,0,2,4959,4953
155371,1,0,1,84,6146,6107
153678,2,0,0,-1,-1,-1
0,0,0,0,-1,-1,-1
0,0,0,0,-1,-1,-1
0,0,0,0,-1,-1,-1
0,0,0,0,-1,-1,-1
154356,2,0,0,-1,-1,-1
153607,2,0,0,-1,-1,-1
153151,2,0,0,-1,-1,-1
154345,1,0,1,80,4439,4399
155363,1,1,0,70,1786,1746
155122,2,0,0,-1,-1,-1
0,0,0,0,-1,-1,-1
153969,2,0,0,-1,-1,-1
0,0,0,0,-1,-1,-1
0,0,0,0,-1,-1,-1
155281,1,1,0,84,14532,14490
154698,2,0,0,-1,-1,-1
0,0,0,0,-1,-1,-1
155167,2,0,0,-1,-1,-1
154540,1,0,1,127,2540,2473
154913,1,0,1,33,4575,4560
154655,2,0,0,-1,-1,-1
0,0,0,0,-1,-1,-1
154898,1,1,1,89,6553,6530
153915,2,0,0,-1,-1,-1
155282,1,0,1,57,3550,3517
153934,2,0,0,-1,-1,-1
155015,1,1,0,62,9021,9002
154834,2,0,0,-1,-1,-1
154909,1,0,1,167,3983,3913
154564,1,1,0,0,5012,5012
0,0,0,0,-1,-1,-1
0,0,0,0,-1,-1,-1
154093,2,0,0,-1,-1,-1
154126,2,0,0,-1,-1,-1
154645,1,0,1,74,1685,1665
152825,1,1,0,67,6015,5979
154389,2,0,0,-1,-1,-1
154008,2,0,0,-1,-1,-1
155230,1,1,0,135,1563,1502
154231,1,0,1,150,11703,11648
152882,1,0,1,72,2327,2295
154278,1,0,1,103,4610,4571
0,0,0,0,-1,-1,-1
155115,1,1,0,132,6765,6710
154891,1,0,1,0,9638,9638
154766,1,0,1,236,2589,2504
0,0,0,0,-1,-1,-1
0,0,0,0,-1,-1,-1
0,0,0,0,-1,-1,-1
154940,2,0,0,-1,-1,-1
153867,2,0,0,-1,-1,-1
153438,2,0,0,-1,-1,-1
0,0,0,0,-1,-1,-1
155327,2,0,0,-1,-1,-1
153314,1,1,0,105,5520,5477
0,0,0,0,-1,-1,-1
154376,2,0,0,-1,-1,-1
0,0,0,0,-1,-1,-1
0,0,0,0,-1,-1,-1
0,0,0,0,-1,-1,-1
0,0,0,0,-1,-1,-1
0,0,0,0,-1,-1,-1
0,0,0,0,-1,-1,-1
0,0,0,0,-1,-1,-1
155218,1,1,1,165,4563,4492
0,0,0,0,-1,-1,-1
154401,1,0,1,27,4536,4524
154441,1,1,0,176,7058,6998
154832,2,0,0,-1,-1,-1
153215,1,0,1,45,2057,2035
155097,2,0,0,-1,-1,-1
152854,2,0,0,-1,-1,-1
154514,2,0,0,-1,-1,-1
154504,1,1,0,41,16054,16029
0,0,0,0,-1,-1,-1
0,0,0,0,-1,-1,-1
152446,2,0,0,-1,-1,-1
0,0,0,0,-1,-1,-1
154812,2,0,0,-1,-1,-1
0,0,0,0,-1,-1,-1
0,0,0,0,-1,-1,-1
0,0,0,0,-1,-1,-1
0,0,0,0,-1,-1,-1
153877,2,0,0,-1,-1,-1
154332,1,0,1,44,4753,4737
0,0,0,0,-1,-1,-1
152126,2,0,0,-1,-1,-1
153744,2,0,0,-1,-1,-1
0,0,0,0,-1,-1,-1
154510,1,0,1,76,738,711
0,0,0,0,-1,-1,-1
0,0,0,0,-1,-1,-1
154453,1,1,0,172,3774,3690
155140,1,1,-1,191,2252,2143
154305,2,0,0,-1,-1,-1
154188,1,1,0,12,6423,6421
155116,2,0,0,-1,-1,-1
154761,1,0,1,71,1890,1860
154702,2,0,0,-1,-1,-1
155078,1,1,1,0,6058,6058
154637,1,0,1,71,7715,7668
153419,1,1,0,66,5646,5603
154113,1,1,0,0,10250,10250
0,0,0,0,-1,-1,-1
154243,1,1,0,46,2519,2507
154532,2,0,0,-1,-1,-1
155069,1,1,0,5,8163,8163
0,0,0,0,-1,-1,-1
0,0,0,0,-1,-1,-1
153756,2,0,0,-1,-1,-1
153790,1,0,1,28,6756,6737
153708,1,1,-1,114,20413,20360
0,0,0,0,-1,-1,-1
155047,1,0,1,0,14124,14124
0,0,0,0,-1,-1,-1
0,0,0,0,-1,-1,-1
0,0,0,0,-1,-1,-1
153807,2,0,0,-1,-1,-1
0,0,0,0,-1,-1,-1
154721,2,0,0,-1,-1,-1
0,0,0,0,-1,-1,-1
0,0,0,0,-1,-1,-1
154424,1,1,0,242,3906,3822
0,0,0,0,-1,-1,-1
154958,1,1,0,265,3966,3820
155137,1,1,1,206,3238,3149
154780,1,0,1,312,3809,3678
0,0,0,0,-1,-1,-1
153219,2,0,0,-1,-1,-1
0,0,0,0,-1,-1,-1
0,0,0,0,-1,-1,-1
0,0,0,0,-1,-1,-1
154118,2,0,0,-1,-1,-1
154401,2,0,0,-1,-1,-1
0,0,0,0,-1,-1,-1
154718,1,1,0,59,9133,9118
153695,2,0,0,-1,-1,-1
153880,2,0,0,-1,-1,-1
154722,1,1,-1,100,3023,2982
154157,2,0,0,-1,-1,-1
154803,2,0,0,-1,-1,-1
0,0,0,0,-1,-1,-1
155004,1,0,1,101,8673,8622
152727,2,0,0,-1,-1,-1
155282,1,0,1,28,12872,12862
154774,2,0,0,-1,-1,-1
154036,1,0,1,64,2717,2691
154952,1,0,1,0,8272,8272
0,0,0,0,-1,-1,-1
154272,1,1,0,115,7973,7919
152218,1,0,1,30,11172,11159
152364,1,1,0,0,2759,2759
0,0,0,0,-1,-1,-1
153820,2,0,0,-1,-1,-1
153398,1,1,0,139,2826,2744
155217,1,0,1,78,8228,8199
153990,2,0,0,-1,-1,-1
154589,1,1,1,263,9755,9633
155091,1,0,1,253,5643,5528
0,0,0,0,-1,-1,-1
155212,2,0,0,-1,-1,-1
154971,1,1,0,25,2956,2950
0,0,0,0,-1,-1,-1
0,0,0,0,-1,-1,-1
154454,1,1,0,92,2317,2261
153948,2,0,0,-1,-1,-1
155017,2,0,0,-1,-1,-1
0,0,0,0,-1,-1,-1
154417,1,1,0,0,460,460
155239,1,0,1,37,5121,5111
154632,1,1,0,124,5214,5138
155174,2,0,0,-1,-1,-1
0,0,0,0,-1,-1,-1
0,0,0,0,-1,-1,-1
155087,1,1,0,122,7523,7462
152143,2,0,0,-1,-1,-1
154883,1,1,0,74,3269,3233
0,0,0,0,-1,-1,-1
0,0,0,0,-1,-1,-1
154312,2,0,0,-1,-1,-1
0,0,0,0,-1,-1,-1
154925,1,1,0,43,3040,3028
155288,1,1,1,107,8198,8134
154234,2,0,0,-1,-1,-1
154702,1,0,1,111,7057,7001
154081,1,1,-1,281,9736,9635
0,0,0,0,-1,-1,-1
0,0,0,0,-1,-1,-1
154642,1,1,0,60,3270,3226
154222,2,0,0,-1,-1,-1
153635,2,0,0,-1,-1,-1
153397,2,0,0,-1,-1,-1
153980,2,0,0,-1,-1,-1
153120,1,0,1,126,8691,8642
0,0,0,0,-1,-1,-1
154163,2,0,0,-1,-1,-1
0,0,0,0,-1,-1,-1
155257,1,1,0,72,2638,2591
0,0,0,0,-1,-1,-1
154045,2,0,0,-1,-1,-1
154246,1,1,0,75,3312,3280
152098,2,0,0,-1,-1,-1
154460,2,0,0,-1,-1,-1
0,0,0,0,-1,-1,-1
155370,1,1,0,66,2980,2951
154092,1,1,0,55,4245,4238
155073,2,0,0,-1,-1,-1
154297,2,0,0,-1,-1,-1
0,0,0,0,-1,-1,-1
154259,2,0,0,-1,-1,-1
154903,1,0,1,36,2995,2977
154051,2,0,0,-1,-1,-1
154313,1,0,1,0,41627,41627
155318,1,1,-1,151,2593,2522
154570,2,0,0,-1,-1,-1
154118,2,0,0,-1,-1,-1
154951,1,1,0,112,6097,6044
154287,1,1,1,69,4383,4357
154718,2,0,0,-1,-1,-1
154698,2,0,0,-1,-1,-1
154742,2,0,0,-1,-1,-1
0,0,0,0,-1,-1,-1
155205,1,0,1,76,5711,5680
154926,1,1,0,119,5255,5210
0,0,0,0,-1,-1,-1
154926,1,1,-1,221,4087,3987
153042,2,0,0,-1,-1,-1
155252,1,1,0,0,13905,13905
155179,1,0,1,15,7867,7851
154595,1,0,1,83,6967,6944
155189,1,1,-1,30,4879,4866
0,0,0,0,-1,-1,-1
153572,2,0,0,-1,-1,-1
154800,1,0,1,16,13212,13192
154372,1,0,1,177,2602,2520
0,0,0,0,-1,-1,-1
155089,1,0,1,20,4446,4433
0,0,0,0,-1,-1,-1
154703,1,1,0,0,15945,15945
0,0,0,0,-1,-1,-1
155185,1,1,-1,147,6235,6168
155298,1,1,0,97,2470,2412
154894,2,0,0,-1,-1,-1
153946,1,1,0,189,2209,2120
0,0,0,0,-1,-1,-1
0,0,0,0,-1,-1,-1
155096,1,1,0,131,4885,4830
0,0,0,0,-1,-1,-1
154966,2,0,0,-1,-1,-1
155316,1,0,1,27,16143,16138
154985,1,1,0,9,5620,5615
153933,1,1,0,67,1518,1480
0,0,0,0,-1,-1,-1
152762,2,0,0,-1,-1,-1
0,0,0,0,-1,-1,-1
155285,1,1,-1,83,4159,4110
0,0,0,0,-1,-1,-1
154468,1,0,1,172,1730,1676
0,0,0,0,-1,-1,-1
0,0,0,0,-1,-1,-1
154553,1,0,1,269,2404,2270
0,0,0,0,-1,-1,-1
153768,2,0,0,-1,-1,-1
153839,2,0,0,-1,-1,-1
154523,1,1,0,96,5228,5200
154232,1,0,1,139,5145,5092
155202,1,0,1,171,2953,2888
153593,2,0,0,-1,-1,-1
0,0,0,0,-1,-1,-1
154991,1,1,0,66,2509,2474
154613,2,0,0,-1,-1,-1
0,0,0,0,-1,-1,-1
153229,1,0,1,3,4816,4816
0,0,0,0,-1,-1,-1
0,0,0,0,-1,-1,-1
0,0,0,0,-1,-1,-1
153484,2,0,0,-1,-1,-1
154260,1,0,1,31,2289,2265
0,0,0,0,-1,-1,-1
154337,2,0,0,-1,-1,-1
153673,2,0,0,-1,-1,-1
155271,1,0,1,125,1043,992
154599,1,0,1,20,7773,7761
154691,1,0,1,31,6543,6508
154903,1,0,1,5,17012,17006
153644,2,0,0,-1,-1,-1
0,0,0,0,-1,-1,-1
153956,2,0,0,-1,-1,-1
154068,1,1,0,56,2287,2258
154663,2,0,0,-1,-1,-1
0,0,0,0,-1,-1,-1
0,0,0,0,-1,-1,-1
0,0,0,0,-1,-1,-1
0,0,0,0,-1,-1,-1
153964,2,0,0,-1,-1,-1
0,0,0,0,-1,-1,-1
153825,2,0,0,-1,-1,-1
0,0,0,0,-1,-1,-1
0,0,0,0,-1,-1,-1
154708,2,0,0,-1,-1,-1
153182,1,0,1,128,5103,5032
0,0,0,0,-1,-1,-1
152998,1,1,0,103,2642,2598
155124,1,1,0,60,19873,19849
0,0,0,0,-1,-1,-1
154522,1,0,1,56,7462,7431
152137,2,0,0,-1,-1,-1
154855,1,1,0,101,3184,3138
155313,1,0,1,3,4367,4367
0,0,0,0,-1,-1,-1
155089,1,1,1,224,3362,3237
154773,1,1,0,88,574,536
154836,2,0,0,-1,-1,-1
153277,2,0,0,-1,-1,-1
154754,1,1,0,10,2227,2209
0,0,0,0,-1,-1,-1
0,0,0,0,-1,-1,-1
154426,1,1,-1,123,11100,11024
154323,2,0,0,-1,-1,-1
0,0,0,0,-1,-1,-1
153674,1,0,1,81,5643,5601
0,0,0,0,-1,-1,-1
152919,1,0,1,64,2075,2040
155102,1,0,1,0,8464,8464
154677,1,0,1,0,19649,19649
154760,2,0,0,-1,-1,-1
154990,1,1,-1,149,5447,5357
154495,1,1,0,52,8976,8952
153908,2,0,0,-1,-1,-1
153351,2,0,0,-1,-1,-1
153559,2,0,0,-1,-1,-1
154366,1,0,1,172,1914,1841
0,0,0,0,-1,-1,-1
0,0,0,0,-1,-1,-1
154616,2,0,0,-1,-1,-1
154333,1,0,1,146,4330,4270
155305,1,0,1,234,3035,2943
154991,2,0,0,-1,-1,-1
155226,1,1,0,307,4769,4631
0,0,0,0,-1,-1,-1
154940,1,1,0,97,1822,1775
154761,1,0,1,131,2301,2235
0,0,0,0,-1,-1,-1
155311,1,1,0,138,7528,7459
0,0,0,0,-1,-1,-1
0,0,0,0,-1,-1,-1
0,0,0,0,-1,-1,-1
0,0,0,0,-1,-1,-1
154542,1,1,0,165,2431,2362
0,0,0,0,-1,-1,-1
154668,2,0,0,-1,-1,-1
153499,2,0,0,-1,-1,-1
0,0,0,0,-1,-1,-1
0,0,0,0,-1,-1,-1
154569,1,1,1,182,7910,7831
154448,2,0,0,-1,-1,-1
0,0,0,0,-1,-1,-1
0,0,0,0,-1,-1,-1
154263,1,0,1,0,4173,4173
154734,2,0,0,-1,-1,-1
154314,1,0,1,37,15705,15688
154745,1,1,0,66,3493,3464
154987,1,0,1,147,2725,2663
153629,2,0,0,-1,-1,-1
154001,2,0,0,-1,-1,-1
0,0,0,0,-1,-1,-1
0,0,0,0,-1,-1,-1
154725,1,0,1,157,3198,3136
154594,2,0,0,-1,-1,-1
154513,1,1,0,6,12408,12402
154761,1,0,1,0,12757,12757
154784,2,0,0,-1,-1,-1
154901,1,0,1,227,3053,2972
154104,2,0,0,-1,-1,-1
155224,1,0,1,117,1107,1040
0,0,0,0,-1,-1,-1
0,0,0,0,-1,-1,-1
155359,1,1,0,40,3274,3249
0,0,0,0,-1,-1,-1
0,0,0,0,-1,-1,-1
0,0,0,0,-1,-1,-1
155184,1,1,0,0,12001,12001
155030,1,0,1,47,6600,6581
0,0,0,0,-1,-1,-1
153990,1,0,1,219,2018,1916
152797,2,0,0,-1,-1,-1
155147,2,0,0,-1,-1,-1
153578,1,1,0,14,2739,2740
153732,1,1,0,26,4329,4323
154234,2,0,0,-1,-1,-1
155283,1,1,0,56,5923,5887
153451,2,0,0,-1,-1,-1
153971,2,0,0,-1,-1,-1
153080,2,0,0,-1,-1,-1
154738,2,0,0,-1,-1,-1
154718,1,1,0,68,46462,46437
0,0,0,0,-1,-1,-1
154527,1,0,1,25,4562,4547
154807,1,1,0,70,2458,2425
153915,1,1,0,221,2164,2055
154313,2,0,0,-1,-1,-1
0,0,0,0,-1,-1,-1
0,0,0,0,-1,-1,-1
0,0,0,0,-1,-1,-1
154513,1,0,1,31,13741,13726
153414,1,0,1,142,16098,16028
154086,2,0,0,-1,-1,-1
153921,2,0,0,-1,-1,-1
154949,1,0,1,0,3976,3976
153924,1,1,0,0,2279,2274
154141,2,0,0,-1,-1,-1
154400,2,0,0,-1,-1,-1
153764,1,1,1,128,5329,5268
155151,1,1,0,0,224,224
155033,1,1,1,206,3904,3776
152927,2,0,0,-1,-1,-1
154129,1,1,0,132,3936,3870
153530,1,1,0,164,2716,2632
155130,1,0,1,128,3503,3435
0,0,0,0,-1,-1,-1
0,0,0,0,-1,-1,-1
0,0,0,0,-1,-1,-1
153233,1,0,1,28,2095,2084
153569,1,1,0,209,4367,4232
0,0,0,0,-1,-1,-1
153869,1,0,1,122,1651,1598
152912,2,0,0,-1,-1,-1
154161,2,0,0,-1,-1,-1
0,0,0,0,-1,-1,-1
0,0,0,0,-1,-1,-1
154249,2,0,0,-1,-1,-1
154745,2,0,0,-1,-1,-1
0,0,0,0,-1,-1,-1
154599,1,0,1,63,3553,3509
154062,2,0,0,-1,-1,-1
154992,1,0,1,85,3035,2993
0,0,0,0,-1,-1,-1
0,0,0,0,-1,-1,-1
0,0,0,0,-1,-1,-1
0,0,0,0,-1,-1,-1
154208,2,0,0,-1,-1,-1
153919,2,0,0,-1,-1,-1
153445,2,0,0,-1,-1,-1
0,0,0,0,-1,-1,-1
154593,2,0,0,-1,-1,-1
153400,1,0,1,52,4101,4081
0,0,0,0,-1,-1,-1
0,0,0,0,-1,-1,-1
155325,1,1,0,103,6183,6142
0,0,0,0,-1,-1,-1
154654,2,0,0,-1,-1,-1
0,0,0,0,-1,-1,-1
155196,1,0,1,71,4357,4313
0,0,0,0,-1,-1,-1
154930,2,0,0,-1,-1,-1
0,0,0,0,-1,-1,-1
154606,2,0,0,-1,-1,-1
154977,2,0,0,-1,-1,-1
155286,1,1,0,173,4926,4861
154175,2,0,0,-1,-1,-1
153891,1,1,0,0,6442,6442
154187,2,0,0,-1,-1,-1
153595,2,0,0,-1,-1,-1
154346,2,0,0,-1,-1,-1
154721,1,0,1,45,15559,15542
155009,1,1,0,87,3825,3799
153852,2,0,0,-1,-1,-1
155136,1,0,1,211,3031,2929
0,0,0,0,-1,-1,-1
154351,2,0,0,-1,-1,-1
0,0,0,0,-1,-1,-1
155124,2,0,0,-1,-1,-1
155038,1,1,0,0,288,288
153308,2,0,0,-1,-1,-1
154292,1,0,1,82,6267,6224
0,0,0,0,-1,-1,-1
155290,1,0,1,128,6596,6526
153916,1,0,1,122,1613,1554
0,0,0,0,-1,-1,-1
155025,1,1,0,218,2157,2051
155209,1,1,0,57,3761,3731
153871,1,1,0,104,6775,6737
154663,1,1,0,110,3096,3053
154106,1,1,0,15,6479,6471
154399,2,0,0,-1,-1,-1
154699,2,0,0,-1,-1,-1
155214,1,1,0,187,4696,4583
154754,1,0,1,289,7655,7517
155160,2,0,0,-1,-1,-1
154845,1,1,0,182,2791,2717
153069,1,1,0,125,2841,2784
153214,2,0,0,-1,-1,-1
0,0,0,0,-1,-1,-1
154665,1,1,1,126,6664,6607
153637,2,0,0,-1,-1,-1
0,0,0,0,-1,-1,-1
155217,1,0,1,279,2299,2188
154461,2,0,0,-1,-1,-1
0,0,0,0,-1,-1,-1
154874,1,0,1,78,7478,7453
154537,1,0,1,91,4457,4429
155356,1,1,0,62,7395,7381
154933,1,1,0,12,12257,12251
153997,2,0,0,-1,-1,-1
154309,2,0,0,-1,-1,-1
154642,1,1,0,131,7796,7717
0,0,0,0,-1,-1,-1
155353,1,1,0,0,6027,6027
0,0,0,0,-1,-1,-1
0,0,0,0,-1,-1,-1
154401,2,0,0,-1,-1,-1
0,0,0,0,-1,-1,-1
0,0,0,0,-1,-1,-1
154880,1,1,-1,75,1935,1869
154580,1,1,0,38,9753,9738
0,0,0,0,-1,-1,-1
153017,1,0,1,0,568,568
154245,1,1,0,28,7110,7109
153354,2,0,0,-1,-1,-1
0,0,0,0,-1,-1,-1
153201,2,0,0,-1,-1,-1
154350,1,0,1,0,9320,9320
0,0,0,0,-1,-1,-1
0,0,0,0,-1,-1,-1
0,0,0,0,-1,-1,-1
155072,2,0,0,-1,-1,-1
154650,1,0,1,29,3913,3901
153635,1,1,0,169,7048,6954
152677,2,0,0,-1,-1,-1
153431,2,0,0,-1,-1,-1
154921,1,1,0,0,3634,3634
153337,2,0,0,-1,-1,-1
0,0,0,0,-1,-1,-1
153916,2,0,0,-1,-1,-1
155247,2,0,0,-1,-1,-1
155378,1,0,1,105,2539,2474
0,0,0,0,-1,-1,-1
153649,1,1,1,91,7532,7490
154923,2,0,0,-1,-1,-1
155248,1,1,-1,45,3071,3043
0,0,0,0,-1,-1,-1
154145,2,0,0,-1,-1,-1
154920,1,0,1,93,2867,2832
155331,2,0,0,-1,-1,-1
154952,2,0,0,-1,-1,-1
154743,2,0,0,-1,-1,-1
0,0,0,0,-1,-1,-1
155175,1,0,1,86,4569,4536
154272,1,0,1,0,6951,6951
0,0,0,0,-1,-1,-1
0,0,0,0,-1,-1,-1
0,0,0,0,-1,-1,-1
154680,1,1,0,35,1244,1227
153920,1,0,1,25,1286,1266
154852,2,0,0,-1,-1,-1
154365,2,0,0,-1,-1,-1
153508,1,1,0,0,8999,8999
153162,2,0,0,-1,-1,-1
0,0,0,0,-1,-1,-1
154249,2,0,0,-1,-1,-1
0,0,0,0,-1,-1,-1
0,0,0,0,-1,-1,-1
0,0,0,0,-1,-1,-1
154288,2,0,0,-1,-1,-1
0,0,0,0,-1,-1,-1
154749,2,0,0,-1,-1,-1
155310,1,1,-1,354,3504,3363
0,0,0,0,-1,-1,-1
153785,1,1,0,23,6020,6017
153511,2,0,0,-1,-1,-1
154874,2,0,0,-1,-1,-1
154624,2,0,0,-1,-1,-1
155323,1,1,0,20,5258,5251
0,0,0,0,-1,-1,-1
154677,2,0,0,-1,-1,-1
154850,1,1,0,101,727,693
153490,2,0,0,-1,-1,-1
154233,1,0,1,75,2608,2571
154757,1,1,-1,62,6196,6157
153881,2,0,0,-1,-1,-1
0,0,0,0,-1,-1,-1
154723,2,0,0,-1,-1,-1
154167,2,0,0,-1,-1,-1
154163,1,1,1,160,4995,4912
154174,2,0,0,-1,-1,-1
155305,1,1,0,0,2055,2055
154636,1,1,-1,222,5429,5330
154860,2,0,0,-1,-1,-1
154419,1,1,0,0,5484,5484
0,0,0,0,-1,-1,-1
154683,1,1,-1,142,8232,8183
154495,1,0,1,144,2358,2312
153331,2,0,0,-1,-1,-1
153753,1,0,1,299,1937,1804
154036,1,1,0,218,2314,2224
0,0,0,0,-1,-1,-1
154278,2,0,0,-1,-1,-1
155321,1,0,1,0,5220,5220
0,0,0,0,-1,-1,-1
154816,2,0,0,-1,-1,-1
0,0,0,0,-1,-1,-1
154783,1,1,0,36,6797,6783
154612,2,0,0,-1,-1,-1
155090,1,0,1,37,8512,8494
0,0,0,0,-1,-1,-1
154509,2,0,0,-1,-1,-1
152986,2,0,0,-1,-1,-1
154471,2,0,0,-1,-1,-1
153567,2,0,0,-1,-1,-1
154537,1,1,0,62,8141,8100
155370,1,1,0,85,3656,3615
0,0,0,0,-1,-1,-1
154406,2,0,0,-1,-1,-1
155376,1,1,0,158,1835,1767
155274,1,1,0,14,14791,14777
154737,2,0,0,-1,-1,-1
0,0,0,0,-1,-1,-1
153932,2,0,0,-1,-1,-1
153685,1,1,0,140,6304,6252
0,0,0,0,-1,-1,-1
153363,1,1,0,172,3193,3133
155367,1,1,0,62,2755,2725
0,0,0,0,-1,-1,-1
0,0,0,0,-1,-1,-1
0,0,0,0,-1,-1,-1
153243,2,0,0,-1,-1,-1
154476,1,0,1,75,3545,3492
0,0,0,0,-1,-1,-1
153838,1,1,0,60,5757,5731
0,0,0,0,-1,-1,-1
153959,2,0,0,-1,-1,-1
0,0,0,0,-1,-1,-1
155192,1,0,1,72,4377,4340
0,0,0,0,-1,-1,-1
0,0,0,0,-1,-1,-1
153206,1,0,1,15,7897,7882
154950,1,0,1,61,3153,3106
154569,2,0,0,-1,-1,-1
154255,1,1,0,0,11520,11520
154991,1,0,1,0,13668,13668
153614,2,0,0,-1,-1,-1
155100,1,1,0,0,8555,8555
154183,1,1,0,92,3963,3917
155106,1,1,0,52,8217,8203
154802,1,0,1,200,1674,1604
155301,1,1,1,86,6719,6667
153976,2,0,0,-1,-1,-1
0,0,0,0,-1,-1,-1
154928,2,0,0,-1,-1,-1
155235,1,1,-1,126,9172,9106
0,0,0,0,-1,-1,-1
154934,1,0,1,58,4568,4540
155377,1,0,1,111,1477,1426
0,0,0,0,-1,-1,-1
154048,2,0,0,-1,-1,-1
0,0,0,0,-1,-1,-1
154572,2,0,0,-1,-1,-1
155215,1,0,1,0,3681,3681
153932,2,0,0,-1,-1,-1
154909,2,0,0,-1,-1,-1
154816,1,1,0,88,2300,2261
154885,1,0,1,54,5606,5574
154599,1,1,1,85,4300,4258
0,0,0,0,-1,-1,-1
0,0,0,0,-1,-1,-1
153599,2,0,0,-1,-1,-1
155069,1,1,0,91,9913,9866
154697,1,1,0,16,4269,4256
155282,1,1,0,90,12718,12671
0,0,0,0,-1,-1,-1
0,0,0,0,-1,-1,-1
153737,2,0,0,-1,-1,-1
152871,2,0,0,-1,-1,-1
0,0,0,0,-1,-1,-1
0,0,0,0,-1,-1,-1
153931,1,1,0,134,3131,3086
154865,1,0,1,159,3276,3189
153252,2,0,0,-1,-1,-1
154334,2,0,0,-1,-1,-1
151809,1,1,0,181,9175,9081
155066,2,0,0,-1,-1,-1
155189,1,1,1,198,4686,4579
0,0,0,0,-1,-1,-1
0,0,0,0,-1,-1,-1
153894,2,0,0,-1,-1,-1
153867,2,0,0,-1,-1,-1
154730,1,1,0,12,10526,10523
154485,1,1,1,139,6393,6306
0,0,0,0,-1,-1,-1
155263,1,1,0,105,32119,32048
155201,1,0,1,116,1401,1372
154028,1,1,0,0,968,968
155296,2,0,0,-1,-1,-1
153750,2,0,0,-1,-1,-1
0,0,0,0,-1,-1,-1
0,0,0,0,-1,-1,-1
155127,1,1,0,114,1618,1582
154528,1,0,1,72,767,743
0,0,0,0,-1,-1,-1
154742,2,0,0,-1,-1,-1
154252,2,0,0,-1,-1,-1
0,0,0,0,-1,-1,-1
155086,1,0,1,57,5732,5699
0,0,0,0,-1,-1,-1
0,0,0,0,-1,-1,-1
154675,1,1,0,113,4618,4547
154767,1,0,1,236,2199,2064
153752,2,0,0,-1,-1,-1
154562,1,1,0,180,1761,1676
154066,2,0,0,-1,-1,-1
154691,2,0,0,-1,-1,-1
153687,2,0,0,-1,-1,-1
154712,1,1,1,210,6245,6145
154712,2,0,0,-1,-1,-1
153924,1,1,0,181,3618,3542
0,0,0,0,-1,-1,-1
0,0,0,0,-1,-1,-1
0,0,0,0,-1,-1,-1
155321,1,0,1,210,4980,4888
154497,1,1,0,186,2831,2766
152975,1,1,-1,136,4847,4796
154909,1,1,0,3,7744,7740
154415,2,0,0,-1,-1,-1
154677,2,0,0,-1,-1,-1
153961,2,0,0,-1,-1,-1
0,0,0,0,-1,-1,-1
153020,2,0,0,-1,-1,-1
0,0,0,0,-1,-1,-1
154950,1,1,1,479,4126,3965
0,0,0,0,-1,-1,-1
154044,1,1,0,88,2858,2812
0,0,0,0,-1,-1,-1
0,0,0,0,-1,-1,-1
0,0,0,0,-1,-1,-1
0,0,0,0,-1,-1,-1
0,0,0,0,-1,-1,-1
154272,2,0,0,-1,-1,-1
0,0,0,0,-1,-1,-1
0,0,0,0,-1,-1,-1
153854,2,0,0,-1,-1,-1
0,0,0,0,-1,-1,-1
154345,1,0,1,0,11986,11986
154692,2,0,0,-1,-1,-1
0,0,0,0,-1,-1,-1
155327,1,0,1,0,2786,2786
154155,2,0,0,-1,-1,-1
153649,1,1,0,174,4831,4740
153955,1,1,0,141,2763,2709
154644,2,0,0,-1,-1,-1
154665,1,1,1,179,6791,6685
153404,2,0,0,-1,-1,-1
153693,2,0,0,-1,-1,-1
153593,1,1,0,156,2195,2133
153176,2,0,0,-1,-1,-1
154628,1,0,1,223,2971,2873
152374,2,0,0,-1,-1,-1
0,0,0,0,-1,-1,-1
153710,1,0,1,200,3965,3877
0,0,0,0,-1,-1,-1
151809,1,1,0,148,4316,4239
154728,2,0,0,-1,-1,-1
154550,1,1,-1,109,5959,5904
0,0,0,0,-1,-1,-1
0,0,0,0,-1,-1,-1
0,0,0,0,-1,-1,-1
155066,1,1,0,85,4667,4631
154542,1,1,1,208,3056,2945
0,0,0,0,-1,-1,-1
0,0,0,0,-1,-1,-1
0,0,0,0,-1,-1,-1
154134,1,1,0,47,19608,19585
0,0,0,0,-1,-1,-1
154962,1,1,1,17,3177,3166
154557,1,1,0,166,3721,3680
154693,1,0,1,31,7740,7726
0,0,0,0,-1,-1,-1
155097,1,1,0,89,3930,3882
155221,1,1,0,118,4485,4437
154735,1,1,1,164,2489,2404
155378,1,0,1,196,5680,5580
154443,1,0,1,43,3277,3254
0,0,0,0,-1,-1,-1
154484,1,1,0,0,819,819
155169,1,1,0,171,3602,3538
0,0,0,0,-1,-1,-1
154779,2,0,0,-1,-1,-1
154858,1,0,1,91,1829,1784
0,0,0,0,-1,-1,-1
153642,1,1,0,22,1745,1738
0,0,0,0,-1,-1,-1
0,0,0,0,-1,-1,-1
153055,2,0,0,-1,-1,-1
0,0,0,0,-1,-1,-1
0,0,0,0,-1,-1,-1
0,0,0,0,-1,-1,-1
155270,1,0,1,35,4755,4740
155212,1,0,1,0,39690,39690
0,0,0,0,-1,-1,-1
153815,2,0,0,-1,-1,-1
154832,1,0,1,150,2382,2336
154927,1,1,-1,186,3783,3720
0,0,0,0,-1,-1,-1
154287,1,0,1,48,4206,4184
151697,1,1,0,74,1988,1945
0,0,0,0,-1,-1,-1
153031,2,0,0,-1,-1,-1
154832,1,1,-1,233,2698,2602
0,0,0,0,-1,-1,-1
154819,2,0,0,-1,-1,-1
154912,1,0,1,4,9682,9677
154566,2,0,0,-1,-1,-1
0,0,0,0,-1,-1,-1
153014,2,0,0,-1,-1,-1
154573,1,0,1,191,1714,1629
154086,1,1,0,38,2145,2112
0,0,0,0,-1,-1,-1
155319,1,0,1,65,7925,7912
0,0,0,0,-1,-1,-1
0,0,0,0,-1,-1,-1
153717,1,1,0,117,1949,1911
0,0,0,0,-1,-1,-1
154339,2,0,0,-1,-1,-1
154318,1,0,1,82,3299,3270
155143,1,1,0,77,4332,4297
154890,2,0,0,-1,-1,-1
153772,1,1,0,144,3764,3704
0,0,0,0,-1,-1,-1
154335,1,0,1,82,2294,2251
154069,1,0,1,135,1984,1918
154217,1,0,1,61,3282,3258
155260,2,0,0,-1,-1,-1
154134,2,0,0,-1,-1,-1
0,0,0,0,-1,-1,-1
154529,2,0,0,-1,-1,-1
154053,1,0,1,88,3419,3363
154744,2,0,0,-1,-1,-1
154998,1,1,0,53,1126,1103
154112,1,0,1,102,3438,3415
0,0,0,0,-1,-1,-1
154207,2,0,0,-1,-1,-1
155248,1,0,1,2,3366,3365
154158,1,0,1,117,5023,4971
154240,2,0,0,-1,-1,-1
154233,1,1,0,112,3894,3825
0,0,0,0,-1,-1,-1
155317,1,1,0,26,9432,9417
0,0,0,0,-1,-1,-1
0,0,0,0,-1,-1,-1
152555,2,0,0,-1,-1,-1
154598,1,1,0,84,5932,5891
0,0,0,0,-1,-1,-1
0,0,0,0,-1,-1,-1
0,0,0,0,-1,-1,-1
0,0,0,0,-1,-1,-1
0,0,0,0,-1,-1,-1
154862,1,1,0,169,3494,3403
0,0,0,0,-1,-1,-1
154479,2,0,0,-1,-1,-1
154582,1,0,1,168,3834,3773
0,0,0,0,-1,-1,-1
154757,1,1,1,53,5605,5571
154717,2,0,0,-1,-1,-1
152540,2,0,0,-1,-1,-1
0,0,0,0,-1,-1,-1
155324,1,1,0,47,2948,2926
0,0,0,0,-1,-1,-1
154102,1,0,1,54,1472,1449
0,0,0,0,-1,-1,-1
0,0,0,0,-1,-1,-1
154365,2,0,0,-1,-1,-1
0,0,0,0,-1,-1,-1
0,0,0,0,-1,-1,-1
155155,1,1,0,21,5388,5380
0,0,0,0,-1,-1,-1
153930,2,0,0,-1,-1,-1
0,0,0,0,-1,-1,-1
154657,2,0,0,-1,-1,-1
0,0,0,0,-1,-1,-1
0,0,0,0,-1,-1,-1
155154,1,1,0,58,1188,1168
154469,2,0,0,-1,-1,-1
154684,2,0,0,-1,-1,-1
155210,1,0,1,107,3410,3347
0,0,0,0,-1,-1,-1
154808,1,0,1,243,5207,5072
154485,2,0,0,-1,-1,-1
153883,2,0,0,-1,-1,-1
0,0,0,0,-1,-1,-1
0,0,0,0,-1,-1,-1
154536,1,0,1,157,2835,2776
155327,1,0,1,29,3822,3819
0,0,0,0,-1,-1,-1
154371,2,0,0,-1,-1,-1
154358,1,1,0,34,2537,2527
152830,2,0,0,-1,-1,-1
155083,1,1,-1,223,4796,4663
155152,1,0,1,93,3042,2998
154808,1,0,1,111,3976,3928
153199,1,0,1,10,4426,4415
0,0,0,0,-1,-1,-1
151913,2,0,0,-1,-1,-1
154221,1,0,1,120,3874,3827
154977,1,1,-1,205,6056,5963
0,0,0,0,-1,-1,-1
154856,2,0,0,-1,-1,-1
154264,1,1,0,78,4998,4959
0,0,0,0,-1,-1,-1
0,0,0,0,-1,-1,-1
0,0,0,0,-1,-1,-1
154417,1,1,-1,136,8583,8536
153918,2,0,0,-1,-1,-1
154627,1,1,0,0,11002,11002
0,0,0,0,-1,-1,-1
152855,2,0,0,-1,-1,-1
155152,1,0,1,0,7897,7897
154527,2,0,0,-1,-1,-1
153923,2,0,0,-1,-1,-1
0,0,0,0,-1,-1,-1
155362,1,1,0,205,2717,2631
0,0,0,0,-1,-1,-1
154620,2,0,0,-1,-1,-1
0,0,0,0,-1,-1,-1
153502,2,0,0,-1,-1,-1
0,0,0,0,-1,-1,-1
153581,1,1,0,104,3638,3597
0,0,0,0,-1,-1,-1
0,0,0,0,-1,-1,-1
151612,2,0,0,-1,-1,-1
155091,1,1,1,279,3904,3730
154281,2,0,0,-1,-1,-1
155078,1,0,1,187,9263,9182
155164,1,1,0,29,3514,3489
154876,1,0,1,48,6207,6169
153374,2,0,0,-1,-1,-1
153162,2,0,0,-1,-1,-1
153722,1,1,0,101,2884,2822
0,0,0,0,-1,-1,-1
0,0,0,0,-1,-1,-1
154969,2,0,0,-1,-1,-1
0,0,0,0,-1,-1,-1
154812,2,0,0,-1,-1,-1
154212,1,1,0,250,2226,2106
0,0,0,0,-1,-1,-1
154842,1,1,0,140,2425,2360
154375,2,0,0,-1,-1,-1
0,0,0,0,-1,-1,-1
154233,2,0,0,-1,-1,-1
154590,2,0,0,-1,-1,-1
155099,1,1,0,63,2193,2170
155160,2,0,0,-1,-1,-1
0,0,0,0,-1,-1,-1
0,0,0,0,-1,-1,-1
0,0,0,0,-1,-1,-1
153810,2,0,0,-1,-1,-1
0,0,0,0,-1,-1,-1
154963,2,0,0,-1,-1,-1
153506,2,0,0,-1,-1,-1
0,0,0,0,-1,-1,-1
153861,2,0,0,-1,-1,-1
153193,1,0,1,191,3597,3529
0,0,0,0,-1,-1,-1
155013,1,0,1,142,1235,1163
154880,2,0,0,-1,-1,-1
154028,2,0,0,-1,-1,-1
0,0,0,0,-1,-1,-1
154615,1,1,0,249,6401,6294
0,0,0,0,-1,-1,-1
0,0,0,0,-1,-1,-1
155309,1,1,0,90,2776,2722
0,0,0,0,-1,-1,-1
0,0,0,0,-1,-1,-1
154836,2,0,0,-1,-1,-1
154631,1,0,1,107,5726,5684
0,0,0,0,-1,-1,-1
0,0,0,0,-1,-1,-1
0,0,0,0,-1,-1,-1
155357,1,1,0,0,12440,12440
154355,1,1,0,75,2094,2048
155007,2,0,0,-1,-1,-1
154937,1,1,0,109,1243,1162
0,0,0,0,-1,-1,-1
0,0,0,0,-1,-1,-1
0,0,0,0,-1,-1,-1
154876,1,0,1,68,4134,4112
154966,1,1,0,210,9352,9264
154065,1,1,0,23,11866,11858
0,0,0,0,-1,-1,-1
0,0,0,0,-1,-1,-1
154690,1,0,1,130,2467,2398
0,0,0,0,-1,-1,-1
0,0,0,0,-1,-1,-1
154273,2,0,0,-1,-1,-1
154295,2,0,0,-1,-1,-1
155049,2,0,0,-1,-1,-1
155174,1,1,0,162,3939,3853
0,0,0,0,-1,-1,-1
153563,1,0,1,92,1955,1934
154933,1,0,1,69,1601,1530
154942,2,0,0,-1,-1,-1
155230,1,0,1,121,1988,1916
153449,2,0,0,-1,-1,-1
154659,2,0,0,-1,-1,-1
154774,2,0,0,-1,-1,-1
154020,2,0,0,-1,-1,-1
155360,1,1,0,0,5610,5610
0,0,0,0,-1,-1,-1
154688,2,0,0,-1,-1,-1
154800,2,0,0,-1,-1,-1
153486,2,0,0,-1,-1,-1
153561,2,0,0,-1,-1,-1
154804,1,0,1,109,6305,6237
154444,2,0,0,-1,-1,-1
154071,2,0,0,-1,-1,-1
153938,1,1,0,48,1825,1788
154035,2,0,0,-1,-1,-1
0,0,0,0,-1,-1,-1
154872,1,0,1,201,2636,2531
152833,2,0,0,-1,-1,-1
0,0,0,0,-1,-1,-1
154288,2,0,0,-1,-1,-1
0,0,0,0,-1,-1,-1
154520,1,1,0,75,4556,4524
0,0,0,0,-1,-1,-1
154109,2,0,0,-1,-1,-1
151323,2,0,0,-1,-1,-1
155053,1,1,0,146,2058,1993
154634,1,0,1,36,7564,7536
154366,1,0,1,31,3779,3768
154745,2,0,0,-1,-1,-1
153725,2,0,0,-1,-1,-1
0,0,0,0,-1,-1,-1
154941,1,1,0,0,266,266
0,0,0,0,-1,-1,-1
155379,1,0,1,95,3141,3124
152392,1,1,0,236,2528,2429
154104,2,0,0,-1,-1,-1
155337,1,0,1,34,1184,1169
0,0,0,0,-1,-1,-1
151591,2,0,0,-1,-1,-1
153581,2,0,0,-1,-1,-1
154408,2,0,0,-1,-1,-1
154224,1,1,0,152,2898,2823
154592,1,1,0,109,6748,6695
155254,2,0,0,-1,-1,-1
153397,2,0,0,-1,-1,-1
154846,2,0,0,-1,-1,-1
155199,1,0,1,83,3907,3857
155075,2,0,0,-1,-1,-1
0,0,0,0,-1,-1,-1
155243,1,1,0,94,2868,2821
153676,2,0,0,-1,-1,-1
0,0,0,0,-1,-1,-1
0,0,0,0,-1,-1,-1
153900,1,0,1,148,3518,3439
154944,1,0,1,0,506,506
155075,2,0,0,-1,-1,-1
154438,1,1,0,134,6855,6784
154753,2,0,0,-1,-1,-1
155000,1,0,1,248,3269,3149
0,0,0,0,-1,-1,-1
0,0,0,0,-1,-1,-1
154181,2,0,0,-1,-1,-1
154867,2,0,0,-1,-1,-1
0,0,0,0,-1,-1,-1
153536,2,0,0,-1,-1,-1
155261,1,0,1,0,4870,4870
154182,1,1,0,54,18417,18398
154641,1,0,1,0,2490,2490
154059,2,0,0,-1,-1,-1
155383,1,0,1,151,2244,2164
153592,2,0,0,-1,-1,-1
154608,1,0,1,138,5871,5809
154707,1,1,0,0,11904,11904
154425,2,0,0,-1,-1,-1
0,0,0,0,-1,-1,-1
154823,1,1,1,131,4977,4905
154465,1,1,0,78,3551,3510
0,0,0,0,-1,-1,-1
154768,1,1,0,147,4751,4667
154662,1,0,1,0,5456,5456
154623,1,1,0,86,11195,11157
154810,1,1,-1,181,3308,3222
154835,1,0,1,2,10776,10769
0,0,0,0,-1,-1,-1
154830,2,0,0,-1,-1,-1
153257,1,1,0,121,5111,5058
154825,2,0,0,-1,-1,-1
154653,1,0,1,65,7273,7246
153876,2,0,0,-1,-1,-1
154162,2,0,0,-1,-1,-1
154654,1,0,1,148,2240,2179
0,0,0,0,-1,-1,-1
154729,1,0,1,25,6849,6823
155004,1,0,1,111,3958,3894
152907,2,0,0,-1,-1,-1
155183,1,0,1,88,3764,3726
154821,2,0,0,-1,-1,-1
154629,2,0,0,-1,-1,-1
0,0,0,0,-1,-1,-1
153863,2,0,0,-1,-1,-1
154056,1,0,1,2,10055,10052
0,0,0,0,-1,-1,-1
154463,2,0,0,-1,-1,-1
152225,1,0,1,87,5153,5117
154468,2,0,0,-1,-1,-1
154814,1,0,1,75,5042,4992
0,0,0,0,-1,-1,-1
154659,2,0,0,-1,-1,-1
0,0,0,0,-1,-1,-1
154904,1,0,1,17,6686,6676
0,0,0,0,-1,-1,-1
154701,2,0,0,-1,-1,-1
154953,2,0,0,-1,-1,-1
0,0,0,0,-1,-1,-1
155046,1,0,1,49,4554,4524
153626,1,0,1,75,7393,7365
0,0,0,0,-1,-1,-1
0,0,0,0,-1,-1,-1
0,0,0,0,-1,-1,-1
0,0,0,0,-1,-1,-1
154545,2,0,0,-1,-1,-1
153451,2,0,0,-1,-1,-1
0,0,0,0,-1,-1,-1
153603,1,0,1,181,3547,3478
155159,1,0,1,0,33462,33462
154910,2,0,0,-1,-1,-1
152555,2,0,0,-1,-1,-1
154640,1,1,0,0,14208,14208
154915,2,0,0,-1,-1,-1
155193,1,0,1,13,11086,11085
0,0,0,0,-1,-1,-1
154581,1,1,0,72,5432,5396
154828,2,0,0,-1,-1,-1
0,0,0,0,-1,-1,-1
0,0,0,0,-1,-1,-1
154733,1,1,-1,186,6596,6518
154995,1,0,1,89,2040,2007
0,0,0,0,-1,-1,-1
154655,1,0,1,64,4895,4837
155027,1,1,0,153,9528,9462
0,0,0,0,-1,-1,-1
155202,1,1,0,57,2408,2375
153251,2,0,0,-1,-1,-1
0,0,0,0,-1,-1,-1
154063,1,0,1,49,2724,2691
0,0,0,0,-1,-1,-1
154159,2,0,0,-1,-1,-1
154859,1,1,0,49,3330,3307
0,0,0,0,-1,-1,-1
155243,1,1,1,206,2564,2495
154364,2,0,0,-1,-1,-1
152512,2,0,0,-1,-1,-1
154390,1,0,1,122,2754,2679
154656,1,0,1,105,7193,7150
155194,1,1,0,110,5891,5834
0,0,0,0,-1,-1,-1
153820,2,0,0,-1,-1,-1
155132,1,1,0,62,7391,7362
154378,2,0,0,-1,-1,-1
155055,1,0,1,84,2390,2344
153055,1,0,1,97,2447,2397
153484,2,0,0,-1,-1,-1
155216,1,0,1,74,1831,1799
0,0,0,0,-1,-1,-1
154598,2,0,0,-1,-1,-1
154678,1,0,1,276,2914,2806
153936,1,1,1,195,2099,2022
154355,1,0,1,107,2286,2222
154583,2,0,0,-1,-1,-1
155301,1,0,1,61,1152,1130
154962,1,1,-1,250,3560,3452
155110,1,0,1,0,715,715
153992,2,0,0,-1,-1,-1
154113,2,0,0,-1,-1,-1
154161,1,0,1,0,5895,5895
153939,2,0,0,-1,-1,-1
0,0,0,0,-1,-1,-1
0,0,0,0,-1,-1,-1
154329,2,0,0,-1,-1,-1
154467,2,0,0,-1,-1,-1
0,0,0,0,-1,-1,-1
0,0,0,0,-1,-1,-1
154821,2,0,0,-1,-1,-1
154725,2,0,0,-1,-1,-1
154886,1,0,1,7,614,610
154503,1,0,1,234,2401,2285
153190,1,0,1,111,2728,2680
0,0,0,0,-1,-1,-1
154538,1,1,1,78,4792,4745
153911,1,0,1,0,10506,10506
154008,2,0,0,-1,-1,-1
153908,2,0,0,-1,-1,-1
0,0,0,0,-1,-1,-1
153344,1,0,1,197,3853,3760
0,0,0,0,-1,-1,-1
154763,1,0,1,67,5397,5361
154648,1,0,1,66,4484,4462
0,0,0,0,-1,-1,-1
152825,1,0,1,102,5119,5057
154636,2,0,0,-1,-1,-1
153390,1,1,0,123,3775,3726
154326,2,0,0,-1,-1,-1
155116,1,0,1,208,4302,4213
153646,1,0,1,44,8565,8543
153191,1,1,0,113,5709,5655
154581,1,0,1,42,1651,1620
0,0,0,0,-1,-1,-1
0,0,0,0,-1,-1,-1
0,0,0,0,-1,-1,-1
155154,1,1,0,71,2273,2221
154490,1,0,1,0,2173,2173
153724,2,0,0,-1,-1,-1
0,0,0,0,-1,-1,-1
155284,1,1,0,75,2111,2082
151307,1,1,0,39,4636,4620
154322,1,1,0,155,4700,4641
154718,1,0,1,175,2066,1999
152918,2,0,0,-1,-1,-1
153008,2,0,0,-1,-1,-1
0,0,0,0,-1,-1,-1
0,0,0,0,-1,-1,-1
155281,1,0,1,160,6997,6944
0,0,0,0,-1,-1,-1
155119,1,1,0,168,3124,3056
0,0,0,0,-1,-1,-1
154805,2,0,0,-1,-1,-1
0,0,0,0,-1,-1,-1
153911,2,0,0,-1,-1,-1
154705,1,0,1,49,6862,6843
154407,2,0,0,-1,-1,-1
0,0,0,0,-1,-1,-1
0,0,0,0,-1,-1,-1
154312,2,0,0,-1,-1,-1
0,0,0,0,-1,-1,-1
0,0,0,0,-1,-1,-1
0,0,0,0,-1,-1,-1
0,0,0,0,-1,-1,-1
152906,2,0,0,-1,-1,-1
154427,2,0,0,-1,-1,-1
0,0,0,0,-1,-1,-1
152484,1,1,0,115,551,489
153426,2,0,0,-1,-1,-1
154897,2,0,0,-1,-1,-1
153701,1,0,1,217,1917,1818
0,0,0,0,-1,-1,-1
154615,1,1,0,47,576,556
154837,1,0,1,51,1897,1871
154645,1,1,-1,122,10633,10584
154817,1,1,0,74,3683,3655
154312,2,0,0,-1,-1,-1
154479,2,0,0,-1,-1,-1
0,0,0,0,-1,-1,-1
155157,1,1,0,112,1534,1495
154837,1,0,1,0,7804,7804
0,0,0,0,-1,-1,-1
154871,1,1,0,140,1401,1328
154645,2,0,0,-1,-1,-1
153987,1,0,1,101,4385,4322
0,0,0,0,-1,-1,-1
154596,2,0,0,-1,-1,-1
0,0,0,0,-1,-1,-1
0,0,0,0,-1,-1,-1
155087,1,1,0,43,2396,2369
154819,1,1,0,143,4432,4355
154335,2,0,0,-1,-1,-1
154436,2,0,0,-1,-1,-1
0,0,0,0,-1,-1,-1
0,0,0,0,-1,-1,-1
153504,1,0,1,247,4067,3981
153814,2,0,0,-1,-1,-1
155176,2,0,0,-1,-1,-1
154065,2,0,0,-1,-1,-1
155217,1,0,1,143,1453,1399
0,0,0,0,-1,-1,-1
0,0,0,0,-1,-1,-1
0,0,0,0,-1,-1,-1
0,0,0,0,-1,-1,-1
154305,2,0,0,-1,-1,-1
154497,1,1,0,35,1999,1987
155167,1,0,1,32,14450,14438
154787,2,0,0,-1,-1,-1
0,0,0,0,-1,-1,-1
155127,2,0,0,-1,-1,-1
0,0,0,0,-1,-1,-1
153567,2,0,0,-1,-1,-1
155059,1,0,1,166,5069,5017
155026,1,1,0,98,2677,2648
155084,1,1,0,174,6497,6428
155378,1,1,0,145,3925,3867
154598,1,1,0,188,4324,4208
154095,1,1,0,0,5554,5554
155223,1,1,-1,103,14485,14427
152726,2,0,0,-1,-1,-1
0,0,0,0,-1,-1,-1
0,0,0,0,-1,-1,-1
154412,1,1,0,78,7009,6966
154223,1,0,1,148,1563,1512
154876,1,0,1,52,1813,1793
0,0,0,0,-1,-1,-1
154478,1,1,0,199,5185,5063
154751,2,0,0,-1,-1,-1
155233,1,1,-1,106,3524,3466
153360,2,0,0,-1,-1,-1
154872,1,1,0,28,4732,4717
0,0,0,0,-1,-1,-1
0,0,0,0,-1,-1,-1
155107,1,1,0,38,11855,11842
153718,2,0,0,-1,-1,-1
0,0,0,0,-1,-1,-1
155126,1,0,1,168,5266,5195
154726,2,0,0,-1,-1,-1
0,0,0,0,-1,-1,-1
154590,2,0,0,-1,-1,-1
0,0,0,0,-1,-1,-1
0,0,0,0,-1,-1,-1
154194,2,0,0,-1,-1,-1
155219,1,1,0,96,5908,5875
0,0,0,0,-1,-1,-1
155166,1,0,1,0,8009,8009
0,0,0,0,-1,-1,-1
154868,1,0,1,78,2403,2346
152955,2,0,0,-1,-1,-1
0,0,0,0,-1,-1,-1
0,0,0,0,-1,-1,-1
154693,2,0,0,-1,-1,-1
152575,2,0,0,-1,-1,-1
155104,1,0,1,25,8038,8034
155262,2,0,0,-1,-1,-1
155354,1,0,1,183,3843,3714
154892,1,1,0,49,998,983
0,0,0,0,-1,-1,-1
153967,1,1,1,204,5800,5687
154897,2,0,0,-1,-1,-1
152996,2,0,0,-1,-1,-1
154418,1,1,0,40,3902,3892
0,0,0,0,-1,-1,-1
154097,2,0,0,-1,-1,-1
0,0,0,0,-1,-1,-1
153873,2,0,0,-1,-1,-1
154532,2,0,0,-1,-1,-1
153774,2,0,0,-1,-1,-1
155187,1,1,-1,91,3512,3467
155246,2,0,0,-1,-1,-1
154073,2,0,0,-1,-1,-1
155042,2,0,0,-1,-1,-1
154826,1,0,1,163,3816,3736
155035,1,0,1,140,2381,2321
154707,1,1,1,172,4150,4065
155179,1,0,1,103,3796,3735
154945,1,0,1,0,1591,1591
154833,1,1,0,73,1581,1534
0,0,0,0,-1,-1,-1
155236,1,1,-1,386,4128,3980
154606,2,0,0,-1,-1,-1
0,0,0,0,-1,-1,-1
152763,2,0,0,-1,-1,-1
0,0,0,0,-1,-1,-1
0,0,0,0,-1,-1,-1
154166,2,0,0,-1,-1,-1
152173,2,0,0,-1,-1,-1
154854,2,0,0,-1,-1,-1
0,0,0,0,-1,-1,-1
154879,1,1,-1,193,2496,2405
155285,1,1,1,298,4880,4764
0,0,0,0,-1,-1,-1
154606,1,0,1,91,4495,4459
0,0,0,0,-1,-1,-1
154889,1,1,1,15,5730,5714
154517,1,0,1,49,1800,1783
154225,1,1,-1,187,7654,7576
0,0,0,0,-1,-1,-1
0,0,0,0,-1,-1,-1
154444,2,0,0,-1,-1,-1
153089,1,0,1,66,7970,7928
154045,1,0,1,105,11732,11686
154417,2,0,0,-1,-1,-1
0,0,0,0,-1,-1,-1
0,0,0,0,-1,-1,-1
153647,2,0,0,-1,-1,-1
154628,2,0,0,-1,-1,-1
154449,1,0,1,15,8084,8076
155328,1,1,1,142,3083,3012
154081,2,0,0,-1,-1,-1
0,0,0,0,-1,-1,-1
154476,2,0,0,-1,-1,-1
154263,1,0,1,85,695,681
154267,2,0,0,-1,-1,-1
154362,1,1,0,127,2085,2013
153623,2,0,0,-1,-1,-1
0,0,0,0,-1,-1,-1
155122,1,1,0,68,2431,2384
154310,1,0,1,17,1315,1304
155107,1,0,1,92,2466,2444
154917,2,0,0,-1,-1,-1
0,0,0,0,-1,-1,-1
155265,1,1,1,37,1194,1178
0,0,0,0,-1,-1,-1
153500,2,0,0,-1,-1,-1
0,0,0,0,-1,-1,-1
154255,1,0,1,23,4588,4583
154251,1,1,0,145,791,702
152393,1,1,0,27,1686,1664
0,0,0,0,-1,-1,-1
154283,2,0,0,-1,-1,-1
154049,1,0,1,0,0,0
0,0,0,0,-1,-1,-1
0,0,0,0,-1,-1,-1
154638,2,0,0,-1,-1,-1
155257,1,0,1,0,1377,1377
0,0,0,0,-1,-1,-1
154943,1,0,1,103,6979,6931
0,0,0,0,-1,-1,-1
155142,1,1,0,50,2500,2463
155236,1,0,1,236,2869,2749
154353,1,0,1,0,10692,10692
0,0,0,0,-1,-1,-1
0,0,0,0,-1,-1,-1
155041,1,1,0,0,50,50
154291,2,0,0,-1,-1,-1
0,0,0,0,-1,-1,-1
155239,2,0,0,-1,-1,-1
155346,1,0,1,0,3720,3720
0,0,0,0,-1,-1,-1
154411,2,0,0,-1,-1,-1
155214,2,0,0,-1,-1,-1
154698,1,1,0,76,3829,3795
154618,1,1,0,136,2935,2865
153446,1,0,1,118,1762,1728
0,0,0,0,-1,-1,-1
0,0,0,0,-1,-1,-1
0,0,0,0,-1,-1,-1
0,0,0,0,-1,-1,-1
153912,2,0,0,-1,-1,-1
154572,2,0,0,-1,-1,-1
152927,1,1,0,37,2188,2163
153028,2,0,0,-1,-1,-1
0,0,0,0,-1,-1,-1
0,0,0,0,-1,-1,-1
154339,2,0,0,-1,-1,-1
154479,2,0,0,-1,-1,-1
153187,2,0,0,-1,-1,-1
155321,1,1,1,109,4437,4398
0,0,0,0,-1,-1,-1
154541,1,0,1,262,4091,3975
154972,1,1,0,56,6057,6026
155260,2,0,0,-1,-1,-1
0,0,0,0,-1,-1,-1
154980,1,0,1,0,5641,5641
154668,2,0,0,-1,-1,-1
154915,2,0,0,-1,-1,-1
0,0,0,0,-1,-1,-1
152994,2,0,0,-1,-1,-1
154952,2,0,0,-1,-1,-1
154365,1,1,1,80,5729,5689
154882,2,0,0,-1,-1,-1
152831,2,0,0,-1,-1,-1
155054,2,0,0,-1,-1,-1
0,0,0,0,-1,-1,-1
154083,2,0,0,-1,-1,-1
154449,1,0,1,0,7400,7400
0,0,0,0,-1,-1,-1
0,0,0,0,-1,-1,-1
155343,1,1,0,224,2719,2614
154608,1,1,-1,210,2329,2255
0,0,0,0,-1,-1,-1
0,0,0,0,-1,-1,-1
0,0,0,0,-1,-1,-1
0,0,0,0,-1,-1,-1
154559,1,1,0,0,2916,2916
155021,2,0,0,-1,-1,-1
0,0,0,0,-1,-1,-1
155031,1,1,0,203,3625,3524
0,0,0,0,-1,-1,-1
0,0,0,0,-1,-1,-1
152918,2,0,0,-1,-1,-1
0,0,0,0,-1,-1,-1
154890,1,1,0,8,7247,7247
155069,1,0,1,33,12104,12077
155293,1,1,0,59,1387,1342
154653,2,0,0,-1,-1,-1
0,0,0,0,-1,-1,-1
153924,2,0,0,-1,-1,-1
0,0,0,0,-1,-1,-1
153430,1,0,1,83,2352,2304
0,0,0,0,-1,-1,-1
154399,1,0,1,146,4133,4058
154401,1,0,1,73,2703,2665
154626,1,0,1,54,7479,7446
154947,1,0,1,154,2008,1921
154221,1,1,0,219,4632,4491
0,0,0,0,-1,-1,-1
155104,2,0,0,-1,-1,-1
154963,2,0,0,-1,-1,-1
0,0,0,0,-1,-1,-1
155011,2,0,0,-1,-1,-1
0,0,0,0,-1,-1,-1
154576,2,0,0,-1,-1,-1
0,0,0,0,-1,-1,-1
153763,1,0,1,241,4210,4099
154646,1,1,0,88,2057,2016
154493,2,0,0,-1,-1,-1
154527,1,0,1,119,2712,2644
154097,2,0,0,-1,-1,-1
153227,2,0,0,-1,-1,-1
0,0,0,0,-1,-1,-1
154657,1,0,1,83,4424,4385
153729,2,0,0,-1,-1,-1
155282,1,0,1,67,10491,10466
154222,1,0,1,85,1881,1842
0,0,0,0,-1,-1,-1
0,0,0,0,-1,-1,-1
155229,1,0,1,0,16949,16949
155058,1,1,0,50,6727,6714
152173,2,0,0,-1,-1,-1
154206,2,0,0,-1,-1,-1
155259,1,1,1,81,14625,14586
0,0,0,0,-1,-1,-1
154626,1,1,0,0,7886,7886
153438,2,0,0,-1,-1,-1
154672,1,1,0,58,3144,3115
154297,1,1,1,54,13808,13786
0,0,0,0,-1,-1,-1
0,0,0,0,-1,-1,-1
0,0,0,0,-1,-1,-1
0,0,0,0,-1,-1,-1
155376,1,0,1,79,2147,2112
155229,1,1,0,52,15588,15570
155242,1,1,0,98,2380,2336
154185,2,0,0,-1,-1,-1
154440,2,0,0,-1,-1,-1
0,0,0,0,-1,-1,-1
155158,1,1,0,159,2558,2480
155114,2,0,0,-1,-1,-1
155274,1,1,0,141,4155,4087
155373,1,1,0,16,24213,24211
0,0,0,0,-1,-1,-1
0,0,0,0,-1,-1,-1
153895,1,1,0,0,969,969
154830,1,1,0,0,18090,18090
154141,2,0,0,-1,-1,-1
0,0,0,0,-1,-1,-1
154841,1,0,1,0,5760,5760
0,0,0,0,-1,-1,-1
153280,1,1,0,19,3147,3132
154663,2,0,0,-1,-1,-1
152383,2,0,0,-1,-1,-1
154688,1,1,0,102,2194,2133
155222,1,1,1,218,2827,2719
153212,2,0,0,-1,-1,-1
154159,2,0,0,-1,-1,-1
155231,1,1,0,65,5795,5767
154542,2,0,0,-1,-1,-1
153854,1,1,0,8,5079,5066
154384,2,0,0,-1,-1,-1
154695,2,0,0,-1,-1,-1
0,0,0,0,-1,-1,-1
154708,2,0,0,-1,-1,-1
154853,1,0,1,331,5228,5097
153963,2,0,0,-1,-1,-1
154649,1,0,1,116,9538,9481
152802,2,0,0,-1,-1,-1
0,0,0,0,-1,-1,-1
154550,2,0,0,-1,-1,-1
155004,1,0,1,198,1887,1825
154700,2,0,0,-1,-1,-1
153631,1,0,1,54,1722,1703
154469,2,0,0,-1,-1,-1
0,0,0,0,-1,-1,-1
0,0,0,0,-1,-1,-1
154439,1,0,1,0,9540,9540
0,0,0,0,-1,-1,-1
0,0,0,0,-1,-1,-1
153805,1,1,0,110,1596,1541
153319,2,0,0,-1,-1,-1
0,0,0,0,-1,-1,-1
154107,2,0,0,-1,-1,-1
153179,1,1,0,27,2803,2786
0,0,0,0,-1,-1,-1
155118,1,0,1,260,3801,3674
154710,2,0,0,-1,-1,-1
0,0,0,0,-1,-1,-1
0,0,0,0,-1,-1,-1
155083,1,1,0,106,3726,3678
154311,2,0,0,-1,-1,-1
0,0,0,0,-1,-1,-1
155304,1,0,1,92,2615,2573
153915,2,0,0,-1,-1,-1
155094,1,0,1,94,19049,18986
154134,2,0,0,-1,-1,-1
0,0,0,0,-1,-1,-1
0,0,0,0,-1,-1,-1
153719,2,0,0,-1,-1,-1
154244,1,0,1,0,7524,7524
0,0,0,0,-1,-1,-1
154360,2,0,0,-1,-1,-1
154815,2,0,0,-1,-1,-1
154596,2,0,0,-1,-1,-1
0,0,0,0,-1,-1,-1
155101,2,0,0,-1,-1,-1
154738,2,0,0,-1,-1,-1
154794,1,0,1,86,1230,1188
0,0,0,0,-1,-1,-1
154238,1,1,0,174,2785,2704
0,0,0,0,-1,-1,-1
0,0,0,0,-1,-1,-1
0,0,0,0,-1,-1,-1
154760,1,1,0,264,2169,2052
0,0,0,0,-1,-1,-1
153604,2,0,0,-1,-1,-1
154071,2,0,0,-1,-1,-1
154254,1,0,1,333,6605,6460
0,0,0,0,-1,-1,-1
154220,2,0,0,-1,-1,-1
154066,1,1,0,190,4732,4649
154875,2,0,0,-1,-1,-1
154979,1,1,0,194,4463,4368
153607,2,0,0,-1,-1,-1
153671,2,0,0,-1,-1,-1
0,0,0,0,-1,-1,-1
155061,1,1,0,16,6674,6658
0,0,0,0,-1,-1,-1
154501,1,1,0,53,2806,2788
154508,1,1,0,23,4654,4651
153368,1,1,0,120,2082,2030
151451,1,1,0,110,2866,2838
0,0,0,0,-1,-1,-1
155331,1,1,1,98,5643,5607
0,0,0,0,-1,-1,-1
155310,1,1,0,27,3103,3071
153754,2,0,0,-1,-1,-1
154758,2,0,0,-1,-1,-1
0,0,0,0,-1,-1,-1
0,0,0,0,-1,-1,-1
154759,2,0,0,-1,-1,-1
0,0,0,0,-1,-1,-1
153541,1,1,0,22,4256,4243
154822,1,1,0,75,1867,1851
154579,2,0,0,-1,-1,-1
154318,2,0,0,-1,-1,-1
0,0,0,0,-1,-1,-1
155377,2,0,0,-1,-1,-1
154548,2,0,0,-1,-1,-1
153590,1,0,1,209,2915,2804
152265,2,0,0,-1,-1,-1
153609,2,0,0,-1,-1,-1
155185,1,1,-1,304,3950,3834
153635,2,0,0,-1,-1,-1
153959,2,0,0,-1,-1,-1
154334,2,0,0,-1,-1,-1
155136,1,0,1,155,2397,2314
153854,2,0,0,-1,-1,-1
154871,1,1,0,150,2421,2347
155039,1,0,1,72,2382,2336
154078,1,0,1,175,2908,2823
154244,1,0,1,0,6055,6055
151434,1,0,1,102,12322,12280
153400,2,0,0,-1,-1,-1
154915,1,0,1,45,5751,5721
0,0,0,0,-1,-1,-1
155210,1,1,-1,20,3169,3159
154472,1,1,-1,210,5707,5641
154604,1,0,1,26,5954,5948
154182,2,0,0,-1,-1,-1
0,0,0,0,-1,-1,-1
0,0,0,0,-1,-1,-1
154358,1,1,0,64,3737,3674
154963,1,0,1,138,2990,2954
154050,2,0,0,-1,-1,-1
153812,1,1,0,55,2187,2150
154738,1,1,0,193,3872,3770
153943,2,0,0,-1,-1,-1
155285,1,0,1,186,2536,2472
154940,2,0,0,-1,-1,-1
153838,2,0,0,-1,-1,-1
154854,2,0,0,-1,-1,-1
154741,2,0,0,-1,-1,-1
0,0,0,0,-1,-1,-1
0,0,0,0,-1,-1,-1
154284,2,0,0,-1,-1,-1
155009,2,0,0,-1,-1,-1
154864,1,0,1,137,5317,5270
153749,2,0,0,-1,-1,-1
0,0,0,0,-1,-1,-1
155018,1,1,0,134,5310,5240
0,0,0,0,-1,-1,-1
154169,2,0,0,-1,-1,-1
154338,2,0,0,-1,-1,-1
153667,2,0,0,-1,-1,-1
154113,1,0,1,75,2702,2674
154549,2,0,0,-1,-1,-1
154415,2,0,0,-1,-1,-1
154279,2,0,0,-1,-1,-1
154592,1,1,0,17,2527,2514
153001,2,0,0,-1,-1,-1
155005,1,0,1,22,1304,1291
155071,2,0,0,-1,-1,-1
154990,1,0,1,98,3872,3836
154517,2,0,0,-1,-1,-1
154469,1,0,1,237,6141,6033
155307,1,1,0,22,1664,1642
154196,1,0,1,70,12423,12376
0,0,0,0,-1,-1,-1
155385,1,1,0,117,13466,13375
0,0,0,0,-1,-1,-1
0,0,0,0,-1,-1,-1
153950,2,0,0,-1,-1,-1
0,0,0,0,-1,-1,-1
153729,2,0,0,-1,-1,-1
154485,2,0,0,-1,-1,-1
0,0,0,0,-1,-1,-1
153183,1,0,1,7,9190,9190
0,0,0,0,-1,-1,-1
154008,1,1,0,200,4471,4342
154745,1,0,1,21,5832,5815
152740,2,0,0,-1,-1,-1
154028,1,1,1,220,3194,3109
0,0,0,0,-1,-1,-1
154635,2,0,0,-1,-1,-1
151735,2,0,0,-1,-1,-1
151915,1,1,0,84,2344,2312
154015,2,0,0,-1,-1,-1
154148,1,0,1,0,5599,5599
154589,2,0,0,-1,-1,-1
0,0,0,0,-1,-1,-1
153843,2,0,0,-1,-1,-1
0,0,0,0,-1,-1,-1
0,0,0,0,-1,-1,-1
155075,1,1,0,80,2137,2102
154292,2,0,0,-1,-1,-1
154448,2,0,0,-1,-1,-1
0,0,0,0,-1,-1,-1
154568,1,1,0,65,7544,7513
154211,1,0,1,96,6574,6545
0,0,0,0,-1,-1,-1
0,0,0,0,-1,-1,-1
154217,1,1,1,165,4985,4894
155373,1,1,0,64,7397,7366
0,0,0,0,-1,-1,-1
0,0,0,0,-1,-1,-1
154127,2,0,0,-1,-1,-1
154276,1,0,1,65,2812,2774
154203,2,0,0,-1,-1,-1
154995,1,0,1,0,7518,7518
0,0,0,0,-1,-1,-1
0,0,0,0,-1,-1,-1
155125,1,1,1,119,14897,14855
0,0,0,0,-1,-1,-1
153860,2,0,0,-1,-1,-1
154256,2,0,0,-1,-1,-1
154799,1,1,1,116,3102,3069
154454,2,0,0,-1,-1,-1
154508,1,1,-1,123,5248,5196
154388,2,0,0,-1,-1,-1
154748,1,1,0,0,1353,1353
153820,2,0,0,-1,-1,-1
0,0,0,0,-1,-1,-1
154808,1,0,1,4,2126,2126
154795,1,0,1,79,930,892
0,0,0,0,-1,-1,-1
153466,1,1,0,232,3839,3721
153701,1,0,1,168,1581,1508
0,0,0,0,-1,-1,-1
150598,1,1,0,0,3693,3693
154422,1,0,1,27,24761,24737
154026,1,1,0,78,5029,5004
0,0,0,0,-1,-1,-1
153873,2,0,0,-1,-1,-1
155002,1,0,1,42,3921,3905
0,0,0,0,-1,-1,-1
0,0,0,0,-1,-1,-1
154671,2,0,0,-1,-1,-1
0,0,0,0,-1,-1,-1
152703,2,0,0,-1,-1,-1
0,0,0,0,-1,-1,-1
0,0,0,0,-1,-1,-1
153583,2,0,0,-1,-1,-1
152797,2,0,0,-1,-1,-1
154247,2,0,0,-1,-1,-1
0,0,0,0,-1,-1,-1
154965,2,0,0,-1,-1,-1
0,0,0,0,-1,-1,-1
153399,2,0,0,-1,-1,-1
154183,1,0,1,207,2323,2198
154940,1,1,1,149,2914,2851
154529,2,0,0,-1,-1,-1
155121,1,1,0,84,2906,2854
154989,2,0,0,-1,-1,-1
154782,2,0,0,-1,-1,-1
153202,1,1,0,17,6204,6198
155317,1,1,0,153,15920,15845
0,0,0,0,-1,-1,-1
154060,2,0,0,-1,-1,-1
154388,2,0,0,-1,-1,-1
154682,1,0,1,146,2144,2053
154152,1,1,0,155,4201,4148
155047,1,1,0,109,3403,3342
154487,2,0,0,-1,-1,-1
0,0,0,0,-1,-1,-1
0,0,0,0,-1,-1,-1
154025,1,0,1,31,9962,9956
153980,2,0,0,-1,-1,-1
0,0,0,0,-1,-1,-1
0,0,0,0,-1,-1,-1
153876,2,0,0,-1,-1,-1
154543,1,1,0,137,1562,1507
0,0,0,0,-1,-1,-1
154783,2,0,0,-1,-1,-1
0,0,0,0,-1,-1,-1
153805,1,1,0,87,2512,2478
0,0,0,0,-1,-1,-1
153880,1,0,1,275,2510,2410
154483,2,0,0,-1,-1,-1
0,0,0,0,-1,-1,-1
155304,1,0,1,115,4582,4525
154499,1,1,0,14,614,609
0,0,0,0,-1,-1,-1
0,0,0,0,-1,-1,-1
153928,1,1,0,117,7493,7427
0,0,0,0,-1,-1,-1
153917,1,1,0,80,4710,4675
153223,2,0,0,-1,-1,-1
0,0,0,0,-1,-1,-1
0,0,0,0,-1,-1,-1
154874,1,0,1,46,4525,4514
154875,1,1,0,146,6523,6463
154872,1,0,1,147,4174,4111
0,0,0,0,-1,-1,-1
154970,1,1,0,34,3126,3112
155319,1,1,0,88,1226,1179
0,0,0,0,-1,-1,-1
154588,2,0,0,-1,-1,-1
154617,1,0,1,0,0,0
154969,2,0,0,-1,-1,-1
154723,1,0,1,119,6610,6563
154819,2,0,0,-1,-1,-1
154849,1,0,1,107,6649,6621
154299,2,0,0,-1,-1,-1
0,0,0,0,-1,-1,-1
0,0,0,0,-1,-1,-1
154506,2,0,0,-1,-1,-1
0,0,0,0,-1,-1,-1
155349,1,1,0,125,2734,2669
154992,1,0,1,0,7581,7581
153536,2,0,0,-1,-1,-1
154831,1,0,1,21,2127,2113
153680,1,0,1,62,2678,2653
155170,1,1,0,106,1164,1113
0,0,0,0,-1,-1,-1
0,0,0,0,-1,-1,-1
154664,1,1,0,107,2499,2458
0,0,0,0,-1,-1,-1
154234,2,0,0,-1,-1,-1
0,0,0,0,-1,-1,-1
154642,1,1,0,140,7016,6954
155296,2,0,0,-1,-1,-1
0,0,0,0,-1,-1,-1
0,0,0,0,-1,-1,-1
155384,1,0,1,156,2912,2852
153898,2,0,0,-1,-1,-1
0,0,0,0,-1,-1,-1
0,0,0,0,-1,-1,-1
153879,1,1,0,0,14107,14107
154073,2,0,0,-1,-1,-1
153709,1,0,1,19,4912,4906
154042,2,0,0,-1,-1,-1
0,0,0,0,-1,-1,-1
0,0,0,0,-1,-1,-1
154217,2,0,0,-1,-1,-1
0,0,0,0,-1,-1,-1
154871,1,0,1,166,2378,2304
154145,1,1,0,135,7235,7188
0,0,0,0,-1,-1,-1
155373,1,0,1,124,13485,13427
0,0,0,0,-1,-1,-1
154631,1,0,1,79,5696,5659
154231,2,0,0,-1,-1,-1
153537,2,0,0,-1,-1,-1
153821,1,1,0,303,1882,1741
152726,2,0,0,-1,-1,-1
154621,1,0,1,30,1509,1492
0,0,0,0,-1,-1,-1
154152,1,0,1,198,2035,1950
152652,1,1,0,25,2607,2595
152297,2,0,0,-1,-1,-1
0,0,0,0,-1,-1,-1
153209,2,0,0,-1,-1,-1
0,0,0,0,-1,-1,-1
154572,1,1,0,112,2671,2595
153885,1,1,0,132,6378,6336
0,0,0,0,-1,-1,-1
154563,2,0,0,-1,-1,-1
0,0,0,0,-1,-1,-1
154815,1,1,0,173,3101,3031
155311,1,0,1,24,4387,4368
155157,1,1,-1,19,6584,6577
155190,1,0,1,3,14795,14795
155159,1,1,0,80,11939,11905
154736,1,0,1,64,5281,5246
155115,2,0,0,-1,-1,-1
154999,2,0,0,-1,-1,-1
155161,1,0,1,73,2875,2838
0,0,0,0,-1,-1,-1
154154,1,0,1,91,3541,3505
154136,1,0,1,270,3364,3255
0,0,0,0,-1,-1,-1
153556,1,0,1,218,3022,2926
0,0,0,0,-1,-1,-1
154658,2,0,0,-1,-1,-1
154575,2,0,0,-1,-1,-1
152767,2,0,0,-1,-1,-1
154585,1,1,0,15,575,567
153335,2,0,0,-1,-1,-1
154751,2,0,0,-1,-1,-1
154755,1,0,1,114,2478,2411
0,0,0,0,-1,-1,-1
155240,1,1,0,75,990,963
152559,2,0,0,-1,-1,-1
154937,1,1,1,211,3584,3479
152788,2,0,0,-1,-1,-1
155144,2,0,0,-1,-1,-1
154222,2,0,0,-1,-1,-1
0,0,0,0,-1,-1,-1
154539,2,0,0,-1,-1,-1
0,0,0,0,-1,-1,-1
154253,1,0,1,0,5733,5733
154177,2,0,0,-1,-1,-1
0,0,0,0,-1,-1,-1
154379,2,0,0,-1,-1,-1
155222,1,1,1,80,6689,6649
153907,2,0,0,-1,-1,-1
153403,1,0,1,145,1996,1934
0,0,0,0,-1,-1,-1
154481,2,0,0,-1,-1,-1
153402,2,0,0,-1,-1,-1
155058,1,0,1,67,5608,5578
155010,1,0,1,111,3421,3388
155210,1,0,1,83,11477,11445
153159,1,1,0,259,4770,4654
155340,1,1,0,102,2499,2456
154652,2,0,0,-1,-1,-1
155358,1,0,1,21,5156,5134
153403,1,1,0,101,5763,5709
154382,2,0,0,-1,-1,-1
155321,1,1,0,58,12059,12030
154996,1,0,1,22,4988,4967
154549,2,0,0,-1,-1,-1
0,0,0,0,-1,-1,-1
153283,2,0,0,-1,-1,-1
154534,1,1,0,39,40866,40847
0,0,0,0,-1,-1,-1
154789,2,0,0,-1,-1,-1
153983,1,1,0,76,4084,4058
155120,2,0,0,-1,-1,-1
152514,2,0,0,-1,-1,-1
0,0,0,0,-1,-1,-1
0,0,0,0,-1,-1,-1
155074,1,1,1,171,3861,3765
153894,2,0,0,-1,-1,-1
0,0,0,0,-1,-1,-1
155300,1,0,1,0,1365,1365
154998,1,0,1,75,4495,4463
155276,1,1,0,103,1274,1242
154909,1,0,1,169,3749,3683
154491,2,0,0,-1,-1,-1
154166,2,0,0,-1,-1,-1
154894,1,0,1,55,5403,5382
0,0,0,0,-1,-1,-1
154578,1,1,1,73,17947,17911
0,0,0,0,-1,-1,-1
0,0,0,0,-1,-1,-1
0,0,0,0,-1,-1,-1
0,0,0,0,-1,-1,-1
152993,2,0,0,-1,-1,-1
0,0,0,0,-1,-1,-1
155350,1,1,1,214,3705,3638
154941,2,0,0,-1,-1,-1
0,0,0,0,-1,-1,-1
154465,2,0,0,-1,-1,-1
154419,1,1,0,102,7046,6984
155358,1,1,0,52,22077,22056
154480,1,0,1,127,5762,5691
0,0,0,0,-1,-1,-1
0,0,0,0,-1,-1,-1
154711,2,0,0,-1,-1,-1
0,0,0,0,-1,-1,-1
155371,1,1,0,0,1362,1362
0,0,0,0,-1,-1,-1
153523,2,0,0,-1,-1,-1
0,0,0,0,-1,-1,-1
154884,2,0,0,-1,-1,-1
0,0,0,0,-1,-1,-1
153829,2,0,0,-1,-1,-1
154345,1,0,1,45,798,787
0,0,0,0,-1,-1,-1
154669,1,0,1,206,2972,2854
0,0,0,0,-1,-1,-1
0,0,0,0,-1,-1,-1
152582,2,0,0,-1,-1,-1
154546,1,1,0,128,1889,1832
0,0,0,0,-1,-1,-1
154628,1,1,0,56,7964,7939
154121,1,1,0,0,3100,3100
153652,2,0,0,-1,-1,-1
154398,1,1,0,198,2424,2299
154800,2,0,0,-1,-1,-1
153785,2,0,0,-1,-1,-1
154656,2,0,0,-1,-1,-1
153284,2,0,0,-1,-1,-1
0,0,0,0,-1,-1,-1
154761,2,0,0,-1,-1,-1
0,0,0,0,-1,-1,-1
0,0,0,0,-1,-1,-1
0,0,0,0,-1,-1,-1
155157,1,0,1,69,10827,10809
0,0,0,0,-1,-1,-1
154519,1,1,1,206,5447,5363
153874,2,0,0,-1,-1,-1
0,0,0,0,-1,-1,-1
155144,1,0,1,111,3982,3943
0,0,0,0,-1,-1,-1
0,0,0,0,-1,-1,-1
154889,1,0,1,230,3359,3283
154480,1,0,1,142,3530,3493
152724,2,0,0,-1,-1,-1
154940,2,0,0,-1,-1,-1
153198,2,0,0,-1,-1,-1
0,0,0,0,-1,-1,-1
155343,1,1,0,24,6937,6922
0,0,0,0,-1,-1,-1
154197,2,0,0,-1,-1,-1
154974,1,0,1,65,7190,7170
155265,1,1,0,115,5183,5109
154584,2,0,0,-1,-1,-1
155179,1,1,-1,81,5234,5192
155196,1,1,0,178,2349,2275
0,0,0,0,-1,-1,-1
0,0,0,0,-1,-1,-1
152009,1,1,0,40,3187,3166
155228,1,1,0,16,3658,3646
153522,2,0,0,-1,-1,-1
154643,1,1,0,260,3372,3248
0,0,0,0,-1,-1,-1
155239,1,1,0,32,1125,1099
0,0,0,0,-1,-1,-1
154988,1,1,0,26,5593,5581
153878,1,0,1,149,5262,5199
0,0,0,0,-1,-1,-1
0,0,0,0,-1,-1,-1
155021,2,0,0,-1,-1,-1
154706,1,1,0,126,3316,3270
154955,2,0,0,-1,-1,-1
154843,2,0,0,-1,-1,-1
0,0,0,0,-1,-1,-1
0,0,0,0,-1,-1,-1
153909,2,0,0,-1,-1,-1
154416,2,0,0,-1,-1,-1
153475,2,0,0,-1,-1,-1
153822,1,1,0,91,6009,5964
0,0,0,0,-1,-1,-1
153967,2,0,0,-1,-1,-1
0,0,0,0,-1,-1,-1
0,0,0,0,-1,-1,-1
0,0,0,0,-1,-1,-1
0,0,0,0,-1,-1,-1
154939,1,0,1,168,1540,1469
154594,1,0,1,15,4193,4188
0,0,0,0,-1,-1,-1
0,0,0,0,-1,-1,-1
154159,1,1,0,63,16763,16726
153402,2,0,0,-1,-1,-1
0,0,0,0,-1,-1,-1
0,0,0,0,-1,-1,-1
154968,2,0,0,-1,-1,-1
152923,1,0,1,194,1192,1110
155040,1,1,0,224,6016,5897
154172,2,0,0,-1,-1,-1
155087,1,1,0,101,2407,2368
0,0,0,0,-1,-1,-1
0,0,0,0,-1,-1,-1
154566,2,0,0,-1,-1,-1
154842,1,0,1,157,5112,5043
153992,2,0,0,-1,-1,-1
155182,1,0,1,19,21816,21802
155280,1,0,1,105,2115,2054
0,0,0,0,-1,-1,-1
154425,1,1,0,54,3518,3481
155138,2,0,0,-1,-1,-1
154299,2,0,0,-1,-1,-1
153139,2,0,0,-1,-1,-1
0,0,0,0,-1,-1,-1
0,0,0,0,-1,-1,-1
154717,2,0,0,-1,-1,-1
154781,1,1,0,194,5974,5880
0,0,0,0,-1,-1,-1
153904,2,0,0,-1,-1,-1
0,0,0,0,-1,-1,-1
0,0,0,0,-1,-1,-1
154442,1,1,0,146,5865,5799
154948,2,0,0,-1,-1,-1
0,0,0,0,-1,-1,-1
155106,1,0,1,159,3295,3208
0,0,0,0,-1,-1,-1
0,0,0,0,-1,-1,-1
0,0,0,0,-1,-1,-1
153165,2,0,0,-1,-1,-1
154222,1,0,1,14,3411,3410
153944,1,0,1,0,33208,33208
0,0,0,0,-1,-1,-1
153452,1,1,0,0,6248,6248
153551,1,1,0,17,13446,13431
154645,1,1,0,20,2203,2190
0,0,0,0,-1,-1,-1
0,0,0,0,-1,-1,-1
154460,1,1,0,44,3670,3659
153999,2,0,0,-1,-1,-1
154926,1,1,0,81,2473,2426
155231,1,1,0,191,5795,5709
0,0,0,0,-1,-1,-1
0,0,0,0,-1,-1,-1
0,0,0,0,-1,-1,-1
0,0,0,0,-1,-1,-1
154952,1,1,-1,257,4413,4289
155133,2,0,0,-1,-1,-1
154868,1,1,0,246,4995,4909
155298,1,0,1,61,6785,6746
0,0,0,0,-1,-1,-1
0,0,0,0,-1,-1,-1
154735,1,1,0,0,13455,13455
154921,2,0,0,-1,-1,-1
154446,1,0,1,0,716,716
0,0,0,0,-1,-1,-1
154964,2,0,0,-1,-1,-1
153428,2,0,0,-1,-1,-1
152389,2,0,0,-1,-1,-1
154234,1,0,1,116,5278,5227
153260,2,0,0,-1,-1,-1
153615,1,1,0,35,3503,3479
154522,2,0,0,-1,-1,-1
0,0,0,0,-1,-1,-1
152676,2,0,0,-1,-1,-1
0,0,0,0,-1,-1,-1
0,0,0,0,-1,-1,-1
0,0,0,0,-1,-1,-1
154878,1,0,1,24,1855,1844
155294,1,1,1,145,2834,2782
152805,2,0,0,-1,-1,-1
0,0,0,0,-1,-1,-1
152976,1,1,0,13,1533,1523
0,0,0,0,-1,-1,-1
154687,1,0,1,77,1959,1919
0,0,0,0,-1,-1,-1
0,0,0,0,-1,-1,-1
0,0,0,0,-1,-1,-1
151941,2,0,0,-1,-1,-1
154813,1,1,0,0,952,952
155081,1,0,1,93,3110,3063
154802,2,0,0,-1,-1,-1
154625,1,0,1,107,2673,2627
154162,1,0,1,0,3724,3724
155220,1,1,0,0,6222,6222
154610,1,1,0,84,1940,1891
155230,1,1,0,41,2072,2053
154994,2,0,0,-1,-1,-1
154090,1,1,-1,120,4922,4860
153698,2,0,0,-1,-1,-1
155091,1,0,1,0,5165,5165
153620,1,1,0,69,7223,7182
154190,1,0,1,218,6891,6805
0,0,0,0,-1,-1,-1
154056,2,0,0,-1,-1,-1
154021,2,0,0,-1,-1,-1
0,0,0,0,-1,-1,-1
155152,1,1,0,105,2012,1949
153873,2,0,0,-1,-1,-1
155317,1,1,0,45,6139,6108
155328,2,0,0,-1,-1,-1
0,0,0,0,-1,-1,-1
153912,2,0,0,-1,-1,-1
153563,2,0,0,-1,-1,-1
153798,2,0,0,-1,-1,-1
154931,1,1,0,22,11306,11296
0,0,0,0,-1,-1,-1
155085,1,0,1,184,5294,5204
154500,1,0,1,146,2688,2625
0,0,0,0,-1,-1,-1
153697,2,0,0,-1,-1,-1
155012,1,1,0,108,1323,1267
154993,1,1,0,106,3546,3498
153625,2,0,0,-1,-1,-1
154896,1,1,0,135,1502,1449
155026,1,0,1,142,1796,1741
154667,2,0,0,-1,-1,-1
0,0,0,0,-1,-1,-1
0,0,0,0,-1,-1,-1
154821,2,0,0,-1,-1,-1
0,0,0,0,-1,-1,-1
0,0,0,0,-1,-1,-1
155333,1,1,0,206,11534,11462
154760,2,0,0,-1,-1,-1
0,0,0,0,-1,-1,-1
155324,1,0,1,99,2874,2833
155272,1,0,1,96,5636,5593
0,0,0,0,-1,-1,-1
153832,1,1,0,11,1308,1296
0,0,0,0,-1,-1,-1
154850,2,0,0,-1,-1,-1
0,0,0,0,-1,-1,-1
0,0,0,0,-1,-1,-1
153878,1,0,1,143,6269,6223
0,0,0,0,-1,-1,-1
155143,1,1,0,115,4239,4170
0,0,0,0,-1,-1,-1
154989,1,1,0,140,4362,4314
0,0,0,0,-1,-1,-1
154734,2,0,0,-1,-1,-1
154721,2,0,0,-1,-1,-1
154214,2,0,0,-1,-1,-1
154321,2,0,0,-1,-1,-1
152934,2,0,0,-1,-1,-1
155235,1,0,1,116,3465,3420
0,0,0,0,-1,-1,-1
153013,1,1,0,0,2029,2029
0,0,0,0,-1,-1,-1
154589,2,0,0,-1,-1,-1
154970,1,1,0,66,2407,2391
153034,2,0,0,-1,-1,-1
153537,2,0,0,-1,-1,-1
0,0,0,0,-1,-1,-1
154316,2,0,0,-1,-1,-1
155206,1,1,0,0,12080,12080
154586,2,0,0,-1,-1,-1
154517,2,0,0,-1,-1,-1
0,0,0,0,-1,-1,-1
155013,1,1,0,142,2134,2082
153013,2,0,0,-1,-1,-1
155339,1,0,1,24,5993,5989
0,0,0,0,-1,-1,-1
0,0,0,0,-1,-1,-1
0,0,0,0,-1,-1,-1
155167,1,1,-1,114,5437,5388
0,0,0,0,-1,-1,-1
0,0,0,0,-1,-1,-1
154714,1,1,0,162,1945,1848
155256,1,0,1,104,2974,2946
154624,2,0,0,-1,-1,-1
155185,1,1,0,47,8843,8830
154004,2,0,0,-1,-1,-1
154761,1,1,0,52,748,725
0,0,0,0,-1,-1,-1
0,0,0,0,-1,-1,-1
154866,1,1,0,116,6963,6909
154918,1,1,0,179,4341,4269
153941,2,0,0,-1,-1,-1
154528,1,1,0,0,12549,12549
154227,2,0,0,-1,-1,-1
153928,1,0,1,86,9567,9516
0,0,0,0,-1,-1,-1
154731,1,0,1,0,12397,12397
0,0,0,0,-1,-1,-1
0,0,0,0,-1,-1,-1
154863,1,0,1,33,7233,7227
0,0,0,0,-1,-1,-1
154473,2,0,0,-1,-1,-1
154768,2,0,0,-1,-1,-1
155093,2,0,0,-1,-1,-1
0,0,0,0,-1,-1,-1
154588,2,0,0,-1,-1,-1
154868,1,1,0,0,3096,3096
155179,1,1,0,320,7133,6985
0,0,0,0,-1,-1,-1
154464,2,0,0,-1,-1,-1
153191,2,0,0,-1,-1,-1
154135,1,1,0,13,3271,3262
155366,1,0,1,44,5477,5462
153855,2,0,0,-1,-1,-1
154993,1,0,1,65,2593,2569
154992,1,1,0,305,5462,5333
0,0,0,0,-1,-1,-1
155072,1,0,1,190,7212,7098
155086,1,1,0,73,2009,1986
0,0,0,0,-1,-1,-1
0,0,0,0,-1,-1,-1
154417,1,0,1,61,9128,9088
155367,1,0,1,85,12817,12784
0,0,0,0,-1,-1,-1
154327,1,1,0,65,1820,1796
155256,1,0,1,17,16638,16634
154280,2,0,0,-1,-1,-1
154930,2,0,0,-1,-1,-1
155378,1,0,1,64,10668,10649
153781,1,1,0,0,2959,2959
0,0,0,0,-1,-1,-1
154633,2,0,0,-1,-1,-1
154447,1,0,1,42,17544,17505
154352,2,0,0,-1,-1,-1
153227,2,0,0,-1,-1,-1
0,0,0,0,-1,-1,-1
0,0,0,0,-1,-1,-1
0,0,0,0,-1,-1,-1
153621,1,1,0,20,2695,2691
0,0,0,0,-1,-1,-1
154942,1,0,1,0,4316,4316
0,0,0,0,-1,-1,-1
0,0,0,0,-1,-1,-1
154283,2,0,0,-1,-1,-1
154236,2,0,0,-1,-1,-1
154833,1,1,0,0,3108,3108
155244,1,1,1,97,8942,8884
0,0,0,0,-1,-1,-1
0,0,0,0,-1,-1,-1
0,0,0,0,-1,-1,-1
154859,2,0,0,-1,-1,-1
0,0,0,0,-1,-1,-1
154527,2,0,0,-1,-1,-1
155158,1,1,0,172,1727,1619
154802,2,0,0,-1,-1,-1
155071,1,1,0,103,4563,4514
0,0,0,0,-1,-1,-1
153921,2,0,0,-1,-1,-1
154958,1,0,1,90,4658,4618
154504,2,0,0,-1,-1,-1
155354,1,0,1,81,4269,4234
155148,1,1,0,149,1609,1543
154508,2,0,0,-1,-1,-1
154134,2,0,0,-1,-1,-1
154490,2,0,0,-1,-1,-1
154583,2,0,0,-1,-1,-1
154246,2,0,0,-1,-1,-1
154808,1,0,1,122,1973,1942
153234,2,0,0,-1,-1,-1
153415,2,0,0,-1,-1,-1
0,0,0,0,-1,-1,-1
153785,1,1,0,136,3734,3680
154377,1,0,1,67,10290,10270
0,0,0,0,-1,-1,-1
154560,2,0,0,-1,-1,-1
153653,2,0,0,-1,-1,-1
154650,1,1,0,115,11396,11324
154865,2,0,0,-1,-1,-1
0,0,0,0,-1,-1,-1
154241,2,0,0,-1,-1,-1
153709,2,0,0,-1,-1,-1
153430,1,1,-1,61,16413,16390
155212,1,1,1,97,8103,8045
154630,1,0,1,96,3678,3634
155037,2,0,0,-1,-1,-1
155103,1,1,0,244,3527,3428
154091,1,0,1,51,3875,3851
154675,1,1,0,90,1722,1695
153546,2,0,0,-1,-1,-1
0,0,0,0,-1,-1,-1
0,0,0,0,-1,-1,-1
154864,1,1,0,116,3392,3331
0,0,0,0,-1,-1,-1
0,0,0,0,-1,-1,-1
154767,2,0,0,-1,-1,-1
155367,1,1,0,85,7729,7676
155005,1,0,1,129,4961,4891
154681,1,0,1,11,428,424
0,0,0,0,-1,-1,-1
0,0,0,0,-1,-1,-1
154735,1,0,1,43,3468,3451
155251,1,0,1,62,4048,4018
154418,1,1,-1,162,3775,3710
153775,1,0,1,196,2117,2026
155242,2,0,0,-1,-1,-1
154906,1,0,1,63,6864,6816
154331,2,0,0,-1,-1,-1
153931,2,0,0,-1,-1,-1
155167,1,0,1,132,3665,3620
154838,1,1,0,161,2923,2844
155352,1,1,0,30,4888,4873
0,0,0,0,-1,-1,-1
154662,1,1,0,24,1628,1623
153384,2,0,0,-1,-1,-1
152421,2,0,0,-1,-1,-1
0,0,0,0,-1,-1,-1
0,0,0,0,-1,-1,-1
155090,1,0,1,77,8748,8714
154022,1,1,-1,169,3983,3883
152592,1,0,1,12,2143,2139
154723,2,0,0,-1,-1,-1
153946,1,1,0,183,2098,2026
0,0,0,0,-1,-1,-1
155082,1,0,1,107,5861,5819
153225,2,0,0,-1,-1,-1
152872,1,1,0,0,10120,10120
153662,1,0,1,191,2438,2322
0,0,0,0,-1,-1,-1
155372,1,0,1,112,6331,6280
154061,2,0,0,-1,-1,-1
154581,2,0,0,-1,-1,-1
0,0,0,0,-1,-1,-1
0,0,0,0,-1,-1,-1
154965,2,0,0,-1,-1,-1
155183,1,1,1,173,9698,9641
154889,2,0,0,-1,-1,-1
154285,1,0,1,15,1608,1601
154971,1,1,0,246,1430,1332
0,0,0,0,-1,-1,-1
153623,1,1,0,145,2108,2043
0,0,0,0,-1,-1,-1
0,0,0,0,-1,-1,-1
155363,1,1,0,0,1922,1922
154605,1,0,1,131,5800,5739
155227,1,1,0,99,6073,6008
153847,1,1,0,41,1298,1277
155311,1,1,0,129,3320,3253
155311,1,0,1,234,2642,2554
0,0,0,0,-1,-1,-1
154859,2,0,0,-1,-1,-1
154405,2,0,0,-1,-1,-1
0,0,0,0,-1,-1,-1
152582,2,0,0,-1,-1,-1
155119,1,0,1,41,4829,4803
0,0,0,0,-1,-1,-1
154074,1,1,0,16,12812,12806
154619,2,0,0,-1,-1,-1
0,0,0,0,-1,-1,-1
154896,1,1,0,234,13036,12934
154781,1,1,0,124,9875,9826
154006,2,0,0,-1,-1,-1
155364,1,0,1,180,6315,6243
154593,2,0,0,-1,-1,-1
154826,1,1,0,74,19808,19755
155255,1,0,1,0,9336,9336
154977,1,0,1,73,3690,3664
154832,1,0,1,354,1669,1543
154529,1,0,1,54,7403,7379
154808,2,0,0,-1,-1,-1
155085,1,0,1,101,1484,1446
0,0,0,0,-1,-1,-1
154933,2,0,0,-1,-1,-1
154751,2,0,0,-1,-1,-1
154945,2,0,0,-1,-1,-1
155275,1,1,0,24,3580,3553
153697,1,1,0,123,3966,3907
0,0,0,0,-1,-1,-1
153742,2,0,0,-1,-1,-1
152782,1,0,1,52,795,776
0,0,0,0,-1,-1,-1
154258,1,0,1,79,7795,7744
154529,1,1,0,103,4269,4239
154881,1,0,1,194,3946,3864
154187,1,1,-1,148,5470,5412
0,0,0,0,-1,-1,-1
0,0,0,0,-1,-1,-1
0,0,0,0,-1,-1,-1
0,0,0,0,-1,-1,-1
153758,1,1,0,58,1275,1260
154610,1,0,1,82,8608,8576
153916,2,0,0,-1,-1,-1
154258,2,0,0,-1,-1,-1
0,0,0,0,-1,-1,-1
155206,1,1,0,90,4479,4437
155123,1,1,0,88,2187,2138
152355,2,0,0,-1,-1,-1
154754,2,0,0,-1,-1,-1
154583,1,1,0,72,1382,1341
0,0,0,0,-1,-1,-1
154812,1,1,0,29,3574,3563
154737,1,1,0,103,6841,6796
153160,2,0,0,-1,-1,-1
154092,2,0,0,-1,-1,-1
154416,1,1,0,71,2468,2443
155131,1,1,0,0,8541,8541
0,0,0,0,-1,-1,-1
153967,2,0,0,-1,-1,-1
0,0,0,0,-1,-1,-1
153651,1,0,1,149,2050,1981
0,0,0,0,-1,-1,-1
155065,1,0,1,93,4467,4428
0,0,0,0,-1,-1,-1
153931,1,1,0,137,2971,2919
0,0,0,0,-1,-1,-1
153961,2,0,0,-1,-1,-1
0,0,0,0,-1,-1,-1
153936,2,0,0,-1,-1,-1
154886,1,1,0,151,3324,3270
0,0,0,0,-1,-1,-1
154217,1,0,1,113,3943,3883
154700,2,0,0,-1,-1,-1
154948,2,0,0,-1,-1,-1
0,0,0,0,-1,-1,-1
155257,1,1,0,97,1903,1864
155267,1,1,0,79,11697,11658
154259,2,0,0,-1,-1,-1
154702,2,0,0,-1,-1,-1
153522,1,0,1,15,103,102
154693,1,0,1,31,8145,8130
154966,1,1,-1,284,3834,3741
0,0,0,0,-1,-1,-1
153666,1,1,0,205,2154,2064
0,0,0,0,-1,-1,-1
154971,1,1,0,7,3244,3240
154054,2,0,0,-1,-1,-1
0,0,0,0,-1,-1,-1
154288,2,0,0,-1,-1,-1
153859,2,0,0,-1,-1,-1
155303,1,0,1,35,4427,4415
154924,1,0,1,105,6519,6468
0,0,0,0,-1,-1,-1
0,0,0,0,-1,-1,-1
154161,1,0,1,233,1071,973
153263,1,1,0,0,19278,19278
154211,2,0,0,-1,-1,-1
0,0,0,0,-1,-1,-1
154449,1,0,1,87,6112,6059
153443,2,0,0,-1,-1,-1
153166,2,0,0,-1,-1,-1
0,0,0,0,-1,-1,-1
153766,2,0,0,-1,-1,-1
154187,2,0,0,-1,-1,-1
153158,2,0,0,-1,-1,-1
0,0,0,0,-1,-1,-1
0,0,0,0,-1,-1,-1
153591,1,0,1,211,1380,1308
154089,2,0,0,-1,-1,-1
0,0,0,0,-1,-1,-1
154083,2,0,0,-1,-1,-1
155305,2,0,0,-1,-1,-1
153822,1,0,1,38,2131,2115
155097,1,0,1,50,7997,7969
154874,2,0,0,-1,-1,-1
155203,1,0,1,73,3662,3616
0,0,0,0,-1,-1,-1
0,0,0,0,-1,-1,-1
154086,2,0,0,-1,-1,-1
154955,1,0,1,25,22960,22951
154999,2,0,0,-1,-1,-1
155356,1,0,1,130,5633,5573
154886,1,1,0,66,4002,3964
154939,1,1,0,82,4044,4025
154536,2,0,0,-1,-1,-1
155167,2,0,0,-1,-1,-1
154543,1,0,1,167,2027,1949
153536,2,0,0,-1,-1,-1
155028,1,1,-1,109,7973,7904
153946,2,0,0,-1,-1,-1
153977,2,0,0,-1,-1,-1
0,0,0,0,-1,-1,-1
154676,1,1,0,111,1756,1714
154680,2,0,0,-1,-1,-1
153301,2,0,0,-1,-1,-1
154806,1,0,1,50,17921,17884
0,0,0,0,-1,-1,-1
153622,1,0,1,79,8960,8913
0,0,0,0,-1,-1,-1
154431,2,0,0,-1,-1,-1
0,0,0,0,-1,-1,-1
153770,1,0,1,111,4430,4353
154102,2,0,0,-1,-1,-1
155128,1,1,0,92,6243,6195
0,0,0,0,-1,-1,-1
0,0,0,0,-1,-1,-1
155329,1,0,1,244,3044,2909
0,0,0,0,-1,-1,-1
155031,1,1,0,125,7178,7107
153303,2,0,0,-1,-1,-1
153560,2,0,0,-1,-1,-1
0,0,0,0,-1,-1,-1
0,0,0,0,-1,-1,-1
155232,1,0,1,164,4890,4820
154828,2,0,0,-1,-1,-1
0,0,0,0,-1,-1,-1
0,0,0,0,-1,-1,-1
153636,2,0,0,-1,-1,-1
154647,1,0,1,112,3865,3800
154100,2,0,0,-1,-1,-1
0,0,0,0,-1,-1,-1
152444,1,1,0,119,1061,1008
155302,1,0,1,195,2868,2796
153416,1,1,0,45,2900,2873
154614,2,0,0,-1,-1,-1
155127,1,1,0,58,3275,3242
153175,1,1,0,47,4448,4432
154463,1,0,1,243,14223,14091
0,0,0,0,-1,-1,-1
154896,1,0,1,209,3284,3217
153878,2,0,0,-1,-1,-1
154790,1,0,1,17,3356,3342
153858,1,1,1,133,8095,8026
153815,2,0,0,-1,-1,-1
154259,2,0,0,-1,-1,-1
0,0,0,0,-1,-1,-1
152793,1,0,1,0,4324,4324
154047,2,0,0,-1,-1,-1
154020,2,0,0,-1,-1,-1
153971,1,1,0,0,9555,9555
155309,1,1,0,158,1869,1805
154656,2,0,0,-1,-1,-1
0,0,0,0,-1,-1,-1
154941,1,0,1,0,7395,7395
153626,2,0,0,-1,-1,-1
154824,1,1,0,136,7619,7585
0,0,0,0,-1,-1,-1
0,0,0,0,-1,-1,-1
154290,2,0,0,-1,-1,-1
153830,2,0,0,-1,-1,-1
154896,2,0,0,-1,-1,-1
153844,1,0,1,148,4904,4843
155117,2,0,0,-1,-1,-1
0,0,0,0,-1,-1,-1
153119,2,0,0,-1,-1,-1
155320,1,1,0,160,1186,1125
154066,2,0,0,-1,-1,-1
155119,1,0,1,138,2721,2666
153477,2,0,0,-1,-1,-1
153604,2,0,0,-1,-1,-1
154253,1,1,0,138,2367,2317
154431,2,0,0,-1,-1,-1
155042,1,0,1,84,1363,1330
0,0,0,0,-1,-1,-1
154071,1,1,0,108,7891,7835
0,0,0,0,-1,-1,-1
153754,2,0,0,-1,-1,-1
155361,1,1,1,105,9212,9140
0,0,0,0,-1,-1,-1
155287,1,0,1,39,4033,4010
154811,2,0,0,-1,-1,-1
0,0,0,0,-1,-1,-1
154083,1,0,1,52,3940,3918
153669,2,0,0,-1,-1,-1
155116,2,0,0,-1,-1,-1
152956,1,1,0,41,13578,13565
155052,1,1,-1,44,24463,24426
155168,2,0,0,-1,-1,-1
155166,1,0,1,0,6715,6715
0,0,0,0,-1,-1,-1
0,0,0,0,-1,-1,-1
154924,2,0,0,-1,-1,-1
0,0,0,0,-1,-1,-1
0,0,0,0,-1,-1,-1
153353,1,0,1,63,3121,3093
154595,1,1,1,265,4992,4872
0,0,0,0,-1,-1,-1
154232,1,1,-1,137,3444,3355
154200,1,1,0,47,2663,2646
153940,1,1,0,137,4675,4623
153612,2,0,0,-1,-1,-1
154475,2,0,0,-1,-1,-1
155321,1,0,1,77,6473,6437
154476,2,0,0,-1,-1,-1
154385,2,0,0,-1,-1,-1
154617,1,0,1,29,3869,3858
0,0,0,0,-1,-1,-1
153298,2,0,0,-1,-1,-1
153885,2,0,0,-1,-1,-1
154067,2,0,0,-1,-1,-1
155249,1,1,0,14,9096,9084
0,0,0,0,-1,-1,-1
154955,1,0,1,145,4524,4470
154819,2,0,0,-1,-1,-1
151889,2,0,0,-1,-1,-1
0,0,0,0,-1,-1,-1
154945,1,1,0,4,8644,8635
0,0,0,0,-1,-1,-1
152673,2,0,0,-1,-1,-1
154916,1,0,1,103,4807,4763
153139,1,0,1,133,4317,4259
0,0,0,0,-1,-1,-1
154981,1,0,1,156,3267,3203
153963,1,0,1,171,7015,6926
154289,1,0,1,68,2156,2124
0,0,0,0,-1,-1,-1
153672,2,0,0,-1,-1,-1
0,0,0,0,-1,-1,-1
154829,1,1,0,34,2426,2406
0,0,0,0,-1,-1,-1
154845,2,0,0,-1,-1,-1
154529,1,1,0,27,7039,7030
0,0,0,0,-1,-1,-1
0,0,0,0,-1,-1,-1
153006,1,1,0,140,1721,1646
155101,1,0,1,71,10298,10255
154914,2,0,0,-1,-1,-1
0,0,0,0,-1,-1,-1
155063,1,0,1,68,4193,4170
154111,1,0,1,196,1734,1660
0,0,0,0,-1,-1,-1
153805,2,0,0,-1,-1,-1
0,0,0,0,-1,-1,-1
0,0,0,0,-1,-1,-1
154237,2,0,0,-1,-1,-1
155266,1,1,0,15,4925,4913
154108,1,1,0,159,2563,2501
154931,2,0,0,-1,-1,-1
151497,2,0,0,-1,-1,-1
154732,2,0,0,-1,-1,-1
153672,1,0,1,235,4477,4362
155073,1,1,0,93,3520,3453
0,0,0,0,-1,-1,-1
0,0,0,0,-1,-1,-1
155232,2,0,0,-1,-1,-1
0,0,0,0,-1,-1,-1
0,0,0,0,-1,-1,-1
155223,1,1,1,0,16246,16246
153859,2,0,0,-1,-1,-1
155361,1,1,0,82,3155,3119
0,0,0,0,-1,-1,-1
155275,1,0,1,153,1805,1737
0,0,0,0,-1,-1,-1
154152,1,1,0,53,2456,2415
0,0,0,0,-1,-1,-1
0,0,0,0,-1,-1,-1
154267,1,1,0,274,2841,2723
153176,2,0,0,-1,-1,-1
153980,1,0,1,175,4742,4688
155185,1,1,0,12,3801,3798
0,0,0,0,-1,-1,-1
0,0,0,0,-1,-1,-1
0,0,0,0,-1,-1,-1
155158,1,1,1,160,3694,3629
0,0,0,0,-1,-1,-1
154873,2,0,0,-1,-1,-1
154375,2,0,0,-1,-1,-1
0,0,0,0,-1,-1,-1
153539,1,1,0,111,4177,4125
0,0,0,0,-1,-1,-1
0,0,0,0,-1,-1,-1
154940,2,0,0,-1,-1,-1
154409,1,1,0,15,9674,9662
153975,1,0,1,164,4018,3944
154867,1,1,-1,196,5594,5493
155053,2,0,0,-1,-1,-1
154812,2,0,0,-1,-1,-1
154894,1,1,0,70,12019,11989
155024,1,1,1,230,3211,3074
0,0,0,0,-1,-1,-1
155137,1,1,1,199,4660,4570
154527,1,0,1,257,2071,1982
0,0,0,0,-1,-1,-1
155121,1,0,1,173,1791,1725
0,0,0,0,-1,-1,-1
155348,1,1,0,160,8247,8194
0,0,0,0,-1,-1,-1
0,0,0,0,-1,-1,-1
154550,2,0,0,-1,-1,-1
154575,1,1,0,0,6019,6019
0,0,0,0,-1,-1,-1
155347,1,1,0,90,2526,2489
154062,2,0,0,-1,-1,-1
0,0,0,0,-1,-1,-1
0,0,0,0,-1,-1,-1
155033,1,1,0,101,1450,1428
154290,2,0,0,-1,-1,-1
155343,1,1,0,72,3509,3478
154639,1,1,0,42,927,915
152984,2,0,0,-1,-1,-1
0,0,0,0,-1,-1,-1
0,0,0,0,-1,-1,-1
154773,2,0,0,-1,-1,-1
155029,2,0,0,-1,-1,-1
154201,2,0,0,-1,-1,-1
154397,1,1,1,10,681,679
155256,1,1,0,50,2803,2777
153686,2,0,0,-1,-1,-1
154771,1,1,0,106,2704,2672
155180,2,0,0,-1,-1,-1
0,0,0,0,-1,-1,-1
0,0,0,0,-1,-1,-1
153641,1,0,1,154,5137,5081
153841,1,1,0,103,6955,6904
154096,2,0,0,-1,-1,-1
0,0,0,0,-1,-1,-1
153816,1,0,1,18,13048,13044
0,0,0,0,-1,-1,-1
0,0,0,0,-1,-1,-1
155212,1,1,0,93,7186,7127
154266,2,0,0,-1,-1,-1
152459,2,0,0,-1,-1,-1
0,0,0,0,-1,-1,-1
154059,1,0,1,51,1426,1385
154799,1,1,0,8,4829,4827
154059,2,0,0,-1,-1,-1
154474,2,0,0,-1,-1,-1
0,0,0,0,-1,-1,-1
155336,1,1,0,61,12481,12461
155353,1,0,1,186,5748,5661
154448,2,0,0,-1,-1,-1
153952,1,1,0,180,6600,6507
0,0,0,0,-1,-1,-1
155206,1,1,0,57,1948,1911
153390,1,1,0,244,4788,4667
154387,2,0,0,-1,-1,-1
155135,1,1,0,107,2115,2055
154794,1,1,0,0,1833,1833
154028,1,0,1,127,3413,3361
155240,1,1,0,129,3762,3691
154552,2,0,0,-1,-1,-1
155108,1,0,1,189,3281,3181
154030,2,0,0,-1,-1,-1
153524,1,1,0,88,11471,11439
154626,2,0,0,-1,-1,-1
154558,2,0,0,-1,-1,-1
154054,2,0,0,-1,-1,-1
0,0,0,0,-1,-1,-1
153660,2,0,0,-1,-1,-1
154861,2,0,0,-1,-1,-1
155040,2,0,0,-1,-1,-1
0,0,0,0,-1,-1,-1
152691,1,1,0,105,11833,11767
154718,2,0,0,-1,-1,-1
0,0,0,0,-1,-1,-1
155277,1,0,1,24,28887,28878
0,0,0,0,-1,-1,-1
0,0,0,0,-1,-1,-1
154946,1,0,1,0,7200,7200
0,0,0,0,-1,-1,-1
0,0,0,0,-1,-1,-1
0,0,0,0,-1,-1,-1
155178,2,0,0,-1,-1,-1
154845,1,1,0,117,3056,2978
153218,2,0,0,-1,-1,-1
0,0,0,0,-1,-1,-1
154898,1,0,1,101,8773,8699
153918,1,1,1,124,3653,3601
0,0,0,0,-1,-1,-1
154751,1,1,-1,145,2498,2426
155107,1,1,0,101,3525,3483
0,0,0,0,-1,-1,-1
0,0,0,0,-1,-1,-1
155238,1,0,1,116,2454,2406
0,0,0,0,-1,-1,-1
153925,2,0,0,-1,-1,-1
0,0,0,0,-1,-1,-1
0,0,0,0,-1,-1,-1
154371,1,1,0,53,6886,6861
154239,2,0,0,-1,-1,-1
152853,1,0,1,247,6018,5888
154299,2,0,0,-1,-1,-1
0,0,0,0,-1,-1,-1
154306,1,0,1,106,2097,2043
0,0,0,0,-1,-1,-1
0,0,0,0,-1,-1,-1
0,0,0,0,-1,-1,-1
0,0,0,0,-1,-1,-1
152538,2,0,0,-1,-1,-1
155224,1,0,1,0,3402,3402
0,0,0,0,-1,-1,-1
155068,1,0,1,99,3706,3667
0,0,0,0,-1,-1,-1
0,0,0,0,-1,-1,-1
152723,2,0,0,-1,-1,-1
0,0,0,0,-1,-1,-1
0,0,0,0,-1,-1,-1
154077,2,0,0,-1,-1,-1
154190,2,0,0,-1,-1,-1
154926,1,0,1,94,1735,1701
0,0,0,0,-1,-1,-1
154172,1,1,0,192,5123,5018
154257,1,1,0,119,3963,3902
153963,2,0,0,-1,-1,-1
154634,2,0,0,-1,-1,-1
0,0,0,0,-1,-1,-1
0,0,0,0,-1,-1,-1
153492,1,0,1,0,7676,7676
154450,2,0,0,-1,-1,-1
154784,2,0,0,-1,-1,-1
0,0,0,0,-1,-1,-1
155072,1,0,1,149,5755,5659
0,0,0,0,-1,-1,-1
154964,1,1,0,183,2823,2746
155336,1,1,0,162,2947,2871
154626,1,1,0,103,3805,3767
152851,2,0,0,-1,-1,-1
0,0,0,0,-1,-1,-1
153929,2,0,0,-1,-1,-1
