J1,rank_b,dx_b,dy_b,nu_b,synergy_edges,nonlocal_candidates
153551,2,0,0,-1,-1,-1
154904,2,0,0,-1,-1,-1
0,0,0,0,-1,-1,-1
152274,2,0,0,-1,-1,-1
155031,2,0,0,-1,-1,-1
152949,1,1,0,0,11966,11966
154047,1,0,1,222,4457,4351
0,0,0,0,-1,-1,-1
0,0,0,0,-1,-1,-1
155293,1,0,1,120,6807,6759
154294,1,0,1,86,1198,1150
154533,1,0,1,29,6131,6112
0,0,0,0,-1,-1,-1
0,0,0,0,-1,-1,-1
0,0,0,0,-1,-1,-1
0,0,0,0,-1,-1,-1
0,0,0,0,-1,-1,-1
154590,2,0,0,-1,-1,-1
154719,1,1,0,229,3698,3594
0,0,0,0,-1,-1,-1
154024,1,1,0,88,1458,1430
154446,1,0,1,229,5032,4891
155214,1,0,1,169,9378,9311
0,0,0,0,-1,-1,-1
154814,1,1,1,183,7703,7617
154000,1,0,1,43,2395,2376
155109,1,1,0,0,1966,1966
155289,1,1,0,174,7390,7339
153919,1,0,1,0,4143,4143
154988,2,0,0,-1,-1,-1
154620,1,1,0,106,3065,2997
153898,2,0,0,-1,-1,-1
154491,2,0,0,-1,-1,-1
154889,2,0,0,-1,-1,-1
154732,1,0,1,36,784,744
152932,2,0,0,-1,-1,-1
154391,1,1,0,208,2483,2385
154623,1,0,1,42,1172,1149
0,0,0,0,-1,-1,-1
0,0,0,0,-1,-1,-1
153916,2,0,0,-1,-1,-1
154747,1,1,0,83,1417,1375
0,0,0,0,-1,-1,-1
0,0,0,0,-1,-1,-1
0,0,0,0,-1,-1,-1
154093,1,1,0,150,2763,2711
154176,1,0,1,78,854,812
0,0,0,0,-1,-1,-1
0,0,0,0,-1,-1,-1
0,0,0,0,-1,-1,-1
0,0,0,0,-1,-1,-1
155020,2,0,0,-1,-1,-1
153044,2,0,0,-1,-1,-1
154350,1,1,0,186,4056,3976
155222,1,1,0,99,3943,3880
154986,1,1,0,113,3746,3681
0,0,0,0,-1,-1,-1
0,0,0,0,-1,-1,-1
0,0,0,0,-1,-1,-1
154497,2,0,0,-1,-1,-1
0,0,0,0,-1,-1,-1
0,0,0,0,-1,-1,-1
0,0,0,0,-1,-1,-1
0,0,0,0,-1,-1,-1
155298,1,0,1,63,4031,4000
153768,2,0,0,-1,-1,-1
0,0,0,0,-1,-1,-1
154475,1,1,0,133,5222,5171
0,0,0,0,-1,-1,-1
152901,2,0,0,-1,-1,-1
0,0,0,0,-1,-1,-1
155208,1,1,0,31,4466,4453
0,0,0,0,-1,-1,-1
0,0,0,0,-1,-1,-1
0,0,0,0,-1,-1,-1
0,0,0,0,-1,-1,-1
0,0,0,0,-1,-1,-1
153546,2,0,0,-1,-1,-1
154160,2,0,0,-1,-1,-1
154901,2,0,0,-1,-1,-1
154673,1,0,1,184,7276,7204
0,0,0,0,-1,-1,-1
155368,1,0,1,4,926,924
155171,1,0,1,18,6805,6797
0,0,0,0,-1,-1,-1
154308,2,0,0,-1,-1,-1
153367,2,0,0,-1,-1,-1
154796,1,1,0,141,5046,4971
155384,1,0,1,32,15562,15555
0,0,0,0,-1,-1,-1
154727,1,1,0,120,3701,3656
154739,2,0,0,-1,-1,-1
152953,2,0,0,-1,-1,-1
155072,1,1,0,86,5193,5156
154215,2,0,0,-1,-1,-1
0,0,0,0,-1,-1,-1
154471,2,0,0,-1,-1,-1
154597,1,0,1,0,3066,3062
0,0,0,0,-1,-1,-1
0,0,0,0,-1,-1,-1
0,0,0,0,-1,-1,-1
154010,2,0,0,-1,-1,-1
0,0,0,0,-1,-1,-1
0,0,0,0,-1,-1,-1
152315,1,0,1,132,2666,2614
0,0,0,0,-1,-1,-1
0,0,0,0,-1,-1,-1
152973,2,0,0,-1,-1,-1
153724,1,0,1,67,3304,3272
152840,1,0,1,156,995,934
155139,1,0,1,43,11431,11414
0,0,0,0,-1,-1,-1
152819,1,0,1,67,5128,5097
153430,2,0,0,-1,-1,-1
154626,2,0,0,-1,-1,-1
0,0,0,0,-1,-1,-1
154348,1,0,1,5,894,892
155126,2,0,0,-1,-1,-1
155336,1,1,-1,240,2532,2422
155313,1,0,1,95,3589,3537
155343,1,1,0,38,2911,2889
154952,1,0,1,108,4080,4041
0,0,0,0,-1,-1,-1
155112,1,1,0,113,4134,4084
0,0,0,0,-1,-1,-1
154372,1,1,0,0,3649,3649
154859,2,0,0,-1,-1,-1
154616,2,0,0,-1,-1,-1
154591,1,1,0,22,2790,2790
153998,2,0,0,-1,-1,-1
154701,1,1,0,62,3400,3374
0,0,0,0,-1,-1,-1
154032,1,1,0,0,1870,1870
154848,1,1,0,20,9337,9327
153582,1,0,1,133,2417,2354
153683,2,0,0,-1,-1,-1
154566,1,0,1,0,0,0
0,0,0,0,-1,-1,-1
0,0,0,0,-1,-1,-1
0,0,0,0,-1,-1,-1
154081,1,0,1,22,3473,3461
0,0,0,0,-1,-1,-1
155290,1,1,0,100,4174,4129
155160,1,0,1,124,8284,8199
0,0,0,0,-1,-1,-1
154694,2,0,0,-1,-1,-1
153906,1,1,-1,156,3965,3903
154645,2,0,0,-1,-1,-1
153078,1,1,0,127,1802,1732
154437,2,0,0,-1,-1,-1
154021,2,0,0,-1,-1,-1
154909,1,1,0,0,256,256
0,0,0,0,-1,-1,-1
0,0,0,0,-1,-1,-1
0,0,0,0,-1,-1,-1
154162,2,0,0,-1,-1,-1
154335,1,1,0,128,5087,5030
154618,1,0,1,141,2906,2847
154351,2,0,0,-1,-1,-1
0,0,0,0,-1,-1,-1
154754,1,0,1,81,4624,4601
154505,2,0,0,-1,-1,-1
152531,2,0,0,-1,-1,-1
154439,1,0,1,120,2359,2301
0,0,0,0,-1,-1,-1
153487,2,0,0,-1,-1,-1
152353,1,1,0,128,7706,7656
0,0,0,0,-1,-1,-1
0,0,0,0,-1,-1,-1
155203,1,1,0,0,11277,11277
153475,1,1,-1,132,10008,9917
154841,2,0,0,-1,-1,-1
154559,1,0,1,20,7584,7576
0,0,0,0,-1,-1,-1
154570,2,0,0,-1,-1,-1
0,0,0,0,-1,-1,-1
153283,2,0,0,-1,-1,-1
0,0,0,0,-1,-1,-1
153990,2,0,0,-1,-1,-1
0,0,0,0,-1,-1,-1
0,0,0,0,-1,-1,-1
155376,1,0,1,0,0,0
154549,1,0,1,28,2085,2076
154368,2,0,0,-1,-1,-1
153911,2,0,0,-1,-1,-1
153023,1,0,1,95,2658,2595
153209,2,0,0,-1,-1,-1
154885,2,0,0,-1,-1,-1
154672,1,1,0,124,2856,2795
154658,2,0,0,-1,-1,-1
155181,1,1,0,28,3921,3910
0,0,0,0,-1,-1,-1
155338,1,1,1,83,3085,3046
154529,2,0,0,-1,-1,-1
155000,2,0,0,-1,-1,-1
0,0,0,0,-1,-1,-1
153357,1,0,1,309,3029,2904
155275,1,0,1,164,3799,3715
153672,2,0,0,-1,-1,-1
154013,1,0,1,142,2671,2592
154785,1,1,0,20,4998,4991
154699,2,0,0,-1,-1,-1
153187,2,0,0,-1,-1,-1
154612,2,0,0,-1,-1,-1
154702,1,0,1,16,6082,6073
154328,1,0,1,90,3613,3586
0,0,0,0,-1,-1,-1
153025,2,0,0,-1,-1,-1
154676,1,0,1,154,2005,1936
0,0,0,0,-1,-1,-1
0,0,0,0,-1,-1,-1
155205,1,1,0,0,15301,15301
0,0,0,0,-1,-1,-1
0,0,0,0,-1,-1,-1
154776,2,0,0,-1,-1,-1
154653,1,1,0,254,1375,1253
155051,1,1,1,182,10700,10608
153992,2,0,0,-1,-1,-1
152703,2,0,0,-1,-1,-1
154629,1,1,0,221,2288,2191
154511,1,1,0,62,18393,18370
153316,2,0,0,-1,-1,-1
153629,2,0,0,-1,-1,-1
153110,1,1,1,148,7752,7700
0,0,0,0,-1,-1,-1
154595,1,0,1,35,3883,3874
0,0,0,0,-1,-1,-1
0,0,0,0,-1,-1,-1
152848,2,0,0,-1,-1,-1
0,0,0,0,-1,-1,-1
0,0,0,0,-1,-1,-1
0,0,0,0,-1,-1,-1
0,0,0,0,-1,-1,-1
0,0,0,0,-1,-1,-1
153288,2,0,0,-1,-1,-1
154869,2,0,0,-1,-1,-1
154257,1,1,-1,254,6919,6788
153768,2,0,0,-1,-1,-1
153635,2,0,0,-1,-1,-1
153767,2,0,0,-1,-1,-1
155028,2,0,0,-1,-1,-1
155225,1,1,-1,288,10180,10043
153017,1,1,0,34,265,254
154576,1,1,1,291,1903,1755
155134,2,0,0,-1,-1,-1
0,0,0,0,-1,-1,-1
154909,2,0,0,-1,-1,-1
154308,2,0,0,-1,-1,-1
155058,2,0,0,-1,-1,-1
155025,2,0,0,-1,-1,-1
154774,1,1,0,22,11011,10998
153437,2,0,0,-1,-1,-1
154306,2,0,0,-1,-1,-1
154778,1,0,1,39,6505,6488
153554,1,1,0,55,1630,1591
153964,2,0,0,-1,-1,-1
153331,1,0,1,157,5042,4962
0,0,0,0,-1,-1,-1
153344,2,0,0,-1,-1,-1
155053,1,0,1,50,5513,5492
154051,1,1,0,22,5296,5284
155199,1,1,1,241,6907,6790
153702,1,0,1,0,3253,3253
154927,1,1,0,12,1728,1715
155281,1,0,1,133,14358,14287
0,0,0,0,-1,-1,-1
154756,2,0,0,-1,-1,-1
0,0,0,0,-1,-1,-1
0,0,0,0,-1,-1,-1
0,0,0,0,-1,-1,-1
155341,1,0,1,125,4230,4168
153967,2,0,0,-1,-1,-1
0,0,0,0,-1,-1,-1
0,0,0,0,-1,-1,-1
0,0,0,0,-1,-1,-1
0,0,0,0,-1,-1,-1
154517,1,1,0,109,7554,7509
154545,1,0,1,0,14766,14766
0,0,0,0,-1,-1,-1
154840,2,0,0,-1,-1,-1
154028,1,0,1,75,1011,974
154782,1,0,1,0,1841,1841
154985,1,0,1,54,1993,1953
154345,2,0,0,-1,-1,-1
0,0,0,0,-1,-1,-1
0,0,0,0,-1,-1,-1
154058,2,0,0,-1,-1,-1
154837,2,0,0,-1,-1,-1
0,0,0,0,-1,-1,-1
154283,2,0,0,-1,-1,-1
0,0,0,0,-1,-1,-1
155312,1,1,0,0,5520,5520
0,0,0,0,-1,-1,-1
154965,1,0,1,50,3464,3437
155144,1,1,1,92,5669,5619
152578,1,1,0,217,2184,2093
153456,1,0,1,105,1320,1270
154769,2,0,0,-1,-1,-1
154652,1,0,1,157,7656,7575
154163,2,0,0,-1,-1,-1
0,0,0,0,-1,-1,-1
154625,1,1,-1,147,7334,7275
154894,2,0,0,-1,-1,-1
154964,2,0,0,-1,-1,-1
154500,2,0,0,-1,-1,-1
155002,1,0,1,356,4601,4443
0,0,0,0,-1,-1,-1
155234,2,0,0,-1,-1,-1
154711,2,0,0,-1,-1,-1
0,0,0,0,-1,-1,-1
0,0,0,0,-1,-1,-1
154581,2,0,0,-1,-1,-1
0,0,0,0,-1,-1,-1
0,0,0,0,-1,-1,-1
154864,2,0,0,-1,-1,-1
154291,1,1,0,106,6136,6087
153376,1,1,0,183,7985,7897
0,0,0,0,-1,-1,-1
155133,1,1,1,92,1622,1596
0,0,0,0,-1,-1,-1
0,0,0,0,-1,-1,-1
0,0,0,0,-1,-1,-1
152706,1,0,1,77,4494,4447
154858,1,1,0,45,7054,7034
153986,2,0,0,-1,-1,-1
155247,1,1,0,37,6442,6425
153649,1,1,0,190,10603,10530
155256,2,0,0,-1,-1,-1
153041,2,0,0,-1,-1,-1
154043,2,0,0,-1,-1,-1
154956,1,1,0,254,2733,2617
153644,2,0,0,-1,-1,-1
0,0,0,0,-1,-1,-1
0,0,0,0,-1,-1,-1
154934,2,0,0,-1,-1,-1
0,0,0,0,-1,-1,-1
153300,1,0,1,128,2887,2826
155063,1,0,1,40,3931,3919
0,0,0,0,-1,-1,-1
0,0,0,0,-1,-1,-1
154483,1,1,0,130,2920,2869
0,0,0,0,-1,-1,-1
154377,1,1,0,179,11870,11766
0,0,0,0,-1,-1,-1
0,0,0,0,-1,-1,-1
154112,1,1,0,142,3313,3250
154230,2,0,0,-1,-1,-1
154631,1,1,0,42,3210,3186
154634,1,0,1,113,3753,3691
154887,1,1,0,129,5022,4961
0,0,0,0,-1,-1,-1
0,0,0,0,-1,-1,-1
154440,2,0,0,-1,-1,-1
155178,2,0,0,-1,-1,-1
154274,1,1,0,64,2948,2928
153216,2,0,0,-1,-1,-1
154604,2,0,0,-1,-1,-1
154794,1,1,0,107,12668,12630
0,0,0,0,-1,-1,-1
155247,1,0,1,42,1721,1695
154850,2,0,0,-1,-1,-1
154323,2,0,0,-1,-1,-1
154633,1,1,0,170,1867,1757
0,0,0,0,-1,-1,-1
154262,2,0,0,-1,-1,-1
153354,2,0,0,-1,-1,-1
153401,1,1,0,95,787,732
154099,2,0,0,-1,-1,-1
154001,2,0,0,-1,-1,-1
155101,1,1,0,37,19029,19002
154847,1,1,0,140,2403,2345
0,0,0,0,-1,-1,-1
153293,1,0,1,171,5032,4942
155205,1,1,-1,99,6361,6321
155331,1,1,0,0,6405,6405
154591,2,0,0,-1,-1,-1
0,0,0,0,-1,-1,-1
0,0,0,0,-1,-1,-1
153846,2,0,0,-1,-1,-1
0,0,0,0,-1,-1,-1
153620,2,0,0,-1,-1,-1
0,0,0,0,-1,-1,-1
155198,2,0,0,-1,-1,-1
155171,1,1,0,174,1836,1780
0,0,0,0,-1,-1,-1
154132,1,0,1,45,2983,2956
0,0,0,0,-1,-1,-1
155375,1,1,1,127,8552,8462
153591,1,0,1,56,2868,2831
154611,2,0,0,-1,-1,-1
155175,1,1,1,54,2578,2560
0,0,0,0,-1,-1,-1
153854,2,0,0,-1,-1,-1
154052,2,0,0,-1,-1,-1
154955,1,1,-1,197,4000,3886
0,0,0,0,-1,-1,-1
153790,1,0,1,76,3824,3767
0,0,0,0,-1,-1,-1
0,0,0,0,-1,-1,-1
155222,1,1,0,0,2715,2715
154957,1,0,1,55,503,493
154021,1,0,1,126,6691,6633
154707,1,1,0,117,4807,4755
0,0,0,0,-1,-1,-1
154576,2,0,0,-1,-1,-1
154107,2,0,0,-1,-1,-1
0,0,0,0,-1,-1,-1
154272,2,0,0,-1,-1,-1
0,0,0,0,-1,-1,-1
155251,1,0,1,197,1870,1782
154621,1,1,0,109,1645,1593
155359,2,0,0,-1,-1,-1
155368,1,0,1,84,9443,9424
154554,1,1,1,237,3813,3692
0,0,0,0,-1,-1,-1
155154,2,0,0,-1,-1,-1
153104,2,0,0,-1,-1,-1
155062,2,0,0,-1,-1,-1
0,0,0,0,-1,-1,-1
154311,1,1,0,12,16881,16879
154824,1,0,1,53,2545,2513
155384,1,0,1,46,3880,3852
0,0,0,0,-1,-1,-1
0,0,0,0,-1,-1,-1
154134,1,1,0,0,4941,4941
0,0,0,0,-1,-1,-1
0,0,0,0,-1,-1,-1
155334,1,1,0,37,5098,5080
154397,1,1,0,133,3780,3721
0,0,0,0,-1,-1,-1
0,0,0,0,-1,-1,-1
0,0,0,0,-1,-1,-1
0,0,0,0,-1,-1,-1
154249,2,0,0,-1,-1,-1
154756,1,1,0,236,1961,1830
154209,1,0,1,143,1122,1079
154797,2,0,0,-1,-1,-1
153782,1,0,1,171,2305,2223
154595,2,0,0,-1,-1,-1
0,0,0,0,-1,-1,-1
0,0,0,0,-1,-1,-1
154913,2,0,0,-1,-1,-1
154902,2,0,0,-1,-1,-1
154597,1,1,0,150,4697,4614
155130,1,1,0,102,4159,4081
154492,2,0,0,-1,-1,-1
154156,2,0,0,-1,-1,-1
154943,1,1,0,57,5854,5833
154903,2,0,0,-1,-1,-1
154983,1,1,0,65,3625,3579
153438,2,0,0,-1,-1,-1
0,0,0,0,-1,-1,-1
0,0,0,0,-1,-1,-1
154616,1,0,1,189,3232,3156
0,0,0,0,-1,-1,-1
154634,2,0,0,-1,-1,-1
154063,2,0,0,-1,-1,-1
155188,1,0,1,53,892,858
154056,2,0,0,-1,-1,-1
154830,2,0,0,-1,-1,-1
153644,2,0,0,-1,-1,-1
0,0,0,0,-1,-1,-1
0,0,0,0,-1,-1,-1
153596,1,0,1,18,3458,3452
155181,1,1,0,174,2324,2253
154499,1,1,-1,112,16763,16705
153979,1,0,1,33,3266,3258
153605,1,0,1,98,1368,1311
153894,2,0,0,-1,-1,-1
154696,2,0,0,-1,-1,-1
0,0,0,0,-1,-1,-1
0,0,0,0,-1,-1,-1
154713,1,0,1,46,4291,4251
153451,2,0,0,-1,-1,-1
154239,2,0,0,-1,-1,-1
154973,1,0,1,30,2087,2080
152787,2,0,0,-1,-1,-1
154739,2,0,0,-1,-1,-1
155295,1,0,1,0,7168,7168
154294,2,0,0,-1,-1,-1
0,0,0,0,-1,-1,-1
155218,1,1,0,103,5196,5161
153758,2,0,0,-1,-1,-1
155256,1,0,1,109,3258,3192
0,0,0,0,-1,-1,-1
153928,1,0,1,136,4755,4685
154054,2,0,0,-1,-1,-1
154915,2,0,0,-1,-1,-1
154463,1,1,0,88,9032,8992
154703,1,0,1,120,1815,1767
0,0,0,0,-1,-1,-1
0,0,0,0,-1,-1,-1
0,0,0,0,-1,-1,-1
154427,2,0,0,-1,-1,-1
0,0,0,0,-1,-1,-1
155199,2,0,0,-1,-1,-1
154071,1,1,-1,52,5620,5591
0,0,0,0,-1,-1,-1
0,0,0,0,-1,-1,-1
155106,2,0,0,-1,-1,-1
0,0,0,0,-1,-1,-1
0,0,0,0,-1,-1,-1
0,0,0,0,-1,-1,-1
154960,1,1,0,26,5267,5263
154578,1,1,0,173,3792,3711
154916,1,1,-1,260,5939,5837
0,0,0,0,-1,-1,-1
0,0,0,0,-1,-1,-1
154979,2,0,0,-1,-1,-1
155006,2,0,0,-1,-1,-1
154839,1,1,0,135,8392,8317
155263,1,1,0,300,5388,5215
154458,1,1,0,171,3573,3512
0,0,0,0,-1,-1,-1
151137,2,0,0,-1,-1,-1
154147,1,0,1,94,5742,5708
0,0,0,0,-1,-1,-1
154841,1,1,0,272,2220,2098
154434,1,1,-1,113,7399,7327
154677,1,1,1,64,3332,3288
154773,1,0,1,91,7346,7313
153548,2,0,0,-1,-1,-1
154107,2,0,0,-1,-1,-1
153721,2,0,0,-1,-1,-1
0,0,0,0,-1,-1,-1
154362,1,0,1,95,2843,2797
0,0,0,0,-1,-1,-1
155246,1,1,0,71,3492,3433
0,0,0,0,-1,-1,-1
153086,1,1,0,15,2039,2032
0,0,0,0,-1,-1,-1
154874,1,0,1,83,3524,3485
154269,2,0,0,-1,-1,-1
0,0,0,0,-1,-1,-1
154701,1,1,0,63,2516,2475
154942,2,0,0,-1,-1,-1
154976,1,1,0,261,2652,2560
154161,2,0,0,-1,-1,-1
153620,2,0,0,-1,-1,-1
0,0,0,0,-1,-1,-1
0,0,0,0,-1,-1,-1
154737,1,1,0,43,6439,6419
0,0,0,0,-1,-1,-1
0,0,0,0,-1,-1,-1
154545,2,0,0,-1,-1,-1
0,0,0,0,-1,-1,-1
153026,1,1,0,243,2758,2690
0,0,0,0,-1,-1,-1
154718,1,0,1,95,2689,2641
155157,1,1,0,86,707,658
154250,1,1,0,46,3028,2999
0,0,0,0,-1,-1,-1
154390,1,1,0,65,5766,5747
155257,1,0,1,162,1552,1482
154490,2,0,0,-1,-1,-1
155381,1,1,0,21,6979,6972
155267,2,0,0,-1,-1,-1
0,0,0,0,-1,-1,-1
0,0,0,0,-1,-1,-1
154569,2,0,0,-1,-1,-1
155324,1,0,1,69,7351,7306
0,0,0,0,-1,-1,-1
0,0,0,0,-1,-1,-1
154274,1,1,0,13,16829,16822
0,0,0,0,-1,-1,-1
0,0,0,0,-1,-1,-1
0,0,0,0,-1,-1,-1
152163,2,0,0,-1,-1,-1
0,0,0,0,-1,-1,-1
154038,1,0,1,30,9719,9712
154345,1,0,1,62,4305,4266
0,0,0,0,-1,-1,-1
0,0,0,0,-1,-1,-1
155165,1,1,0,164,3886,3804
154958,2,0,0,-1,-1,-1
0,0,0,0,-1,-1,-1
154251,2,0,0,-1,-1,-1
154405,1,0,1,174,3025,2926
154166,2,0,0,-1,-1,-1
0,0,0,0,-1,-1,-1
155077,2,0,0,-1,-1,-1
153767,2,0,0,-1,-1,-1
0,0,0,0,-1,-1,-1
0,0,0,0,-1,-1,-1
154962,1,0,1,134,6441,6347
154285,1,1,0,98,1429,1377
0,0,0,0,-1,-1,-1
153526,1,1,1,204,4165,4037
154126,2,0,0,-1,-1,-1
154645,1,0,1,94,3428,3379
155062,2,0,0,-1,-1,-1
153297,1,0,1,0,6438,6438
0,0,0,0,-1,-1,-1
155226,1,1,0,23,2459,2455
153501,2,0,0,-1,-1,-1
154690,1,0,1,176,4497,4414
154100,1,0,1,83,3028,2975
155308,1,1,0,113,5735,5673
153659,2,0,0,-1,-1,-1
154877,1,1,0,0,20608,20608
153927,1,1,-1,208,3032,2943
154383,2,0,0,-1,-1,-1
153030,2,0,0,-1,-1,-1
154797,1,1,0,8,8985,8983
154436,1,0,1,111,2360,2298
0,0,0,0,-1,-1,-1
155330,1,0,1,16,4343,4334
153612,1,1,0,69,2376,2348
154633,1,0,1,101,3988,3942
152468,2,0,0,-1,-1,-1
0,0,0,0,-1,-1,-1
153685,2,0,0,-1,-1,-1
0,0,0,0,-1,-1,-1
153626,1,0,1,77,5205,5170
154703,1,0,1,124,4487,4412
153947,1,0,1,54,1829,1816
154605,1,1,0,30,2492,2468
0,0,0,0,-1,-1,-1
153401,1,0,1,100,6697,6667
154625,2,0,0,-1,-1,-1
155381,1,0,1,103,3188,3132
154575,2,0,0,-1,-1,-1
153233,2,0,0,-1,-1,-1
155016,1,1,-1,193,6132,6054
155068,1,1,0,98,7074,7027
154391,1,0,1,0,3245,3245
153277,1,1,0,179,3824,3756
154983,2,0,0,-1,-1,-1
154816,2,0,0,-1,-1,-1
154623,1,1,0,0,6596,6596
155099,2,0,0,-1,-1,-1
0,0,0,0,-1,-1,-1
0,0,0,0,-1,-1,-1
153369,1,0,1,113,2647,2588
154417,1,0,1,93,3694,3645
0,0,0,0,-1,-1,-1
154232,1,0,1,0,9680,9680
153389,1,0,1,25,10053,10044
154237,1,0,1,75,3125,3078
154851,1,1,0,253,1826,1716
155149,1,1,0,131,4566,4500
0,0,0,0,-1,-1,-1
155079,1,1,0,236,3038,2953
153974,1,0,1,173,6019,5940
155331,1,0,1,12,222,221
154317,2,0,0,-1,-1,-1
154663,1,1,1,114,2809,2765
154980,1,0,1,37,5952,5922
0,0,0,0,-1,-1,-1
0,0,0,0,-1,-1,-1
154206,2,0,0,-1,-1,-1
154246,1,1,0,184,3818,3717
153634,2,0,0,-1,-1,-1
154480,1,0,1,65,2207,2177
152000,2,0,0,-1,-1,-1
154299,2,0,0,-1,-1,-1
154011,1,1,0,83,2770,2732
155248,1,1,-1,134,2907,2864
0,0,0,0,-1,-1,-1
152815,2,0,0,-1,-1,-1
153984,1,0,1,54,4167,4147
154554,2,0,0,-1,-1,-1
153850,1,1,0,123,3789,3733
155090,1,0,1,96,6431,6374
0,0,0,0,-1,-1,-1
154464,2,0,0,-1,-1,-1
0,0,0,0,-1,-1,-1
153994,2,0,0,-1,-1,-1
0,0,0,0,-1,-1,-1
154907,1,0,1,185,4531,4453
0,0,0,0,-1,-1,-1
154434,1,0,1,59,7280,7258
0,0,0,0,-1,-1,-1
155083,2,0,0,-1,-1,-1
154876,1,0,1,14,8098,8095
155232,1,1,0,79,3392,3349
153641,2,0,0,-1,-1,-1
154824,2,0,0,-1,-1,-1
154640,2,0,0,-1,-1,-1
154657,1,0,1,105,1399,1331
154211,1,0,1,225,3685,3588
153879,2,0,0,-1,-1,-1
155286,2,0,0,-1,-1,-1
154713,2,0,0,-1,-1,-1
153809,2,0,0,-1,-1,-1
155243,1,0,1,51,3042,3021
154803,2,0,0,-1,-1,-1
153858,2,0,0,-1,-1,-1
155038,1,0,1,103,3314,3273
154161,2,0,0,-1,-1,-1
155364,1,0,1,208,2204,2105
0,0,0,0,-1,-1,-1
154833,2,0,0,-1,-1,-1
0,0,0,0,-1,-1,-1
153434,2,0,0,-1,-1,-1
153894,1,1,1,110,5403,5367
155151,1,0,1,232,2405,2305
152924,2,0,0,-1,-1,-1
155232,1,1,0,21,7748,7734
154128,2,0,0,-1,-1,-1
0,0,0,0,-1,-1,-1
153977,2,0,0,-1,-1,-1
153847,2,0,0,-1,-1,-1
0,0,0,0,-1,-1,-1
155294,1,1,1,166,5421,5361
152706,2,0,0,-1,-1,-1
153243,2,0,0,-1,-1,-1
155186,1,1,-1,131,6193,6143
155314,1,1,0,106,5763,5706
155357,1,1,0,71,13192,13161
0,0,0,0,-1,-1,-1
154040,2,0,0,-1,-1,-1
155059,1,1,-1,291,5041,4885
154091,2,0,0,-1,-1,-1
154319,1,1,0,120,10056,10001
153196,2,0,0,-1,-1,-1
154373,2,0,0,-1,-1,-1
153247,2,0,0,-1,-1,-1
153544,2,0,0,-1,-1,-1
0,0,0,0,-1,-1,-1
154137,2,0,0,-1,-1,-1
153695,1,0,1,134,6917,6848
153874,2,0,0,-1,-1,-1
154856,2,0,0,-1,-1,-1
153950,2,0,0,-1,-1,-1
0,0,0,0,-1,-1,-1
154049,1,0,1,75,4803,4743
154926,2,0,0,-1,-1,-1
153933,2,0,0,-1,-1,-1
155173,1,0,1,75,4935,4899
154292,1,0,1,57,5023,5002
154066,1,0,1,121,3310,3259
155358,1,0,1,118,3674,3612
0,0,0,0,-1,-1,-1
154395,2,0,0,-1,-1,-1
155193,1,0,1,163,4569,4474
154911,2,0,0,-1,-1,-1
155036,2,0,0,-1,-1,-1
152653,2,0,0,-1,-1,-1
154170,1,0,1,140,2652,2607
0,0,0,0,-1,-1,-1
154525,1,0,1,93,2584,2542
155178,1,1,0,163,2904,2840
153888,1,1,0,102,2334,2286
0,0,0,0,-1,-1,-1
0,0,0,0,-1,-1,-1
154051,2,0,0,-1,-1,-1
154684,1,0,1,74,7455,7415
154505,1,0,1,28,11396,11382
0,0,0,0,-1,-1,-1
154427,1,1,0,27,5262,5235
0,0,0,0,-1,-1,-1
155159,2,0,0,-1,-1,-1
152977,2,0,0,-1,-1,-1
154170,2,0,0,-1,-1,-1
0,0,0,0,-1,-1,-1
0,0,0,0,-1,-1,-1
153591,2,0,0,-1,-1,-1
153262,2,0,0,-1,-1,-1
0,0,0,0,-1,-1,-1
155080,1,1,0,69,3267,3235
154706,2,0,0,-1,-1,-1
154345,1,0,1,198,3590,3510
0,0,0,0,-1,-1,-1
154576,2,0,0,-1,-1,-1
0,0,0,0,-1,-1,-1
0,0,0,0,-1,-1,-1
153086,2,0,0,-1,-1,-1
154558,2,0,0,-1,-1,-1
0,0,0,0,-1,-1,-1
154679,2,0,0,-1,-1,-1
153446,2,0,0,-1,-1,-1
154932,1,1,0,30,5231,5214
154950,2,0,0,-1,-1,-1
155252,2,0,0,-1,-1,-1
154296,2,0,0,-1,-1,-1
0,0,0,0,-1,-1,-1
154550,2,0,0,-1,-1,-1
153139,1,1,0,10,1754,1745
0,0,0,0,-1,-1,-1
153017,2,0,0,-1,-1,-1
154418,2,0,0,-1,-1,-1
155078,1,0,1,28,8495,8482
0,0,0,0,-1,-1,-1
155198,2,0,0,-1,-1,-1
154686,1,0,1,76,4331,4300
0,0,0,0,-1,-1,-1
153997,2,0,0,-1,-1,-1
154246,1,1,0,178,2033,1964
153935,1,1,0,173,3475,3398
153785,2,0,0,-1,-1,-1
154746,2,0,0,-1,-1,-1
154302,2,0,0,-1,-1,-1
154202,1,0,1,145,5571,5513
0,0,0,0,-1,-1,-1
153107,2,0,0,-1,-1,-1
153907,2,0,0,-1,-1,-1
0,0,0,0,-1,-1,-1
0,0,0,0,-1,-1,-1
154534,2,0,0,-1,-1,-1
0,0,0,0,-1,-1,-1
154164,2,0,0,-1,-1,-1
153735,2,0,0,-1,-1,-1
153504,1,0,1,102,2590,2554
0,0,0,0,-1,-1,-1
154218,1,1,0,164,7378,7298
155179,1,0,1,62,3883,3859
154187,2,0,0,-1,-1,-1
154840,2,0,0,-1,-1,-1
154576,1,1,0,35,3479,3472
155199,1,1,0,0,9223,9223
154652,1,1,-1,304,10057,9921
153073,1,0,1,26,3317,3302
0,0,0,0,-1,-1,-1
155172,1,1,0,169,3213,3125
153883,2,0,0,-1,-1,-1
155200,2,0,0,-1,-1,-1
154220,1,1,0,176,2778,2693
154701,2,0,0,-1,-1,-1
154447,2,0,0,-1,-1,-1
0,0,0,0,-1,-1,-1
155150,2,0,0,-1,-1,-1
0,0,0,0,-1,-1,-1
154204,1,1,0,52,8451,8429
154453,2,0,0,-1,-1,-1
154418,1,0,1,69,4862,4822
153680,1,1,0,43,13790,13772
0,0,0,0,-1,-1,-1
0,0,0,0,-1,-1,-1
154946,1,1,1,206,3447,3352
153291,2,0,0,-1,-1,-1
154970,1,1,0,83,13426,13395
154533,2,0,0,-1,-1,-1
152627,1,0,1,131,1759,1692
154424,2,0,0,-1,-1,-1
153724,2,0,0,-1,-1,-1
153178,2,0,0,-1,-1,-1
154218,2,0,0,-1,-1,-1
154142,1,1,0,80,3188,3165
153598,2,0,0,-1,-1,-1
154570,1,0,1,42,11652,11647
0,0,0,0,-1,-1,-1
0,0,0,0,-1,-1,-1
154306,2,0,0,-1,-1,-1
155108,1,1,-1,220,7992,7863
0,0,0,0,-1,-1,-1
0,0,0,0,-1,-1,-1
155144,1,0,1,29,6191,6159
155198,1,1,0,39,2960,2939
0,0,0,0,-1,-1,-1
152817,2,0,0,-1,-1,-1
154577,1,1,0,80,4888,4852
153579,1,1,0,83,1592,1559
154906,1,0,1,167,11173,11094
0,0,0,0,-1,-1,-1
153524,1,1,0,128,1320,1278
0,0,0,0,-1,-1,-1
0,0,0,0,-1,-1,-1
154910,1,1,0,185,9821,9735
0,0,0,0,-1,-1,-1
153858,1,1,-1,200,2999,2909
154210,2,0,0,-1,-1,-1
0,0,0,0,-1,-1,-1
155024,1,1,-1,224,9061,8964
0,0,0,0,-1,-1,-1
0,0,0,0,-1,-1,-1
154976,1,0,1,139,3340,3288
0,0,0,0,-1,-1,-1
154455,2,0,0,-1,-1,-1
154476,2,0,0,-1,-1,-1
0,0,0,0,-1,-1,-1
154093,1,0,1,78,3398,3363
0,0,0,0,-1,-1,-1
0,0,0,0,-1,-1,-1
0,0,0,0,-1,-1,-1
0,0,0,0,-1,-1,-1
154577,1,1,0,236,6832,6712
155287,1,0,1,44,2008,1990
0,0,0,0,-1,-1,-1
153549,2,0,0,-1,-1,-1
153472,2,0,0,-1,-1,-1
154452,1,0,1,134,6644,6576
154646,2,0,0,-1,-1,-1
154181,2,0,0,-1,-1,-1
0,0,0,0,-1,-1,-1
154883,2,0,0,-1,-1,-1
152920,2,0,0,-1,-1,-1
153246,2,0,0,-1,-1,-1
0,0,0,0,-1,-1,-1
155080,1,0,1,103,4550,4492
0,0,0,0,-1,-1,-1
153332,1,0,1,151,4188,4094
154630,1,1,0,0,1655,1655
153320,2,0,0,-1,-1,-1
154652,2,0,0,-1,-1,-1
154510,1,1,1,160,6278,6178
153337,1,0,1,103,1480,1420
0,0,0,0,-1,-1,-1
154478,2,0,0,-1,-1,-1
154160,1,0,1,141,3744,3692
153939,2,0,0,-1,-1,-1
153741,2,0,0,-1,-1,-1
153886,1,1,1,93,16030,15979
0,0,0,0,-1,-1,-1
0,0,0,0,-1,-1,-1
154735,1,1,1,258,5075,4943
0,0,0,0,-1,-1,-1
153470,2,0,0,-1,-1,-1
154949,1,1,0,85,16051,16025
154861,1,1,0,73,5871,5827
0,0,0,0,-1,-1,-1
155117,1,1,0,194,2847,2755
0,0,0,0,-1,-1,-1
154473,2,0,0,-1,-1,-1
153504,2,0,0,-1,-1,-1
153176,2,0,0,-1,-1,-1
154031,2,0,0,-1,-1,-1
155328,1,1,0,86,2272,2221
154934,2,0,0,-1,-1,-1
0,0,0,0,-1,-1,-1
153498,2,0,0,-1,-1,-1
0,0,0,0,-1,-1,-1
153264,2,0,0,-1,-1,-1
0,0,0,0,-1,-1,-1
155105,1,0,1,101,5418,5385
0,0,0,0,-1,-1,-1
0,0,0,0,-1,-1,-1
155279,1,0,1,0,16599,16599
153834,2,0,0,-1,-1,-1
154647,1,0,1,29,4731,4705
154380,2,0,0,-1,-1,-1
0,0,0,0,-1,-1,-1
153870,2,0,0,-1,-1,-1
153991,2,0,0,-1,-1,-1
153204,2,0,0,-1,-1,-1
153334,1,0,1,150,1969,1870
154245,1,1,0,216,1978,1877
153151,1,0,1,25,6631,6611
0,0,0,0,-1,-1,-1
153903,2,0,0,-1,-1,-1
0,0,0,0,-1,-1,-1
154034,1,1,0,112,3581,3522
154993,2,0,0,-1,-1,-1
0,0,0,0,-1,-1,-1
155321,1,1,0,0,12615,12615
0,0,0,0,-1,-1,-1
0,0,0,0,-1,-1,-1
154297,1,1,0,133,3659,3586
154680,2,0,0,-1,-1,-1
153259,2,0,0,-1,-1,-1
155051,1,1,0,89,9216,9187
0,0,0,0,-1,-1,-1
155017,1,0,1,216,2586,2491
153981,2,0,0,-1,-1,-1
152924,1,1,0,80,4466,4424
153778,1,0,1,44,3637,3599
153665,2,0,0,-1,-1,-1
154600,2,0,0,-1,-1,-1
155203,1,0,1,162,1845,1773
154693,2,0,0,-1,-1,-1
0,0,0,0,-1,-1,-1
0,0,0,0,-1,-1,-1
153960,1,1,0,131,2030,1959
154611,1,0,1,58,5486,5469
153378,2,0,0,-1,-1,-1
0,0,0,0,-1,-1,-1
153877,2,0,0,-1,-1,-1
155299,1,0,1,47,18969,18958
152217,2,0,0,-1,-1,-1
0,0,0,0,-1,-1,-1
154374,1,1,0,61,1429,1385
153880,1,1,1,115,14671,14631
155096,1,0,1,97,3211,3184
153933,1,1,-1,49,4915,4880
0,0,0,0,-1,-1,-1
155295,1,1,1,75,3155,3114
0,0,0,0,-1,-1,-1
0,0,0,0,-1,-1,-1
153760,1,1,0,132,9228,9173
152914,1,1,0,64,3166,3137
0,0,0,0,-1,-1,-1
0,0,0,0,-1,-1,-1
154107,2,0,0,-1,-1,-1
154818,1,1,0,7,3305,3305
154199,2,0,0,-1,-1,-1
153913,1,1,1,114,3593,3558
153793,2,0,0,-1,-1,-1
0,0,0,0,-1,-1,-1
154424,2,0,0,-1,-1,-1
155252,1,1,-1,46,9561,9529
0,0,0,0,-1,-1,-1
154299,1,1,0,139,1894,1826
153239,2,0,0,-1,-1,-1
0,0,0,0,-1,-1,-1
155152,1,1,0,0,4080,4080
155114,1,1,0,53,2869,2831
153676,2,0,0,-1,-1,-1
154908,1,0,1,91,1031,975
152964,2,0,0,-1,-1,-1
153824,2,0,0,-1,-1,-1
155055,2,0,0,-1,-1,-1
155098,1,1,-1,184,4716,4640
153113,1,1,0,40,6754,6736
154291,2,0,0,-1,-1,-1
154104,2,0,0,-1,-1,-1
0,0,0,0,-1,-1,-1
154013,2,0,0,-1,-1,-1
0,0,0,0,-1,-1,-1
154835,2,0,0,-1,-1,-1
155021,2,0,0,-1,-1,-1
0,0,0,0,-1,-1,-1
155059,1,0,1,61,6555,6525
155302,1,0,1,126,1980,1903
153944,2,0,0,-1,-1,-1
0,0,0,0,-1,-1,-1
155002,1,0,1,152,5658,5602
153484,2,0,0,-1,-1,-1
153896,2,0,0,-1,-1,-1
154601,2,0,0,-1,-1,-1
154495,2,0,0,-1,-1,-1
154830,2,0,0,-1,-1,-1
155238,1,0,1,167,9315,9247
154855,1,1,-1,262,3073,2966
0,0,0,0,-1,-1,-1
0,0,0,0,-1,-1,-1
155081,2,0,0,-1,-1,-1
0,0,0,0,-1,-1,-1
154711,1,0,1,61,6047,6018
0,0,0,0,-1,-1,-1
0,0,0,0,-1,-1,-1
0,0,0,0,-1,-1,-1
154888,1,1,0,129,4103,4032
153789,1,1,0,35,1454,1424
155327,1,1,-1,327,6643,6498
0,0,0,0,-1,-1,-1
153928,2,0,0,-1,-1,-1
0,0,0,0,-1,-1,-1
154097,1,0,1,104,3570,3531
154765,1,1,0,276,3716,3594
154999,1,0,1,126,2203,2153
0,0,0,0,-1,-1,-1
0,0,0,0,-1,-1,-1
153293,2,0,0,-1,-1,-1
0,0,0,0,-1,-1,-1
154018,2,0,0,-1,-1,-1
154712,2,0,0,-1,-1,-1
155284,1,1,1,203,2607,2484
154006,1,0,1,183,1728,1644
152944,2,0,0,-1,-1,-1
0,0,0,0,-1,-1,-1
0,0,0,0,-1,-1,-1
154686,2,0,0,-1,-1,-1
154276,1,1,0,15,4561,4550
0,0,0,0,-1,-1,-1
0,0,0,0,-1,-1,-1
0,0,0,0,-1,-1,-1
0,0,0,0,-1,-1,-1
154324,2,0,0,-1,-1,-1
0,0,0,0,-1,-1,-1
155322,2,0,0,-1,-1,-1
155383,1,0,1,128,3661,3604
0,0,0,0,-1,-1,-1
154582,2,0,0,-1,-1,-1
154074,1,1,0,102,5734,5694
155090,1,1,-1,38,7687,7664
155253,1,1,0,62,4870,4844
0,0,0,0,-1,-1,-1
153922,1,0,1,242,2345,2244
0,0,0,0,-1,-1,-1
0,0,0,0,-1,-1,-1
154944,1,0,1,53,8037,8009
155312,1,1,0,53,7971,7958
155285,1,1,0,214,3092,2997
0,0,0,0,-1,-1,-1
154578,2,0,0,-1,-1,-1
0,0,0,0,-1,-1,-1
0,0,0,0,-1,-1,-1
0,0,0,0,-1,-1,-1
0,0,0,0,-1,-1,-1
154155,2,0,0,-1,-1,-1
0,0,0,0,-1,-1,-1
154707,2,0,0,-1,-1,-1
153696,2,0,0,-1,-1,-1
154615,1,0,1,84,6793,6746
154348,2,0,0,-1,-1,-1
154214,2,0,0,-1,-1,-1
0,0,0,0,-1,-1,-1
0,0,0,0,-1,-1,-1
154344,1,1,0,151,11026,10917
153942,2,0,0,-1,-1,-1
154717,2,0,0,-1,-1,-1
154809,1,1,0,24,9638,9634
154014,2,0,0,-1,-1,-1
154357,1,1,0,21,6325,6307
152816,2,0,0,-1,-1,-1
0,0,0,0,-1,-1,-1
154436,1,0,1,61,6901,6869
0,0,0,0,-1,-1,-1
0,0,0,0,-1,-1,-1
154277,1,1,0,187,1702,1619
0,0,0,0,-1,-1,-1
0,0,0,0,-1,-1,-1
154943,1,1,0,142,4690,4615
153776,1,0,1,20,1488,1459
0,0,0,0,-1,-1,-1
155079,1,1,0,18,6960,6951
0,0,0,0,-1,-1,-1
154873,1,1,0,221,2846,2740
154397,2,0,0,-1,-1,-1
153439,1,1,0,156,4236,4151
155046,1,1,0,149,2952,2890
0,0,0,0,-1,-1,-1
155262,1,1,1,212,5106,5006
154663,1,1,0,109,1448,1414
155039,1,1,0,130,9022,8967
153470,2,0,0,-1,-1,-1
154821,2,0,0,-1,-1,-1
0,0,0,0,-1,-1,-1
154660,1,1,0,0,21728,21728
154817,1,0,1,0,3870,3870
155319,1,1,0,131,6091,6023
153564,1,0,1,115,2514,2462
0,0,0,0,-1,-1,-1
154491,1,1,1,164,4030,3939
155051,2,0,0,-1,-1,-1
155040,1,1,0,44,1599,1582
0,0,0,0,-1,-1,-1
0,0,0,0,-1,-1,-1
153929,2,0,0,-1,-1,-1
154059,2,0,0,-1,-1,-1
153461,2,0,0,-1,-1,-1
154182,2,0,0,-1,-1,-1
153577,1,0,1,114,3371,3307
153650,1,1,0,76,2321,2296
0,0,0,0,-1,-1,-1
0,0,0,0,-1,-1,-1
0,0,0,0,-1,-1,-1
154083,2,0,0,-1,-1,-1
0,0,0,0,-1,-1,-1
155253,1,0,1,147,2428,2347
0,0,0,0,-1,-1,-1
154965,1,0,1,60,3641,3604
153745,2,0,0,-1,-1,-1
0,0,0,0,-1,-1,-1
154925,1,1,0,143,3932,3877
155353,1,0,1,33,19573,19555
0,0,0,0,-1,-1,-1
0,0,0,0,-1,-1,-1
0,0,0,0,-1,-1,-1
155335,1,0,1,38,8268,8239
154954,2,0,0,-1,-1,-1
154618,1,1,0,71,4999,4961
154399,2,0,0,-1,-1,-1
154647,1,0,1,35,4036,4019
155055,1,0,1,214,1571,1483
155144,1,0,1,186,4478,4399
154118,2,0,0,-1,-1,-1
0,0,0,0,-1,-1,-1
0,0,0,0,-1,-1,-1
154244,1,1,1,102,1606,1557
153916,1,1,0,89,3860,3820
155027,2,0,0,-1,-1,-1
0,0,0,0,-1,-1,-1
154114,1,0,1,109,7678,7634
0,0,0,0,-1,-1,-1
0,0,0,0,-1,-1,-1
154854,1,1,0,0,10222,10222
154486,1,0,1,81,3305,3258
0,0,0,0,-1,-1,-1
153608,2,0,0,-1,-1,-1
155164,1,0,1,226,6040,5955
153996,2,0,0,-1,-1,-1
154175,2,0,0,-1,-1,-1
154236,1,0,1,4,3343,3342
154108,1,1,0,170,4961,4896
154489,1,0,1,116,1622,1596
153670,2,0,0,-1,-1,-1
155233,1,0,1,0,27040,27040
155046,1,0,1,178,4142,4064
0,0,0,0,-1,-1,-1
154721,1,0,1,89,2212,2180
155145,1,0,1,74,7649,7601
0,0,0,0,-1,-1,-1
153445,2,0,0,-1,-1,-1
154887,2,0,0,-1,-1,-1
155204,1,1,0,48,3210,3177
0,0,0,0,-1,-1,-1
0,0,0,0,-1,-1,-1
155195,1,1,0,37,9646,9617
153664,1,0,1,91,2619,2570
154638,1,1,0,64,9098,9072
153881,2,0,0,-1,-1,-1
153048,1,1,0,7,7337,7332
155160,2,0,0,-1,-1,-1
154400,2,0,0,-1,-1,-1
154167,1,0,1,69,9007,8992
154443,1,1,0,67,15577,15537
154426,2,0,0,-1,-1,-1
0,0,0,0,-1,-1,-1
154748,1,1,0,61,3005,2969
0,0,0,0,-1,-1,-1
0,0,0,0,-1,-1,-1
154249,2,0,0,-1,-1,-1
154190,2,0,0,-1,-1,-1
154480,1,0,1,57,3998,3976
155200,1,1,1,422,4117,3911
0,0,0,0,-1,-1,-1
0,0,0,0,-1,-1,-1
154852,2,0,0,-1,-1,-1
153996,1,1,0,37,5006,4986
154132,2,0,0,-1,-1,-1
153553,2,0,0,-1,-1,-1
155255,1,0,1,229,1280,1162
0,0,0,0,-1,-1,-1
0,0,0,0,-1,-1,-1
0,0,0,0,-1,-1,-1
155346,1,1,0,76,1601,1564
154786,2,0,0,-1,-1,-1
154487,1,1,0,75,4248,4222
155051,1,0,1,83,4579,4551
154596,1,1,1,135,3621,3537
0,0,0,0,-1,-1,-1
0,0,0,0,-1,-1,-1
154886,1,0,1,105,15262,15203
0,0,0,0,-1,-1,-1
154362,1,0,1,0,13678,13678
0,0,0,0,-1,-1,-1
154343,1,1,0,74,2404,2354
153055,2,0,0,-1,-1,-1
0,0,0,0,-1,-1,-1
154317,2,0,0,-1,-1,-1
155038,2,0,0,-1,-1,-1
153058,1,0,1,90,4510,4474
154348,1,1,0,292,4772,4627
154571,2,0,0,-1,-1,-1
0,0,0,0,-1,-1,-1
155372,1,0,1,131,6234,6173
154393,2,0,0,-1,-1,-1
154439,1,1,0,64,2472,2445
154621,1,0,1,131,4555,4497
155119,1,0,1,129,2848,2792
154526,1,0,1,106,5046,4989
155135,1,1,0,88,2784,2743
155363,1,1,0,21,5354,5342
153168,2,0,0,-1,-1,-1
154409,1,1,0,67,11919,11884
154514,1,0,1,71,5330,5299
0,0,0,0,-1,-1,-1
0,0,0,0,-1,-1,-1
153897,1,0,1,80,6933,6896
154204,2,0,0,-1,-1,-1
154043,2,0,0,-1,-1,-1
154237,1,0,1,91,4994,4961
154541,2,0,0,-1,-1,-1
154746,2,0,0,-1,-1,-1
0,0,0,0,-1,-1,-1
155298,1,0,1,185,2861,2785
0,0,0,0,-1,-1,-1
154335,1,1,1,239,5572,5445
0,0,0,0,-1,-1,-1
0,0,0,0,-1,-1,-1
155028,1,0,1,99,1825,1764
0,0,0,0,-1,-1,-1
153747,2,0,0,-1,-1,-1
0,0,0,0,-1,-1,-1
0,0,0,0,-1,-1,-1
154246,2,0,0,-1,-1,-1
155124,2,0,0,-1,-1,-1
154933,1,1,0,32,10341,10328
0,0,0,0,-1,-1,-1
153130,2,0,0,-1,-1,-1
154747,1,1,0,0,408,408
155134,2,0,0,-1,-1,-1
153165,2,0,0,-1,-1,-1
0,0,0,0,-1,-1,-1
155233,1,1,1,135,4558,4495
0,0,0,0,-1,-1,-1
153905,1,0,1,85,16710,16675
0,0,0,0,-1,-1,-1
154813,2,0,0,-1,-1,-1
0,0,0,0,-1,-1,-1
153632,2,0,0,-1,-1,-1
154236,2,0,0,-1,-1,-1
0,0,0,0,-1,-1,-1
151853,2,0,0,-1,-1,-1
154485,1,1,-1,293,2859,2700
154676,2,0,0,-1,-1,-1
0,0,0,0,-1,-1,-1
154603,2,0,0,-1,-1,-1
0,0,0,0,-1,-1,-1
152809,2,0,0,-1,-1,-1
153445,2,0,0,-1,-1,-1
0,0,0,0,-1,-1,-1
0,0,0,0,-1,-1,-1
153530,2,0,0,-1,-1,-1
155060,1,0,1,46,3499,3487
0,0,0,0,-1,-1,-1
153538,2,0,0,-1,-1,-1
154921,1,1,0,55,5187,5173
154241,2,0,0,-1,-1,-1
155072,1,1,0,34,13606,13589
154424,2,0,0,-1,-1,-1
154989,1,0,1,199,1296,1220
153980,2,0,0,-1,-1,-1
155087,1,0,1,73,1149,1104
154467,1,0,1,49,10043,10028
0,0,0,0,-1,-1,-1
153751,1,0,1,180,2314,2212
0,0,0,0,-1,-1,-1
154190,2,0,0,-1,-1,-1
153891,1,0,1,58,16289,16267
154389,1,1,0,27,2564,2552
153926,2,0,0,-1,-1,-1
154939,1,0,1,232,8576,8454
153756,2,0,0,-1,-1,-1
0,0,0,0,-1,-1,-1
0,0,0,0,-1,-1,-1
154672,2,0,0,-1,-1,-1
154427,2,0,0,-1,-1,-1
152848,2,0,0,-1,-1,-1
154114,1,0,1,103,11002,10969
154792,1,0,1,10,1373,1364
0,0,0,0,-1,-1,-1
154920,1,0,1,161,2996,2917
155229,1,0,1,208,4189,4099
154629,2,0,0,-1,-1,-1
153907,1,1,1,78,10317,10256
154652,1,0,1,0,11120,11120
0,0,0,0,-1,-1,-1
153944,2,0,0,-1,-1,-1
0,0,0,0,-1,-1,-1
155339,1,0,1,186,3652,3580
154146,1,1,0,115,2662,2626
0,0,0,0,-1,-1,-1
154356,1,1,-1,186,2308,2238
153533,2,0,0,-1,-1,-1
154323,1,1,1,107,8362,8302
153871,1,1,0,73,2439,2408
0,0,0,0,-1,-1,-1
153711,2,0,0,-1,-1,-1
0,0,0,0,-1,-1,-1
155077,1,1,0,119,1463,1418
154390,1,1,0,75,5274,5247
154965,1,1,0,21,8808,8793
0,0,0,0,-1,-1,-1
155329,1,1,0,163,3932,3838
154791,1,1,0,69,4717,4693
0,0,0,0,-1,-1,-1
154953,2,0,0,-1,-1,-1
155286,1,0,1,24,4335,4328
154120,1,1,0,132,3304,3251
155062,2,0,0,-1,-1,-1
153580,2,0,0,-1,-1,-1
154938,1,0,1,0,2324,2324
0,0,0,0,-1,-1,-1
154891,1,1,0,205,4560,4463
154554,1,0,1,110,2995,2944
0,0,0,0,-1,-1,-1
0,0,0,0,-1,-1,-1
0,0,0,0,-1,-1,-1
155348,1,0,1,237,3605,3534
152120,2,0,0,-1,-1,-1
153556,2,0,0,-1,-1,-1
154770,1,1,0,0,9680,9680
154467,1,0,1,0,48006,48006
0,0,0,0,-1,-1,-1
0,0,0,0,-1,-1,-1
0,0,0,0,-1,-1,-1
154770,2,0,0,-1,-1,-1
155188,1,0,1,8,936,934
155297,1,1,0,70,6535,6512
0,0,0,0,-1,-1,-1
0,0,0,0,-1,-1,-1
154208,1,1,0,174,3908,3826
0,0,0,0,-1,-1,-1
155066,1,0,1,65,13222,13181
0,0,0,0,-1,-1,-1
155251,1,1,0,0,11904,11904
0,0,0,0,-1,-1,-1
152255,2,0,0,-1,-1,-1
155283,1,1,0,0,2938,2938
154854,1,0,1,186,4729,4656
154209,1,1,0,113,5271,5218
154720,1,0,1,91,2028,2002
0,0,0,0,-1,-1,-1
153562,2,0,0,-1,-1,-1
0,0,0,0,-1,-1,-1
155074,2,0,0,-1,-1,-1
0,0,0,0,-1,-1,-1
0,0,0,0,-1,-1,-1
0,0,0,0,-1,-1,-1
151752,2,0,0,-1,-1,-1
153795,2,0,0,-1,-1,-1
0,0,0,0,-1,-1,-1
153752,1,1,0,82,1763,1705
154527,1,1,0,94,1907,1869
154987,1,1,0,71,5139,5105
154709,2,0,0,-1,-1,-1
0,0,0,0,-1,-1,-1
0,0,0,0,-1,-1,-1
0,0,0,0,-1,-1,-1
0,0,0,0,-1,-1,-1
152993,2,0,0,-1,-1,-1
0,0,0,0,-1,-1,-1
154972,2,0,0,-1,-1,-1
153414,2,0,0,-1,-1,-1
154633,1,1,0,97,5955,5897
155250,1,1,-1,220,3090,2969
0,0,0,0,-1,-1,-1
0,0,0,0,-1,-1,-1
0,0,0,0,-1,-1,-1
0,0,0,0,-1,-1,-1
0,0,0,0,-1,-1,-1
154559,2,0,0,-1,-1,-1
154739,1,0,1,134,2591,2542
0,0,0,0,-1,-1,-1
155022,1,0,1,110,6485,6432
154700,1,1,0,218,3721,3640
0,0,0,0,-1,-1,-1
154864,1,1,-1,86,26825,26786
154363,1,0,1,95,1692,1649
154757,2,0,0,-1,-1,-1
155045,1,0,1,50,3636,3622
154092,1,0,1,0,16100,16100
151797,2,0,0,-1,-1,-1
152704,1,1,0,0,2442,2442
154522,1,1,0,170,3088,2976
154550,1,1,0,268,6099,5975
0,0,0,0,-1,-1,-1
152879,2,0,0,-1,-1,-1
154073,2,0,0,-1,-1,-1
154314,2,0,0,-1,-1,-1
154538,1,1,0,80,7709,7678
155307,1,1,-1,259,5150,5038
154597,2,0,0,-1,-1,-1
155179,1,1,0,284,4211,4077
154914,1,1,1,205,3937,3845
0,0,0,0,-1,-1,-1
0,0,0,0,-1,-1,-1
153954,1,0,1,188,8086,8020
153962,1,0,1,96,3837,3787
0,0,0,0,-1,-1,-1
154868,1,0,1,106,2416,2352
0,0,0,0,-1,-1,-1
154542,2,0,0,-1,-1,-1
153823,1,1,0,143,1767,1694
154405,1,0,1,0,5824,5824
154615,2,0,0,-1,-1,-1
154972,2,0,0,-1,-1,-1
153547,2,0,0,-1,-1,-1
0,0,0,0,-1,-1,-1
154386,1,0,1,0,2858,2858
154945,1,1,0,144,8016,7952
154644,1,1,1,149,3637,3561
154686,2,0,0,-1,-1,-1
0,0,0,0,-1,-1,-1
154607,2,0,0,-1,-1,-1
153787,1,0,1,190,2050,1966
155158,1,0,1,93,2607,2578
0,0,0,0,-1,-1,-1
0,0,0,0,-1,-1,-1
151894,1,0,1,0,2324,2324
0,0,0,0,-1,-1,-1
0,0,0,0,-1,-1,-1
0,0,0,0,-1,-1,-1
0,0,0,0,-1,-1,-1
152932,2,0,0,-1,-1,-1
154602,1,1,0,39,5437,5427
153598,2,0,0,-1,-1,-1
153065,2,0,0,-1,-1,-1
154766,1,0,1,63,2380,2360
153110,1,1,0,11,9094,9086
153686,2,0,0,-1,-1,-1
155377,1,0,1,94,1746,1680
154666,1,0,1,8,22240,22238
154718,1,0,1,140,5394,5321
154796,1,0,1,50,2187,2170
155200,1,1,0,188,2115,2009
152959,1,0,1,132,4285,4216
154650,1,1,0,76,7357,7331
0,0,0,0,-1,-1,-1
0,0,0,0,-1,-1,-1
0,0,0,0,-1,-1,-1
0,0,0,0,-1,-1,-1
155055,1,1,-1,95,5790,5755
154635,2,0,0,-1,-1,-1
0,0,0,0,-1,-1,-1
154719,2,0,0,-1,-1,-1
152953,2,0,0,-1,-1,-1
155168,1,1,0,10,5416,5411
155221,1,1,-1,273,2308,2194
154280,1,1,0,54,3061,3040
0,0,0,0,-1,-1,-1
154927,2,0,0,-1,-1,-1
153062,2,0,0,-1,-1,-1
0,0,0,0,-1,-1,-1
0,0,0,0,-1,-1,-1
154030,2,0,0,-1,-1,-1
0,0,0,0,-1,-1,-1
0,0,0,0,-1,-1,-1
154070,1,1,-1,45,3758,3732
0,0,0,0,-1,-1,-1
154731,1,0,1,31,8054,8031
154968,1,1,0,31,4757,4740
153868,1,0,1,245,3653,3579
154571,1,0,1,20,10530,10517
0,0,0,0,-1,-1,-1
0,0,0,0,-1,-1,-1
154067,1,1,0,29,4772,4751
0,0,0,0,-1,-1,-1
154192,1,0,1,0,2999,2999
0,0,0,0,-1,-1,-1
154629,1,1,0,91,3488,3432
154325,1,1,0,35,2346,2331
0,0,0,0,-1,-1,-1
154369,2,0,0,-1,-1,-1
155373,1,1,0,15,8909,8909
0,0,0,0,-1,-1,-1
154753,1,1,0,92,4198,4144
153438,2,0,0,-1,-1,-1
154003,1,0,1,179,6083,6019
154999,1,0,1,67,14105,14073
153544,1,1,0,67,3749,3726
0,0,0,0,-1,-1,-1
0,0,0,0,-1,-1,-1
154358,2,0,0,-1,-1,-1
152799,2,0,0,-1,-1,-1
154247,1,1,-1,234,2239,2142
153230,2,0,0,-1,-1,-1
154954,1,0,1,82,2270,2223
0,0,0,0,-1,-1,-1
154363,2,0,0,-1,-1,-1
0,0,0,0,-1,-1,-1
0,0,0,0,-1,-1,-1
154155,2,0,0,-1,-1,-1
153795,1,0,1,90,7157,7122
155035,2,0,0,-1,-1,-1
155180,1,1,1,250,4285,4172
154914,1,0,1,0,2772,2772
155121,1,0,1,22,2326,2310
155161,1,0,1,0,3198,3198
155027,1,1,0,36,3800,3779
153848,2,0,0,-1,-1,-1
155248,1,0,1,0,1312,1312
0,0,0,0,-1,-1,-1
154007,2,0,0,-1,-1,-1
0,0,0,0,-1,-1,-1
154038,2,0,0,-1,-1,-1
0,0,0,0,-1,-1,-1
154513,1,1,0,10,3053,3050
152740,2,0,0,-1,-1,-1
154936,1,0,1,0,18676,18676
153804,2,0,0,-1,-1,-1
154730,1,1,0,81,2992,2947
155374,1,0,1,81,7396,7357
154040,1,1,0,185,2512,2406
154624,1,1,0,123,2442,2381
154770,1,1,0,30,2590,2581
154793,1,0,1,134,2496,2421
155108,1,1,0,65,4203,4171
154233,2,0,0,-1,-1,-1
0,0,0,0,-1,-1,-1
153924,2,0,0,-1,-1,-1
153125,2,0,0,-1,-1,-1
154295,2,0,0,-1,-1,-1
155319,1,1,0,148,6466,6384
0,0,0,0,-1,-1,-1
155291,1,1,0,0,27087,27087
0,0,0,0,-1,-1,-1
155205,1,1,0,143,1728,1664
154703,2,0,0,-1,-1,-1
0,0,0,0,-1,-1,-1
154366,2,0,0,-1,-1,-1
0,0,0,0,-1,-1,-1
0,0,0,0,-1,-1,-1
152966,2,0,0,-1,-1,-1
0,0,0,0,-1,-1,-1
0,0,0,0,-1,-1,-1
154025,2,0,0,-1,-1,-1
154429,1,0,1,25,11209,11199
0,0,0,0,-1,-1,-1
153799,2,0,0,-1,-1,-1
152802,2,0,0,-1,-1,-1
155263,1,1,1,213,11207,11120
155174,2,0,0,-1,-1,-1
0,0,0,0,-1,-1,-1
154923,2,0,0,-1,-1,-1
154043,1,1,0,9,4107,4107
154318,2,0,0,-1,-1,-1
155113,1,1,1,263,3263,3144
0,0,0,0,-1,-1,-1
0,0,0,0,-1,-1,-1
155129,1,0,1,53,6864,6834
154624,1,0,1,203,2393,2267
153930,2,0,0,-1,-1,-1
153873,2,0,0,-1,-1,-1
155058,2,0,0,-1,-1,-1
0,0,0,0,-1,-1,-1
154818,1,1,0,132,6488,6429
155189,1,0,1,0,10878,10878
152654,1,0,1,78,2650,2603
154761,2,0,0,-1,-1,-1
0,0,0,0,-1,-1,-1
154816,1,0,1,149,4798,4716
155150,1,0,1,105,1340,1306
154038,2,0,0,-1,-1,-1
0,0,0,0,-1,-1,-1
154420,2,0,0,-1,-1,-1
0,0,0,0,-1,-1,-1
155229,1,1,0,78,3039,3020
155149,1,1,-1,31,10199,10186
154941,2,0,0,-1,-1,-1
153461,2,0,0,-1,-1,-1
155101,1,0,1,127,2634,2577
154493,1,1,0,171,3069,2997
0,0,0,0,-1,-1,-1
154361,1,1,0,112,5745,5708
153955,1,1,0,108,4593,4558
154565,2,0,0,-1,-1,-1
0,0,0,0,-1,-1,-1
152809,2,0,0,-1,-1,-1
0,0,0,0,-1,-1,-1
154533,2,0,0,-1,-1,-1
155338,1,1,-1,223,7998,7884
0,0,0,0,-1,-1,-1
153679,2,0,0,-1,-1,-1
0,0,0,0,-1,-1,-1
153235,2,0,0,-1,-1,-1
0,0,0,0,-1,-1,-1
153792,1,0,1,0,10941,10941
154517,1,0,1,255,2939,2825
155325,1,1,-1,176,4040,3963
0,0,0,0,-1,-1,-1
0,0,0,0,-1,-1,-1
153368,2,0,0,-1,-1,-1
155273,1,0,1,325,5725,5618
0,0,0,0,-1,-1,-1
152811,2,0,0,-1,-1,-1
154166,2,0,0,-1,-1,-1
0,0,0,0,-1,-1,-1
153912,1,1,0,32,2666,2646
153306,2,0,0,-1,-1,-1
0,0,0,0,-1,-1,-1
154787,1,0,1,65,10514,10483
154228,2,0,0,-1,-1,-1
155044,2,0,0,-1,-1,-1
154750,1,1,0,105,3456,3408
153784,2,0,0,-1,-1,-1
154190,2,0,0,-1,-1,-1
0,0,0,0,-1,-1,-1
0,0,0,0,-1,-1,-1
0,0,0,0,-1,-1,-1
154859,1,1,-1,208,5388,5266
155056,1,1,0,120,3131,3063
153906,1,0,1,80,1728,1708
153406,2,0,0,-1,-1,-1
154179,2,0,0,-1,-1,-1
153323,2,0,0,-1,-1,-1
154804,1,0,1,15,14046,14033
0,0,0,0,-1,-1,-1
154639,1,0,1,138,3098,3061
155279,1,1,0,109,1508,1441
155122,1,1,0,217,2339,2218
0,0,0,0,-1,-1,-1
153863,2,0,0,-1,-1,-1
154970,1,1,0,46,8481,8455
154765,1,1,0,24,1378,1358
0,0,0,0,-1,-1,-1
155003,1,0,1,187,1945,1872
152798,2,0,0,-1,-1,-1
153717,2,0,0,-1,-1,-1
153443,2,0,0,-1,-1,-1
154734,2,0,0,-1,-1,-1
0,0,0,0,-1,-1,-1
0,0,0,0,-1,-1,-1
154058,1,1,-1,191,6627,6538
0,0,0,0,-1,-1,-1
154058,2,0,0,-1,-1,-1
155279,1,1,-1,183,7299,7205
0,0,0,0,-1,-1,-1
0,0,0,0,-1,-1,-1
155263,1,1,0,216,7170,7068
0,0,0,0,-1,-1,-1
154948,1,1,0,290,3435,3316
154567,2,0,0,-1,-1,-1
0,0,0,0,-1,-1,-1
153679,2,0,0,-1,-1,-1
0,0,0,0,-1,-1,-1
154856,1,0,1,62,4186,4156
0,0,0,0,-1,-1,-1
153917,2,0,0,-1,-1,-1
154485,1,1,0,66,1287,1243
155246,1,1,1,113,4171,4128
155199,2,0,0,-1,-1,-1
154262,2,0,0,-1,-1,-1
154353,1,1,-1,201,4697,4598
155046,2,0,0,-1,-1,-1
153248,2,0,0,-1,-1,-1
153500,2,0,0,-1,-1,-1
0,0,0,0,-1,-1,-1
0,0,0,0,-1,-1,-1
154459,1,1,0,196,3335,3242
0,0,0,0,-1,-1,-1
0,0,0,0,-1,-1,-1
154781,2,0,0,-1,-1,-1
154670,1,1,0,174,11102,11057
0,0,0,0,-1,-1,-1
0,0,0,0,-1,-1,-1
0,0,0,0,-1,-1,-1
152691,2,0,0,-1,-1,-1
155137,1,1,1,254,5124,5005
154772,2,0,0,-1,-1,-1
0,0,0,0,-1,-1,-1
155196,1,1,0,45,17436,17419
154271,2,0,0,-1,-1,-1
153553,2,0,0,-1,-1,-1
154248,2,0,0,-1,-1,-1
154635,2,0,0,-1,-1,-1
154973,1,1,0,65,1558,1538
154645,1,1,0,176,6664,6588
155134,1,0,1,61,8526,8493
154125,2,0,0,-1,-1,-1
155080,1,1,1,35,8727,8707
154284,1,0,1,134,4783,4708
154943,1,0,1,48,1441,1420
154697,1,0,1,93,6242,6215
153636,2,0,0,-1,-1,-1
0,0,0,0,-1,-1,-1
0,0,0,0,-1,-1,-1
0,0,0,0,-1,-1,-1
153804,2,0,0,-1,-1,-1
0,0,0,0,-1,-1,-1
0,0,0,0,-1,-1,-1
0,0,0,0,-1,-1,-1
154710,2,0,0,-1,-1,-1
0,0,0,0,-1,-1,-1
154839,1,1,0,94,3041,3014
154812,1,0,1,27,698,684
152649,2,0,0,-1,-1,-1
0,0,0,0,-1,-1,-1
0,0,0,0,-1,-1,-1
154049,1,1,0,61,18096,18071
154337,2,0,0,-1,-1,-1
154942,2,0,0,-1,-1,-1
154577,1,0,1,114,1787,1733
154195,1,1,1,63,6607,6584
0,0,0,0,-1,-1,-1
0,0,0,0,-1,-1,-1
153851,2,0,0,-1,-1,-1
153950,2,0,0,-1,-1,-1
0,0,0,0,-1,-1,-1
154987,1,1,0,222,4923,4816
153949,1,1,0,51,1697,1671
154478,2,0,0,-1,-1,-1
154085,1,1,0,56,2817,2803
0,0,0,0,-1,-1,-1
153772,1,0,1,271,5952,5844
0,0,0,0,-1,-1,-1
154940,2,0,0,-1,-1,-1
155066,1,1,0,16,1472,1462
0,0,0,0,-1,-1,-1
154654,1,0,1,0,1618,1618
153631,2,0,0,-1,-1,-1
0,0,0,0,-1,-1,-1
154178,1,1,0,116,3869,3818
154659,1,1,0,259,1459,1340
0,0,0,0,-1,-1,-1
154218,2,0,0,-1,-1,-1
153525,1,1,0,70,3208,3165
154943,2,0,0,-1,-1,-1
155045,2,0,0,-1,-1,-1
0,0,0,0,-1,-1,-1
152566,2,0,0,-1,-1,-1
154955,1,0,1,2,2217,2214
154990,2,0,0,-1,-1,-1
155121,1,1,0,147,2941,2889
155276,1,0,1,37,7428,7420
155143,1,0,1,188,3573,3460
0,0,0,0,-1,-1,-1
0,0,0,0,-1,-1,-1
153948,2,0,0,-1,-1,-1
154882,2,0,0,-1,-1,-1
155275,1,1,-1,49,5756,5728
153846,1,1,0,195,2124,2043
154289,1,0,1,92,1609,1585
0,0,0,0,-1,-1,-1
154531,2,0,0,-1,-1,-1
151125,1,0,1,110,8611,8549
153609,2,0,0,-1,-1,-1
153053,1,1,0,63,5399,5365
154931,1,0,1,18,8343,8323
154160,1,0,1,54,6173,6140
154653,2,0,0,-1,-1,-1
0,0,0,0,-1,-1,-1
0,0,0,0,-1,-1,-1
154686,2,0,0,-1,-1,-1
154092,1,1,0,87,1925,1891
155226,1,0,1,198,1998,1883
154165,1,0,1,132,2690,2625
0,0,0,0,-1,-1,-1
154363,2,0,0,-1,-1,-1
154952,1,1,0,5,3400,3395
155251,1,1,0,81,1231,1195
155256,1,1,-1,213,3923,3836
0,0,0,0,-1,-1,-1
0,0,0,0,-1,-1,-1
0,0,0,0,-1,-1,-1
154233,1,1,0,0,410,410
155256,1,0,1,123,6246,6190
153511,1,0,1,0,612,612
0,0,0,0,-1,-1,-1
155258,1,0,1,77,3563,3538
154083,2,0,0,-1,-1,-1
0,0,0,0,-1,-1,-1
0,0,0,0,-1,-1,-1
153635,1,1,0,68,6028,5974
0,0,0,0,-1,-1,-1
153877,1,0,1,35,10887,10870
155223,1,0,1,0,12432,12432
155294,1,1,0,81,4895,4855
0,0,0,0,-1,-1,-1
154858,1,0,1,72,4300,4271
155272,1,1,0,108,6386,6330
155159,1,1,0,0,2269,2269
155354,1,1,0,0,5777,5777
153045,1,1,0,0,6650,6650
155138,1,0,1,38,6823,6809
154669,1,1,0,0,3431,3431
155070,2,0,0,-1,-1,-1
154730,1,0,1,61,1519,1489
0,0,0,0,-1,-1,-1
155372,1,1,0,161,5125,5052
0,0,0,0,-1,-1,-1
153735,1,0,1,101,2306,2254
153734,1,0,1,135,2367,2309
155155,1,1,-1,137,5819,5721
0,0,0,0,-1,-1,-1
154464,2,0,0,-1,-1,-1
153137,1,1,0,113,2161,2113
154328,2,0,0,-1,-1,-1
155183,1,1,1,103,6089,6044
154670,1,1,0,41,7584,7569
154787,2,0,0,-1,-1,-1
155229,1,0,1,78,5299,5272
0,0,0,0,-1,-1,-1
153128,2,0,0,-1,-1,-1
153873,1,0,1,302,3454,3308
154585,1,1,0,195,3828,3753
155095,1,1,0,18,8367,8364
153824,2,0,0,-1,-1,-1
154677,1,0,1,168,2055,1994
153838,2,0,0,-1,-1,-1
154628,1,0,1,60,4223,4207
154976,2,0,0,-1,-1,-1
154787,1,1,0,120,6921,6875
153986,2,0,0,-1,-1,-1
154361,1,1,0,77,3331,3294
153820,2,0,0,-1,-1,-1
0,0,0,0,-1,-1,-1
0,0,0,0,-1,-1,-1
154961,2,0,0,-1,-1,-1
154371,1,0,1,114,7200,7165
154995,1,1,0,121,2840,2778
0,0,0,0,-1,-1,-1
153086,2,0,0,-1,-1,-1
154918,1,1,0,31,2464,2444
155141,2,0,0,-1,-1,-1
0,0,0,0,-1,-1,-1
0,0,0,0,-1,-1,-1
154906,2,0,0,-1,-1,-1
0,0,0,0,-1,-1,-1
0,0,0,0,-1,-1,-1
153456,2,0,0,-1,-1,-1
0,0,0,0,-1,-1,-1
155130,1,1,1,157,6819,6723
153585,2,0,0,-1,-1,-1
0,0,0,0,-1,-1,-1
0,0,0,0,-1,-1,-1
153440,1,1,0,73,5469,5444
154381,2,0,0,-1,-1,-1
153132,1,1,0,11,6001,5996
152826,1,1,0,153,1305,1246
154738,2,0,0,-1,-1,-1
154407,1,1,0,128,2163,2131
154315,2,0,0,-1,-1,-1
0,0,0,0,-1,-1,-1
0,0,0,0,-1,-1,-1
153856,2,0,0,-1,-1,-1
0,0,0,0,-1,-1,-1
0,0,0,0,-1,-1,-1
155380,1,0,1,97,2587,2528
154451,1,0,1,242,4639,4542
153189,1,1,0,109,7249,7197
0,0,0,0,-1,-1,-1
0,0,0,0,-1,-1,-1
155356,1,0,1,179,6500,6411
155169,1,1,0,105,10528,10495
0,0,0,0,-1,-1,-1
0,0,0,0,-1,-1,-1
154551,1,1,0,90,7634,7579
0,0,0,0,-1,-1,-1
155332,2,0,0,-1,-1,-1
155069,1,1,0,113,6096,6054
154347,2,0,0,-1,-1,-1
153831,2,0,0,-1,-1,-1
153803,1,1,0,175,5718,5665
153451,2,0,0,-1,-1,-1
154149,2,0,0,-1,-1,-1
154670,1,0,1,137,5487,5442
155262,1,0,1,208,5334,5237
154035,1,0,1,60,5633,5621
155302,1,1,0,0,4023,4023
0,0,0,0,-1,-1,-1
155104,1,0,1,33,4690,4668
0,0,0,0,-1,-1,-1
0,0,0,0,-1,-1,-1
0,0,0,0,-1,-1,-1
154828,2,0,0,-1,-1,-1
154333,2,0,0,-1,-1,-1
155004,2,0,0,-1,-1,-1
154306,2,0,0,-1,-1,-1
153550,1,1,0,62,2519,2485
155285,1,1,1,161,2758,2684
152813,1,1,0,201,2940,2872
153650,2,0,0,-1,-1,-1
0,0,0,0,-1,-1,-1
0,0,0,0,-1,-1,-1
155267,1,1,0,132,5458,5419
154238,1,1,0,238,1739,1664
153037,2,0,0,-1,-1,-1
153766,2,0,0,-1,-1,-1
0,0,0,0,-1,-1,-1
0,0,0,0,-1,-1,-1
154394,2,0,0,-1,-1,-1
153577,2,0,0,-1,-1,-1
154753,1,0,1,191,3115,3004
154801,1,1,-1,213,5059,4999
154525,1,0,1,257,1459,1356
153091,1,0,1,49,25005,24996
154039,2,0,0,-1,-1,-1
154807,2,0,0,-1,-1,-1
0,0,0,0,-1,-1,-1
154838,2,0,0,-1,-1,-1
0,0,0,0,-1,-1,-1
154328,1,0,1,174,1683,1608
0,0,0,0,-1,-1,-1
0,0,0,0,-1,-1,-1
154003,2,0,0,-1,-1,-1
153528,2,0,0,-1,-1,-1
0,0,0,0,-1,-1,-1
0,0,0,0,-1,-1,-1
154109,1,1,0,134,3517,3450
0,0,0,0,-1,-1,-1
154650,1,1,0,138,2680,2612
155352,1,1,0,89,3425,3388
154681,2,0,0,-1,-1,-1
153616,2,0,0,-1,-1,-1
0,0,0,0,-1,-1,-1
0,0,0,0,-1,-1,-1
154211,2,0,0,-1,-1,-1
155115,1,0,1,151,3368,3281
154137,2,0,0,-1,-1,-1
154522,2,0,0,-1,-1,-1
155270,1,1,1,211,5299,5208
155216,1,0,1,127,3878,3818
0,0,0,0,-1,-1,-1
152567,2,0,0,-1,-1,-1
155337,1,0,1,109,2621,2556
154227,2,0,0,-1,-1,-1
153749,2,0,0,-1,-1,-1
153117,2,0,0,-1,-1,-1
154983,1,0,1,152,3063,3001
153650,2,0,0,-1,-1,-1
153346,2,0,0,-1,-1,-1
153788,1,1,0,100,1878,1834
0,0,0,0,-1,-1,-1
153431,2,0,0,-1,-1,-1
154017,1,1,0,47,4925,4906
154995,1,1,0,17,2509,2503
155244,1,0,1,152,2227,2157
155147,1,1,0,110,6333,6289
154385,1,1,0,64,2326,2299
154974,1,0,1,83,1605,1564
153642,2,0,0,-1,-1,-1
0,0,0,0,-1,-1,-1
155182,1,1,0,9,5325,5316
154974,1,0,1,0,4890,4890
153780,2,0,0,-1,-1,-1
0,0,0,0,-1,-1,-1
0,0,0,0,-1,-1,-1
0,0,0,0,-1,-1,-1
0,0,0,0,-1,-1,-1
153439,1,1,0,137,5532,5465
155330,1,0,1,130,2331,2261
153772,1,0,1,202,5029,4924
153981,2,0,0,-1,-1,-1
0,0,0,0,-1,-1,-1
153634,2,0,0,-1,-1,-1
0,0,0,0,-1,-1,-1
0,0,0,0,-1,-1,-1
0,0,0,0,-1,-1,-1
154391,1,0,1,97,6162,6125
0,0,0,0,-1,-1,-1
0,0,0,0,-1,-1,-1
0,0,0,0,-1,-1,-1
152728,2,0,0,-1,-1,-1
154740,1,1,0,48,6159,6141
0,0,0,0,-1,-1,-1
154788,1,0,1,70,4558,4500
153610,1,1,1,178,6502,6380
154569,1,0,1,45,5466,5451
154245,2,0,0,-1,-1,-1
154598,2,0,0,-1,-1,-1
0,0,0,0,-1,-1,-1
0,0,0,0,-1,-1,-1
154643,2,0,0,-1,-1,-1
154749,1,1,0,0,28055,28055
155242,1,1,0,285,1154,1039
153608,2,0,0,-1,-1,-1
154756,2,0,0,-1,-1,-1
153592,1,0,1,111,6557,6498
153545,1,0,1,79,4009,3975
154474,2,0,0,-1,-1,-1
155376,1,1,1,160,4342,4292
0,0,0,0,-1,-1,-1
0,0,0,0,-1,-1,-1
155167,1,1,0,3,2264,2265
154861,1,1,0,28,3571,3539
154051,1,0,1,39,5202,5190
154475,2,0,0,-1,-1,-1
152618,2,0,0,-1,-1,-1
155331,1,0,1,40,7185,7159
153692,1,1,0,181,4083,3990
0,0,0,0,-1,-1,-1
155380,1,1,0,66,27763,27744
154934,2,0,0,-1,-1,-1
154694,1,0,1,86,2438,2406
0,0,0,0,-1,-1,-1
0,0,0,0,-1,-1,-1
153808,2,0,0,-1,-1,-1
155034,1,0,1,127,1149,1096
0,0,0,0,-1,-1,-1
154082,2,0,0,-1,-1,-1
154601,2,0,0,-1,-1,-1
152160,2,0,0,-1,-1,-1
154504,2,0,0,-1,-1,-1
0,0,0,0,-1,-1,-1
155179,1,1,0,57,1694,1664
155151,1,1,1,137,3416,3340
0,0,0,0,-1,-1,-1
153866,2,0,0,-1,-1,-1
153891,2,0,0,-1,-1,-1
0,0,0,0,-1,-1,-1
153893,2,0,0,-1,-1,-1
155019,1,1,0,97,1528,1485
155318,1,0,1,54,5618,5591
155062,1,1,0,162,2082,2003
0,0,0,0,-1,-1,-1
155338,1,0,1,148,3306,3233
0,0,0,0,-1,-1,-1
153551,1,1,0,145,2130,2082
155337,1,0,1,0,6264,6264
0,0,0,0,-1,-1,-1
153986,1,0,1,125,3763,3705
154868,1,0,1,145,3539,3468
154566,1,1,0,19,7058,7054
154899,2,0,0,-1,-1,-1
154996,1,1,0,0,4230,4230
0,0,0,0,-1,-1,-1
0,0,0,0,-1,-1,-1
154704,2,0,0,-1,-1,-1
0,0,0,0,-1,-1,-1
155261,1,0,1,88,10679,10649
0,0,0,0,-1,-1,-1
154371,2,0,0,-1,-1,-1
155014,1,0,1,65,1261,1235
153917,1,0,1,127,4588,4549
155281,1,0,1,188,3624,3544
151792,2,0,0,-1,-1,-1
154717,1,0,1,14,7740,7733
153924,2,0,0,-1,-1,-1
153641,2,0,0,-1,-1,-1
155175,1,1,0,194,2151,2082
153981,2,0,0,-1,-1,-1
155193,1,0,1,132,2639,2560
153160,1,1,0,95,3023,2961
154606,1,0,1,78,6668,6636
154206,2,0,0,-1,-1,-1
155131,1,0,1,149,1419,1377
154615,1,0,1,172,5086,5019
153510,2,0,0,-1,-1,-1
155334,1,1,0,64,14146,14118
155295,1,1,0,119,6760,6694
155307,1,1,0,23,1478,1462
0,0,0,0,-1,-1,-1
154366,2,0,0,-1,-1,-1
0,0,0,0,-1,-1,-1
154332,1,0,1,162,2808,2740
152604,1,0,1,119,1960,1900
155223,1,1,0,25,4567,4549
154846,1,0,1,71,4330,4308
152778,1,1,0,318,2345,2179
153156,2,0,0,-1,-1,-1
0,0,0,0,-1,-1,-1
154597,2,0,0,-1,-1,-1
154810,2,0,0,-1,-1,-1
0,0,0,0,-1,-1,-1
0,0,0,0,-1,-1,-1
0,0,0,0,-1,-1,-1
153999,2,0,0,-1,-1,-1
154182,1,1,0,131,4069,4020
153355,2,0,0,-1,-1,-1
154034,2,0,0,-1,-1,-1
154005,2,0,0,-1,-1,-1
153094,2,0,0,-1,-1,-1
154602,2,0,0,-1,-1,-1
154855,1,0,1,71,7772,7735
154841,1,1,0,97,1594,1550
155117,1,0,1,149,6909,6823
154381,1,1,0,221,3133,3041
154517,2,0,0,-1,-1,-1
0,0,0,0,-1,-1,-1
0,0,0,0,-1,-1,-1
0,0,0,0,-1,-1,-1
154582,1,0,1,138,3875,3808
154497,1,0,1,51,13748,13720
154943,2,0,0,-1,-1,-1
154491,2,0,0,-1,-1,-1
154854,2,0,0,-1,-1,-1
0,0,0,0,-1,-1,-1
154945,1,0,1,161,2957,2886
0,0,0,0,-1,-1,-1
154035,2,0,0,-1,-1,-1
0,0,0,0,-1,-1,-1
0,0,0,0,-1,-1,-1
155364,1,0,1,200,3300,3174
0,0,0,0,-1,-1,-1
154036,2,0,0,-1,-1,-1
0,0,0,0,-1,-1,-1
153415,2,0,0,-1,-1,-1
0,0,0,0,-1,-1,-1
154132,1,1,1,127,3244,3150
154458,1,1,0,167,10424,10327
155282,1,1,0,0,7512,7512
155083,2,0,0,-1,-1,-1
153499,1,1,0,206,2802,2686
154614,1,1,0,238,5966,5858
0,0,0,0,-1,-1,-1
154652,1,0,1,125,2301,2243
0,0,0,0,-1,-1,-1
154910,1,1,0,152,2151,2077
0,0,0,0,-1,-1,-1
153137,2,0,0,-1,-1,-1
0,0,0,0,-1,-1,-1
155059,1,1,0,119,5003,4970
155065,1,1,0,121,5583,5528
155195,1,1,0,133,2583,2527
153795,1,1,0,86,6260,6225
154488,2,0,0,-1,-1,-1
154131,2,0,0,-1,-1,-1
0,0,0,0,-1,-1,-1
0,0,0,0,-1,-1,-1
154788,1,1,0,43,4297,4263
0,0,0,0,-1,-1,-1
155127,1,1,0,21,8059,8053
154716,1,1,0,77,4812,4785
0,0,0,0,-1,-1,-1
154553,2,0,0,-1,-1,-1
155052,1,0,1,47,523,508
154106,2,0,0,-1,-1,-1
154068,2,0,0,-1,-1,-1
154117,1,1,0,40,11117,11092
155056,2,0,0,-1,-1,-1
154036,1,1,0,132,7398,7337
0,0,0,0,-1,-1,-1
155291,2,0,0,-1,-1,-1
0,0,0,0,-1,-1,-1
153152,1,0,1,30,3804,3785
0,0,0,0,-1,-1,-1
155355,1,0,1,199,1554,1457
153961,2,0,0,-1,-1,-1
153030,2,0,0,-1,-1,-1
153847,2,0,0,-1,-1,-1
154865,1,0,1,133,3291,3231
0,0,0,0,-1,-1,-1
0,0,0,0,-1,-1,-1
0,0,0,0,-1,-1,-1
0,0,0,0,-1,-1,-1
152967,2,0,0,-1,-1,-1
0,0,0,0,-1,-1,-1
154410,2,0,0,-1,-1,-1
0,0,0,0,-1,-1,-1
0,0,0,0,-1,-1,-1
155177,2,0,0,-1,-1,-1
155071,2,0,0,-1,-1,-1
153706,1,0,1,101,1904,1859
154188,2,0,0,-1,-1,-1
154788,1,0,1,33,16022,16017
154769,1,0,1,9,1478,1471
0,0,0,0,-1,-1,-1
154821,2,0,0,-1,-1,-1
155208,1,0,1,125,5274,5208
154549,2,0,0,-1,-1,-1
154194,2,0,0,-1,-1,-1
154499,2,0,0,-1,-1,-1
154070,2,0,0,-1,-1,-1
0,0,0,0,-1,-1,-1
154550,1,0,1,148,3205,3143
155070,1,1,0,0,15892,15892
0,0,0,0,-1,-1,-1
153900,2,0,0,-1,-1,-1
153781,2,0,0,-1,-1,-1
153394,2,0,0,-1,-1,-1
0,0,0,0,-1,-1,-1
154965,2,0,0,-1,-1,-1
155273,1,1,-1,191,3130,3022
153969,2,0,0,-1,-1,-1
155133,2,0,0,-1,-1,-1
0,0,0,0,-1,-1,-1
154978,1,0,1,101,1838,1784
153848,2,0,0,-1,-1,-1
155306,1,1,0,39,3770,3747
153362,2,0,0,-1,-1,-1
0,0,0,0,-1,-1,-1
0,0,0,0,-1,-1,-1
0,0,0,0,-1,-1,-1
155073,1,0,1,88,4173,4125
155036,1,0,1,146,1512,1438
154854,1,1,1,228,6527,6433
0,0,0,0,-1,-1,-1
154971,1,1,0,83,3464,3409
154866,2,0,0,-1,-1,-1
0,0,0,0,-1,-1,-1
153801,2,0,0,-1,-1,-1
0,0,0,0,-1,-1,-1
155341,1,1,0,59,11551,11524
155125,1,0,1,43,14863,14855
153699,2,0,0,-1,-1,-1
154306,2,0,0,-1,-1,-1
152885,2,0,0,-1,-1,-1
0,0,0,0,-1,-1,-1
0,0,0,0,-1,-1,-1
153988,1,1,0,150,3631,3561
153448,1,0,1,157,3622,3548
0,0,0,0,-1,-1,-1
154635,1,1,0,182,9124,9015
154329,2,0,0,-1,-1,-1
153132,2,0,0,-1,-1,-1
0,0,0,0,-1,-1,-1
154371,2,0,0,-1,-1,-1
154913,1,1,1,183,6465,6396
153867,1,1,1,240,6969,6879
153229,2,0,0,-1,-1,-1
154945,1,1,0,63,1902,1873
0,0,0,0,-1,-1,-1
154415,1,0,1,127,1270,1201
154594,2,0,0,-1,-1,-1
154573,1,0,1,129,12568,12493
154131,1,1,0,80,3006,2983
0,0,0,0,-1,-1,-1
0,0,0,0,-1,-1,-1
155264,1,1,0,100,3960,3900
153767,2,0,0,-1,-1,-1
0,0,0,0,-1,-1,-1
153043,2,0,0,-1,-1,-1
153854,1,0,1,8,3682,3679
155371,1,0,1,70,4101,4071
0,0,0,0,-1,-1,-1
155362,1,0,1,188,2852,2760
154802,1,0,1,121,2720,2655
0,0,0,0,-1,-1,-1
152863,2,0,0,-1,-1,-1
154233,2,0,0,-1,-1,-1
154227,2,0,0,-1,-1,-1
0,0,0,0,-1,-1,-1
154180,2,0,0,-1,-1,-1
154898,2,0,0,-1,-1,-1
0,0,0,0,-1,-1,-1
0,0,0,0,-1,-1,-1
155240,1,1,0,117,3572,3521
154581,1,1,0,0,15480,15480
154447,1,0,1,34,716,695
154071,2,0,0,-1,-1,-1
0,0,0,0,-1,-1,-1
154128,2,0,0,-1,-1,-1
155265,1,1,1,62,17037,17008
0,0,0,0,-1,-1,-1
0,0,0,0,-1,-1,-1
152560,1,1,0,0,9490,9490
154635,2,0,0,-1,-1,-1
0,0,0,0,-1,-1,-1
0,0,0,0,-1,-1,-1
152827,1,1,0,138,6758,6681
0,0,0,0,-1,-1,-1
152430,2,0,0,-1,-1,-1
154540,1,0,1,35,1504,1495
0,0,0,0,-1,-1,-1
154699,2,0,0,-1,-1,-1
155007,1,0,1,119,2704,2646
154640,1,1,0,25,1361,1348
154531,2,0,0,-1,-1,-1
155067,1,1,-1,334,2115,1997
153838,2,0,0,-1,-1,-1
154376,1,1,-1,128,3393,3350
0,0,0,0,-1,-1,-1
153934,2,0,0,-1,-1,-1
154898,1,1,0,117,3819,3756
154679,1,1,0,82,2251,2204
154151,2,0,0,-1,-1,-1
152129,2,0,0,-1,-1,-1
0,0,0,0,-1,-1,-1
0,0,0,0,-1,-1,-1
153525,2,0,0,-1,-1,-1
0,0,0,0,-1,-1,-1
0,0,0,0,-1,-1,-1
0,0,0,0,-1,-1,-1
0,0,0,0,-1,-1,-1
0,0,0,0,-1,-1,-1
155130,1,1,0,161,2804,2740
154742,2,0,0,-1,-1,-1
0,0,0,0,-1,-1,-1
153736,2,0,0,-1,-1,-1
0,0,0,0,-1,-1,-1
0,0,0,0,-1,-1,-1
155101,1,1,0,150,5581,5509
154287,2,0,0,-1,-1,-1
153110,2,0,0,-1,-1,-1
0,0,0,0,-1,-1,-1
155058,2,0,0,-1,-1,-1
0,0,0,0,-1,-1,-1
154905,1,1,0,2,11282,11283
0,0,0,0,-1,-1,-1
154311,2,0,0,-1,-1,-1
154605,2,0,0,-1,-1,-1
0,0,0,0,-1,-1,-1
153821,1,1,0,6,3155,3148
154389,1,0,1,128,2749,2683
155189,1,1,1,144,5796,5736
0,0,0,0,-1,-1,-1
155248,1,1,0,81,2407,2377
154462,2,0,0,-1,-1,-1
155331,1,1,0,0,864,864
0,0,0,0,-1,-1,-1
155267,2,0,0,-1,-1,-1
154972,1,0,1,257,1688,1567
154727,1,1,-1,188,6696,6640
154167,2,0,0,-1,-1,-1
153731,2,0,0,-1,-1,-1
155362,1,0,1,64,6300,6263
154410,1,1,0,13,20493,20479
155186,1,1,0,135,2800,2741
0,0,0,0,-1,-1,-1
0,0,0,0,-1,-1,-1
154897,2,0,0,-1,-1,-1
154145,1,1,0,273,4666,4587
154767,2,0,0,-1,-1,-1
154676,2,0,0,-1,-1,-1
154188,2,0,0,-1,-1,-1
154078,2,0,0,-1,-1,-1
153996,2,0,0,-1,-1,-1
154452,2,0,0,-1,-1,-1
155072,1,1,-1,42,7422,7404
0,0,0,0,-1,-1,-1
0,0,0,0,-1,-1,-1
155366,1,1,0,141,1918,1856
153786,1,1,-1,206,5012,4906
0,0,0,0,-1,-1,-1
154338,1,1,0,131,2731,2666
154550,2,0,0,-1,-1,-1
154098,2,0,0,-1,-1,-1
153919,2,0,0,-1,-1,-1
154353,2,0,0,-1,-1,-1
154315,2,0,0,-1,-1,-1
154483,2,0,0,-1,-1,-1
153664,1,0,1,56,2623,2598
154381,1,1,0,40,7297,7279
153886,2,0,0,-1,-1,-1
153276,1,0,1,38,10009,10002
0,0,0,0,-1,-1,-1
155164,1,0,1,272,7907,7787
0,0,0,0,-1,-1,-1
154263,2,0,0,-1,-1,-1
155092,2,0,0,-1,-1,-1
155116,1,1,1,112,7493,7424
152705,1,0,1,154,2856,2795
155343,1,0,1,235,2378,2255
154674,2,0,0,-1,-1,-1
153036,1,1,0,37,6183,6159
152893,2,0,0,-1,-1,-1
0,0,0,0,-1,-1,-1
154660,2,0,0,-1,-1,-1
154087,1,1,0,55,4582,4569
154280,1,0,1,0,16850,16850
0,0,0,0,-1,-1,-1
154299,1,1,0,68,8140,8099
153972,1,1,1,19,6016,6006
154875,2,0,0,-1,-1,-1
153476,2,0,0,-1,-1,-1
154240,2,0,0,-1,-1,-1
0,0,0,0,-1,-1,-1
155373,1,1,0,120,3778,3750
155369,1,0,1,225,4422,4335
152998,2,0,0,-1,-1,-1
154651,2,0,0,-1,-1,-1
154608,2,0,0,-1,-1,-1
0,0,0,0,-1,-1,-1
0,0,0,0,-1,-1,-1
153555,2,0,0,-1,-1,-1
0,0,0,0,-1,-1,-1
152790,2,0,0,-1,-1,-1
154805,1,0,1,23,1967,1958
0,0,0,0,-1,-1,-1
155169,1,1,0,0,7800,7800
154296,2,0,0,-1,-1,-1
154709,1,1,0,20,8389,8377
154900,1,1,0,11,12981,12980
154689,1,1,-1,129,6512,6443
0,0,0,0,-1,-1,-1
155207,1,1,0,94,5791,5748
153912,2,0,0,-1,-1,-1
155285,1,0,1,0,1724,1724
0,0,0,0,-1,-1,-1
153747,2,0,0,-1,-1,-1
154083,1,1,0,53,4204,4184
154062,1,1,0,25,14403,14395
154319,1,1,0,153,3557,3475
153945,2,0,0,-1,-1,-1
155035,1,0,1,82,5652,5631
154568,1,1,0,149,4588,4525
155100,1,0,1,175,5701,5640
0,0,0,0,-1,-1,-1
0,0,0,0,-1,-1,-1
155181,1,0,1,0,10764,10764
152997,2,0,0,-1,-1,-1
152658,1,0,1,191,3694,3566
152990,1,0,1,44,4324,4309
154961,2,0,0,-1,-1,-1
0,0,0,0,-1,-1,-1
155114,2,0,0,-1,-1,-1
0,0,0,0,-1,-1,-1
155346,1,0,1,86,2204,2185
0,0,0,0,-1,-1,-1
153132,1,1,0,324,5583,5463
154291,2,0,0,-1,-1,-1
0,0,0,0,-1,-1,-1
155278,1,1,0,5,7362,7358
0,0,0,0,-1,-1,-1
154962,1,1,-1,162,2979,2909
155017,1,1,0,47,4673,4651
0,0,0,0,-1,-1,-1
0,0,0,0,-1,-1,-1
154908,1,0,1,147,2447,2390
154844,2,0,0,-1,-1,-1
153041,1,0,1,96,938,889
155270,1,0,1,5,22404,22397
154883,2,0,0,-1,-1,-1
0,0,0,0,-1,-1,-1
154276,2,0,0,-1,-1,-1
0,0,0,0,-1,-1,-1
153795,1,0,1,0,23870,23870
154373,1,1,0,57,2071,2040
0,0,0,0,-1,-1,-1
154631,1,0,1,111,2750,2705
154329,1,1,-1,51,11255,11230
155274,1,1,1,206,3444,3352
0,0,0,0,-1,-1,-1
0,0,0,0,-1,-1,-1
153125,2,0,0,-1,-1,-1
154493,2,0,0,-1,-1,-1
154208,2,0,0,-1,-1,-1
155049,1,1,0,28,3314,3299
155245,1,1,0,63,2643,2608
0,0,0,0,-1,-1,-1
155314,1,1,0,157,2239,2170
153956,2,0,0,-1,-1,-1
0,0,0,0,-1,-1,-1
155147,1,1,0,109,1761,1714
154484,1,1,0,0,12600,12600
0,0,0,0,-1,-1,-1
0,0,0,0,-1,-1,-1
0,0,0,0,-1,-1,-1
153155,2,0,0,-1,-1,-1
0,0,0,0,-1,-1,-1
155344,1,0,1,67,1197,1173
0,0,0,0,-1,-1,-1
154955,2,0,0,-1,-1,-1
153632,2,0,0,-1,-1,-1
154899,1,1,0,225,4999,4909
153733,2,0,0,-1,-1,-1
154423,1,0,1,133,3325,3275
153351,1,0,1,280,2282,2151
154059,2,0,0,-1,-1,-1
155376,1,0,1,58,1888,1856
154499,2,0,0,-1,-1,-1
153992,2,0,0,-1,-1,-1
0,0,0,0,-1,-1,-1
154810,2,0,0,-1,-1,-1
154718,1,0,1,181,1971,1877
0,0,0,0,-1,-1,-1
0,0,0,0,-1,-1,-1
154709,2,0,0,-1,-1,-1
0,0,0,0,-1,-1,-1
154643,1,0,1,136,3591,3533
0,0,0,0,-1,-1,-1
0,0,0,0,-1,-1,-1
154015,2,0,0,-1,-1,-1
153749,2,0,0,-1,-1,-1
154298,1,0,1,68,3128,3082
154758,1,0,1,48,921,884
154311,1,1,0,22,4092,4081
153592,1,1,0,103,2888,2810
153214,2,0,0,-1,-1,-1
0,0,0,0,-1,-1,-1
0,0,0,0,-1,-1,-1
0,0,0,0,-1,-1,-1
154936,1,0,1,95,3209,3143
154450,1,1,0,121,2597,2549
154198,2,0,0,-1,-1,-1
0,0,0,0,-1,-1,-1
153684,2,0,0,-1,-1,-1
0,0,0,0,-1,-1,-1
154397,2,0,0,-1,-1,-1
0,0,0,0,-1,-1,-1
155256,1,0,1,154,13042,12985
0,0,0,0,-1,-1,-1
0,0,0,0,-1,-1,-1
152995,1,1,0,54,2456,2430
0,0,0,0,-1,-1,-1
154119,2,0,0,-1,-1,-1
155249,1,1,0,160,5295,5221
155326,1,0,1,99,2791,2757
0,0,0,0,-1,-1,-1
154956,1,1,0,182,9017,8933
0,0,0,0,-1,-1,-1
0,0,0,0,-1,-1,-1
0,0,0,0,-1,-1,-1
0,0,0,0,-1,-1,-1
152136,2,0,0,-1,-1,-1
155223,1,0,1,18,6249,6243
154479,1,0,1,52,3112,3085
154671,1,0,1,96,5367,5299
154996,2,0,0,-1,-1,-1
155061,1,0,1,115,3260,3202
155213,1,1,0,0,4042,4042
0,0,0,0,-1,-1,-1
154718,2,0,0,-1,-1,-1
0,0,0,0,-1,-1,-1
153967,1,0,1,109,2815,2796
0,0,0,0,-1,-1,-1
154238,2,0,0,-1,-1,-1
154235,1,0,1,128,3828,3768
0,0,0,0,-1,-1,-1
0,0,0,0,-1,-1,-1
153623,1,1,0,124,3470,3435
0,0,0,0,-1,-1,-1
155078,1,1,0,0,32,32
154782,1,1,0,154,4168,4082
0,0,0,0,-1,-1,-1
154578,1,1,0,0,0,0
155319,1,0,1,0,7910,7910
154806,2,0,0,-1,-1,-1
0,0,0,0,-1,-1,-1
153817,2,0,0,-1,-1,-1
0,0,0,0,-1,-1,-1
155140,2,0,0,-1,-1,-1
155242,1,0,1,113,2616,2573
0,0,0,0,-1,-1,-1
152832,2,0,0,-1,-1,-1
0,0,0,0,-1,-1,-1
153256,2,0,0,-1,-1,-1
154295,2,0,0,-1,-1,-1
155091,1,1,0,84,17406,17368
154357,1,0,1,195,5091,5009
154881,2,0,0,-1,-1,-1
153567,2,0,0,-1,-1,-1
0,0,0,0,-1,-1,-1
154314,2,0,0,-1,-1,-1
0,0,0,0,-1,-1,-1
154762,1,0,1,226,4951,4841
153824,2,0,0,-1,-1,-1
153605,2,0,0,-1,-1,-1
152843,2,0,0,-1,-1,-1
0,0,0,0,-1,-1,-1
155297,1,0,1,118,8092,8055
154130,2,0,0,-1,-1,-1
0,0,0,0,-1,-1,-1
0,0,0,0,-1,-1,-1
152953,2,0,0,-1,-1,-1
0,0,0,0,-1,-1,-1
155364,1,1,0,110,4240,4174
154391,2,0,0,-1,-1,-1
154405,2,0,0,-1,-1,-1
153702,2,0,0,-1,-1,-1
154870,1,1,0,76,6260,6226
154999,1,1,0,203,2740,2629
0,0,0,0,-1,-1,-1
155364,1,1,0,65,13301,13274
0,0,0,0,-1,-1,-1
153343,1,1,0,169,2770,2688
155068,1,1,0,0,13310,13310
0,0,0,0,-1,-1,-1
154928,1,0,1,13,6643,6633
154735,2,0,0,-1,-1,-1
0,0,0,0,-1,-1,-1
0,0,0,0,-1,-1,-1
154982,2,0,0,-1,-1,-1
0,0,0,0,-1,-1,-1
0,0,0,0,-1,-1,-1
154340,1,0,1,161,1715,1685
0,0,0,0,-1,-1,-1
0,0,0,0,-1,-1,-1
154884,1,1,0,148,10866,10801
155260,1,1,1,175,4941,4871
155345,1,1,0,161,3742,3667
154418,2,0,0,-1,-1,-1
154510,2,0,0,-1,-1,-1
152504,1,0,1,132,2499,2429
153962,2,0,0,-1,-1,-1
152688,2,0,0,-1,-1,-1
154344,2,0,0,-1,-1,-1
154461,1,1,0,102,1689,1639
0,0,0,0,-1,-1,-1
154636,1,1,0,102,1166,1111
0,0,0,0,-1,-1,-1
154840,1,1,1,69,4257,4223
0,0,0,0,-1,-1,-1
155190,1,1,0,88,8243,8202
153838,2,0,0,-1,-1,-1
155315,1,1,0,0,12134,12134
154344,1,1,0,63,6079,6054
153242,2,0,0,-1,-1,-1
155224,2,0,0,-1,-1,-1
0,0,0,0,-1,-1,-1
153519,2,0,0,-1,-1,-1
153662,2,0,0,-1,-1,-1
0,0,0,0,-1,-1,-1
154365,2,0,0,-1,-1,-1
154965,1,1,0,222,3523,3415
0,0,0,0,-1,-1,-1
155052,1,1,0,139,3972,3917
152763,1,1,0,190,4319,4192
153949,2,0,0,-1,-1,-1
0,0,0,0,-1,-1,-1
154795,2,0,0,-1,-1,-1
154336,2,0,0,-1,-1,-1
154978,1,0,1,70,6943,6921
0,0,0,0,-1,-1,-1
154314,1,1,0,115,2110,2070
155004,2,0,0,-1,-1,-1
0,0,0,0,-1,-1,-1
0,0,0,0,-1,-1,-1
0,0,0,0,-1,-1,-1
154803,1,1,-1,181,6314,6214
154581,1,1,0,134,1925,1856
154686,2,0,0,-1,-1,-1
154477,2,0,0,-1,-1,-1
154151,1,1,0,131,1839,1775
155271,1,0,1,169,3617,3538
0,0,0,0,-1,-1,-1
154320,1,1,0,0,4683,4683
155046,1,1,-1,211,3052,2968
155325,1,1,-1,273,4963,4811
155067,1,0,1,34,5540,5523
153328,1,0,1,162,6129,6054
155103,1,0,1,100,2487,2434
152212,2,0,0,-1,-1,-1
154600,2,0,0,-1,-1,-1
0,0,0,0,-1,-1,-1
0,0,0,0,-1,-1,-1
153886,2,0,0,-1,-1,-1
0,0,0,0,-1,-1,-1
153793,2,0,0,-1,-1,-1
154342,1,0,1,147,9876,9792
153987,1,1,0,0,16014,16014
154490,2,0,0,-1,-1,-1
154644,2,0,0,-1,-1,-1
153525,2,0,0,-1,-1,-1
0,0,0,0,-1,-1,-1
154895,1,1,-1,192,3741,3645
154884,2,0,0,-1,-1,-1
0,0,0,0,-1,-1,-1
154300,1,1,0,112,2292,2236
154147,2,0,0,-1,-1,-1
0,0,0,0,-1,-1,-1
0,0,0,0,-1,-1,-1
0,0,0,0,-1,-1,-1
153341,2,0,0,-1,-1,-1
155223,1,0,1,0,11136,11136
153957,2,0,0,-1,-1,-1
153424,2,0,0,-1,-1,-1
0,0,0,0,-1,-1,-1
0,0,0,0,-1,-1,-1
153979,2,0,0,-1,-1,-1
154145,1,1,0,125,10291,10219
155273,2,0,0,-1,-1,-1
153789,2,0,0,-1,-1,-1
152098,1,0,1,147,3726,3658
154604,1,0,1,140,2805,2741
154169,2,0,0,-1,-1,-1
0,0,0,0,-1,-1,-1
155119,1,1,0,60,1501,1456
153701,1,1,-1,227,3970,3872
0,0,0,0,-1,-1,-1
155041,2,0,0,-1,-1,-1
0,0,0,0,-1,-1,-1
153341,2,0,0,-1,-1,-1
0,0,0,0,-1,-1,-1
153325,2,0,0,-1,-1,-1
154081,2,0,0,-1,-1,-1
154048,1,1,0,109,7496,7437
0,0,0,0,-1,-1,-1
153949,1,1,0,23,1534,1511
152094,2,0,0,-1,-1,-1
154534,1,0,1,199,7040,6970
154879,2,0,0,-1,-1,-1
0,0,0,0,-1,-1,-1
154690,1,0,1,184,8397,8316
154427,1,0,1,96,5417,5381
0,0,0,0,-1,-1,-1
154183,2,0,0,-1,-1,-1
0,0,0,0,-1,-1,-1
154639,2,0,0,-1,-1,-1
154847,2,0,0,-1,-1,-1
154268,1,0,1,181,4795,4729
0,0,0,0,-1,-1,-1
154662,1,1,0,57,9723,9687
0,0,0,0,-1,-1,-1
0,0,0,0,-1,-1,-1
153760,2,0,0,-1,-1,-1
154353,2,0,0,-1,-1,-1
154594,1,0,1,148,3836,3782
0,0,0,0,-1,-1,-1
153598,2,0,0,-1,-1,-1
155223,1,1,1,244,2932,2843
0,0,0,0,-1,-1,-1
154521,1,0,1,0,21735,21735
153493,2,0,0,-1,-1,-1
0,0,0,0,-1,-1,-1
0,0,0,0,-1,-1,-1
0,0,0,0,-1,-1,-1
0,0,0,0,-1,-1,-1
153709,1,0,1,56,1878,1855
154175,2,0,0,-1,-1,-1
155044,2,0,0,-1,-1,-1
0,0,0,0,-1,-1,-1
0,0,0,0,-1,-1,-1
0,0,0,0,-1,-1,-1
154444,1,1,0,0,15648,15648
0,0,0,0,-1,-1,-1
154937,2,0,0,-1,-1,-1
154105,2,0,0,-1,-1,-1
154100,1,1,0,75,3486,3447
152905,1,1,0,106,4179,4140
153160,2,0,0,-1,-1,-1
155272,1,1,0,108,7901,7870
154306,1,0,1,158,3506,3434
154131,1,1,0,199,3609,3535
153038,1,1,0,0,18341,18341
0,0,0,0,-1,-1,-1
0,0,0,0,-1,-1,-1
0,0,0,0,-1,-1,-1
154933,1,1,0,107,2512,2443
154791,1,1,-1,134,7689,7612
154868,1,0,1,159,7214,7162
154400,1,1,0,182,3382,3301
0,0,0,0,-1,-1,-1
154124,2,0,0,-1,-1,-1
154924,1,0,1,173,14448,14375
154743,1,0,1,232,2251,2148
153661,2,0,0,-1,-1,-1
153434,2,0,0,-1,-1,-1
0,0,0,0,-1,-1,-1
154183,2,0,0,-1,-1,-1
153398,2,0,0,-1,-1,-1
155028,1,1,1,124,7806,7741
154774,2,0,0,-1,-1,-1
153874,1,1,1,134,3842,3797
153100,1,0,1,86,1804,1766
153483,2,0,0,-1,-1,-1
153155,2,0,0,-1,-1,-1
0,0,0,0,-1,-1,-1
0,0,0,0,-1,-1,-1
0,0,0,0,-1,-1,-1
0,0,0,0,-1,-1,-1
155384,1,1,0,58,13578,13544
154068,2,0,0,-1,-1,-1
0,0,0,0,-1,-1,-1
154272,2,0,0,-1,-1,-1
0,0,0,0,-1,-1,-1
154122,2,0,0,-1,-1,-1
154055,1,0,1,100,6717,6668
155294,1,0,1,203,3928,3818
0,0,0,0,-1,-1,-1
154864,1,0,1,93,8473,8444
155148,1,0,1,49,1144,1116
153744,2,0,0,-1,-1,-1
154944,2,0,0,-1,-1,-1
0,0,0,0,-1,-1,-1
154103,2,0,0,-1,-1,-1
155012,1,1,0,10,7094,7091
0,0,0,0,-1,-1,-1
154425,1,1,0,51,2550,2531
0,0,0,0,-1,-1,-1
0,0,0,0,-1,-1,-1
153735,2,0,0,-1,-1,-1
154535,2,0,0,-1,-1,-1
152036,1,0,1,56,11051,11015
154539,2,0,0,-1,-1,-1
154857,1,1,0,27,4668,4661
0,0,0,0,-1,-1,-1
154052,1,0,1,88,3159,3112
154630,2,0,0,-1,-1,-1
0,0,0,0,-1,-1,-1
153596,1,0,1,178,2366,2295
155277,1,0,1,90,3082,3041
0,0,0,0,-1,-1,-1
0,0,0,0,-1,-1,-1
155028,2,0,0,-1,-1,-1
154698,2,0,0,-1,-1,-1
0,0,0,0,-1,-1,-1
0,0,0,0,-1,-1,-1
0,0,0,0,-1,-1,-1
154173,2,0,0,-1,-1,-1
0,0,0,0,-1,-1,-1
0,0,0,0,-1,-1,-1
154028,2,0,0,-1,-1,-1
0,0,0,0,-1,-1,-1
153787,1,0,1,41,3058,3040
152855,2,0,0,-1,-1,-1
153364,1,1,0,185,1976,1901
154107,1,1,-1,220,8385,8302
153884,2,0,0,-1,-1,-1
153921,2,0,0,-1,-1,-1
155044,1,1,-1,187,8962,8894
155004,1,0,1,185,3524,3453
154241,2,0,0,-1,-1,-1
0,0,0,0,-1,-1,-1
153890,1,1,-1,76,7329,7284
154807,1,1,-1,70,3412,3385
154138,1,0,1,181,1661,1597
0,0,0,0,-1,-1,-1
154999,1,0,1,133,6588,6517
0,0,0,0,-1,-1,-1
155344,1,0,1,101,1721,1689
154436,2,0,0,-1,-1,-1
155360,1,1,0,145,3086,2998
153991,2,0,0,-1,-1,-1
0,0,0,0,-1,-1,-1
155298,1,1,1,260,7309,7204
154781,1,1,0,93,10600,10558
154662,1,0,1,41,628,614
0,0,0,0,-1,-1,-1
0,0,0,0,-1,-1,-1
0,0,0,0,-1,-1,-1
153733,2,0,0,-1,-1,-1
0,0,0,0,-1,-1,-1
153264,2,0,0,-1,-1,-1
0,0,0,0,-1,-1,-1
155107,1,1,0,133,25710,25656
0,0,0,0,-1,-1,-1
0,0,0,0,-1,-1,-1
154985,1,0,1,64,4841,4804
0,0,0,0,-1,-1,-1
154900,1,1,0,47,3540,3505
153181,1,1,0,45,14520,14500
154376,2,0,0,-1,-1,-1
0,0,0,0,-1,-1,-1
154849,2,0,0,-1,-1,-1
0,0,0,0,-1,-1,-1
155011,1,1,0,56,3839,3811
154410,1,0,1,108,2279,2240
0,0,0,0,-1,-1,-1
0,0,0,0,-1,-1,-1
0,0,0,0,-1,-1,-1
0,0,0,0,-1,-1,-1
154141,1,0,1,55,4546,4517
153063,2,0,0,-1,-1,-1
155032,2,0,0,-1,-1,-1
0,0,0,0,-1,-1,-1
0,0,0,0,-1,-1,-1
154641,1,0,1,90,3274,3223
0,0,0,0,-1,-1,-1
154471,1,1,0,105,2703,2646
154992,1,0,1,177,4670,4587
154417,1,1,1,77,5087,5051
155382,1,0,1,119,4524,4455
0,0,0,0,-1,-1,-1
154849,2,0,0,-1,-1,-1
0,0,0,0,-1,-1,-1
154090,1,1,0,63,11888,11860
0,0,0,0,-1,-1,-1
155271,1,1,1,47,10689,10660
153986,1,1,0,0,11636,11636
0,0,0,0,-1,-1,-1
154882,2,0,0,-1,-1,-1
154992,1,1,-1,126,6034,5943
154130,1,1,0,29,19392,19384
152559,2,0,0,-1,-1,-1
0,0,0,0,-1,-1,-1
154415,2,0,0,-1,-1,-1
154726,1,1,0,96,4412,4355
0,0,0,0,-1,-1,-1
153338,2,0,0,-1,-1,-1
153247,2,0,0,-1,-1,-1
0,0,0,0,-1,-1,-1
153333,1,1,0,127,3133,3066
154550,1,1,1,90,4965,4926
0,0,0,0,-1,-1,-1
153091,2,0,0,-1,-1,-1
153905,1,1,0,129,3080,3026
154180,1,1,0,63,4945,4911
154345,2,0,0,-1,-1,-1
154584,2,0,0,-1,-1,-1
153819,2,0,0,-1,-1,-1
0,0,0,0,-1,-1,-1
154710,1,0,1,203,2832,2742
152996,2,0,0,-1,-1,-1
0,0,0,0,-1,-1,-1
154863,1,1,0,50,2108,2079
154238,2,0,0,-1,-1,-1
0,0,0,0,-1,-1,-1
152687,2,0,0,-1,-1,-1
154443,2,0,0,-1,-1,-1
0,0,0,0,-1,-1,-1
154455,2,0,0,-1,-1,-1
154954,1,0,1,106,11375,11332
155104,1,1,0,44,1933,1919
0,0,0,0,-1,-1,-1
153134,2,0,0,-1,-1,-1
154959,1,1,0,89,2375,2334
154123,2,0,0,-1,-1,-1
153485,2,0,0,-1,-1,-1
154824,2,0,0,-1,-1,-1
155238,1,0,1,124,5198,5132
153220,1,0,1,202,3435,3322
152515,2,0,0,-1,-1,-1
0,0,0,0,-1,-1,-1
154780,1,0,1,9,7327,7324
154184,1,1,1,233,6206,6088
154102,1,0,1,112,3164,3119
153939,2,0,0,-1,-1,-1
0,0,0,0,-1,-1,-1
0,0,0,0,-1,-1,-1
0,0,0,0,-1,-1,-1
0,0,0,0,-1,-1,-1
154203,2,0,0,-1,-1,-1
0,0,0,0,-1,-1,-1
154124,1,1,0,105,5725,5681
0,0,0,0,-1,-1,-1
154860,2,0,0,-1,-1,-1
0,0,0,0,-1,-1,-1
154916,1,1,0,41,1261,1232
154826,1,1,0,132,9994,9946
154753,1,0,1,90,3923,3871
154687,2,0,0,-1,-1,-1
155024,1,1,0,32,3062,3047
154053,2,0,0,-1,-1,-1
152175,2,0,0,-1,-1,-1
154760,1,0,1,95,4682,4642
0,0,0,0,-1,-1,-1
155194,1,1,0,89,8954,8934
154927,1,1,-1,213,3398,3292
154283,2,0,0,-1,-1,-1
0,0,0,0,-1,-1,-1
154462,2,0,0,-1,-1,-1
154744,1,0,1,111,1549,1499
153380,2,0,0,-1,-1,-1
0,0,0,0,-1,-1,-1
153716,1,0,1,79,2278,2233
0,0,0,0,-1,-1,-1
0,0,0,0,-1,-1,-1
153741,1,0,1,61,3154,3132
0,0,0,0,-1,-1,-1
155368,1,1,0,29,9428,9408
0,0,0,0,-1,-1,-1
0,0,0,0,-1,-1,-1
0,0,0,0,-1,-1,-1
0,0,0,0,-1,-1,-1
154473,2,0,0,-1,-1,-1
154029,2,0,0,-1,-1,-1
153392,2,0,0,-1,-1,-1
153390,1,1,0,88,5065,5011
0,0,0,0,-1,-1,-1
153630,2,0,0,-1,-1,-1
155139,1,0,1,0,6402,6402
0,0,0,0,-1,-1,-1
153742,1,1,0,83,3991,3931
154558,1,1,0,50,2675,2659
154007,1,0,1,159,2522,2471
155239,1,1,0,182,3150,3070
155001,2,0,0,-1,-1,-1
154842,1,0,1,114,1560,1503
0,0,0,0,-1,-1,-1
0,0,0,0,-1,-1,-1
154114,2,0,0,-1,-1,-1
0,0,0,0,-1,-1,-1
154734,2,0,0,-1,-1,-1
0,0,0,0,-1,-1,-1
0,0,0,0,-1,-1,-1
153733,1,0,1,159,8020,7980
154739,1,0,1,178,2573,2479
155264,1,1,1,199,4025,3923
0,0,0,0,-1,-1,-1
155109,1,1,0,46,3244,3218
0,0,0,0,-1,-1,-1
154663,1,1,0,236,2726,2602
0,0,0,0,-1,-1,-1
0,0,0,0,-1,-1,-1
153073,2,0,0,-1,-1,-1
153550,2,0,0,-1,-1,-1
0,0,0,0,-1,-1,-1
154579,1,0,1,134,1598,1542
155202,1,1,0,181,3727,3624
153411,1,0,1,16,10286,10284
154373,1,0,1,66,14850,14828
0,0,0,0,-1,-1,-1
0,0,0,0,-1,-1,-1
153810,2,0,0,-1,-1,-1
154728,1,0,1,220,2872,2776
154101,1,0,1,224,1882,1776
154895,1,0,1,0,6930,6930
155236,2,0,0,-1,-1,-1
0,0,0,0,-1,-1,-1
155312,1,1,0,137,2442,2345
0,0,0,0,-1,-1,-1
154603,1,0,1,0,5778,5778
155009,1,0,1,0,24628,24628
155004,2,0,0,-1,-1,-1
155077,1,1,0,50,5285,5256
0,0,0,0,-1,-1,-1
0,0,0,0,-1,-1,-1
153804,1,0,1,160,2830,2778
0,0,0,0,-1,-1,-1
154081,1,0,1,24,8382,8374
0,0,0,0,-1,-1,-1
0,0,0,0,-1,-1,-1
154294,2,0,0,-1,-1,-1
154795,1,0,1,224,5728,5647
154977,2,0,0,-1,-1,-1
155179,1,1,0,20,1963,1945
0,0,0,0,-1,-1,-1
153709,1,1,0,63,11350,11325
155043,1,1,0,35,870,827
154520,1,1,0,148,1643,1561
154453,2,0,0,-1,-1,-1
0,0,0,0,-1,-1,-1
154896,2,0,0,-1,-1,-1
155355,1,1,-1,183,5460,5364
154528,1,0,1,148,7873,7806
153292,1,0,1,132,3093,3030
155199,1,1,1,83,3525,3478
153509,1,1,0,195,3366,3266
153556,2,0,0,-1,-1,-1
0,0,0,0,-1,-1,-1
154231,2,0,0,-1,-1,-1
154637,2,0,0,-1,-1,-1
0,0,0,0,-1,-1,-1
0,0,0,0,-1,-1,-1
154157,1,0,1,0,4317,4317
154088,2,0,0,-1,-1,-1
154747,1,0,1,94,2750,2695
0,0,0,0,-1,-1,-1
0,0,0,0,-1,-1,-1
153930,2,0,0,-1,-1,-1
0,0,0,0,-1,-1,-1
153168,2,0,0,-1,-1,-1
154716,1,0,1,44,3166,3150
0,0,0,0,-1,-1,-1
154489,2,0,0,-1,-1,-1
154707,1,1,1,62,5753,5715
155120,1,1,0,0,9672,9672
154773,1,0,1,71,4496,4473
154514,2,0,0,-1,-1,-1
0,0,0,0,-1,-1,-1
155349,1,0,1,48,3402,3373
154450,1,1,0,77,1178,1135
0,0,0,0,-1,-1,-1
154869,1,0,1,89,9807,9762
154600,2,0,0,-1,-1,-1
154269,1,0,1,133,2009,1956
153705,2,0,0,-1,-1,-1
155280,1,0,1,0,6318,6318
152679,2,0,0,-1,-1,-1
0,0,0,0,-1,-1,-1
155096,2,0,0,-1,-1,-1
154170,2,0,0,-1,-1,-1
153697,2,0,0,-1,-1,-1
0,0,0,0,-1,-1,-1
0,0,0,0,-1,-1,-1
154631,2,0,0,-1,-1,-1
154218,1,0,1,231,4962,4859
0,0,0,0,-1,-1,-1
0,0,0,0,-1,-1,-1
154599,2,0,0,-1,-1,-1
0,0,0,0,-1,-1,-1
155226,1,1,-1,181,3968,3863
0,0,0,0,-1,-1,-1
155238,1,1,0,55,2620,2596
153073,2,0,0,-1,-1,-1
155043,2,0,0,-1,-1,-1
0,0,0,0,-1,-1,-1
154049,1,0,1,130,3678,3620
0,0,0,0,-1,-1,-1
154582,2,0,0,-1,-1,-1
154294,1,0,1,144,3138,3056
154803,1,0,1,171,1075,1007
154894,1,1,0,69,4429,4392
155105,2,0,0,-1,-1,-1
154490,1,1,0,278,2130,2006
154604,1,0,1,0,7594,7594
154733,1,1,0,190,4064,4004
0,0,0,0,-1,-1,-1
153727,2,0,0,-1,-1,-1
0,0,0,0,-1,-1,-1
0,0,0,0,-1,-1,-1
153402,2,0,0,-1,-1,-1
154198,2,0,0,-1,-1,-1
153665,2,0,0,-1,-1,-1
154091,2,0,0,-1,-1,-1
0,0,0,0,-1,-1,-1
154123,1,0,1,42,16547,16529
154763,1,1,0,81,5124,5078
0,0,0,0,-1,-1,-1
154890,1,1,0,26,3236,3223
153350,1,1,0,52,3087,3075
0,0,0,0,-1,-1,-1
152480,2,0,0,-1,-1,-1
154695,1,0,1,56,3775,3745
0,0,0,0,-1,-1,-1
153628,2,0,0,-1,-1,-1
153908,2,0,0,-1,-1,-1
153632,2,0,0,-1,-1,-1
0,0,0,0,-1,-1,-1
154726,1,1,0,174,5145,5076
155059,1,0,1,0,6834,6834
155265,1,0,1,40,959,936
153327,1,1,0,251,4327,4222
154478,1,0,1,153,2126,2050
154301,1,1,1,330,10797,10606
0,0,0,0,-1,-1,-1
0,0,0,0,-1,-1,-1
155146,1,0,1,20,7673,7659
154885,1,1,0,100,3160,3119
153167,1,1,0,5,3892,3889
154537,1,0,1,176,1668,1596
153763,2,0,0,-1,-1,-1
154940,2,0,0,-1,-1,-1
154693,1,0,1,77,2907,2866
0,0,0,0,-1,-1,-1
154716,2,0,0,-1,-1,-1
153298,2,0,0,-1,-1,-1
154798,2,0,0,-1,-1,-1
154719,1,0,1,234,5910,5820
154798,2,0,0,-1,-1,-1
153701,2,0,0,-1,-1,-1
153944,2,0,0,-1,-1,-1
154999,1,1,0,104,6318,6277
154235,2,0,0,-1,-1,-1
153802,2,0,0,-1,-1,-1
154179,1,1,0,157,5671,5593
154546,1,0,1,132,4084,4010
155178,1,1,0,98,3869,3817
0,0,0,0,-1,-1,-1
155228,1,1,0,59,5165,5136
154005,1,0,1,121,7287,7251
154297,1,1,-1,72,6044,6002
0,0,0,0,-1,-1,-1
153996,2,0,0,-1,-1,-1
0,0,0,0,-1,-1,-1
0,0,0,0,-1,-1,-1
154430,1,0,1,61,3122,3089
154627,1,1,0,173,2678,2613
0,0,0,0,-1,-1,-1
0,0,0,0,-1,-1,-1
155105,1,1,1,129,8357,8288
154425,1,1,0,91,10471,10444
155107,1,0,1,178,3298,3234
151799,2,0,0,-1,-1,-1
153280,2,0,0,-1,-1,-1
153412,1,0,1,0,3657,3657
154869,1,1,0,85,2334,2288
154191,2,0,0,-1,-1,-1
153371,2,0,0,-1,-1,-1
0,0,0,0,-1,-1,-1
154730,2,0,0,-1,-1,-1
154852,1,0,1,75,4108,4060
154721,2,0,0,-1,-1,-1
0,0,0,0,-1,-1,-1
0,0,0,0,-1,-1,-1
0,0,0,0,-1,-1,-1
153124,2,0,0,-1,-1,-1
155375,1,1,0,28,4020,4010
155335,1,0,1,74,1689,1670
154450,1,1,1,104,4323,4288
0,0,0,0,-1,-1,-1
0,0,0,0,-1,-1,-1
0,0,0,0,-1,-1,-1
0,0,0,0,-1,-1,-1
153557,2,0,0,-1,-1,-1
154972,1,1,0,0,12936,12936
155231,1,1,0,15,13159,13157
0,0,0,0,-1,-1,-1
0,0,0,0,-1,-1,-1
154686,1,1,-1,292,5270,5178
152418,2,0,0,-1,-1,-1
155359,1,1,0,235,4490,4367
152438,2,0,0,-1,-1,-1
0,0,0,0,-1,-1,-1
153690,1,0,1,133,1674,1637
155140,1,0,1,175,3673,3612
0,0,0,0,-1,-1,-1
154601,2,0,0,-1,-1,-1
0,0,0,0,-1,-1,-1
154716,2,0,0,-1,-1,-1
153820,2,0,0,-1,-1,-1
153502,2,0,0,-1,-1,-1
0,0,0,0,-1,-1,-1
154925,1,1,0,117,1864,1797
0,0,0,0,-1,-1,-1
0,0,0,0,-1,-1,-1
154296,1,0,1,106,6641,6586
152491,2,0,0,-1,-1,-1
153080,2,0,0,-1,-1,-1
155081,1,1,0,51,5617,5583
0,0,0,0,-1,-1,-1
154924,2,0,0,-1,-1,-1
153719,2,0,0,-1,-1,-1
154258,2,0,0,-1,-1,-1
152976,1,1,0,0,11055,11055
153996,2,0,0,-1,-1,-1
154825,2,0,0,-1,-1,-1
155325,1,0,1,134,2712,2650
154878,1,0,1,230,5007,4881
154063,1,0,1,198,1292,1191
154556,1,0,1,131,5764,5713
154781,2,0,0,-1,-1,-1
154142,2,0,0,-1,-1,-1
0,0,0,0,-1,-1,-1
155076,1,0,1,81,14743,14691
155076,2,0,0,-1,-1,-1
153876,2,0,0,-1,-1,-1
152245,2,0,0,-1,-1,-1
0,0,0,0,-1,-1,-1
153851,1,0,1,141,4636,4550
155063,1,0,1,88,6099,6064
154865,1,0,1,18,7637,7625
153474,2,0,0,-1,-1,-1
0,0,0,0,-1,-1,-1
153841,1,1,0,27,1967,1941
154213,2,0,0,-1,-1,-1
0,0,0,0,-1,-1,-1
154222,2,0,0,-1,-1,-1
154561,1,1,0,136,3143,3073
154800,1,1,0,53,1689,1669
154933,1,0,1,186,2467,2380
0,0,0,0,-1,-1,-1
153127,1,0,1,124,2460,2400
0,0,0,0,-1,-1,-1
153487,2,0,0,-1,-1,-1
0,0,0,0,-1,-1,-1
155310,1,0,1,0,4424,4424
154451,1,1,-1,117,5880,5811
153522,1,0,1,105,5071,5007
154912,1,1,0,130,5771,5735
154642,2,0,0,-1,-1,-1
155051,1,0,1,73,6412,6369
154219,2,0,0,-1,-1,-1
0,0,0,0,-1,-1,-1
154758,1,1,0,68,1953,1917
0,0,0,0,-1,-1,-1
0,0,0,0,-1,-1,-1
153853,2,0,0,-1,-1,-1
153563,2,0,0,-1,-1,-1
153784,2,0,0,-1,-1,-1
0,0,0,0,-1,-1,-1
155161,1,0,1,264,6327,6209
155157,1,1,0,107,4494,4457
154246,2,0,0,-1,-1,-1
0,0,0,0,-1,-1,-1
0,0,0,0,-1,-1,-1
154343,1,1,1,232,7136,7019
154632,1,0,1,164,2188,2118
153239,2,0,0,-1,-1,-1
0,0,0,0,-1,-1,-1
154634,2,0,0,-1,-1,-1
154302,1,0,1,138,3839,3761
155282,2,0,0,-1,-1,-1
155358,2,0,0,-1,-1,-1
0,0,0,0,-1,-1,-1
0,0,0,0,-1,-1,-1
154938,2,0,0,-1,-1,-1
0,0,0,0,-1,-1,-1
0,0,0,0,-1,-1,-1
0,0,0,0,-1,-1,-1
0,0,0,0,-1,-1,-1
154229,2,0,0,-1,-1,-1
154873,1,0,1,134,2272,2217
154291,2,0,0,-1,-1,-1
153718,2,0,0,-1,-1,-1
154363,2,0,0,-1,-1,-1
154216,2,0,0,-1,-1,-1
155328,1,1,1,120,16168,16101
0,0,0,0,-1,-1,-1
153354,2,0,0,-1,-1,-1
154111,2,0,0,-1,-1,-1
153946,1,1,0,180,2561,2500
154212,2,0,0,-1,-1,-1
0,0,0,0,-1,-1,-1
154148,1,0,1,132,3344,3259
153397,2,0,0,-1,-1,-1
154793,2,0,0,-1,-1,-1
0,0,0,0,-1,-1,-1
153610,1,1,0,0,2773,2774
153963,2,0,0,-1,-1,-1
153178,2,0,0,-1,-1,-1
154270,1,1,0,57,2087,2061
0,0,0,0,-1,-1,-1
154328,1,0,1,24,9905,9903
155055,1,1,0,58,6764,6731
0,0,0,0,-1,-1,-1
153778,1,1,0,121,2219,2166
0,0,0,0,-1,-1,-1
154426,2,0,0,-1,-1,-1
0,0,0,0,-1,-1,-1
153324,1,1,0,54,2022,1989
155274,1,0,1,16,3561,3544
152897,1,1,0,34,10006,9997
153982,2,0,0,-1,-1,-1
0,0,0,0,-1,-1,-1
154632,1,0,1,0,7608,7608
154046,1,0,1,47,8644,8623
154573,2,0,0,-1,-1,-1
154331,2,0,0,-1,-1,-1
154864,2,0,0,-1,-1,-1
0,0,0,0,-1,-1,-1
154790,1,1,-1,41,3408,3396
0,0,0,0,-1,-1,-1
153769,1,1,0,116,3971,3921
155012,1,0,1,62,2399,2371
154672,1,0,1,68,1756,1726
154654,1,1,0,229,4607,4519
154011,2,0,0,-1,-1,-1
154764,1,0,1,0,16669,16669
153457,2,0,0,-1,-1,-1
154809,1,0,1,187,5155,5071
154414,2,0,0,-1,-1,-1
154761,2,0,0,-1,-1,-1
154794,2,0,0,-1,-1,-1
0,0,0,0,-1,-1,-1
154168,2,0,0,-1,-1,-1
154247,1,1,0,144,8339,8273
154724,1,0,1,121,2952,2893
154981,2,0,0,-1,-1,-1
155064,2,0,0,-1,-1,-1
152902,2,0,0,-1,-1,-1
154622,2,0,0,-1,-1,-1
0,0,0,0,-1,-1,-1
153234,2,0,0,-1,-1,-1
154452,1,1,0,124,3187,3131
153821,1,1,0,77,3058,3014
154350,2,0,0,-1,-1,-1
0,0,0,0,-1,-1,-1
155030,2,0,0,-1,-1,-1
153573,2,0,0,-1,-1,-1
154753,2,0,0,-1,-1,-1
152662,2,0,0,-1,-1,-1
152658,2,0,0,-1,-1,-1
154317,2,0,0,-1,-1,-1
155208,1,1,1,279,5850,5696
152499,1,0,1,130,4595,4544
154613,1,1,0,26,13641,13631
154982,1,1,0,105,2747,2695
154832,1,0,1,199,2792,2688
0,0,0,0,-1,-1,-1
155151,1,1,1,86,6250,6200
154110,1,0,1,35,6876,6837
154282,1,1,0,51,4803,4766
0,0,0,0,-1,-1,-1
153577,2,0,0,-1,-1,-1
155263,1,0,1,0,12848,12848
154309,2,0,0,-1,-1,-1
155298,1,0,1,102,4996,4931
154319,2,0,0,-1,-1,-1
154374,2,0,0,-1,-1,-1
155318,1,0,1,176,4507,4410
153784,2,0,0,-1,-1,-1
154181,2,0,0,-1,-1,-1
153670,1,1,0,117,10132,10083
154473,2,0,0,-1,-1,-1
153627,1,0,1,54,4977,4955
0,0,0,0,-1,-1,-1
153842,2,0,0,-1,-1,-1
0,0,0,0,-1,-1,-1
154990,1,1,1,219,5776,5676
154543,1,1,0,0,2382,2382
154961,1,1,0,108,2179,2143
0,0,0,0,-1,-1,-1
0,0,0,0,-1,-1,-1
153470,2,0,0,-1,-1,-1
153781,1,1,0,84,4712,4675
154493,2,0,0,-1,-1,-1
154855,1,0,1,107,2430,2387
154624,2,0,0,-1,-1,-1
0,0,0,0,-1,-1,-1
0,0,0,0,-1,-1,-1
154765,1,0,1,36,9207,9187
155004,1,0,1,112,1374,1335
0,0,0,0,-1,-1,-1
0,0,0,0,-1,-1,-1
155064,1,0,1,37,16361,16334
154059,1,1,1,101,3049,3013
154225,2,0,0,-1,-1,-1
154215,1,0,1,114,3152,3097
154786,2,0,0,-1,-1,-1
155130,1,0,1,0,7584,7584
151836,2,0,0,-1,-1,-1
155357,1,1,0,94,4133,4090
153977,2,0,0,-1,-1,-1
155161,1,1,0,136,2874,2787
153659,1,1,0,0,1887,1887
154709,1,1,0,159,5685,5626
152213,2,0,0,-1,-1,-1
153048,1,0,1,47,4514,4486
0,0,0,0,-1,-1,-1
0,0,0,0,-1,-1,-1
155328,1,1,1,129,2273,2209
153088,2,0,0,-1,-1,-1
155317,1,0,1,78,2067,2007
154503,2,0,0,-1,-1,-1
154169,2,0,0,-1,-1,-1
0,0,0,0,-1,-1,-1
155318,1,0,1,1,17121,17120
154693,1,1,0,60,2210,2171
153995,2,0,0,-1,-1,-1
154778,1,0,1,194,4809,4718
154376,2,0,0,-1,-1,-1
152516,2,0,0,-1,-1,-1
154474,1,0,1,85,2648,2624
154402,1,1,0,136,1293,1239
154077,2,0,0,-1,-1,-1
155146,1,1,0,302,7537,7430
155191,1,0,1,29,1932,1924
0,0,0,0,-1,-1,-1
0,0,0,0,-1,-1,-1
154416,1,1,1,109,7618,7573
154887,1,0,1,208,2546,2427
154365,1,1,0,214,3267,3158
152795,2,0,0,-1,-1,-1
0,0,0,0,-1,-1,-1
154880,1,1,0,163,2902,2816
0,0,0,0,-1,-1,-1
154102,1,1,0,132,1934,1872
155023,1,1,0,22,2754,2738
153155,1,0,1,164,3729,3658
153802,2,0,0,-1,-1,-1
153990,1,1,0,154,6481,6417
0,0,0,0,-1,-1,-1
154286,2,0,0,-1,-1,-1
154736,1,1,-1,70,1480,1444
153735,1,0,1,153,4990,4926
154390,1,0,1,109,2898,2854
155025,1,1,0,26,6250,6241
0,0,0,0,-1,-1,-1
153616,2,0,0,-1,-1,-1
155065,1,0,1,146,4254,4180
0,0,0,0,-1,-1,-1
154052,1,1,0,144,3264,3204
154925,2,0,0,-1,-1,-1
154969,2,0,0,-1,-1,-1
0,0,0,0,-1,-1,-1
0,0,0,0,-1,-1,-1
154343,1,1,0,68,1910,1891
154652,1,1,0,96,5255,5216
154433,2,0,0,-1,-1,-1
0,0,0,0,-1,-1,-1
0,0,0,0,-1,-1,-1
0,0,0,0,-1,-1,-1
154940,1,0,1,52,7379,7365
153012,2,0,0,-1,-1,-1
154304,1,1,-1,126,8752,8692
0,0,0,0,-1,-1,-1
154205,1,1,0,147,3661,3578
153999,1,1,0,146,4895,4816
154498,1,0,1,0,11484,11484
0,0,0,0,-1,-1,-1
154113,1,1,-1,51,6844,6824
154413,2,0,0,-1,-1,-1
155119,1,0,1,0,4223,4223
154938,1,1,0,181,4599,4540
0,0,0,0,-1,-1,-1
154929,1,0,1,137,3055,2985
152258,1,0,1,120,10818,10755
153330,1,0,1,89,10464,10425
0,0,0,0,-1,-1,-1
152241,1,1,0,41,3838,3812
153477,1,0,1,202,6470,6377
154245,1,0,1,105,5204,5163
0,0,0,0,-1,-1,-1
154446,1,0,1,188,2507,2433
153731,2,0,0,-1,-1,-1
0,0,0,0,-1,-1,-1
154853,1,0,1,95,4496,4451
0,0,0,0,-1,-1,-1
0,0,0,0,-1,-1,-1
0,0,0,0,-1,-1,-1
155230,1,1,1,52,5318,5287
155240,1,1,0,116,3511,3461
154707,1,1,0,0,2385,2385
154029,1,0,1,108,3988,3961
154433,2,0,0,-1,-1,-1
0,0,0,0,-1,-1,-1
154141,2,0,0,-1,-1,-1
153851,2,0,0,-1,-1,-1
153985,2,0,0,-1,-1,-1
154564,1,1,0,102,3790,3744
155173,1,0,1,0,10981,10981
153623,2,0,0,-1,-1,-1
0,0,0,0,-1,-1,-1
0,0,0,0,-1,-1,-1
0,0,0,0,-1,-1,-1
0,0,0,0,-1,-1,-1
154995,1,1,0,123,5850,5803
155345,1,1,0,51,24694,24677
154297,2,0,0,-1,-1,-1
0,0,0,0,-1,-1,-1
0,0,0,0,-1,-1,-1
0,0,0,0,-1,-1,-1
153286,1,0,1,41,5752,5730
154747,1,0,1,101,2254,2203
154579,2,0,0,-1,-1,-1
0,0,0,0,-1,-1,-1
154478,2,0,0,-1,-1,-1
0,0,0,0,-1,-1,-1
154263,2,0,0,-1,-1,-1
0,0,0,0,-1,-1,-1
155161,1,0,1,205,2124,2038
154224,1,0,1,100,3560,3517
0,0,0,0,-1,-1,-1
154685,2,0,0,-1,-1,-1
0,0,0,0,-1,-1,-1
154547,2,0,0,-1,-1,-1
154821,1,1,0,147,3144,3079
0,0,0,0,-1,-1,-1
155207,1,0,1,136,2571,2520
154983,1,1,0,0,2916,2916
154390,2,0,0,-1,-1,-1
0,0,0,0,-1,-1,-1
0,0,0,0,-1,-1,-1
154858,1,1,0,88,2862,2818
152326,2,0,0,-1,-1,-1
0,0,0,0,-1,-1,-1
155352,1,0,1,185,6920,6831
153633,2,0,0,-1,-1,-1
0,0,0,0,-1,-1,-1
154792,1,1,0,27,29254,29256
154091,2,0,0,-1,-1,-1
155208,1,0,1,162,1897,1816
154639,2,0,0,-1,-1,-1
154915,2,0,0,-1,-1,-1
153487,2,0,0,-1,-1,-1
0,0,0,0,-1,-1,-1
153949,1,0,1,122,2721,2677
0,0,0,0,-1,-1,-1
0,0,0,0,-1,-1,-1
0,0,0,0,-1,-1,-1
0,0,0,0,-1,-1,-1
0,0,0,0,-1,-1,-1
0,0,0,0,-1,-1,-1
154583,2,0,0,-1,-1,-1
153371,1,1,0,39,25283,25271
0,0,0,0,-1,-1,-1
154142,2,0,0,-1,-1,-1
155247,1,0,1,31,2731,2716
154659,2,0,0,-1,-1,-1
153513,1,1,0,69,2961,2917
0,0,0,0,-1,-1,-1
154928,1,1,0,100,2093,2044
154836,1,0,1,126,3085,3016
0,0,0,0,-1,-1,-1
154456,2,0,0,-1,-1,-1
154869,1,1,0,0,4898,4898
0,0,0,0,-1,-1,-1
154960,1,1,0,61,2900,2876
0,0,0,0,-1,-1,-1
154012,1,1,0,0,7110,7110
155181,1,1,-1,190,6692,6595
154329,2,0,0,-1,-1,-1
0,0,0,0,-1,-1,-1
153748,1,0,1,0,1222,1222
155321,1,1,-1,171,2841,2778
155333,1,1,0,11,7245,7243
152001,1,0,1,78,4651,4620
0,0,0,0,-1,-1,-1
0,0,0,0,-1,-1,-1
153520,2,0,0,-1,-1,-1
153522,2,0,0,-1,-1,-1
154960,1,1,0,37,7061,7043
0,0,0,0,-1,-1,-1
154232,1,1,1,199,6866,6777
154567,1,0,1,220,5267,5192
154617,2,0,0,-1,-1,-1
153685,2,0,0,-1,-1,-1
0,0,0,0,-1,-1,-1
154526,1,0,1,78,3336,3304
154146,2,0,0,-1,-1,-1
0,0,0,0,-1,-1,-1
154912,1,1,1,53,2496,2474
0,0,0,0,-1,-1,-1
0,0,0,0,-1,-1,-1
0,0,0,0,-1,-1,-1
0,0,0,0,-1,-1,-1
154664,2,0,0,-1,-1,-1
154342,1,1,0,158,3213,3117
154302,1,1,0,208,6484,6381
153880,2,0,0,-1,-1,-1
0,0,0,0,-1,-1,-1
154185,2,0,0,-1,-1,-1
155270,1,1,0,64,1827,1793
0,0,0,0,-1,-1,-1
0,0,0,0,-1,-1,-1
155379,1,1,-1,17,4611,4607
155240,1,1,0,0,756,756
155102,1,0,1,76,5120,5083
0,0,0,0,-1,-1,-1
0,0,0,0,-1,-1,-1
0,0,0,0,-1,-1,-1
154951,1,0,1,128,1815,1730
153585,2,0,0,-1,-1,-1
154890,1,1,0,29,4553,4535
153940,2,0,0,-1,-1,-1
151897,1,0,1,76,2431,2403
0,0,0,0,-1,-1,-1
153775,2,0,0,-1,-1,-1
154678,1,0,1,15,3588,3586
155172,1,1,0,186,4427,4354
154411,2,0,0,-1,-1,-1
155303,1,1,0,70,16031,16015
0,0,0,0,-1,-1,-1
154723,1,0,1,73,3751,3726
155350,1,0,1,21,3328,3319
154369,1,1,1,83,5343,5315
154932,2,0,0,-1,-1,-1
154664,1,0,1,40,6009,5995
154764,2,0,0,-1,-1,-1
154280,2,0,0,-1,-1,-1
153317,1,1,0,0,11692,11692
154558,1,0,1,149,5599,5539
154953,1,0,1,107,1457,1389
154705,2,0,0,-1,-1,-1
154580,1,1,0,112,6875,6843
155158,2,0,0,-1,-1,-1
153758,2,0,0,-1,-1,-1
0,0,0,0,-1,-1,-1
0,0,0,0,-1,-1,-1
0,0,0,0,-1,-1,-1
0,0,0,0,-1,-1,-1
154325,2,0,0,-1,-1,-1
154500,2,0,0,-1,-1,-1
155162,1,1,0,0,0,0
154463,2,0,0,-1,-1,-1
154800,1,1,0,0,4410,4410
153503,2,0,0,-1,-1,-1
153718,2,0,0,-1,-1,-1
154936,1,1,0,267,8255,8158
152504,1,0,1,89,7360,7326
0,0,0,0,-1,-1,-1
154808,1,0,1,137,6075,6018
155361,1,1,1,73,6006,5975
153397,2,0,0,-1,-1,-1
154276,1,1,0,45,5031,5013
0,0,0,0,-1,-1,-1
154719,2,0,0,-1,-1,-1
153888,1,1,0,17,2780,2779
153073,2,0,0,-1,-1,-1
155007,1,0,1,87,5167,5135
154004,2,0,0,-1,-1,-1
0,0,0,0,-1,-1,-1
0,0,0,0,-1,-1,-1
155383,1,1,0,37,2017,1998
0,0,0,0,-1,-1,-1
155030,1,1,0,45,4620,4614
153746,1,0,1,33,4137,4114
154529,2,0,0,-1,-1,-1
154669,1,1,0,148,6719,6664
153424,1,0,1,149,1994,1933
153655,2,0,0,-1,-1,-1
153426,2,0,0,-1,-1,-1
0,0,0,0,-1,-1,-1
153961,2,0,0,-1,-1,-1
153544,2,0,0,-1,-1,-1
155207,1,0,1,0,12659,12659
154156,1,0,1,187,2842,2753
154929,2,0,0,-1,-1,-1
0,0,0,0,-1,-1,-1
154422,1,1,0,69,3881,3858
153404,2,0,0,-1,-1,-1
0,0,0,0,-1,-1,-1
154071,2,0,0,-1,-1,-1
0,0,0,0,-1,-1,-1
154388,2,0,0,-1,-1,-1
154089,2,0,0,-1,-1,-1
0,0,0,0,-1,-1,-1
155174,1,1,1,268,5433,5285
154404,2,0,0,-1,-1,-1
152842,2,0,0,-1,-1,-1
154273,2,0,0,-1,-1,-1
155081,2,0,0,-1,-1,-1
154503,2,0,0,-1,-1,-1
155141,1,1,-1,64,7092,7066
153337,2,0,0,-1,-1,-1
155252,1,1,0,86,1818,1766
154134,1,1,0,26,16798,16791
153368,2,0,0,-1,-1,-1
151824,2,0,0,-1,-1,-1
153546,2,0,0,-1,-1,-1
155147,2,0,0,-1,-1,-1
0,0,0,0,-1,-1,-1
0,0,0,0,-1,-1,-1
153384,2,0,0,-1,-1,-1
152442,2,0,0,-1,-1,-1
0,0,0,0,-1,-1,-1
155382,1,0,1,206,2701,2602
154177,2,0,0,-1,-1,-1
153759,2,0,0,-1,-1,-1
154463,1,1,0,13,2035,2023
0,0,0,0,-1,-1,-1
154684,1,0,1,0,8812,8812
0,0,0,0,-1,-1,-1
154391,1,1,0,91,31789,31744
154581,2,0,0,-1,-1,-1
154854,1,0,1,133,2959,2896
154493,2,0,0,-1,-1,-1
155250,1,1,0,90,4234,4215
153982,2,0,0,-1,-1,-1
0,0,0,0,-1,-1,-1
154354,1,0,1,0,19840,19840
152631,1,1,0,56,18692,18670
154478,1,0,1,0,1995,1995
153655,2,0,0,-1,-1,-1
0,0,0,0,-1,-1,-1
154837,2,0,0,-1,-1,-1
0,0,0,0,-1,-1,-1
154080,1,1,0,0,420,420
153321,2,0,0,-1,-1,-1
155144,1,1,0,90,2246,2204
155374,1,0,1,130,1685,1627
154144,1,0,1,103,2884,2845
155106,1,1,0,107,4684,4652
154367,1,1,0,98,1095,1066
0,0,0,0,-1,-1,-1
154329,2,0,0,-1,-1,-1
0,0,0,0,-1,-1,-1
154870,2,0,0,-1,-1,-1
0,0,0,0,-1,-1,-1
153850,2,0,0,-1,-1,-1
0,0,0,0,-1,-1,-1
155219,1,1,1,87,5446,5409
154234,2,0,0,-1,-1,-1
0,0,0,0,-1,-1,-1
155246,1,0,1,134,3832,3776
154422,2,0,0,-1,-1,-1
154755,1,0,1,63,2603,2562
0,0,0,0,-1,-1,-1
153938,2,0,0,-1,-1,-1
0,0,0,0,-1,-1,-1
0,0,0,0,-1,-1,-1
153170,1,0,1,247,2875,2789
153563,2,0,0,-1,-1,-1
154969,1,1,0,72,2438,2405
155143,2,0,0,-1,-1,-1
155227,1,0,1,27,11756,11747
153505,2,0,0,-1,-1,-1
153528,1,1,0,129,17853,17797
0,0,0,0,-1,-1,-1
155191,1,1,0,127,1023,974
0,0,0,0,-1,-1,-1
154947,1,0,1,92,2496,2442
154859,1,1,0,121,5419,5366
155245,1,1,0,0,8441,8441
155182,1,0,1,42,4468,4453
155212,1,0,1,65,4590,4561
154560,2,0,0,-1,-1,-1
154114,2,0,0,-1,-1,-1
154091,2,0,0,-1,-1,-1
155366,1,1,0,147,1479,1436
0,0,0,0,-1,-1,-1
155309,1,0,1,88,5733,5715
153465,2,0,0,-1,-1,-1
154723,1,1,1,41,5480,5471
154563,1,1,0,205,2773,2689
0,0,0,0,-1,-1,-1
154314,2,0,0,-1,-1,-1
154325,1,1,0,0,38127,38127
154756,2,0,0,-1,-1,-1
0,0,0,0,-1,-1,-1
0,0,0,0,-1,-1,-1
153491,1,1,0,121,5381,5324
155173,1,0,1,169,2007,1926
153842,2,0,0,-1,-1,-1
153939,2,0,0,-1,-1,-1
154876,2,0,0,-1,-1,-1
0,0,0,0,-1,-1,-1
154078,1,1,0,150,1081,1005
154674,1,1,0,67,7608,7574
153852,1,0,1,145,4927,4874
0,0,0,0,-1,-1,-1
155204,2,0,0,-1,-1,-1
154739,2,0,0,-1,-1,-1
153496,2,0,0,-1,-1,-1
155338,1,0,1,107,2223,2161
155074,1,0,1,122,4729,4670
154890,2,0,0,-1,-1,-1
154307,2,0,0,-1,-1,-1
153280,2,0,0,-1,-1,-1
153906,2,0,0,-1,-1,-1
0,0,0,0,-1,-1,-1
155240,1,1,0,0,4598,4598
0,0,0,0,-1,-1,-1
153442,1,0,1,82,3499,3458
0,0,0,0,-1,-1,-1
0,0,0,0,-1,-1,-1
0,0,0,0,-1,-1,-1
0,0,0,0,-1,-1,-1
153558,1,1,0,73,4820,4796
154927,2,0,0,-1,-1,-1
155174,1,1,-1,268,4759,4629
0,0,0,0,-1,-1,-1
154128,1,1,0,13,3517,3510
0,0,0,0,-1,-1,-1
0,0,0,0,-1,-1,-1
153918,2,0,0,-1,-1,-1
154510,2,0,0,-1,-1,-1
154757,1,1,0,84,2843,2807
153949,2,0,0,-1,-1,-1
154542,1,1,1,172,3983,3912
152654,2,0,0,-1,-1,-1
154383,1,1,1,168,4641,4568
154309,2,0,0,-1,-1,-1
153398,1,1,0,33,4436,4417
0,0,0,0,-1,-1,-1
154006,1,1,0,0,3279,3279
153988,2,0,0,-1,-1,-1
155315,1,1,0,218,6432,6307
154151,2,0,0,-1,-1,-1
154283,1,1,0,129,5142,5085
153830,1,1,0,101,6518,6480
0,0,0,0,-1,-1,-1
0,0,0,0,-1,-1,-1
0,0,0,0,-1,-1,-1
0,0,0,0,-1,-1,-1
152613,2,0,0,-1,-1,-1
154533,2,0,0,-1,-1,-1
0,0,0,0,-1,-1,-1
154567,1,1,0,34,4055,4040
153636,2,0,0,-1,-1,-1
153700,1,0,1,172,3181,3088
0,0,0,0,-1,-1,-1
154786,2,0,0,-1,-1,-1
154882,1,0,1,73,2947,2909
0,0,0,0,-1,-1,-1
0,0,0,0,-1,-1,-1
154291,2,0,0,-1,-1,-1
154696,2,0,0,-1,-1,-1
0,0,0,0,-1,-1,-1
0,0,0,0,-1,-1,-1
154634,2,0,0,-1,-1,-1
153091,2,0,0,-1,-1,-1
155164,1,1,0,75,3265,3240
155044,1,1,0,17,10946,10930
154415,2,0,0,-1,-1,-1
0,0,0,0,-1,-1,-1
155384,1,1,0,52,5729,5709
154429,1,1,-1,312,6654,6527
0,0,0,0,-1,-1,-1
153817,2,0,0,-1,-1,-1
152950,2,0,0,-1,-1,-1
155080,1,0,1,99,2890,2848
155251,1,1,0,0,9922,9922
155124,1,1,0,216,5513,5407
154976,1,0,1,17,8111,8102
0,0,0,0,-1,-1,-1
0,0,0,0,-1,-1,-1
154966,2,0,0,-1,-1,-1
0,0,0,0,-1,-1,-1
154222,2,0,0,-1,-1,-1
154509,1,1,0,101,1912,1850
0,0,0,0,-1,-1,-1
154702,2,0,0,-1,-1,-1
154898,1,1,-1,314,5792,5676
155137,1,1,0,347,6661,6513
0,0,0,0,-1,-1,-1
154031,1,1,-1,123,2821,2751
0,0,0,0,-1,-1,-1
154918,2,0,0,-1,-1,-1
154180,1,1,0,117,5544,5486
153890,1,1,0,115,4025,3971
154091,2,0,0,-1,-1,-1
0,0,0,0,-1,-1,-1
154489,2,0,0,-1,-1,-1
0,0,0,0,-1,-1,-1
0,0,0,0,-1,-1,-1
155276,1,1,1,25,13779,13763
154905,2,0,0,-1,-1,-1
154780,2,0,0,-1,-1,-1
152706,1,0,1,170,5098,5014
154520,2,0,0,-1,-1,-1
155192,1,1,0,65,12025,11986
155303,1,1,0,18,5968,5962
0,0,0,0,-1,-1,-1
154148,1,1,0,29,2947,2934
154463,1,0,1,137,1154,1112
155225,1,0,1,28,6194,6177
154796,1,1,0,131,7997,7932
155065,1,0,1,35,4173,4167
0,0,0,0,-1,-1,-1
154597,1,0,1,177,3176,3068
0,0,0,0,-1,-1,-1
154393,1,0,1,95,5618,5577
155115,1,0,1,25,5741,5729
0,0,0,0,-1,-1,-1
0,0,0,0,-1,-1,-1
154887,2,0,0,-1,-1,-1
155319,1,1,0,128,2279,2209
152904,2,0,0,-1,-1,-1
0,0,0,0,-1,-1,-1
154541,1,1,0,12,6481,6470
153358,2,0,0,-1,-1,-1
154728,2,0,0,-1,-1,-1
154687,2,0,0,-1,-1,-1
154724,1,0,1,17,6346,6341
154529,1,1,0,0,27387,27387
155080,1,1,0,79,3814,3779
154185,2,0,0,-1,-1,-1
153259,2,0,0,-1,-1,-1
0,0,0,0,-1,-1,-1
155289,1,1,-1,65,2980,2960
154650,1,1,0,3,2554,2547
154933,1,1,0,56,10076,10055
154529,2,0,0,-1,-1,-1
154706,1,0,1,0,9441,9441
154751,1,1,1,177,5475,5397
154182,2,0,0,-1,-1,-1
155042,1,1,-1,136,8455,8378
155333,1,0,1,98,7417,7371
154643,1,1,1,117,2652,2615
0,0,0,0,-1,-1,-1
154352,2,0,0,-1,-1,-1
0,0,0,0,-1,-1,-1
154454,1,0,1,13,1087,1080
0,0,0,0,-1,-1,-1
153165,1,1,0,150,1797,1735
0,0,0,0,-1,-1,-1
154998,2,0,0,-1,-1,-1
154555,2,0,0,-1,-1,-1
0,0,0,0,-1,-1,-1
154272,1,0,1,95,978,956
154278,1,1,0,211,6818,6755
154392,1,0,1,64,5867,5832
154653,2,0,0,-1,-1,-1
0,0,0,0,-1,-1,-1
155294,1,0,1,119,9196,9147
0,0,0,0,-1,-1,-1
154885,1,0,1,39,4176,4154
154013,1,0,1,81,2498,2461
154799,1,0,1,42,10773,10755
0,0,0,0,-1,-1,-1
0,0,0,0,-1,-1,-1
0,0,0,0,-1,-1,-1
153233,1,0,1,173,1470,1382
0,0,0,0,-1,-1,-1
154438,2,0,0,-1,-1,-1
153501,2,0,0,-1,-1,-1
153902,2,0,0,-1,-1,-1
153822,2,0,0,-1,-1,-1
155060,1,1,0,92,6366,6307
153605,2,0,0,-1,-1,-1
154462,2,0,0,-1,-1,-1
155209,2,0,0,-1,-1,-1
154961,2,0,0,-1,-1,-1
0,0,0,0,-1,-1,-1
154375,2,0,0,-1,-1,-1
154040,1,0,1,68,2482,2445
154001,1,1,0,75,3190,3164
154330,1,1,0,79,5133,5079
152931,2,0,0,-1,-1,-1
0,0,0,0,-1,-1,-1
153172,1,0,1,180,3239,3164
154725,1,1,0,84,6168,6131
155138,2,0,0,-1,-1,-1
154290,1,0,1,80,6755,6727
0,0,0,0,-1,-1,-1
155207,1,1,0,38,5581,5568
0,0,0,0,-1,-1,-1
0,0,0,0,-1,-1,-1
0,0,0,0,-1,-1,-1
154708,1,0,1,0,12792,12792
151836,2,0,0,-1,-1,-1
154878,1,1,0,45,6715,6685
0,0,0,0,-1,-1,-1
0,0,0,0,-1,-1,-1
0,0,0,0,-1,-1,-1
154950,2,0,0,-1,-1,-1
154370,2,0,0,-1,-1,-1
153688,2,0,0,-1,-1,-1
154902,1,0,1,124,6748,6707
0,0,0,0,-1,-1,-1
153945,1,0,1,0,832,832
154379,2,0,0,-1,-1,-1
154448,2,0,0,-1,-1,-1
154631,1,1,1,143,5288,5200
154343,1,1,0,110,2123,2079
154863,1,0,1,34,5359,5346
155184,1,1,1,234,6139,6027
0,0,0,0,-1,-1,-1
0,0,0,0,-1,-1,-1
0,0,0,0,-1,-1,-1
154574,1,1,0,98,11188,11123
154881,1,0,1,91,3388,3350
0,0,0,0,-1,-1,-1
154667,1,0,1,72,3157,3133
155118,2,0,0,-1,-1,-1
0,0,0,0,-1,-1,-1
0,0,0,0,-1,-1,-1
154096,1,0,1,52,3478,3455
0,0,0,0,-1,-1,-1
154934,2,0,0,-1,-1,-1
154350,2,0,0,-1,-1,-1
154122,1,1,0,49,4526,4506
155228,1,0,1,112,4007,3943
154173,1,1,0,63,2622,2577
0,0,0,0,-1,-1,-1
155061,1,0,1,66,15412,15389
0,0,0,0,-1,-1,-1
0,0,0,0,-1,-1,-1
154050,2,0,0,-1,-1,-1
154447,1,1,0,73,1095,1065
153748,1,1,0,19,4195,4179
155245,1,0,1,58,2220,2198
154603,1,1,1,176,4306,4226
153831,2,0,0,-1,-1,-1
155189,1,0,1,95,8948,8897
153490,2,0,0,-1,-1,-1
154577,1,0,1,109,2214,2155
155154,2,0,0,-1,-1,-1
0,0,0,0,-1,-1,-1
154785,1,1,0,68,2117,2096
153883,1,0,1,62,2255,2220
0,0,0,0,-1,-1,-1
154354,2,0,0,-1,-1,-1
154503,2,0,0,-1,-1,-1
0,0,0,0,-1,-1,-1
153828,1,0,1,74,2874,2825
155018,2,0,0,-1,-1,-1
0,0,0,0,-1,-1,-1
154279,1,1,0,140,3896,3819
153417,1,1,0,166,6414,6352
0,0,0,0,-1,-1,-1
154476,1,1,-1,126,7526,7479
154263,2,0,0,-1,-1,-1
153940,2,0,0,-1,-1,-1
155321,1,0,1,120,3626,3564
0,0,0,0,-1,-1,-1
0,0,0,0,-1,-1,-1
153871,1,1,-1,204,3942,3852
154822,2,0,0,-1,-1,-1
0,0,0,0,-1,-1,-1
155269,1,1,0,82,9671,9651
154426,1,0,1,58,5397,5366
154750,1,0,1,63,1789,1767
155207,1,1,0,80,2810,2783
153585,2,0,0,-1,-1,-1
153688,2,0,0,-1,-1,-1
154507,1,1,0,109,677,614
154476,1,1,1,254,6524,6444
0,0,0,0,-1,-1,-1
0,0,0,0,-1,-1,-1
154920,1,0,1,146,3962,3921
153810,1,1,0,67,3056,3031
154783,1,1,0,199,2563,2484
0,0,0,0,-1,-1,-1
152538,1,1,0,67,5240,5207
154724,2,0,0,-1,-1,-1
0,0,0,0,-1,-1,-1
0,0,0,0,-1,-1,-1
154971,2,0,0,-1,-1,-1
0,0,0,0,-1,-1,-1
154440,2,0,0,-1,-1,-1
155312,1,1,0,11,7738,7733
153300,2,0,0,-1,-1,-1
153355,2,0,0,-1,-1,-1
155344,1,1,0,46,2469,2447
155141,1,1,0,32,2339,2317
153637,2,0,0,-1,-1,-1
154275,1,1,0,0,8339,8339
0,0,0,0,-1,-1,-1
0,0,0,0,-1,-1,-1
155242,1,1,0,24,7598,7583
153057,2,0,0,-1,-1,-1
0,0,0,0,-1,-1,-1
154263,2,0,0,-1,-1,-1
154850,2,0,0,-1,-1,-1
154187,2,0,0,-1,-1,-1
155244,1,1,0,167,4010,3920
154970,1,1,-1,216,4946,4847
154709,2,0,0,-1,-1,-1
0,0,0,0,-1,-1,-1
154970,1,1,0,21,15421,15410
154644,2,0,0,-1,-1,-1
154905,2,0,0,-1,-1,-1
0,0,0,0,-1,-1,-1
152599,2,0,0,-1,-1,-1
0,0,0,0,-1,-1,-1
154823,1,1,-1,209,10736,10662
153729,2,0,0,-1,-1,-1
0,0,0,0,-1,-1,-1
154793,1,1,0,38,2562,2541
153371,1,1,0,108,2299,2231
0,0,0,0,-1,-1,-1
153214,2,0,0,-1,-1,-1
152940,2,0,0,-1,-1,-1
0,0,0,0,-1,-1,-1
154862,1,1,-1,111,7535,7485
154777,2,0,0,-1,-1,-1
0,0,0,0,-1,-1,-1
153987,2,0,0,-1,-1,-1
0,0,0,0,-1,-1,-1
154543,2,0,0,-1,-1,-1
153792,1,0,1,112,4995,4915
154424,2,0,0,-1,-1,-1
155174,2,0,0,-1,-1,-1
0,0,0,0,-1,-1,-1
0,0,0,0,-1,-1,-1
154084,2,0,0,-1,-1,-1
154769,1,0,1,145,3816,3748
154865,1,1,0,42,4201,4180
155081,2,0,0,-1,-1,-1
153979,2,0,0,-1,-1,-1
153100,2,0,0,-1,-1,-1
0,0,0,0,-1,-1,-1
155186,1,0,1,275,6963,6797
153168,2,0,0,-1,-1,-1
154415,1,1,0,15,16492,16482
0,0,0,0,-1,-1,-1
0,0,0,0,-1,-1,-1
0,0,0,0,-1,-1,-1
154261,2,0,0,-1,-1,-1
154362,1,1,1,83,6454,6409
154175,1,1,0,52,3900,3870
0,0,0,0,-1,-1,-1
154643,1,0,1,148,2269,2207
155292,1,0,1,88,1698,1654
154913,1,0,1,58,2756,2740
154676,1,0,1,205,3538,3428
154840,1,1,0,185,1843,1742
155200,1,0,1,223,2987,2907
154960,2,0,0,-1,-1,-1
154271,1,1,0,47,12617,12580
154886,1,1,0,130,3294,3246
154493,1,1,0,143,4599,4536
0,0,0,0,-1,-1,-1
153319,2,0,0,-1,-1,-1
153366,1,1,0,120,1858,1812
154273,1,1,0,99,11042,11010
0,0,0,0,-1,-1,-1
153633,2,0,0,-1,-1,-1
154778,2,0,0,-1,-1,-1
0,0,0,0,-1,-1,-1
152685,2,0,0,-1,-1,-1
155382,1,0,1,139,3495,3426
0,0,0,0,-1,-1,-1
0,0,0,0,-1,-1,-1
154260,2,0,0,-1,-1,-1
153943,2,0,0,-1,-1,-1
155034,1,0,1,51,3458,3443
153203,1,1,0,0,7482,7482
0,0,0,0,-1,-1,-1
0,0,0,0,-1,-1,-1
155195,1,0,1,100,2818,2778
153918,2,0,0,-1,-1,-1
152964,1,1,0,112,12618,12565
155205,1,1,0,136,3153,3090
153804,1,0,1,76,11368,11341
0,0,0,0,-1,-1,-1
154835,1,1,0,80,2494,2436
0,0,0,0,-1,-1,-1
0,0,0,0,-1,-1,-1
0,0,0,0,-1,-1,-1
155165,1,1,0,0,4290,4290
154495,1,1,1,83,6528,6486
0,0,0,0,-1,-1,-1
153010,1,1,0,97,2073,2031
152275,1,1,0,103,2542,2482
0,0,0,0,-1,-1,-1
0,0,0,0,-1,-1,-1
0,0,0,0,-1,-1,-1
0,0,0,0,-1,-1,-1
152826,2,0,0,-1,-1,-1
0,0,0,0,-1,-1,-1
0,0,0,0,-1,-1,-1
0,0,0,0,-1,-1,-1
0,0,0,0,-1,-1,-1
0,0,0,0,-1,-1,-1
153641,2,0,0,-1,-1,-1
155212,1,0,1,175,3052,2975
0,0,0,0,-1,-1,-1
153985,2,0,0,-1,-1,-1
154589,2,0,0,-1,-1,-1
154039,2,0,0,-1,-1,-1
0,0,0,0,-1,-1,-1
154622,2,0,0,-1,-1,-1
0,0,0,0,-1,-1,-1
154387,2,0,0,-1,-1,-1
153599,1,1,0,0,5136,5136
154294,2,0,0,-1,-1,-1
153993,2,0,0,-1,-1,-1
153876,2,0,0,-1,-1,-1
154606,1,1,0,263,1855,1741
154537,1,1,0,40,7179,7163
0,0,0,0,-1,-1,-1
0,0,0,0,-1,-1,-1
0,0,0,0,-1,-1,-1
0,0,0,0,-1,-1,-1
0,0,0,0,-1,-1,-1
154448,2,0,0,-1,-1,-1
154823,1,0,1,85,858,807
155024,1,1,0,139,3209,3170
154634,2,0,0,-1,-1,-1
0,0,0,0,-1,-1,-1
0,0,0,0,-1,-1,-1
154944,1,1,0,41,3765,3747
0,0,0,0,-1,-1,-1
154913,1,1,0,59,3554,3525
0,0,0,0,-1,-1,-1
154965,2,0,0,-1,-1,-1
155064,2,0,0,-1,-1,-1
0,0,0,0,-1,-1,-1
153058,2,0,0,-1,-1,-1
0,0,0,0,-1,-1,-1
153153,1,0,1,104,1787,1754
154660,1,1,0,144,3314,3233
154561,1,0,1,150,1744,1682
0,0,0,0,-1,-1,-1
155215,2,0,0,-1,-1,-1
155322,1,1,0,50,12079,12060
155073,2,0,0,-1,-1,-1
155351,1,1,0,133,2265,2226
153591,1,1,0,144,4911,4846
0,0,0,0,-1,-1,-1
0,0,0,0,-1,-1,-1
154630,1,0,1,237,2636,2538
155107,1,0,1,120,3049,3003
154240,2,0,0,-1,-1,-1
154392,1,0,1,0,13629,13629
0,0,0,0,-1,-1,-1
154327,2,0,0,-1,-1,-1
0,0,0,0,-1,-1,-1
0,0,0,0,-1,-1,-1
154347,1,1,0,141,5646,5573
154203,1,0,1,131,3204,3143
154434,1,1,1,60,3901,3860
154387,2,0,0,-1,-1,-1
0,0,0,0,-1,-1,-1
0,0,0,0,-1,-1,-1
0,0,0,0,-1,-1,-1
155308,1,1,1,208,11198,11117
0,0,0,0,-1,-1,-1
154560,1,1,0,144,2591,2531
0,0,0,0,-1,-1,-1
154794,1,1,1,279,2806,2690
154484,2,0,0,-1,-1,-1
0,0,0,0,-1,-1,-1
0,0,0,0,-1,-1,-1
154843,2,0,0,-1,-1,-1
155014,1,0,1,0,20766,20766
154678,2,0,0,-1,-1,-1
154223,1,0,1,44,14451,14428
154745,2,0,0,-1,-1,-1
154569,2,0,0,-1,-1,-1
0,0,0,0,-1,-1,-1
153804,1,0,1,142,2832,2778
0,0,0,0,-1,-1,-1
0,0,0,0,-1,-1,-1
155032,1,0,1,129,1449,1388
154917,1,0,1,102,5225,5180
0,0,0,0,-1,-1,-1
154962,1,0,1,109,3293,3240
0,0,0,0,-1,-1,-1
153980,1,0,1,42,7005,6989
155375,1,1,0,18,8310,8304
0,0,0,0,-1,-1,-1
153926,2,0,0,-1,-1,-1
154673,2,0,0,-1,-1,-1
154306,1,1,0,9,2616,2613
0,0,0,0,-1,-1,-1
155274,1,1,1,97,5910,5852
153686,1,1,0,22,5940,5920
154410,2,0,0,-1,-1,-1
154802,1,0,1,162,4245,4154
154811,2,0,0,-1,-1,-1
154517,2,0,0,-1,-1,-1
0,0,0,0,-1,-1,-1
153905,1,1,0,96,2675,2639
155034,1,1,-1,22,11665,11650
155082,1,1,0,90,5747,5698
153833,2,0,0,-1,-1,-1
154713,2,0,0,-1,-1,-1
153808,2,0,0,-1,-1,-1
155359,1,0,1,116,3976,3906
0,0,0,0,-1,-1,-1
155213,2,0,0,-1,-1,-1
0,0,0,0,-1,-1,-1
155352,1,1,0,260,3550,3410
154864,1,1,0,194,6333,6240
154581,2,0,0,-1,-1,-1
155297,1,1,0,53,10354,10333
0,0,0,0,-1,-1,-1
154878,1,1,0,238,4371,4281
154924,1,0,1,43,2771,2737
154298,2,0,0,-1,-1,-1
154498,1,1,0,120,1573,1537
154182,1,1,0,92,5143,5083
154578,2,0,0,-1,-1,-1
154860,2,0,0,-1,-1,-1
0,0,0,0,-1,-1,-1
0,0,0,0,-1,-1,-1
0,0,0,0,-1,-1,-1
154824,2,0,0,-1,-1,-1
0,0,0,0,-1,-1,-1
155075,1,0,1,74,11168,11117
153929,2,0,0,-1,-1,-1
155161,1,1,0,27,3948,3934
154713,1,1,0,0,856,856
0,0,0,0,-1,-1,-1
0,0,0,0,-1,-1,-1
154460,1,1,0,0,4472,4472
154138,2,0,0,-1,-1,-1
0,0,0,0,-1,-1,-1
154099,1,1,0,96,2554,2514
154378,1,0,1,155,7658,7588
0,0,0,0,-1,-1,-1
0,0,0,0,-1,-1,-1
154836,1,0,1,71,3660,3644
154298,2,0,0,-1,-1,-1
0,0,0,0,-1,-1,-1
0,0,0,0,-1,-1,-1
154759,2,0,0,-1,-1,-1
0,0,0,0,-1,-1,-1
154601,1,0,1,29,2453,2429
154156,1,1,1,191,6648,6538
155231,1,0,1,126,2209,2150
152925,2,0,0,-1,-1,-1
154896,1,1,-1,198,8602,8511
155137,1,1,0,32,8331,8310
153946,1,0,1,52,3912,3889
155274,1,1,0,50,3026,3000
154256,1,1,-1,140,6766,6714
155329,1,1,1,250,3181,3066
155181,1,0,1,127,3850,3784
154353,2,0,0,-1,-1,-1
154406,2,0,0,-1,-1,-1
0,0,0,0,-1,-1,-1
153018,1,0,1,173,2540,2468
153249,2,0,0,-1,-1,-1
154630,1,0,1,48,698,666
154300,1,1,1,182,3687,3580
154058,2,0,0,-1,-1,-1
0,0,0,0,-1,-1,-1
154914,1,1,1,180,3355,3271
0,0,0,0,-1,-1,-1
154689,2,0,0,-1,-1,-1
153659,1,0,1,107,3139,3104
154115,1,0,1,0,2752,2752
0,0,0,0,-1,-1,-1
0,0,0,0,-1,-1,-1
153799,1,1,0,111,6533,6475
154400,2,0,0,-1,-1,-1
154301,1,0,1,124,9040,8975
155049,1,1,0,144,4911,4847
0,0,0,0,-1,-1,-1
154332,2,0,0,-1,-1,-1
154636,2,0,0,-1,-1,-1
153747,2,0,0,-1,-1,-1
154147,1,1,-1,199,2381,2321
154768,1,0,1,90,2858,2814
0,0,0,0,-1,-1,-1
153915,2,0,0,-1,-1,-1
153960,2,0,0,-1,-1,-1
154876,1,1,0,219,2921,2801
154175,1,1,-1,173,3010,2933
0,0,0,0,-1,-1,-1
0,0,0,0,-1,-1,-1
0,0,0,0,-1,-1,-1
0,0,0,0,-1,-1,-1
0,0,0,0,-1,-1,-1
154565,2,0,0,-1,-1,-1
154302,1,0,1,134,2284,2235
153278,2,0,0,-1,-1,-1
154964,1,1,0,48,3796,3781
153452,1,0,1,115,4305,4247
154363,2,0,0,-1,-1,-1
153571,2,0,0,-1,-1,-1
0,0,0,0,-1,-1,-1
154078,1,0,1,131,4771,4721
154161,1,0,1,79,2656,2633
154561,1,0,1,214,8037,7946
154389,1,1,0,153,12450,12372
153461,1,0,1,112,1147,1099
154144,2,0,0,-1,-1,-1
155330,1,1,1,207,8402,8322
0,0,0,0,-1,-1,-1
153970,2,0,0,-1,-1,-1
154055,1,1,0,192,2319,2210
0,0,0,0,-1,-1,-1
154474,1,0,1,161,1137,1085
0,0,0,0,-1,-1,-1
154791,1,1,0,44,1580,1567
152953,2,0,0,-1,-1,-1
154949,1,0,1,45,3355,3326
154304,2,0,0,-1,-1,-1
152617,2,0,0,-1,-1,-1
155033,1,0,1,78,4511,4489
155212,2,0,0,-1,-1,-1
153475,1,1,0,195,12991,12937
0,0,0,0,-1,-1,-1
154631,1,0,1,149,3132,3057
154567,2,0,0,-1,-1,-1
153644,2,0,0,-1,-1,-1
0,0,0,0,-1,-1,-1
153877,1,1,0,116,1819,1769
154402,2,0,0,-1,-1,-1
0,0,0,0,-1,-1,-1
154202,2,0,0,-1,-1,-1
0,0,0,0,-1,-1,-1
0,0,0,0,-1,-1,-1
154978,1,1,-1,46,2983,2963
0,0,0,0,-1,-1,-1
154272,2,0,0,-1,-1,-1
154363,2,0,0,-1,-1,-1
155008,1,1,0,160,7594,7515
0,0,0,0,-1,-1,-1
154840,2,0,0,-1,-1,-1
155200,1,1,0,116,3602,3546
154950,1,0,1,41,5355,5339
154505,1,1,0,166,4055,3996
155054,1,0,1,158,8056,7983
0,0,0,0,-1,-1,-1
153842,1,0,1,149,3236,3156
155157,1,0,1,250,2391,2261
154329,1,1,0,52,4994,4977
0,0,0,0,-1,-1,-1
155345,1,0,1,50,2239,2222
0,0,0,0,-1,-1,-1
0,0,0,0,-1,-1,-1
153839,2,0,0,-1,-1,-1
154877,1,1,0,183,5311,5235
152832,1,1,0,51,3334,3322
153645,1,1,-1,30,2575,2563
155136,2,0,0,-1,-1,-1
0,0,0,0,-1,-1,-1
154343,2,0,0,-1,-1,-1
154684,2,0,0,-1,-1,-1
0,0,0,0,-1,-1,-1
154720,2,0,0,-1,-1,-1
153039,1,0,1,233,4213,4131
0,0,0,0,-1,-1,-1
0,0,0,0,-1,-1,-1
0,0,0,0,-1,-1,-1
155344,1,1,0,50,2621,2577
154835,1,1,0,77,10734,10711
154570,1,0,1,87,4268,4222
154623,2,0,0,-1,-1,-1
153267,2,0,0,-1,-1,-1
154093,2,0,0,-1,-1,-1
0,0,0,0,-1,-1,-1
154554,1,1,1,126,6517,6460
0,0,0,0,-1,-1,-1
0,0,0,0,-1,-1,-1
0,0,0,0,-1,-1,-1
0,0,0,0,-1,-1,-1
154030,2,0,0,-1,-1,-1
154405,1,1,-1,238,3592,3453
152235,1,1,0,39,3575,3541
153872,2,0,0,-1,-1,-1
155050,1,1,0,29,5742,5727
0,0,0,0,-1,-1,-1
153704,1,0,1,13,13669,13665
0,0,0,0,-1,-1,-1
154845,2,0,0,-1,-1,-1
155051,1,1,0,94,3264,3221
154263,2,0,0,-1,-1,-1
154510,1,0,1,0,6829,6829
0,0,0,0,-1,-1,-1
154854,1,0,1,0,13338,13338
153299,1,1,0,219,4929,4813
0,0,0,0,-1,-1,-1
155348,1,0,1,144,3629,3584
155313,1,0,1,23,2658,2638
153882,2,0,0,-1,-1,-1
153832,1,1,0,0,8240,8240
154234,2,0,0,-1,-1,-1
154613,1,1,0,35,3005,2990
155303,1,1,0,26,5914,5904
153598,2,0,0,-1,-1,-1
154524,1,1,0,56,605,575
154381,2,0,0,-1,-1,-1
0,0,0,0,-1,-1,-1
153386,1,1,0,0,0,0
153303,2,0,0,-1,-1,-1
153955,2,0,0,-1,-1,-1
155014,1,0,1,145,2015,1952
154975,2,0,0,-1,-1,-1
0,0,0,0,-1,-1,-1
154424,2,0,0,-1,-1,-1
0,0,0,0,-1,-1,-1
0,0,0,0,-1,-1,-1
0,0,0,0,-1,-1,-1
155186,1,1,0,0,8140,8140
0,0,0,0,-1,-1,-1
0,0,0,0,-1,-1,-1
154413,2,0,0,-1,-1,-1
155092,1,1,0,162,4037,3957
154952,1,0,1,132,4368,4292
154130,2,0,0,-1,-1,-1
0,0,0,0,-1,-1,-1
153939,2,0,0,-1,-1,-1
153924,1,0,1,38,2983,2970
154684,1,0,1,96,1850,1798
0,0,0,0,-1,-1,-1
0,0,0,0,-1,-1,-1
154301,1,0,1,188,10016,9934
155185,1,1,0,168,5421,5359
154585,2,0,0,-1,-1,-1
153807,2,0,0,-1,-1,-1
0,0,0,0,-1,-1,-1
0,0,0,0,-1,-1,-1
153770,1,1,0,192,2798,2744
154929,1,1,1,253,4788,4662
154765,1,0,1,181,5377,5291
0,0,0,0,-1,-1,-1
0,0,0,0,-1,-1,-1
154059,2,0,0,-1,-1,-1
154271,2,0,0,-1,-1,-1
154289,2,0,0,-1,-1,-1
154688,2,0,0,-1,-1,-1
155044,1,1,-1,122,5856,5803
0,0,0,0,-1,-1,-1
152818,2,0,0,-1,-1,-1
0,0,0,0,-1,-1,-1
154723,1,0,1,74,3967,3938
155278,1,1,-1,108,4253,4205
155144,2,0,0,-1,-1,-1
154347,2,0,0,-1,-1,-1
154487,1,1,0,43,4932,4907
154651,1,0,1,0,4599,4599
154329,2,0,0,-1,-1,-1
0,0,0,0,-1,-1,-1
154180,2,0,0,-1,-1,-1
153825,1,0,1,3,12725,12720
155171,1,1,0,94,3005,2951
154952,1,0,1,45,4166,4153
0,0,0,0,-1,-1,-1
153137,1,0,1,93,2944,2897
154204,2,0,0,-1,-1,-1
154384,2,0,0,-1,-1,-1
0,0,0,0,-1,-1,-1
154889,1,1,0,108,3606,3534
152887,2,0,0,-1,-1,-1
154755,1,1,1,95,8068,8022
153348,2,0,0,-1,-1,-1
153795,2,0,0,-1,-1,-1
154214,2,0,0,-1,-1,-1
154421,1,1,0,122,9036,8978
0,0,0,0,-1,-1,-1
154474,2,0,0,-1,-1,-1
154832,1,1,0,77,2621,2601
155170,1,1,-1,218,9261,9155
0,0,0,0,-1,-1,-1
154795,1,0,1,81,6190,6152
0,0,0,0,-1,-1,-1
0,0,0,0,-1,-1,-1
0,0,0,0,-1,-1,-1
154276,2,0,0,-1,-1,-1
154073,2,0,0,-1,-1,-1
0,0,0,0,-1,-1,-1
153149,2,0,0,-1,-1,-1
155080,2,0,0,-1,-1,-1
155327,1,0,1,76,5922,5871
153787,1,0,1,81,1104,1067
154947,1,1,0,71,4458,4426
0,0,0,0,-1,-1,-1
155379,1,1,-1,161,5490,5408
154988,2,0,0,-1,-1,-1
154621,1,1,0,42,6255,6241
0,0,0,0,-1,-1,-1
153971,1,1,0,196,4455,4367
154746,2,0,0,-1,-1,-1
154431,2,0,0,-1,-1,-1
0,0,0,0,-1,-1,-1
153949,2,0,0,-1,-1,-1
154443,2,0,0,-1,-1,-1
154123,2,0,0,-1,-1,-1
154612,2,0,0,-1,-1,-1
154474,2,0,0,-1,-1,-1
154482,1,0,1,67,16706,16679
0,0,0,0,-1,-1,-1
154612,1,0,1,156,2828,2759
154151,1,1,1,97,10621,10565
154989,1,0,1,351,4812,4686
154488,1,1,0,168,3176,3077
0,0,0,0,-1,-1,-1
154752,1,1,1,146,3820,3763
0,0,0,0,-1,-1,-1
155214,1,0,1,80,20977,20940
0,0,0,0,-1,-1,-1
0,0,0,0,-1,-1,-1
153463,2,0,0,-1,-1,-1
0,0,0,0,-1,-1,-1
154738,1,1,1,113,3006,2965
153177,2,0,0,-1,-1,-1
154793,2,0,0,-1,-1,-1
155245,1,1,0,0,12012,12012
154795,2,0,0,-1,-1,-1
155324,1,1,-1,80,2450,2412
0,0,0,0,-1,-1,-1
154943,2,0,0,-1,-1,-1
153613,2,0,0,-1,-1,-1
154503,1,0,1,83,4403,4361
0,0,0,0,-1,-1,-1
153969,2,0,0,-1,-1,-1
154052,1,1,0,136,6692,6644
154283,2,0,0,-1,-1,-1
0,0,0,0,-1,-1,-1
0,0,0,0,-1,-1,-1
0,0,0,0,-1,-1,-1
0,0,0,0,-1,-1,-1
154501,2,0,0,-1,-1,-1
0,0,0,0,-1,-1,-1
154845,1,0,1,146,1451,1385
154596,2,0,0,-1,-1,-1
0,0,0,0,-1,-1,-1
154787,1,0,1,41,4086,4063
0,0,0,0,-1,-1,-1
154873,1,1,0,123,1786,1740
155251,1,1,0,38,12120,12101
155289,1,1,1,186,12400,12316
154846,2,0,0,-1,-1,-1
0,0,0,0,-1,-1,-1
153647,2,0,0,-1,-1,-1
153726,2,0,0,-1,-1,-1
153178,1,0,1,121,2560,2503
154111,1,0,1,180,3578,3518
0,0,0,0,-1,-1,-1
0,0,0,0,-1,-1,-1
0,0,0,0,-1,-1,-1
154462,2,0,0,-1,-1,-1
0,0,0,0,-1,-1,-1
153846,1,0,1,166,1216,1138
154734,1,1,-1,99,6680,6621
154420,2,0,0,-1,-1,-1
155069,1,0,1,105,3649,3618
153397,1,0,1,112,2335,2265
0,0,0,0,-1,-1,-1
154938,1,1,1,213,20390,20285
154213,1,0,1,53,1595,1560
155360,1,1,1,276,3134,3008
154677,1,0,1,207,3752,3679
0,0,0,0,-1,-1,-1
152505,1,1,0,174,2493,2394
154025,2,0,0,-1,-1,-1
153400,1,1,0,45,4175,4165
154240,2,0,0,-1,-1,-1
155180,1,1,0,101,1409,1346
0,0,0,0,-1,-1,-1
0,0,0,0,-1,-1,-1
155113,1,1,0,78,1647,1617
154289,1,1,0,217,8060,7962
0,0,0,0,-1,-1,-1
154571,2,0,0,-1,-1,-1
155323,1,0,1,5,7224,7220
154904,1,0,1,123,2003,1943
154996,1,1,0,115,4206,4142
154432,1,0,1,124,5686,5612
0,0,0,0,-1,-1,-1
154448,2,0,0,-1,-1,-1
155253,1,0,1,36,13241,13228
154600,1,1,0,53,5063,5032
155186,2,0,0,-1,-1,-1
0,0,0,0,-1,-1,-1
0,0,0,0,-1,-1,-1
154107,1,1,-1,175,5158,5090
154215,1,0,1,14,6872,6868
0,0,0,0,-1,-1,-1
155195,2,0,0,-1,-1,-1
153902,1,0,1,100,2826,2775
154455,1,1,0,187,3975,3904
0,0,0,0,-1,-1,-1
0,0,0,0,-1,-1,-1
154714,1,1,0,77,2018,1978
0,0,0,0,-1,-1,-1
0,0,0,0,-1,-1,-1
0,0,0,0,-1,-1,-1
155271,1,0,1,25,4843,4819
0,0,0,0,-1,-1,-1
154852,1,0,1,58,5779,5754
154222,2,0,0,-1,-1,-1
154599,1,0,1,162,3534,3484
153643,2,0,0,-1,-1,-1
155178,1,0,1,33,2774,2750
154391,2,0,0,-1,-1,-1
0,0,0,0,-1,-1,-1
155253,2,0,0,-1,-1,-1
153131,2,0,0,-1,-1,-1
153541,2,0,0,-1,-1,-1
154242,2,0,0,-1,-1,-1
0,0,0,0,-1,-1,-1
154187,1,1,0,144,3544,3468
154376,1,1,1,94,4309,4250
0,0,0,0,-1,-1,-1
154710,1,0,1,67,16739,16675
0,0,0,0,-1,-1,-1
152647,2,0,0,-1,-1,-1
0,0,0,0,-1,-1,-1
154239,2,0,0,-1,-1,-1
154106,1,1,0,106,2207,2174
154558,1,1,0,108,3951,3905
0,0,0,0,-1,-1,-1
154985,1,1,1,222,4400,4283
153732,2,0,0,-1,-1,-1
154420,2,0,0,-1,-1,-1
154625,2,0,0,-1,-1,-1
154402,1,1,0,42,2986,2952
155363,1,1,0,35,9373,9352
154445,2,0,0,-1,-1,-1
155011,1,1,1,234,3015,2906
154000,2,0,0,-1,-1,-1
155215,1,1,0,124,4367,4310
0,0,0,0,-1,-1,-1
153851,1,1,0,58,2624,2598
153640,2,0,0,-1,-1,-1
0,0,0,0,-1,-1,-1
153947,2,0,0,-1,-1,-1
152213,2,0,0,-1,-1,-1
154038,2,0,0,-1,-1,-1
155168,1,1,0,75,1888,1860
155137,1,0,1,47,28193,28180
155337,1,1,0,115,5278,5198
155046,2,0,0,-1,-1,-1
0,0,0,0,-1,-1,-1
0,0,0,0,-1,-1,-1
154249,2,0,0,-1,-1,-1
155384,1,0,1,120,1767,1711
0,0,0,0,-1,-1,-1
154652,2,0,0,-1,-1,-1
153938,2,0,0,-1,-1,-1
154292,1,1,0,113,10798,10735
153829,2,0,0,-1,-1,-1
0,0,0,0,-1,-1,-1
154494,1,0,1,22,8721,8717
0,0,0,0,-1,-1,-1
0,0,0,0,-1,-1,-1
153369,1,1,0,66,5784,5762
0,0,0,0,-1,-1,-1
154472,1,1,0,199,2305,2230
0,0,0,0,-1,-1,-1
154395,2,0,0,-1,-1,-1
154312,2,0,0,-1,-1,-1
155038,2,0,0,-1,-1,-1
0,0,0,0,-1,-1,-1
153251,2,0,0,-1,-1,-1
154615,1,1,0,133,1251,1192
154011,2,0,0,-1,-1,-1
155284,2,0,0,-1,-1,-1
0,0,0,0,-1,-1,-1
153654,1,1,0,130,3401,3326
154777,1,1,0,237,3641,3567
154021,2,0,0,-1,-1,-1
0,0,0,0,-1,-1,-1
0,0,0,0,-1,-1,-1
155012,1,0,1,134,5095,5017
154417,1,0,1,255,3968,3855
0,0,0,0,-1,-1,-1
154663,1,1,1,173,5192,5107
0,0,0,0,-1,-1,-1
153949,2,0,0,-1,-1,-1
154598,1,1,0,107,1221,1173
154516,1,0,1,178,1718,1635
154574,2,0,0,-1,-1,-1
154523,2,0,0,-1,-1,-1
155093,1,1,0,167,2313,2243
153514,1,0,1,26,7398,7389
0,0,0,0,-1,-1,-1
154291,2,0,0,-1,-1,-1
154996,1,1,0,239,2898,2780
154781,1,0,1,160,2093,1982
155058,1,1,0,78,4856,4826
0,0,0,0,-1,-1,-1
154087,2,0,0,-1,-1,-1
0,0,0,0,-1,-1,-1
155318,1,1,0,108,2016,1962
153760,1,0,1,99,3846,3808
155294,2,0,0,-1,-1,-1
155197,1,1,0,66,4541,4501
154721,2,0,0,-1,-1,-1
0,0,0,0,-1,-1,-1
154911,1,1,0,108,3864,3835
154502,2,0,0,-1,-1,-1
153724,2,0,0,-1,-1,-1
153895,2,0,0,-1,-1,-1
0,0,0,0,-1,-1,-1
154332,1,0,1,105,4026,3983
154414,2,0,0,-1,-1,-1
154794,1,1,0,53,4347,4321
0,0,0,0,-1,-1,-1
154508,1,1,0,170,4877,4816
153217,2,0,0,-1,-1,-1
153598,1,1,0,0,0,0
155093,1,1,0,106,1155,1120
155342,1,1,0,21,7512,7502
0,0,0,0,-1,-1,-1
0,0,0,0,-1,-1,-1
154042,2,0,0,-1,-1,-1
0,0,0,0,-1,-1,-1
154199,2,0,0,-1,-1,-1
155352,1,0,1,106,2019,1954
0,0,0,0,-1,-1,-1
154323,1,1,0,0,1908,1908
153876,1,1,0,181,4135,4065
154879,2,0,0,-1,-1,-1
154883,1,1,0,71,2682,2653
154341,1,1,0,67,4308,4270
0,0,0,0,-1,-1,-1
153832,2,0,0,-1,-1,-1
0,0,0,0,-1,-1,-1
0,0,0,0,-1,-1,-1
154885,1,0,1,89,1890,1845
154439,1,1,0,35,4331,4319
154318,2,0,0,-1,-1,-1
154994,1,0,1,119,2837,2807
0,0,0,0,-1,-1,-1
154543,1,1,0,239,7673,7556
153499,2,0,0,-1,-1,-1
154452,2,0,0,-1,-1,-1
0,0,0,0,-1,-1,-1
152748,2,0,0,-1,-1,-1
154905,2,0,0,-1,-1,-1
155107,1,1,1,144,10922,10844
153762,2,0,0,-1,-1,-1
153565,2,0,0,-1,-1,-1
154966,2,0,0,-1,-1,-1
0,0,0,0,-1,-1,-1
0,0,0,0,-1,-1,-1
153784,2,0,0,-1,-1,-1
154808,1,1,0,74,4100,4081
154977,1,0,1,0,12393,12393
154229,1,0,1,6,19757,19747
155122,1,0,1,0,2682,2682
154799,2,0,0,-1,-1,-1
154933,1,1,0,17,10413,10403
152987,2,0,0,-1,-1,-1
0,0,0,0,-1,-1,-1
0,0,0,0,-1,-1,-1
154747,2,0,0,-1,-1,-1
155281,1,0,1,52,14228,14214
152684,2,0,0,-1,-1,-1
154543,2,0,0,-1,-1,-1
153295,2,0,0,-1,-1,-1
154754,2,0,0,-1,-1,-1
155029,1,1,0,132,2969,2910
0,0,0,0,-1,-1,-1
0,0,0,0,-1,-1,-1
154231,2,0,0,-1,-1,-1
155045,1,1,0,374,3555,3357
154279,2,0,0,-1,-1,-1
155148,1,1,0,263,3952,3846
153893,1,1,0,45,1390,1353
153369,2,0,0,-1,-1,-1
155161,1,1,0,25,6062,6035
154642,1,1,0,79,3853,3820
154862,1,1,0,99,3647,3611
154535,2,0,0,-1,-1,-1
154903,2,0,0,-1,-1,-1
153392,2,0,0,-1,-1,-1
0,0,0,0,-1,-1,-1
154936,1,1,0,2,21622,21622
0,0,0,0,-1,-1,-1
154214,1,0,1,115,3984,3954
152841,2,0,0,-1,-1,-1
154889,1,1,-1,167,10729,10674
154742,1,1,0,346,7165,7025
151551,1,1,0,32,1148,1129
0,0,0,0,-1,-1,-1
153493,2,0,0,-1,-1,-1
154972,1,0,1,225,3171,3109
0,0,0,0,-1,-1,-1
153289,1,1,0,16,30514,30503
0,0,0,0,-1,-1,-1
154542,1,1,0,217,2959,2867
155340,1,0,1,105,11725,11684
0,0,0,0,-1,-1,-1
0,0,0,0,-1,-1,-1
154849,1,0,1,171,2521,2442
153330,1,0,1,115,5134,5096
154160,2,0,0,-1,-1,-1
155085,1,1,0,118,1051,986
154607,1,1,0,185,1461,1376
154227,2,0,0,-1,-1,-1
155385,1,0,1,106,5566,5531
153710,1,0,1,56,4108,4073
154907,2,0,0,-1,-1,-1
154903,2,0,0,-1,-1,-1
153601,1,1,0,72,9651,9615
154868,1,1,-1,171,3099,3038
154801,2,0,0,-1,-1,-1
0,0,0,0,-1,-1,-1
153772,2,0,0,-1,-1,-1
0,0,0,0,-1,-1,-1
153670,1,0,1,113,5239,5190
153811,1,0,1,27,1430,1420
154691,1,0,1,137,2942,2881
154834,1,1,1,202,2320,2230
0,0,0,0,-1,-1,-1
0,0,0,0,-1,-1,-1
153534,2,0,0,-1,-1,-1
154308,2,0,0,-1,-1,-1
152802,2,0,0,-1,-1,-1
0,0,0,0,-1,-1,-1
0,0,0,0,-1,-1,-1
154847,1,0,1,157,10255,10191
153888,2,0,0,-1,-1,-1
154146,1,0,1,183,1510,1439
154466,1,0,1,65,2592,2571
154416,1,1,0,62,6353,6314
0,0,0,0,-1,-1,-1
0,0,0,0,-1,-1,-1
0,0,0,0,-1,-1,-1
154245,2,0,0,-1,-1,-1
0,0,0,0,-1,-1,-1
154505,2,0,0,-1,-1,-1
0,0,0,0,-1,-1,-1
155295,1,0,1,0,11670,11670
152250,1,0,1,19,7578,7566
155282,1,0,1,88,5441,5396
154384,2,0,0,-1,-1,-1
154027,2,0,0,-1,-1,-1
0,0,0,0,-1,-1,-1
0,0,0,0,-1,-1,-1
0,0,0,0,-1,-1,-1
154703,1,0,1,245,1610,1486
154834,1,1,0,55,6147,6122
153727,2,0,0,-1,-1,-1
154639,2,0,0,-1,-1,-1
0,0,0,0,-1,-1,-1
0,0,0,0,-1,-1,-1
0,0,0,0,-1,-1,-1
152245,2,0,0,-1,-1,-1
153633,2,0,0,-1,-1,-1
154704,1,1,0,42,4658,4636
0,0,0,0,-1,-1,-1
154592,1,0,1,73,2887,2851
0,0,0,0,-1,-1,-1
155014,1,1,1,62,11605,11573
0,0,0,0,-1,-1,-1
0,0,0,0,-1,-1,-1
0,0,0,0,-1,-1,-1
154628,1,0,1,79,2210,2174
154432,2,0,0,-1,-1,-1
153929,2,0,0,-1,-1,-1
152974,2,0,0,-1,-1,-1
154569,2,0,0,-1,-1,-1
0,0,0,0,-1,-1,-1
154869,1,1,0,117,2301,2246
153090,2,0,0,-1,-1,-1
155320,1,1,0,46,12194,12164
153110,1,0,1,47,4128,4112
0,0,0,0,-1,-1,-1
155152,1,0,1,16,2540,2535
153823,2,0,0,-1,-1,-1
0,0,0,0,-1,-1,-1
0,0,0,0,-1,-1,-1
153797,2,0,0,-1,-1,-1
154810,1,0,1,122,2213,2148
0,0,0,0,-1,-1,-1
154940,1,0,1,90,3453,3405
155290,1,1,0,153,5521,5472
154958,1,0,1,67,6313,6283
0,0,0,0,-1,-1,-1
0,0,0,0,-1,-1,-1
0,0,0,0,-1,-1,-1
0,0,0,0,-1,-1,-1
155069,1,1,0,0,20100,20100
152585,2,0,0,-1,-1,-1
154351,1,1,0,89,5037,5008
155194,1,1,1,158,7084,6994
151146,1,0,1,46,7435,7422
154989,1,0,1,0,342,342
154762,1,1,0,26,3066,3055
154964,1,0,1,2,4636,4630
0,0,0,0,-1,-1,-1
155048,1,1,0,268,9916,9798
154398,1,1,0,78,3199,3159
153971,2,0,0,-1,-1,-1
0,0,0,0,-1,-1,-1
0,0,0,0,-1,-1,-1
153328,2,0,0,-1,-1,-1
0,0,0,0,-1,-1,-1
155144,2,0,0,-1,-1,-1
0,0,0,0,-1,-1,-1
155337,2,0,0,-1,-1,-1
154727,1,1,-1,256,2991,2879
0,0,0,0,-1,-1,-1
154789,1,0,1,84,6545,6517
153825,2,0,0,-1,-1,-1
0,0,0,0,-1,-1,-1
0,0,0,0,-1,-1,-1
153579,2,0,0,-1,-1,-1
0,0,0,0,-1,-1,-1
155086,1,1,0,194,4396,4315
154393,2,0,0,-1,-1,-1
153998,2,0,0,-1,-1,-1
155160,1,1,-1,112,6023,5975
154401,2,0,0,-1,-1,-1
155000,1,1,0,215,5070,4986
154679,1,1,0,21,2223,2202
154269,1,1,0,116,4238,4204
0,0,0,0,-1,-1,-1
0,0,0,0,-1,-1,-1
153496,1,0,1,206,6047,5954
0,0,0,0,-1,-1,-1
154938,1,1,0,247,3494,3397
0,0,0,0,-1,-1,-1
154969,1,1,0,6,28276,28273
152803,2,0,0,-1,-1,-1
152112,2,0,0,-1,-1,-1
153411,2,0,0,-1,-1,-1
0,0,0,0,-1,-1,-1
153689,2,0,0,-1,-1,-1
153546,2,0,0,-1,-1,-1
153967,1,1,0,119,2632,2588
153770,2,0,0,-1,-1,-1
153685,2,0,0,-1,-1,-1
0,0,0,0,-1,-1,-1
155194,2,0,0,-1,-1,-1
153882,2,0,0,-1,-1,-1
0,0,0,0,-1,-1,-1
155268,1,0,1,150,6113,6030
0,0,0,0,-1,-1,-1
155026,1,1,0,167,8953,8870
153477,2,0,0,-1,-1,-1
0,0,0,0,-1,-1,-1
0,0,0,0,-1,-1,-1
155029,1,0,1,0,484,484
153826,2,0,0,-1,-1,-1
153115,1,1,0,120,2570,2496
154662,2,0,0,-1,-1,-1
0,0,0,0,-1,-1,-1
154972,2,0,0,-1,-1,-1
0,0,0,0,-1,-1,-1
153527,2,0,0,-1,-1,-1
153944,2,0,0,-1,-1,-1
154917,1,0,1,276,8938,8792
154492,1,1,0,77,2332,2289
0,0,0,0,-1,-1,-1
155116,1,1,0,50,6020,5997
154372,2,0,0,-1,-1,-1
0,0,0,0,-1,-1,-1
0,0,0,0,-1,-1,-1
154404,2,0,0,-1,-1,-1
153953,2,0,0,-1,-1,-1
155291,1,0,1,91,3881,3851
154717,1,1,0,67,4788,4770
153093,2,0,0,-1,-1,-1
154334,1,1,0,93,1649,1606
151996,2,0,0,-1,-1,-1
0,0,0,0,-1,-1,-1
154435,2,0,0,-1,-1,-1
155135,1,1,0,159,1696,1613
154436,2,0,0,-1,-1,-1
154130,2,0,0,-1,-1,-1
155174,1,0,1,14,2715,2709
154907,2,0,0,-1,-1,-1
152972,1,0,1,130,3473,3424
154778,1,1,0,239,3012,2900
154693,1,0,1,184,2420,2333
153973,2,0,0,-1,-1,-1
155328,1,0,1,4,5622,5604
153707,2,0,0,-1,-1,-1
153494,2,0,0,-1,-1,-1
0,0,0,0,-1,-1,-1
155080,1,1,0,0,16830,16830
155156,1,1,1,152,10807,10735
153695,2,0,0,-1,-1,-1
155284,1,1,0,74,2755,2710
154113,2,0,0,-1,-1,-1
154373,1,1,0,72,8192,8158
0,0,0,0,-1,-1,-1
0,0,0,0,-1,-1,-1
0,0,0,0,-1,-1,-1
154940,1,1,0,169,3021,2932
152782,2,0,0,-1,-1,-1
154755,1,0,1,0,19048,19048
0,0,0,0,-1,-1,-1
154533,2,0,0,-1,-1,-1
155078,1,1,0,24,6291,6272
154035,2,0,0,-1,-1,-1
0,0,0,0,-1,-1,-1
154925,1,1,0,80,2770,2750
155230,1,0,1,32,3744,3723
155217,2,0,0,-1,-1,-1
154715,1,0,1,35,5161,5132
0,0,0,0,-1,-1,-1
154092,2,0,0,-1,-1,-1
0,0,0,0,-1,-1,-1
154505,2,0,0,-1,-1,-1
155127,1,1,0,100,3316,3268
154902,1,1,0,55,3366,3341
154244,1,1,0,64,4868,4840
152637,2,0,0,-1,-1,-1
154658,2,0,0,-1,-1,-1
153399,2,0,0,-1,-1,-1
0,0,0,0,-1,-1,-1
0,0,0,0,-1,-1,-1
154145,2,0,0,-1,-1,-1
0,0,0,0,-1,-1,-1
154775,1,1,-1,182,7257,7177
0,0,0,0,-1,-1,-1
0,0,0,0,-1,-1,-1
154674,1,1,1,211,5696,5592
0,0,0,0,-1,-1,-1
154318,1,1,-1,133,1978,1912
0,0,0,0,-1,-1,-1
0,0,0,0,-1,-1,-1
154883,2,0,0,-1,-1,-1
0,0,0,0,-1,-1,-1
0,0,0,0,-1,-1,-1
155081,2,0,0,-1,-1,-1
0,0,0,0,-1,-1,-1
154771,1,0,1,112,2223,2161
0,0,0,0,-1,-1,-1
154820,2,0,0,-1,-1,-1
0,0,0,0,-1,-1,-1
155177,2,0,0,-1,-1,-1
154910,1,0,1,159,3261,3176
154023,1,0,1,134,6436,6394
0,0,0,0,-1,-1,-1
153008,2,0,0,-1,-1,-1
154808,1,1,0,18,3349,3340
154358,2,0,0,-1,-1,-1
153805,2,0,0,-1,-1,-1
0,0,0,0,-1,-1,-1
155169,1,1,0,75,4024,4008
155275,1,0,1,6,16371,16366
154842,1,0,1,0,1430,1430
154715,2,0,0,-1,-1,-1
154335,1,1,0,82,2333,2284
0,0,0,0,-1,-1,-1
154876,2,0,0,-1,-1,-1
0,0,0,0,-1,-1,-1
155313,1,0,1,103,1970,1921
153975,1,0,1,63,6993,6958
154762,1,1,0,227,3740,3633
154161,2,0,0,-1,-1,-1
155154,1,1,1,199,8303,8222
0,0,0,0,-1,-1,-1
0,0,0,0,-1,-1,-1
0,0,0,0,-1,-1,-1
154105,2,0,0,-1,-1,-1
155361,1,1,1,219,5581,5462
153875,2,0,0,-1,-1,-1
154861,2,0,0,-1,-1,-1
155134,1,1,0,19,2909,2907
0,0,0,0,-1,-1,-1
154384,2,0,0,-1,-1,-1
0,0,0,0,-1,-1,-1
0,0,0,0,-1,-1,-1
155207,2,0,0,-1,-1,-1
155314,1,1,-1,168,2201,2105
0,0,0,0,-1,-1,-1
0,0,0,0,-1,-1,-1
0,0,0,0,-1,-1,-1
0,0,0,0,-1,-1,-1
154909,1,1,0,97,2747,2708
154722,2,0,0,-1,-1,-1
0,0,0,0,-1,-1,-1
154011,2,0,0,-1,-1,-1
154331,2,0,0,-1,-1,-1
154692,1,1,0,105,4904,4868
154213,2,0,0,-1,-1,-1
153686,2,0,0,-1,-1,-1
154606,1,0,1,90,2164,2148
153339,2,0,0,-1,-1,-1
152955,2,0,0,-1,-1,-1
154641,1,0,1,186,6383,6298
0,0,0,0,-1,-1,-1
154297,1,1,0,18,6233,6216
0,0,0,0,-1,-1,-1
154697,1,0,1,16,19687,19681
0,0,0,0,-1,-1,-1
155090,1,1,0,58,9362,9336
155003,1,1,0,62,8040,8003
154752,1,0,1,119,2612,2575
154573,1,1,0,53,2544,2511
0,0,0,0,-1,-1,-1
0,0,0,0,-1,-1,-1
0,0,0,0,-1,-1,-1
0,0,0,0,-1,-1,-1
155085,1,1,-1,4,26332,26328
0,0,0,0,-1,-1,-1
154924,1,0,1,195,2698,2606
153441,2,0,0,-1,-1,-1
0,0,0,0,-1,-1,-1
0,0,0,0,-1,-1,-1
0,0,0,0,-1,-1,-1
0,0,0,0,-1,-1,-1
154628,2,0,0,-1,-1,-1
155344,1,0,1,132,1674,1623
0,0,0,0,-1,-1,-1
152964,1,0,1,88,4510,4468
154827,2,0,0,-1,-1,-1
0,0,0,0,-1,-1,-1
153922,2,0,0,-1,-1,-1
154338,2,0,0,-1,-1,-1
154223,2,0,0,-1,-1,-1
154376,1,1,0,195,3235,3157
0,0,0,0,-1,-1,-1
154534,1,1,-1,100,3325,3277
152317,2,0,0,-1,-1,-1
154401,2,0,0,-1,-1,-1
153156,2,0,0,-1,-1,-1
153399,1,1,0,164,1565,1469
154315,2,0,0,-1,-1,-1
0,0,0,0,-1,-1,-1
154380,2,0,0,-1,-1,-1
154284,2,0,0,-1,-1,-1
0,0,0,0,-1,-1,-1
154443,2,0,0,-1,-1,-1
155215,1,1,-1,208,6365,6252
0,0,0,0,-1,-1,-1
0,0,0,0,-1,-1,-1
154688,1,1,0,16,483,474
0,0,0,0,-1,-1,-1
154875,1,0,1,140,8373,8320
154573,2,0,0,-1,-1,-1
154444,1,0,1,105,4220,4178
154192,2,0,0,-1,-1,-1
154823,1,1,-1,320,4065,3891
153503,2,0,0,-1,-1,-1
154375,2,0,0,-1,-1,-1
152256,1,1,0,115,2049,2016
0,0,0,0,-1,-1,-1
154781,1,0,1,92,16360,16307
0,0,0,0,-1,-1,-1
0,0,0,0,-1,-1,-1
155299,1,0,1,141,5674,5578
155213,1,0,1,117,2687,2624
0,0,0,0,-1,-1,-1
154613,2,0,0,-1,-1,-1
155362,1,1,0,108,2943,2916
154497,2,0,0,-1,-1,-1
154868,1,0,1,121,5436,5393
154618,1,1,0,59,5302,5280
153668,2,0,0,-1,-1,-1
154406,2,0,0,-1,-1,-1
155105,1,0,1,275,3202,3090
153237,2,0,0,-1,-1,-1
154963,1,1,0,269,4501,4410
155284,1,1,0,35,3602,3598
155202,2,0,0,-1,-1,-1
152661,1,1,0,208,2194,2113
154351,1,0,1,57,4447,4423
154292,2,0,0,-1,-1,-1
154518,2,0,0,-1,-1,-1
153985,1,1,0,38,1282,1263
155243,1,1,0,0,13193,13193
154615,1,1,1,108,5211,5156
152767,1,0,1,35,2298,2263
153099,1,1,0,113,3741,3700
155344,1,1,0,43,8217,8197
154384,2,0,0,-1,-1,-1
0,0,0,0,-1,-1,-1
0,0,0,0,-1,-1,-1
155288,1,1,1,179,3298,3207
154174,1,0,1,222,5760,5686
154346,2,0,0,-1,-1,-1
0,0,0,0,-1,-1,-1
151382,1,1,0,187,2438,2346
0,0,0,0,-1,-1,-1
153695,1,0,1,130,1825,1758
155189,1,1,1,90,5473,5436
0,0,0,0,-1,-1,-1
0,0,0,0,-1,-1,-1
154477,2,0,0,-1,-1,-1
154312,1,1,0,93,3005,2977
0,0,0,0,-1,-1,-1
153063,1,0,1,32,5543,5527
152770,1,0,1,0,3643,3643
0,0,0,0,-1,-1,-1
154457,1,1,0,0,19344,19344
153970,2,0,0,-1,-1,-1
155038,1,1,0,0,11830,11830
155350,1,0,1,0,14874,14874
153586,2,0,0,-1,-1,-1
153704,2,0,0,-1,-1,-1
0,0,0,0,-1,-1,-1
154599,1,1,0,78,7510,7478
155167,1,1,0,48,2511,2486
155300,1,1,-1,104,10032,9978
154204,2,0,0,-1,-1,-1
154575,1,0,1,93,4260,4221
155221,2,0,0,-1,-1,-1
0,0,0,0,-1,-1,-1
153502,2,0,0,-1,-1,-1
0,0,0,0,-1,-1,-1
154468,2,0,0,-1,-1,-1
154055,2,0,0,-1,-1,-1
154203,1,1,0,41,9030,9004
0,0,0,0,-1,-1,-1
155282,1,1,1,209,4462,4344
0,0,0,0,-1,-1,-1
0,0,0,0,-1,-1,-1
153205,2,0,0,-1,-1,-1
0,0,0,0,-1,-1,-1
0,0,0,0,-1,-1,-1
0,0,0,0,-1,-1,-1
153791,1,0,1,0,11128,11128
0,0,0,0,-1,-1,-1
0,0,0,0,-1,-1,-1
0,0,0,0,-1,-1,-1
154003,2,0,0,-1,-1,-1
154348,2,0,0,-1,-1,-1
0,0,0,0,-1,-1,-1
154155,2,0,0,-1,-1,-1
153990,2,0,0,-1,-1,-1
0,0,0,0,-1,-1,-1
154000,1,1,0,66,3995,3967
154849,1,0,1,42,2537,2517
0,0,0,0,-1,-1,-1
0,0,0,0,-1,-1,-1
154648,2,0,0,-1,-1,-1
0,0,0,0,-1,-1,-1
154651,1,1,1,125,11630,11569
155353,1,0,1,76,2230,2209
155043,2,0,0,-1,-1,-1
155054,1,0,1,149,841,759
154042,1,1,0,138,1538,1455
153987,1,1,0,155,4411,4353
154964,2,0,0,-1,-1,-1
155349,1,1,0,273,2371,2258
153951,2,0,0,-1,-1,-1
0,0,0,0,-1,-1,-1
154241,2,0,0,-1,-1,-1
154863,2,0,0,-1,-1,-1
0,0,0,0,-1,-1,-1
154977,1,0,1,99,2663,2627
0,0,0,0,-1,-1,-1
154804,2,0,0,-1,-1,-1
0,0,0,0,-1,-1,-1
0,0,0,0,-1,-1,-1
0,0,0,0,-1,-1,-1
155026,2,0,0,-1,-1,-1
153604,2,0,0,-1,-1,-1
154339,1,0,1,223,2375,2271
155171,2,0,0,-1,-1,-1
154983,1,1,0,0,3096,3096
0,0,0,0,-1,-1,-1
0,0,0,0,-1,-1,-1
154218,2,0,0,-1,-1,-1
152758,2,0,0,-1,-1,-1
0,0,0,0,-1,-1,-1
154203,1,0,1,13,6496,6487
154165,1,1,0,245,3402,3259
154187,2,0,0,-1,-1,-1
155032,1,0,1,162,3881,3793
153284,2,0,0,-1,-1,-1
0,0,0,0,-1,-1,-1
153933,2,0,0,-1,-1,-1
155192,1,1,0,0,1420,1420
153139,2,0,0,-1,-1,-1
154605,2,0,0,-1,-1,-1
152176,2,0,0,-1,-1,-1
154883,2,0,0,-1,-1,-1
155262,1,1,1,118,4552,4490
154988,2,0,0,-1,-1,-1
154487,2,0,0,-1,-1,-1
154070,1,1,0,126,6132,6061
155363,1,0,1,126,1795,1720
155380,1,1,0,79,1979,1951
0,0,0,0,-1,-1,-1
153628,1,1,0,0,6399,6399
154164,1,1,0,163,5110,5023
154299,2,0,0,-1,-1,-1
0,0,0,0,-1,-1,-1
155274,2,0,0,-1,-1,-1
0,0,0,0,-1,-1,-1
154896,2,0,0,-1,-1,-1
153877,2,0,0,-1,-1,-1
154087,2,0,0,-1,-1,-1
153683,1,1,0,25,2154,2132
154831,2,0,0,-1,-1,-1
0,0,0,0,-1,-1,-1
0,0,0,0,-1,-1,-1
0,0,0,0,-1,-1,-1
0,0,0,0,-1,-1,-1
154284,1,0,1,58,6446,6407
154724,2,0,0,-1,-1,-1
154497,1,1,1,235,4693,4607
153911,1,0,1,82,1599,1556
154457,2,0,0,-1,-1,-1
0,0,0,0,-1,-1,-1
154870,1,0,1,0,1716,1716
154513,2,0,0,-1,-1,-1
154755,2,0,0,-1,-1,-1
0,0,0,0,-1,-1,-1
0,0,0,0,-1,-1,-1
154326,1,0,1,113,3234,3193
0,0,0,0,-1,-1,-1
154912,2,0,0,-1,-1,-1
153903,2,0,0,-1,-1,-1
154973,1,1,1,174,8903,8818
154517,2,0,0,-1,-1,-1
154303,1,1,0,120,2963,2913
154878,2,0,0,-1,-1,-1
153781,2,0,0,-1,-1,-1
154085,2,0,0,-1,-1,-1
153471,2,0,0,-1,-1,-1
154969,1,0,1,45,7568,7557
154621,1,1,0,107,2042,1977
155251,1,0,1,0,10508,10508
154671,1,1,0,116,1260,1197
0,0,0,0,-1,-1,-1
155196,1,1,0,185,4124,4055
153273,2,0,0,-1,-1,-1
0,0,0,0,-1,-1,-1
154602,2,0,0,-1,-1,-1
154651,1,0,1,71,3591,3564
155255,1,1,0,61,3948,3921
154006,2,0,0,-1,-1,-1
154888,1,1,-1,136,11616,11552
153505,1,0,1,100,2824,2757
154079,1,1,1,231,4459,4361
154621,1,1,0,84,4532,4503
154522,1,0,1,60,6547,6510
0,0,0,0,-1,-1,-1
155217,1,1,0,19,2840,2836
154381,1,1,0,98,2581,2543
153146,2,0,0,-1,-1,-1
154959,1,1,0,130,2419,2345
154817,1,0,1,34,8299,8292
154523,2,0,0,-1,-1,-1
0,0,0,0,-1,-1,-1
155274,1,1,0,369,5872,5668
0,0,0,0,-1,-1,-1
0,0,0,0,-1,-1,-1
0,0,0,0,-1,-1,-1
153424,1,0,1,39,5163,5134
154210,2,0,0,-1,-1,-1
153780,2,0,0,-1,-1,-1
0,0,0,0,-1,-1,-1
154472,1,1,0,133,17633,17554
153850,1,1,0,199,2980,2907
154932,1,0,1,0,2965,2965
155279,1,1,0,0,18868,18868
0,0,0,0,-1,-1,-1
154230,2,0,0,-1,-1,-1
0,0,0,0,-1,-1,-1
0,0,0,0,-1,-1,-1
153196,1,0,1,120,2390,2340
153210,2,0,0,-1,-1,-1
154908,1,0,1,67,8470,8450
154647,2,0,0,-1,-1,-1
152144,2,0,0,-1,-1,-1
153678,2,0,0,-1,-1,-1
154718,2,0,0,-1,-1,-1
0,0,0,0,-1,-1,-1
154536,2,0,0,-1,-1,-1
155063,1,1,0,104,3959,3921
155347,1,1,0,280,2357,2250
154139,2,0,0,-1,-1,-1
0,0,0,0,-1,-1,-1
154885,2,0,0,-1,-1,-1
154266,1,1,0,39,1579,1562
154854,1,1,0,0,7208,7208
153925,2,0,0,-1,-1,-1
154693,2,0,0,-1,-1,-1
0,0,0,0,-1,-1,-1
0,0,0,0,-1,-1,-1
0,0,0,0,-1,-1,-1
154990,1,0,1,220,3106,3015
153938,2,0,0,-1,-1,-1
154033,1,0,1,152,8849,8783
154957,1,1,0,171,1859,1799
154340,2,0,0,-1,-1,-1
0,0,0,0,-1,-1,-1
154300,2,0,0,-1,-1,-1
154254,1,0,1,17,15324,15321
0,0,0,0,-1,-1,-1
155354,1,1,0,146,7568,7518
154656,2,0,0,-1,-1,-1
0,0,0,0,-1,-1,-1
0,0,0,0,-1,-1,-1
153838,1,0,1,86,5135,5100
154715,1,0,1,0,7552,7552
0,0,0,0,-1,-1,-1
0,0,0,0,-1,-1,-1
153961,2,0,0,-1,-1,-1
154711,2,0,0,-1,-1,-1
154648,2,0,0,-1,-1,-1
154446,1,0,1,117,5855,5812
154992,1,0,1,35,3051,3032
151869,1,1,0,39,5489,5468
152840,2,0,0,-1,-1,-1
154532,2,0,0,-1,-1,-1
154295,1,1,-1,200,3479,3356
154838,1,0,1,174,2359,2286
154170,2,0,0,-1,-1,-1
154773,1,1,0,94,1231,1187
0,0,0,0,-1,-1,-1
151826,2,0,0,-1,-1,-1
154851,1,0,1,11,21304,21299
154660,2,0,0,-1,-1,-1
154142,2,0,0,-1,-1,-1
0,0,0,0,-1,-1,-1
154600,2,0,0,-1,-1,-1
0,0,0,0,-1,-1,-1
155339,1,0,1,207,3862,3766
154392,1,0,1,227,5624,5531
154973,1,1,0,64,6444,6396
155016,1,0,1,16,6750,6737
155145,1,0,1,0,2754,2754
0,0,0,0,-1,-1,-1
153253,1,1,0,132,2828,2769
0,0,0,0,-1,-1,-1
154681,2,0,0,-1,-1,-1
155108,1,0,1,240,4517,4402
153399,2,0,0,-1,-1,-1
155171,1,1,0,104,4818,4773
154863,1,1,0,27,2940,2924
0,0,0,0,-1,-1,-1
154079,1,1,0,93,4162,4128
153617,1,0,1,50,3980,3965
155120,1,1,0,282,4982,4859
0,0,0,0,-1,-1,-1
154935,2,0,0,-1,-1,-1
155311,1,1,0,0,15000,15000
0,0,0,0,-1,-1,-1
154733,2,0,0,-1,-1,-1
155087,1,0,1,204,1636,1555
0,0,0,0,-1,-1,-1
0,0,0,0,-1,-1,-1
154953,1,1,1,159,7151,7096
154960,1,1,0,56,1640,1613
155171,1,0,1,170,1664,1573
155108,1,1,-1,116,3625,3577
0,0,0,0,-1,-1,-1
154050,1,0,1,216,2967,2842
152912,2,0,0,-1,-1,-1
154456,2,0,0,-1,-1,-1
154790,1,0,1,157,3426,3372
153835,1,1,1,270,2205,2103
153908,2,0,0,-1,-1,-1
154940,1,0,1,49,3003,2971
154690,1,0,1,71,3404,3368
152195,2,0,0,-1,-1,-1
154845,1,1,0,122,5542,5465
0,0,0,0,-1,-1,-1
0,0,0,0,-1,-1,-1
152338,2,0,0,-1,-1,-1
153542,1,1,0,24,4416,4402
154463,2,0,0,-1,-1,-1
0,0,0,0,-1,-1,-1
155243,1,1,0,0,12312,12312
154823,1,1,-1,252,5613,5494
0,0,0,0,-1,-1,-1
154240,1,0,1,217,2817,2739
154788,2,0,0,-1,-1,-1
0,0,0,0,-1,-1,-1
154271,1,1,0,32,4182,4168
154704,1,0,1,50,2380,2371
154861,2,0,0,-1,-1,-1
154341,2,0,0,-1,-1,-1
154357,2,0,0,-1,-1,-1
155014,1,1,-1,156,6185,6116
155030,1,1,0,135,3519,3457
0,0,0,0,-1,-1,-1
0,0,0,0,-1,-1,-1
154640,1,1,0,148,2664,2621
153898,2,0,0,-1,-1,-1
153991,2,0,0,-1,-1,-1
154678,1,0,1,38,6694,6664
155293,1,1,0,160,2094,2034
153696,2,0,0,-1,-1,-1
154550,1,1,0,41,2769,2750
154209,1,1,0,182,2992,2891
154787,1,0,1,114,7889,7845
154573,1,0,1,309,3315,3145
153523,1,1,0,9,1754,1744
154723,1,0,1,184,5677,5616
153571,1,1,0,117,2702,2638
0,0,0,0,-1,-1,-1
0,0,0,0,-1,-1,-1
0,0,0,0,-1,-1,-1
154539,2,0,0,-1,-1,-1
153519,1,0,1,112,2022,1963
0,0,0,0,-1,-1,-1
155289,1,0,1,38,9879,9846
0,0,0,0,-1,-1,-1
153952,2,0,0,-1,-1,-1
0,0,0,0,-1,-1,-1
154139,1,0,1,73,3430,3411
155016,1,0,1,72,4977,4946
154155,1,1,0,13,4640,4632
154192,2,0,0,-1,-1,-1
154585,2,0,0,-1,-1,-1
153549,1,1,-1,19,6994,6980
151950,2,0,0,-1,-1,-1
154294,1,1,0,135,19031,18930
153987,2,0,0,-1,-1,-1
0,0,0,0,-1,-1,-1
0,0,0,0,-1,-1,-1
155383,1,0,1,19,2249,2241
155100,1,1,0,74,2729,2694
0,0,0,0,-1,-1,-1
0,0,0,0,-1,-1,-1
153798,1,0,1,48,4052,4037
154717,1,0,1,78,5157,5132
154359,1,0,1,79,2426,2414
154194,1,0,1,95,1799,1735
154881,1,1,0,174,4013,3920
0,0,0,0,-1,-1,-1
154831,1,0,1,122,3379,3313
155377,1,0,1,161,1808,1728
0,0,0,0,-1,-1,-1
153162,2,0,0,-1,-1,-1
154640,2,0,0,-1,-1,-1
0,0,0,0,-1,-1,-1
154352,2,0,0,-1,-1,-1
154819,2,0,0,-1,-1,-1
154779,1,0,1,223,1737,1638
155183,1,0,1,14,3018,3015
0,0,0,0,-1,-1,-1
0,0,0,0,-1,-1,-1
153884,2,0,0,-1,-1,-1
0,0,0,0,-1,-1,-1
155354,1,0,1,99,3575,3520
155352,1,0,1,105,7682,7630
155243,1,0,1,36,3347,3319
153907,2,0,0,-1,-1,-1
155337,1,1,-1,176,2165,2078
0,0,0,0,-1,-1,-1
155220,2,0,0,-1,-1,-1
154641,2,0,0,-1,-1,-1
154960,1,1,0,77,2037,2014
154973,1,1,-1,60,14737,14706
154443,2,0,0,-1,-1,-1
153982,2,0,0,-1,-1,-1
154459,2,0,0,-1,-1,-1
154812,1,1,0,135,1613,1549
154254,2,0,0,-1,-1,-1
0,0,0,0,-1,-1,-1
154906,1,1,0,149,2685,2633
153896,2,0,0,-1,-1,-1
153578,1,1,0,123,2425,2377
154480,2,0,0,-1,-1,-1
155061,1,1,0,115,4252,4184
154767,1,0,1,71,5620,5579
0,0,0,0,-1,-1,-1
154147,2,0,0,-1,-1,-1
154627,2,0,0,-1,-1,-1
154816,1,0,1,156,2162,2085
154688,2,0,0,-1,-1,-1
154275,1,1,0,100,2787,2728
154591,1,0,1,164,2439,2372
154797,1,0,1,193,2731,2636
0,0,0,0,-1,-1,-1
155094,1,1,0,0,506,506
154271,1,1,0,125,2533,2454
155264,1,0,1,28,3573,3560
154862,1,0,1,144,4988,4898
153720,2,0,0,-1,-1,-1
155124,2,0,0,-1,-1,-1
0,0,0,0,-1,-1,-1
153942,2,0,0,-1,-1,-1
155384,1,1,1,100,1797,1742
154959,1,0,1,61,3989,3960
154565,1,0,1,124,3872,3839
154676,1,0,1,46,7139,7111
154120,1,0,1,0,16720,16720
155047,1,1,0,8,1980,1976
154942,2,0,0,-1,-1,-1
154585,2,0,0,-1,-1,-1
0,0,0,0,-1,-1,-1
154450,1,0,1,101,8445,8404
155136,2,0,0,-1,-1,-1
154798,2,0,0,-1,-1,-1
0,0,0,0,-1,-1,-1
0,0,0,0,-1,-1,-1
0,0,0,0,-1,-1,-1
151390,2,0,0,-1,-1,-1
153542,2,0,0,-1,-1,-1
153885,2,0,0,-1,-1,-1
153320,2,0,0,-1,-1,-1
0,0,0,0,-1,-1,-1
155142,2,0,0,-1,-1,-1
0,0,0,0,-1,-1,-1
155382,1,1,0,141,3235,3150
154936,1,0,1,81,5678,5651
0,0,0,0,-1,-1,-1
155317,1,1,0,0,340,340
152074,2,0,0,-1,-1,-1
155254,2,0,0,-1,-1,-1
153749,1,1,0,0,2025,2025
154488,1,0,1,0,6892,6892
153680,2,0,0,-1,-1,-1
0,0,0,0,-1,-1,-1
155019,1,1,0,24,4326,4321
0,0,0,0,-1,-1,-1
154924,2,0,0,-1,-1,-1
153720,1,1,0,26,7872,7867
154215,2,0,0,-1,-1,-1
0,0,0,0,-1,-1,-1
153267,2,0,0,-1,-1,-1
155106,1,0,1,75,1936,1878
0,0,0,0,-1,-1,-1
154435,2,0,0,-1,-1,-1
0,0,0,0,-1,-1,-1
154926,1,0,1,199,3418,3338
153952,1,1,0,79,1588,1559
154786,1,1,0,46,800,768
155296,1,1,0,54,2534,2515
0,0,0,0,-1,-1,-1
155137,2,0,0,-1,-1,-1
0,0,0,0,-1,-1,-1
153821,1,1,0,28,1788,1776
0,0,0,0,-1,-1,-1
0,0,0,0,-1,-1,-1
154734,1,1,0,105,3984,3919
0,0,0,0,-1,-1,-1
155166,1,1,0,169,2436,2340
153526,1,0,1,101,9617,9549
154671,1,1,0,32,12113,12104
0,0,0,0,-1,-1,-1
0,0,0,0,-1,-1,-1
154418,2,0,0,-1,-1,-1
154529,1,0,1,174,2728,2653
155020,2,0,0,-1,-1,-1
155035,1,0,1,96,8903,8858
152959,1,0,1,186,3150,3060
154645,1,0,1,119,1253,1177
155213,1,0,1,74,6413,6383
0,0,0,0,-1,-1,-1
0,0,0,0,-1,-1,-1
154578,2,0,0,-1,-1,-1
153265,1,1,0,76,1108,1069
153515,2,0,0,-1,-1,-1
154105,2,0,0,-1,-1,-1
154882,2,0,0,-1,-1,-1
155249,1,0,1,41,8886,8869
0,0,0,0,-1,-1,-1
154403,2,0,0,-1,-1,-1
155196,1,1,0,135,2134,2086
154397,1,1,0,70,4110,4080
154235,2,0,0,-1,-1,-1
155097,1,0,1,123,5663,5605
155105,1,1,0,57,7482,7431
153536,2,0,0,-1,-1,-1
154660,2,0,0,-1,-1,-1
0,0,0,0,-1,-1,-1
0,0,0,0,-1,-1,-1
154370,1,1,0,0,3760,3760
153749,2,0,0,-1,-1,-1
155089,2,0,0,-1,-1,-1
154598,1,1,0,94,3471,3422
154846,2,0,0,-1,-1,-1
154363,2,0,0,-1,-1,-1
153337,2,0,0,-1,-1,-1
0,0,0,0,-1,-1,-1
0,0,0,0,-1,-1,-1
0,0,0,0,-1,-1,-1
0,0,0,0,-1,-1,-1
0,0,0,0,-1,-1,-1
155137,1,0,1,68,1109,1082
0,0,0,0,-1,-1,-1
155065,1,1,0,0,34028,34028
0,0,0,0,-1,-1,-1
152595,2,0,0,-1,-1,-1
154788,1,0,1,97,4247,4200
0,0,0,0,-1,-1,-1
0,0,0,0,-1,-1,-1
154407,2,0,0,-1,-1,-1
154510,2,0,0,-1,-1,-1
154863,1,0,1,54,4740,4710
153498,2,0,0,-1,-1,-1
150928,1,0,1,65,2727,2709
154798,1,1,0,187,5670,5573
154574,2,0,0,-1,-1,-1
153538,2,0,0,-1,-1,-1
153632,2,0,0,-1,-1,-1
155012,2,0,0,-1,-1,-1
154868,2,0,0,-1,-1,-1
154344,1,0,1,21,2627,2622
154451,2,0,0,-1,-1,-1
154628,1,1,0,129,2253,2195
155311,2,0,0,-1,-1,-1
154003,2,0,0,-1,-1,-1
154438,1,1,0,50,4278,4268
154011,2,0,0,-1,-1,-1
153310,1,1,0,30,6461,6448
150634,2,0,0,-1,-1,-1
0,0,0,0,-1,-1,-1
155138,2,0,0,-1,-1,-1
154920,2,0,0,-1,-1,-1
153848,2,0,0,-1,-1,-1
154059,2,0,0,-1,-1,-1
154530,1,0,1,20,10176,10155
154970,1,0,1,55,2066,2046
0,0,0,0,-1,-1,-1
154874,1,1,0,169,3126,3057
152794,2,0,0,-1,-1,-1
154570,1,1,-1,105,4962,4915
0,0,0,0,-1,-1,-1
0,0,0,0,-1,-1,-1
0,0,0,0,-1,-1,-1
155165,1,0,1,112,4885,4839
154634,1,1,0,31,17250,17236
155049,2,0,0,-1,-1,-1
154787,2,0,0,-1,-1,-1
155087,1,1,0,45,3887,3877
153438,2,0,0,-1,-1,-1
0,0,0,0,-1,-1,-1
154549,2,0,0,-1,-1,-1
154107,1,1,0,70,5281,5245
153204,1,0,1,18,4764,4763
154807,1,1,0,245,4698,4582
155349,1,1,0,233,2047,1940
154409,2,0,0,-1,-1,-1
152553,2,0,0,-1,-1,-1
153662,1,0,1,34,11426,11415
0,0,0,0,-1,-1,-1
152935,2,0,0,-1,-1,-1
154425,2,0,0,-1,-1,-1
0,0,0,0,-1,-1,-1
154435,2,0,0,-1,-1,-1
154690,1,1,-1,255,14891,14775
0,0,0,0,-1,-1,-1
0,0,0,0,-1,-1,-1
155270,1,1,0,114,7158,7102
0,0,0,0,-1,-1,-1
155358,1,1,0,200,3939,3841
153514,2,0,0,-1,-1,-1
0,0,0,0,-1,-1,-1
154458,1,0,1,102,34593,34546
154037,2,0,0,-1,-1,-1
153896,1,0,1,18,6179,6166
155148,1,1,0,83,2249,2210
155230,2,0,0,-1,-1,-1
155316,1,1,-1,107,6868,6805
154857,2,0,0,-1,-1,-1
155004,1,0,1,0,9594,9594
0,0,0,0,-1,-1,-1
153094,2,0,0,-1,-1,-1
0,0,0,0,-1,-1,-1
154976,1,0,1,0,1352,1352
153182,2,0,0,-1,-1,-1
152365,2,0,0,-1,-1,-1
0,0,0,0,-1,-1,-1
154650,1,1,0,58,2976,2956
154511,1,0,1,55,3123,3099
155185,2,0,0,-1,-1,-1
0,0,0,0,-1,-1,-1
155138,2,0,0,-1,-1,-1
154879,1,1,0,0,11760,11760
155044,2,0,0,-1,-1,-1
155204,1,0,1,197,4493,4428
153120,2,0,0,-1,-1,-1
0,0,0,0,-1,-1,-1
154069,1,1,-1,151,6319,6227
154430,1,1,0,77,8097,8070
154878,2,0,0,-1,-1,-1
154497,1,0,1,123,11406,11357
154631,1,1,0,98,2732,2654
154927,2,0,0,-1,-1,-1
155282,1,1,0,67,5067,5036
152974,2,0,0,-1,-1,-1
154322,1,1,0,100,10290,10262
153841,2,0,0,-1,-1,-1
0,0,0,0,-1,-1,-1
155348,1,1,-1,236,2680,2596
153581,1,0,1,221,3010,2919
0,0,0,0,-1,-1,-1
154564,2,0,0,-1,-1,-1
152935,2,0,0,-1,-1,-1
155094,1,1,0,140,2196,2129
155018,1,1,-1,127,4946,4898
155104,1,0,1,55,4175,4164
154631,2,0,0,-1,-1,-1
0,0,0,0,-1,-1,-1
154267,1,1,0,193,2204,2138
154247,2,0,0,-1,-1,-1
0,0,0,0,-1,-1,-1
0,0,0,0,-1,-1,-1
0,0,0,0,-1,-1,-1
0,0,0,0,-1,-1,-1
0,0,0,0,-1,-1,-1
0,0,0,0,-1,-1,-1
0,0,0,0,-1,-1,-1
155327,1,0,1,140,2344,2282
0,0,0,0,-1,-1,-1
152881,1,1,0,27,8336,8323
154192,2,0,0,-1,-1,-1
0,0,0,0,-1,-1,-1
0,0,0,0,-1,-1,-1
154560,1,1,0,119,3081,3038
0,0,0,0,-1,-1,-1
0,0,0,0,-1,-1,-1
154992,1,1,1,156,5015,4922
154528,2,0,0,-1,-1,-1
0,0,0,0,-1,-1,-1
0,0,0,0,-1,-1,-1
0,0,0,0,-1,-1,-1
154885,1,1,0,127,4517,4477
155045,2,0,0,-1,-1,-1
154294,1,0,1,26,4158,4135
0,0,0,0,-1,-1,-1
154908,1,1,1,119,4195,4132
154429,1,0,1,101,1548,1526
154902,1,0,1,131,2506,2460
0,0,0,0,-1,-1,-1
154697,1,0,1,74,9524,9487
0,0,0,0,-1,-1,-1
154717,2,0,0,-1,-1,-1
0,0,0,0,-1,-1,-1
154497,1,1,0,76,3068,3009
0,0,0,0,-1,-1,-1
154631,2,0,0,-1,-1,-1
153896,2,0,0,-1,-1,-1
0,0,0,0,-1,-1,-1
0,0,0,0,-1,-1,-1
153484,2,0,0,-1,-1,-1
154430,1,1,0,0,38745,38745
0,0,0,0,-1,-1,-1
155150,1,1,0,21,2231,2210
0,0,0,0,-1,-1,-1
155066,1,1,0,26,3423,3418
154575,2,0,0,-1,-1,-1
0,0,0,0,-1,-1,-1
153787,1,1,0,53,12444,12421
153951,2,0,0,-1,-1,-1
0,0,0,0,-1,-1,-1
0,0,0,0,-1,-1,-1
0,0,0,0,-1,-1,-1
0,0,0,0,-1,-1,-1
154335,2,0,0,-1,-1,-1
155334,1,0,1,53,1970,1945
153683,2,0,0,-1,-1,-1
154146,1,1,0,304,4008,3854
154013,2,0,0,-1,-1,-1
155331,1,1,0,130,2485,2446
154053,2,0,0,-1,-1,-1
152536,2,0,0,-1,-1,-1
154449,1,1,0,139,6222,6167
152655,2,0,0,-1,-1,-1
0,0,0,0,-1,-1,-1
154984,1,0,1,113,2072,2034
155354,1,1,0,231,3466,3354
154286,2,0,0,-1,-1,-1
0,0,0,0,-1,-1,-1
152454,1,1,0,209,5529,5457
152781,2,0,0,-1,-1,-1
0,0,0,0,-1,-1,-1
155334,1,0,1,107,2845,2788
153416,2,0,0,-1,-1,-1
153140,2,0,0,-1,-1,-1
0,0,0,0,-1,-1,-1
0,0,0,0,-1,-1,-1
155276,1,0,1,154,2169,2106
155053,2,0,0,-1,-1,-1
153911,1,1,0,97,3696,3648
0,0,0,0,-1,-1,-1
153846,1,0,1,129,5310,5239
155102,1,1,0,188,3884,3810
0,0,0,0,-1,-1,-1
154489,1,1,-1,158,3321,3242
154934,1,0,1,161,1941,1874
0,0,0,0,-1,-1,-1
153064,2,0,0,-1,-1,-1
155220,1,1,0,0,11183,11183
154119,2,0,0,-1,-1,-1
0,0,0,0,-1,-1,-1
155032,1,1,0,62,9683,9648
154235,1,0,1,108,3510,3452
0,0,0,0,-1,-1,-1
154400,2,0,0,-1,-1,-1
0,0,0,0,-1,-1,-1
154786,2,0,0,-1,-1,-1
0,0,0,0,-1,-1,-1
154419,1,1,0,167,3964,3869
154715,2,0,0,-1,-1,-1
155132,2,0,0,-1,-1,-1
155305,2,0,0,-1,-1,-1
0,0,0,0,-1,-1,-1
155006,1,0,1,13,2444,2435
153760,2,0,0,-1,-1,-1
154341,2,0,0,-1,-1,-1
0,0,0,0,-1,-1,-1
155009,1,1,0,65,4133,4113
155379,1,1,-1,160,8240,8146
0,0,0,0,-1,-1,-1
155064,1,1,1,82,11080,11037
0,0,0,0,-1,-1,-1
154525,2,0,0,-1,-1,-1
154814,2,0,0,-1,-1,-1
154375,1,1,0,33,11325,11300
155361,1,0,1,0,6540,6540
153852,1,0,1,100,8054,8007
154278,1,1,0,58,2196,2161
154478,2,0,0,-1,-1,-1
155194,1,0,1,19,5133,5101
154289,1,1,0,21,3211,3203
0,0,0,0,-1,-1,-1
0,0,0,0,-1,-1,-1
154803,1,0,1,160,6162,6089
0,0,0,0,-1,-1,-1
0,0,0,0,-1,-1,-1
153716,1,1,0,106,7517,7471
0,0,0,0,-1,-1,-1
0,0,0,0,-1,-1,-1
154512,2,0,0,-1,-1,-1
154204,1,0,1,84,3794,3740
155101,2,0,0,-1,-1,-1
152704,1,0,1,92,4079,4017
154897,1,0,1,127,1342,1259
155006,1,1,0,195,1764,1668
0,0,0,0,-1,-1,-1
155146,1,1,0,0,1081,1081
154970,1,0,1,64,5643,5613
0,0,0,0,-1,-1,-1
154602,1,0,1,42,10202,10185
0,0,0,0,-1,-1,-1
0,0,0,0,-1,-1,-1
154477,1,1,0,21,5557,5547
0,0,0,0,-1,-1,-1
0,0,0,0,-1,-1,-1
155107,2,0,0,-1,-1,-1
155176,1,1,0,0,0,0
153985,2,0,0,-1,-1,-1
154121,1,0,1,17,1956,1950
154263,2,0,0,-1,-1,-1
154849,1,1,0,122,6288,6249
155091,1,0,1,155,2386,2321
153712,2,0,0,-1,-1,-1
154537,1,0,1,50,10987,10965
155342,1,0,1,58,4643,4610
0,0,0,0,-1,-1,-1
154214,2,0,0,-1,-1,-1
153518,2,0,0,-1,-1,-1
153466,2,0,0,-1,-1,-1
0,0,0,0,-1,-1,-1
0,0,0,0,-1,-1,-1
155175,1,1,0,140,3354,3278
0,0,0,0,-1,-1,-1
154124,2,0,0,-1,-1,-1
153109,2,0,0,-1,-1,-1
0,0,0,0,-1,-1,-1
0,0,0,0,-1,-1,-1
154546,1,1,0,100,3115,3092
155115,2,0,0,-1,-1,-1
0,0,0,0,-1,-1,-1
154948,2,0,0,-1,-1,-1
0,0,0,0,-1,-1,-1
0,0,0,0,-1,-1,-1
152937,2,0,0,-1,-1,-1
0,0,0,0,-1,-1,-1
152900,2,0,0,-1,-1,-1
154398,2,0,0,-1,-1,-1
0,0,0,0,-1,-1,-1
0,0,0,0,-1,-1,-1
0,0,0,0,-1,-1,-1
153356,2,0,0,-1,-1,-1
0,0,0,0,-1,-1,-1
155113,1,0,1,44,4764,4738
154010,2,0,0,-1,-1,-1
0,0,0,0,-1,-1,-1
155144,1,0,1,125,2492,2396
154170,1,0,1,99,1806,1766
155164,1,1,0,113,3887,3837
0,0,0,0,-1,-1,-1
154239,1,1,0,69,2060,2044
0,0,0,0,-1,-1,-1
154884,2,0,0,-1,-1,-1
0,0,0,0,-1,-1,-1
0,0,0,0,-1,-1,-1
0,0,0,0,-1,-1,-1
0,0,0,0,-1,-1,-1
154325,1,1,0,226,5648,5555
154755,2,0,0,-1,-1,-1
154367,2,0,0,-1,-1,-1
154467,1,1,0,68,2743,2704
155083,1,1,0,103,6119,6088
153982,2,0,0,-1,-1,-1
0,0,0,0,-1,-1,-1
154292,2,0,0,-1,-1,-1
154834,1,0,1,14,1295,1296
155275,1,1,0,113,7899,7851
154496,1,1,0,123,3452,3399
154400,1,1,0,67,3890,3861
154863,1,0,1,34,2185,2175
0,0,0,0,-1,-1,-1
154316,2,0,0,-1,-1,-1
0,0,0,0,-1,-1,-1
153455,1,1,0,142,1797,1757
0,0,0,0,-1,-1,-1
0,0,0,0,-1,-1,-1
0,0,0,0,-1,-1,-1
154241,1,1,0,76,2912,2889
0,0,0,0,-1,-1,-1
154896,1,0,1,332,6412,6265
154998,1,0,1,13,13264,13263
0,0,0,0,-1,-1,-1
0,0,0,0,-1,-1,-1
154914,1,1,0,48,2051,1994
0,0,0,0,-1,-1,-1
0,0,0,0,-1,-1,-1
153859,1,1,0,0,9585,9585
154895,2,0,0,-1,-1,-1
154069,1,0,1,87,5768,5725
0,0,0,0,-1,-1,-1
154968,1,0,1,37,6631,6616
154619,1,1,0,0,6955,6955
0,0,0,0,-1,-1,-1
0,0,0,0,-1,-1,-1
153811,2,0,0,-1,-1,-1
155378,1,0,1,174,4155,4072
153495,2,0,0,-1,-1,-1
155062,2,0,0,-1,-1,-1
0,0,0,0,-1,-1,-1
154649,1,0,1,131,8870,8801
153946,2,0,0,-1,-1,-1
154291,2,0,0,-1,-1,-1
0,0,0,0,-1,-1,-1
153480,2,0,0,-1,-1,-1
152559,2,0,0,-1,-1,-1
155280,1,1,0,140,927,879
154521,1,0,1,113,5916,5880
153312,2,0,0,-1,-1,-1
0,0,0,0,-1,-1,-1
0,0,0,0,-1,-1,-1
154838,1,1,-1,178,4571,4506
0,0,0,0,-1,-1,-1
155170,1,1,0,177,4012,3960
153932,1,1,1,168,4008,3924
154443,1,1,0,136,9122,9046
154217,2,0,0,-1,-1,-1
0,0,0,0,-1,-1,-1
0,0,0,0,-1,-1,-1
152235,2,0,0,-1,-1,-1
154436,1,0,1,84,3025,2965
154611,2,0,0,-1,-1,-1
0,0,0,0,-1,-1,-1
0,0,0,0,-1,-1,-1
154855,1,0,1,77,4441,4401
0,0,0,0,-1,-1,-1
0,0,0,0,-1,-1,-1
0,0,0,0,-1,-1,-1
154267,2,0,0,-1,-1,-1
154054,2,0,0,-1,-1,-1
0,0,0,0,-1,-1,-1
153384,1,0,1,0,5002,5002
153787,2,0,0,-1,-1,-1
0,0,0,0,-1,-1,-1
0,0,0,0,-1,-1,-1
0,0,0,0,-1,-1,-1
154569,1,1,1,53,2386,2364
154825,1,0,1,200,2150,2057
155080,1,0,1,193,4662,4577
153438,2,0,0,-1,-1,-1
153752,2,0,0,-1,-1,-1
154440,1,0,1,167,4673,4588
154151,2,0,0,-1,-1,-1
0,0,0,0,-1,-1,-1
154641,1,0,1,219,2333,2246
154539,1,0,1,72,1805,1768
152093,1,1,-1,79,9646,9626
153450,2,0,0,-1,-1,-1
154682,1,0,1,86,2859,2818
154722,1,1,0,114,6141,6076
153820,2,0,0,-1,-1,-1
155020,1,1,0,109,13643,13588
0,0,0,0,-1,-1,-1
155089,1,1,0,182,4197,4127
155370,1,1,1,67,5049,5029
0,0,0,0,-1,-1,-1
153940,1,0,1,25,1043,1041
154024,2,0,0,-1,-1,-1
154854,1,1,0,181,5489,5429
154763,2,0,0,-1,-1,-1
154584,2,0,0,-1,-1,-1
0,0,0,0,-1,-1,-1
0,0,0,0,-1,-1,-1
153943,2,0,0,-1,-1,-1
155013,2,0,0,-1,-1,-1
154196,1,1,1,56,7176,7154
0,0,0,0,-1,-1,-1
154252,2,0,0,-1,-1,-1
154975,1,0,1,186,3848,3759
153570,2,0,0,-1,-1,-1
153903,1,0,1,26,5148,5137
0,0,0,0,-1,-1,-1
0,0,0,0,-1,-1,-1
153758,1,1,0,226,4075,3970
154427,1,0,1,99,6015,5969
0,0,0,0,-1,-1,-1
0,0,0,0,-1,-1,-1
0,0,0,0,-1,-1,-1
153438,1,0,1,274,6651,6550
0,0,0,0,-1,-1,-1
155201,1,0,1,53,3295,3284
154879,1,1,0,133,5736,5665
0,0,0,0,-1,-1,-1
0,0,0,0,-1,-1,-1
153674,2,0,0,-1,-1,-1
155273,2,0,0,-1,-1,-1
0,0,0,0,-1,-1,-1
155292,1,1,0,102,5995,5946
155305,1,0,1,139,3018,2964
153986,2,0,0,-1,-1,-1
153101,2,0,0,-1,-1,-1
0,0,0,0,-1,-1,-1
154495,1,0,1,54,1779,1753
0,0,0,0,-1,-1,-1
155159,1,1,0,0,3332,3332
155239,1,0,1,126,3776,3710
153562,1,1,0,81,1901,1850
154856,1,0,1,55,1052,1027
154600,2,0,0,-1,-1,-1
0,0,0,0,-1,-1,-1
154877,2,0,0,-1,-1,-1
155104,1,0,1,0,2463,2463
154673,2,0,0,-1,-1,-1
154669,2,0,0,-1,-1,-1
0,0,0,0,-1,-1,-1
0,0,0,0,-1,-1,-1
154105,1,1,0,41,14892,14860
153870,2,0,0,-1,-1,-1
153154,2,0,0,-1,-1,-1
153505,2,0,0,-1,-1,-1
155294,1,0,1,8,9475,9472
154884,2,0,0,-1,-1,-1
154080,1,1,0,189,6292,6214
154898,1,1,0,57,2178,2145
154077,2,0,0,-1,-1,-1
154861,1,1,0,92,4408,4350
154874,1,1,0,56,2327,2301
0,0,0,0,-1,-1,-1
153934,2,0,0,-1,-1,-1
154857,1,0,1,174,2295,2209
152664,2,0,0,-1,-1,-1
154656,1,1,0,0,7944,7944
153783,2,0,0,-1,-1,-1
154868,2,0,0,-1,-1,-1
154924,2,0,0,-1,-1,-1
0,0,0,0,-1,-1,-1
0,0,0,0,-1,-1,-1
0,0,0,0,-1,-1,-1
0,0,0,0,-1,-1,-1
153799,2,0,0,-1,-1,-1
0,0,0,0,-1,-1,-1
154963,1,1,0,164,5385,5325
154219,2,0,0,-1,-1,-1
155238,2,0,0,-1,-1,-1
154659,1,1,0,199,6829,6752
154988,1,0,1,135,1891,1834
0,0,0,0,-1,-1,-1
153966,1,0,1,210,3804,3740
154510,2,0,0,-1,-1,-1
154877,1,0,1,244,2557,2460
153827,2,0,0,-1,-1,-1
153808,1,0,1,185,2456,2369
155343,1,1,0,0,1289,1289
154564,2,0,0,-1,-1,-1
153978,2,0,0,-1,-1,-1
155053,1,1,0,162,6373,6304
0,0,0,0,-1,-1,-1
0,0,0,0,-1,-1,-1
155215,1,0,1,113,2528,2486
154476,1,0,1,115,14821,14769
154902,2,0,0,-1,-1,-1
0,0,0,0,-1,-1,-1
154358,2,0,0,-1,-1,-1
154556,1,1,0,38,3002,2976
154709,1,0,1,72,3740,3710
154394,2,0,0,-1,-1,-1
0,0,0,0,-1,-1,-1
154374,1,0,1,76,2223,2194
154522,2,0,0,-1,-1,-1
0,0,0,0,-1,-1,-1
154813,1,0,1,80,1371,1337
0,0,0,0,-1,-1,-1
155064,1,1,0,58,4065,4034
152650,1,1,0,47,2508,2493
154334,2,0,0,-1,-1,-1
0,0,0,0,-1,-1,-1
154913,1,1,1,107,2035,1971
155120,1,1,0,135,6696,6613
154338,1,0,1,44,3374,3354
153953,1,1,0,162,3932,3857
154739,1,1,0,225,7923,7844
154781,2,0,0,-1,-1,-1
155197,1,0,1,39,4894,4878
154659,2,0,0,-1,-1,-1
155001,1,0,1,105,3690,3614
154178,2,0,0,-1,-1,-1
154844,2,0,0,-1,-1,-1
154238,2,0,0,-1,-1,-1
155368,1,1,0,212,1457,1347
154604,1,0,1,226,2384,2301
155054,1,0,1,126,2682,2618
155264,1,0,1,138,9646,9561
155046,1,1,0,57,3438,3414
154608,1,0,1,113,2803,2757
153699,1,0,1,120,6985,6914
0,0,0,0,-1,-1,-1
153714,1,0,1,70,3139,3101
152816,2,0,0,-1,-1,-1
154720,2,0,0,-1,-1,-1
155068,1,0,1,176,2324,2244
0,0,0,0,-1,-1,-1
153393,2,0,0,-1,-1,-1
153019,2,0,0,-1,-1,-1
153904,1,1,1,90,3568,3536
154599,1,1,0,79,3394,3336
0,0,0,0,-1,-1,-1
154958,1,0,1,51,2924,2898
0,0,0,0,-1,-1,-1
154390,2,0,0,-1,-1,-1
0,0,0,0,-1,-1,-1
155310,2,0,0,-1,-1,-1
155350,1,1,0,88,2852,2807
154328,2,0,0,-1,-1,-1
154992,2,0,0,-1,-1,-1
0,0,0,0,-1,-1,-1
155183,1,1,0,0,1308,1308
154522,1,1,0,155,2687,2610
154587,1,1,0,191,7391,7293
153946,1,0,1,37,8945,8926
155095,1,0,1,252,3129,3000
155265,1,0,1,105,3895,3859
154954,1,1,0,218,7859,7768
154942,1,1,0,99,4965,4900
0,0,0,0,-1,-1,-1
153845,2,0,0,-1,-1,-1
155162,1,0,1,177,4783,4709
0,0,0,0,-1,-1,-1
0,0,0,0,-1,-1,-1
153200,1,0,1,282,5422,5297
154530,1,0,1,88,1592,1531
153462,1,1,0,125,3407,3369
154917,1,0,1,162,9648,9558
154458,1,1,0,29,2064,2048
153646,1,1,0,72,3690,3658
154901,1,1,0,36,2052,2024
154927,1,1,0,60,7166,7148
155285,1,1,1,61,11458,11425
154715,1,1,0,173,5084,4998
0,0,0,0,-1,-1,-1
153623,2,0,0,-1,-1,-1
154773,1,0,1,31,3964,3948
152972,2,0,0,-1,-1,-1
155380,1,0,1,183,1971,1884
155193,1,0,1,182,1835,1753
154795,2,0,0,-1,-1,-1
155182,1,1,0,34,3962,3948
0,0,0,0,-1,-1,-1
154120,2,0,0,-1,-1,-1
151809,2,0,0,-1,-1,-1
154685,1,1,0,134,3170,3124
152160,2,0,0,-1,-1,-1
154482,2,0,0,-1,-1,-1
0,0,0,0,-1,-1,-1
153530,2,0,0,-1,-1,-1
154690,2,0,0,-1,-1,-1
153181,2,0,0,-1,-1,-1
153770,2,0,0,-1,-1,-1
155171,1,1,0,265,2386,2261
154399,1,0,1,136,1380,1303
154016,2,0,0,-1,-1,-1
154807,2,0,0,-1,-1,-1
153659,1,0,1,138,1879,1787
154677,1,1,1,170,6325,6227
0,0,0,0,-1,-1,-1
154770,1,0,1,142,2778,2702
0,0,0,0,-1,-1,-1
151353,1,1,0,133,2175,2106
153723,1,0,1,97,4921,4875
154764,2,0,0,-1,-1,-1
154766,1,1,0,37,6467,6455
154420,2,0,0,-1,-1,-1
0,0,0,0,-1,-1,-1
0,0,0,0,-1,-1,-1
154007,2,0,0,-1,-1,-1
154687,1,1,0,118,5106,5041
153785,2,0,0,-1,-1,-1
155218,1,1,0,122,1725,1684
155034,1,1,-1,97,5048,4989
155225,1,1,0,296,10496,10342
0,0,0,0,-1,-1,-1
0,0,0,0,-1,-1,-1
155288,1,1,0,26,6409,6388
155018,1,0,1,88,2978,2932
154694,1,1,-1,13,9866,9860
154083,1,1,0,29,21113,21101
155104,2,0,0,-1,-1,-1
155268,1,1,0,2,2768,2767
153426,1,0,1,74,2214,2180
0,0,0,0,-1,-1,-1
154845,1,0,1,143,2725,2657
153525,1,0,1,21,3597,3580
153529,2,0,0,-1,-1,-1
0,0,0,0,-1,-1,-1
0,0,0,0,-1,-1,-1
154825,1,1,0,61,4094,4057
154207,1,1,0,201,2780,2710
0,0,0,0,-1,-1,-1
153618,2,0,0,-1,-1,-1
0,0,0,0,-1,-1,-1
0,0,0,0,-1,-1,-1
155192,2,0,0,-1,-1,-1
154064,2,0,0,-1,-1,-1
154955,1,0,1,62,3243,3218
155105,1,0,1,96,1050,1013
155378,1,1,0,129,6646,6594
151944,2,0,0,-1,-1,-1
154355,2,0,0,-1,-1,-1
154127,2,0,0,-1,-1,-1
152444,2,0,0,-1,-1,-1
0,0,0,0,-1,-1,-1
154718,1,1,0,77,2034,1988
155252,1,0,1,110,2275,2218
0,0,0,0,-1,-1,-1
0,0,0,0,-1,-1,-1
154082,2,0,0,-1,-1,-1
154296,2,0,0,-1,-1,-1
153997,1,1,0,0,4576,4576
0,0,0,0,-1,-1,-1
0,0,0,0,-1,-1,-1
154788,1,0,1,128,5878,5814
155038,1,1,0,167,4544,4475
154581,2,0,0,-1,-1,-1
154785,1,1,0,83,5849,5811
153817,1,0,1,60,6810,6769
155055,1,0,1,29,7160,7146
154768,1,0,1,34,2514,2510
152389,1,1,0,58,1951,1926
155276,1,0,1,0,3200,3200
0,0,0,0,-1,-1,-1
154933,1,1,-1,208,3389,3315
0,0,0,0,-1,-1,-1
0,0,0,0,-1,-1,-1
0,0,0,0,-1,-1,-1
0,0,0,0,-1,-1,-1
154712,2,0,0,-1,-1,-1
153768,1,0,1,31,2818,2802
0,0,0,0,-1,-1,-1
0,0,0,0,-1,-1,-1
154050,2,0,0,-1,-1,-1
154048,2,0,0,-1,-1,-1
0,0,0,0,-1,-1,-1
154618,1,1,0,0,12447,12447
0,0,0,0,-1,-1,-1
155045,2,0,0,-1,-1,-1
155070,2,0,0,-1,-1,-1
155158,1,1,0,169,3274,3196
154989,1,0,1,201,6974,6888
153269,1,1,0,111,4635,4596
154520,2,0,0,-1,-1,-1
154703,1,1,0,145,3472,3379
155245,2,0,0,-1,-1,-1
154590,1,0,1,13,12152,12149
0,0,0,0,-1,-1,-1
154357,2,0,0,-1,-1,-1
0,0,0,0,-1,-1,-1
155178,1,0,1,229,1983,1895
155320,1,1,-2,278,8108,7981
155093,1,1,0,24,6408,6401
155235,1,1,1,239,3862,3768
154672,1,1,0,33,12241,12225
0,0,0,0,-1,-1,-1
0,0,0,0,-1,-1,-1
154836,2,0,0,-1,-1,-1
0,0,0,0,-1,-1,-1
153360,1,0,1,96,5953,5923
154993,1,0,1,24,5656,5629
154360,1,1,0,63,3447,3421
0,0,0,0,-1,-1,-1
153972,2,0,0,-1,-1,-1
0,0,0,0,-1,-1,-1
154957,1,0,1,113,1118,1062
153785,2,0,0,-1,-1,-1
154200,2,0,0,-1,-1,-1
0,0,0,0,-1,-1,-1
0,0,0,0,-1,-1,-1
154319,2,0,0,-1,-1,-1
153185,1,1,-1,86,12028,11990
154812,1,1,0,84,6710,6662
0,0,0,0,-1,-1,-1
0,0,0,0,-1,-1,-1
0,0,0,0,-1,-1,-1
153036,1,0,1,2,3986,3984
0,0,0,0,-1,-1,-1
0,0,0,0,-1,-1,-1
153405,2,0,0,-1,-1,-1
154765,1,0,1,49,3647,3628
0,0,0,0,-1,-1,-1
155095,1,1,0,105,2914,2871
0,0,0,0,-1,-1,-1
0,0,0,0,-1,-1,-1
153267,1,0,1,22,2055,2039
0,0,0,0,-1,-1,-1
0,0,0,0,-1,-1,-1
155019,1,0,1,313,8231,8131
0,0,0,0,-1,-1,-1
152839,1,1,0,139,3037,2982
0,0,0,0,-1,-1,-1
155317,1,1,1,102,9278,9226
154168,1,1,0,46,658,641
0,0,0,0,-1,-1,-1
0,0,0,0,-1,-1,-1
154178,2,0,0,-1,-1,-1
153023,2,0,0,-1,-1,-1
0,0,0,0,-1,-1,-1
154346,2,0,0,-1,-1,-1
155325,1,0,1,52,5186,5166
0,0,0,0,-1,-1,-1
155375,1,0,1,0,6839,6839
154332,2,0,0,-1,-1,-1
154558,1,0,1,111,2408,2352
154960,2,0,0,-1,-1,-1
154793,1,0,1,48,2170,2150
154399,1,0,1,30,2777,2754
0,0,0,0,-1,-1,-1
0,0,0,0,-1,-1,-1
0,0,0,0,-1,-1,-1
154555,1,1,0,153,2656,2596
154618,1,1,0,180,3589,3513
152549,2,0,0,-1,-1,-1
154640,1,0,1,89,4341,4300
154038,2,0,0,-1,-1,-1
154864,1,1,0,95,1933,1874
151998,1,1,0,114,5506,5448
152932,2,0,0,-1,-1,-1
0,0,0,0,-1,-1,-1
154936,2,0,0,-1,-1,-1
0,0,0,0,-1,-1,-1
0,0,0,0,-1,-1,-1
153692,2,0,0,-1,-1,-1
155218,1,0,1,35,12130,12105
155369,1,0,1,64,2217,2172
152871,2,0,0,-1,-1,-1
154459,2,0,0,-1,-1,-1
154078,1,1,0,94,5489,5441
153282,2,0,0,-1,-1,-1
154636,1,1,0,6,3984,3979
154427,2,0,0,-1,-1,-1
154586,2,0,0,-1,-1,-1
155285,1,1,1,303,6774,6643
153875,1,0,1,0,10152,10152
0,0,0,0,-1,-1,-1
153922,2,0,0,-1,-1,-1
155250,1,0,1,0,5730,5730
154320,1,1,0,48,1605,1567
155379,1,0,1,97,3604,3567
154323,2,0,0,-1,-1,-1
152406,1,1,0,31,12251,12238
0,0,0,0,-1,-1,-1
154155,1,1,0,40,4400,4386
153582,2,0,0,-1,-1,-1
0,0,0,0,-1,-1,-1
153892,2,0,0,-1,-1,-1
154854,1,0,1,151,3369,3306
154956,1,0,1,132,1871,1828
153781,2,0,0,-1,-1,-1
153961,2,0,0,-1,-1,-1
155276,1,1,0,19,5363,5342
155266,1,1,0,8,4254,4242
154557,2,0,0,-1,-1,-1
0,0,0,0,-1,-1,-1
152995,1,0,1,180,3060,2966
154597,1,0,1,64,3464,3434
0,0,0,0,-1,-1,-1
0,0,0,0,-1,-1,-1
0,0,0,0,-1,-1,-1
152793,2,0,0,-1,-1,-1
153897,2,0,0,-1,-1,-1
154253,1,1,0,80,10170,10145
154635,1,1,0,95,3553,3519
154385,1,0,1,23,3173,3158
0,0,0,0,-1,-1,-1
155306,1,1,1,320,3905,3783
154848,1,1,0,88,4011,3978
154199,1,0,1,201,3644,3534
152791,1,0,1,59,4720,4691
0,0,0,0,-1,-1,-1
154535,1,1,0,58,2681,2653
155062,1,1,1,69,3023,2998
154594,2,0,0,-1,-1,-1
154233,2,0,0,-1,-1,-1
154994,1,1,0,34,1884,1855
154148,2,0,0,-1,-1,-1
0,0,0,0,-1,-1,-1
0,0,0,0,-1,-1,-1
153590,1,0,1,140,3159,3097
155114,1,0,1,203,8607,8499
154328,2,0,0,-1,-1,-1
154947,1,0,1,40,2956,2924
0,0,0,0,-1,-1,-1
154408,2,0,0,-1,-1,-1
154753,2,0,0,-1,-1,-1
155276,1,0,1,31,3749,3733
154812,2,0,0,-1,-1,-1
0,0,0,0,-1,-1,-1
0,0,0,0,-1,-1,-1
155365,1,0,1,128,2104,2052
155275,1,0,1,0,13545,13545
153787,1,0,1,53,6882,6866
155154,1,0,1,195,4743,4641
0,0,0,0,-1,-1,-1
155067,1,1,-1,264,9380,9240
155170,1,1,0,117,5209,5162
0,0,0,0,-1,-1,-1
154724,1,1,0,110,1960,1915
154489,1,0,1,25,8588,8582
0,0,0,0,-1,-1,-1
153423,2,0,0,-1,-1,-1
154279,2,0,0,-1,-1,-1
153927,1,0,1,84,11071,11029
0,0,0,0,-1,-1,-1
154258,2,0,0,-1,-1,-1
0,0,0,0,-1,-1,-1
154407,1,0,1,58,3031,3009
154706,2,0,0,-1,-1,-1
154856,2,0,0,-1,-1,-1
153667,2,0,0,-1,-1,-1
154490,1,0,1,166,6636,6567
155133,1,0,1,47,10281,10251
153818,2,0,0,-1,-1,-1
153673,2,0,0,-1,-1,-1
0,0,0,0,-1,-1,-1
154243,2,0,0,-1,-1,-1
0,0,0,0,-1,-1,-1
154676,2,0,0,-1,-1,-1
155295,1,1,0,0,4083,4083
155381,1,1,0,37,5321,5314
0,0,0,0,-1,-1,-1
155187,1,0,1,136,6239,6183
153919,1,0,1,129,2194,2096
0,0,0,0,-1,-1,-1
155207,2,0,0,-1,-1,-1
0,0,0,0,-1,-1,-1
154869,1,0,1,130,4460,4408
155176,1,1,0,44,3280,3269
153425,2,0,0,-1,-1,-1
153142,2,0,0,-1,-1,-1
154900,1,0,1,148,2702,2661
0,0,0,0,-1,-1,-1
0,0,0,0,-1,-1,-1
0,0,0,0,-1,-1,-1
0,0,0,0,-1,-1,-1
154248,2,0,0,-1,-1,-1
0,0,0,0,-1,-1,-1
154912,2,0,0,-1,-1,-1
154688,1,0,1,179,4585,4501
154075,2,0,0,-1,-1,-1
0,0,0,0,-1,-1,-1
155232,1,0,1,24,9887,9874
154286,1,0,1,144,2871,2796
153597,2,0,0,-1,-1,-1
0,0,0,0,-1,-1,-1
0,0,0,0,-1,-1,-1
154693,2,0,0,-1,-1,-1
154870,1,0,1,34,3486,3473
0,0,0,0,-1,-1,-1
0,0,0,0,-1,-1,-1
155199,1,0,1,36,6842,6821
0,0,0,0,-1,-1,-1
155135,1,0,1,1,13963,13962
155288,1,0,1,96,1614,1591
153564,2,0,0,-1,-1,-1
0,0,0,0,-1,-1,-1
154241,1,0,1,143,4522,4455
155351,1,1,0,158,6434,6350
155146,2,0,0,-1,-1,-1
154876,2,0,0,-1,-1,-1
153973,2,0,0,-1,-1,-1
0,0,0,0,-1,-1,-1
152621,2,0,0,-1,-1,-1
0,0,0,0,-1,-1,-1
155323,1,0,1,0,1220,1220
0,0,0,0,-1,-1,-1
154549,2,0,0,-1,-1,-1
0,0,0,0,-1,-1,-1
153513,2,0,0,-1,-1,-1
154227,2,0,0,-1,-1,-1
0,0,0,0,-1,-1,-1
0,0,0,0,-1,-1,-1
153740,2,0,0,-1,-1,-1
0,0,0,0,-1,-1,-1
0,0,0,0,-1,-1,-1
154816,2,0,0,-1,-1,-1
0,0,0,0,-1,-1,-1
154776,1,1,0,23,6992,6977
154956,1,1,0,47,1797,1789
155160,2,0,0,-1,-1,-1
0,0,0,0,-1,-1,-1
0,0,0,0,-1,-1,-1
153809,2,0,0,-1,-1,-1
0,0,0,0,-1,-1,-1
155092,1,0,1,82,1506,1472
154512,2,0,0,-1,-1,-1
154958,1,0,1,51,4175,4156
0,0,0,0,-1,-1,-1
152876,2,0,0,-1,-1,-1
154470,2,0,0,-1,-1,-1
152678,2,0,0,-1,-1,-1
0,0,0,0,-1,-1,-1
155179,1,1,0,22,2441,2432
0,0,0,0,-1,-1,-1
152421,2,0,0,-1,-1,-1
0,0,0,0,-1,-1,-1
154112,2,0,0,-1,-1,-1
0,0,0,0,-1,-1,-1
154957,1,0,1,50,4583,4560
153760,2,0,0,-1,-1,-1
0,0,0,0,-1,-1,-1
154504,2,0,0,-1,-1,-1
154442,2,0,0,-1,-1,-1
153714,2,0,0,-1,-1,-1
154743,1,1,0,67,1726,1691
154696,2,0,0,-1,-1,-1
0,0,0,0,-1,-1,-1
154233,2,0,0,-1,-1,-1
154809,1,1,0,111,4550,4504
155066,1,0,1,47,2597,2568
154845,2,0,0,-1,-1,-1
0,0,0,0,-1,-1,-1
152284,2,0,0,-1,-1,-1
154321,2,0,0,-1,-1,-1
0,0,0,0,-1,-1,-1
154526,1,0,1,146,11309,11231
0,0,0,0,-1,-1,-1
153729,1,1,1,224,2994,2897
0,0,0,0,-1,-1,-1
155153,1,1,0,136,2509,2458
0,0,0,0,-1,-1,-1
0,0,0,0,-1,-1,-1
0,0,0,0,-1,-1,-1
154398,2,0,0,-1,-1,-1
0,0,0,0,-1,-1,-1
155146,1,0,1,46,9219,9197
154591,2,0,0,-1,-1,-1
155109,1,1,0,38,7988,7954
155326,1,1,-1,126,13305,13250
155077,2,0,0,-1,-1,-1
0,0,0,0,-1,-1,-1
0,0,0,0,-1,-1,-1
153680,1,1,0,268,3623,3507
154408,1,0,1,48,3798,3780
153508,1,1,0,0,1658,1658
154909,1,1,0,19,2579,2564
154777,1,0,1,96,17487,17470
154987,1,1,0,165,3457,3371
155251,1,1,0,125,3680,3622
0,0,0,0,-1,-1,-1
0,0,0,0,-1,-1,-1
153455,2,0,0,-1,-1,-1
154008,1,0,1,175,3585,3527
155039,1,1,0,167,2242,2152
154087,2,0,0,-1,-1,-1
154800,2,0,0,-1,-1,-1
155004,1,0,1,47,7406,7396
0,0,0,0,-1,-1,-1
153332,2,0,0,-1,-1,-1
153112,2,0,0,-1,-1,-1
155006,2,0,0,-1,-1,-1
154155,2,0,0,-1,-1,-1
0,0,0,0,-1,-1,-1
0,0,0,0,-1,-1,-1
0,0,0,0,-1,-1,-1
0,0,0,0,-1,-1,-1
154588,2,0,0,-1,-1,-1
154060,1,1,0,26,12613,12600
154401,1,1,0,295,4112,3928
154178,1,1,0,242,1965,1860
154848,1,0,1,68,3172,3138
0,0,0,0,-1,-1,-1
154637,1,0,1,168,3654,3589
155266,2,0,0,-1,-1,-1
154582,2,0,0,-1,-1,-1
154744,2,0,0,-1,-1,-1
154791,1,0,1,182,4964,4871
154155,1,0,1,164,1828,1748
153879,2,0,0,-1,-1,-1
154280,2,0,0,-1,-1,-1
154775,2,0,0,-1,-1,-1
0,0,0,0,-1,-1,-1
0,0,0,0,-1,-1,-1
153919,2,0,0,-1,-1,-1
0,0,0,0,-1,-1,-1
0,0,0,0,-1,-1,-1
154365,2,0,0,-1,-1,-1
155255,1,0,1,60,7456,7433
155348,1,1,0,55,1275,1237
155084,1,1,0,117,1520,1481
155165,2,0,0,-1,-1,-1
154593,1,0,1,62,1328,1296
154299,2,0,0,-1,-1,-1
0,0,0,0,-1,-1,-1
154975,1,0,1,82,12843,12775
154577,2,0,0,-1,-1,-1
154470,2,0,0,-1,-1,-1
154390,2,0,0,-1,-1,-1
154267,2,0,0,-1,-1,-1
154413,2,0,0,-1,-1,-1
155273,1,1,-1,86,3202,3159
154915,2,0,0,-1,-1,-1
0,0,0,0,-1,-1,-1
155043,1,1,0,168,1875,1790
154576,1,0,1,15,5219,5216
154780,2,0,0,-1,-1,-1
0,0,0,0,-1,-1,-1
0,0,0,0,-1,-1,-1
0,0,0,0,-1,-1,-1
153760,1,1,0,0,440,440
155317,1,0,1,176,4661,4609
154383,2,0,0,-1,-1,-1
154495,2,0,0,-1,-1,-1
153491,2,0,0,-1,-1,-1
153871,1,1,-1,73,5099,5058
155335,1,0,1,50,2436,2410
155020,1,1,1,156,6783,6738
0,0,0,0,-1,-1,-1
0,0,0,0,-1,-1,-1
155215,1,1,0,155,3178,3125
0,0,0,0,-1,-1,-1
154612,2,0,0,-1,-1,-1
0,0,0,0,-1,-1,-1
154523,2,0,0,-1,-1,-1
153535,1,1,0,0,16132,16132
154245,1,0,1,82,2824,2806
154486,1,0,1,94,7746,7696
0,0,0,0,-1,-1,-1
154541,2,0,0,-1,-1,-1
0,0,0,0,-1,-1,-1
0,0,0,0,-1,-1,-1
154951,1,0,1,76,10434,10394
0,0,0,0,-1,-1,-1
0,0,0,0,-1,-1,-1
154293,1,1,0,190,3470,3387
154961,2,0,0,-1,-1,-1
0,0,0,0,-1,-1,-1
0,0,0,0,-1,-1,-1
155130,1,1,0,0,1237,1237
0,0,0,0,-1,-1,-1
154601,2,0,0,-1,-1,-1
153178,1,0,1,0,4978,4978
0,0,0,0,-1,-1,-1
154925,1,1,0,54,4707,4680
152679,2,0,0,-1,-1,-1
153293,2,0,0,-1,-1,-1
0,0,0,0,-1,-1,-1
0,0,0,0,-1,-1,-1
0,0,0,0,-1,-1,-1
0,0,0,0,-1,-1,-1
155366,1,1,0,70,3792,3753
0,0,0,0,-1,-1,-1
153921,2,0,0,-1,-1,-1
0,0,0,0,-1,-1,-1
154764,1,0,1,133,8098,8029
0,0,0,0,-1,-1,-1
0,0,0,0,-1,-1,-1
155155,1,1,-1,30,5222,5215
155205,2,0,0,-1,-1,-1
0,0,0,0,-1,-1,-1
0,0,0,0,-1,-1,-1
153808,1,1,0,45,4958,4938
153057,1,0,1,56,4282,4259
0,0,0,0,-1,-1,-1
0,0,0,0,-1,-1,-1
154688,1,1,0,129,2609,2532
0,0,0,0,-1,-1,-1
153874,1,0,1,0,2102,2102
0,0,0,0,-1,-1,-1
152946,2,0,0,-1,-1,-1
154959,1,1,0,79,9767,9728
154205,2,0,0,-1,-1,-1
153927,1,0,1,204,1860,1772
154331,1,1,0,62,10595,10572
152530,1,1,0,78,7695,7651
154456,1,1,0,54,2133,2092
155252,2,0,0,-1,-1,-1
153689,2,0,0,-1,-1,-1
154750,1,1,0,0,1108,1108
155221,1,1,-1,159,5791,5736
0,0,0,0,-1,-1,-1
0,0,0,0,-1,-1,-1
154559,2,0,0,-1,-1,-1
154690,1,1,1,131,3888,3834
0,0,0,0,-1,-1,-1
154124,2,0,0,-1,-1,-1
154001,1,1,1,216,3940,3863
154485,1,0,1,151,2606,2527
154631,1,0,1,123,3191,3132
153272,2,0,0,-1,-1,-1
152882,2,0,0,-1,-1,-1
155071,1,0,1,0,5114,5114
152962,2,0,0,-1,-1,-1
0,0,0,0,-1,-1,-1
154701,2,0,0,-1,-1,-1
154492,2,0,0,-1,-1,-1
0,0,0,0,-1,-1,-1
154681,1,0,1,141,2083,2049
155055,2,0,0,-1,-1,-1
154652,1,0,1,150,1639,1570
153291,2,0,0,-1,-1,-1
153619,1,0,1,0,29500,29500
154441,1,0,1,24,12716,12710
154579,2,0,0,-1,-1,-1
154990,1,1,0,25,1761,1753
0,0,0,0,-1,-1,-1
0,0,0,0,-1,-1,-1
155175,1,1,0,238,2253,2165
154782,2,0,0,-1,-1,-1
0,0,0,0,-1,-1,-1
154618,2,0,0,-1,-1,-1
154659,1,1,0,78,2119,2082
0,0,0,0,-1,-1,-1
0,0,0,0,-1,-1,-1
0,0,0,0,-1,-1,-1
153382,1,1,0,66,2072,2051
153992,1,0,1,131,2713,2669
154922,1,1,0,93,2594,2557
153584,2,0,0,-1,-1,-1
154472,2,0,0,-1,-1,-1
154961,1,0,1,221,1881,1785
0,0,0,0,-1,-1,-1
154008,1,0,1,21,3164,3153
154869,1,0,1,105,6679,6633
0,0,0,0,-1,-1,-1
154576,2,0,0,-1,-1,-1
0,0,0,0,-1,-1,-1
153975,1,1,0,0,6784,6784
0,0,0,0,-1,-1,-1
154208,2,0,0,-1,-1,-1
154632,1,0,1,109,3173,3134
0,0,0,0,-1,-1,-1
154243,1,0,1,183,4136,4045
0,0,0,0,-1,-1,-1
0,0,0,0,-1,-1,-1
154799,1,1,1,156,2682,2628
153791,2,0,0,-1,-1,-1
154296,2,0,0,-1,-1,-1
154634,1,0,1,231,1846,1750
154498,2,0,0,-1,-1,-1
153730,1,1,0,73,3011,2973
154017,1,1,0,76,1942,1917
155362,1,1,-1,153,3047,2998
155103,1,1,-1,100,7687,7622
0,0,0,0,-1,-1,-1
0,0,0,0,-1,-1,-1
0,0,0,0,-1,-1,-1
153949,2,0,0,-1,-1,-1
154490,2,0,0,-1,-1,-1
153885,2,0,0,-1,-1,-1
153769,1,0,1,51,10469,10453
0,0,0,0,-1,-1,-1
153022,2,0,0,-1,-1,-1
0,0,0,0,-1,-1,-1
154096,2,0,0,-1,-1,-1
153783,1,1,0,62,5384,5366
153646,1,0,1,244,2802,2701
154848,1,1,0,188,2843,2772
155020,1,1,0,146,2412,2324
0,0,0,0,-1,-1,-1
155115,1,0,1,93,4099,4040
154255,2,0,0,-1,-1,-1
153964,1,0,1,174,3972,3881
154273,2,0,0,-1,-1,-1
0,0,0,0,-1,-1,-1
154041,1,1,0,23,2960,2948
154655,2,0,0,-1,-1,-1
154458,2,0,0,-1,-1,-1
0,0,0,0,-1,-1,-1
154284,2,0,0,-1,-1,-1
0,0,0,0,-1,-1,-1
154047,1,0,1,50,3961,3929
0,0,0,0,-1,-1,-1
153666,1,1,0,106,2862,2816
154171,2,0,0,-1,-1,-1
0,0,0,0,-1,-1,-1
154731,1,1,0,231,4630,4497
0,0,0,0,-1,-1,-1
153955,1,0,1,176,2608,2513
154148,1,1,0,96,2782,2739
153951,2,0,0,-1,-1,-1
0,0,0,0,-1,-1,-1
154973,1,0,1,170,4569,4497
154448,2,0,0,-1,-1,-1
0,0,0,0,-1,-1,-1
153626,2,0,0,-1,-1,-1
154503,2,0,0,-1,-1,-1
0,0,0,0,-1,-1,-1
0,0,0,0,-1,-1,-1
153587,2,0,0,-1,-1,-1
0,0,0,0,-1,-1,-1
0,0,0,0,-1,-1,-1
153967,2,0,0,-1,-1,-1
154631,2,0,0,-1,-1,-1
153813,2,0,0,-1,-1,-1
155296,1,0,1,0,1240,1240
0,0,0,0,-1,-1,-1
154342,1,1,0,110,1211,1163
0,0,0,0,-1,-1,-1
154147,2,0,0,-1,-1,-1
154113,2,0,0,-1,-1,-1
0,0,0,0,-1,-1,-1
154477,1,0,1,0,20372,20372
155111,1,1,0,117,7490,7420
0,0,0,0,-1,-1,-1
154889,2,0,0,-1,-1,-1
0,0,0,0,-1,-1,-1
153212,2,0,0,-1,-1,-1
0,0,0,0,-1,-1,-1
155308,1,0,1,61,3627,3596
153106,2,0,0,-1,-1,-1
155291,1,1,0,151,5151,5088
154539,1,0,1,177,4210,4129
153463,1,1,0,80,4949,4906
154256,2,0,0,-1,-1,-1
0,0,0,0,-1,-1,-1
154641,2,0,0,-1,-1,-1
0,0,0,0,-1,-1,-1
0,0,0,0,-1,-1,-1
152526,2,0,0,-1,-1,-1
154599,2,0,0,-1,-1,-1
153909,1,0,1,66,3862,3810
154329,2,0,0,-1,-1,-1
154262,1,1,0,212,5458,5354
154782,1,0,1,55,3706,3683
0,0,0,0,-1,-1,-1
0,0,0,0,-1,-1,-1
153259,2,0,0,-1,-1,-1
154476,1,0,1,167,2171,2081
154181,2,0,0,-1,-1,-1
155044,1,0,1,151,9821,9771
0,0,0,0,-1,-1,-1
0,0,0,0,-1,-1,-1
154940,2,0,0,-1,-1,-1
0,0,0,0,-1,-1,-1
154561,1,0,1,36,2391,2372
0,0,0,0,-1,-1,-1
153308,2,0,0,-1,-1,-1
155237,1,1,1,98,5498,5447
153614,2,0,0,-1,-1,-1
154908,1,0,1,0,1036,1036
153609,1,0,1,140,8965,8895
0,0,0,0,-1,-1,-1
0,0,0,0,-1,-1,-1
155208,1,1,-1,35,6983,6973
0,0,0,0,-1,-1,-1
0,0,0,0,-1,-1,-1
154163,2,0,0,-1,-1,-1
154818,1,1,0,226,4131,4027
0,0,0,0,-1,-1,-1
0,0,0,0,-1,-1,-1
153081,2,0,0,-1,-1,-1
152909,2,0,0,-1,-1,-1
0,0,0,0,-1,-1,-1
155376,1,0,1,203,1445,1381
154186,2,0,0,-1,-1,-1
154233,2,0,0,-1,-1,-1
153786,2,0,0,-1,-1,-1
0,0,0,0,-1,-1,-1
155241,2,0,0,-1,-1,-1
153947,2,0,0,-1,-1,-1
0,0,0,0,-1,-1,-1
154075,1,0,1,98,4748,4685
0,0,0,0,-1,-1,-1
154943,2,0,0,-1,-1,-1
0,0,0,0,-1,-1,-1
0,0,0,0,-1,-1,-1
0,0,0,0,-1,-1,-1
0,0,0,0,-1,-1,-1
0,0,0,0,-1,-1,-1
152881,2,0,0,-1,-1,-1
0,0,0,0,-1,-1,-1
154599,1,0,1,99,3830,3804
154615,1,1,0,69,5090,5065
155008,2,0,0,-1,-1,-1
153852,2,0,0,-1,-1,-1
152641,1,0,1,90,23724,23690
154457,1,0,1,33,1662,1637
154145,2,0,0,-1,-1,-1
154698,2,0,0,-1,-1,-1
154850,1,0,1,22,4792,4769
153763,2,0,0,-1,-1,-1
0,0,0,0,-1,-1,-1
154936,1,0,1,46,3565,3547
154485,2,0,0,-1,-1,-1
0,0,0,0,-1,-1,-1
154519,2,0,0,-1,-1,-1
0,0,0,0,-1,-1,-1
0,0,0,0,-1,-1,-1
155101,1,1,0,236,3687,3590
154331,2,0,0,-1,-1,-1
153406,2,0,0,-1,-1,-1
0,0,0,0,-1,-1,-1
153926,1,1,0,104,804,757
0,0,0,0,-1,-1,-1
154021,1,0,1,54,5258,5235
153428,1,1,0,196,4207,4102
152958,2,0,0,-1,-1,-1
153831,2,0,0,-1,-1,-1
155253,2,0,0,-1,-1,-1
154689,1,1,1,144,3153,3106
153478,2,0,0,-1,-1,-1
154877,2,0,0,-1,-1,-1
0,0,0,0,-1,-1,-1
153577,2,0,0,-1,-1,-1
154557,2,0,0,-1,-1,-1
155358,1,0,1,40,3380,3368
153974,2,0,0,-1,-1,-1
0,0,0,0,-1,-1,-1
0,0,0,0,-1,-1,-1
154138,1,1,0,99,4275,4223
0,0,0,0,-1,-1,-1
153653,1,0,1,41,3234,3218
154224,2,0,0,-1,-1,-1
0,0,0,0,-1,-1,-1
154983,1,1,-1,145,8236,8171
0,0,0,0,-1,-1,-1
0,0,0,0,-1,-1,-1
0,0,0,0,-1,-1,-1
153625,1,1,0,137,5641,5567
153980,2,0,0,-1,-1,-1
0,0,0,0,-1,-1,-1
153298,1,0,1,23,3423,3411
0,0,0,0,-1,-1,-1
0,0,0,0,-1,-1,-1
0,0,0,0,-1,-1,-1
0,0,0,0,-1,-1,-1
154543,1,1,0,222,3317,3206
0,0,0,0,-1,-1,-1
153425,1,0,1,165,2942,2854
154421,1,0,1,200,3919,3851
154563,2,0,0,-1,-1,-1
154011,2,0,0,-1,-1,-1
0,0,0,0,-1,-1,-1
153554,1,1,0,90,18019,17983
154959,1,1,0,242,3992,3881
0,0,0,0,-1,-1,-1
0,0,0,0,-1,-1,-1
155040,2,0,0,-1,-1,-1
154008,2,0,0,-1,-1,-1
0,0,0,0,-1,-1,-1
152238,2,0,0,-1,-1,-1
0,0,0,0,-1,-1,-1
154159,2,0,0,-1,-1,-1
155163,1,1,0,189,1456,1361
154094,2,0,0,-1,-1,-1
0,0,0,0,-1,-1,-1
0,0,0,0,-1,-1,-1
154026,2,0,0,-1,-1,-1
0,0,0,0,-1,-1,-1
154490,1,1,0,51,5819,5800
153976,1,0,1,82,3780,3725
154129,2,0,0,-1,-1,-1
153712,2,0,0,-1,-1,-1
154323,1,1,0,64,3267,3241
154490,2,0,0,-1,-1,-1
153988,1,1,0,184,3133,3052
0,0,0,0,-1,-1,-1
0,0,0,0,-1,-1,-1
154347,2,0,0,-1,-1,-1
152828,2,0,0,-1,-1,-1
154521,1,0,1,60,3643,3610
0,0,0,0,-1,-1,-1
154681,1,0,1,255,2004,1901
154572,2,0,0,-1,-1,-1
155239,1,0,1,128,2181,2123
154863,1,1,0,111,34267,34199
155119,2,0,0,-1,-1,-1
0,0,0,0,-1,-1,-1
153418,2,0,0,-1,-1,-1
0,0,0,0,-1,-1,-1
154349,1,0,1,0,8114,8114
0,0,0,0,-1,-1,-1
155184,2,0,0,-1,-1,-1
0,0,0,0,-1,-1,-1
155189,1,0,1,110,1415,1373
154790,1,1,0,276,1925,1802
152966,2,0,0,-1,-1,-1
0,0,0,0,-1,-1,-1
0,0,0,0,-1,-1,-1
0,0,0,0,-1,-1,-1
0,0,0,0,-1,-1,-1
154248,2,0,0,-1,-1,-1
153512,2,0,0,-1,-1,-1
151971,1,0,1,71,11039,11015
153669,2,0,0,-1,-1,-1
153285,2,0,0,-1,-1,-1
153096,2,0,0,-1,-1,-1
0,0,0,0,-1,-1,-1
155179,1,0,1,0,5022,5022
0,0,0,0,-1,-1,-1
0,0,0,0,-1,-1,-1
153993,2,0,0,-1,-1,-1
151661,2,0,0,-1,-1,-1
152127,2,0,0,-1,-1,-1
0,0,0,0,-1,-1,-1
0,0,0,0,-1,-1,-1
154735,1,1,0,287,3675,3549
0,0,0,0,-1,-1,-1
153886,2,0,0,-1,-1,-1
154636,1,1,-1,91,6260,6225
152526,2,0,0,-1,-1,-1
0,0,0,0,-1,-1,-1
155130,1,1,-1,247,3683,3575
154684,1,1,1,124,3939,3869
154180,2,0,0,-1,-1,-1
154676,2,0,0,-1,-1,-1
154512,2,0,0,-1,-1,-1
154964,2,0,0,-1,-1,-1
0,0,0,0,-1,-1,-1
154837,1,0,1,0,5841,5841
153520,2,0,0,-1,-1,-1
0,0,0,0,-1,-1,-1
154888,1,1,0,56,17172,17148
153449,2,0,0,-1,-1,-1
0,0,0,0,-1,-1,-1
0,0,0,0,-1,-1,-1
154265,1,0,1,129,8946,8905
155152,2,0,0,-1,-1,-1
155347,1,0,1,48,6165,6139
0,0,0,0,-1,-1,-1
153950,1,0,1,188,1599,1532
154354,2,0,0,-1,-1,-1
154051,1,1,0,121,2619,2540
154210,1,0,1,78,5729,5679
155159,1,1,0,129,4839,4780
155311,1,1,-1,137,11932,11856
155202,1,1,0,146,3953,3874
155091,1,1,0,136,2225,2156
0,0,0,0,-1,-1,-1
153932,1,0,1,128,3572,3505
154278,1,1,0,72,3116,3075
0,0,0,0,-1,-1,-1
151112,2,0,0,-1,-1,-1
153738,2,0,0,-1,-1,-1
155015,2,0,0,-1,-1,-1
153737,2,0,0,-1,-1,-1
0,0,0,0,-1,-1,-1
155115,1,1,1,78,9327,9282
155067,2,0,0,-1,-1,-1
0,0,0,0,-1,-1,-1
153327,1,0,1,78,2834,2807
153682,1,1,1,173,6373,6297
0,0,0,0,-1,-1,-1
154442,2,0,0,-1,-1,-1
0,0,0,0,-1,-1,-1
153910,1,0,1,92,4607,4550
153916,2,0,0,-1,-1,-1
154616,2,0,0,-1,-1,-1
154377,2,0,0,-1,-1,-1
153384,1,1,0,108,2627,2555
0,0,0,0,-1,-1,-1
154668,1,1,0,173,3591,3520
154064,1,1,0,180,10682,10587
153882,2,0,0,-1,-1,-1
153243,2,0,0,-1,-1,-1
153414,1,0,1,37,2061,2053
0,0,0,0,-1,-1,-1
154759,1,1,-1,198,3308,3207
154289,1,1,1,219,4247,4150
154706,1,0,1,166,2587,2503
0,0,0,0,-1,-1,-1
154755,2,0,0,-1,-1,-1
0,0,0,0,-1,-1,-1
153836,2,0,0,-1,-1,-1
155189,1,1,1,243,3475,3376
155037,1,0,1,161,3056,2981
0,0,0,0,-1,-1,-1
154976,1,1,0,144,3332,3269
155060,2,0,0,-1,-1,-1
0,0,0,0,-1,-1,-1
0,0,0,0,-1,-1,-1
0,0,0,0,-1,-1,-1
155328,1,1,0,208,4439,4339
153876,1,1,-1,160,10446,10373
0,0,0,0,-1,-1,-1
154318,1,0,1,101,10113,10046
0,0,0,0,-1,-1,-1
0,0,0,0,-1,-1,-1
154461,2,0,0,-1,-1,-1
154827,1,1,-1,104,4756,4694
154764,2,0,0,-1,-1,-1
154176,2,0,0,-1,-1,-1
154714,1,1,0,253,1543,1426
0,0,0,0,-1,-1,-1
154845,1,0,1,29,7871,7856
152422,2,0,0,-1,-1,-1
0,0,0,0,-1,-1,-1
0,0,0,0,-1,-1,-1
154101,1,1,0,96,10415,10374
0,0,0,0,-1,-1,-1
154749,2,0,0,-1,-1,-1
155213,1,1,0,0,8100,8100
155145,1,1,0,71,3414,3369
153993,2,0,0,-1,-1,-1
0,0,0,0,-1,-1,-1
153805,2,0,0,-1,-1,-1
0,0,0,0,-1,-1,-1
153370,2,0,0,-1,-1,-1
155232,1,1,0,7,2586,2581
0,0,0,0,-1,-1,-1
154052,2,0,0,-1,-1,-1
155220,1,1,0,36,1594,1577
155276,2,0,0,-1,-1,-1
153755,1,1,0,181,3790,3694
154074,2,0,0,-1,-1,-1
0,0,0,0,-1,-1,-1
154829,1,1,0,70,3195,3164
155241,1,0,1,34,11602,11579
154780,1,0,1,70,4395,4356
0,0,0,0,-1,-1,-1
0,0,0,0,-1,-1,-1
0,0,0,0,-1,-1,-1
153134,2,0,0,-1,-1,-1
153989,1,0,1,0,6584,6584
153839,2,0,0,-1,-1,-1
0,0,0,0,-1,-1,-1
153682,1,0,1,198,6647,6582
0,0,0,0,-1,-1,-1
0,0,0,0,-1,-1,-1
154727,1,1,1,172,8742,8644
154075,2,0,0,-1,-1,-1
0,0,0,0,-1,-1,-1
153255,2,0,0,-1,-1,-1
155309,1,1,0,91,2464,2423
0,0,0,0,-1,-1,-1
0,0,0,0,-1,-1,-1
154203,1,1,0,39,3565,3520
154109,1,0,1,35,4220,4210
152163,2,0,0,-1,-1,-1
155265,1,1,1,178,4981,4918
154170,2,0,0,-1,-1,-1
153523,2,0,0,-1,-1,-1
153382,1,1,0,1,6212,6211
0,0,0,0,-1,-1,-1
155005,2,0,0,-1,-1,-1
0,0,0,0,-1,-1,-1
0,0,0,0,-1,-1,-1
154624,1,0,1,70,3759,3731
0,0,0,0,-1,-1,-1
154826,1,0,1,104,16920,16868
154427,1,0,1,105,4681,4622
154445,2,0,0,-1,-1,-1
0,0,0,0,-1,-1,-1
155033,1,1,0,18,1532,1524
0,0,0,0,-1,-1,-1
0,0,0,0,-1,-1,-1
154930,2,0,0,-1,-1,-1
154199,2,0,0,-1,-1,-1
154196,1,1,0,219,3438,3347
154476,1,1,0,29,4837,4818
0,0,0,0,-1,-1,-1
0,0,0,0,-1,-1,-1
154429,1,1,-1,222,4916,4833
155168,2,0,0,-1,-1,-1
154260,1,0,1,157,3933,3867
154444,1,1,0,83,5016,4967
154772,1,0,1,37,2506,2493
153261,1,0,1,0,10292,10292
152727,1,0,1,164,12870,12792
154991,1,0,1,174,2094,2018
154201,2,0,0,-1,-1,-1
152770,2,0,0,-1,-1,-1
154478,1,1,0,126,2681,2639
0,0,0,0,-1,-1,-1
155039,1,1,0,75,3446,3414
154769,1,0,1,0,6543,6543
153330,2,0,0,-1,-1,-1
154308,2,0,0,-1,-1,-1
154207,2,0,0,-1,-1,-1
0,0,0,0,-1,-1,-1
0,0,0,0,-1,-1,-1
154638,1,1,0,0,8112,8112
155363,1,0,1,74,2667,2625
0,0,0,0,-1,-1,-1
155032,2,0,0,-1,-1,-1
0,0,0,0,-1,-1,-1
152753,2,0,0,-1,-1,-1
153986,1,1,0,0,3564,3564
154368,2,0,0,-1,-1,-1
153663,2,0,0,-1,-1,-1
0,0,0,0,-1,-1,-1
154138,2,0,0,-1,-1,-1
153149,1,1,0,181,3687,3628
153506,2,0,0,-1,-1,-1
153892,2,0,0,-1,-1,-1
154798,1,0,1,149,2894,2820
0,0,0,0,-1,-1,-1
154142,2,0,0,-1,-1,-1
154521,2,0,0,-1,-1,-1
0,0,0,0,-1,-1,-1
0,0,0,0,-1,-1,-1
0,0,0,0,-1,-1,-1
154643,2,0,0,-1,-1,-1
155330,1,1,1,31,5441,5423
0,0,0,0,-1,-1,-1
154771,2,0,0,-1,-1,-1
153000,2,0,0,-1,-1,-1
0,0,0,0,-1,-1,-1
155302,1,0,1,235,2897,2774
153216,1,1,0,168,1381,1304
154025,2,0,0,-1,-1,-1
154939,1,1,0,124,1757,1691
0,0,0,0,-1,-1,-1
154985,1,1,0,28,12978,12972
154855,1,1,0,196,3350,3263
0,0,0,0,-1,-1,-1
0,0,0,0,-1,-1,-1
154004,2,0,0,-1,-1,-1
153589,1,1,0,44,3030,3014
154249,2,0,0,-1,-1,-1
154025,2,0,0,-1,-1,-1
154508,1,1,0,160,5483,5385
0,0,0,0,-1,-1,-1
155305,1,0,1,0,14658,14658
154696,1,1,1,70,4285,4251
155123,2,0,0,-1,-1,-1
153978,2,0,0,-1,-1,-1
0,0,0,0,-1,-1,-1
154629,2,0,0,-1,-1,-1
0,0,0,0,-1,-1,-1
153104,2,0,0,-1,-1,-1
0,0,0,0,-1,-1,-1
154451,2,0,0,-1,-1,-1
0,0,0,0,-1,-1,-1
0,0,0,0,-1,-1,-1
154135,1,0,1,82,8982,8928
0,0,0,0,-1,-1,-1
154622,1,0,1,0,10695,10695
154203,1,0,1,18,2015,1999
154654,1,1,0,157,2652,2577
0,0,0,0,-1,-1,-1
0,0,0,0,-1,-1,-1
154909,2,0,0,-1,-1,-1
0,0,0,0,-1,-1,-1
155204,1,1,0,55,7389,7359
154492,1,1,0,181,3944,3855
155153,1,1,0,91,6721,6654
154042,1,0,1,56,1259,1232
154826,1,1,-1,126,5304,5245
154606,2,0,0,-1,-1,-1
154736,2,0,0,-1,-1,-1
154693,2,0,0,-1,-1,-1
154818,1,1,0,221,7913,7824
0,0,0,0,-1,-1,-1
0,0,0,0,-1,-1,-1
0,0,0,0,-1,-1,-1
155217,1,0,1,127,3969,3933
154919,2,0,0,-1,-1,-1
155273,1,0,1,101,4348,4293
154100,1,1,0,112,3538,3516
153541,2,0,0,-1,-1,-1
154059,2,0,0,-1,-1,-1
0,0,0,0,-1,-1,-1
154249,2,0,0,-1,-1,-1
154810,1,0,1,122,2563,2493
0,0,0,0,-1,-1,-1
0,0,0,0,-1,-1,-1
154765,1,1,1,179,4591,4519
153886,2,0,0,-1,-1,-1
154649,1,1,0,118,3591,3529
153775,2,0,0,-1,-1,-1
152502,1,1,0,73,1144,1110
154891,2,0,0,-1,-1,-1
0,0,0,0,-1,-1,-1
0,0,0,0,-1,-1,-1
154791,2,0,0,-1,-1,-1
154894,2,0,0,-1,-1,-1
154045,1,1,0,70,3682,3659
154943,1,0,1,4,2121,2104
153039,1,1,0,148,4798,4709
154197,1,0,1,315,5066,4897
155201,2,0,0,-1,-1,-1
0,0,0,0,-1,-1,-1
0,0,0,0,-1,-1,-1
155183,1,1,0,88,3176,3125
0,0,0,0,-1,-1,-1
0,0,0,0,-1,-1,-1
155307,1,0,1,137,3345,3275
0,0,0,0,-1,-1,-1
154318,1,1,0,211,3918,3840
154409,2,0,0,-1,-1,-1
0,0,0,0,-1,-1,-1
154985,2,0,0,-1,-1,-1
153718,2,0,0,-1,-1,-1
155366,1,1,-1,208,2590,2489
155279,1,1,0,29,1197,1189
155121,1,0,1,142,2786,2733
154833,2,0,0,-1,-1,-1
0,0,0,0,-1,-1,-1
155003,1,1,0,0,663,663
154119,2,0,0,-1,-1,-1
154128,2,0,0,-1,-1,-1
154319,2,0,0,-1,-1,-1
0,0,0,0,-1,-1,-1
0,0,0,0,-1,-1,-1
152661,2,0,0,-1,-1,-1
154587,2,0,0,-1,-1,-1
155042,1,1,0,98,5748,5696
154279,2,0,0,-1,-1,-1
155332,1,1,0,66,2140,2108
154063,2,0,0,-1,-1,-1
0,0,0,0,-1,-1,-1
0,0,0,0,-1,-1,-1
155360,1,1,0,47,2821,2799
154655,1,0,1,128,6207,6147
155192,1,1,0,51,7400,7372
154263,1,1,0,89,5683,5635
0,0,0,0,-1,-1,-1
154535,1,1,0,0,2418,2418
154617,1,1,0,100,1679,1635
154888,2,0,0,-1,-1,-1
153746,1,0,1,61,1968,1952
154820,1,1,1,202,3000,2899
153901,2,0,0,-1,-1,-1
154982,1,1,0,159,5430,5370
152800,2,0,0,-1,-1,-1
155204,1,1,0,162,2494,2417
0,0,0,0,-1,-1,-1
153888,2,0,0,-1,-1,-1
153155,2,0,0,-1,-1,-1
153696,1,1,0,131,1099,1052
155021,1,1,1,86,5864,5806
153672,2,0,0,-1,-1,-1
154930,2,0,0,-1,-1,-1
153934,1,1,-1,93,19397,19351
154561,2,0,0,-1,-1,-1
153849,2,0,0,-1,-1,-1
153976,1,1,0,18,5096,5093
155060,1,1,0,46,1876,1855
0,0,0,0,-1,-1,-1
0,0,0,0,-1,-1,-1
0,0,0,0,-1,-1,-1
155307,1,0,1,178,9312,9229
155230,1,0,1,67,2417,2394
154959,1,1,-1,96,13307,13273
153440,2,0,0,-1,-1,-1
0,0,0,0,-1,-1,-1
154266,1,1,0,121,2582,2535
0,0,0,0,-1,-1,-1
154239,1,1,0,177,2746,2670
154470,2,0,0,-1,-1,-1
154744,1,1,0,42,3334,3318
153742,1,0,1,45,3065,3051
155279,1,1,0,108,1857,1801
153911,2,0,0,-1,-1,-1
155277,1,1,-1,103,3468,3416
153809,1,1,0,141,1819,1781
0,0,0,0,-1,-1,-1
154658,1,1,0,44,3729,3682
154409,2,0,0,-1,-1,-1
0,0,0,0,-1,-1,-1
154404,1,1,0,280,5614,5473
0,0,0,0,-1,-1,-1
0,0,0,0,-1,-1,-1
0,0,0,0,-1,-1,-1
0,0,0,0,-1,-1,-1
154282,1,0,1,131,7946,7898
154590,2,0,0,-1,-1,-1
0,0,0,0,-1,-1,-1
0,0,0,0,-1,-1,-1
153643,2,0,0,-1,-1,-1
0,0,0,0,-1,-1,-1
0,0,0,0,-1,-1,-1
154734,1,0,1,41,1248,1221
0,0,0,0,-1,-1,-1
154600,2,0,0,-1,-1,-1
153985,2,0,0,-1,-1,-1
154216,2,0,0,-1,-1,-1
155251,2,0,0,-1,-1,-1
154682,1,1,0,97,2404,2350
0,0,0,0,-1,-1,-1
154461,1,0,1,108,6157,6098
0,0,0,0,-1,-1,-1
155154,1,1,0,242,5846,5728
154915,1,0,1,198,2992,2912
154343,1,1,1,105,10155,10123
0,0,0,0,-1,-1,-1
153722,2,0,0,-1,-1,-1
154835,2,0,0,-1,-1,-1
153858,1,0,1,148,3562,3463
154803,1,1,-1,44,6818,6800
153686,2,0,0,-1,-1,-1
0,0,0,0,-1,-1,-1
154461,2,0,0,-1,-1,-1
0,0,0,0,-1,-1,-1
154780,2,0,0,-1,-1,-1
154703,2,0,0,-1,-1,-1
0,0,0,0,-1,-1,-1
0,0,0,0,-1,-1,-1
155244,1,1,-1,161,3723,3645
0,0,0,0,-1,-1,-1
152937,2,0,0,-1,-1,-1
153340,2,0,0,-1,-1,-1
154729,1,1,0,114,1256,1209
0,0,0,0,-1,-1,-1
155113,2,0,0,-1,-1,-1
155059,1,1,0,106,3545,3498
154496,2,0,0,-1,-1,-1
155244,1,1,0,8,5171,5170
0,0,0,0,-1,-1,-1
0,0,0,0,-1,-1,-1
154553,2,0,0,-1,-1,-1
154905,1,1,0,109,6879,6825
155349,1,0,1,89,2515,2456
153427,1,0,1,14,8057,8048
155243,1,1,1,208,3436,3343
0,0,0,0,-1,-1,-1
154243,1,1,1,124,4281,4224
0,0,0,0,-1,-1,-1
154210,2,0,0,-1,-1,-1
154605,2,0,0,-1,-1,-1
154018,1,1,0,148,3222,3138
152831,2,0,0,-1,-1,-1
153291,2,0,0,-1,-1,-1
0,0,0,0,-1,-1,-1
154930,1,1,0,55,6974,6949
0,0,0,0,-1,-1,-1
155152,2,0,0,-1,-1,-1
0,0,0,0,-1,-1,-1
154218,1,0,1,0,2610,2610
154204,2,0,0,-1,-1,-1
154963,1,0,1,213,2488,2374
0,0,0,0,-1,-1,-1
155030,2,0,0,-1,-1,-1
154503,2,0,0,-1,-1,-1
155043,1,0,1,0,3814,3814
0,0,0,0,-1,-1,-1
154409,2,0,0,-1,-1,-1
155044,2,0,0,-1,-1,-1
0,0,0,0,-1,-1,-1
0,0,0,0,-1,-1,-1
153503,1,1,0,69,1911,1876
154140,1,1,0,25,8348,8334
153818,1,0,1,114,3061,3006
0,0,0,0,-1,-1,-1
155323,1,1,1,130,2803,2766
154665,1,0,1,104,3251,3204
154723,1,0,1,0,4452,4452
155252,1,1,0,113,4396,4343
0,0,0,0,-1,-1,-1
0,0,0,0,-1,-1,-1
0,0,0,0,-1,-1,-1
155278,1,0,1,36,17522,17493
155106,2,0,0,-1,-1,-1
0,0,0,0,-1,-1,-1
0,0,0,0,-1,-1,-1
0,0,0,0,-1,-1,-1
154302,2,0,0,-1,-1,-1
0,0,0,0,-1,-1,-1
0,0,0,0,-1,-1,-1
154884,2,0,0,-1,-1,-1
0,0,0,0,-1,-1,-1
155214,1,1,0,107,2626,2548
0,0,0,0,-1,-1,-1
0,0,0,0,-1,-1,-1
154100,1,1,0,91,2753,2736
155195,1,1,1,129,5281,5210
154843,1,1,0,87,3872,3834
0,0,0,0,-1,-1,-1
153642,2,0,0,-1,-1,-1
154466,2,0,0,-1,-1,-1
155116,1,1,0,210,3209,3099
155272,1,1,1,186,4441,4360
155007,1,0,1,175,6698,6625
0,0,0,0,-1,-1,-1
154788,2,0,0,-1,-1,-1
0,0,0,0,-1,-1,-1
155170,1,1,0,99,3307,3280
152342,2,0,0,-1,-1,-1
154591,2,0,0,-1,-1,-1
154336,2,0,0,-1,-1,-1
155033,1,1,-1,36,4293,4287
0,0,0,0,-1,-1,-1
153030,2,0,0,-1,-1,-1
155378,1,1,0,93,3840,3804
152717,2,0,0,-1,-1,-1
0,0,0,0,-1,-1,-1
155323,1,1,-1,87,11448,11406
155281,1,1,0,74,1094,1045
154862,1,0,1,87,2921,2873
0,0,0,0,-1,-1,-1
0,0,0,0,-1,-1,-1
153440,1,0,1,0,15462,15462
0,0,0,0,-1,-1,-1
154100,1,1,0,80,2661,2635
153633,2,0,0,-1,-1,-1
0,0,0,0,-1,-1,-1
154097,1,0,1,171,2372,2275
0,0,0,0,-1,-1,-1
154818,1,1,0,140,3871,3816
153680,2,0,0,-1,-1,-1
154301,1,1,0,55,3857,3808
0,0,0,0,-1,-1,-1
154299,1,1,1,170,5818,5739
154869,1,0,1,119,1555,1498
154745,2,0,0,-1,-1,-1
154392,2,0,0,-1,-1,-1
153700,1,1,0,151,9748,9689
155068,1,0,1,79,3608,3564
154295,1,1,1,195,4460,4377
154049,1,0,1,212,1558,1463
152946,2,0,0,-1,-1,-1
154474,2,0,0,-1,-1,-1
153541,2,0,0,-1,-1,-1
153760,2,0,0,-1,-1,-1
153997,2,0,0,-1,-1,-1
155330,1,1,0,203,5807,5738
154442,2,0,0,-1,-1,-1
0,0,0,0,-1,-1,-1
0,0,0,0,-1,-1,-1
154763,2,0,0,-1,-1,-1
0,0,0,0,-1,-1,-1
154593,2,0,0,-1,-1,-1
155329,1,1,0,96,8300,8263
155031,2,0,0,-1,-1,-1
155167,1,1,0,143,5757,5685
154199,2,0,0,-1,-1,-1
155272,1,0,1,0,8550,8550
154453,2,0,0,-1,-1,-1
153953,2,0,0,-1,-1,-1
154997,1,1,0,40,6949,6931
154699,2,0,0,-1,-1,-1
153851,1,1,0,169,5325,5221
154691,2,0,0,-1,-1,-1
154214,2,0,0,-1,-1,-1
155113,1,0,1,28,2047,2027
154317,2,0,0,-1,-1,-1
154394,1,0,1,122,3688,3620
0,0,0,0,-1,-1,-1
154232,1,1,-1,69,2835,2817
0,0,0,0,-1,-1,-1
154529,1,1,0,170,1764,1704
0,0,0,0,-1,-1,-1
0,0,0,0,-1,-1,-1
0,0,0,0,-1,-1,-1
154988,1,0,1,29,9102,9096
154299,2,0,0,-1,-1,-1
155187,1,0,1,48,3820,3788
0,0,0,0,-1,-1,-1
153888,1,0,1,68,2909,2895
153702,2,0,0,-1,-1,-1
152960,2,0,0,-1,-1,-1
154285,2,0,0,-1,-1,-1
0,0,0,0,-1,-1,-1
155345,1,0,1,132,2227,2169
154437,1,0,1,111,2916,2853
153741,1,1,0,241,3823,3712
153928,2,0,0,-1,-1,-1
154795,2,0,0,-1,-1,-1
154420,1,1,0,174,1442,1379
155083,1,1,1,185,3516,3443
153701,2,0,0,-1,-1,-1
0,0,0,0,-1,-1,-1
0,0,0,0,-1,-1,-1
0,0,0,0,-1,-1,-1
153172,2,0,0,-1,-1,-1
0,0,0,0,-1,-1,-1
154848,1,1,0,47,10002,9984
153827,1,1,0,69,11727,11699
154692,2,0,0,-1,-1,-1
155135,2,0,0,-1,-1,-1
153999,1,1,0,259,3632,3532
154326,2,0,0,-1,-1,-1
155110,2,0,0,-1,-1,-1
155261,1,0,1,179,1499,1405
153307,2,0,0,-1,-1,-1
155010,2,0,0,-1,-1,-1
0,0,0,0,-1,-1,-1
154223,2,0,0,-1,-1,-1
0,0,0,0,-1,-1,-1
154372,1,0,1,16,24991,24984
155297,1,1,0,134,4747,4682
154400,1,0,1,39,4581,4563
0,0,0,0,-1,-1,-1
0,0,0,0,-1,-1,-1
0,0,0,0,-1,-1,-1
155171,2,0,0,-1,-1,-1
0,0,0,0,-1,-1,-1
154568,1,1,0,90,4468,4402
154693,1,0,1,184,4768,4710
153078,1,1,0,36,1732,1716
154464,1,1,0,76,2499,2468
153152,2,0,0,-1,-1,-1
155124,2,0,0,-1,-1,-1
154538,2,0,0,-1,-1,-1
0,0,0,0,-1,-1,-1
154835,1,0,1,4,5607,5601
155358,1,0,1,49,3116,3089
154851,2,0,0,-1,-1,-1
0,0,0,0,-1,-1,-1
155215,1,1,0,150,4318,4249
154633,1,0,1,134,2610,2555
154371,1,0,1,79,7422,7392
155292,2,0,0,-1,-1,-1
154183,1,1,0,93,1515,1485
154061,2,0,0,-1,-1,-1
155265,1,0,1,181,1281,1186
0,0,0,0,-1,-1,-1
154432,1,1,0,0,3235,3235
152639,2,0,0,-1,-1,-1
154613,1,1,1,204,6226,6141
0,0,0,0,-1,-1,-1
0,0,0,0,-1,-1,-1
155080,1,1,1,131,5432,5374
153176,1,0,1,9,4431,4422
155179,2,0,0,-1,-1,-1
0,0,0,0,-1,-1,-1
154570,2,0,0,-1,-1,-1
153248,2,0,0,-1,-1,-1
154708,2,0,0,-1,-1,-1
154358,1,1,0,0,27181,27181
0,0,0,0,-1,-1,-1
0,0,0,0,-1,-1,-1
154362,1,1,0,168,3311,3231
155010,1,1,0,257,3468,3336
0,0,0,0,-1,-1,-1
0,0,0,0,-1,-1,-1
152779,2,0,0,-1,-1,-1
154564,1,0,1,140,2811,2735
155129,1,1,0,93,4916,4892
0,0,0,0,-1,-1,-1
0,0,0,0,-1,-1,-1
154277,2,0,0,-1,-1,-1
154426,2,0,0,-1,-1,-1
153210,2,0,0,-1,-1,-1
153690,2,0,0,-1,-1,-1
155275,1,1,0,56,2288,2266
0,0,0,0,-1,-1,-1
0,0,0,0,-1,-1,-1
154005,1,0,1,142,4358,4296
0,0,0,0,-1,-1,-1
0,0,0,0,-1,-1,-1
154118,1,1,0,70,2302,2263
153048,2,0,0,-1,-1,-1
155232,1,1,0,127,1568,1537
0,0,0,0,-1,-1,-1
154649,1,0,1,106,2542,2499
155004,1,1,0,80,1832,1790
155064,1,1,1,215,3976,3857
154926,2,0,0,-1,-1,-1
154691,2,0,0,-1,-1,-1
0,0,0,0,-1,-1,-1
0,0,0,0,-1,-1,-1
0,0,0,0,-1,-1,-1
0,0,0,0,-1,-1,-1
0,0,0,0,-1,-1,-1
154827,2,0,0,-1,-1,-1
153227,2,0,0,-1,-1,-1
0,0,0,0,-1,-1,-1
155342,1,1,-1,180,3100,3008
154661,2,0,0,-1,-1,-1
155008,1,1,0,74,3457,3416
0,0,0,0,-1,-1,-1
151919,2,0,0,-1,-1,-1
153946,2,0,0,-1,-1,-1
153619,2,0,0,-1,-1,-1
153963,2,0,0,-1,-1,-1
0,0,0,0,-1,-1,-1
153026,2,0,0,-1,-1,-1
0,0,0,0,-1,-1,-1
0,0,0,0,-1,-1,-1
0,0,0,0,-1,-1,-1
0,0,0,0,-1,-1,-1
154405,2,0,0,-1,-1,-1
0,0,0,0,-1,-1,-1
154852,1,0,1,65,2549,2512
0,0,0,0,-1,-1,-1
154447,1,1,0,35,5877,5871
154411,1,1,1,54,5055,5023
155197,1,0,1,103,2307,2246
154753,1,1,0,78,1828,1788
153222,1,1,0,244,4532,4447
154309,1,0,1,117,2937,2881
0,0,0,0,-1,-1,-1
0,0,0,0,-1,-1,-1
154183,1,1,0,133,4417,4350
154797,1,0,1,94,2869,2820
155020,1,1,1,196,3694,3599
155132,1,1,0,94,6303,6265
154518,2,0,0,-1,-1,-1
154005,1,1,0,30,6496,6483
154301,2,0,0,-1,-1,-1
0,0,0,0,-1,-1,-1
155361,1,1,0,240,6390,6303
154958,1,1,-1,62,4231,4211
155093,1,0,1,159,5387,5312
0,0,0,0,-1,-1,-1
154053,1,1,0,0,1537,1537
0,0,0,0,-1,-1,-1
153744,2,0,0,-1,-1,-1
0,0,0,0,-1,-1,-1
0,0,0,0,-1,-1,-1
152987,2,0,0,-1,-1,-1
0,0,0,0,-1,-1,-1
0,0,0,0,-1,-1,-1
0,0,0,0,-1,-1,-1
154924,1,1,0,69,3320,3284
154677,1,0,1,113,2182,2137
154573,2,0,0,-1,-1,-1
0,0,0,0,-1,-1,-1
155083,2,0,0,-1,-1,-1
154888,1,0,1,93,2877,2825
0,0,0,0,-1,-1,-1
153638,2,0,0,-1,-1,-1
155209,1,1,0,131,2748,2688
153480,1,0,1,78,5403,5355
154573,1,0,1,188,5843,5758
154958,1,0,1,116,3248,3190
0,0,0,0,-1,-1,-1
153481,2,0,0,-1,-1,-1
153251,2,0,0,-1,-1,-1
154953,1,0,1,0,639,639
154258,2,0,0,-1,-1,-1
0,0,0,0,-1,-1,-1
152917,2,0,0,-1,-1,-1
153665,2,0,0,-1,-1,-1
154527,1,0,1,121,2736,2697
155004,2,0,0,-1,-1,-1
154855,1,0,1,18,578,574
153788,1,0,1,156,4526,4440
153320,2,0,0,-1,-1,-1
154974,1,0,1,109,2437,2383
155348,1,1,0,88,3218,3177
0,0,0,0,-1,-1,-1
0,0,0,0,-1,-1,-1
154934,1,1,0,173,3354,3274
0,0,0,0,-1,-1,-1
155137,1,1,0,102,2328,2277
153888,2,0,0,-1,-1,-1
153836,1,1,-1,159,8063,7981
0,0,0,0,-1,-1,-1
0,0,0,0,-1,-1,-1
154182,2,0,0,-1,-1,-1
155084,2,0,0,-1,-1,-1
153430,2,0,0,-1,-1,-1
0,0,0,0,-1,-1,-1
0,0,0,0,-1,-1,-1
0,0,0,0,-1,-1,-1
155351,1,0,1,65,4882,4846
154583,1,0,1,268,11587,11492
0,0,0,0,-1,-1,-1
0,0,0,0,-1,-1,-1
0,0,0,0,-1,-1,-1
153860,2,0,0,-1,-1,-1
155115,1,1,0,38,3206,3194
0,0,0,0,-1,-1,-1
0,0,0,0,-1,-1,-1
0,0,0,0,-1,-1,-1
154403,2,0,0,-1,-1,-1
155288,1,1,0,111,3201,3160
0,0,0,0,-1,-1,-1
154211,2,0,0,-1,-1,-1
155370,1,0,1,42,1645,1630
155208,1,0,1,112,4122,4082
154069,2,0,0,-1,-1,-1
152347,2,0,0,-1,-1,-1
154594,1,1,0,0,3875,3875
154711,1,0,1,71,5266,5232
155316,1,1,0,102,2659,2617
0,0,0,0,-1,-1,-1
0,0,0,0,-1,-1,-1
154482,1,0,1,61,7565,7547
154338,1,1,0,201,2222,2128
154196,1,1,-1,79,599,553
153927,2,0,0,-1,-1,-1
155229,1,0,1,92,2088,2032
155228,1,0,1,54,4469,4446
152153,1,0,1,108,12445,12388
154418,1,1,0,42,6227,6209
0,0,0,0,-1,-1,-1
154488,2,0,0,-1,-1,-1
0,0,0,0,-1,-1,-1
154722,1,1,1,194,7029,6956
155370,1,0,1,246,2588,2471
154413,1,0,1,159,1398,1343
0,0,0,0,-1,-1,-1
153917,1,0,1,32,6645,6631
154303,2,0,0,-1,-1,-1
154063,2,0,0,-1,-1,-1
154772,1,0,1,38,1489,1458
154362,2,0,0,-1,-1,-1
154184,2,0,0,-1,-1,-1
153529,1,1,0,121,3555,3476
153396,2,0,0,-1,-1,-1
154319,2,0,0,-1,-1,-1
154673,2,0,0,-1,-1,-1
153222,2,0,0,-1,-1,-1
154602,2,0,0,-1,-1,-1
154876,2,0,0,-1,-1,-1
154578,2,0,0,-1,-1,-1
0,0,0,0,-1,-1,-1
0,0,0,0,-1,-1,-1
153848,2,0,0,-1,-1,-1
154865,1,0,1,107,3558,3507
154723,1,1,-1,117,7464,7420
155149,1,1,-1,236,5614,5503
155256,2,0,0,-1,-1,-1
153134,1,1,0,132,3068,2996
153842,2,0,0,-1,-1,-1
154593,2,0,0,-1,-1,-1
155373,1,0,1,0,5500,5500
154879,2,0,0,-1,-1,-1
0,0,0,0,-1,-1,-1
153179,2,0,0,-1,-1,-1
155217,1,1,0,109,7645,7597
154678,1,0,1,50,2429,2403
0,0,0,0,-1,-1,-1
0,0,0,0,-1,-1,-1
155323,1,0,1,0,15029,15029
153411,1,0,1,36,2643,2617
0,0,0,0,-1,-1,-1
154311,2,0,0,-1,-1,-1
0,0,0,0,-1,-1,-1
154601,1,1,0,89,12806,12750
155345,1,1,0,118,3170,3104
0,0,0,0,-1,-1,-1
155125,1,1,1,230,2408,2312
0,0,0,0,-1,-1,-1
154664,1,1,0,120,3216,3175
154614,2,0,0,-1,-1,-1
154804,2,0,0,-1,-1,-1
153319,1,1,0,32,3622,3611
154885,2,0,0,-1,-1,-1
0,0,0,0,-1,-1,-1
0,0,0,0,-1,-1,-1
154637,1,1,0,124,2147,2099
154706,2,0,0,-1,-1,-1
154338,2,0,0,-1,-1,-1
0,0,0,0,-1,-1,-1
0,0,0,0,-1,-1,-1
0,0,0,0,-1,-1,-1
154842,1,0,1,96,10520,10462
155018,1,1,0,46,2182,2165
153646,2,0,0,-1,-1,-1
0,0,0,0,-1,-1,-1
155326,1,1,0,118,3257,3222
0,0,0,0,-1,-1,-1
154673,1,1,0,120,1744,1684
154819,1,1,-1,75,3458,3408
0,0,0,0,-1,-1,-1
153692,1,0,1,23,9005,8998
155081,1,0,1,232,1098,1004
153885,1,1,0,48,4788,4763
154841,1,0,1,110,4118,4081
0,0,0,0,-1,-1,-1
154515,1,1,0,21,13959,13954
154943,1,1,1,164,6137,6064
155113,1,0,1,136,2746,2704
153420,1,0,1,131,3798,3705
0,0,0,0,-1,-1,-1
0,0,0,0,-1,-1,-1
0,0,0,0,-1,-1,-1
153421,1,0,1,0,1631,1631
152858,1,0,1,28,2839,2829
154654,1,0,1,101,1400,1344
0,0,0,0,-1,-1,-1
155308,1,0,1,0,2945,2945
154176,1,1,1,126,1502,1435
0,0,0,0,-1,-1,-1
154814,1,0,1,142,5010,4942
154232,2,0,0,-1,-1,-1
154351,2,0,0,-1,-1,-1
0,0,0,0,-1,-1,-1
154270,1,1,0,24,3350,3347
0,0,0,0,-1,-1,-1
155163,1,1,0,40,9121,9102
153097,2,0,0,-1,-1,-1
155239,1,1,1,37,5181,5155
0,0,0,0,-1,-1,-1
0,0,0,0,-1,-1,-1
154185,2,0,0,-1,-1,-1
0,0,0,0,-1,-1,-1
0,0,0,0,-1,-1,-1
155101,1,0,1,50,26063,26039
0,0,0,0,-1,-1,-1
0,0,0,0,-1,-1,-1
153693,2,0,0,-1,-1,-1
154954,1,0,1,0,5220,5220
154222,2,0,0,-1,-1,-1
155365,1,1,1,299,3541,3398
155050,1,1,-1,102,4658,4614
154134,2,0,0,-1,-1,-1
153616,2,0,0,-1,-1,-1
0,0,0,0,-1,-1,-1
155026,1,0,1,124,3993,3938
155204,1,0,1,88,1636,1601
154665,1,0,1,29,10960,10941
154091,2,0,0,-1,-1,-1
153731,2,0,0,-1,-1,-1
0,0,0,0,-1,-1,-1
153090,2,0,0,-1,-1,-1
154498,1,0,1,37,3830,3809
0,0,0,0,-1,-1,-1
152869,1,1,0,43,6089,6077
153590,2,0,0,-1,-1,-1
0,0,0,0,-1,-1,-1
0,0,0,0,-1,-1,-1
153341,2,0,0,-1,-1,-1
0,0,0,0,-1,-1,-1
155031,1,0,1,117,15965,15914
155369,1,0,1,85,6207,6170
154636,2,0,0,-1,-1,-1
155336,1,1,1,96,3822,3784
152773,2,0,0,-1,-1,-1
154824,1,0,1,99,770,717
153479,2,0,0,-1,-1,-1
0,0,0,0,-1,-1,-1
0,0,0,0,-1,-1,-1
152567,1,1,0,81,15736,15716
154640,1,0,1,115,6171,6133
153503,2,0,0,-1,-1,-1
154235,1,0,1,140,1372,1312
0,0,0,0,-1,-1,-1
155050,2,0,0,-1,-1,-1
153181,1,0,1,93,4457,4420
153732,2,0,0,-1,-1,-1
153013,2,0,0,-1,-1,-1
154666,2,0,0,-1,-1,-1
0,0,0,0,-1,-1,-1
0,0,0,0,-1,-1,-1
153329,2,0,0,-1,-1,-1
0,0,0,0,-1,-1,-1
154408,1,1,1,240,5409,5298
153790,2,0,0,-1,-1,-1
154778,1,0,1,126,3482,3420
0,0,0,0,-1,-1,-1
0,0,0,0,-1,-1,-1
154293,1,1,0,163,3460,3395
0,0,0,0,-1,-1,-1
153844,2,0,0,-1,-1,-1
154480,1,0,1,15,7192,7181
154972,1,1,0,141,2263,2196
155383,1,1,1,68,9307,9266
153809,2,0,0,-1,-1,-1
0,0,0,0,-1,-1,-1
0,0,0,0,-1,-1,-1
154004,2,0,0,-1,-1,-1
154839,1,0,1,168,3394,3323
153773,2,0,0,-1,-1,-1
155187,1,0,1,104,3233,3173
155206,1,1,0,148,4165,4089
0,0,0,0,-1,-1,-1
153627,2,0,0,-1,-1,-1
154110,2,0,0,-1,-1,-1
155076,1,1,1,238,2968,2845
154247,2,0,0,-1,-1,-1
154245,1,0,1,0,1514,1514
154372,1,1,0,121,1279,1218
155358,1,1,0,159,6630,6556
155152,1,1,0,0,10414,10414
154516,2,0,0,-1,-1,-1
0,0,0,0,-1,-1,-1
0,0,0,0,-1,-1,-1
152575,2,0,0,-1,-1,-1
154559,2,0,0,-1,-1,-1
154642,1,1,0,43,8889,8867
0,0,0,0,-1,-1,-1
153689,2,0,0,-1,-1,-1
0,0,0,0,-1,-1,-1
0,0,0,0,-1,-1,-1
0,0,0,0,-1,-1,-1
153318,2,0,0,-1,-1,-1
0,0,0,0,-1,-1,-1
0,0,0,0,-1,-1,-1
154145,1,0,1,134,19579,19514
154682,1,1,1,107,5869,5832
153693,1,0,1,0,19374,19374
0,0,0,0,-1,-1,-1
153864,1,0,1,91,2810,2764
153660,1,1,0,70,5631,5608
0,0,0,0,-1,-1,-1
154515,2,0,0,-1,-1,-1
153876,2,0,0,-1,-1,-1
0,0,0,0,-1,-1,-1
155130,1,0,1,6,9119,9118
0,0,0,0,-1,-1,-1
0,0,0,0,-1,-1,-1
0,0,0,0,-1,-1,-1
155165,1,0,1,97,4124,4074
155372,1,1,0,66,4055,4034
154739,2,0,0,-1,-1,-1
0,0,0,0,-1,-1,-1
153338,1,1,0,117,3478,3414
154008,2,0,0,-1,-1,-1
153690,1,1,0,0,13828,13828
153450,2,0,0,-1,-1,-1
0,0,0,0,-1,-1,-1
153943,2,0,0,-1,-1,-1
154054,1,1,0,73,6050,6033
154815,1,1,0,91,2869,2820
154116,2,0,0,-1,-1,-1
154135,2,0,0,-1,-1,-1
153678,1,1,-1,217,7073,6978
0,0,0,0,-1,-1,-1
0,0,0,0,-1,-1,-1
154577,1,0,1,45,7555,7538
0,0,0,0,-1,-1,-1
154854,1,0,1,82,3003,2974
0,0,0,0,-1,-1,-1
153419,2,0,0,-1,-1,-1
155311,1,0,1,237,3604,3486
154980,2,0,0,-1,-1,-1
153456,2,0,0,-1,-1,-1
152077,2,0,0,-1,-1,-1
0,0,0,0,-1,-1,-1
154827,2,0,0,-1,-1,-1
0,0,0,0,-1,-1,-1
153090,1,0,1,31,13800,13780
0,0,0,0,-1,-1,-1
154704,2,0,0,-1,-1,-1
154769,2,0,0,-1,-1,-1
153942,1,1,0,77,5528,5500
152422,2,0,0,-1,-1,-1
155278,1,1,0,117,10715,10674
0,0,0,0,-1,-1,-1
153379,2,0,0,-1,-1,-1
155100,2,0,0,-1,-1,-1
154244,2,0,0,-1,-1,-1
0,0,0,0,-1,-1,-1
153184,2,0,0,-1,-1,-1
154749,1,0,1,199,3110,3009
0,0,0,0,-1,-1,-1
155361,1,0,1,0,9348,9348
153522,2,0,0,-1,-1,-1
0,0,0,0,-1,-1,-1
0,0,0,0,-1,-1,-1
0,0,0,0,-1,-1,-1
154277,1,1,0,70,5698,5660
155246,1,0,1,110,3256,3192
0,0,0,0,-1,-1,-1
154847,1,1,0,147,4414,4325
0,0,0,0,-1,-1,-1
154513,2,0,0,-1,-1,-1
0,0,0,0,-1,-1,-1
154082,1,1,0,0,11385,11385
0,0,0,0,-1,-1,-1
154338,1,1,0,114,4841,4784
154994,1,1,0,101,1747,1698
154021,2,0,0,-1,-1,-1
155280,2,0,0,-1,-1,-1
0,0,0,0,-1,-1,-1
0,0,0,0,-1,-1,-1
154890,1,0,1,83,2966,2934
154759,1,0,1,104,1712,1665
154060,2,0,0,-1,-1,-1
0,0,0,0,-1,-1,-1
0,0,0,0,-1,-1,-1
154561,1,0,1,52,3712,3677
154680,1,1,0,122,3377,3327
155011,1,1,0,27,3108,3102
0,0,0,0,-1,-1,-1
154831,1,1,0,0,1173,1173
155276,1,1,0,163,3989,3920
0,0,0,0,-1,-1,-1
154542,1,0,1,88,2518,2479
0,0,0,0,-1,-1,-1
154828,1,1,0,96,1130,1084
153948,2,0,0,-1,-1,-1
154077,1,0,1,43,5160,5131
154151,2,0,0,-1,-1,-1
0,0,0,0,-1,-1,-1
154326,2,0,0,-1,-1,-1
155055,1,0,1,141,23203,23148
154622,1,0,1,103,1755,1733
155124,1,1,0,122,8507,8468
154595,2,0,0,-1,-1,-1
155248,1,1,0,107,9183,9112
0,0,0,0,-1,-1,-1
0,0,0,0,-1,-1,-1
0,0,0,0,-1,-1,-1
154039,1,1,0,10,5828,5825
154831,1,1,1,155,11068,10976
153910,1,1,0,13,16652,16648
154385,2,0,0,-1,-1,-1
152966,1,0,1,135,2500,2426
154957,1,1,0,265,4655,4528
155024,1,1,0,37,11671,11652
155327,1,1,0,115,7989,7955
153216,2,0,0,-1,-1,-1
154746,2,0,0,-1,-1,-1
0,0,0,0,-1,-1,-1
153379,2,0,0,-1,-1,-1
154228,1,1,0,170,3583,3501
0,0,0,0,-1,-1,-1
153654,2,0,0,-1,-1,-1
154567,1,1,0,123,2349,2310
154802,1,0,1,115,2194,2125
0,0,0,0,-1,-1,-1
153025,1,0,1,367,5514,5349
0,0,0,0,-1,-1,-1
0,0,0,0,-1,-1,-1
153410,1,1,0,126,2079,2012
153990,1,1,0,86,2199,2157
0,0,0,0,-1,-1,-1
154767,1,1,-1,234,3975,3882
154986,1,1,0,103,1628,1576
154111,2,0,0,-1,-1,-1
154148,2,0,0,-1,-1,-1
0,0,0,0,-1,-1,-1
154186,2,0,0,-1,-1,-1
153937,2,0,0,-1,-1,-1
0,0,0,0,-1,-1,-1
0,0,0,0,-1,-1,-1
0,0,0,0,-1,-1,-1
153964,1,1,-1,132,5006,4951
0,0,0,0,-1,-1,-1
152653,2,0,0,-1,-1,-1
154983,1,1,0,247,6051,5904
0,0,0,0,-1,-1,-1
155301,1,0,1,156,1595,1512
153521,2,0,0,-1,-1,-1
155121,1,1,-1,117,1687,1634
154815,1,1,0,193,6649,6533
151301,2,0,0,-1,-1,-1
0,0,0,0,-1,-1,-1
154726,1,0,1,45,5538,5519
155350,1,1,0,25,9104,9098
0,0,0,0,-1,-1,-1
0,0,0,0,-1,-1,-1
153155,1,1,0,84,15542,15483
0,0,0,0,-1,-1,-1
0,0,0,0,-1,-1,-1
154497,2,0,0,-1,-1,-1
0,0,0,0,-1,-1,-1
155034,2,0,0,-1,-1,-1
0,0,0,0,-1,-1,-1
0,0,0,0,-1,-1,-1
0,0,0,0,-1,-1,-1
154645,2,0,0,-1,-1,-1
154692,1,1,-1,254,9283,9183
155152,1,1,-1,185,2661,2569
154415,2,0,0,-1,-1,-1
0,0,0,0,-1,-1,-1
0,0,0,0,-1,-1,-1
155356,1,1,0,91,5902,5857
153899,2,0,0,-1,-1,-1
0,0,0,0,-1,-1,-1
0,0,0,0,-1,-1,-1
0,0,0,0,-1,-1,-1
0,0,0,0,-1,-1,-1
153704,2,0,0,-1,-1,-1
154129,2,0,0,-1,-1,-1
153881,2,0,0,-1,-1,-1
0,0,0,0,-1,-1,-1
154327,2,0,0,-1,-1,-1
154673,2,0,0,-1,-1,-1
154872,2,0,0,-1,-1,-1
155004,1,0,1,46,5740,5719
154690,2,0,0,-1,-1,-1
0,0,0,0,-1,-1,-1
154765,1,0,1,117,3966,3909
154452,1,1,0,151,9344,9298
154862,1,1,0,92,3683,3651
155170,2,0,0,-1,-1,-1
154777,2,0,0,-1,-1,-1
154725,2,0,0,-1,-1,-1
154065,2,0,0,-1,-1,-1
154263,2,0,0,-1,-1,-1
154305,2,0,0,-1,-1,-1
0,0,0,0,-1,-1,-1
0,0,0,0,-1,-1,-1
0,0,0,0,-1,-1,-1
154977,2,0,0,-1,-1,-1
0,0,0,0,-1,-1,-1
155075,1,0,1,145,7025,6950
0,0,0,0,-1,-1,-1
155230,1,1,0,27,11931,11920
0,0,0,0,-1,-1,-1
0,0,0,0,-1,-1,-1
0,0,0,0,-1,-1,-1
0,0,0,0,-1,-1,-1
0,0,0,0,-1,-1,-1
0,0,0,0,-1,-1,-1
0,0,0,0,-1,-1,-1
0,0,0,0,-1,-1,-1
154355,1,0,1,51,7033,7006
154987,2,0,0,-1,-1,-1
155336,1,0,1,30,3276,3256
154277,2,0,0,-1,-1,-1
0,0,0,0,-1,-1,-1
154191,2,0,0,-1,-1,-1
0,0,0,0,-1,-1,-1
154196,1,1,0,186,1954,1849
154260,2,0,0,-1,-1,-1
0,0,0,0,-1,-1,-1
154169,2,0,0,-1,-1,-1
0,0,0,0,-1,-1,-1
0,0,0,0,-1,-1,-1
0,0,0,0,-1,-1,-1
154106,1,1,0,0,720,720
153306,1,0,1,0,1249,1249
154617,2,0,0,-1,-1,-1
0,0,0,0,-1,-1,-1
0,0,0,0,-1,-1,-1
154900,2,0,0,-1,-1,-1
154574,2,0,0,-1,-1,-1
0,0,0,0,-1,-1,-1
154312,1,1,0,136,4993,4944
0,0,0,0,-1,-1,-1
154168,2,0,0,-1,-1,-1
154404,2,0,0,-1,-1,-1
0,0,0,0,-1,-1,-1
154223,1,1,0,48,7347,7332
155147,1,1,0,111,5345,5306
154915,1,0,1,148,3088,3015
0,0,0,0,-1,-1,-1
0,0,0,0,-1,-1,-1
0,0,0,0,-1,-1,-1
0,0,0,0,-1,-1,-1
0,0,0,0,-1,-1,-1
0,0,0,0,-1,-1,-1
155074,2,0,0,-1,-1,-1
154164,2,0,0,-1,-1,-1
155151,1,1,0,134,5720,5655
154853,2,0,0,-1,-1,-1
154534,2,0,0,-1,-1,-1
153700,2,0,0,-1,-1,-1
0,0,0,0,-1,-1,-1
154585,2,0,0,-1,-1,-1
154401,2,0,0,-1,-1,-1
153109,1,0,1,104,4619,4569
155121,2,0,0,-1,-1,-1
154343,2,0,0,-1,-1,-1
0,0,0,0,-1,-1,-1
0,0,0,0,-1,-1,-1
153947,2,0,0,-1,-1,-1
0,0,0,0,-1,-1,-1
0,0,0,0,-1,-1,-1
0,0,0,0,-1,-1,-1
153097,1,0,1,32,3647,3626
151945,2,0,0,-1,-1,-1
0,0,0,0,-1,-1,-1
154241,1,0,1,51,8416,8386
154140,1,0,1,109,3488,3451
0,0,0,0,-1,-1,-1
0,0,0,0,-1,-1,-1
0,0,0,0,-1,-1,-1
154119,2,0,0,-1,-1,-1
154861,2,0,0,-1,-1,-1
154470,2,0,0,-1,-1,-1
155253,1,0,1,0,6814,6814
152594,1,1,0,19,8088,8072
155002,2,0,0,-1,-1,-1
155182,1,0,1,166,3988,3932
0,0,0,0,-1,-1,-1
154980,2,0,0,-1,-1,-1
155360,1,0,1,0,3494,3494
153423,2,0,0,-1,-1,-1
0,0,0,0,-1,-1,-1
0,0,0,0,-1,-1,-1
153487,1,0,1,166,2155,2067
153956,2,0,0,-1,-1,-1
0,0,0,0,-1,-1,-1
154403,2,0,0,-1,-1,-1
154939,1,0,1,95,8881,8843
154372,1,1,0,7,4214,4210
152867,2,0,0,-1,-1,-1
154582,2,0,0,-1,-1,-1
155170,2,0,0,-1,-1,-1
0,0,0,0,-1,-1,-1
154561,2,0,0,-1,-1,-1
0,0,0,0,-1,-1,-1
153141,2,0,0,-1,-1,-1
0,0,0,0,-1,-1,-1
0,0,0,0,-1,-1,-1
0,0,0,0,-1,-1,-1
154173,2,0,0,-1,-1,-1
154114,1,1,0,185,2843,2756
0,0,0,0,-1,-1,-1
154059,2,0,0,-1,-1,-1
155071,1,0,1,144,2362,2287
0,0,0,0,-1,-1,-1
154562,2,0,0,-1,-1,-1
155134,1,1,0,80,2529,2516
155276,1,0,1,47,13494,13479
154831,2,0,0,-1,-1,-1
155035,2,0,0,-1,-1,-1
153102,2,0,0,-1,-1,-1
152701,2,0,0,-1,-1,-1
0,0,0,0,-1,-1,-1
0,0,0,0,-1,-1,-1
0,0,0,0,-1,-1,-1
154379,1,1,0,173,2472,2405
0,0,0,0,-1,-1,-1
0,0,0,0,-1,-1,-1
153754,1,0,1,29,7935,7916
0,0,0,0,-1,-1,-1
0,0,0,0,-1,-1,-1
155235,1,0,1,0,10834,10834
155235,1,0,1,78,1937,1907
0,0,0,0,-1,-1,-1
155200,1,0,1,132,3080,3037
154911,2,0,0,-1,-1,-1
153897,1,1,0,168,3111,3035
154562,2,0,0,-1,-1,-1
154288,2,0,0,-1,-1,-1
0,0,0,0,-1,-1,-1
0,0,0,0,-1,-1,-1
153040,2,0,0,-1,-1,-1
155181,1,0,1,38,4513,4488
0,0,0,0,-1,-1,-1
153912,1,0,1,126,3619,3549
154539,1,0,1,93,2524,2471
154116,2,0,0,-1,-1,-1
153400,2,0,0,-1,-1,-1
0,0,0,0,-1,-1,-1
155365,1,1,0,126,2841,2788
0,0,0,0,-1,-1,-1
153894,1,0,1,121,2412,2350
153750,1,1,1,326,2166,2043
155083,1,0,1,60,3201,3176
155159,1,1,0,0,112,112
153106,1,0,1,77,5734,5690
152687,2,0,0,-1,-1,-1
154830,1,1,0,82,2224,2192
0,0,0,0,-1,-1,-1
154819,2,0,0,-1,-1,-1
155032,1,0,1,0,3230,3230
0,0,0,0,-1,-1,-1
153751,2,0,0,-1,-1,-1
154532,1,0,1,87,1320,1276
0,0,0,0,-1,-1,-1
154894,1,1,0,79,2565,2537
153861,2,0,0,-1,-1,-1
154859,1,1,0,130,4985,4946
154784,1,1,1,133,8384,8300
154266,1,0,1,80,3508,3479
154551,2,0,0,-1,-1,-1
154004,2,0,0,-1,-1,-1
154598,1,1,-1,110,6123,6048
154797,1,1,-1,54,6239,6210
154916,2,0,0,-1,-1,-1
0,0,0,0,-1,-1,-1
0,0,0,0,-1,-1,-1
154839,1,1,0,31,10421,10404
154296,2,0,0,-1,-1,-1
153862,1,0,1,110,1364,1323
153921,2,0,0,-1,-1,-1
154991,1,1,0,72,3479,3437
153602,2,0,0,-1,-1,-1
0,0,0,0,-1,-1,-1
154388,1,0,1,130,2594,2544
154583,2,0,0,-1,-1,-1
153885,2,0,0,-1,-1,-1
154177,1,0,1,178,3204,3122
154913,1,1,0,34,5827,5809
0,0,0,0,-1,-1,-1
0,0,0,0,-1,-1,-1
0,0,0,0,-1,-1,-1
154606,2,0,0,-1,-1,-1
154047,1,0,1,90,2990,2937
154882,1,0,1,99,4640,4589
154492,2,0,0,-1,-1,-1
153640,2,0,0,-1,-1,-1
155368,1,1,0,25,3107,3086
155309,1,1,-1,153,7049,6976
155382,1,1,0,44,1869,1845
154346,1,1,0,54,2677,2653
152687,2,0,0,-1,-1,-1
155199,1,0,1,82,6594,6564
0,0,0,0,-1,-1,-1
0,0,0,0,-1,-1,-1
0,0,0,0,-1,-1,-1
155323,1,1,-1,55,13341,13335
0,0,0,0,-1,-1,-1
154964,1,0,1,51,409,387
0,0,0,0,-1,-1,-1
155012,1,1,1,246,4086,3967
155350,1,1,1,340,5428,5285
154786,1,0,1,44,11325,11296
154084,2,0,0,-1,-1,-1
153099,1,0,1,162,2848,2788
0,0,0,0,-1,-1,-1
154555,1,0,1,197,5119,5040
153761,1,0,1,173,5231,5142
0,0,0,0,-1,-1,-1
155246,1,0,1,112,12422,12369
153867,2,0,0,-1,-1,-1
154747,1,0,1,87,11007,10956
0,0,0,0,-1,-1,-1
155111,2,0,0,-1,-1,-1
0,0,0,0,-1,-1,-1
154533,1,1,0,0,22806,22806
154972,2,0,0,-1,-1,-1
153710,2,0,0,-1,-1,-1
153741,1,0,1,133,2194,2150
154967,1,1,0,0,6972,6972
154740,1,1,0,10,3089,3084
0,0,0,0,-1,-1,-1
155284,1,0,1,29,5240,5213
0,0,0,0,-1,-1,-1
155178,1,1,0,107,2152,2108
154830,1,1,0,112,4208,4154
0,0,0,0,-1,-1,-1
0,0,0,0,-1,-1,-1
155064,1,0,1,286,7056,6896
0,0,0,0,-1,-1,-1
154650,2,0,0,-1,-1,-1
0,0,0,0,-1,-1,-1
154974,1,0,1,141,2026,1969
154754,1,0,1,6,13257,13253
0,0,0,0,-1,-1,-1
154210,2,0,0,-1,-1,-1
0,0,0,0,-1,-1,-1
154829,2,0,0,-1,-1,-1
154173,2,0,0,-1,-1,-1
0,0,0,0,-1,-1,-1
154085,1,0,1,30,2726,2706
154024,2,0,0,-1,-1,-1
0,0,0,0,-1,-1,-1
0,0,0,0,-1,-1,-1
155028,1,1,1,104,5411,5371
153744,1,0,1,0,5763,5763
0,0,0,0,-1,-1,-1
154827,1,0,1,84,18681,18653
153788,2,0,0,-1,-1,-1
154210,1,1,0,87,4711,4677
0,0,0,0,-1,-1,-1
154848,1,0,1,111,4213,4156
0,0,0,0,-1,-1,-1
153231,2,0,0,-1,-1,-1
152937,2,0,0,-1,-1,-1
153766,2,0,0,-1,-1,-1
154996,1,0,1,222,1367,1258
154116,2,0,0,-1,-1,-1
0,0,0,0,-1,-1,-1
0,0,0,0,-1,-1,-1
155210,1,1,1,136,8608,8534
154583,1,1,0,59,8645,8611
0,0,0,0,-1,-1,-1
153377,2,0,0,-1,-1,-1
154645,2,0,0,-1,-1,-1
154405,2,0,0,-1,-1,-1
0,0,0,0,-1,-1,-1
155308,1,0,1,95,3878,3817
0,0,0,0,-1,-1,-1
153863,2,0,0,-1,-1,-1
0,0,0,0,-1,-1,-1
0,0,0,0,-1,-1,-1
154183,2,0,0,-1,-1,-1
0,0,0,0,-1,-1,-1
155104,2,0,0,-1,-1,-1
154618,2,0,0,-1,-1,-1
155219,1,1,0,122,4653,4606
154755,2,0,0,-1,-1,-1
154314,2,0,0,-1,-1,-1
154045,2,0,0,-1,-1,-1
154814,1,1,0,8,3094,3091
155365,1,1,0,0,4682,4682
154781,1,1,0,288,4892,4784
0,0,0,0,-1,-1,-1
0,0,0,0,-1,-1,-1
154703,1,0,1,277,6093,5996
0,0,0,0,-1,-1,-1
154047,2,0,0,-1,-1,-1
153059,2,0,0,-1,-1,-1
154646,1,0,1,226,3088,3008
154268,2,0,0,-1,-1,-1
0,0,0,0,-1,-1,-1
154914,1,1,0,157,5553,5469
153163,1,1,-1,157,7679,7623
154029,2,0,0,-1,-1,-1
154358,2,0,0,-1,-1,-1
0,0,0,0,-1,-1,-1
153293,2,0,0,-1,-1,-1
0,0,0,0,-1,-1,-1
0,0,0,0,-1,-1,-1
0,0,0,0,-1,-1,-1
154885,2,0,0,-1,-1,-1
154859,2,0,0,-1,-1,-1
153613,2,0,0,-1,-1,-1
154198,2,0,0,-1,-1,-1
154757,2,0,0,-1,-1,-1
154587,2,0,0,-1,-1,-1
154871,2,0,0,-1,-1,-1
0,0,0,0,-1,-1,-1
155264,1,0,1,49,5853,5843
154383,1,1,0,127,5133,5078
154475,2,0,0,-1,-1,-1
154517,1,0,1,52,5629,5605
154681,2,0,0,-1,-1,-1
0,0,0,0,-1,-1,-1
154414,2,0,0,-1,-1,-1
154732,1,0,1,0,0,0
153575,1,1,0,66,2026,2002
153557,1,0,1,61,7904,7870
155277,1,1,1,100,6936,6895
154011,2,0,0,-1,-1,-1
0,0,0,0,-1,-1,-1
0,0,0,0,-1,-1,-1
154615,1,0,1,140,2655,2599
154509,2,0,0,-1,-1,-1
154549,1,0,1,104,8458,8415
152558,1,0,1,102,2862,2839
154708,1,1,0,222,2626,2511
0,0,0,0,-1,-1,-1
153596,2,0,0,-1,-1,-1
154351,2,0,0,-1,-1,-1
154347,2,0,0,-1,-1,-1
154228,2,0,0,-1,-1,-1
0,0,0,0,-1,-1,-1
153682,2,0,0,-1,-1,-1
155198,1,1,0,155,1672,1576
152757,2,0,0,-1,-1,-1
0,0,0,0,-1,-1,-1
0,0,0,0,-1,-1,-1
154047,2,0,0,-1,-1,-1
153794,2,0,0,-1,-1,-1
154611,1,1,0,45,2181,2143
155264,1,0,1,0,10318,10318
154539,2,0,0,-1,-1,-1
155337,1,1,0,20,1573,1569
155205,1,0,1,85,3074,3045
154032,2,0,0,-1,-1,-1
153532,1,1,0,49,3134,3117
0,0,0,0,-1,-1,-1
155271,1,0,1,182,2233,2151
0,0,0,0,-1,-1,-1
154633,2,0,0,-1,-1,-1
0,0,0,0,-1,-1,-1
154874,1,0,1,0,1687,1687
0,0,0,0,-1,-1,-1
0,0,0,0,-1,-1,-1
154137,2,0,0,-1,-1,-1
154705,2,0,0,-1,-1,-1
0,0,0,0,-1,-1,-1
154594,1,0,1,156,4003,3903
154991,1,1,-1,125,5126,5054
155367,1,1,1,272,5592,5483
153624,1,1,0,100,2927,2885
153729,1,0,1,122,2598,2546
0,0,0,0,-1,-1,-1
153939,1,1,0,38,5969,5941
0,0,0,0,-1,-1,-1
154348,2,0,0,-1,-1,-1
153899,1,0,1,30,2966,2955
155174,1,1,0,148,2653,2573
0,0,0,0,-1,-1,-1
155000,1,1,1,131,4057,3999
153610,2,0,0,-1,-1,-1
153548,2,0,0,-1,-1,-1
0,0,0,0,-1,-1,-1
155108,1,1,0,78,1542,1497
154946,1,1,0,67,11811,11792
154532,2,0,0,-1,-1,-1
0,0,0,0,-1,-1,-1
154079,2,0,0,-1,-1,-1
154815,1,1,0,19,1449,1437
153942,1,0,1,221,4571,4468
0,0,0,0,-1,-1,-1
153875,1,1,-1,87,1399,1347
0,0,0,0,-1,-1,-1
154584,2,0,0,-1,-1,-1
0,0,0,0,-1,-1,-1
0,0,0,0,-1,-1,-1
153350,2,0,0,-1,-1,-1
155091,2,0,0,-1,-1,-1
153541,2,0,0,-1,-1,-1
155172,1,1,0,128,1703,1632
0,0,0,0,-1,-1,-1
0,0,0,0,-1,-1,-1
154655,2,0,0,-1,-1,-1
153022,1,1,0,240,3556,3442
154387,2,0,0,-1,-1,-1
154094,1,0,1,24,4476,4466
155380,1,1,0,84,2135,2097
154479,1,0,1,134,2376,2333
154727,2,0,0,-1,-1,-1
154192,1,0,1,195,4719,4595
0,0,0,0,-1,-1,-1
155103,2,0,0,-1,-1,-1
154362,1,1,0,127,2323,2267
155195,1,0,1,0,6320,6320
155322,1,1,-1,270,9066,8926
0,0,0,0,-1,-1,-1
154377,1,0,1,0,3827,3827
0,0,0,0,-1,-1,-1
154587,1,1,0,37,3960,3942
154557,2,0,0,-1,-1,-1
155164,1,0,1,110,1765,1698
0,0,0,0,-1,-1,-1
152472,1,1,0,139,1547,1486
0,0,0,0,-1,-1,-1
0,0,0,0,-1,-1,-1
155203,2,0,0,-1,-1,-1
0,0,0,0,-1,-1,-1
0,0,0,0,-1,-1,-1
154930,2,0,0,-1,-1,-1
155001,1,0,1,142,1049,1001
0,0,0,0,-1,-1,-1
152962,2,0,0,-1,-1,-1
153667,2,0,0,-1,-1,-1
0,0,0,0,-1,-1,-1
153072,2,0,0,-1,-1,-1
154961,1,1,0,47,2000,1977
153821,1,0,1,35,5047,5025
153417,1,1,0,80,2467,2432
0,0,0,0,-1,-1,-1
155357,1,1,0,0,1353,1353
154102,2,0,0,-1,-1,-1
154839,2,0,0,-1,-1,-1
0,0,0,0,-1,-1,-1
0,0,0,0,-1,-1,-1
0,0,0,0,-1,-1,-1
153236,2,0,0,-1,-1,-1
0,0,0,0,-1,-1,-1
155246,1,0,1,133,4004,3941
154562,2,0,0,-1,-1,-1
153166,2,0,0,-1,-1,-1
155160,1,0,1,0,4640,4640
152728,2,0,0,-1,-1,-1
153288,2,0,0,-1,-1,-1
153573,2,0,0,-1,-1,-1
152624,2,0,0,-1,-1,-1
152875,2,0,0,-1,-1,-1
154461,1,1,0,79,2706,2681
155279,2,0,0,-1,-1,-1
0,0,0,0,-1,-1,-1
153415,2,0,0,-1,-1,-1
153890,1,0,1,122,2192,2148
0,0,0,0,-1,-1,-1
154166,1,1,0,74,5390,5360
153606,1,1,0,92,5890,5864
153667,1,0,1,164,2508,2455
154025,2,0,0,-1,-1,-1
155288,1,0,1,109,3122,3083
154224,2,0,0,-1,-1,-1
155026,1,1,0,0,932,932
154114,2,0,0,-1,-1,-1
153850,2,0,0,-1,-1,-1
154926,1,1,0,56,5550,5530
155193,2,0,0,-1,-1,-1
154495,1,1,0,55,3577,3556
154524,1,0,1,21,16643,16625
0,0,0,0,-1,-1,-1
154727,2,0,0,-1,-1,-1
0,0,0,0,-1,-1,-1
0,0,0,0,-1,-1,-1
0,0,0,0,-1,-1,-1
154255,2,0,0,-1,-1,-1
155305,1,1,0,60,4841,4818
155258,1,0,1,0,14940,14940
0,0,0,0,-1,-1,-1
152829,2,0,0,-1,-1,-1
154487,1,1,0,27,3751,3747
0,0,0,0,-1,-1,-1
154994,2,0,0,-1,-1,-1
0,0,0,0,-1,-1,-1
153009,2,0,0,-1,-1,-1
0,0,0,0,-1,-1,-1
154423,2,0,0,-1,-1,-1
153243,1,1,0,72,12687,12657
0,0,0,0,-1,-1,-1
0,0,0,0,-1,-1,-1
154470,1,1,0,179,4853,4796
0,0,0,0,-1,-1,-1
154622,2,0,0,-1,-1,-1
0,0,0,0,-1,-1,-1
153037,1,1,0,15,8875,8872
154851,1,0,1,6,6572,6571
155326,1,0,1,95,9344,9291
154322,1,0,1,16,2773,2759
155247,1,1,0,84,3061,3015
154552,2,0,0,-1,-1,-1
152664,2,0,0,-1,-1,-1
0,0,0,0,-1,-1,-1
155090,1,0,1,108,3934,3876
0,0,0,0,-1,-1,-1
0,0,0,0,-1,-1,-1
0,0,0,0,-1,-1,-1
154995,2,0,0,-1,-1,-1
155278,1,0,1,221,1881,1768
0,0,0,0,-1,-1,-1
154752,2,0,0,-1,-1,-1
155099,1,1,0,0,5408,5408
152583,2,0,0,-1,-1,-1
154547,2,0,0,-1,-1,-1
154766,1,1,0,46,5585,5559
154162,1,0,1,301,3172,3047
153350,2,0,0,-1,-1,-1
152458,2,0,0,-1,-1,-1
0,0,0,0,-1,-1,-1
0,0,0,0,-1,-1,-1
153759,2,0,0,-1,-1,-1
154979,2,0,0,-1,-1,-1
154972,1,0,1,0,41340,41340
0,0,0,0,-1,-1,-1
0,0,0,0,-1,-1,-1
0,0,0,0,-1,-1,-1
0,0,0,0,-1,-1,-1
0,0,0,0,-1,-1,-1
0,0,0,0,-1,-1,-1
152923,2,0,0,-1,-1,-1
154265,2,0,0,-1,-1,-1
155044,2,0,0,-1,-1,-1
154281,2,0,0,-1,-1,-1
153812,1,0,1,13,5013,5006
155245,1,0,1,315,5933,5774
154276,2,0,0,-1,-1,-1
152998,1,0,1,118,3089,3017
0,0,0,0,-1,-1,-1
153099,2,0,0,-1,-1,-1
154912,2,0,0,-1,-1,-1
154509,1,0,1,158,5110,5023
154843,1,0,1,0,24490,24490
154843,1,1,0,38,13425,13406
154146,1,1,0,75,6385,6339
0,0,0,0,-1,-1,-1
155327,1,0,1,202,2130,2038
154519,1,1,0,56,4594,4561
155112,1,1,0,0,24327,24327
155225,1,0,1,37,3209,3191
154649,2,0,0,-1,-1,-1
0,0,0,0,-1,-1,-1
153316,1,0,1,216,3815,3750
155301,1,0,1,88,5875,5831
0,0,0,0,-1,-1,-1
155024,1,1,-1,170,3430,3366
0,0,0,0,-1,-1,-1
153474,1,0,1,56,1986,1956
154377,1,0,1,80,4855,4817
155281,1,1,-1,124,5342,5290
152595,2,0,0,-1,-1,-1
154050,2,0,0,-1,-1,-1
153441,2,0,0,-1,-1,-1
154929,1,0,1,196,3415,3321
155382,1,1,0,0,8367,8367
152831,1,1,0,166,2419,2370
154042,1,1,-1,144,3724,3655
0,0,0,0,-1,-1,-1
154758,2,0,0,-1,-1,-1
153420,2,0,0,-1,-1,-1
0,0,0,0,-1,-1,-1
155332,1,0,1,143,2005,1944
155140,1,1,0,223,2326,2228
155086,1,1,0,98,5518,5472
153897,2,0,0,-1,-1,-1
154549,2,0,0,-1,-1,-1
153901,2,0,0,-1,-1,-1
155332,1,1,0,130,7968,7903
0,0,0,0,-1,-1,-1
154566,1,0,1,62,461,437
155220,1,0,1,31,1428,1402
154487,2,0,0,-1,-1,-1
154251,2,0,0,-1,-1,-1
153429,2,0,0,-1,-1,-1
155148,1,1,0,75,6029,5998
0,0,0,0,-1,-1,-1
153062,1,0,1,26,6189,6179
154038,1,0,1,59,2717,2679
155333,1,1,0,44,4212,4182
152908,1,0,1,66,1473,1451
0,0,0,0,-1,-1,-1
0,0,0,0,-1,-1,-1
154646,2,0,0,-1,-1,-1
154759,2,0,0,-1,-1,-1
0,0,0,0,-1,-1,-1
0,0,0,0,-1,-1,-1
154509,1,0,1,219,1855,1790
0,0,0,0,-1,-1,-1
154816,1,0,1,0,17010,17010
153475,2,0,0,-1,-1,-1
152976,2,0,0,-1,-1,-1
155191,1,1,0,111,2784,2745
0,0,0,0,-1,-1,-1
154464,2,0,0,-1,-1,-1
0,0,0,0,-1,-1,-1
154494,2,0,0,-1,-1,-1
0,0,0,0,-1,-1,-1
153614,2,0,0,-1,-1,-1
154650,1,1,0,74,4903,4868
0,0,0,0,-1,-1,-1
0,0,0,0,-1,-1,-1
154615,2,0,0,-1,-1,-1
153510,1,0,1,104,3436,3354
153443,1,1,-1,214,4616,4502
153742,1,1,0,83,2021,1974
155117,1,1,-1,136,2906,2842
153935,2,0,0,-1,-1,-1
152440,2,0,0,-1,-1,-1
0,0,0,0,-1,-1,-1
155256,1,1,0,49,1272,1250
153476,2,0,0,-1,-1,-1
154235,2,0,0,-1,-1,-1
154933,1,1,0,145,5536,5472
154652,2,0,0,-1,-1,-1
154574,1,0,1,34,937,927
154850,1,1,0,176,6478,6400
153273,2,0,0,-1,-1,-1
154396,1,0,1,114,4295,4269
154486,2,0,0,-1,-1,-1
154958,1,0,1,49,6858,6825
0,0,0,0,-1,-1,-1
152412,2,0,0,-1,-1,-1
154473,2,0,0,-1,-1,-1
153712,2,0,0,-1,-1,-1
0,0,0,0,-1,-1,-1
153887,2,0,0,-1,-1,-1
154750,1,0,1,224,3026,2915
154938,1,1,0,111,9242,9186
0,0,0,0,-1,-1,-1
155049,1,1,0,103,4255,4224
154416,1,1,0,263,3598,3480
154273,2,0,0,-1,-1,-1
154063,2,0,0,-1,-1,-1
155076,1,1,0,46,8423,8404
153908,1,1,0,46,4660,4636
152501,2,0,0,-1,-1,-1
0,0,0,0,-1,-1,-1
0,0,0,0,-1,-1,-1
0,0,0,0,-1,-1,-1
0,0,0,0,-1,-1,-1
154229,1,0,1,45,2528,2514
154449,1,0,1,178,2616,2534
153631,1,0,1,47,4803,4781
0,0,0,0,-1,-1,-1
154006,2,0,0,-1,-1,-1
155028,2,0,0,-1,-1,-1
0,0,0,0,-1,-1,-1
0,0,0,0,-1,-1,-1
0,0,0,0,-1,-1,-1
155355,1,1,-1,75,8010,7952
0,0,0,0,-1,-1,-1
153998,2,0,0,-1,-1,-1
153598,1,1,0,111,7276,7201
0,0,0,0,-1,-1,-1
154812,1,1,0,163,7930,7855
154250,1,1,0,234,3349,3231
153742,1,1,0,30,1012,999
0,0,0,0,-1,-1,-1
0,0,0,0,-1,-1,-1
154297,1,0,1,0,11102,11102
155356,1,0,1,166,7895,7799
0,0,0,0,-1,-1,-1
154224,2,0,0,-1,-1,-1
153083,1,1,0,93,934,880
154326,2,0,0,-1,-1,-1
154764,1,0,1,5,3109,3109
154313,1,0,1,122,2769,2696
154216,2,0,0,-1,-1,-1
0,0,0,0,-1,-1,-1
155178,2,0,0,-1,-1,-1
0,0,0,0,-1,-1,-1
153175,2,0,0,-1,-1,-1
155305,1,1,0,40,13575,13556
155208,1,1,0,132,2465,2415
0,0,0,0,-1,-1,-1
0,0,0,0,-1,-1,-1
0,0,0,0,-1,-1,-1
0,0,0,0,-1,-1,-1
154884,2,0,0,-1,-1,-1
153219,2,0,0,-1,-1,-1
152071,1,1,0,10,4813,4811
154608,1,1,0,223,3297,3221
0,0,0,0,-1,-1,-1
154121,1,0,1,91,4421,4385
0,0,0,0,-1,-1,-1
154829,2,0,0,-1,-1,-1
155133,1,1,0,7,7509,7500
154780,2,0,0,-1,-1,-1
153772,2,0,0,-1,-1,-1
155157,2,0,0,-1,-1,-1
154110,2,0,0,-1,-1,-1
0,0,0,0,-1,-1,-1
0,0,0,0,-1,-1,-1
155350,1,1,1,140,4454,4373
155175,2,0,0,-1,-1,-1
155292,2,0,0,-1,-1,-1
154437,2,0,0,-1,-1,-1
155126,2,0,0,-1,-1,-1
154886,2,0,0,-1,-1,-1
154099,1,1,0,44,2278,2255
0,0,0,0,-1,-1,-1
153931,2,0,0,-1,-1,-1
0,0,0,0,-1,-1,-1
153955,2,0,0,-1,-1,-1
154551,2,0,0,-1,-1,-1
0,0,0,0,-1,-1,-1
0,0,0,0,-1,-1,-1
0,0,0,0,-1,-1,-1
155264,1,1,0,92,3634,3598
0,0,0,0,-1,-1,-1
153265,1,0,1,0,272,272
154195,1,1,0,44,2609,2581
0,0,0,0,-1,-1,-1
154775,1,0,1,98,5503,5474
153694,2,0,0,-1,-1,-1
153717,1,0,1,145,4273,4210
154815,2,0,0,-1,-1,-1
155076,2,0,0,-1,-1,-1
154488,2,0,0,-1,-1,-1
0,0,0,0,-1,-1,-1
151531,2,0,0,-1,-1,-1
0,0,0,0,-1,-1,-1
0,0,0,0,-1,-1,-1
155052,2,0,0,-1,-1,-1
0,0,0,0,-1,-1,-1
0,0,0,0,-1,-1,-1
155025,1,0,1,47,1632,1607
154387,2,0,0,-1,-1,-1
0,0,0,0,-1,-1,-1
154009,1,0,1,87,3221,3180
0,0,0,0,-1,-1,-1
154809,2,0,0,-1,-1,-1
154154,1,0,1,103,3249,3208
0,0,0,0,-1,-1,-1
152812,2,0,0,-1,-1,-1
0,0,0,0,-1,-1,-1
155209,1,1,0,150,2711,2639
154746,1,0,1,32,12319,12306
0,0,0,0,-1,-1,-1
155320,1,0,1,6,1180,1173
153871,1,0,1,0,1261,1261
0,0,0,0,-1,-1,-1
153219,2,0,0,-1,-1,-1
0,0,0,0,-1,-1,-1
153572,2,0,0,-1,-1,-1
0,0,0,0,-1,-1,-1
154571,1,1,0,0,1116,1116
153534,1,0,1,169,6947,6890
0,0,0,0,-1,-1,-1
153768,1,0,1,41,5472,5451
154640,2,0,0,-1,-1,-1
154975,1,0,1,182,2576,2484
0,0,0,0,-1,-1,-1
154127,1,0,1,129,3094,3023
155254,1,0,1,112,2336,2296
154452,2,0,0,-1,-1,-1
0,0,0,0,-1,-1,-1
154716,1,0,1,53,5647,5636
0,0,0,0,-1,-1,-1
153505,2,0,0,-1,-1,-1
154409,1,1,1,49,6874,6858
0,0,0,0,-1,-1,-1
154260,2,0,0,-1,-1,-1
155196,1,1,0,22,4286,4270
155153,1,1,0,118,4182,4147
152324,2,0,0,-1,-1,-1
152415,1,0,1,55,3105,3085
0,0,0,0,-1,-1,-1
155021,1,0,1,76,1167,1128
154510,1,0,1,134,4552,4490
155338,2,0,0,-1,-1,-1
154477,1,1,0,182,7858,7760
154505,2,0,0,-1,-1,-1
154818,1,1,0,78,3251,3202
154254,2,0,0,-1,-1,-1
154364,1,1,0,120,2321,2263
154887,2,0,0,-1,-1,-1
0,0,0,0,-1,-1,-1
153282,1,1,0,92,1109,1060
154754,1,1,0,65,2288,2244
153086,2,0,0,-1,-1,-1
153669,2,0,0,-1,-1,-1
155156,1,0,1,136,8072,7997
154191,1,0,1,73,4114,4079
154634,1,1,-1,144,5362,5294
0,0,0,0,-1,-1,-1
153497,2,0,0,-1,-1,-1
154032,2,0,0,-1,-1,-1
0,0,0,0,-1,-1,-1
0,0,0,0,-1,-1,-1
154589,2,0,0,-1,-1,-1
155248,1,0,1,125,15300,15244
155172,1,1,0,90,1256,1187
153269,1,1,0,75,3163,3128
0,0,0,0,-1,-1,-1
153458,2,0,0,-1,-1,-1
0,0,0,0,-1,-1,-1
154431,2,0,0,-1,-1,-1
154364,2,0,0,-1,-1,-1
154637,1,1,0,71,9664,9633
0,0,0,0,-1,-1,-1
0,0,0,0,-1,-1,-1
0,0,0,0,-1,-1,-1
154884,2,0,0,-1,-1,-1
153264,2,0,0,-1,-1,-1
0,0,0,0,-1,-1,-1
154687,1,0,1,128,5044,4970
155275,1,1,0,181,3393,3287
155084,1,1,0,0,5328,5328
154277,1,0,1,12,22488,22482
155313,1,1,0,85,2345,2297
153102,2,0,0,-1,-1,-1
0,0,0,0,-1,-1,-1
0,0,0,0,-1,-1,-1
154543,2,0,0,-1,-1,-1
0,0,0,0,-1,-1,-1
154933,2,0,0,-1,-1,-1
0,0,0,0,-1,-1,-1
154766,1,1,0,42,3766,3756
155113,1,1,1,109,4051,4004
0,0,0,0,-1,-1,-1
154915,2,0,0,-1,-1,-1
153687,2,0,0,-1,-1,-1
154612,1,0,1,61,10214,10189
0,0,0,0,-1,-1,-1
0,0,0,0,-1,-1,-1
0,0,0,0,-1,-1,-1
0,0,0,0,-1,-1,-1
154720,2,0,0,-1,-1,-1
154419,1,1,0,102,5243,5186
153989,2,0,0,-1,-1,-1
153810,2,0,0,-1,-1,-1
153306,2,0,0,-1,-1,-1
0,0,0,0,-1,-1,-1
154272,2,0,0,-1,-1,-1
153482,2,0,0,-1,-1,-1
152700,2,0,0,-1,-1,-1
154062,2,0,0,-1,-1,-1
154058,2,0,0,-1,-1,-1
155133,1,1,0,74,7327,7307
155276,1,0,1,219,3903,3792
0,0,0,0,-1,-1,-1
155205,1,1,0,105,2000,1956
154586,1,0,1,0,9918,9918
155256,1,0,1,36,5564,5543
155208,1,1,0,136,2140,2074
0,0,0,0,-1,-1,-1
0,0,0,0,-1,-1,-1
154712,2,0,0,-1,-1,-1
154879,1,1,0,2,5867,5868
154425,2,0,0,-1,-1,-1
154032,2,0,0,-1,-1,-1
155005,1,0,1,53,2617,2579
154663,2,0,0,-1,-1,-1
153224,1,1,-1,175,11842,11765
154857,1,0,1,165,5843,5777
0,0,0,0,-1,-1,-1
154885,1,1,0,81,2271,2240
153934,2,0,0,-1,-1,-1
154938,2,0,0,-1,-1,-1
153387,2,0,0,-1,-1,-1
154484,1,0,1,50,10433,10416
0,0,0,0,-1,-1,-1
154926,1,0,1,25,7934,7908
155122,1,0,1,13,2693,2687
155033,1,1,0,69,3832,3814
0,0,0,0,-1,-1,-1
154001,1,0,1,73,2596,2558
154062,1,0,1,102,3792,3743
155342,1,0,1,131,6851,6787
0,0,0,0,-1,-1,-1
153720,1,1,0,126,2681,2624
152990,2,0,0,-1,-1,-1
0,0,0,0,-1,-1,-1
153407,2,0,0,-1,-1,-1
153285,2,0,0,-1,-1,-1
155380,1,0,1,74,3056,3023
0,0,0,0,-1,-1,-1
0,0,0,0,-1,-1,-1
154342,2,0,0,-1,-1,-1
154513,2,0,0,-1,-1,-1
153205,1,1,0,218,10444,10356
154041,2,0,0,-1,-1,-1
153814,2,0,0,-1,-1,-1
155126,1,0,1,115,3973,3910
0,0,0,0,-1,-1,-1
0,0,0,0,-1,-1,-1
155068,1,1,-1,100,11627,11584
152309,2,0,0,-1,-1,-1
154948,1,0,1,191,1367,1263
154800,1,0,1,51,3603,3587
154872,2,0,0,-1,-1,-1
153835,2,0,0,-1,-1,-1
155139,1,1,-1,15,15711,15707
0,0,0,0,-1,-1,-1
153912,2,0,0,-1,-1,-1
154867,1,1,0,106,2376,2315
154746,1,1,0,79,2870,2823
154707,1,1,0,274,5501,5422
154710,1,1,0,69,6425,6389
154228,2,0,0,-1,-1,-1
154221,2,0,0,-1,-1,-1
154653,2,0,0,-1,-1,-1
0,0,0,0,-1,-1,-1
154403,1,0,1,100,14661,14600
155150,2,0,0,-1,-1,-1
154571,1,0,1,39,2618,2609
154069,2,0,0,-1,-1,-1
155337,1,0,1,44,4262,4232
154471,2,0,0,-1,-1,-1
154342,1,1,1,186,3229,3147
153954,2,0,0,-1,-1,-1
154378,1,0,1,111,3158,3122
154865,1,1,0,151,7749,7658
0,0,0,0,-1,-1,-1
0,0,0,0,-1,-1,-1
0,0,0,0,-1,-1,-1
154921,1,1,0,70,6816,6777
0,0,0,0,-1,-1,-1
155173,1,1,0,109,11117,11039
153861,2,0,0,-1,-1,-1
155124,1,0,1,17,5740,5736
154306,1,1,1,184,2173,2110
153266,2,0,0,-1,-1,-1
153847,2,0,0,-1,-1,-1
154208,1,1,0,163,4178,4102
0,0,0,0,-1,-1,-1
154631,1,1,0,112,2837,2785
154236,2,0,0,-1,-1,-1
153997,1,1,0,118,1947,1900
0,0,0,0,-1,-1,-1
0,0,0,0,-1,-1,-1
0,0,0,0,-1,-1,-1
0,0,0,0,-1,-1,-1
155161,1,0,1,104,6812,6775
154605,2,0,0,-1,-1,-1
0,0,0,0,-1,-1,-1
154189,2,0,0,-1,-1,-1
0,0,0,0,-1,-1,-1
0,0,0,0,-1,-1,-1
155155,2,0,0,-1,-1,-1
154946,1,1,0,120,8782,8723
154009,2,0,0,-1,-1,-1
154913,1,1,0,234,4496,4401
152174,2,0,0,-1,-1,-1
155282,1,0,1,207,1580,1463
0,0,0,0,-1,-1,-1
153285,1,1,1,206,3456,3335
155211,1,1,0,52,4296,4274
154792,1,1,0,66,2173,2134
0,0,0,0,-1,-1,-1
154299,2,0,0,-1,-1,-1
0,0,0,0,-1,-1,-1
155267,1,0,1,4,7861,7861
154241,2,0,0,-1,-1,-1
0,0,0,0,-1,-1,-1
153049,2,0,0,-1,-1,-1
154719,2,0,0,-1,-1,-1
0,0,0,0,-1,-1,-1
0,0,0,0,-1,-1,-1
154042,2,0,0,-1,-1,-1
0,0,0,0,-1,-1,-1
154798,1,1,0,122,3720,3672
154956,1,0,1,0,3830,3830
154708,1,1,0,243,1945,1848
155201,1,1,-1,203,6545,6467
0,0,0,0,-1,-1,-1
154749,1,0,1,159,4339,4255
153313,1,0,1,58,23744,23714
154855,2,0,0,-1,-1,-1
154929,2,0,0,-1,-1,-1
0,0,0,0,-1,-1,-1
0,0,0,0,-1,-1,-1
154516,2,0,0,-1,-1,-1
154973,1,1,0,155,1973,1930
0,0,0,0,-1,-1,-1
154424,1,0,1,114,3969,3919
154913,1,1,1,131,3362,3309
155222,1,0,1,152,3373,3305
155172,2,0,0,-1,-1,-1
152891,2,0,0,-1,-1,-1
154229,1,1,0,23,11426,11422
0,0,0,0,-1,-1,-1
153285,2,0,0,-1,-1,-1
0,0,0,0,-1,-1,-1
153552,1,0,1,77,1867,1840
0,0,0,0,-1,-1,-1
153974,1,1,0,161,10754,10685
0,0,0,0,-1,-1,-1
0,0,0,0,-1,-1,-1
154749,1,1,0,61,6133,6118
0,0,0,0,-1,-1,-1
154868,1,1,0,63,9878,9828
0,0,0,0,-1,-1,-1
154480,1,1,0,89,4860,4802
0,0,0,0,-1,-1,-1
0,0,0,0,-1,-1,-1
154832,1,1,0,110,3450,3412
0,0,0,0,-1,-1,-1
154381,1,1,0,55,14543,14494
154768,1,0,1,168,8107,8013
154242,2,0,0,-1,-1,-1
155197,1,1,0,51,8054,8023
154320,1,1,-1,82,6584,6542
154577,1,0,1,212,1261,1180
0,0,0,0,-1,-1,-1
154512,1,0,1,59,13712,13697
155060,1,1,-1,219,8689,8599
155026,1,0,1,85,3485,3434
153974,1,0,1,0,3519,3519
0,0,0,0,-1,-1,-1
0,0,0,0,-1,-1,-1
153475,2,0,0,-1,-1,-1
0,0,0,0,-1,-1,-1
154833,2,0,0,-1,-1,-1
0,0,0,0,-1,-1,-1
154355,2,0,0,-1,-1,-1
153812,2,0,0,-1,-1,-1
0,0,0,0,-1,-1,-1
0,0,0,0,-1,-1,-1
0,0,0,0,-1,-1,-1
154602,1,0,1,64,3339,3303
152859,2,0,0,-1,-1,-1
155345,1,0,1,53,5130,5116
152871,2,0,0,-1,-1,-1
155217,1,1,0,4,5936,5937
0,0,0,0,-1,-1,-1
154976,2,0,0,-1,-1,-1
155080,2,0,0,-1,-1,-1
0,0,0,0,-1,-1,-1
154884,1,0,1,109,3694,3653
155158,1,0,1,66,1121,1079
154604,2,0,0,-1,-1,-1
155089,1,1,0,157,4159,4085
154897,1,1,0,0,4123,4123
153515,2,0,0,-1,-1,-1
154874,2,0,0,-1,-1,-1
154490,1,0,1,139,9770,9702
153142,1,1,0,2,3603,3600
153731,1,1,0,37,1277,1264
152810,2,0,0,-1,-1,-1
0,0,0,0,-1,-1,-1
152045,2,0,0,-1,-1,-1
153263,1,1,0,45,6462,6436
155170,2,0,0,-1,-1,-1
154116,2,0,0,-1,-1,-1
153827,1,0,1,142,5831,5787
154767,1,0,1,85,14245,14204
154622,2,0,0,-1,-1,-1
154161,1,0,1,91,2027,1990
154439,1,0,1,52,1839,1816
0,0,0,0,-1,-1,-1
0,0,0,0,-1,-1,-1
0,0,0,0,-1,-1,-1
0,0,0,0,-1,-1,-1
154672,1,0,1,0,15103,15103
154341,1,0,1,169,3409,3316
0,0,0,0,-1,-1,-1
0,0,0,0,-1,-1,-1
0,0,0,0,-1,-1,-1
155356,1,1,0,76,801,762
0,0,0,0,-1,-1,-1
0,0,0,0,-1,-1,-1
153715,2,0,0,-1,-1,-1
0,0,0,0,-1,-1,-1
155297,1,0,1,83,32852,32800
154883,1,0,1,94,2598,2567
153971,1,0,1,92,3005,2960
153265,2,0,0,-1,-1,-1
155003,1,0,1,163,5578,5497
0,0,0,0,-1,-1,-1
154891,1,0,1,0,14129,14129
154055,1,1,0,174,1700,1639
152443,2,0,0,-1,-1,-1
153743,2,0,0,-1,-1,-1
154649,1,0,1,0,6854,6854
0,0,0,0,-1,-1,-1
0,0,0,0,-1,-1,-1
155346,1,0,1,0,1100,1100
153853,2,0,0,-1,-1,-1
154652,2,0,0,-1,-1,-1
154444,2,0,0,-1,-1,-1
155270,1,1,0,7,12673,12672
0,0,0,0,-1,-1,-1
155164,1,0,1,120,2032,1968
154857,2,0,0,-1,-1,-1
154790,1,1,0,167,4347,4282
154606,1,0,1,0,19892,19892
154897,1,1,0,39,2272,2252
155013,2,0,0,-1,-1,-1
153951,2,0,0,-1,-1,-1
154818,2,0,0,-1,-1,-1
0,0,0,0,-1,-1,-1
154726,1,1,1,72,5196,5140
155185,1,1,0,18,4512,4503
0,0,0,0,-1,-1,-1
0,0,0,0,-1,-1,-1
155115,1,1,0,64,2101,2076
152911,2,0,0,-1,-1,-1
154028,2,0,0,-1,-1,-1
154662,1,1,0,36,3521,3507
153477,2,0,0,-1,-1,-1
0,0,0,0,-1,-1,-1
153783,1,1,0,42,3987,3963
154803,1,0,1,123,1612,1521
154945,2,0,0,-1,-1,-1
153314,1,0,1,117,3632,3578
0,0,0,0,-1,-1,-1
0,0,0,0,-1,-1,-1
153663,2,0,0,-1,-1,-1
0,0,0,0,-1,-1,-1
153960,1,1,0,14,9908,9902
154156,2,0,0,-1,-1,-1
0,0,0,0,-1,-1,-1
154471,2,0,0,-1,-1,-1
153469,2,0,0,-1,-1,-1
152750,2,0,0,-1,-1,-1
153460,1,1,0,62,4009,3985
155195,2,0,0,-1,-1,-1
154678,1,1,1,38,7123,7112
0,0,0,0,-1,-1,-1
0,0,0,0,-1,-1,-1
0,0,0,0,-1,-1,-1
0,0,0,0,-1,-1,-1
153677,2,0,0,-1,-1,-1
153681,2,0,0,-1,-1,-1
153611,2,0,0,-1,-1,-1
154947,1,1,0,0,7180,7180
0,0,0,0,-1,-1,-1
0,0,0,0,-1,-1,-1
0,0,0,0,-1,-1,-1
0,0,0,0,-1,-1,-1
0,0,0,0,-1,-1,-1
0,0,0,0,-1,-1,-1
154298,2,0,0,-1,-1,-1
155339,1,1,0,0,4284,4284
0,0,0,0,-1,-1,-1
155089,1,1,0,0,2880,2880
0,0,0,0,-1,-1,-1
155084,2,0,0,-1,-1,-1
153957,2,0,0,-1,-1,-1
153885,2,0,0,-1,-1,-1
0,0,0,0,-1,-1,-1
155015,2,0,0,-1,-1,-1
152975,2,0,0,-1,-1,-1
154164,2,0,0,-1,-1,-1
154993,2,0,0,-1,-1,-1
0,0,0,0,-1,-1,-1
155041,1,1,0,76,2651,2619
154789,1,0,1,205,15451,15332
154705,2,0,0,-1,-1,-1
0,0,0,0,-1,-1,-1
154417,1,1,0,17,2345,2327
153725,2,0,0,-1,-1,-1
0,0,0,0,-1,-1,-1
152569,2,0,0,-1,-1,-1
154644,1,0,1,90,4022,3989
153061,1,1,0,159,4855,4788
154071,1,1,1,63,11694,11664
155050,1,0,1,153,2482,2413
154058,1,1,0,149,5693,5623
153070,2,0,0,-1,-1,-1
153988,2,0,0,-1,-1,-1
0,0,0,0,-1,-1,-1
0,0,0,0,-1,-1,-1
155147,2,0,0,-1,-1,-1
154896,2,0,0,-1,-1,-1
0,0,0,0,-1,-1,-1
0,0,0,0,-1,-1,-1
154180,1,1,0,143,5561,5498
154800,2,0,0,-1,-1,-1
155075,1,0,1,39,2779,2759
151182,2,0,0,-1,-1,-1
154273,1,0,1,117,11128,11086
154858,1,1,-1,163,5210,5127
154014,2,0,0,-1,-1,-1
0,0,0,0,-1,-1,-1
0,0,0,0,-1,-1,-1
154726,1,0,1,125,3240,3209
155201,1,0,1,113,13802,13760
154422,2,0,0,-1,-1,-1
0,0,0,0,-1,-1,-1
154579,2,0,0,-1,-1,-1
0,0,0,0,-1,-1,-1
0,0,0,0,-1,-1,-1
155363,1,0,1,0,2681,2681
0,0,0,0,-1,-1,-1
154688,2,0,0,-1,-1,-1
154691,2,0,0,-1,-1,-1
152968,2,0,0,-1,-1,-1
153790,1,0,1,148,4906,4846
154876,1,0,1,156,2779,2728
152951,2,0,0,-1,-1,-1
152847,2,0,0,-1,-1,-1
153914,1,0,1,77,2670,2633
155337,1,1,1,206,4462,4358
154770,1,0,1,55,7687,7661
0,0,0,0,-1,-1,-1
155155,1,1,0,44,2792,2753
0,0,0,0,-1,-1,-1
154414,1,1,0,108,4981,4943
155355,1,1,0,7,2549,2534
0,0,0,0,-1,-1,-1
154666,1,0,1,107,2402,2348
153855,2,0,0,-1,-1,-1
154159,1,0,1,122,1741,1691
155052,1,0,1,105,3289,3219
152781,2,0,0,-1,-1,-1
153191,2,0,0,-1,-1,-1
154323,2,0,0,-1,-1,-1
155046,1,1,-1,178,6650,6583
155187,1,1,0,0,37797,37797
0,0,0,0,-1,-1,-1
155114,1,1,0,0,3455,3455
0,0,0,0,-1,-1,-1
0,0,0,0,-1,-1,-1
0,0,0,0,-1,-1,-1
154272,2,0,0,-1,-1,-1
154694,2,0,0,-1,-1,-1
153945,2,0,0,-1,-1,-1
154427,2,0,0,-1,-1,-1
0,0,0,0,-1,-1,-1
154843,1,1,0,0,4799,4799
154436,2,0,0,-1,-1,-1
154684,1,1,0,57,3783,3765
153418,2,0,0,-1,-1,-1
154071,2,0,0,-1,-1,-1
153341,2,0,0,-1,-1,-1
0,0,0,0,-1,-1,-1
153985,2,0,0,-1,-1,-1
154687,2,0,0,-1,-1,-1
154488,2,0,0,-1,-1,-1
154512,1,0,1,88,4779,4731
154552,2,0,0,-1,-1,-1
154957,2,0,0,-1,-1,-1
0,0,0,0,-1,-1,-1
155143,2,0,0,-1,-1,-1
154287,1,1,0,19,7639,7628
154297,1,0,1,82,3784,3751
154145,2,0,0,-1,-1,-1
154742,1,0,1,246,3841,3736
154878,1,1,0,116,5757,5697
0,0,0,0,-1,-1,-1
0,0,0,0,-1,-1,-1
153521,2,0,0,-1,-1,-1
154968,1,0,1,99,5059,5009
155198,1,0,1,84,5948,5911
0,0,0,0,-1,-1,-1
0,0,0,0,-1,-1,-1
153213,2,0,0,-1,-1,-1
0,0,0,0,-1,-1,-1
0,0,0,0,-1,-1,-1
155293,1,1,0,80,2556,2522
0,0,0,0,-1,-1,-1
153324,1,0,1,56,2569,2540
155260,1,0,1,0,5662,5662
154886,1,0,1,26,5411,5398
154525,2,0,0,-1,-1,-1
0,0,0,0,-1,-1,-1
153040,2,0,0,-1,-1,-1
154744,1,1,0,64,10828,10795
153165,1,1,0,127,4696,4651
154111,2,0,0,-1,-1,-1
0,0,0,0,-1,-1,-1
154708,1,0,1,113,5486,5435
154787,2,0,0,-1,-1,-1
155087,1,0,1,163,2598,2525
0,0,0,0,-1,-1,-1
154310,2,0,0,-1,-1,-1
0,0,0,0,-1,-1,-1
0,0,0,0,-1,-1,-1
154126,1,0,1,97,2861,2829
154470,2,0,0,-1,-1,-1
154665,2,0,0,-1,-1,-1
0,0,0,0,-1,-1,-1
154873,1,0,1,43,4836,4811
155039,1,1,0,22,38430,38416
154639,1,1,0,9,4347,4339
153906,2,0,0,-1,-1,-1
154604,2,0,0,-1,-1,-1
154906,1,0,1,117,1828,1738
155186,2,0,0,-1,-1,-1
155052,1,1,0,156,2920,2844
154256,2,0,0,-1,-1,-1
154136,1,1,0,59,655,638
153726,2,0,0,-1,-1,-1
154362,2,0,0,-1,-1,-1
0,0,0,0,-1,-1,-1
155099,1,1,0,35,2960,2949
155379,1,0,1,137,8843,8775
154918,2,0,0,-1,-1,-1
154168,2,0,0,-1,-1,-1
0,0,0,0,-1,-1,-1
151870,2,0,0,-1,-1,-1
155091,1,1,0,64,4143,4117
154302,1,1,0,395,5380,5148
154280,2,0,0,-1,-1,-1
0,0,0,0,-1,-1,-1
155300,1,0,1,0,507,507
153532,2,0,0,-1,-1,-1
155355,1,1,0,23,1013,1006
154918,1,1,0,106,1326,1276
155222,1,0,1,120,6109,6046
155132,1,0,1,123,4502,4425
154288,1,1,0,146,2191,2134
154766,1,1,0,209,6970,6880
0,0,0,0,-1,-1,-1
155156,1,1,-1,145,2135,2086
153455,1,1,0,81,6242,6207
154475,1,1,-1,97,4706,4637
154367,2,0,0,-1,-1,-1
0,0,0,0,-1,-1,-1
155111,1,1,1,174,3105,3021
0,0,0,0,-1,-1,-1
153328,2,0,0,-1,-1,-1
153271,1,1,-1,47,11136,11126
0,0,0,0,-1,-1,-1
0,0,0,0,-1,-1,-1
155152,1,0,1,0,421,421
153644,1,1,0,119,7903,7854
0,0,0,0,-1,-1,-1
154509,1,0,1,103,1979,1934
155215,1,1,0,15,5642,5631
0,0,0,0,-1,-1,-1
153102,2,0,0,-1,-1,-1
0,0,0,0,-1,-1,-1
0,0,0,0,-1,-1,-1
154905,1,1,-1,53,7579,7558
154105,1,1,0,133,1720,1654
0,0,0,0,-1,-1,-1
155356,1,0,1,0,14896,14896
154677,1,1,0,89,1574,1513
155253,1,1,0,208,2936,2851
0,0,0,0,-1,-1,-1
153224,2,0,0,-1,-1,-1
0,0,0,0,-1,-1,-1
0,0,0,0,-1,-1,-1
155199,1,1,0,0,5915,5915
153644,2,0,0,-1,-1,-1
154792,1,1,-1,126,7538,7475
154129,2,0,0,-1,-1,-1
154430,2,0,0,-1,-1,-1
154530,1,1,0,155,1928,1863
154337,2,0,0,-1,-1,-1
154737,1,1,0,132,2015,1948
154043,2,0,0,-1,-1,-1
154342,1,1,-1,114,1907,1845
155300,1,0,1,136,2987,2918
152366,2,0,0,-1,-1,-1
0,0,0,0,-1,-1,-1
0,0,0,0,-1,-1,-1
0,0,0,0,-1,-1,-1
155384,1,1,0,234,6643,6542
154784,1,1,-1,195,3744,3625
153757,1,0,1,39,1942,1920
0,0,0,0,-1,-1,-1
153042,2,0,0,-1,-1,-1
154463,1,1,-1,93,6402,6364
0,0,0,0,-1,-1,-1
0,0,0,0,-1,-1,-1
154914,1,0,1,241,3181,3069
154813,2,0,0,-1,-1,-1
154282,1,1,0,155,3037,2978
153581,2,0,0,-1,-1,-1
153819,2,0,0,-1,-1,-1
0,0,0,0,-1,-1,-1
153941,1,1,0,67,2735,2715
0,0,0,0,-1,-1,-1
153762,1,0,1,163,5310,5224
155123,1,0,1,91,5057,5022
152748,1,0,1,79,1492,1457
153669,2,0,0,-1,-1,-1
0,0,0,0,-1,-1,-1
152614,1,0,1,50,3752,3729
154147,1,1,0,107,3455,3392
155265,1,1,0,120,2725,2667
154712,1,1,0,97,5175,5130
154463,1,1,-1,171,3556,3471
0,0,0,0,-1,-1,-1
154323,1,1,0,102,5753,5719
154482,1,1,0,193,2973,2875
154761,2,0,0,-1,-1,-1
155144,1,0,1,119,3281,3242
0,0,0,0,-1,-1,-1
0,0,0,0,-1,-1,-1
0,0,0,0,-1,-1,-1
152710,1,0,1,64,4287,4257
154203,2,0,0,-1,-1,-1
0,0,0,0,-1,-1,-1
154556,2,0,0,-1,-1,-1
0,0,0,0,-1,-1,-1
0,0,0,0,-1,-1,-1
153931,2,0,0,-1,-1,-1
153682,2,0,0,-1,-1,-1
154577,2,0,0,-1,-1,-1
154423,1,1,0,159,2980,2911
154188,1,1,0,24,4214,4194
0,0,0,0,-1,-1,-1
154967,1,1,0,2,7493,7492
153138,1,1,0,0,9857,9857
154844,2,0,0,-1,-1,-1
154326,2,0,0,-1,-1,-1
0,0,0,0,-1,-1,-1
0,0,0,0,-1,-1,-1
0,0,0,0,-1,-1,-1
153717,1,0,1,73,1037,1007
154597,1,1,0,78,3934,3901
155206,1,1,0,92,7894,7865
152337,1,1,1,236,2383,2285
0,0,0,0,-1,-1,-1
0,0,0,0,-1,-1,-1
0,0,0,0,-1,-1,-1
154527,2,0,0,-1,-1,-1
153773,1,0,1,83,4647,4592
154745,2,0,0,-1,-1,-1
153557,1,0,1,82,3199,3165
154774,1,0,1,141,2587,2545
153499,1,1,0,2,14102,14102
153953,2,0,0,-1,-1,-1
155349,1,0,1,0,20410,20410
154777,1,1,0,164,4041,3997
0,0,0,0,-1,-1,-1
154380,2,0,0,-1,-1,-1
153595,2,0,0,-1,-1,-1
153816,1,1,0,53,1944,1921
154828,1,1,1,19,6569,6551
154497,1,1,1,186,6492,6392
0,0,0,0,-1,-1,-1
154905,1,1,0,0,0,0
154213,1,0,1,92,3004,2953
154009,2,0,0,-1,-1,-1
0,0,0,0,-1,-1,-1
0,0,0,0,-1,-1,-1
153990,2,0,0,-1,-1,-1
155216,1,1,0,68,6103,6076
154772,2,0,0,-1,-1,-1
154998,1,1,0,40,3232,3222
153315,1,1,0,53,5261,5237
154882,1,0,1,24,19762,19756
0,0,0,0,-1,-1,-1
154087,1,1,0,13,3154,3146
155275,1,0,1,156,4088,4046
152937,2,0,0,-1,-1,-1
154896,1,0,1,0,2697,2697
0,0,0,0,-1,-1,-1
0,0,0,0,-1,-1,-1
154928,2,0,0,-1,-1,-1
0,0,0,0,-1,-1,-1
0,0,0,0,-1,-1,-1
154635,2,0,0,-1,-1,-1
155252,1,0,1,257,4818,4665
152841,1,0,1,62,4665,4633
153151,1,1,0,88,4306,4268
153286,2,0,0,-1,-1,-1
0,0,0,0,-1,-1,-1
154698,1,0,1,282,4641,4482
152873,1,0,1,111,3555,3507
0,0,0,0,-1,-1,-1
0,0,0,0,-1,-1,-1
0,0,0,0,-1,-1,-1
0,0,0,0,-1,-1,-1
154902,2,0,0,-1,-1,-1
0,0,0,0,-1,-1,-1
0,0,0,0,-1,-1,-1
0,0,0,0,-1,-1,-1
153621,2,0,0,-1,-1,-1
154914,1,1,0,0,5661,5661
152592,1,0,1,162,2411,2330
153232,1,1,0,126,1519,1445
154110,2,0,0,-1,-1,-1
154220,1,1,0,114,5170,5132
153039,2,0,0,-1,-1,-1
154859,2,0,0,-1,-1,-1
154984,1,0,1,85,1052,1014
0,0,0,0,-1,-1,-1
153588,2,0,0,-1,-1,-1
154244,1,0,1,76,4123,4084
154873,1,1,0,225,10447,10342
154548,1,0,1,28,2356,2345
155060,1,0,1,0,7080,7080
0,0,0,0,-1,-1,-1
155132,1,1,0,169,3648,3570
154659,1,0,1,139,2656,2609
153707,1,0,1,58,4952,4929
0,0,0,0,-1,-1,-1
155076,1,1,0,231,2575,2468
152617,2,0,0,-1,-1,-1
0,0,0,0,-1,-1,-1
0,0,0,0,-1,-1,-1
153423,2,0,0,-1,-1,-1
155004,1,1,0,224,2728,2618
153502,2,0,0,-1,-1,-1
154958,1,1,0,73,3312,3288
153657,2,0,0,-1,-1,-1
154797,2,0,0,-1,-1,-1
153044,1,0,1,54,9653,9624
154912,1,1,-1,132,3706,3654
155374,1,0,1,224,5946,5872
0,0,0,0,-1,-1,-1
0,0,0,0,-1,-1,-1
153237,2,0,0,-1,-1,-1
0,0,0,0,-1,-1,-1
154245,2,0,0,-1,-1,-1
0,0,0,0,-1,-1,-1
154534,2,0,0,-1,-1,-1
154067,2,0,0,-1,-1,-1
154082,2,0,0,-1,-1,-1
154184,1,0,1,155,4637,4572
153845,2,0,0,-1,-1,-1
154946,1,1,-1,123,6647,6588
155104,1,0,1,116,7473,7428
155058,1,0,1,0,768,768
155114,1,0,1,105,2777,2729
153538,2,0,0,-1,-1,-1
155019,1,1,0,141,1668,1626
153971,2,0,0,-1,-1,-1
0,0,0,0,-1,-1,-1
153670,2,0,0,-1,-1,-1
155141,1,0,1,94,2310,2249
155037,1,0,1,30,4256,4242
153189,2,0,0,-1,-1,-1
154010,2,0,0,-1,-1,-1
155052,1,1,0,36,1626,1618
152932,2,0,0,-1,-1,-1
155167,1,1,1,31,9331,9312
154978,1,1,0,39,2163,2145
0,0,0,0,-1,-1,-1
154704,2,0,0,-1,-1,-1
155099,1,0,1,66,854,815
154916,1,1,0,102,4348,4316
0,0,0,0,-1,-1,-1
155041,1,1,0,183,3051,2945
0,0,0,0,-1,-1,-1
0,0,0,0,-1,-1,-1
153828,2,0,0,-1,-1,-1
153487,2,0,0,-1,-1,-1
154290,2,0,0,-1,-1,-1
0,0,0,0,-1,-1,-1
155320,1,0,1,161,2629,2552
153903,2,0,0,-1,-1,-1
154604,1,0,1,0,2600,2600
155065,1,0,1,27,1818,1808
155161,1,0,1,113,2328,2277
154525,1,1,0,0,5686,5686
0,0,0,0,-1,-1,-1
153793,1,0,1,37,8669,8658
0,0,0,0,-1,-1,-1
0,0,0,0,-1,-1,-1
153344,2,0,0,-1,-1,-1
154806,2,0,0,-1,-1,-1
154222,2,0,0,-1,-1,-1
0,0,0,0,-1,-1,-1
155295,1,1,0,33,42384,42360
154988,2,0,0,-1,-1,-1
154191,1,1,0,134,2011,1955
154121,1,0,1,112,2011,1955
154897,1,1,0,37,5216,5199
0,0,0,0,-1,-1,-1
0,0,0,0,-1,-1,-1
0,0,0,0,-1,-1,-1
0,0,0,0,-1,-1,-1
153882,2,0,0,-1,-1,-1
152689,2,0,0,-1,-1,-1
154354,1,0,1,143,2044,1990
154427,2,0,0,-1,-1,-1
154922,1,0,1,89,5208,5155
155121,1,1,0,0,2670,2670
155153,1,1,0,88,3364,3315
154989,1,1,0,43,2048,2041
0,0,0,0,-1,-1,-1
155162,1,1,-1,229,3801,3713
0,0,0,0,-1,-1,-1
155258,1,1,0,162,2843,2768
153182,2,0,0,-1,-1,-1
154042,1,0,1,21,793,777
154229,1,0,1,126,3826,3756
153837,1,0,1,184,2612,2554
155211,1,0,1,90,5393,5350
153306,1,0,1,28,5446,5430
154404,2,0,0,-1,-1,-1
0,0,0,0,-1,-1,-1
0,0,0,0,-1,-1,-1
154276,1,0,1,0,2937,2937
153795,1,1,0,0,0,0
154308,1,1,0,125,4739,4675
154728,1,0,1,122,3677,3622
154510,1,1,0,226,2943,2822
0,0,0,0,-1,-1,-1
153336,2,0,0,-1,-1,-1
0,0,0,0,-1,-1,-1
0,0,0,0,-1,-1,-1
155236,1,0,1,0,5829,5829
0,0,0,0,-1,-1,-1
154200,1,1,0,102,8316,8271
154088,1,1,0,138,2713,2618
0,0,0,0,-1,-1,-1
154764,2,0,0,-1,-1,-1
153568,1,0,1,29,4425,4408
154241,2,0,0,-1,-1,-1
0,0,0,0,-1,-1,-1
153092,2,0,0,-1,-1,-1
154890,1,0,1,132,5805,5741
154466,1,0,1,2,4917,4915
155373,1,0,1,53,4567,4549
0,0,0,0,-1,-1,-1
154781,2,0,0,-1,-1,-1
153479,2,0,0,-1,-1,-1
