J1,rank_b,dx_b,dy_b,nu_b,synergy_edges,nonlocal_candidates
0,0,0,0,-1,-1,-1
0,0,0,0,-1,-1,-1
154408,2,0,0,-1,-1,-1
152959,2,0,0,-1,-1,-1
155134,1,1,0,36,1700,1689
0,0,0,0,-1,-1,-1
153261,2,0,0,-1,-1,-1
0,0,0,0,-1,-1,-1
0,0,0,0,-1,-1,-1
0,0,0,0,-1,-1,-1
154371,1,0,1,123,2581,2547
154447,1,0,1,2,14909,14908
0,0,0,0,-1,-1,-1
155373,1,1,0,48,1690,1667
154739,1,0,1,202,2553,2455
154427,2,0,0,-1,-1,-1
154298,2,0,0,-1,-1,-1
0,0,0,0,-1,-1,-1
0,0,0,0,-1,-1,-1
0,0,0,0,-1,-1,-1
0,0,0,0,-1,-1,-1
154795,1,0,1,153,5172,5100
154790,2,0,0,-1,-1,-1
154769,1,0,1,119,5340,5299
154378,2,0,0,-1,-1,-1
153680,1,1,0,69,2980,2954
0,0,0,0,-1,-1,-1
0,0,0,0,-1,-1,-1
154191,2,0,0,-1,-1,-1
154639,2,0,0,-1,-1,-1
152958,2,0,0,-1,-1,-1
154220,1,0,1,73,6253,6199
154760,2,0,0,-1,-1,-1
155298,1,1,-1,254,4960,4837
0,0,0,0,-1,-1,-1
154935,1,1,0,61,3011,3000
153483,2,0,0,-1,-1,-1
0,0,0,0,-1,-1,-1
155009,1,1,0,191,1891,1824
154922,1,0,1,199,4765,4672
0,0,0,0,-1,-1,-1
0,0,0,0,-1,-1,-1
0,0,0,0,-1,-1,-1
153599,2,0,0,-1,-1,-1
0,0,0,0,-1,-1,-1
154581,1,1,0,41,5011,4991
153656,2,0,0,-1,-1,-1
154706,2,0,0,-1,-1,-1
153657,1,0,1,179,1415,1328
0,0,0,0,-1,-1,-1
155230,2,0,0,-1,-1,-1
0,0,0,0,-1,-1,-1
154425,2,0,0,-1,-1,-1
155115,1,0,1,120,5340,5286
0,0,0,0,-1,-1,-1
154607,1,0,1,109,3459,3404
153779,1,0,1,147,3835,3783
155314,1,0,1,94,6043,5998
0,0,0,0,-1,-1,-1
155232,1,0,1,113,2039,1986
154421,1,0,1,0,11044,11044
155158,1,1,0,0,8460,8460
152769,1,1,0,188,2066,1976
155324,1,1,0,159,4651,4583
154658,1,0,1,74,5029,4995
0,0,0,0,-1,-1,-1
154273,1,0,1,189,2756,2674
0,0,0,0,-1,-1,-1
153711,2,0,0,-1,-1,-1
155065,1,0,1,69,5842,5824
154053,1,0,1,120,1657,1610
153310,2,0,0,-1,-1,-1
154379,2,0,0,-1,-1,-1
0,0,0,0,-1,-1,-1
154735,2,0,0,-1,-1,-1
155053,1,1,0,82,2491,2454
153971,1,1,0,19,23140,23127
153356,2,0,0,-1,-1,-1
155143,1,0,1,241,7435,7318
0,0,0,0,-1,-1,-1
153985,2,0,0,-1,-1,-1
0,0,0,0,-1,-1,-1
0,0,0,0,-1,-1,-1
153476,1,1,0,25,4884,4874
153912,1,1,0,219,3088,2974
154729,2,0,0,-1,-1,-1
154497,2,0,0,-1,-1,-1
155127,2,0,0,-1,-1,-1
153607,1,0,1,323,3603,3425
155036,2,0,0,-1,-1,-1
153456,2,0,0,-1,-1,-1
155079,2,0,0,-1,-1,-1
153837,2,0,0,-1,-1,-1
154203,1,1,0,123,5095,5039
0,0,0,0,-1,-1,-1
154461,2,0,0,-1,-1,-1
0,0,0,0,-1,-1,-1
154132,1,0,1,31,37665,37636
0,0,0,0,-1,-1,-1
0,0,0,0,-1,-1,-1
153311,1,0,1,97,1398,1355
155098,1,1,0,174,10114,10027
154146,2,0,0,-1,-1,-1
155082,1,1,0,15,1698,1690
155017,1,0,1,108,2323,2286
154443,1,0,1,101,12938,12896
153755,1,0,1,129,2658,2608
154365,1,0,1,24,2719,2710
154298,1,0,1,93,2413,2373
155253,1,1,-1,125,2137,2078
154901,1,0,1,193,4354,4263
154142,1,0,1,45,3789,3768
0,0,0,0,-1,-1,-1
0,0,0,0,-1,-1,-1
153866,2,0,0,-1,-1,-1
153604,2,0,0,-1,-1,-1
155384,1,1,0,112,2830,2778
0,0,0,0,-1,-1,-1
0,0,0,0,-1,-1,-1
154139,1,1,0,73,2215,2185
155095,2,0,0,-1,-1,-1
154624,2,0,0,-1,-1,-1
154104,2,0,0,-1,-1,-1
152515,1,1,0,26,4845,4835
154397,1,1,0,113,2830,2796
154459,1,1,0,0,4752,4752
154110,2,0,0,-1,-1,-1
0,0,0,0,-1,-1,-1
155197,1,0,1,68,4673,4637
0,0,0,0,-1,-1,-1
155150,1,1,0,39,5681,5660
0,0,0,0,-1,-1,-1
0,0,0,0,-1,-1,-1
154449,1,1,0,0,7194,7194
154056,1,0,1,21,5281,5265
155039,1,0,1,0,5728,5728
155043,1,1,0,190,3541,3469
154391,2,0,0,-1,-1,-1
0,0,0,0,-1,-1,-1
153942,1,0,1,138,9634,9566
154177,2,0,0,-1,-1,-1
0,0,0,0,-1,-1,-1
153810,1,0,1,27,10134,10120
152830,1,1,0,128,1649,1596
155154,1,1,-1,151,5695,5591
154565,1,1,0,191,3991,3910
153835,1,0,1,76,2739,2705
154832,2,0,0,-1,-1,-1
155343,1,0,1,45,2433,2399
154106,2,0,0,-1,-1,-1
154202,2,0,0,-1,-1,-1
0,0,0,0,-1,-1,-1
0,0,0,0,-1,-1,-1
154820,2,0,0,-1,-1,-1
155275,1,0,1,0,19303,19303
154849,1,0,1,224,5600,5502
0,0,0,0,-1,-1,-1
154755,2,0,0,-1,-1,-1
154829,1,0,1,90,974,921
154706,1,0,1,88,2259,2218
154960,1,1,0,21,13154,13151
153703,2,0,0,-1,-1,-1
154529,2,0,0,-1,-1,-1
155263,1,1,-1,77,4087,4046
0,0,0,0,-1,-1,-1
0,0,0,0,-1,-1,-1
0,0,0,0,-1,-1,-1
0,0,0,0,-1,-1,-1
155337,1,0,1,46,3297,3276
154245,1,1,0,161,3345,3248
0,0,0,0,-1,-1,-1
154670,2,0,0,-1,-1,-1
154909,1,1,0,156,4512,4461
154988,1,1,0,25,3804,3783
0,0,0,0,-1,-1,-1
0,0,0,0,-1,-1,-1
154673,1,1,0,186,4410,4324
155218,1,1,0,81,6094,6047
0,0,0,0,-1,-1,-1
0,0,0,0,-1,-1,-1
152185,2,0,0,-1,-1,-1
154446,2,0,0,-1,-1,-1
155103,1,0,1,84,3162,3105
153158,2,0,0,-1,-1,-1
154396,2,0,0,-1,-1,-1
0,0,0,0,-1,-1,-1
153913,1,1,0,0,4840,4840
0,0,0,0,-1,-1,-1
153686,2,0,0,-1,-1,-1
155317,1,1,0,85,4546,4511
155281,1,0,1,70,5003,4955
153930,2,0,0,-1,-1,-1
0,0,0,0,-1,-1,-1
155161,1,1,0,80,2333,2283
153325,2,0,0,-1,-1,-1
0,0,0,0,-1,-1,-1
155211,1,0,1,81,5925,5887
155190,1,0,1,144,3514,3467
154639,1,0,1,84,4156,4128
154856,1,1,0,188,2390,2308
153676,1,1,0,106,4808,4751
155332,1,0,1,81,1284,1259
0,0,0,0,-1,-1,-1
154762,1,0,1,194,4022,3914
0,0,0,0,-1,-1,-1
0,0,0,0,-1,-1,-1
0,0,0,0,-1,-1,-1
154996,1,0,1,89,2231,2158
152262,2,0,0,-1,-1,-1
154171,1,0,1,42,9466,9449
155001,1,1,0,108,3037,2977
154356,1,1,0,98,3549,3511
154309,1,1,0,44,1836,1819
155316,1,0,1,56,1767,1735
154098,1,1,0,276,7847,7761
155157,1,0,1,123,5691,5642
153799,2,0,0,-1,-1,-1
154682,1,0,1,48,2247,2227
0,0,0,0,-1,-1,-1
154510,2,0,0,-1,-1,-1
154087,2,0,0,-1,-1,-1
0,0,0,0,-1,-1,-1
155161,2,0,0,-1,-1,-1
154323,1,0,1,170,1649,1570
153989,2,0,0,-1,-1,-1
155045,1,0,1,258,6087,5972
0,0,0,0,-1,-1,-1
154427,2,0,0,-1,-1,-1
154810,1,1,0,22,3262,3247
0,0,0,0,-1,-1,-1
0,0,0,0,-1,-1,-1
154869,1,1,0,88,6999,6950
154889,1,1,0,68,7953,7924
155273,1,0,1,96,7145,7098
154396,1,1,0,51,4417,4387
154994,1,0,1,153,3398,3326
154103,2,0,0,-1,-1,-1
0,0,0,0,-1,-1,-1
153862,2,0,0,-1,-1,-1
154295,2,0,0,-1,-1,-1
0,0,0,0,-1,-1,-1
153938,2,0,0,-1,-1,-1
154234,1,1,0,17,8075,8061
153000,2,0,0,-1,-1,-1
0,0,0,0,-1,-1,-1
0,0,0,0,-1,-1,-1
154178,1,0,1,33,32915,32886
0,0,0,0,-1,-1,-1
154635,1,0,1,80,9490,9453
155141,2,0,0,-1,-1,-1
155279,2,0,0,-1,-1,-1
0,0,0,0,-1,-1,-1
152844,2,0,0,-1,-1,-1
154232,1,0,1,41,6451,6443
153739,1,0,1,21,11368,11350
154044,1,0,1,199,3151,3045
154437,1,1,0,110,5872,5816
0,0,0,0,-1,-1,-1
154401,2,0,0,-1,-1,-1
155376,1,0,1,119,3271,3217
154529,1,1,0,140,4887,4838
154396,1,0,1,95,2932,2880
0,0,0,0,-1,-1,-1
154571,1,1,1,211,4779,4656
154639,2,0,0,-1,-1,-1
153380,2,0,0,-1,-1,-1
154759,1,1,0,97,5543,5492
154862,1,1,0,211,2471,2355
153669,1,1,0,62,3359,3327
154675,1,0,1,44,9258,9239
155109,2,0,0,-1,-1,-1
0,0,0,0,-1,-1,-1
154180,1,0,1,113,9715,9670
154192,1,0,1,114,3884,3834
152690,2,0,0,-1,-1,-1
153671,2,0,0,-1,-1,-1
154777,2,0,0,-1,-1,-1
155006,2,0,0,-1,-1,-1
0,0,0,0,-1,-1,-1
154960,2,0,0,-1,-1,-1
155271,1,1,-1,343,5321,5207
154434,2,0,0,-1,-1,-1
0,0,0,0,-1,-1,-1
155205,1,0,1,73,6970,6932
154352,2,0,0,-1,-1,-1
154409,2,0,0,-1,-1,-1
0,0,0,0,-1,-1,-1
154713,1,1,0,55,8903,8881
0,0,0,0,-1,-1,-1
153290,1,1,0,21,3147,3139
154527,1,1,1,244,2779,2643
154677,1,0,1,0,11656,11656
0,0,0,0,-1,-1,-1
153991,2,0,0,-1,-1,-1
0,0,0,0,-1,-1,-1
0,0,0,0,-1,-1,-1
0,0,0,0,-1,-1,-1
153403,1,1,0,125,5616,5548
0,0,0,0,-1,-1,-1
154942,1,1,0,18,4267,4260
154848,2,0,0,-1,-1,-1
155214,1,1,0,86,1345,1298
154503,1,0,1,218,5555,5438
154880,2,0,0,-1,-1,-1
0,0,0,0,-1,-1,-1
154222,1,1,0,80,2773,2736
0,0,0,0,-1,-1,-1
155139,2,0,0,-1,-1,-1
154225,1,1,0,106,2127,2056
155276,1,0,1,192,3269,3176
153773,2,0,0,-1,-1,-1
0,0,0,0,-1,-1,-1
154273,1,0,1,70,1471,1448
0,0,0,0,-1,-1,-1
154812,1,1,0,80,5531,5471
154680,2,0,0,-1,-1,-1
154277,2,0,0,-1,-1,-1
0,0,0,0,-1,-1,-1
153025,2,0,0,-1,-1,-1
154882,1,1,0,110,3340,3307
155264,1,0,1,204,1771,1656
0,0,0,0,-1,-1,-1
0,0,0,0,-1,-1,-1
0,0,0,0,-1,-1,-1
0,0,0,0,-1,-1,-1
155104,1,1,1,109,8327,8271
153994,2,0,0,-1,-1,-1
154863,1,1,-1,251,4778,4680
154504,2,0,0,-1,-1,-1
154479,1,1,0,0,28998,28998
154928,2,0,0,-1,-1,-1
0,0,0,0,-1,-1,-1
154366,2,0,0,-1,-1,-1
153266,1,1,0,109,2081,2026
153414,1,0,1,99,1801,1750
154948,1,1,0,120,3918,3875
155213,2,0,0,-1,-1,-1
154315,2,0,0,-1,-1,-1
153427,2,0,0,-1,-1,-1
154788,2,0,0,-1,-1,-1
0,0,0,0,-1,-1,-1
154565,1,1,0,166,2647,2598
153812,2,0,0,-1,-1,-1
0,0,0,0,-1,-1,-1
154270,2,0,0,-1,-1,-1
154468,1,0,1,19,20962,20953
154763,1,0,1,57,5417,5393
154752,1,1,0,36,2379,2368
153445,1,0,1,85,5788,5750
154105,1,1,0,118,3201,3150
0,0,0,0,-1,-1,-1
155037,1,0,1,19,4466,4460
0,0,0,0,-1,-1,-1
155185,1,1,0,79,4524,4478
0,0,0,0,-1,-1,-1
0,0,0,0,-1,-1,-1
154456,2,0,0,-1,-1,-1
154859,1,1,-1,165,9096,8995
154876,1,1,0,132,8375,8307
155006,1,0,1,73,14765,14728
0,0,0,0,-1,-1,-1
154968,1,0,1,85,2644,2608
154048,1,0,1,42,4372,4355
154733,1,1,0,39,5146,5128
0,0,0,0,-1,-1,-1
0,0,0,0,-1,-1,-1
154332,2,0,0,-1,-1,-1
154669,2,0,0,-1,-1,-1
0,0,0,0,-1,-1,-1
153788,2,0,0,-1,-1,-1
154373,1,0,1,140,2225,2172
153050,2,0,0,-1,-1,-1
0,0,0,0,-1,-1,-1
0,0,0,0,-1,-1,-1
153946,2,0,0,-1,-1,-1
0,0,0,0,-1,-1,-1
0,0,0,0,-1,-1,-1
152785,2,0,0,-1,-1,-1
0,0,0,0,-1,-1,-1
0,0,0,0,-1,-1,-1
0,0,0,0,-1,-1,-1
154854,2,0,0,-1,-1,-1
153643,2,0,0,-1,-1,-1
0,0,0,0,-1,-1,-1
0,0,0,0,-1,-1,-1
155020,1,0,1,143,2240,2172
154474,1,1,0,92,2217,2186
154807,1,1,0,109,4657,4603
155379,1,1,0,197,4250,4182
0,0,0,0,-1,-1,-1
155024,2,0,0,-1,-1,-1
153075,1,1,0,38,997,975
0,0,0,0,-1,-1,-1
0,0,0,0,-1,-1,-1
0,0,0,0,-1,-1,-1
155262,1,1,0,205,5114,5028
151333,2,0,0,-1,-1,-1
155059,1,1,0,53,2720,2690
155026,1,0,1,0,5670,5670
154669,1,0,1,142,2818,2748
153675,2,0,0,-1,-1,-1
154443,1,0,1,337,4772,4617
152532,2,0,0,-1,-1,-1
152864,2,0,0,-1,-1,-1
154183,1,1,0,199,2740,2639
154675,2,0,0,-1,-1,-1
155178,1,1,0,149,6064,5971
154246,2,0,0,-1,-1,-1
153690,2,0,0,-1,-1,-1
0,0,0,0,-1,-1,-1
153489,1,1,0,12,6602,6600
153375,2,0,0,-1,-1,-1
154689,2,0,0,-1,-1,-1
155293,1,1,0,4,10709,10706
154269,2,0,0,-1,-1,-1
154409,2,0,0,-1,-1,-1
155357,1,0,1,100,5703,5663
153809,1,1,0,89,1477,1444
154546,1,1,0,202,3556,3462
154847,2,0,0,-1,-1,-1
152822,2,0,0,-1,-1,-1
154644,1,1,0,34,1606,1597
154236,1,1,0,114,2503,2459
153665,2,0,0,-1,-1,-1
155355,1,1,0,60,6120,6088
154714,2,0,0,-1,-1,-1
0,0,0,0,-1,-1,-1
154869,2,0,0,-1,-1,-1
154239,1,1,0,94,5693,5651
154803,2,0,0,-1,-1,-1
0,0,0,0,-1,-1,-1
0,0,0,0,-1,-1,-1
153846,2,0,0,-1,-1,-1
0,0,0,0,-1,-1,-1
154333,2,0,0,-1,-1,-1
155001,2,0,0,-1,-1,-1
154964,1,1,0,76,2004,1974
0,0,0,0,-1,-1,-1
155188,1,0,1,28,5534,5517
153057,2,0,0,-1,-1,-1
154407,1,1,0,245,1281,1189
154833,1,1,0,180,2583,2505
155288,1,1,0,65,1389,1355
0,0,0,0,-1,-1,-1
0,0,0,0,-1,-1,-1
154427,2,0,0,-1,-1,-1
0,0,0,0,-1,-1,-1
154219,2,0,0,-1,-1,-1
155339,1,0,1,67,6816,6787
0,0,0,0,-1,-1,-1
153794,1,0,1,285,4173,4042
0,0,0,0,-1,-1,-1
154592,1,1,0,176,2529,2420
154141,2,0,0,-1,-1,-1
154753,2,0,0,-1,-1,-1
154765,1,1,0,146,19031,18949
0,0,0,0,-1,-1,-1
154335,1,0,1,51,13881,13862
0,0,0,0,-1,-1,-1
154378,1,1,0,113,5052,5003
0,0,0,0,-1,-1,-1
0,0,0,0,-1,-1,-1
154474,2,0,0,-1,-1,-1
0,0,0,0,-1,-1,-1
155236,1,0,1,59,6121,6103
0,0,0,0,-1,-1,-1
154774,2,0,0,-1,-1,-1
0,0,0,0,-1,-1,-1
152970,2,0,0,-1,-1,-1
155011,2,0,0,-1,-1,-1
155230,1,1,1,68,2687,2650
155366,2,0,0,-1,-1,-1
151976,2,0,0,-1,-1,-1
152966,1,0,1,61,6116,6100
153953,1,1,0,0,6300,6300
154918,1,1,1,208,4088,3980
154599,1,0,1,37,1852,1832
0,0,0,0,-1,-1,-1
154863,2,0,0,-1,-1,-1
154316,2,0,0,-1,-1,-1
0,0,0,0,-1,-1,-1
154110,1,1,0,198,3607,3531
155081,1,0,1,69,15498,15471
154793,2,0,0,-1,-1,-1
154431,1,1,0,117,4020,3948
155186,1,1,0,36,1434,1415
155102,1,1,0,130,4568,4521
153984,2,0,0,-1,-1,-1
154962,1,0,1,139,3454,3374
0,0,0,0,-1,-1,-1
0,0,0,0,-1,-1,-1
0,0,0,0,-1,-1,-1
154942,2,0,0,-1,-1,-1
154633,1,0,1,59,1397,1373
155354,1,1,-1,224,13981,13869
154389,1,0,1,69,11802,11760
153069,2,0,0,-1,-1,-1
0,0,0,0,-1,-1,-1
0,0,0,0,-1,-1,-1
0,0,0,0,-1,-1,-1
0,0,0,0,-1,-1,-1
155296,1,0,1,224,3254,3123
0,0,0,0,-1,-1,-1
154432,2,0,0,-1,-1,-1
0,0,0,0,-1,-1,-1
154842,2,0,0,-1,-1,-1
154599,1,1,0,118,2024,1968
0,0,0,0,-1,-1,-1
154988,2,0,0,-1,-1,-1
154359,2,0,0,-1,-1,-1
0,0,0,0,-1,-1,-1
153397,2,0,0,-1,-1,-1
155330,1,1,0,133,4153,4092
0,0,0,0,-1,-1,-1
154759,1,1,0,16,2656,2645
0,0,0,0,-1,-1,-1
154744,1,0,1,62,4764,4746
154397,1,1,0,0,6064,6064
0,0,0,0,-1,-1,-1
0,0,0,0,-1,-1,-1
153131,2,0,0,-1,-1,-1
155310,1,1,0,0,280,280
154315,2,0,0,-1,-1,-1
152435,2,0,0,-1,-1,-1
154566,1,0,1,0,4810,4810
152157,2,0,0,-1,-1,-1
0,0,0,0,-1,-1,-1
0,0,0,0,-1,-1,-1
154094,2,0,0,-1,-1,-1
154767,2,0,0,-1,-1,-1
154092,1,1,0,17,2458,2430
154644,2,0,0,-1,-1,-1
152959,2,0,0,-1,-1,-1
155265,1,0,1,292,3391,3298
155285,1,1,0,59,1764,1729
155064,2,0,0,-1,-1,-1
152525,2,0,0,-1,-1,-1
0,0,0,0,-1,-1,-1
153924,2,0,0,-1,-1,-1
154177,2,0,0,-1,-1,-1
0,0,0,0,-1,-1,-1
154253,1,0,1,62,4898,4869
154766,1,0,1,7,5689,5688
154711,1,1,1,232,6709,6623
153246,1,0,1,107,3204,3137
154064,1,1,1,74,15849,15810
153204,1,1,0,37,7457,7447
154369,1,0,1,15,1837,1823
155216,1,1,0,136,3856,3807
0,0,0,0,-1,-1,-1
154714,2,0,0,-1,-1,-1
0,0,0,0,-1,-1,-1
155374,1,1,0,103,3178,3120
0,0,0,0,-1,-1,-1
0,0,0,0,-1,-1,-1
154361,1,1,0,88,2093,2053
154147,1,1,-1,128,7483,7445
155333,1,1,1,167,3545,3486
154779,2,0,0,-1,-1,-1
0,0,0,0,-1,-1,-1
154783,2,0,0,-1,-1,-1
153045,2,0,0,-1,-1,-1
155248,1,1,0,39,6052,6017
154792,1,1,-1,88,5266,5224
0,0,0,0,-1,-1,-1
154176,2,0,0,-1,-1,-1
0,0,0,0,-1,-1,-1
154448,1,0,1,210,4334,4259
152582,2,0,0,-1,-1,-1
154808,1,0,1,30,4906,4891
154406,1,1,-1,65,3649,3606
154774,2,0,0,-1,-1,-1
154843,1,1,-1,61,2225,2173
154697,1,0,1,0,9278,9278
0,0,0,0,-1,-1,-1
155059,1,0,1,109,2765,2711
152437,2,0,0,-1,-1,-1
0,0,0,0,-1,-1,-1
0,0,0,0,-1,-1,-1
154165,1,1,0,122,1433,1379
0,0,0,0,-1,-1,-1
0,0,0,0,-1,-1,-1
153731,2,0,0,-1,-1,-1
153447,1,0,1,11,2794,2790
154261,2,0,0,-1,-1,-1
0,0,0,0,-1,-1,-1
153195,2,0,0,-1,-1,-1
0,0,0,0,-1,-1,-1
0,0,0,0,-1,-1,-1
0,0,0,0,-1,-1,-1
153912,2,0,0,-1,-1,-1
154281,1,0,1,90,1305,1247
154316,1,1,0,14,4676,4667
153862,2,0,0,-1,-1,-1
0,0,0,0,-1,-1,-1
0,0,0,0,-1,-1,-1
153129,2,0,0,-1,-1,-1
154414,2,0,0,-1,-1,-1
154633,1,1,0,82,2037,1993
155365,1,1,-1,148,8462,8392
0,0,0,0,-1,-1,-1
153198,2,0,0,-1,-1,-1
154948,1,1,0,230,3498,3424
0,0,0,0,-1,-1,-1
154956,2,0,0,-1,-1,-1
0,0,0,0,-1,-1,-1
0,0,0,0,-1,-1,-1
155379,1,1,1,184,7169,7077
152922,2,0,0,-1,-1,-1
155148,1,0,1,39,4634,4616
153140,1,0,1,33,5164,5156
154791,1,1,0,329,1515,1379
0,0,0,0,-1,-1,-1
155228,1,0,1,113,3883,3824
0,0,0,0,-1,-1,-1
153768,2,0,0,-1,-1,-1
152968,2,0,0,-1,-1,-1
0,0,0,0,-1,-1,-1
0,0,0,0,-1,-1,-1
0,0,0,0,-1,-1,-1
154938,1,1,0,74,6181,6164
154326,1,0,1,0,5025,5025
0,0,0,0,-1,-1,-1
153777,2,0,0,-1,-1,-1
155296,1,1,1,225,3275,3175
154986,1,1,0,0,11214,11214
0,0,0,0,-1,-1,-1
154611,1,1,1,177,8603,8525
0,0,0,0,-1,-1,-1
0,0,0,0,-1,-1,-1
0,0,0,0,-1,-1,-1
154274,1,1,0,156,2639,2563
154275,1,1,0,107,3126,3074
0,0,0,0,-1,-1,-1
155151,1,1,0,81,7946,7912
0,0,0,0,-1,-1,-1
154144,1,1,0,90,2940,2913
0,0,0,0,-1,-1,-1
154449,2,0,0,-1,-1,-1
154690,1,1,0,82,1952,1922
155173,1,1,0,2,5965,5963
0,0,0,0,-1,-1,-1
154219,2,0,0,-1,-1,-1
155183,1,0,1,6,3008,2999
154752,1,1,0,88,6026,5988
0,0,0,0,-1,-1,-1
154814,1,0,1,18,17117,17104
0,0,0,0,-1,-1,-1
152721,1,1,0,49,8091,8068
154166,2,0,0,-1,-1,-1
0,0,0,0,-1,-1,-1
0,0,0,0,-1,-1,-1
154441,2,0,0,-1,-1,-1
0,0,0,0,-1,-1,-1
0,0,0,0,-1,-1,-1
152857,1,0,1,69,2913,2867
154735,1,0,1,16,2144,2133
154612,1,1,1,71,3187,3150
154887,2,0,0,-1,-1,-1
154632,1,0,1,149,1984,1922
0,0,0,0,-1,-1,-1
154994,1,1,0,37,5773,5765
0,0,0,0,-1,-1,-1
153449,2,0,0,-1,-1,-1
0,0,0,0,-1,-1,-1
154789,2,0,0,-1,-1,-1
154920,1,1,-1,195,3366,3254
0,0,0,0,-1,-1,-1
153586,2,0,0,-1,-1,-1
154912,1,1,0,76,1838,1807
155371,1,1,0,0,7030,7030
0,0,0,0,-1,-1,-1
0,0,0,0,-1,-1,-1
153553,1,0,1,12,1500,1493
154606,2,0,0,-1,-1,-1
152972,2,0,0,-1,-1,-1
154809,1,1,0,34,1526,1511
0,0,0,0,-1,-1,-1
0,0,0,0,-1,-1,-1
0,0,0,0,-1,-1,-1
153918,2,0,0,-1,-1,-1
0,0,0,0,-1,-1,-1
0,0,0,0,-1,-1,-1
152858,2,0,0,-1,-1,-1
154852,1,0,1,69,2113,2069
0,0,0,0,-1,-1,-1
154538,1,0,1,0,94,94
0,0,0,0,-1,-1,-1
154821,1,0,1,121,1480,1440
154303,2,0,0,-1,-1,-1
155163,1,0,1,122,4110,4060
154392,2,0,0,-1,-1,-1
154493,1,1,0,146,6336,6266
0,0,0,0,-1,-1,-1
153594,1,1,0,94,1872,1820
0,0,0,0,-1,-1,-1
155263,1,1,0,44,5593,5565
154841,1,1,0,75,12641,12611
154638,1,1,0,30,1914,1890
0,0,0,0,-1,-1,-1
0,0,0,0,-1,-1,-1
0,0,0,0,-1,-1,-1
155126,1,0,1,30,9605,9586
153335,2,0,0,-1,-1,-1
0,0,0,0,-1,-1,-1
0,0,0,0,-1,-1,-1
154391,2,0,0,-1,-1,-1
152892,2,0,0,-1,-1,-1
0,0,0,0,-1,-1,-1
155273,1,1,1,187,4071,3999
0,0,0,0,-1,-1,-1
154776,2,0,0,-1,-1,-1
154453,2,0,0,-1,-1,-1
0,0,0,0,-1,-1,-1
0,0,0,0,-1,-1,-1
0,0,0,0,-1,-1,-1
154444,1,1,0,71,3564,3534
153937,1,1,0,5,17292,17291
153353,1,0,1,144,1833,1743
153729,2,0,0,-1,-1,-1
155235,1,0,1,132,6056,5999
155064,1,1,0,52,4985,4950
153959,2,0,0,-1,-1,-1
155024,1,0,1,133,1909,1840
153405,1,0,1,65,5286,5257
155076,1,0,1,260,4144,3992
153588,2,0,0,-1,-1,-1
154169,2,0,0,-1,-1,-1
154903,1,1,0,178,3165,3071
152194,2,0,0,-1,-1,-1
155028,1,1,1,91,2714,2657
0,0,0,0,-1,-1,-1
153498,1,1,0,117,3858,3818
153346,2,0,0,-1,-1,-1
152837,2,0,0,-1,-1,-1
0,0,0,0,-1,-1,-1
155336,1,0,1,0,3825,3825
155192,1,1,0,195,2866,2798
154687,2,0,0,-1,-1,-1
153320,1,0,1,244,3297,3201
0,0,0,0,-1,-1,-1
154350,2,0,0,-1,-1,-1
154461,1,1,0,243,2060,1935
154717,1,1,0,158,2853,2775
155134,1,1,1,125,2533,2469
154344,1,0,1,84,2197,2160
154399,2,0,0,-1,-1,-1
0,0,0,0,-1,-1,-1
154877,2,0,0,-1,-1,-1
155241,1,1,0,5,1870,1869
153842,1,1,0,236,2771,2687
153860,2,0,0,-1,-1,-1
154553,2,0,0,-1,-1,-1
0,0,0,0,-1,-1,-1
0,0,0,0,-1,-1,-1
0,0,0,0,-1,-1,-1
0,0,0,0,-1,-1,-1
154362,1,1,0,49,1533,1500
155049,1,1,1,116,2772,2726
153731,1,0,1,151,4469,4403
154875,2,0,0,-1,-1,-1
153988,1,1,0,132,2687,2615
153848,2,0,0,-1,-1,-1
0,0,0,0,-1,-1,-1
153965,1,1,0,59,3769,3754
155105,1,1,0,86,3803,3766
0,0,0,0,-1,-1,-1
154574,2,0,0,-1,-1,-1
154910,1,1,0,126,2691,2621
0,0,0,0,-1,-1,-1
154266,1,1,-1,212,3535,3453
154116,1,1,0,35,4315,4281
0,0,0,0,-1,-1,-1
154519,2,0,0,-1,-1,-1
155317,1,0,1,55,9076,9048
0,0,0,0,-1,-1,-1
154333,2,0,0,-1,-1,-1
154305,1,1,0,0,51170,51170
0,0,0,0,-1,-1,-1
154634,2,0,0,-1,-1,-1
155055,1,0,1,43,1029,1011
153813,2,0,0,-1,-1,-1
0,0,0,0,-1,-1,-1
154534,1,0,1,160,2840,2741
154860,1,1,-1,148,5331,5252
154781,1,1,1,116,5750,5666
152312,1,0,1,0,1887,1887
155189,1,1,0,0,1287,1287
0,0,0,0,-1,-1,-1
154509,1,0,1,107,2707,2676
153132,2,0,0,-1,-1,-1
154076,1,0,1,134,14334,14278
154991,1,1,0,158,3113,3029
0,0,0,0,-1,-1,-1
154666,1,1,0,166,3044,2941
155363,1,0,1,140,1620,1578
154640,1,0,1,0,5051,5051
154222,2,0,0,-1,-1,-1
155272,1,0,1,62,13696,13670
154296,2,0,0,-1,-1,-1
0,0,0,0,-1,-1,-1
0,0,0,0,-1,-1,-1
0,0,0,0,-1,-1,-1
153230,1,1,0,123,5168,5108
0,0,0,0,-1,-1,-1
152479,1,1,0,75,4492,4459
153054,2,0,0,-1,-1,-1
155330,1,1,0,93,2761,2707
154919,1,1,1,125,10342,10257
0,0,0,0,-1,-1,-1
153475,2,0,0,-1,-1,-1
154426,1,1,0,17,5385,5380
0,0,0,0,-1,-1,-1
155063,1,0,1,82,6417,6390
154450,2,0,0,-1,-1,-1
0,0,0,0,-1,-1,-1
0,0,0,0,-1,-1,-1
0,0,0,0,-1,-1,-1
154668,2,0,0,-1,-1,-1
152611,1,1,0,77,2476,2455
155347,1,1,-1,53,8033,8014
0,0,0,0,-1,-1,-1
154622,1,0,1,60,4605,4575
155092,1,1,0,77,4922,4897
0,0,0,0,-1,-1,-1
0,0,0,0,-1,-1,-1
0,0,0,0,-1,-1,-1
154267,2,0,0,-1,-1,-1
154380,1,0,1,45,6900,6884
154498,1,0,1,176,5791,5725
0,0,0,0,-1,-1,-1
154140,2,0,0,-1,-1,-1
154542,1,1,0,14,12788,12778
154967,1,0,1,131,1059,1005
0,0,0,0,-1,-1,-1
154762,2,0,0,-1,-1,-1
0,0,0,0,-1,-1,-1
0,0,0,0,-1,-1,-1
153754,1,1,0,149,2521,2434
154097,2,0,0,-1,-1,-1
0,0,0,0,-1,-1,-1
0,0,0,0,-1,-1,-1
153969,2,0,0,-1,-1,-1
154872,1,1,1,70,7265,7225
0,0,0,0,-1,-1,-1
0,0,0,0,-1,-1,-1
153975,2,0,0,-1,-1,-1
154506,2,0,0,-1,-1,-1
0,0,0,0,-1,-1,-1
153713,1,1,-1,76,2380,2347
153387,1,0,1,26,5019,5005
0,0,0,0,-1,-1,-1
0,0,0,0,-1,-1,-1
154249,2,0,0,-1,-1,-1
0,0,0,0,-1,-1,-1
154943,1,1,0,24,1200,1197
155233,1,0,1,0,14646,14646
0,0,0,0,-1,-1,-1
154364,1,1,0,0,30586,30586
154151,2,0,0,-1,-1,-1
0,0,0,0,-1,-1,-1
154319,1,1,0,74,10862,10827
154425,2,0,0,-1,-1,-1
153501,2,0,0,-1,-1,-1
152649,1,1,0,102,3342,3277
153899,2,0,0,-1,-1,-1
0,0,0,0,-1,-1,-1
153748,2,0,0,-1,-1,-1
155188,1,1,-1,202,4053,3954
154497,1,0,1,16,16330,16312
151291,2,0,0,-1,-1,-1
153387,2,0,0,-1,-1,-1
0,0,0,0,-1,-1,-1
153500,1,1,0,284,4293,4119
154169,1,1,0,97,7829,7767
153456,2,0,0,-1,-1,-1
153844,2,0,0,-1,-1,-1
154294,1,1,1,379,6166,6021
0,0,0,0,-1,-1,-1
154534,1,0,1,0,2585,2585
153741,2,0,0,-1,-1,-1
153573,2,0,0,-1,-1,-1
154264,2,0,0,-1,-1,-1
0,0,0,0,-1,-1,-1
153900,2,0,0,-1,-1,-1
154603,2,0,0,-1,-1,-1
154381,1,0,1,106,8889,8866
155034,1,1,1,62,7254,7226
154604,2,0,0,-1,-1,-1
154429,1,1,0,98,2576,2512
155327,1,1,0,199,2661,2548
155208,1,1,0,50,4119,4105
154702,2,0,0,-1,-1,-1
0,0,0,0,-1,-1,-1
155152,1,0,1,68,1165,1136
0,0,0,0,-1,-1,-1
154862,2,0,0,-1,-1,-1
154942,1,0,1,35,3834,3811
155217,1,1,0,55,7532,7517
0,0,0,0,-1,-1,-1
0,0,0,0,-1,-1,-1
0,0,0,0,-1,-1,-1
153906,2,0,0,-1,-1,-1
0,0,0,0,-1,-1,-1
154872,2,0,0,-1,-1,-1
153432,2,0,0,-1,-1,-1
0,0,0,0,-1,-1,-1
0,0,0,0,-1,-1,-1
0,0,0,0,-1,-1,-1
154973,1,1,0,0,7296,7296
0,0,0,0,-1,-1,-1
0,0,0,0,-1,-1,-1
154872,2,0,0,-1,-1,-1
0,0,0,0,-1,-1,-1
155146,1,1,1,100,4535,4459
155313,1,0,1,0,5001,5001
0,0,0,0,-1,-1,-1
154149,1,0,1,226,14325,14256
155174,1,1,0,3,10927,10925
154891,2,0,0,-1,-1,-1
0,0,0,0,-1,-1,-1
152819,1,0,1,39,1350,1345
0,0,0,0,-1,-1,-1
0,0,0,0,-1,-1,-1
154754,2,0,0,-1,-1,-1
154616,2,0,0,-1,-1,-1
0,0,0,0,-1,-1,-1
154736,1,0,1,84,3777,3727
0,0,0,0,-1,-1,-1
155282,1,1,1,139,3296,3237
0,0,0,0,-1,-1,-1
0,0,0,0,-1,-1,-1
0,0,0,0,-1,-1,-1
0,0,0,0,-1,-1,-1
154712,2,0,0,-1,-1,-1
154909,2,0,0,-1,-1,-1
154634,2,0,0,-1,-1,-1
152527,2,0,0,-1,-1,-1
154349,1,0,1,88,10441,10393
155093,2,0,0,-1,-1,-1
155263,1,0,1,73,5254,5236
152290,2,0,0,-1,-1,-1
154118,2,0,0,-1,-1,-1
153309,2,0,0,-1,-1,-1
155236,1,0,1,164,6814,6728
0,0,0,0,-1,-1,-1
153725,2,0,0,-1,-1,-1
0,0,0,0,-1,-1,-1
155369,1,1,0,21,2104,2095
154019,1,1,0,170,7763,7681
0,0,0,0,-1,-1,-1
154126,2,0,0,-1,-1,-1
152414,2,0,0,-1,-1,-1
152743,2,0,0,-1,-1,-1
0,0,0,0,-1,-1,-1
0,0,0,0,-1,-1,-1
155255,1,1,0,25,6556,6543
0,0,0,0,-1,-1,-1
154645,1,0,1,104,5720,5659
154912,2,0,0,-1,-1,-1
154752,1,0,1,156,1821,1741
153861,2,0,0,-1,-1,-1
154568,2,0,0,-1,-1,-1
153090,1,0,1,157,2391,2315
0,0,0,0,-1,-1,-1
0,0,0,0,-1,-1,-1
153610,2,0,0,-1,-1,-1
0,0,0,0,-1,-1,-1
0,0,0,0,-1,-1,-1
154707,1,1,0,138,3035,2965
153763,2,0,0,-1,-1,-1
155050,1,1,0,34,2350,2327
0,0,0,0,-1,-1,-1
154507,2,0,0,-1,-1,-1
155294,1,1,0,154,4338,4257
153312,2,0,0,-1,-1,-1
0,0,0,0,-1,-1,-1
0,0,0,0,-1,-1,-1
155243,1,1,0,11,2444,2432
154300,1,1,0,0,1863,1863
0,0,0,0,-1,-1,-1
155380,1,0,1,20,7940,7924
154277,2,0,0,-1,-1,-1
154972,1,1,0,0,8169,8169
155015,1,1,0,47,5654,5633
153905,1,1,0,137,3805,3752
155035,1,1,0,81,2368,2342
0,0,0,0,-1,-1,-1
155322,1,1,-1,97,3302,3253
0,0,0,0,-1,-1,-1
0,0,0,0,-1,-1,-1
0,0,0,0,-1,-1,-1
0,0,0,0,-1,-1,-1
154508,1,1,0,100,2093,2043
155262,1,1,0,23,11235,11211
155023,1,1,0,18,9601,9600
153631,1,1,0,35,14997,14978
0,0,0,0,-1,-1,-1
0,0,0,0,-1,-1,-1
0,0,0,0,-1,-1,-1
153593,2,0,0,-1,-1,-1
153475,2,0,0,-1,-1,-1
154267,1,1,0,56,3854,3835
0,0,0,0,-1,-1,-1
152837,2,0,0,-1,-1,-1
154540,2,0,0,-1,-1,-1
153742,2,0,0,-1,-1,-1
155361,1,0,1,26,1014,1001
0,0,0,0,-1,-1,-1
153993,2,0,0,-1,-1,-1
155276,1,1,0,0,19975,19975
152800,2,0,0,-1,-1,-1
154932,1,1,0,70,1144,1098
154011,1,1,-1,234,4353,4241
0,0,0,0,-1,-1,-1
153676,2,0,0,-1,-1,-1
0,0,0,0,-1,-1,-1
0,0,0,0,-1,-1,-1
154671,2,0,0,-1,-1,-1
0,0,0,0,-1,-1,-1
154893,1,0,1,22,2742,2727
154276,2,0,0,-1,-1,-1
0,0,0,0,-1,-1,-1
154128,1,1,0,15,1216,1200
0,0,0,0,-1,-1,-1
153510,2,0,0,-1,-1,-1
153194,1,0,1,55,4246,4213
154295,2,0,0,-1,-1,-1
153114,2,0,0,-1,-1,-1
153589,2,0,0,-1,-1,-1
0,0,0,0,-1,-1,-1
0,0,0,0,-1,-1,-1
0,0,0,0,-1,-1,-1
0,0,0,0,-1,-1,-1
154458,2,0,0,-1,-1,-1
154589,2,0,0,-1,-1,-1
154843,2,0,0,-1,-1,-1
154494,1,0,1,15,3299,3294
154934,1,1,0,139,2596,2564
153604,1,1,0,110,2555,2500
154679,2,0,0,-1,-1,-1
154872,2,0,0,-1,-1,-1
0,0,0,0,-1,-1,-1
155212,1,0,1,48,10408,10397
0,0,0,0,-1,-1,-1
155286,1,1,0,110,5500,5443
0,0,0,0,-1,-1,-1
0,0,0,0,-1,-1,-1
153614,2,0,0,-1,-1,-1
155291,1,1,0,22,2080,2072
0,0,0,0,-1,-1,-1
0,0,0,0,-1,-1,-1
152882,1,1,0,160,3317,3228
0,0,0,0,-1,-1,-1
0,0,0,0,-1,-1,-1
154485,1,1,1,131,3155,3096
154699,1,1,1,163,6264,6175
153351,2,0,0,-1,-1,-1
153615,2,0,0,-1,-1,-1
0,0,0,0,-1,-1,-1
154399,1,0,1,38,1871,1853
153629,2,0,0,-1,-1,-1
151865,1,0,1,93,4926,4880
154453,1,0,1,118,1335,1287
154236,2,0,0,-1,-1,-1
153267,2,0,0,-1,-1,-1
154026,1,1,0,163,2329,2257
154063,1,1,0,89,9625,9604
152772,2,0,0,-1,-1,-1
0,0,0,0,-1,-1,-1
0,0,0,0,-1,-1,-1
154776,2,0,0,-1,-1,-1
0,0,0,0,-1,-1,-1
155097,1,0,1,101,8390,8352
154566,2,0,0,-1,-1,-1
0,0,0,0,-1,-1,-1
0,0,0,0,-1,-1,-1
152951,2,0,0,-1,-1,-1
154563,1,0,1,157,3571,3519
154828,1,0,1,151,5477,5407
0,0,0,0,-1,-1,-1
155140,1,0,1,31,2699,2681
155182,1,1,0,0,13201,13201
154379,1,0,1,211,3210,3097
155152,1,0,1,113,5221,5148
153917,2,0,0,-1,-1,-1
0,0,0,0,-1,-1,-1
0,0,0,0,-1,-1,-1
155116,1,1,0,244,6458,6323
154345,2,0,0,-1,-1,-1
0,0,0,0,-1,-1,-1
153490,2,0,0,-1,-1,-1
154416,1,1,0,0,180,180
154272,1,1,0,0,468,468
154908,1,1,0,227,2174,2076
154647,1,1,0,111,1137,1119
154974,2,0,0,-1,-1,-1
155100,1,1,0,142,5614,5556
0,0,0,0,-1,-1,-1
0,0,0,0,-1,-1,-1
154184,1,1,-1,364,4292,4124
155343,1,1,0,266,1313,1185
0,0,0,0,-1,-1,-1
0,0,0,0,-1,-1,-1
155120,2,0,0,-1,-1,-1
0,0,0,0,-1,-1,-1
0,0,0,0,-1,-1,-1
155154,2,0,0,-1,-1,-1
0,0,0,0,-1,-1,-1
154391,2,0,0,-1,-1,-1
154966,1,1,0,93,8479,8448
155001,2,0,0,-1,-1,-1
154993,2,0,0,-1,-1,-1
154349,2,0,0,-1,-1,-1
154610,1,1,0,361,3360,3214
154144,1,1,0,31,13713,13704
152436,2,0,0,-1,-1,-1
0,0,0,0,-1,-1,-1
154850,1,0,1,15,2427,2426
154685,1,0,1,65,6026,5997
155137,1,0,1,122,5738,5678
154411,2,0,0,-1,-1,-1
154155,2,0,0,-1,-1,-1
155015,2,0,0,-1,-1,-1
154811,1,0,1,0,7643,7643
0,0,0,0,-1,-1,-1
153663,1,1,0,129,3679,3606
152643,1,1,0,175,2164,2100
153902,1,0,1,167,2738,2656
154054,2,0,0,-1,-1,-1
153590,2,0,0,-1,-1,-1
154152,2,0,0,-1,-1,-1
153445,2,0,0,-1,-1,-1
0,0,0,0,-1,-1,-1
0,0,0,0,-1,-1,-1
154295,2,0,0,-1,-1,-1
0,0,0,0,-1,-1,-1
0,0,0,0,-1,-1,-1
155170,1,1,0,0,7684,7684
155002,1,0,1,80,2739,2687
153202,1,1,0,71,2195,2160
155146,1,0,1,155,3432,3386
154029,2,0,0,-1,-1,-1
154175,1,0,1,95,1620,1587
155042,1,1,0,37,3126,3114
155235,1,0,1,190,4034,3926
0,0,0,0,-1,-1,-1
153462,2,0,0,-1,-1,-1
154491,1,1,0,111,2897,2832
0,0,0,0,-1,-1,-1
153782,1,1,0,165,10102,10048
154097,2,0,0,-1,-1,-1
155087,1,0,1,0,6135,6135
0,0,0,0,-1,-1,-1
0,0,0,0,-1,-1,-1
154846,2,0,0,-1,-1,-1
154212,1,0,1,156,2601,2532
154757,2,0,0,-1,-1,-1
153593,2,0,0,-1,-1,-1
152803,2,0,0,-1,-1,-1
154857,2,0,0,-1,-1,-1
0,0,0,0,-1,-1,-1
154769,1,1,0,95,2662,2597
154990,2,0,0,-1,-1,-1
153286,2,0,0,-1,-1,-1
0,0,0,0,-1,-1,-1
152694,2,0,0,-1,-1,-1
0,0,0,0,-1,-1,-1
152590,1,0,1,103,3692,3643
154302,2,0,0,-1,-1,-1
154452,1,0,1,78,4352,4321
155036,1,1,1,172,3952,3858
0,0,0,0,-1,-1,-1
0,0,0,0,-1,-1,-1
0,0,0,0,-1,-1,-1
0,0,0,0,-1,-1,-1
154288,2,0,0,-1,-1,-1
152806,1,1,0,81,2892,2859
155373,1,1,-1,146,10876,10812
153651,1,0,1,99,2967,2927
0,0,0,0,-1,-1,-1
0,0,0,0,-1,-1,-1
154856,1,1,-1,123,4325,4266
155333,1,1,1,315,2620,2499
153338,2,0,0,-1,-1,-1
154065,1,0,1,97,4696,4668
154381,1,1,0,145,3672,3621
154291,1,0,1,0,14566,14566
153580,2,0,0,-1,-1,-1
0,0,0,0,-1,-1,-1
153666,1,0,1,118,1678,1635
0,0,0,0,-1,-1,-1
154925,1,1,0,0,396,396
0,0,0,0,-1,-1,-1
0,0,0,0,-1,-1,-1
0,0,0,0,-1,-1,-1
153397,2,0,0,-1,-1,-1
153256,2,0,0,-1,-1,-1
0,0,0,0,-1,-1,-1
154152,2,0,0,-1,-1,-1
154780,1,0,1,274,3929,3792
155083,1,0,1,110,7721,7670
154680,1,1,0,6,16249,16241
154443,2,0,0,-1,-1,-1
153133,2,0,0,-1,-1,-1
153446,2,0,0,-1,-1,-1
154735,1,0,1,176,7160,7086
0,0,0,0,-1,-1,-1
153850,2,0,0,-1,-1,-1
155345,1,0,1,116,4222,4134
153839,1,1,0,189,3608,3501
154791,2,0,0,-1,-1,-1
0,0,0,0,-1,-1,-1
154168,2,0,0,-1,-1,-1
0,0,0,0,-1,-1,-1
153639,2,0,0,-1,-1,-1
154755,1,0,1,32,7341,7328
0,0,0,0,-1,-1,-1
0,0,0,0,-1,-1,-1
154790,1,1,0,8,9954,9953
0,0,0,0,-1,-1,-1
0,0,0,0,-1,-1,-1
153714,1,0,1,107,2039,1995
154725,1,0,1,91,4188,4148
154721,2,0,0,-1,-1,-1
155131,1,0,1,153,1990,1916
0,0,0,0,-1,-1,-1
155287,1,1,0,151,5190,5121
0,0,0,0,-1,-1,-1
154229,1,0,1,154,1800,1743
154559,1,1,0,44,3723,3689
153319,1,1,0,23,2134,2118
155025,1,0,1,111,1529,1479
153136,2,0,0,-1,-1,-1
155023,2,0,0,-1,-1,-1
154042,2,0,0,-1,-1,-1
154873,1,1,0,252,8770,8663
154389,2,0,0,-1,-1,-1
154656,2,0,0,-1,-1,-1
154952,1,0,1,125,4262,4210
155072,1,1,0,201,6470,6378
155321,1,0,1,42,5679,5658
0,0,0,0,-1,-1,-1
154697,2,0,0,-1,-1,-1
154965,1,1,0,0,4144,4144
0,0,0,0,-1,-1,-1
0,0,0,0,-1,-1,-1
154214,2,0,0,-1,-1,-1
154613,1,0,1,117,5062,5019
155189,1,0,1,126,21018,20967
154803,1,1,0,17,14465,14458
154695,1,1,0,270,3574,3483
152339,2,0,0,-1,-1,-1
0,0,0,0,-1,-1,-1
155141,1,0,1,98,5410,5376
153188,2,0,0,-1,-1,-1
0,0,0,0,-1,-1,-1
152701,1,1,0,126,2483,2406
155117,1,1,-1,130,3161,3092
0,0,0,0,-1,-1,-1
152036,2,0,0,-1,-1,-1
155335,1,1,0,174,3174,3076
155166,1,0,1,139,8801,8735
154729,1,0,1,0,13364,13364
153379,2,0,0,-1,-1,-1
155233,1,1,0,83,3807,3772
154411,1,1,1,122,9998,9945
0,0,0,0,-1,-1,-1
153951,2,0,0,-1,-1,-1
154332,1,1,0,120,1748,1684
154105,1,1,0,154,2091,2027
154759,1,0,1,55,5329,5314
155222,1,1,0,0,45380,45380
0,0,0,0,-1,-1,-1
0,0,0,0,-1,-1,-1
154700,1,1,-1,210,17921,17813
0,0,0,0,-1,-1,-1
153173,2,0,0,-1,-1,-1
0,0,0,0,-1,-1,-1
154516,1,1,0,208,5183,5089
154212,1,1,0,171,1768,1718
153915,1,1,0,0,9744,9744
153708,1,0,1,125,2947,2902
154669,2,0,0,-1,-1,-1
154347,1,0,1,64,12892,12866
154766,2,0,0,-1,-1,-1
155308,1,1,0,62,5527,5485
0,0,0,0,-1,-1,-1
153873,2,0,0,-1,-1,-1
153592,1,0,1,115,2406,2363
155055,1,1,0,142,3598,3533
152871,1,1,0,73,1605,1581
0,0,0,0,-1,-1,-1
155000,2,0,0,-1,-1,-1
153600,2,0,0,-1,-1,-1
155119,2,0,0,-1,-1,-1
153531,1,1,0,75,2185,2145
0,0,0,0,-1,-1,-1
0,0,0,0,-1,-1,-1
0,0,0,0,-1,-1,-1
154373,2,0,0,-1,-1,-1
154485,2,0,0,-1,-1,-1
154268,2,0,0,-1,-1,-1
0,0,0,0,-1,-1,-1
0,0,0,0,-1,-1,-1
0,0,0,0,-1,-1,-1
153131,2,0,0,-1,-1,-1
154266,1,0,1,130,4860,4791
154661,1,1,-1,206,4232,4136
155137,1,1,0,95,3669,3631
0,0,0,0,-1,-1,-1
0,0,0,0,-1,-1,-1
151501,1,0,1,0,2040,2040
154942,1,1,0,73,5815,5779
153547,1,1,0,205,3403,3313
154042,2,0,0,-1,-1,-1
154257,2,0,0,-1,-1,-1
155248,1,1,-1,234,7973,7893
0,0,0,0,-1,-1,-1
153736,1,0,1,106,5902,5842
153316,2,0,0,-1,-1,-1
0,0,0,0,-1,-1,-1
0,0,0,0,-1,-1,-1
0,0,0,0,-1,-1,-1
0,0,0,0,-1,-1,-1
154480,2,0,0,-1,-1,-1
154665,2,0,0,-1,-1,-1
153506,2,0,0,-1,-1,-1
155040,1,0,1,49,14585,14556
0,0,0,0,-1,-1,-1
153956,2,0,0,-1,-1,-1
0,0,0,0,-1,-1,-1
154371,1,0,1,33,2359,2347
0,0,0,0,-1,-1,-1
0,0,0,0,-1,-1,-1
0,0,0,0,-1,-1,-1
0,0,0,0,-1,-1,-1
153919,2,0,0,-1,-1,-1
154516,2,0,0,-1,-1,-1
153726,2,0,0,-1,-1,-1
155007,1,0,1,253,6354,6225
153480,2,0,0,-1,-1,-1
0,0,0,0,-1,-1,-1
154830,1,1,-1,23,21398,21379
0,0,0,0,-1,-1,-1
0,0,0,0,-1,-1,-1
155276,1,0,1,6,17050,17047
0,0,0,0,-1,-1,-1
154989,1,1,0,0,5881,5881
0,0,0,0,-1,-1,-1
155099,1,1,0,135,1723,1660
0,0,0,0,-1,-1,-1
0,0,0,0,-1,-1,-1
154611,1,0,1,135,7966,7913
155097,2,0,0,-1,-1,-1
155167,1,0,1,17,10308,10301
154956,2,0,0,-1,-1,-1
154449,2,0,0,-1,-1,-1
154853,2,0,0,-1,-1,-1
155070,1,1,0,112,5503,5450
154228,2,0,0,-1,-1,-1
154509,1,0,1,0,2160,2160
154730,2,0,0,-1,-1,-1
153510,2,0,0,-1,-1,-1
0,0,0,0,-1,-1,-1
0,0,0,0,-1,-1,-1
0,0,0,0,-1,-1,-1
0,0,0,0,-1,-1,-1
153094,1,1,0,98,3132,3076
0,0,0,0,-1,-1,-1
154404,2,0,0,-1,-1,-1
0,0,0,0,-1,-1,-1
154283,1,0,1,82,7691,7674
154472,1,1,0,186,4775,4688
0,0,0,0,-1,-1,-1
153789,1,0,1,108,3146,3094
154004,2,0,0,-1,-1,-1
153600,1,0,1,31,9048,9043
155329,1,1,0,119,2539,2480
154373,1,1,0,0,24037,24037
154424,1,0,1,128,2396,2319
154212,1,0,1,169,2161,2066
153854,2,0,0,-1,-1,-1
154872,2,0,0,-1,-1,-1
0,0,0,0,-1,-1,-1
154710,2,0,0,-1,-1,-1
0,0,0,0,-1,-1,-1
155302,1,0,1,39,1824,1799
154869,1,1,1,102,4349,4315
153108,1,0,1,0,20016,20016
155050,1,1,0,0,26801,26801
153518,2,0,0,-1,-1,-1
152732,2,0,0,-1,-1,-1
152383,1,0,1,69,1679,1650
0,0,0,0,-1,-1,-1
0,0,0,0,-1,-1,-1
154420,1,0,1,104,5466,5425
154327,1,1,0,111,5249,5205
155125,1,0,1,96,6510,6457
0,0,0,0,-1,-1,-1
153858,2,0,0,-1,-1,-1
0,0,0,0,-1,-1,-1
0,0,0,0,-1,-1,-1
154114,1,0,1,218,5961,5823
154573,1,0,1,59,6009,5990
153899,2,0,0,-1,-1,-1
153879,2,0,0,-1,-1,-1
155105,2,0,0,-1,-1,-1
153150,1,0,1,91,4793,4744
154877,1,0,1,0,12870,12870
0,0,0,0,-1,-1,-1
153966,1,0,1,237,3713,3583
155369,1,1,-1,101,13591,13551
155276,1,1,0,174,10319,10261
154835,2,0,0,-1,-1,-1
153407,1,0,1,82,13332,13312
153884,2,0,0,-1,-1,-1
154624,2,0,0,-1,-1,-1
153292,1,1,0,43,11533,11505
154662,2,0,0,-1,-1,-1
155289,1,1,0,155,2411,2328
154634,1,0,1,47,2980,2967
154857,1,1,0,46,5501,5482
0,0,0,0,-1,-1,-1
155344,1,0,1,154,7374,7288
154285,2,0,0,-1,-1,-1
155241,1,0,1,5,6100,6097
0,0,0,0,-1,-1,-1
155205,2,0,0,-1,-1,-1
0,0,0,0,-1,-1,-1
154638,1,1,0,80,1081,1047
0,0,0,0,-1,-1,-1
154064,1,1,0,182,7189,7074
0,0,0,0,-1,-1,-1
155144,2,0,0,-1,-1,-1
154527,2,0,0,-1,-1,-1
154487,1,1,0,150,2936,2875
155054,1,1,0,0,13677,13677
155006,1,1,0,300,3261,3114
155264,1,0,1,135,8545,8471
153511,1,1,0,147,4407,4316
154626,2,0,0,-1,-1,-1
153836,2,0,0,-1,-1,-1
154911,1,1,0,182,6655,6579
154646,2,0,0,-1,-1,-1
153709,2,0,0,-1,-1,-1
154899,2,0,0,-1,-1,-1
0,0,0,0,-1,-1,-1
154693,1,0,1,170,1779,1716
153675,2,0,0,-1,-1,-1
154416,1,1,0,117,7794,7742
155185,1,1,-1,165,4835,4759
153646,1,0,1,64,3109,3081
0,0,0,0,-1,-1,-1
154190,1,1,0,83,3999,3954
0,0,0,0,-1,-1,-1
154725,1,1,-1,155,9175,9106
154213,1,1,0,5,9545,9543
0,0,0,0,-1,-1,-1
154702,1,1,0,192,3305,3195
152893,2,0,0,-1,-1,-1
154427,1,1,0,36,3251,3214
154711,1,0,1,75,1899,1871
155307,2,0,0,-1,-1,-1
155208,1,0,1,174,3825,3732
0,0,0,0,-1,-1,-1
0,0,0,0,-1,-1,-1
0,0,0,0,-1,-1,-1
154826,1,1,-1,92,2772,2724
154134,2,0,0,-1,-1,-1
153907,2,0,0,-1,-1,-1
154518,2,0,0,-1,-1,-1
154214,1,0,1,62,1719,1682
154481,2,0,0,-1,-1,-1
155269,1,0,1,77,7371,7331
155376,1,1,0,38,10123,10100
154695,2,0,0,-1,-1,-1
153436,1,0,1,198,2003,1923
154881,1,0,1,175,3471,3383
155004,1,0,1,166,1974,1919
154389,2,0,0,-1,-1,-1
154017,2,0,0,-1,-1,-1
154331,2,0,0,-1,-1,-1
0,0,0,0,-1,-1,-1
0,0,0,0,-1,-1,-1
154073,1,1,0,119,1752,1692
155015,2,0,0,-1,-1,-1
153175,2,0,0,-1,-1,-1
0,0,0,0,-1,-1,-1
154590,2,0,0,-1,-1,-1
0,0,0,0,-1,-1,-1
154409,2,0,0,-1,-1,-1
154729,2,0,0,-1,-1,-1
154262,2,0,0,-1,-1,-1
153996,1,1,0,140,4749,4664
0,0,0,0,-1,-1,-1
154106,2,0,0,-1,-1,-1
153952,2,0,0,-1,-1,-1
0,0,0,0,-1,-1,-1
154582,1,0,1,0,18988,18988
154539,1,0,1,100,1232,1182
0,0,0,0,-1,-1,-1
154771,1,0,1,91,5445,5391
0,0,0,0,-1,-1,-1
153524,2,0,0,-1,-1,-1
154724,2,0,0,-1,-1,-1
154351,2,0,0,-1,-1,-1
154915,1,0,1,73,2243,2227
0,0,0,0,-1,-1,-1
0,0,0,0,-1,-1,-1
155109,1,1,0,37,27057,27041
153583,1,0,1,6,10303,10291
154987,1,1,0,116,5380,5336
154133,2,0,0,-1,-1,-1
154371,2,0,0,-1,-1,-1
153633,2,0,0,-1,-1,-1
0,0,0,0,-1,-1,-1
153352,1,1,0,70,5550,5520
0,0,0,0,-1,-1,-1
154361,2,0,0,-1,-1,-1
154359,2,0,0,-1,-1,-1
154417,1,1,0,102,4182,4154
0,0,0,0,-1,-1,-1
155192,1,1,0,213,4745,4647
154995,1,1,-1,240,6754,6654
0,0,0,0,-1,-1,-1
154226,1,1,0,0,1450,1450
0,0,0,0,-1,-1,-1
153885,1,0,1,112,4793,4756
154261,1,1,-1,73,8187,8162
0,0,0,0,-1,-1,-1
0,0,0,0,-1,-1,-1
152695,2,0,0,-1,-1,-1
0,0,0,0,-1,-1,-1
153131,2,0,0,-1,-1,-1
0,0,0,0,-1,-1,-1
154542,2,0,0,-1,-1,-1
153255,2,0,0,-1,-1,-1
155022,1,0,1,152,3110,3018
155042,2,0,0,-1,-1,-1
155011,1,1,0,74,2854,2812
155372,1,1,1,6,15612,15610
154636,2,0,0,-1,-1,-1
154882,2,0,0,-1,-1,-1
154851,1,0,1,72,2661,2626
154355,2,0,0,-1,-1,-1
0,0,0,0,-1,-1,-1
154300,1,1,0,0,14290,14290
0,0,0,0,-1,-1,-1
0,0,0,0,-1,-1,-1
154602,2,0,0,-1,-1,-1
155343,1,1,0,37,2216,2193
154899,2,0,0,-1,-1,-1
0,0,0,0,-1,-1,-1
153678,1,0,1,159,1883,1808
0,0,0,0,-1,-1,-1
0,0,0,0,-1,-1,-1
154568,2,0,0,-1,-1,-1
0,0,0,0,-1,-1,-1
154241,1,1,0,87,3598,3570
154240,1,1,0,270,3489,3347
152804,1,0,1,166,5043,4962
0,0,0,0,-1,-1,-1
0,0,0,0,-1,-1,-1
0,0,0,0,-1,-1,-1
155321,1,0,1,52,7457,7429
155318,1,1,-1,132,5046,4979
154763,1,0,1,137,4166,4109
153909,1,1,0,61,8258,8223
154818,1,0,1,129,21216,21169
153812,1,0,1,65,5570,5542
0,0,0,0,-1,-1,-1
153920,2,0,0,-1,-1,-1
152894,2,0,0,-1,-1,-1
154603,1,1,0,125,3522,3460
0,0,0,0,-1,-1,-1
153784,2,0,0,-1,-1,-1
154755,1,0,1,74,3371,3322
0,0,0,0,-1,-1,-1
0,0,0,0,-1,-1,-1
154259,2,0,0,-1,-1,-1
153347,2,0,0,-1,-1,-1
0,0,0,0,-1,-1,-1
0,0,0,0,-1,-1,-1
154175,2,0,0,-1,-1,-1
153634,2,0,0,-1,-1,-1
154640,1,1,0,96,7437,7386
154699,2,0,0,-1,-1,-1
152958,2,0,0,-1,-1,-1
153896,2,0,0,-1,-1,-1
0,0,0,0,-1,-1,-1
154470,1,0,1,69,19069,19038
154789,2,0,0,-1,-1,-1
154492,1,0,1,137,5021,4945
154682,1,1,0,226,3399,3294
154499,2,0,0,-1,-1,-1
154284,1,1,0,74,1370,1326
154932,1,0,1,277,6024,5928
154551,1,0,1,31,4146,4139
0,0,0,0,-1,-1,-1
154205,2,0,0,-1,-1,-1
154639,1,0,1,57,2545,2520
0,0,0,0,-1,-1,-1
154186,2,0,0,-1,-1,-1
0,0,0,0,-1,-1,-1
154442,2,0,0,-1,-1,-1
153949,1,0,1,0,7414,7414
153362,1,1,0,75,1513,1464
155235,1,1,0,81,5654,5624
154095,1,1,0,2,30910,30909
152113,2,0,0,-1,-1,-1
153041,2,0,0,-1,-1,-1
0,0,0,0,-1,-1,-1
154958,1,1,0,10,4273,4269
154983,2,0,0,-1,-1,-1
153919,2,0,0,-1,-1,-1
153685,2,0,0,-1,-1,-1
153797,2,0,0,-1,-1,-1
154857,1,0,1,50,2551,2516
154849,1,0,1,132,4044,3952
155345,1,1,0,12,4031,4020
154089,2,0,0,-1,-1,-1
154274,1,1,-1,82,2519,2474
0,0,0,0,-1,-1,-1
154447,1,1,0,137,6196,6139
153098,1,0,1,255,3090,2999
0,0,0,0,-1,-1,-1
0,0,0,0,-1,-1,-1
0,0,0,0,-1,-1,-1
155114,2,0,0,-1,-1,-1
154743,1,1,0,157,1344,1273
154898,2,0,0,-1,-1,-1
154436,2,0,0,-1,-1,-1
153708,2,0,0,-1,-1,-1
0,0,0,0,-1,-1,-1
154880,2,0,0,-1,-1,-1
0,0,0,0,-1,-1,-1
154385,1,0,1,14,2591,2584
154694,2,0,0,-1,-1,-1
154282,2,0,0,-1,-1,-1
154349,1,1,0,224,5638,5568
153910,1,0,1,68,4540,4507
0,0,0,0,-1,-1,-1
154475,2,0,0,-1,-1,-1
155141,1,0,1,172,3839,3754
0,0,0,0,-1,-1,-1
154529,2,0,0,-1,-1,-1
154306,2,0,0,-1,-1,-1
153121,2,0,0,-1,-1,-1
155385,1,1,0,14,8486,8481
154136,2,0,0,-1,-1,-1
0,0,0,0,-1,-1,-1
0,0,0,0,-1,-1,-1
154951,1,1,0,65,4709,4659
153487,2,0,0,-1,-1,-1
154883,1,1,0,0,16426,16426
154973,1,1,-1,212,4928,4839
154152,2,0,0,-1,-1,-1
153141,2,0,0,-1,-1,-1
153953,1,0,1,68,3472,3445
155191,1,1,1,222,11544,11441
154410,2,0,0,-1,-1,-1
0,0,0,0,-1,-1,-1
153700,2,0,0,-1,-1,-1
153845,2,0,0,-1,-1,-1
0,0,0,0,-1,-1,-1
0,0,0,0,-1,-1,-1
154997,2,0,0,-1,-1,-1
154018,2,0,0,-1,-1,-1
153567,1,0,1,8,12741,12740
0,0,0,0,-1,-1,-1
154215,1,0,1,84,3710,3686
154492,1,1,0,0,4064,4064
0,0,0,0,-1,-1,-1
0,0,0,0,-1,-1,-1
0,0,0,0,-1,-1,-1
154914,1,0,1,124,2726,2672
154926,1,0,1,248,3056,2906
154846,1,1,2,492,4075,3834
155023,1,0,1,27,15685,15667
152919,2,0,0,-1,-1,-1
154698,2,0,0,-1,-1,-1
154487,2,0,0,-1,-1,-1
0,0,0,0,-1,-1,-1
0,0,0,0,-1,-1,-1
153915,1,0,1,140,2467,2414
154460,2,0,0,-1,-1,-1
0,0,0,0,-1,-1,-1
153608,1,0,1,229,3992,3906
154475,2,0,0,-1,-1,-1
154453,1,1,0,183,6983,6906
154460,2,0,0,-1,-1,-1
154031,1,0,1,26,7004,6990
155333,1,1,1,100,6642,6592
154684,1,0,1,0,8448,8448
0,0,0,0,-1,-1,-1
154445,1,0,1,57,8522,8489
155198,1,1,0,199,2327,2229
0,0,0,0,-1,-1,-1
0,0,0,0,-1,-1,-1
154582,1,0,1,109,12360,12298
155119,1,1,-1,82,5936,5898
155197,1,1,0,0,12737,12737
154174,1,0,1,0,6270,6270
153285,2,0,0,-1,-1,-1
0,0,0,0,-1,-1,-1
154785,1,0,1,162,3287,3224
155019,1,0,1,31,10166,10150
0,0,0,0,-1,-1,-1
154055,2,0,0,-1,-1,-1
0,0,0,0,-1,-1,-1
153396,2,0,0,-1,-1,-1
154031,1,1,0,30,3633,3621
154421,2,0,0,-1,-1,-1
153859,1,1,0,169,2091,2017
154864,2,0,0,-1,-1,-1
154613,1,1,0,10,17492,17484
154344,2,0,0,-1,-1,-1
0,0,0,0,-1,-1,-1
0,0,0,0,-1,-1,-1
155272,1,1,0,140,3849,3802
154628,1,1,0,26,13996,13984
0,0,0,0,-1,-1,-1
154881,1,0,1,83,5039,4985
155100,1,0,1,13,484,477
0,0,0,0,-1,-1,-1
152162,1,0,1,97,2774,2732
154280,1,0,1,111,4284,4237
0,0,0,0,-1,-1,-1
154263,2,0,0,-1,-1,-1
154631,2,0,0,-1,-1,-1
154928,2,0,0,-1,-1,-1
154587,2,0,0,-1,-1,-1
153891,1,1,0,134,6568,6497
0,0,0,0,-1,-1,-1
153244,2,0,0,-1,-1,-1
155334,1,1,0,36,1658,1628
153552,2,0,0,-1,-1,-1
0,0,0,0,-1,-1,-1
0,0,0,0,-1,-1,-1
0,0,0,0,-1,-1,-1
0,0,0,0,-1,-1,-1
0,0,0,0,-1,-1,-1
155096,1,0,1,109,6564,6529
154532,2,0,0,-1,-1,-1
154952,2,0,0,-1,-1,-1
153368,2,0,0,-1,-1,-1
153088,2,0,0,-1,-1,-1
0,0,0,0,-1,-1,-1
155368,1,1,0,141,8284,8224
0,0,0,0,-1,-1,-1
154990,2,0,0,-1,-1,-1
0,0,0,0,-1,-1,-1
152544,2,0,0,-1,-1,-1
155337,1,1,0,69,2050,2011
154734,2,0,0,-1,-1,-1
154786,1,1,0,71,2885,2844
155287,1,1,0,34,12755,12727
0,0,0,0,-1,-1,-1
154940,1,1,0,29,6719,6715
154288,1,1,0,202,2708,2598
154019,2,0,0,-1,-1,-1
153256,1,1,0,206,1765,1661
0,0,0,0,-1,-1,-1
154683,1,0,1,90,3379,3345
0,0,0,0,-1,-1,-1
153973,1,0,1,98,7699,7652
0,0,0,0,-1,-1,-1
155102,1,1,-1,133,4202,4148
153860,2,0,0,-1,-1,-1
154332,2,0,0,-1,-1,-1
0,0,0,0,-1,-1,-1
154127,2,0,0,-1,-1,-1
154588,2,0,0,-1,-1,-1
154064,2,0,0,-1,-1,-1
155161,1,1,0,68,2403,2358
155313,1,1,0,136,3399,3306
0,0,0,0,-1,-1,-1
154950,2,0,0,-1,-1,-1
153885,1,0,1,17,4826,4825
155259,1,0,1,40,13984,13965
153680,1,0,1,105,2404,2355
155255,2,0,0,-1,-1,-1
154777,2,0,0,-1,-1,-1
153374,2,0,0,-1,-1,-1
155208,1,0,1,44,4012,3989
0,0,0,0,-1,-1,-1
153965,2,0,0,-1,-1,-1
154939,2,0,0,-1,-1,-1
0,0,0,0,-1,-1,-1
0,0,0,0,-1,-1,-1
154979,1,0,1,50,2978,2956
151594,2,0,0,-1,-1,-1
0,0,0,0,-1,-1,-1
154972,1,1,0,91,3536,3508
154342,2,0,0,-1,-1,-1
0,0,0,0,-1,-1,-1
154168,1,0,1,187,3793,3723
154650,2,0,0,-1,-1,-1
154999,1,1,0,169,2004,1924
154676,1,0,1,148,5650,5582
153386,2,0,0,-1,-1,-1
153585,1,0,1,72,2088,2075
153499,2,0,0,-1,-1,-1
153363,2,0,0,-1,-1,-1
153048,2,0,0,-1,-1,-1
154488,1,0,1,58,6374,6357
0,0,0,0,-1,-1,-1
154189,2,0,0,-1,-1,-1
154592,2,0,0,-1,-1,-1
154277,1,1,0,114,1886,1820
155364,1,1,0,135,4646,4573
153480,2,0,0,-1,-1,-1
0,0,0,0,-1,-1,-1
153503,2,0,0,-1,-1,-1
154042,2,0,0,-1,-1,-1
0,0,0,0,-1,-1,-1
153587,2,0,0,-1,-1,-1
0,0,0,0,-1,-1,-1
154849,1,0,1,73,1988,1958
154914,2,0,0,-1,-1,-1
0,0,0,0,-1,-1,-1
154798,2,0,0,-1,-1,-1
153423,2,0,0,-1,-1,-1
154893,1,1,0,208,10465,10359
0,0,0,0,-1,-1,-1
154228,2,0,0,-1,-1,-1
154666,1,0,1,138,7723,7671
0,0,0,0,-1,-1,-1
154461,2,0,0,-1,-1,-1
154638,1,1,0,192,4121,4004
0,0,0,0,-1,-1,-1
155002,2,0,0,-1,-1,-1
154531,1,1,-1,252,4736,4620
0,0,0,0,-1,-1,-1
154834,1,0,1,0,399,399
0,0,0,0,-1,-1,-1
153487,2,0,0,-1,-1,-1
155025,1,1,0,217,3908,3783
154714,1,1,0,0,8526,8526
153452,1,0,1,75,4994,4963
154880,1,0,1,110,4155,4118
0,0,0,0,-1,-1,-1
154360,1,0,1,127,3886,3842
153864,2,0,0,-1,-1,-1
153626,2,0,0,-1,-1,-1
155256,1,1,0,117,1171,1098
0,0,0,0,-1,-1,-1
153749,2,0,0,-1,-1,-1
154497,1,1,0,168,2542,2460
153840,2,0,0,-1,-1,-1
154969,2,0,0,-1,-1,-1
155150,1,0,1,163,3259,3188
153371,2,0,0,-1,-1,-1
0,0,0,0,-1,-1,-1
154854,1,1,0,0,8434,8434
154417,2,0,0,-1,-1,-1
153532,2,0,0,-1,-1,-1
154929,2,0,0,-1,-1,-1
0,0,0,0,-1,-1,-1
155126,1,0,1,55,5571,5538
154780,1,1,0,50,2614,2589
0,0,0,0,-1,-1,-1
0,0,0,0,-1,-1,-1
0,0,0,0,-1,-1,-1
154939,1,0,1,100,2181,2125
154465,1,1,0,46,2612,2572
154856,1,1,-1,94,9078,9036
154977,1,0,1,133,3605,3576
154503,2,0,0,-1,-1,-1
153747,1,1,1,220,4039,3945
154703,1,1,0,139,2637,2551
0,0,0,0,-1,-1,-1
0,0,0,0,-1,-1,-1
0,0,0,0,-1,-1,-1
154243,2,0,0,-1,-1,-1
0,0,0,0,-1,-1,-1
154107,1,1,0,145,3165,3121
154531,2,0,0,-1,-1,-1
154748,1,1,0,46,3178,3143
155036,1,0,1,187,2968,2874
153355,2,0,0,-1,-1,-1
153129,2,0,0,-1,-1,-1
153116,1,0,1,100,22422,22377
155366,1,0,1,148,4149,4075
154531,2,0,0,-1,-1,-1
0,0,0,0,-1,-1,-1
155205,1,0,1,27,10932,10928
153969,2,0,0,-1,-1,-1
155382,1,1,0,161,2474,2403
155332,1,0,1,93,2334,2289
153530,2,0,0,-1,-1,-1
154339,2,0,0,-1,-1,-1
0,0,0,0,-1,-1,-1
0,0,0,0,-1,-1,-1
153094,1,0,1,106,3418,3363
0,0,0,0,-1,-1,-1
0,0,0,0,-1,-1,-1
152165,1,0,1,15,1293,1289
154963,2,0,0,-1,-1,-1
153231,1,0,1,118,4547,4485
154792,2,0,0,-1,-1,-1
0,0,0,0,-1,-1,-1
0,0,0,0,-1,-1,-1
154886,1,1,0,0,1755,1755
154747,2,0,0,-1,-1,-1
153971,1,1,0,60,2063,2032
0,0,0,0,-1,-1,-1
153668,1,1,0,204,2949,2849
154946,1,1,1,89,5593,5564
154270,2,0,0,-1,-1,-1
154713,1,1,0,0,2030,2030
154243,1,0,1,86,1188,1153
154338,1,1,-1,129,3865,3818
0,0,0,0,-1,-1,-1
0,0,0,0,-1,-1,-1
153528,1,1,0,165,6234,6118
155146,1,0,1,45,8394,8368
155268,1,0,1,126,6497,6454
0,0,0,0,-1,-1,-1
0,0,0,0,-1,-1,-1
154412,1,1,0,66,9426,9407
0,0,0,0,-1,-1,-1
154202,2,0,0,-1,-1,-1
0,0,0,0,-1,-1,-1
0,0,0,0,-1,-1,-1
0,0,0,0,-1,-1,-1
0,0,0,0,-1,-1,-1
155129,2,0,0,-1,-1,-1
0,0,0,0,-1,-1,-1
154516,2,0,0,-1,-1,-1
154621,1,0,1,226,9775,9677
0,0,0,0,-1,-1,-1
154283,2,0,0,-1,-1,-1
155081,2,0,0,-1,-1,-1
0,0,0,0,-1,-1,-1
0,0,0,0,-1,-1,-1
153611,2,0,0,-1,-1,-1
155196,1,1,0,0,3379,3379
0,0,0,0,-1,-1,-1
153920,2,0,0,-1,-1,-1
155114,1,0,1,74,7434,7393
0,0,0,0,-1,-1,-1
154299,1,0,1,122,3843,3794
0,0,0,0,-1,-1,-1
154015,2,0,0,-1,-1,-1
153430,1,1,0,101,6221,6164
154474,1,0,1,108,7790,7727
155351,1,0,1,34,2105,2088
155107,2,0,0,-1,-1,-1
155120,1,1,0,73,1643,1601
0,0,0,0,-1,-1,-1
0,0,0,0,-1,-1,-1
0,0,0,0,-1,-1,-1
154526,2,0,0,-1,-1,-1
154768,2,0,0,-1,-1,-1
154728,1,1,0,55,1487,1471
153833,1,1,0,124,3023,2975
154520,1,1,0,118,4468,4433
0,0,0,0,-1,-1,-1
154469,2,0,0,-1,-1,-1
154841,1,0,1,95,8021,7988
152863,2,0,0,-1,-1,-1
0,0,0,0,-1,-1,-1
153584,2,0,0,-1,-1,-1
152179,1,1,0,178,7922,7835
0,0,0,0,-1,-1,-1
153448,2,0,0,-1,-1,-1
154238,1,0,1,43,3478,3451
0,0,0,0,-1,-1,-1
0,0,0,0,-1,-1,-1
0,0,0,0,-1,-1,-1
154890,2,0,0,-1,-1,-1
0,0,0,0,-1,-1,-1
155023,1,1,1,103,7268,7227
0,0,0,0,-1,-1,-1
154261,1,0,1,158,2568,2488
154484,2,0,0,-1,-1,-1
154066,2,0,0,-1,-1,-1
155283,1,1,1,130,15046,14990
154076,1,0,1,13,1026,1015
154685,1,0,1,23,14801,14786
154022,2,0,0,-1,-1,-1
155331,1,1,0,131,7364,7308
0,0,0,0,-1,-1,-1
154322,1,1,0,76,5315,5282
154451,2,0,0,-1,-1,-1
155205,2,0,0,-1,-1,-1
153196,2,0,0,-1,-1,-1
0,0,0,0,-1,-1,-1
0,0,0,0,-1,-1,-1
154735,1,1,0,89,2025,1973
152548,2,0,0,-1,-1,-1
155216,1,1,0,69,6597,6557
154433,1,0,1,124,3338,3305
153272,1,0,1,87,5047,5001
154966,2,0,0,-1,-1,-1
153801,1,1,0,39,4622,4605
152674,2,0,0,-1,-1,-1
154025,2,0,0,-1,-1,-1
153433,1,1,0,49,4404,4374
154167,2,0,0,-1,-1,-1
153137,1,0,1,9,10108,10107
0,0,0,0,-1,-1,-1
0,0,0,0,-1,-1,-1
154786,2,0,0,-1,-1,-1
154862,1,0,1,172,2212,2113
154506,2,0,0,-1,-1,-1
0,0,0,0,-1,-1,-1
154756,2,0,0,-1,-1,-1
153960,1,1,-1,62,5063,5034
0,0,0,0,-1,-1,-1
0,0,0,0,-1,-1,-1
154761,2,0,0,-1,-1,-1
0,0,0,0,-1,-1,-1
153319,2,0,0,-1,-1,-1
0,0,0,0,-1,-1,-1
154060,1,1,0,150,2240,2143
154902,1,0,1,185,3728,3679
0,0,0,0,-1,-1,-1
0,0,0,0,-1,-1,-1
154588,1,0,1,141,2105,2053
155167,1,0,1,54,4812,4788
155106,1,0,1,68,2537,2494
154094,1,1,0,80,1954,1933
153336,2,0,0,-1,-1,-1
155070,1,0,1,251,1947,1852
154589,2,0,0,-1,-1,-1
154337,1,1,0,10,3820,3811
154547,1,0,1,111,1694,1650
0,0,0,0,-1,-1,-1
154592,1,1,0,81,4953,4926
0,0,0,0,-1,-1,-1
154810,1,1,0,48,392,375
0,0,0,0,-1,-1,-1
154867,1,0,1,115,3510,3438
155063,1,0,1,0,1134,1134
0,0,0,0,-1,-1,-1
0,0,0,0,-1,-1,-1
153842,2,0,0,-1,-1,-1
0,0,0,0,-1,-1,-1
0,0,0,0,-1,-1,-1
154354,2,0,0,-1,-1,-1
154458,2,0,0,-1,-1,-1
154120,1,1,0,0,2108,2108
0,0,0,0,-1,-1,-1
154655,1,1,0,61,5169,5158
152567,2,0,0,-1,-1,-1
153643,2,0,0,-1,-1,-1
0,0,0,0,-1,-1,-1
155135,1,1,0,115,5645,5589
0,0,0,0,-1,-1,-1
0,0,0,0,-1,-1,-1
153350,1,0,1,112,2634,2591
153149,2,0,0,-1,-1,-1
0,0,0,0,-1,-1,-1
0,0,0,0,-1,-1,-1
155284,1,1,0,134,2677,2624
154660,1,1,0,0,13576,13576
155215,1,0,1,145,3622,3562
154008,1,0,1,99,3656,3596
154448,2,0,0,-1,-1,-1
0,0,0,0,-1,-1,-1
154926,1,0,1,33,3697,3692
154703,2,0,0,-1,-1,-1
154933,2,0,0,-1,-1,-1
0,0,0,0,-1,-1,-1
154268,2,0,0,-1,-1,-1
154673,2,0,0,-1,-1,-1
154475,1,0,1,111,3395,3346
152923,1,0,1,226,1335,1220
155180,1,1,0,166,2516,2444
154901,1,0,1,57,4576,4536
155061,1,1,0,212,3618,3509
0,0,0,0,-1,-1,-1
155344,1,1,1,78,6314,6281
155295,1,0,1,17,2814,2806
0,0,0,0,-1,-1,-1
153344,2,0,0,-1,-1,-1
153338,2,0,0,-1,-1,-1
153658,2,0,0,-1,-1,-1
152950,2,0,0,-1,-1,-1
155340,1,0,1,163,2333,2271
155119,2,0,0,-1,-1,-1
153677,2,0,0,-1,-1,-1
155149,2,0,0,-1,-1,-1
154789,1,0,1,58,1878,1855
153018,2,0,0,-1,-1,-1
0,0,0,0,-1,-1,-1
154389,2,0,0,-1,-1,-1
0,0,0,0,-1,-1,-1
0,0,0,0,-1,-1,-1
155067,2,0,0,-1,-1,-1
0,0,0,0,-1,-1,-1
0,0,0,0,-1,-1,-1
155185,1,0,1,109,3664,3605
0,0,0,0,-1,-1,-1
155335,1,1,-1,123,8934,8867
0,0,0,0,-1,-1,-1
0,0,0,0,-1,-1,-1
154231,2,0,0,-1,-1,-1
0,0,0,0,-1,-1,-1
0,0,0,0,-1,-1,-1
0,0,0,0,-1,-1,-1
154438,1,1,0,30,3161,3148
0,0,0,0,-1,-1,-1
0,0,0,0,-1,-1,-1
153527,2,0,0,-1,-1,-1
154435,2,0,0,-1,-1,-1
0,0,0,0,-1,-1,-1
0,0,0,0,-1,-1,-1
153914,1,0,1,59,4591,4556
0,0,0,0,-1,-1,-1
153710,2,0,0,-1,-1,-1
155053,1,0,1,138,5210,5146
153635,1,1,0,15,1108,1101
155093,1,0,1,110,4596,4544
154927,1,0,1,74,3998,3963
155079,1,0,1,19,1244,1233
0,0,0,0,-1,-1,-1
0,0,0,0,-1,-1,-1
155300,1,1,0,0,952,952
153506,2,0,0,-1,-1,-1
0,0,0,0,-1,-1,-1
0,0,0,0,-1,-1,-1
0,0,0,0,-1,-1,-1
154097,1,0,1,155,2302,2230
0,0,0,0,-1,-1,-1
154671,1,0,1,198,1884,1816
0,0,0,0,-1,-1,-1
155044,1,0,1,226,17648,17542
154084,2,0,0,-1,-1,-1
155163,1,0,1,72,2771,2719
155252,2,0,0,-1,-1,-1
0,0,0,0,-1,-1,-1
154577,2,0,0,-1,-1,-1
0,0,0,0,-1,-1,-1
154321,2,0,0,-1,-1,-1
155280,1,0,1,59,11726,11698
153747,2,0,0,-1,-1,-1
0,0,0,0,-1,-1,-1
154514,1,1,0,14,7820,7817
154957,1,1,-1,89,24884,24824
154633,1,0,1,102,2607,2543
154430,1,1,0,75,6276,6255
155145,2,0,0,-1,-1,-1
155230,1,1,1,203,6905,6809
0,0,0,0,-1,-1,-1
0,0,0,0,-1,-1,-1
154408,1,0,1,61,3623,3601
0,0,0,0,-1,-1,-1
155162,1,1,0,72,1601,1562
154502,2,0,0,-1,-1,-1
154404,2,0,0,-1,-1,-1
0,0,0,0,-1,-1,-1
154875,2,0,0,-1,-1,-1
151394,2,0,0,-1,-1,-1
0,0,0,0,-1,-1,-1
155333,2,0,0,-1,-1,-1
154679,2,0,0,-1,-1,-1
155240,1,0,1,57,7372,7345
0,0,0,0,-1,-1,-1
155198,1,1,0,74,6324,6286
0,0,0,0,-1,-1,-1
155036,1,0,1,159,2774,2731
0,0,0,0,-1,-1,-1
0,0,0,0,-1,-1,-1
0,0,0,0,-1,-1,-1
0,0,0,0,-1,-1,-1
155158,1,1,0,38,4796,4783
0,0,0,0,-1,-1,-1
153940,2,0,0,-1,-1,-1
0,0,0,0,-1,-1,-1
154883,2,0,0,-1,-1,-1
154726,1,1,0,67,2619,2590
155371,1,1,0,79,3275,3232
0,0,0,0,-1,-1,-1
155007,1,1,-1,149,3426,3343
155097,1,1,0,120,4074,4046
154515,2,0,0,-1,-1,-1
154838,2,0,0,-1,-1,-1
0,0,0,0,-1,-1,-1
0,0,0,0,-1,-1,-1
0,0,0,0,-1,-1,-1
154835,2,0,0,-1,-1,-1
155244,1,0,1,0,609,609
154401,1,1,0,60,3487,3453
154046,2,0,0,-1,-1,-1
154272,2,0,0,-1,-1,-1
155114,1,1,0,79,1664,1628
155221,1,1,0,155,3103,3029
0,0,0,0,-1,-1,-1
154750,1,1,0,33,15605,15586
0,0,0,0,-1,-1,-1
0,0,0,0,-1,-1,-1
155096,2,0,0,-1,-1,-1
154399,2,0,0,-1,-1,-1
0,0,0,0,-1,-1,-1
154609,1,0,1,0,12709,12709
153834,1,1,0,13,4706,4690
154533,2,0,0,-1,-1,-1
154031,2,0,0,-1,-1,-1
154699,1,1,0,34,16724,16699
0,0,0,0,-1,-1,-1
155077,2,0,0,-1,-1,-1
154086,1,1,0,0,19283,19283
154360,2,0,0,-1,-1,-1
0,0,0,0,-1,-1,-1
0,0,0,0,-1,-1,-1
0,0,0,0,-1,-1,-1
154399,1,0,1,184,2194,2103
0,0,0,0,-1,-1,-1
0,0,0,0,-1,-1,-1
153844,1,0,1,0,11391,11391
154472,1,1,0,20,156,147
155010,1,1,0,70,2234,2210
154479,1,0,1,65,14393,14358
0,0,0,0,-1,-1,-1
155254,1,1,0,138,1142,1090
0,0,0,0,-1,-1,-1
154933,2,0,0,-1,-1,-1
155310,1,1,0,27,7444,7419
155050,2,0,0,-1,-1,-1
0,0,0,0,-1,-1,-1
154735,2,0,0,-1,-1,-1
154778,1,1,0,35,7248,7227
155328,1,0,1,60,7232,7207
0,0,0,0,-1,-1,-1
155229,1,0,1,10,1686,1681
155310,1,0,1,114,7472,7420
154628,1,1,0,86,2085,2029
155214,1,1,-1,56,14630,14595
0,0,0,0,-1,-1,-1
154232,1,0,1,85,6722,6653
152124,2,0,0,-1,-1,-1
155155,1,0,1,0,549,549
154715,1,1,0,73,2851,2829
154368,1,1,0,61,7311,7271
155123,1,1,0,77,4754,4730
154556,2,0,0,-1,-1,-1
154869,1,1,-1,87,3391,3357
155045,1,1,0,74,3381,3344
155056,1,1,0,90,6131,6088
153346,2,0,0,-1,-1,-1
154568,2,0,0,-1,-1,-1
155016,2,0,0,-1,-1,-1
154026,2,0,0,-1,-1,-1
0,0,0,0,-1,-1,-1
0,0,0,0,-1,-1,-1
154870,1,1,0,110,4647,4589
153769,1,0,1,178,1601,1529
153600,2,0,0,-1,-1,-1
155252,1,0,1,64,3610,3574
155090,1,1,0,0,11886,11886
0,0,0,0,-1,-1,-1
154225,1,1,0,62,2452,2433
154892,2,0,0,-1,-1,-1
154683,2,0,0,-1,-1,-1
0,0,0,0,-1,-1,-1
0,0,0,0,-1,-1,-1
154445,2,0,0,-1,-1,-1
0,0,0,0,-1,-1,-1
155367,2,0,0,-1,-1,-1
0,0,0,0,-1,-1,-1
153956,1,1,1,140,9081,9046
154902,2,0,0,-1,-1,-1
153466,1,0,1,22,10286,10274
154634,2,0,0,-1,-1,-1
0,0,0,0,-1,-1,-1
0,0,0,0,-1,-1,-1
153267,1,1,0,176,1494,1417
153335,1,0,1,174,7170,7099
154743,1,0,1,91,2635,2607
153982,1,1,0,40,6864,6844
0,0,0,0,-1,-1,-1
155374,1,1,1,93,12553,12506
0,0,0,0,-1,-1,-1
155186,1,0,1,194,4020,3927
154395,2,0,0,-1,-1,-1
0,0,0,0,-1,-1,-1
154409,2,0,0,-1,-1,-1
154657,2,0,0,-1,-1,-1
0,0,0,0,-1,-1,-1
0,0,0,0,-1,-1,-1
154373,1,0,1,209,6897,6810
154307,2,0,0,-1,-1,-1
0,0,0,0,-1,-1,-1
154697,1,0,1,192,6436,6353
154232,2,0,0,-1,-1,-1
153377,1,1,0,66,4428,4404
154338,1,0,1,90,2774,2712
154683,2,0,0,-1,-1,-1
0,0,0,0,-1,-1,-1
152665,2,0,0,-1,-1,-1
154441,2,0,0,-1,-1,-1
0,0,0,0,-1,-1,-1
151158,1,1,0,98,2563,2502
155322,1,1,0,77,3832,3799
154958,1,0,1,73,2827,2784
153737,2,0,0,-1,-1,-1
154726,2,0,0,-1,-1,-1
154260,1,0,1,0,35360,35360
153826,2,0,0,-1,-1,-1
153615,1,1,0,116,2853,2785
154546,1,1,0,93,3912,3883
154387,2,0,0,-1,-1,-1
153722,1,0,1,151,2490,2435
0,0,0,0,-1,-1,-1
155170,1,0,1,48,2383,2354
154236,2,0,0,-1,-1,-1
153339,2,0,0,-1,-1,-1
155097,1,0,1,103,2472,2411
155064,2,0,0,-1,-1,-1
0,0,0,0,-1,-1,-1
0,0,0,0,-1,-1,-1
0,0,0,0,-1,-1,-1
0,0,0,0,-1,-1,-1
0,0,0,0,-1,-1,-1
152621,2,0,0,-1,-1,-1
155226,1,0,1,107,1693,1663
155039,1,1,1,159,2819,2754
153951,2,0,0,-1,-1,-1
155074,1,0,1,21,9843,9830
155026,2,0,0,-1,-1,-1
0,0,0,0,-1,-1,-1
0,0,0,0,-1,-1,-1
154849,2,0,0,-1,-1,-1
154512,1,1,0,71,16987,16959
154975,1,0,1,61,7854,7837
154216,2,0,0,-1,-1,-1
154294,1,1,0,87,3564,3533
155044,1,0,1,148,11242,11185
0,0,0,0,-1,-1,-1
0,0,0,0,-1,-1,-1
154244,2,0,0,-1,-1,-1
0,0,0,0,-1,-1,-1
154770,2,0,0,-1,-1,-1
154792,1,1,0,0,9061,9061
154197,2,0,0,-1,-1,-1
155375,1,0,1,0,5699,5699
155121,1,0,1,0,4320,4320
0,0,0,0,-1,-1,-1
154422,2,0,0,-1,-1,-1
0,0,0,0,-1,-1,-1
155347,1,0,1,111,5413,5350
153923,2,0,0,-1,-1,-1
0,0,0,0,-1,-1,-1
154521,2,0,0,-1,-1,-1
0,0,0,0,-1,-1,-1
151980,2,0,0,-1,-1,-1
154718,1,1,0,74,3303,3271
0,0,0,0,-1,-1,-1
153858,1,1,0,25,9231,9220
154351,2,0,0,-1,-1,-1
155117,1,1,-1,172,5780,5705
153433,2,0,0,-1,-1,-1
0,0,0,0,-1,-1,-1
154432,1,1,0,169,3231,3146
0,0,0,0,-1,-1,-1
155237,1,0,1,0,5040,5040
0,0,0,0,-1,-1,-1
154949,1,1,0,195,2994,2916
152171,2,0,0,-1,-1,-1
0,0,0,0,-1,-1,-1
154842,2,0,0,-1,-1,-1
154919,2,0,0,-1,-1,-1
154289,2,0,0,-1,-1,-1
154894,2,0,0,-1,-1,-1
155298,1,1,0,186,1835,1729
0,0,0,0,-1,-1,-1
0,0,0,0,-1,-1,-1
154617,1,0,1,87,7183,7141
154018,1,0,1,83,2842,2813
153728,1,1,0,72,8586,8551
154642,1,1,1,95,6251,6210
155163,1,0,1,49,6355,6317
0,0,0,0,-1,-1,-1
154491,1,1,0,77,2866,2837
155011,1,1,0,117,3233,3178
0,0,0,0,-1,-1,-1
0,0,0,0,-1,-1,-1
0,0,0,0,-1,-1,-1
154700,1,1,0,103,8068,8025
154608,2,0,0,-1,-1,-1
154510,1,0,1,96,3916,3860
154910,1,0,1,111,4673,4628
0,0,0,0,-1,-1,-1
154637,2,0,0,-1,-1,-1
153156,2,0,0,-1,-1,-1
154128,1,0,1,260,2874,2763
154318,2,0,0,-1,-1,-1
154573,1,1,0,0,2812,2812
152124,1,0,1,0,9079,9079
154387,1,0,1,0,12821,12821
0,0,0,0,-1,-1,-1
155348,1,0,1,169,5394,5325
154791,1,0,1,43,12796,12781
152908,2,0,0,-1,-1,-1
0,0,0,0,-1,-1,-1
154139,1,1,0,34,13736,13722
154488,2,0,0,-1,-1,-1
154723,2,0,0,-1,-1,-1
153000,1,1,-1,83,6381,6348
154909,1,1,0,71,10240,10203
0,0,0,0,-1,-1,-1
155164,1,1,0,0,2233,2233
153851,1,1,0,85,1990,1945
0,0,0,0,-1,-1,-1
154739,2,0,0,-1,-1,-1
155103,2,0,0,-1,-1,-1
0,0,0,0,-1,-1,-1
154094,1,1,0,165,30179,30124
155196,1,0,1,72,1748,1715
155282,2,0,0,-1,-1,-1
153510,1,0,1,32,1804,1786
155268,1,0,1,79,9619,9587
0,0,0,0,-1,-1,-1
154894,2,0,0,-1,-1,-1
0,0,0,0,-1,-1,-1
0,0,0,0,-1,-1,-1
0,0,0,0,-1,-1,-1
155197,1,0,1,107,4174,4141
155341,1,1,1,57,5269,5233
155145,1,1,0,157,4214,4150
155141,2,0,0,-1,-1,-1
0,0,0,0,-1,-1,-1
154535,2,0,0,-1,-1,-1
154468,1,1,0,3,21538,21536
0,0,0,0,-1,-1,-1
154313,1,1,0,82,1687,1650
0,0,0,0,-1,-1,-1
0,0,0,0,-1,-1,-1
153705,1,1,0,106,9947,9860
0,0,0,0,-1,-1,-1
154259,1,1,0,27,4602,4594
153989,1,1,0,98,1761,1706
154394,1,1,0,0,2600,2600
0,0,0,0,-1,-1,-1
0,0,0,0,-1,-1,-1
0,0,0,0,-1,-1,-1
155222,1,0,1,67,1647,1627
152162,2,0,0,-1,-1,-1
154133,1,0,1,55,1044,1029
153817,2,0,0,-1,-1,-1
154188,1,0,1,134,2876,2826
154391,2,0,0,-1,-1,-1
154451,1,0,1,138,3955,3876
0,0,0,0,-1,-1,-1
0,0,0,0,-1,-1,-1
155029,1,1,0,103,4860,4809
154077,1,1,0,108,1455,1419
0,0,0,0,-1,-1,-1
0,0,0,0,-1,-1,-1
152772,2,0,0,-1,-1,-1
0,0,0,0,-1,-1,-1
0,0,0,0,-1,-1,-1
153961,2,0,0,-1,-1,-1
0,0,0,0,-1,-1,-1
0,0,0,0,-1,-1,-1
153347,1,1,0,170,4796,4728
0,0,0,0,-1,-1,-1
154636,1,1,0,144,4363,4298
154360,1,0,1,143,7023,6957
153814,1,1,0,0,32035,32035
155078,1,1,0,0,12741,12741
0,0,0,0,-1,-1,-1
155139,2,0,0,-1,-1,-1
0,0,0,0,-1,-1,-1
154376,2,0,0,-1,-1,-1
155007,1,1,0,93,6347,6291
154404,1,0,1,101,1289,1244
153454,2,0,0,-1,-1,-1
153210,2,0,0,-1,-1,-1
154588,2,0,0,-1,-1,-1
153036,2,0,0,-1,-1,-1
153438,2,0,0,-1,-1,-1
154910,1,1,0,136,9085,9020
153808,2,0,0,-1,-1,-1
0,0,0,0,-1,-1,-1
155053,1,0,1,109,5571,5531
0,0,0,0,-1,-1,-1
155006,1,1,0,69,2642,2612
0,0,0,0,-1,-1,-1
0,0,0,0,-1,-1,-1
154873,2,0,0,-1,-1,-1
154904,1,1,0,87,7569,7520
0,0,0,0,-1,-1,-1
0,0,0,0,-1,-1,-1
155290,1,0,1,0,5574,5574
155309,1,1,-1,74,4618,4588
0,0,0,0,-1,-1,-1
154336,2,0,0,-1,-1,-1
154313,1,0,1,357,3075,2927
0,0,0,0,-1,-1,-1
154470,2,0,0,-1,-1,-1
0,0,0,0,-1,-1,-1
153571,2,0,0,-1,-1,-1
0,0,0,0,-1,-1,-1
0,0,0,0,-1,-1,-1
155256,1,0,1,223,4708,4616
154889,2,0,0,-1,-1,-1
0,0,0,0,-1,-1,-1
0,0,0,0,-1,-1,-1
154306,2,0,0,-1,-1,-1
0,0,0,0,-1,-1,-1
153896,1,1,0,0,2470,2470
151856,2,0,0,-1,-1,-1
153939,2,0,0,-1,-1,-1
154405,2,0,0,-1,-1,-1
155288,1,1,-1,0,6865,6865
154992,2,0,0,-1,-1,-1
153523,2,0,0,-1,-1,-1
0,0,0,0,-1,-1,-1
155148,1,1,0,46,3881,3864
0,0,0,0,-1,-1,-1
0,0,0,0,-1,-1,-1
153560,1,1,0,111,9451,9404
154971,2,0,0,-1,-1,-1
0,0,0,0,-1,-1,-1
152441,2,0,0,-1,-1,-1
154184,1,1,0,54,3589,3566
0,0,0,0,-1,-1,-1
0,0,0,0,-1,-1,-1
0,0,0,0,-1,-1,-1
154401,1,0,1,75,4069,4023
153745,1,1,0,207,3912,3812
154641,2,0,0,-1,-1,-1
154532,1,1,0,62,1403,1364
0,0,0,0,-1,-1,-1
0,0,0,0,-1,-1,-1
155080,2,0,0,-1,-1,-1
0,0,0,0,-1,-1,-1
154760,2,0,0,-1,-1,-1
153822,1,1,0,137,1929,1869
153758,2,0,0,-1,-1,-1
151739,2,0,0,-1,-1,-1
0,0,0,0,-1,-1,-1
0,0,0,0,-1,-1,-1
0,0,0,0,-1,-1,-1
155184,1,1,0,0,1218,1218
0,0,0,0,-1,-1,-1
155118,1,0,1,0,3849,3849
0,0,0,0,-1,-1,-1
155173,1,1,0,171,4397,4312
153860,2,0,0,-1,-1,-1
0,0,0,0,-1,-1,-1
154973,1,1,0,37,1953,1943
154927,1,0,1,87,4149,4099
154279,1,0,1,36,10728,10706
0,0,0,0,-1,-1,-1
155178,1,0,1,143,4168,4104
154822,2,0,0,-1,-1,-1
0,0,0,0,-1,-1,-1
0,0,0,0,-1,-1,-1
0,0,0,0,-1,-1,-1
154047,2,0,0,-1,-1,-1
153978,2,0,0,-1,-1,-1
0,0,0,0,-1,-1,-1
155090,1,0,1,52,4036,4018
0,0,0,0,-1,-1,-1
153376,2,0,0,-1,-1,-1
153496,2,0,0,-1,-1,-1
154144,2,0,0,-1,-1,-1
154920,1,0,1,0,15960,15960
0,0,0,0,-1,-1,-1
0,0,0,0,-1,-1,-1
154404,1,1,0,72,2831,2804
154026,2,0,0,-1,-1,-1
154850,2,0,0,-1,-1,-1
0,0,0,0,-1,-1,-1
153865,2,0,0,-1,-1,-1
0,0,0,0,-1,-1,-1
0,0,0,0,-1,-1,-1
0,0,0,0,-1,-1,-1
153567,1,0,1,52,10360,10323
152602,2,0,0,-1,-1,-1
153536,1,1,0,98,1700,1660
154867,1,1,0,0,2352,2352
154253,2,0,0,-1,-1,-1
155006,1,1,0,97,4840,4797
153108,2,0,0,-1,-1,-1
0,0,0,0,-1,-1,-1
154836,1,1,-1,266,7059,6952
154096,1,0,1,57,9878,9854
155261,1,1,0,35,23283,23252
154181,2,0,0,-1,-1,-1
154837,1,0,1,278,2731,2577
154379,1,1,0,82,3827,3787
154572,2,0,0,-1,-1,-1
153477,2,0,0,-1,-1,-1
0,0,0,0,-1,-1,-1
0,0,0,0,-1,-1,-1
0,0,0,0,-1,-1,-1
155351,1,0,1,47,1108,1092
154110,1,1,0,0,5698,5698
155000,2,0,0,-1,-1,-1
155310,1,0,1,67,2571,2554
154832,1,1,0,232,4560,4453
154648,2,0,0,-1,-1,-1
0,0,0,0,-1,-1,-1
0,0,0,0,-1,-1,-1
154433,2,0,0,-1,-1,-1
153700,1,0,1,0,11074,11074
153628,1,0,1,146,2195,2094
0,0,0,0,-1,-1,-1
155165,1,1,0,109,10616,10578
155127,1,0,1,186,2173,2088
0,0,0,0,-1,-1,-1
155377,1,1,0,0,2697,2697
0,0,0,0,-1,-1,-1
0,0,0,0,-1,-1,-1
0,0,0,0,-1,-1,-1
154842,1,1,1,111,6070,6036
0,0,0,0,-1,-1,-1
0,0,0,0,-1,-1,-1
0,0,0,0,-1,-1,-1
0,0,0,0,-1,-1,-1
154976,2,0,0,-1,-1,-1
154359,1,0,1,120,3116,3056
0,0,0,0,-1,-1,-1
0,0,0,0,-1,-1,-1
0,0,0,0,-1,-1,-1
154424,1,1,0,0,3770,3770
0,0,0,0,-1,-1,-1
155094,1,1,0,177,3911,3815
0,0,0,0,-1,-1,-1
0,0,0,0,-1,-1,-1
153243,2,0,0,-1,-1,-1
154740,2,0,0,-1,-1,-1
154887,1,1,0,27,3130,3118
154744,1,1,0,181,3642,3554
154017,2,0,0,-1,-1,-1
154235,2,0,0,-1,-1,-1
154789,1,1,0,212,5946,5841
154822,1,0,1,17,425,417
152099,1,1,0,171,5823,5739
154304,2,0,0,-1,-1,-1
154577,1,1,1,165,7355,7235
153177,2,0,0,-1,-1,-1
155264,1,1,0,85,921,885
154148,2,0,0,-1,-1,-1
155282,1,0,1,59,1754,1722
153676,2,0,0,-1,-1,-1
154335,2,0,0,-1,-1,-1
153503,2,0,0,-1,-1,-1
154743,1,1,0,180,7785,7700
0,0,0,0,-1,-1,-1
153518,1,1,0,0,12348,12348
0,0,0,0,-1,-1,-1
154818,2,0,0,-1,-1,-1
153740,2,0,0,-1,-1,-1
0,0,0,0,-1,-1,-1
0,0,0,0,-1,-1,-1
154016,1,1,0,130,8989,8895
0,0,0,0,-1,-1,-1
154857,1,0,1,87,1143,1085
154743,1,0,1,76,1642,1603
154723,2,0,0,-1,-1,-1
154775,2,0,0,-1,-1,-1
0,0,0,0,-1,-1,-1
155160,1,0,1,21,821,803
0,0,0,0,-1,-1,-1
152767,2,0,0,-1,-1,-1
155215,1,0,1,88,3435,3382
153288,2,0,0,-1,-1,-1
0,0,0,0,-1,-1,-1
154499,1,0,1,110,2127,2092
154635,2,0,0,-1,-1,-1
0,0,0,0,-1,-1,-1
154576,1,0,1,66,4899,4860
154958,1,1,0,50,1649,1615
152606,1,0,1,4,4427,4427
154463,2,0,0,-1,-1,-1
0,0,0,0,-1,-1,-1
154748,2,0,0,-1,-1,-1
0,0,0,0,-1,-1,-1
154749,1,1,0,67,1984,1969
154140,1,0,1,82,5765,5725
0,0,0,0,-1,-1,-1
155243,1,1,-1,144,11517,11437
0,0,0,0,-1,-1,-1
154237,2,0,0,-1,-1,-1
154259,2,0,0,-1,-1,-1
0,0,0,0,-1,-1,-1
154043,1,0,1,103,4686,4640
0,0,0,0,-1,-1,-1
154473,1,0,1,0,6325,6325
154610,2,0,0,-1,-1,-1
0,0,0,0,-1,-1,-1
151865,2,0,0,-1,-1,-1
155276,1,1,0,54,4911,4886
0,0,0,0,-1,-1,-1
0,0,0,0,-1,-1,-1
0,0,0,0,-1,-1,-1
0,0,0,0,-1,-1,-1
154844,1,0,1,25,5202,5193
0,0,0,0,-1,-1,-1
154558,1,1,0,246,10351,10245
152347,2,0,0,-1,-1,-1
0,0,0,0,-1,-1,-1
155118,1,0,1,54,4094,4068
0,0,0,0,-1,-1,-1
154780,1,1,0,125,2943,2893
154906,1,0,1,32,7867,7848
155146,1,1,-1,121,4142,4086
153298,1,0,1,72,2831,2788
0,0,0,0,-1,-1,-1
153730,2,0,0,-1,-1,-1
0,0,0,0,-1,-1,-1
154401,1,1,0,35,4663,4646
154870,2,0,0,-1,-1,-1
154395,2,0,0,-1,-1,-1
155048,1,0,1,78,5190,5148
155336,1,1,1,75,3829,3789
0,0,0,0,-1,-1,-1
155083,1,1,1,187,2915,2830
155148,1,1,0,0,13748,13748
154386,2,0,0,-1,-1,-1
0,0,0,0,-1,-1,-1
154756,2,0,0,-1,-1,-1
154432,2,0,0,-1,-1,-1
155162,1,1,1,214,4441,4367
154365,1,1,0,150,5842,5787
154758,2,0,0,-1,-1,-1
154848,2,0,0,-1,-1,-1
155090,1,1,0,57,4953,4923
154719,1,0,1,83,4350,4319
153502,2,0,0,-1,-1,-1
155195,1,1,0,48,3113,3075
154426,2,0,0,-1,-1,-1
153776,2,0,0,-1,-1,-1
154401,2,0,0,-1,-1,-1
0,0,0,0,-1,-1,-1
155028,1,0,1,74,2783,2755
0,0,0,0,-1,-1,-1
154038,1,0,1,221,5608,5498
154565,2,0,0,-1,-1,-1
0,0,0,0,-1,-1,-1
152971,1,0,1,83,2708,2672
152914,2,0,0,-1,-1,-1
155020,1,1,0,75,9182,9143
155198,1,0,1,95,4121,4084
154899,1,0,1,9,20641,20629
154563,2,0,0,-1,-1,-1
153844,2,0,0,-1,-1,-1
154125,2,0,0,-1,-1,-1
155047,1,1,0,57,3857,3815
154050,2,0,0,-1,-1,-1
154555,1,1,1,206,6416,6316
0,0,0,0,-1,-1,-1
155103,1,1,-1,199,2484,2389
155165,1,0,1,111,7077,7013
154574,2,0,0,-1,-1,-1
154774,2,0,0,-1,-1,-1
154221,1,1,0,27,3942,3933
155166,1,0,1,189,2278,2195
0,0,0,0,-1,-1,-1
153877,2,0,0,-1,-1,-1
0,0,0,0,-1,-1,-1
154785,2,0,0,-1,-1,-1
153449,2,0,0,-1,-1,-1
155175,1,1,0,59,6304,6276
154439,2,0,0,-1,-1,-1
154968,2,0,0,-1,-1,-1
154889,1,0,1,117,4224,4196
153094,1,1,0,40,1578,1536
0,0,0,0,-1,-1,-1
155297,2,0,0,-1,-1,-1
153793,2,0,0,-1,-1,-1
0,0,0,0,-1,-1,-1
153426,2,0,0,-1,-1,-1
154409,1,0,1,57,1850,1813
153833,1,1,0,192,6042,5961
153111,1,0,1,183,2397,2328
154804,1,1,0,72,5630,5585
154390,2,0,0,-1,-1,-1
0,0,0,0,-1,-1,-1
153233,1,0,1,0,17031,17031
0,0,0,0,-1,-1,-1
154094,2,0,0,-1,-1,-1
153526,2,0,0,-1,-1,-1
0,0,0,0,-1,-1,-1
0,0,0,0,-1,-1,-1
0,0,0,0,-1,-1,-1
154508,1,0,1,51,5070,5037
0,0,0,0,-1,-1,-1
155261,1,1,1,88,5636,5599
152999,2,0,0,-1,-1,-1
153665,1,0,1,56,3637,3611
154315,2,0,0,-1,-1,-1
155043,1,1,-1,193,5819,5740
155265,1,0,1,72,9202,9159
155035,2,0,0,-1,-1,-1
155166,1,1,0,78,2093,2053
155321,1,1,1,66,11329,11304
154677,1,1,0,214,2406,2311
154437,1,1,0,136,2322,2249
155205,1,1,0,16,6290,6280
0,0,0,0,-1,-1,-1
154546,2,0,0,-1,-1,-1
154499,2,0,0,-1,-1,-1
154274,2,0,0,-1,-1,-1
154413,1,0,1,248,2302,2224
0,0,0,0,-1,-1,-1
154711,1,0,1,10,1753,1749
154450,1,1,0,169,1379,1299
154294,1,0,1,45,1269,1241
0,0,0,0,-1,-1,-1
154252,2,0,0,-1,-1,-1
153796,2,0,0,-1,-1,-1
0,0,0,0,-1,-1,-1
153562,1,1,0,49,2146,2135
155299,1,0,1,76,6913,6879
153714,1,1,0,193,2898,2808
154383,2,0,0,-1,-1,-1
0,0,0,0,-1,-1,-1
154940,1,1,-1,80,4342,4298
0,0,0,0,-1,-1,-1
154230,2,0,0,-1,-1,-1
155202,2,0,0,-1,-1,-1
155050,1,1,0,154,3732,3658
154461,2,0,0,-1,-1,-1
154995,2,0,0,-1,-1,-1
153960,1,1,0,73,5725,5702
154472,1,1,0,0,2162,2162
0,0,0,0,-1,-1,-1
155048,2,0,0,-1,-1,-1
155311,1,1,0,34,8333,8326
152639,2,0,0,-1,-1,-1
153941,2,0,0,-1,-1,-1
155324,1,0,1,148,13102,13046
153800,2,0,0,-1,-1,-1
152612,2,0,0,-1,-1,-1
153374,2,0,0,-1,-1,-1
155096,1,1,0,79,16214,16193
155211,1,1,0,0,4068,4068
154909,1,1,0,0,2087,2087
154179,2,0,0,-1,-1,-1
154886,2,0,0,-1,-1,-1
155076,1,1,0,96,6801,6741
153732,1,0,1,173,2707,2630
154460,2,0,0,-1,-1,-1
0,0,0,0,-1,-1,-1
0,0,0,0,-1,-1,-1
0,0,0,0,-1,-1,-1
154933,1,0,1,74,2144,2107
154691,2,0,0,-1,-1,-1
154179,1,1,0,32,7172,7157
154435,2,0,0,-1,-1,-1
154602,2,0,0,-1,-1,-1
0,0,0,0,-1,-1,-1
154668,2,0,0,-1,-1,-1
153117,1,0,1,16,791,777
153318,2,0,0,-1,-1,-1
0,0,0,0,-1,-1,-1
154726,2,0,0,-1,-1,-1
155040,1,1,-1,62,8787,8766
0,0,0,0,-1,-1,-1
0,0,0,0,-1,-1,-1
0,0,0,0,-1,-1,-1
0,0,0,0,-1,-1,-1
154628,2,0,0,-1,-1,-1
154352,2,0,0,-1,-1,-1
0,0,0,0,-1,-1,-1
0,0,0,0,-1,-1,-1
154353,2,0,0,-1,-1,-1
0,0,0,0,-1,-1,-1
0,0,0,0,-1,-1,-1
154489,2,0,0,-1,-1,-1
154849,1,1,1,76,9727,9686
155099,1,1,1,158,5265,5192
154707,1,0,1,102,1646,1592
155166,1,0,1,107,5570,5508
0,0,0,0,-1,-1,-1
153180,2,0,0,-1,-1,-1
154367,1,1,1,183,2929,2842
0,0,0,0,-1,-1,-1
153816,2,0,0,-1,-1,-1
154199,2,0,0,-1,-1,-1
154083,2,0,0,-1,-1,-1
152807,2,0,0,-1,-1,-1
0,0,0,0,-1,-1,-1
154633,2,0,0,-1,-1,-1
154679,1,0,1,48,2454,2428
155205,1,0,1,148,3543,3461
155244,1,0,1,111,3762,3729
154776,2,0,0,-1,-1,-1
153271,2,0,0,-1,-1,-1
0,0,0,0,-1,-1,-1
155348,1,1,0,92,2382,2346
155252,1,0,1,0,17748,17748
153430,2,0,0,-1,-1,-1
153547,2,0,0,-1,-1,-1
153888,2,0,0,-1,-1,-1
153339,2,0,0,-1,-1,-1
154460,1,1,0,65,3579,3548
154097,2,0,0,-1,-1,-1
155383,1,1,-1,156,9269,9166
153905,2,0,0,-1,-1,-1
154608,1,0,1,222,2432,2341
0,0,0,0,-1,-1,-1
154549,1,0,1,175,7520,7425
153647,2,0,0,-1,-1,-1
154204,1,0,1,88,1469,1429
153944,2,0,0,-1,-1,-1
153905,2,0,0,-1,-1,-1
154647,2,0,0,-1,-1,-1
153844,2,0,0,-1,-1,-1
153812,2,0,0,-1,-1,-1
0,0,0,0,-1,-1,-1
154984,1,1,0,88,1562,1526
154012,1,1,0,78,6575,6508
0,0,0,0,-1,-1,-1
154388,1,0,1,147,4715,4652
0,0,0,0,-1,-1,-1
155061,1,1,0,106,9974,9920
0,0,0,0,-1,-1,-1
154668,2,0,0,-1,-1,-1
154512,1,0,1,119,1728,1663
154538,2,0,0,-1,-1,-1
154212,2,0,0,-1,-1,-1
0,0,0,0,-1,-1,-1
0,0,0,0,-1,-1,-1
153947,1,1,0,198,3386,3267
155098,1,1,-1,269,5639,5517
0,0,0,0,-1,-1,-1
153373,1,0,1,151,11426,11373
154890,1,0,1,134,3342,3280
154032,1,0,1,80,2265,2243
0,0,0,0,-1,-1,-1
0,0,0,0,-1,-1,-1
154356,2,0,0,-1,-1,-1
154920,2,0,0,-1,-1,-1
154577,2,0,0,-1,-1,-1
155063,1,0,1,67,4618,4586
155037,1,1,0,213,2232,2159
155006,1,0,1,47,11924,11917
0,0,0,0,-1,-1,-1
153791,1,1,0,40,7938,7918
153985,2,0,0,-1,-1,-1
153738,2,0,0,-1,-1,-1
0,0,0,0,-1,-1,-1
154543,1,0,1,105,4510,4470
155034,2,0,0,-1,-1,-1
155010,2,0,0,-1,-1,-1
155267,1,1,0,141,2237,2191
155095,1,1,-1,0,12429,12429
154673,1,1,0,4,7393,7393
153789,1,0,1,67,1827,1808
154782,1,1,-1,211,1981,1896
153914,1,1,0,39,1536,1523
0,0,0,0,-1,-1,-1
154892,1,0,1,196,1989,1909
154278,1,1,0,23,10331,10315
153338,2,0,0,-1,-1,-1
154661,1,0,1,203,3227,3152
154572,2,0,0,-1,-1,-1
154677,2,0,0,-1,-1,-1
152960,2,0,0,-1,-1,-1
154793,1,0,1,73,4296,4252
154734,2,0,0,-1,-1,-1
154342,1,0,1,334,7499,7326
0,0,0,0,-1,-1,-1
0,0,0,0,-1,-1,-1
154292,1,1,0,259,4235,4086
155340,1,0,1,186,11342,11283
154204,1,0,1,3,14615,14612
154707,1,1,0,135,3258,3219
154954,1,0,1,130,4466,4385
153992,2,0,0,-1,-1,-1
154048,1,1,0,207,3666,3525
0,0,0,0,-1,-1,-1
154466,1,0,1,174,10698,10630
0,0,0,0,-1,-1,-1
154380,1,1,0,79,4385,4336
154228,2,0,0,-1,-1,-1
154866,1,1,0,136,2986,2905
153822,1,1,0,23,823,816
153724,2,0,0,-1,-1,-1
0,0,0,0,-1,-1,-1
155113,1,0,1,91,2059,2007
154843,1,1,0,90,4361,4321
155235,2,0,0,-1,-1,-1
0,0,0,0,-1,-1,-1
0,0,0,0,-1,-1,-1
0,0,0,0,-1,-1,-1
0,0,0,0,-1,-1,-1
153715,2,0,0,-1,-1,-1
0,0,0,0,-1,-1,-1
154782,1,0,1,287,2155,2048
155323,1,0,1,86,11100,11053
154691,2,0,0,-1,-1,-1
0,0,0,0,-1,-1,-1
153914,1,1,0,152,2177,2087
155040,1,1,0,153,2409,2334
155328,1,1,0,158,7794,7748
0,0,0,0,-1,-1,-1
155143,2,0,0,-1,-1,-1
155036,1,0,1,139,1886,1839
152546,2,0,0,-1,-1,-1
154122,2,0,0,-1,-1,-1
155232,1,1,0,89,4719,4686
154841,2,0,0,-1,-1,-1
0,0,0,0,-1,-1,-1
0,0,0,0,-1,-1,-1
153623,2,0,0,-1,-1,-1
0,0,0,0,-1,-1,-1
155145,1,1,0,45,4941,4916
153974,2,0,0,-1,-1,-1
154997,1,0,1,59,2056,2020
0,0,0,0,-1,-1,-1
0,0,0,0,-1,-1,-1
0,0,0,0,-1,-1,-1
0,0,0,0,-1,-1,-1
155375,1,0,1,181,4659,4569
154704,1,0,1,111,3298,3250
155193,1,0,1,74,6239,6211
0,0,0,0,-1,-1,-1
155261,1,0,1,105,5065,4987
153621,2,0,0,-1,-1,-1
0,0,0,0,-1,-1,-1
154070,2,0,0,-1,-1,-1
0,0,0,0,-1,-1,-1
153892,1,1,0,0,0,0
0,0,0,0,-1,-1,-1
154540,1,1,0,55,2632,2609
0,0,0,0,-1,-1,-1
0,0,0,0,-1,-1,-1
154397,1,1,0,89,13588,13564
155309,1,0,1,62,8131,8106
0,0,0,0,-1,-1,-1
153917,2,0,0,-1,-1,-1
0,0,0,0,-1,-1,-1
154410,1,1,0,56,9045,9011
0,0,0,0,-1,-1,-1
154907,1,0,1,166,3012,2933
153080,2,0,0,-1,-1,-1
155331,1,1,0,189,5272,5195
153343,1,0,1,82,3934,3888
154876,1,1,0,111,1782,1749
155344,1,0,1,0,4351,4351
154385,2,0,0,-1,-1,-1
155214,1,0,1,147,1829,1744
154903,1,1,0,115,5375,5340
154180,2,0,0,-1,-1,-1
154672,1,0,1,63,4825,4795
154974,1,1,1,129,5857,5790
0,0,0,0,-1,-1,-1
154134,2,0,0,-1,-1,-1
0,0,0,0,-1,-1,-1
155177,1,0,1,80,2997,2969
0,0,0,0,-1,-1,-1
153503,2,0,0,-1,-1,-1
154938,2,0,0,-1,-1,-1
154341,2,0,0,-1,-1,-1
0,0,0,0,-1,-1,-1
0,0,0,0,-1,-1,-1
154453,2,0,0,-1,-1,-1
155021,1,0,1,163,1939,1875
0,0,0,0,-1,-1,-1
153526,1,1,0,105,2880,2825
154319,2,0,0,-1,-1,-1
0,0,0,0,-1,-1,-1
154674,1,0,1,152,4895,4827
152771,2,0,0,-1,-1,-1
0,0,0,0,-1,-1,-1
153742,2,0,0,-1,-1,-1
153681,2,0,0,-1,-1,-1
154214,2,0,0,-1,-1,-1
154293,2,0,0,-1,-1,-1
154796,1,0,1,139,7424,7355
0,0,0,0,-1,-1,-1
0,0,0,0,-1,-1,-1
154089,2,0,0,-1,-1,-1
155027,2,0,0,-1,-1,-1
155218,1,0,1,50,7673,7652
154859,2,0,0,-1,-1,-1
154618,1,0,1,14,2632,2625
0,0,0,0,-1,-1,-1
153063,1,1,0,54,1108,1072
154631,1,0,1,74,4108,4067
154195,1,1,0,162,5454,5399
154513,2,0,0,-1,-1,-1
0,0,0,0,-1,-1,-1
154394,2,0,0,-1,-1,-1
154150,2,0,0,-1,-1,-1
0,0,0,0,-1,-1,-1
155326,1,0,1,2,791,792
154172,1,0,1,116,3956,3883
153788,2,0,0,-1,-1,-1
152936,2,0,0,-1,-1,-1
154609,2,0,0,-1,-1,-1
153423,1,0,1,82,3461,3424
0,0,0,0,-1,-1,-1
154381,1,1,0,41,998,979
153994,2,0,0,-1,-1,-1
154795,2,0,0,-1,-1,-1
0,0,0,0,-1,-1,-1
153898,1,1,0,95,11715,11678
154774,1,1,1,130,12263,12198
154803,2,0,0,-1,-1,-1
0,0,0,0,-1,-1,-1
154437,2,0,0,-1,-1,-1
0,0,0,0,-1,-1,-1
155260,1,0,1,127,3993,3911
154052,2,0,0,-1,-1,-1
154755,1,1,0,160,4232,4142
0,0,0,0,-1,-1,-1
0,0,0,0,-1,-1,-1
153845,2,0,0,-1,-1,-1
0,0,0,0,-1,-1,-1
155200,1,1,0,117,4499,4452
0,0,0,0,-1,-1,-1
0,0,0,0,-1,-1,-1
155032,1,1,0,152,7746,7693
0,0,0,0,-1,-1,-1
155117,1,0,1,88,2799,2767
154882,1,0,1,4,14222,14221
154467,1,0,1,59,6693,6681
155159,2,0,0,-1,-1,-1
153737,1,1,0,281,1979,1840
0,0,0,0,-1,-1,-1
0,0,0,0,-1,-1,-1
0,0,0,0,-1,-1,-1
0,0,0,0,-1,-1,-1
0,0,0,0,-1,-1,-1
153887,2,0,0,-1,-1,-1
155077,1,1,0,0,13720,13720
154567,2,0,0,-1,-1,-1
153326,2,0,0,-1,-1,-1
155041,1,0,1,50,4460,4443
153881,2,0,0,-1,-1,-1
153090,1,0,1,34,1841,1810
154137,2,0,0,-1,-1,-1
154044,1,1,-1,129,5661,5587
0,0,0,0,-1,-1,-1
0,0,0,0,-1,-1,-1
0,0,0,0,-1,-1,-1
154051,2,0,0,-1,-1,-1
153217,2,0,0,-1,-1,-1
155003,2,0,0,-1,-1,-1
0,0,0,0,-1,-1,-1
155253,1,0,1,77,2205,2159
153301,2,0,0,-1,-1,-1
154482,1,1,0,18,5343,5326
154072,2,0,0,-1,-1,-1
153522,2,0,0,-1,-1,-1
155260,1,0,1,86,1208,1176
0,0,0,0,-1,-1,-1
153857,2,0,0,-1,-1,-1
0,0,0,0,-1,-1,-1
153844,1,1,-1,169,2195,2107
0,0,0,0,-1,-1,-1
0,0,0,0,-1,-1,-1
0,0,0,0,-1,-1,-1
154683,1,1,0,43,1289,1257
0,0,0,0,-1,-1,-1
154729,1,1,0,22,4040,4027
0,0,0,0,-1,-1,-1
154415,2,0,0,-1,-1,-1
154219,2,0,0,-1,-1,-1
155356,1,0,1,23,2865,2856
0,0,0,0,-1,-1,-1
0,0,0,0,-1,-1,-1
155302,1,0,1,63,4115,4104
154072,2,0,0,-1,-1,-1
0,0,0,0,-1,-1,-1
153104,2,0,0,-1,-1,-1
153552,1,0,1,62,2842,2805
0,0,0,0,-1,-1,-1
154924,1,1,1,75,1473,1438
153778,1,1,0,60,1713,1685
154117,2,0,0,-1,-1,-1
154213,2,0,0,-1,-1,-1
154383,2,0,0,-1,-1,-1
0,0,0,0,-1,-1,-1
153439,2,0,0,-1,-1,-1
0,0,0,0,-1,-1,-1
154871,2,0,0,-1,-1,-1
154763,1,1,0,68,1905,1878
0,0,0,0,-1,-1,-1
155281,1,0,1,21,5202,5190
154523,2,0,0,-1,-1,-1
0,0,0,0,-1,-1,-1
0,0,0,0,-1,-1,-1
153881,1,1,0,103,4660,4617
0,0,0,0,-1,-1,-1
154523,2,0,0,-1,-1,-1
155128,1,1,0,46,4802,4771
155252,2,0,0,-1,-1,-1
0,0,0,0,-1,-1,-1
154021,2,0,0,-1,-1,-1
0,0,0,0,-1,-1,-1
153476,2,0,0,-1,-1,-1
0,0,0,0,-1,-1,-1
154675,2,0,0,-1,-1,-1
0,0,0,0,-1,-1,-1
154559,2,0,0,-1,-1,-1
154438,2,0,0,-1,-1,-1
155202,1,1,0,4,9465,9464
153660,2,0,0,-1,-1,-1
154524,2,0,0,-1,-1,-1
154051,2,0,0,-1,-1,-1
155369,1,0,1,56,3596,3575
154678,2,0,0,-1,-1,-1
0,0,0,0,-1,-1,-1
0,0,0,0,-1,-1,-1
154987,1,1,0,73,4529,4490
0,0,0,0,-1,-1,-1
154100,1,1,0,85,7097,7061
0,0,0,0,-1,-1,-1
154134,2,0,0,-1,-1,-1
154200,2,0,0,-1,-1,-1
0,0,0,0,-1,-1,-1
153611,2,0,0,-1,-1,-1
154740,1,0,1,223,2601,2499
0,0,0,0,-1,-1,-1
0,0,0,0,-1,-1,-1
154546,2,0,0,-1,-1,-1
155343,1,1,0,157,4385,4324
154199,2,0,0,-1,-1,-1
153909,1,1,0,49,1470,1444
0,0,0,0,-1,-1,-1
154082,1,1,-1,74,5220,5184
153873,2,0,0,-1,-1,-1
153918,1,1,0,197,4249,4164
0,0,0,0,-1,-1,-1
155133,1,1,0,194,1725,1613
0,0,0,0,-1,-1,-1
0,0,0,0,-1,-1,-1
153903,1,1,0,60,2881,2845
0,0,0,0,-1,-1,-1
155267,1,0,1,13,4745,4737
152822,2,0,0,-1,-1,-1
154706,2,0,0,-1,-1,-1
154965,2,0,0,-1,-1,-1
155080,1,1,1,216,6939,6805
154663,1,1,0,0,0,0
0,0,0,0,-1,-1,-1
153293,2,0,0,-1,-1,-1
0,0,0,0,-1,-1,-1
154001,2,0,0,-1,-1,-1
0,0,0,0,-1,-1,-1
0,0,0,0,-1,-1,-1
154003,2,0,0,-1,-1,-1
154552,1,0,1,15,4526,4513
153061,2,0,0,-1,-1,-1
154807,1,1,0,64,3784,3766
151613,2,0,0,-1,-1,-1
155075,1,1,-1,128,4802,4752
154120,1,0,1,19,2347,2344
155200,1,1,0,102,4335,4285
0,0,0,0,-1,-1,-1
155088,2,0,0,-1,-1,-1
0,0,0,0,-1,-1,-1
155204,1,1,0,137,3427,3364
155341,1,0,1,144,4591,4543
155370,1,1,0,141,6091,6036
154332,2,0,0,-1,-1,-1
153999,1,0,1,0,15096,15096
154253,2,0,0,-1,-1,-1
154427,1,1,0,0,36196,36196
0,0,0,0,-1,-1,-1
154721,1,1,0,0,4692,4692
154625,2,0,0,-1,-1,-1
0,0,0,0,-1,-1,-1
154179,1,1,0,105,2217,2165
0,0,0,0,-1,-1,-1
154822,2,0,0,-1,-1,-1
155299,1,0,1,31,1600,1580
154562,2,0,0,-1,-1,-1
154714,2,0,0,-1,-1,-1
0,0,0,0,-1,-1,-1
154177,2,0,0,-1,-1,-1
153340,1,0,1,63,2520,2491
0,0,0,0,-1,-1,-1
154993,1,1,0,104,6871,6812
0,0,0,0,-1,-1,-1
155345,1,1,-1,238,5302,5174
153954,2,0,0,-1,-1,-1
154693,1,0,1,111,1034,993
155143,1,0,1,167,5882,5828
152648,2,0,0,-1,-1,-1
154946,2,0,0,-1,-1,-1
154969,1,0,1,27,6682,6658
154827,1,1,0,143,2633,2550
0,0,0,0,-1,-1,-1
0,0,0,0,-1,-1,-1
0,0,0,0,-1,-1,-1
155133,1,1,-1,92,8168,8120
153260,1,0,1,21,3208,3194
154888,1,1,1,180,4388,4289
153899,1,0,1,170,3381,3319
153780,2,0,0,-1,-1,-1
154330,1,1,0,99,5025,4981
0,0,0,0,-1,-1,-1
0,0,0,0,-1,-1,-1
0,0,0,0,-1,-1,-1
0,0,0,0,-1,-1,-1
154217,2,0,0,-1,-1,-1
155042,1,1,-1,117,7100,7046
154757,2,0,0,-1,-1,-1
154807,2,0,0,-1,-1,-1
154767,1,1,0,9,10432,10423
0,0,0,0,-1,-1,-1
0,0,0,0,-1,-1,-1
154811,1,1,0,19,8638,8621
0,0,0,0,-1,-1,-1
154880,2,0,0,-1,-1,-1
0,0,0,0,-1,-1,-1
155263,1,0,1,82,4007,3973
154935,1,0,1,179,1624,1562
154166,2,0,0,-1,-1,-1
153334,2,0,0,-1,-1,-1
0,0,0,0,-1,-1,-1
0,0,0,0,-1,-1,-1
154968,2,0,0,-1,-1,-1
154565,2,0,0,-1,-1,-1
155067,1,0,1,0,11280,11280
154791,1,0,1,130,3045,2944
153586,2,0,0,-1,-1,-1
0,0,0,0,-1,-1,-1
0,0,0,0,-1,-1,-1
153986,2,0,0,-1,-1,-1
155313,1,1,0,107,4559,4508
153716,1,1,0,22,6188,6172
0,0,0,0,-1,-1,-1
0,0,0,0,-1,-1,-1
155126,2,0,0,-1,-1,-1
0,0,0,0,-1,-1,-1
154094,2,0,0,-1,-1,-1
0,0,0,0,-1,-1,-1
153176,1,1,0,96,11821,11788
0,0,0,0,-1,-1,-1
0,0,0,0,-1,-1,-1
155055,1,1,0,271,5062,4955
0,0,0,0,-1,-1,-1
154697,1,0,1,106,3101,3060
154190,2,0,0,-1,-1,-1
155107,1,0,1,49,4106,4089
155143,2,0,0,-1,-1,-1
153367,1,1,0,193,4797,4707
154406,2,0,0,-1,-1,-1
155369,1,0,1,150,3582,3488
154626,1,1,0,116,1779,1724
0,0,0,0,-1,-1,-1
154572,1,0,1,5,2878,2871
154961,1,0,1,28,4728,4713
154181,1,0,1,61,5130,5111
153056,2,0,0,-1,-1,-1
0,0,0,0,-1,-1,-1
154291,2,0,0,-1,-1,-1
151689,1,1,0,0,5410,5410
155089,1,1,0,106,6131,6067
0,0,0,0,-1,-1,-1
154188,1,1,0,0,1715,1715
0,0,0,0,-1,-1,-1
154943,1,0,1,155,3074,2996
0,0,0,0,-1,-1,-1
154624,1,0,1,11,1090,1081
0,0,0,0,-1,-1,-1
0,0,0,0,-1,-1,-1
0,0,0,0,-1,-1,-1
0,0,0,0,-1,-1,-1
0,0,0,0,-1,-1,-1
154802,1,1,1,188,3371,3298
154217,2,0,0,-1,-1,-1
153894,1,0,1,57,17635,17606
0,0,0,0,-1,-1,-1
0,0,0,0,-1,-1,-1
154856,1,1,1,165,6781,6735
153495,2,0,0,-1,-1,-1
153489,1,0,1,0,5583,5583
0,0,0,0,-1,-1,-1
153947,2,0,0,-1,-1,-1
0,0,0,0,-1,-1,-1
0,0,0,0,-1,-1,-1
0,0,0,0,-1,-1,-1
0,0,0,0,-1,-1,-1
154955,2,0,0,-1,-1,-1
152409,2,0,0,-1,-1,-1
0,0,0,0,-1,-1,-1
155183,1,1,0,0,7120,7120
153940,2,0,0,-1,-1,-1
155007,2,0,0,-1,-1,-1
153594,2,0,0,-1,-1,-1
154332,1,0,1,104,4656,4609
154512,2,0,0,-1,-1,-1
0,0,0,0,-1,-1,-1
155023,1,1,0,52,1509,1484
0,0,0,0,-1,-1,-1
0,0,0,0,-1,-1,-1
151957,2,0,0,-1,-1,-1
155323,1,0,1,0,9230,9230
154851,2,0,0,-1,-1,-1
154454,2,0,0,-1,-1,-1
153582,2,0,0,-1,-1,-1
154985,1,1,-1,48,6237,6196
153199,1,1,-1,123,3358,3274
0,0,0,0,-1,-1,-1
0,0,0,0,-1,-1,-1
0,0,0,0,-1,-1,-1
0,0,0,0,-1,-1,-1
153453,2,0,0,-1,-1,-1
0,0,0,0,-1,-1,-1
0,0,0,0,-1,-1,-1
155050,1,0,1,132,6696,6655
154247,2,0,0,-1,-1,-1
0,0,0,0,-1,-1,-1
153363,2,0,0,-1,-1,-1
155092,1,1,0,217,2502,2397
153352,2,0,0,-1,-1,-1
153760,2,0,0,-1,-1,-1
154425,2,0,0,-1,-1,-1
154432,1,1,0,141,8888,8823
0,0,0,0,-1,-1,-1
0,0,0,0,-1,-1,-1
0,0,0,0,-1,-1,-1
154483,2,0,0,-1,-1,-1
154483,2,0,0,-1,-1,-1
0,0,0,0,-1,-1,-1
0,0,0,0,-1,-1,-1
154431,2,0,0,-1,-1,-1
0,0,0,0,-1,-1,-1
153642,2,0,0,-1,-1,-1
152985,2,0,0,-1,-1,-1
0,0,0,0,-1,-1,-1
153478,2,0,0,-1,-1,-1
155045,1,0,1,228,13410,13334
0,0,0,0,-1,-1,-1
155177,1,1,0,122,1833,1770
0,0,0,0,-1,-1,-1
152730,1,0,1,119,4379,4316
153532,1,0,1,81,14772,14736
0,0,0,0,-1,-1,-1
0,0,0,0,-1,-1,-1
154276,1,0,1,159,2541,2460
155379,1,1,1,34,8990,8973
153989,1,1,0,216,4954,4848
155334,1,0,1,24,2346,2330
0,0,0,0,-1,-1,-1
154640,2,0,0,-1,-1,-1
155091,1,0,1,10,5717,5717
153545,1,0,1,175,3284,3197
155067,1,1,0,97,2944,2890
155158,1,1,0,25,9375,9373
154233,1,1,1,138,6505,6458
154803,1,1,-1,134,4175,4104
0,0,0,0,-1,-1,-1
154513,1,1,0,87,1715,1675
155348,1,1,-1,146,1852,1781
153800,1,1,0,54,6223,6196
0,0,0,0,-1,-1,-1
154587,1,1,0,88,2222,2165
0,0,0,0,-1,-1,-1
0,0,0,0,-1,-1,-1
0,0,0,0,-1,-1,-1
0,0,0,0,-1,-1,-1
154639,2,0,0,-1,-1,-1
0,0,0,0,-1,-1,-1
154188,1,1,0,88,2548,2509
153611,2,0,0,-1,-1,-1
152833,1,0,1,119,1511,1431
0,0,0,0,-1,-1,-1
154411,1,1,1,174,4495,4408
154926,1,0,1,38,1359,1345
153698,2,0,0,-1,-1,-1
0,0,0,0,-1,-1,-1
153707,1,1,0,270,2577,2463
0,0,0,0,-1,-1,-1
0,0,0,0,-1,-1,-1
0,0,0,0,-1,-1,-1
0,0,0,0,-1,-1,-1
155263,1,1,1,174,5226,5150
0,0,0,0,-1,-1,-1
153293,2,0,0,-1,-1,-1
155157,1,0,1,140,4504,4451
154479,1,1,0,0,5958,5958
153369,2,0,0,-1,-1,-1
152103,1,0,1,0,859,859
0,0,0,0,-1,-1,-1
0,0,0,0,-1,-1,-1
154394,2,0,0,-1,-1,-1
0,0,0,0,-1,-1,-1
154729,1,0,1,118,4814,4764
0,0,0,0,-1,-1,-1
153925,2,0,0,-1,-1,-1
154408,2,0,0,-1,-1,-1
0,0,0,0,-1,-1,-1
0,0,0,0,-1,-1,-1
154519,2,0,0,-1,-1,-1
154191,2,0,0,-1,-1,-1
0,0,0,0,-1,-1,-1
153078,2,0,0,-1,-1,-1
0,0,0,0,-1,-1,-1
155363,1,0,1,134,4074,4035
0,0,0,0,-1,-1,-1
0,0,0,0,-1,-1,-1
154665,2,0,0,-1,-1,-1
151578,2,0,0,-1,-1,-1
154905,2,0,0,-1,-1,-1
153844,2,0,0,-1,-1,-1
153865,2,0,0,-1,-1,-1
154406,2,0,0,-1,-1,-1
155379,1,1,0,3,7481,7475
153974,1,1,-1,229,6767,6676
154806,1,0,1,156,1815,1759
155229,1,0,1,20,4513,4504
154689,2,0,0,-1,-1,-1
0,0,0,0,-1,-1,-1
154838,1,0,1,84,6373,6342
153862,1,0,1,63,27411,27393
153991,2,0,0,-1,-1,-1
153574,2,0,0,-1,-1,-1
154747,1,1,0,137,3119,3045
0,0,0,0,-1,-1,-1
0,0,0,0,-1,-1,-1
0,0,0,0,-1,-1,-1
154983,1,0,1,118,2395,2337
152532,2,0,0,-1,-1,-1
0,0,0,0,-1,-1,-1
153496,2,0,0,-1,-1,-1
0,0,0,0,-1,-1,-1
153887,1,0,1,25,2464,2440
0,0,0,0,-1,-1,-1
154141,1,1,-1,5,2777,2771
0,0,0,0,-1,-1,-1
153534,2,0,0,-1,-1,-1
154246,1,1,0,109,1844,1805
0,0,0,0,-1,-1,-1
154686,1,0,1,121,3430,3372
155265,2,0,0,-1,-1,-1
154665,1,1,0,69,2633,2570
154726,1,1,1,39,6160,6145
155112,1,1,0,158,17291,17228
0,0,0,0,-1,-1,-1
154476,2,0,0,-1,-1,-1
155098,1,1,0,122,2047,1986
155151,1,0,1,211,4922,4841
153857,2,0,0,-1,-1,-1
0,0,0,0,-1,-1,-1
0,0,0,0,-1,-1,-1
0,0,0,0,-1,-1,-1
152737,2,0,0,-1,-1,-1
0,0,0,0,-1,-1,-1
155250,1,0,1,0,4898,4898
0,0,0,0,-1,-1,-1
153697,2,0,0,-1,-1,-1
154094,2,0,0,-1,-1,-1
153869,2,0,0,-1,-1,-1
154882,1,0,1,123,2089,2024
0,0,0,0,-1,-1,-1
154476,1,0,1,100,3012,2958
0,0,0,0,-1,-1,-1
154998,1,0,1,25,6330,6314
153840,2,0,0,-1,-1,-1
154566,2,0,0,-1,-1,-1
0,0,0,0,-1,-1,-1
0,0,0,0,-1,-1,-1
154939,1,0,1,0,18424,18424
152664,1,1,0,142,3024,2990
155231,1,1,0,133,2684,2625
154652,1,1,0,31,2528,2516
155024,1,1,1,181,8750,8664
0,0,0,0,-1,-1,-1
0,0,0,0,-1,-1,-1
0,0,0,0,-1,-1,-1
155238,1,0,1,7,2196,2195
0,0,0,0,-1,-1,-1
154461,1,1,0,95,2822,2776
154899,1,1,0,82,1375,1329
154281,2,0,0,-1,-1,-1
155162,1,1,0,141,3194,3122
0,0,0,0,-1,-1,-1
154494,1,1,0,66,21304,21277
154334,1,0,1,124,3548,3494
154473,1,1,0,0,8628,8628
153979,2,0,0,-1,-1,-1
154290,2,0,0,-1,-1,-1
153542,2,0,0,-1,-1,-1
154227,1,1,-1,204,2651,2565
155142,1,1,0,234,6327,6203
153344,2,0,0,-1,-1,-1
155273,2,0,0,-1,-1,-1
154382,2,0,0,-1,-1,-1
153977,1,0,1,109,2427,2358
155018,2,0,0,-1,-1,-1
0,0,0,0,-1,-1,-1
0,0,0,0,-1,-1,-1
152793,2,0,0,-1,-1,-1
154057,2,0,0,-1,-1,-1
155243,1,0,1,27,3628,3614
155178,1,1,0,0,1020,1020
154159,1,1,0,45,2293,2268
153674,1,0,1,234,2044,1951
0,0,0,0,-1,-1,-1
154639,1,1,0,135,2027,1981
155206,1,1,0,0,6580,6580
155362,1,0,1,94,1787,1737
0,0,0,0,-1,-1,-1
153405,2,0,0,-1,-1,-1
153922,2,0,0,-1,-1,-1
0,0,0,0,-1,-1,-1
152736,2,0,0,-1,-1,-1
155235,2,0,0,-1,-1,-1
153339,1,0,1,0,2072,2072
152052,2,0,0,-1,-1,-1
155202,1,1,0,108,2965,2912
155378,1,0,1,0,2482,2482
153728,1,0,1,255,7416,7313
153178,2,0,0,-1,-1,-1
154475,1,0,1,59,5498,5483
154948,2,0,0,-1,-1,-1
154302,2,0,0,-1,-1,-1
154670,1,1,0,50,5993,5980
155376,1,0,1,79,5514,5480
0,0,0,0,-1,-1,-1
0,0,0,0,-1,-1,-1
154411,2,0,0,-1,-1,-1
153491,1,1,0,127,1194,1140
0,0,0,0,-1,-1,-1
154465,1,0,1,0,675,675
155192,1,1,0,67,6536,6518
153745,1,1,0,0,35392,35392
155032,1,1,0,58,6702,6670
154436,2,0,0,-1,-1,-1
154585,1,0,1,98,5547,5522
0,0,0,0,-1,-1,-1
154702,2,0,0,-1,-1,-1
154637,2,0,0,-1,-1,-1
153694,1,0,1,40,3721,3702
153401,2,0,0,-1,-1,-1
154891,2,0,0,-1,-1,-1
153582,1,1,0,101,2662,2611
0,0,0,0,-1,-1,-1
0,0,0,0,-1,-1,-1
154087,1,0,1,81,1882,1846
0,0,0,0,-1,-1,-1
0,0,0,0,-1,-1,-1
153916,1,1,0,0,3660,3660
153498,1,1,0,130,2225,2166
154456,1,1,0,221,2478,2391
154019,1,1,1,130,5968,5925
154228,2,0,0,-1,-1,-1
155151,1,1,0,102,4683,4638
155334,1,0,1,193,1527,1426
154417,2,0,0,-1,-1,-1
153930,2,0,0,-1,-1,-1
154230,1,1,0,126,4579,4510
154613,1,1,0,223,4920,4858
0,0,0,0,-1,-1,-1
155152,1,1,0,56,4314,4276
153190,2,0,0,-1,-1,-1
154598,2,0,0,-1,-1,-1
155202,1,0,1,131,20822,20748
0,0,0,0,-1,-1,-1
153869,2,0,0,-1,-1,-1
0,0,0,0,-1,-1,-1
154765,2,0,0,-1,-1,-1
153605,1,0,1,146,2457,2395
155384,1,1,0,81,16326,16281
154394,1,1,0,168,5983,5922
152597,1,1,0,0,7220,7220
153377,2,0,0,-1,-1,-1
0,0,0,0,-1,-1,-1
154504,1,0,1,0,6025,6025
155213,1,0,1,58,1159,1110
0,0,0,0,-1,-1,-1
154784,1,1,0,14,5824,5811
154283,1,1,0,22,4481,4476
0,0,0,0,-1,-1,-1
0,0,0,0,-1,-1,-1
154548,1,1,1,201,6111,6006
0,0,0,0,-1,-1,-1
0,0,0,0,-1,-1,-1
154007,1,0,1,124,7135,7090
154569,2,0,0,-1,-1,-1
155381,1,1,0,152,2097,2036
153865,1,1,0,93,2931,2879
154612,1,1,0,178,3664,3601
154823,1,1,-1,383,7789,7610
155384,1,1,0,173,5058,4958
154842,2,0,0,-1,-1,-1
155084,1,0,1,0,12297,12297
154097,1,0,1,10,5679,5675
0,0,0,0,-1,-1,-1
0,0,0,0,-1,-1,-1
154491,1,1,0,41,2959,2929
0,0,0,0,-1,-1,-1
154330,1,1,0,43,6417,6402
0,0,0,0,-1,-1,-1
154882,1,0,1,83,3411,3375
152232,2,0,0,-1,-1,-1
0,0,0,0,-1,-1,-1
154379,1,0,1,63,1261,1238
0,0,0,0,-1,-1,-1
0,0,0,0,-1,-1,-1
154895,2,0,0,-1,-1,-1
154592,1,1,0,93,1355,1312
0,0,0,0,-1,-1,-1
154463,2,0,0,-1,-1,-1
154303,1,1,0,73,6085,6055
0,0,0,0,-1,-1,-1
154535,2,0,0,-1,-1,-1
0,0,0,0,-1,-1,-1
154081,2,0,0,-1,-1,-1
0,0,0,0,-1,-1,-1
154653,2,0,0,-1,-1,-1
155219,1,0,1,130,6414,6371
155342,1,1,0,265,4363,4250
153052,1,1,0,167,1888,1797
152283,1,0,1,185,2424,2345
153507,2,0,0,-1,-1,-1
0,0,0,0,-1,-1,-1
155090,2,0,0,-1,-1,-1
154777,2,0,0,-1,-1,-1
152923,1,0,1,65,5012,4984
154624,2,0,0,-1,-1,-1
154912,2,0,0,-1,-1,-1
0,0,0,0,-1,-1,-1
152738,1,1,0,38,2846,2813
0,0,0,0,-1,-1,-1
152756,2,0,0,-1,-1,-1
155173,1,0,1,147,5795,5731
153850,2,0,0,-1,-1,-1
155058,2,0,0,-1,-1,-1
155131,1,0,1,0,11648,11648
0,0,0,0,-1,-1,-1
154167,2,0,0,-1,-1,-1
155198,1,1,0,76,3468,3430
154308,1,1,1,54,2431,2402
0,0,0,0,-1,-1,-1
0,0,0,0,-1,-1,-1
154058,2,0,0,-1,-1,-1
155112,1,0,1,197,3874,3773
152683,1,0,1,0,5538,5538
153672,1,1,0,128,3882,3842
154766,1,0,1,48,4991,4973
153776,2,0,0,-1,-1,-1
154425,1,1,0,99,1965,1915
151965,2,0,0,-1,-1,-1
155048,2,0,0,-1,-1,-1
0,0,0,0,-1,-1,-1
154586,1,0,1,0,28188,28188
0,0,0,0,-1,-1,-1
154296,2,0,0,-1,-1,-1
154199,1,1,0,168,2045,1983
155159,1,0,1,90,2338,2292
154018,2,0,0,-1,-1,-1
153626,2,0,0,-1,-1,-1
153916,2,0,0,-1,-1,-1
154393,2,0,0,-1,-1,-1
153090,1,0,1,0,9586,9586
0,0,0,0,-1,-1,-1
0,0,0,0,-1,-1,-1
0,0,0,0,-1,-1,-1
153484,1,0,1,105,8096,8035
155157,1,0,1,90,2465,2432
152872,2,0,0,-1,-1,-1
0,0,0,0,-1,-1,-1
154638,2,0,0,-1,-1,-1
155243,1,1,0,103,3577,3542
0,0,0,0,-1,-1,-1
154792,2,0,0,-1,-1,-1
0,0,0,0,-1,-1,-1
0,0,0,0,-1,-1,-1
0,0,0,0,-1,-1,-1
0,0,0,0,-1,-1,-1
155299,1,1,0,26,2745,2728
153910,2,0,0,-1,-1,-1
153880,1,1,-1,80,7367,7321
0,0,0,0,-1,-1,-1
153056,2,0,0,-1,-1,-1
153803,1,0,1,18,4352,4337
154064,1,0,1,114,2261,2217
155221,1,1,0,0,1971,1971
154964,1,0,1,18,7586,7578
154397,1,0,1,80,4891,4852
153605,1,0,1,35,2949,2937
0,0,0,0,-1,-1,-1
0,0,0,0,-1,-1,-1
0,0,0,0,-1,-1,-1
154423,2,0,0,-1,-1,-1
154599,2,0,0,-1,-1,-1
155151,1,0,1,26,3428,3417
153597,1,1,0,42,9300,9283
154034,1,0,1,22,2681,2666
154971,1,1,0,85,5718,5684
154813,2,0,0,-1,-1,-1
0,0,0,0,-1,-1,-1
153042,2,0,0,-1,-1,-1
0,0,0,0,-1,-1,-1
154776,2,0,0,-1,-1,-1
154882,1,0,1,30,4373,4360
153889,1,1,0,137,2316,2256
153641,2,0,0,-1,-1,-1
153321,2,0,0,-1,-1,-1
0,0,0,0,-1,-1,-1
154466,2,0,0,-1,-1,-1
155009,1,1,1,237,2784,2679
153251,2,0,0,-1,-1,-1
154484,2,0,0,-1,-1,-1
0,0,0,0,-1,-1,-1
154802,2,0,0,-1,-1,-1
155381,1,0,1,85,3729,3701
154113,2,0,0,-1,-1,-1
154878,1,1,0,28,2227,2214
154188,2,0,0,-1,-1,-1
0,0,0,0,-1,-1,-1
0,0,0,0,-1,-1,-1
154615,2,0,0,-1,-1,-1
154115,2,0,0,-1,-1,-1
154593,2,0,0,-1,-1,-1
153996,2,0,0,-1,-1,-1
153517,2,0,0,-1,-1,-1
153825,1,0,1,0,104,104
154789,1,1,0,82,1226,1183
154182,1,1,0,78,3790,3755
154733,1,0,1,90,2516,2485
154789,2,0,0,-1,-1,-1
155253,1,1,0,169,1696,1603
0,0,0,0,-1,-1,-1
154938,1,0,1,6,14016,14011
154322,1,0,1,133,2497,2430
0,0,0,0,-1,-1,-1
153728,1,1,0,0,3477,3477
155141,2,0,0,-1,-1,-1
154790,1,0,1,41,3688,3669
154632,1,1,0,53,2420,2388
153654,2,0,0,-1,-1,-1
0,0,0,0,-1,-1,-1
0,0,0,0,-1,-1,-1
154312,1,1,0,79,27666,27630
153730,1,0,1,75,3059,3034
154633,2,0,0,-1,-1,-1
155098,1,0,1,135,7515,7447
154973,1,0,1,98,4023,3969
152644,2,0,0,-1,-1,-1
0,0,0,0,-1,-1,-1
154383,2,0,0,-1,-1,-1
154927,1,1,0,54,3067,3033
155022,1,1,1,192,8161,8067
154260,2,0,0,-1,-1,-1
0,0,0,0,-1,-1,-1
153599,1,1,0,0,904,904
155381,1,1,0,69,24262,24247
0,0,0,0,-1,-1,-1
0,0,0,0,-1,-1,-1
153461,2,0,0,-1,-1,-1
155136,1,1,-1,0,2469,2469
153260,1,1,0,76,1227,1180
0,0,0,0,-1,-1,-1
154274,2,0,0,-1,-1,-1
0,0,0,0,-1,-1,-1
0,0,0,0,-1,-1,-1
154218,1,0,1,191,1835,1762
0,0,0,0,-1,-1,-1
153659,1,1,0,0,4662,4662
154921,2,0,0,-1,-1,-1
0,0,0,0,-1,-1,-1
154374,1,0,1,128,3640,3576
0,0,0,0,-1,-1,-1
154245,2,0,0,-1,-1,-1
154072,1,1,0,162,3912,3823
154809,2,0,0,-1,-1,-1
154796,2,0,0,-1,-1,-1
153876,2,0,0,-1,-1,-1
154062,2,0,0,-1,-1,-1
153665,2,0,0,-1,-1,-1
154454,2,0,0,-1,-1,-1
155162,1,1,0,96,2192,2147
155306,1,0,1,172,1990,1927
155364,1,1,0,144,4929,4846
0,0,0,0,-1,-1,-1
154567,1,0,1,101,3826,3763
155359,1,1,0,23,5413,5403
153112,2,0,0,-1,-1,-1
0,0,0,0,-1,-1,-1
0,0,0,0,-1,-1,-1
0,0,0,0,-1,-1,-1
155133,1,0,1,0,18960,18960
154653,1,1,0,119,3013,2950
153124,2,0,0,-1,-1,-1
0,0,0,0,-1,-1,-1
154759,1,0,1,154,3241,3180
154287,2,0,0,-1,-1,-1
154752,2,0,0,-1,-1,-1
154276,2,0,0,-1,-1,-1
154684,1,1,0,44,3670,3651
153556,1,0,1,89,3209,3181
153961,1,0,1,0,4334,4334
0,0,0,0,-1,-1,-1
154050,2,0,0,-1,-1,-1
0,0,0,0,-1,-1,-1
0,0,0,0,-1,-1,-1
153474,2,0,0,-1,-1,-1
154819,2,0,0,-1,-1,-1
0,0,0,0,-1,-1,-1
0,0,0,0,-1,-1,-1
0,0,0,0,-1,-1,-1
151982,2,0,0,-1,-1,-1
155213,1,1,0,85,7294,7264
154751,1,0,1,73,7835,7803
154467,1,1,0,104,1657,1599
155309,1,1,0,235,2835,2741
154953,1,1,0,54,5104,5086
155046,1,1,0,334,4805,4669
155018,2,0,0,-1,-1,-1
154865,2,0,0,-1,-1,-1
0,0,0,0,-1,-1,-1
0,0,0,0,-1,-1,-1
0,0,0,0,-1,-1,-1
0,0,0,0,-1,-1,-1
154218,1,0,1,0,9583,9583
154764,1,1,0,205,2749,2659
154112,1,0,1,44,1321,1302
0,0,0,0,-1,-1,-1
0,0,0,0,-1,-1,-1
154323,1,0,1,5,10894,10893
153401,1,0,1,15,2217,2213
155314,1,1,0,67,8743,8711
154375,1,0,1,48,1619,1592
154082,2,0,0,-1,-1,-1
155346,1,0,1,192,4657,4576
154756,1,1,1,122,8059,8004
153946,2,0,0,-1,-1,-1
154932,1,1,0,191,7155,7069
154987,1,0,1,201,3606,3522
153772,2,0,0,-1,-1,-1
153497,2,0,0,-1,-1,-1
153941,2,0,0,-1,-1,-1
154140,1,0,1,53,3410,3388
153621,2,0,0,-1,-1,-1
153527,1,0,1,33,3766,3756
154383,2,0,0,-1,-1,-1
155245,1,0,1,134,27959,27865
0,0,0,0,-1,-1,-1
0,0,0,0,-1,-1,-1
154987,1,1,0,80,2055,2024
0,0,0,0,-1,-1,-1
0,0,0,0,-1,-1,-1
154258,1,1,0,238,7656,7576
0,0,0,0,-1,-1,-1
153570,2,0,0,-1,-1,-1
154820,1,0,1,95,8497,8471
0,0,0,0,-1,-1,-1
155107,1,0,1,116,3534,3480
0,0,0,0,-1,-1,-1
154553,1,0,1,82,1823,1755
154655,2,0,0,-1,-1,-1
0,0,0,0,-1,-1,-1
0,0,0,0,-1,-1,-1
153448,2,0,0,-1,-1,-1
153723,2,0,0,-1,-1,-1
0,0,0,0,-1,-1,-1
154568,2,0,0,-1,-1,-1
154711,2,0,0,-1,-1,-1
0,0,0,0,-1,-1,-1
153740,2,0,0,-1,-1,-1
153523,1,1,0,65,4315,4271
153736,2,0,0,-1,-1,-1
154321,1,0,1,0,10235,10235
0,0,0,0,-1,-1,-1
153579,2,0,0,-1,-1,-1
154421,2,0,0,-1,-1,-1
154096,2,0,0,-1,-1,-1
155204,1,0,1,234,6042,5920
155222,1,1,0,14,5169,5163
155343,1,1,0,90,1993,1948
154547,2,0,0,-1,-1,-1
153899,2,0,0,-1,-1,-1
154515,2,0,0,-1,-1,-1
0,0,0,0,-1,-1,-1
155329,1,0,1,39,4330,4315
155260,2,0,0,-1,-1,-1
0,0,0,0,-1,-1,-1
155181,1,0,1,103,3309,3288
154783,2,0,0,-1,-1,-1
154602,1,0,1,112,4649,4599
155146,1,0,1,156,3234,3174
0,0,0,0,-1,-1,-1
154672,2,0,0,-1,-1,-1
154306,1,0,1,100,1235,1195
0,0,0,0,-1,-1,-1
0,0,0,0,-1,-1,-1
0,0,0,0,-1,-1,-1
154585,2,0,0,-1,-1,-1
0,0,0,0,-1,-1,-1
155229,1,1,0,15,4793,4792
150380,2,0,0,-1,-1,-1
0,0,0,0,-1,-1,-1
154989,1,0,1,0,14178,14178
153981,1,0,1,90,705,666
154938,1,1,0,116,3735,3668
155310,1,1,0,254,4422,4308
154678,1,0,1,189,12297,12212
153827,2,0,0,-1,-1,-1
0,0,0,0,-1,-1,-1
153151,2,0,0,-1,-1,-1
152982,1,0,1,0,3708,3708
154606,1,1,0,99,7090,7032
154784,1,1,0,103,6534,6488
154160,2,0,0,-1,-1,-1
0,0,0,0,-1,-1,-1
0,0,0,0,-1,-1,-1
0,0,0,0,-1,-1,-1
154641,1,0,1,0,7624,7624
0,0,0,0,-1,-1,-1
0,0,0,0,-1,-1,-1
154220,1,0,1,0,20944,20944
155271,1,1,0,196,4189,4078
155254,2,0,0,-1,-1,-1
155035,1,0,1,0,3717,3717
0,0,0,0,-1,-1,-1
154841,1,0,1,158,4539,4470
0,0,0,0,-1,-1,-1
152880,1,1,0,258,3078,2972
154916,2,0,0,-1,-1,-1
155254,1,0,1,0,8651,8651
154014,1,0,1,89,3782,3740
154683,1,1,1,143,10277,10225
154677,2,0,0,-1,-1,-1
0,0,0,0,-1,-1,-1
154380,1,0,1,105,3066,2998
0,0,0,0,-1,-1,-1
155194,1,1,-1,111,4681,4632
0,0,0,0,-1,-1,-1
154661,1,1,-1,162,4805,4743
155322,1,1,0,108,1262,1226
154973,2,0,0,-1,-1,-1
154561,1,0,1,217,7386,7275
0,0,0,0,-1,-1,-1
154313,1,0,1,146,4126,4049
0,0,0,0,-1,-1,-1
153167,2,0,0,-1,-1,-1
154541,1,0,1,200,1462,1371
154859,1,1,0,33,1237,1227
154938,2,0,0,-1,-1,-1
155299,1,1,0,192,3127,3033
0,0,0,0,-1,-1,-1
0,0,0,0,-1,-1,-1
0,0,0,0,-1,-1,-1
0,0,0,0,-1,-1,-1
0,0,0,0,-1,-1,-1
0,0,0,0,-1,-1,-1
0,0,0,0,-1,-1,-1
153730,2,0,0,-1,-1,-1
154521,2,0,0,-1,-1,-1
153114,1,0,1,104,7092,7034
154572,1,0,1,77,6813,6771
155164,1,1,0,128,3239,3185
155125,1,1,0,0,1216,1216
153894,2,0,0,-1,-1,-1
0,0,0,0,-1,-1,-1
0,0,0,0,-1,-1,-1
155197,1,1,0,160,2037,1937
154682,1,0,1,46,4455,4432
0,0,0,0,-1,-1,-1
0,0,0,0,-1,-1,-1
0,0,0,0,-1,-1,-1
154098,1,1,0,0,409,409
0,0,0,0,-1,-1,-1
154470,2,0,0,-1,-1,-1
0,0,0,0,-1,-1,-1
154044,2,0,0,-1,-1,-1
155114,1,1,0,107,3374,3314
153947,2,0,0,-1,-1,-1
153959,1,0,1,0,2340,2340
154127,1,1,0,58,2220,2196
153971,1,0,1,0,6372,6372
154641,1,1,0,28,3981,3970
153416,1,0,1,0,4245,4245
0,0,0,0,-1,-1,-1
154907,1,0,1,225,8392,8287
154330,2,0,0,-1,-1,-1
154898,1,1,0,102,1238,1207
154443,2,0,0,-1,-1,-1
154316,2,0,0,-1,-1,-1
0,0,0,0,-1,-1,-1
154547,1,1,0,18,3062,3055
0,0,0,0,-1,-1,-1
154729,2,0,0,-1,-1,-1
154472,2,0,0,-1,-1,-1
155002,1,0,1,160,3132,3073
155340,1,1,1,105,3147,3099
0,0,0,0,-1,-1,-1
0,0,0,0,-1,-1,-1
0,0,0,0,-1,-1,-1
0,0,0,0,-1,-1,-1
154293,2,0,0,-1,-1,-1
154831,2,0,0,-1,-1,-1
153096,2,0,0,-1,-1,-1
154859,1,1,-1,230,6485,6402
154571,2,0,0,-1,-1,-1
153959,2,0,0,-1,-1,-1
155096,1,0,1,83,8160,8124
154875,1,0,1,75,4944,4902
155095,1,1,0,0,11102,11102
0,0,0,0,-1,-1,-1
153561,1,0,1,3,7808,7808
0,0,0,0,-1,-1,-1
154704,2,0,0,-1,-1,-1
154195,2,0,0,-1,-1,-1
155132,1,1,0,57,1988,1957
0,0,0,0,-1,-1,-1
155262,1,1,0,0,13082,13082
154929,1,1,1,77,11496,11463
153921,2,0,0,-1,-1,-1
154415,1,0,1,52,5683,5664
154258,2,0,0,-1,-1,-1
153513,1,0,1,63,3590,3564
154169,1,1,1,121,3493,3449
154094,2,0,0,-1,-1,-1
0,0,0,0,-1,-1,-1
154796,1,0,1,63,3350,3327
0,0,0,0,-1,-1,-1
154710,2,0,0,-1,-1,-1
154709,1,0,1,114,8417,8366
155205,1,0,1,102,2591,2539
0,0,0,0,-1,-1,-1
155240,1,0,1,225,2706,2624
0,0,0,0,-1,-1,-1
0,0,0,0,-1,-1,-1
154618,2,0,0,-1,-1,-1
154618,1,0,1,38,1374,1365
0,0,0,0,-1,-1,-1
0,0,0,0,-1,-1,-1
153113,2,0,0,-1,-1,-1
0,0,0,0,-1,-1,-1
153882,2,0,0,-1,-1,-1
155083,2,0,0,-1,-1,-1
154599,2,0,0,-1,-1,-1
154495,2,0,0,-1,-1,-1
0,0,0,0,-1,-1,-1
154384,2,0,0,-1,-1,-1
0,0,0,0,-1,-1,-1
152409,2,0,0,-1,-1,-1
154659,1,0,1,0,6032,6032
154195,2,0,0,-1,-1,-1
0,0,0,0,-1,-1,-1
154735,2,0,0,-1,-1,-1
153061,1,1,0,0,10794,10794
154190,1,1,-1,205,4652,4562
0,0,0,0,-1,-1,-1
154243,1,0,1,103,3685,3639
154472,2,0,0,-1,-1,-1
155148,1,1,-1,160,4364,4275
155069,1,1,0,86,4429,4400
154928,2,0,0,-1,-1,-1
154696,1,0,1,131,2601,2561
155129,1,1,0,81,4287,4235
154355,2,0,0,-1,-1,-1
0,0,0,0,-1,-1,-1
154022,2,0,0,-1,-1,-1
0,0,0,0,-1,-1,-1
154837,2,0,0,-1,-1,-1
154984,1,1,0,59,369,332
152429,2,0,0,-1,-1,-1
0,0,0,0,-1,-1,-1
154223,1,0,1,166,2357,2286
154736,1,1,0,80,8024,7984
153863,1,0,1,0,1820,1820
153977,2,0,0,-1,-1,-1
155351,1,1,0,99,5084,5033
153269,2,0,0,-1,-1,-1
154157,2,0,0,-1,-1,-1
0,0,0,0,-1,-1,-1
153913,1,0,1,18,18123,18116
154369,2,0,0,-1,-1,-1
153753,1,1,0,33,2486,2473
154675,2,0,0,-1,-1,-1
155351,1,1,0,126,2304,2249
0,0,0,0,-1,-1,-1
153820,2,0,0,-1,-1,-1
0,0,0,0,-1,-1,-1
153839,2,0,0,-1,-1,-1
154185,1,1,0,148,1349,1282
0,0,0,0,-1,-1,-1
153595,2,0,0,-1,-1,-1
0,0,0,0,-1,-1,-1
154340,2,0,0,-1,-1,-1
155018,1,1,0,85,11152,11109
155184,1,0,1,0,6469,6469
155047,2,0,0,-1,-1,-1
155239,1,1,0,55,4980,4965
154023,2,0,0,-1,-1,-1
155210,2,0,0,-1,-1,-1
155282,1,0,1,35,6062,6042
154440,1,1,0,0,924,924
154465,2,0,0,-1,-1,-1
0,0,0,0,-1,-1,-1
0,0,0,0,-1,-1,-1
155346,1,0,1,216,3033,2918
152902,2,0,0,-1,-1,-1
153976,2,0,0,-1,-1,-1
0,0,0,0,-1,-1,-1
155007,2,0,0,-1,-1,-1
0,0,0,0,-1,-1,-1
155222,1,1,0,161,8599,8542
154933,1,1,0,0,4872,4872
153515,2,0,0,-1,-1,-1
0,0,0,0,-1,-1,-1
0,0,0,0,-1,-1,-1
154889,1,0,1,98,1587,1550
0,0,0,0,-1,-1,-1
155179,1,1,1,189,5001,4925
153950,2,0,0,-1,-1,-1
0,0,0,0,-1,-1,-1
155074,1,0,1,40,6485,6455
0,0,0,0,-1,-1,-1
0,0,0,0,-1,-1,-1
0,0,0,0,-1,-1,-1
154983,1,0,1,212,4857,4749
0,0,0,0,-1,-1,-1
154674,2,0,0,-1,-1,-1
0,0,0,0,-1,-1,-1
153945,2,0,0,-1,-1,-1
153494,2,0,0,-1,-1,-1
154977,2,0,0,-1,-1,-1
154561,2,0,0,-1,-1,-1
153262,2,0,0,-1,-1,-1
0,0,0,0,-1,-1,-1
154190,2,0,0,-1,-1,-1
0,0,0,0,-1,-1,-1
0,0,0,0,-1,-1,-1
155068,1,0,1,89,7215,7183
151781,2,0,0,-1,-1,-1
0,0,0,0,-1,-1,-1
154897,1,1,0,0,10377,10377
0,0,0,0,-1,-1,-1
0,0,0,0,-1,-1,-1
0,0,0,0,-1,-1,-1
153709,2,0,0,-1,-1,-1
154653,1,1,0,0,10017,10017
153779,2,0,0,-1,-1,-1
152627,2,0,0,-1,-1,-1
153526,1,0,1,224,2295,2222
153187,1,1,0,9,1241,1235
154555,2,0,0,-1,-1,-1
0,0,0,0,-1,-1,-1
153625,1,1,0,107,3128,3083
154081,2,0,0,-1,-1,-1
154754,1,1,-1,206,5237,5162
153150,1,1,0,123,4598,4559
0,0,0,0,-1,-1,-1
153025,2,0,0,-1,-1,-1
154542,2,0,0,-1,-1,-1
153743,1,0,1,71,5360,5340
154442,2,0,0,-1,-1,-1
0,0,0,0,-1,-1,-1
155013,1,1,0,131,5142,5069
153836,2,0,0,-1,-1,-1
154292,1,1,0,69,4766,4742
154967,1,0,1,67,5639,5601
0,0,0,0,-1,-1,-1
154822,2,0,0,-1,-1,-1
153187,1,0,1,79,1950,1902
0,0,0,0,-1,-1,-1
0,0,0,0,-1,-1,-1
154208,2,0,0,-1,-1,-1
0,0,0,0,-1,-1,-1
154913,2,0,0,-1,-1,-1
0,0,0,0,-1,-1,-1
154908,2,0,0,-1,-1,-1
154485,2,0,0,-1,-1,-1
0,0,0,0,-1,-1,-1
155146,1,0,1,33,7171,7161
154368,1,1,0,106,12395,12338
154590,1,0,1,45,4258,4234
153612,2,0,0,-1,-1,-1
155076,2,0,0,-1,-1,-1
154132,1,0,1,83,4501,4461
155277,1,0,1,95,3530,3488
154974,1,1,0,131,13827,13775
155341,1,1,0,34,3569,3550
154378,2,0,0,-1,-1,-1
153206,2,0,0,-1,-1,-1
154229,2,0,0,-1,-1,-1
154840,1,0,1,191,3573,3458
154719,1,0,1,78,2944,2894
0,0,0,0,-1,-1,-1
0,0,0,0,-1,-1,-1
0,0,0,0,-1,-1,-1
0,0,0,0,-1,-1,-1
154849,2,0,0,-1,-1,-1
154091,2,0,0,-1,-1,-1
154752,1,0,1,55,4948,4918
0,0,0,0,-1,-1,-1
0,0,0,0,-1,-1,-1
154993,1,1,0,117,2450,2403
0,0,0,0,-1,-1,-1
153889,1,0,1,75,5159,5133
0,0,0,0,-1,-1,-1
153845,1,1,0,110,1711,1682
0,0,0,0,-1,-1,-1
153873,1,0,1,83,12280,12252
0,0,0,0,-1,-1,-1
0,0,0,0,-1,-1,-1
155271,1,0,1,143,5301,5205
0,0,0,0,-1,-1,-1
155215,1,0,1,100,3055,3011
155198,1,0,1,191,2166,2057
154849,2,0,0,-1,-1,-1
154611,1,0,1,41,11294,11286
154331,2,0,0,-1,-1,-1
153504,2,0,0,-1,-1,-1
154460,1,0,1,161,4703,4619
0,0,0,0,-1,-1,-1
154657,2,0,0,-1,-1,-1
0,0,0,0,-1,-1,-1
0,0,0,0,-1,-1,-1
0,0,0,0,-1,-1,-1
0,0,0,0,-1,-1,-1
154792,1,1,0,117,5673,5626
154462,1,1,0,109,8205,8143
0,0,0,0,-1,-1,-1
154319,2,0,0,-1,-1,-1
152552,2,0,0,-1,-1,-1
155284,1,0,1,10,6353,6347
154508,2,0,0,-1,-1,-1
0,0,0,0,-1,-1,-1
0,0,0,0,-1,-1,-1
0,0,0,0,-1,-1,-1
155011,1,1,0,23,380,365
153938,2,0,0,-1,-1,-1
153790,2,0,0,-1,-1,-1
0,0,0,0,-1,-1,-1
154829,2,0,0,-1,-1,-1
154820,1,1,0,36,3519,3492
0,0,0,0,-1,-1,-1
154861,2,0,0,-1,-1,-1
0,0,0,0,-1,-1,-1
155382,1,1,1,216,6359,6284
154601,1,0,1,28,5634,5617
153747,2,0,0,-1,-1,-1
0,0,0,0,-1,-1,-1
152586,2,0,0,-1,-1,-1
151082,1,1,0,38,15594,15588
0,0,0,0,-1,-1,-1
0,0,0,0,-1,-1,-1
153910,2,0,0,-1,-1,-1
0,0,0,0,-1,-1,-1
151827,1,1,0,33,2303,2285
154196,1,1,0,83,7890,7857
155057,1,0,1,71,9139,9099
155137,2,0,0,-1,-1,-1
0,0,0,0,-1,-1,-1
0,0,0,0,-1,-1,-1
0,0,0,0,-1,-1,-1
153776,2,0,0,-1,-1,-1
0,0,0,0,-1,-1,-1
0,0,0,0,-1,-1,-1
153743,1,0,1,4,2575,2570
151909,2,0,0,-1,-1,-1
154234,2,0,0,-1,-1,-1
154790,2,0,0,-1,-1,-1
155176,1,0,1,173,1241,1173
154181,2,0,0,-1,-1,-1
0,0,0,0,-1,-1,-1
0,0,0,0,-1,-1,-1
154091,2,0,0,-1,-1,-1
155254,1,1,0,119,1981,1913
0,0,0,0,-1,-1,-1
0,0,0,0,-1,-1,-1
154310,2,0,0,-1,-1,-1
155317,1,1,1,74,7178,7132
155060,1,0,1,273,2488,2360
155333,1,1,0,108,3731,3672
155039,2,0,0,-1,-1,-1
0,0,0,0,-1,-1,-1
154341,1,1,0,57,11150,11118
153612,2,0,0,-1,-1,-1
154224,2,0,0,-1,-1,-1
153392,1,0,1,235,4651,4540
154782,1,0,1,117,3037,2987
154489,2,0,0,-1,-1,-1
154747,1,1,0,15,6317,6310
0,0,0,0,-1,-1,-1
0,0,0,0,-1,-1,-1
154754,1,1,0,0,2586,2586
0,0,0,0,-1,-1,-1
154429,1,0,1,67,4242,4215
153794,2,0,0,-1,-1,-1
0,0,0,0,-1,-1,-1
152814,1,0,1,178,1667,1588
0,0,0,0,-1,-1,-1
0,0,0,0,-1,-1,-1
153854,2,0,0,-1,-1,-1
154034,1,0,1,249,2967,2842
154241,2,0,0,-1,-1,-1
155155,1,1,0,93,2506,2439
154482,1,0,1,94,6529,6490
155166,1,1,0,196,1641,1545
155256,1,1,0,31,17078,17062
0,0,0,0,-1,-1,-1
154089,2,0,0,-1,-1,-1
153172,2,0,0,-1,-1,-1
152917,2,0,0,-1,-1,-1
0,0,0,0,-1,-1,-1
154524,2,0,0,-1,-1,-1
154800,1,1,0,96,2624,2563
0,0,0,0,-1,-1,-1
154907,1,1,-1,225,3931,3837
154713,1,0,1,37,13735,13707
0,0,0,0,-1,-1,-1
152461,1,0,1,22,9462,9452
155335,1,0,1,125,2639,2602
0,0,0,0,-1,-1,-1
154514,2,0,0,-1,-1,-1
154833,1,1,0,236,7759,7664
153763,1,0,1,185,1793,1712
0,0,0,0,-1,-1,-1
154789,2,0,0,-1,-1,-1
154661,2,0,0,-1,-1,-1
153065,2,0,0,-1,-1,-1
154011,2,0,0,-1,-1,-1
153391,2,0,0,-1,-1,-1
154435,1,1,0,0,1524,1524
154720,1,1,1,172,4807,4730
154904,1,1,0,133,3876,3833
0,0,0,0,-1,-1,-1
154996,1,1,0,92,6941,6893
155358,1,0,1,162,5203,5151
154471,2,0,0,-1,-1,-1
154330,2,0,0,-1,-1,-1
151069,1,1,0,144,1833,1747
0,0,0,0,-1,-1,-1
0,0,0,0,-1,-1,-1
0,0,0,0,-1,-1,-1
154745,1,0,1,67,2562,2536
155094,1,0,1,92,3103,3054
154348,2,0,0,-1,-1,-1
153751,2,0,0,-1,-1,-1
0,0,0,0,-1,-1,-1
155058,1,0,1,130,2775,2715
154016,2,0,0,-1,-1,-1
154508,2,0,0,-1,-1,-1
154530,2,0,0,-1,-1,-1
0,0,0,0,-1,-1,-1
154461,2,0,0,-1,-1,-1
0,0,0,0,-1,-1,-1
0,0,0,0,-1,-1,-1
154631,1,0,1,208,5884,5792
0,0,0,0,-1,-1,-1
152997,2,0,0,-1,-1,-1
0,0,0,0,-1,-1,-1
155186,2,0,0,-1,-1,-1
153209,2,0,0,-1,-1,-1
0,0,0,0,-1,-1,-1
154730,2,0,0,-1,-1,-1
0,0,0,0,-1,-1,-1
0,0,0,0,-1,-1,-1
153559,2,0,0,-1,-1,-1
154347,2,0,0,-1,-1,-1
154193,2,0,0,-1,-1,-1
153331,1,1,0,129,2159,2101
154395,1,0,1,134,1496,1438
153757,1,0,1,74,2827,2771
155166,1,0,1,125,3134,3058
0,0,0,0,-1,-1,-1
154284,2,0,0,-1,-1,-1
153371,1,1,0,136,2471,2420
0,0,0,0,-1,-1,-1
154810,1,0,1,104,2765,2723
154975,2,0,0,-1,-1,-1
0,0,0,0,-1,-1,-1
0,0,0,0,-1,-1,-1
154074,2,0,0,-1,-1,-1
154169,2,0,0,-1,-1,-1
0,0,0,0,-1,-1,-1
0,0,0,0,-1,-1,-1
0,0,0,0,-1,-1,-1
154209,2,0,0,-1,-1,-1
0,0,0,0,-1,-1,-1
154483,2,0,0,-1,-1,-1
153646,2,0,0,-1,-1,-1
0,0,0,0,-1,-1,-1
155269,2,0,0,-1,-1,-1
0,0,0,0,-1,-1,-1
0,0,0,0,-1,-1,-1
153777,1,0,1,138,1589,1534
151579,2,0,0,-1,-1,-1
0,0,0,0,-1,-1,-1
0,0,0,0,-1,-1,-1
154850,1,0,1,24,12807,12797
0,0,0,0,-1,-1,-1
154535,2,0,0,-1,-1,-1
153919,2,0,0,-1,-1,-1
155207,1,0,1,30,3049,3034
154759,1,0,1,128,2830,2746
154532,1,1,0,47,8179,8136
153973,2,0,0,-1,-1,-1
0,0,0,0,-1,-1,-1
154533,1,0,1,134,2012,1967
0,0,0,0,-1,-1,-1
0,0,0,0,-1,-1,-1
154402,2,0,0,-1,-1,-1
0,0,0,0,-1,-1,-1
0,0,0,0,-1,-1,-1
154171,1,1,0,0,8255,8255
154693,2,0,0,-1,-1,-1
153654,2,0,0,-1,-1,-1
0,0,0,0,-1,-1,-1
153322,2,0,0,-1,-1,-1
153827,1,1,0,23,1294,1284
154307,2,0,0,-1,-1,-1
154377,2,0,0,-1,-1,-1
0,0,0,0,-1,-1,-1
0,0,0,0,-1,-1,-1
154056,1,1,0,201,3768,3690
154969,2,0,0,-1,-1,-1
155198,1,0,1,154,3403,3336
0,0,0,0,-1,-1,-1
154084,2,0,0,-1,-1,-1
0,0,0,0,-1,-1,-1
0,0,0,0,-1,-1,-1
154573,1,1,0,58,6075,6052
0,0,0,0,-1,-1,-1
155040,1,0,1,88,3022,2977
154116,2,0,0,-1,-1,-1
153306,2,0,0,-1,-1,-1
153935,1,0,1,100,4940,4893
154483,1,1,0,0,9936,9936
154639,2,0,0,-1,-1,-1
0,0,0,0,-1,-1,-1
154697,1,0,1,68,2581,2534
153830,2,0,0,-1,-1,-1
0,0,0,0,-1,-1,-1
155270,1,1,0,7,20618,20616
153558,2,0,0,-1,-1,-1
154944,1,0,1,90,5432,5413
154935,1,0,1,50,3884,3860
154304,2,0,0,-1,-1,-1
0,0,0,0,-1,-1,-1
0,0,0,0,-1,-1,-1
155037,2,0,0,-1,-1,-1
155218,1,1,0,0,1764,1764
154537,1,0,1,93,3035,2991
153663,1,1,-1,85,11281,11238
154152,2,0,0,-1,-1,-1
154580,1,1,1,89,4225,4190
154876,2,0,0,-1,-1,-1
154461,2,0,0,-1,-1,-1
0,0,0,0,-1,-1,-1
154892,1,1,0,134,2974,2922
154709,2,0,0,-1,-1,-1
153315,1,0,1,43,6075,6065
153708,2,0,0,-1,-1,-1
155082,1,0,1,0,4887,4887
154382,1,1,0,78,3421,3388
154975,1,0,1,153,4113,4044
154906,1,0,1,54,4359,4325
153376,1,1,0,84,2532,2486
0,0,0,0,-1,-1,-1
0,0,0,0,-1,-1,-1
0,0,0,0,-1,-1,-1
0,0,0,0,-1,-1,-1
153619,1,1,0,0,10251,10251
153610,1,0,1,123,2761,2701
153624,2,0,0,-1,-1,-1
0,0,0,0,-1,-1,-1
0,0,0,0,-1,-1,-1
154255,2,0,0,-1,-1,-1
152729,1,1,0,100,10214,10167
0,0,0,0,-1,-1,-1
0,0,0,0,-1,-1,-1
154002,2,0,0,-1,-1,-1
154579,2,0,0,-1,-1,-1
155269,1,0,1,29,2822,2808
0,0,0,0,-1,-1,-1
154721,1,1,0,180,2345,2271
154890,1,0,1,69,4426,4390
154452,2,0,0,-1,-1,-1
153582,2,0,0,-1,-1,-1
153441,2,0,0,-1,-1,-1
0,0,0,0,-1,-1,-1
155218,1,0,1,43,21288,21262
154206,1,1,0,62,2709,2677
154330,2,0,0,-1,-1,-1
154145,1,1,1,163,4849,4762
153420,2,0,0,-1,-1,-1
155016,1,0,1,0,6099,6099
153199,2,0,0,-1,-1,-1
154679,1,1,1,111,4984,4920
154543,1,0,1,54,5731,5704
0,0,0,0,-1,-1,-1
154344,1,1,-1,160,4537,4454
0,0,0,0,-1,-1,-1
155044,1,1,0,216,1665,1598
154792,1,1,0,95,19877,19834
0,0,0,0,-1,-1,-1
0,0,0,0,-1,-1,-1
153772,2,0,0,-1,-1,-1
153729,1,1,0,86,9105,9047
0,0,0,0,-1,-1,-1
0,0,0,0,-1,-1,-1
154045,2,0,0,-1,-1,-1
0,0,0,0,-1,-1,-1
153210,2,0,0,-1,-1,-1
154276,2,0,0,-1,-1,-1
153956,1,1,0,91,2093,2056
154594,2,0,0,-1,-1,-1
0,0,0,0,-1,-1,-1
154509,2,0,0,-1,-1,-1
0,0,0,0,-1,-1,-1
154480,2,0,0,-1,-1,-1
152869,2,0,0,-1,-1,-1
155086,2,0,0,-1,-1,-1
154306,2,0,0,-1,-1,-1
153167,1,1,0,16,4947,4941
154465,1,0,1,55,2333,2307
154936,1,1,0,139,2866,2800
152899,1,1,0,144,2380,2327
0,0,0,0,-1,-1,-1
154743,1,1,0,88,4380,4316
154670,1,1,0,57,3204,3184
0,0,0,0,-1,-1,-1
151115,1,0,1,74,3088,3046
155230,1,1,0,251,4783,4630
0,0,0,0,-1,-1,-1
0,0,0,0,-1,-1,-1
0,0,0,0,-1,-1,-1
153850,1,0,1,0,2857,2857
154436,2,0,0,-1,-1,-1
152520,2,0,0,-1,-1,-1
0,0,0,0,-1,-1,-1
153205,2,0,0,-1,-1,-1
0,0,0,0,-1,-1,-1
154222,1,1,1,129,7998,7926
155269,1,0,1,86,3438,3406
155357,1,0,1,19,906,891
0,0,0,0,-1,-1,-1
153105,2,0,0,-1,-1,-1
154248,1,0,1,132,1937,1856
0,0,0,0,-1,-1,-1
0,0,0,0,-1,-1,-1
154001,2,0,0,-1,-1,-1
0,0,0,0,-1,-1,-1
0,0,0,0,-1,-1,-1
154453,1,1,0,22,6506,6493
0,0,0,0,-1,-1,-1
154952,2,0,0,-1,-1,-1
151951,2,0,0,-1,-1,-1
154333,1,0,1,103,5293,5251
0,0,0,0,-1,-1,-1
0,0,0,0,-1,-1,-1
153149,2,0,0,-1,-1,-1
155233,1,1,1,67,4726,4681
154635,2,0,0,-1,-1,-1
154648,2,0,0,-1,-1,-1
0,0,0,0,-1,-1,-1
155083,1,1,0,104,4162,4114
153608,2,0,0,-1,-1,-1
154841,2,0,0,-1,-1,-1
153270,2,0,0,-1,-1,-1
154440,1,1,0,244,2410,2297
154779,2,0,0,-1,-1,-1
0,0,0,0,-1,-1,-1
154423,1,1,0,0,5260,5260
154905,2,0,0,-1,-1,-1
0,0,0,0,-1,-1,-1
154607,1,1,-1,171,14137,14067
154740,2,0,0,-1,-1,-1
152982,1,0,1,149,2875,2793
154512,2,0,0,-1,-1,-1
152475,1,0,1,111,2399,2351
0,0,0,0,-1,-1,-1
0,0,0,0,-1,-1,-1
154884,2,0,0,-1,-1,-1
0,0,0,0,-1,-1,-1
0,0,0,0,-1,-1,-1
153267,1,1,1,236,4921,4759
153522,1,0,1,87,4846,4809
0,0,0,0,-1,-1,-1
153548,2,0,0,-1,-1,-1
154762,2,0,0,-1,-1,-1
154482,1,0,1,0,936,936
0,0,0,0,-1,-1,-1
0,0,0,0,-1,-1,-1
155340,1,1,-1,181,4596,4536
152839,2,0,0,-1,-1,-1
0,0,0,0,-1,-1,-1
155332,1,0,1,0,4164,4164
155145,2,0,0,-1,-1,-1
153874,2,0,0,-1,-1,-1
154046,1,0,1,46,7742,7727
155037,1,0,1,127,7407,7348
0,0,0,0,-1,-1,-1
0,0,0,0,-1,-1,-1
0,0,0,0,-1,-1,-1
154500,2,0,0,-1,-1,-1
155188,2,0,0,-1,-1,-1
154104,1,1,0,0,24448,24448
154434,1,1,0,109,4777,4734
154927,1,0,1,103,5173,5129
153628,2,0,0,-1,-1,-1
154316,2,0,0,-1,-1,-1
154627,2,0,0,-1,-1,-1
0,0,0,0,-1,-1,-1
154540,1,1,0,39,1582,1571
0,0,0,0,-1,-1,-1
155275,1,1,1,0,9868,9868
155139,1,1,1,136,6855,6803
152414,1,1,0,113,3677,3639
154198,1,0,1,86,4611,4567
153257,2,0,0,-1,-1,-1
0,0,0,0,-1,-1,-1
0,0,0,0,-1,-1,-1
152117,2,0,0,-1,-1,-1
153256,2,0,0,-1,-1,-1
0,0,0,0,-1,-1,-1
154075,1,1,1,135,3632,3576
154428,2,0,0,-1,-1,-1
154877,1,1,-1,76,5075,5027
0,0,0,0,-1,-1,-1
155301,1,1,0,0,653,653
153738,1,1,0,0,4968,4968
0,0,0,0,-1,-1,-1
154244,2,0,0,-1,-1,-1
0,0,0,0,-1,-1,-1
0,0,0,0,-1,-1,-1
0,0,0,0,-1,-1,-1
0,0,0,0,-1,-1,-1
154526,1,1,0,124,1637,1589
0,0,0,0,-1,-1,-1
154800,1,0,1,51,8556,8517
0,0,0,0,-1,-1,-1
0,0,0,0,-1,-1,-1
154691,1,1,0,33,10462,10438
155046,1,1,0,82,6244,6213
0,0,0,0,-1,-1,-1
154135,2,0,0,-1,-1,-1
154713,1,0,1,46,5045,5004
154006,2,0,0,-1,-1,-1
0,0,0,0,-1,-1,-1
0,0,0,0,-1,-1,-1
154776,1,0,1,136,4283,4220
154732,2,0,0,-1,-1,-1
155017,1,1,-1,123,6359,6278
154000,2,0,0,-1,-1,-1
0,0,0,0,-1,-1,-1
155079,1,0,1,102,19111,19044
154475,2,0,0,-1,-1,-1
0,0,0,0,-1,-1,-1
153158,1,1,0,80,2115,2076
0,0,0,0,-1,-1,-1
154142,1,1,1,187,4074,3977
154644,2,0,0,-1,-1,-1
154837,1,1,0,71,3444,3415
155189,1,0,1,157,3468,3401
153715,2,0,0,-1,-1,-1
154785,1,0,1,40,1305,1288
0,0,0,0,-1,-1,-1
155196,1,1,1,93,10260,10209
0,0,0,0,-1,-1,-1
0,0,0,0,-1,-1,-1
0,0,0,0,-1,-1,-1
0,0,0,0,-1,-1,-1
153696,1,0,1,88,9346,9314
0,0,0,0,-1,-1,-1
154812,1,1,1,211,3877,3781
155329,1,1,1,214,6947,6828
153365,2,0,0,-1,-1,-1
155368,1,1,0,147,3270,3200
155037,1,0,1,69,12419,12387
0,0,0,0,-1,-1,-1
0,0,0,0,-1,-1,-1
0,0,0,0,-1,-1,-1
154827,1,0,1,124,1526,1436
152460,1,0,1,84,3531,3493
0,0,0,0,-1,-1,-1
154219,2,0,0,-1,-1,-1
0,0,0,0,-1,-1,-1
152630,1,0,1,118,3402,3361
153696,1,1,1,153,5166,5092
0,0,0,0,-1,-1,-1
154313,1,0,1,108,6881,6837
154413,1,0,1,0,1204,1204
0,0,0,0,-1,-1,-1
0,0,0,0,-1,-1,-1
155229,1,0,1,111,3265,3202
0,0,0,0,-1,-1,-1
154372,1,1,0,139,8062,8002
0,0,0,0,-1,-1,-1
154759,1,1,0,110,4839,4773
152179,2,0,0,-1,-1,-1
155163,1,0,1,0,1660,1660
154236,1,1,0,119,3470,3419
154770,1,1,0,170,2346,2296
0,0,0,0,-1,-1,-1
0,0,0,0,-1,-1,-1
151920,1,0,1,98,1546,1495
154950,2,0,0,-1,-1,-1
154971,1,1,-1,253,2974,2855
154418,1,1,0,14,4128,4124
0,0,0,0,-1,-1,-1
153827,2,0,0,-1,-1,-1
153552,2,0,0,-1,-1,-1
154177,2,0,0,-1,-1,-1
0,0,0,0,-1,-1,-1
0,0,0,0,-1,-1,-1
0,0,0,0,-1,-1,-1
154010,2,0,0,-1,-1,-1
154534,1,1,1,224,3312,3192
153671,2,0,0,-1,-1,-1
154356,1,0,1,164,5579,5484
154430,2,0,0,-1,-1,-1
154730,1,1,0,94,1890,1842
153987,1,0,1,60,1578,1562
153655,2,0,0,-1,-1,-1
0,0,0,0,-1,-1,-1
153049,2,0,0,-1,-1,-1
0,0,0,0,-1,-1,-1
0,0,0,0,-1,-1,-1
0,0,0,0,-1,-1,-1
154444,2,0,0,-1,-1,-1
153488,1,1,0,94,4277,4242
0,0,0,0,-1,-1,-1
153653,2,0,0,-1,-1,-1
154304,2,0,0,-1,-1,-1
152608,1,1,0,70,3029,3001
154118,2,0,0,-1,-1,-1
154841,1,1,1,146,6617,6556
154699,2,0,0,-1,-1,-1
154768,2,0,0,-1,-1,-1
0,0,0,0,-1,-1,-1
0,0,0,0,-1,-1,-1
154034,1,1,1,208,5204,5120
154769,1,0,1,125,2817,2754
0,0,0,0,-1,-1,-1
154535,2,0,0,-1,-1,-1
155074,1,0,1,45,2584,2577
0,0,0,0,-1,-1,-1
154701,2,0,0,-1,-1,-1
153225,2,0,0,-1,-1,-1
154509,2,0,0,-1,-1,-1
154787,1,0,1,16,5203,5185
0,0,0,0,-1,-1,-1
155025,1,1,0,41,7123,7081
0,0,0,0,-1,-1,-1
0,0,0,0,-1,-1,-1
152758,2,0,0,-1,-1,-1
0,0,0,0,-1,-1,-1
154679,1,1,0,168,2230,2144
154580,1,0,1,0,9975,9975
153125,2,0,0,-1,-1,-1
0,0,0,0,-1,-1,-1
153578,2,0,0,-1,-1,-1
154019,2,0,0,-1,-1,-1
153878,1,0,1,148,5148,5082
0,0,0,0,-1,-1,-1
153545,2,0,0,-1,-1,-1
155169,1,1,0,0,25836,25836
153635,2,0,0,-1,-1,-1
154849,1,1,-1,208,2760,2643
0,0,0,0,-1,-1,-1
154528,2,0,0,-1,-1,-1
0,0,0,0,-1,-1,-1
154330,1,1,-1,265,4551,4442
154587,1,1,1,249,5233,5110
153423,2,0,0,-1,-1,-1
155036,1,1,0,37,5273,5256
153609,1,0,1,190,4225,4157
0,0,0,0,-1,-1,-1
154105,2,0,0,-1,-1,-1
0,0,0,0,-1,-1,-1
154304,1,1,0,40,1547,1526
0,0,0,0,-1,-1,-1
154443,2,0,0,-1,-1,-1
155331,2,0,0,-1,-1,-1
153737,2,0,0,-1,-1,-1
0,0,0,0,-1,-1,-1
0,0,0,0,-1,-1,-1
0,0,0,0,-1,-1,-1
154687,2,0,0,-1,-1,-1
151729,2,0,0,-1,-1,-1
0,0,0,0,-1,-1,-1
154427,2,0,0,-1,-1,-1
154236,2,0,0,-1,-1,-1
154587,2,0,0,-1,-1,-1
153723,1,0,1,91,1638,1606
153754,1,0,1,61,2833,2803
0,0,0,0,-1,-1,-1
154002,1,1,0,0,918,918
154858,1,0,1,130,1637,1542
0,0,0,0,-1,-1,-1
0,0,0,0,-1,-1,-1
0,0,0,0,-1,-1,-1
0,0,0,0,-1,-1,-1
154617,1,1,1,191,9756,9630
155200,1,1,0,0,8281,8281
154899,2,0,0,-1,-1,-1
154578,1,1,0,19,2320,2308
155161,1,1,0,50,9870,9852
153616,2,0,0,-1,-1,-1
0,0,0,0,-1,-1,-1
0,0,0,0,-1,-1,-1
153225,2,0,0,-1,-1,-1
153936,1,0,1,112,4186,4133
154406,2,0,0,-1,-1,-1
0,0,0,0,-1,-1,-1
0,0,0,0,-1,-1,-1
153562,2,0,0,-1,-1,-1
155281,1,0,1,33,14595,14575
153534,1,1,0,131,9715,9648
0,0,0,0,-1,-1,-1
153971,2,0,0,-1,-1,-1
154996,1,1,0,156,2783,2718
155077,2,0,0,-1,-1,-1
154241,1,0,1,171,2784,2711
155212,1,1,0,160,8912,8817
0,0,0,0,-1,-1,-1
0,0,0,0,-1,-1,-1
154382,2,0,0,-1,-1,-1
155379,1,1,0,72,1529,1500
154592,2,0,0,-1,-1,-1
154373,2,0,0,-1,-1,-1
0,0,0,0,-1,-1,-1
155024,1,0,1,46,4773,4747
0,0,0,0,-1,-1,-1
154280,2,0,0,-1,-1,-1
0,0,0,0,-1,-1,-1
152701,1,1,0,73,3217,3176
152617,2,0,0,-1,-1,-1
0,0,0,0,-1,-1,-1
154223,2,0,0,-1,-1,-1
153737,1,1,0,20,11869,11867
154518,2,0,0,-1,-1,-1
154607,1,1,0,92,2599,2562
154281,2,0,0,-1,-1,-1
154701,2,0,0,-1,-1,-1
153758,1,1,0,46,742,717
154431,2,0,0,-1,-1,-1
0,0,0,0,-1,-1,-1
154950,1,0,1,37,4740,4725
154017,2,0,0,-1,-1,-1
152267,2,0,0,-1,-1,-1
154960,1,0,1,131,3305,3247
152716,1,0,1,97,2549,2502
155031,1,0,1,226,3117,2988
154552,2,0,0,-1,-1,-1
153458,2,0,0,-1,-1,-1
0,0,0,0,-1,-1,-1
155061,1,1,0,53,3233,3214
153983,2,0,0,-1,-1,-1
0,0,0,0,-1,-1,-1
0,0,0,0,-1,-1,-1
0,0,0,0,-1,-1,-1
154072,2,0,0,-1,-1,-1
0,0,0,0,-1,-1,-1
154483,2,0,0,-1,-1,-1
0,0,0,0,-1,-1,-1
153524,2,0,0,-1,-1,-1
150206,1,1,0,0,7364,7364
155108,1,0,1,34,2544,2518
154679,1,0,1,0,5304,5304
154519,1,1,0,95,4343,4280
154285,1,0,1,26,1603,1585
155006,1,0,1,56,12097,12054
154618,1,0,1,96,4530,4461
154429,1,0,1,211,5077,4982
154682,1,1,0,206,4304,4224
0,0,0,0,-1,-1,-1
153101,2,0,0,-1,-1,-1
153848,2,0,0,-1,-1,-1
154404,2,0,0,-1,-1,-1
0,0,0,0,-1,-1,-1
154654,2,0,0,-1,-1,-1
151799,1,0,1,0,12825,12825
154146,1,1,1,94,7421,7369
153655,2,0,0,-1,-1,-1
153440,1,1,0,0,30856,30856
155140,1,1,0,72,1350,1323
155140,1,1,0,113,1521,1464
0,0,0,0,-1,-1,-1
155331,1,1,1,63,7484,7438
154816,2,0,0,-1,-1,-1
155208,1,0,1,73,2556,2516
153859,1,1,0,127,2818,2767
154665,1,0,1,62,4537,4505
0,0,0,0,-1,-1,-1
154244,1,1,0,104,1851,1817
155171,2,0,0,-1,-1,-1
154570,2,0,0,-1,-1,-1
0,0,0,0,-1,-1,-1
154699,2,0,0,-1,-1,-1
154833,2,0,0,-1,-1,-1
153917,1,1,0,92,2418,2383
152571,2,0,0,-1,-1,-1
154876,2,0,0,-1,-1,-1
153904,1,1,0,115,2844,2803
153565,2,0,0,-1,-1,-1
154946,1,1,0,72,7690,7662
153576,2,0,0,-1,-1,-1
154394,2,0,0,-1,-1,-1
0,0,0,0,-1,-1,-1
0,0,0,0,-1,-1,-1
0,0,0,0,-1,-1,-1
0,0,0,0,-1,-1,-1
154350,1,1,0,0,2303,2303
153864,1,1,0,26,4271,4258
154009,2,0,0,-1,-1,-1
0,0,0,0,-1,-1,-1
155222,1,0,1,0,6304,6304
155261,2,0,0,-1,-1,-1
153776,2,0,0,-1,-1,-1
0,0,0,0,-1,-1,-1
154876,1,1,0,51,1304,1296
155332,1,1,0,0,10268,10268
153211,1,1,0,162,4542,4499
0,0,0,0,-1,-1,-1
154256,1,1,-1,206,4897,4806
154346,1,1,-1,271,4613,4477
152776,1,1,0,81,3004,2986
0,0,0,0,-1,-1,-1
155207,1,1,1,202,4566,4483
153537,2,0,0,-1,-1,-1
154809,1,0,1,134,3378,3327
154324,1,0,1,114,2819,2774
153437,2,0,0,-1,-1,-1
155174,1,1,0,116,2314,2238
155307,1,0,1,57,3364,3341
154380,1,0,1,84,1130,1094
155248,1,0,1,114,5572,5518
153969,2,0,0,-1,-1,-1
0,0,0,0,-1,-1,-1
154927,1,1,0,193,2955,2856
155029,1,1,0,52,3328,3311
0,0,0,0,-1,-1,-1
0,0,0,0,-1,-1,-1
0,0,0,0,-1,-1,-1
153027,1,0,1,0,258,258
155044,2,0,0,-1,-1,-1
153773,2,0,0,-1,-1,-1
152255,2,0,0,-1,-1,-1
0,0,0,0,-1,-1,-1
154344,2,0,0,-1,-1,-1
154176,2,0,0,-1,-1,-1
0,0,0,0,-1,-1,-1
0,0,0,0,-1,-1,-1
155266,1,0,1,142,5221,5121
0,0,0,0,-1,-1,-1
153728,1,1,0,55,8826,8802
0,0,0,0,-1,-1,-1
0,0,0,0,-1,-1,-1
0,0,0,0,-1,-1,-1
0,0,0,0,-1,-1,-1
153777,2,0,0,-1,-1,-1
0,0,0,0,-1,-1,-1
155210,1,0,1,37,2280,2267
153363,2,0,0,-1,-1,-1
155186,1,1,0,118,4787,4719
0,0,0,0,-1,-1,-1
0,0,0,0,-1,-1,-1
154561,2,0,0,-1,-1,-1
0,0,0,0,-1,-1,-1
0,0,0,0,-1,-1,-1
154389,2,0,0,-1,-1,-1
154203,1,0,1,23,13902,13897
155084,1,1,0,170,8505,8411
154264,2,0,0,-1,-1,-1
153661,2,0,0,-1,-1,-1
0,0,0,0,-1,-1,-1
0,0,0,0,-1,-1,-1
0,0,0,0,-1,-1,-1
154111,1,1,0,19,3397,3386
0,0,0,0,-1,-1,-1
155006,2,0,0,-1,-1,-1
0,0,0,0,-1,-1,-1
154349,2,0,0,-1,-1,-1
155213,1,0,1,129,4421,4363
0,0,0,0,-1,-1,-1
154594,1,0,1,107,4399,4364
153839,2,0,0,-1,-1,-1
0,0,0,0,-1,-1,-1
0,0,0,0,-1,-1,-1
155288,1,1,0,38,1015,1002
0,0,0,0,-1,-1,-1
154692,2,0,0,-1,-1,-1
0,0,0,0,-1,-1,-1
154031,1,0,1,144,2538,2465
154306,2,0,0,-1,-1,-1
155081,2,0,0,-1,-1,-1
154789,2,0,0,-1,-1,-1
0,0,0,0,-1,-1,-1
154760,1,0,1,0,22400,22400
154098,1,0,1,220,5769,5675
154536,2,0,0,-1,-1,-1
153400,2,0,0,-1,-1,-1
154379,1,0,1,178,2977,2904
154195,2,0,0,-1,-1,-1
0,0,0,0,-1,-1,-1
155112,1,0,1,10,8410,8406
155015,1,0,1,132,4514,4446
0,0,0,0,-1,-1,-1
153743,2,0,0,-1,-1,-1
154536,1,0,1,30,699,679
154101,2,0,0,-1,-1,-1
155324,1,0,1,113,4808,4771
154352,1,1,0,72,1999,1971
155344,1,0,1,64,1783,1755
154083,1,0,1,0,6647,6647
0,0,0,0,-1,-1,-1
0,0,0,0,-1,-1,-1
0,0,0,0,-1,-1,-1
0,0,0,0,-1,-1,-1
154044,1,1,0,100,3615,3569
0,0,0,0,-1,-1,-1
155029,2,0,0,-1,-1,-1
0,0,0,0,-1,-1,-1
153941,2,0,0,-1,-1,-1
154024,2,0,0,-1,-1,-1
155012,2,0,0,-1,-1,-1
154398,2,0,0,-1,-1,-1
0,0,0,0,-1,-1,-1
155251,1,0,1,48,8089,8060
0,0,0,0,-1,-1,-1
0,0,0,0,-1,-1,-1
0,0,0,0,-1,-1,-1
155121,2,0,0,-1,-1,-1
154624,1,0,1,8,7392,7389
154759,1,1,0,88,5536,5492
155041,2,0,0,-1,-1,-1
155260,1,1,0,260,3474,3371
155322,1,0,1,62,7988,7962
155059,1,0,1,54,616,597
155271,1,1,-1,189,2951,2818
0,0,0,0,-1,-1,-1
154734,2,0,0,-1,-1,-1
153763,1,0,1,10,6531,6525
155038,1,1,0,104,2685,2653
0,0,0,0,-1,-1,-1
154056,2,0,0,-1,-1,-1
154862,1,1,1,112,5012,4976
153880,2,0,0,-1,-1,-1
0,0,0,0,-1,-1,-1
154031,1,1,0,90,2264,2215
0,0,0,0,-1,-1,-1
155338,1,1,0,160,2208,2138
0,0,0,0,-1,-1,-1
155139,1,1,1,31,12582,12566
0,0,0,0,-1,-1,-1
153622,2,0,0,-1,-1,-1
154291,2,0,0,-1,-1,-1
154406,1,1,0,52,1887,1871
154744,2,0,0,-1,-1,-1
153897,1,1,1,183,2806,2721
153458,2,0,0,-1,-1,-1
154766,2,0,0,-1,-1,-1
0,0,0,0,-1,-1,-1
154911,1,1,0,52,8037,8012
154116,1,1,0,83,4230,4184
155198,1,0,1,41,1671,1657
154515,1,1,0,78,1994,1962
153709,2,0,0,-1,-1,-1
154420,2,0,0,-1,-1,-1
153808,2,0,0,-1,-1,-1
0,0,0,0,-1,-1,-1
0,0,0,0,-1,-1,-1
154802,1,0,1,152,4074,3993
154710,1,0,1,177,1973,1898
0,0,0,0,-1,-1,-1
0,0,0,0,-1,-1,-1
154442,2,0,0,-1,-1,-1
154553,2,0,0,-1,-1,-1
0,0,0,0,-1,-1,-1
154739,1,0,1,262,2342,2239
154921,1,0,1,0,1398,1398
0,0,0,0,-1,-1,-1
0,0,0,0,-1,-1,-1
0,0,0,0,-1,-1,-1
154584,2,0,0,-1,-1,-1
0,0,0,0,-1,-1,-1
0,0,0,0,-1,-1,-1
154665,1,1,0,257,3681,3579
155362,1,1,0,146,2776,2707
0,0,0,0,-1,-1,-1
0,0,0,0,-1,-1,-1
154534,2,0,0,-1,-1,-1
153606,2,0,0,-1,-1,-1
154124,1,0,1,0,12160,12160
154728,2,0,0,-1,-1,-1
155366,1,0,1,187,2270,2201
155071,1,0,1,233,3160,3059
153923,2,0,0,-1,-1,-1
153616,2,0,0,-1,-1,-1
153988,1,0,1,34,8136,8119
154793,1,0,1,33,4145,4135
154947,1,0,1,0,12750,12750
0,0,0,0,-1,-1,-1
154797,1,0,1,42,8039,8011
155107,1,0,1,76,3695,3658
155047,1,0,1,0,11615,11615
0,0,0,0,-1,-1,-1
0,0,0,0,-1,-1,-1
154011,2,0,0,-1,-1,-1
154362,2,0,0,-1,-1,-1
154481,1,0,1,141,4362,4280
154949,1,0,1,73,3577,3540
154448,2,0,0,-1,-1,-1
154838,1,0,1,0,2516,2516
153899,1,1,0,0,2557,2557
154366,2,0,0,-1,-1,-1
155254,1,1,0,211,4708,4596
154875,1,0,1,46,4548,4532
153846,2,0,0,-1,-1,-1
155288,1,1,0,125,2416,2350
154853,1,0,1,131,2556,2498
0,0,0,0,-1,-1,-1
155215,1,1,0,14,1580,1574
153283,1,1,0,32,4753,4739
0,0,0,0,-1,-1,-1
0,0,0,0,-1,-1,-1
0,0,0,0,-1,-1,-1
0,0,0,0,-1,-1,-1
154773,1,1,1,207,7204,7127
0,0,0,0,-1,-1,-1
0,0,0,0,-1,-1,-1
154896,2,0,0,-1,-1,-1
0,0,0,0,-1,-1,-1
0,0,0,0,-1,-1,-1
155120,1,1,0,174,3896,3829
155269,1,1,1,90,17755,17715
155313,1,1,-1,221,3901,3820
155141,1,1,0,52,5316,5288
0,0,0,0,-1,-1,-1
154510,1,0,1,9,5681,5680
0,0,0,0,-1,-1,-1
155331,1,0,1,105,5073,5013
152342,2,0,0,-1,-1,-1
0,0,0,0,-1,-1,-1
154232,2,0,0,-1,-1,-1
0,0,0,0,-1,-1,-1
155080,1,1,0,35,15616,15596
154458,2,0,0,-1,-1,-1
154502,1,1,-1,269,7479,7332
154951,2,0,0,-1,-1,-1
154980,1,0,1,146,3662,3592
153920,1,0,1,117,2748,2683
154875,1,0,1,123,9063,9003
155345,1,0,1,27,1249,1230
154792,1,0,1,18,1211,1194
154129,1,0,1,129,3114,3046
154538,1,1,0,0,19400,19400
154571,1,1,0,107,2529,2492
155383,1,1,0,85,3148,3098
154547,1,1,0,110,4201,4162
154880,1,0,1,26,1643,1632
0,0,0,0,-1,-1,-1
0,0,0,0,-1,-1,-1
0,0,0,0,-1,-1,-1
154346,2,0,0,-1,-1,-1
154456,1,1,1,123,3555,3495
0,0,0,0,-1,-1,-1
0,0,0,0,-1,-1,-1
154546,1,0,1,229,3877,3764
0,0,0,0,-1,-1,-1
155001,1,0,1,17,2858,2851
155269,1,0,1,0,10076,10076
155074,2,0,0,-1,-1,-1
0,0,0,0,-1,-1,-1
154931,2,0,0,-1,-1,-1
155192,2,0,0,-1,-1,-1
154486,2,0,0,-1,-1,-1
0,0,0,0,-1,-1,-1
0,0,0,0,-1,-1,-1
154928,1,1,0,174,3182,3121
154400,2,0,0,-1,-1,-1
155371,1,1,0,109,3468,3429
153013,2,0,0,-1,-1,-1
155227,1,1,0,110,7745,7717
0,0,0,0,-1,-1,-1
153378,2,0,0,-1,-1,-1
154634,1,0,1,51,10932,10912
0,0,0,0,-1,-1,-1
155125,2,0,0,-1,-1,-1
0,0,0,0,-1,-1,-1
154559,1,1,0,0,6144,6144
154417,1,0,1,21,2734,2721
0,0,0,0,-1,-1,-1
155250,1,0,1,0,1412,1412
154203,1,0,1,80,5586,5555
154257,1,1,0,62,7788,7766
152484,2,0,0,-1,-1,-1
153193,2,0,0,-1,-1,-1
155002,1,1,0,0,21808,21808
154587,2,0,0,-1,-1,-1
0,0,0,0,-1,-1,-1
155214,1,1,0,0,1899,1899
155370,2,0,0,-1,-1,-1
154706,1,0,1,76,1825,1787
154423,2,0,0,-1,-1,-1
154727,2,0,0,-1,-1,-1
153546,2,0,0,-1,-1,-1
153324,1,1,-1,53,7667,7637
154789,1,0,1,170,2281,2210
153913,2,0,0,-1,-1,-1
154693,1,0,1,41,2950,2924
154754,1,0,1,108,3376,3324
154305,1,1,0,165,1995,1926
154933,1,1,0,86,35647,35617
0,0,0,0,-1,-1,-1
0,0,0,0,-1,-1,-1
153745,2,0,0,-1,-1,-1
153513,2,0,0,-1,-1,-1
154573,1,0,1,82,1346,1315
154333,2,0,0,-1,-1,-1
0,0,0,0,-1,-1,-1
154809,1,0,1,135,2013,1947
0,0,0,0,-1,-1,-1
153536,2,0,0,-1,-1,-1
154109,2,0,0,-1,-1,-1
154836,2,0,0,-1,-1,-1
153251,2,0,0,-1,-1,-1
154878,2,0,0,-1,-1,-1
154005,2,0,0,-1,-1,-1
0,0,0,0,-1,-1,-1
154876,2,0,0,-1,-1,-1
154723,1,0,1,48,1739,1721
155106,1,1,1,239,10746,10620
0,0,0,0,-1,-1,-1
155237,1,0,1,87,2628,2579
155305,1,0,1,159,4233,4159
0,0,0,0,-1,-1,-1
155303,1,1,-1,123,3633,3571
0,0,0,0,-1,-1,-1
0,0,0,0,-1,-1,-1
154410,1,1,0,5,4946,4943
155156,1,1,-1,59,4335,4294
0,0,0,0,-1,-1,-1
0,0,0,0,-1,-1,-1
154623,2,0,0,-1,-1,-1
152802,2,0,0,-1,-1,-1
153122,2,0,0,-1,-1,-1
155320,1,1,-1,95,9156,9126
153993,1,1,0,74,1557,1533
153974,1,0,1,37,7768,7748
0,0,0,0,-1,-1,-1
154474,2,0,0,-1,-1,-1
154288,2,0,0,-1,-1,-1
153522,1,0,1,100,2976,2927
0,0,0,0,-1,-1,-1
154373,1,0,1,45,2798,2769
0,0,0,0,-1,-1,-1
0,0,0,0,-1,-1,-1
0,0,0,0,-1,-1,-1
154585,1,1,0,94,2102,2060
154495,1,1,0,104,25466,25430
154645,1,1,0,172,8146,8081
153590,2,0,0,-1,-1,-1
155210,1,0,1,230,1629,1561
0,0,0,0,-1,-1,-1
154861,1,0,1,0,3026,3026
153995,2,0,0,-1,-1,-1
154617,2,0,0,-1,-1,-1
152394,2,0,0,-1,-1,-1
0,0,0,0,-1,-1,-1
0,0,0,0,-1,-1,-1
154446,1,1,0,128,3740,3678
153897,1,0,1,69,4541,4507
154488,2,0,0,-1,-1,-1
0,0,0,0,-1,-1,-1
154603,1,0,1,156,4188,4127
0,0,0,0,-1,-1,-1
154944,1,1,0,0,8316,8316
0,0,0,0,-1,-1,-1
154551,1,0,1,164,3073,3007
153033,1,0,1,59,1945,1930
154510,2,0,0,-1,-1,-1
152458,2,0,0,-1,-1,-1
154111,2,0,0,-1,-1,-1
154229,1,1,0,44,4229,4212
153779,2,0,0,-1,-1,-1
155247,1,1,0,160,3567,3508
0,0,0,0,-1,-1,-1
0,0,0,0,-1,-1,-1
154537,1,1,0,305,2634,2512
153886,2,0,0,-1,-1,-1
153726,2,0,0,-1,-1,-1
0,0,0,0,-1,-1,-1
154894,2,0,0,-1,-1,-1
155342,1,0,1,225,2921,2828
154965,2,0,0,-1,-1,-1
153030,1,0,1,69,2924,2884
154663,1,1,0,79,6537,6500
153582,1,1,0,80,2757,2712
0,0,0,0,-1,-1,-1
152865,1,0,1,40,5292,5272
154728,2,0,0,-1,-1,-1
155295,1,1,0,128,7854,7767
155123,1,1,1,51,4556,4521
154518,1,1,0,77,3280,3238
154600,1,0,1,211,2965,2874
153598,2,0,0,-1,-1,-1
155209,1,1,0,69,2861,2832
154167,2,0,0,-1,-1,-1
0,0,0,0,-1,-1,-1
152481,2,0,0,-1,-1,-1
0,0,0,0,-1,-1,-1
0,0,0,0,-1,-1,-1
154952,1,1,1,46,4091,4076
154613,2,0,0,-1,-1,-1
154399,1,1,1,254,3045,2919
155126,1,1,0,200,3190,3110
0,0,0,0,-1,-1,-1
154785,1,1,0,0,1165,1165
0,0,0,0,-1,-1,-1
0,0,0,0,-1,-1,-1
0,0,0,0,-1,-1,-1
155260,1,1,0,34,3711,3700
154960,2,0,0,-1,-1,-1
153629,1,0,1,75,2720,2698
153384,1,0,1,14,1976,1975
155254,1,0,1,0,24928,24928
154718,2,0,0,-1,-1,-1
153563,2,0,0,-1,-1,-1
0,0,0,0,-1,-1,-1
0,0,0,0,-1,-1,-1
155014,2,0,0,-1,-1,-1
154064,1,1,0,24,11466,11459
154252,1,0,1,16,2341,2316
154041,2,0,0,-1,-1,-1
0,0,0,0,-1,-1,-1
154885,1,0,1,53,5548,5499
154263,1,0,1,118,6701,6639
155337,1,1,0,0,15090,15090
0,0,0,0,-1,-1,-1
0,0,0,0,-1,-1,-1
0,0,0,0,-1,-1,-1
154816,1,0,1,53,11535,11510
154397,2,0,0,-1,-1,-1
154020,1,0,1,57,5956,5917
0,0,0,0,-1,-1,-1
155037,1,1,1,185,4577,4476
0,0,0,0,-1,-1,-1
0,0,0,0,-1,-1,-1
155213,1,1,0,44,15481,15457
154404,1,1,0,138,3196,3129
155061,2,0,0,-1,-1,-1
0,0,0,0,-1,-1,-1
153895,2,0,0,-1,-1,-1
155063,2,0,0,-1,-1,-1
0,0,0,0,-1,-1,-1
154388,2,0,0,-1,-1,-1
0,0,0,0,-1,-1,-1
154186,2,0,0,-1,-1,-1
0,0,0,0,-1,-1,-1
0,0,0,0,-1,-1,-1
155120,1,1,0,167,4793,4695
0,0,0,0,-1,-1,-1
154702,1,1,1,142,8937,8872
0,0,0,0,-1,-1,-1
0,0,0,0,-1,-1,-1
154488,1,1,0,185,3119,3029
154746,2,0,0,-1,-1,-1
154521,1,1,0,116,4459,4420
154879,1,0,1,42,2015,2002
154333,2,0,0,-1,-1,-1
154690,1,0,1,164,2129,2073
0,0,0,0,-1,-1,-1
0,0,0,0,-1,-1,-1
154805,2,0,0,-1,-1,-1
154115,2,0,0,-1,-1,-1
153296,1,0,1,278,2405,2252
0,0,0,0,-1,-1,-1
153318,1,0,1,51,926,901
155238,1,0,1,148,3792,3736
153633,2,0,0,-1,-1,-1
155071,2,0,0,-1,-1,-1
153828,2,0,0,-1,-1,-1
0,0,0,0,-1,-1,-1
0,0,0,0,-1,-1,-1
155162,2,0,0,-1,-1,-1
154616,1,1,0,0,5653,5653
150986,2,0,0,-1,-1,-1
153588,2,0,0,-1,-1,-1
0,0,0,0,-1,-1,-1
0,0,0,0,-1,-1,-1
153409,2,0,0,-1,-1,-1
0,0,0,0,-1,-1,-1
0,0,0,0,-1,-1,-1
151744,1,0,1,23,6925,6920
154604,1,0,1,134,3126,3059
154992,2,0,0,-1,-1,-1
0,0,0,0,-1,-1,-1
154536,1,1,0,82,1810,1789
151727,1,0,1,165,2709,2650
154843,1,0,1,139,1830,1766
0,0,0,0,-1,-1,-1
0,0,0,0,-1,-1,-1
154598,2,0,0,-1,-1,-1
0,0,0,0,-1,-1,-1
0,0,0,0,-1,-1,-1
0,0,0,0,-1,-1,-1
155361,1,0,1,178,6965,6855
153527,2,0,0,-1,-1,-1
0,0,0,0,-1,-1,-1
154483,1,1,0,424,7602,7431
155382,1,1,1,136,6071,6010
0,0,0,0,-1,-1,-1
0,0,0,0,-1,-1,-1
155079,1,1,0,144,5369,5308
154551,1,1,0,2,703,699
154611,2,0,0,-1,-1,-1
153998,2,0,0,-1,-1,-1
0,0,0,0,-1,-1,-1
155280,1,1,0,86,4427,4389
153549,2,0,0,-1,-1,-1
155071,1,0,1,0,9990,9990
154167,2,0,0,-1,-1,-1
154737,1,1,-1,132,4852,4813
0,0,0,0,-1,-1,-1
151670,1,0,1,82,4557,4523
0,0,0,0,-1,-1,-1
154140,1,0,1,0,2934,2934
154708,1,1,0,36,6269,6257
0,0,0,0,-1,-1,-1
153342,2,0,0,-1,-1,-1
0,0,0,0,-1,-1,-1
154053,1,0,1,119,10387,10351
0,0,0,0,-1,-1,-1
155094,2,0,0,-1,-1,-1
154805,2,0,0,-1,-1,-1
155011,2,0,0,-1,-1,-1
154605,2,0,0,-1,-1,-1
0,0,0,0,-1,-1,-1
154232,1,1,0,152,5349,5286
154890,1,1,1,134,6950,6865
153715,2,0,0,-1,-1,-1
155309,2,0,0,-1,-1,-1
155026,2,0,0,-1,-1,-1
0,0,0,0,-1,-1,-1
154442,1,0,1,68,3227,3198
154029,2,0,0,-1,-1,-1
0,0,0,0,-1,-1,-1
154258,1,1,0,57,7975,7929
154358,2,0,0,-1,-1,-1
154839,1,1,0,57,6483,6462
0,0,0,0,-1,-1,-1
153778,2,0,0,-1,-1,-1
0,0,0,0,-1,-1,-1
155318,1,0,1,190,2486,2386
154512,2,0,0,-1,-1,-1
0,0,0,0,-1,-1,-1
0,0,0,0,-1,-1,-1
155115,1,0,1,192,3473,3399
0,0,0,0,-1,-1,-1
155299,1,0,1,51,2861,2835
153831,1,1,0,82,3122,3074
0,0,0,0,-1,-1,-1
154328,1,1,0,52,5930,5901
0,0,0,0,-1,-1,-1
153658,1,1,0,59,1533,1509
0,0,0,0,-1,-1,-1
154818,1,1,0,315,4348,4237
152569,2,0,0,-1,-1,-1
154522,1,0,1,84,14171,14143
0,0,0,0,-1,-1,-1
155124,1,1,1,105,4486,4409
0,0,0,0,-1,-1,-1
154408,2,0,0,-1,-1,-1
0,0,0,0,-1,-1,-1
155179,1,1,0,1,17100,17093
152091,1,0,1,128,3230,3177
152862,2,0,0,-1,-1,-1
152496,2,0,0,-1,-1,-1
0,0,0,0,-1,-1,-1
154654,2,0,0,-1,-1,-1
153442,2,0,0,-1,-1,-1
0,0,0,0,-1,-1,-1
153865,1,0,1,73,3356,3317
153459,2,0,0,-1,-1,-1
154469,1,1,0,0,1234,1234
154954,1,1,0,0,4044,4044
153739,2,0,0,-1,-1,-1
153770,2,0,0,-1,-1,-1
154847,1,1,0,70,1734,1691
154119,2,0,0,-1,-1,-1
153302,2,0,0,-1,-1,-1
0,0,0,0,-1,-1,-1
0,0,0,0,-1,-1,-1
155323,1,1,0,42,7274,7250
153564,2,0,0,-1,-1,-1
0,0,0,0,-1,-1,-1
154527,2,0,0,-1,-1,-1
154855,2,0,0,-1,-1,-1
0,0,0,0,-1,-1,-1
154867,2,0,0,-1,-1,-1
154258,1,0,1,126,7279,7228
154510,1,0,1,249,2978,2892
154813,1,1,0,113,14291,14247
0,0,0,0,-1,-1,-1
0,0,0,0,-1,-1,-1
154044,2,0,0,-1,-1,-1
154524,1,0,1,104,1248,1201
0,0,0,0,-1,-1,-1
0,0,0,0,-1,-1,-1
155214,2,0,0,-1,-1,-1
154713,1,1,0,197,3440,3332
155290,1,0,1,113,6816,6752
155127,1,1,0,0,150,150
154748,1,1,0,0,10446,10446
152747,2,0,0,-1,-1,-1
0,0,0,0,-1,-1,-1
155223,1,1,0,155,2118,2044
155057,1,1,0,55,3993,3983
153957,2,0,0,-1,-1,-1
0,0,0,0,-1,-1,-1
153825,2,0,0,-1,-1,-1
155065,1,0,1,73,8960,8936
155119,1,0,1,217,1839,1741
154634,1,1,0,201,3376,3306
0,0,0,0,-1,-1,-1
152392,2,0,0,-1,-1,-1
153885,2,0,0,-1,-1,-1
0,0,0,0,-1,-1,-1
0,0,0,0,-1,-1,-1
154820,1,0,1,78,3688,3651
0,0,0,0,-1,-1,-1
153484,2,0,0,-1,-1,-1
155023,1,1,1,174,5582,5508
152779,2,0,0,-1,-1,-1
154743,2,0,0,-1,-1,-1
153481,2,0,0,-1,-1,-1
0,0,0,0,-1,-1,-1
0,0,0,0,-1,-1,-1
154467,1,0,1,36,1555,1543
154860,1,1,0,26,2957,2948
0,0,0,0,-1,-1,-1
0,0,0,0,-1,-1,-1
154795,1,0,1,97,3680,3657
154073,1,1,0,272,9219,9104
154314,1,1,0,131,2414,2362
0,0,0,0,-1,-1,-1
0,0,0,0,-1,-1,-1
155038,2,0,0,-1,-1,-1
0,0,0,0,-1,-1,-1
154156,2,0,0,-1,-1,-1
154991,1,1,0,57,2536,2505
0,0,0,0,-1,-1,-1
154897,1,1,0,16,9270,9264
153660,1,1,0,0,3668,3668
153557,2,0,0,-1,-1,-1
0,0,0,0,-1,-1,-1
155069,1,1,0,32,1026,1022
153946,1,1,0,51,1999,1982
154108,2,0,0,-1,-1,-1
0,0,0,0,-1,-1,-1
155103,1,0,1,81,1864,1837
155103,2,0,0,-1,-1,-1
0,0,0,0,-1,-1,-1
0,0,0,0,-1,-1,-1
154220,2,0,0,-1,-1,-1
154237,2,0,0,-1,-1,-1
154230,1,0,1,0,5248,5248
0,0,0,0,-1,-1,-1
0,0,0,0,-1,-1,-1
155201,1,1,-1,325,6635,6479
0,0,0,0,-1,-1,-1
153355,2,0,0,-1,-1,-1
0,0,0,0,-1,-1,-1
0,0,0,0,-1,-1,-1
0,0,0,0,-1,-1,-1
153603,1,1,0,86,4144,4118
153816,2,0,0,-1,-1,-1
155306,1,0,1,136,3844,3772
0,0,0,0,-1,-1,-1
0,0,0,0,-1,-1,-1
153078,2,0,0,-1,-1,-1
154673,1,1,0,165,2191,2133
0,0,0,0,-1,-1,-1
0,0,0,0,-1,-1,-1
0,0,0,0,-1,-1,-1
0,0,0,0,-1,-1,-1
154995,2,0,0,-1,-1,-1
0,0,0,0,-1,-1,-1
154000,1,1,0,25,2325,2305
154455,2,0,0,-1,-1,-1
0,0,0,0,-1,-1,-1
155099,1,1,-1,149,4703,4635
154280,2,0,0,-1,-1,-1
0,0,0,0,-1,-1,-1
155337,1,1,0,18,1699,1690
153879,2,0,0,-1,-1,-1
155367,1,1,0,98,3802,3750
154582,2,0,0,-1,-1,-1
0,0,0,0,-1,-1,-1
0,0,0,0,-1,-1,-1
154358,2,0,0,-1,-1,-1
153530,2,0,0,-1,-1,-1
155260,1,1,0,33,3740,3714
155243,1,0,1,0,21018,21018
0,0,0,0,-1,-1,-1
154854,1,0,1,20,6406,6401
0,0,0,0,-1,-1,-1
0,0,0,0,-1,-1,-1
0,0,0,0,-1,-1,-1
154879,1,0,1,101,3083,3031
154918,1,1,0,0,9110,9110
153395,1,0,1,14,3038,3035
0,0,0,0,-1,-1,-1
154584,1,1,0,0,13192,13192
0,0,0,0,-1,-1,-1
154653,2,0,0,-1,-1,-1
154808,1,0,1,90,5143,5110
155047,2,0,0,-1,-1,-1
0,0,0,0,-1,-1,-1
154137,1,0,1,77,1069,1036
154721,2,0,0,-1,-1,-1
0,0,0,0,-1,-1,-1
154337,2,0,0,-1,-1,-1
155045,2,0,0,-1,-1,-1
155207,1,1,-1,122,4306,4262
153419,2,0,0,-1,-1,-1
152456,2,0,0,-1,-1,-1
153983,1,0,1,86,1411,1381
0,0,0,0,-1,-1,-1
154023,2,0,0,-1,-1,-1
154342,1,0,1,80,5284,5250
154925,1,1,0,29,2570,2556
154673,1,1,0,69,664,646
155052,1,0,1,53,2506,2475
154132,2,0,0,-1,-1,-1
0,0,0,0,-1,-1,-1
154649,2,0,0,-1,-1,-1
153970,2,0,0,-1,-1,-1
0,0,0,0,-1,-1,-1
154455,1,1,0,169,4742,4679
154470,2,0,0,-1,-1,-1
155016,2,0,0,-1,-1,-1
154068,1,1,0,79,3282,3246
153719,2,0,0,-1,-1,-1
154751,2,0,0,-1,-1,-1
153488,2,0,0,-1,-1,-1
154275,2,0,0,-1,-1,-1
0,0,0,0,-1,-1,-1
154989,1,0,1,178,3066,3010
0,0,0,0,-1,-1,-1
0,0,0,0,-1,-1,-1
154668,2,0,0,-1,-1,-1
153951,2,0,0,-1,-1,-1
154378,1,0,1,0,3235,3235
0,0,0,0,-1,-1,-1
0,0,0,0,-1,-1,-1
154387,2,0,0,-1,-1,-1
153951,1,0,1,128,2693,2655
154691,2,0,0,-1,-1,-1
154185,2,0,0,-1,-1,-1
0,0,0,0,-1,-1,-1
154363,2,0,0,-1,-1,-1
155199,1,1,0,90,4075,4039
155325,1,1,0,117,3519,3455
0,0,0,0,-1,-1,-1
153582,1,1,0,108,1436,1393
154460,2,0,0,-1,-1,-1
155141,1,1,0,22,2741,2729
154376,2,0,0,-1,-1,-1
152580,1,0,1,79,3247,3218
153378,2,0,0,-1,-1,-1
154717,1,1,0,155,1455,1367
154167,2,0,0,-1,-1,-1
153716,2,0,0,-1,-1,-1
0,0,0,0,-1,-1,-1
154057,1,0,1,209,2402,2318
153703,1,0,1,107,1951,1890
0,0,0,0,-1,-1,-1
153676,2,0,0,-1,-1,-1
154522,2,0,0,-1,-1,-1
154098,2,0,0,-1,-1,-1
154472,2,0,0,-1,-1,-1
153975,2,0,0,-1,-1,-1
0,0,0,0,-1,-1,-1
153489,2,0,0,-1,-1,-1
155173,1,1,0,83,7050,7006
153749,1,1,0,21,4537,4525
154600,2,0,0,-1,-1,-1
155102,1,1,-1,101,2791,2734
154005,1,0,1,0,19498,19498
0,0,0,0,-1,-1,-1
155128,1,0,1,183,2449,2357
154793,2,0,0,-1,-1,-1
153831,1,1,0,149,1322,1244
154991,2,0,0,-1,-1,-1
0,0,0,0,-1,-1,-1
153769,2,0,0,-1,-1,-1
152532,2,0,0,-1,-1,-1
0,0,0,0,-1,-1,-1
154984,2,0,0,-1,-1,-1
0,0,0,0,-1,-1,-1
153574,2,0,0,-1,-1,-1
153589,2,0,0,-1,-1,-1
153280,1,0,1,77,4837,4778
154995,1,1,0,179,1631,1574
0,0,0,0,-1,-1,-1
153462,2,0,0,-1,-1,-1
152899,2,0,0,-1,-1,-1
0,0,0,0,-1,-1,-1
154611,2,0,0,-1,-1,-1
154847,1,1,0,0,0,0
0,0,0,0,-1,-1,-1
155236,1,1,1,253,2838,2710
155380,1,0,1,62,3147,3121
154482,2,0,0,-1,-1,-1
154877,2,0,0,-1,-1,-1
154864,1,0,1,103,2472,2436
152723,1,1,0,43,6539,6522
153577,2,0,0,-1,-1,-1
0,0,0,0,-1,-1,-1
154733,1,0,1,60,4333,4314
154363,2,0,0,-1,-1,-1
0,0,0,0,-1,-1,-1
154870,2,0,0,-1,-1,-1
0,0,0,0,-1,-1,-1
154205,2,0,0,-1,-1,-1
154336,1,0,1,0,1239,1239
155299,1,1,1,200,10201,10078
0,0,0,0,-1,-1,-1
154250,2,0,0,-1,-1,-1
155243,1,1,-1,32,8743,8717
154640,1,0,1,38,14574,14557
154025,2,0,0,-1,-1,-1
0,0,0,0,-1,-1,-1
154805,1,0,1,123,4924,4871
0,0,0,0,-1,-1,-1
154556,1,0,1,48,6494,6468
154162,1,0,1,83,3278,3223
154213,1,1,0,138,2988,2933
153864,1,0,1,91,2968,2928
155283,1,1,-1,194,4675,4599
154144,1,1,0,72,2589,2539
154320,2,0,0,-1,-1,-1
155003,2,0,0,-1,-1,-1
154458,2,0,0,-1,-1,-1
154395,2,0,0,-1,-1,-1
0,0,0,0,-1,-1,-1
155118,1,0,1,95,3614,3557
0,0,0,0,-1,-1,-1
155341,1,1,0,188,1251,1176
154142,2,0,0,-1,-1,-1
0,0,0,0,-1,-1,-1
155269,1,1,-1,71,7002,6966
0,0,0,0,-1,-1,-1
0,0,0,0,-1,-1,-1
0,0,0,0,-1,-1,-1
0,0,0,0,-1,-1,-1
0,0,0,0,-1,-1,-1
154596,2,0,0,-1,-1,-1
153741,1,0,1,66,2577,2559
153537,2,0,0,-1,-1,-1
154359,1,1,0,17,13833,13818
0,0,0,0,-1,-1,-1
154823,2,0,0,-1,-1,-1
0,0,0,0,-1,-1,-1
154787,1,1,0,107,1496,1445
155104,1,1,0,0,6216,6216
155257,1,1,0,212,3225,3147
154120,2,0,0,-1,-1,-1
154296,2,0,0,-1,-1,-1
0,0,0,0,-1,-1,-1
0,0,0,0,-1,-1,-1
152953,2,0,0,-1,-1,-1
154568,1,0,1,181,6613,6514
0,0,0,0,-1,-1,-1
154538,1,0,1,57,4335,4316
0,0,0,0,-1,-1,-1
154603,2,0,0,-1,-1,-1
155214,1,1,-1,168,12494,12430
153696,2,0,0,-1,-1,-1
153932,1,0,1,0,13244,13244
154554,2,0,0,-1,-1,-1
0,0,0,0,-1,-1,-1
0,0,0,0,-1,-1,-1
154833,1,1,0,118,6535,6485
0,0,0,0,-1,-1,-1
154146,2,0,0,-1,-1,-1
0,0,0,0,-1,-1,-1
0,0,0,0,-1,-1,-1
154861,2,0,0,-1,-1,-1
154647,1,1,0,53,4919,4897
0,0,0,0,-1,-1,-1
155326,1,1,-1,224,4730,4645
155043,1,1,1,79,11087,11050
0,0,0,0,-1,-1,-1
154409,2,0,0,-1,-1,-1
0,0,0,0,-1,-1,-1
155352,1,1,0,58,2560,2533
155146,2,0,0,-1,-1,-1
153138,2,0,0,-1,-1,-1
153814,2,0,0,-1,-1,-1
155346,1,1,0,137,5386,5332
154076,1,1,0,109,7199,7154
153961,2,0,0,-1,-1,-1
154293,2,0,0,-1,-1,-1
0,0,0,0,-1,-1,-1
154937,1,1,-1,226,4862,4762
0,0,0,0,-1,-1,-1
0,0,0,0,-1,-1,-1
155163,1,0,1,4,1371,1360
154628,2,0,0,-1,-1,-1
155067,1,0,1,24,3284,3259
154657,2,0,0,-1,-1,-1
152500,2,0,0,-1,-1,-1
154342,1,1,0,120,3824,3770
154398,1,1,0,16,6642,6634
154806,1,1,0,15,3116,3113
154700,1,0,1,99,3306,3251
154883,2,0,0,-1,-1,-1
153835,2,0,0,-1,-1,-1
155000,1,0,1,202,2130,2052
0,0,0,0,-1,-1,-1
0,0,0,0,-1,-1,-1
154008,2,0,0,-1,-1,-1
154524,2,0,0,-1,-1,-1
155074,1,0,1,83,8446,8383
0,0,0,0,-1,-1,-1
154771,1,0,1,362,13394,13242
155372,1,0,1,162,2057,2024
0,0,0,0,-1,-1,-1
153464,2,0,0,-1,-1,-1
0,0,0,0,-1,-1,-1
0,0,0,0,-1,-1,-1
155376,1,1,0,113,2126,2059
0,0,0,0,-1,-1,-1
153353,1,1,0,124,3533,3470
0,0,0,0,-1,-1,-1
153312,1,0,1,78,2281,2253
0,0,0,0,-1,-1,-1
154524,1,1,0,176,4206,4143
153580,1,1,0,60,15419,15394
154710,2,0,0,-1,-1,-1
153666,2,0,0,-1,-1,-1
154690,2,0,0,-1,-1,-1
0,0,0,0,-1,-1,-1
0,0,0,0,-1,-1,-1
0,0,0,0,-1,-1,-1
0,0,0,0,-1,-1,-1
155209,2,0,0,-1,-1,-1
154637,1,0,1,0,1950,1950
0,0,0,0,-1,-1,-1
155001,2,0,0,-1,-1,-1
153930,1,1,0,109,2590,2537
154870,1,0,1,74,1737,1686
154364,2,0,0,-1,-1,-1
154638,1,1,1,175,3581,3544
154310,2,0,0,-1,-1,-1
154115,1,1,0,0,10177,10177
154431,1,1,0,0,7110,7110
154371,1,1,0,118,4601,4536
0,0,0,0,-1,-1,-1
0,0,0,0,-1,-1,-1
0,0,0,0,-1,-1,-1
0,0,0,0,-1,-1,-1
153860,2,0,0,-1,-1,-1
0,0,0,0,-1,-1,-1
153701,2,0,0,-1,-1,-1
0,0,0,0,-1,-1,-1
152655,2,0,0,-1,-1,-1
155098,1,0,1,187,4565,4465
154076,2,0,0,-1,-1,-1
154246,2,0,0,-1,-1,-1
0,0,0,0,-1,-1,-1
0,0,0,0,-1,-1,-1
154871,1,1,0,16,10218,10208
153728,2,0,0,-1,-1,-1
0,0,0,0,-1,-1,-1
0,0,0,0,-1,-1,-1
154295,1,0,1,62,5289,5256
154078,1,0,1,64,11449,11426
154429,1,1,-1,133,6474,6430
0,0,0,0,-1,-1,-1
0,0,0,0,-1,-1,-1
153256,2,0,0,-1,-1,-1
155304,1,0,1,49,8099,8072
0,0,0,0,-1,-1,-1
154774,1,1,-1,140,3062,2994
152931,1,1,0,103,2289,2251
152788,2,0,0,-1,-1,-1
0,0,0,0,-1,-1,-1
0,0,0,0,-1,-1,-1
0,0,0,0,-1,-1,-1
154070,2,0,0,-1,-1,-1
154349,1,0,1,0,3577,3577
154348,1,1,0,88,1469,1437
0,0,0,0,-1,-1,-1
0,0,0,0,-1,-1,-1
0,0,0,0,-1,-1,-1
155383,1,1,0,74,1209,1159
155057,1,0,1,54,11617,11584
0,0,0,0,-1,-1,-1
154724,2,0,0,-1,-1,-1
154660,2,0,0,-1,-1,-1
153655,2,0,0,-1,-1,-1
0,0,0,0,-1,-1,-1
154465,1,1,0,96,2400,2353
155120,1,1,0,122,3589,3526
154042,2,0,0,-1,-1,-1
0,0,0,0,-1,-1,-1
0,0,0,0,-1,-1,-1
153186,2,0,0,-1,-1,-1
0,0,0,0,-1,-1,-1
154857,1,0,1,89,15074,15048
152510,1,0,1,9,7244,7241
153934,1,1,0,197,3367,3286
155072,1,0,1,80,6703,6674
153299,1,1,0,64,1280,1259
152828,1,0,1,33,7853,7844
154208,1,1,1,27,10194,10170
0,0,0,0,-1,-1,-1
154788,1,1,0,22,3468,3459
155170,1,0,1,71,5374,5335
153954,1,1,0,0,941,941
154103,1,0,1,178,3301,3227
154404,2,0,0,-1,-1,-1
155165,1,1,0,162,3042,2968
152900,2,0,0,-1,-1,-1
154531,1,0,1,107,4129,4078
154963,1,1,0,218,3324,3257
155365,1,0,1,187,2398,2305
0,0,0,0,-1,-1,-1
155243,1,1,0,0,7656,7656
154301,1,1,0,148,10084,10016
155081,1,1,1,0,14556,14556
0,0,0,0,-1,-1,-1
154007,1,1,0,52,6279,6255
0,0,0,0,-1,-1,-1
154890,1,0,1,200,1725,1632
0,0,0,0,-1,-1,-1
155305,1,0,1,54,185,181
153768,1,0,1,76,2673,2645
0,0,0,0,-1,-1,-1
154313,1,0,1,42,10124,10109
153673,2,0,0,-1,-1,-1
155021,2,0,0,-1,-1,-1
0,0,0,0,-1,-1,-1
155274,1,0,1,178,4638,4540
154319,2,0,0,-1,-1,-1
0,0,0,0,-1,-1,-1
154374,1,0,1,178,2966,2908
154105,2,0,0,-1,-1,-1
0,0,0,0,-1,-1,-1
0,0,0,0,-1,-1,-1
155156,1,0,1,113,1189,1134
154400,2,0,0,-1,-1,-1
154329,2,0,0,-1,-1,-1
154868,2,0,0,-1,-1,-1
154303,1,1,0,52,2481,2462
154500,1,1,0,66,10835,10801
154065,1,1,0,129,6608,6562
0,0,0,0,-1,-1,-1
154633,2,0,0,-1,-1,-1
153501,1,0,1,115,2727,2680
0,0,0,0,-1,-1,-1
0,0,0,0,-1,-1,-1
154786,2,0,0,-1,-1,-1
0,0,0,0,-1,-1,-1
153017,1,0,1,242,1960,1809
155351,1,0,1,34,2345,2329
0,0,0,0,-1,-1,-1
154001,1,0,1,70,4116,4078
154318,1,0,1,207,3015,2927
0,0,0,0,-1,-1,-1
155285,2,0,0,-1,-1,-1
155214,1,1,0,119,2634,2569
155006,2,0,0,-1,-1,-1
0,0,0,0,-1,-1,-1
155066,1,0,1,83,6821,6790
154880,2,0,0,-1,-1,-1
153297,2,0,0,-1,-1,-1
154410,1,1,0,39,5575,5565
154803,1,1,0,4,4273,4271
154224,2,0,0,-1,-1,-1
154025,2,0,0,-1,-1,-1
152878,2,0,0,-1,-1,-1
0,0,0,0,-1,-1,-1
154456,2,0,0,-1,-1,-1
155307,1,1,1,73,3434,3388
154734,1,0,1,40,2325,2312
0,0,0,0,-1,-1,-1
154531,2,0,0,-1,-1,-1
155144,2,0,0,-1,-1,-1
0,0,0,0,-1,-1,-1
154709,1,0,1,121,5121,5074
0,0,0,0,-1,-1,-1
155352,1,0,1,0,12876,12876
154497,2,0,0,-1,-1,-1
153037,1,0,1,43,2297,2276
154108,2,0,0,-1,-1,-1
154641,2,0,0,-1,-1,-1
0,0,0,0,-1,-1,-1
154822,2,0,0,-1,-1,-1
153507,1,1,1,90,15783,15756
153032,1,0,1,127,6628,6573
0,0,0,0,-1,-1,-1
0,0,0,0,-1,-1,-1
154053,1,1,-1,173,3984,3895
154476,1,0,1,129,3244,3194
0,0,0,0,-1,-1,-1
0,0,0,0,-1,-1,-1
154021,1,1,0,88,2667,2629
152482,1,0,1,146,3429,3361
155176,1,1,0,31,2113,2109
152737,2,0,0,-1,-1,-1
0,0,0,0,-1,-1,-1
155126,2,0,0,-1,-1,-1
153727,1,1,0,59,3076,3042
154072,2,0,0,-1,-1,-1
154573,2,0,0,-1,-1,-1
154810,1,0,1,95,6201,6139
154435,1,1,-1,160,10367,10296
0,0,0,0,-1,-1,-1
154937,2,0,0,-1,-1,-1
0,0,0,0,-1,-1,-1
154361,2,0,0,-1,-1,-1
0,0,0,0,-1,-1,-1
153591,2,0,0,-1,-1,-1
155357,1,1,0,173,3629,3544
0,0,0,0,-1,-1,-1
154546,2,0,0,-1,-1,-1
154169,1,0,1,119,2677,2643
0,0,0,0,-1,-1,-1
0,0,0,0,-1,-1,-1
154644,1,0,1,77,3891,3857
0,0,0,0,-1,-1,-1
0,0,0,0,-1,-1,-1
154681,2,0,0,-1,-1,-1
0,0,0,0,-1,-1,-1
0,0,0,0,-1,-1,-1
0,0,0,0,-1,-1,-1
154486,1,0,1,118,3052,2994
154574,2,0,0,-1,-1,-1
0,0,0,0,-1,-1,-1
155158,1,0,1,76,4807,4773
0,0,0,0,-1,-1,-1
0,0,0,0,-1,-1,-1
0,0,0,0,-1,-1,-1
0,0,0,0,-1,-1,-1
155001,2,0,0,-1,-1,-1
0,0,0,0,-1,-1,-1
154626,1,1,0,168,4840,4769
153776,2,0,0,-1,-1,-1
155123,1,1,0,126,3727,3679
154751,1,0,1,63,3927,3892
155376,1,1,0,131,9511,9429
153872,1,1,0,44,980,964
154374,1,0,1,0,8516,8516
154669,2,0,0,-1,-1,-1
0,0,0,0,-1,-1,-1
0,0,0,0,-1,-1,-1
0,0,0,0,-1,-1,-1
155258,1,1,0,84,2787,2720
154378,2,0,0,-1,-1,-1
0,0,0,0,-1,-1,-1
0,0,0,0,-1,-1,-1
153688,2,0,0,-1,-1,-1
154901,1,0,1,76,8672,8622
154538,1,1,0,192,2365,2292
155131,1,1,0,106,3252,3202
0,0,0,0,-1,-1,-1
153749,1,1,0,0,10007,10007
154534,2,0,0,-1,-1,-1
153439,2,0,0,-1,-1,-1
0,0,0,0,-1,-1,-1
154815,2,0,0,-1,-1,-1
154655,1,1,0,144,2213,2167
154583,2,0,0,-1,-1,-1
154652,2,0,0,-1,-1,-1
155380,1,0,1,164,7741,7665
0,0,0,0,-1,-1,-1
154058,2,0,0,-1,-1,-1
153963,1,1,0,12,1174,1160
0,0,0,0,-1,-1,-1
0,0,0,0,-1,-1,-1
0,0,0,0,-1,-1,-1
154999,1,1,1,170,6360,6274
154995,1,1,0,169,2026,1939
154342,2,0,0,-1,-1,-1
155332,1,0,1,0,5774,5774
154025,2,0,0,-1,-1,-1
155017,2,0,0,-1,-1,-1
155053,1,0,1,129,3099,3059
0,0,0,0,-1,-1,-1
154169,2,0,0,-1,-1,-1
0,0,0,0,-1,-1,-1
0,0,0,0,-1,-1,-1
0,0,0,0,-1,-1,-1
0,0,0,0,-1,-1,-1
154914,2,0,0,-1,-1,-1
0,0,0,0,-1,-1,-1
153881,1,0,1,71,3659,3619
0,0,0,0,-1,-1,-1
0,0,0,0,-1,-1,-1
154418,2,0,0,-1,-1,-1
154769,2,0,0,-1,-1,-1
155127,2,0,0,-1,-1,-1
0,0,0,0,-1,-1,-1
154083,2,0,0,-1,-1,-1
0,0,0,0,-1,-1,-1
153216,2,0,0,-1,-1,-1
153827,2,0,0,-1,-1,-1
0,0,0,0,-1,-1,-1
155035,1,1,1,268,5581,5440
154969,1,0,1,103,7728,7676
0,0,0,0,-1,-1,-1
0,0,0,0,-1,-1,-1
154589,1,1,0,126,1758,1693
0,0,0,0,-1,-1,-1
153164,2,0,0,-1,-1,-1
0,0,0,0,-1,-1,-1
0,0,0,0,-1,-1,-1
154683,2,0,0,-1,-1,-1
154965,2,0,0,-1,-1,-1
153589,2,0,0,-1,-1,-1
0,0,0,0,-1,-1,-1
154925,1,0,1,0,725,725
155017,2,0,0,-1,-1,-1
155096,1,0,1,47,5288,5276
154480,2,0,0,-1,-1,-1
0,0,0,0,-1,-1,-1
153606,2,0,0,-1,-1,-1
153820,1,0,1,90,11721,11681
155172,1,1,0,7,10456,10452
155212,1,0,1,55,2578,2537
153546,2,0,0,-1,-1,-1
0,0,0,0,-1,-1,-1
155256,1,1,0,62,7975,7944
0,0,0,0,-1,-1,-1
153344,2,0,0,-1,-1,-1
0,0,0,0,-1,-1,-1
154972,2,0,0,-1,-1,-1
154876,1,1,0,0,26752,26752
154300,1,1,0,96,6162,6101
154588,1,1,1,259,3358,3211
155075,1,0,1,112,2735,2676
155367,1,0,1,18,3987,3966
155334,1,0,1,113,2978,2925
0,0,0,0,-1,-1,-1
0,0,0,0,-1,-1,-1
154751,1,1,0,93,2729,2698
154098,1,0,1,129,3542,3455
153501,2,0,0,-1,-1,-1
154248,1,1,0,119,4996,4935
154324,2,0,0,-1,-1,-1
154930,1,1,0,39,2083,2065
155093,1,1,-1,172,6571,6490
153668,1,1,0,0,6837,6837
154029,2,0,0,-1,-1,-1
0,0,0,0,-1,-1,-1
154313,2,0,0,-1,-1,-1
154163,2,0,0,-1,-1,-1
154450,1,1,0,96,2262,2206
0,0,0,0,-1,-1,-1
155007,1,1,0,70,912,873
0,0,0,0,-1,-1,-1
155361,1,1,-1,196,4931,4852
0,0,0,0,-1,-1,-1
155300,1,1,-1,195,3613,3523
154904,1,1,-1,55,3375,3357
153748,2,0,0,-1,-1,-1
153789,1,0,1,73,3155,3123
0,0,0,0,-1,-1,-1
153600,2,0,0,-1,-1,-1
0,0,0,0,-1,-1,-1
153449,2,0,0,-1,-1,-1
0,0,0,0,-1,-1,-1
155151,2,0,0,-1,-1,-1
0,0,0,0,-1,-1,-1
0,0,0,0,-1,-1,-1
153704,1,0,1,179,3629,3533
0,0,0,0,-1,-1,-1
155094,1,0,1,258,4115,3998
0,0,0,0,-1,-1,-1
154529,1,1,0,45,3333,3312
154745,1,1,0,161,4893,4806
0,0,0,0,-1,-1,-1
154288,2,0,0,-1,-1,-1
154204,2,0,0,-1,-1,-1
0,0,0,0,-1,-1,-1
0,0,0,0,-1,-1,-1
154523,2,0,0,-1,-1,-1
153045,2,0,0,-1,-1,-1
154874,1,1,0,170,2091,2013
153937,1,1,0,35,4390,4377
151096,2,0,0,-1,-1,-1
154041,2,0,0,-1,-1,-1
153999,1,0,1,0,6014,6014
155363,1,1,0,81,3023,2982
154409,2,0,0,-1,-1,-1
154589,1,1,0,80,3223,3184
154175,1,1,1,274,3398,3278
0,0,0,0,-1,-1,-1
154975,2,0,0,-1,-1,-1
0,0,0,0,-1,-1,-1
0,0,0,0,-1,-1,-1
155329,1,0,1,130,3202,3137
154618,1,1,0,80,4953,4928
0,0,0,0,-1,-1,-1
0,0,0,0,-1,-1,-1
154525,1,0,1,180,1997,1937
0,0,0,0,-1,-1,-1
153678,1,0,1,211,2154,2086
153972,2,0,0,-1,-1,-1
0,0,0,0,-1,-1,-1
0,0,0,0,-1,-1,-1
154171,2,0,0,-1,-1,-1
154746,2,0,0,-1,-1,-1
0,0,0,0,-1,-1,-1
0,0,0,0,-1,-1,-1
154482,1,0,1,141,3952,3908
154818,2,0,0,-1,-1,-1
155086,1,1,0,0,1250,1250
0,0,0,0,-1,-1,-1
153768,2,0,0,-1,-1,-1
154941,2,0,0,-1,-1,-1
152553,1,1,0,147,2850,2783
155079,1,1,0,15,1665,1661
154830,1,1,-1,111,10744,10700
0,0,0,0,-1,-1,-1
154179,2,0,0,-1,-1,-1
0,0,0,0,-1,-1,-1
0,0,0,0,-1,-1,-1
152830,1,0,1,0,5753,5753
153254,2,0,0,-1,-1,-1
153312,2,0,0,-1,-1,-1
153816,1,1,0,317,3134,2996
155271,1,1,1,35,4282,4269
155134,1,1,0,141,2361,2308
153437,2,0,0,-1,-1,-1
153821,2,0,0,-1,-1,-1
0,0,0,0,-1,-1,-1
155182,1,0,1,114,5432,5357
154879,1,1,0,69,7650,7632
152935,2,0,0,-1,-1,-1
0,0,0,0,-1,-1,-1
0,0,0,0,-1,-1,-1
0,0,0,0,-1,-1,-1
0,0,0,0,-1,-1,-1
153960,2,0,0,-1,-1,-1
0,0,0,0,-1,-1,-1
154685,1,0,1,133,6372,6301
152540,1,0,1,28,2792,2774
0,0,0,0,-1,-1,-1
0,0,0,0,-1,-1,-1
155216,1,1,0,144,3260,3204
155194,1,1,-1,197,4666,4563
154477,1,1,0,132,2650,2566
153874,1,1,1,182,6114,6001
155241,1,1,0,20,3241,3231
155342,1,1,0,103,3831,3784
0,0,0,0,-1,-1,-1
0,0,0,0,-1,-1,-1
0,0,0,0,-1,-1,-1
152685,2,0,0,-1,-1,-1
0,0,0,0,-1,-1,-1
0,0,0,0,-1,-1,-1
154155,2,0,0,-1,-1,-1
0,0,0,0,-1,-1,-1
0,0,0,0,-1,-1,-1
155145,1,0,1,211,4161,4046
0,0,0,0,-1,-1,-1
153382,2,0,0,-1,-1,-1
0,0,0,0,-1,-1,-1
153826,1,0,1,115,6799,6752
154442,1,1,0,102,2824,2767
154728,1,0,1,142,3580,3513
153687,1,0,1,294,5684,5544
155226,1,1,0,112,3391,3323
0,0,0,0,-1,-1,-1
154653,2,0,0,-1,-1,-1
153890,2,0,0,-1,-1,-1
0,0,0,0,-1,-1,-1
0,0,0,0,-1,-1,-1
154809,2,0,0,-1,-1,-1
155099,1,0,1,70,16556,16538
154476,2,0,0,-1,-1,-1
0,0,0,0,-1,-1,-1
0,0,0,0,-1,-1,-1
155040,1,1,0,156,2089,2040
153604,2,0,0,-1,-1,-1
153632,2,0,0,-1,-1,-1
0,0,0,0,-1,-1,-1
0,0,0,0,-1,-1,-1
0,0,0,0,-1,-1,-1
0,0,0,0,-1,-1,-1
153734,2,0,0,-1,-1,-1
154428,1,0,1,129,3807,3741
0,0,0,0,-1,-1,-1
154157,1,0,1,107,4250,4203
153759,2,0,0,-1,-1,-1
0,0,0,0,-1,-1,-1
154435,2,0,0,-1,-1,-1
153002,2,0,0,-1,-1,-1
154692,1,0,1,219,2136,2053
153931,2,0,0,-1,-1,-1
153945,1,0,1,67,1080,1047
153896,2,0,0,-1,-1,-1
0,0,0,0,-1,-1,-1
153967,1,0,1,0,2967,2967
154330,1,1,0,56,16813,16791
154927,1,1,0,143,3912,3842
154134,1,0,1,93,4729,4690
155270,2,0,0,-1,-1,-1
154390,1,0,1,113,4573,4535
155376,1,0,1,253,3267,3153
154955,2,0,0,-1,-1,-1
154868,2,0,0,-1,-1,-1
0,0,0,0,-1,-1,-1
0,0,0,0,-1,-1,-1
153284,2,0,0,-1,-1,-1
154837,2,0,0,-1,-1,-1
154630,1,1,0,140,6007,5906
153291,2,0,0,-1,-1,-1
0,0,0,0,-1,-1,-1
0,0,0,0,-1,-1,-1
150988,2,0,0,-1,-1,-1
154062,2,0,0,-1,-1,-1
155313,1,1,1,297,2567,2416
154351,2,0,0,-1,-1,-1
154295,2,0,0,-1,-1,-1
153325,2,0,0,-1,-1,-1
154731,2,0,0,-1,-1,-1
0,0,0,0,-1,-1,-1
0,0,0,0,-1,-1,-1
154959,1,1,-1,151,9841,9762
152857,1,0,1,0,978,978
154124,1,1,0,60,3084,3051
154438,1,0,1,120,3893,3859
154902,2,0,0,-1,-1,-1
153591,2,0,0,-1,-1,-1
0,0,0,0,-1,-1,-1
155299,1,0,1,283,6743,6631
152452,2,0,0,-1,-1,-1
152561,2,0,0,-1,-1,-1
153376,1,0,1,154,2539,2470
154761,1,1,0,191,2929,2878
152973,2,0,0,-1,-1,-1
0,0,0,0,-1,-1,-1
153528,1,1,0,15,3128,3114
155141,1,1,-1,182,2636,2524
153284,1,1,0,118,3461,3408
154112,2,0,0,-1,-1,-1
154672,1,1,0,78,642,596
155288,2,0,0,-1,-1,-1
152412,1,1,0,103,5660,5616
154673,1,1,0,140,3819,3755
0,0,0,0,-1,-1,-1
0,0,0,0,-1,-1,-1
155101,2,0,0,-1,-1,-1
153556,1,1,0,0,7116,7116
153661,1,1,0,157,1642,1571
155176,1,1,0,76,9328,9303
153861,1,0,1,67,4802,4773
154061,2,0,0,-1,-1,-1
154743,2,0,0,-1,-1,-1
154354,1,1,0,92,5586,5536
155284,1,1,0,34,5149,5128
154853,1,1,0,133,1902,1865
154531,2,0,0,-1,-1,-1
154094,2,0,0,-1,-1,-1
154681,1,0,1,70,6354,6319
155080,1,0,1,71,13433,13381
0,0,0,0,-1,-1,-1
154911,1,0,1,176,4322,4237
154710,1,1,0,26,2853,2847
154523,2,0,0,-1,-1,-1
0,0,0,0,-1,-1,-1
0,0,0,0,-1,-1,-1
0,0,0,0,-1,-1,-1
154980,2,0,0,-1,-1,-1
153956,2,0,0,-1,-1,-1
154596,1,0,1,148,4603,4529
0,0,0,0,-1,-1,-1
153304,1,0,1,100,5260,5218
153451,2,0,0,-1,-1,-1
155055,1,0,1,0,23393,23393
154682,1,1,0,0,8908,8908
0,0,0,0,-1,-1,-1
154312,1,0,1,166,5908,5810
154855,1,0,1,0,4879,4879
0,0,0,0,-1,-1,-1
0,0,0,0,-1,-1,-1
154404,1,1,0,130,3503,3446
0,0,0,0,-1,-1,-1
154613,1,1,0,8,1084,1074
154035,1,0,1,81,9460,9423
0,0,0,0,-1,-1,-1
154838,1,1,0,123,4830,4788
0,0,0,0,-1,-1,-1
154687,2,0,0,-1,-1,-1
153724,2,0,0,-1,-1,-1
154019,2,0,0,-1,-1,-1
153971,2,0,0,-1,-1,-1
152624,2,0,0,-1,-1,-1
154495,2,0,0,-1,-1,-1
0,0,0,0,-1,-1,-1
0,0,0,0,-1,-1,-1
0,0,0,0,-1,-1,-1
154607,2,0,0,-1,-1,-1
0,0,0,0,-1,-1,-1
154773,2,0,0,-1,-1,-1
0,0,0,0,-1,-1,-1
0,0,0,0,-1,-1,-1
154516,1,0,1,135,2273,2200
0,0,0,0,-1,-1,-1
0,0,0,0,-1,-1,-1
0,0,0,0,-1,-1,-1
155132,1,0,1,35,8035,8003
154774,2,0,0,-1,-1,-1
0,0,0,0,-1,-1,-1
153929,2,0,0,-1,-1,-1
154285,1,0,1,117,3951,3902
154692,1,1,0,128,2499,2426
154565,1,1,1,124,9034,8978
153979,2,0,0,-1,-1,-1
154112,1,1,-1,230,3252,3116
154858,1,1,1,215,3601,3502
155052,2,0,0,-1,-1,-1
0,0,0,0,-1,-1,-1
0,0,0,0,-1,-1,-1
153657,2,0,0,-1,-1,-1
0,0,0,0,-1,-1,-1
155343,2,0,0,-1,-1,-1
0,0,0,0,-1,-1,-1
155036,2,0,0,-1,-1,-1
152910,2,0,0,-1,-1,-1
154218,2,0,0,-1,-1,-1
154545,2,0,0,-1,-1,-1
0,0,0,0,-1,-1,-1
0,0,0,0,-1,-1,-1
0,0,0,0,-1,-1,-1
0,0,0,0,-1,-1,-1
153962,2,0,0,-1,-1,-1
152970,2,0,0,-1,-1,-1
154532,2,0,0,-1,-1,-1
152335,2,0,0,-1,-1,-1
155253,1,1,0,179,2349,2277
154429,1,1,0,0,698,698
155041,1,1,0,89,4518,4476
153550,1,0,1,127,1621,1563
155218,1,1,0,222,1770,1679
154133,2,0,0,-1,-1,-1
0,0,0,0,-1,-1,-1
154579,2,0,0,-1,-1,-1
154513,1,0,1,49,11131,11111
155096,1,0,1,117,4455,4386
154421,2,0,0,-1,-1,-1
154845,1,1,0,56,5896,5884
0,0,0,0,-1,-1,-1
153757,2,0,0,-1,-1,-1
153927,2,0,0,-1,-1,-1
155178,2,0,0,-1,-1,-1
155380,1,1,0,61,12798,12779
0,0,0,0,-1,-1,-1
153380,1,0,1,101,6126,6082
0,0,0,0,-1,-1,-1
155251,1,0,1,38,4137,4122
154333,2,0,0,-1,-1,-1
155207,1,1,0,92,1496,1469
155024,1,0,1,50,6200,6169
154816,1,0,1,143,1930,1853
155117,1,0,1,33,3405,3391
153963,1,0,1,90,3832,3792
0,0,0,0,-1,-1,-1
0,0,0,0,-1,-1,-1
153962,2,0,0,-1,-1,-1
0,0,0,0,-1,-1,-1
155264,1,0,1,22,1006,995
155031,2,0,0,-1,-1,-1
0,0,0,0,-1,-1,-1
154266,2,0,0,-1,-1,-1
0,0,0,0,-1,-1,-1
154697,2,0,0,-1,-1,-1
154905,1,0,1,92,3653,3626
155022,1,1,0,43,1710,1688
0,0,0,0,-1,-1,-1
0,0,0,0,-1,-1,-1
154951,1,1,0,140,7848,7788
0,0,0,0,-1,-1,-1
0,0,0,0,-1,-1,-1
153331,2,0,0,-1,-1,-1
155179,2,0,0,-1,-1,-1
154194,1,1,0,27,8165,8155
154730,2,0,0,-1,-1,-1
155117,1,1,0,131,1955,1879
155327,1,0,1,112,31738,31679
0,0,0,0,-1,-1,-1
153664,1,0,1,65,4490,4461
154326,1,0,1,69,6610,6559
0,0,0,0,-1,-1,-1
154930,1,0,1,16,4825,4801
153777,1,0,1,157,3597,3536
154080,2,0,0,-1,-1,-1
153416,2,0,0,-1,-1,-1
154786,2,0,0,-1,-1,-1
154594,1,1,0,147,2756,2693
0,0,0,0,-1,-1,-1
155103,1,1,0,25,8292,8284
155202,2,0,0,-1,-1,-1
154714,1,1,0,140,2580,2530
154328,2,0,0,-1,-1,-1
154502,2,0,0,-1,-1,-1
0,0,0,0,-1,-1,-1
155172,1,1,0,225,4809,4713
151865,2,0,0,-1,-1,-1
0,0,0,0,-1,-1,-1
153112,2,0,0,-1,-1,-1
154012,1,1,1,137,6671,6622
155186,1,0,1,141,12099,12027
153707,2,0,0,-1,-1,-1
155065,1,1,0,41,1204,1187
154751,1,1,0,71,2007,1967
153880,2,0,0,-1,-1,-1
153977,2,0,0,-1,-1,-1
155231,1,0,1,157,3415,3350
0,0,0,0,-1,-1,-1
152924,1,0,1,136,6490,6415
0,0,0,0,-1,-1,-1
154663,1,0,1,33,4181,4161
154536,1,0,1,108,2542,2500
154593,2,0,0,-1,-1,-1
152534,1,1,0,26,3022,3011
153931,2,0,0,-1,-1,-1
0,0,0,0,-1,-1,-1
0,0,0,0,-1,-1,-1
154155,1,1,0,44,22444,22428
0,0,0,0,-1,-1,-1
0,0,0,0,-1,-1,-1
0,0,0,0,-1,-1,-1
154505,1,0,1,122,3395,3323
154244,2,0,0,-1,-1,-1
153252,1,1,0,0,5680,5680
154348,2,0,0,-1,-1,-1
154249,2,0,0,-1,-1,-1
155317,1,0,1,65,6919,6898
0,0,0,0,-1,-1,-1
0,0,0,0,-1,-1,-1
0,0,0,0,-1,-1,-1
154070,1,0,1,174,2994,2908
153128,2,0,0,-1,-1,-1
154976,1,0,1,37,14726,14702
155035,1,0,1,12,10359,10329
153898,2,0,0,-1,-1,-1
152626,1,1,-1,76,5325,5295
155092,2,0,0,-1,-1,-1
153096,2,0,0,-1,-1,-1
0,0,0,0,-1,-1,-1
154969,1,0,1,222,4573,4485
0,0,0,0,-1,-1,-1
154741,1,1,0,48,1613,1583
0,0,0,0,-1,-1,-1
0,0,0,0,-1,-1,-1
154448,1,0,1,0,24840,24840
0,0,0,0,-1,-1,-1
154893,1,1,-1,76,16098,16056
155263,1,0,1,72,5163,5135
154737,2,0,0,-1,-1,-1
0,0,0,0,-1,-1,-1
153638,2,0,0,-1,-1,-1
154127,1,1,0,41,7725,7702
155142,1,1,0,0,3021,3021
153837,2,0,0,-1,-1,-1
153050,2,0,0,-1,-1,-1
0,0,0,0,-1,-1,-1
154079,1,0,1,108,3194,3145
154251,2,0,0,-1,-1,-1
154783,2,0,0,-1,-1,-1
154181,1,1,1,108,5789,5723
154396,2,0,0,-1,-1,-1
153749,2,0,0,-1,-1,-1
0,0,0,0,-1,-1,-1
0,0,0,0,-1,-1,-1
154841,1,0,1,0,5808,5808
154330,1,0,1,144,2507,2421
153143,2,0,0,-1,-1,-1
154068,2,0,0,-1,-1,-1
155155,1,0,1,79,6956,6908
154696,2,0,0,-1,-1,-1
0,0,0,0,-1,-1,-1
0,0,0,0,-1,-1,-1
155271,1,0,1,109,6190,6130
153975,2,0,0,-1,-1,-1
153330,2,0,0,-1,-1,-1
153175,2,0,0,-1,-1,-1
154568,2,0,0,-1,-1,-1
154525,2,0,0,-1,-1,-1
154635,2,0,0,-1,-1,-1
153256,1,0,1,213,2111,2012
154696,2,0,0,-1,-1,-1
0,0,0,0,-1,-1,-1
153205,2,0,0,-1,-1,-1
0,0,0,0,-1,-1,-1
154978,2,0,0,-1,-1,-1
154085,2,0,0,-1,-1,-1
154632,1,0,1,113,963,922
154979,1,1,0,136,5529,5452
154267,1,0,1,179,2265,2210
154894,1,1,-1,146,4370,4307
153631,2,0,0,-1,-1,-1
153949,2,0,0,-1,-1,-1
155079,1,1,0,187,3490,3407
151455,2,0,0,-1,-1,-1
153459,1,1,0,59,10115,10095
0,0,0,0,-1,-1,-1
154814,2,0,0,-1,-1,-1
154685,1,1,0,186,3212,3116
0,0,0,0,-1,-1,-1
154194,2,0,0,-1,-1,-1
0,0,0,0,-1,-1,-1
0,0,0,0,-1,-1,-1
154926,1,1,0,106,2104,2071
153998,2,0,0,-1,-1,-1
0,0,0,0,-1,-1,-1
154064,2,0,0,-1,-1,-1
0,0,0,0,-1,-1,-1
0,0,0,0,-1,-1,-1
153806,2,0,0,-1,-1,-1
0,0,0,0,-1,-1,-1
0,0,0,0,-1,-1,-1
154856,1,1,0,152,3699,3594
155003,1,0,1,55,2334,2315
154565,1,0,1,83,7274,7242
0,0,0,0,-1,-1,-1
0,0,0,0,-1,-1,-1
0,0,0,0,-1,-1,-1
154430,1,1,-1,354,6300,6169
154876,1,0,1,113,8254,8199
154177,1,1,0,45,12403,12386
0,0,0,0,-1,-1,-1
154516,2,0,0,-1,-1,-1
153936,1,0,1,47,1778,1757
154944,1,1,0,74,1905,1877
0,0,0,0,-1,-1,-1
0,0,0,0,-1,-1,-1
155281,2,0,0,-1,-1,-1
153584,2,0,0,-1,-1,-1
0,0,0,0,-1,-1,-1
154933,1,0,1,36,1537,1503
155029,1,1,0,27,26395,26383
154868,1,1,0,74,2885,2842
153276,2,0,0,-1,-1,-1
154677,1,1,0,194,3540,3432
154188,1,0,1,107,5348,5300
153099,2,0,0,-1,-1,-1
154747,2,0,0,-1,-1,-1
154318,2,0,0,-1,-1,-1
0,0,0,0,-1,-1,-1
155107,1,1,-1,195,6589,6500
154691,2,0,0,-1,-1,-1
0,0,0,0,-1,-1,-1
0,0,0,0,-1,-1,-1
155010,1,1,1,191,3215,3103
0,0,0,0,-1,-1,-1
154524,1,0,1,103,641,601
155295,1,0,1,154,3910,3836
0,0,0,0,-1,-1,-1
154465,1,0,1,92,3238,3197
0,0,0,0,-1,-1,-1
155015,2,0,0,-1,-1,-1
154692,2,0,0,-1,-1,-1
0,0,0,0,-1,-1,-1
0,0,0,0,-1,-1,-1
0,0,0,0,-1,-1,-1
154983,2,0,0,-1,-1,-1
154407,1,0,1,59,16350,16320
0,0,0,0,-1,-1,-1
0,0,0,0,-1,-1,-1
154280,1,0,1,103,3537,3477
154432,1,0,1,34,5759,5743
155194,1,0,1,202,3433,3349
0,0,0,0,-1,-1,-1
154595,2,0,0,-1,-1,-1
0,0,0,0,-1,-1,-1
0,0,0,0,-1,-1,-1
0,0,0,0,-1,-1,-1
154937,2,0,0,-1,-1,-1
155355,1,1,0,10,2291,2287
154274,2,0,0,-1,-1,-1
0,0,0,0,-1,-1,-1
154572,2,0,0,-1,-1,-1
154847,1,1,-1,27,3323,3292
153585,2,0,0,-1,-1,-1
154764,2,0,0,-1,-1,-1
155215,1,1,-1,174,3585,3465
154674,1,0,1,452,5273,5032
155010,1,0,1,198,4173,4065
154254,2,0,0,-1,-1,-1
0,0,0,0,-1,-1,-1
154098,1,0,1,39,4559,4534
153780,1,1,0,86,1834,1787
153108,2,0,0,-1,-1,-1
154476,2,0,0,-1,-1,-1
153722,2,0,0,-1,-1,-1
0,0,0,0,-1,-1,-1
154950,2,0,0,-1,-1,-1
0,0,0,0,-1,-1,-1
155140,1,1,1,294,5504,5341
0,0,0,0,-1,-1,-1
0,0,0,0,-1,-1,-1
0,0,0,0,-1,-1,-1
155250,1,0,1,171,7990,7911
154672,1,1,0,53,8942,8913
0,0,0,0,-1,-1,-1
0,0,0,0,-1,-1,-1
154178,1,0,1,99,11432,11392
0,0,0,0,-1,-1,-1
0,0,0,0,-1,-1,-1
0,0,0,0,-1,-1,-1
153698,2,0,0,-1,-1,-1
0,0,0,0,-1,-1,-1
153205,2,0,0,-1,-1,-1
0,0,0,0,-1,-1,-1
0,0,0,0,-1,-1,-1
154976,1,0,1,36,4942,4933
0,0,0,0,-1,-1,-1
154615,2,0,0,-1,-1,-1
154189,1,0,1,0,2942,2942
152590,1,0,1,153,7966,7908
154267,2,0,0,-1,-1,-1
0,0,0,0,-1,-1,-1
153728,2,0,0,-1,-1,-1
153950,1,0,1,84,2755,2739
155111,2,0,0,-1,-1,-1
154728,1,0,1,74,8916,8875
0,0,0,0,-1,-1,-1
154520,2,0,0,-1,-1,-1
154472,1,0,1,214,2139,1984
154688,1,0,1,70,1260,1232
155301,1,0,1,72,1520,1487
154233,2,0,0,-1,-1,-1
154510,1,0,1,144,4276,4204
0,0,0,0,-1,-1,-1
154671,1,1,0,50,23561,23542
0,0,0,0,-1,-1,-1
0,0,0,0,-1,-1,-1
154185,1,1,0,189,2952,2882
0,0,0,0,-1,-1,-1
154026,2,0,0,-1,-1,-1
154902,2,0,0,-1,-1,-1
0,0,0,0,-1,-1,-1
155248,1,0,1,67,437,404
0,0,0,0,-1,-1,-1
155061,1,1,0,48,4314,4294
155125,1,1,0,90,1329,1302
0,0,0,0,-1,-1,-1
154453,2,0,0,-1,-1,-1
0,0,0,0,-1,-1,-1
0,0,0,0,-1,-1,-1
154362,2,0,0,-1,-1,-1
154840,1,0,1,85,4819,4774
155017,1,0,1,7,402,397
154654,1,1,0,191,3188,3110
154094,1,0,1,112,3819,3772
154089,2,0,0,-1,-1,-1
153971,1,1,0,36,2598,2570
155168,1,0,1,31,10737,10723
0,0,0,0,-1,-1,-1
0,0,0,0,-1,-1,-1
154372,1,0,1,0,18352,18352
154152,2,0,0,-1,-1,-1
154566,1,1,0,113,6919,6881
0,0,0,0,-1,-1,-1
0,0,0,0,-1,-1,-1
154082,2,0,0,-1,-1,-1
154306,1,1,0,115,4220,4161
154339,1,1,0,160,5019,4963
155062,1,0,1,0,14853,14853
0,0,0,0,-1,-1,-1
153698,2,0,0,-1,-1,-1
154320,2,0,0,-1,-1,-1
0,0,0,0,-1,-1,-1
155121,1,1,1,97,6177,6130
0,0,0,0,-1,-1,-1
0,0,0,0,-1,-1,-1
154033,2,0,0,-1,-1,-1
154351,2,0,0,-1,-1,-1
154888,1,1,0,122,14781,14725
154441,2,0,0,-1,-1,-1
0,0,0,0,-1,-1,-1
155007,1,1,1,119,6601,6533
155156,2,0,0,-1,-1,-1
155197,1,1,0,96,2002,1955
155023,1,0,1,0,4872,4872
153772,2,0,0,-1,-1,-1
153398,2,0,0,-1,-1,-1
155207,1,1,0,0,2082,2082
154908,1,0,1,50,13079,13069
154732,1,1,0,76,2484,2441
155103,1,1,0,273,4716,4594
154263,1,0,1,154,2974,2915
0,0,0,0,-1,-1,-1
0,0,0,0,-1,-1,-1
0,0,0,0,-1,-1,-1
0,0,0,0,-1,-1,-1
154485,2,0,0,-1,-1,-1
154155,2,0,0,-1,-1,-1
152558,2,0,0,-1,-1,-1
0,0,0,0,-1,-1,-1
155045,1,1,-1,209,4161,4067
153887,1,1,0,141,3342,3259
153988,1,0,1,70,1245,1209
0,0,0,0,-1,-1,-1
0,0,0,0,-1,-1,-1
0,0,0,0,-1,-1,-1
154156,1,0,1,72,911,887
0,0,0,0,-1,-1,-1
0,0,0,0,-1,-1,-1
0,0,0,0,-1,-1,-1
154090,1,0,1,98,6958,6922
154711,1,1,1,299,3474,3330
0,0,0,0,-1,-1,-1
154337,1,0,1,71,2294,2249
0,0,0,0,-1,-1,-1
0,0,0,0,-1,-1,-1
155153,1,0,1,73,17927,17880
155189,1,1,0,12,4905,4899
154525,2,0,0,-1,-1,-1
0,0,0,0,-1,-1,-1
154025,1,0,1,8,7551,7550
154972,1,1,-1,79,6766,6725
154700,2,0,0,-1,-1,-1
153890,1,1,0,74,17799,17765
155122,1,0,1,95,3421,3366
0,0,0,0,-1,-1,-1
153518,1,0,1,87,2587,2542
153941,2,0,0,-1,-1,-1
0,0,0,0,-1,-1,-1
153191,2,0,0,-1,-1,-1
0,0,0,0,-1,-1,-1
155320,1,1,1,129,15308,15240
153742,2,0,0,-1,-1,-1
0,0,0,0,-1,-1,-1
0,0,0,0,-1,-1,-1
0,0,0,0,-1,-1,-1
152569,2,0,0,-1,-1,-1
154322,2,0,0,-1,-1,-1
154258,1,1,0,145,9391,9301
155319,1,1,0,127,1610,1562
0,0,0,0,-1,-1,-1
155189,1,0,1,210,3493,3390
153785,1,1,0,60,2848,2812
154415,1,0,1,26,513,512
154423,2,0,0,-1,-1,-1
154471,1,0,1,143,1741,1681
155129,1,1,0,65,5585,5551
152874,1,1,0,12,1055,1045
153643,2,0,0,-1,-1,-1
155364,1,0,1,121,2336,2292
0,0,0,0,-1,-1,-1
0,0,0,0,-1,-1,-1
152085,2,0,0,-1,-1,-1
153750,1,1,0,111,2910,2874
153897,2,0,0,-1,-1,-1
153268,1,0,1,33,12638,12627
154845,2,0,0,-1,-1,-1
0,0,0,0,-1,-1,-1
0,0,0,0,-1,-1,-1
0,0,0,0,-1,-1,-1
153645,1,0,1,25,1306,1290
154288,1,1,0,102,4000,3953
154620,2,0,0,-1,-1,-1
0,0,0,0,-1,-1,-1
0,0,0,0,-1,-1,-1
153121,2,0,0,-1,-1,-1
0,0,0,0,-1,-1,-1
154788,2,0,0,-1,-1,-1
154816,1,1,0,124,3812,3758
154322,2,0,0,-1,-1,-1
0,0,0,0,-1,-1,-1
153752,1,1,0,173,3992,3902
154405,2,0,0,-1,-1,-1
153719,1,1,0,134,1502,1445
155161,1,0,1,198,2747,2632
0,0,0,0,-1,-1,-1
155110,1,0,1,126,2469,2423
0,0,0,0,-1,-1,-1
0,0,0,0,-1,-1,-1
154446,1,1,0,161,2378,2316
155026,2,0,0,-1,-1,-1
155109,2,0,0,-1,-1,-1
155280,1,0,1,171,3482,3413
154667,1,0,1,188,3599,3507
0,0,0,0,-1,-1,-1
154477,1,0,1,137,5230,5172
154584,1,0,1,256,4370,4272
153445,1,1,0,144,5061,4973
153887,2,0,0,-1,-1,-1
153449,1,0,1,157,2758,2682
154745,1,0,1,167,2614,2546
154872,2,0,0,-1,-1,-1
154948,2,0,0,-1,-1,-1
0,0,0,0,-1,-1,-1
154103,2,0,0,-1,-1,-1
154674,2,0,0,-1,-1,-1
154526,1,1,0,86,1360,1310
0,0,0,0,-1,-1,-1
0,0,0,0,-1,-1,-1
154453,1,1,1,138,4689,4605
153891,2,0,0,-1,-1,-1
0,0,0,0,-1,-1,-1
153954,2,0,0,-1,-1,-1
0,0,0,0,-1,-1,-1
153259,2,0,0,-1,-1,-1
0,0,0,0,-1,-1,-1
155112,1,1,1,135,5073,5016
154336,1,0,1,0,3264,3264
0,0,0,0,-1,-1,-1
154769,2,0,0,-1,-1,-1
0,0,0,0,-1,-1,-1
154667,2,0,0,-1,-1,-1
153378,1,0,1,69,3874,3851
155190,1,1,0,303,4077,3934
154435,2,0,0,-1,-1,-1
151933,1,1,0,103,2282,2237
154604,1,0,1,2,3051,3040
154401,1,0,1,143,5701,5621
155268,1,1,0,75,2370,2343
154392,2,0,0,-1,-1,-1
153936,2,0,0,-1,-1,-1
0,0,0,0,-1,-1,-1
154599,1,0,1,32,3520,3508
153242,2,0,0,-1,-1,-1
154614,1,1,0,175,3602,3531
154665,2,0,0,-1,-1,-1
154950,1,0,1,92,2645,2593
154831,1,1,0,51,4358,4350
153984,1,1,0,6,4632,4625
155208,2,0,0,-1,-1,-1
0,0,0,0,-1,-1,-1
154148,1,1,0,126,2895,2808
152172,2,0,0,-1,-1,-1
0,0,0,0,-1,-1,-1
154567,2,0,0,-1,-1,-1
0,0,0,0,-1,-1,-1
154860,2,0,0,-1,-1,-1
155068,2,0,0,-1,-1,-1
153346,2,0,0,-1,-1,-1
154998,2,0,0,-1,-1,-1
0,0,0,0,-1,-1,-1
154317,1,1,1,98,3500,3445
154981,2,0,0,-1,-1,-1
0,0,0,0,-1,-1,-1
0,0,0,0,-1,-1,-1
154935,1,1,0,120,5287,5229
154876,1,1,0,50,1920,1870
0,0,0,0,-1,-1,-1
155154,1,0,1,109,14271,14238
153919,1,0,1,133,4979,4922
0,0,0,0,-1,-1,-1
0,0,0,0,-1,-1,-1
154429,1,0,1,73,3870,3843
154510,2,0,0,-1,-1,-1
155184,1,0,1,148,2840,2759
0,0,0,0,-1,-1,-1
154937,1,1,1,212,3403,3305
154649,2,0,0,-1,-1,-1
155317,1,0,1,7,9020,9015
153917,1,0,1,0,7461,7461
153472,2,0,0,-1,-1,-1
155346,1,0,1,84,2803,2764
154385,2,0,0,-1,-1,-1
155073,1,1,-1,200,2679,2590
153322,2,0,0,-1,-1,-1
155020,1,1,0,70,1271,1226
0,0,0,0,-1,-1,-1
154635,2,0,0,-1,-1,-1
154229,2,0,0,-1,-1,-1
154283,1,1,0,0,311,311
154439,1,1,0,110,2626,2566
155204,2,0,0,-1,-1,-1
154926,1,0,1,117,3387,3339
154079,2,0,0,-1,-1,-1
155105,1,1,0,61,3046,3030
154370,2,0,0,-1,-1,-1
154863,1,0,1,2,1646,1647
155073,1,0,1,128,2449,2397
154663,2,0,0,-1,-1,-1
154130,2,0,0,-1,-1,-1
153772,2,0,0,-1,-1,-1
155280,1,1,-1,57,5117,5086
154677,2,0,0,-1,-1,-1
155017,1,0,1,0,6586,6586
154005,2,0,0,-1,-1,-1
0,0,0,0,-1,-1,-1
0,0,0,0,-1,-1,-1
155264,2,0,0,-1,-1,-1
0,0,0,0,-1,-1,-1
155005,1,0,1,0,6185,6185
155002,1,1,0,143,8144,8077
154493,1,0,1,55,2306,2264
155235,2,0,0,-1,-1,-1
0,0,0,0,-1,-1,-1
155066,1,0,1,0,11058,11058
153379,2,0,0,-1,-1,-1
0,0,0,0,-1,-1,-1
0,0,0,0,-1,-1,-1
154698,2,0,0,-1,-1,-1
154389,2,0,0,-1,-1,-1
0,0,0,0,-1,-1,-1
155013,1,0,1,139,2636,2590
154974,2,0,0,-1,-1,-1
154786,1,1,1,110,7572,7535
0,0,0,0,-1,-1,-1
151511,2,0,0,-1,-1,-1
0,0,0,0,-1,-1,-1
153542,1,0,1,135,4807,4734
153758,1,1,0,125,6455,6393
0,0,0,0,-1,-1,-1
154275,2,0,0,-1,-1,-1
155164,2,0,0,-1,-1,-1
154001,1,1,0,63,6579,6554
0,0,0,0,-1,-1,-1
154271,1,0,1,46,2924,2910
0,0,0,0,-1,-1,-1
154841,1,0,1,315,6208,6064
155342,1,1,0,156,2002,1939
0,0,0,0,-1,-1,-1
154573,2,0,0,-1,-1,-1
155359,1,1,0,92,4824,4788
154533,1,1,0,0,11790,11790
154979,1,0,1,50,2492,2472
153728,2,0,0,-1,-1,-1
154224,2,0,0,-1,-1,-1
154361,2,0,0,-1,-1,-1
154586,1,0,1,0,837,837
153997,1,1,0,40,4238,4215
153033,1,0,1,48,2704,2678
153674,1,0,1,104,1926,1883
155040,1,1,0,149,2138,2045
0,0,0,0,-1,-1,-1
0,0,0,0,-1,-1,-1
153719,2,0,0,-1,-1,-1
0,0,0,0,-1,-1,-1
154762,2,0,0,-1,-1,-1
0,0,0,0,-1,-1,-1
0,0,0,0,-1,-1,-1
0,0,0,0,-1,-1,-1
154563,1,1,0,245,3789,3692
153943,2,0,0,-1,-1,-1
155159,1,0,1,185,4497,4427
0,0,0,0,-1,-1,-1
155079,1,1,0,151,9156,9108
0,0,0,0,-1,-1,-1
0,0,0,0,-1,-1,-1
154692,2,0,0,-1,-1,-1
153897,2,0,0,-1,-1,-1
0,0,0,0,-1,-1,-1
155100,1,0,1,101,3997,3948
154671,1,0,1,209,1068,971
154153,2,0,0,-1,-1,-1
153848,2,0,0,-1,-1,-1
0,0,0,0,-1,-1,-1
154363,2,0,0,-1,-1,-1
0,0,0,0,-1,-1,-1
0,0,0,0,-1,-1,-1
154813,2,0,0,-1,-1,-1
0,0,0,0,-1,-1,-1
0,0,0,0,-1,-1,-1
154872,2,0,0,-1,-1,-1
154174,2,0,0,-1,-1,-1
0,0,0,0,-1,-1,-1
154822,2,0,0,-1,-1,-1
154855,2,0,0,-1,-1,-1
155153,2,0,0,-1,-1,-1
154084,1,0,1,181,6218,6131
154882,1,1,0,45,2425,2411
155323,1,0,1,89,3668,3619
0,0,0,0,-1,-1,-1
155245,1,0,1,104,11209,11163
155148,1,0,1,121,2243,2182
154983,2,0,0,-1,-1,-1
154712,1,0,1,75,2707,2671
0,0,0,0,-1,-1,-1
154535,1,0,1,9,5341,5329
154990,2,0,0,-1,-1,-1
154721,1,1,0,76,2881,2862
153690,2,0,0,-1,-1,-1
154702,1,0,1,5,4406,4407
155379,1,0,1,17,4165,4155
155330,1,0,1,0,3280,3280
154748,1,0,1,74,1859,1830
153848,2,0,0,-1,-1,-1
0,0,0,0,-1,-1,-1
154815,2,0,0,-1,-1,-1
155202,1,1,1,29,18216,18209
155326,1,1,0,67,2370,2321
153621,2,0,0,-1,-1,-1
154640,2,0,0,-1,-1,-1
153794,1,1,0,110,4971,4939
154746,2,0,0,-1,-1,-1
154315,2,0,0,-1,-1,-1
154215,2,0,0,-1,-1,-1
154819,2,0,0,-1,-1,-1
154100,2,0,0,-1,-1,-1
155157,1,1,0,56,7044,7020
153898,1,1,0,63,1586,1559
153212,2,0,0,-1,-1,-1
154843,2,0,0,-1,-1,-1
154038,2,0,0,-1,-1,-1
153861,1,0,1,270,5645,5480
154895,1,0,1,42,715,696
0,0,0,0,-1,-1,-1
0,0,0,0,-1,-1,-1
0,0,0,0,-1,-1,-1
154589,2,0,0,-1,-1,-1
154608,2,0,0,-1,-1,-1
154673,1,1,0,93,4497,4476
152553,2,0,0,-1,-1,-1
155363,1,1,1,155,3277,3193
154914,1,0,1,94,2937,2902
0,0,0,0,-1,-1,-1
154243,2,0,0,-1,-1,-1
0,0,0,0,-1,-1,-1
153544,2,0,0,-1,-1,-1
0,0,0,0,-1,-1,-1
154152,1,1,0,48,2344,2314
0,0,0,0,-1,-1,-1
0,0,0,0,-1,-1,-1
0,0,0,0,-1,-1,-1
0,0,0,0,-1,-1,-1
0,0,0,0,-1,-1,-1
154799,2,0,0,-1,-1,-1
154784,1,0,1,114,12917,12865
155140,1,1,0,63,7060,7031
154747,2,0,0,-1,-1,-1
154215,2,0,0,-1,-1,-1
0,0,0,0,-1,-1,-1
154098,1,0,1,178,4287,4204
0,0,0,0,-1,-1,-1
153084,2,0,0,-1,-1,-1
0,0,0,0,-1,-1,-1
155130,2,0,0,-1,-1,-1
153761,2,0,0,-1,-1,-1
154705,2,0,0,-1,-1,-1
0,0,0,0,-1,-1,-1
154258,2,0,0,-1,-1,-1
153113,2,0,0,-1,-1,-1
154957,1,1,0,94,14417,14374
152241,1,0,1,260,2890,2761
153871,1,1,0,87,5673,5639
154280,1,0,1,30,819,807
0,0,0,0,-1,-1,-1
154313,2,0,0,-1,-1,-1
154782,1,1,0,130,1712,1637
0,0,0,0,-1,-1,-1
154546,1,1,0,0,2140,2140
154937,2,0,0,-1,-1,-1
155228,1,1,0,103,4327,4272
154492,1,0,1,147,5287,5223
154619,2,0,0,-1,-1,-1
155010,1,1,0,86,7342,7298
154482,1,1,0,81,8695,8646
0,0,0,0,-1,-1,-1
0,0,0,0,-1,-1,-1
155218,1,0,1,0,18252,18252
153398,2,0,0,-1,-1,-1
155032,1,1,0,178,3084,3002
153642,1,1,0,187,7963,7903
154178,1,1,0,98,5770,5734
0,0,0,0,-1,-1,-1
153544,2,0,0,-1,-1,-1
153938,2,0,0,-1,-1,-1
154386,1,1,0,126,2783,2721
155089,1,1,0,1,4723,4723
155065,1,0,1,132,3922,3877
154969,1,1,0,228,5643,5516
153924,1,1,0,212,5444,5358
0,0,0,0,-1,-1,-1
154247,2,0,0,-1,-1,-1
154706,2,0,0,-1,-1,-1
0,0,0,0,-1,-1,-1
153423,2,0,0,-1,-1,-1
153839,2,0,0,-1,-1,-1
154734,1,1,-1,175,6996,6893
0,0,0,0,-1,-1,-1
154837,1,1,0,0,5621,5621
154077,1,0,1,119,1615,1572
154890,1,0,1,134,3270,3205
153916,1,0,1,179,5952,5853
153198,2,0,0,-1,-1,-1
0,0,0,0,-1,-1,-1
0,0,0,0,-1,-1,-1
0,0,0,0,-1,-1,-1
155015,1,1,0,112,5456,5377
154585,2,0,0,-1,-1,-1
0,0,0,0,-1,-1,-1
153892,2,0,0,-1,-1,-1
0,0,0,0,-1,-1,-1
153749,1,0,1,110,6377,6343
154984,2,0,0,-1,-1,-1
154287,2,0,0,-1,-1,-1
0,0,0,0,-1,-1,-1
154029,1,0,1,130,5384,5314
155065,2,0,0,-1,-1,-1
0,0,0,0,-1,-1,-1
154178,1,0,1,143,3127,3029
154059,1,0,1,233,4172,4057
0,0,0,0,-1,-1,-1
0,0,0,0,-1,-1,-1
153557,2,0,0,-1,-1,-1
154485,1,0,1,143,3419,3340
154919,2,0,0,-1,-1,-1
0,0,0,0,-1,-1,-1
0,0,0,0,-1,-1,-1
154999,1,0,1,50,3505,3482
153065,1,0,1,97,5214,5159
154295,1,0,1,245,2481,2344
154740,1,1,0,0,2450,2450
153582,1,0,1,100,2336,2282
0,0,0,0,-1,-1,-1
0,0,0,0,-1,-1,-1
154087,1,0,1,0,6420,6420
0,0,0,0,-1,-1,-1
0,0,0,0,-1,-1,-1
0,0,0,0,-1,-1,-1
152992,2,0,0,-1,-1,-1
154243,2,0,0,-1,-1,-1
154309,1,0,1,186,3110,3030
0,0,0,0,-1,-1,-1
154456,1,0,1,72,5542,5516
0,0,0,0,-1,-1,-1
0,0,0,0,-1,-1,-1
153683,2,0,0,-1,-1,-1
154833,1,0,1,44,11153,11105
154388,1,1,1,141,11815,11730
155199,1,1,0,248,3670,3523
0,0,0,0,-1,-1,-1
154802,1,1,0,347,3162,3008
154869,1,0,1,10,11130,11117
0,0,0,0,-1,-1,-1
0,0,0,0,-1,-1,-1
154828,2,0,0,-1,-1,-1
155177,1,1,0,78,8353,8316
154689,2,0,0,-1,-1,-1
153928,1,1,0,2,2771,2771
154681,2,0,0,-1,-1,-1
0,0,0,0,-1,-1,-1
0,0,0,0,-1,-1,-1
0,0,0,0,-1,-1,-1
155291,1,1,0,101,3519,3465
155333,2,0,0,-1,-1,-1
153596,1,1,0,85,3880,3842
153029,2,0,0,-1,-1,-1
153133,2,0,0,-1,-1,-1
0,0,0,0,-1,-1,-1
0,0,0,0,-1,-1,-1
0,0,0,0,-1,-1,-1
154704,1,0,1,3,2422,2422
154258,1,1,1,116,4936,4893
0,0,0,0,-1,-1,-1
152796,2,0,0,-1,-1,-1
0,0,0,0,-1,-1,-1
153850,2,0,0,-1,-1,-1
154931,1,1,0,209,2731,2634
155051,2,0,0,-1,-1,-1
154143,2,0,0,-1,-1,-1
0,0,0,0,-1,-1,-1
0,0,0,0,-1,-1,-1
0,0,0,0,-1,-1,-1
154778,1,0,1,53,6350,6335
155354,1,1,0,19,14299,14296
153993,1,0,1,240,5217,5049
0,0,0,0,-1,-1,-1
155218,1,0,1,42,15577,15566
154493,2,0,0,-1,-1,-1
0,0,0,0,-1,-1,-1
153775,1,1,0,125,6004,5948
155292,1,0,1,119,1482,1408
0,0,0,0,-1,-1,-1
0,0,0,0,-1,-1,-1
154669,1,1,0,0,0,0
154046,1,1,0,141,2349,2276
153865,1,0,1,85,4152,4102
153633,1,1,0,139,11234,11164
0,0,0,0,-1,-1,-1
155055,2,0,0,-1,-1,-1
155006,1,1,1,316,6221,6057
154116,2,0,0,-1,-1,-1
0,0,0,0,-1,-1,-1
153209,2,0,0,-1,-1,-1
0,0,0,0,-1,-1,-1
0,0,0,0,-1,-1,-1
0,0,0,0,-1,-1,-1
154903,1,1,0,131,3717,3672
0,0,0,0,-1,-1,-1
154641,2,0,0,-1,-1,-1
0,0,0,0,-1,-1,-1
155382,1,1,0,53,1830,1800
153946,2,0,0,-1,-1,-1
154919,1,0,1,149,3129,3045
0,0,0,0,-1,-1,-1
154212,1,0,1,116,5126,5069
155354,1,1,0,170,3698,3625
154612,2,0,0,-1,-1,-1
154862,1,0,1,186,10002,9889
155333,1,1,0,0,2244,2244
154821,2,0,0,-1,-1,-1
153700,2,0,0,-1,-1,-1
154525,2,0,0,-1,-1,-1
0,0,0,0,-1,-1,-1
0,0,0,0,-1,-1,-1
152568,2,0,0,-1,-1,-1
154174,1,0,1,130,4128,4062
154422,2,0,0,-1,-1,-1
0,0,0,0,-1,-1,-1
155188,1,1,0,87,2705,2666
0,0,0,0,-1,-1,-1
154905,1,0,1,66,3323,3288
153467,2,0,0,-1,-1,-1
153620,1,0,1,40,3526,3518
0,0,0,0,-1,-1,-1
0,0,0,0,-1,-1,-1
155339,1,1,1,89,15705,15662
154472,1,1,0,164,2027,1921
153357,1,1,0,54,3680,3639
0,0,0,0,-1,-1,-1
154884,2,0,0,-1,-1,-1
155246,1,1,0,66,3887,3863
154830,1,1,0,0,10350,10350
154026,2,0,0,-1,-1,-1
154169,2,0,0,-1,-1,-1
154404,2,0,0,-1,-1,-1
0,0,0,0,-1,-1,-1
154757,2,0,0,-1,-1,-1
0,0,0,0,-1,-1,-1
154512,2,0,0,-1,-1,-1
154762,2,0,0,-1,-1,-1
0,0,0,0,-1,-1,-1
153880,1,1,0,0,6468,6468
0,0,0,0,-1,-1,-1
154209,1,0,1,70,2394,2360
0,0,0,0,-1,-1,-1
154517,1,1,-1,359,2198,1997
154195,2,0,0,-1,-1,-1
154553,2,0,0,-1,-1,-1
154305,2,0,0,-1,-1,-1
154290,2,0,0,-1,-1,-1
154646,2,0,0,-1,-1,-1
154167,1,1,1,106,2414,2354
154921,1,0,1,139,1766,1697
154431,2,0,0,-1,-1,-1
155019,1,0,1,39,2822,2792
0,0,0,0,-1,-1,-1
0,0,0,0,-1,-1,-1
153760,1,0,1,92,3053,3001
0,0,0,0,-1,-1,-1
154863,1,1,0,0,475,475
155361,1,0,1,101,1990,1946
0,0,0,0,-1,-1,-1
0,0,0,0,-1,-1,-1
155204,1,1,0,122,2288,2255
0,0,0,0,-1,-1,-1
153590,2,0,0,-1,-1,-1
153901,1,0,1,98,2670,2629
0,0,0,0,-1,-1,-1
153935,2,0,0,-1,-1,-1
0,0,0,0,-1,-1,-1
155235,1,0,1,0,4488,4488
154295,2,0,0,-1,-1,-1
154947,1,1,0,127,3151,3107
155055,2,0,0,-1,-1,-1
155323,1,0,1,138,5753,5680
0,0,0,0,-1,-1,-1
154861,2,0,0,-1,-1,-1
154860,2,0,0,-1,-1,-1
154211,2,0,0,-1,-1,-1
154300,1,0,1,145,1068,988
154118,2,0,0,-1,-1,-1
154560,1,0,1,98,1393,1347
152921,2,0,0,-1,-1,-1
0,0,0,0,-1,-1,-1
0,0,0,0,-1,-1,-1
155320,1,0,1,141,1146,1085
0,0,0,0,-1,-1,-1
0,0,0,0,-1,-1,-1
0,0,0,0,-1,-1,-1
0,0,0,0,-1,-1,-1
0,0,0,0,-1,-1,-1
155179,1,1,1,182,6869,6787
154391,2,0,0,-1,-1,-1
153629,2,0,0,-1,-1,-1
0,0,0,0,-1,-1,-1
154669,2,0,0,-1,-1,-1
154187,1,1,0,0,4523,4523
154511,1,1,0,120,3571,3520
0,0,0,0,-1,-1,-1
153228,2,0,0,-1,-1,-1
0,0,0,0,-1,-1,-1
0,0,0,0,-1,-1,-1
154835,2,0,0,-1,-1,-1
0,0,0,0,-1,-1,-1
0,0,0,0,-1,-1,-1
154518,2,0,0,-1,-1,-1
153436,2,0,0,-1,-1,-1
154490,1,0,1,60,1409,1379
0,0,0,0,-1,-1,-1
154880,1,0,1,154,7300,7223
0,0,0,0,-1,-1,-1
154252,1,0,1,95,4371,4330
154983,1,0,1,74,7362,7331
153189,2,0,0,-1,-1,-1
153793,2,0,0,-1,-1,-1
153945,2,0,0,-1,-1,-1
154746,1,1,0,125,2464,2426
154733,1,1,0,0,3635,3635
0,0,0,0,-1,-1,-1
154045,2,0,0,-1,-1,-1
0,0,0,0,-1,-1,-1
154541,1,1,0,0,1110,1110
154096,2,0,0,-1,-1,-1
154251,2,0,0,-1,-1,-1
154661,1,1,0,75,3420,3410
153982,2,0,0,-1,-1,-1
155098,1,0,1,160,3265,3189
154855,1,1,0,43,6527,6507
154064,2,0,0,-1,-1,-1
0,0,0,0,-1,-1,-1
155372,1,0,1,52,1430,1414
154879,2,0,0,-1,-1,-1
154144,2,0,0,-1,-1,-1
155045,1,0,1,28,1850,1828
0,0,0,0,-1,-1,-1
0,0,0,0,-1,-1,-1
154612,1,1,0,75,2322,2271
154726,2,0,0,-1,-1,-1
153585,1,0,1,183,3365,3269
154330,1,0,1,0,3520,3520
154269,2,0,0,-1,-1,-1
154365,1,0,1,56,1620,1600
155077,2,0,0,-1,-1,-1
154892,1,1,0,64,17925,17899
0,0,0,0,-1,-1,-1
0,0,0,0,-1,-1,-1
0,0,0,0,-1,-1,-1
153822,1,0,1,32,10015,9979
153708,1,1,1,210,3508,3361
154086,1,1,0,202,2191,2119
152908,2,0,0,-1,-1,-1
153312,1,0,1,0,4444,4444
153767,1,0,1,0,1274,1274
154672,2,0,0,-1,-1,-1
154964,1,0,1,0,21515,21515
155001,1,1,0,41,8869,8858
153824,1,1,0,63,3929,3906
153739,1,0,1,88,2411,2367
153537,2,0,0,-1,-1,-1
153980,2,0,0,-1,-1,-1
152466,2,0,0,-1,-1,-1
154337,2,0,0,-1,-1,-1
0,0,0,0,-1,-1,-1
0,0,0,0,-1,-1,-1
0,0,0,0,-1,-1,-1
154809,1,1,0,110,2433,2401
0,0,0,0,-1,-1,-1
153632,2,0,0,-1,-1,-1
154145,2,0,0,-1,-1,-1
154759,2,0,0,-1,-1,-1
0,0,0,0,-1,-1,-1
0,0,0,0,-1,-1,-1
154544,2,0,0,-1,-1,-1
155214,1,0,1,289,4155,4040
154449,2,0,0,-1,-1,-1
153753,2,0,0,-1,-1,-1
154301,1,0,1,78,1025,990
154692,2,0,0,-1,-1,-1
154657,2,0,0,-1,-1,-1
154968,1,0,1,0,45,45
155266,1,0,1,43,4754,4737
154195,2,0,0,-1,-1,-1
0,0,0,0,-1,-1,-1
154723,2,0,0,-1,-1,-1
154766,1,0,1,229,7302,7213
0,0,0,0,-1,-1,-1
0,0,0,0,-1,-1,-1
152968,1,0,1,86,2772,2744
152619,2,0,0,-1,-1,-1
154252,1,1,0,100,2728,2683
154011,2,0,0,-1,-1,-1
0,0,0,0,-1,-1,-1
155174,1,1,0,122,3068,3013
0,0,0,0,-1,-1,-1
0,0,0,0,-1,-1,-1
154017,2,0,0,-1,-1,-1
155097,1,0,1,96,3674,3624
155307,1,0,1,58,2521,2497
154005,1,1,0,22,8385,8375
154323,1,1,0,33,12389,12374
0,0,0,0,-1,-1,-1
154279,1,0,1,160,1664,1569
153013,2,0,0,-1,-1,-1
154092,2,0,0,-1,-1,-1
0,0,0,0,-1,-1,-1
0,0,0,0,-1,-1,-1
154515,1,0,1,184,2326,2236
154376,1,0,1,23,5457,5438
0,0,0,0,-1,-1,-1
155170,1,1,0,0,1244,1244
0,0,0,0,-1,-1,-1
154469,2,0,0,-1,-1,-1
0,0,0,0,-1,-1,-1
0,0,0,0,-1,-1,-1
154832,1,1,0,66,2903,2863
155314,1,1,0,63,2672,2641
154706,1,0,1,116,8600,8557
153165,1,1,0,119,3495,3442
152157,1,0,1,196,3231,3141
0,0,0,0,-1,-1,-1
154024,2,0,0,-1,-1,-1
154679,1,0,1,93,5226,5181
152233,2,0,0,-1,-1,-1
0,0,0,0,-1,-1,-1
0,0,0,0,-1,-1,-1
154855,2,0,0,-1,-1,-1
0,0,0,0,-1,-1,-1
155088,1,0,1,58,5506,5477
154581,2,0,0,-1,-1,-1
153025,2,0,0,-1,-1,-1
154676,2,0,0,-1,-1,-1
152799,2,0,0,-1,-1,-1
154466,2,0,0,-1,-1,-1
0,0,0,0,-1,-1,-1
154348,1,1,0,115,10972,10926
154370,1,0,1,90,20683,20652
0,0,0,0,-1,-1,-1
0,0,0,0,-1,-1,-1
153603,1,0,1,168,9070,8996
154369,2,0,0,-1,-1,-1
154630,1,0,1,35,6251,6230
155253,1,1,0,0,0,0
153081,1,0,1,0,18415,18415
0,0,0,0,-1,-1,-1
153186,2,0,0,-1,-1,-1
154802,2,0,0,-1,-1,-1
0,0,0,0,-1,-1,-1
153196,2,0,0,-1,-1,-1
0,0,0,0,-1,-1,-1
154774,1,0,1,73,6132,6109
155162,1,1,1,101,8176,8136
154498,2,0,0,-1,-1,-1
154580,1,1,0,75,2622,2578
154550,2,0,0,-1,-1,-1
154530,1,0,1,0,975,975
154164,1,1,-1,246,2732,2636
154152,1,1,1,69,4348,4319
155160,1,1,0,65,10126,10093
155353,1,1,0,176,7897,7843
154836,1,1,1,185,5318,5203
0,0,0,0,-1,-1,-1
154235,1,0,1,84,2243,2188
0,0,0,0,-1,-1,-1
0,0,0,0,-1,-1,-1
155164,1,1,0,87,6629,6585
0,0,0,0,-1,-1,-1
154612,1,0,1,71,2842,2802
0,0,0,0,-1,-1,-1
153949,1,1,0,68,1156,1129
0,0,0,0,-1,-1,-1
0,0,0,0,-1,-1,-1
154726,1,0,1,137,4488,4429
154755,1,1,-1,230,3360,3260
0,0,0,0,-1,-1,-1
153143,2,0,0,-1,-1,-1
154121,1,0,1,268,3889,3775
155093,1,1,0,218,1388,1299
153806,2,0,0,-1,-1,-1
0,0,0,0,-1,-1,-1
154043,1,0,1,0,4301,4301
155224,1,1,0,0,10860,10860
0,0,0,0,-1,-1,-1
154141,2,0,0,-1,-1,-1
0,0,0,0,-1,-1,-1
0,0,0,0,-1,-1,-1
155210,1,1,0,41,2520,2507
155033,2,0,0,-1,-1,-1
154598,1,1,0,0,4020,4020
155289,1,0,1,159,2447,2380
154552,1,0,1,219,3585,3453
154908,1,0,1,37,3311,3292
153098,2,0,0,-1,-1,-1
0,0,0,0,-1,-1,-1
154995,1,1,1,29,3809,3795
0,0,0,0,-1,-1,-1
155347,1,1,0,72,3516,3490
154174,1,1,0,214,2156,2049
0,0,0,0,-1,-1,-1
0,0,0,0,-1,-1,-1
0,0,0,0,-1,-1,-1
153319,1,1,0,81,8143,8109
152877,2,0,0,-1,-1,-1
154222,2,0,0,-1,-1,-1
0,0,0,0,-1,-1,-1
0,0,0,0,-1,-1,-1
153559,2,0,0,-1,-1,-1
0,0,0,0,-1,-1,-1
0,0,0,0,-1,-1,-1
153867,1,1,0,65,2335,2304
0,0,0,0,-1,-1,-1
154580,2,0,0,-1,-1,-1
153878,2,0,0,-1,-1,-1
154727,2,0,0,-1,-1,-1
153787,2,0,0,-1,-1,-1
154628,1,0,1,33,1434,1420
153622,1,0,1,0,4283,4283
0,0,0,0,-1,-1,-1
154448,2,0,0,-1,-1,-1
154925,1,0,1,93,2317,2279
154498,1,1,0,242,3818,3723
0,0,0,0,-1,-1,-1
154903,2,0,0,-1,-1,-1
153916,2,0,0,-1,-1,-1
154717,1,1,-1,200,5866,5783
0,0,0,0,-1,-1,-1
155272,1,1,0,86,11066,11038
153633,2,0,0,-1,-1,-1
0,0,0,0,-1,-1,-1
154181,2,0,0,-1,-1,-1
155367,1,1,0,51,6633,6602
154530,2,0,0,-1,-1,-1
153493,1,1,0,85,3378,3338
152805,1,1,0,43,4256,4242
155252,1,0,1,216,2662,2558
153992,2,0,0,-1,-1,-1
0,0,0,0,-1,-1,-1
0,0,0,0,-1,-1,-1
153891,2,0,0,-1,-1,-1
154924,2,0,0,-1,-1,-1
154975,1,0,1,133,2913,2843
153528,1,1,0,0,24360,24360
154591,1,1,1,161,2451,2361
153775,1,0,1,53,1256,1234
153249,2,0,0,-1,-1,-1
0,0,0,0,-1,-1,-1
155170,1,0,1,74,2207,2154
154804,2,0,0,-1,-1,-1
154545,2,0,0,-1,-1,-1
0,0,0,0,-1,-1,-1
0,0,0,0,-1,-1,-1
154808,2,0,0,-1,-1,-1
155205,1,1,0,118,1539,1461
0,0,0,0,-1,-1,-1
154382,2,0,0,-1,-1,-1
153973,2,0,0,-1,-1,-1
154485,2,0,0,-1,-1,-1
0,0,0,0,-1,-1,-1
0,0,0,0,-1,-1,-1
0,0,0,0,-1,-1,-1
154462,1,0,1,59,2924,2901
154870,2,0,0,-1,-1,-1
0,0,0,0,-1,-1,-1
0,0,0,0,-1,-1,-1
153604,2,0,0,-1,-1,-1
155070,1,0,1,175,3101,3028
0,0,0,0,-1,-1,-1
154020,2,0,0,-1,-1,-1
153349,2,0,0,-1,-1,-1
0,0,0,0,-1,-1,-1
0,0,0,0,-1,-1,-1
0,0,0,0,-1,-1,-1
154944,2,0,0,-1,-1,-1
0,0,0,0,-1,-1,-1
155186,1,0,1,235,7271,7163
154219,1,0,1,121,5897,5836
154908,1,1,0,13,4261,4251
154020,1,0,1,209,4753,4636
0,0,0,0,-1,-1,-1
0,0,0,0,-1,-1,-1
154496,2,0,0,-1,-1,-1
0,0,0,0,-1,-1,-1
155100,1,0,1,33,3278,3259
154840,2,0,0,-1,-1,-1
0,0,0,0,-1,-1,-1
154759,1,0,1,104,1986,1946
154332,2,0,0,-1,-1,-1
155296,1,1,0,65,2482,2442
0,0,0,0,-1,-1,-1
0,0,0,0,-1,-1,-1
155078,1,1,-1,242,7729,7611
154546,2,0,0,-1,-1,-1
155082,2,0,0,-1,-1,-1
153779,1,1,0,89,5091,5067
0,0,0,0,-1,-1,-1
0,0,0,0,-1,-1,-1
154808,1,1,0,128,4265,4194
0,0,0,0,-1,-1,-1
154344,2,0,0,-1,-1,-1
155127,2,0,0,-1,-1,-1
154762,1,0,1,136,2361,2311
0,0,0,0,-1,-1,-1
0,0,0,0,-1,-1,-1
155183,1,0,1,46,1870,1847
0,0,0,0,-1,-1,-1
154500,1,0,1,64,6484,6468
155384,1,1,0,73,3452,3426
154212,1,0,1,56,9822,9790
152834,2,0,0,-1,-1,-1
154915,1,0,1,83,2974,2955
0,0,0,0,-1,-1,-1
152664,2,0,0,-1,-1,-1
153534,1,0,1,81,2557,2501
154482,1,0,1,253,4433,4312
154613,1,0,1,218,1856,1761
154050,2,0,0,-1,-1,-1
154948,1,0,1,77,4258,4233
0,0,0,0,-1,-1,-1
151721,2,0,0,-1,-1,-1
155295,1,0,1,0,203,203
154426,2,0,0,-1,-1,-1
153315,2,0,0,-1,-1,-1
0,0,0,0,-1,-1,-1
155183,1,0,1,177,1849,1764
154200,2,0,0,-1,-1,-1
0,0,0,0,-1,-1,-1
152394,1,0,1,87,11714,11685
153479,1,1,0,0,10573,10573
0,0,0,0,-1,-1,-1
155336,1,0,1,128,5000,4947
154033,1,0,1,147,5823,5747
0,0,0,0,-1,-1,-1
154318,2,0,0,-1,-1,-1
154482,1,0,1,175,2423,2357
153192,2,0,0,-1,-1,-1
0,0,0,0,-1,-1,-1
154045,2,0,0,-1,-1,-1
155355,1,1,0,49,8080,8056
0,0,0,0,-1,-1,-1
0,0,0,0,-1,-1,-1
154313,2,0,0,-1,-1,-1
0,0,0,0,-1,-1,-1
154610,1,1,0,145,5191,5135
154588,2,0,0,-1,-1,-1
0,0,0,0,-1,-1,-1
153200,1,0,1,33,2208,2192
0,0,0,0,-1,-1,-1
153723,2,0,0,-1,-1,-1
0,0,0,0,-1,-1,-1
0,0,0,0,-1,-1,-1
0,0,0,0,-1,-1,-1
155340,1,1,0,76,5247,5215
153014,2,0,0,-1,-1,-1
0,0,0,0,-1,-1,-1
0,0,0,0,-1,-1,-1
155235,1,0,1,131,2794,2756
0,0,0,0,-1,-1,-1
0,0,0,0,-1,-1,-1
0,0,0,0,-1,-1,-1
154066,1,1,0,0,9243,9243
154163,1,1,0,184,4143,4027
0,0,0,0,-1,-1,-1
154261,2,0,0,-1,-1,-1
155234,1,1,1,138,4507,4432
0,0,0,0,-1,-1,-1
0,0,0,0,-1,-1,-1
153135,1,1,0,78,3595,3547
0,0,0,0,-1,-1,-1
0,0,0,0,-1,-1,-1
154955,1,0,1,105,4419,4361
154994,1,1,1,227,4231,4100
154847,1,1,0,99,4883,4854
0,0,0,0,-1,-1,-1
0,0,0,0,-1,-1,-1
0,0,0,0,-1,-1,-1
154862,2,0,0,-1,-1,-1
154678,2,0,0,-1,-1,-1
0,0,0,0,-1,-1,-1
153193,2,0,0,-1,-1,-1
154069,1,1,0,33,933,917
152982,2,0,0,-1,-1,-1
154745,2,0,0,-1,-1,-1
153295,2,0,0,-1,-1,-1
154405,1,0,1,61,5779,5760
0,0,0,0,-1,-1,-1
0,0,0,0,-1,-1,-1
0,0,0,0,-1,-1,-1
154403,2,0,0,-1,-1,-1
153433,2,0,0,-1,-1,-1
0,0,0,0,-1,-1,-1
151654,2,0,0,-1,-1,-1
154286,2,0,0,-1,-1,-1
0,0,0,0,-1,-1,-1
154766,1,0,1,65,5760,5720
0,0,0,0,-1,-1,-1
154631,1,0,1,43,3506,3502
0,0,0,0,-1,-1,-1
154797,1,0,1,13,2239,2231
154395,2,0,0,-1,-1,-1
0,0,0,0,-1,-1,-1
0,0,0,0,-1,-1,-1
0,0,0,0,-1,-1,-1
0,0,0,0,-1,-1,-1
0,0,0,0,-1,-1,-1
0,0,0,0,-1,-1,-1
0,0,0,0,-1,-1,-1
154497,1,1,-1,157,7991,7925
0,0,0,0,-1,-1,-1
153558,2,0,0,-1,-1,-1
0,0,0,0,-1,-1,-1
154393,1,0,1,7,5596,5592
153315,1,0,1,0,2002,2002
155086,1,0,1,60,5960,5935
155006,1,1,0,148,1186,1111
152337,2,0,0,-1,-1,-1
153359,2,0,0,-1,-1,-1
0,0,0,0,-1,-1,-1
153878,1,0,1,175,3685,3613
0,0,0,0,-1,-1,-1
154003,2,0,0,-1,-1,-1
0,0,0,0,-1,-1,-1
154468,2,0,0,-1,-1,-1
0,0,0,0,-1,-1,-1
0,0,0,0,-1,-1,-1
0,0,0,0,-1,-1,-1
154920,1,1,0,67,6353,6331
155069,1,0,1,190,2811,2709
0,0,0,0,-1,-1,-1
0,0,0,0,-1,-1,-1
153093,2,0,0,-1,-1,-1
0,0,0,0,-1,-1,-1
0,0,0,0,-1,-1,-1
155041,1,0,1,96,1781,1740
154951,1,1,1,154,4951,4871
153530,2,0,0,-1,-1,-1
0,0,0,0,-1,-1,-1
155011,2,0,0,-1,-1,-1
154039,1,0,1,85,1951,1904
0,0,0,0,-1,-1,-1
154765,1,1,0,81,3609,3587
153532,2,0,0,-1,-1,-1
155051,1,1,0,111,5008,4969
154905,2,0,0,-1,-1,-1
0,0,0,0,-1,-1,-1
153791,2,0,0,-1,-1,-1
154749,2,0,0,-1,-1,-1
153980,1,1,0,153,1888,1810
154913,2,0,0,-1,-1,-1
153935,2,0,0,-1,-1,-1
154904,1,0,1,324,3924,3802
0,0,0,0,-1,-1,-1
154426,2,0,0,-1,-1,-1
154415,2,0,0,-1,-1,-1
0,0,0,0,-1,-1,-1
152989,2,0,0,-1,-1,-1
154975,1,0,1,8,5697,5693
155105,1,0,1,40,10987,10965
155093,2,0,0,-1,-1,-1
0,0,0,0,-1,-1,-1
0,0,0,0,-1,-1,-1
155018,1,0,1,67,2255,2241
0,0,0,0,-1,-1,-1
0,0,0,0,-1,-1,-1
153167,1,1,0,64,18166,18116
155239,1,0,1,95,6629,6601
155129,1,0,1,211,4739,4648
154574,2,0,0,-1,-1,-1
154419,1,1,0,51,3300,3279
155123,1,0,1,110,1741,1698
154561,2,0,0,-1,-1,-1
153648,1,1,0,212,3361,3293
155053,1,1,0,126,1553,1495
0,0,0,0,-1,-1,-1
154630,1,1,0,174,3515,3408
0,0,0,0,-1,-1,-1
0,0,0,0,-1,-1,-1
0,0,0,0,-1,-1,-1
0,0,0,0,-1,-1,-1
154993,1,0,1,71,2869,2850
154901,1,0,1,67,4004,3958
155011,1,0,1,137,1973,1884
154596,1,1,0,62,3143,3127
0,0,0,0,-1,-1,-1
155184,1,1,1,77,2478,2447
0,0,0,0,-1,-1,-1
154420,2,0,0,-1,-1,-1
155028,1,1,0,123,7108,7047
155352,2,0,0,-1,-1,-1
0,0,0,0,-1,-1,-1
154347,2,0,0,-1,-1,-1
0,0,0,0,-1,-1,-1
155348,1,0,1,85,3424,3400
0,0,0,0,-1,-1,-1
154750,1,0,1,0,4140,4140
154519,1,1,0,23,5864,5863
0,0,0,0,-1,-1,-1
154795,1,0,1,270,2453,2311
0,0,0,0,-1,-1,-1
0,0,0,0,-1,-1,-1
152818,1,0,1,0,8550,8550
0,0,0,0,-1,-1,-1
154856,1,1,0,149,8340,8261
152961,2,0,0,-1,-1,-1
0,0,0,0,-1,-1,-1
154416,2,0,0,-1,-1,-1
0,0,0,0,-1,-1,-1
154992,1,0,1,74,2181,2168
155200,1,1,1,74,5153,5120
154221,1,0,1,95,8901,8867
154450,2,0,0,-1,-1,-1
0,0,0,0,-1,-1,-1
0,0,0,0,-1,-1,-1
152888,2,0,0,-1,-1,-1
0,0,0,0,-1,-1,-1
154418,1,0,1,75,4696,4679
154667,2,0,0,-1,-1,-1
153608,2,0,0,-1,-1,-1
154737,2,0,0,-1,-1,-1
154756,2,0,0,-1,-1,-1
0,0,0,0,-1,-1,-1
155353,1,0,1,135,4151,4098
153820,1,1,0,0,10449,10449
153199,2,0,0,-1,-1,-1
154638,1,0,1,63,10452,10419
155231,2,0,0,-1,-1,-1
153804,2,0,0,-1,-1,-1
0,0,0,0,-1,-1,-1
153660,1,0,1,138,6072,5999
154700,1,0,1,0,2416,2416
154546,2,0,0,-1,-1,-1
154405,2,0,0,-1,-1,-1
154560,2,0,0,-1,-1,-1
154512,2,0,0,-1,-1,-1
0,0,0,0,-1,-1,-1
154641,2,0,0,-1,-1,-1
154249,2,0,0,-1,-1,-1
0,0,0,0,-1,-1,-1
153950,2,0,0,-1,-1,-1
155148,2,0,0,-1,-1,-1
0,0,0,0,-1,-1,-1
154651,2,0,0,-1,-1,-1
153195,2,0,0,-1,-1,-1
0,0,0,0,-1,-1,-1
0,0,0,0,-1,-1,-1
152779,2,0,0,-1,-1,-1
154705,2,0,0,-1,-1,-1
154759,1,1,0,45,7634,7612
0,0,0,0,-1,-1,-1
155195,2,0,0,-1,-1,-1
154190,1,1,0,75,4269,4228
154996,2,0,0,-1,-1,-1
0,0,0,0,-1,-1,-1
0,0,0,0,-1,-1,-1
0,0,0,0,-1,-1,-1
154266,2,0,0,-1,-1,-1
155171,1,1,0,161,2135,2046
155016,1,1,0,114,5612,5574
154519,2,0,0,-1,-1,-1
154875,2,0,0,-1,-1,-1
154217,2,0,0,-1,-1,-1
153215,1,1,0,67,6752,6724
155354,1,0,1,0,8317,8317
0,0,0,0,-1,-1,-1
154536,2,0,0,-1,-1,-1
155190,1,1,0,62,8442,8410
155024,1,1,0,153,3924,3866
0,0,0,0,-1,-1,-1
0,0,0,0,-1,-1,-1
0,0,0,0,-1,-1,-1
153498,2,0,0,-1,-1,-1
154762,2,0,0,-1,-1,-1
153675,1,1,0,76,8797,8757
154792,1,0,1,0,7139,7139
0,0,0,0,-1,-1,-1
0,0,0,0,-1,-1,-1
154919,1,1,0,198,4344,4249
154373,1,1,-1,182,3323,3258
152801,2,0,0,-1,-1,-1
154573,2,0,0,-1,-1,-1
154252,1,0,1,143,5195,5114
153600,2,0,0,-1,-1,-1
153151,2,0,0,-1,-1,-1
154691,2,0,0,-1,-1,-1
154885,1,1,0,168,2868,2801
155137,1,1,0,75,7783,7759
154715,2,0,0,-1,-1,-1
153952,2,0,0,-1,-1,-1
155138,2,0,0,-1,-1,-1
154287,2,0,0,-1,-1,-1
154543,2,0,0,-1,-1,-1
154638,1,0,1,239,3347,3227
0,0,0,0,-1,-1,-1
154656,2,0,0,-1,-1,-1
0,0,0,0,-1,-1,-1
0,0,0,0,-1,-1,-1
154445,1,1,0,135,4778,4715
0,0,0,0,-1,-1,-1
154990,1,1,0,219,2205,2107
155288,1,1,0,254,2404,2271
155164,1,1,-1,63,7513,7469
151926,2,0,0,-1,-1,-1
152395,1,1,0,1,12276,12274
155328,2,0,0,-1,-1,-1
0,0,0,0,-1,-1,-1
155187,1,1,0,1,1681,1679
153914,1,1,-1,76,5458,5414
154314,2,0,0,-1,-1,-1
155006,2,0,0,-1,-1,-1
155056,2,0,0,-1,-1,-1
153640,2,0,0,-1,-1,-1
0,0,0,0,-1,-1,-1
0,0,0,0,-1,-1,-1
154462,2,0,0,-1,-1,-1
154942,2,0,0,-1,-1,-1
0,0,0,0,-1,-1,-1
153168,2,0,0,-1,-1,-1
0,0,0,0,-1,-1,-1
155373,1,1,1,81,5408,5375
153090,2,0,0,-1,-1,-1
0,0,0,0,-1,-1,-1
153606,2,0,0,-1,-1,-1
0,0,0,0,-1,-1,-1
154375,1,1,0,99,2884,2843
0,0,0,0,-1,-1,-1
154188,1,1,0,5,9650,9650
154348,2,0,0,-1,-1,-1
155112,1,0,1,91,8159,8133
153595,1,1,0,104,1623,1593
154627,2,0,0,-1,-1,-1
153956,2,0,0,-1,-1,-1
0,0,0,0,-1,-1,-1
154094,1,1,0,161,2283,2207
154741,2,0,0,-1,-1,-1
155013,1,0,1,205,1981,1885
154441,1,1,0,80,6032,5987
154727,2,0,0,-1,-1,-1
0,0,0,0,-1,-1,-1
154248,1,1,0,136,5263,5193
154957,1,0,1,16,5895,5894
154303,1,0,1,87,2068,2017
154153,1,0,1,103,5364,5322
153853,2,0,0,-1,-1,-1
154804,1,1,0,31,2814,2794
0,0,0,0,-1,-1,-1
0,0,0,0,-1,-1,-1
154002,2,0,0,-1,-1,-1
0,0,0,0,-1,-1,-1
153968,2,0,0,-1,-1,-1
0,0,0,0,-1,-1,-1
0,0,0,0,-1,-1,-1
152062,1,0,1,148,2186,2132
152789,1,0,1,48,2862,2836
155171,1,0,1,142,3189,3132
154050,2,0,0,-1,-1,-1
154449,2,0,0,-1,-1,-1
0,0,0,0,-1,-1,-1
0,0,0,0,-1,-1,-1
154948,2,0,0,-1,-1,-1
154713,2,0,0,-1,-1,-1
154399,2,0,0,-1,-1,-1
153837,2,0,0,-1,-1,-1
153859,2,0,0,-1,-1,-1
155136,2,0,0,-1,-1,-1
154762,1,1,0,58,6436,6398
153351,2,0,0,-1,-1,-1
154086,2,0,0,-1,-1,-1
155204,1,1,0,33,6809,6790
153835,2,0,0,-1,-1,-1
154759,2,0,0,-1,-1,-1
0,0,0,0,-1,-1,-1
155313,1,1,0,0,18469,18469
153527,2,0,0,-1,-1,-1
153917,1,1,0,203,4917,4800
0,0,0,0,-1,-1,-1
153942,1,1,0,9,482,475
154256,1,0,1,148,4307,4224
153359,1,0,1,4,10379,10366
154393,1,0,1,142,3732,3676
154259,2,0,0,-1,-1,-1
0,0,0,0,-1,-1,-1
0,0,0,0,-1,-1,-1
155202,1,1,0,111,7647,7584
153150,2,0,0,-1,-1,-1
152988,2,0,0,-1,-1,-1
155146,1,1,1,19,21834,21830
0,0,0,0,-1,-1,-1
154234,1,0,1,174,32232,32148
154896,2,0,0,-1,-1,-1
0,0,0,0,-1,-1,-1
155283,1,1,1,86,8560,8532
154761,2,0,0,-1,-1,-1
154939,1,1,0,57,2593,2535
155130,1,0,1,219,2232,2136
155314,1,1,0,135,3146,3072
155030,1,1,0,148,7036,6951
154591,2,0,0,-1,-1,-1
153913,2,0,0,-1,-1,-1
0,0,0,0,-1,-1,-1
154146,2,0,0,-1,-1,-1
155078,2,0,0,-1,-1,-1
155345,1,1,0,82,7397,7374
155223,1,1,0,157,8256,8168
155224,1,1,0,202,2914,2814
154534,2,0,0,-1,-1,-1
153944,1,0,1,0,5635,5635
0,0,0,0,-1,-1,-1
155012,2,0,0,-1,-1,-1
155378,1,1,0,85,9149,9109
153318,1,0,1,70,2414,2382
155068,1,1,0,145,1638,1552
0,0,0,0,-1,-1,-1
154411,1,0,1,232,4399,4261
153530,1,0,1,127,7375,7336
153751,1,1,0,84,1659,1610
0,0,0,0,-1,-1,-1
0,0,0,0,-1,-1,-1
0,0,0,0,-1,-1,-1
153521,2,0,0,-1,-1,-1
0,0,0,0,-1,-1,-1
154755,1,1,0,32,15006,14990
154587,2,0,0,-1,-1,-1
154711,1,1,0,29,2125,2120
154767,2,0,0,-1,-1,-1
0,0,0,0,-1,-1,-1
155261,1,0,1,221,2990,2918
155222,1,1,0,0,25719,25719
155096,1,0,1,160,3638,3564
153997,2,0,0,-1,-1,-1
154673,2,0,0,-1,-1,-1
154339,1,1,0,294,3887,3736
0,0,0,0,-1,-1,-1
154649,1,1,0,0,11396,11396
0,0,0,0,-1,-1,-1
0,0,0,0,-1,-1,-1
0,0,0,0,-1,-1,-1
0,0,0,0,-1,-1,-1
0,0,0,0,-1,-1,-1
154169,2,0,0,-1,-1,-1
155329,1,1,0,149,8606,8521
0,0,0,0,-1,-1,-1
155131,1,1,-1,93,14026,13974
153782,2,0,0,-1,-1,-1
0,0,0,0,-1,-1,-1
154826,1,1,-1,160,2966,2901
154323,1,0,1,159,1692,1641
0,0,0,0,-1,-1,-1
0,0,0,0,-1,-1,-1
154733,2,0,0,-1,-1,-1
153910,2,0,0,-1,-1,-1
0,0,0,0,-1,-1,-1
155117,1,0,1,237,4820,4729
0,0,0,0,-1,-1,-1
0,0,0,0,-1,-1,-1
154190,1,1,0,134,7600,7558
0,0,0,0,-1,-1,-1
155049,1,0,1,12,7940,7937
154424,2,0,0,-1,-1,-1
154622,1,1,0,120,5742,5711
153254,2,0,0,-1,-1,-1
0,0,0,0,-1,-1,-1
0,0,0,0,-1,-1,-1
154805,1,1,0,132,2126,2066
154200,1,1,0,78,5020,4999
0,0,0,0,-1,-1,-1
154949,1,1,0,52,2601,2581
153091,1,1,0,175,3406,3312
155146,2,0,0,-1,-1,-1
0,0,0,0,-1,-1,-1
155123,1,0,1,35,10005,9999
0,0,0,0,-1,-1,-1
155039,1,1,-1,121,4921,4865
151877,1,1,0,80,2664,2644
153029,1,0,1,5,6451,6448
152534,2,0,0,-1,-1,-1
155020,2,0,0,-1,-1,-1
155136,1,0,1,68,5755,5710
153616,2,0,0,-1,-1,-1
155355,1,0,1,0,378,378
0,0,0,0,-1,-1,-1
0,0,0,0,-1,-1,-1
154584,1,1,0,16,3909,3897
0,0,0,0,-1,-1,-1
154683,1,0,1,184,5362,5246
153755,2,0,0,-1,-1,-1
0,0,0,0,-1,-1,-1
155118,1,0,1,72,4110,4084
154230,2,0,0,-1,-1,-1
154686,2,0,0,-1,-1,-1
155108,1,0,1,0,16477,16477
154902,1,1,0,134,5098,5025
153749,1,0,1,107,7011,6951
155342,1,0,1,52,29020,28992
154392,1,1,0,139,1784,1724
154729,1,0,1,140,4844,4778
154272,1,0,1,92,1866,1812
154001,2,0,0,-1,-1,-1
0,0,0,0,-1,-1,-1
154532,1,1,0,48,1682,1657
154989,2,0,0,-1,-1,-1
154777,2,0,0,-1,-1,-1
154998,2,0,0,-1,-1,-1
0,0,0,0,-1,-1,-1
154959,1,0,1,168,3012,2936
154561,2,0,0,-1,-1,-1
154121,2,0,0,-1,-1,-1
151428,1,1,0,73,2220,2189
155317,1,0,1,121,2346,2287
0,0,0,0,-1,-1,-1
153892,2,0,0,-1,-1,-1
154479,1,1,0,6,4583,4578
0,0,0,0,-1,-1,-1
0,0,0,0,-1,-1,-1
153314,2,0,0,-1,-1,-1
0,0,0,0,-1,-1,-1
153327,2,0,0,-1,-1,-1
155236,1,0,1,57,13467,13432
152828,2,0,0,-1,-1,-1
0,0,0,0,-1,-1,-1
0,0,0,0,-1,-1,-1
155381,1,0,1,29,2562,2546
155379,1,0,1,104,9004,8963
0,0,0,0,-1,-1,-1
0,0,0,0,-1,-1,-1
153922,1,0,1,0,18174,18174
153421,2,0,0,-1,-1,-1
154398,2,0,0,-1,-1,-1
154000,1,0,1,46,5176,5162
154631,1,1,0,103,4911,4862
0,0,0,0,-1,-1,-1
154903,1,0,1,215,3119,2994
153495,2,0,0,-1,-1,-1
0,0,0,0,-1,-1,-1
0,0,0,0,-1,-1,-1
154721,1,0,1,98,11668,11630
154210,2,0,0,-1,-1,-1
154945,2,0,0,-1,-1,-1
154880,1,1,-1,137,10634,10589
154597,1,1,0,68,8315,8294
154880,1,1,0,50,2476,2441
155263,1,0,1,120,2211,2174
0,0,0,0,-1,-1,-1
154636,1,0,1,131,4535,4490
154115,1,0,1,129,2363,2311
154463,2,0,0,-1,-1,-1
153632,2,0,0,-1,-1,-1
0,0,0,0,-1,-1,-1
154550,1,0,1,110,3105,3060
153677,1,0,1,72,2219,2186
0,0,0,0,-1,-1,-1
155236,1,1,0,85,5780,5736
155154,1,0,1,101,1360,1305
151998,2,0,0,-1,-1,-1
153643,2,0,0,-1,-1,-1
155362,1,0,1,126,3109,3040
0,0,0,0,-1,-1,-1
0,0,0,0,-1,-1,-1
154290,2,0,0,-1,-1,-1
0,0,0,0,-1,-1,-1
0,0,0,0,-1,-1,-1
153929,2,0,0,-1,-1,-1
154226,2,0,0,-1,-1,-1
154729,2,0,0,-1,-1,-1
154741,1,0,1,98,5773,5713
0,0,0,0,-1,-1,-1
155311,1,1,0,17,4076,4063
154098,2,0,0,-1,-1,-1
154653,1,0,1,77,2037,2007
0,0,0,0,-1,-1,-1
154171,2,0,0,-1,-1,-1
154995,1,1,0,108,3977,3913
0,0,0,0,-1,-1,-1
0,0,0,0,-1,-1,-1
0,0,0,0,-1,-1,-1
0,0,0,0,-1,-1,-1
152667,2,0,0,-1,-1,-1
154365,2,0,0,-1,-1,-1
0,0,0,0,-1,-1,-1
154528,1,1,0,173,3439,3339
154206,1,1,0,301,7026,6922
154569,2,0,0,-1,-1,-1
0,0,0,0,-1,-1,-1
154125,2,0,0,-1,-1,-1
0,0,0,0,-1,-1,-1
0,0,0,0,-1,-1,-1
0,0,0,0,-1,-1,-1
0,0,0,0,-1,-1,-1
151908,2,0,0,-1,-1,-1
0,0,0,0,-1,-1,-1
155007,2,0,0,-1,-1,-1
0,0,0,0,-1,-1,-1
154780,1,0,1,226,1028,913
154149,2,0,0,-1,-1,-1
153870,2,0,0,-1,-1,-1
154644,1,0,1,143,7125,7041
154958,2,0,0,-1,-1,-1
153895,1,1,0,273,3129,3022
154819,1,1,-1,133,10481,10420
154380,2,0,0,-1,-1,-1
154298,2,0,0,-1,-1,-1
153469,2,0,0,-1,-1,-1
153925,1,1,1,165,5974,5883
153532,2,0,0,-1,-1,-1
0,0,0,0,-1,-1,-1
0,0,0,0,-1,-1,-1
153488,1,1,0,33,2485,2471
153694,1,1,0,157,2182,2115
154447,2,0,0,-1,-1,-1
154464,2,0,0,-1,-1,-1
0,0,0,0,-1,-1,-1
153493,1,1,0,55,3384,3351
0,0,0,0,-1,-1,-1
0,0,0,0,-1,-1,-1
155187,1,0,1,197,6201,6133
155235,1,1,0,213,4761,4650
153629,1,0,1,0,3082,3082
154329,2,0,0,-1,-1,-1
0,0,0,0,-1,-1,-1
154347,1,1,-1,116,4301,4236
154810,1,0,1,34,5917,5901
154033,2,0,0,-1,-1,-1
154221,2,0,0,-1,-1,-1
154225,2,0,0,-1,-1,-1
154305,1,1,0,12,2618,2615
154653,2,0,0,-1,-1,-1
155171,1,0,1,92,3050,3000
154504,1,1,0,112,5088,5029
154206,1,1,0,279,8080,7970
154645,1,1,1,99,3974,3932
154530,2,0,0,-1,-1,-1
154398,1,1,0,171,1621,1533
0,0,0,0,-1,-1,-1
154728,2,0,0,-1,-1,-1
0,0,0,0,-1,-1,-1
0,0,0,0,-1,-1,-1
153886,1,1,0,119,3343,3294
152688,2,0,0,-1,-1,-1
153564,1,1,0,0,13625,13625
153660,1,0,1,167,3412,3326
154867,1,1,0,142,5204,5122
153754,1,0,1,188,4914,4824
155298,1,0,1,165,5935,5831
0,0,0,0,-1,-1,-1
154132,1,1,0,77,3712,3665
0,0,0,0,-1,-1,-1
154430,2,0,0,-1,-1,-1
0,0,0,0,-1,-1,-1
154819,2,0,0,-1,-1,-1
154747,1,1,0,0,11363,11363
0,0,0,0,-1,-1,-1
0,0,0,0,-1,-1,-1
154623,1,0,1,144,4100,4043
155154,1,1,0,23,2082,2068
0,0,0,0,-1,-1,-1
155320,1,0,1,390,4311,4102
153995,1,0,1,0,5128,5128
155171,1,0,1,50,813,787
0,0,0,0,-1,-1,-1
153761,2,0,0,-1,-1,-1
155201,1,1,0,113,3059,2998
154920,1,0,1,169,1564,1505
154487,2,0,0,-1,-1,-1
151927,2,0,0,-1,-1,-1
153818,2,0,0,-1,-1,-1
155343,2,0,0,-1,-1,-1
0,0,0,0,-1,-1,-1
0,0,0,0,-1,-1,-1
155033,1,0,1,199,4841,4767
152902,2,0,0,-1,-1,-1
0,0,0,0,-1,-1,-1
154634,2,0,0,-1,-1,-1
155327,1,0,1,46,1692,1683
155374,1,1,0,44,2314,2291
154679,1,0,1,141,7614,7556
153463,2,0,0,-1,-1,-1
153779,2,0,0,-1,-1,-1
155368,1,0,1,151,1295,1224
0,0,0,0,-1,-1,-1
154777,1,1,0,85,2765,2732
154182,2,0,0,-1,-1,-1
153462,1,0,1,131,5616,5537
0,0,0,0,-1,-1,-1
155260,1,1,0,89,2346,2311
154437,1,1,0,109,1677,1617
154107,1,1,0,123,4827,4760
152606,2,0,0,-1,-1,-1
0,0,0,0,-1,-1,-1
155217,1,0,1,210,3064,2969
0,0,0,0,-1,-1,-1
153157,2,0,0,-1,-1,-1
154267,2,0,0,-1,-1,-1
154796,1,0,1,107,2626,2567
0,0,0,0,-1,-1,-1
153350,2,0,0,-1,-1,-1
153350,2,0,0,-1,-1,-1
153211,2,0,0,-1,-1,-1
154687,1,1,1,30,8492,8476
155359,1,1,0,85,5512,5467
154944,1,1,0,7,10446,10439
0,0,0,0,-1,-1,-1
155284,2,0,0,-1,-1,-1
153124,1,0,1,68,3962,3918
155361,1,0,1,34,2616,2606
154909,2,0,0,-1,-1,-1
155126,2,0,0,-1,-1,-1
0,0,0,0,-1,-1,-1
153951,2,0,0,-1,-1,-1
154892,1,1,0,215,4873,4797
153824,1,1,0,60,2700,2674
154248,2,0,0,-1,-1,-1
154408,1,1,0,197,4804,4727
0,0,0,0,-1,-1,-1
0,0,0,0,-1,-1,-1
155007,1,0,1,0,3141,3141
0,0,0,0,-1,-1,-1
155171,1,0,1,107,3686,3649
0,0,0,0,-1,-1,-1
154428,2,0,0,-1,-1,-1
154142,1,0,1,153,1829,1759
153858,2,0,0,-1,-1,-1
0,0,0,0,-1,-1,-1
154212,2,0,0,-1,-1,-1
155135,1,0,1,76,4065,4023
154647,2,0,0,-1,-1,-1
154533,1,1,0,120,2607,2549
154124,1,0,1,78,3305,3261
153824,2,0,0,-1,-1,-1
154422,1,0,1,107,13268,13236
154209,1,0,1,72,5095,5043
153235,2,0,0,-1,-1,-1
154686,2,0,0,-1,-1,-1
153576,1,1,0,59,3419,3396
0,0,0,0,-1,-1,-1
154189,2,0,0,-1,-1,-1
0,0,0,0,-1,-1,-1
155146,1,1,0,79,5495,5464
155201,1,1,0,0,1959,1959
154030,2,0,0,-1,-1,-1
154352,2,0,0,-1,-1,-1
154427,1,1,0,104,16337,16287
0,0,0,0,-1,-1,-1
153914,1,1,0,157,5419,5306
154551,1,0,1,99,7794,7746
0,0,0,0,-1,-1,-1
0,0,0,0,-1,-1,-1
0,0,0,0,-1,-1,-1
155075,1,1,0,51,4354,4308
0,0,0,0,-1,-1,-1
154574,1,1,0,68,8360,8330
153009,2,0,0,-1,-1,-1
154206,1,1,0,161,1360,1307
152821,1,1,0,192,2591,2520
155265,1,1,0,157,3485,3428
0,0,0,0,-1,-1,-1
0,0,0,0,-1,-1,-1
0,0,0,0,-1,-1,-1
0,0,0,0,-1,-1,-1
0,0,0,0,-1,-1,-1
154949,2,0,0,-1,-1,-1
155099,1,0,1,53,2701,2673
153502,2,0,0,-1,-1,-1
153123,2,0,0,-1,-1,-1
152953,1,0,1,95,2996,2952
154797,1,0,1,91,5772,5721
0,0,0,0,-1,-1,-1
0,0,0,0,-1,-1,-1
0,0,0,0,-1,-1,-1
155355,1,0,1,0,9984,9984
155222,1,0,1,89,2641,2600
0,0,0,0,-1,-1,-1
154048,1,0,1,20,2601,2585
153665,2,0,0,-1,-1,-1
0,0,0,0,-1,-1,-1
154592,2,0,0,-1,-1,-1
152858,1,0,1,72,1762,1730
153696,2,0,0,-1,-1,-1
154836,1,1,0,188,1974,1876
154586,1,0,1,162,8738,8656
0,0,0,0,-1,-1,-1
0,0,0,0,-1,-1,-1
0,0,0,0,-1,-1,-1
153736,2,0,0,-1,-1,-1
0,0,0,0,-1,-1,-1
0,0,0,0,-1,-1,-1
154593,1,1,0,183,2338,2245
154621,1,1,-1,241,8615,8529
154263,1,0,1,240,4597,4472
154202,2,0,0,-1,-1,-1
154815,1,0,1,152,2384,2319
154657,1,0,1,0,8516,8516
154745,1,0,1,160,6961,6888
154657,1,0,1,18,5050,5038
154908,2,0,0,-1,-1,-1
154132,2,0,0,-1,-1,-1
154109,1,1,0,0,3319,3319
155269,1,1,1,65,9598,9569
155367,1,0,1,58,5834,5779
0,0,0,0,-1,-1,-1
155316,1,0,1,95,3541,3506
155368,1,0,1,13,4491,4486
155176,2,0,0,-1,-1,-1
155216,1,1,0,0,19712,19712
154788,1,0,1,131,5241,5165
154882,1,1,0,53,4474,4437
0,0,0,0,-1,-1,-1
0,0,0,0,-1,-1,-1
154393,1,0,1,55,1495,1473
152999,2,0,0,-1,-1,-1
0,0,0,0,-1,-1,-1
153434,2,0,0,-1,-1,-1
0,0,0,0,-1,-1,-1
155202,1,0,1,42,3066,3059
0,0,0,0,-1,-1,-1
153416,2,0,0,-1,-1,-1
0,0,0,0,-1,-1,-1
153551,1,1,0,124,4594,4549
154479,2,0,0,-1,-1,-1
0,0,0,0,-1,-1,-1
0,0,0,0,-1,-1,-1
0,0,0,0,-1,-1,-1
0,0,0,0,-1,-1,-1
154236,2,0,0,-1,-1,-1
0,0,0,0,-1,-1,-1
154590,2,0,0,-1,-1,-1
154504,1,1,0,259,2321,2205
155324,1,1,0,90,1397,1367
154317,2,0,0,-1,-1,-1
153093,1,0,1,119,11991,11932
155220,1,0,1,98,4546,4509
0,0,0,0,-1,-1,-1
152707,1,0,1,120,4905,4840
154462,2,0,0,-1,-1,-1
155073,2,0,0,-1,-1,-1
154822,1,1,0,0,3782,3782
153788,1,1,0,184,1447,1382
154550,2,0,0,-1,-1,-1
154841,1,1,0,0,4130,4130
0,0,0,0,-1,-1,-1
155352,1,0,1,101,6359,6333
153979,1,0,1,161,2569,2508
154261,1,0,1,168,3812,3744
152963,2,0,0,-1,-1,-1
155350,1,1,0,48,9032,9022
154426,1,1,0,55,4457,4430
155234,1,0,1,0,0,0
153489,2,0,0,-1,-1,-1
153424,1,1,0,35,4669,4646
154796,1,1,0,55,3348,3326
153986,2,0,0,-1,-1,-1
0,0,0,0,-1,-1,-1
153647,1,1,0,103,10852,10799
155199,1,0,1,145,1943,1893
154772,2,0,0,-1,-1,-1
151363,2,0,0,-1,-1,-1
153806,1,0,1,194,5260,5154
154276,2,0,0,-1,-1,-1
0,0,0,0,-1,-1,-1
153920,2,0,0,-1,-1,-1
155358,1,1,0,0,8162,8162
153424,2,0,0,-1,-1,-1
154406,2,0,0,-1,-1,-1
0,0,0,0,-1,-1,-1
0,0,0,0,-1,-1,-1
0,0,0,0,-1,-1,-1
154538,2,0,0,-1,-1,-1
154744,1,0,1,22,2978,2970
155076,1,0,1,80,2927,2885
155037,1,0,1,49,4069,4053
155014,1,0,1,99,12412,12381
154780,2,0,0,-1,-1,-1
0,0,0,0,-1,-1,-1
154109,1,0,1,54,7325,7291
151155,2,0,0,-1,-1,-1
155154,1,0,1,152,2640,2569
154392,1,1,0,112,2619,2576
154724,2,0,0,-1,-1,-1
0,0,0,0,-1,-1,-1
0,0,0,0,-1,-1,-1
0,0,0,0,-1,-1,-1
154910,1,0,1,2,1104,1102
155298,1,1,0,123,7924,7858
153915,1,0,1,10,5197,5192
154922,2,0,0,-1,-1,-1
0,0,0,0,-1,-1,-1
0,0,0,0,-1,-1,-1
0,0,0,0,-1,-1,-1
155189,2,0,0,-1,-1,-1
154629,2,0,0,-1,-1,-1
154042,1,1,0,56,708,670
154501,1,1,0,194,3361,3276
154255,1,1,0,113,4848,4791
0,0,0,0,-1,-1,-1
153868,1,1,0,67,5950,5902
154594,1,1,0,26,906,893
0,0,0,0,-1,-1,-1
155372,1,0,1,0,918,918
0,0,0,0,-1,-1,-1
0,0,0,0,-1,-1,-1
154187,2,0,0,-1,-1,-1
0,0,0,0,-1,-1,-1
154788,1,1,0,56,3911,3873
154115,1,1,0,0,2028,2028
153115,2,0,0,-1,-1,-1
154124,1,1,0,198,3002,2940
0,0,0,0,-1,-1,-1
153573,2,0,0,-1,-1,-1
155244,1,1,-1,69,6761,6731
0,0,0,0,-1,-1,-1
0,0,0,0,-1,-1,-1
153601,1,1,0,0,5427,5427
154553,1,1,0,0,1823,1823
154970,1,1,0,194,2888,2779
154881,1,1,0,151,1929,1846
154204,2,0,0,-1,-1,-1
0,0,0,0,-1,-1,-1
155259,1,1,1,136,4653,4559
155383,1,1,-1,130,5771,5723
154577,2,0,0,-1,-1,-1
154391,2,0,0,-1,-1,-1
154885,1,0,1,137,3764,3698
154620,1,0,1,127,7276,7218
0,0,0,0,-1,-1,-1
154812,1,0,1,103,5054,4994
155382,1,1,1,229,5284,5179
154338,2,0,0,-1,-1,-1
0,0,0,0,-1,-1,-1
154972,1,0,1,39,5046,5020
0,0,0,0,-1,-1,-1
152369,2,0,0,-1,-1,-1
0,0,0,0,-1,-1,-1
153879,1,1,0,0,3975,3975
155004,2,0,0,-1,-1,-1
153724,2,0,0,-1,-1,-1
155173,2,0,0,-1,-1,-1
154589,2,0,0,-1,-1,-1
155098,1,1,0,80,2323,2290
154802,1,1,0,51,8909,8890
154040,2,0,0,-1,-1,-1
154462,2,0,0,-1,-1,-1
0,0,0,0,-1,-1,-1
153270,2,0,0,-1,-1,-1
0,0,0,0,-1,-1,-1
0,0,0,0,-1,-1,-1
155355,2,0,0,-1,-1,-1
154958,1,0,1,188,6036,5970
0,0,0,0,-1,-1,-1
155076,1,0,1,61,2552,2523
0,0,0,0,-1,-1,-1
0,0,0,0,-1,-1,-1
153819,1,1,0,90,2774,2749
155053,1,0,1,99,10844,10784
0,0,0,0,-1,-1,-1
154334,1,1,0,25,28478,28478
153147,2,0,0,-1,-1,-1
153446,2,0,0,-1,-1,-1
0,0,0,0,-1,-1,-1
0,0,0,0,-1,-1,-1
154700,1,0,1,71,2132,2101
153716,1,0,1,152,4309,4208
0,0,0,0,-1,-1,-1
155258,1,1,-1,229,4315,4210
154719,2,0,0,-1,-1,-1
154504,2,0,0,-1,-1,-1
0,0,0,0,-1,-1,-1
155184,1,1,0,96,7526,7473
155007,1,1,0,87,5303,5263
0,0,0,0,-1,-1,-1
154117,1,0,1,82,5902,5870
155044,1,0,1,105,772,748
154618,1,1,0,84,7591,7565
154411,2,0,0,-1,-1,-1
154978,1,1,0,61,2670,2626
155141,2,0,0,-1,-1,-1
0,0,0,0,-1,-1,-1
153182,2,0,0,-1,-1,-1
155004,1,0,1,27,5981,5964
154574,2,0,0,-1,-1,-1
154474,2,0,0,-1,-1,-1
0,0,0,0,-1,-1,-1
153797,2,0,0,-1,-1,-1
154910,1,1,1,194,2977,2868
151404,2,0,0,-1,-1,-1
0,0,0,0,-1,-1,-1
154971,1,1,0,132,1354,1281
154254,1,0,1,103,6340,6294
155059,1,1,1,117,3997,3954
153983,1,0,1,0,22999,22999
154774,1,0,1,145,1495,1454
0,0,0,0,-1,-1,-1
0,0,0,0,-1,-1,-1
0,0,0,0,-1,-1,-1
154364,2,0,0,-1,-1,-1
0,0,0,0,-1,-1,-1
0,0,0,0,-1,-1,-1
153763,2,0,0,-1,-1,-1
0,0,0,0,-1,-1,-1
153595,2,0,0,-1,-1,-1
0,0,0,0,-1,-1,-1
154107,1,0,1,24,11307,11296
0,0,0,0,-1,-1,-1
153920,1,0,1,55,2441,2413
0,0,0,0,-1,-1,-1
154313,1,0,1,52,1700,1682
153976,2,0,0,-1,-1,-1
0,0,0,0,-1,-1,-1
0,0,0,0,-1,-1,-1
154948,1,0,1,75,3844,3820
155016,1,0,1,151,4181,4111
0,0,0,0,-1,-1,-1
153941,2,0,0,-1,-1,-1
0,0,0,0,-1,-1,-1
0,0,0,0,-1,-1,-1
153260,2,0,0,-1,-1,-1
152753,2,0,0,-1,-1,-1
153717,1,1,0,80,5090,5065
154112,1,1,0,139,1943,1871
0,0,0,0,-1,-1,-1
0,0,0,0,-1,-1,-1
154126,2,0,0,-1,-1,-1
0,0,0,0,-1,-1,-1
155373,1,1,0,164,3027,2938
153623,1,0,1,87,2174,2145
154614,1,0,1,89,3585,3542
154656,2,0,0,-1,-1,-1
155189,2,0,0,-1,-1,-1
0,0,0,0,-1,-1,-1
155267,1,1,0,45,5348,5318
154221,1,0,1,161,1417,1348
154883,2,0,0,-1,-1,-1
154938,2,0,0,-1,-1,-1
154561,1,1,-1,60,1916,1893
0,0,0,0,-1,-1,-1
154697,1,0,1,100,5262,5224
154573,1,1,0,50,7901,7870
154678,1,0,1,93,2235,2197
0,0,0,0,-1,-1,-1
0,0,0,0,-1,-1,-1
0,0,0,0,-1,-1,-1
154401,2,0,0,-1,-1,-1
155210,2,0,0,-1,-1,-1
154286,1,1,0,31,8202,8192
153990,1,0,1,207,3672,3568
0,0,0,0,-1,-1,-1
0,0,0,0,-1,-1,-1
0,0,0,0,-1,-1,-1
153807,1,1,0,157,3995,3937
153295,2,0,0,-1,-1,-1
154958,1,1,0,16,3162,3158
155091,1,0,1,255,2625,2489
0,0,0,0,-1,-1,-1
155067,1,0,1,61,4233,4220
0,0,0,0,-1,-1,-1
154654,1,0,1,163,1153,1097
154372,2,0,0,-1,-1,-1
155107,1,0,1,124,6424,6364
151631,2,0,0,-1,-1,-1
0,0,0,0,-1,-1,-1
155289,1,0,1,93,4372,4332
152718,1,1,0,135,4136,4047
0,0,0,0,-1,-1,-1
0,0,0,0,-1,-1,-1
154568,1,0,1,180,2480,2378
154910,1,1,0,67,7228,7192
155158,1,1,0,74,5382,5337
154446,1,0,1,55,4586,4567
0,0,0,0,-1,-1,-1
154859,1,1,-1,88,9056,9015
154092,2,0,0,-1,-1,-1
0,0,0,0,-1,-1,-1
153062,2,0,0,-1,-1,-1
155040,1,1,0,161,2611,2530
0,0,0,0,-1,-1,-1
154248,1,1,0,101,4341,4310
0,0,0,0,-1,-1,-1
0,0,0,0,-1,-1,-1
155335,1,1,-1,130,4221,4167
154679,1,0,1,89,5519,5481
155199,1,1,0,238,3384,3276
154824,1,1,0,130,8427,8352
154226,1,1,0,93,4152,4122
155244,1,0,1,40,3226,3211
0,0,0,0,-1,-1,-1
153227,1,0,1,0,6188,6188
154590,1,0,1,8,2109,2107
154935,1,1,0,0,4157,4157
0,0,0,0,-1,-1,-1
155248,1,1,-1,30,11626,11605
0,0,0,0,-1,-1,-1
155347,1,0,1,84,2525,2493
154708,2,0,0,-1,-1,-1
153376,2,0,0,-1,-1,-1
151395,2,0,0,-1,-1,-1
153336,2,0,0,-1,-1,-1
154589,2,0,0,-1,-1,-1
0,0,0,0,-1,-1,-1
154512,2,0,0,-1,-1,-1
155166,1,1,1,84,2680,2633
154221,1,1,0,95,2364,2313
153452,2,0,0,-1,-1,-1
0,0,0,0,-1,-1,-1
153232,1,1,0,63,14438,14404
0,0,0,0,-1,-1,-1
155159,2,0,0,-1,-1,-1
0,0,0,0,-1,-1,-1
154447,1,1,0,108,3226,3180
0,0,0,0,-1,-1,-1
153244,1,1,0,277,3700,3576
153283,2,0,0,-1,-1,-1
155157,1,0,1,0,26888,26888
153348,1,1,0,191,4752,4637
154747,1,1,0,0,1566,1566
153247,1,1,0,202,2884,2800
0,0,0,0,-1,-1,-1
154232,2,0,0,-1,-1,-1
154033,1,0,1,140,3374,3311
154222,2,0,0,-1,-1,-1
155014,2,0,0,-1,-1,-1
0,0,0,0,-1,-1,-1
153678,1,1,0,257,1429,1330
0,0,0,0,-1,-1,-1
152758,2,0,0,-1,-1,-1
154413,2,0,0,-1,-1,-1
153490,2,0,0,-1,-1,-1
155334,1,0,1,249,3515,3377
154809,1,0,1,139,6430,6380
153776,2,0,0,-1,-1,-1
155209,1,1,0,176,4172,4052
0,0,0,0,-1,-1,-1
154468,2,0,0,-1,-1,-1
0,0,0,0,-1,-1,-1
0,0,0,0,-1,-1,-1
155271,1,0,1,147,3890,3813
0,0,0,0,-1,-1,-1
153818,1,1,0,182,1998,1913
153449,2,0,0,-1,-1,-1
154578,1,0,1,160,2553,2493
154474,2,0,0,-1,-1,-1
155236,1,1,0,57,2353,2324
154288,1,1,0,189,16949,16881
154484,2,0,0,-1,-1,-1
0,0,0,0,-1,-1,-1
155022,2,0,0,-1,-1,-1
154443,1,1,0,155,2099,2020
0,0,0,0,-1,-1,-1
154775,2,0,0,-1,-1,-1
155091,1,1,0,198,3518,3427
155112,1,0,1,93,1853,1800
154940,1,0,1,88,3696,3638
154782,2,0,0,-1,-1,-1
154829,2,0,0,-1,-1,-1
155227,1,1,0,70,3869,3842
0,0,0,0,-1,-1,-1
0,0,0,0,-1,-1,-1
154233,1,0,1,71,5427,5394
0,0,0,0,-1,-1,-1
0,0,0,0,-1,-1,-1
155152,2,0,0,-1,-1,-1
152922,2,0,0,-1,-1,-1
0,0,0,0,-1,-1,-1
154211,2,0,0,-1,-1,-1
155194,2,0,0,-1,-1,-1
155246,1,0,1,157,2765,2698
154357,1,1,0,22,8531,8521
0,0,0,0,-1,-1,-1
0,0,0,0,-1,-1,-1
154719,1,1,0,131,2594,2519
0,0,0,0,-1,-1,-1
0,0,0,0,-1,-1,-1
0,0,0,0,-1,-1,-1
152451,2,0,0,-1,-1,-1
0,0,0,0,-1,-1,-1
0,0,0,0,-1,-1,-1
155111,2,0,0,-1,-1,-1
154420,2,0,0,-1,-1,-1
155009,1,1,-1,213,3393,3305
154906,1,1,-1,99,6095,6017
155203,2,0,0,-1,-1,-1
153021,2,0,0,-1,-1,-1
154940,1,0,1,132,1338,1271
155122,1,0,1,165,4016,3933
154327,2,0,0,-1,-1,-1
153734,2,0,0,-1,-1,-1
155038,1,0,1,40,2316,2294
154359,1,1,0,96,3803,3754
0,0,0,0,-1,-1,-1
0,0,0,0,-1,-1,-1
154052,1,0,1,35,7782,7766
154787,1,1,1,48,11608,11573
154181,1,0,1,55,3605,3577
154175,1,1,-1,92,4776,4737
0,0,0,0,-1,-1,-1
153170,2,0,0,-1,-1,-1
154551,1,0,1,0,7196,7196
155074,1,1,0,0,2478,2478
155329,1,0,1,120,1621,1552
155106,1,1,0,159,4123,4071
153067,2,0,0,-1,-1,-1
154806,2,0,0,-1,-1,-1
155277,1,0,1,81,3091,3032
154407,1,1,0,8,20449,20449
154043,2,0,0,-1,-1,-1
154433,1,1,0,89,1885,1852
154183,1,1,0,82,8104,8064
155111,2,0,0,-1,-1,-1
155243,1,1,0,45,11730,11719
154800,1,0,1,158,1898,1870
154787,1,1,0,236,1965,1891
153057,2,0,0,-1,-1,-1
155204,1,0,1,128,1575,1521
0,0,0,0,-1,-1,-1
154870,1,1,0,71,5110,5087
0,0,0,0,-1,-1,-1
0,0,0,0,-1,-1,-1
155114,1,0,1,22,4316,4309
154035,2,0,0,-1,-1,-1
152986,1,0,1,35,2835,2825
0,0,0,0,-1,-1,-1
154333,1,1,0,0,2704,2704
154291,2,0,0,-1,-1,-1
155015,2,0,0,-1,-1,-1
154885,2,0,0,-1,-1,-1
155191,1,0,1,76,16803,16770
0,0,0,0,-1,-1,-1
155347,1,0,1,138,964,890
154532,2,0,0,-1,-1,-1
155380,1,1,0,16,6658,6648
155120,1,0,1,46,5434,5416
155238,1,0,1,152,3929,3860
0,0,0,0,-1,-1,-1
154451,2,0,0,-1,-1,-1
155266,1,0,1,135,2810,2756
152734,2,0,0,-1,-1,-1
154333,2,0,0,-1,-1,-1
154592,2,0,0,-1,-1,-1
154248,1,0,1,50,4565,4551
154165,1,0,1,29,3842,3830
154452,1,1,0,87,4318,4283
0,0,0,0,-1,-1,-1
0,0,0,0,-1,-1,-1
153882,2,0,0,-1,-1,-1
154441,1,1,-1,189,6884,6814
153932,1,1,0,71,4386,4362
154099,1,0,1,136,3263,3194
154458,1,0,1,48,11832,11815
153172,1,1,0,0,1432,1432
0,0,0,0,-1,-1,-1
154333,1,0,1,57,5630,5607
155230,1,0,1,129,1674,1599
153326,1,1,0,129,1200,1162
155150,1,1,0,55,9199,9160
154726,1,0,1,0,3304,3304
155014,2,0,0,-1,-1,-1
155290,1,1,0,47,2475,2451
153384,1,1,0,68,1036,999
155213,1,0,1,123,2702,2627
155196,1,1,0,0,2021,2021
154274,1,1,0,49,8086,8065
0,0,0,0,-1,-1,-1
155153,1,0,1,22,5973,5956
152774,2,0,0,-1,-1,-1
0,0,0,0,-1,-1,-1
153708,2,0,0,-1,-1,-1
0,0,0,0,-1,-1,-1
155297,1,1,0,0,8479,8479
0,0,0,0,-1,-1,-1
154277,2,0,0,-1,-1,-1
155303,1,1,0,117,4253,4208
155059,1,0,1,82,6564,6518
155214,1,1,0,156,2175,2097
154805,1,0,1,97,7377,7317
0,0,0,0,-1,-1,-1
0,0,0,0,-1,-1,-1
153491,2,0,0,-1,-1,-1
152160,1,1,0,58,629,608
154644,2,0,0,-1,-1,-1
155308,1,1,0,21,7280,7278
155373,1,1,0,36,2504,2483
154080,2,0,0,-1,-1,-1
152844,2,0,0,-1,-1,-1
0,0,0,0,-1,-1,-1
154685,1,1,0,36,8837,8821
0,0,0,0,-1,-1,-1
153769,1,1,0,160,2024,1933
152941,2,0,0,-1,-1,-1
154631,1,1,0,61,2415,2398
154205,2,0,0,-1,-1,-1
154264,1,1,0,43,6530,6503
154902,2,0,0,-1,-1,-1
0,0,0,0,-1,-1,-1
0,0,0,0,-1,-1,-1
0,0,0,0,-1,-1,-1
155090,2,0,0,-1,-1,-1
154056,1,1,0,70,1494,1461
155066,1,1,0,84,1336,1307
154824,2,0,0,-1,-1,-1
0,0,0,0,-1,-1,-1
153442,1,0,1,81,2448,2418
154294,1,0,1,120,4103,4048
0,0,0,0,-1,-1,-1
152501,1,1,0,74,2696,2660
154948,2,0,0,-1,-1,-1
153517,2,0,0,-1,-1,-1
0,0,0,0,-1,-1,-1
153542,2,0,0,-1,-1,-1
154904,1,0,1,0,5120,5120
155225,1,1,1,113,3567,3516
154132,1,1,-1,298,3905,3739
0,0,0,0,-1,-1,-1
153779,2,0,0,-1,-1,-1
154921,1,0,1,56,1949,1922
154395,1,0,1,96,8810,8757
153839,1,1,1,113,6913,6867
0,0,0,0,-1,-1,-1
0,0,0,0,-1,-1,-1
0,0,0,0,-1,-1,-1
155376,1,0,1,0,4767,4767
154798,2,0,0,-1,-1,-1
155253,2,0,0,-1,-1,-1
154833,1,1,0,67,2671,2644
0,0,0,0,-1,-1,-1
0,0,0,0,-1,-1,-1
0,0,0,0,-1,-1,-1
0,0,0,0,-1,-1,-1
154596,1,1,0,96,5031,4982
0,0,0,0,-1,-1,-1
153496,2,0,0,-1,-1,-1
155055,1,0,1,59,6785,6764
155046,1,1,1,344,3507,3346
153934,1,1,0,128,9897,9830
152851,2,0,0,-1,-1,-1
154739,1,1,0,64,9187,9157
153531,2,0,0,-1,-1,-1
153320,2,0,0,-1,-1,-1
155359,1,1,0,264,5295,5167
155083,1,1,0,47,4696,4656
154662,1,0,1,145,2777,2719
0,0,0,0,-1,-1,-1
0,0,0,0,-1,-1,-1
153645,2,0,0,-1,-1,-1
153079,2,0,0,-1,-1,-1
0,0,0,0,-1,-1,-1
154709,2,0,0,-1,-1,-1
154273,2,0,0,-1,-1,-1
0,0,0,0,-1,-1,-1
154373,2,0,0,-1,-1,-1
0,0,0,0,-1,-1,-1
0,0,0,0,-1,-1,-1
153851,2,0,0,-1,-1,-1
0,0,0,0,-1,-1,-1
155288,1,1,0,74,14400,14375
0,0,0,0,-1,-1,-1
0,0,0,0,-1,-1,-1
154255,1,0,1,64,4660,4626
154881,2,0,0,-1,-1,-1
154994,1,0,1,41,4503,4487
0,0,0,0,-1,-1,-1
0,0,0,0,-1,-1,-1
154457,1,0,1,97,3990,3951
0,0,0,0,-1,-1,-1
151025,1,1,0,110,2851,2793
153175,2,0,0,-1,-1,-1
155328,1,0,1,227,2318,2207
0,0,0,0,-1,-1,-1
155011,1,1,0,165,4592,4512
153955,1,1,0,122,2029,1981
154879,1,1,0,150,4190,4140
154352,2,0,0,-1,-1,-1
0,0,0,0,-1,-1,-1
0,0,0,0,-1,-1,-1
153507,2,0,0,-1,-1,-1
154526,1,1,0,73,14269,14249
155160,2,0,0,-1,-1,-1
154509,2,0,0,-1,-1,-1
153063,2,0,0,-1,-1,-1
154442,2,0,0,-1,-1,-1
153857,2,0,0,-1,-1,-1
0,0,0,0,-1,-1,-1
154496,1,0,1,134,3171,3123
154604,1,0,1,40,20319,20294
153250,2,0,0,-1,-1,-1
0,0,0,0,-1,-1,-1
154274,2,0,0,-1,-1,-1
154571,2,0,0,-1,-1,-1
155189,1,0,1,36,778,760
154971,1,0,1,105,1029,986
155090,1,0,1,155,1619,1556
155044,2,0,0,-1,-1,-1
154775,2,0,0,-1,-1,-1
154612,1,1,0,116,3679,3609
154076,2,0,0,-1,-1,-1
155150,2,0,0,-1,-1,-1
152316,1,0,1,95,6304,6275
155156,1,0,1,0,8721,8721
155107,1,1,0,0,4664,4664
0,0,0,0,-1,-1,-1
154041,1,0,1,102,2065,2026
0,0,0,0,-1,-1,-1
154327,2,0,0,-1,-1,-1
154979,1,0,1,0,25120,25120
155332,1,0,1,136,9003,8930
153228,2,0,0,-1,-1,-1
154709,1,1,0,70,9567,9532
0,0,0,0,-1,-1,-1
154388,1,0,1,239,1301,1187
153775,2,0,0,-1,-1,-1
0,0,0,0,-1,-1,-1
0,0,0,0,-1,-1,-1
154348,1,1,0,62,7374,7339
154399,1,1,0,153,5326,5252
0,0,0,0,-1,-1,-1
154992,2,0,0,-1,-1,-1
155022,1,1,1,0,1379,1379
0,0,0,0,-1,-1,-1
155318,1,1,0,142,3968,3917
154067,2,0,0,-1,-1,-1
0,0,0,0,-1,-1,-1
154716,1,1,0,0,1512,1512
154008,1,0,1,88,13945,13908
154685,1,1,0,165,6525,6448
154473,2,0,0,-1,-1,-1
154716,2,0,0,-1,-1,-1
154823,1,1,0,56,2606,2580
154713,1,1,2,201,9970,9876
152871,1,1,0,139,6952,6899
0,0,0,0,-1,-1,-1
153918,2,0,0,-1,-1,-1
155258,1,0,1,0,2521,2521
0,0,0,0,-1,-1,-1
154160,1,1,0,26,5185,5170
0,0,0,0,-1,-1,-1
0,0,0,0,-1,-1,-1
0,0,0,0,-1,-1,-1
154244,2,0,0,-1,-1,-1
155136,1,1,0,19,2341,2334
155247,2,0,0,-1,-1,-1
0,0,0,0,-1,-1,-1
154116,1,1,0,101,2877,2840
0,0,0,0,-1,-1,-1
0,0,0,0,-1,-1,-1
153061,2,0,0,-1,-1,-1
0,0,0,0,-1,-1,-1
154994,1,1,0,1,4174,4172
152426,2,0,0,-1,-1,-1
154937,1,1,1,72,5651,5626
0,0,0,0,-1,-1,-1
153965,1,1,0,66,3071,3037
154206,1,0,1,65,5989,5961
154531,1,1,0,117,2859,2822
154097,1,0,1,6,2929,2929
154171,2,0,0,-1,-1,-1
0,0,0,0,-1,-1,-1
154773,1,0,1,184,5503,5412
0,0,0,0,-1,-1,-1
155119,1,1,0,15,1453,1445
0,0,0,0,-1,-1,-1
0,0,0,0,-1,-1,-1
154953,2,0,0,-1,-1,-1
0,0,0,0,-1,-1,-1
152977,1,0,1,34,4437,4409
154803,2,0,0,-1,-1,-1
154455,1,0,1,79,6053,6014
0,0,0,0,-1,-1,-1
0,0,0,0,-1,-1,-1
152702,2,0,0,-1,-1,-1
154687,2,0,0,-1,-1,-1
154601,1,1,0,59,3807,3783
155277,1,1,0,0,2835,2835
154597,1,1,0,28,7683,7667
154508,1,1,0,175,5609,5512
0,0,0,0,-1,-1,-1
154198,1,1,0,197,1888,1803
0,0,0,0,-1,-1,-1
155194,2,0,0,-1,-1,-1
154537,1,0,1,174,4543,4488
154663,2,0,0,-1,-1,-1
155330,1,1,-1,125,2449,2368
0,0,0,0,-1,-1,-1
153367,1,1,0,178,1885,1802
0,0,0,0,-1,-1,-1
0,0,0,0,-1,-1,-1
154970,1,1,0,0,1017,1017
153694,2,0,0,-1,-1,-1
154936,1,1,0,337,3149,2987
154472,2,0,0,-1,-1,-1
153970,2,0,0,-1,-1,-1
155074,2,0,0,-1,-1,-1
154986,2,0,0,-1,-1,-1
155352,1,0,1,174,2365,2276
0,0,0,0,-1,-1,-1
0,0,0,0,-1,-1,-1
153739,1,0,1,184,1721,1630
154601,2,0,0,-1,-1,-1
0,0,0,0,-1,-1,-1
0,0,0,0,-1,-1,-1
0,0,0,0,-1,-1,-1
0,0,0,0,-1,-1,-1
154742,1,0,1,80,2362,2356
154434,1,0,1,216,3832,3757
154561,2,0,0,-1,-1,-1
153294,1,0,1,24,2009,1993
154985,1,0,1,18,5220,5211
154874,2,0,0,-1,-1,-1
0,0,0,0,-1,-1,-1
155245,1,1,1,192,8550,8465
154586,2,0,0,-1,-1,-1
0,0,0,0,-1,-1,-1
154154,1,0,1,119,5141,5067
155092,2,0,0,-1,-1,-1
154361,1,1,0,0,3052,3052
154557,1,0,1,127,6871,6817
154724,1,1,0,116,12282,12224
154960,1,1,-1,126,8526,8487
155359,1,0,1,225,16263,16185
152713,1,1,0,173,3564,3488
153770,2,0,0,-1,-1,-1
153825,2,0,0,-1,-1,-1
155225,1,0,1,93,7527,7490
155358,1,1,0,47,4438,4420
155312,1,1,1,217,4287,4213
0,0,0,0,-1,-1,-1
0,0,0,0,-1,-1,-1
152286,2,0,0,-1,-1,-1
154825,1,1,0,9,5037,5032
0,0,0,0,-1,-1,-1
154903,1,1,0,55,2019,1985
155095,1,1,-1,170,8574,8503
155072,1,1,1,24,7642,7626
154375,1,1,0,100,4275,4222
153192,2,0,0,-1,-1,-1
154584,1,1,0,45,3540,3507
154347,1,0,1,48,7777,7764
0,0,0,0,-1,-1,-1
154356,1,1,0,118,4860,4778
154183,2,0,0,-1,-1,-1
0,0,0,0,-1,-1,-1
153199,1,0,1,127,4662,4608
154739,2,0,0,-1,-1,-1
154212,1,0,1,50,4337,4312
153298,2,0,0,-1,-1,-1
0,0,0,0,-1,-1,-1
154845,1,1,0,4,9700,9695
154942,1,1,0,99,9333,9293
154457,2,0,0,-1,-1,-1
154662,1,1,0,65,4745,4716
154844,1,1,0,76,3847,3814
154533,1,1,0,85,5855,5826
155348,1,1,0,14,7927,7924
155148,2,0,0,-1,-1,-1
155314,1,0,1,232,4939,4851
0,0,0,0,-1,-1,-1
154084,1,1,0,61,5366,5338
154649,2,0,0,-1,-1,-1
153783,2,0,0,-1,-1,-1
154987,1,1,0,168,2628,2533
154326,2,0,0,-1,-1,-1
154137,1,0,1,94,2222,2182
0,0,0,0,-1,-1,-1
154367,1,1,0,42,4887,4875
0,0,0,0,-1,-1,-1
0,0,0,0,-1,-1,-1
154598,1,1,0,75,1679,1643
155303,1,0,1,256,3076,2974
152179,2,0,0,-1,-1,-1
153876,2,0,0,-1,-1,-1
0,0,0,0,-1,-1,-1
154553,1,1,0,36,7600,7582
0,0,0,0,-1,-1,-1
155203,1,1,0,0,28854,28854
155378,1,1,0,0,6028,6028
155081,1,1,0,3,9077,9072
154903,2,0,0,-1,-1,-1
153852,2,0,0,-1,-1,-1
0,0,0,0,-1,-1,-1
154508,1,1,0,10,1861,1858
153452,2,0,0,-1,-1,-1
154398,2,0,0,-1,-1,-1
153413,2,0,0,-1,-1,-1
154230,2,0,0,-1,-1,-1
155228,2,0,0,-1,-1,-1
152884,2,0,0,-1,-1,-1
0,0,0,0,-1,-1,-1
0,0,0,0,-1,-1,-1
0,0,0,0,-1,-1,-1
154764,1,1,0,0,3107,3107
154479,2,0,0,-1,-1,-1
154461,2,0,0,-1,-1,-1
154773,2,0,0,-1,-1,-1
154069,2,0,0,-1,-1,-1
0,0,0,0,-1,-1,-1
155264,1,0,1,0,4408,4408
155340,1,1,0,95,5820,5766
0,0,0,0,-1,-1,-1
153894,2,0,0,-1,-1,-1
153300,2,0,0,-1,-1,-1
0,0,0,0,-1,-1,-1
0,0,0,0,-1,-1,-1
0,0,0,0,-1,-1,-1
154523,2,0,0,-1,-1,-1
0,0,0,0,-1,-1,-1
154334,1,1,0,0,1725,1725
0,0,0,0,-1,-1,-1
0,0,0,0,-1,-1,-1
155196,1,0,1,64,3119,3104
155111,1,0,1,8,24568,24568
0,0,0,0,-1,-1,-1
154127,2,0,0,-1,-1,-1
153808,1,1,0,109,5949,5883
154403,1,1,0,47,2460,2438
0,0,0,0,-1,-1,-1
154267,2,0,0,-1,-1,-1
154465,1,1,1,190,7486,7397
152704,2,0,0,-1,-1,-1
153096,1,1,0,123,2060,1995
154797,1,0,1,121,2522,2464
0,0,0,0,-1,-1,-1
0,0,0,0,-1,-1,-1
0,0,0,0,-1,-1,-1
153721,2,0,0,-1,-1,-1
0,0,0,0,-1,-1,-1
154142,2,0,0,-1,-1,-1
155021,2,0,0,-1,-1,-1
0,0,0,0,-1,-1,-1
154899,1,1,0,193,7804,7703
154179,1,0,1,0,1323,1323
154511,2,0,0,-1,-1,-1
0,0,0,0,-1,-1,-1
155378,1,0,1,4,1110,1108
0,0,0,0,-1,-1,-1
154510,2,0,0,-1,-1,-1
154357,1,0,1,151,3033,2975
154193,1,1,0,140,7567,7522
0,0,0,0,-1,-1,-1
154180,1,0,1,112,2057,2010
0,0,0,0,-1,-1,-1
154185,2,0,0,-1,-1,-1
154819,1,1,1,192,2775,2690
0,0,0,0,-1,-1,-1
153287,1,0,1,136,2493,2426
154076,2,0,0,-1,-1,-1
154781,1,0,1,38,18624,18596
0,0,0,0,-1,-1,-1
153955,1,1,0,108,3042,2991
0,0,0,0,-1,-1,-1
153868,1,1,0,158,2535,2445
155325,1,0,1,0,2952,2952
155040,1,1,1,109,3211,3160
154852,2,0,0,-1,-1,-1
153886,2,0,0,-1,-1,-1
0,0,0,0,-1,-1,-1
153466,2,0,0,-1,-1,-1
154886,1,0,1,14,4771,4760
153024,2,0,0,-1,-1,-1
154267,1,0,1,124,6918,6870
154772,2,0,0,-1,-1,-1
153789,1,1,0,168,3385,3322
154671,2,0,0,-1,-1,-1
154609,2,0,0,-1,-1,-1
153189,2,0,0,-1,-1,-1
154779,1,0,1,94,7793,7753
154109,1,1,0,83,4667,4639
0,0,0,0,-1,-1,-1
155021,1,1,0,94,4477,4451
154325,1,1,0,121,3891,3840
155074,1,1,-1,114,5467,5416
0,0,0,0,-1,-1,-1
154614,1,1,0,45,4422,4410
0,0,0,0,-1,-1,-1
154730,1,0,1,2,1536,1534
153516,1,1,0,55,1413,1397
0,0,0,0,-1,-1,-1
154762,1,0,1,81,4728,4690
155205,1,1,-1,239,3459,3381
154245,2,0,0,-1,-1,-1
154662,1,1,0,33,9859,9845
0,0,0,0,-1,-1,-1
0,0,0,0,-1,-1,-1
154154,1,1,0,0,8704,8704
154928,1,0,1,116,4687,4641
0,0,0,0,-1,-1,-1
0,0,0,0,-1,-1,-1
0,0,0,0,-1,-1,-1
154126,2,0,0,-1,-1,-1
154224,2,0,0,-1,-1,-1
154528,1,0,1,198,2508,2422
153155,1,0,1,89,1751,1679
0,0,0,0,-1,-1,-1
151546,2,0,0,-1,-1,-1
154904,1,0,1,122,1375,1314
0,0,0,0,-1,-1,-1
0,0,0,0,-1,-1,-1
153630,1,1,0,73,4807,4755
154091,2,0,0,-1,-1,-1
0,0,0,0,-1,-1,-1
0,0,0,0,-1,-1,-1
154098,2,0,0,-1,-1,-1
153898,2,0,0,-1,-1,-1
153914,2,0,0,-1,-1,-1
154869,2,0,0,-1,-1,-1
154975,2,0,0,-1,-1,-1
154290,2,0,0,-1,-1,-1
154181,2,0,0,-1,-1,-1
154120,2,0,0,-1,-1,-1
0,0,0,0,-1,-1,-1
0,0,0,0,-1,-1,-1
154735,1,1,-1,87,3976,3922
154958,1,1,0,178,5711,5621
154924,2,0,0,-1,-1,-1
154159,1,0,1,71,2883,2852
154564,1,0,1,109,1711,1639
153761,2,0,0,-1,-1,-1
0,0,0,0,-1,-1,-1
154675,2,0,0,-1,-1,-1
154392,1,1,0,175,2423,2309
0,0,0,0,-1,-1,-1
153496,1,0,1,138,1851,1759
154013,1,0,1,93,2866,2827
154758,1,0,1,73,3126,3073
154679,1,1,0,191,2253,2175
155218,2,0,0,-1,-1,-1
0,0,0,0,-1,-1,-1
153874,2,0,0,-1,-1,-1
0,0,0,0,-1,-1,-1
154743,1,1,0,0,10043,10043
155090,1,0,1,87,3840,3806
154712,2,0,0,-1,-1,-1
0,0,0,0,-1,-1,-1
0,0,0,0,-1,-1,-1
0,0,0,0,-1,-1,-1
154243,1,1,0,86,2152,2102
0,0,0,0,-1,-1,-1
153658,1,1,1,184,3683,3586
152621,1,1,0,28,6364,6346
155274,1,1,0,164,2425,2332
155030,2,0,0,-1,-1,-1
155354,1,1,0,81,6431,6375
0,0,0,0,-1,-1,-1
155155,1,1,0,74,4079,4051
155235,1,1,1,352,5559,5438
154868,1,1,0,120,4238,4180
0,0,0,0,-1,-1,-1
154518,2,0,0,-1,-1,-1
154678,1,1,0,101,2011,1977
154316,2,0,0,-1,-1,-1
0,0,0,0,-1,-1,-1
153936,2,0,0,-1,-1,-1
0,0,0,0,-1,-1,-1
154746,1,0,1,143,1234,1176
0,0,0,0,-1,-1,-1
155044,2,0,0,-1,-1,-1
0,0,0,0,-1,-1,-1
154169,1,1,0,67,2163,2130
0,0,0,0,-1,-1,-1
153424,2,0,0,-1,-1,-1
154598,1,1,0,0,8827,8827
0,0,0,0,-1,-1,-1
153581,2,0,0,-1,-1,-1
0,0,0,0,-1,-1,-1
155049,1,1,1,35,8594,8587
154383,2,0,0,-1,-1,-1
154172,1,0,1,77,21305,21273
0,0,0,0,-1,-1,-1
154601,1,1,0,19,5658,5650
154598,2,0,0,-1,-1,-1
154468,2,0,0,-1,-1,-1
154160,2,0,0,-1,-1,-1
155365,1,0,1,137,9608,9545
154082,2,0,0,-1,-1,-1
154826,1,0,1,89,3952,3927
153944,2,0,0,-1,-1,-1
152928,1,0,1,60,3904,3880
0,0,0,0,-1,-1,-1
0,0,0,0,-1,-1,-1
154211,2,0,0,-1,-1,-1
155071,1,1,1,157,5810,5708
155031,1,0,1,73,5094,5054
153705,1,0,1,110,3417,3378
154359,1,0,1,0,2970,2970
154504,2,0,0,-1,-1,-1
0,0,0,0,-1,-1,-1
155132,2,0,0,-1,-1,-1
0,0,0,0,-1,-1,-1
154078,1,0,1,0,1377,1377
154511,1,1,0,0,12700,12700
0,0,0,0,-1,-1,-1
155217,1,1,-1,187,3350,3247
154240,1,0,1,61,8353,8329
0,0,0,0,-1,-1,-1
154967,1,0,1,66,1720,1689
153863,1,0,1,142,3418,3372
154606,1,1,0,146,6191,6154
155181,1,1,1,230,5969,5833
153903,2,0,0,-1,-1,-1
154580,1,1,0,166,4460,4389
0,0,0,0,-1,-1,-1
154854,1,0,1,85,3108,3071
0,0,0,0,-1,-1,-1
154872,2,0,0,-1,-1,-1
153779,2,0,0,-1,-1,-1
155200,1,0,1,76,2999,2972
0,0,0,0,-1,-1,-1
154361,2,0,0,-1,-1,-1
0,0,0,0,-1,-1,-1
154070,2,0,0,-1,-1,-1
0,0,0,0,-1,-1,-1
155129,2,0,0,-1,-1,-1
154266,1,1,0,27,14465,14454
0,0,0,0,-1,-1,-1
155208,2,0,0,-1,-1,-1
153985,2,0,0,-1,-1,-1
154815,2,0,0,-1,-1,-1
0,0,0,0,-1,-1,-1
155281,2,0,0,-1,-1,-1
154495,1,0,1,156,1720,1654
152974,1,1,0,2,8364,8362
0,0,0,0,-1,-1,-1
154120,2,0,0,-1,-1,-1
154968,1,1,-1,218,5109,5034
154295,1,1,0,128,16960,16917
154689,1,1,0,34,9383,9369
154671,1,1,0,117,2248,2199
0,0,0,0,-1,-1,-1
0,0,0,0,-1,-1,-1
154054,2,0,0,-1,-1,-1
154264,2,0,0,-1,-1,-1
155055,1,0,1,63,6405,6365
152054,2,0,0,-1,-1,-1
0,0,0,0,-1,-1,-1
155357,1,1,0,56,16299,16279
154493,2,0,0,-1,-1,-1
0,0,0,0,-1,-1,-1
154933,1,0,1,71,1788,1755
154812,1,0,1,0,14848,14848
155036,1,0,1,114,6470,6427
0,0,0,0,-1,-1,-1
153502,2,0,0,-1,-1,-1
154805,2,0,0,-1,-1,-1
0,0,0,0,-1,-1,-1
154356,2,0,0,-1,-1,-1
154777,1,1,0,71,2957,2930
0,0,0,0,-1,-1,-1
154871,1,0,1,55,4441,4409
154213,1,1,0,124,2374,2323
153489,2,0,0,-1,-1,-1
154999,1,0,1,103,4375,4334
154651,2,0,0,-1,-1,-1
0,0,0,0,-1,-1,-1
0,0,0,0,-1,-1,-1
0,0,0,0,-1,-1,-1
152233,1,1,0,36,4114,4104
153719,2,0,0,-1,-1,-1
154342,1,0,1,0,4070,4070
155215,1,1,0,125,7267,7183
0,0,0,0,-1,-1,-1
154324,1,1,0,230,2851,2746
152794,2,0,0,-1,-1,-1
154969,1,1,0,72,3221,3188
0,0,0,0,-1,-1,-1
154407,2,0,0,-1,-1,-1
154544,2,0,0,-1,-1,-1
153010,1,0,1,38,11491,11478
155197,1,1,0,94,3191,3153
0,0,0,0,-1,-1,-1
0,0,0,0,-1,-1,-1
154404,1,0,1,94,2906,2863
154560,1,0,1,192,3049,2962
0,0,0,0,-1,-1,-1
0,0,0,0,-1,-1,-1
153629,2,0,0,-1,-1,-1
153826,2,0,0,-1,-1,-1
154566,2,0,0,-1,-1,-1
0,0,0,0,-1,-1,-1
154715,2,0,0,-1,-1,-1
0,0,0,0,-1,-1,-1
152584,2,0,0,-1,-1,-1
154190,2,0,0,-1,-1,-1
0,0,0,0,-1,-1,-1
154471,1,0,1,153,6580,6517
154600,2,0,0,-1,-1,-1
0,0,0,0,-1,-1,-1
0,0,0,0,-1,-1,-1
0,0,0,0,-1,-1,-1
152890,1,1,0,159,4156,4065
0,0,0,0,-1,-1,-1
154434,2,0,0,-1,-1,-1
155349,1,1,1,15,4787,4780
154738,1,0,1,60,3134,3103
155248,1,1,0,136,1699,1648
154808,1,0,1,175,2351,2265
0,0,0,0,-1,-1,-1
153954,1,1,-1,134,9240,9191
154047,1,1,-1,126,1760,1691
154742,2,0,0,-1,-1,-1
154847,1,0,1,52,3466,3451
0,0,0,0,-1,-1,-1
154571,2,0,0,-1,-1,-1
0,0,0,0,-1,-1,-1
154462,2,0,0,-1,-1,-1
153867,1,0,1,58,4938,4910
0,0,0,0,-1,-1,-1
155384,1,0,1,72,2204,2179
153857,1,0,1,34,4314,4308
153504,1,0,1,42,1693,1668
155048,1,1,0,54,15404,15380
0,0,0,0,-1,-1,-1
154545,1,0,1,59,6594,6572
0,0,0,0,-1,-1,-1
155070,1,1,1,59,6038,6004
153909,1,0,1,0,0,0
155090,1,1,0,52,4081,4061
0,0,0,0,-1,-1,-1
0,0,0,0,-1,-1,-1
154789,2,0,0,-1,-1,-1
153231,2,0,0,-1,-1,-1
0,0,0,0,-1,-1,-1
0,0,0,0,-1,-1,-1
154338,1,1,0,152,5003,4960
154836,1,1,0,81,2453,2398
154739,1,1,0,102,4067,4038
154688,1,0,1,60,7878,7862
153735,2,0,0,-1,-1,-1
155378,1,0,1,0,640,640
0,0,0,0,-1,-1,-1
0,0,0,0,-1,-1,-1
154137,1,1,0,80,2211,2156
154394,1,0,1,113,1341,1264
154701,1,0,1,269,4733,4600
153918,1,1,0,0,14742,14742
154085,1,0,1,40,3764,3751
154555,1,0,1,35,3395,3378
154628,1,1,0,129,7058,7017
0,0,0,0,-1,-1,-1
154856,2,0,0,-1,-1,-1
153284,2,0,0,-1,-1,-1
0,0,0,0,-1,-1,-1
154579,1,1,0,81,3596,3568
0,0,0,0,-1,-1,-1
153704,1,0,1,103,1691,1628
153766,2,0,0,-1,-1,-1
154205,2,0,0,-1,-1,-1
155260,2,0,0,-1,-1,-1
154331,1,0,1,162,1812,1734
155114,1,1,0,0,2600,2600
0,0,0,0,-1,-1,-1
153622,2,0,0,-1,-1,-1
153945,1,1,0,358,2873,2719
0,0,0,0,-1,-1,-1
154539,1,1,0,31,3906,3898
0,0,0,0,-1,-1,-1
155118,1,1,0,197,2472,2408
154355,2,0,0,-1,-1,-1
153501,2,0,0,-1,-1,-1
153083,1,1,0,236,1913,1802
154648,2,0,0,-1,-1,-1
154684,2,0,0,-1,-1,-1
0,0,0,0,-1,-1,-1
0,0,0,0,-1,-1,-1
154320,1,1,0,116,2561,2512
154269,2,0,0,-1,-1,-1
0,0,0,0,-1,-1,-1
151981,2,0,0,-1,-1,-1
154448,2,0,0,-1,-1,-1
0,0,0,0,-1,-1,-1
0,0,0,0,-1,-1,-1
154691,2,0,0,-1,-1,-1
154681,1,1,0,181,2308,2218
154359,1,1,0,187,4742,4660
154925,1,0,1,231,3335,3251
0,0,0,0,-1,-1,-1
154520,2,0,0,-1,-1,-1
0,0,0,0,-1,-1,-1
154604,1,0,1,157,3732,3653
0,0,0,0,-1,-1,-1
0,0,0,0,-1,-1,-1
155155,2,0,0,-1,-1,-1
0,0,0,0,-1,-1,-1
0,0,0,0,-1,-1,-1
152124,2,0,0,-1,-1,-1
153690,2,0,0,-1,-1,-1
154147,2,0,0,-1,-1,-1
154918,1,1,0,38,8449,8439
155016,1,1,0,95,6461,6419
0,0,0,0,-1,-1,-1
154791,2,0,0,-1,-1,-1
154625,1,1,0,84,5748,5703
153773,1,1,0,139,1731,1655
155351,2,0,0,-1,-1,-1
151079,2,0,0,-1,-1,-1
0,0,0,0,-1,-1,-1
155331,1,1,1,167,2331,2263
154435,1,0,1,144,2811,2770
153414,2,0,0,-1,-1,-1
153397,2,0,0,-1,-1,-1
0,0,0,0,-1,-1,-1
153805,2,0,0,-1,-1,-1
154932,1,1,0,289,8033,7894
0,0,0,0,-1,-1,-1
0,0,0,0,-1,-1,-1
0,0,0,0,-1,-1,-1
153713,2,0,0,-1,-1,-1
0,0,0,0,-1,-1,-1
153507,2,0,0,-1,-1,-1
154682,1,1,0,0,1769,1769
154416,2,0,0,-1,-1,-1
153014,2,0,0,-1,-1,-1
155265,1,1,0,0,11005,11005
0,0,0,0,-1,-1,-1
154177,1,0,1,0,2660,2660
155320,1,1,0,147,2135,2076
154745,2,0,0,-1,-1,-1
155231,1,1,0,26,8393,8364
153922,2,0,0,-1,-1,-1
154156,2,0,0,-1,-1,-1
0,0,0,0,-1,-1,-1
155315,1,0,1,40,8349,8331
155074,1,1,0,76,7516,7468
154910,1,1,0,129,4593,4540
154564,1,1,0,71,9349,9302
153907,1,0,1,104,2945,2870
0,0,0,0,-1,-1,-1
154940,1,1,0,0,4828,4828
0,0,0,0,-1,-1,-1
152952,2,0,0,-1,-1,-1
153756,2,0,0,-1,-1,-1
154379,2,0,0,-1,-1,-1
153865,1,0,1,70,7105,7077
0,0,0,0,-1,-1,-1
0,0,0,0,-1,-1,-1
0,0,0,0,-1,-1,-1
154155,1,1,0,23,3282,3269
153385,2,0,0,-1,-1,-1
0,0,0,0,-1,-1,-1
0,0,0,0,-1,-1,-1
0,0,0,0,-1,-1,-1
154341,1,0,1,88,2458,2422
0,0,0,0,-1,-1,-1
154906,1,0,1,139,3974,3889
153092,1,1,0,71,4465,4438
155205,2,0,0,-1,-1,-1
0,0,0,0,-1,-1,-1
154496,1,1,0,16,7803,7800
155240,1,1,-1,78,4187,4142
153761,2,0,0,-1,-1,-1
154443,2,0,0,-1,-1,-1
153758,1,1,0,17,5731,5727
155134,1,0,1,162,3053,2978
0,0,0,0,-1,-1,-1
155197,1,0,1,92,4324,4274
154004,2,0,0,-1,-1,-1
0,0,0,0,-1,-1,-1
0,0,0,0,-1,-1,-1
0,0,0,0,-1,-1,-1
153909,1,0,1,13,23227,23225
0,0,0,0,-1,-1,-1
153469,1,0,1,138,3101,3026
153748,1,1,0,104,2392,2319
154878,1,1,0,0,3190,3190
0,0,0,0,-1,-1,-1
0,0,0,0,-1,-1,-1
155299,1,1,0,45,9132,9109
0,0,0,0,-1,-1,-1
153840,1,1,0,124,2455,2412
154168,1,1,0,69,2016,1977
0,0,0,0,-1,-1,-1
154914,1,0,1,155,5830,5777
155380,1,1,0,168,2909,2845
0,0,0,0,-1,-1,-1
154500,1,0,1,75,6121,6080
0,0,0,0,-1,-1,-1
152988,2,0,0,-1,-1,-1
0,0,0,0,-1,-1,-1
154125,2,0,0,-1,-1,-1
154959,2,0,0,-1,-1,-1
0,0,0,0,-1,-1,-1
154153,1,0,1,18,429,418
153456,2,0,0,-1,-1,-1
153433,2,0,0,-1,-1,-1
154823,1,0,1,242,3670,3541
154913,1,0,1,89,591,569
154949,1,1,0,0,3690,3690
155262,1,1,-1,149,11642,11564
154488,2,0,0,-1,-1,-1
153642,2,0,0,-1,-1,-1
155330,1,1,0,87,9343,9311
154838,1,1,0,32,4138,4131
153567,2,0,0,-1,-1,-1
0,0,0,0,-1,-1,-1
154282,1,0,1,176,1595,1513
155233,1,0,1,74,4017,3985
154880,1,1,0,0,13411,13411
154040,2,0,0,-1,-1,-1
0,0,0,0,-1,-1,-1
155090,1,1,1,301,5127,4987
154323,2,0,0,-1,-1,-1
155139,1,0,1,0,5354,5354
0,0,0,0,-1,-1,-1
154114,1,0,1,133,1734,1680
154147,2,0,0,-1,-1,-1
0,0,0,0,-1,-1,-1
154944,1,1,0,160,3537,3469
154209,1,1,0,65,7499,7464
0,0,0,0,-1,-1,-1
154763,1,0,1,153,2365,2299
154702,2,0,0,-1,-1,-1
154293,2,0,0,-1,-1,-1
0,0,0,0,-1,-1,-1
155127,2,0,0,-1,-1,-1
154788,1,0,1,92,5872,5832
155095,1,1,0,269,6462,6347
155368,1,0,1,165,3087,3024
154902,1,0,1,154,2307,2227
0,0,0,0,-1,-1,-1
154599,2,0,0,-1,-1,-1
0,0,0,0,-1,-1,-1
153344,2,0,0,-1,-1,-1
0,0,0,0,-1,-1,-1
155264,2,0,0,-1,-1,-1
152008,1,1,0,85,3250,3194
0,0,0,0,-1,-1,-1
0,0,0,0,-1,-1,-1
153919,2,0,0,-1,-1,-1
154525,1,1,0,0,27062,27062
154384,2,0,0,-1,-1,-1
0,0,0,0,-1,-1,-1
0,0,0,0,-1,-1,-1
154852,1,1,1,138,11199,11130
153457,2,0,0,-1,-1,-1
151993,1,1,0,170,2727,2645
0,0,0,0,-1,-1,-1
152906,2,0,0,-1,-1,-1
0,0,0,0,-1,-1,-1
153402,2,0,0,-1,-1,-1
154055,2,0,0,-1,-1,-1
0,0,0,0,-1,-1,-1
154975,1,0,1,31,4736,4720
152230,1,1,0,68,5664,5630
154898,2,0,0,-1,-1,-1
154791,1,1,-1,84,7407,7363
154574,2,0,0,-1,-1,-1
0,0,0,0,-1,-1,-1
155257,1,1,0,128,2097,2012
0,0,0,0,-1,-1,-1
153030,2,0,0,-1,-1,-1
154347,2,0,0,-1,-1,-1
153526,2,0,0,-1,-1,-1
155293,1,1,0,131,2631,2573
154966,2,0,0,-1,-1,-1
0,0,0,0,-1,-1,-1
0,0,0,0,-1,-1,-1
0,0,0,0,-1,-1,-1
0,0,0,0,-1,-1,-1
154617,2,0,0,-1,-1,-1
0,0,0,0,-1,-1,-1
154977,2,0,0,-1,-1,-1
155043,2,0,0,-1,-1,-1
155174,2,0,0,-1,-1,-1
154685,1,1,0,80,2917,2886
153607,1,0,1,76,3429,3379
154259,1,0,1,278,1974,1876
152467,1,1,0,80,3274,3229
0,0,0,0,-1,-1,-1
154661,1,1,0,18,5600,5582
155015,1,1,0,0,858,858
0,0,0,0,-1,-1,-1
0,0,0,0,-1,-1,-1
0,0,0,0,-1,-1,-1
154397,2,0,0,-1,-1,-1
154785,1,1,1,203,11156,11065
153795,1,0,1,82,3761,3714
154230,2,0,0,-1,-1,-1
154049,1,1,0,42,1228,1218
154235,1,1,-1,273,6859,6740
154362,1,1,0,73,3015,2969
154193,1,1,0,11,4408,4392
0,0,0,0,-1,-1,-1
154169,2,0,0,-1,-1,-1
154281,1,0,1,117,2242,2199
0,0,0,0,-1,-1,-1
155061,2,0,0,-1,-1,-1
0,0,0,0,-1,-1,-1
155308,1,0,1,55,3581,3558
154435,2,0,0,-1,-1,-1
0,0,0,0,-1,-1,-1
0,0,0,0,-1,-1,-1
0,0,0,0,-1,-1,-1
154942,1,0,1,129,6658,6590
0,0,0,0,-1,-1,-1
154910,1,0,1,255,5513,5391
155108,2,0,0,-1,-1,-1
0,0,0,0,-1,-1,-1
155011,1,1,-1,133,5662,5604
155372,1,1,0,53,3300,3271
153168,2,0,0,-1,-1,-1
153318,2,0,0,-1,-1,-1
154917,2,0,0,-1,-1,-1
155258,1,1,1,196,2754,2662
155075,1,0,1,118,5862,5811
155267,2,0,0,-1,-1,-1
0,0,0,0,-1,-1,-1
155071,1,0,1,58,3146,3097
153980,1,1,0,0,3250,3250
154617,2,0,0,-1,-1,-1
0,0,0,0,-1,-1,-1
0,0,0,0,-1,-1,-1
155216,1,0,1,78,2869,2832
0,0,0,0,-1,-1,-1
0,0,0,0,-1,-1,-1
155374,1,0,1,95,10962,10908
154095,2,0,0,-1,-1,-1
0,0,0,0,-1,-1,-1
154387,1,1,0,0,964,964
154146,2,0,0,-1,-1,-1
154593,2,0,0,-1,-1,-1
154964,1,0,1,19,15975,15962
0,0,0,0,-1,-1,-1
154903,1,0,1,139,4501,4431
153875,1,0,1,126,26869,26808
154742,2,0,0,-1,-1,-1
